time,open,high,low,close,volume
1631606400,15737.95,15753.45,15661.25,15726.25,7019
1631620800,15727.25,15762.25,15669.25,15740.25,5039
1631635200,15741.25,15765.25,15690.75,15706.75,6567
1631649600,15707.75,15720.75,15679.95,15690.95,3979
1631664000,15694.75,15751.25,15681.49,15722.85,889
1631678400,15723.85,15751.85,15692.75,15741.85,1401
1631692800,15742.85,15748.25,15686.05,15720.05,5459
1631707200,15719.05,15732.05,15664.75,15718.55,4878
1631721600,15717.55,15726.35,15614.55,15669.55,8267
1631736000,15670.55,15703.15,15670.55,15701.75,2883
1631750400,15696.45,15699.45,15682.65,15690.45,592
1631764800,15689.45,15707.45,15639.95,15654.45,1667
1631779200,15655.45,15731.75,15640.45,15705.75,4882
1631793600,15706.75,15740.75,15666.75,15734.75,4435
1631808000,15735.75,15747.85,15639.35,15686.45,8172
1631822400,15687.45,15727.25,15677.45,15691.95,2292
1631836800,15694.75,15709.65,15676.18,15691.35,800
1631851200,15691.75,15726.25,15670.35,15721.75,1474
1631865600,15720.75,15793.55,15708.55,15733.55,6792
1631880000,15734.55,15737.35,15550.65,15653.65,9329
1631894400,15654.65,15664.65,15429.85,15511.15,10821
1631908800,15512.15,15529.25,15471.19,15483.45,5003
1632096000,15480.85,15513.45,15462.5,15495.6,3558
1632110400,15495.1,15495.6,15323.6,15370.6,2967
1632124800,15371.1,15387.45,15132.25,15164.45,14970
1632139200,15165.45,15175.25,15017.25,15064.45,9669
1632153600,15065.45,15154.25,15043.05,15061.45,13437
1632168000,15060.45,15122.45,15023.25,15098.45,7452
1632182400,15107.7,15205.15,15094.96,15149.65,1808
1632196800,15148.65,15210.15,15126.15,15207.65,2045
1632211200,15208.65,15367.15,15155.65,15313.75,9664
1632225600,15312.75,15377.65,15299.45,15345.25,6323
1632240000,15346.25,15392.65,15279.25,15346.45,11020
1632254400,15345.45,15356.45,15262.58,15289.65,6499
1632268800,15290.65,15297.89,15221.65,15261.65,2018
1632283200,15261.25,15388.15,15250.15,15359.65,3581
1632297600,15358.65,15466.25,15357.65,15437.45,7819
1632312000,15438.45,15467.95,15418.75,15467.95,4720
1632326400,15466.95,15533.75,15449.15,15512.95,6841
1632340800,15511.95,15549.95,15479.65,15501.15,7162
1632355200,15514.15,15561.65,15507.15,15556.15,1034
1632369600,15556.65,15589.15,15549.15,15557.15,1691
1632384000,15555.65,15676.15,15553.15,15659.15,6974
1632398400,15660.15,15695.35,15600.35,15614.15,7335
1632412800,15612.15,15677.35,15592.35,15650.15,5809
1632427200,15651.15,15674.36,15643.15,15652.72,2624
1632441600,15663.65,15758.15,15656.65,15658.15,1241
1632456000,15659.15,15672.15,15622.15,15646.65,1502
1632470400,15645.65,15652.95,15493.65,15566.45,7894
1632484800,15567.45,15567.45,15502.25,15524.65,6394
1632499200,15525.65,15564.45,15514.65,15536.65,6949
1632513600,15537.65,15566.65,15529.65,15545.85,2559
1632700800,15566.55,15602.55,15558.6,15600.55,1496
1632715200,15601.05,15635.05,15586.55,15599.55,1275
1632729600,15600.05,15719.35,15595.55,15665.35,6353
1632744000,15664.35,15682.35,15555.85,15561.85,6916
1632758400,15560.85,15611.85,15548.85,15580.85,6790
1632772800,15579.85,15607.85,15576.85,15590.05,2574
1632787200,15590.75,15597.91,15554.25,15566.75,1191
1632801600,15567.75,15610.75,15539.75,15600.75,1723
1632816000,15601.75,15626.55,15409.35,15470.75,8502
1632830400,15469.75,15469.75,15357.35,15371.55,7703
1632844800,15369.55,15415.35,15228.55,15236.55,13072
1632859200,15235.55,15317.55,15226.55,15277.75,6980
1632873600,15274.35,15316.38,15262.35,15300.85,2017
1632888000,15298.85,15316.35,15237.35,15313.35,3097
1632902400,15314.35,15417.35,15271.35,15397.95,9728
1632916800,15398.15,15423.55,15361.55,15373.55,6180
1632931200,15374.55,15386.35,15298.55,15350.55,9593
1632945600,15349.55,15381.55,15323.75,15361.15,5067
1632960000,15364.05,15389.05,15351.93,15376.05,1461
1632974400,15374.05,15431.05,15356.55,15428.05,1768
1632988800,15427.55,15472.85,15355.65,15390.35,7971
1633003200,15391.35,15403.05,15298.25,15306.75,6903
1633017600,15307.75,15337.25,15202.25,15228.25,12649
1633032000,15229.25,15298.25,15216.6,15222.84,7211
1633046400,15245.65,15266.55,15213.65,15213.65,2033
1633060800,15214.65,15220.65,15075.65,15098.65,3431
1633075200,15100.65,15175.45,14981.55,15133.25,11746
1633089600,15134.25,15263.05,15116.45,15207.25,9061
1633104000,15209.25,15248.05,15108.05,15167.45,13168
1633118400,15168.25,15271.45,15159.95,15239.65,4577
1633305600,15230.05,15292.28,15184.05,15203.05,2552
1633320000,15202.05,15219.05,15124.05,15174.05,2915
1633334400,15173.05,15203.05,15033.35,15115.55,10193
1633348800,15114.55,15168.05,15102.35,15155.35,6642
1633363200,15156.35,15176.05,15012.85,15043.85,13326
1633377600,15042.85,15091.17,15027.05,15081.05,7173
1633392000,15074.75,15098.79,15017.75,15017.75,2089
1633406400,15017.25,15119.25,14990.75,15093.25,3463
1633420800,15091.25,15108.75,15008.85,15082.55,8454
1633435200,15083.55,15118.75,15071.55,15106.55,6119
1633449600,15105.55,15205.55,15067.75,15186.55,8279
1633464000,15185.55,15199.55,15157.78,15158.78,3738
1633478400,15182.55,15195.05,15136.79,15181.05,1553
1633492800,15180.05,15187.05,15050.55,15081.55,3991
1633507200,15082.55,15116.55,14863.05,14886.85,10044
1633521600,14888.85,14970.15,14812.65,14944.35,9349
1633536000,14943.35,15016.15,14918.35,14959.35,12220
1633550400,14960.35,15068.1,14942.55,15058.73,6082
1633564800,15067.45,15131.35,15062.45,15120.45,2109
1633579200,15121.45,15169.45,15109.45,15118.45,2323
1633593600,15117.45,15187.25,15110.35,15138.25,7568
1633608000,15139.25,15195.05,15127.25,15172.05,5792
1633622400,15171.05,15253.25,15143.25,15249.25,6689
1633636800,15248.25,15259.25,15213.45,15213.69,3774
1633651200,15229.35,15259.51,15206.85,15249.85,1777
1633665600,15248.85,15269.35,15225.35,15227.35,1997
1633680000,15226.35,15264.95,15187.45,15210.15,5929
1633694400,15211.15,15266.15,15182.15,15240.25,5642
1633708800,15239.25,15268.55,15191.25,15202.25,8119
1633723200,15203.25,15213.45,15175.43,15190.45,3146
1633910400,15205.65,15206.65,15087.16,15181.65,3053
1633924800,15182.65,15236.65,15182.65,15220.65,1826
1633939200,15221.65,15238.75,15105.65,15179.15,8550
1633953600,15178.15,15202.95,15091.95,15146.75,6072
1633968000,15147.75,15204.45,15136.75,15171.45,5898
1633982400,15170.45,15173.75,15113.65,15122.65,4506
1633996800,15126.35,15132.35,15062.45,15075.35,2125
1634011200,15076.35,15101.45,15046.85,15083.35,2437
1634025600,15082.35,15123.65,15007.45,15117.65,8226
1634040000,15120.65,15174.65,15114.65,15143.65,5655
1634054400,15142.65,15177.65,15119.65,15154.65,9105
1634068800,15153.65,15179.85,15108.68,15122.68,4327
1634083200,15129.82,15176.35,15120.35,15168.35,1551
1634097600,15169.35,15174.85,15128.35,15174.35,1659
1634112000,15175.85,15276.35,15109.15,15255.35,6482
1634126400,15254.35,15274.35,15227.55,15233.15,5077
1634140800,15234.15,15302.35,15216.15,15258.15,7954
1634155200,15259.15,15292.15,15256.07,15269.35,3996
1634169600,15274.25,15318.75,15272.25,15307.75,1199
1634184000,15308.75,15318.75,15296.75,15308.75,1024
1634198400,15307.75,15368.45,15296.75,15352.45,5622
1634212800,15353.45,15436.45,15353.45,15428.45,3486
1634227200,15429.45,15478.85,15415.05,15478.85,4764
1634241600,15479.85,15523.68,15461.25,15513.45,2242
1634256000,15507.25,15521.9,15485.25,15505.25,1336
1634270400,15504.75,15530.25,15473.25,15520.25,2207
1634284800,15521.25,15532.05,15463.55,15491.55,5445
1634299200,15492.55,15564.35,15485.35,15560.55,4025
1634313600,15559.55,15598.55,15536.55,15579.55,5427
1634328000,15580.55,15602.82,15575.35,15597.75,2094
1634515200,15633.71,15633.71,15554.88,15575.05,1863
1634529600,15574.05,15581.05,15554.05,15561.05,1571
1634544000,15562.05,15574.05,15496.65,15509.35,6125
1634558400,15508.35,15526.55,15431.05,15442.85,4999
1634572800,15441.85,15497.85,15415.65,15469.55,5604
1634587200,15470.55,15496.35,15464.35,15478.27,1980
1634601600,15482.15,15521.15,15460.15,15495.15,1027
1634616000,15496.15,15511.15,15479.15,15494.65,1288
1634630400,15493.65,15527.95,15453.95,15469.25,5295
1634644800,15467.25,15507.25,15465.45,15491.75,3582
1634659200,15490.75,15526.75,15482.55,15512.75,4874
1634673600,15513.75,15515.75,15490.75,15507.8,1949
1634688000,15505.29,15527.75,15500.02,15516.25,1009
1634702400,15515.25,15524.25,15497.25,15510.25,1309
1634716800,15511.25,15570.05,15462.25,15543.25,5514
1634731200,15542.25,15544.85,15467.05,15467.05,3877
1634745600,15468.05,15530.05,15460.85,15520.55,5311
1634760000,15521.55,15524.55,15495.13,15503.75,2513
1634774400,15507.55,15510.05,15477.54,15508.05,1007
1634788800,15507.55,15530.05,15484.05,15491.05,1465
1634803200,15490.55,15513.65,15396.35,15495.85,6243
1634817600,15494.85,15532.35,15490.85,15512.35,3673
1634832000,15514.35,15514.35,15472.55,15484.35,5105
1634846400,15483.35,15509.45,15459.8,15477.55,2257
1634860800,15469.25,15518.25,15462.25,15517.25,1265
1634875200,15516.75,15542.25,15508.25,15534.25,1616
1634889600,15535.25,15594.35,15487.85,15562.55,6611
1634904000,15563.55,15613.55,15549.55,15585.55,3624
1634918400,15584.55,15606.95,15528.75,15559.75,5730
1634932800,15560.75,15583.75,15543.29,15544.29,2922
1635120000,15532.93,15565.55,15516.48,15557.55,1467
1635134400,15558.55,15581.55,15540.55,15571.55,1674
1635148800,15572.55,15592.15,15530.15,15566.35,4636
1635163200,15565.35,15606.15,15560.35,15594.65,3327
1635177600,15593.65,15632.85,15570.85,15626.85,5153
1635192000,15627.85,15643.05,15602.11,15639.38,2465
1635206400,15639.83,15662.69,15631.54,15659.35,854
1635220800,15660.35,15673.35,15647.85,15649.35,900
1635235200,15651.35,15782.15,15632.35,15760.15,5557
1635249600,15761.15,15766.15,15727.95,15762.15,3706
1635264000,15761.15,15781.95,15722.25,15735.25,5665
1635278400,15734.25,15755.25,15726.45,15734.45,3637
1635292800,15728.25,15753.25,15728.25,15733.25,1458
1635307200,15732.25,15737.25,15713.75,15727.25,1202
1635321600,15727.75,15747.25,15684.15,15685.15,4707
1635336000,15686.15,15722.45,15669.85,15704.45,4271
1635350400,15705.45,15724.95,15687.25,15713.45,5586
1635364800,15714.45,15723.85,15672.77,15680.68,2668
1635379200,15691.95,15710.95,15682.95,15693.95,1032
1635393600,15694.95,15715.95,15683.95,15703.95,1339
1635408000,15705.45,15716.95,15651.75,15683.25,6034
1635422400,15682.25,15704.25,15629.05,15646.25,5199
1635436800,15647.25,15696.45,15628.25,15668.25,6207
1635451200,15669.25,15691.25,15644.92,15656.45,3030
1635465600,15658.25,15665.25,15633.75,15636.25,1527
1635480000,15635.75,15657.75,15620.75,15629.75,1831
1635494400,15629.25,15687.35,15542.85,15572.55,7613
1635508800,15567.55,15618.05,15494.05,15604.05,7256
1635523200,15605.05,15727.55,15580.05,15711.05,6438
1635537600,15712.05,15732.25,15693.05,15729.25,2515
1635724800,15749.55,15779.45,15729.79,15769.55,1359
1635739200,15769.05,15769.55,15741.55,15748.55,1196
1635753600,15749.55,15838.55,15728.55,15834.35,4412
1635768000,15835.35,15851.35,15780.85,15790.35,3673
1635782400,15789.35,15825.35,15759.35,15817.35,6750
1635796800,15818.35,15833.35,15791.35,15819.35,2513
1635811200,15809.2,15827.54,15798.35,15810.35,860
1635825600,15812.35,15823.35,15771.85,15779.85,1186
1635840000,15780.85,15877.15,15777.35,15864.15,3721
1635854400,15865.15,15916.95,15851.35,15912.95,4439
1635868800,15913.95,15962.35,15899.15,15958.65,5420
1635883200,15957.65,15961.75,15943.65,15959.75,2211
1635897600,15951.35,15954.99,15933.25,15952.75,565
1635912000,15951.75,15980.75,15940.75,15942.25,691
1635926400,15942.75,15967.55,15924.55,15944.55,3245
1635940800,15943.55,15974.55,15936.75,15943.55,3324
1635955200,15942.55,15965.35,15922.35,15958.35,5297
1635969600,15959.35,16033.55,15947.75,16028.75,4106
1635984000,16037.38,16109.21,16027.05,16030.55,964
1635998400,16031.55,16031.55,16017.05,16029.05,834
1636012800,16028.55,16061.05,15999.65,16002.85,3892
1636027200,16003.85,16062.85,15999.65,16039.85,3798
1636041600,16040.85,16068.85,16018.85,16034.85,5906
1636056000,16033.85,16045.85,16024.85,16038.85,2608
1636070400,16022.89,16048.85,16020.35,16032.85,834
1636084800,16033.35,16041.35,16015.85,16032.85,1105
1636099200,16031.85,16043.45,15995.65,16022.65,3356
1636113600,16023.65,16091.65,16022.65,16079.65,4725
1636128000,16080.65,16085.65,16039.65,16042.65,5877
1636142400,16043.65,16063.65,16015.45,16062.65,3321
1636329600,16047.15,16064.94,16015.65,16023.15,1681
1636344000,16022.15,16049.65,16021.65,16044.15,1002
1636358400,16046.65,16072.95,16012.65,16038.95,4402
1636372800,16037.95,16045.45,16018.45,16045.45,2696
1636387200,16044.45,16071.15,16028.95,16034.95,4341
1636401600,16035.95,16044.95,16017.15,16026.25,2008
1636416000,16025.05,16029.05,16004.55,16010.05,1292
1636430400,16009.05,16017.55,15997.55,16012.55,1110
1636444800,16013.05,16088.65,16013.05,16085.65,3683
1636459200,16085.45,16099.85,16069.35,16087.35,3048
1636473600,16088.35,16109.15,16026.75,16041.95,7567
1636488000,16042.95,16046.75,16023.95,16029.05,2540
1636502400,16020.54,16030.85,16009.89,16028.35,1174
1636516800,16027.35,16028.35,15990.15,16008.65,1084
1636531200,16008.15,16065.25,15988.75,16043.45,4439
1636545600,16044.45,16048.45,16006.95,16034.95,4208
1636560000,16033.95,16083.95,16024.75,16058.45,4643
1636574400,16057.45,16060.45,15995.45,16022.09,4562
1636588800,16018.95,16040.45,15969.4,16039.95,1453
1636603200,16041.45,16042.95,16008.45,16028.95,1078
1636617600,16029.95,16121.25,16027.95,16097.75,4685
1636632000,16096.75,16110.75,16060.55,16101.75,3479
1636646400,16100.75,16102.75,16069.75,16088.25,3597
1636660800,16087.25,16099.8,16080.95,16098.8,1870
1636675200,16096.75,16131.18,16091.75,16126.75,936
1636689600,16127.75,16127.75,16097.25,16107.75,833
1636704000,16106.75,16120.55,16070.35,16099.55,3499
1636718400,16098.55,16124.55,16098.55,16106.55,2846
1636732800,16105.55,16118.55,16075.55,16093.55,4195
1636747200,16093.75,16116.49,16084.75,16105.35,1852
1636934400,16107.21,16129.47,16101.45,16102.45,1000
1636948800,16103.45,16107.95,16086.95,16096.45,657
1636963200,16095.95,16125.15,16074.75,16123.15,3379
1636977600,16125.15,16154.25,16109.05,16133.05,2559
1636992000,16132.45,16156.25,16103.25,16143.25,4268
1637006400,16142.25,16148.25,16129.25,16138.45,2028
1637020800,16142.27,16161.25,16122.25,16160.25,848
1637035200,16159.75,16160.25,16131.75,16133.25,851
1637049600,16134.75,16202.85,16129.75,16200.05,3466
1637064000,16199.05,16245.05,16185.25,16234.05,3149
1637078400,16233.05,16273.15,16225.05,16259.05,3819
1637092800,16258.05,16299.51,16199.73,16240.25,1482
1637107200,16244.05,16254.05,16220.86,16226.55,780
1637121600,16226.05,16234.55,16216.55,16229.05,652
1637136000,16229.55,16289.55,16221.05,16273.35,2819
1637150400,16274.35,16282.15,16259.15,16269.35,1989
1637164800,16268.35,16287.35,16248.05,16257.85,3723
1637179200,16258.85,16271.85,16246.56,16254.55,2469
1637193600,16256.75,16270.25,16249.75,16255.75,1149
1637208000,16254.75,16276.25,16246.75,16265.75,928
1637222400,16266.25,16295.55,16247.55,16248.35,2982
1637236800,16248.55,16274.55,16236.55,16250.55,2896
1637251200,16249.55,16259.65,16197.35,16243.45,4920
1637265600,16242.45,16255.75,16226.45,16251.9,2161
1637280000,16249.45,16277.95,16247.21,16270.45,1168
1637294400,16271.45,16298.95,16266.45,16290.45,1234
1637308800,16291.45,16303.45,16183.05,16208.25,4760
1637323200,16209.25,16242.25,16096.75,16142.75,8424
1637337600,16140.75,16206.75,16120.75,16174.75,6322
1637352000,16175.75,16177.75,16127.75,16158.01,2645
1637539200,16166.31,16190.55,16142.71,16185.05,1104
1637553600,16187.05,16204.55,16186.05,16193.55,772
1637568000,16193.05,16207.85,16151.35,16166.35,4468
1637582400,16167.35,16187.35,16093.35,16116.35,4631
1637596800,16117.35,16180.55,16064.15,16109.35,6913
1637611200,16110.35,16154.35,16055.65,16077.55,3633
1637625600,16098.29,16104.55,16074.04,16086.55,1052
1637640000,16087.55,16093.55,16048.55,16056.55,1385
1637654400,16056.05,16066.55,15869.35,15947.35,8091
1637668800,15948.35,16036.15,15929.35,16005.85,5339
1637683200,16006.85,16062.65,15923.85,15941.85,9374
1637697600,15940.85,16008.85,15929.85,15991.05,4965
1637712000,15989.66,16009.65,15976.65,15999.15,1197
1637726400,15998.65,16009.15,15955.15,16005.15,1586
1637740800,16004.65,16033.45,15858.65,15879.45,6310
1637755200,15880.45,15900.45,15759.25,15769.25,7381
1637769600,15771.25,15914.25,15745.05,15894.25,9122
1637784000,15895.25,15915.33,15874.25,15911.24,3197
1637798400,15915.25,15954.25,15902.0,15934.25,1183
1637812800,15935.25,15966.25,15934.75,15965.75,776
1637827200,15965.25,15974.75,15913.35,15930.05,3956
1637841600,15933.05,15937.05,15872.05,15879.05,3391
1637856000,15878.05,15932.05,15867.05,15913.05,2922
1637870400,15913.85,15931.55,15908.05,15920.73,483
1637884800,15892.58,15899.55,15706.55,15726.55,2780
1637899200,15727.55,15737.55,15602.05,15650.55,3370
1637913600,15651.55,15651.55,15302.55,15460.15,15485
1637928000,15459.15,15542.55,15415.15,15431.35,9749
1637942400,15433.35,15471.35,15229.55,15271.05,12990
1637956800,15274.55,15280.35,15029.55,15114.82,2110
1638144000,15236.29,15451.25,15230.75,15445.25,4402
1638158400,15444.25,15463.25,15329.25,15364.25,2361
1638172800,15366.25,15464.75,15273.05,15301.55,11323
1638187200,15304.55,15398.05,15296.55,15380.35,6634
1638201600,15379.35,15406.15,15238.15,15363.15,9785
1638216000,15364.15,15378.15,15315.99,15347.35,3677
1638230400,15363.15,15430.15,15360.15,15400.15,1178
1638244800,15397.65,15405.15,15015.15,15038.15,2599
1638259200,15036.65,15159.75,14915.65,15086.15,12606
1638273600,15085.15,15225.95,15023.95,15221.95,8804
1638288000,15220.95,15284.15,15038.15,15090.15,15716
1638302400,15091.15,15182.35,15066.15,15180.35,7384
1638316800,15208.35,15214.02,15112.65,15198.15,2628
1638331200,15201.65,15251.65,15185.15,15230.65,1309
1638345600,15231.65,15347.15,15185.95,15339.95,8523
1638360000,15338.95,15413.75,15290.75,15405.95,5679
1638374400,15404.95,15512.95,15362.95,15366.15,8473
1638388800,15367.15,15384.95,15128.8,15171.01,11843
1638403200,15208.16,15289.25,15179.72,15285.25,3020
1638417600,15284.25,15319.25,15258.75,15312.25,1830
1638432000,15311.25,15401.05,15250.05,15346.05,8273
1638446400,15347.05,15349.05,15172.75,15200.65,8988
1638460800,15199.65,15355.45,15179.65,15325.45,13100
1638475200,15327.45,15360.45,15297.45,15350.22,7219
1638489600,15367.45,15368.45,15190.45,15248.45,2557
1638504000,15246.45,15388.95,15231.95,15369.45,1491
1638518400,15370.45,15439.45,15284.75,15290.75,6700
1638532800,15291.75,15347.55,15221.75,15313.75,6953
1638547200,15312.75,15362.75,15091.55,15141.25,14390
1638561600,15139.25,15202.47,15097.25,15161.45,9145
1638748800,15200.65,15261.65,15178.15,15248.15,2929
1638763200,15249.65,15292.65,15238.15,15284.65,1689
1638777600,15285.65,15336.45,15189.45,15199.45,6926
1638792000,15203.45,15296.45,15152.65,15296.45,5658
1638806400,15295.45,15420.95,15271.45,15412.95,10170
1638820800,15415.95,15427.95,15387.75,15421.71,4259
1638835200,15425.9,15436.45,15375.45,15416.95,1696
1638849600,15416.45,15500.45,15389.95,15499.45,1267
1638864000,15497.45,15697.25,15472.95,15689.25,6468
1638878400,15689.45,15720.45,15682.25,15702.75,3919
1638892800,15703.75,15851.75,15699.75,15851.75,5187
1638907200,15850.75,15870.45,15782.25,15864.34,2802
1638921600,15835.97,15848.25,15774.75,15799.25,1844
1638936000,15800.25,15846.75,15798.25,15826.75,1642
1638950400,15825.75,15842.85,15760.05,15783.05,5450
1638964800,15784.05,15828.05,15699.55,15729.05,6830
1638979200,15730.05,15747.25,15686.35,15701.55,6402
1638993600,15700.55,15736.55,15697.55,15722.25,2045
1639008000,15710.95,15740.95,15700.12,15731.95,983
1639022400,15730.95,15761.95,15699.95,15708.95,1257
1639036800,15710.45,15757.95,15674.75,15690.25,4183
1639051200,15692.25,15694.25,15620.05,15632.75,4915
1639065600,15633.75,15667.55,15620.75,15651.75,5546
1639080000,15650.75,15652.75,15593.28,15617.18,3685
1639094400,15627.75,15638.55,15586.15,15615.65,1113
1639108800,15613.15,15623.65,15563.15,15567.65,825
1639123200,15568.65,15616.25,15534.45,15594.45,4491
1639137600,15593.45,15693.25,15587.45,15676.45,4002
1639152000,15681.45,15695.65,15608.45,15646.45,6573
1639166400,15647.45,15659.65,15629.45,15652.67,2535
1639353600,15672.68,15714.55,15664.55,15710.55,1482
1639368000,15709.55,15710.55,15671.55,15681.55,816
1639382400,15680.55,15797.35,15644.85,15780.55,4300
1639396800,15781.55,15795.55,15742.45,15743.45,3499
1639411200,15745.45,15745.45,15589.35,15635.35,8038
1639425600,15634.35,15650.35,15589.62,15628.57,3780
1639440000,15629.35,15664.35,15611.35,15638.35,1271
1639454400,15636.35,15644.35,15604.35,15625.35,1195
1639468800,15624.35,15699.15,15602.35,15609.15,4785
1639483200,15608.15,15640.45,15520.15,15536.15,5295
1639497600,15532.15,15569.15,15430.15,15439.15,9407
1639512000,15440.15,15540.15,15434.15,15524.35,4192
1639526400,15523.15,15547.65,15489.65,15520.15,1374
1639540800,15519.15,15528.15,15501.15,15524.15,973
1639555200,15525.15,15537.15,15451.95,15501.65,4303
1639569600,15502.65,15523.95,15488.95,15510.95,3676
1639584000,15509.95,15519.95,15452.95,15504.95,6079
1639598400,15503.95,15657.13,15473.15,15639.19,7635
1639612800,15650.65,15668.88,15591.95,15598.95,1673
1639627200,15602.95,15699.45,15601.95,15693.95,1188
1639641600,15691.95,15777.55,15687.95,15718.75,5197
1639656000,15719.75,15782.75,15680.75,15692.75,4559
1639670400,15691.75,15691.75,15589.75,15591.75,8796
1639684800,15590.75,15626.75,15529.75,15593.32,5904
1639699200,15578.68,15616.65,15548.65,15606.65,1446
1639713600,15607.65,15618.15,15530.15,15542.15,1341
1639728000,15544.65,15612.95,15483.65,15545.25,6334
1639742400,15544.25,15555.25,15446.65,15505.25,6161
1639756800,15506.25,15571.25,15422.25,15529.25,10308
1639771200,15528.25,15565.25,15464.65,15511.65,5885
1639958400,15478.65,15485.65,15329.55,15345.15,3680
1639972800,15341.65,15348.15,15227.65,15233.65,3098
1639987200,15231.65,15260.65,15059.65,15148.45,10634
1640001600,15147.45,15297.25,15145.45,15226.25,6146
1640016000,15227.25,15285.05,15204.25,15257.25,9640
1640030400,15258.25,15372.45,15253.25,15358.45,5449
1640044800,15357.6,15395.83,15317.55,15388.05,1594
1640059200,15387.05,15396.55,15341.45,15395.05,1569
1640073600,15396.05,15480.85,15302.65,15306.65,6287
1640088000,15305.85,15433.85,15301.05,15431.85,4609
1640102400,15430.85,15512.05,15394.85,15509.85,6746
1640116800,15508.85,15516.27,15472.65,15514.08,3027
1640131200,15509.1,15514.07,15465.55,15484.55,1075
1640145600,15486.55,15497.55,15473.55,15495.05,778
1640160000,15496.05,15509.05,15421.85,15450.85,4378
1640174400,15452.85,15487.85,15427.05,15452.85,3495
1640188800,15453.85,15618.85,15446.65,15615.85,6224
1640203200,15614.85,15640.05,15592.05,15636.05,2504
1640217600,15642.95,15647.95,15600.85,15609.85,882
1640232000,15610.85,15637.85,15604.35,15637.85,549
1640246400,15638.35,15681.75,15618.85,15652.75,4074
1640260800,15651.75,15699.75,15643.95,15692.75,2758
1640275200,15693.75,15768.25,15688.75,15733.25,4476
1640289600,15734.25,15778.25,15724.25,15743.35,1804
1640563200,15733.65,15754.75,15722.75,15733.25,438
1640577600,15732.25,15747.25,15724.25,15726.25,288
1640592000,15725.25,15797.75,15665.55,15785.75,4062
1640606400,15784.75,15829.25,15766.25,15818.25,2990
1640620800,15819.25,15861.25,15798.25,15856.25,4145
1640635200,15855.25,15897.49,15850.25,15885.58,1736
1640649600,15880.35,15893.85,15850.5,15866.85,953
1640664000,15865.35,15883.85,15851.35,15883.85,561
1640678400,15884.85,15959.15,15831.15,15949.15,3633
1640692800,15948.15,15978.15,15933.15,15941.15,3038
1640707200,15942.15,15978.15,15916.15,15943.15,5168
1640721600,15942.15,15968.95,15931.15,15940.25,2968
1640736000,15940.15,15972.05,15924.15,15926.65,1306
1640750400,15926.15,15953.15,15917.65,15949.15,770
1640764800,15947.65,15969.95,15924.95,15938.95,3647
1640779200,15937.95,15942.95,15848.65,15867.45,3340
1640793600,15868.45,15891.45,15803.25,15857.45,6405
1640808000,15858.45,15892.45,15852.45,15862.96,2017
1640822400,15840.82,15880.35,15814.35,15875.35,1462
1640836800,15872.85,15884.35,15847.85,15849.35,472
1640851200,15848.35,15889.15,15836.15,15869.15,3408
1640865600,15870.15,15918.15,15837.15,15918.15,3186
1640880000,15917.15,15931.95,15893.15,15904.15,4598
1640894400,15903.15,15904.15,15843.35,15848.25,2237
1641168000,15887.35,15937.55,15868.35,15882.45,857
1641182400,15881.45,15891.95,15854.95,15879.45,740
1641196800,15879.95,16053.65,15869.35,16001.95,5670
1641211200,16002.95,16071.45,15991.95,16046.45,3381
1641225600,16045.45,16069.25,15990.25,16029.25,7894
1641240000,16030.25,16069.25,16024.25,16051.71,2685
1641254400,16054.45,16058.45,16008.95,16030.45,1676
1641268800,16028.95,16083.95,16024.45,16079.35,774
1641283200,16080.45,16105.35,16037.05,16079.75,5133
1641297600,16080.75,16189.25,16077.55,16187.25,4426
1641312000,16186.25,16204.25,16112.45,16138.45,7196
1641326400,16139.25,16166.25,16120.25,16145.52,3787
1641340800,16146.35,16148.35,16095.35,16101.35,1772
1641355200,16102.35,16116.35,16088.85,16095.35,950
1641369600,16093.85,16245.15,16072.25,16235.15,5233
1641384000,16236.15,16286.15,16228.35,16272.15,4239
1641398400,16273.15,16277.15,16218.95,16229.65,5686
1641412800,16228.65,16243.65,16075.93,16102.69,6932
1641427200,16082.05,16124.42,16046.05,16072.05,3038
1641441600,16073.05,16073.05,15967.05,15991.05,2303
1641456000,15992.05,16141.85,15970.05,16103.85,8455
1641470400,16104.85,16156.85,16051.85,16100.85,6466
1641484800,16101.85,16111.85,15987.65,16073.45,11327
1641499200,16072.45,16082.45,15994.35,16035.97,5445
1641513600,16044.75,16083.25,16039.75,16051.25,1939
1641528000,16050.75,16055.25,16008.75,16053.25,1678
1641542400,16052.25,16065.65,15929.55,15993.55,6671
1641556800,15992.55,16041.75,15896.35,15937.55,6430
1641571200,15939.55,15997.85,15861.55,15950.55,9525
1641585600,15951.55,15974.55,15934.55,15943.86,4173
1641772800,15923.95,15955.45,15877.95,15945.45,3504
1641787200,15947.45,15971.45,15929.45,15958.45,1082
1641801600,15961.95,16018.05,15839.05,15913.75,7208
1641816000,15914.75,15946.75,15833.55,15870.75,6561
1641830400,15871.75,15878.75,15722.75,15783.75,10614
1641844800,15784.75,15874.75,15781.75,15862.91,6444
1641859200,15867.65,15889.71,15821.75,15837.25,2968
1641873600,15839.75,15896.75,15832.25,15889.75,1415
1641888000,15891.75,15979.85,15855.25,15959.05,8155
1641902400,15960.05,15975.05,15915.05,15922.05,4999
1641916800,15923.05,15976.05,15884.05,15970.05,9370
1641931200,15969.05,16011.29,15954.05,15995.82,3147
1641945600,16000.55,16024.55,15987.95,16011.05,1279
1641960000,16011.55,16055.55,16010.55,16054.65,567
1641974400,16054.55,16077.15,15949.45,16034.75,6175
1641988800,16035.75,16049.15,15957.15,16006.15,5925
1642003200,16005.15,16049.45,15969.25,16024.75,8836
1642017600,16025.75,16028.75,15990.95,16014.57,4245
1642032000,16010.35,16015.35,15973.85,15976.35,1572
1642046400,15980.35,16006.85,15971.35,15974.85,1195
1642060800,15973.35,16009.85,15941.35,15997.75,4806
1642075200,15996.75,16068.95,15982.95,16068.75,3651
1642089600,16067.75,16090.75,15933.75,15960.75,9018
1642104000,15959.75,15987.75,15886.95,15899.14,6047
1642118400,15921.49,15937.65,15880.28,15889.15,2858
1642132800,15890.65,15919.65,15859.15,15916.15,1443
1642147200,15918.65,15973.25,15881.25,15938.45,7146
1642161600,15939.45,15946.45,15832.45,15860.45,7102
1642176000,15859.45,15954.45,15845.45,15866.05,10155
1642190400,15865.05,15971.3,15859.25,15970.3,5832
1642377600,15962.28,15969.58,15907.65,15917.15,3692
1642392000,15918.65,15940.65,15897.15,15912.65,1114
1642406400,15911.65,15971.45,15891.65,15942.45,5140
1642420800,15943.45,15963.15,15920.95,15939.45,3023
1642435200,15940.45,15962.45,15932.45,15942.45,2898
1642449600,15941.45,15948.45,15933.15,15933.15,494
1642464000,15924.78,15956.25,15914.25,15951.25,2099
1642478400,15950.25,15966.25,15876.75,15892.75,2258
1642492800,15893.25,15908.25,15669.45,15711.25,7912
1642507200,15710.25,15804.15,15705.65,15794.95,7425
1642521600,15796.95,15840.95,15742.15,15756.95,10306
1642536000,15755.95,15818.95,15744.95,15790.25,5675
1642550400,15790.5,15798.04,15730.45,15756.95,2864
1642564800,15758.95,15784.95,15664.95,15677.95,2165
1642579200,15678.95,15813.55,15624.75,15804.55,8640
1642593600,15803.55,15888.55,15783.55,15881.95,5358
1642608000,15880.95,15901.55,15775.75,15862.25,9727
1642622400,15863.25,15867.25,15753.83,15782.97,6271
1642636800,15787.65,15792.99,15726.15,15768.65,3521
1642651200,15769.65,15841.65,15769.65,15825.65,1962
1642665600,15823.65,15864.95,15738.25,15797.45,6847
1642680000,15798.45,15853.65,15771.45,15842.45,5257
1642694400,15843.45,15923.45,15817.45,15894.45,6844
1642708800,15895.45,15904.45,15642.29,15661.92,8386
1642723200,15734.85,15745.48,15671.35,15706.35,6006
1642737600,15705.85,15730.85,15647.85,15711.35,3243
1642752000,15710.85,15742.85,15651.45,15690.65,8389
1642766400,15691.65,15711.65,15547.45,15556.65,7561
1642780800,15557.65,15610.65,15453.65,15523.65,15447
1642795200,15522.65,15551.25,15438.1,15445.8,9514
1642982400,15459.75,15545.25,15449.75,15534.25,5498
1642996800,15534.75,15555.75,15509.75,15541.75,2044
1643011200,15540.75,15587.25,15387.55,15428.55,9203
1643025600,15429.55,15429.55,15162.35,15164.55,11443
1643040000,15165.55,15165.75,14837.65,14966.65,16909
1643054400,14965.65,15285.73,14955.85,15260.16,11127
1643068800,15238.95,15266.04,15130.95,15179.45,4698
1643083200,15177.45,15185.55,15096.95,15169.45,3834
1643097600,15172.95,15225.55,14998.75,15162.75,11567
1643112000,15161.75,15204.95,15051.45,15083.55,10590
1643126400,15082.55,15162.75,14978.75,15090.75,13257
1643140800,15091.75,15259.25,15028.01,15033.01,8479
1643155200,15089.21,15232.02,15080.94,15176.05,5019
1643169600,15177.05,15223.05,15170.55,15211.05,1843
1643184000,15209.05,15454.45,15194.85,15442.25,7708
1643198400,15441.25,15525.45,15410.75,15511.25,7189
1643212800,15512.25,15527.55,15382.25,15486.75,11891
1643227200,15487.75,15553.75,15265.95,15363.95,15113
1643241600,15414.15,15461.15,15153.15,15158.15,6121
1643256000,15156.15,15161.15,15052.15,15116.15,5106
1643270400,15111.15,15411.45,15043.15,15399.45,12518
1643284800,15398.45,15526.65,15335.25,15525.45,10505
1643299200,15523.45,15586.75,15412.85,15446.05,11545
1643313600,15445.05,15505.45,15368.85,15487.15,9725
1643328000,15512.75,15535.57,15383.75,15461.75,4045
1643342400,15464.75,15510.75,15418.25,15470.25,2542
1643356800,15469.75,15480.75,15273.75,15300.55,8104
1643371200,15301.55,15304.55,15122.35,15235.05,11145
1643385600,15234.05,15381.55,15183.05,15297.35,10974
1643400000,15298.35,15445.3,15232.35,15424.45,10247
1643587200,15402.84,15467.75,15356.3,15456.75,4597
1643601600,15452.75,15526.75,15442.75,15521.75,1354
1643616000,15519.25,15571.05,15463.55,15497.35,8213
1643630400,15498.35,15501.35,15338.75,15383.05,9070
1643644800,15384.05,15513.25,15371.05,15510.05,8430
1643659200,15509.05,15582.05,15479.05,15531.59,5588
1643673600,15536.15,15565.15,15484.15,15490.15,1872
1643688000,15490.65,15546.15,15483.65,15540.65,1074
1643702400,15544.15,15690.45,15525.95,15571.45,7736
1643716800,15572.45,15675.75,15567.65,15656.45,5556
1643731200,15655.65,15668.45,15569.45,15612.25,7511
1643745600,15611.25,15723.12,15602.25,15702.5,3985
1643760000,15699.02,15719.96,15675.85,15690.35,1582
1643774400,15690.85,15719.85,15683.85,15706.35,686
1643788800,15709.85,15740.15,15641.85,15728.85,4721
1643803200,15727.85,15729.85,15648.35,15648.75,4100
1643817600,15646.75,15665.95,15589.95,15654.75,6951
1643832000,15653.75,15654.75,15530.51,15546.92,5551
1643846400,15577.12,15591.75,15530.38,15558.75,2482
1643860800,15559.75,15587.75,15549.25,15573.75,1406
1643875200,15571.25,15605.25,15511.25,15522.25,6388
1643889600,15521.25,15573.75,15444.55,15452.75,6570
1643904000,15451.75,15480.05,15334.75,15359.75,6684
1643918400,15357.75,15431.95,15291.75,15425.95,6965
1643932800,15409.69,15432.65,15335.15,15356.15,2525
1643947200,15358.65,15447.65,15358.65,15443.15,1027
1643961600,15444.65,15505.25,15235.25,15244.45,7904
1643976000,15246.45,15252.25,15089.25,15089.25,7925
1643990400,15090.25,15174.25,15061.05,15173.25,9116
1644004800,15174.25,15245.25,15126.16,15139.45,6499
1644192000,15151.05,15182.83,15111.55,15134.55,3272
1644206400,15137.05,15175.05,15098.55,15161.05,1206
1644220800,15159.55,15234.65,15076.85,15113.85,9056
1644235200,15115.85,15188.05,15081.85,15170.85,7569
1644249600,15171.85,15260.05,15164.85,15199.05,9845
1644264000,15200.05,15262.55,15172.05,15205.3,5262
1644278400,15205.81,15252.85,15198.81,15227.85,1640
1644292800,15226.35,15242.85,15189.35,15204.85,842
1644307200,15203.85,15343.65,15198.85,15287.65,7118
1644321600,15286.65,15287.65,15163.65,15193.85,7435
1644336000,15192.85,15291.65,15160.45,15277.65,8918
1644350400,15278.65,15305.81,15229.65,15292.85,5158
1644364800,15301.65,15322.57,15293.65,15311.65,1412
1644379200,15312.65,15366.65,15308.65,15354.65,871
1644393600,15353.65,15484.45,15314.65,15467.25,6450
1644408000,15468.25,15509.95,15443.25,15497.95,4448
1644422400,15498.95,15516.75,15465.75,15486.75,6457
1644436800,15485.75,15552.95,15476.25,15536.95,3204
1644451200,15537.56,15538.85,15476.85,15481.85,1492
1644465600,15482.85,15509.85,15465.85,15509.85,696
1644480000,15511.85,15621.55,15498.35,15513.35,7017
1644494400,15515.35,15581.75,15448.25,15472.45,5595
1644508800,15470.45,15587.25,15417.25,15477.55,8438
1644523200,15476.55,15487.75,15362.87,15386.95,7265
1644537600,15389.05,15405.25,15321.85,15360.85,2408
1644552000,15361.35,15371.85,15287.85,15301.85,1350
1644566400,15299.35,15463.45,15291.85,15362.65,7556
1644580800,15361.65,15484.85,15355.65,15465.65,7138
1644595200,15466.65,15517.85,15387.35,15397.35,11323
1644609600,15398.35,15415.35,15126.85,15175.85,10719
1644796800,15172.05,15245.95,15133.55,15157.05,3561
1644811200,15155.55,15225.05,15146.05,15190.05,1486
1644825600,15192.05,15201.05,14847.35,14889.55,10025
1644840000,14888.55,15160.35,14863.35,15091.35,10437
1644854400,15092.35,15145.55,15031.05,15132.75,10814
1644868800,15134.75,15152.75,14948.95,15086.95,7225
1644883200,15097.65,15121.65,15054.9,15104.65,1802
1644897600,15101.4,15140.65,15017.65,15036.4,1683
1644912000,15035.65,15355.55,15024.45,15329.75,7961
1644926400,15337.75,15404.75,15266.75,15366.75,6388
1644940800,15365.75,15434.75,15349.75,15386.75,6801
1644955200,15388.75,15444.25,15381.75,15409.96,4023
1644969600,15422.0,15427.0,15395.0,15414.0,1640
1644984000,15415.0,15452.0,15415.0,15451.0,1022
1644998400,15450.75,15552.1,15402.8,15446.3,6316
1645012800,15444.8,15449.3,15372.8,15383.8,5435
1645027200,15385.8,15396.8,15332.0,15364.8,7138
1645041600,15362.8,15452.3,15344.8,15419.79,5726
1645056000,15434.8,15447.76,15375.55,15384.55,2094
1645070400,15385.55,15421.8,15257.55,15296.55,2470
1645084800,15295.55,15443.6,15254.7,15374.9,9832
1645099200,15375.9,15418.1,15273.1,15281.9,6558
1645113600,15280.9,15347.3,15215.1,15258.2,10625
1645128000,15257.2,15261.2,15135.44,15173.8,6167
1645142400,15149.8,15258.3,15137.3,15244.05,3324
1645156800,15247.05,15365.3,15234.05,15311.55,2031
1645171200,15310.55,15326.6,15245.2,15279.6,7427
1645185600,15280.6,15287.6,15045.0,15138.3,7640
1645200000,15139.3,15162.3,14995.6,15016.9,14164
1645214400,15017.9,15112.2,14995.2,15043.97,9158
1645401600,14943.42,15135.95,14910.43,15113.95,6367
1645416000,15114.95,15127.2,15080.95,15112.95,2214
1645430400,15113.95,15242.0,15037.4,15055.3,9903
1645444800,15054.3,15055.9,14620.1,14761.2,12161
1645459200,14757.2,14864.1,14651.9,14653.9,10696
1645473600,14654.9,14715.85,14398.85,14472.06,4451
1645488000,14426.83,14596.2,14387.59,14525.95,7358
1645502400,14523.95,14553.95,14440.95,14533.45,2219
1645516800,14528.45,14652.8,14314.0,14538.3,15618
1645531200,14539.3,14770.5,14531.7,14716.5,13298
1645545600,14712.5,14791.3,14557.5,14566.5,14556
1645560000,14567.5,14744.1,14505.9,14739.05,14379
1645574400,14734.0,14774.52,14708.75,14739.75,3044
1645588800,14736.75,14789.0,14710.25,14765.0,1737
1645603200,14764.0,14908.1,14677.3,14838.4,8478
1645617600,14838.9,14862.9,14767.9,14844.9,7214
1645632000,14843.9,14848.9,14590.1,14658.7,13192
1645646400,14656.7,14656.7,14484.56,14507.41,10802
1645660800,14502.0,14526.85,14341.0,14425.75,5851
1645675200,14428.5,14440.75,14018.0,14058.0,7413
1645689600,14057.5,14229.8,13799.0,14066.1,17215
1645704000,14067.1,14112.5,13812.1,13890.6,19088
1645718400,13891.6,14157.8,13871.8,14004.6,17772
1645732800,14003.6,14373.2,13989.75,14298.91,15759
1645747200,14262.69,14326.45,14215.58,14269.2,5579
1645761600,14268.7,14339.7,14240.2,14308.95,2852
1645776000,14311.7,14348.7,14030.0,14151.5,16508
1645790400,14150.5,14534.7,14146.0,14496.5,15486
1645804800,14494.5,14617.5,14413.0,14563.0,15017
1645819200,14563.5,14676.7,14526.45,14653.04,9724
1646006400,14282.01,14366.64,14034.45,14034.45,9652
1646020800,14036.2,14143.95,13941.7,14101.2,3298
1646035200,14103.2,14317.2,14063.2,14218.7,14968
1646049600,14218.2,14362.7,14110.7,14229.7,11979
1646064000,14228.2,14523.2,14223.2,14287.7,17123
1646078400,14286.7,14340.7,14196.65,14294.9,12651
1646092800,14298.7,14408.7,14284.7,14360.95,3344
1646107200,14360.45,14400.7,14335.2,14371.45,1563
1646121600,14373.45,14482.0,14146.3,14179.5,13893
1646136000,14177.5,14200.7,14031.3,14176.5,12799
1646150400,14175.5,14223.3,13769.8,13889.6,19337
1646164800,13889.1,13910.6,13766.5,13854.0,14788
1646179200,13845.33,13987.4,13837.4,13920.9,4162
1646193600,13915.65,13936.4,13865.4,13906.4,2452
1646208000,13906.65,13955.0,13716.7,13941.7,15780
1646222400,13940.7,14036.0,13855.0,13908.7,12174
1646236800,13907.7,14125.0,13899.7,14035.2,13960
1646251200,14036.2,14090.2,13964.2,13976.52,8513
1646265600,13990.2,14008.63,13947.95,13949.95,2388
1646280000,13950.45,14061.2,13947.7,14050.95,1241
1646294400,14048.95,14077.8,13861.2,13908.2,10544
1646308800,13907.2,14003.8,13832.7,14002.2,7889
1646323200,14000.2,14067.2,13655.3,13749.0,17091
1646337600,13746.5,13770.0,13610.5,13671.1,10637
1646352000,13680.29,13707.92,13312.4,13525.9,6738
1646366400,13526.4,13529.9,13286.9,13373.65,4202
1646380800,13369.4,13563.9,13173.2,13229.85,11306
1646395200,13227.4,13326.6,13181.6,13247.1,12493
1646409600,13245.1,13296.1,13066.1,13121.6,12849
1646424000,13123.6,13176.6,12982.4,13095.6,8438
1646611200,12891.3,12961.58,12614.8,12644.4,5378
1646625600,12643.9,12812.9,12630.4,12716.4,2767
1646640000,12710.9,12792.7,12441.6,12642.4,10930
1646654400,12641.4,13039.4,12593.0,13004.2,11515
1646668800,13007.8,13152.5,12660.0,12715.2,14488
1646683200,12713.8,12772.0,12563.9,12624.3,8480
1646697600,12617.82,12776.1,12592.25,12754.6,3805
1646712000,12753.1,12760.6,12580.6,12581.6,2811
1646726400,12581.1,13100.7,12477.6,13004.0,11917
1646740800,13006.0,13094.6,12829.6,12944.2,11786
1646755200,12943.2,13347.5,12728.4,13264.5,15488
1646769600,13264.7,13315.5,12960.61,12976.61,9693
1646784000,12999.5,13137.5,12988.5,13050.4,3494
1646798400,13050.0,13217.5,12970.4,13056.5,2500
1646812800,13072.0,13486.3,13056.0,13444.1,11675
1646827200,13446.1,13536.3,13388.9,13479.5,10534
1646841600,13478.5,13998.7,13464.1,13989.7,14882
1646856000,13990.9,13990.9,13808.9,13855.6,8654
1646870400,13838.8,13861.81,13774.3,13791.3,3171
1646884800,13791.8,13830.3,13749.05,13823.3,1853
1646899200,13827.8,13861.6,13518.2,13585.9,10903
1646913600,13584.9,13611.2,13346.7,13440.7,9751
1646928000,13439.9,13638.7,13385.9,13453.2,13040
1646942400,13454.4,13580.6,13427.2,13498.93,7703
1646956800,13499.5,13535.01,13349.75,13362.5,2057
1646971200,13358.25,13407.5,13278.05,13383.05,2291
1646985600,13381.75,13631.5,13376.25,13598.1,9281
1647000000,13600.1,14103.0,13528.5,13891.8,11375
1647014400,13891.6,13911.6,13577.0,13646.9,13685
1647028800,13648.3,13701.3,13531.3,13563.5,8303
1647216000,13656.0,13850.8,13617.95,13774.8,3132
1647230400,13783.95,13821.15,13681.4,13730.15,2466
1647244800,13730.95,13964.2,13695.45,13908.5,7519
1647259200,13911.0,14086.6,13853.0,13935.2,11313
1647273600,13932.2,14042.4,13861.2,13869.8,13091
1647288000,13870.8,13903.8,13801.7,13870.5,8173
1647302400,13898.9,13936.95,13853.95,13896.4,1824
1647316800,13896.9,13927.4,13806.15,13879.4,2184
1647331200,13880.9,13880.9,13606.6,13612.2,8234
1647345600,13611.0,13878.0,13575.2,13845.0,10111
1647360000,13846.0,13983.7,13779.5,13924.0,13196
1647374400,13923.2,14012.5,13837.0,13995.9,7873
1647388800,13982.75,14020.06,13922.25,13950.75,1783
1647403200,13951.6,14022.95,13931.2,13997.7,1637
1647417600,13999.2,14307.9,13996.7,14270.9,8214
1647432000,14271.3,14398.6,14205.3,14292.3,8307
1647446400,14290.3,14561.7,14250.1,14396.6,12927
1647460800,14397.9,14517.7,14261.5,14496.6,8996
1647475200,14477.22,14505.8,14445.35,14499.2,1711
1647489600,14499.2,14503.8,14415.05,14475.8,1310
1647504000,14461.05,14533.55,14411.1,14431.4,5296
1647518400,14433.4,14443.4,14255.4,14295.9,8313
1647532800,14295.1,14420.9,14244.8,14388.9,10655
1647547200,14389.9,14438.1,14342.9,14370.8,3131
1647561600,14383.6,14389.35,14311.8,14314.8,2129
1647576000,14321.3,14333.8,14273.2,14306.05,1748
1647590400,14301.35,14420.8,14289.8,14333.8,5732
1647604800,14334.8,14338.8,14109.2,14240.9,10061
1647619200,14241.9,14459.5,14205.7,14423.3,11465
1647633600,14423.1,14501.0,14407.5,14471.5,5401
1647820800,14448.65,14466.65,14339.55,14365.5,1595
1647835200,14365.25,14383.5,14298.55,14305.0,872
1647849600,14306.5,14457.0,14276.05,14405.0,4945
1647864000,14408.0,14460.7,14353.2,14408.7,5145
1647878400,14407.7,14435.5,14272.5,14280.5,9004
1647892800,14282.5,14328.4,14230.6,14323.0,6122
1647907200,14300.54,14304.54,14243.4,14249.0,1170
1647921600,14248.5,14338.0,14235.5,14298.0,1332
1647936000,14301.5,14480.5,14270.25,14431.1,3764
1647950400,14432.3,14489.3,14399.8,14440.8,4379
1647964800,14439.8,14515.6,14433.8,14494.0,8167
1647979200,14493.0,14532.0,14454.2,14523.8,5860
1647993600,14493.07,14532.72,14477.92,14509.5,1410
1648008000,14509.0,14572.5,14506.2,14553.5,830
1648022400,14551.75,14585.0,14486.1,14517.5,4876
1648036800,14518.5,14531.1,14280.9,14288.9,6920
1648051200,14288.9,14356.7,14228.7,14260.7,11492
1648065600,14261.5,14267.7,14202.3,14207.7,6903
1648080000,14191.62,14261.2,14191.62,14221.95,1276
1648094400,14222.2,14293.7,14191.45,14268.2,1058
1648108800,14270.7,14381.5,14266.45,14321.5,5439
1648123200,14322.5,14348.5,14192.5,14264.5,8966
1648137600,14263.5,14364.7,14206.5,14314.5,12117
1648152000,14314.3,14351.5,14292.7,14344.3,5183
1648166400,14344.75,14344.75,14275.6,14288.25,1204
1648180800,14285.6,14379.95,14280.95,14353.7,1935
1648195200,14352.7,14352.7,14252.7,14310.5,5236
1648209600,14311.5,14432.6,14256.1,14400.1,6306
1648224000,14402.1,14435.6,14249.2,14311.7,11874
1648238400,14311.9,14405.8,14305.9,14396.2,5785
1648425600,14396.96,14397.98,14328.5,14332.5,1613
1648440000,14331.5,14382.0,14317.5,14341.5,1170
1648454400,14341.25,14535.8,14304.2,14534.6,7523
1648468800,14533.6,14635.1,14497.8,14534.1,6141
1648483200,14536.1,14559.3,14394.6,14454.9,13297
1648497600,14455.7,14558.9,14438.9,14545.1,5451
1648512000,14531.21,14568.4,14517.78,14552.4,1012
1648526400,14553.9,14588.9,14551.9,14572.9,735
1648540800,14569.4,14672.2,14557.2,14602.7,7344
1648555200,14603.7,14900.3,14595.7,14880.7,12086
1648569600,14881.5,14932.7,14731.5,14768.7,16043
1648584000,14768.5,14861.7,14751.7,14838.86,6027
1648598400,14819.85,14842.06,14785.8,14793.05,1336
1648612800,14791.8,14826.3,14718.8,14731.3,1739
1648627200,14733.3,14801.3,14589.5,14636.5,8245
1648641600,14637.3,14658.3,14561.7,14611.7,7590
1648656000,14612.7,14644.2,14558.7,14626.2,11030
1648670400,14626.0,14640.35,14534.0,14622.4,5281
1648684800,14605.25,14672.2,14596.79,14666.7,1005
1648699200,14669.2,14674.2,14638.45,14659.45,896
1648713600,14659.2,14736.7,14577.0,14608.0,7087
1648728000,14607.0,14622.0,14541.0,14574.0,5485
1648742400,14576.0,14597.0,14403.5,14409.5,12636
1648756800,14410.5,14422.2,14330.0,14384.43,6608
1648771200,14394.5,14402.5,14362.5,14402.5,1422
1648785600,14401.0,14433.5,14382.0,14423.5,1254
1648800000,14420.5,14510.3,14399.5,14448.8,7691
1648814400,14447.8,14502.8,14417.8,14458.8,6005
1648828800,14457.8,14514.6,14392.8,14403.6,10596
1648843200,14402.8,14497.6,14386.6,14464.5,7054
1649030400,14470.91,14477.8,14412.65,14443.4,1302
1649044800,14443.4,14500.4,14432.4,14499.9,985
1649059200,14499.4,14573.9,14338.7,14382.1,8106
1649073600,14381.1,14488.4,14378.1,14440.1,6175
1649088000,14441.1,14563.1,14439.1,14532.1,9042
1649102400,14531.1,14567.16,14526.1,14555.16,3244
1649116800,14550.4,14554.4,14524.9,14535.9,624
1649131200,14537.65,14550.9,14524.4,14533.4,575
1649145600,14534.9,14609.0,14470.8,14553.0,6594
1649160000,14552.0,14569.2,14406.2,14413.2,6427
1649174400,14415.2,14468.2,14352.9,14406.7,10608
1649188800,14406.5,14434.7,14343.5,14383.96,5018
1649203200,14384.5,14397.4,14335.5,14335.75,936
1649217600,14335.5,14363.5,14318.2,14338.0,1173
1649232000,14339.5,14440.8,14209.1,14254.3,9292
1649246400,14256.1,14270.1,14101.6,14121.4,8815
1649260800,14122.4,14176.1,14031.1,14134.1,11286
1649275200,14133.1,14217.1,14080.1,14133.83,11660
1649289600,14142.29,14155.3,14071.2,14095.55,1468
1649304000,14094.8,14139.8,14084.3,14094.8,1231
1649318400,14094.55,14243.1,14080.3,14218.2,9249
1649332800,14218.0,14320.9,14173.9,14194.7,7794
1649347200,14195.7,14224.9,14038.9,14114.7,13280
1649361600,14112.7,14237.7,14108.7,14184.9,7416
1649376000,14200.59,14227.03,14151.0,14167.5,979
1649390400,14165.25,14189.5,14142.4,14157.5,899
1649404800,14156.0,14331.3,14152.0,14256.3,7079
1649419200,14255.3,14298.3,14224.3,14232.8,6152
1649433600,14233.8,14299.0,14183.0,14274.8,10993
1649448000,14273.8,14278.8,14204.98,14217.0,5482
1649635200,14257.49,14264.46,14161.75,14253.9,1874
1649649600,14254.9,14261.4,14132.3,14138.4,1832
1649664000,14139.9,14308.7,14097.0,14183.5,9972
1649678400,14185.7,14266.7,14152.7,14174.5,7142
1649692800,14175.7,14266.2,14152.7,14175.2,11563
1649707200,14174.2,14190.2,14049.08,14073.4,5781
1649721600,14084.34,14091.9,14019.8,14022.9,1462
1649736000,14019.9,14028.4,13965.4,13969.4,1630
1649750400,13973.4,14076.4,13889.2,14038.2,9998
1649764800,14040.0,14187.0,14017.4,14164.2,8322
1649779200,14165.2,14178.0,14075.2,14101.2,12958
1649793600,14100.2,14120.2,13974.4,14024.48,8274
1649808000,14033.21,14099.2,14016.2,14095.7,1364
1649822400,14097.45,14105.2,14076.2,14084.2,1100
1649836800,14083.7,14153.2,14015.2,14089.0,8403
1649851200,14087.8,14095.8,13965.2,13976.4,6997
1649865600,13977.4,14093.7,13966.2,14059.7,9623
1649880000,14060.7,14107.7,14036.7,14088.17,4152
1649894400,14083.67,14134.2,14082.77,14121.2,1079
1649908800,14119.7,14163.2,14108.2,14155.7,1129
1649923200,14154.7,14190.0,14080.8,14112.5,7533
1649937600,14111.5,14195.9,14043.2,14155.2,8873
1649952000,14159.2,14207.0,14080.2,14092.4,10332
1649966400,14093.4,14160.2,14085.0,14095.3,4783
1650326400,14182.2,14182.2,14040.3,14055.55,437
1650340800,14052.8,14109.3,14044.55,14105.3,1356
1650355200,14104.3,14134.1,13998.3,14046.8,8904
1650369600,14045.8,14085.3,13995.3,14075.3,6388
1650384000,14073.3,14205.3,14049.1,14171.3,8596
1650398400,14172.3,14244.4,14162.3,14194.89,5318
1650412800,14191.3,14241.8,14188.2,14232.3,1284
1650427200,14232.8,14242.8,14177.3,14221.8,1662
1650441600,14222.8,14241.8,14139.3,14217.3,7710
1650456000,14218.3,14350.3,14218.3,14345.3,6182
1650470400,14344.1,14384.0,14308.2,14376.7,8678
1650484800,14375.7,14384.8,14297.7,14369.9,6470
1650499200,14367.74,14385.7,14349.6,14379.2,943
1650513600,14380.2,14417.7,14370.95,14397.95,884
1650528000,14394.7,14539.8,14368.7,14515.5,8123
1650542400,14514.7,14602.7,14501.5,14588.5,4633
1650556800,14589.5,14591.5,14402.1,14410.1,9323
1650571200,14410.3,14445.8,14305.8,14322.61,9100
1650585600,14318.8,14342.84,14230.8,14259.3,1698
1650600000,14258.3,14294.8,14238.8,14292.8,1876
1650614400,14293.8,14378.0,14282.1,14304.1,10049
1650628800,14305.1,14327.3,14211.4,14293.1,7658
1650643200,14294.1,14300.1,14112.7,14126.7,12693
1650657600,14125.7,14144.9,14007.01,14026.1,8006
1650844800,14023.82,14093.39,13997.69,14030.0,2494
1650859200,14033.0,14039.5,13905.9,13916.4,2426
1650873600,13917.4,14042.2,13857.9,13890.7,12799
1650888000,13887.7,14039.7,13865.5,14035.7,11069
1650902400,14033.7,14036.7,13893.6,13960.6,17863
1650916800,13961.4,14108.6,13937.6,14089.8,11713
1650931200,14067.6,14088.1,14057.5,14087.1,1031
1650945600,14086.1,14147.6,14073.1,14144.1,1143
1650960000,14143.1,14167.6,14017.2,14094.4,9711
1650974400,14095.4,14117.4,14005.4,14058.6,7615
1650988800,14057.6,14058.6,13722.4,13848.2,16563
1651003200,13847.4,13848.4,13541.54,13545.82,13252
1651017600,13594.53,13667.5,13594.53,13629.0,2428
1651032000,13625.25,13712.0,13625.25,13700.5,2900
1651046400,13702.5,13824.0,13563.6,13783.6,12105
1651060800,13780.6,13846.6,13736.6,13771.6,11453
1651075200,13769.8,13853.8,13661.8,13830.8,18847
1651089600,13832.8,13845.0,13727.0,13841.23,15233
1651104000,13841.8,13847.8,13764.8,13815.05,1396
1651118400,13818.3,13846.8,13780.8,13839.8,1892
1651132800,13838.8,14074.6,13815.3,14073.8,8782
1651147200,14073.6,14079.8,13942.6,13994.4,8179
1651161600,13992.4,14076.4,13824.4,14053.4,15813
1651176000,14054.2,14125.4,14016.64,14031.81,9150
1651190400,14001.31,14035.33,13995.4,14032.39,1621
1651204800,14033.39,14145.1,14029.39,14141.35,1691
1651219200,14141.6,14175.9,14074.9,14162.7,9602
1651233600,14161.7,14162.7,14037.7,14123.2,8232
1651248000,14121.2,14192.2,14019.2,14030.2,14907
1651262400,14029.2,14085.2,13882.0,13917.63,9370
1651449600,13960.33,13962.33,13855.64,13916.1,4235
1651464000,13915.6,13949.6,13854.6,13940.85,2505
1651478400,13942.85,14036.2,13803.0,13928.2,10456
1651492800,13929.4,14018.4,13902.2,13960.4,7347
1651507200,13961.4,14029.4,13873.4,13881.4,21041
1651521600,13882.2,13982.2,13824.9,13952.5,14620
1651536000,13935.3,14004.3,13927.3,13981.8,1250
1651550400,13981.3,14045.3,13946.3,14013.8,1861
1651564800,14015.8,14078.1,13938.1,14014.9,10102
1651579200,14015.1,14027.3,13930.3,13970.3,8407
1651593600,13972.3,14042.3,13918.3,14000.3,10532
1651608000,14002.3,14047.8,13966.3,14009.5,8580
1651622400,14011.41,14034.52,14011.41,14017.4,820
1651636800,14019.4,14045.4,13988.4,14009.4,1182
1651651200,14007.4,14070.0,13975.0,14009.2,6934
1651665600,14008.2,14045.0,13967.0,14019.2,5261
1651680000,14018.2,14072.2,13963.2,14051.2,10464
1651694400,14052.2,14267.2,13987.2,14219.4,16129
1651708800,14239.46,14272.6,14210.5,14264.6,1089
1651723200,14265.6,14291.6,14238.6,14288.6,1217
1651737600,14289.6,14319.2,14151.4,14164.2,10086
1651752000,14163.2,14209.4,14141.4,14149.4,7141
1651766400,14152.4,14152.4,13793.7,13904.9,18344
1651780800,13903.7,13934.3,13793.1,13891.53,16256
1651795200,13859.28,13876.9,13807.8,13834.4,2217
1651809600,13834.15,13885.9,13812.9,13857.9,2883
1651824000,13856.9,13899.7,13708.1,13755.7,12275
1651838400,13754.7,13807.4,13677.2,13702.0,11727
1651852800,13702.2,13742.2,13586.0,13715.0,24313
1651867200,13718.2,13734.2,13606.0,13658.54,17190
1652054400,13576.32,13619.54,13493.3,13498.3,3089
1652068800,13499.3,13554.3,13476.3,13529.3,2739
1652083200,13530.3,13693.6,13484.8,13560.4,11865
1652097600,13559.4,13592.8,13403.1,13489.3,12505
1652112000,13490.3,13535.3,13342.1,13446.9,22196
1652126400,13445.9,13480.9,13357.9,13395.01,16147
1652140800,13408.03,13434.1,13273.1,13291.6,2273
1652155200,13293.6,13435.1,13277.1,13418.6,3151
1652169600,13422.1,13624.6,13413.1,13575.6,11149
1652184000,13576.4,13680.9,13524.9,13678.9,8485
1652198400,13679.9,13721.7,13481.7,13508.7,21788
1652212800,13509.7,13648.9,13504.7,13566.18,18733
1652227200,13563.11,13604.1,13535.1,13545.1,1604
1652241600,13544.1,13634.1,13530.1,13600.6,1870
1652256000,13600.35,13668.9,13547.7,13653.9,9839
1652270400,13652.9,13737.9,13506.9,13532.9,9033
1652284800,13529.9,13872.9,13526.9,13706.9,22300
1652299200,13705.9,13733.9,13592.1,13648.1,15247
1652313600,13627.5,13666.5,13545.5,13633.0,2887
1652328000,13631.75,13646.75,13552.5,13566.5,3043
1652342400,13567.5,13636.3,13476.8,13524.3,14367
1652356800,13526.3,13613.3,13474.8,13527.8,12440
1652371200,13526.8,13803.8,13510.6,13723.8,22243
1652385600,13722.8,13735.6,13617.6,13661.99,16782
1652400000,13673.74,13839.1,13668.74,13834.35,2576
1652414400,13833.1,13916.1,13830.6,13880.6,2112
1652428800,13881.1,13932.4,13787.2,13899.4,10482
1652443200,13900.4,13959.4,13873.4,13931.2,6172
1652457600,13932.2,14060.7,13892.2,14046.7,11220
1652472000,14045.7,14053.9,13961.7,14039.9,9443
1652659200,14105.21,14127.39,14053.55,14073.3,2910
1652673600,14073.8,14089.3,13923.8,13985.8,3063
1652688000,13986.8,14034.1,13891.1,14034.1,9118
1652702400,14033.1,14036.1,13915.1,13926.1,6025
1652716800,13927.1,14006.1,13857.1,13964.1,14901
1652731200,13962.1,14059.1,13954.9,13978.8,9497
1652745600,13993.6,14043.85,13985.5,14013.6,1245
1652760000,14012.1,14064.6,14005.85,14049.6,1300
1652774400,14050.6,14175.2,14042.1,14131.7,6722
1652788800,14126.5,14192.2,14122.7,14156.3,6747
1652803200,14157.3,14207.5,14093.2,14194.5,9613
1652817600,14195.5,14260.76,14142.3,14255.81,8834
1652832000,14262.69,14269.7,14226.2,14227.95,1279
1652846400,14229.7,14235.7,14162.7,14186.2,1823
1652860800,14185.2,14226.5,14146.5,14173.5,6423
1652875200,14174.5,14220.5,14091.5,14093.5,5215
1652889600,14094.5,14103.5,13945.7,13994.7,10678
1652904000,13993.7,13993.7,13820.31,13846.9,9199
1652918400,13842.92,13865.02,13775.13,13848.7,3098
1652932800,13852.2,13923.2,13818.7,13913.2,4222
1652947200,13914.2,13922.2,13689.9,13715.1,11596
1652961600,13714.1,13807.0,13675.2,13750.5,9804
1652976000,13749.7,13940.2,13721.7,13885.0,18213
1652990400,13884.0,13973.2,13843.2,13906.9,13161
1653004800,13922.01,13970.0,13904.91,13940.5,1910
1653019200,13940.0,14014.0,13936.25,14006.0,2970
1653033600,14005.0,14122.8,13945.8,14104.8,7933
1653048000,14102.8,14149.8,14080.2,14108.2,5119
1653062400,14107.2,14130.7,13861.7,13889.5,13891
1653076800,13888.7,14051.9,13844.7,14049.9,13044
1653264000,14105.0,14143.9,14074.46,14131.7,2825
1653278400,14135.7,14149.7,14074.3,14110.8,2545
1653292800,14111.8,14219.6,14052.9,14060.1,9974
1653307200,14061.1,14111.1,14016.1,14072.1,7353
1653321600,14073.1,14191.7,14040.7,14147.7,13311
1653336000,14148.7,14186.51,14112.7,14167.7,7719
1653350400,14047.27,14131.7,14041.29,14098.7,2629
1653364800,14099.7,14127.7,14074.7,14079.7,2351
1653379200,14078.2,14090.7,13976.0,14007.0,9466
1653393600,14008.0,14099.0,13989.0,14053.9,6179
1653408000,14054.9,14056.9,13898.9,13957.9,14447
1653422400,13956.9,14038.3,13926.9,14014.1,10683
1653436800,14027.8,14056.97,13981.7,14021.3,1784
1653451200,14020.3,14071.8,14018.3,14044.8,2253
1653465600,14041.8,14054.8,13912.1,13933.6,7366
1653480000,13934.6,13971.6,13860.6,13930.6,6710
1653494400,13929.6,14045.6,13922.6,14010.6,10933
1653508800,14009.6,14096.6,13977.6,14005.8,11021
1653523200,14028.6,14095.6,14012.78,14089.1,1861
1653537600,14090.1,14094.6,13998.6,14003.6,3143
1653552000,14002.6,14089.4,13977.4,14055.4,5411
1653566400,14054.4,14143.4,14041.4,14125.4,5325
1653580800,14126.4,14276.1,14090.4,14274.1,8146
1653595200,14275.1,14286.1,14230.58,14240.3,5314
1653609600,14243.1,14271.1,14216.1,14239.1,1684
1653624000,14240.1,14276.1,14239.1,14263.1,1954
1653638400,14262.1,14335.9,14224.5,14317.9,5920
1653652800,14316.9,14374.3,14289.9,14368.3,4576
1653667200,14369.3,14495.3,14366.3,14467.3,7124
1653681600,14466.3,14520.94,14448.3,14515.5,4145
1653868800,14494.9,14536.88,14479.9,14508.9,1908
1653883200,14509.9,14536.9,14491.9,14535.9,1919
1653897600,14534.9,14602.7,14527.9,14545.1,4989
1653912000,14546.1,14581.1,14511.1,14530.1,3514
1653926400,14529.1,14580.7,14503.1,14562.7,3731
1653940800,14563.7,14582.7,14559.7,14575.8,348
1653955200,14557.7,14580.2,14517.2,14537.45,2316
1653969600,14538.7,14572.2,14510.7,14539.2,2701
1653984000,14541.2,14549.2,14456.0,14526.0,6645
1653998400,14525.0,14525.0,14388.5,14389.5,5514
1654012800,14388.5,14466.3,14351.3,14452.3,11089
1654027200,14451.3,14472.7,14387.9,14417.9,8105
1654041600,14429.7,14491.1,14417.7,14470.7,1461
1654056000,14469.7,14493.7,14439.7,14473.7,1888
1654070400,14474.7,14493.5,14376.0,14407.0,6780
1654084800,14408.0,14465.8,14396.0,14448.8,4455
1654099200,14449.8,14480.8,14306.7,14348.2,10695
1654113600,14347.2,14423.2,14342.2,14355.4,7634
1654128000,14357.6,14382.7,14320.91,14373.7,1752
1654142400,14375.7,14380.7,14330.6,14349.6,1813
1654156800,14350.6,14462.1,14323.6,14432.1,4930
1654171200,14430.1,14471.9,14412.1,14451.1,4302
1654185600,14452.1,14544.7,14394.7,14539.7,9893
1654200000,14538.7,14604.39,14529.7,14594.9,4568
1654214400,14601.7,14680.59,14596.7,14599.7,1673
1654228800,14600.7,14622.2,14597.7,14601.7,1286
1654243200,14600.7,14617.7,14504.4,14540.4,4045
1654257600,14541.4,14545.4,14472.6,14487.6,5244
1654272000,14486.6,14503.6,14437.6,14503.6,9999
1654286400,14502.6,14517.6,14457.6,14480.8,5136
1654473600,14508.16,14513.16,14476.1,14499.1,1648
1654488000,14498.1,14557.1,14481.1,14554.1,2045
1654502400,14555.1,14613.7,14536.1,14609.7,4222
1654516800,14610.7,14663.2,14577.2,14649.2,3318
1654531200,14650.2,14706.2,14589.2,14624.2,8866
1654545600,14623.2,14642.2,14589.2,14618.34,6209
1654560000,14622.49,14625.49,14556.7,14570.2,1425
1654574400,14571.2,14580.2,14517.2,14537.2,2920
1654588800,14538.2,14583.0,14510.2,14532.0,5848
1654603200,14530.0,14536.0,14453.5,14466.0,5032
1654617600,14465.0,14573.5,14450.0,14564.0,8825
1654632000,14565.0,14602.0,14551.85,14572.11,3854
1654646400,14585.01,14609.0,14561.05,14605.0,1418
1654660800,14606.0,14624.5,14578.0,14579.0,2234
1654675200,14578.0,14613.0,14480.8,14522.8,5787
1654689600,14521.8,14526.8,14423.6,14429.6,4950
1654704000,14428.6,14454.6,14369.6,14404.6,8561
1654718400,14403.6,14404.6,14347.8,14373.0,5446
1654732800,14368.95,14390.65,14348.8,14348.8,1058
1654747200,14349.8,14367.8,14339.3,14355.8,1977
1654761600,14354.8,14381.1,14282.6,14381.1,6009
1654776000,14380.1,14417.3,14188.1,14206.1,7698
1654790400,14205.1,14266.4,14182.6,14220.6,12004
1654804800,14221.6,14228.1,14078.4,14099.8,5730
1654819200,14100.39,14106.47,14065.7,14072.7,1432
1654833600,14074.7,14102.2,14053.7,14064.7,1959
1654848000,14065.7,14126.5,13946.8,13953.8,8268
1654862400,13952.8,14040.0,13894.5,13895.5,8637
1654876800,13894.5,13940.5,13735.5,13780.5,13530
1654891200,13779.5,13845.5,13768.5,13801.73,7346
1655078400,13701.7,13709.7,13549.6,13551.6,2379
1655092800,13552.6,13571.6,13491.6,13528.6,3306
1655107200,13529.6,13643.5,13429.5,13433.5,12739
1655121600,13432.5,13515.5,13426.5,13453.5,9391
1655136000,13454.5,13550.5,13370.5,13469.5,14577
1655150400,13468.5,13525.5,13409.3,13457.19,10593
1655164800,13469.9,13503.9,13440.9,13484.9,1870
1655179200,13485.9,13536.9,13424.9,13521.9,3719
1655193600,13520.9,13598.7,13406.7,13414.7,9427
1655208000,13413.7,13432.7,13282.2,13419.7,9425
1655222400,13418.7,13459.2,13231.2,13271.2,13781
1655236800,13272.2,13328.2,13211.2,13310.45,8272
1655251200,13327.2,13372.73,13306.2,13313.2,1677
1655265600,13313.7,13388.2,13302.7,13334.7,2068
1655280000,13334.45,13502.2,13295.2,13467.2,9199
1655294400,13468.2,13498.7,13410.2,13498.7,8330
1655308800,13500.7,13558.7,13452.7,13452.7,9030
1655323200,13453.7,13609.5,13390.5,13543.53,15731
1655337600,13561.41,13652.5,13559.5,13636.5,1650
1655352000,13634.5,13663.2,13542.5,13543.5,2597
1655366400,13542.5,13545.5,13145.1,13146.3,12510
1655380800,13145.3,13158.5,13053.3,13104.1,11561
1655395200,13106.3,13118.3,12972.2,13029.0,13571
1655409600,13029.8,13064.2,12932.0,12987.4,6953
1655424000,13016.11,13059.2,12971.11,13018.7,2386
1655438400,13014.7,13158.7,13012.7,13146.7,3562
1655452800,13148.7,13192.0,13006.0,13160.0,11888
1655467200,13159.8,13225.0,13119.0,13123.0,8561
1655481600,13122.0,13169.0,13038.8,13123.0,14923
1655496000,13122.0,13194.0,13114.0,13153.2,10189
1655683200,13181.6,13224.41,13125.85,13131.2,2468
1655697600,13131.7,13140.1,13044.6,13089.6,3177
1655712000,13087.6,13207.5,13075.6,13171.2,8139
1655726400,13172.2,13189.4,13123.4,13174.4,5766
1655740800,13175.4,13280.4,13171.4,13249.2,4643
1655755200,13248.2,13266.4,13240.4,13252.5,460
1655769600,13238.4,13278.4,13230.9,13268.4,1720
1655784000,13267.4,13327.4,13241.4,13321.4,1317
1655798400,13322.4,13426.2,13282.2,13410.2,6555
1655812800,13411.2,13430.2,13277.7,13282.7,5139
1655827200,13281.7,13314.7,13235.2,13261.2,8728
1655841600,13262.2,13273.2,13218.2,13244.9,5171
1655856000,13219.7,13231.7,13183.7,13191.2,1311
1655870400,13191.95,13203.2,13100.7,13124.7,2271
1655884800,13123.7,13140.7,12955.3,12983.5,10064
1655899200,12982.5,13050.5,12974.3,13030.5,5929
1655913600,13031.5,13194.5,13008.5,13119.5,12136
1655928000,13120.5,13177.5,13089.7,13091.7,6590
1655942400,13095.4,13145.9,13020.4,13125.9,2007
1655956800,13124.9,13134.65,13036.9,13098.4,2628
1655971200,13099.4,13133.9,12921.0,12959.2,9658
1655985600,12961.2,13111.2,12959.2,12978.25,6585
1656000000,12977.25,13001.25,12825.25,12838.25,13442
1656014400,12839.25,12964.45,12823.05,12916.06,6741
1656028800,12923.25,12983.25,12905.51,12979.25,1711
1656043200,12977.5,13048.25,12968.25,13030.25,1705
1656057600,13031.25,13049.25,12893.05,12986.05,6620
1656072000,12985.05,13050.05,12960.05,12998.05,5063
1656086400,12997.05,13153.05,12994.05,13126.85,8091
1656100800,13128.05,13223.25,13124.05,13194.42,3314
1656288000,13211.65,13217.77,13138.2,13155.65,2299
1656302400,13154.65,13239.65,13154.65,13236.65,2080
1656316800,13235.65,13373.45,13163.05,13266.45,7111
1656331200,13267.45,13275.45,13165.45,13195.45,5055
1656345600,13197.45,13207.45,13115.45,13176.75,9644
1656360000,13177.75,13178.75,13112.45,13147.65,6218
1656374400,13133.35,13199.4,13131.35,13180.35,1133
1656388800,13179.35,13195.35,13107.35,13156.35,2526
1656403200,13155.35,13355.35,13152.35,13290.15,8455
1656417600,13292.15,13320.15,13244.15,13271.25,4839
1656432000,13272.25,13350.15,13156.15,13180.15,10115
1656446400,13179.15,13182.15,13092.35,13102.35,6147
1656460800,13113.95,13143.95,13088.95,13095.95,1557
1656475200,13094.95,13161.95,13087.95,13141.95,2209
1656489600,13142.95,13162.75,13013.75,13055.75,8802
1656504000,13054.75,13077.75,12932.75,13032.75,6667
1656518400,13029.75,13063.75,12956.75,12991.75,13030
1656532800,12992.75,13038.75,12969.75,12989.33,5659
1656547200,12978.75,12995.75,12944.39,12978.75,1327
1656561600,12977.75,12983.75,12938.75,12947.75,2526
1656576000,12948.75,12954.75,12655.55,12722.55,11097
1656590400,12723.55,12730.55,12607.05,12646.45,7233
1656604800,12647.45,12846.75,12602.45,12817.75,11577
1656619200,12818.75,12830.75,12744.75,12799.85,8678
1656633600,12780.85,12834.35,12761.85,12790.85,2108
1656648000,12789.85,12799.85,12651.35,12673.85,3676
1656662400,12674.85,12833.65,12612.65,12806.65,9999
1656676800,12807.65,12849.65,12725.65,12780.65,7248
1656691200,12781.65,12888.65,12741.65,12800.65,13969
1656705600,12799.65,12916.65,12799.65,12901.81,5977
1656892800,12877.46,12897.75,12834.53,12859.75,1969
1656907200,12859.25,12877.75,12803.75,12847.75,3080
1656921600,12848.75,12954.55,12781.35,12814.55,7186
1656936000,12813.55,12872.55,12802.55,12832.55,4514
1656950400,12833.55,12837.55,12728.55,12773.55,3637
1656964800,12772.35,12777.55,12759.55,12775.65,434
1656979200,12785.75,12891.25,12784.75,12886.75,2276
1656993600,12887.75,12899.75,12846.75,12866.75,2334
1657008000,12867.75,12878.55,12633.55,12634.55,8365
1657022400,12637.55,12674.55,12414.25,12436.05,8372
1657036800,12435.05,12536.05,12376.05,12423.05,14873
1657051200,12424.05,12564.05,12420.05,12539.25,6418
1657065600,12548.15,12613.15,12500.06,12602.65,1837
1657080000,12603.65,12624.15,12517.65,12558.15,2309
1657094400,12559.15,12659.95,12443.55,12532.95,9762
1657108800,12533.75,12603.95,12497.95,12554.95,6609
1657123200,12555.95,12659.95,12554.95,12590.95,12352
1657137600,12592.95,12677.95,12584.95,12644.15,8831
1657152000,12665.05,12669.05,12606.05,12636.05,1266
1657166400,12636.55,12719.55,12605.05,12708.55,2253
1657180800,12709.05,12819.45,12683.95,12781.25,7285
1657195200,12776.25,12830.45,12742.45,12811.45,6056
1657209600,12810.45,12861.45,12787.45,12840.45,8366
1657224000,12841.45,12867.45,12821.45,12841.65,3418
1657238400,12841.45,12869.7,12813.85,12867.45,1287
1657252800,12868.45,12877.95,12795.45,12839.45,2527
1657267200,12838.45,12846.25,12755.25,12788.25,5649
1657281600,12789.25,13011.25,12757.25,12908.25,7918
1657296000,12910.25,13008.25,12876.25,12928.25,10704
1657310400,12929.25,12988.25,12915.05,12967.95,4523
1657497600,12939.35,12961.85,12921.35,12951.85,1484
1657512000,12950.35,12951.85,12839.6,12849.85,2051
1657526400,12850.35,12900.15,12763.15,12888.15,7266
1657540800,12886.95,12928.15,12855.15,12873.15,4629
1657555200,12874.15,12905.15,12803.15,12862.15,10316
1657569600,12863.15,12905.15,12822.15,12833.21,4071
1657584000,12816.15,12837.15,12748.15,12752.15,1264
1657598400,12753.15,12774.15,12723.15,12732.15,2188
1657612800,12731.15,12767.05,12643.25,12751.05,7596
1657627200,12750.05,12761.95,12684.95,12737.95,6631
1657641600,12738.95,12934.95,12737.95,12917.95,10679
1657656000,12918.95,12926.95,12781.95,12800.15,4810
1657670400,12800.15,12855.95,12798.06,12840.95,1078
1657684800,12841.45,12860.95,12809.95,12835.95,2234
1657699200,12834.95,12841.45,12724.75,12813.75,6958
1657713600,12812.75,12849.45,12621.75,12705.75,8317
1657728000,12705.55,12791.75,12611.75,12790.75,15131
1657742400,12791.75,12814.75,12741.75,12748.94,7494
1657756800,12744.75,12744.75,12659.3,12715.75,1941
1657771200,12716.75,12802.75,12712.75,12784.75,2374
1657785600,12785.75,12792.75,12619.55,12649.55,8724
1657800000,12646.55,12694.35,12514.55,12531.35,9352
1657814400,12529.55,12570.85,12424.55,12491.55,13872
1657828800,12492.55,12600.05,12456.55,12593.75,5995
1657843200,12597.06,12636.55,12568.95,12583.55,1723
1657857600,12582.55,12648.55,12565.8,12634.55,2709
1657872000,12636.55,12762.35,12524.65,12730.35,8351
1657886400,12731.35,12765.35,12647.65,12732.35,7752
1657900800,12731.35,12873.85,12710.15,12808.85,10705
1657915200,12807.85,12857.96,12806.85,12853.96,3726
1658102400,12882.45,12895.28,12828.45,12835.45,1219
1658116800,12836.45,12925.45,12836.45,12923.45,1981
1658131200,12924.45,13058.25,12902.25,13054.25,6960
1658145600,13057.25,13058.25,12939.25,12960.25,4791
1658160000,12959.25,12979.25,12911.25,12938.25,8243
1658174400,12939.25,12943.25,12827.25,12860.01,5439
1658188800,12858.25,12884.25,12839.75,12858.75,1396
1658203200,12858.25,12884.25,12838.25,12840.25,1599
1658217600,12839.25,12931.85,12813.05,12885.55,7319
1658232000,12884.55,13027.65,12883.55,13022.65,5653
1658246400,13023.65,13355.75,13010.65,13275.75,9623
1658260800,13276.75,13362.1,13252.75,13355.76,3958
1658275200,13336.75,13439.75,13324.75,13386.25,1232
1658289600,13387.25,13428.75,13373.25,13402.75,1692
1658304000,13402.25,13405.75,13265.55,13316.55,8747
1658318400,13315.55,13367.55,13117.55,13204.75,8613
1658332800,13202.75,13299.75,13180.75,13223.75,10705
1658347200,13222.75,13227.75,13168.75,13176.77,7334
1658361600,13183.65,13220.4,13165.65,13213.65,1113
1658376000,13211.65,13275.65,13177.4,13266.65,2211
1658390400,13265.65,13360.9,13121.15,13187.45,9996
1658404800,13188.45,13283.35,13089.7,13227.15,8999
1658419200,13226.15,13262.35,13089.85,13245.35,15138
1658433600,13246.35,13257.35,13175.35,13202.55,6180
1658448000,13193.45,13213.45,13173.0,13210.95,1114
1658462400,13209.95,13219.45,13188.95,13196.45,1151
1658476800,13195.45,13288.35,13145.45,13252.25,8347
1658491200,13253.25,13330.45,13247.95,13308.25,5808
1658505600,13309.25,13361.25,13196.25,13200.25,11348
1658520000,13199.25,13204.25,13144.25,13154.45,5761
1658707200,13143.85,13194.85,13135.85,13145.85,1606
1658721600,13144.85,13171.85,13122.85,13164.85,1398
1658736000,13162.85,13245.15,13138.45,13233.95,7453
1658750400,13234.15,13329.15,13231.15,13293.35,5393
1658764800,13294.35,13295.35,13149.15,13228.15,10588
1658779200,13229.15,13237.85,13168.65,13196.06,4882
1658793600,13174.75,13185.75,13151.25,13159.75,1104
1658808000,13157.75,13199.75,13157.75,13183.75,1096
1658822400,13182.75,13192.3,13123.55,13161.05,5287
1658836800,13162.05,13199.05,13057.55,13116.55,5921
1658851200,13115.55,13137.55,13028.15,13102.55,9898
1658865600,13103.55,13120.55,13047.71,13101.96,5502
1658880000,13122.15,13212.5,13122.05,13158.55,1870
1658894400,13159.55,13173.95,13122.45,13167.45,1037
1658908800,13168.45,13174.45,13083.25,13103.25,6182
1658923200,13106.25,13193.75,13094.25,13176.75,4518
1658937600,13175.75,13203.75,13114.75,13120.75,7098
1658952000,13121.75,13256.75,13101.45,13227.54,9635
1658966400,13225.35,13229.35,13179.35,13198.35,1220
1658980800,13197.35,13232.35,13188.85,13219.35,1148
1658995200,13220.35,13240.15,13087.15,13111.15,7483
1659009600,13110.95,13195.15,13087.15,13157.15,5752
1659024000,13158.15,13301.15,13156.15,13287.15,9820
1659038400,13287.95,13496.86,13279.15,13438.26,5691
1659052800,13409.25,13420.25,13372.25,13381.75,1446
1659067200,13380.75,13396.75,13343.25,13347.25,1950
1659081600,13348.25,13396.05,13332.05,13378.05,6548
1659096000,13376.05,13453.75,13366.85,13433.75,5199
1659110400,13434.75,13510.75,13403.75,13489.75,9193
1659124800,13490.75,13543.85,13478.75,13531.25,3499
1659312000,13507.25,13507.25,13464.25,13485.25,1666
1659326400,13486.25,13495.25,13436.25,13443.75,1286
1659340800,13444.25,13544.05,13415.75,13518.05,4574
1659355200,13519.05,13568.05,13484.05,13487.05,3384
1659369600,13486.05,13560.05,13446.55,13462.55,9404
1659384000,13461.55,13487.55,13421.55,13479.25,5777
1659398400,13468.05,13480.05,13420.05,13421.05,1245
1659412800,13420.05,13437.05,13397.05,13428.05,2161
1659427200,13426.05,13435.05,13345.65,13386.85,5812
1659441600,13385.85,13418.35,13329.35,13417.35,4380
1659456000,13416.35,13503.65,13404.65,13498.65,9695
1659470400,13497.65,13498.65,13403.85,13423.95,6231
1659484800,13434.75,13446.75,13377.75,13401.75,1643
1659499200,13403.25,13437.75,13399.25,13429.75,1729
1659513600,13430.75,13471.15,13379.55,13440.55,5373
1659528000,13441.55,13506.55,13435.55,13501.35,4003
1659542400,13500.35,13617.35,13474.35,13612.35,8074
1659556800,13611.35,13638.35,13598.35,13615.55,4042
1659571200,13603.45,13659.95,13600.45,13643.95,1039
1659585600,13644.45,13644.45,13611.45,13631.45,999
1659600000,13631.95,13716.25,13604.25,13683.25,4584
1659614400,13684.25,13787.05,13670.25,13714.95,5078
1659628800,13713.95,13713.95,13622.45,13633.95,9042
1659643200,13634.95,13658.45,13621.45,13646.28,3933
1659657600,13644.25,13664.75,13636.25,13650.25,907
1659672000,13649.25,13677.25,13649.25,13675.25,752
1659686400,13676.25,13686.55,13626.05,13632.05,3385
1659700800,13633.05,13674.25,13561.05,13585.05,5475
1659715200,13583.05,13651.05,13549.55,13599.05,9244
1659729600,13600.05,13613.05,13573.05,13594.75,2772
1659916800,13594.85,13622.35,13570.85,13606.85,1423
1659931200,13604.85,13622.85,13589.35,13622.85,1169
1659945600,13623.85,13715.95,13609.68,13614.18,7051
1659960000,13614.68,13726.68,13601.73,13719.23,5787
1659974400,13718.73,13747.18,13622.3,13647.3,12431
1659988800,13646.8,13662.9,13618.3,13649.5,9048
1660003200,13661.2,13689.3,13653.0,13659.2,3078
1660017600,13660.7,13668.7,13631.2,13653.7,1868
1660032000,13653.2,13676.28,13618.18,13634.68,6086
1660046400,13634.63,13642.63,13513.68,13550.63,7328
1660060800,13552.63,13585.13,13519.1,13523.6,12615
1660075200,13523.1,13546.6,13512.6,13539.6,7291
1660089600,13535.3,13537.1,13507.8,13519.9,2700
1660104000,13520.4,13535.9,13505.4,13518.4,1740
1660118400,13517.4,13582.58,13454.33,13575.08,6838
1660132800,13575.58,13700.08,13545.58,13672.63,7311
1660147200,13672.13,13716.83,13626.43,13689.8,11664
1660161600,13690.3,13726.3,13683.8,13716.0,5041
1660176000,13712.8,13761.6,13703.8,13756.1,2422
1660190400,13755.6,13777.1,13751.0,13766.6,1386
1660204800,13765.1,13799.5,13658.08,13690.58,7566
1660219200,13691.08,13762.13,13666.08,13735.13,8032
1660233600,13735.63,13742.08,13662.58,13698.6,12428
1660248000,13699.6,13723.5,13631.9,13678.0,9192
1660262400,13677.8,13692.1,13657.35,13663.4,3113
1660276800,13665.4,13679.9,13653.3,13676.9,1431
1660291200,13676.4,13800.53,13674.2,13755.48,6226
1660305600,13754.98,13811.48,13716.98,13786.43,6848
1660320000,13785.93,13834.4,13746.43,13827.4,10905
1660334400,13826.4,13885.8,13824.9,13875.9,3750
1660521600,13855.99,13866.3,13837.3,13852.3,3105
1660536000,13851.8,13872.7,13842.2,13849.3,1198
1660550400,13850.8,13870.8,13769.68,13794.68,4631
1660564800,13794.73,13819.18,13735.58,13744.63,5680
1660579200,13744.13,13863.8,13743.63,13861.8,8840
1660593600,13862.8,13871.3,13838.8,13844.6,5136
1660608000,13839.7,13850.4,13815.1,13841.9,2261
1660622400,13842.0,13863.6,13827.6,13848.6,1145
1660636800,13851.6,13951.33,13826.1,13932.88,6620
1660651200,13933.83,13936.33,13827.88,13842.33,6881
1660665600,13842.98,13931.3,13821.83,13916.8,10119
1660680000,13917.3,13974.8,13904.7,13935.1,6765
1660694400,13928.7,13959.7,13922.7,13943.2,2814
1660708800,13941.7,13953.2,13929.7,13953.2,827
1660723200,13953.7,13962.7,13847.28,13850.78,6657
1660737600,13850.73,13866.73,13686.9,13689.48,9122
1660752000,13688.98,13710.48,13605.4,13669.9,12955
1660766400,13670.4,13709.8,13646.2,13659.5,8712
1660780800,13648.8,13654.3,13622.8,13634.7,3197
1660795200,13634.8,13655.3,13632.3,13634.8,837
1660809600,13636.3,13698.08,13610.7,13678.68,7215
1660824000,13679.68,13781.23,13676.68,13698.73,7649
1660838400,13699.73,13721.4,13647.93,13677.3,11506
1660852800,13678.3,13717.4,13674.4,13696.0,6317
1660867200,13688.0,13696.1,13662.3,13665.2,2318
1660881600,13665.3,13668.3,13635.3,13641.8,919
1660896000,13641.3,13659.83,13544.68,13591.23,8201
1660910400,13590.73,13645.68,13550.23,13615.13,9795
1660924800,13614.63,13647.13,13522.88,13562.3,10845
1660939200,13562.8,13566.9,13508.4,13530.95,5468
1661126400,13493.75,13509.0,13467.8,13484.4,3729
1661140800,13484.9,13530.0,13481.0,13494.5,1263
1661155200,13495.0,13512.53,13261.03,13308.73,9525
1661169600,13308.23,13357.68,13246.83,13249.78,8689
1661184000,13249.83,13269.18,13186.18,13246.5,10904
1661198400,13247.0,13252.5,13180.4,13216.9,6853
1661212800,13201.6,13245.3,13201.4,13219.4,2566
1661227200,13220.4,13242.8,13210.5,13213.5,1220
1661241600,13213.4,13299.28,13120.0,13254.28,8680
1661256000,13253.28,13283.28,13190.13,13209.13,7802
1661270400,13212.13,13272.18,13157.5,13210.0,12351
1661284800,13210.5,13218.0,13120.8,13140.2,7905
1661299200,13146.3,13160.85,13130.3,13130.3,2724
1661313600,13131.3,13139.0,13084.0,13133.0,1599
1661328000,13132.0,13216.48,13079.98,13187.13,8069
1661342400,13187.63,13221.93,13131.93,13192.43,8362
1661356800,13193.43,13241.3,13163.43,13188.3,10894
1661371200,13187.8,13211.9,13166.3,13196.9,6476
1661385600,13202.2,13215.8,13185.7,13213.8,2342
1661400000,13213.3,13271.7,13210.8,13269.8,1356
1661414400,13270.8,13370.5,13250.1,13306.48,7335
1661428800,13305.98,13313.53,13208.98,13233.03,7880
1661443200,13233.53,13315.03,13214.03,13275.4,11509
1661457600,13275.9,13347.9,13268.8,13315.8,5956
1661472000,13320.8,13340.5,13312.25,13332.3,2702
1661486400,13331.8,13342.3,13318.8,13319.3,1485
1661500800,13320.3,13375.88,13249.28,13264.73,7239
1661515200,13265.73,13291.28,13204.78,13288.28,8675
1661529600,13287.78,13343.23,12924.9,12973.2,17239
1661544000,12972.7,12981.1,12840.35,12844.35,7547
1661731200,12746.94,12773.4,12710.2,12724.2,6453
1661745600,12724.7,12794.1,12702.2,12770.2,3089
1661760000,12771.7,12856.68,12755.68,12770.68,8382
1661774400,12771.18,12890.03,12757.68,12855.48,8963
1661788800,12855.98,12942.98,12844.48,12933.4,14703
1661803200,12933.9,12946.2,12893.7,12919.8,9148
1661817600,12917.1,12936.5,12889.8,12917.3,2963
1661832000,12918.3,12980.9,12909.3,12965.3,2424
1661846400,12966.3,13106.03,12906.2,13084.78,8745
1661860800,13085.78,13157.28,13058.23,13066.73,8934
1661875200,13067.23,13078.28,12880.28,12923.5,16385
1661889600,12923.0,12957.9,12883.9,12928.5,10916
1661904000,12921.7,12973.2,12915.3,12966.2,3179
1661918400,12965.7,13039.6,12958.6,13024.5,1990
1661932800,13025.5,13050.9,12886.38,12919.88,9028
1661947200,12919.93,12971.98,12815.38,12961.48,10947
1661961600,12961.53,12986.48,12817.3,12842.8,16596
1661976000,12842.3,12869.3,12797.4,12828.8,10128
1661990400,12827.9,12829.2,12721.8,12748.6,5198
1662004800,12749.1,12759.8,12724.3,12753.7,2676
1662019200,12753.8,12777.2,12608.98,12627.48,9554
1662033600,12628.53,12717.73,12627.53,12683.23,9531
1662048000,12681.73,12694.18,12600.68,12644.0,15395
1662062400,12644.5,12786.5,12640.0,12780.8,10856
1662076800,12793.9,12799.3,12755.5,12771.0,3576
1662091200,12769.0,12786.4,12747.0,12784.6,2286
1662105600,12787.1,12840.88,12712.7,12822.43,9256
1662120000,12821.43,12905.13,12750.43,12900.13,10351
1662134400,12900.63,13055.0,12784.0,12792.0,16649
1662148800,12790.0,12790.0,12633.0,12704.44,10266
1662336000,12682.45,12721.8,12592.8,12616.3,5320
1662350400,12616.8,12650.8,12608.8,12636.4,2819
1662364800,12637.4,12719.28,12590.8,12718.43,9345
1662379200,12718.48,12783.48,12689.43,12757.48,8889
1662393600,12756.93,12797.43,12739.2,12755.7,7729
1662408000,12755.2,12760.2,12734.65,12734.65,507
1662422400,12738.5,12826.6,12734.2,12819.4,4216
1662436800,12820.4,12829.4,12743.9,12749.2,2564
1662451200,12748.2,12899.98,12723.9,12823.43,9232
1662465600,12822.93,12930.93,12773.98,12894.83,9120
1662480000,12896.33,12921.38,12770.88,12841.6,17655
1662494400,12841.1,12851.5,12785.0,12798.6,11763
1662508800,12800.3,12810.6,12702.6,12717.0,3571
1662523200,12715.5,12741.1,12700.4,12730.7,3683
1662537600,12729.7,12867.38,12718.8,12865.38,9603
1662552000,12865.43,12865.93,12760.88,12795.38,9778
1662566400,12795.88,12957.48,12774.43,12908.3,12868
1662580800,12909.3,12993.9,12905.3,12986.5,8335
1662595200,12994.5,12999.3,12955.95,12976.8,2814
1662609600,12976.8,12996.1,12962.4,12995.4,2734
1662624000,12994.9,13040.0,12894.48,12925.33,8847
1662638400,12925.83,12931.83,12710.73,12730.23,10428
1662652800,12732.23,12949.73,12687.18,12808.4,16881
1662667200,12808.9,12874.8,12776.4,12871.7,10100
1662681600,12860.1,12908.4,12853.8,12895.1,2392
1662696000,12896.1,12929.9,12870.0,12929.9,2682
1662710400,12928.9,13122.48,12883.8,13112.53,9209
1662724800,13113.53,13123.48,13034.98,13104.53,8769
1662739200,13105.03,13121.98,13035.48,13084.9,13727
1662753600,13085.9,13137.0,13077.9,13107.95,5670
1662940800,13166.04,13195.3,13124.5,13184.8,2344
1662955200,13185.3,13197.8,13166.6,13167.3,1726
1662969600,13167.8,13310.28,13144.7,13305.23,9282
1662984000,13304.73,13333.08,13269.03,13325.53,8179
1662998400,13326.03,13446.08,13318.53,13399.9,12788
1663012800,13400.4,13422.6,13379.8,13421.6,8317
1663027200,13434.0,13434.6,13398.0,13410.5,2133
1663041600,13411.5,13416.0,13373.4,13380.0,1829
1663056000,13378.0,13469.53,13374.9,13429.18,8005
1663070400,13429.23,13562.33,13294.83,13294.83,10522
1663084800,13293.83,13324.78,13166.3,13214.9,15974
1663099200,13212.9,13226.0,13067.3,13082.5,10278
1663113600,13089.8,13114.9,13044.9,13060.4,3727
1663128000,13060.9,13111.7,13060.9,13083.9,2214
1663142400,13085.4,13195.88,13050.1,13170.48,8161
1663156800,13169.48,13175.53,13009.88,13040.43,8899
1663171200,13038.93,13086.6,12950.38,13084.7,16209
1663185600,13085.7,13102.0,12986.1,13101.8,8735
1663200000,13078.7,13095.5,13048.9,13064.1,2564
1663214400,13063.6,13075.1,13038.1,13044.1,496
1663228800,13044.6,13112.18,13027.9,13065.53,5670
1663243200,13066.53,13088.98,12956.45,12989.93,7881
1663257600,12990.43,13053.98,12925.48,12974.5,15992
1663272000,12975.5,13022.0,12883.4,12886.3,7753
1663286400,12840.0,12892.5,12823.9,12871.2,3952
1663300800,12872.7,12882.9,12847.9,12854.9,1967
1663315200,12856.9,12875.2,12695.98,12712.53,8060
1663329600,12712.03,12794.98,12709.53,12719.08,9358
1663344000,12719.58,12814.28,12689.0,12727.6,15908
1663358400,12727.1,12784.91,12701.1,12766.19,9937
1663545600,12775.63,12799.8,12743.9,12788.9,3441
1663560000,12789.9,12794.3,12719.5,12766.0,1988
1663574400,12765.0,12779.6,12631.03,12651.83,5420
1663588800,12650.83,12717.18,12602.83,12694.13,5799
1663603200,12695.13,12870.18,12667.68,12840.0,11631
1663617600,12839.5,12893.7,12810.9,12883.5,8973
1663632000,12881.1,12920.5,12877.7,12889.6,3236
1663646400,12889.1,12895.4,12863.5,12887.4,1849
1663660800,12886.4,12940.38,12743.38,12750.38,7990
1663675200,12748.38,12762.43,12674.38,12697.43,9843
1663689600,12694.93,12714.93,12631.3,12649.2,14027
1663704000,12648.2,12658.7,12538.8,12638.5,10817
1663718400,12636.6,12654.3,12618.45,12637.3,3164
1663732800,12636.8,12643.5,12605.7,12624.2,2202
1663747200,12625.2,12660.2,12517.23,12643.48,9780
1663761600,12641.43,12701.93,12617.48,12684.93,7634
1663776000,12685.43,12800.8,12660.43,12769.5,11379
1663790400,12768.5,12861.2,12549.2,12576.2,17312
1663804800,12585.5,12585.5,12479.3,12486.3,5215
1663819200,12487.3,12521.5,12445.8,12515.7,3826
1663833600,12512.7,12783.58,12512.1,12747.08,10989
1663848000,12745.08,12751.03,12609.58,12706.03,11421
1663862400,12704.53,12708.03,12521.6,12574.7,17563
1663876800,12573.7,12641.1,12532.1,12589.8,12613
1663891200,12593.6,12621.4,12583.4,12605.4,3537
1663905600,12604.4,12608.6,12518.0,12526.1,3101
1663920000,12525.1,12591.9,12415.48,12418.48,8504
1663934400,12418.43,12429.48,12179.43,12278.93,12689
1663948800,12278.43,12361.98,12232.4,12313.3,16307
1663963200,12313.8,12329.3,12236.3,12299.11,11422
1664150400,12232.06,12309.7,12224.3,12231.3,6147
1664164800,12229.8,12283.3,12192.3,12202.3,4699
1664179200,12203.8,12353.38,12162.8,12323.08,11022
1664193600,12324.08,12345.13,12182.08,12307.63,10771
1664208000,12307.13,12368.88,12200.2,12244.2,17514
1664222400,12243.2,12263.2,12181.2,12209.6,13831
1664236800,12209.1,12298.2,12201.7,12295.2,4474
1664251200,12296.2,12318.2,12279.7,12295.7,3385
1664265600,12296.7,12414.78,12255.58,12256.58,10315
1664280000,12256.08,12354.58,12214.53,12282.53,11343
1664294400,12282.58,12310.08,11983.2,12073.2,19392
1664308800,12068.2,12116.0,12018.7,12102.1,12606
1664323200,12112.7,12145.8,12087.8,12115.8,4647
1664337600,12116.3,12131.8,11956.3,12002.8,5732
1664352000,12002.3,12066.5,11911.28,11979.38,12253
1664366400,11977.43,12130.88,11860.43,12078.43,16980
1664380800,12074.43,12270.1,12050.43,12235.6,17250
1664395200,12237.1,12321.7,12223.6,12283.0,10227
1664409600,12293.9,12306.4,12260.1,12273.6,4394
1664424000,12272.1,12287.1,12220.6,12278.8,3806
1664438400,12279.8,12283.6,11939.88,11981.38,11903
1664452800,11980.38,12087.78,11963.58,11987.03,13293
1664467200,11988.03,12021.7,11865.08,11973.7,18577
1664481600,11973.2,12026.6,11908.7,11999.7,11850
1664496000,12017.7,12049.4,11961.3,11985.3,5505
1664510400,11985.8,12009.3,11916.8,11932.3,5390
1664524800,11932.8,12134.48,11926.3,12109.98,11542
1664539200,12110.98,12117.43,11970.98,12055.93,13878
1664553600,12054.93,12138.48,11997.98,12046.1,18713
1664568000,12046.6,12053.6,11946.45,11954.45,12008
1664755200,11905.32,11991.0,11807.1,11823.6,7594
1664769600,11822.6,11947.6,11822.1,11921.2,4726
1664784000,11920.7,12038.9,11887.18,11973.98,11244
1664798400,11973.43,12142.85,11940.93,12136.8,11648
1664812800,12137.8,12228.85,12100.35,12188.1,17088
1664827200,12188.6,12274.8,12184.2,12232.6,9565
1664841600,12239.5,12337.2,12206.2,12333.2,5006
1664856000,12332.2,12409.7,12304.2,12391.4,4074
1664870400,12390.4,12511.4,12348.1,12510.45,11011
1664884800,12509.45,12609.45,12500.4,12558.95,11978
1664899200,12559.45,12675.6,12531.45,12624.1,15364
1664913600,12623.6,12658.1,12570.1,12638.6,12562
1664928000,12627.8,12628.6,12589.7,12608.7,4015
1664942400,12607.7,12631.7,12580.2,12599.0,4848
1664956800,12597.5,12664.35,12528.05,12571.05,10161
1664971200,12574.1,12602.05,12510.1,12517.1,11522
1664985600,12516.6,12609.3,12454.95,12587.8,16969
1665000000,12588.3,12664.8,12578.3,12590.3,11911
1665014400,12582.5,12700.8,12574.0,12680.3,4380
1665028800,12681.3,12700.8,12651.3,12689.0,5596
1665043200,12689.5,12696.9,12535.15,12546.65,11026
1665057600,12547.15,12554.15,12451.15,12506.15,11373
1665072000,12504.65,12536.15,12418.15,12501.5,17719
1665086400,12502.0,12510.5,12409.6,12414.7,13185
1665100800,12419.2,12437.5,12396.5,12428.5,4425
1665115200,12429.5,12483.5,12422.5,12433.2,4321
1665129600,12434.2,12475.35,12392.3,12464.5,10384
1665144000,12461.5,12498.0,12325.55,12371.0,11511
1665158400,12371.5,12407.0,12234.4,12246.9,17470
1665172800,12247.4,12263.0,12195.9,12218.8,10011
1665360000,12167.32,12214.8,12131.7,12202.3,7087
1665374400,12201.8,12224.3,12178.3,12205.0,4030
1665388800,12204.0,12291.75,12121.6,12248.95,14292
1665403200,12250.95,12410.45,12248.5,12407.5,14153
1665417600,12407.0,12412.5,12231.4,12235.4,25826
1665432000,12234.9,12343.8,12215.9,12309.8,18384
1665446400,12303.3,12331.6,12244.05,12302.3,6113
1665460800,12301.8,12314.8,12209.8,12218.8,8096
1665475200,12217.9,12278.6,12132.55,12147.55,17636
1665489600,12148.5,12262.55,12096.55,12210.0,18578
1665504000,12209.0,12281.3,12097.05,12264.8,27509
1665518400,12265.3,12272.8,12105.8,12162.1,23341
1665532800,12162.0,12190.9,12125.7,12183.9,5611
1665547200,12184.9,12202.9,12122.9,12188.0,6548
1665561600,12187.5,12276.0,12101.15,12222.05,18743
1665576000,12221.55,12301.0,12162.05,12173.0,19899
1665590400,12174.0,12231.55,12134.0,12199.8,28586
1665604800,12199.3,12212.8,12145.85,12177.5,19477
1665619200,12181.2,12200.3,12163.2,12186.8,4166
1665633600,12187.8,12191.5,12139.3,12141.9,3317
1665648000,12140.9,12244.55,12097.8,12232.6,12896
1665662400,12230.1,12371.1,12015.05,12066.1,20601
1665676800,12065.1,12463.9,11995.05,12424.4,39979
1665691200,12425.4,12495.9,12414.9,12455.4,20225
1665705600,12465.4,12478.5,12416.9,12461.9,6862
1665720000,12460.9,12624.4,12457.9,12587.3,6169
1665734400,12586.3,12607.2,12424.65,12431.15,18238
1665748800,12430.65,12611.15,12394.65,12592.6,21685
1665763200,12593.6,12680.65,12377.9,12409.5,35435
1665777600,12410.0,12436.4,12332.95,12337.05,18246
1665964800,12365.77,12426.1,12362.9,12393.0,7739
1665979200,12395.5,12429.0,12381.5,12413.7,5508
1665993600,12412.7,12510.75,12392.45,12483.75,15747
1666008000,12482.75,12620.25,12464.8,12612.3,15238
1666022400,12612.25,12718.25,12606.9,12616.4,23593
1666036800,12616.9,12678.4,12604.4,12674.4,14919
1666051200,12702.5,12747.6,12687.6,12699.8,6610
1666065600,12698.8,12833.4,12650.8,12801.4,5745
1666080000,12800.4,12859.9,12740.35,12808.85,15014
1666094400,12808.9,12927.0,12745.35,12918.95,18111
1666108800,12918.45,12935.5,12744.8,12793.8,26360
1666123200,12797.8,12900.4,12749.8,12898.7,23146
1666137600,12880.0,12940.5,12840.35,12906.1,7789
1666152000,12906.6,12945.1,12875.0,12881.4,4921
1666166400,12880.9,12891.6,12706.75,12736.75,15980
1666180800,12733.25,12808.75,12719.25,12744.3,19298
1666195200,12744.8,12798.75,12695.6,12704.2,25727
1666209600,12703.2,12775.3,12668.6,12741.4,20555
1666224000,12729.1,12742.3,12666.7,12682.8,6904
1666238400,12682.3,12720.7,12646.2,12699.2,6182
1666252800,12697.2,12758.7,12627.55,12633.05,17517
1666267200,12633.55,12756.95,12633.5,12685.9,19237
1666281600,12686.4,12819.55,12685.4,12702.9,25583
1666296000,12701.9,12705.9,12647.18,12664.1,19073
1666310400,12655.4,12655.8,12603.4,12639.4,7188
1666324800,12640.4,12655.4,12610.4,12624.3,4272
1666339200,12623.8,12694.85,12548.65,12569.65,12850
1666353600,12570.65,12625.1,12543.6,12589.4,19186
1666368000,12588.4,12785.4,12588.4,12771.7,38231
1666382400,12772.2,12859.88,12770.7,12854.45,12196
1666569600,12944.5,12972.6,12874.3,12886.8,14378
1666584000,12887.3,12892.5,12796.7,12835.7,6707
1666598400,12834.7,12934.2,12744.25,12790.75,18614
1666612800,12791.25,13002.7,12760.25,13002.7,20789
1666627200,13002.2,13023.85,12845.35,12955.8,30675
1666641600,12956.3,12983.35,12906.9,12911.6,13497
1666656000,12912.9,12952.8,12909.3,12941.8,7284
1666670400,12940.8,12945.3,12882.8,12932.3,6085
1666684800,12931.8,12996.75,12871.35,12871.85,14921
1666699200,12872.35,12882.9,12784.85,12822.9,15181
1666713600,12822.4,13075.3,12821.85,13047.3,18971
1666728000,13047.8,13097.8,13016.0,13041.8,15891
1666742400,12998.0,13035.8,12972.3,13029.5,8545
1666756800,13029.0,13084.5,13015.3,13053.7,5728
1666771200,13053.2,13148.45,13018.8,13135.95,15877
1666785600,13135.45,13140.4,13038.1,13066.6,16584
1666800000,13067.1,13219.1,13049.15,13162.5,23045
1666814400,13162.0,13185.6,13120.5,13161.6,18665
1666828800,13133.7,13199.1,13130.2,13150.4,7028
1666843200,13149.4,13175.1,13124.9,13169.8,5783
1666857600,13168.8,13193.9,13135.45,13155.25,14486
1666872000,13155.75,13186.3,13056.0,13166.8,17472
1666886400,13167.3,13260.75,13137.25,13204.2,28738
1666900800,13205.2,13234.6,13031.1,13113.8,21447
1666915200,13119.5,13151.4,13098.9,13138.8,9575
1666929600,13139.3,13182.8,13125.4,13139.8,6211
1666944000,13138.8,13138.8,13049.3,13107.75,16071
1666958400,13108.25,13234.8,13059.8,13158.3,17097
1666972800,13159.3,13302.1,13141.8,13298.1,23341
1666987200,13298.6,13377.16,13295.55,13375.16,8614
1667174400,13320.85,13342.4,13296.5,13300.4,7688
1667188800,13299.9,13319.9,13278.3,13300.7,5168
1667203200,13301.2,13316.3,13214.45,13237.7,7107
1667217600,13237.2,13292.15,13229.7,13269.15,11316
1667232000,13269.2,13308.45,13238.95,13256.6,21080
1667246400,13256.1,13289.0,13230.5,13256.1,11790
1667260800,13249.2,13303.7,13246.5,13295.3,6139
1667275200,13294.8,13357.4,13294.3,13342.0,4633
1667289600,13341.0,13421.95,13328.45,13389.85,10598
1667304000,13390.35,13439.85,13355.85,13421.6,11891
1667318400,13421.55,13444.55,13282.55,13351.8,25496
1667332800,13351.3,13378.3,13337.4,13346.9,11762
1667347200,13353.3,13391.9,13347.1,13384.0,6057
1667361600,13384.5,13417.4,13375.1,13405.9,4587
1667376000,13406.4,13416.0,13348.45,13352.95,8489
1667390400,13352.9,13362.95,13295.95,13318.2,13377
1667404800,13318.7,13318.75,13248.75,13271.7,17039
1667419200,13272.2,13357.0,13132.7,13144.7,22718
1667433600,13133.8,13142.6,13102.25,13141.1,7734
1667448000,13143.1,13181.7,13134.6,13178.7,4486
1667462400,13179.2,13195.6,13113.15,13163.95,12222
1667476800,13163.45,13191.95,13020.25,13023.25,16789
1667491200,13023.2,13149.7,13020.7,13142.7,25980
1667505600,13143.2,13150.5,13102.0,13126.5,9907
1667520000,13110.3,13129.1,13092.6,13112.6,6200
1667534400,13113.1,13169.5,13096.4,13167.9,4814
1667548800,13168.4,13246.15,13160.6,13244.65,11664
1667563200,13245.15,13406.25,13244.15,13403.25,17750
1667577600,13403.75,13547.25,13388.3,13460.1,29242
1667592000,13459.1,13502.7,13369.6,13487.3,16492
1667779200,13424.45,13452.1,13396.1,13439.1,7619
1667793600,13440.1,13471.3,13418.1,13445.7,4905
1667808000,13444.2,13594.35,13386.1,13548.85,13469
1667822400,13548.35,13613.3,13537.85,13551.3,12149
1667836800,13550.8,13567.8,13496.8,13515.85,19561
1667851200,13515.35,13573.8,13514.85,13519.9,9267
1667865600,13525.4,13591.3,13522.6,13571.0,4472
1667880000,13570.0,13572.5,13522.3,13534.3,3075
1667894400,13533.8,13581.65,13488.3,13566.65,10526
1667908800,13566.15,13607.65,13554.7,13599.7,9387
1667923200,13598.7,13701.45,13597.65,13677.5,12172
1667937600,13678.0,13692.5,13562.3,13642.8,16038
1667952000,13635.9,13675.3,13628.25,13651.6,6555
1667966400,13651.1,13670.5,13625.1,13644.6,5292
1667980800,13644.1,13679.0,13571.85,13583.35,12873
1667995200,13582.85,13633.4,13555.4,13618.4,11965
1668009600,13616.9,13692.35,13605.4,13658.4,18702
1668024000,13657.9,13664.3,13569.0,13583.5,13486
1668038400,13581.9,13604.3,13578.0,13592.8,5110
1668052800,13592.3,13610.1,13569.1,13602.9,3273
1668067200,13602.4,13673.4,13585.4,13648.35,10428
1668081600,13648.4,14142.4,13631.85,14017.4,14874
1668096000,14018.4,14172.3,13983.85,14088.9,25908
1668110400,14090.4,14212.4,14089.9,14212.0,13416
1668124800,14206.1,14234.5,14145.1,14148.7,6069
1668139200,14149.2,14277.7,14149.2,14275.6,3931
1668153600,14275.1,14292.6,14168.5,14211.85,14722
1668168000,14211.9,14243.9,14174.95,14205.0,12850
1668182400,14204.5,14292.3,14177.5,14281.35,21965
1668196800,14280.85,14331.9,14280.85,14317.37,9820
1668384000,14278.07,14299.9,14260.3,14271.2,6389
1668398400,14272.2,14290.9,14255.2,14256.2,4686
1668412800,14258.2,14332.45,14243.35,14257.65,11887
1668427200,14257.15,14320.05,14242.55,14310.0,8850
1668441600,14310.5,14433.05,14292.7,14309.3,16975
1668456000,14309.8,14345.35,14241.9,14259.2,10159
1668470400,14266.9,14279.2,14243.6,14272.6,4561
1668484800,14273.1,14324.3,14268.5,14316.5,3845
1668499200,14316.0,14397.45,14266.65,14290.65,11793
1668513600,14290.15,14442.0,14263.15,14400.05,12736
1668528000,14400.55,14426.0,14327.05,14383.2,21187
1668542400,14384.2,14391.25,14123.5,14242.0,25586
1668556800,14225.2,14268.1,14180.0,14207.9,5427
1668571200,14207.4,14343.4,14198.1,14337.9,4583
1668585600,14338.9,14384.8,14261.6,14267.15,11377
1668600000,14267.1,14321.65,14213.6,14260.6,13811
1668614400,14260.1,14278.1,14193.0,14265.4,19371
1668628800,14264.9,14274.7,14225.0,14246.8,12233
1668643200,14258.8,14271.55,14226.2,14234.2,3226
1668657600,14232.2,14257.7,14222.2,14246.7,2543
1668672000,14246.2,14383.2,14245.7,14262.35,11109
1668686400,14262.85,14280.35,14148.9,14155.4,15964
1668700800,14156.4,14329.6,14149.4,14324.5,18480
1668715200,14325.0,14342.3,14276.75,14338.4,11875
1668729600,14325.9,14348.1,14302.2,14326.0,3631
1668744000,14325.5,14350.0,14305.6,14319.9,2310
1668758400,14320.4,14426.95,14297.75,14373.95,10816
1668772800,14374.45,14457.9,14358.9,14432.1,11952
1668787200,14431.6,14443.1,14366.65,14394.1,17330
1668801600,14393.6,14456.65,14390.6,14438.22,8266
1668988800,14466.25,14467.25,14371.4,14374.3,4240
1669003200,14373.3,14386.6,14364.4,14385.6,4047
1669017600,14386.1,14410.4,14341.05,14362.05,11182
1669032000,14362.5,14380.5,14319.55,14364.0,9370
1669046400,14363.5,14426.5,14355.05,14396.0,16581
1669060800,14395.0,14432.4,14395.0,14409.8,10346
1669075200,14412.2,14454.3,14400.3,14428.2,3761
1669089600,14428.3,14430.2,14388.8,14395.2,3615
1669104000,14394.7,14485.45,14341.2,14468.45,11750
1669118400,14468.95,14473.5,14363.3,14400.8,9975
1669132800,14400.3,14453.1,14400.3,14434.6,13742
1669147200,14435.1,14483.1,14429.1,14474.6,7412
1669161600,14476.9,14490.4,14463.7,14476.8,2739
1669176000,14476.8,14484.8,14466.3,14478.7,2397
1669190400,14479.2,14482.7,14373.2,14431.75,8352
1669204800,14432.25,14435.7,14358.7,14395.2,9398
1669219200,14395.7,14447.75,14377.2,14386.2,15318
1669233600,14386.7,14451.0,14380.2,14446.4,12363
1669248000,14441.1,14471.5,14432.3,14455.4,2476
1669262400,14454.9,14463.5,14446.0,14452.5,1708
1669276800,14452.0,14553.25,14438.5,14534.25,7614
1669291200,14534.3,14575.3,14508.8,14521.3,7259
1669305600,14521.8,14556.3,14489.3,14537.3,5801
1669320000,14538.3,14556.9,14537.3,14555.9,243
1669334400,14542.6,14550.8,14522.0,14538.5,1681
1669348800,14537.5,14544.0,14527.0,14537.5,1373
1669363200,14538.0,14583.95,14502.05,14508.05,7507
1669377600,14508.1,14568.05,14497.1,14524.1,7462
1669392000,14524.6,14557.8,14513.75,14538.3,9340
1669406400,14538.8,14551.8,14537.3,14547.3,626
1669593600,14505.1,14514.9,14440.0,14446.7,3367
1669608000,14447.2,14472.3,14436.8,14457.3,2020
1669622400,14457.8,14514.7,14389.45,14392.95,10172
1669636800,14392.45,14431.85,14380.4,14404.85,9360
1669651200,14404.35,14438.0,14371.85,14389.5,15118
1669665600,14388.0,14393.0,14338.0,14362.3,7038
1669680000,14354.2,14365.1,14339.3,14364.6,3028
1669694400,14365.1,14405.3,14357.8,14403.3,2083
1669708800,14402.8,14470.2,14324.65,14342.15,11003
1669723200,14342.65,14425.65,14342.65,14382.7,10669
1669737600,14383.2,14415.7,14336.65,14412.7,16054
1669752000,14411.7,14427.15,14392.7,14410.3,9234
1669766400,14406.5,14418.7,14378.9,14413.9,2820
1669780800,14412.9,14431.3,14404.7,14412.3,1479
1669795200,14413.3,14488.05,14378.1,14411.55,10346
1669809600,14411.6,14439.05,14359.2,14383.7,11045
1669824000,14384.2,14417.7,14354.15,14381.2,15437
1669838400,14380.7,14587.2,14362.6,14582.3,20120
1669852800,14587.7,14604.9,14565.9,14579.7,4217
1669867200,14580.2,14599.2,14568.3,14589.6,2768
1669881600,14590.1,14594.1,14416.4,14459.95,11736
1669896000,14460.45,14546.9,14434.4,14513.9,10953
1669910400,14514.4,14539.55,14428.55,14492.55,20543
1669924800,14492.5,14508.5,14468.6,14484.7,11551
1669939200,14476.55,14481.55,14425.55,14435.55,1561
1669953600,14434.55,14457.55,14426.55,14434.55,1710
1669968000,14435.55,14530.85,14432.05,14528.85,5958
1669982400,14528.85,14583.35,14359.85,14469.35,9694
1669996800,14469.35,14548.35,14442.85,14527.35,13174
1670011200,14527.35,14566.35,14512.35,14518.55,4910
1670198400,14542.35,14550.35,14522.35,14534.35,2290
1670212800,14534.35,14542.85,14524.35,14536.35,1726
1670227200,14535.35,14539.85,14437.15,14470.15,6664
1670241600,14470.15,14481.15,14421.95,14430.95,6480
1670256000,14430.95,14482.65,14388.45,14435.15,10028
1670270400,14436.15,14449.15,14406.15,14441.35,5009
1670284800,14437.95,14463.45,14433.95,14451.95,1774
1670299200,14450.95,14467.45,14431.95,14440.95,2434
1670313600,14440.95,14474.75,14369.75,14430.75,7454
1670328000,14428.75,14441.75,14358.75,14419.75,6769
1670342400,14418.75,14428.75,14302.25,14316.75,13747
1670356800,14316.75,14322.75,14243.75,14297.95,7101
1670371200,14302.55,14330.05,14297.55,14326.55,1606
1670385600,14326.55,14330.55,14306.55,14306.55,2823
1670400000,14308.05,14375.35,14270.35,14289.35,8915
1670414400,14289.35,14316.35,14240.85,14295.85,7219
1670428800,14297.85,14344.85,14216.85,14296.85,15364
1670443200,14296.85,14316.85,14268.85,14276.05,5553
1670457600,14280.65,14287.65,14207.15,14217.65,2199
1670472000,14216.65,14261.15,14212.65,14259.65,2462
1670486400,14259.65,14305.45,14239.45,14253.45,6712
1670500800,14253.45,14270.45,14192.45,14239.45,6917
1670515200,14239.45,14301.45,14202.95,14284.95,11546
1670529600,14285.95,14305.95,14255.95,14281.65,5706
1670544000,14291.25,14308.75,14274.25,14303.25,1408
1670558400,14304.25,14330.75,14302.25,14321.25,1855
1670572800,14321.25,14339.05,14262.05,14291.55,6247
1670587200,14292.55,14391.05,14211.75,14331.05,9900
1670601600,14331.05,14382.55,14290.05,14367.55,13250
1670616000,14367.55,14367.55,14308.05,14316.25,5149
1670803200,14301.2,14319.0,14278.6,14294.9,4103
1670817600,14293.4,14303.3,14277.2,14298.9,2160
1670832000,14299.4,14350.05,14257.3,14342.55,10066
1670846400,14343.05,14368.5,14285.6,14304.6,7934
1670860800,14304.6,14329.0,14273.5,14305.5,14516
1670875200,14305.0,14367.0,14294.0,14340.9,10124
1670889600,14353.1,14366.3,14331.6,14336.8,2741
1670904000,14336.3,14365.8,14327.3,14360.6,2483
1670918400,14360.1,14390.55,14299.1,14353.05,10688
1670932800,14353.05,14645.6,14335.1,14594.6,15533
1670947200,14595.6,14677.1,14403.5,14428.1,31548
1670961600,14428.6,14488.65,14417.5,14458.0,18205
1670976000,14459.9,14472.1,14431.5,14464.4,2098
1670990400,14464.9,14481.9,14455.4,14475.5,940
1671004800,14474.5,14483.4,14390.15,14405.65,10325
1671019200,14406.15,14437.65,14373.65,14436.2,11767
1671033600,14435.2,14477.0,14408.65,14452.1,15793
1671048000,14452.6,14493.55,14360.4,14405.4,20710
1671062400,14388.1,14447.5,14386.7,14405.5,2744
1671076800,14406.0,14414.5,14385.7,14406.0,895
1671091200,14406.5,14413.0,14272.15,14282.65,11618
1671105600,14282.65,14318.65,14142.15,14180.6,13880
1671120000,14179.6,14191.6,13964.2,13991.45,22565
1671134400,13991.95,14014.4,13956.7,13977.1,11268
1671148800,13981.3,14017.8,13973.3,14012.3,2771
1671163200,14012.8,14040.1,13987.8,14011.7,2003
1671177600,14011.2,14030.3,13868.9,13899.35,12857
1671192000,13899.4,13955.5,13811.45,13892.5,15723
1671206400,13892.0,13941.5,13825.45,13854.0,22223
1671220800,13854.5,13925.0,13851.0,13907.8,10398
1671408000,13901.6,13947.9,13901.6,13935.1,4269
1671422400,13934.6,13939.1,13902.3,13914.4,1827
1671436800,13914.4,13994.45,13905.05,13949.35,10790
1671451200,13949.35,14003.1,13928.15,13950.6,9997
1671465600,13951.6,13979.85,13923.8,13945.3,16271
1671480000,13945.8,13950.3,13876.3,13880.5,11713
1671494400,13901.6,13952.1,13897.4,13938.2,2482
1671508800,13938.7,13942.7,13694.3,13721.1,4077
1671523200,13720.6,13913.9,13716.3,13899.35,13566
1671537600,13898.9,13931.9,13874.5,13875.5,10082
1671552000,13876.5,13925.1,13844.45,13924.1,19185
1671566400,13924.6,13947.1,13894.6,13929.4,11806
1671580800,13945.6,13998.1,13941.3,13987.1,3698
1671595200,13987.1,13995.0,13961.7,13984.0,1684
1671609600,13984.5,14002.4,13911.4,13989.45,9364
1671624000,13989.4,14033.95,13966.4,14026.9,8619
1671638400,14026.9,14104.4,14005.95,14087.45,13270
1671652800,14087.95,14103.9,14049.0,14082.2,10001
1671667200,14074.4,14130.3,14059.5,14118.8,3060
1671681600,14119.3,14133.3,14111.3,14132.8,726
1671696000,14132.8,14161.35,14094.55,14098.05,7994
1671710400,14098.05,14098.05,13994.55,14009.0,9466
1671724800,14009.5,14012.0,13857.45,13870.9,17806
1671739200,13870.4,13965.6,13840.9,13923.5,14975
1671753600,13924.2,13962.8,13903.4,13960.3,3345
1671768000,13959.3,13990.7,13952.8,13958.0,1235
1671782400,13958.0,13971.3,13900.15,13961.25,8907
1671796800,13962.75,14003.8,13909.3,13915.8,9578
1671811200,13915.8,13983.8,13869.85,13941.3,14722
1671825600,13941.3,13958.3,13920.3,13957.8,5314
1672099200,14008.0,14040.7,13997.7,14038.0,733
1672113600,14038.5,14048.5,14030.5,14038.0,947
1672128000,14037.5,14062.85,13982.6,14021.65,5130
1672142400,14022.6,14060.15,13999.1,14000.1,6442
1672156800,14001.1,14024.65,13963.15,14012.3,14693
1672171200,14012.8,14014.3,13974.3,13985.6,8151
1672185600,13979.8,13990.0,13956.4,13987.3,2959
1672200000,13988.3,13993.7,13966.2,13975.0,1605
1672214400,13976.0,14015.9,13949.15,13974.45,7957
1672228800,13974.5,14021.95,13969.5,13978.9,6278
1672243200,13978.9,13994.35,13885.5,13933.0,15769
1672257600,13932.5,13947.0,13872.3,13886.7,11187
1672272000,13894.4,13897.4,13861.9,13872.0,2925
1672286400,13871.5,13887.4,13861.8,13880.7,1419
1672300800,13881.7,13962.85,13868.85,13954.35,7301
1672315200,13953.85,14015.85,13939.85,14005.4,6397
1672329600,14005.9,14082.0,13996.35,14064.5,11689
1672344000,14065.0,14075.5,14041.6,14043.0,8120
1672358400,14041.5,14046.4,14025.2,14034.1,2226
1672372800,14034.1,14044.9,14011.4,14016.6,1266
1672387200,14016.6,14021.75,13944.1,13989.05,7539
1672401600,13989.55,13995.55,13908.85,13924.9,7106
1672416000,13924.9,13944.85,13829.9,13860.4,12928
1672430400,13860.9,13894.2,13820.9,13839.2,5333
1672617600,13882.8,13915.5,13847.7,13869.0,297
1672632000,13865.5,13879.0,13841.0,13869.2,322
1672646400,13869.2,14064.9,13869.2,14008.45,4966
1672660800,14008.4,14074.45,13997.9,14047.7,3432
1672675200,14047.7,14099.6,14026.75,14053.6,2689
1672689600,14054.1,14073.6,14049.6,14060.5,470
1672704000,13987.3,13987.3,13902.0,13966.7,2138
1672718400,13966.2,14056.1,13955.6,14043.4,2896
1672732800,14043.4,14294.9,13978.0,14276.95,14622
1672747200,14277.4,14282.4,14140.35,14229.6,13019
1672761600,14230.6,14289.65,14143.45,14164.4,20463
1672776000,14164.4,14214.45,14147.9,14203.8,13731
1672790400,14198.6,14235.1,14195.0,14234.3,3057
1672804800,14234.8,14246.9,14223.4,14240.5,1871
1672819200,14240.0,14380.05,14219.5,14357.65,12143
1672833600,14358.65,14468.2,14341.15,14468.2,11270
1672848000,14466.7,14506.8,14397.75,14481.3,19309
1672862400,14479.8,14506.3,14440.1,14467.5,16695
1672876800,14472.6,14509.3,14459.2,14467.9,3112
1672891200,14467.4,14475.3,14435.6,14468.8,3117
1672905600,14471.8,14479.3,14424.2,14460.65,11456
1672920000,14462.2,14500.15,14414.05,14433.9,12054
1672934400,14432.9,14505.35,14401.4,14451.1,17973
1672948800,14451.1,14484.1,14439.1,14461.1,11210
1672963200,14466.5,14497.9,14458.8,14494.3,2593
1672977600,14494.3,14534.6,14493.0,14515.0,2444
1672992000,14516.0,14532.9,14384.95,14415.45,10054
1673006400,14415.95,14519.4,14393.4,14514.4,12270
1673020800,14513.4,14622.4,14437.95,14592.4,20154
1673035200,14591.9,14681.95,14589.9,14671.95,6146
1673222400,14684.8,14695.0,14650.6,14653.9,3788
1673236800,14654.4,14714.9,14652.5,14702.9,2492
1673251200,14703.4,14708.4,14624.85,14637.55,10373
1673265600,14638.05,14750.55,14632.1,14721.6,9993
1673280000,14721.6,14833.05,14719.6,14788.7,14141
1673294400,14788.2,14794.2,14713.1,14725.2,10896
1673308800,14726.1,14731.7,14683.7,14721.7,2954
1673323200,14722.7,14723.3,14672.8,14717.2,2280
1673337600,14717.2,14764.25,14693.3,14724.25,10349
1673352000,14724.75,14758.0,14707.75,14757.0,8920
1673366400,14757.5,14805.5,14740.5,14800.0,16813
1673380800,14800.5,14845.5,14797.0,14836.8,7707
1673395200,14832.4,14868.3,14831.1,14853.8,1983
1673409600,14853.9,14865.5,14842.0,14856.5,1080
1673424000,14857.0,14901.15,14794.2,14892.65,9065
1673438400,14892.15,14950.45,14888.6,14938.9,9188
1673452800,14938.9,14971.9,14909.45,14968.9,11876
1673467200,14968.9,15008.4,14955.8,15003.2,6543
1673481600,15006.9,15009.1,14984.4,14996.5,2044
1673496000,14995.5,14997.0,14972.7,14991.3,889
1673510400,14992.8,15047.75,14962.2,15044.75,8634
1673524800,15045.75,15095.25,14946.7,15078.7,13007
1673539200,15079.2,15118.7,14972.25,15104.2,20959
1673553600,15104.7,15128.2,15069.1,15092.2,11248
1673568000,15088.0,15116.8,15066.5,15077.6,3004
1673582400,15078.1,15078.1,15052.0,15070.3,2263
1673596800,15070.8,15122.55,15052.2,15110.55,9563
1673611200,15111.05,15131.05,15038.05,15061.6,11421
1673625600,15062.6,15135.05,15043.55,15102.8,13432
1673640000,15103.3,15147.8,15096.3,15144.3,4388
1673827200,15148.3,15199.3,15128.8,15194.4,3103
1673841600,15193.9,15197.3,15158.1,15160.5,1896
1673856000,15160.5,15161.9,15080.75,15098.55,7659
1673870400,15099.05,15153.45,15090.1,15146.9,5283
1673884800,15146.9,15152.25,15115.8,15117.8,4539
1673899200,15117.3,15126.3,15111.3,15111.3,443
1673913600,15129.8,15145.1,15118.4,15118.7,3278
1673928000,15118.7,15134.5,15091.7,15102.9,1901
1673942400,15102.9,15175.3,15080.5,15106.25,8789
1673956800,15105.25,15148.25,15089.7,15126.2,8173
1673971200,15127.2,15271.75,15124.2,15196.4,13620
1673985600,15195.4,15205.9,15170.2,15178.3,6188
1674000000,15156.8,15168.9,15136.8,15168.8,2799
1674014400,15168.3,15266.4,15161.4,15219.9,4103
1674028800,15218.9,15236.2,15162.3,15173.75,9158
1674043200,15173.25,15244.35,15157.25,15223.7,8603
1674057600,15223.2,15250.75,15159.2,15162.2,14578
1674072000,15162.7,15179.2,15113.6,15117.7,7505
1674086400,15118.9,15140.1,15100.8,15110.0,3071
1674100800,15109.5,15129.9,15104.2,15112.4,1976
1674115200,15112.9,15135.9,15034.75,15047.25,10457
1674129600,15047.75,15063.65,14902.8,14962.3,12996
1674144000,14962.3,14991.3,14916.25,14952.8,16428
1674158400,14951.8,15016.2,14951.3,14999.2,10543
1674172800,15000.4,15012.9,14976.3,15005.1,2574
1674187200,15005.6,15014.5,14994.9,15010.0,1361
1674201600,15009.5,15027.9,14937.35,14977.65,9321
1674216000,14978.15,15009.15,14948.2,14966.7,8979
1674230400,14966.2,15041.7,14962.2,15026.2,10905
1674244800,15026.2,15096.2,15016.7,15085.7,5013
1674432000,15076.8,15098.7,15067.4,15097.2,2148
1674446400,15094.7,15113.3,15094.2,15102.3,970
1674460800,15102.8,15148.2,15036.2,15060.55,7519
1674475200,15060.05,15079.55,15021.6,15053.1,7727
1674489600,15052.6,15123.3,15021.6,15113.3,11081
1674504000,15112.3,15144.3,15082.2,15127.5,8758
1674518400,15126.9,15130.4,15101.9,15120.9,1912
1674532800,15119.9,15149.5,15119.9,15149.2,1133
1674547200,15148.7,15158.5,15063.7,15086.65,8366
1674561600,15086.7,15088.7,15018.95,15031.0,8194
1674576000,15031.5,15112.5,15027.45,15102.5,13044
1674590400,15102.0,15155.6,15081.5,15116.4,8521
1674604800,15117.3,15118.2,15046.4,15060.9,4623
1674619200,15060.9,15076.6,15058.1,15068.6,1424
1674633600,15069.1,15115.7,14995.8,14999.3,8136
1674648000,14998.3,15064.4,14964.3,15023.5,9674
1674662400,15023.0,15108.9,15011.0,15099.5,14185
1674676800,15100.0,15161.9,15097.0,15128.9,9405
1674691200,15126.2,15172.4,15124.2,15156.6,2957
1674705600,15156.1,15187.6,15155.1,15187.6,1577
1674720000,15186.6,15218.6,15088.05,15095.05,10038
1674734400,15095.0,15137.05,15066.25,15105.2,9233
1674748800,15104.2,15152.55,15069.0,15133.0,15058
1674763200,15132.5,15184.0,15123.0,15158.4,7360
1674777600,15135.1,15170.7,15130.8,15159.2,2079
1674792000,15160.2,15176.0,15156.8,15170.0,1501
1674806400,15170.0,15177.9,15112.9,15143.45,7518
1674820800,15143.4,15187.4,15074.4,15081.45,8182
1674835200,15082.45,15171.8,15082.45,15163.8,11192
1674849600,15164.8,15187.8,15150.8,15169.8,3766
1675036800,15133.2,15155.3,15121.6,15130.4,3254
1675051200,15130.9,15136.9,15096.5,15097.3,2715
1675065600,15096.8,15120.65,15010.7,15062.2,11296
1675080000,15062.7,15097.65,14984.7,15091.7,9775
1675094400,15091.7,15162.2,15087.2,15110.7,12611
1675108800,15109.2,15131.2,15090.7,15117.8,7395
1675123200,15111.9,15127.9,15101.1,15104.5,2523
1675137600,15105.5,15109.9,15049.8,15053.8,2534
1675152000,15053.3,15110.1,15015.1,15040.35,9191
1675166400,15040.3,15111.95,14990.45,15098.9,9442
1675180800,15099.4,15142.9,15067.9,15133.9,11429
1675195200,15134.4,15194.7,15126.4,15161.3,5894
1675209600,15163.2,15170.6,15138.3,15149.5,2016
1675224000,15149.0,15162.1,15134.4,15152.0,1671
1675238400,15151.5,15185.9,15103.85,15136.35,7752
1675252800,15145.85,15203.55,15108.8,15177.5,8258
1675267200,15177.5,15223.5,15136.1,15149.1,10899
1675281600,15148.6,15319.4,15131.4,15291.4,17664
1675296000,15300.1,15312.4,15269.3,15280.9,3746
1675310400,15282.4,15295.8,15262.1,15275.2,2532
1675324800,15275.7,15448.55,15257.2,15414.0,11661
1675339200,15414.5,15473.6,15345.8,15462.6,12935
1675353600,15460.6,15523.1,15401.15,15507.1,18000
1675368000,15507.6,15553.5,15396.6,15448.2,15475
1675382400,15469.1,15502.9,15447.4,15493.9,3456
1675396800,15494.4,15496.2,15472.9,15488.2,2110
1675411200,15488.7,15499.2,15348.05,15411.85,10376
1675425600,15412.35,15448.85,15345.45,15384.0,11443
1675440000,15385.0,15482.3,15347.0,15427.3,19008
1675454400,15426.3,15432.3,15391.8,15409.9,10975
1675641600,15376.5,15407.4,15367.9,15384.0,4930
1675656000,15383.0,15385.4,15343.8,15365.9,3238
1675670400,15365.9,15405.35,15298.25,15299.25,10658
1675684800,15299.3,15360.3,15275.75,15319.5,9482
1675699200,15318.0,15370.5,15296.0,15345.2,14989
1675713600,15344.7,15370.7,15330.2,15349.6,8807
1675728000,15357.9,15386.2,15357.1,15383.1,2793
1675742400,15383.6,15384.1,15352.9,15358.6,2448
1675756800,15358.6,15375.35,15277.3,15347.35,10175
1675771200,15347.35,15363.85,15280.35,15293.3,8613
1675785600,15293.3,15400.1,15270.85,15380.6,14237
1675800000,15380.1,15436.6,15273.1,15408.6,19511
1675814400,15418.4,15440.8,15397.1,15425.8,2885
1675828800,15426.3,15476.4,15424.7,15472.9,2481
1675843200,15473.3,15476.0,15366.55,15456.25,10318
1675857600,15456.3,15470.85,15418.85,15443.9,8301
1675872000,15442.4,15488.9,15388.3,15428.85,16093
1675886400,15428.85,15455.0,15405.8,15451.2,11332
1675900800,15439.4,15488.8,15428.7,15482.5,2953
1675915200,15482.5,15511.7,15470.7,15500.4,2457
1675929600,15499.9,15626.65,15479.7,15624.65,12124
1675944000,15625.15,15655.15,15577.05,15586.1,9388
1675958400,15586.1,15587.1,15467.5,15499.4,15372
1675972800,15498.9,15505.9,15401.5,15439.4,13050
1675987200,15440.1,15446.1,15392.7,15414.4,3072
1676001600,15413.9,15415.4,15376.5,15394.2,3260
1676016000,15395.2,15480.75,15357.75,15359.75,12976
1676030400,15362.25,15385.7,15246.25,15328.25,14936
1676044800,15328.2,15360.2,15268.75,15320.5,19264
1676059200,15320.0,15344.2,15307.7,15342.2,7304
1676246400,15311.1,15314.5,15244.8,15267.2,3322
1676260800,15267.2,15290.3,15256.1,15283.3,2094
1676275200,15282.8,15376.45,15273.8,15344.45,9070
1676289600,15344.5,15389.1,15328.25,15375.1,6877
1676304000,15375.1,15423.1,15365.6,15415.2,10204
1676318400,15414.2,15432.8,15399.2,15423.7,7289
1676332800,15426.3,15429.0,15380.4,15385.8,1842
1676347200,15385.7,15398.8,15377.5,15392.2,1396
1676361600,15392.7,15471.4,15385.0,15434.95,8227
1676376000,15435.45,15531.1,15391.8,15417.6,11578
1676390400,15417.1,15504.65,15363.65,15420.5,25383
1676404800,15420.5,15478.6,15417.5,15448.4,13310
1676419200,15434.8,15441.3,15401.6,15402.6,2338
1676433600,15402.6,15410.1,15363.8,15380.3,2157
1676448000,15381.3,15470.35,15353.3,15444.85,9959
1676462400,15444.8,15491.85,15412.35,15451.35,10203
1676476800,15451.85,15543.25,15444.2,15523.2,16217
1676491200,15523.7,15568.3,15519.2,15558.0,8039
1676505600,15549.6,15589.9,15547.4,15578.8,2190
1676520000,15578.8,15596.8,15568.9,15572.9,1698
1676534400,15572.4,15635.25,15542.2,15579.15,9091
1676548800,15579.1,15617.65,15468.15,15490.65,9739
1676563200,15490.15,15568.5,15411.65,15557.5,17283
1676577600,15558.5,15575.0,15485.2,15506.4,11540
1676592000,15470.3,15486.5,15447.7,15458.3,3205
1676606400,15457.8,15459.6,15427.4,15427.5,2279
1676620800,15427.0,15452.9,15295.55,15402.65,12246
1676635200,15403.15,15444.6,15343.1,15440.6,12167
1676649600,15440.1,15517.55,15437.6,15482.6,14595
1676664000,15483.1,15530.9,15478.55,15514.1,7052
1676851200,15495.7,15531.4,15484.1,15523.0,2317
1676865600,15524.0,15552.6,15523.5,15542.0,1868
1676880000,15542.5,15550.4,15434.25,15465.7,7803
1676894400,15465.7,15499.75,15449.2,15490.7,5884
1676908800,15491.2,15502.4,15458.8,15470.3,3896
1676923200,15469.8,15478.3,15468.3,15473.3,281
1676937600,15469.8,15486.2,15452.6,15478.8,1946
1676952000,15479.8,15487.8,15467.6,15474.7,1545
1676966400,15474.7,15476.7,15283.25,15420.75,13486
1676980800,15420.75,15437.75,15362.75,15426.3,11496
1676995200,15426.3,15457.3,15382.6,15411.3,15978
1677009600,15410.8,15413.8,15358.8,15373.5,7842
1677024000,15370.7,15389.9,15360.0,15378.5,2374
1677038400,15378.5,15392.9,15362.9,15369.2,1656
1677052800,15368.2,15386.9,15243.35,15308.9,12405
1677067200,15309.4,15397.1,15255.9,15394.1,11948
1677081600,15394.6,15436.1,15320.15,15426.6,14837
1677096000,15426.6,15449.4,15376.9,15399.9,14697
1677110400,15418.0,15467.7,15407.0,15467.1,2120
1677124800,15467.6,15475.1,15451.8,15452.3,1353
1677139200,15451.8,15527.75,15428.2,15454.15,10611
1677153600,15454.15,15506.15,15439.1,15481.1,9366
1677168000,15480.6,15556.4,15443.5,15471.6,15535
1677182400,15469.6,15551.6,15464.6,15515.3,9250
1677196800,15520.1,15542.8,15503.9,15527.8,2392
1677211200,15527.3,15540.8,15521.5,15525.0,1562
1677225600,15525.1,15532.3,15461.4,15469.9,9639
1677240000,15469.4,15488.4,15278.2,15328.2,12777
1677254400,15327.2,15335.7,15184.5,15204.5,20866
1677268800,15205.0,15253.0,15200.0,15225.5,7380
1677456000,15232.2,15278.8,15223.8,15277.3,3037
1677470400,15275.8,15283.7,15249.3,15252.5,2066
1677484800,15252.0,15440.5,15242.2,15433.45,10746
1677499200,15433.5,15483.0,15425.45,15469.0,8155
1677513600,15469.5,15476.5,15378.0,15404.5,13712
1677528000,15404.0,15429.5,15390.5,15416.0,7340
1677542400,15424.7,15433.2,15405.8,15426.9,2093
1677556800,15426.9,15430.2,15386.4,15391.1,1726
1677571200,15391.6,15403.2,15285.1,15360.25,11318
1677585600,15360.75,15445.3,15356.7,15427.35,9701
1677600000,15427.85,15428.8,15345.1,15379.7,15567
1677614400,15379.2,15389.2,15330.8,15356.7,9434
1677628800,15356.4,15368.1,15311.9,15367.0,3032
1677643200,15367.5,15406.0,15365.0,15400.4,1939
1677657600,15400.9,15456.75,15390.3,15423.2,11994
1677672000,15422.7,15480.75,15358.75,15386.2,10707
1677686400,15386.7,15417.25,15252.05,15329.3,19392
1677700800,15329.8,15343.6,15288.9,15338.5,10518
1677715200,15324.0,15382.2,15261.2,15281.2,3317
1677729600,15281.7,15302.2,15265.3,15269.6,2417
1677744000,15269.1,15289.2,15145.1,15217.7,12893
1677758400,15217.2,15283.5,15164.7,15243.5,13524
1677772800,15243.5,15333.5,15241.5,15329.7,16000
1677787200,15330.7,15390.1,15320.7,15372.5,10916
1677801600,15366.1,15396.3,15352.0,15363.3,2581
1677816000,15363.8,15380.2,15357.5,15377.1,2216
1677830400,15377.1,15475.6,15349.1,15461.15,10093
1677844800,15460.6,15523.2,15457.1,15522.2,8293
1677859200,15522.7,15623.4,15517.25,15620.3,14752
1677873600,15620.8,15636.9,15607.9,15619.4,4737
1678060800,15614.3,15616.8,15588.7,15603.1,2828
1678075200,15602.1,15643.0,15594.2,15623.3,2385
1678089600,15623.3,15652.95,15586.0,15622.5,9796
1678104000,15622.0,15678.55,15582.6,15666.1,8725
1678118400,15665.6,15673.55,15639.55,15651.6,9990
1678132800,15651.1,15655.6,15623.6,15640.6,7646
1678147200,15636.3,15663.3,15633.3,15661.7,2204
1678161600,15662.7,15678.9,15656.2,15657.1,2107
1678176000,15658.1,15708.25,15623.8,15682.75,8538
1678190400,15683.25,15706.25,15652.95,15655.4,5962
1678204800,15655.4,15655.4,15540.85,15564.7,19522
1678219200,15564.2,15565.2,15514.4,15536.1,9581
1678233600,15530.8,15544.2,15512.7,15521.0,2671
1678248000,15521.1,15529.6,15507.4,15517.7,2681
1678262400,15518.2,15582.55,15490.5,15570.05,9593
1678276800,15570.0,15641.5,15551.0,15615.2,8498
1678291200,15615.2,15671.75,15575.25,15630.8,16810
1678305600,15631.3,15658.0,15606.8,15657.5,8301
1678320000,15656.3,15657.7,15614.1,15621.1,2765
1678334400,15621.6,15635.1,15618.7,15631.6,1756
1678348800,15631.1,15633.6,15545.45,15548.45,9661
1678363200,15548.9,15605.8,15533.4,15592.8,10505
1678377600,15592.3,15668.85,15588.35,15603.1,13575
1678392000,15603.6,15607.9,15474.9,15496.8,14597
1678406400,15453.7,15485.4,15443.7,15452.7,3651
1678420800,15452.2,15465.6,15411.8,15447.5,4182
1678435200,15447.5,15450.2,15312.05,15390.05,17504
1678449600,15389.55,15498.65,15366.05,15467.7,17039
1678464000,15468.2,15486.7,15319.25,15339.6,30991
1678478400,15339.6,15348.1,15270.1,15280.6,15000
1678665600,15311.7,15498.3,15272.4,15424.5,12411
1678680000,15425.0,15485.5,15391.5,15445.0,5742
1678694400,15444.0,15486.0,15114.85,15132.85,14225
1678708800,15132.85,15147.8,14895.35,14971.85,30705
1678723200,14972.35,15059.35,14885.25,14951.1,34300
1678737600,14951.6,15032.6,14932.6,14983.3,15842
1678752000,14972.7,14995.9,14942.4,14975.9,4155
1678766400,14974.9,15035.5,14968.9,15020.5,2951
1678780800,15019.5,15074.85,14907.9,15061.35,13133
1678795200,15061.85,15213.35,14970.35,15191.35,19633
1678809600,15190.9,15272.85,15173.4,15194.2,24449
1678824000,15193.7,15241.4,15131.7,15239.4,14594
1678838400,15222.3,15224.7,15201.4,15214.1,3496
1678852800,15212.6,15243.0,15207.6,15231.6,954
1678867200,15229.6,15247.8,15147.75,15154.25,8406
1678881600,15154.25,15162.25,14694.35,14768.55,25309
1678896000,14766.55,14870.55,14707.3,14718.8,23192
1678910400,14718.8,14900.3,14716.3,14889.0,10567
1678924800,14869.8,14983.9,14855.0,14976.9,4871
1678939200,14977.4,14991.4,14929.4,14988.3,2133
1678953600,14988.4,14990.9,14845.65,14846.65,11830
1678968000,14846.7,14876.65,14748.75,14774.75,17377
1678982400,14774.25,15026.5,14661.45,15022.0,25338
1678996800,15022.5,15061.0,14979.0,15043.7,7163
1679011200,15047.9,15061.9,15000.1,15006.0,3110
1679025600,15006.0,15048.5,14996.0,15045.6,2580
1679040000,15044.1,15157.85,15018.5,15078.15,10337
1679054400,15078.65,15108.65,14778.95,14793.95,16735
1679068800,14794.0,14852.0,14690.95,14778.5,26183
1679083200,14778.0,14831.5,14736.0,14777.0,12554
1679270400,14812.3,14939.9,14788.7,14916.5,7489
1679284800,14915.5,14915.5,14711.0,14725.5,3509
1679299200,14725.5,14746.5,14460.45,14689.75,17845
1679313600,14690.75,14918.75,14660.75,14906.75,21305
1679328000,14905.75,14982.35,14832.35,14963.6,23677
1679342400,14964.1,14993.6,14942.6,14984.8,10441
1679356800,14985.5,15056.7,14970.0,15019.7,2940
1679371200,15021.2,15039.7,15002.7,15012.6,1756
1679385600,15012.1,15147.65,15000.7,15127.65,8910
1679400000,15128.65,15220.6,15120.15,15200.15,12150
1679414400,15200.1,15256.7,15167.25,15197.0,19471
1679428800,15197.5,15265.5,15181.5,15260.0,6846
1679443200,15246.2,15268.5,15232.0,15233.5,2547
1679457600,15230.5,15266.7,15228.5,15257.5,1566
1679472000,15257.0,15258.8,15167.05,15220.45,7669
1679486400,15220.95,15301.9,15201.4,15284.45,11188
1679500800,15283.45,15297.45,15209.8,15212.9,14916
1679515200,15213.4,15303.7,15067.7,15115.4,21197
1679529600,15117.5,15129.4,15096.9,15111.4,3594
1679544000,15114.4,15184.4,15112.9,15180.4,2278
1679558400,15179.9,15232.05,15156.3,15213.05,8322
1679572800,15213.55,15215.5,15076.55,15176.0,12666
1679587200,15176.0,15246.55,15154.0,15178.8,18637
1679601600,15178.8,15182.8,15010.3,15145.9,18914
1679616000,15138.9,15145.1,15100.4,15124.0,3358
1679630400,15126.0,15150.0,15095.5,15123.7,2576
1679644800,15123.2,15186.3,14968.55,15023.95,9668
1679659200,15024.95,15053.95,14802.0,14919.05,21735
1679673600,14920.05,14999.4,14875.6,14981.4,26658
1679688000,14980.9,15033.4,14966.4,15009.4,9149
1679875200,15212.8,15261.9,15067.2,15084.8,5517
1679889600,15083.3,15115.2,15053.7,15093.7,2619
1679904000,15093.2,15170.8,15016.85,15099.25,13117
1679918400,15098.25,15181.7,15082.2,15165.2,10674
1679932800,15164.7,15186.8,15107.15,15144.4,15509
1679947200,15144.4,15185.1,15137.4,15180.8,9039
1679961600,15170.9,15179.6,15161.1,15172.6,2395
1679976000,15173.6,15189.3,15158.4,15181.3,1511
1679990400,15179.8,15262.3,15162.25,15165.75,9132
1680004800,15165.25,15186.3,15104.0,15115.55,9706
1680019200,15115.05,15158.1,15100.6,15123.1,13695
1680033600,15123.1,15141.6,15078.5,15133.4,8881
1680048000,15136.3,15167.0,15136.0,15165.1,2202
1680062400,15165.6,15197.7,15164.0,15194.0,2202
1680076800,15194.0,15251.6,15181.65,15241.2,9703
1680091200,15240.7,15290.85,15233.7,15284.9,7651
1680105600,15284.4,15351.8,15275.85,15330.9,11564
1680120000,15330.9,15373.2,15322.4,15355.6,6822
1680134400,15352.5,15360.8,15336.5,15352.9,2541
1680148800,15353.4,15366.1,15335.9,15362.0,2168
1680163200,15360.5,15509.7,15359.7,15495.15,9708
1680177600,15495.15,15540.8,15473.25,15477.8,7670
1680192000,15480.8,15537.95,15465.3,15510.0,11383
1680206400,15510.5,15547.5,15493.95,15540.5,6072
1680220800,15522.3,15588.0,15519.5,15586.7,2389
1680235200,15586.7,15589.1,15556.3,15564.2,2067
1680249600,15564.2,15574.35,15500.7,15542.75,8654
1680264000,15548.25,15623.2,15538.2,15609.5,7472
1680278400,15610.0,15660.45,15591.55,15639.9,8960
1680292800,15639.4,15656.4,15615.4,15639.4,3908
1680480000,15638.7,15653.1,15609.1,15634.6,4735
1680494400,15634.1,15641.1,15601.6,15615.1,5960
1680508800,15615.1,15660.05,15586.6,15642.55,10073
1680523200,15642.5,15657.5,15601.5,15605.0,7142
1680537600,15604.0,15618.5,15552.5,15586.0,10195
1680552000,15586.0,15633.0,15581.0,15625.0,5673
1680566400,15606.1,15625.8,15596.3,15621.3,2090
1680580800,15622.3,15630.5,15604.0,15620.4,2221
1680595200,15620.4,15685.5,15595.6,15667.05,8614
1680609600,15667.05,15741.55,15667.05,15718.0,6533
1680624000,15717.5,15721.0,15583.8,15605.4,13315
1680638400,15605.4,15624.4,15585.4,15621.5,6992
1680652800,15617.9,15628.9,15608.7,15609.3,2111
1680667200,15609.3,15616.9,15587.8,15592.0,1784
1680681600,15592.5,15622.45,15529.55,15537.55,9741
1680696000,15538.05,15576.5,15501.0,15514.0,8241
1680710400,15514.0,15549.0,15480.0,15509.7,12302
1680724800,15509.2,15545.7,15506.7,15532.0,5668
1680739200,15515.6,15528.2,15503.3,15518.2,2200
1680753600,15517.7,15519.7,15488.4,15490.5,1902
1680768000,15491.0,15587.3,15486.1,15566.75,7867
1680782400,15567.3,15591.4,15535.25,15572.9,7241
1680796800,15572.4,15662.7,15543.35,15650.0,9699
1680811200,15650.0,15662.0,15632.0,15636.3,3702
1681171200,15725.4,15732.4,15698.9,15705.7,635
1681185600,15704.2,15732.9,15693.9,15693.9,2678
1681200000,15694.4,15728.0,15661.15,15696.65,8502
1681214400,15696.7,15706.2,15620.65,15633.7,5679
1681228800,15633.7,15675.4,15625.7,15671.9,8154
1681243200,15671.4,15700.9,15662.4,15673.1,5006
1681257600,15666.4,15677.2,15653.6,15663.5,2428
1681272000,15663.5,15670.8,15653.7,15657.2,2345
1681286400,15656.7,15736.0,15652.5,15690.15,7149
1681300800,15690.65,15831.4,15665.65,15737.9,8122
1681315200,15737.4,15749.9,15669.05,15737.0,14853
1681329600,15737.5,15749.9,15669.4,15670.8,9644
1681344000,15670.7,15673.3,15655.4,15670.8,2345
1681358400,15670.7,15698.3,15667.6,15695.9,2178
1681372800,15695.4,15753.15,15678.6,15699.65,8125
1681387200,15699.65,15745.4,15675.15,15716.2,7580
1681401600,15715.7,15749.8,15672.15,15745.8,9847
1681416000,15746.3,15782.7,15738.8,15767.2,5211
1681430400,15753.3,15789.3,15752.3,15780.9,2605
1681444800,15780.4,15783.6,15763.0,15772.5,1720
1681459200,15772.5,15811.05,15757.0,15770.45,7344
1681473600,15770.45,15822.9,15757.95,15802.4,8501
1681488000,15801.9,15842.65,15763.9,15770.4,13267
1681502400,15770.9,15807.9,15761.9,15803.9,5454
1681689600,15821.4,15839.9,15814.7,15816.9,2275
1681704000,15816.4,15835.3,15815.3,15821.3,1881
1681718400,15822.3,15903.65,15811.9,15830.35,8051
1681732800,15830.85,15838.9,15762.05,15774.1,6131
1681747200,15774.1,15808.05,15772.6,15796.1,9714
1681761600,15796.6,15828.9,15780.1,15822.1,4756
1681776000,15815.5,15821.6,15800.5,15808.1,1602
1681790400,15808.1,15822.4,15803.8,15809.1,1730
1681804800,15809.6,15845.4,15799.7,15830.65,5422
1681819200,15830.6,15917.65,15824.6,15912.1,5588
1681833600,15912.6,15913.6,15854.5,15879.6,8451
1681848000,15879.6,15905.6,15875.6,15903.3,5383
1681862400,15893.9,15899.1,15879.7,15884.5,1891
1681876800,15883.5,15890.0,15868.5,15871.5,1460
1681891200,15871.0,15875.65,15832.2,15865.65,7625
1681905600,15866.15,15868.1,15826.65,15853.1,6297
1681920000,15853.1,15921.8,15852.6,15916.3,7028
1681934400,15917.3,15923.3,15880.9,15889.5,5182
1681948800,15887.7,15892.5,15871.0,15891.5,2372
1681963200,15892.0,15901.1,15882.5,15890.5,1687
1681977600,15891.0,15899.4,15747.85,15776.85,8506
1681992000,15776.35,15799.85,15732.85,15757.3,7288
1682006400,15757.3,15823.0,15748.85,15821.0,8208
1682020800,15822.0,15829.0,15770.0,15788.5,6503
1682035200,15781.4,15803.4,15769.3,15803.4,2359
1682049600,15803.4,15804.4,15778.8,15779.9,1900
1682064000,15780.9,15802.3,15703.75,15759.35,8201
1682078400,15758.4,15794.6,15721.7,15791.6,8274
1682092800,15792.6,15901.2,15791.6,15892.2,12663
1682107200,15891.7,15914.2,15889.2,15904.2,4153
1682294400,15888.3,15888.3,15863.1,15874.0,2265
1682308800,15873.5,15887.5,15863.5,15865.5,1530
1682323200,15864.5,15880.45,15827.55,15851.45,6956
1682337600,15851.4,15902.3,15851.4,15893.35,4904
1682352000,15893.8,15918.35,15850.7,15870.7,7226
1682366400,15869.7,15886.4,15864.2,15872.9,3970
1682380800,15866.0,15873.5,15861.2,15861.7,1826
1682395200,15861.2,15868.5,15823.3,15830.8,1755
1682409600,15830.8,15860.5,15788.6,15840.35,9629
1682424000,15840.85,15872.05,15826.3,15849.0,6014
1682438400,15849.5,15893.75,15828.25,15846.7,8550
1682452800,15845.7,15850.75,15781.1,15826.5,9804
1682467200,15840.7,15847.2,15796.8,15819.0,3880
1682481600,15819.0,15819.5,15790.0,15801.0,1870
1682496000,15800.5,15825.9,15692.05,15792.55,11310
1682510400,15793.05,15810.55,15729.1,15778.1,11799
1682524800,15778.6,15809.05,15734.55,15795.6,12335
1682539200,15795.6,15798.6,15718.5,15761.4,9046
1682553600,15757.8,15761.2,15732.2,15736.5,2421
1682568000,15736.5,15765.5,15731.9,15765.4,1716
1682582400,15765.9,15821.75,15699.9,15817.7,10583
1682596800,15817.7,15851.5,15789.25,15849.0,8534
1682611200,15851.5,15860.5,15766.25,15822.7,9347
1682625600,15823.2,15902.7,15820.7,15877.7,6953
1682640000,15857.0,15864.1,15840.3,15846.3,3298
1682654400,15846.3,15873.3,15838.3,15852.8,2838
1682668800,15850.8,15912.7,15682.95,15703.95,12765
1682683200,15704.95,15832.65,15678.4,15823.1,11494
1682697600,15822.6,15944.35,15822.1,15941.3,12135
1682712000,15941.3,15960.8,15928.3,15939.2,4859
1682985600,15946.4,15946.4,15925.8,15933.3,501
1683000000,15934.3,15952.8,15921.5,15934.2,2005
1683014400,15934.7,16009.2,15829.75,15864.95,10797
1683028800,15859.45,15900.4,15844.25,15847.05,7787
1683043200,15850.05,15867.25,15704.6,15757.8,17551
1683057600,15757.8,15784.2,15751.8,15761.4,7581
1683072000,15753.2,15779.2,15750.8,15775.0,2094
1683086400,15775.0,15780.8,15758.3,15777.8,1665
1683100800,15779.3,15831.05,15744.9,15803.5,9478
1683115200,15803.0,15869.95,15797.95,15810.5,8362
1683129600,15810.5,15859.4,15797.4,15858.4,11629
1683144000,15857.9,15889.7,15748.2,15748.5,18282
1683158400,15671.2,15750.7,15670.7,15737.9,3805
1683172800,15737.4,15813.1,15731.5,15807.0,2645
1683187200,15808.0,15826.2,15663.45,15747.45,11873
1683201600,15747.9,15760.4,15658.25,15717.2,11855
1683216000,15716.7,15762.6,15663.75,15761.6,22634
1683230400,15762.6,15791.5,15725.9,15744.4,11163
1683244800,15758.7,15798.5,15753.3,15787.0,2526
1683259200,15787.5,15804.0,15774.6,15794.7,1920
1683273600,15794.7,15867.25,15738.15,15862.25,9856
1683288000,15861.7,15885.2,15822.7,15868.2,9974
1683302400,15868.2,15964.6,15865.75,15958.7,9646
1683316800,15958.7,16005.25,15956.2,15987.2,2596
1683504000,15995.0,15999.0,15956.6,15968.0,2630
1683518400,15968.5,15976.3,15955.1,15961.6,1954
1683532800,15960.6,15985.15,15945.0,15955.65,6208
1683547200,15954.65,15997.8,15952.7,15975.8,3528
1683561600,15974.8,15977.8,15932.85,15950.9,6573
1683576000,15951.9,15969.1,15932.9,15962.0,4940
1683590400,15956.7,15966.2,15942.3,15956.7,1690
1683604800,15956.2,15974.0,15951.9,15969.1,1454
1683619200,15969.6,15980.0,15905.75,15920.75,6948
1683633600,15920.25,15931.7,15876.75,15884.7,5609
1683648000,15883.7,15954.4,15880.7,15947.1,7272
1683662400,15946.6,15965.0,15941.1,15957.4,4316
1683676800,15944.1,15965.8,15939.4,15958.3,1654
1683691200,15958.8,15961.3,15948.2,15956.4,1478
1683705600,15957.9,15978.7,15874.0,15918.55,8635
1683720000,15918.05,15974.75,15896.35,15958.75,7384
1683734400,15959.75,15987.7,15846.45,15859.9,14227
1683748800,15859.4,15914.8,15818.8,15893.1,8181
1683763200,15888.5,15922.8,15887.8,15920.3,1941
1683777600,15919.3,15924.5,15901.2,15915.7,1948
1683792000,15916.2,15968.05,15895.55,15911.55,8564
1683806400,15911.6,15940.6,15828.3,15830.3,9400
1683820800,15829.3,15846.3,15755.25,15843.8,14023
1683835200,15844.3,15850.75,15806.1,15841.4,7227
1683849600,15839.9,15873.7,15839.9,15867.6,1900
1683864000,15867.7,15876.8,15842.3,15869.3,2321
1683878400,15870.3,15931.35,15842.55,15921.85,9214
1683892800,15922.85,15937.4,15886.15,15890.15,5407
1683907200,15890.7,15924.1,15873.35,15880.65,10111
1683921600,15879.65,15905.7,15867.7,15903.2,4936
1684108800,15878.0,15901.8,15874.8,15886.4,2138
1684123200,15886.4,15923.4,15885.0,15922.7,2432
1684137600,15924.2,15981.5,15919.6,15931.65,7576
1684152000,15931.6,15960.65,15887.0,15888.5,5390
1684166400,15887.0,15942.0,15872.05,15942.0,7552
1684180800,15942.0,15954.0,15916.0,15936.0,4969
1684195200,15934.7,15937.7,15918.5,15926.9,1777
1684209600,15926.9,15926.9,15902.9,15907.4,1784
1684224000,15906.4,15972.45,15865.3,15930.45,7908
1684238400,15930.5,15947.95,15908.0,15933.5,6235
1684252800,15933.0,15940.3,15858.95,15916.5,9863
1684267200,15917.0,15917.5,15864.8,15909.6,6212
1684281600,15896.5,15910.1,15881.7,15890.7,2165
1684296000,15890.7,15908.8,15890.2,15901.4,1983
1684310400,15900.9,15960.95,15853.85,15946.3,9564
1684324800,15946.3,15979.3,15924.3,15978.8,5824
1684339200,15978.3,16005.1,15931.2,16001.0,7873
1684353600,16001.5,16027.1,15999.1,16013.7,5195
1684368000,16014.8,16035.9,16006.7,16016.1,2293
1684382400,16015.6,16031.4,16012.5,16025.9,2263
1684396800,16024.4,16226.85,15996.1,16177.9,8526
1684411200,16176.9,16229.0,16161.4,16168.1,5360
1684425600,16167.6,16177.55,16092.55,16142.5,10392
1684440000,16143.5,16216.3,16133.7,16215.4,7221
1684454400,16216.6,16254.8,16214.9,16225.2,3203
1684468800,16225.2,16264.0,16214.5,16229.0,2717
1684483200,16229.5,16279.05,16201.3,16271.05,7547
1684497600,16271.55,16295.05,16245.05,16277.5,6888
1684512000,16278.0,16333.55,16257.4,16280.5,11862
1684526400,16281.5,16300.5,16275.5,16298.0,4475
1684713600,16257.6,16297.2,16244.5,16294.5,2231
1684728000,16294.5,16303.5,16280.4,16298.3,2538
1684742400,16298.8,16302.9,16225.45,16261.15,7516
1684756800,16261.1,16263.6,16201.25,16207.2,5548
1684771200,16207.2,16237.3,16193.25,16227.8,9729
1684785600,16228.3,16239.3,16210.6,16223.2,5876
1684800000,16225.1,16264.1,16225.1,16246.2,2342
1684814400,16245.7,16257.7,16218.5,16220.9,3320
1684828800,16220.9,16227.15,16177.6,16199.15,7876
1684843200,16199.15,16215.15,16162.95,16171.4,6033
1684857600,16171.9,16182.95,16109.0,16119.0,9368
1684872000,16120.0,16135.1,16056.9,16076.7,8401
1684886400,16081.1,16095.9,16080.2,16085.0,1942
1684900800,16085.5,16089.9,16065.5,16082.5,2494
1684915200,16081.0,16086.5,15907.35,15972.45,11002
1684929600,15972.95,15977.9,15864.4,15869.2,8692
1684944000,15869.2,15882.2,15801.65,15844.6,11426
1684958400,15844.6,15911.4,15823.6,15877.8,10843
1684972800,15887.95,15893.0,15817.4,15862.0,4881
1684987200,15862.0,15866.1,15823.8,15839.9,3672
1685001600,15840.4,15881.6,15718.6,15806.6,9398
1685016000,15805.6,15854.6,15793.6,15832.6,6342
1685030400,15829.6,15846.6,15767.6,15804.6,10190
1685044800,15804.6,15854.6,15797.6,15824.95,4608
1685059200,15830.1,15830.4,15794.6,15816.5,2043
1685073600,15816.5,15817.0,15783.0,15804.0,2147
1685088000,15804.0,15862.4,15755.35,15781.5,9590
1685102400,15781.0,15865.45,15722.55,15864.4,8520
1685116800,15863.4,16008.2,15863.4,16001.1,10221
1685131200,16000.6,16012.25,15981.2,15991.2,3242
1685318400,16052.5,16052.5,16010.5,16016.5,2940
1685332800,16015.5,16018.2,15994.4,16004.2,2330
1685347200,16003.7,16080.55,15995.7,15999.55,5115
1685361600,16000.55,16022.0,15921.05,15935.5,4117
1685376000,15937.0,15958.05,15928.05,15950.0,2732
1685390400,15949.0,15956.0,15947.0,15949.0,374
1685404800,15944.5,15978.1,15927.8,15968.6,2080
1685419200,15969.6,15971.1,15948.3,15964.9,2347
1685433600,15964.9,16016.75,15921.45,16003.7,8833
1685448000,16002.2,16060.75,15999.7,16015.3,8051
1685462400,16015.8,16029.8,15886.65,15922.65,13814
1685476800,15922.65,15926.65,15882.4,15919.2,7229
1685491200,15895.7,15920.5,15891.9,15901.9,1762
1685505600,15901.4,15908.5,15852.9,15858.1,3367
1685520000,15857.1,15870.9,15735.7,15862.45,12319
1685534400,15857.4,15868.9,15804.1,15808.1,7821
1685548800,15808.1,15810.1,15624.15,15701.9,13878
1685563200,15701.9,15736.7,15674.2,15695.7,7926
1685577600,15704.6,15729.1,15695.6,15710.3,2639
1685592000,15709.8,15748.1,15692.1,15732.6,3816
1685606400,15732.6,15864.0,15722.9,15855.5,8962
1685620800,15855.0,15857.5,15742.75,15748.8,7134
1685635200,15747.8,15879.8,15732.25,15874.8,12082
1685649600,15874.8,15901.8,15864.6,15888.5,5970
1685664000,15887.2,15895.0,15878.2,15888.5,1533
1685678400,15888.0,15932.3,15881.8,15926.8,2300
1685692800,15927.8,16001.2,15919.35,15992.35,8512
1685707200,15992.4,16052.35,15970.4,16014.9,8514
1685721600,16014.4,16072.45,15992.85,16051.5,12276
1685736000,16051.0,16066.5,16043.5,16062.8,3720
1685923200,16045.2,16070.7,16035.9,16052.3,3428
1685937600,16051.8,16057.2,16028.4,16029.5,2644
1685952000,16029.0,16114.95,16023.4,16058.5,9210
1685966400,16059.5,16085.4,16043.5,16075.4,4967
1685980800,16075.4,16079.4,15923.85,15985.1,11456
1685995200,15985.1,15986.1,15920.4,15953.8,8898
1686009600,15942.4,15945.3,15908.8,15928.8,2075
1686024000,15928.3,15967.3,15927.7,15949.0,2699
1686038400,15949.0,15996.25,15907.0,15940.4,9115
1686052800,15941.4,15969.65,15923.9,15959.4,5221
1686067200,15958.4,16015.7,15949.45,15989.8,9173
1686081600,15989.8,16041.5,15988.8,16034.0,5089
1686096000,16039.1,16043.6,16023.5,16026.5,2120
1686110400,16027.0,16032.6,16001.9,16030.8,3102
1686124800,16029.8,16031.8,15920.75,15927.35,8315
1686139200,15927.4,16012.65,15905.4,15986.7,6228
1686153600,15984.7,16021.7,15932.0,15940.6,11208
1686168000,15940.1,15954.2,15928.0,15936.6,6742
1686182400,15940.2,15945.8,15922.4,15935.5,2141
1686196800,15934.5,15940.3,15889.4,15897.0,2825
1686211200,15896.0,16001.15,15886.7,15984.15,9244
1686225600,15983.65,16020.25,15972.1,15984.7,6595
1686240000,15985.2,16014.2,15938.2,16006.2,9405
1686254400,16007.2,16019.25,15984.25,16008.7,3919
1686268800,15997.5,16008.7,15986.1,15999.0,1971
1686283200,15998.0,16010.2,15992.9,16004.6,1524
1686297600,16004.1,16008.2,15924.05,15975.65,7622
1686312000,15975.65,15997.1,15920.6,15968.5,7384
1686326400,15969.0,15983.55,15936.3,15952.55,10551
1686340800,15953.05,15973.5,15947.5,15963.5,3680
1686528000,15963.9,16013.9,15957.9,16010.4,1852
1686542400,16009.4,16013.5,15997.5,16008.1,1092
1686556800,16008.1,16121.7,16002.4,16113.15,8512
1686571200,16113.15,16128.7,16024.2,16081.5,7376
1686585600,16081.5,16118.9,16052.5,16116.9,9509
1686600000,16116.4,16144.2,16102.9,16140.7,4699
1686614400,16145.1,16169.5,16132.5,16147.5,2298
1686628800,16148.0,16201.3,16147.2,16187.9,2623
1686643200,16187.4,16222.0,16140.15,16142.15,8716
1686657600,16141.6,16184.15,16088.8,16183.6,8478
1686672000,16183.6,16236.5,16173.75,16235.5,12247
1686686400,16235.5,16242.7,16212.3,16239.4,6152
1686700800,16225.3,16240.5,16207.5,16208.8,1859
1686715200,16209.3,16217.5,16197.2,16214.0,703
1686729600,16213.5,16307.25,16202.5,16306.25,2403
1686744000,16306.2,16338.25,16290.5,16290.5,2167
1686758400,16290.5,16322.1,16280.4,16295.6,2524
1686772800,16295.1,16304.15,16234.9,16294.9,6170
1686787200,16301.1,16301.3,16274.0,16296.8,2128
1686801600,16296.3,16302.3,16272.6,16286.7,1395
1686816000,16286.7,16296.05,16250.25,16258.35,6396
1686830400,16258.3,16265.8,16160.2,16195.75,7848
1686844800,16195.75,16297.7,16184.2,16288.2,10550
1686859200,16288.7,16330.7,16274.6,16293.1,4889
1686873600,16294.3,16298.4,16281.7,16293.9,1741
1686888000,16293.9,16318.9,16279.6,16307.5,2023
1686902400,16307.5,16361.4,16269.05,16352.45,8607
1686916800,16352.4,16428.45,16302.95,16420.0,9239
1686931200,16419.5,16420.0,16349.6,16372.8,13416
1686945600,16373.3,16377.8,16316.85,16321.2,4558
1687132800,16341.8,16349.8,16291.1,16297.4,1907
1687147200,16296.9,16298.4,16261.8,16261.8,2392
1687161600,16260.8,16300.45,16234.7,16269.15,7973
1687176000,16268.65,16280.65,16217.65,16242.7,4610
1687190400,16242.2,16242.7,16186.2,16214.4,3400
1687204800,16213.9,16218.9,16203.9,16211.4,330
1687219200,16213.1,16214.6,16198.4,16208.9,2032
1687233600,16209.0,16214.3,16187.1,16195.1,1831
1687248000,16195.1,16199.4,16066.15,16078.2,9337
1687262400,16078.7,16184.95,16068.65,16167.5,7266
1687276800,16167.5,16176.5,16107.45,16147.5,10931
1687291200,16148.0,16156.0,16109.7,16125.2,5876
1687305600,16131.1,16155.9,16121.0,16147.5,1738
1687320000,16147.0,16154.6,16134.9,16153.1,1882
1687334400,16153.6,16153.6,16074.5,16128.95,7198
1687348800,16128.95,16145.95,16049.9,16051.4,5969
1687363200,16052.4,16056.1,16000.6,16024.9,11631
1687377600,16023.9,16054.1,15995.3,15998.8,6070
1687392000,16005.4,16006.8,15986.9,15988.4,1929
1687406400,15987.9,15989.1,15928.3,15935.7,1843
1687420800,15936.2,15936.2,15809.65,15922.95,11972
1687435200,15922.9,15956.45,15881.4,15938.4,7954
1687449600,15937.4,16003.55,15920.4,15991.0,9476
1687464000,15991.0,16002.5,15961.5,15985.9,5054
1687478400,15985.8,15989.1,15960.0,15962.1,1587
1687492800,15961.6,15962.6,15854.3,15857.2,2261
1687507200,15856.7,15915.95,15805.95,15890.7,9752
1687521600,15889.7,15901.65,15738.5,15741.5,7531
1687536000,15741.0,15875.45,15731.5,15861.6,11018
1687550400,15862.1,15870.1,15815.4,15823.9,4367
1687737600,15833.6,15866.2,15833.6,15861.0,2399
1687752000,15861.0,15880.0,15845.2,15856.2,2294
1687766400,15855.7,15878.6,15709.05,15739.05,10467
1687780800,15740.05,15820.15,15738.1,15799.2,7355
1687795200,15798.7,15863.5,15794.7,15829.3,11691
1687809600,15828.8,15837.4,15806.9,15824.5,5935
1687824000,15830.3,15849.2,15819.1,15826.9,1536
1687838400,15827.4,15844.9,15811.8,15839.1,1903
1687852800,15838.6,15901.9,15784.15,15797.65,8323
1687867200,15797.65,15827.15,15756.1,15788.7,7269
1687881600,15789.7,15885.9,15777.2,15880.8,9939
1687896000,15880.9,15926.8,15876.9,15884.5,4842
1687910400,15883.5,15887.5,15866.2,15884.1,1854
1687924800,15884.6,15900.0,15867.5,15888.2,2033
1687939200,15887.7,15987.5,15885.6,15952.5,8384
1687953600,15952.5,15992.35,15943.5,15961.7,5462
1687968000,15961.7,15996.65,15931.7,15940.2,11090
1687982400,15939.7,15979.3,15935.7,15971.8,6463
1687996800,15967.4,15991.2,15965.5,15985.3,1657
1688011200,15984.8,15992.7,15945.1,15948.4,2091
1688025600,15947.9,15971.4,15923.95,15948.3,7814
1688040000,15948.3,15999.75,15922.75,15966.25,6077
1688054400,15966.25,15966.8,15917.45,15945.9,9252
1688068800,15944.9,15966.0,15929.8,15956.0,4877
1688083200,15953.3,15962.3,15931.1,15941.5,1488
1688097600,15941.8,15975.6,15941.3,15956.9,1951
1688112000,15957.4,16076.95,15956.3,16069.95,6740
1688126400,16071.95,16148.2,16070.9,16141.2,6290
1688140800,16141.2,16178.25,16123.7,16171.4,7792
1688155200,16171.4,16180.4,16164.4,16172.9,2346
1688342400,16188.6,16195.7,16173.0,16181.1,1880
1688356800,16181.6,16202.2,16171.5,16200.6,1830
1688371200,16200.1,16211.05,16164.3,16195.55,7863
1688385600,16195.5,16197.0,16109.05,16118.0,5578
1688400000,16117.5,16126.0,16069.0,16102.5,6185
1688414400,16102.5,16109.0,16097.5,16107.5,303
1688428800,16088.2,16100.8,16082.1,16089.3,1371
1688443200,16089.8,16103.2,16084.1,16097.7,1504
1688457600,16098.2,16104.65,16059.1,16071.35,5446
1688472000,16071.35,16075.9,16021.9,16050.85,3987
1688486400,16049.85,16051.9,16027.9,16035.4,2918
1688500800,16035.4,16043.4,16030.9,16034.85,485
1688515200,16031.3,16043.5,16012.5,16025.1,1454
1688529600,16025.1,16034.8,16008.9,16012.1,1602
1688544000,16011.1,16016.1,15923.0,15964.15,8319
1688558400,15964.65,15970.15,15912.65,15922.6,5683
1688572800,15922.1,15953.65,15901.65,15923.6,8447
1688587200,15923.6,15934.65,15905.6,15918.0,4042
1688601600,15916.1,15916.9,15880.9,15900.5,1779
1688616000,15900.6,15915.2,15849.4,15855.0,2786
1688630400,15856.5,15858.3,15765.1,15790.8,9886
1688644800,15791.3,15796.7,15664.35,15675.3,8678
1688659200,15675.8,15676.8,15492.35,15560.3,12224
1688673600,15559.3,15567.3,15537.8,15538.0,4299
1688688000,15537.9,15568.0,15513.9,15562.3,1911
1688702400,15561.8,15574.3,15538.1,15548.2,2366
1688716800,15548.1,15570.9,15454.45,15527.45,10573
1688731200,15527.95,15661.8,15527.0,15602.3,9524
1688745600,15603.3,15696.6,15567.25,15694.1,11377
1688760000,15694.6,15700.6,15627.6,15632.6,3834
1688947200,15619.2,15646.4,15602.9,15614.5,2721
1688961600,15614.5,15633.5,15586.8,15601.0,3021
1688976000,15601.1,15659.05,15544.95,15642.55,9514
1688990400,15642.55,15723.3,15625.1,15687.8,6151
1689004800,15687.3,15704.75,15640.8,15662.0,10115
1689019200,15662.5,15695.1,15661.95,15687.8,5101
1689033600,15676.4,15724.5,15675.7,15718.6,1901
1689048000,15718.6,15722.4,15702.0,15710.9,1808
1689062400,15711.0,15789.9,15659.9,15668.9,9191
1689076800,15669.45,15810.0,15657.9,15802.0,7287
1689091200,15802.0,15813.2,15756.55,15810.25,8659
1689105600,15809.75,15836.2,15796.75,15824.4,4748
1689120000,15823.1,15840.2,15813.7,15819.9,2361
1689134400,15819.4,15846.2,15812.7,15841.7,1770
1689148800,15841.2,15914.05,15805.55,15904.55,8038
1689163200,15904.5,15994.2,15904.0,15954.7,7203
1689177600,15952.7,16045.85,15947.7,16007.3,12239
1689192000,16007.8,16019.8,15985.1,16008.2,5758
1689206400,16012.5,16046.0,16012.5,16040.7,1873
1689220800,16040.7,16047.3,16022.6,16029.7,2254
1689235200,16029.2,16093.75,15993.6,16089.25,7806
1689249600,16089.2,16140.35,16084.5,16133.8,6138
1689264000,16133.85,16187.15,16128.8,16141.0,7067
1689278400,16141.5,16171.0,16131.0,16141.7,3965
1689292800,16144.0,16155.7,16117.6,16120.0,2108
1689307200,16120.5,16143.1,16110.0,16131.5,1912
1689321600,16132.5,16146.0,16098.5,16110.55,6645
1689336000,16110.6,16141.45,16068.6,16140.5,5094
1689350400,16139.5,16150.5,16074.6,16083.7,8305
1689364800,16084.2,16095.7,16067.0,16070.1,4455
1689552000,16055.1,16059.5,16031.7,16056.3,1891
1689566400,16056.3,16068.4,16043.8,16055.0,1388
1689580800,16056.5,16104.4,16010.7,16053.9,7461
1689595200,16054.4,16064.4,15993.35,16015.3,7195
1689609600,16015.3,16096.2,16012.3,16096.2,7228
1689624000,16095.2,16110.6,16070.9,16075.8,3610
1689638400,16073.7,16083.4,16065.4,16079.9,1698
1689652800,16079.9,16088.2,16054.2,16075.6,1700
1689667200,16075.7,16098.95,16026.05,16070.4,7268
1689681600,16070.9,16091.95,16032.95,16056.4,6111
1689696000,16056.4,16139.65,16043.4,16117.6,7537
1689710400,16116.6,16156.6,16116.6,16136.1,3630
1689724800,16139.1,16148.4,16137.5,16144.9,1745
1689739200,16144.4,16144.4,16113.3,16118.3,1804
1689753600,16118.8,16241.7,16115.3,16172.45,9698
1689768000,16172.4,16172.4,16072.0,16091.0,6610
1689782400,16091.0,16153.7,16086.0,16114.2,10266
1689796800,16113.7,16122.2,16090.7,16111.6,6834
1689811200,16102.0,16108.2,16062.7,16103.4,2563
1689825600,16103.9,16114.8,16094.1,16100.0,1846
1689840000,16101.0,16176.8,16046.4,16157.8,9347
1689854400,16157.3,16165.25,16124.3,16143.8,6537
1689868800,16143.8,16232.9,16131.8,16169.7,9310
1689883200,16169.2,16181.3,16091.2,16134.7,6525
1689897600,16138.3,16142.6,16106.6,16119.4,1827
1689912000,16118.9,16134.1,16109.2,16128.9,1948
1689926400,16128.4,16161.75,16101.6,16149.45,8577
1689940800,16149.95,16170.3,16104.4,16169.3,6110
1689955200,16169.8,16185.6,16125.3,16167.7,8758
1689969600,16166.7,16189.7,16153.2,16166.7,3005
1690156800,16170.4,16173.6,16148.0,16155.6,2176
1690171200,16155.7,16158.6,16132.4,16143.0,2877
1690185600,16143.5,16189.9,16115.0,16182.95,8200
1690200000,16182.45,16211.75,16152.85,16161.4,6227
1690214400,16161.4,16207.6,16140.9,16204.6,8552
1690228800,16205.1,16205.1,16171.55,16184.0,4525
1690243200,16182.8,16187.4,16161.6,16168.9,1482
1690257600,16168.9,16171.4,16154.2,16160.3,2506
1690272000,16159.3,16223.2,16132.9,16192.4,8903
1690286400,16191.9,16228.9,16185.9,16195.1,5822
1690300800,16195.6,16224.15,16143.6,16219.1,7340
1690315200,16220.1,16243.0,16189.4,16233.2,5565
1690329600,16221.6,16221.9,16188.6,16211.7,2685
1690344000,16212.2,16243.2,16206.0,16208.5,2114
1690358400,16208.5,16236.6,16120.15,16130.65,10629
1690372800,16129.65,16150.6,16007.25,16022.7,9488
1690387200,16023.7,16151.6,15998.2,16138.65,9721
1690401600,16137.65,16184.4,16102.4,16124.2,11670
1690416000,16131.8,16156.1,16118.9,16155.6,1829
1690430400,16156.1,16190.5,16148.9,16183.7,2472
1690444800,16184.2,16293.85,16128.05,16286.85,9402
1690459200,16286.85,16358.15,16255.3,16345.1,8706
1690473600,16345.6,16447.65,16337.6,16439.6,10831
1690488000,16439.1,16443.65,16299.4,16339.1,10334
1690502400,16332.8,16346.9,16322.2,16332.9,2229
1690516800,16333.9,16404.1,16313.1,16368.6,4823
1690531200,16368.6,16406.05,16334.65,16371.1,10675
1690545600,16371.1,16459.05,16359.6,16452.55,7719
1690560000,16452.6,16491.7,16420.1,16463.7,8770
1690574400,16463.2,16470.7,16428.65,16458.7,3902
1690761600,16471.0,16496.7,16467.8,16482.0,2788
1690776000,16482.0,16491.2,16422.2,16432.7,3380
1690790400,16433.2,16505.9,16425.0,16499.4,7714
1690804800,16497.9,16531.4,16470.05,16509.5,5243
1690819200,16509.0,16509.5,16441.5,16445.2,7691
1690833600,16444.7,16467.8,16439.7,16467.3,4901
1690848000,16468.1,16472.7,16451.9,16464.1,1533
1690862400,16463.6,16474.9,16449.3,16457.3,2141
1690876800,16455.8,16457.8,16308.45,16333.95,6765
1690891200,16333.45,16343.4,16270.95,16297.9,7716
1690905600,16295.9,16328.95,16222.0,16241.2,9744
1690920000,16242.2,16262.75,16237.5,16247.6,4534
1690934400,16194.4,16217.1,16183.6,16208.9,3213
1690948800,16209.4,16221.5,16133.4,16135.0,3067
1690963200,16134.0,16141.1,15949.75,15987.45,12224
1690977600,15987.4,16145.7,15963.9,16061.75,10894
1690992000,16062.25,16107.25,15987.5,16005.75,13068
1691006400,16004.75,16023.7,15970.6,15981.7,7039
1691020800,15993.8,16023.2,15973.0,15986.3,2614
1691035200,15986.3,16044.5,15979.1,15987.4,2778
1691049600,15987.4,16011.6,15804.85,15850.65,13660
1691064000,15849.65,15920.2,15848.7,15873.9,11335
1691078400,15872.9,15943.1,15834.85,15936.65,13112
1691092800,15937.15,15941.15,15890.0,15894.4,8964
1691107200,15906.7,15935.1,15896.4,15923.5,2930
1691121600,15923.5,15938.3,15898.8,15921.0,2682
1691136000,15920.5,15979.6,15870.2,15918.75,9078
1691150400,15919.25,15939.7,15778.75,15835.2,11289
1691164800,15835.2,15971.4,15826.2,15961.4,13108
1691179200,15961.9,15962.9,15822.7,15828.7,6973
1691366400,15854.6,15885.4,15852.2,15882.5,2616
1691380800,15882.0,15904.7,15872.0,15893.6,1837
1691395200,15894.1,15965.0,15853.05,15862.55,8898
1691409600,15862.05,15941.85,15821.5,15937.3,8822
1691424000,15937.3,15971.9,15880.35,15971.4,11305
1691438400,15970.9,15994.3,15960.4,15993.1,4688
1691452800,15990.4,15992.0,15973.4,15983.2,1612
1691467200,15982.7,15982.7,15920.2,15932.8,2900
1691481600,15933.3,15948.6,15838.3,15890.15,10125
1691496000,15889.65,15893.6,15704.15,15743.15,12740
1691510400,15742.15,15790.15,15728.65,15786.1,11635
1691524800,15786.2,15842.7,15786.1,15823.6,6188
1691539200,15831.8,15849.8,15821.5,15843.2,1865
1691553600,15843.2,15868.2,15840.0,15864.8,2479
1691568000,15863.8,15982.85,15861.2,15980.35,9236
1691582400,15980.85,15984.6,15863.05,15866.1,8272
1691596800,15866.05,15909.05,15829.05,15872.4,11874
1691611200,15872.9,15930.55,15865.9,15897.4,6835
1691625600,15902.7,15912.2,15883.1,15899.1,1613
1691640000,15899.3,15945.8,15887.8,15942.0,2138
1691654400,15941.5,16011.35,15890.9,15941.5,9855
1691668800,15941.0,15973.95,15874.45,15952.0,11052
1691683200,15951.0,16062.95,15934.4,15940.9,18911
1691697600,15941.9,15963.9,15911.9,15943.1,11369
1691712000,15953.2,15967.3,15948.5,15967.3,1627
1691726400,15968.8,15971.8,15914.7,15919.4,2556
1691740800,15918.9,15963.6,15869.2,15898.75,8312
1691755200,15898.25,15954.2,15799.45,15807.4,10362
1691769600,15807.9,15863.95,15802.4,15836.3,14472
1691784000,15836.8,15854.4,15824.7,15845.8,5420
1691971200,15870.1,15876.8,15841.8,15844.8,2987
1691985600,15842.8,15853.3,15750.8,15758.4,4144
1692000000,15759.4,15932.25,15758.9,15916.75,10077
1692014400,15917.75,15940.75,15849.75,15879.8,8536
1692028800,15879.75,15915.0,15817.75,15904.0,12621
1692043200,15904.0,15923.6,15885.0,15916.4,6386
1692057600,15913.8,15947.4,15912.6,15929.5,2261
1692072000,15930.5,15952.8,15921.6,15948.9,3117
1692086400,15949.4,15961.6,15773.15,15809.7,7626
1692100800,15809.7,15810.65,15699.65,15764.9,11520
1692115200,15764.4,15807.35,15727.05,15753.6,14141
1692129600,15754.1,15765.05,15715.4,15734.4,7588
1692144000,15733.2,15746.0,15682.4,15704.9,2176
1692158400,15705.4,15731.5,15695.0,15699.3,3365
1692172800,15699.3,15816.65,15668.4,15794.1,9545
1692187200,15793.6,15810.65,15760.15,15768.55,8444
1692201600,15768.0,15806.55,15748.8,15760.8,12342
1692216000,15760.3,15779.3,15707.5,15714.0,10648
1692230400,15724.3,15732.8,15640.8,15647.8,2339
1692244800,15647.3,15697.3,15626.3,15685.4,3366
1692259200,15684.9,15783.75,15648.8,15757.25,10149
1692273600,15756.75,15796.25,15749.25,15765.25,8214
1692288000,15765.25,15768.2,15659.6,15695.1,14626
1692302400,15695.6,15698.1,15592.6,15594.9,9119
1692316800,15601.7,15622.7,15588.4,15612.0,2821
1692331200,15613.5,15660.6,15610.5,15622.8,3310
1692345600,15622.8,15647.8,15511.35,15587.65,11540
1692360000,15588.15,15604.6,15471.95,15495.9,11712
1692374400,15495.9,15599.65,15466.95,15583.9,16192
1692388800,15583.4,15607.4,15555.4,15601.4,5414
1692576000,15582.5,15608.7,15576.5,15602.8,2571
1692590400,15601.3,15609.2,15561.2,15587.2,3384
1692604800,15586.7,15690.65,15563.0,15677.65,8960
1692619200,15677.6,15711.65,15647.15,15654.1,7533
1692633600,15652.1,15654.1,15578.2,15617.7,12595
1692648000,15617.2,15673.4,15613.2,15635.8,6596
1692662400,15635.9,15648.7,15615.3,15647.6,2189
1692676800,15647.6,15660.6,15628.3,15651.0,2606
1692691200,15650.5,15773.65,15644.8,15752.55,9788
1692705600,15753.05,15798.25,15739.05,15767.2,6604
1692720000,15766.7,15770.7,15672.9,15693.9,12046
1692734400,15694.4,15711.9,15676.4,15685.5,6899
1692748800,15696.7,15732.2,15692.4,15730.4,1886
1692763200,15730.9,15759.8,15725.3,15750.5,2511
1692777600,15749.0,15825.25,15732.25,15766.35,9186
1692792000,15767.35,15798.5,15669.55,15679.1,10184
1692806400,15677.6,15734.6,15674.6,15718.3,11095
1692820800,15717.8,15795.6,15715.25,15788.5,7741
1692835200,15778.4,15789.7,15752.9,15779.2,2954
1692849600,15778.2,15820.2,15763.7,15819.7,2744
1692864000,15822.7,15894.8,15795.7,15801.4,9924
1692878400,15801.9,15807.85,15706.4,15725.4,9474
1692892800,15724.9,15738.9,15584.2,15628.7,15670
1692907200,15628.2,15633.2,15535.1,15544.3,9520
1692921600,15575.8,15598.8,15571.5,15593.1,2690
1692936000,15593.6,15603.6,15576.3,15576.3,2590
1692950400,15577.3,15663.65,15553.1,15656.15,8942
1692964800,15656.65,15741.3,15639.7,15718.3,7468
1692979200,15718.3,15719.3,15595.5,15657.3,19696
1692993600,15657.3,15701.8,15632.3,15684.8,7156
1693180800,15711.5,15716.9,15698.6,15710.2,2701
1693195200,15711.2,15731.9,15710.7,15717.4,3618
1693209600,15716.4,15772.8,15702.45,15709.95,7134
1693224000,15710.45,15762.15,15670.95,15745.1,6053
1693238400,15745.1,15817.0,15744.1,15816.5,11198
1693252800,15816.5,15823.5,15781.3,15817.7,6495
1693267200,15825.6,15827.7,15794.0,15811.4,2082
1693281600,15811.4,15830.8,15797.0,15819.0,3215
1693296000,15820.5,15892.85,15800.35,15820.85,9336
1693310400,15821.35,15885.35,15805.5,15829.45,8639
1693324800,15830.95,15959.0,15820.95,15944.0,11798
1693339200,15943.0,15970.3,15932.8,15965.1,5193
1693353600,15978.3,15992.9,15966.7,15982.2,1963
1693368000,15982.2,16003.1,15977.4,15978.4,2995
1693382400,15978.4,15985.4,15862.2,15864.7,9338
1693396800,15864.7,15927.9,15819.7,15921.9,10003
1693411200,15920.4,15936.4,15855.15,15906.6,11997
1693425600,15906.1,15917.9,15874.0,15910.6,6367
1693440000,15907.8,15914.5,15896.2,15905.1,1460
1693454400,15905.6,15921.5,15893.8,15914.6,3651
1693468800,15914.6,16002.45,15905.6,15994.9,9059
1693483200,15995.4,16039.9,15964.45,16012.0,9071
1693497600,16011.5,16043.05,15914.7,15936.2,12028
1693512000,15936.7,15961.45,15930.3,15951.9,6175
1693526400,15948.5,15989.5,15941.0,15980.6,2283
1693540800,15981.6,16004.8,15977.7,15994.8,2031
1693555200,15995.8,15996.8,15906.25,15941.6,8675
1693569600,15941.1,15985.65,15905.3,15933.5,9768
1693584000,15934.0,15967.0,15822.8,15847.5,16645
1693598400,15848.0,15859.0,15836.5,15853.0,3441
1693785600,15857.1,15879.5,15841.7,15875.3,1934
1693800000,15873.8,15889.0,15856.3,15883.6,3951
1693814400,15883.1,15962.45,15881.1,15941.4,8142
1693828800,15941.9,15950.45,15856.65,15877.15,5597
1693843200,15877.1,15881.4,15795.2,15824.2,5517
1693857600,15824.2,15827.7,15822.2,15825.7,374
1693872000,15820.0,15823.6,15799.2,15800.3,1865
1693886400,15799.8,15816.4,15771.1,15787.4,3600
1693900800,15788.4,15790.2,15689.0,15759.95,11766
1693915200,15759.45,15839.45,15749.0,15836.5,8677
1693929600,15837.0,15838.5,15758.95,15771.3,12520
1693944000,15771.8,15781.8,15749.3,15752.7,4917
1693958400,15746.3,15768.4,15746.3,15767.9,1750
1693972800,15768.9,15773.7,15732.8,15739.2,3614
1693987200,15738.2,15754.5,15674.35,15724.05,10876
1694001600,15724.05,15742.0,15673.75,15724.2,9082
1694016000,15724.7,15783.75,15703.9,15706.4,13742
1694030400,15705.9,15742.15,15697.9,15724.0,5860
1694044800,15727.4,15736.2,15717.0,15717.9,1926
1694059200,15718.4,15733.2,15683.6,15685.9,4229
1694073600,15685.9,15758.05,15649.3,15747.55,11736
1694088000,15748.05,15796.05,15670.05,15683.6,10292
1694102400,15682.6,15762.55,15674.55,15716.55,14036
1694116800,15716.55,15739.4,15712.1,15733.5,5093
1694131200,15735.5,15739.6,15706.3,15720.8,2134
1694145600,15720.8,15740.2,15707.4,15726.9,3032
1694160000,15727.4,15788.9,15616.25,15621.25,11321
1694174400,15620.75,15716.75,15574.7,15706.7,13387
1694188800,15706.7,15754.6,15696.75,15746.1,11799
1694203200,15746.6,15754.65,15722.4,15731.15,4314
1694390400,15729.3,15750.4,15726.4,15735.4,2637
1694404800,15735.9,15753.2,15718.4,15750.8,5390
1694419200,15750.8,15871.45,15750.4,15775.45,11520
1694433600,15774.95,15837.95,15769.05,15796.05,9322
1694448000,15796.1,15831.5,15769.95,15820.5,11018
1694462400,15820.5,15838.5,15816.5,15818.6,3673
1694476800,15819.2,15824.2,15804.5,15808.0,1954
1694491200,15808.5,15832.8,15791.5,15824.2,4973
1694505600,15824.7,15834.8,15706.85,15723.9,10646
1694520000,15723.4,15768.35,15686.35,15739.4,10148
1694534400,15737.4,15757.85,15683.35,15730.4,11466
1694548800,15730.4,15756.4,15699.6,15708.8,5854
1694563200,15697.5,15708.6,15684.6,15691.8,1646
1694577600,15691.9,15700.4,15605.4,15646.1,4178
1694592000,15645.1,15737.05,15605.65,15611.65,10369
1694606400,15611.65,15657.45,15559.15,15642.4,10668
1694620800,15642.4,15691.75,15614.9,15637.5,10828
1694635200,15637.5,15646.2,15602.0,15639.6,6673
1694649600,15627.2,15676.9,15626.3,15675.4,1881
1694664000,15675.3,15705.2,15658.2,15698.5,1732
1694678400,15697.5,15716.6,15585.75,15621.8,9863
1694692800,15622.3,15740.65,15609.3,15739.2,11616
1694707200,15739.2,15850.5,15729.75,15848.6,14651
1694721600,15848.6,15875.2,15833.15,15872.0,4920
1694736000,15860.2,15878.0,15851.3,15868.3,2483
1694750400,15868.8,15910.4,15847.3,15898.9,5273
1694764800,15897.9,15991.4,15882.3,15967.85,12583
1694779200,15968.35,15988.9,15914.7,15916.2,9234
1694793600,15915.7,15934.35,15867.9,15896.9,13161
1694808000,15896.9,15896.9,15856.7,15865.7,4400
1694995200,15893.4,15902.1,15880.2,15890.9,1893
1695009600,15891.4,15902.9,15867.4,15890.0,4698
1695024000,15890.0,15896.4,15807.25,15809.75,9937
1695038400,15809.25,15821.7,15741.7,15767.95,9753
1695052800,15768.95,15777.9,15691.35,15729.8,13290
1695067200,15730.3,15738.3,15707.2,15729.9,4582
1695081600,15727.4,15740.2,15719.7,15737.9,2138
1695096000,15737.4,15742.7,15704.5,15708.0,4246
1695110400,15707.0,15741.5,15660.9,15717.4,9184
1695124800,15718.9,15744.55,15659.55,15667.6,8414
1695139200,15667.6,15708.55,15628.05,15654.55,11961
1695153600,15655.55,15705.9,15653.5,15687.9,5562
1695168000,15688.4,15693.3,15660.0,15665.9,1939
1695182400,15665.9,15675.5,15654.6,15656.9,4192
1695196800,15655.9,15768.45,15652.0,15761.0,10820
1695211200,15761.45,15778.6,15735.5,15776.6,7494
1695225600,15776.6,15810.55,15766.1,15807.6,7853
1695240000,15807.1,15807.6,15690.8,15697.4,12991
1695254400,15706.2,15708.8,15648.1,15649.2,3641
1695268800,15648.7,15653.0,15602.5,15625.2,5213
1695283200,15625.2,15697.65,15609.6,15656.65,11980
1695297600,15656.15,15673.7,15546.15,15576.2,12971
1695312000,15576.7,15628.15,15552.0,15557.0,13906
1695326400,15557.0,15577.1,15462.2,15466.5,7782
1695340800,15486.2,15501.1,15456.0,15475.0,3388
1695355200,15475.0,15529.6,15460.0,15521.4,6036
1695369600,15520.9,15546.75,15451.6,15527.05,11759
1695384000,15526.55,15585.65,15508.1,15551.05,9566
1695398400,15554.55,15592.0,15518.55,15548.0,12490
1695412800,15549.0,15549.0,15496.9,15508.3,5933
1695600000,15520.2,15530.4,15490.3,15509.8,2472
1695614400,15509.8,15537.0,15509.8,15534.5,3506
1695628800,15534.0,15574.65,15400.65,15417.15,10059
1695643200,15417.2,15469.7,15375.05,15386.5,11023
1695657600,15386.0,15426.3,15326.45,15410.9,13663
1695672000,15409.9,15434.0,15400.3,15433.1,7964
1695686400,15427.8,15428.5,15361.0,15366.0,2212
1695700800,15366.5,15383.0,15346.0,15381.4,3512
1695715200,15380.4,15390.2,15258.35,15340.25,11961
1695729600,15340.75,15349.8,15275.7,15285.7,11352
1695744000,15286.2,15323.65,15225.65,15258.2,14394
1695758400,15257.2,15265.2,15200.7,15221.6,7156
1695772800,15225.0,15228.5,15203.6,15208.9,2756
1695787200,15208.9,15239.3,15206.9,15237.8,3625
1695801600,15236.8,15297.55,15210.6,15267.6,9603
1695816000,15268.1,15274.1,15210.05,15255.8,10470
1695830400,15254.8,15281.75,15157.4,15165.9,14455
1695844800,15165.9,15262.9,15131.9,15259.7,11455
1695859200,15240.3,15270.5,15222.1,15266.5,2862
1695873600,15266.0,15291.3,15213.3,15244.5,4077
1695888000,15245.5,15287.8,15148.45,15181.15,13223
1695902400,15181.1,15277.15,15136.1,15228.6,15726
1695916800,15228.1,15369.4,15210.15,15335.4,17265
1695931200,15335.4,15357.6,15309.4,15354.5,9646
1695945600,15358.9,15365.8,15292.6,15294.2,2545
1695960000,15294.2,15358.9,15291.8,15335.2,3493
1695974400,15336.7,15450.65,15328.6,15416.65,12629
1695988800,15416.65,15510.15,15416.2,15500.2,12000
1696003200,15500.7,15517.15,15362.5,15367.5,17989
1696017600,15366.5,15376.5,15328.5,15360.5,9441
1696204800,15403.8,15469.3,15392.6,15448.9,3975
1696219200,15448.4,15463.5,15408.8,15412.6,2522
1696233600,15414.1,15479.65,15369.3,15401.05,10820
1696248000,15400.1,15402.6,15321.15,15323.7,12247
1696262400,15323.2,15341.15,15177.3,15186.8,21014
1696276800,15186.8,15218.9,15165.8,15212.8,9959
1696291200,15207.7,15219.1,15155.8,15210.3,2943
1696305600,15210.8,15211.8,15141.8,15142.8,4374
1696320000,15141.3,15259.0,15093.8,15251.95,12019
1696334400,15252.45,15253.5,15090.45,15105.0,14742
1696348800,15103.5,15169.65,15071.0,15104.0,21035
1696363200,15103.5,15119.0,15058.0,15072.1,10539
1696377600,15057.4,15091.5,15054.4,15065.0,3254
1696392000,15066.0,15070.0,15011.0,15051.0,5405
1696406400,15052.5,15075.15,14943.65,15055.15,14178
1696420800,15057.15,15176.15,15045.2,15143.2,14747
1696435200,15142.2,15148.2,15046.1,15130.4,19566
1696449600,15129.9,15155.9,15082.9,15132.1,10072
1696464000,15129.6,15135.3,15098.3,15133.3,2910
1696478400,15134.3,15172.5,15130.3,15162.8,2907
1696492800,15162.3,15162.8,15067.55,15085.45,11388
1696507200,15085.95,15153.95,15048.9,15096.4,13239
1696521600,15096.4,15132.95,15046.45,15077.2,18456
1696536000,15077.2,15128.2,15063.2,15096.8,8686
1696550400,15098.5,15120.9,15090.5,15119.4,2388
1696564800,15118.9,15141.2,15109.2,15115.0,3304
1696579200,15114.0,15182.65,15085.7,15127.15,9284
1696593600,15127.2,15214.7,15034.15,15057.2,13161
1696608000,15054.7,15294.0,15038.2,15253.5,22338
1696622400,15253.0,15292.0,15252.0,15284.0,5851
1696809600,15173.7,15198.7,15155.0,15175.1,6904
1696824000,15174.6,15176.1,15136.1,15152.5,2442
1696838400,15153.0,15195.4,15077.55,15184.05,16377
1696852800,15184.55,15204.05,15084.85,15094.3,13635
1696867200,15094.3,15165.85,15092.8,15129.1,16957
1696881600,15129.6,15208.6,15127.1,15190.2,7990
1696896000,15187.4,15256.3,15184.4,15249.0,2727
1696910400,15249.5,15269.4,15248.4,15253.7,3980
1696924800,15254.7,15389.75,15213.6,15375.75,15401
1696939200,15376.25,15399.95,15329.95,15358.5,13164
1696953600,15358.5,15445.85,15350.0,15412.0,15413
1696968000,15412.5,15413.0,15373.0,15392.1,9215
1696982400,15390.9,15414.0,15383.7,15386.1,2619
1696996800,15386.0,15408.8,15377.0,15389.2,3159
1697011200,15388.7,15439.55,15359.4,15411.05,14746
1697025600,15411.05,15477.55,15403.5,15473.1,13556
1697040000,15473.1,15487.65,15415.4,15427.5,17542
1697054400,15427.0,15502.9,15411.6,15500.0,8332
1697068800,15488.0,15511.7,15482.0,15508.9,2712
1697083200,15509.4,15529.8,15498.8,15527.2,3196
1697097600,15526.2,15555.05,15490.0,15554.5,10278
1697112000,15555.0,15575.45,15484.3,15484.8,10901
1697126400,15485.3,15493.3,15411.85,15432.6,18386
1697140800,15432.1,15432.1,15342.1,15376.7,11346
1697155200,15372.5,15411.8,15372.3,15407.9,3176
1697169600,15407.9,15428.6,15392.2,15392.7,3055
1697184000,15393.2,15409.35,15347.15,15358.35,11707
1697198400,15358.35,15363.35,15257.35,15329.8,17989
1697212800,15330.3,15338.3,15155.0,15170.0,19375
1697227200,15170.0,15173.5,15129.5,15160.0,9098
1697414400,15156.5,15201.5,15149.0,15185.6,3965
1697428800,15185.1,15205.0,15164.5,15193.7,2905
1697443200,15192.7,15236.8,15102.75,15160.75,13926
1697457600,15159.75,15216.25,15141.75,15204.15,12409
1697472000,15205.65,15274.75,15189.65,15240.2,14374
1697486400,15240.7,15266.2,15207.2,15256.9,9407
1697500800,15259.7,15280.2,15235.4,15275.1,3080
1697515200,15274.6,15274.6,15227.6,15227.7,2885
1697529600,15227.7,15292.15,15184.15,15207.65,10965
1697544000,15207.15,15249.2,15127.15,15131.2,14663
1697558400,15132.2,15304.0,15115.15,15262.0,19583
1697572800,15261.5,15269.0,15216.5,15249.4,11290
1697587200,15235.3,15242.8,15193.2,15193.7,2741
1697601600,15192.7,15263.1,15190.2,15245.1,3690
1697616000,15244.6,15287.6,15185.05,15265.9,13063
1697630400,15265.9,15269.85,15130.05,15133.6,14952
1697644800,15134.1,15155.6,15058.9,15061.4,21448
1697659200,15061.4,15103.9,15034.9,15058.7,14508
1697673600,15046.8,15057.1,15033.3,15054.8,3592
1697688000,15055.0,15073.1,14984.3,15014.5,3581
1697702400,15014.0,15099.25,14978.75,15022.95,14163
1697716800,15023.95,15101.9,15014.4,15078.8,14606
1697731200,15080.8,15097.1,14990.6,15051.6,25866
1697745600,15052.6,15077.6,14920.1,14940.7,18728
1697760000,14945.3,14946.3,14921.2,14934.9,3735
1697774400,14934.4,14978.4,14912.9,14966.4,3998
1697788800,14965.4,14966.3,14842.95,14904.65,12727
1697803200,14904.65,14907.1,14818.15,14833.1,13870
1697817600,14833.1,14915.65,14794.4,14837.9,21174
1697832000,14837.4,14852.9,14786.9,14792.4,10604
1698019200,14800.8,14827.5,14793.9,14818.4,3303
1698033600,14817.4,14822.0,14793.3,14808.8,2764
1698048000,14808.3,14855.85,14704.85,14743.85,12620
1698062400,14745.3,14749.3,14625.35,14699.8,15543
1698076800,14700.8,14826.6,14663.35,14826.6,19082
1698091200,14827.1,14830.6,14747.1,14778.9,12659
1698105600,14773.2,14796.4,14738.1,14746.3,3086
1698120000,14746.8,14779.3,14715.5,14774.1,4152
1698134400,14773.1,14840.45,14747.45,14809.45,12150
1698148800,14809.95,14854.55,14793.9,14837.9,12223
1698163200,14838.4,14917.45,14806.45,14846.7,19849
1698177600,14846.2,14954.0,14840.7,14900.5,11313
1698192000,14887.2,14905.9,14870.8,14895.2,3766
1698206400,14895.7,14909.7,14880.2,14888.8,3267
1698220800,14888.8,14898.9,14807.6,14856.95,11696
1698235200,14856.95,14917.05,14816.95,14859.55,11899
1698249600,14859.05,14936.1,14787.15,14847.9,21804
1698264000,14847.4,14864.0,14809.7,14817.1,13900
1698278400,14767.1,14791.6,14746.4,14751.4,5077
1698292800,14752.4,14777.0,14737.1,14765.4,4185
1698307200,14764.9,14787.2,14662.9,14684.85,14976
1698321600,14685.35,14794.4,14651.9,14792.4,16952
1698336000,14793.4,14795.9,14658.7,14661.7,24567
1698350400,14661.2,14743.7,14654.0,14687.5,16179
1698364800,14713.4,14738.7,14707.1,14722.3,3423
1698379200,14720.3,14757.4,14718.2,14745.9,3017
1698393600,14745.9,14819.15,14706.35,14814.15,11622
1698408000,14814.2,14825.7,14691.8,14763.8,12898
1698422400,14764.3,14802.8,14652.1,14652.6,21885
1698436800,14652.6,14660.6,14588.1,14595.1,10232
1698624000,14646.4,14674.6,14632.2,14671.8,3568
1698638400,14671.3,14684.2,14661.8,14668.8,3407
1698652800,14670.3,14798.25,14669.4,14756.3,8644
1698667200,14755.8,14800.75,14734.95,14746.95,11568
1698681600,14747.0,14776.25,14676.75,14711.6,21197
1698696000,14712.1,14768.6,14705.6,14752.8,8630
1698710400,14753.7,14756.6,14729.4,14750.4,2092
1698724800,14749.9,14758.1,14693.1,14702.3,4299
1698739200,14702.3,14808.85,14688.9,14804.85,8241
1698753600,14804.35,14828.3,14740.85,14798.8,13148
1698768000,14799.8,14832.3,14758.8,14816.4,22326
1698782400,14815.9,14848.9,14805.4,14832.6,8406
1698796800,14844.0,14847.3,14821.0,14829.7,2587
1698811200,14829.7,14846.9,14818.9,14842.6,2624
1698825600,14842.1,14898.2,14813.25,14826.15,7790
1698840000,14826.15,14879.95,14784.95,14859.95,11905
1698854400,14859.45,14950.55,14846.4,14914.4,18668
1698868800,14913.4,14986.5,14893.8,14984.5,15125
1698883200,14981.8,15025.7,14981.1,15020.8,2588
1698897600,15020.8,15030.7,15006.7,15011.0,2928
1698912000,15010.5,15124.65,14987.2,15111.7,8057
1698926400,15112.7,15180.15,15112.15,15162.05,13361
1698940800,15162.55,15203.6,15121.6,15160.6,15249
1698955200,15160.1,15213.2,15154.1,15211.7,5686
1698969600,15202.7,15218.5,15197.4,15206.7,1778
1698984000,15206.2,15225.4,15198.5,15215.4,1858
1698998400,15214.9,15226.6,15178.8,15200.3,6790
1699012800,15201.3,15248.8,15149.35,15225.35,11339
1699027200,15224.85,15268.85,15181.2,15191.3,18019
1699041600,15191.8,15204.35,15167.8,15185.85,5119
1699228800,15195.3,15203.5,15178.3,15193.7,2863
1699243200,15194.7,15201.7,15187.0,15192.7,2347
1699257600,15193.2,15233.7,15145.95,15152.95,8905
1699272000,15153.45,15171.45,15139.95,15158.5,7738
1699286400,15159.5,15173.85,15110.25,15128.75,11728
1699300800,15129.25,15145.25,15100.75,15129.7,7115
1699315200,15120.2,15138.8,15109.7,15131.4,2332
1699329600,15131.4,15132.4,15104.8,15108.9,2156
1699344000,15108.4,15132.35,15068.8,15091.55,9389
1699358400,15090.6,15137.6,15067.05,15135.6,9325
1699372800,15135.6,15194.55,15112.05,15146.6,12672
1699387200,15146.1,15163.6,15143.9,15150.1,5982
1699401600,15144.7,15152.9,15130.8,15136.2,2374
1699416000,15135.7,15140.8,15104.1,15107.4,2526
1699430400,15107.4,15142.05,15073.4,15093.45,9714
1699444800,15093.45,15215.5,15086.95,15214.5,9301
1699459200,15215.5,15289.45,15157.9,15179.0,15101
1699473600,15179.5,15233.0,15171.5,15207.7,7845
1699488000,15186.8,15220.6,15186.6,15213.1,1899
1699502400,15213.1,15222.2,15199.7,15203.6,1436
1699516800,15203.6,15270.35,15195.0,15267.35,11576
1699531200,15267.4,15336.35,15264.4,15325.9,9624
1699545600,15325.9,15366.35,15287.35,15352.95,14964
1699560000,15351.95,15352.95,15262.8,15275.9,14344
1699574400,15261.6,15263.0,15235.2,15244.2,2631
1699588800,15243.7,15251.9,15229.8,15250.1,1967
1699603200,15250.0,15304.6,15241.2,15279.75,10555
1699617600,15279.8,15280.3,15214.95,15263.0,10319
1699632000,15263.5,15292.2,15170.2,15286.1,16202
1699646400,15285.6,15330.2,15276.1,15328.7,5052
1699833600,15304.7,15309.3,15257.7,15262.8,2685
1699848000,15263.3,15267.8,15224.8,15242.8,2009
1699862400,15243.3,15331.85,15241.3,15297.85,8724
1699876800,15296.85,15307.35,15250.85,15277.2,8539
1699891200,15277.2,15361.5,15261.7,15342.5,11559
1699905600,15342.5,15367.5,15339.0,15354.5,5581
1699920000,15354.7,15362.8,15346.3,15360.6,1891
1699934400,15360.1,15362.0,15337.3,15344.4,1427
1699948800,15343.4,15431.2,15331.1,15407.65,8087
1699963200,15408.15,15574.85,15379.05,15551.4,11533
1699977600,15553.4,15633.1,15536.9,15601.1,14658
1699992000,15601.1,15633.8,15593.0,15619.0,4909
1700006400,15629.5,15640.4,15605.4,15611.1,2738
1700020800,15612.1,15643.0,15608.7,15633.7,2381
1700035200,15633.7,15722.5,15628.05,15663.95,11955
1700049600,15664.45,15760.9,15659.0,15713.4,11112
1700064000,15714.4,15756.8,15693.9,15737.4,14925
1700078400,15737.4,15758.9,15714.3,15715.0,7159
1700092800,15726.6,15762.8,15715.8,15716.7,2554
1700107200,15717.2,15731.1,15703.3,15723.7,2739
1700121600,15724.2,15836.35,15722.1,15808.35,10303
1700136000,15809.35,15865.95,15797.7,15858.9,9121
1700150400,15857.9,15857.9,15777.2,15805.2,14440
1700164800,15805.7,15838.4,15789.2,15836.8,6397
1700179200,15821.7,15832.0,15814.3,15827.6,1837
1700193600,15827.1,15837.1,15818.5,15828.5,1553
1700208000,15828.0,15910.95,15811.95,15904.95,8282
1700222400,15904.9,15947.45,15903.55,15908.5,8400
1700236800,15908.5,15946.45,15904.5,15933.9,12048
1700251200,15934.4,15947.9,15924.9,15929.4,2559
1700438400,15946.8,15956.7,15923.9,15937.7,3044
1700452800,15938.2,15946.2,15916.0,15918.1,2638
1700467200,15917.6,15928.8,15886.6,15911.45,9291
1700481600,15911.95,15926.9,15851.65,15879.3,7088
1700496000,15880.3,15916.4,15870.35,15903.4,8116
1700510400,15903.9,15946.4,15902.4,15925.1,3942
1700524800,15925.9,15936.5,15923.8,15934.0,1998
1700539200,15933.0,15938.5,15923.5,15926.9,1881
1700553600,15926.9,15947.95,15902.2,15914.95,8089
1700568000,15915.0,15942.45,15888.1,15903.1,7570
1700582400,15904.1,15934.05,15895.6,15909.7,9035
1700596800,15910.7,15916.7,15876.5,15900.4,6945
1700611200,15895.6,15933.2,15883.8,15931.2,2091
1700625600,15930.7,15934.2,15917.2,15917.6,1916
1700640000,15917.6,15984.1,15905.6,15943.05,7813
1700654400,15943.05,15995.55,15941.1,15983.6,7868
1700668800,15984.6,15998.55,15939.4,15953.9,12227
1700683200,15953.9,15961.9,15934.3,15956.4,4782
1700697600,15941.1,15955.9,15937.1,15954.4,1858
1700712000,15954.9,15957.4,15938.9,15956.3,1241
1700726400,15957.3,15981.25,15947.85,15973.75,7058
1700740800,15973.7,16000.25,15960.25,15988.7,4580
1700755200,15989.2,16005.25,15983.1,15985.1,3127
1700769600,15985.6,16001.1,15983.1,15995.1,465
1700784000,15982.7,16013.5,15978.8,16013.5,1566
1700798400,16013.5,16014.0,15997.5,15999.5,1719
1700812800,15999.5,16020.05,15973.05,16005.05,5880
1700827200,16005.0,16024.45,15989.45,16016.4,4730
1700841600,16015.9,16046.1,16010.4,16045.1,5822
1700856000,16044.6,16046.6,16026.6,16027.1,418
1701043200,16017.5,16027.4,16011.6,16016.1,2038
1701057600,16016.1,16016.1,15987.6,15988.0,1817
1701072000,15988.0,16039.55,15976.55,15981.05,5837
1701086400,15981.55,16019.0,15977.5,16000.0,4758
1701100800,16000.0,16012.05,15957.05,15975.5,7083
1701115200,15975.0,15981.0,15946.7,15963.6,3769
1701129600,15962.0,15970.3,15951.7,15956.4,1554
1701144000,15956.4,15960.4,15945.0,15948.5,1205
1701158400,15949.0,15966.5,15912.9,15944.05,8267
1701172800,15944.55,15969.75,15929.4,15952.7,5911
1701187200,15952.2,16001.3,15935.75,15979.8,8024
1701201600,15979.8,15996.0,15955.3,15988.5,5249
1701216000,15983.8,16009.6,15982.7,16004.1,2004
1701230400,16004.1,16010.6,15993.0,16000.4,1850
1701244800,15999.9,16172.65,15990.2,16147.15,9383
1701259200,16147.65,16185.85,16122.85,16159.9,7512
1701273600,16160.9,16210.85,16142.9,16194.4,10409
1701288000,16194.9,16204.4,16163.1,16182.2,5558
1701302400,16175.5,16188.7,16169.6,16175.2,2435
1701316800,16175.7,16222.2,16173.6,16209.4,2672
1701331200,16210.4,16218.6,16164.5,16196.45,8728
1701345600,16196.5,16263.55,16193.0,16236.1,6925
1701360000,16235.6,16240.05,16199.05,16221.6,11921
1701374400,16221.6,16257.5,16210.55,16239.3,6920
1701388800,16232.6,16266.1,16231.6,16256.0,2516
1701403200,16255.5,16307.4,16254.5,16285.1,2878
1701417600,16284.6,16357.8,16270.6,16338.75,8810
1701432000,16339.75,16346.75,16301.8,16305.3,6168
1701446400,16305.8,16438.8,16283.25,16437.8,12770
1701460800,16438.3,16440.8,16420.8,16438.8,3774
1701648000,16431.5,16432.4,16403.5,16419.2,3988
1701662400,16419.7,16429.3,16409.2,16417.3,2971
1701676800,16417.3,16456.25,16382.7,16400.95,8808
1701691200,16401.45,16423.9,16395.95,16405.7,5297
1701705600,16406.7,16441.9,16389.7,16438.7,6985
1701720000,16439.7,16446.75,16415.2,16423.1,4212
1701734400,16420.5,16426.6,16406.1,16414.3,2244
1701748800,16414.3,16427.1,16408.6,16412.6,1696
1701763200,16412.6,16465.55,16387.4,16454.55,8518
1701777600,16454.1,16482.85,16415.55,16465.4,6771
1701792000,16465.4,16550.9,16462.4,16538.9,11234
1701806400,16539.9,16550.9,16521.6,16523.0,5079
1701820800,16514.5,16586.2,16514.3,16583.3,2127
1701835200,16583.3,16598.0,16582.5,16589.9,2032
1701849600,16589.4,16589.9,16532.65,16546.65,8298
1701864000,16545.65,16641.7,16540.2,16639.7,6029
1701878400,16640.7,16729.15,16638.7,16650.2,9314
1701892800,16651.2,16668.2,16620.4,16623.4,5174
1701907200,16616.6,16630.2,16603.9,16606.3,2902
1701921600,16605.8,16616.3,16593.9,16595.5,2397
1701936000,16596.0,16633.7,16592.95,16630.45,8304
1701950400,16630.45,16639.95,16606.95,16626.9,6761
1701964800,16626.9,16655.95,16612.95,16643.9,8870
1701979200,16644.4,16667.9,16626.0,16627.5,4099
1701993600,16633.0,16659.0,16620.2,16647.8,2990
1702008000,16647.8,16666.0,16646.9,16664.4,2147
1702022400,16664.4,16711.8,16630.2,16693.35,6548
1702036800,16693.85,16709.85,16629.4,16680.9,7839
1702051200,16681.4,16781.45,16665.4,16771.4,10783
1702065600,16770.9,16798.9,16768.4,16789.4,2573
1702252800,16791.8,16815.7,16767.1,16781.9,4015
1702267200,16782.4,16791.1,16772.1,16784.6,2145
1702281600,16783.6,16790.9,16733.55,16751.55,8080
1702296000,16752.05,16781.8,16734.5,16750.8,5047
1702310400,16750.8,16819.8,16746.3,16817.8,7213
1702324800,16816.8,16826.8,16808.85,16823.1,2996
1702339200,16812.5,16850.8,16810.8,16836.5,2343
1702353600,16836.0,16851.0,16835.0,16840.5,1271
1702368000,16840.5,16842.0,16801.5,16830.05,7086
1702382400,16830.05,16833.9,16751.55,16767.8,7502
1702396800,16768.3,16811.05,16760.65,16786.5,6915
1702411200,16787.0,16819.0,16785.0,16806.4,3413
1702425600,16811.3,16823.0,16783.5,16792.7,2180
1702440000,16792.7,16801.5,16767.5,16780.0,1122
1702454400,16780.5,16836.2,16775.8,16824.15,6262
1702468800,16823.65,16830.2,16792.2,16816.0,6801
1702483200,16816.5,16829.0,16748.6,16752.1,7924
1702497600,16752.6,16899.9,16735.1,16893.5,12388
1702512000,16896.7,16950.2,16896.5,16946.6,3012
1702526400,16946.6,16961.3,16941.0,16942.8,1547
1702540800,16943.3,17004.05,16856.85,16889.9,14030
1702555200,16889.9,16917.85,16842.2,16877.2,13378
1702569600,16878.2,16893.15,16660.15,16748.4,17714
1702584000,16748.9,16757.0,16695.4,16720.9,7611
1702598400,16715.1,16771.8,16711.4,16755.6,2891
1702612800,16756.1,16789.2,16754.2,16786.6,3073
1702627200,16786.1,16872.95,16760.3,16864.45,9815
1702641600,16864.45,16888.4,16709.5,16728.0,11631
1702656000,16728.5,16779.0,16716.5,16745.1,13672
1702670400,16745.1,16758.15,16711.1,16717.15,4418
1702857600,16732.3,16752.2,16712.1,16719.6,3011
1702872000,16719.6,16744.7,16716.6,16736.7,2205
1702886400,16737.7,16747.3,16667.7,16710.15,8968
1702900800,16710.2,16731.15,16670.55,16690.3,8077
1702915200,16689.8,16691.8,16625.05,16657.6,9826
1702929600,16657.6,16691.1,16647.1,16672.2,3677
1702944000,16667.8,16683.8,16665.7,16671.3,1567
1702958400,16671.8,16698.4,16671.8,16683.8,2511
1702972800,16684.8,16727.2,16653.7,16695.55,7398
1702987200,16695.6,16733.45,16679.6,16725.0,6853
1703001600,16724.5,16760.6,16704.45,16752.6,7471
1703016000,16752.1,16777.6,16742.55,16756.4,3049
1703030400,16758.0,16782.3,16746.8,16770.5,1767
1703044800,16770.0,16808.2,16746.1,16767.6,2373
1703059200,16767.1,16793.45,16694.05,16734.55,9804
1703073600,16734.0,16776.05,16714.35,16752.5,6352
1703088000,16754.0,16757.2,16707.0,16757.2,7408
1703102400,16756.2,16759.2,16589.6,16619.3,11371
1703116800,16634.8,16655.3,16631.6,16639.7,2584
1703131200,16639.2,16671.0,16636.5,16663.0,2125
1703145600,16663.0,16690.4,16637.3,16655.35,7131
1703160000,16655.35,16691.95,16621.35,16686.0,7350
1703174400,16686.5,16707.0,16646.95,16668.5,14196
1703188800,16669.0,16737.7,16654.3,16732.3,7324
1703203200,16722.1,16735.8,16686.5,16686.5,2253
1703217600,16687.5,16704.1,16665.7,16667.6,2585
1703232000,16668.1,16701.6,16653.45,16671.55,6723
1703246400,16671.05,16723.65,16651.75,16719.6,5617
1703260800,16718.6,16737.15,16692.15,16723.4,6758
1703275200,16722.9,16731.9,16671.2,16713.4,3883
1703635200,16786.3,16786.8,16744.7,16754.2,1472
1703649600,16754.2,16775.0,16747.1,16771.2,1647
1703664000,16771.7,16791.7,16690.1,16729.85,8766
1703678400,16729.35,16775.85,16721.3,16739.8,5703
1703692800,16739.8,16761.5,16711.55,16759.5,8039
1703707200,16760.5,16777.3,16742.3,16755.4,5186
1703721600,16752.5,16793.8,16748.3,16793.4,1738
1703736000,16793.4,16806.4,16786.1,16798.4,1548
1703750400,16799.4,16800.3,16707.25,16713.75,5556
1703764800,16713.8,16732.8,16685.45,16710.55,5911
1703779200,16711.55,16737.65,16688.65,16721.7,7389
1703793600,16722.2,16730.7,16695.6,16702.1,4472
1703808000,16703.4,16714.2,16695.2,16705.2,1876
1703822400,16704.7,16718.2,16698.6,16718.1,1421
1703836800,16718.6,16760.95,16713.55,16740.95,5048
1703851200,16741.0,16781.95,16732.0,16774.0,5091
1703865600,16774.0,16789.95,16700.95,16745.0,5966
1703880000,16745.5,16786.0,16741.0,16768.95,3058
1704153600,16778.2,16792.5,16768.5,16774.5,662
1704168000,16774.0,16799.5,16768.1,16792.5,921
1704182400,16793.5,16960.55,16781.5,16863.6,9322
1704196800,16863.6,16867.15,16645.9,16695.95,13510
1704211200,16695.95,16787.6,16695.95,16771.15,14951
1704225600,16770.65,16773.15,16714.1,16734.6,6754
1704240000,16739.5,16742.1,16724.0,16727.1,1639
1704254400,16727.6,16734.8,16705.8,16719.8,1556
1704268800,16719.3,16784.5,16643.65,16644.15,10567
1704283200,16643.15,16686.15,16578.6,16594.6,12232
1704297600,16594.1,16596.6,16476.15,16559.1,17255
1704312000,16558.1,16569.25,16505.6,16524.8,10155
1704326400,16527.9,16532.1,16503.9,16527.5,2267
1704340800,16527.0,16534.3,16502.5,16504.2,1904
1704355200,16504.7,16614.95,16504.1,16595.9,10174
1704369600,16596.4,16599.9,16502.6,16538.6,11317
1704384000,16537.6,16628.15,16532.55,16595.2,13191
1704398400,16594.7,16603.2,16557.1,16575.4,6611
1704412800,16576.8,16584.6,16559.3,16568.7,2161
1704427200,16568.7,16568.7,16533.8,16540.8,1770
1704441600,16539.8,16547.7,16467.2,16487.65,9698
1704456000,16488.15,16535.65,16443.7,16520.2,12129
1704470400,16520.7,16648.15,16504.7,16573.35,18169
1704484800,16573.35,16605.4,16559.2,16585.3,6911
1704672000,16599.3,16626.2,16581.8,16595.0,2033
1704686400,16594.0,16602.7,16566.8,16569.6,2357
1704700800,16569.6,16643.25,16515.35,16579.9,11033
1704715200,16578.4,16648.65,16577.35,16630.2,10307
1704729600,16630.2,16732.8,16629.7,16731.8,11414
1704744000,16731.3,16784.8,16719.8,16774.6,4935
1704758400,16764.5,16771.5,16747.2,16754.8,2247
1704772800,16755.3,16761.7,16737.7,16747.3,2206
1704787200,16747.3,16771.0,16634.9,16694.4,10456
1704801600,16694.9,16700.85,16609.15,16635.15,10869
1704816000,16635.15,16694.65,16621.7,16683.7,12673
1704830400,16684.2,16698.7,16657.0,16670.2,7844
1704844800,16667.2,16691.3,16659.6,16664.8,2342
1704859200,16664.8,16675.1,16618.3,16642.9,3284
1704873600,16641.9,16756.75,16625.1,16744.65,9959
1704888000,16744.65,16748.15,16658.15,16669.05,9971
1704902400,16670.05,16703.6,16653.05,16701.6,10950
1704916800,16702.1,16738.6,16691.6,16726.7,6892
1704931200,16717.1,16751.8,16712.9,16746.7,3027
1704945600,16746.7,16797.4,16745.2,16788.6,2640
1704960000,16786.6,16840.35,16724.3,16750.3,11175
1704974400,16749.8,16759.3,16638.9,16642.4,13374
1704988800,16643.4,16722.45,16532.8,16581.9,24010
1705003200,16580.9,16644.9,16578.0,16624.7,9469
1705017600,16613.7,16643.6,16612.2,16637.6,3682
1705032000,16638.6,16657.4,16621.2,16642.1,2756
1705046400,16642.6,16725.35,16629.7,16681.8,12816
1705060800,16681.75,16708.8,16606.2,16696.2,14899
1705075200,16697.2,16753.15,16665.15,16700.6,18501
1705089600,16701.1,16725.2,16696.2,16717.15,5298
1705276800,16682.7,16729.5,16680.5,16728.5,2938
1705291200,16729.0,16787.9,16728.9,16768.5,2325
1705305600,16767.5,16796.25,16628.05,16675.1,11651
1705320000,16674.6,16681.05,16611.05,16629.1,10394
1705334400,16630.1,16654.05,16608.05,16629.1,6358
1705348800,16628.6,16631.1,16620.1,16631.1,382
1705363200,16621.4,16626.3,16553.2,16585.0,3422
1705377600,16585.0,16592.4,16528.8,16538.7,3754
1705392000,16537.2,16576.5,16471.15,16525.55,13799
1705406400,16524.55,16578.75,16494.1,16525.15,12060
1705420800,16524.65,16582.2,16498.15,16516.4,19888
1705435200,16516.9,16546.0,16501.9,16533.5,8394
1705449600,16534.5,16539.3,16492.6,16500.0,3094
1705464000,16499.0,16505.8,16431.1,16432.8,3686
1705478400,16432.3,16437.0,16354.6,16408.8,15470
1705492800,16408.8,16426.8,16365.35,16374.9,12316
1705507200,16374.4,16431.75,16342.95,16403.25,16616
1705521600,16402.75,16429.75,16375.7,16413.7,7773
1705536000,16403.3,16435.4,16399.8,16431.4,3338
1705550400,16430.4,16434.3,16403.5,16417.4,3164
1705564800,16416.9,16492.75,16416.9,16470.75,10592
1705579200,16471.25,16567.25,16453.2,16514.2,10467
1705593600,16515.2,16580.2,16515.2,16534.7,15650
1705608000,16535.2,16614.5,16519.1,16605.8,9220
1705622400,16604.8,16629.9,16588.8,16611.0,3545
1705636800,16611.0,16613.1,16592.7,16593.8,3468
1705651200,16593.3,16657.1,16585.1,16611.1,10713
1705665600,16610.6,16635.15,16554.15,16556.1,10175
1705680000,16556.1,16586.15,16512.15,16586.15,15792
1705694400,16585.65,16636.1,16575.1,16628.15,5593
1705881600,16646.6,16709.0,16634.2,16688.6,3658
1705896000,16688.6,16697.4,16671.5,16673.9,3136
1705910400,16673.4,16707.95,16626.95,16636.45,11059
1705924800,16635.95,16648.15,16605.05,16626.5,7826
1705939200,16626.0,16692.3,16622.5,16677.85,11528
1705953600,16677.85,16686.35,16656.3,16659.5,6804
1705968000,16655.2,16688.0,16655.2,16676.9,2504
1705982400,16677.4,16692.7,16668.4,16680.3,3742
1705996800,16680.3,16758.8,16643.85,16668.35,10069
1706011200,16668.85,16700.25,16639.3,16672.2,8234
1706025600,16672.7,16682.25,16621.4,16645.5,10773
1706040000,16646.0,16675.2,16633.5,16671.9,5059
1706054400,16682.3,16693.7,16671.5,16687.1,2359
1706068800,16688.6,16734.7,16681.8,16726.2,2689
1706083200,16726.2,16819.65,16723.7,16800.1,13227
1706097600,16798.6,16895.25,16785.55,16885.3,8540
1706112000,16885.3,16924.8,16867.25,16916.5,12741
1706126400,16916.0,16916.5,16830.8,16862.1,9757
1706140800,16862.0,16867.9,16835.8,16849.8,2948
1706155200,16848.8,16860.3,16837.9,16857.3,2210
1706169600,16857.3,16880.65,16822.8,16849.75,10477
1706184000,16850.25,16882.65,16784.1,16862.2,10991
1706198400,16862.7,16918.7,16860.2,16894.15,15934
1706212800,16894.65,16916.2,16873.5,16908.8,9274
1706227200,16885.0,16900.3,16853.3,16893.5,2940
1706241600,16893.5,16904.6,16855.1,16869.1,2756
1706256000,16869.6,16924.55,16840.6,16913.05,10823
1706270400,16913.55,16968.05,16909.1,16956.1,10211
1706284800,16955.6,16965.5,16918.45,16934.45,11115
1706299200,16933.95,16953.5,16928.0,16937.5,3928
1706486400,16898.2,16922.0,16883.3,16917.0,2854
1706500800,16917.5,16918.5,16899.4,16907.7,2367
1706515200,16909.2,16930.55,16858.85,16871.35,7700
1706529600,16871.4,16893.9,16859.85,16877.9,5954
1706544000,16878.4,16947.2,16872.9,16935.2,8138
1706558400,16935.7,17004.7,16929.2,16982.5,5848
1706572800,16982.6,17008.3,16980.3,16994.1,2577
1706587200,16993.1,17006.6,16987.5,16999.2,2395
1706601600,16998.2,17016.0,16947.95,16964.45,8781
1706616000,16963.45,16986.5,16947.4,16980.4,6846
1706630400,16978.9,16985.9,16947.85,16958.5,8750
1706644800,16958.0,16981.5,16921.4,16926.1,6436
1706659200,16917.0,16953.1,16904.7,16936.6,3322
1706673600,16935.6,16972.7,16932.3,16968.0,2718
1706688000,16968.0,16993.9,16931.5,16944.45,8521
1706702400,16944.5,16979.15,16927.95,16956.0,7929
1706716800,16955.0,16960.95,16848.1,16887.7,12994
1706731200,16888.2,16924.1,16790.6,16814.5,19840
1706745600,16823.1,16840.3,16814.3,16824.5,2936
1706760000,16824.5,16863.1,16824.1,16850.3,2169
1706774400,16850.8,16871.25,16780.6,16853.95,12186
1706788800,16852.9,16916.95,16848.9,16900.9,8776
1706803200,16900.9,16923.8,16821.45,16910.3,15499
1706817600,16910.8,17020.3,16890.2,17020.1,11755
1706832000,16985.9,16993.5,16969.0,16986.6,2589
1706846400,16986.6,16993.5,16964.8,16979.8,2546
1706860800,16979.8,17002.8,16944.7,16987.25,9239
1706875200,16987.8,17005.25,16928.9,16934.6,9799
1706889600,16934.6,16963.05,16887.4,16914.4,18169
1706904000,16914.9,16949.1,16910.9,16933.9,8040
1707091200,16928.9,16937.2,16870.1,16887.5,4550
1707105600,16886.5,16890.0,16856.5,16878.2,3088
1707120000,16877.6,16938.55,16876.6,16900.15,8438
1707134400,16899.65,16973.15,16880.1,16883.1,7154
1707148800,16883.1,16930.5,16858.65,16925.05,13201
1707163200,16925.55,16946.5,16898.8,16912.7,7244
1707177600,16912.8,16921.8,16900.4,16919.9,1885
1707192000,16920.4,16952.3,16919.9,16935.7,2490
1707206400,16936.7,16982.1,16875.05,16885.55,9472
1707220800,16886.05,16954.05,16871.1,16942.9,7606
1707235200,16941.9,17049.9,16941.9,17018.35,14227
1707249600,17018.85,17036.8,17001.8,17023.0,7684
1707264000,17024.4,17063.4,17022.0,17049.5,2760
1707278400,17050.0,17051.8,17024.1,17040.3,2547
1707292800,17039.8,17053.0,16988.65,17008.55,7999
1707307200,17008.5,17017.55,16962.5,16983.3,7804
1707321600,16983.8,16992.85,16909.8,16933.8,12879
1707336000,16934.3,16955.85,16923.0,16938.2,6745
1707350400,16930.4,16947.3,16924.7,16945.7,2135
1707364800,16945.8,16953.9,16928.2,16934.3,2122
1707379200,16934.3,16968.2,16884.15,16950.15,8751
1707393600,16950.65,17014.65,16911.1,17003.1,7805
1707408000,17004.1,17024.65,16958.4,16969.9,9301
1707422400,16970.4,16983.7,16956.9,16964.6,5321
1707436800,16959.6,16972.4,16948.9,16954.7,2152
1707451200,16954.2,16955.7,16937.6,16954.6,1588
1707465600,16954.1,16980.15,16938.15,16979.15,7270
1707480000,16979.65,16991.65,16960.65,16963.4,7468
1707494400,16962.9,16969.4,16872.95,16943.9,9170
1707508800,16944.4,16973.4,16939.9,16956.45,2567
1707696000,16946.9,16973.6,16936.7,16962.6,1646
1707710400,16962.6,16963.6,16952.6,16953.1,415
1707724800,16954.1,17003.95,16952.1,16999.95,6728
1707739200,16999.95,17013.45,16960.45,16967.4,4519
1707753600,16966.4,17041.9,16963.4,17039.5,6444
1707768000,17039.5,17043.0,16979.2,16984.5,7697
1707782400,16986.7,17000.2,16974.8,16989.2,1797
1707796800,16988.7,16995.7,16976.2,16985.5,873
1707811200,16985.5,17007.2,16911.9,16947.95,8083
1707825600,16947.95,16967.45,16864.4,16871.4,9697
1707840000,16872.4,16889.9,16830.9,16858.3,15866
1707854400,16857.8,16858.9,16781.9,16832.5,10141
1707868800,16823.2,16844.1,16818.0,16839.1,2621
1707883200,16839.1,16847.1,16821.8,16827.6,1798
1707897600,16827.1,16899.7,16827.1,16894.25,7560
1707912000,16894.25,16957.15,16887.7,16930.1,6219
1707926400,16930.6,16954.65,16900.4,16944.6,11328
1707940800,16944.6,17003.8,16924.9,16987.6,8980
1707955200,16983.9,16996.8,16961.8,16971.3,1783
1707969600,16970.3,17008.4,16961.0,16995.3,2133
1707984000,16995.3,17086.7,16979.3,17062.85,7968
1707998400,17063.85,17069.85,17005.85,17018.9,7266
1708012800,17016.9,17073.4,17003.9,17062.35,11473
1708027200,17061.85,17117.2,17057.85,17108.9,6488
1708041600,17105.3,17105.9,17074.0,17089.8,2378
1708056000,17089.9,17105.4,17081.9,17096.6,2049
1708070400,17097.1,17187.55,17094.3,17166.05,6851
1708084800,17166.55,17197.55,17116.55,17135.5,7623
1708099200,17135.0,17138.5,17058.9,17115.4,12989
1708113600,17115.9,17124.4,17066.3,17067.4,6345
1708300800,17090.0,17112.2,17058.2,17069.1,2783
1708315200,17069.1,17079.1,17059.0,17076.9,1909
1708329600,17075.9,17090.5,17050.55,17076.05,6789
1708344000,17076.55,17077.1,17048.05,17064.1,4522
1708358400,17064.6,17098.15,17054.05,17084.2,3149
1708372800,17085.2,17089.2,17080.2,17086.2,350
1708387200,17077.4,17078.4,17034.9,17035.4,2814
1708401600,17034.9,17044.6,17024.5,17034.6,1439
1708416000,17033.6,17075.3,17019.95,17054.85,7817
1708430400,17054.35,17084.35,17040.8,17048.3,6488
1708444800,17048.8,17083.9,17028.35,17051.55,11481
1708459200,17051.05,17077.5,17034.4,17072.9,9195
1708473600,17063.7,17081.6,17052.3,17064.5,3453
1708488000,17065.0,17074.0,17052.3,17067.3,2182
1708502400,17067.8,17113.25,17061.75,17101.35,8191
1708516800,17101.35,17159.9,17093.35,17099.9,7379
1708531200,17100.9,17139.35,17086.85,17126.9,10328
1708545600,17126.9,17214.7,17076.6,17173.8,14388
1708560000,17178.6,17215.8,17166.9,17201.2,3601
1708574400,17202.2,17223.2,17192.9,17213.3,1458
1708588800,17213.3,17386.45,17207.1,17296.15,11654
1708603200,17295.65,17385.15,17287.6,17381.6,8199
1708617600,17381.6,17431.1,17355.15,17387.1,11714
1708632000,17386.1,17428.15,17378.15,17407.0,7287
1708646400,17421.2,17446.1,17379.3,17397.7,2092
1708660800,17398.2,17406.8,17388.8,17404.7,1068
1708675200,17405.2,17424.2,17355.25,17376.75,7026
1708689600,17376.25,17407.75,17358.75,17382.8,5982
1708704000,17382.8,17443.35,17382.8,17422.0,10133
1708718400,17423.0,17426.0,17399.95,17422.95,4747
1708905600,17396.3,17423.3,17376.1,17384.0,2828
1708920000,17383.0,17390.6,17369.6,17383.7,1010
1708934400,17384.2,17438.15,17373.9,17435.15,5619
1708948800,17434.65,17456.15,17406.1,17442.1,4823
1708963200,17442.1,17462.55,17414.5,17424.5,7301
1708977600,17424.0,17441.55,17405.5,17415.9,6305
1708992000,17408.6,17426.2,17397.5,17400.8,1981
1709006400,17402.8,17410.5,17379.3,17396.7,1975
1709020800,17396.2,17505.95,17387.8,17501.95,6318
1709035200,17502.45,17553.95,17483.95,17513.5,6434
1709049600,17513.0,17565.4,17501.95,17539.5,8304
1709064000,17539.0,17595.9,17535.5,17588.2,5155
1709078400,17599.4,17603.9,17575.2,17584.4,1621
1709092800,17584.9,17588.6,17567.3,17571.3,1733
1709107200,17571.8,17606.6,17554.6,17571.55,7017
1709121600,17571.55,17606.35,17560.9,17580.9,7061
1709136000,17581.9,17622.7,17570.85,17604.7,7779
1709150400,17603.7,17623.2,17545.7,17557.8,6941
1709164800,17586.3,17607.8,17573.2,17605.8,2096
1709179200,17606.8,17627.2,17601.8,17611.6,2609
1709193600,17611.6,17712.7,17595.4,17682.15,8711
1709208000,17681.65,17709.55,17648.55,17698.1,8449
1709222400,17698.6,17743.55,17640.8,17699.45,12115
1709236800,17698.95,17756.7,17695.0,17736.5,7138
1709251200,17744.3,17784.8,17711.9,17783.2,2797
1709265600,17782.7,17788.0,17774.8,17779.9,1605
1709280000,17778.9,17817.1,17733.85,17781.65,7710
1709294400,17783.15,17791.05,17710.75,17747.7,9139
1709308800,17748.2,17764.2,17688.75,17732.2,12250
1709323200,17732.2,17750.7,17725.7,17747.2,3911
1709510400,17743.2,17764.6,17734.7,17756.0,2496
1709524800,17755.5,17769.2,17750.4,17754.7,1559
1709539200,17754.2,17764.0,17712.75,17737.95,5683
1709553600,17737.9,17749.4,17700.95,17719.0,6066
1709568000,17720.0,17725.65,17684.15,17715.1,7163
1709582400,17716.1,17729.5,17679.3,17686.9,5047
1709596800,17686.7,17699.6,17665.5,17678.7,2019
1709611200,17678.7,17679.7,17658.1,17659.5,711
1709625600,17659.0,17692.5,17632.7,17671.95,7029
1709640000,17672.45,17719.15,17668.9,17711.1,5081
1709654400,17711.6,17747.55,17676.5,17704.9,11335
1709668800,17704.9,17707.4,17623.45,17681.0,9315
1709683200,17673.6,17696.1,17663.2,17694.4,2287
1709697600,17693.9,17726.4,17692.9,17718.3,1314
1709712000,17717.8,17744.85,17682.9,17736.85,6343
1709726400,17736.8,17745.3,17681.35,17725.3,8367
1709740800,17725.3,17739.3,17692.85,17723.35,12399
1709755200,17722.85,17738.3,17688.1,17717.2,13322
1709769600,17714.4,17716.1,17679.1,17680.5,2457
1709784000,17679.5,17719.8,17673.9,17697.7,1801
1709798400,17697.6,17701.3,17618.65,17670.15,8039
1709812800,17670.2,17809.9,17669.2,17799.4,8470
1709827200,17798.9,17880.35,17778.4,17865.4,12639
1709841600,17864.9,17887.9,17822.2,17862.6,7818
1709856000,17868.7,17898.0,17857.4,17889.0,2451
1709870400,17888.5,17907.0,17879.6,17893.9,1454
1709884800,17893.9,17901.0,17794.35,17825.15,7662
1709899200,17825.1,17860.5,17787.5,17847.5,8722
1709913600,17847.55,17860.0,17768.9,17772.9,14650
1709928000,17773.4,17797.1,17742.5,17768.0,9697
1710115200,17736.0,17765.8,17718.2,17732.3,5159
1710129600,17732.8,17759.7,17707.6,17710.7,2517
1710144000,17710.2,17754.0,17659.05,17682.05,5864
1710158400,17682.1,17726.05,17662.55,17712.35,8123
1710172800,17712.4,17761.5,17677.85,17755.45,12241
1710187200,17755.95,17788.5,17747.9,17785.5,6286
1710201600,17792.9,17827.1,17791.5,17813.1,3007
1710216000,17814.1,17848.3,17812.4,17837.4,2152
1710230400,17837.9,17869.9,17778.25,17791.35,5346
1710244800,17791.85,17851.3,17746.3,17815.25,10041
1710259200,17817.25,17974.4,17778.7,17946.9,14888
1710273600,17947.4,17990.9,17931.3,17988.9,5919
1710288000,17984.0,18018.1,17967.1,17967.8,1990
1710302400,17968.3,17975.0,17944.6,17973.1,2583
1710316800,17973.1,18014.55,17957.15,17969.15,4171
1710331200,17969.1,17993.95,17937.85,17963.35,5041
1710345600,17962.8,18002.3,17958.05,17982.4,9246
1710360000,17981.9,17998.2,17938.2,17967.9,4447
1710374400,17960.5,17978.8,17943.9,17957.3,1924
1710388800,17955.3,17961.2,17930.4,17952.3,1100
1710403200,17952.3,18026.55,17947.4,17996.65,5560
1710417600,17996.6,18039.55,17981.15,17990.2,10352
1710432000,17990.25,18003.75,17897.7,17922.85,18589
1710446400,17923.85,17934.95,17865.3,17917.4,7017
1710460800,17908.7,17927.5,17893.3,17915.2,2808
1710475200,17915.2,17965.8,17890.8,17911.9,3405
1710489600,17911.4,17947.2,17896.2,17945.35,5934
1710504000,17945.85,18043.4,17945.4,18031.05,9361
1710518400,18030.05,18037.1,17920.7,17926.3,14716
1710532800,17926.3,17981.3,17920.3,17977.3,6445
1710720000,17988.5,18014.2,17963.7,17971.9,2892
1710734400,17971.4,17997.9,17957.0,17990.9,1606
1710748800,17989.9,18005.3,17944.3,18001.05,4752
1710763200,18000.55,18015.75,17954.05,17971.55,7689
1710777600,17970.5,17981.55,17901.55,17915.9,9381
1710792000,17916.4,17937.4,17907.9,17923.4,4615
1710806400,17919.7,17919.7,17883.3,17892.7,2914
1710820800,17892.2,17913.6,17874.3,17905.6,3235
1710835200,17905.1,17977.55,17878.6,17961.35,6134
1710849600,17962.4,17998.15,17922.75,17975.05,10155
1710864000,17975.1,18001.0,17915.15,17995.0,8492
1710878400,17994.5,18007.0,17969.95,18003.5,6179
1710892800,18009.6,18013.4,17986.5,17987.5,1496
1710907200,17988.0,17994.9,17965.6,17969.6,1015
1710921600,17968.6,18008.0,17953.45,17990.25,5061
1710936000,17990.25,18044.45,17974.45,18023.95,6354
1710950400,18023.9,18036.9,17981.95,18027.3,6231
1710964800,18026.8,18150.3,18007.3,18142.3,15132
1710979200,18139.5,18173.3,18136.1,18162.7,3504
1710993600,18161.7,18202.3,18158.0,18198.4,2480
1711008000,18197.4,18209.1,18141.25,18156.75,6620
1711022400,18156.25,18156.8,18052.15,18076.65,9178
1711036800,18076.7,18179.35,18067.15,18174.8,9705
1711051200,18172.8,18183.8,18156.75,18165.8,4501
1711065600,18159.6,18178.1,18150.8,18177.8,2093
1711080000,18176.8,18183.1,18138.2,18157.6,2635
1711094400,18158.1,18194.15,18131.85,18189.15,5550
1711108800,18189.15,18210.15,18155.7,18206.35,7709
1711123200,18206.85,18229.5,18181.85,18225.5,8351
1711137600,18226.0,18258.5,18223.9,18236.0,3175
1711324800,18231.6,18248.7,18223.5,18236.2,2410
1711339200,18234.2,18249.5,18225.7,18229.2,2200
1711353600,18229.2,18239.65,18198.1,18217.15,4182
1711368000,18216.15,18223.65,18175.6,18201.55,7258
1711382400,18201.5,18287.5,18200.5,18274.6,8142
1711396800,18274.1,18286.6,18244.6,18255.6,2800
1711411200,18264.5,18297.1,18256.3,18289.0,1629
1711425600,18288.5,18301.0,18259.7,18276.1,1087
1711440000,18275.1,18298.25,18254.45,18277.85,4218
1711454400,18278.85,18405.65,18271.85,18404.25,7015
1711468800,18404.3,18414.25,18357.95,18388.95,7208
1711483200,18388.95,18392.0,18346.4,18368.0,3154
1711497600,18380.0,18395.8,18373.7,18391.0,1799
1711512000,18391.0,18410.1,18384.3,18409.6,1883
1711526400,18410.1,18422.95,18384.45,18399.45,4506
1711540800,18399.45,18503.65,18398.0,18502.65,6004
1711555200,18502.7,18513.65,18467.7,18485.7,7402
1711569600,18485.2,18534.1,18472.1,18530.1,4049
1711584000,18524.9,18539.8,18512.5,18539.8,2837
1711598400,18539.8,18544.7,18515.2,18523.2,1934
1711612800,18524.2,18527.1,18474.15,18490.45,5390
1711627200,18489.95,18511.45,18477.45,18483.55,6913
1711641600,18484.05,18514.35,18481.55,18508.9,7326
1711656000,18508.4,18527.9,18488.9,18504.4,4178
1712016000,18511.5,18516.5,18493.2,18515.4,422
1712030400,18514.4,18521.7,18498.2,18502.6,1312
1712044800,18502.1,18571.05,18471.1,18483.05,9821
1712059200,18483.1,18509.55,18401.25,18401.3,9896
1712073600,18401.25,18401.3,18257.1,18297.75,14753
1712088000,18298.25,18310.3,18266.8,18309.9,5661
1712102400,18307.8,18307.8,18239.8,18255.3,2859
1712116800,18254.3,18301.8,18235.6,18261.9,4485
1712131200,18262.4,18337.5,18240.1,18319.25,10321
1712145600,18319.2,18352.95,18301.9,18308.95,8633
1712160000,18308.45,18380.25,18295.95,18354.25,11290
1712174400,18355.25,18371.2,18328.0,18365.2,6591
1712188800,18362.9,18420.2,18357.1,18361.1,2993
1712203200,18360.6,18385.4,18357.4,18383.4,1386
1712217600,18383.4,18420.8,18339.75,18382.75,8039
1712232000,18382.25,18408.3,18361.3,18397.3,7556
1712246400,18397.3,18428.75,18387.8,18400.3,6589
1712260800,18399.8,18400.8,18167.4,18186.8,18136
1712275200,18201.1,18218.1,18157.1,18171.4,5517
1712289600,18169.9,18172.9,18117.6,18167.0,1951
1712304000,18166.5,18222.2,18104.15,18118.6,10517
1712318400,18118.1,18174.1,18085.6,18151.1,11744
1712332800,18152.6,18212.15,18115.65,18210.15,16772
1712347200,18210.65,18214.15,18144.9,18183.1,9400
1712534400,18208.6,18214.2,18169.5,18189.8,2774
1712548800,18189.9,18199.1,18158.2,18169.5,1445
1712563200,18168.5,18289.05,18164.0,18252.05,8133
1712577600,18251.55,18327.65,18244.0,18322.1,7662
1712592000,18322.6,18329.75,18269.3,18321.85,11435
1712606400,18322.35,18324.3,18290.85,18299.3,4935
1712620800,18304.0,18304.3,18268.4,18271.3,1683
1712635200,18271.8,18295.3,18262.7,18290.8,908
1712649600,18290.8,18298.7,18197.45,18207.45,5904
1712664000,18206.45,18232.75,18141.45,18201.5,8579
1712678400,18202.0,18221.55,18057.45,18093.2,14828
1712692800,18093.7,18166.0,18067.65,18139.8,8676
1712707200,18132.6,18145.2,18121.6,18145.0,1634
1712721600,18146.0,18165.0,18140.0,18158.0,787
1712736000,18159.0,18223.45,18138.2,18218.95,6325
1712750400,18219.45,18239.98,18013.98,18029.58,10669
1712764800,18030.58,18148.98,17973.98,18095.48,20128
1712779200,18095.98,18110.28,18043.78,18065.68,14847
1712793600,18059.68,18074.88,18041.88,18064.58,3553
1712808000,18064.08,18103.58,18058.08,18094.88,1317
1712822400,18093.88,18110.38,18026.33,18027.33,7934
1712836800,18026.83,18066.38,17952.08,18047.48,14441
1712851200,18047.48,18082.38,17860.98,17987.68,19621
1712865600,17988.68,18056.18,17977.48,18042.48,8588
1712880000,18039.78,18053.78,18009.78,18038.78,2553
1712894400,18038.28,18057.58,18023.48,18044.88,1064
1712908800,18043.88,18162.83,18034.18,18143.18,7812
1712923200,18143.68,18146.73,17952.28,17954.28,11534
1712937600,17953.78,18036.28,17853.68,17879.28,20585
1712952000,17879.28,17887.78,17829.28,17866.28,9800
1713139200,17849.58,17917.68,17846.48,17897.98,6900
1713153600,17898.98,17931.88,17867.98,17930.48,2328
1713168000,17931.98,18093.03,17931.98,18068.53,9291
1713182400,18069.53,18192.28,18050.53,18165.33,9920
1713196800,18166.33,18194.28,17970.38,17991.88,17306
1713211200,17992.38,17998.88,17855.28,17862.88,15397
1713225600,17889.18,17903.28,17846.58,17852.08,4030
1713240000,17852.18,17856.38,17763.58,17789.58,2591
1713254400,17789.58,17835.08,17743.18,17772.18,11003
1713268800,17771.18,17870.93,17750.18,17843.38,10619
1713283200,17842.88,17847.78,17711.88,17788.38,19310
1713297600,17788.38,17830.38,17724.38,17769.58,15431
1713312000,17787.18,17811.78,17745.18,17755.18,3018
1713326400,17754.68,17790.18,17747.68,17780.68,2061
1713340800,17773.68,17876.48,17724.88,17864.93,11032
1713355200,17863.43,17908.48,17829.63,17879.88,10478
1713369600,17879.38,17904.78,17735.28,17748.28,19936
1713384000,17749.28,17832.78,17745.28,17773.18,16701
1713398400,17785.08,17796.88,17764.28,17780.58,2576
1713412800,17782.58,17807.08,17770.38,17802.88,1739
1713427200,17803.38,17857.68,17759.48,17788.08,9115
1713441600,17788.13,17798.58,17721.98,17757.48,11179
1713456000,17757.38,17865.13,17714.98,17765.18,19434
1713470400,17764.68,17773.88,17720.08,17738.88,14330
1713484800,17755.58,17758.38,17652.98,17666.48,3742
1713499200,17665.98,17673.48,17395.98,17560.48,5301
1713513600,17560.98,17713.78,17503.68,17662.28,13608
1713528000,17661.28,17752.33,17659.18,17742.83,11914
1713542400,17740.33,17772.28,17691.38,17730.78,18935
1713556800,17729.78,17758.78,17666.78,17705.78,7942
1713744000,17753.68,17834.98,17743.28,17774.28,4795
1713758400,17774.78,17812.88,17768.28,17792.58,2470
1713772800,17792.08,17879.08,17758.68,17793.68,8667
1713787200,17793.18,17865.63,17790.08,17864.63,9928
1713801600,17865.13,17905.88,17834.78,17897.88,14189
1713816000,17898.38,17981.48,17892.38,17924.98,10350
1713830400,17943.38,17978.18,17899.38,17972.38,3357
1713844800,17972.88,17977.38,17936.28,17962.98,1766
1713859200,17963.98,18045.78,17944.88,17957.28,6991
1713873600,17956.78,18075.78,17954.28,18063.73,7693
1713888000,18063.23,18152.68,18047.68,18140.58,12188
1713902400,18140.08,18178.28,18135.08,18174.58,7057
1713916800,18188.58,18206.28,18166.28,18194.78,2644
1713931200,18194.28,18223.38,18187.98,18207.58,1651
1713945600,18207.08,18233.98,18164.38,18171.78,7135
1713960000,18175.78,18200.83,18136.78,18137.78,8182
1713974400,18136.78,18147.28,18052.18,18076.28,11355
1713988800,18077.28,18120.88,17979.88,18004.48,10042
1714003200,17991.98,18075.98,17987.68,18072.38,3317
1714017600,18072.38,18072.78,18035.28,18039.68,745
1714032000,18040.18,18081.58,17967.08,17992.18,8395
1714046400,17992.18,18011.48,17881.48,17893.08,12121
1714060800,17891.98,17929.78,17793.98,17905.38,20637
1714075200,17904.88,18095.68,17883.88,18085.68,14536
1714089600,18053.68,18053.68,17960.48,17972.48,3434
1714104000,17972.98,18007.98,17963.88,17990.38,1840
1714118400,17989.88,18059.83,17985.48,18048.28,7163
1714132800,18048.28,18107.48,18032.28,18067.08,10233
1714147200,18067.58,18202.98,18064.48,18184.68,16039
1714161600,18185.18,18198.18,18169.48,18176.98,4667
1714348800,18195.58,18223.98,18193.38,18210.78,1798
1714363200,18210.28,18233.78,18210.18,18226.98,1689
1714377600,18226.98,18240.48,18177.13,18181.13,6045
1714392000,18181.18,18189.68,18125.88,18134.38,6389
1714406400,18134.38,18148.78,18104.28,18122.58,10711
1714420800,18123.08,18139.28,18082.78,18125.98,8170
1714435200,18114.88,18144.48,18108.48,18136.28,1585
1714449600,18135.28,18139.58,18113.48,18114.88,1338
1714464000,18115.38,18150.68,18024.58,18027.53,8230
1714478400,18027.03,18078.48,17986.88,18003.98,10259
1714492800,18002.98,18047.98,17904.08,17925.18,16930
1714507200,17925.18,17950.18,17847.48,17864.98,13744
1714608000,17901.68,17916.18,17883.18,17907.48,369
1714622400,17907.98,17945.08,17897.78,17915.68,1625
1714636800,17915.18,17975.68,17885.48,17893.58,9382
1714651200,17894.58,17974.98,17891.58,17946.08,9122
1714665600,17946.98,17984.53,17874.18,17916.28,15724
1714680000,17917.28,17994.98,17914.78,17978.78,10954
1714694400,17969.88,17997.98,17951.18,17977.38,3538
1714708800,17975.88,17981.08,17945.48,17946.38,1536
1714723200,17945.88,18009.38,17904.58,17961.23,6696
1714737600,17961.73,18108.98,17953.68,18052.18,10425
1714752000,18053.68,18069.08,17955.08,18012.18,20915
1714766400,18012.18,18034.38,18003.18,18014.78,5699
1714953600,18059.18,18060.58,18022.38,18036.58,2612
1714968000,18037.08,18058.08,18035.58,18048.78,1220
1714982400,18047.78,18082.83,18017.28,18079.28,4831
1714996800,18079.78,18199.38,18073.28,18166.38,5482
1715011200,18166.38,18195.58,18108.28,18193.08,7527
1715025600,18193.58,18220.08,18191.58,18209.58,5017
1715040000,18205.48,18243.98,18202.28,18225.58,1759
1715054400,18225.68,18231.08,18207.98,18225.58,1769
1715068800,18225.58,18284.23,18196.58,18277.73,6715
1715083200,18278.23,18326.98,18259.88,18325.98,7747
1715097600,18326.98,18446.28,18325.93,18429.58,9847
1715112000,18429.08,18448.98,18416.88,18441.08,6830
1715126400,18425.68,18464.38,18419.68,18440.08,2089
1715140800,18440.58,18442.88,18414.88,18416.88,1371
1715155200,18416.38,18545.98,18410.88,18511.58,7703
1715169600,18511.58,18542.08,18425.08,18435.08,7922
1715184000,18434.58,18502.08,18434.58,18500.08,8700
1715198400,18499.08,18517.58,18489.88,18497.28,5493
1715212800,18505.38,18550.38,18497.78,18519.88,2135
1715227200,18521.88,18542.38,18472.88,18494.08,2864
1715241600,18494.18,18555.33,18472.38,18554.83,5214
1715256000,18554.88,18689.68,18533.88,18659.23,6792
1715270400,18659.18,18701.78,18639.18,18698.58,9002
1715284800,18698.08,18736.38,18685.38,18734.18,5727
1715299200,18726.98,18740.28,18717.78,18728.88,1933
1715313600,18729.38,18738.28,18709.28,18734.38,1195
1715328000,18734.48,18842.58,18722.78,18842.08,6418
1715342400,18842.58,18848.08,18768.08,18786.08,6360
1715356800,18786.08,18796.08,18750.08,18774.88,9631
1715371200,18774.38,18784.48,18763.28,18774.48,3039
1715558400,18768.58,18787.88,18757.98,18785.98,1848
1715572800,18786.98,18795.48,18776.68,18787.88,1439
1715587200,18789.38,18802.98,18729.83,18730.83,5082
1715601600,18731.38,18746.33,18714.83,18716.78,4549
1715616000,18716.78,18761.43,18704.73,18722.28,6569
1715630400,18721.78,18730.88,18705.08,18714.68,4370
1715644800,18718.68,18730.58,18709.08,18715.88,1289
1715659200,18717.38,18726.68,18712.28,18720.68,1007
1715673600,18721.68,18743.78,18682.13,18702.63,5281
1715688000,18702.08,18723.33,18622.18,18706.28,6563
1715702400,18706.18,18736.83,18691.18,18714.08,8664
1715716800,18714.58,18773.58,18708.58,18761.18,5068
1715731200,18766.78,18788.18,18766.78,18782.08,1803
1715745600,18782.18,18796.78,18766.28,18775.68,1107
1715760000,18774.68,18822.08,18745.08,18817.03,5560
1715774400,18817.03,18891.48,18783.53,18832.88,8775
1715788800,18833.38,18887.28,18817.28,18885.78,10040
1715803200,18885.28,18894.08,18857.98,18865.08,5359
1715817600,18876.58,18931.08,18876.38,18904.68,2548
1715832000,18903.68,18909.98,18889.18,18898.88,1853
1715846400,18899.88,18899.88,18824.73,18825.23,7518
1715860800,18826.28,18840.23,18764.68,18780.18,6870
1715875200,18779.18,18786.68,18713.78,18727.08,9517
1715889600,18727.58,18727.58,18675.68,18682.18,8233
1715904000,18679.28,18707.08,18677.88,18701.38,1742
1715918400,18702.38,18707.88,18672.38,18673.88,744
1715932800,18674.38,18713.18,18624.88,18674.38,6277
1715947200,18675.38,18690.43,18649.93,18683.48,6616
1715961600,18683.98,18727.78,18677.48,18727.78,7671
1715976000,18727.28,18731.78,18699.68,18716.68,3207
1716163200,18742.58,18752.98,18730.38,18744.98,1871
1716177600,18745.48,18775.98,18744.48,18764.98,1063
1716192000,18763.48,18779.98,18725.28,18758.23,3180
1716206400,18758.28,18807.13,18747.78,18789.18,3864
1716220800,18790.18,18791.68,18746.18,18759.58,5165
1716235200,18759.08,18762.58,18723.28,18736.68,5283
1716249600,18740.98,18745.08,18728.28,18737.88,1373
1716264000,18736.88,18738.18,18703.28,18721.28,1086
1716278400,18721.78,18751.73,18673.03,18687.53,4989
1716292800,18687.58,18705.03,18639.03,18665.28,5672
1716307200,18665.78,18731.78,18632.68,18720.58,6667
1716321600,18720.08,18745.58,18712.48,18731.48,3186
1716336000,18735.58,18752.48,18734.58,18746.58,1171
1716350400,18745.08,18759.78,18735.28,18740.88,979
1716364800,18741.88,18744.18,18634.38,18665.58,5514
1716379200,18664.58,18692.48,18644.73,18682.98,5712
1716393600,18682.98,18718.18,18645.08,18658.88,6815
1716408000,18659.38,18693.88,18590.08,18646.68,14043
1716422400,18668.98,18681.78,18651.68,18665.98,2390
1716436800,18666.48,18729.18,18659.68,18720.78,1721
1716451200,18721.28,18755.48,18678.53,18700.53,5560
1716465600,18700.58,18766.78,18690.08,18735.28,6145
1716480000,18735.28,18737.28,18637.78,18673.48,12125
1716494400,18672.98,18677.88,18551.38,18582.28,13500
1716508800,18588.28,18599.28,18579.28,18597.78,1936
1716523200,18598.78,18612.28,18596.88,18599.28,1169
1716537600,18598.78,18632.98,18512.98,18621.48,6206
1716552000,18623.98,18644.38,18595.93,18607.38,6620
1716566400,18607.88,18710.08,18591.88,18684.38,10665
1716580800,18684.88,18703.18,18668.98,18684.58,4198
1716768000,18703.28,18711.08,18668.78,18676.08,1737
1716782400,18676.08,18693.08,18673.48,18682.88,899
1716796800,18683.38,18736.28,18670.18,18713.48,3219
1716811200,18714.48,18754.08,18693.58,18748.58,3074
1716825600,18748.58,18797.18,18724.08,18790.58,3278
1716840000,18790.08,18797.68,18786.68,18792.08,394
1716854400,18785.28,18787.68,18761.08,18767.88,1952
1716868800,18767.38,18805.68,18767.18,18790.48,894
1716883200,18790.98,18853.73,18770.98,18844.68,5176
1716897600,18845.68,18851.18,18701.98,18716.08,6436
1716912000,18716.08,18731.98,18633.08,18667.68,11340
1716926400,18668.18,18682.08,18617.58,18661.98,9398
1716940800,18650.08,18674.18,18639.18,18657.78,1486
1716955200,18657.78,18662.28,18626.38,18637.88,1400
1716969600,18638.38,18652.08,18564.18,18592.38,7251
1716984000,18591.88,18603.28,18448.78,18451.78,8589
1716998400,18452.28,18514.68,18434.18,18507.08,10832
1717012800,18506.58,18514.08,18432.68,18432.68,8399
1717027200,18447.88,18452.68,18408.28,18437.78,2740
1717041600,18439.28,18458.28,18398.18,18406.68,1803
1717056000,18406.68,18499.68,18375.28,18487.78,6952
1717070400,18487.28,18508.58,18456.73,18492.63,7088
1717084800,18493.63,18534.08,18478.88,18527.98,10075
1717099200,18528.48,18537.28,18456.48,18473.38,8533
1717113600,18474.08,18474.08,18417.18,18463.88,3119
1717128000,18463.88,18484.68,18451.18,18473.18,2177
1717142400,18472.68,18509.98,18438.38,18488.88,6440
1717156800,18487.88,18541.18,18444.33,18515.28,8801
1717171200,18515.28,18540.68,18423.18,18481.08,13676
1717185600,18482.08,18561.48,18480.58,18557.98,5769
1717372800,18570.68,18642.98,18554.88,18641.68,4178
1717387200,18641.68,18665.38,18636.18,18658.38,1630
1717401600,18657.88,18700.98,18581.48,18666.78,8661
1717416000,18667.78,18685.58,18610.48,18675.58,8526
1717430400,18675.53,18698.98,18516.08,18532.08,16924
1717444800,18531.58,18583.98,18502.58,18574.68,10788
1717459200,18566.98,18587.58,18559.38,18582.88,2261
1717473600,18582.88,18585.88,18557.88,18569.58,1741
1717488000,18570.08,18576.28,18434.58,18438.58,8365
1717502400,18440.08,18510.93,18360.58,18505.93,10645
1717516800,18505.93,18540.88,18379.58,18424.18,15208
1717531200,18423.68,18478.68,18404.58,18464.28,9883
1717545600,18463.38,18494.78,18453.38,18476.58,2405
1717560000,18477.08,18514.18,18464.38,18505.68,1383
1717574400,18504.18,18535.78,18484.38,18499.38,6260
1717588800,18500.38,18621.13,18494.78,18615.08,6715
1717603200,18614.58,18624.08,18513.98,18589.28,10953
1717617600,18591.28,18640.98,18579.08,18637.48,5616
1717632000,18641.88,18659.98,18623.28,18649.28,2120
1717646400,18648.78,18660.48,18640.38,18642.88,1084
1717660800,18642.38,18785.73,18607.38,18724.78,6433
1717675200,18725.28,18735.18,18613.68,18677.28,7581
1717689600,18677.18,18680.18,18621.18,18628.38,9957
1717704000,18628.38,18646.68,18597.58,18620.48,8193
1717718400,18623.38,18637.88,18618.38,18628.88,1341
1717732800,18629.38,18639.38,18621.48,18632.38,665
1717747200,18632.38,18653.18,18504.98,18514.98,5639
1717761600,18514.88,18526.98,18420.18,18461.68,10377
1717776000,18460.68,18603.68,18454.58,18584.58,14093
1717790400,18585.08,18593.18,18526.48,18541.08,9036
1717977600,18488.38,18519.88,18480.28,18517.98,1978
1717992000,18515.98,18520.78,18492.28,18503.38,1040
1718006400,18502.88,18512.38,18366.08,18405.68,8831
1718020800,18405.68,18477.18,18357.18,18429.48,7468
1718035200,18428.98,18503.38,18396.68,18493.08,7525
1718049600,18492.58,18529.98,18481.98,18505.38,6462
1718064000,18515.68,18520.08,18493.08,18499.38,1626
1718078400,18498.88,18505.78,18484.88,18496.68,1201
1718092800,18497.68,18551.28,18446.78,18458.78,6771
1718107200,18458.78,18490.78,18311.98,18350.78,10764
1718121600,18351.18,18395.68,18276.68,18376.48,10055
1718136000,18375.98,18422.38,18363.88,18379.08,4617
1718150400,18370.98,18406.78,18368.08,18399.48,1514
1718164800,18399.58,18426.28,18394.28,18416.48,1332
1718179200,18415.98,18496.98,18411.48,18447.48,6122
1718193600,18443.48,18614.88,18421.38,18581.98,6312
1718208000,18582.48,18650.88,18571.88,18636.78,6377
1718222400,18637.78,18651.58,18576.48,18651.28,9487
1718236800,18641.18,18649.58,18607.48,18612.98,1440
1718251200,18613.08,18618.68,18596.58,18615.78,1181
1718265600,18615.88,18624.18,18474.68,18494.18,5694
1718280000,18494.68,18513.68,18385.68,18432.38,7090
1718294400,18431.38,18442.28,18228.38,18256.88,9200
1718308800,18256.98,18310.48,18254.88,18275.18,6097
1718323200,18266.78,18299.28,18265.08,18285.08,1810
1718337600,18284.08,18317.28,18277.28,18305.48,1188
1718352000,18305.98,18344.48,18136.28,18148.28,6621
1718366400,18149.78,18173.78,17980.28,18039.38,8314
1718380800,18040.38,18078.28,17949.28,18008.08,7757
1718395200,18008.08,18021.88,17975.48,17981.48,2983
1718582400,17991.98,18049.08,17989.08,18045.08,2303
1718596800,18044.58,18075.18,18024.48,18050.18,1134
1718611200,18050.18,18146.68,18007.78,18017.28,6276
1718625600,18016.78,18060.33,17968.28,18035.88,5051
1718640000,18035.88,18101.98,18011.18,18093.48,5093
1718654400,18093.48,18162.38,18090.88,18146.58,5064
1718668800,18155.88,18177.28,18149.38,18149.38,2300
1718683200,18149.38,18152.58,18121.38,18134.88,1303
1718697600,18135.38,18212.48,18071.38,18096.68,4792
1718712000,18096.58,18162.68,18077.18,18116.18,5362
1718726400,18116.08,18170.38,18084.08,18168.38,5123
1718740800,18167.88,18183.98,18133.38,18153.78,4540
1718755200,18160.28,18169.18,18131.08,18131.18,1351
1718769600,18130.68,18143.98,18118.58,18123.88,1257
1718784000,18124.38,18169.08,18052.48,18069.48,5017
1718798400,18069.88,18118.98,18061.98,18087.98,5156
1718812800,18088.53,18111.53,18055.18,18061.18,4276
1718827200,18061.68,18089.68,18061.18,18084.08,280
1718841600,18067.98,18094.28,18051.48,18087.48,1071
1718856000,18087.98,18135.68,18074.18,18120.08,1059
1718870400,18118.08,18208.38,18104.78,18164.18,5663
1718884800,18165.08,18205.73,18118.48,18129.08,5687
1718899200,18126.48,18259.98,18116.48,18226.38,8086
1718913600,18225.38,18257.18,18019.78,18080.58,7551
1718928000,18239.48,18256.38,18214.18,18215.98,1432
1718942400,18217.98,18239.48,18215.18,18237.28,827
1718956800,18237.78,18254.08,18160.28,18164.28,4486
1718971200,18165.28,18188.38,18115.28,18164.13,5141
1718985600,18164.63,18223.08,18087.08,18192.68,6508
1719000000,18191.68,18200.28,18172.78,18176.78,2377
1719187200,18193.58,18206.78,18192.68,18194.68,1035
1719201600,18195.28,18196.38,18121.08,18158.58,1144
1719216000,18160.08,18303.68,18159.38,18267.28,4725
1719230400,18266.28,18295.78,18230.28,18263.43,4655
1719244800,18263.48,18357.38,18258.38,18305.28,5854
1719259200,18302.28,18306.18,18195.48,18208.08,5760
1719273600,18221.18,18227.08,18179.68,18181.18,1493
1719288000,18181.68,18237.48,18176.18,18237.48,882
1719302400,18236.98,18251.48,18071.88,18119.98,6385
1719316800,18119.98,18165.38,18091.88,18146.08,5081
1719331200,18145.98,18182.78,18101.48,18170.08,6098
1719345600,18169.58,18208.28,18160.98,18183.68,3686
1719360000,18190.88,18221.38,18176.58,18215.68,1350
1719374400,18215.78,18235.68,18203.58,18229.38,890
1719388800,18229.88,18366.98,18228.88,18315.08,5140
1719403200,18313.08,18316.03,18055.88,18061.38,6632
1719417600,18060.78,18180.38,18044.78,18169.18,7203
1719432000,18168.68,18186.38,18121.58,18133.48,5123
1719446400,18142.38,18146.48,18081.78,18098.98,1931
1719460800,18099.08,18139.48,18098.08,18138.48,1032
1719475200,18139.98,18238.68,18131.48,18182.38,5673
1719489600,18181.88,18218.38,18141.88,18186.88,6485
1719504000,18183.88,18264.38,18176.88,18236.98,8707
1719518400,18236.48,18250.68,18190.38,18234.48,5199
1719532800,18232.38,18261.98,18230.88,18239.38,1379
1719547200,18239.48,18262.28,18233.48,18241.68,1086
1719561600,18241.68,18334.78,18209.78,18308.28,6010
1719576000,18308.28,18354.98,18193.98,18219.08,7742
1719590400,18219.48,18299.98,18201.98,18229.58,10954
1719604800,18227.58,18244.58,18189.58,18241.58,3859
1719792000,18299.08,18347.28,18248.18,18322.18,2814
1719806400,18322.18,18365.78,18309.28,18354.68,1138
1719820800,18353.18,18464.88,18292.98,18317.98,9807
1719835200,18316.98,18347.38,18259.48,18331.48,6126
1719849600,18331.48,18380.98,18279.98,18328.18,11251
1719864000,18328.18,18340.28,18299.08,18324.88,4287
1719878400,18332.38,18334.78,18286.28,18297.18,1713
1719892800,18298.18,18301.28,18265.88,18271.38,1154
1719907200,18271.88,18302.38,18135.58,18159.58,7597
1719921600,18160.08,18167.98,18024.18,18060.88,7718
1719936000,18060.78,18172.08,18060.28,18144.08,11241
1719950400,18144.08,18186.58,18140.98,18154.98,4044
1719964800,18159.38,18201.18,18153.88,18195.18,1563
1719979200,18194.68,18217.08,18184.58,18210.98,1289
1719993600,18210.48,18300.78,18197.58,18281.68,6568
1720008000,18281.68,18358.88,18271.68,18348.38,6278
1720022400,18348.28,18397.98,18316.28,18394.78,8588
1720036800,18395.28,18403.68,18388.08,18403.68,730
1720051200,18399.78,18422.68,18389.98,18390.68,1389
1720065600,18391.68,18405.68,18386.68,18402.28,1076
1720080000,18401.78,18470.68,18385.88,18435.78,4952
1720094400,18437.78,18457.38,18416.73,18457.38,4021
1720108800,18457.38,18463.73,18416.63,18443.78,3549
1720123200,18444.28,18457.68,18439.78,18454.18,471
1720137600,18445.98,18456.98,18437.18,18445.28,1485
1720152000,18444.78,18451.58,18434.98,18441.38,1596
1720166400,18441.88,18623.78,18440.38,18610.88,6420
1720180800,18613.88,18665.28,18578.83,18596.88,6380
1720195200,18595.88,18608.28,18418.78,18458.58,10638
1720209600,18458.08,18508.08,18451.08,18506.58,1974
1720396800,18470.08,18487.98,18460.18,18475.58,1807
1720411200,18475.78,18508.18,18466.98,18468.08,709
1720425600,18464.58,18632.78,18429.78,18584.78,8115
1720440000,18584.78,18594.78,18516.83,18558.48,7638
1720454400,18559.48,18569.98,18450.48,18459.18,7161
1720468800,18460.18,18475.18,18437.98,18460.68,3659
1720483200,18458.48,18503.68,18457.78,18462.08,1811
1720497600,18460.58,18475.98,18432.18,18466.38,1015
1720512000,18466.88,18479.58,18364.18,18458.38,7247
1720526400,18458.88,18469.38,18266.48,18304.48,6904
1720540800,18304.98,18335.38,18210.98,18272.18,11044
1720555200,18273.18,18281.08,18240.88,18247.78,4580
1720569600,18243.88,18266.38,18242.08,18261.38,1183
1720584000,18261.38,18266.38,18248.28,18255.58,640
1720598400,18256.58,18315.08,18219.38,18311.08,6209
1720612800,18311.08,18385.48,18301.53,18354.68,5990
1720627200,18354.63,18442.38,18354.63,18430.68,6184
1720641600,18430.18,18461.38,18415.58,18444.28,4599
1720656000,18452.58,18468.58,18427.98,18435.18,1538
1720670400,18435.18,18459.98,18428.08,18443.38,1372
1720684800,18443.88,18509.68,18414.18,18459.78,5914
1720699200,18460.28,18578.98,18421.23,18446.18,7111
1720713600,18446.68,18572.18,18439.58,18516.78,13572
1720728000,18518.78,18535.98,18503.78,18530.88,7085
1720742400,18519.38,18557.18,18502.58,18527.58,2851
1720756800,18525.58,18554.58,18519.58,18546.18,1993
1720771200,18546.18,18607.28,18528.18,18604.28,6835
1720785600,18604.18,18628.28,18537.58,18610.18,7013
1720800000,18611.18,18781.88,18595.08,18751.38,10305
1720814400,18750.88,18774.88,18718.58,18726.58,3442
1721001600,18716.98,18729.58,18700.08,18715.38,3235
1721016000,18716.38,18721.88,18691.78,18706.88,1487
1721030400,18706.38,18733.58,18679.08,18714.38,6528
1721044800,18713.38,18746.43,18623.43,18623.43,6181
1721059200,18623.43,18633.88,18552.88,18570.88,11474
1721073600,18571.88,18595.18,18540.38,18565.78,8455
1721088000,18577.38,18593.08,18569.88,18580.18,1924
1721102400,18580.18,18588.78,18557.98,18565.58,1252
1721116800,18565.58,18574.28,18449.18,18518.28,7691
1721131200,18519.28,18534.28,18470.58,18488.18,6879
1721145600,18487.18,18554.38,18453.18,18553.38,10250
1721160000,18552.88,18584.88,18540.38,18573.18,5649
1721174400,18575.28,18583.08,18545.78,18554.58,2099
1721188800,18554.08,18572.68,18527.68,18554.68,1889
1721203200,18555.68,18575.68,18437.28,18494.98,9908
1721217600,18495.48,18497.08,18343.98,18418.58,9065
1721232000,18419.58,18505.48,18411.98,18437.28,12206
1721246400,18436.78,18454.48,18410.28,18446.98,8697
1721260800,18473.18,18494.38,18461.58,18471.28,2480
1721275200,18471.78,18481.68,18452.98,18467.88,1640
1721289600,18467.38,18513.58,18385.58,18473.78,10081
1721304000,18473.28,18508.13,18437.78,18499.68,7934
1721318400,18501.68,18536.58,18324.08,18377.58,17078
1721332800,18376.58,18382.08,18291.08,18337.48,13485
1721347200,18343.08,18355.48,18327.18,18336.28,2720
1721361600,18336.78,18348.58,18314.98,18347.08,2116
1721376000,18347.58,18357.88,18175.98,18215.48,11396
1721390400,18212.48,18278.58,18182.48,18250.58,10336
1721404800,18250.48,18259.48,18148.28,18173.28,15140
1721419200,18172.78,18195.28,18148.78,18169.28,7490
1721606400,18188.78,18226.98,18180.68,18215.08,4420
1721620800,18216.08,18224.88,18164.38,18216.98,3384
1721635200,18216.48,18372.58,18194.08,18352.58,8264
1721649600,18353.08,18455.93,18343.48,18441.38,7139
1721664000,18440.88,18469.08,18393.48,18433.98,14741
1721678400,18434.48,18475.58,18434.48,18468.78,8536
1721692800,18479.48,18505.38,18455.88,18463.38,2464
1721707200,18462.88,18495.88,18448.58,18464.08,2865
1721721600,18463.08,18540.58,18444.58,18519.48,9513
1721736000,18520.48,18652.53,18511.48,18569.58,7727
1721750400,18570.58,18571.18,18507.08,18531.68,13058
1721764800,18530.68,18573.38,18510.28,18546.68,9975
1721779200,18502.98,18518.98,18483.98,18509.68,4111
1721793600,18510.68,18512.68,18453.68,18459.28,2971
1721808000,18459.78,18475.38,18349.38,18410.88,11241
1721822400,18411.38,18457.48,18379.38,18388.48,8652
1721836800,18389.48,18446.88,18364.98,18373.58,13561
1721851200,18374.08,18399.48,18322.88,18368.28,11974
1721865600,18372.88,18392.08,18356.88,18385.18,3327
1721880000,18385.18,18385.18,18312.28,18319.98,3511
1721894400,18321.98,18325.08,18095.18,18184.18,14958
1721908800,18185.18,18215.98,18095.18,18211.98,11952
1721923200,18209.98,18351.38,18173.38,18341.88,19944
1721937600,18342.38,18370.38,18233.68,18262.48,16361
1721952000,18293.78,18319.38,18269.38,18279.88,3417
1721966400,18280.38,18299.08,18272.38,18285.88,2313
1721980800,18286.38,18362.58,18216.98,18344.08,10088
1721995200,18341.58,18396.68,18283.58,18380.53,9003
1722009600,18380.53,18466.98,18341.08,18464.48,18841
1722024000,18464.48,18477.48,18421.88,18448.88,12581
1722211200,18478.08,18531.98,18476.08,18515.98,3725
1722225600,18515.98,18523.48,18487.08,18493.08,2718
1722240000,18492.08,18546.58,18416.48,18437.98,8579
1722254400,18437.98,18505.28,18421.98,18441.38,7266
1722268800,18440.38,18441.48,18308.18,18369.68,16246
1722283200,18370.68,18381.28,18340.18,18357.88,9734
1722297600,18365.58,18366.28,18295.98,18314.78,2966
1722312000,18315.28,18336.08,18262.98,18331.28,2680
1722326400,18333.78,18401.08,18299.78,18380.78,8463
1722340800,18381.28,18434.68,18360.78,18434.68,6468
1722355200,18434.68,18471.08,18376.08,18389.38,19416
1722369600,18388.38,18456.38,18319.08,18409.28,17536
1722384000,18431.68,18462.68,18422.48,18448.58,5095
1722398400,18449.08,18464.28,18405.28,18448.28,4398
1722412800,18446.28,18563.98,18436.78,18510.33,11991
1722427200,18509.33,18526.68,18460.28,18502.58,7968
1722441600,18503.58,18534.68,18435.18,18528.18,16358
1722456000,18528.68,18577.98,18467.98,18495.18,18842
1722470400,18519.98,18550.38,18489.28,18491.78,4187
1722484800,18491.28,18513.28,18461.78,18491.28,3067
1722499200,18490.78,18522.78,18261.18,18280.18,11613
1722513600,18280.68,18390.18,18270.08,18294.28,9375
1722528000,18293.28,18330.28,18047.68,18061.68,24265
1722542400,18062.68,18067.68,17980.88,18029.98,22229
1722556800,18040.08,18046.18,17963.38,18000.88,7547
1722571200,18000.38,18050.88,17937.88,17974.38,3078
1722585600,17974.88,17996.88,17785.08,17908.78,15780
1722600000,17908.28,17913.68,17663.38,17750.38,14750
1722614400,17749.88,17790.88,17621.18,17692.78,29780
1722628800,17693.28,17730.28,17664.78,17700.78,14976
1722816000,17544.08,17614.48,17513.08,17545.58,6919
1722830400,17544.58,17649.08,17432.08,17432.58,5339
1722844800,17429.08,17458.58,17088.78,17255.78,25793
1722859200,17255.28,17291.18,17020.28,17084.28,25994
1722873600,17082.78,17422.28,17068.18,17321.28,38418
1722888000,17321.78,17409.98,17307.28,17378.48,21812
1722902400,17432.38,17535.58,17417.68,17532.58,7529
1722916800,17530.58,17562.58,17413.58,17467.58,3252
1722931200,17468.58,17569.88,17280.18,17355.68,19306
1722945600,17354.68,17385.08,17229.48,17246.48,20222
1722960000,17248.88,17433.18,17237.38,17406.68,30684
1722974400,17407.18,17461.68,17295.08,17296.18,19516
1722988800,17297.28,17399.88,17274.68,17386.38,6537
1723003200,17385.38,17556.38,17368.88,17545.88,3427
1723017600,17548.38,17555.88,17380.58,17554.88,15155
1723032000,17555.88,17603.78,17508.88,17572.58,12339
1723046400,17572.58,17670.18,17535.18,17544.68,23110
1723060800,17543.68,17552.18,17352.98,17357.08,22983
1723075200,17367.68,17428.68,17271.28,17395.68,7409
1723089600,17396.18,17502.88,17389.68,17446.18,2530
1723104000,17446.68,17585.38,17435.68,17544.38,15254
1723118400,17544.88,17603.78,17454.38,17571.88,13707
1723132800,17573.88,17699.98,17564.78,17666.38,22576
1723147200,17666.88,17748.38,17645.88,17731.38,14572
1723161600,17727.88,17758.58,17660.38,17695.88,5136
1723176000,17695.38,17752.38,17656.88,17666.38,2209
1723190400,17666.88,17789.48,17649.48,17784.38,9728
1723204800,17785.38,17790.38,17644.68,17670.78,9955
1723219200,17671.68,17728.68,17616.18,17709.08,20547
1723233600,17709.58,17776.08,17707.08,17764.58,11041
1723420800,17765.28,17797.78,17708.18,17783.88,4342
1723435200,17783.38,17820.28,17769.28,17795.78,2244
1723449600,17795.28,17831.38,17727.93,17731.43,7447
1723464000,17731.43,17775.88,17712.13,17748.88,6209
1723478400,17748.38,17777.78,17674.78,17712.78,17745
1723492800,17711.78,17744.78,17692.08,17700.68,12713
1723507200,17709.08,17747.38,17696.88,17736.88,2917
1723521600,17734.38,17745.98,17712.88,17741.78,1184
1723536000,17740.78,17815.48,17735.58,17765.43,7176
1723550400,17765.48,17783.43,17668.38,17759.88,9078
1723564800,17758.88,17836.38,17732.78,17835.88,14712
1723579200,17835.88,17864.78,17809.28,17841.88,9542
1723593600,17857.68,17859.68,17838.38,17843.08,2384
1723608000,17841.58,17875.68,17825.88,17853.08,2110
1723622400,17853.08,17898.68,17829.68,17894.23,7367
1723636800,17894.73,17923.38,17860.33,17905.48,8164
1723651200,17906.48,17914.38,17824.48,17868.68,16421
1723665600,17868.68,17922.78,17856.18,17909.28,10909
1723680000,17903.38,17936.28,17886.68,17931.88,2515
1723694400,17931.88,17979.28,17923.18,17961.78,1357
1723708800,17962.28,18013.88,17926.78,17954.73,6465
1723723200,17954.23,18149.88,17909.28,18123.98,7689
1723737600,18124.88,18209.98,18117.38,18191.88,14079
1723752000,18191.88,18209.98,18183.48,18199.78,8079
1723766400,18204.58,18251.58,18192.38,18213.38,3038
1723780800,18212.88,18235.58,18192.08,18199.88,1192
1723795200,18201.38,18297.73,18200.38,18288.23,6633
1723809600,18289.23,18345.23,18238.58,18261.68,8403
1723824000,18261.18,18354.98,18256.18,18349.88,13331
1723838400,18349.88,18351.88,18304.78,18304.78,5795
1724025600,18345.68,18351.98,18329.28,18339.88,3482
1724040000,18340.38,18340.38,18294.88,18302.18,2155
1724054400,18302.68,18328.78,18281.48,18325.28,7028
1724068800,18324.28,18395.53,18295.78,18372.53,5294
1724083200,18372.48,18455.13,18365.98,18423.38,9794
1724097600,18423.38,18436.38,18410.18,18423.18,5983
1724112000,18436.28,18440.38,18415.38,18426.48,1488
1724126400,18426.58,18446.58,18414.68,18437.98,1731
1724140800,18437.48,18496.33,18425.08,18448.08,6132
1724155200,18448.13,18463.63,18380.58,18386.58,5524
1724169600,18388.08,18423.58,18337.38,18337.88,11742
1724184000,18338.88,18360.68,18316.58,18344.78,7403
1724198400,18342.88,18370.48,18335.98,18362.88,1629
1724212800,18362.38,18385.88,18341.48,18381.98,1510
1724227200,18381.48,18421.33,18351.08,18399.33,5197
1724241600,18400.33,18477.03,18399.88,18470.58,4979
1724256000,18469.58,18470.58,18401.48,18456.58,14443
1724270400,18457.58,18480.98,18448.48,18469.08,9774
1724284800,18469.28,18497.68,18468.08,18481.08,1535
1724299200,18481.08,18483.38,18427.58,18444.48,1183
1724313600,18444.98,18528.88,18435.28,18505.48,4855
1724328000,18505.48,18534.53,18479.23,18498.18,4598
1724342400,18499.18,18552.08,18458.68,18486.68,13990
1724356800,18486.68,18501.68,18433.78,18457.98,12451
1724371200,18459.38,18477.68,18450.88,18453.38,1877
1724385600,18454.38,18499.58,18449.28,18491.48,1737
1724400000,18491.48,18587.33,18489.68,18586.33,5553
1724414400,18586.33,18632.33,18568.73,18588.18,5504
1724428800,18587.68,18673.68,18558.68,18580.68,23459
1724443200,18579.68,18629.98,18575.68,18620.68,8544
1724630400,18625.28,18644.18,18566.88,18607.88,3830
1724644800,18608.38,18611.38,18567.48,18573.38,2178
1724659200,18572.38,18604.98,18548.43,18597.33,5173
1724673600,18597.38,18622.38,18565.83,18620.88,4280
1724688000,18620.38,18641.78,18594.88,18628.28,12014
1724702400,18627.78,18643.78,18596.18,18605.88,8760
1724716800,18621.48,18640.58,18595.88,18625.28,2730
1724731200,18625.78,18651.18,18620.58,18648.48,1385
1724745600,18649.48,18702.28,18622.18,18687.28,6539
1724760000,18687.78,18727.73,18635.23,18686.18,7161
1724774400,18688.68,18721.18,18670.28,18695.08,14917
1724788800,18695.08,18716.18,18683.88,18686.38,6675
1724803200,18689.58,18692.28,18654.18,18685.38,3091
1724817600,18685.38,18708.38,18677.28,18705.38,1172
1724832000,18703.38,18799.73,18697.18,18780.18,6311
1724846400,18780.23,18853.73,18771.18,18820.68,6279
1724860800,18820.68,18858.58,18775.48,18804.78,14951
1724875200,18804.28,18819.58,18705.98,18736.58,18302
1724889600,18738.58,18781.28,18677.68,18768.58,4904
1724904000,18769.08,18788.98,18748.38,18782.18,1809
1724918400,18781.18,18868.53,18775.08,18860.48,7909
1724932800,18860.48,18935.03,18860.48,18914.48,8498
1724947200,18914.53,18970.58,18855.08,18943.18,17370
1724961600,18942.68,18942.68,18820.58,18851.08,15742
1724976000,18853.48,18871.48,18832.48,18854.98,2957
1724990400,18854.98,18882.88,18851.58,18870.18,1874
1725004800,18870.18,18942.43,18859.98,18938.43,6444
1725019200,18938.48,18972.83,18929.93,18949.88,5890
1725033600,18949.38,18970.88,18855.78,18897.28,15700
1725048000,18896.78,18933.28,18890.08,18932.68,7802
1725235200,18945.78,18946.18,18917.08,18917.58,2204
1725249600,18918.08,18928.18,18894.28,18919.28,2567
1725264000,18919.28,18935.98,18771.38,18872.43,7828
1725278400,18872.43,18909.43,18863.43,18900.38,4544
1725292800,18900.38,18941.28,18875.93,18938.28,4409
1725307200,18938.78,18949.28,18938.28,18946.78,449
1725321600,18936.18,18937.28,18888.38,18936.68,3071
1725336000,18936.78,18952.58,18915.18,18930.48,1775
1725350400,18930.98,18993.48,18896.88,18907.38,7476
1725364800,18906.88,18908.88,18824.88,18840.88,8045
1725379200,18840.88,18855.88,18725.38,18732.18,17575
1725393600,18731.68,18745.98,18621.98,18625.08,16165
1725408000,18636.28,18650.48,18565.58,18568.08,5612
1725422400,18567.08,18612.58,18556.08,18558.58,2926
1725436800,18558.08,18631.38,18472.38,18602.38,11850
1725451200,18602.38,18649.43,18572.43,18608.48,7853
1725465600,18605.48,18653.48,18539.38,18591.28,18883
1725480000,18590.28,18596.88,18534.18,18556.18,14082
1725494400,18575.18,18583.88,18534.08,18576.08,4914
1725508800,18576.58,18594.38,18522.88,18535.88,3171
1725523200,18535.38,18653.08,18505.18,18621.68,8705
1725537600,18621.68,18650.68,18556.58,18632.78,10019
1725552000,18633.78,18681.18,18538.98,18586.98,17804
1725566400,18585.98,18635.58,18566.98,18581.18,14300
1725580800,18591.08,18593.08,18545.98,18545.98,3748
1725595200,18546.08,18604.38,18508.08,18585.18,2967
1725609600,18583.18,18594.08,18409.28,18435.38,10542
1725624000,18435.38,18569.68,18426.28,18544.38,11051
1725638400,18543.38,18611.18,18268.28,18288.28,26221
1725652800,18288.78,18319.28,18258.28,18281.28,6618
1725840000,18245.28,18325.98,18222.08,18314.88,5875
1725854400,18314.88,18372.38,18311.88,18359.48,3275
1725868800,18358.48,18418.13,18333.88,18411.13,9475
1725883200,18411.13,18461.13,18356.63,18401.18,7235
1725897600,18402.18,18492.28,18375.68,18489.28,14825
1725912000,18489.78,18506.68,18440.58,18496.18,14873
1725926400,18508.98,18509.58,18449.18,18485.48,3883
1725940800,18484.48,18489.68,18406.68,18415.78,2970
1725955200,18416.28,18491.98,18402.08,18410.03,8218
1725969600,18409.53,18451.93,18327.38,18367.98,9690
1725984000,18366.98,18370.38,18185.98,18237.98,18712
1725998400,18237.48,18337.78,18231.98,18305.88,10549
1726012800,18308.18,18324.98,18279.58,18290.98,2405
1726027200,18291.48,18305.08,18256.58,18267.58,3430
1726041600,18268.08,18370.18,18257.08,18289.38,9098
1726056000,18291.38,18405.78,18261.48,18392.88,10374
1726070400,18392.38,18434.78,18205.88,18392.38,24221
1726084800,18392.88,18491.18,18392.88,18477.98,15950
1726099200,18474.38,18511.88,18471.48,18497.38,2510
1726113600,18497.38,18518.68,18464.48,18514.78,3250
1726128000,18514.28,18590.78,18490.48,18543.48,9864
1726142400,18543.48,18596.98,18462.88,18474.98,8936
1726156800,18474.48,18555.58,18378.88,18552.58,19895
1726171200,18552.58,18589.18,18517.08,18552.78,13484
1726185600,18556.88,18600.68,18553.18,18599.48,2908
1726200000,18599.58,18600.58,18562.08,18581.88,1647
1726214400,18581.88,18665.18,18530.88,18585.63,8280
1726228800,18586.13,18650.63,18575.48,18638.58,7114
1726243200,18641.58,18725.48,18623.58,18678.78,14997
1726257600,18678.78,18698.68,18654.98,18679.18,8690
1726444800,18682.28,18713.88,18664.68,18706.38,2838
1726459200,18705.88,18725.68,18680.78,18714.28,1537
1726473600,18713.78,18714.78,18608.28,18649.03,7079
1726488000,18649.03,18667.53,18623.03,18644.08,7019
1726502400,18643.08,18662.48,18596.48,18648.88,13940
1726516800,18649.38,18724.78,18646.88,18699.68,7327
1726531200,18699.48,18716.78,18679.68,18681.38,3384
1726545600,18679.88,18696.28,18668.38,18689.08,2184
1726560000,18690.08,18731.88,18667.68,18707.73,7132
1726574400,18708.18,18804.68,18702.58,18801.18,8359
1726588800,18801.08,18806.08,18615.68,18643.68,15651
1726603200,18643.68,18706.78,18638.18,18696.98,12620
1726617600,18691.58,18726.68,18687.58,18717.58,1923
1726632000,18718.58,18720.38,18688.88,18692.78,2019
1726646400,18692.28,18751.08,18685.78,18718.83,7693
1726660800,18719.38,18745.53,18697.23,18740.58,7274
1726675200,18741.08,18761.33,18697.88,18738.08,11772
1726689600,18738.58,18915.88,18732.88,18759.98,19778
1726704000,18772.18,18869.98,18763.28,18777.08,5357
1726718400,18776.08,18889.58,18764.58,18889.58,1158
1726732800,18889.58,18918.48,18802.68,18913.98,10645
1726747200,18913.98,19049.33,18911.48,19007.98,8455
1726761600,19010.98,19045.68,18946.68,19022.88,12646
1726776000,19023.38,19044.98,18947.98,18966.88,4883
1726790400,18964.68,18967.08,18924.98,18933.98,2375
1726804800,18934.98,18954.88,18916.28,18929.18,2285
1726819200,18929.18,18938.78,18806.08,18821.58,10053
1726833600,18821.58,18886.78,18800.18,18830.28,8944
1726848000,18829.28,18832.68,18705.98,18731.78,17390
1726862400,18731.78,18758.18,18703.78,18740.58,8218
1727049600,18716.98,18800.48,18713.18,18798.58,1839
1727064000,18798.58,18818.78,18787.08,18809.38,1426
1727078400,18808.38,18814.08,18679.98,18783.98,9798
1727092800,18784.98,18853.03,18746.88,18846.38,7943
1727107200,18845.38,18866.18,18802.38,18849.88,14709
1727121600,18849.38,18888.88,18839.88,18861.68,6191
1727136000,18867.58,18880.38,18845.78,18859.08,1958
1727150400,18858.58,18908.08,18843.78,18898.38,2775
1727164800,18902.38,19030.98,18901.88,18990.28,9757
1727179200,18990.28,19000.78,18904.18,18949.28,9282
1727193600,18949.28,19003.48,18902.58,18989.28,14658
1727208000,18988.78,19003.58,18964.28,19001.58,6984
1727222400,18989.38,18994.98,18965.48,18966.08,1605
1727236800,18966.58,18976.58,18904.38,18905.78,2795
1727251200,18905.28,18939.43,18840.88,18905.88,9090
1727265600,18905.88,18965.93,18870.93,18951.38,7077
1727280000,18952.43,18957.93,18880.28,18915.78,11475
1727294400,18916.78,18921.48,18885.68,18918.78,7810
1727308800,18916.28,18977.18,18909.18,18964.68,2243
1727323200,18964.68,19015.78,18956.38,19007.08,2267
1727337600,19006.58,19170.68,19002.38,19162.48,11238
1727352000,19162.98,19202.18,19106.93,19196.18,7599
1727366400,19196.18,19275.58,19162.48,19258.08,16207
1727380800,19257.58,19294.28,19232.28,19274.78,6775
1727395200,19283.68,19307.38,19263.68,19288.48,2845
1727409600,19287.98,19293.28,19229.48,19282.08,3386
1727424000,19284.08,19321.63,19243.08,19303.63,11631
1727438400,19304.08,19478.13,19300.08,19456.08,9838
1727452800,19456.58,19493.03,19420.38,19423.78,13334
1727467200,19424.28,19436.78,19372.98,19409.28,7008
1727654400,19369.28,19469.78,19369.28,19442.98,3196
1727668800,19441.48,19476.58,19428.18,19459.08,3459
1727683200,19459.08,19460.88,19366.38,19371.88,9881
1727697600,19370.88,19396.88,19309.43,19319.38,8350
1727712000,19319.88,19369.83,19312.88,19354.38,12948
1727726400,19353.88,19391.58,19306.08,19361.68,11994
1727740800,19362.08,19397.38,19343.78,19391.98,2434
1727755200,19392.98,19404.88,19376.18,19391.08,2432
1727769600,19390.58,19422.08,19341.58,19383.23,8443
1727784000,19382.73,19448.53,19351.73,19438.08,7140
1727798400,19434.58,19443.58,19135.48,19184.68,27918
1727812800,19184.68,19264.18,19129.18,19198.98,14809
1727827200,19182.48,19222.48,19144.88,19213.38,3816
1727841600,19213.88,19267.98,19212.18,19232.48,3264
1727856000,19231.98,19249.78,19180.18,19211.88,9792
1727870400,19211.88,19211.88,19067.58,19131.63,11556
1727884800,19132.63,19186.18,19058.08,19128.58,17202
1727899200,19128.58,19181.68,19123.18,19180.28,8480
1727913600,19176.48,19183.48,19111.68,19123.88,2271
1727928000,19123.38,19130.58,19020.18,19042.38,3012
1727942400,19041.88,19099.28,18977.48,19030.48,10160
1727956800,19030.38,19112.03,19011.98,19032.33,9443
1727971200,19031.33,19065.38,18960.38,18994.78,19842
1727985600,18994.78,19009.78,18972.78,18982.88,10513
1728000000,18970.78,18997.38,18962.38,18982.88,3133
1728014400,18982.98,19033.58,18965.68,19002.28,3291
1728028800,19004.28,19047.18,18949.18,19011.28,8362
1728043200,19010.28,19166.28,19009.28,19165.38,10438
1728057600,19167.28,19184.28,19079.78,19168.48,18678
1728072000,19167.48,19198.58,19140.28,19191.48,7061
1728259200,19221.68,19224.88,19159.98,19179.68,3304
1728273600,19179.18,19229.38,19172.48,19179.18,3733
1728288000,19180.18,19197.68,19022.48,19051.08,10101
1728302400,19051.08,19121.73,19009.38,19103.28,8322
1728316800,19104.28,19136.18,19071.28,19094.08,13051
1728331200,19094.08,19105.08,18982.28,19037.08,11808
1728345600,19029.78,19058.38,18959.98,19045.58,4830
1728360000,19046.08,19046.68,18905.98,18956.58,3237
1728374400,18955.58,18982.23,18908.68,18952.68,10920
1728388800,18951.68,19092.18,18951.68,19079.68,8183
1728403200,19082.68,19101.68,19038.58,19097.68,11802
1728417600,19098.18,19118.08,19062.88,19095.08,6699
1728432000,19087.78,19112.18,19075.98,19109.68,1720
1728446400,19109.78,19115.38,19044.48,19057.28,3909
1728460800,19058.28,19098.88,19004.88,19051.43,9148
1728475200,19051.48,19130.48,19050.48,19098.48,6311
1728489600,19097.48,19262.78,19091.48,19252.28,10097
1728504000,19252.28,19284.18,19239.68,19250.78,8777
1728518400,19258.58,19295.18,19256.38,19283.78,2105
1728532800,19283.88,19303.28,19266.48,19279.48,3039
1728547200,19279.48,19287.98,19176.08,19192.33,7807
1728561600,19192.28,19283.83,19175.83,19223.28,8680
1728576000,19223.18,19247.78,19144.28,19218.58,13457
1728590400,19218.58,19235.48,19184.58,19233.98,8752
1728604800,19226.68,19253.48,19225.88,19240.38,2091
1728619200,19240.88,19257.58,19227.68,19229.98,1693
1728633600,19227.98,19236.08,19176.28,19200.13,7114
1728648000,19200.13,19266.03,19192.08,19251.48,8142
1728662400,19251.48,19380.28,19235.48,19357.88,12036
1728676800,19357.88,19400.88,19352.38,19389.38,3955
1728864000,19360.98,19383.88,19338.18,19366.88,2193
1728878400,19366.38,19380.68,19339.18,19365.68,1727
1728892800,19365.68,19486.38,19364.98,19404.03,6274
1728907200,19404.08,19450.53,19399.03,19432.58,4922
1728921600,19432.58,19531.08,19425.98,19528.08,7810
1728936000,19527.08,19548.08,19510.58,19543.48,3536
1728950400,19545.48,19581.78,19535.98,19562.38,1527
1728964800,19563.38,19595.48,19558.38,19570.98,1191
1728979200,19570.48,19638.18,19528.28,19538.53,7033
1728993600,19539.03,19582.48,19517.48,19548.53,6171
1729008000,19548.48,19572.48,19451.88,19505.18,13277
1729022400,19505.68,19513.18,19451.88,19460.48,5446
1729036800,19448.48,19482.38,19446.68,19465.28,2578
1729051200,19465.28,19491.78,19458.88,19478.68,1898
1729065600,19477.68,19493.28,19407.58,19408.58,7766
1729080000,19408.08,19459.03,19401.63,19441.48,6022
1729094400,19441.48,19512.03,19404.48,19445.28,7852
1729108800,19445.78,19483.28,19434.28,19479.38,2946
1729123200,19475.48,19480.68,19450.08,19480.08,1851
1729137600,19480.08,19489.58,19431.98,19436.68,1908
1729152000,19436.78,19604.83,19430.98,19593.33,7118
1729166400,19594.33,19612.28,19537.83,19603.28,5891
1729180800,19604.28,19680.28,19544.88,19594.88,10101
1729195200,19594.88,19598.88,19549.88,19564.38,4484
1729209600,19558.28,19582.68,19477.78,19528.98,1899
1729224000,19527.98,19544.28,19504.88,19519.88,1691
1729238400,19520.88,19639.73,19518.08,19621.73,5976
1729252800,19621.78,19668.23,19596.33,19627.78,5560
1729267200,19627.78,19667.48,19602.28,19655.58,6724
1729281600,19656.08,19664.08,19634.18,19637.18,2972
1729468800,19661.08,19676.18,19637.08,19646.98,2215
1729483200,19646.48,19658.28,19618.08,19624.58,2259
1729497600,19624.08,19644.83,19593.93,19597.93,6810
1729512000,19596.93,19610.88,19459.88,19514.98,7784
1729526400,19514.48,19558.33,19449.18,19493.98,10105
1729540800,19493.98,19531.28,19486.98,19525.48,6091
1729555200,19531.98,19550.58,19508.68,19516.58,2133
1729569600,19516.58,19544.78,19501.58,19526.08,2939
1729584000,19525.58,19588.18,19498.68,19500.18,8601
1729598400,19499.18,19513.23,19367.18,19422.18,9829
1729612800,19422.18,19469.18,19406.48,19426.48,9803
1729627200,19426.98,19476.98,19422.98,19437.28,7433
1729641600,19420.48,19473.68,19411.98,19420.98,2265
1729656000,19420.98,19462.58,19415.48,19456.78,2514
1729670400,19457.28,19470.38,19373.08,19389.03,6713
1729684800,19388.53,19444.03,19325.98,19365.98,6901
1729699200,19365.98,19465.48,19355.98,19384.68,9900
1729713600,19383.68,19385.78,19300.28,19360.48,8758
1729728000,19353.38,19393.68,19325.28,19393.18,2277
1729742400,19392.68,19401.38,19353.28,19367.28,1993
1729756800,19367.78,19549.18,19349.68,19497.73,7425
1729771200,19496.68,19549.73,19460.73,19518.13,6041
1729785600,19519.13,19557.68,19393.83,19435.53,10182
1729800000,19435.53,19454.03,19414.33,19441.23,5024
1729814400,19439.58,19449.93,19423.03,19436.83,2099
1729828800,19436.33,19450.33,19396.43,19402.33,2272
1729843200,19403.33,19455.23,19349.53,19449.73,7522
1729857600,19449.73,19513.73,19412.63,19459.03,6653
1729872000,19460.03,19517.13,19435.93,19473.73,9695
1729886400,19473.73,19474.23,19384.93,19410.33,7718
1730073600,19491.18,19525.33,19472.63,19502.33,4591
1730088000,19500.83,19522.93,19469.43,19517.83,3643
1730102400,19518.83,19582.33,19473.23,19556.53,7355
1730116800,19557.03,19571.83,19396.23,19484.33,10466
1730131200,19483.83,19556.53,19427.23,19538.23,12559
1730145600,19537.73,19557.23,19523.73,19532.73,6077
1730160000,19526.38,19531.03,19506.23,19522.03,2509
1730174400,19522.03,19534.03,19497.23,19528.83,3206
1730188800,19528.33,19644.83,19519.13,19612.13,7669
1730203200,19612.13,19638.28,19533.33,19537.83,10638
1730217600,19538.33,19548.38,19461.33,19492.53,14140
1730232000,19493.03,19504.83,19460.03,19478.63,7031
1730246400,19480.48,19500.68,19480.33,19484.83,2669
1730260800,19484.83,19489.23,19407.53,19412.53,2739
1730275200,19412.53,19453.53,19373.13,19384.33,7336
1730289600,19382.33,19390.83,19200.83,19219.48,11337
1730304000,19218.98,19335.83,19197.98,19272.53,15328
1730318400,19272.53,19290.73,19242.48,19248.73,8579
1730332800,19208.28,19233.08,19195.23,19195.23,4130
1730347200,19194.23,19220.03,19161.53,19174.03,2565
1730361600,19173.03,19188.63,19081.73,19153.33,8462
1730376000,19152.83,19182.43,19123.33,19172.83,10129
1730390400,19172.93,19185.93,19003.63,19097.93,15873
1730404800,19097.43,19115.93,19059.13,19080.43,9996
1730419200,19106.28,19125.98,19070.33,19077.93,4316
1730433600,19077.43,19087.83,19039.83,19069.93,3351
1730448000,19070.93,19154.03,19051.23,19132.03,7259
1730462400,19133.03,19215.13,19130.43,19210.23,9594
1730476800,19210.18,19299.03,19200.13,19235.23,13722
1730491200,19235.73,19256.33,19211.23,19224.23,8657
1730678400,19195.33,19245.33,19176.33,19237.93,4050
1730692800,19237.93,19274.63,19235.23,19267.83,2541
1730707200,19265.83,19294.63,19213.53,19269.13,8349
1730721600,19269.63,19286.13,19183.43,19194.93,7148
1730736000,19195.43,19216.43,19092.93,19140.63,13348
1730750400,19141.13,19153.23,19115.93,19140.88,8027
1730764800,19149.43,19155.93,19105.03,19151.83,3470
1730779200,19151.33,19165.53,19127.33,19161.13,2649
1730793600,19162.13,19222.68,19102.18,19207.58,7623
1730808000,19207.08,19208.58,19136.98,19184.68,7863
1730822400,19184.68,19307.18,19145.08,19300.68,12631
1730836800,19301.18,19310.38,19239.28,19295.58,10000
1730851200,19297.58,19357.48,19280.38,19344.78,4226
1730865600,19345.18,19430.98,19087.98,19105.98,4847
1730880000,19099.98,19564.48,19078.48,19421.98,15964
1730894400,19422.48,19482.98,19188.98,19222.98,11682
1730908800,19223.48,19223.48,19002.28,19051.58,18924
1730923200,19050.58,19128.38,19043.58,19116.8,8382
1730937600,19121.48,19124.98,19022.98,19059.68,3574
1730952000,19058.68,19100.48,19026.18,19099.88,2773
1730966400,19098.38,19295.81,19078.28,19261.01,10828
1730980800,19262.01,19335.81,19233.31,19317.31,9492
1730995200,19318.31,19437.23,19308.21,19402.13,11851
1731009600,19402.63,19458.53,19390.13,19443.13,9909
1731024000,19430.78,19449.73,19424.43,19428.23,2207
1731038400,19428.23,19431.03,19400.73,19419.23,2016
1731052800,19419.73,19425.63,19215.23,19215.23,9422
1731067200,19215.23,19262.93,19142.23,19216.53,9855
1731081600,19217.03,19245.63,19176.43,19198.33,11140
1731096000,19198.83,19240.33,19191.33,19219.33,4724
1731283200,19250.08,19294.03,19244.93,19264.23,2268
1731297600,19264.33,19287.33,19245.93,19279.23,1911
1731312000,19279.23,19465.93,19279.23,19447.23,8079
1731326400,19447.23,19547.23,19442.28,19530.73,6490
1731340800,19530.23,19531.28,19410.43,19411.43,10018
1731355200,19411.93,19438.93,19370.73,19406.13,7118
1731369600,19402.28,19417.03,19383.13,19397.93,2438
1731384000,19397.43,19401.83,19295.63,19298.63,2903
1731398400,19297.63,19342.13,19221.73,19319.23,9736
1731412800,19318.23,19318.23,19217.03,19262.53,8755
1731427200,19261.53,19273.53,18961.03,18968.03,13484
1731441600,18967.53,19089.63,18966.53,19079.63,7844
1731456000,19056.13,19072.03,19039.43,19055.83,2890
1731470400,19056.33,19087.43,19016.33,19020.43,3139
1731484800,19020.93,19125.13,18976.73,19118.03,8690
1731499200,19118.53,19119.03,18914.08,18976.43,10476
1731513600,18975.93,19034.23,18834.43,19032.33,15941
1731528000,19032.33,19046.23,18956.23,19002.84,8355
1731542400,18998.08,19012.28,18968.43,18973.93,2379
1731556800,18974.43,18995.43,18931.63,18958.43,2488
1731571200,18957.43,19242.33,18940.83,19210.43,10583
1731585600,19210.43,19306.2,19200.43,19293.33,9805
1731600000,19292.33,19307.33,19187.33,19213.93,15477
1731614400,19213.93,19241.73,19181.14,19213.44,11652
1731628800,19198.43,19207.53,19172.53,19186.13,4315
1731643200,19186.13,19222.73,19174.23,19183.63,3377
1731657600,19182.63,19260.93,19119.63,19258.43,9800
1731672000,19258.93,19289.93,19192.93,19222.93,9051
1731686400,19222.93,19261.83,19160.43,19175.43,17568
1731700800,19175.43,19230.63,19148.53,19223.43,9014
1731888000,19234.83,19289.03,19228.03,19269.93,2723
1731902400,19269.43,19295.13,19256.93,19269.53,2725
1731916800,19270.03,19286.93,19153.33,19177.33,10337
1731931200,19177.33,19216.43,19087.83,19130.43,8902
1731945600,19129.43,19206.43,19105.33,19174.43,13853
1731960000,19173.93,19175.43,19117.93,19134.24,8068
1731974400,19130.33,19185.13,19111.83,19178.03,2930
1731988800,19178.03,19248.83,19165.53,19214.03,2949
1732003200,19214.13,19219.43,18921.33,18948.83,13304
1732017600,18948.33,19015.13,18838.33,18841.33,12410
1732032000,18841.33,19067.93,18808.83,19045.33,18676
1732046400,19045.83,19104.83,19033.03,19058.24,8305
1732060800,19057.23,19127.13,19057.23,19094.63,2439
1732075200,19094.63,19127.63,19089.63,19117.63,1911
1732089600,19117.63,19212.93,19112.63,19153.93,8215
1732104000,19152.93,19181.43,19102.43,19127.43,6898
1732118400,19127.43,19137.43,18972.43,19042.43,12764
1732132800,19041.43,19111.09,19022.43,19096.09,7107
1732147200,19086.33,19105.43,19020.53,19024.93,4027
1732161600,19024.43,19073.53,19024.43,19072.53,2649
1732176000,19073.03,19118.83,18896.33,18983.33,13658
1732190400,18979.83,19093.83,18940.83,19046.33,11865
1732204800,19046.33,19184.93,19000.53,19177.33,20497
1732219200,19177.33,19196.13,19158.93,19169.34,8363
1732233600,19155.03,19210.33,19146.83,19200.03,4000
1732248000,19199.53,19213.53,19157.33,19158.83,4973
1732262400,19158.83,19273.93,19029.63,19128.13,11691
1732276800,19129.13,19264.41,19068.63,19228.63,11427
1732291200,19228.63,19356.03,19212.63,19354.03,16347
1732305600,19354.03,19368.93,19313.13,19338.63,6255
1732492800,19423.43,19463.23,19405.83,19430.83,3139
1732507200,19431.33,19447.03,19407.93,19431.43,2398
1732521600,19430.43,19468.93,19357.43,19396.83,9660
1732536000,19396.83,19428.63,19326.33,19422.93,8652
1732550400,19422.43,19438.93,19337.53,19369.83,15814
1732564800,19370.33,19404.24,19367.54,19389.74,8365
1732579200,19407.53,19409.73,19220.43,19269.03,7284
1732593600,19269.03,19307.03,19269.03,19275.43,2931
1732608000,19276.43,19349.13,19236.63,19289.63,10682
1732622400,19289.63,19385.03,19270.63,19346.03,10294
1732636800,19345.53,19376.13,19259.53,19311.93,13703
1732651200,19311.93,19336.44,19288.13,19335.44,6920
1732665600,19323.53,19334.33,19308.63,19310.13,2250
1732680000,19310.13,19320.73,19274.43,19284.93,2655
1732694400,19285.43,19340.63,19146.23,19211.23,11051
1732708800,19210.23,19271.23,19143.23,19229.73,9530
1732723200,19229.23,19281.23,19182.73,19255.73,14245
1732737600,19254.73,19282.64,19250.23,19276.44,6206
1732752000,19295.53,19333.23,19285.73,19298.93,1944
1732766400,19300.43,19348.43,19298.93,19345.33,1939
1732780800,19346.33,19437.83,19309.73,19426.83,8487
1732795200,19426.83,19435.33,19343.83,19392.33,7214
1732809600,19391.83,19435.83,19389.33,19420.03,6276
1732824000,19421.03,19435.93,19413.03,19435.43,581
1732838400,19418.73,19439.03,19349.33,19402.53,2435
1732852800,19402.03,19431.03,19396.03,19408.93,2106
1732867200,19408.43,19427.43,19376.43,19417.83,8279
1732881600,19417.83,19526.83,19399.83,19452.93,8496
1732896000,19453.43,19680.83,19452.43,19667.63,13410
1732910400,19667.63,19668.63,19635.83,19658.83,1034
1733097600,19669.33,19670.83,19595.03,19611.73,2653
1733112000,19611.73,19630.33,19584.33,19588.73,1343
1733126400,19588.23,19634.43,19561.13,19624.43,8787
1733140800,19625.43,19926.53,19614.43,19891.03,12012
1733155200,19891.03,19950.03,19791.03,19916.03,14299
1733169600,19916.03,19942.14,19904.53,19918.24,5990
1733184000,19915.13,19944.33,19902.43,19911.03,1708
1733198400,19910.53,19941.03,19895.03,19940.93,1347
1733212800,19941.43,20039.23,19892.73,19994.73,9866
1733227200,19995.73,20001.73,19940.23,19947.73,9611
1733241600,19948.73,20037.73,19926.73,20027.23,12524
1733256000,20027.73,20071.54,19984.04,20040.54,6538
1733270400,20026.53,20045.93,20000.63,20009.23,2591
1733284800,20009.73,20052.43,20009.23,20045.93,1374
1733299200,20044.93,20208.73,20010.53,20191.73,9058
1733313600,20193.23,20231.33,20128.73,20190.23,8705
1733328000,20189.73,20262.73,20183.73,20212.73,10600
1733342400,20213.23,20235.03,20178.23,20219.64,6534
1733356800,20220.73,20227.83,20200.23,20205.73,1578
1733371200,20204.73,20218.73,20196.13,20217.63,1119
1733385600,20218.63,20293.53,20191.83,20270.53,8359
1733400000,20270.53,20325.63,20269.03,20310.03,8738
1733414400,20313.03,20377.13,20283.53,20365.03,10439
1733428800,20365.03,20366.53,20312.14,20328.54,7210
1733443200,20322.53,20333.33,20304.83,20315.73,1846
1733457600,20314.73,20335.93,20301.83,20329.83,1451
1733472000,20329.83,20426.53,20309.73,20407.03,7727
1733486400,20407.03,20426.43,20383.03,20406.03,8144
1733500800,20407.03,20419.03,20367.63,20379.83,9989
1733515200,20380.33,20396.33,20367.63,20378.63,3611
1733702400,20379.83,20424.83,20379.13,20403.53,2226
1733716800,20404.03,20414.43,20377.43,20386.53,1478
1733731200,20386.03,20476.13,20348.13,20362.73,9382
1733745600,20362.73,20406.93,20317.73,20397.93,7865
1733760000,20398.93,20419.43,20322.53,20329.03,10800
1733774400,20327.03,20371.43,20299.04,20311.44,6704
1733788800,20314.73,20321.43,20264.63,20269.83,1859
1733803200,20270.33,20297.73,20258.73,20284.73,1859
1733817600,20284.23,20350.23,20269.73,20321.73,8612
1733832000,20320.73,20395.23,20298.73,20377.73,7657
1733846400,20377.73,20386.23,20321.13,20340.23,10702
1733860800,20340.23,20348.73,20301.03,20320.54,5735
1733875200,20321.43,20322.33,20282.13,20297.73,1287
1733889600,20298.73,20304.73,20278.13,20303.23,1143
1733904000,20303.73,20355.63,20291.03,20340.23,8337
1733918400,20341.23,20369.93,20315.73,20359.03,7357
1733932800,20360.03,20422.83,20327.53,20417.33,10151
1733947200,20417.33,20427.33,20400.34,20403.14,4657
1733961600,20402.93,20408.03,20389.43,20389.93,1851
1733976000,20390.43,20413.33,20383.83,20390.33,1518
1733990400,20390.83,20446.23,20359.13,20420.73,7182
1734004800,20420.73,20456.8,20387.13,20419.53,8044
1734019200,20420.53,20439.93,20391.43,20420.03,10658
1734033600,20419.03,20432.03,20384.24,20407.14,7723
1734048000,20417.83,20434.73,20390.03,20395.43,2522
1734062400,20395.43,20414.03,20372.33,20394.93,1944
1734076800,20395.43,20526.33,20391.43,20489.03,7712
1734091200,20491.03,20517.53,20419.53,20459.03,7227
1734105600,20460.03,20477.03,20364.03,20390.83,11137
1734120000,20391.33,20432.93,20387.83,20412.93,5125
1734307200,20426.83,20479.43,20423.83,20449.43,2593
1734321600,20450.43,20450.43,20403.23,20405.23,1507
1734336000,20405.23,20411.23,20327.03,20343.13,6641
1734350400,20343.13,20361.13,20309.63,20346.33,7653
1734364800,20345.83,20358.23,20297.73,20343.13,9383
1734379200,20343.13,20353.73,20300.94,20307.44,4797
1734393600,20312.63,20332.63,20291.93,20315.93,2218
1734408000,20315.43,20316.03,20281.93,20282.93,1369
1734422400,20283.93,20336.43,20260.83,20325.93,6949
1734436800,20325.43,20356.73,20260.73,20304.23,7500
1734451200,20304.23,20318.23,20239.13,20273.43,10545
1734465600,20273.43,20276.43,20220.03,20242.64,7290
1734480000,20197.63,20249.43,20197.63,20208.53,2089
1734494400,20209.03,20222.93,20179.93,20222.43,1340
1734508800,20221.93,20299.23,20214.43,20265.23,6241
1734523200,20265.23,20333.73,20248.43,20252.43,5393
1734537600,20252.43,20299.43,20240.73,20257.13,7737
1734552000,20256.63,20273.5,19918.04,20035.34,20701
1734566400,20056.23,20074.63,19956.13,20003.23,5295
1734580800,20003.23,20014.53,19966.63,19979.73,1229
1734595200,19979.83,20106.23,19970.23,20036.23,8415
1734609600,20036.23,20078.33,19974.23,20050.73,7360
1734624000,20052.23,20062.33,19932.73,19963.23,14292
1734638400,19962.23,19995.13,19934.64,19968.64,6078
1734652800,19962.83,19965.93,19827.13,19827.13,3533
1734667200,19825.13,19863.13,19778.13,19846.83,1504
1734681600,19846.83,19880.33,19701.83,19718.83,6570
1734696000,19718.33,19756.33,19633.93,19711.83,13602
1734710400,19711.33,19929.33,19693.33,19914.83,19609
1734724800,19914.33,19940.03,19849.83,19871.33,8166
1734912000,19933.73,19949.93,19839.83,19912.53,3776
1734926400,19912.53,19924.33,19892.63,19919.23,1907
1734940800,19918.73,19921.13,19796.13,19861.13,7070
1734955200,19860.13,19894.23,19809.23,19819.23,7195
1734969600,19820.23,19886.13,19794.63,19872.53,14105
1734984000,19872.53,19912.04,19822.63,19891.84,8812
1735257600,19927.63,19942.13,19886.43,19911.23,961
1735272000,19911.73,19919.13,19881.63,19898.33,1293
1735286400,19893.33,19912.73,19787.73,19906.73,6938
1735300800,19907.23,19951.23,19868.73,19894.23,5664
1735315200,19893.73,19971.53,19872.23,19922.53,16364
1735329600,19921.53,19966.23,19916.53,19937.53,6944
1735516800,19951.63,19992.83,19908.03,19986.43,3333
1735531200,19985.93,19985.93,19932.93,19941.03,1611
1735545600,19941.13,19964.03,19872.33,19941.13,6640
1735560000,19940.63,19970.63,19805.03,19817.03,7554
1735574400,19816.03,19881.13,19758.93,19873.13,14899
1735588800,19873.63,19884.43,19813.14,19834.34,11252
1735776000,19779.53,19894.53,19776.03,19888.13,1346
1735790400,19886.13,19923.63,19862.13,19921.63,2333
1735804800,19922.13,20021.33,19879.53,19914.03,10423
1735819200,19914.53,19962.63,19828.13,19939.63,9190
1735833600,19940.13,20036.53,19892.53,19938.03,21367
1735848000,19938.53,19982.14,19902.03,19971.54,14514
1735862400,19962.53,19993.23,19933.13,19987.83,2371
1735876800,19987.33,20006.03,19974.93,19986.03,1556
1735891200,19985.53,20031.83,19915.33,19967.63,8397
1735905600,19968.63,19970.13,19890.53,19908.13,6772
1735920000,19911.13,19950.03,19864.03,19902.83,14404
1735934400,19902.33,19917.43,19892.33,19901.73,5056
1736121600,19912.33,19940.93,19893.93,19939.53,2574
1736136000,19939.03,19986.83,19930.03,19986.53,1134
1736150400,19986.53,20008.43,19915.33,19991.63,6223
1736164800,19991.63,20198.53,19948.63,20146.53,9783
1736179200,20146.53,20245.83,19993.43,20195.33,13478
1736193600,20194.83,20196.03,20108.33,20146.84,7858
1736208000,20161.43,20161.43,20125.23,20138.13,2509
1736222400,20137.63,20145.43,20105.63,20132.83,1416
1736236800,20132.33,20266.33,20113.13,20219.83,8141
1736251200,20219.83,20349.63,20219.83,20346.13,6323
1736265600,20345.63,20395.13,20256.03,20324.53,15884
1736280000,20324.53,20350.73,20263.03,20299.14,7113
1736294400,20287.53,20327.73,20272.53,20320.63,1771
1736308800,20319.13,20324.43,20297.43,20323.93,1235
1736323200,20323.93,20418.13,20264.93,20402.63,6783
1736337600,20401.13,20485.13,20252.23,20308.33,13876
1736352000,20308.83,20350.23,20240.23,20300.73,15523
1736366400,20301.23,20363.74,20287.73,20337.44,9704
1736380800,20329.73,20341.53,20305.03,20329.23,2041
1736395200,20329.23,20358.83,20322.33,20333.83,1143
1736409600,20333.33,20336.83,20248.33,20285.93,7347
1736424000,20286.93,20361.43,20283.43,20340.43,5829
1736438400,20340.43,20359.43,20311.63,20324.03,3728
1736452800,20324.03,20338.03,20319.03,20333.33,565
1736467200,20333.33,20347.83,20260.73,20309.53,3924
1736481600,20309.03,20343.13,20297.93,20330.53,1315
1736496000,20331.53,20350.03,20286.93,20333.53,6503
1736510400,20333.53,20402.53,20265.93,20311.43,9455
1736524800,20311.43,20374.43,20188.43,20271.93,20148
1736539200,20270.93,20307.93,20229.93,20239.43,7099
1736726400,20224.53,20264.33,20182.33,20203.43,3568
1736740800,20203.43,20221.93,20175.33,20183.93,1680
1736755200,20185.43,20195.23,20048.83,20054.23,8864
1736769600,20053.73,20152.23,20023.83,20091.83,7524
1736784000,20092.83,20176.83,20070.83,20170.43,14195
1736798400,20170.93,20225.14,20155.93,20218.44,7344
1736812800,20237.13,20275.53,20212.53,20220.73,3024
1736827200,20220.73,20255.13,20200.93,20247.23,1368
1736841600,20248.73,20281.73,20206.73,20261.13,6671
1736856000,20261.13,20362.93,20250.13,20297.43,7296
1736870400,20299.43,20313.03,20226.43,20258.93,13494
1736884800,20258.93,20306.34,20221.93,20300.24,8481
1736899200,20286.53,20304.53,20269.53,20300.93,1466
1736913600,20300.43,20302.03,20265.53,20268.03,697
1736928000,20267.53,20379.33,20267.53,20366.33,5445
1736942400,20366.83,20615.53,20344.83,20603.53,8714
1736956800,20603.53,20632.03,20540.53,20600.93,11629
1736971200,20601.43,20627.94,20600.93,20613.04,4644
1736985600,20628.03,20657.53,20602.43,20603.43,1621
1737000000,20603.93,20612.33,20580.63,20582.53,1230
1737014400,20583.03,20703.03,20581.53,20586.93,8777
1737028800,20586.93,20655.43,20575.93,20633.93,5672
1737043200,20633.93,20666.13,20580.83,20644.13,11340
1737057600,20644.63,20659.03,20599.94,20615.84,6653
1737072000,20632.23,20653.63,20622.63,20652.43,1858
1737086400,20653.43,20676.93,20644.43,20663.63,1436
1737100800,20663.13,20887.73,20651.13,20853.83,6046
1737115200,20854.33,20894.33,20822.73,20874.33,5962
1737129600,20874.33,20925.83,20868.33,20896.63,7808
1737144000,20896.13,20908.33,20869.43,20897.23,2994
1737331200,20883.33,20908.43,20853.73,20899.13,3352
1737345600,20898.63,20919.63,20890.43,20918.63,1645
1737360000,20919.63,20930.43,20880.93,20914.03,5652
1737374400,20914.03,21032.93,20878.93,21022.43,7696
1737388800,21020.93,21053.89,20879.89,20978.89,9764
1737403200,20978.89,21020.39,20952.19,21018.39,934
1737417600,21005.63,21052.69,20863.19,20958.29,3549
1737432000,20958.29,21009.49,20927.39,20940.49,1653
1737446400,20940.99,20998.99,20901.79,20980.79,6814
1737460800,20981.29,21001.69,20953.69,20993.79,6593
1737475200,20994.79,21091.83,20982.73,21086.83,11052
1737489600,21086.33,21148.64,21072.73,21135.64,5680
1737504000,21135.63,21173.63,21130.33,21146.33,2816
1737518400,21145.83,21160.43,21133.43,21146.13,1485
1737532800,21145.63,21277.23,21121.53,21250.93,7242
1737547200,21250.93,21333.93,21248.93,21300.43,6196
1737561600,21301.93,21306.43,21211.93,21253.83,8829
1737576000,21253.33,21263.33,21224.34,21232.44,4787
1737590400,21244.23,21259.93,21227.03,21233.43,1509
1737604800,21232.43,21276.03,21220.53,21250.93,719
1737619200,21251.03,21305.43,21240.93,21298.03,5266
1737633600,21298.53,21346.03,21293.63,21328.63,3986
1737648000,21329.63,21464.93,21307.13,21460.53,6974
1737662400,21460.53,21495.83,21437.53,21470.14,3968
1737676800,21471.73,21496.33,21469.93,21481.23,1351
1737691200,21481.73,21527.63,21481.73,21505.63,1202
1737705600,21506.13,21518.63,21451.53,21504.63,5701
1737720000,21503.63,21519.63,21429.43,21431.93,4470
1737734400,21430.93,21430.93,21348.33,21365.83,6775
1737748800,21365.83,21387.33,21353.73,21355.73,2660
1737936000,21293.33,21338.33,21264.23,21269.73,3445
1737950400,21269.73,21338.43,21251.73,21267.73,1925
1737964800,21268.73,21274.23,21106.93,21171.93,13271
1737979200,21172.93,21249.43,21078.93,21238.93,13320
1737993600,21238.93,21343.13,21209.73,21288.53,15627
1738008000,21289.03,21410.24,21285.03,21399.24,11267
1738022400,21399.73,21422.73,21325.93,21331.93,5314
1738036800,21330.43,21429.93,21320.43,21343.63,1772
1738051200,21344.13,21399.63,21297.13,21371.43,9000
1738065600,21372.43,21478.43,21369.43,21458.43,7300
1738080000,21459.43,21472.53,21377.33,21462.03,12926
1738094400,21463.03,21515.03,21458.93,21475.24,6304
1738108800,21470.83,21499.83,21466.83,21487.83,1697
1738123200,21487.83,21508.33,21470.23,21482.33,588
1738137600,21494.33,21562.73,21475.73,21550.73,7246
1738152000,21551.23,21616.83,21550.73,21596.83,4756
1738166400,21596.83,21673.53,21596.83,21645.33,7155
1738180800,21645.33,21669.04,21558.54,21667.34,17788
1738195200,21644.73,21666.03,21624.33,21656.23,4396
1738209600,21656.73,21669.73,21624.73,21638.63,650
1738224000,21638.63,21715.13,21625.43,21677.93,5118
1738238400,21677.93,21722.93,21669.43,21688.43,5165
1738252800,21687.93,21773.13,21653.73,21767.13,8927
1738267200,21767.63,21793.13,21666.13,21705.94,8577
1738281600,21753.63,21762.73,21685.03,21710.33,2837
1738296000,21710.83,21721.43,21698.93,21721.43,803
1738310400,21720.93,21801.83,21719.43,21758.83,4829
1738324800,21757.83,21800.33,21753.83,21797.13,4468
1738339200,21797.13,21797.13,21688.13,21769.23,7959
1738353600,21767.23,21780.03,21602.53,21634.53,10836
1738540800,21264.43,21417.63,21097.63,21201.13,8597
1738555200,21203.13,21272.63,21106.63,21255.63,2337
1738569600,21252.63,21413.73,21181.13,21295.23,12220
1738584000,21295.23,21391.63,21266.73,21364.63,9325
1738598400,21363.63,21465.53,21262.9,21381.53,25350
1738612800,21380.03,21543.44,21352.53,21521.74,11176
1738627200,21533.83,21539.13,21441.53,21468.13,2763
1738641600,21468.63,21492.23,21295.03,21391.03,2305
1738656000,21390.53,21505.73,21297.23,21405.13,10865
1738670400,21405.63,21481.63,21405.13,21466.73,7449
1738684800,21464.73,21514.63,21446.63,21492.53,11469
1738699200,21491.53,21503.63,21427.14,21441.44,7058
1738713600,21444.13,21494.83,21428.23,21439.73,2818
1738728000,21439.23,21453.33,21413.73,21419.53,1179
1738742400,21420.03,21450.43,21383.33,21416.73,8243
1738756800,21416.23,21547.03,21410.23,21538.03,7175
1738771200,21538.53,21609.43,21475.93,21589.43,10814
1738785600,21590.43,21654.64,21579.43,21636.94,5721
1738800000,21644.43,21676.43,21633.43,21652.03,1924
1738814400,21650.53,21675.53,21635.03,21674.03,938
1738828800,21675.03,21785.63,21659.03,21779.13,6862
1738843200,21779.63,21806.13,21710.63,21770.13,7640
1738857600,21772.63,21923.83,21771.13,21901.33,11340
1738872000,21900.83,21912.73,21808.14,21874.64,8292
1738886400,21881.93,21910.53,21880.03,21891.33,1919
1738900800,21891.83,21902.83,21884.83,21892.83,826
1738915200,21894.33,21947.93,21874.13,21923.03,6784
1738929600,21923.03,21935.03,21866.74,21895.03,7424
1738944000,21895.03,21913.53,21731.33,21755.23,20072
1738958400,21755.73,21783.73,21725.93,21738.33,5126
1739145600,21699.73,21802.53,21695.53,21789.93,3982
1739160000,21789.43,21806.43,21782.93,21797.33,1034
1739174400,21797.83,21877.53,21783.73,21789.73,6442
1739188800,21787.73,21921.23,21786.73,21915.73,6034
1739203200,21917.73,21945.53,21865.73,21931.63,9429
1739217600,21931.63,21947.13,21924.63,21939.34,4396
1739232000,21922.23,21940.73,21887.63,21924.83,2315
1739246400,21923.83,21930.83,21898.93,21929.43,1065
1739260800,21928.93,21980.43,21881.93,21925.53,6528
1739275200,21925.53,22004.43,21898.43,21964.43,6525
1739289600,21963.93,22046.93,21943.93,22033.73,10453
1739304000,22033.23,22114.63,22028.23,22087.04,6337
1739318400,22093.13,22107.93,22076.83,22102.63,2101
1739332800,22103.13,22114.63,22093.13,22095.73,1147
1739347200,22097.23,22129.73,22068.23,22108.83,6409
1739361600,22108.33,22120.33,21963.23,22045.23,9197
1739376000,22048.23,22291.13,22025.23,22280.13,15731
1739390400,22280.13,22327.34,22253.63,22327.34,7410
1739404800,22317.53,22365.53,22312.63,22365.53,1965
1739419200,22364.03,22379.53,22346.53,22366.73,814
1739433600,22365.73,22469.43,22304.73,22411.73,10140
1739448000,22412.73,22568.73,22399.73,22512.73,11667
1739462400,22512.73,22625.83,22472.73,22560.23,14135
1739476800,22560.73,22569.63,22424.63,22493.04,7228
1739491200,22489.93,22509.53,22481.63,22508.63,2160
1739505600,22507.63,22515.13,22470.63,22477.03,849
1739520000,22477.13,22596.73,22476.83,22577.23,7154
1739534400,22577.23,22586.23,22488.63,22531.13,6265
1739548800,22531.63,22556.13,22461.83,22499.83,9422
1739563200,22499.83,22512.83,22481.83,22496.83,1761
1739750400,22518.03,22549.83,22495.83,22539.93,2497
1739764800,22539.43,22543.83,22508.23,22508.33,2121
1739779200,22507.33,22717.43,22497.83,22714.93,6398
1739793600,22714.93,22727.53,22665.43,22704.53,5384
1739808000,22704.03,22807.43,22697.53,22804.43,5272
1739822400,22803.93,22881.43,22797.43,22866.93,1224
1739836800,22813.03,22855.73,22804.93,22841.93,1864
1739851200,22841.43,22873.53,22815.23,22822.73,1075
1739865600,22823.73,22882.93,22711.03,22741.13,7185
1739880000,22740.63,22855.63,22734.03,22854.13,6611
1739894400,22854.63,22881.63,22803.53,22872.53,11727
1739908800,22872.53,22883.84,22845.53,22859.64,6480
1739923200,22881.53,22888.43,22861.23,22872.93,1851
1739937600,22873.43,22881.93,22860.43,22868.53,1872
1739952000,22868.53,22937.53,22852.03,22876.13,5016
1739966400,22877.13,22878.13,22551.53,22561.03,9382
1739980800,22561.03,22571.03,22378.93,22414.03,10274
1739995200,22413.03,22436.43,22367.53,22410.14,5997
1740009600,22423.23,22469.93,22387.73,22429.93,2219
1740024000,22429.43,22499.03,22426.43,22466.93,1418
1740038400,22466.43,22569.13,22440.03,22559.63,8422
1740052800,22559.63,22573.13,22449.13,22464.13,6273
1740067200,22461.63,22518.53,22269.03,22308.03,13738
1740081600,22307.53,22345.33,22294.63,22304.74,5350
1740096000,22318.13,22334.73,22292.13,22299.73,1889
1740110400,22300.23,22331.13,22288.53,22301.63,1280
1740124800,22302.63,22366.73,22263.63,22302.23,7557
1740139200,22302.23,22395.23,22287.73,22350.73,6605
1740153600,22350.73,22383.23,22221.93,22249.13,13895
1740168000,22248.13,22249.13,22114.63,22162.13,8574
1740355200,22281.83,22589.03,22246.03,22516.53,3852
1740369600,22518.03,22526.03,22464.53,22526.03,1500
1740384000,22526.53,22537.53,22239.53,22468.63,12309
1740398400,22469.13,22511.63,22395.03,22463.13,8049
1740412800,22463.63,22475.63,22227.03,22403.03,20381
1740427200,22403.03,22421.53,22297.53,22313.64,8888
1740441600,22316.73,22343.53,22275.63,22341.03,3154
1740456000,22340.53,22400.03,22330.43,22395.43,1315
1740470400,22394.93,22474.53,22252.53,22422.13,10808
1740484800,22423.13,22580.13,22386.53,22567.03,9118
1740499200,22566.53,22569.03,22332.03,22490.03,22466
1740513600,22491.03,22591.53,22471.03,22544.74,13759
1740528000,22566.13,22570.03,22510.53,22524.53,2077
1740542400,22525.03,22606.83,22507.93,22601.53,1003
1740556800,22601.03,22681.03,22518.63,22673.53,8483
1740571200,22673.53,22831.8,22673.53,22768.8,8073
1740585600,22768.8,22808.7,22658.8,22678.2,17393
1740600000,22675.7,22713.24,22578.94,22685.64,15113
1740614400,22658.63,22687.5,22604.5,22624.1,4069
1740628800,22622.1,22657.2,22595.0,22645.6,1240
1740643200,22645.7,22694.0,22479.3,22586.8,11299
1740657600,22587.8,22676.3,22468.3,22519.3,11611
1740672000,22519.3,22567.3,22367.2,22497.6,25352
1740686400,22498.1,22554.6,22363.1,22430.04,13399
1740700800,22433.03,22444.4,22306.6,22329.6,3310
1740715200,22330.1,22348.6,22211.1,22291.6,1898
1740729600,22291.1,22484.9,22232.8,22466.4,11716
1740744000,22467.9,22500.4,22379.7,22435.7,10594
1740758400,22436.7,22567.1,22359.7,22427.1,22645
1740772800,22426.1,22485.6,22294.1,22472.1,12771
1740960000,22618.7,22671.1,22576.5,22624.7,5030
1740974400,22622.7,22683.2,22610.1,22675.6,1328
1740988800,22673.6,22820.6,22520.9,22818.1,13691
1741003200,22818.1,23189.8,22748.6,23173.0,15507
1741017600,23172.5,23310.5,23071.5,23161.0,27068
1741032000,23157.5,23165.5,22913.5,23067.62,20364
1741046400,23050.8,23090.0,22936.3,22941.8,5025
1741060800,22941.3,23042.8,22939.8,23029.3,2092
1741075200,23029.3,23039.3,22677.1,22711.6,17131
1741089600,22710.6,22718.1,22431.1,22433.6,22620
1741104000,22432.6,22540.1,22310.6,22437.6,42350
1741118400,22437.1,22887.1,22430.1,22783.22,26380
1741132800,22806.8,22816.4,22669.3,22753.8,5169
1741147200,22754.3,22806.9,22719.3,22773.9,1835
1741161600,22773.9,23138.8,22716.8,23137.8,16504
1741176000,23138.8,23181.8,23017.8,23055.8,17723
1741190400,23059.3,23187.7,22987.8,23162.2,27069
1741204800,23162.7,23229.2,23089.7,23169.82,17746
1741219200,23193.9,23209.5,23131.0,23175.5,3027
1741233600,23182.0,23211.1,23160.1,23194.2,1289
1741248000,23194.2,23437.8,23142.8,23158.3,18025
1741262400,23155.8,23240.8,23053.3,23178.8,17978
1741276800,23178.3,23474.3,23099.3,23239.3,33021
1741291200,23239.8,23291.72,23151.8,23259.02,19619
1741305600,23268.6,23276.5,23165.8,23251.8,3411
1741320000,23251.3,23286.3,23161.8,23174.3,1567
1741334400,23174.8,23222.6,23006.1,23149.6,13086
1741348800,23151.6,23155.6,22911.4,22925.4,16350
1741363200,22924.9,23154.9,22854.4,23060.8,37369
1741377600,23062.3,23216.8,23061.8,23186.3,18066
1741564800,23070.13,23124.23,22944.53,23122.83,11031
1741579200,23123.33,23168.83,23095.73,23111.13,1637
1741593600,23111.63,23214.93,22741.03,22762.53,9949
1741608000,22761.03,22929.83,22634.33,22766.83,20097
1741622400,22767.83,22815.83,22514.33,22589.83,27571
1741636800,22587.83,22627.76,22447.33,22600.46,15487
1741651200,22571.43,22576.33,22410.33,22447.83,11083
1741665600,22447.33,22658.23,22410.33,22646.43,1930
1741680000,22646.43,22792.03,22626.93,22773.43,8105
1741694400,22773.43,22836.43,22597.93,22663.43,14043
1741708800,22663.93,22710.43,22250.43,22286.93,34552
1741723200,22288.93,22550.93,22236.93,22432.86,8513
1741737600,22424.43,22494.83,22424.43,22487.63,6783
1741752000,22487.13,22543.73,22469.83,22523.13,1053
1741766400,22523.03,22624.43,22431.33,22612.93,6515
1741780800,22613.93,22807.8,22586.93,22740.43,13184
1741795200,22740.43,22751.43,22487.43,22630.93,23313
1741809600,22631.43,22715.43,22561.93,22628.26,9648
1741824000,22658.63,22724.93,22650.43,22669.33,5683
1741838400,22666.83,22669.33,22558.83,22586.83,1147
1741852800,22586.33,22657.43,22429.13,22582.63,7205
1741867200,22582.63,22754.13,22445.66,22515.16,12970
1741881600,22515.16,22610.16,22409.16,22534.16,17099
1741896000,22535.16,22564.16,22465.16,22520.59,7053
1741910400,22524.86,22627.36,22524.06,22592.36,7235
1741924800,22592.86,22685.06,22563.86,22662.76,1264
1741939200,22661.26,22698.36,22454.06,22659.86,5045
1741953600,22660.36,23052.36,22590.36,22936.86,15084
1741968000,22937.36,23023.36,22884.36,23019.36,18381
1741982400,23017.86,23069.56,22980.86,23068.96,7074
1742169600,23067.66,23076.66,22986.16,23024.76,5692
1742184000,23023.76,23063.66,23016.66,23035.76,979
1742198400,23035.76,23075.86,22941.36,23030.76,6684
1742212800,23030.76,23086.76,22927.26,23041.76,11894
1742227200,23041.76,23157.26,23015.76,23140.76,16556
1742241600,23140.26,23257.26,23130.76,23237.69,5123
1742256000,23253.66,23268.96,23223.96,23240.56,3170
1742270400,23239.56,23246.06,23187.36,23198.06,1071
1742284800,23198.06,23420.56,23198.06,23375.06,6496
1742299200,23377.06,23477.46,23365.96,23434.56,11860
1742313600,23434.56,23434.56,23267.06,23359.06,18528
1742328000,23357.56,23391.16,23283.16,23358.09,7529
1742342400,23353.36,23432.96,23319.06,23426.16,3986
1742356800,23425.16,23425.16,23375.06,23381.46,1044
1742371200,23380.96,23420.06,23193.56,23300.56,8370
1742385600,23300.06,23368.06,23188.96,23213.46,11637
1742400000,23213.96,23325.96,23129.46,23284.46,15550
1742414400,23282.96,23375.96,23240.56,23308.19,10293
1742428800,23335.46,23379.86,23321.96,23333.86,3518
1742443200,23333.36,23333.36,23260.96,23284.66,1245
1742457600,23284.76,23316.66,23144.06,23151.56,6987
1742472000,23151.06,23157.56,22810.06,22943.66,17563
1742486400,22943.16,23042.66,22872.06,22988.16,17654
1742500800,22990.66,23025.16,22927.16,22951.09,5646
1742515200,22962.56,23000.66,22928.56,22975.66,3297
1742529600,22974.16,23011.66,22931.36,22940.66,1466
1742544000,22940.16,22988.26,22770.26,22859.76,6506
1742558400,22857.76,22894.26,22730.76,22770.76,15970
1742572800,22770.26,22896.36,22716.26,22877.36,21792
1742587200,22876.36,22908.86,22848.86,22870.36,6239
1742774400,22971.76,23012.76,22941.06,23010.26,3990
1742788800,23009.26,23011.76,22961.16,22970.36,1808
1742803200,22969.36,23142.36,22952.16,23033.16,8413
1742817600,23032.66,23046.66,22832.16,22843.66,15214
1742832000,22849.16,22976.26,22810.16,22846.06,20104
1742846400,22846.56,22897.56,22805.66,22884.49,9401
1742860800,22889.66,22920.46,22858.96,22918.46,1769
1742875200,22918.96,22918.96,22792.26,22793.76,1736
1742889600,22793.76,22984.66,22792.76,22963.16,8310
1742904000,22963.16,23183.76,22925.66,23109.26,13867
1742918400,23110.26,23130.76,22999.16,23130.26,17140
1742932800,23130.76,23148.26,23097.96,23144.19,8809
1742947200,23143.26,23164.56,23133.46,23148.86,2004
1742961600,23146.86,23174.86,23131.36,23151.66,1446
1742976000,23151.16,23225.36,22944.16,22956.16,8223
1742990400,22957.66,23015.96,22881.16,22980.46,13424
1743004800,22979.96,23001.46,22785.46,22799.46,21777
1743019200,22798.46,22821.46,22658.16,22713.59,13883
1743033600,22684.26,22712.46,22630.16,22668.26,6706
1743048000,22668.26,22698.96,22646.66,22683.36,1962
1743062400,22680.36,22682.46,22466.36,22629.36,10969
1743076800,22630.86,22724.86,22565.86,22567.36,15173
1743091200,22566.86,22741.36,22520.86,22613.36,22828
1743105600,22613.86,22700.36,22609.86,22666.79,13495
1743120000,22666.16,22671.56,22624.36,22655.06,3500
1743134400,22657.06,22680.16,22611.06,22618.66,1565
1743148800,22618.16,22649.86,22503.06,22599.36,9316
1743163200,22604.36,22622.36,22432.46,22487.96,15325
1743177600,22489.96,22597.46,22373.46,22458.96,28610
1743192000,22457.46,22503.96,22422.96,22488.96,12199
1743379200,22401.56,22442.56,22307.26,22325.96,8339
1743393600,22326.96,22375.76,22305.56,22312.26,2243
1743408000,22312.26,22319.26,22155.76,22220.76,16214
1743422400,22220.26,22234.76,21971.76,22077.76,16637
1743436800,22077.76,22215.76,22015.26,22181.26,24077
1743451200,22180.76,22338.76,22177.26,22270.89,14156
1743465600,22258.76,22277.26,22205.76,22234.36,7837
1743480000,22231.36,22291.86,22221.76,22264.86,2314
1743494400,22265.36,22455.46,22231.96,22450.96,12839
1743508800,22451.96,22533.46,22300.96,22424.96,17184
1743523200,22424.46,22575.16,22313.46,22492.16,25536
1743537600,22492.16,22520.09,22400.66,22491.89,15157
1743552000,22514.46,22583.16,22468.26,22470.86,6066
1743566400,22470.86,22514.66,22468.26,22496.46,1980
1743580800,22497.46,22509.66,22184.36,22298.36,12818
1743595200,22297.36,22360.86,22139.36,22192.66,15060
1743609600,22192.66,22426.66,22164.66,22417.16,24916
1743624000,22416.66,22663.29,21857.69,21996.89,24314
1743638400,21738.86,22064.66,21571.96,21814.16,12289
1743652800,21815.16,22013.16,21815.16,21945.66,3691
1743667200,21946.66,22149.86,21801.36,22114.36,15122
1743681600,22112.36,22123.86,21811.36,21865.36,19779
1743696000,21864.36,21945.86,21661.86,21780.36,30260
1743710400,21781.86,21810.36,21578.29,21596.49,19120
1743724800,21638.96,21682.86,21568.26,21648.86,8865
1743739200,21651.36,21685.86,21515.86,21531.36,2910
1743753600,21530.36,21701.06,21243.56,21293.06,19006
1743768000,21301.56,21321.56,20424.56,20868.06,20572
1743782400,20868.56,21070.56,20427.96,20495.96,31213
1743796800,20496.46,20642.96,20408.96,20438.46,10933
1743984000,19578.46,19800.56,19325.46,19800.56,18758
1743998400,19800.56,20102.56,19727.06,19773.56,3310
1744012800,19775.06,19926.06,18813.26,19374.26,9912
1744027200,19374.26,20019.96,19264.26,19942.46,5721
1744041600,19942.46,20824.39,19540.46,19743.39,4932
1744056000,19828.39,20126.39,19772.39,19958.09,7475
1744070400,19976.86,20199.19,19976.06,20039.69,6882
1744084800,20038.69,20311.69,19982.19,20151.19,3219
1744099200,20149.69,20244.69,19866.89,20099.66,10915
1744113600,20097.16,20303.16,19914.16,20265.66,12027
1744128000,20260.16,20468.66,20013.16,20020.66,24008
1744142400,20023.16,20039.66,19389.66,19633.99,17158
1744156800,19532.46,19566.26,19302.46,19428.96,14194
1744171200,19429.46,19731.96,19368.46,19442.46,5697
1744185600,19447.46,20025.16,19331.96,19761.16,12462
1744200000,19761.16,19860.66,19336.16,19566.16,12906
1744214400,19565.16,19887.56,19550.16,19755.36,17351
1744228800,19756.36,21526.29,19667.36,21483.99,15823
1744243200,21423.66,21554.59,21232.99,21297.99,7676
1744257600,21297.99,21363.99,21162.49,21243.49,2942
1744272000,21242.99,21405.76,20683.26,20757.76,12894
1744286400,20757.76,20842.76,20576.26,20669.76,9889
1744300800,20669.76,20811.26,20150.66,20447.66,20272
1744315200,20447.66,20771.33,20292.16,20668.73,13967
1744329600,20713.06,20775.26,20417.06,20508.56,9924
1744344000,20509.06,20766.06,20489.06,20725.56,1979
1744358400,20727.56,20909.76,20178.26,20254.26,9468
1744372800,20253.26,20493.76,20104.26,20318.26,10467
1744387200,20318.26,20664.76,20176.26,20630.76,18622
1744401600,20630.26,20780.76,20552.26,20728.76,6743
1744588800,20828.66,20867.16,20731.86,20809.66,10867
1744603200,20809.66,20852.16,20773.66,20820.76,1159
1744617600,20821.06,20922.86,20698.36,20862.36,6681
1744632000,20864.86,20959.86,20789.86,20947.86,7584
1744646400,20948.36,21052.96,20768.96,20852.46,22528
1744660800,20852.96,21026.46,20844.96,20943.63,11370
1744675200,20935.06,20935.06,20863.36,20924.76,4033
1744689600,20924.76,20995.36,20913.46,20974.86,1110
1744704000,20974.36,21289.56,20923.86,21279.06,8447
1744718400,21278.56,21278.56,21041.06,21162.06,13602
1744732800,21166.06,21322.86,21137.36,21259.86,23579
1744747200,21259.86,21299.36,21211.86,21253.83,10510
1744761600,21144.86,21182.36,21126.46,21169.76,5982
1744776000,21170.26,21186.26,21126.86,21151.26,1463
1744790400,21151.76,21222.46,20948.96,21104.46,9438
1744804800,21104.46,21227.46,21084.96,21163.46,10465
1744819200,21164.96,21313.96,21099.46,21212.96,21048
1744833600,21212.46,21272.46,21010.46,21105.13,15975
1744848000,21137.76,21185.36,21067.06,21185.36,6031
1744862400,21182.86,21324.36,21165.86,21312.86,1340
1744876800,21312.36,21437.56,21197.46,21230.46,8354
1744891200,21230.96,21295.96,21142.46,21199.46,12948
1744905600,21199.96,21333.66,21147.46,21313.66,23767
1744920000,21314.66,21336.26,21192.83,21240.03,9592
1745280000,21027.66,21058.76,21026.16,21056.76,498
1745294400,21057.76,21117.16,21046.16,21069.66,2553
1745308800,21069.66,21195.86,21023.16,21181.36,11753
1745323200,21185.36,21195.86,21045.86,21084.36,11722
1745337600,21085.36,21446.66,21081.36,21402.66,20730
1745352000,21403.66,21506.43,21324.16,21457.83,18230
1745366400,21739.96,21785.36,21641.76,21755.76,8720
1745380800,21756.26,21839.26,21714.76,21823.76,3933
1745395200,21824.26,21983.46,21721.96,21947.46,12292
1745409600,21947.46,21966.96,21757.66,21809.16,12444
1745424000,21808.16,22068.16,21770.16,21942.16,22237
1745438400,21942.66,22031.03,21870.66,21962.03,19129
1745452800,21894.16,21985.36,21876.16,21958.26,5238
1745467200,21958.76,21961.26,21897.76,21932.26,2711
1745481600,21931.26,21959.76,21729.76,21801.26,16112
1745496000,21801.76,21971.26,21794.26,21906.76,15671
1745510400,21907.26,22091.76,21892.76,22080.76,21668
1745524800,22080.26,22204.03,22063.26,22141.33,14084
1745539200,22146.66,22203.16,22128.26,22155.76,3340
1745553600,22155.26,22197.26,22107.26,22130.86,3061
1745568000,22131.86,22220.46,22072.56,22189.26,13380
1745582400,22190.76,22328.26,22151.26,22225.16,15108
1745596800,22225.66,22330.26,22195.16,22314.46,21650
1745611200,22313.46,22347.46,22243.96,22321.46,11087
1745798400,22321.56,22336.76,22276.16,22283.66,3546
1745812800,22279.16,22302.66,22248.16,22289.76,2684
1745827200,22288.26,22375.96,22235.66,22366.86,11271
1745841600,22368.36,22444.86,22318.86,22402.26,11025
1745856000,22401.76,22430.26,22249.66,22266.66,21396
1745870400,22265.16,22354.66,22233.66,22302.63,12510
1745884800,22300.06,22348.86,22282.36,22338.86,3031
1745899200,22337.36,22342.86,22291.86,22305.36,2960
1745913600,22305.36,22431.16,22300.36,22415.76,11588
1745928000,22416.26,22455.76,22373.76,22394.76,13159
1745942400,22396.76,22472.26,22315.26,22428.26,20633
1745956800,22429.26,22538.43,22421.26,22499.03,13057
1745971200,22497.86,22519.16,22461.36,22494.46,3835
1745985600,22492.96,22500.46,22455.06,22492.96,3252
1746000000,22493.46,22608.16,22457.16,22504.76,11624
1746014400,22504.26,22598.76,22314.66,22347.96,14412
1746028800,22348.46,22505.56,22230.46,22499.06,27994
1746043200,22498.56,22729.53,22462.56,22702.53,19885
1746144000,22688.06,22771.06,22673.56,22758.06,1504
1746158400,22756.56,22832.06,22726.56,22824.06,4412
1746172800,22823.56,22864.66,22719.76,22802.66,12940
1746187200,22802.66,23051.16,22791.16,23039.16,12839
1746201600,23040.16,23140.36,22937.66,23117.46,21067
1746216000,23118.46,23154.16,23097.96,23108.56,8238
1746403200,23083.56,23089.06,22980.66,23058.66,5681
1746417600,23056.66,23071.66,23001.16,23022.16,3232
1746432000,23025.16,23211.46,23024.66,23166.46,9036
1746446400,23164.96,23294.56,23149.46,23289.66,8594
1746460800,23287.16,23397.26,23231.56,23372.16,14052
1746475200,23371.66,23407.36,23314.93,23332.03,8566
1746489600,23331.06,23347.26,23298.36,23308.36,2565
1746504000,23308.36,23324.96,23270.46,23316.06,2983
1746518400,23317.06,23428.06,23054.26,23067.76,12318
1746532800,23067.76,23227.36,22852.26,23219.36,14765
1746547200,23218.36,23284.86,23129.86,23206.86,18763
1746561600,23208.36,23237.36,23108.63,23149.63,12536
1746576000,23325.36,23404.26,23268.16,23326.56,10612
1746590400,23327.06,23361.96,23232.96,23282.86,3091
1746604800,23283.36,23324.66,23201.46,23228.96,10272
1746619200,23228.46,23256.96,23130.26,23147.26,10213
1746633600,23147.76,23199.86,23095.76,23147.06,19152
1746648000,23146.56,23246.46,23041.46,23167.63,20959
1746662400,23141.26,23245.46,23140.66,23228.96,3575
1746676800,23230.46,23321.96,23216.96,23304.96,4496
1746691200,23303.96,23362.26,23227.26,23338.26,11319
1746705600,23340.26,23415.26,23232.76,23292.26,11079
1746720000,23288.26,23478.46,23247.26,23468.56,22717
1746734400,23468.06,23487.96,23380.33,23389.93,12529
1746748800,23376.26,23398.16,23338.76,23360.26,4488
1746763200,23359.76,23440.86,23357.26,23430.26,3359
1746777600,23429.26,23529.36,23411.76,23446.86,9596
1746792000,23446.86,23536.46,23425.46,23508.56,9729
1746806400,23508.06,23545.06,23454.46,23467.96,15847
1746820800,23467.96,23525.66,23454.96,23493.96,7235
1747008000,23726.16,23752.36,23659.66,23674.26,8479
1747022400,23673.76,23700.66,23641.76,23685.66,2846
1747036800,23688.16,23924.46,23616.36,23731.86,17386
1747051200,23733.36,23800.36,23562.76,23598.16,15169
1747065600,23597.66,23614.16,23354.16,23584.16,21223
1747080000,23585.16,23687.53,23585.16,23646.63,9933
1747094400,23650.36,23659.16,23580.26,23584.86,4904
1747108800,23584.36,23617.26,23486.26,23526.26,3710
1747123200,23526.26,23648.06,23521.76,23559.06,10888
1747137600,23561.06,23626.66,23550.06,23587.76,9700
1747152000,23587.76,23655.66,23565.16,23619.06,14119
1747166400,23619.06,23643.06,23573.23,23581.13,8850
1747180800,23578.76,23611.16,23558.96,23562.06,3961
1747195200,23561.56,23594.96,23522.86,23579.96,3106
1747209600,23578.96,23700.16,23546.36,23546.86,10681
1747224000,23546.86,23617.86,23438.76,23596.86,10737
1747238400,23598.36,23606.86,23482.26,23497.06,14696
1747252800,23498.06,23503.63,23449.66,23486.33,10583
1747267200,23463.56,23480.86,23428.86,23455.36,4399
1747281600,23456.36,23481.56,23445.86,23450.66,2364
1747296000,23452.16,23504.36,23338.76,23461.86,11595
1747310400,23461.86,23578.86,23426.26,23543.36,9461
1747324800,23544.36,23723.36,23530.36,23721.56,14016
1747339200,23721.56,23731.33,23676.86,23718.73,10044
1747353600,23717.26,23737.36,23677.66,23678.16,3267
1747368000,23678.16,23708.86,23669.26,23700.86,2411
1747382400,23699.36,23888.06,23690.06,23835.56,9129
1747396800,23836.06,23888.56,23704.76,23710.36,8521
1747411200,23710.36,23803.76,23661.46,23790.96,12557
1747425600,23789.96,23820.46,23788.96,23806.36,4629
1747612800,23705.76,23771.66,23702.46,23766.96,4622
1747627200,23766.46,23776.66,23705.76,23714.26,2627
1747641600,23713.26,23758.76,23666.06,23701.56,10286
1747656000,23702.56,23784.06,23673.06,23760.06,8272
1747670400,23760.56,23985.36,23726.46,23981.36,13005
1747684800,23980.36,24040.43,23977.36,24040.43,8438
1747699200,24038.36,24078.56,24016.96,24024.06,4008
1747713600,24022.06,24022.56,23982.16,23988.66,3188
1747728000,23988.16,24005.16,23896.66,23977.46,8927
1747742400,23978.46,24071.46,23975.96,24041.96,8073
1747756800,24042.46,24082.46,24000.66,24067.16,12262
1747771200,24067.16,24080.86,24000.16,24030.73,9669
1747785600,24027.26,24041.56,23972.46,24032.06,5092
1747800000,24032.06,24051.06,23999.86,24001.46,3793
1747814400,24000.96,24054.46,23934.36,23972.46,8525
1747828800,23973.46,24019.46,23868.36,23993.96,8658
1747843200,23993.96,24159.06,23979.96,24111.96,13775
1747857600,24111.96,24116.26,23876.16,23921.93,24591
1747872000,23931.56,23969.96,23902.86,23967.96,5010
1747886400,23967.96,23993.96,23933.56,23953.46,3593
1747900800,23953.46,24035.56,23887.56,23951.16,9706
1747915200,23951.66,23958.66,23838.16,23924.86,11207
1747929600,23925.86,24041.36,23866.76,23996.16,18742
1747944000,23997.16,24084.16,23988.36,24044.63,12141
1747958400,24046.56,24070.16,24004.46,24068.46,4616
1747972800,24067.96,24070.06,24010.46,24017.26,3160
1747987200,24016.76,24142.66,23974.56,24102.06,8195
1748001600,24100.06,24101.56,23267.86,23486.36,20404
1748016000,23486.86,23673.86,23370.36,23599.16,25444
1748030400,23597.66,23665.66,23563.16,23587.66,9373
1748217600,23644.36,24004.86,23636.06,23927.36,7035
1748232000,23925.86,24003.36,23899.36,23999.86,2822
1748246400,23999.86,24045.56,23929.56,23982.46,8640
1748260800,23982.46,24045.06,23956.36,23965.36,5529
1748275200,23967.36,24027.36,23958.36,24008.56,6657
1748289600,24007.56,24015.86,23993.86,24007.16,761
1748304000,23980.96,24003.46,23948.96,24003.06,3466
1748318400,24003.06,24003.06,23951.86,23976.66,3253
1748332800,23976.16,24172.46,23966.76,24165.56,9158
1748347200,24166.06,24233.46,24152.66,24175.16,8661
1748361600,24175.66,24302.56,24159.56,24269.16,12262
1748376000,24269.66,24306.73,24246.76,24298.23,6523
1748390400,24288.86,24309.66,24249.76,24275.96,3303
1748404800,24276.46,24306.36,24224.56,24226.16,2840
1748419200,24227.16,24325.56,24179.36,24180.36,8010
1748433600,24180.86,24209.86,24070.46,24073.96,9345
1748448000,24074.46,24159.46,24021.96,24083.36,14246
1748462400,24083.86,24136.73,24048.03,24131.43,13659
1748476800,24126.06,24376.26,24117.16,24263.76,15769
1748491200,24261.76,24387.26,24224.26,24330.36,3490
1748505600,24331.36,24364.86,24084.66,24151.66,9456
1748520000,24151.66,24191.66,24013.66,24024.66,9610
1748534400,24024.66,24057.16,23837.66,23940.66,20298
1748548800,23939.16,23967.66,23883.16,23935.33,12944
1748563200,23922.76,23956.06,23906.06,23950.16,5821
1748577600,23950.16,23961.06,23896.96,23953.16,3903
1748592000,23953.66,24152.16,23948.66,24118.26,11357
1748606400,24118.76,24181.76,24014.76,24085.36,12550
1748620800,24087.36,24135.86,23881.26,23913.26,23286
1748635200,23914.26,24045.36,23905.76,24036.26,11063
1748822400,23989.26,24019.56,23972.16,23999.16,5004
1748836800,23999.16,24013.16,23942.76,23971.26,4079
1748851200,23972.26,23990.76,23762.86,23917.36,14420
1748865600,23919.36,23943.86,23825.86,23886.36,11745
1748880000,23885.86,23972.86,23733.36,23970.56,23670
1748894400,23970.56,24100.83,23967.76,24086.93,10822
1748908800,24072.96,24075.96,24026.26,24038.56,3792
1748923200,24037.56,24041.56,23969.86,23988.96,2010
1748937600,23989.46,24055.26,23815.36,23937.66,11467
1748952000,23937.16,23995.16,23915.16,23978.96,11057
1748966400,23985.46,24118.86,23943.96,24115.86,15301
1748980800,24116.36,24141.36,24096.96,24128.33,9335
1748995200,24129.16,24166.26,24122.36,24131.36,3820
1749009600,24130.86,24157.56,24127.06,24147.66,2070
1749024000,24147.16,24323.66,24143.16,24300.56,10774
1749038400,24301.06,24344.16,24150.06,24215.86,12226
1749052800,24215.86,24285.56,24124.26,24270.56,17710
1749067200,24271.56,24295.56,24244.43,24254.13,8077
1749081600,24253.96,24285.16,24248.86,24269.66,2986
1749096000,24270.16,24285.36,24256.56,24268.86,1570
1749110400,24269.36,24398.56,24232.96,24357.06,8096
1749124800,24357.06,24482.56,24307.06,24409.06,10398
1749139200,24410.56,24422.06,24216.06,24235.56,22480
1749153600,24234.56,24314.06,24178.06,24233.63,18944
1749168000,24214.36,24282.66,24204.96,24274.86,5519
1749182400,24274.86,24306.26,24247.86,24305.26,2199
1749196800,24304.26,24322.36,24208.86,24271.86,8550
1749211200,24271.86,24316.17,24240.36,24276.56,9534
1749225600,24276.06,24354.06,24259.46,24277.46,17112
1749240000,24276.46,24324.36,24262.96,24313.26,7369
1749427200,24327.36,24333.66,24273.16,24302.86,5119
1749441600,24302.36,24309.46,24253.86,24263.56,1415
1749456000,24264.06,24297.86,24151.86,24240.16,7713
1749470400,24240.66,24249.16,24095.16,24107.16,7876
1749484800,24110.66,24190.66,24109.16,24177.06,10808
1749499200,24176.06,24203.56,24130.33,24139.43,7157
1749513600,24159.16,24174.16,24132.86,24166.26,2293
1749528000,24163.26,24253.76,24163.26,24226.76,1682
1749542400,24226.26,24242.26,23956.86,23987.36,12782
1749556800,23981.36,24117.86,23967.36,24072.36,9933
1749571200,24072.86,24120.86,23984.46,23996.36,13620
1749585600,23995.86,24011.16,23950.46,23994.03,9890
1749600000,23989.46,24028.66,23966.16,23969.66,5544
1749614400,23969.16,23972.56,23861.56,23878.06,2251
1749628800,23877.56,24087.86,23877.56,24050.86,9430
1749643200,24050.86,24150.1,23962.36,24057.86,11908
1749657600,24057.86,24073.86,23919.86,23953.76,15946
1749672000,23953.26,23969.36,23829.86,23855.73,15828
1749686400,23842.66,23878.76,23786.36,23796.96,4805
1749700800,23796.46,23825.46,23759.86,23786.56,2060
1749715200,23786.56,23810.06,23611.06,23702.06,10919
1749729600,23703.06,23763.06,23624.06,23751.06,10084
1749744000,23750.06,23885.36,23725.86,23766.26,12362
1749758400,23768.26,23801.06,23744.26,23750.83,6818
1749772800,23734.06,23736.66,23316.76,23370.76,9863
1749787200,23372.76,23479.76,23306.76,23379.26,6292
1749801600,23378.76,23559.96,23284.76,23385.46,14288
1749816000,23384.46,23536.96,23381.46,23437.46,11151
1749830400,23437.46,23563.96,23418.46,23530.46,15104
1749844800,23529.96,23534.46,23376.46,23408.86,11347
1750032000,23363.36,23496.46,23348.26,23439.66,6181
1750046400,23438.16,23465.56,23403.36,23412.66,2302
1750060800,23413.16,23614.96,23407.26,23604.46,10018
1750075200,23600.46,23670.46,23546.46,23617.56,9634
1750089600,23619.06,23713.56,23545.06,23625.16,15359
1750104000,23624.16,23638.06,23572.06,23582.73,10036
1750118400,23578.26,23578.26,23415.66,23510.26,9000
1750132800,23510.76,23550.26,23444.26,23493.96,3318
1750147200,23494.46,23557.46,23307.96,23446.66,12664
1750161600,23446.66,23550.76,23358.66,23506.76,12272
1750176000,23506.76,23524.66,23414.16,23419.16,15340
1750190400,23418.16,23422.66,23294.16,23302.33,16242
1750204800,23289.56,23352.26,23239.76,23345.46,6288
1750219200,23345.96,23378.36,23299.76,23326.86,2415
1750233600,23327.86,23505.06,23325.76,23448.66,8929
1750248000,23448.66,23474.56,23281.06,23307.66,10108
1750262400,23308.16,23428.66,23258.16,23315.76,14876
1750276800,23315.76,23373.16,23262.66,23316.63,16791
1750291200,23317.03,23319.96,23265.36,23277.96,3524
1750305600,23281.96,23282.56,23207.86,23271.76,2042
1750320000,23271.76,23279.86,23101.06,23188.66,9773
1750334400,23189.16,23251.16,23120.06,23146.26,8589
1750348800,23145.26,23189.26,23022.76,23043.76,9775
1750363200,23044.76,23096.26,23028.76,23050.26,1747
1750377600,23093.03,23183.36,23080.43,23169.36,7090
1750392000,23171.86,23235.96,23141.86,23217.96,2662
1750406400,23218.06,23307.56,23176.56,23225.16,9233
1750420800,23225.16,23488.06,23213.06,23389.56,12255
1750435200,23390.56,23418.56,23316.06,23353.56,18781
1750449600,23354.06,23366.56,23279.16,23288.56,9289
1750636800,23163.73,23240.73,23145.36,23216.96,7310
1750651200,23218.46,23239.86,23188.36,23206.96,1497
1750665600,23206.46,23391.06,23156.56,23341.06,9276
1750680000,23341.06,23341.06,23075.56,23260.16,11840
1750694400,23260.16,23313.16,23120.66,23181.16,20132
1750708800,23181.66,23436.16,23173.66,23418.23,14244
1750723200,23458.73,23551.86,23443.13,23539.36,7384
1750737600,23533.36,23604.86,23513.36,23553.56,2209
1750752000,23554.06,23773.06,23553.56,23758.06,13752
1750766400,23758.56,23818.56,23659.36,23678.46,10480
1750780800,23678.96,23699.36,23577.36,23665.06,11873
1750795200,23664.06,23723.56,23660.06,23717.33,6455
1750809600,23690.63,23724.16,23683.63,23709.16,3200
1750824000,23708.16,23713.76,23686.06,23703.66,1019
1750838400,23703.66,23754.36,23573.76,23608.36,8432
1750852800,23612.36,23612.86,23497.26,23541.86,9046
1750867200,23539.86,23561.36,23464.76,23498.16,13097
1750881600,23499.16,23518.76,23461.46,23492.93,7681
1750896000,23500.53,23531.36,23482.56,23517.36,3111
1750910400,23516.36,23541.36,23486.76,23540.66,1505
1750924800,23541.66,23692.56,23531.86,23676.06,7957
1750939200,23676.06,23712.06,23545.46,23565.56,8433
1750953600,23561.56,23683.96,23515.46,23662.46,11751
1750968000,23663.46,23733.86,23662.96,23730.73,6950
1750982400,23736.53,23803.66,23728.86,23753.36,3903
1750996800,23749.36,23783.06,23732.36,23752.56,1555
1751011200,23752.06,23887.66,23752.06,23865.66,9003
1751025600,23866.16,23871.16,23779.66,23832.26,8297
1751040000,23832.26,24100.96,23822.26,24082.06,12772
1751054400,24082.56,24091.56,23984.56,24049.86,9567
1751241600,24112.43,24176.86,24095.43,24113.86,4081
1751256000,24113.36,24114.36,24074.76,24099.86,1650
1751270400,24098.36,24174.66,23967.66,23969.16,8350
1751284800,23966.16,24033.76,23949.76,23956.26,7548
1751299200,23957.76,23967.26,23849.66,23925.46,11615
1751313600,23925.96,23960.56,23877.46,23924.73,8240
1751328000,23932.43,23962.76,23906.06,23962.06,2525
1751342400,23963.06,23992.76,23952.76,23968.66,1667
1751356800,23969.16,23981.26,23811.56,23862.16,7986
1751371200,23862.16,23874.56,23676.86,23714.46,9133
1751385600,23713.96,23816.06,23629.66,23677.86,15367
1751400000,23677.86,23743.96,23677.86,23704.13,9407
1751414400,23705.93,23753.06,23696.93,23752.56,2751
1751428800,23751.56,23853.16,23723.56,23834.56,2074
1751443200,23832.56,23833.56,23701.86,23741.46,9768
1751457600,23741.46,23795.46,23614.36,23696.46,11372
1751472000,23697.46,23807.86,23685.46,23792.06,13113
1751486400,23791.56,23817.06,23774.06,23814.73,5390
1751500800,23809.33,23831.26,23800.23,23816.66,1790
1751515200,23813.66,23846.16,23793.66,23832.16,1710
1751529600,23831.66,23893.46,23803.86,23808.36,7398
1751544000,23806.86,23917.81,23756.86,23865.86,9164
1751558400,23866.36,23951.56,23844.26,23923.56,10819
1751572800,23923.56,23938.66,23909.66,23926.66,1474
1751587200,23903.53,23930.33,23869.86,23890.26,2906
1751601600,23889.76,23908.16,23826.06,23835.76,1829
1751616000,23836.26,23869.56,23698.16,23719.16,9534
1751630400,23719.66,23791.66,23714.66,23757.56,8681
1751644800,23757.06,23836.56,23743.76,23751.36,7272
1751659200,23752.86,23780.86,23727.56,23758.86,916
1751846400,23850.23,23877.06,23824.96,23858.96,3933
1751860800,23858.46,23865.66,23793.16,23831.26,2155
1751875200,23830.26,23894.26,23796.76,23880.86,7661
1751889600,23880.86,24008.86,23864.86,23954.36,6298
1751904000,23954.36,24080.76,23926.86,23999.96,11217
1751918400,23999.46,24128.26,23935.83,23938.03,10270
1751932800,23957.43,24038.26,23932.83,24028.76,4649
1751947200,24028.76,24037.76,23996.36,24011.86,2141
1751961600,24010.86,24152.26,24006.86,24095.86,9264
1751976000,24094.86,24187.06,24074.06,24113.56,8806
1751990400,24113.56,24270.46,24113.56,24221.96,17029
1752004800,24224.46,24257.36,24213.26,24240.53,10356
1752019200,24252.03,24252.66,24190.86,24206.26,2319
1752033600,24206.76,24242.06,24190.26,24234.06,1828
1752048000,24233.06,24412.36,24206.66,24384.96,9682
1752062400,24383.96,24528.46,24374.46,24522.96,10259
1752076800,24522.96,24612.46,24508.16,24569.46,15446
1752091200,24569.46,24635.13,24566.36,24623.23,8690
1752105600,24630.83,24653.53,24565.66,24570.56,2861
1752120000,24571.06,24599.26,24556.56,24579.76,1869
1752134400,24579.26,24641.06,24544.86,24599.56,10013
1752148800,24599.56,24610.06,24528.26,24562.26,9353
1752163200,24563.76,24574.76,24428.76,24432.86,13838
1752177600,24433.36,24468.96,24430.86,24443.73,7215
1752192000,24450.73,24475.26,24270.16,24311.66,4510
1752206400,24311.66,24401.06,24285.16,24389.06,2687
1752220800,24389.56,24418.36,24204.96,24228.56,11149
1752235200,24228.56,24266.56,24162.46,24261.06,10533
1752249600,24261.06,24296.06,24198.16,24235.46,14292
1752264000,24234.96,24261.46,24218.86,24235.96,6142
1752451200,24085.63,24137.36,24052.13,24082.46,5073
1752465600,24082.96,24098.16,24047.56,24082.56,1694
1752480000,24082.06,24099.66,23970.56,24081.56,9690
1752494400,24083.06,24103.16,23974.16,24027.66,8245
1752508800,24029.16,24203.56,24010.66,24200.66,11676
1752523200,24200.66,24236.66,24200.66,24215.73,4798
1752537600,24206.93,24221.36,24187.06,24193.26,2541
1752552000,24192.26,24291.86,24168.56,24208.96,2473
1752566400,24207.46,24274.86,24178.16,24236.96,8531
1752580800,24236.96,24238.96,24159.16,24196.66,9012
1752595200,24199.16,24247.16,24056.56,24059.66,16289
1752609600,24058.66,24098.96,24010.63,24011.53,9506
1752624000,24019.73,24030.56,23980.36,24025.06,4069
1752638400,24025.06,24046.66,24012.66,24019.66,1334
1752652800,24023.16,24116.96,23924.46,24100.46,9940
1752667200,24101.96,24210.46,24064.96,24182.96,8916
1752681600,24182.46,24206.46,23966.86,24133.26,19913
1752696000,24134.26,24200.06,24129.76,24177.03,6724
1752710400,24173.83,24189.26,24154.26,24182.16,2905
1752724800,24181.66,24196.96,24159.96,24196.16,1258
1752739200,24195.16,24317.96,24192.66,24217.26,10043
1752753600,24216.76,24245.26,24175.76,24240.76,8246
1752768000,24240.76,24385.36,24237.76,24341.76,10661
1752782400,24341.76,24420.26,24336.66,24408.13,5795
1752796800,24394.73,24443.36,24391.63,24428.46,2849
1752811200,24427.96,24489.76,24416.26,24482.96,1890
1752825600,24481.96,24496.26,24427.76,24459.76,8079
1752840000,24459.76,24475.76,24279.76,24342.26,9356
1752854400,24342.26,24370.76,24197.16,24219.46,13181
1752868800,24219.96,24232.56,24170.16,24205.56,4862
1753056000,24193.53,24244.86,24188.23,24232.26,2191
1753070400,24232.26,24239.76,24181.76,24219.86,1264
1753084800,24220.36,24332.16,24196.86,24298.56,7771
1753099200,24298.56,24310.56,24201.56,24221.56,7659
1753113600,24221.06,24313.26,24187.96,24283.96,10644
1753128000,24283.96,24294.96,24226.86,24252.13,6671
1753142400,24251.13,24269.06,24241.56,24258.96,1599
1753156800,24260.96,24264.06,24169.16,24191.06,1627
1753171200,24190.56,24244.86,24108.76,24114.76,9174
1753185600,24114.76,24125.26,23995.76,24056.76,10555
1753200000,24056.76,24118.76,23920.16,24039.66,17984
1753214400,24039.66,24108.66,24035.66,24071.83,7079
1753228800,24081.83,24125.46,24059.13,24116.46,5638
1753243200,24114.96,24312.96,24107.96,24291.96,2347
1753257600,24292.46,24326.16,24163.16,24282.66,13244
1753272000,24282.16,24302.26,24131.16,24204.36,11727
1753286400,24203.36,24520.46,24120.66,24435.16,18068
1753300800,24437.16,24543.53,24409.76,24530.03,9574
1753315200,24514.53,24541.26,24505.93,24529.46,2880
1753329600,24527.46,24561.16,24484.16,24500.56,1904
1753344000,24501.06,24547.96,24433.56,24477.96,12273
1753358400,24478.46,24491.96,24318.96,24357.46,11304
1753372800,24358.46,24361.96,24233.46,24268.86,15606
1753387200,24267.86,24302.36,24233.73,24266.73,6721
1753401600,24269.13,24289.96,24266.56,24283.56,2024
1753416000,24283.56,24306.86,24254.26,24257.56,1778
1753430400,24258.06,24275.46,24062.86,24141.46,11855
1753444800,24140.96,24207.46,24098.96,24128.46,8572
1753459200,24128.96,24256.96,24073.86,24256.46,12706
1753473600,24256.96,24314.76,24255.46,24306.26,3290
1753660800,24386.23,24468.46,24369.43,24465.96,2855
1753675200,24465.46,24493.96,24446.76,24477.96,1348
1753689600,24478.96,24564.26,24279.56,24285.06,10293
1753704000,24286.06,24319.06,24130.96,24175.56,9821
1753718400,24176.06,24181.56,23937.96,23953.46,13770
1753732800,23953.96,23983.33,23922.96,23972.73,6069
1753747200,23979.23,23991.46,23963.76,23976.16,1912
1753761600,23975.16,24019.66,23961.96,23992.66,1505
1753776000,23993.16,24230.56,23988.16,24227.06,9124
1753790400,24228.06,24311.56,24191.56,24272.16,9985
1753804800,24272.16,24300.16,24172.16,24261.06,13939
1753819200,24257.06,24269.56,24180.96,24211.33,7515
1753833600,24222.93,24246.16,24213.03,24227.16,1826
1753848000,24226.16,24272.76,24181.56,24264.66,1371
1753862400,24264.16,24288.56,24134.56,24216.46,9767
1753876800,24214.96,24282.96,24210.46,24244.96,10567
1753891200,24244.96,24308.16,24226.96,24284.16,11197
1753905600,24283.66,24356.83,24167.66,24299.93,14573
1753920000,24333.93,24368.36,24296.56,24311.46,3810
1753934400,24311.96,24350.96,24294.76,24338.36,1884
1753948800,24338.36,24430.76,24276.66,24344.76,11161
1753963200,24344.76,24358.26,24185.26,24191.26,10577
1753977600,24191.76,24229.26,24031.96,24083.46,17188
1753992000,24082.96,24088.83,23965.06,24028.63,13723
1754006400,24025.63,24030.23,23819.86,23974.36,7705
1754020800,23973.86,24027.96,23913.86,23949.56,1966
1754035200,23948.56,23965.06,23612.06,23648.06,15320
1754049600,23648.06,23710.06,23526.66,23550.66,16693
1754064000,23549.16,23567.16,23375.16,23413.16,29478
1754078400,23411.66,23484.16,23384.16,23474.16,12566
1754265600,23430.63,23530.16,23396.33,23521.16,6441
1754280000,23520.16,23596.86,23495.66,23549.36,3030
1754294400,23549.36,23743.76,23480.36,23741.26,11496
1754308800,23740.76,23787.16,23681.16,23773.16,9313
1754323200,23772.66,23774.16,23685.06,23758.56,11522
1754337600,23758.06,23842.63,23754.06,23841.83,6060
1754352000,23839.33,23849.96,23786.36,23829.06,3589
1754366400,23828.56,23842.96,23790.86,23827.86,1803
1754380800,23828.36,23936.56,23809.56,23859.16,9174
1754395200,23861.16,23983.16,23821.66,23951.66,8804
1754409600,23951.66,23966.16,23784.06,23862.96,16725
1754424000,23862.96,23916.56,23853.76,23872.53,10018
1754438400,23857.13,23880.46,23835.73,23849.96,5251
1754452800,23849.96,23929.56,23834.06,23924.76,1703
1754467200,23925.26,24038.56,23878.26,23884.76,9804
1754481600,23884.76,23918.36,23803.86,23848.26,9707
1754496000,23847.76,23971.26,23839.26,23923.06,15478
1754510400,23923.06,23971.56,23913.56,23941.13,6805
1754524800,23934.83,24003.66,23904.56,23929.66,4655
1754539200,23929.16,23985.56,23922.56,23984.06,2145
1754553600,23984.56,24249.26,23900.26,24220.76,14364
1754568000,24220.76,24390.76,24206.26,24343.76,15614
1754582400,24344.76,24351.26,24128.26,24161.26,19489
1754596800,24160.26,24217.23,24092.26,24203.13,12414
1754611200,24212.53,24306.06,24207.03,24288.26,3773
1754625600,24289.26,24295.66,24231.86,24239.16,1908
1754640000,24239.16,24253.76,24089.76,24132.76,9318
1754654400,24132.76,24216.76,24122.26,24175.26,7910
1754668800,24176.26,24270.66,24107.76,24171.56,13756
1754683200,24171.56,24220.66,24161.56,24212.86,3655
1754870400,24225.63,24267.46,24210.76,24258.36,3239
1754884800,24257.86,24287.56,24244.66,24256.36,1603
1754899200,24255.86,24283.66,24050.66,24059.66,9175
1754913600,24060.16,24161.26,24055.66,24084.26,6829
1754928000,24083.76,24119.16,24028.16,24069.06,11195
1754942400,24069.06,24104.16,24051.96,24076.43,8109
1754956800,24080.53,24144.76,24065.23,24121.66,3685
1754971200,24120.66,24193.76,24107.26,24190.76,1952
1754985600,24191.26,24194.76,24046.56,24055.16,9645
1755000000,24056.16,24087.56,23941.56,24034.06,11848
1755014400,24037.06,24069.06,23957.56,24057.16,17374
1755028800,24056.66,24143.03,24052.16,24134.33,6162
1755043200,24133.53,24149.06,24119.66,24131.36,2958
1755057600,24131.36,24178.56,24096.76,24167.26,1266
1755072000,24167.76,24236.86,24069.76,24236.86,8027
1755086400,24236.86,24247.86,24185.86,24195.36,6869
1755100800,24194.86,24235.26,24148.76,24194.26,13112
1755115200,24194.26,24238.83,24165.06,24205.53,8006
1755129600,24195.93,24225.46,24177.36,24189.96,2112
1755144000,24190.46,24192.46,24160.06,24170.06,1387
1755158400,24170.06,24302.46,24113.16,24230.16,8044
1755172800,24228.66,24366.66,24228.16,24282.66,9047
1755187200,24282.16,24413.46,24261.66,24404.56,14200
1755201600,24402.56,24453.13,24392.56,24417.53,9624
1755216000,24418.93,24448.56,24415.46,24440.36,2522
1755230400,24438.36,24460.86,24434.36,24456.36,1567
1755244800,24455.86,24540.16,24428.16,24446.66,8866
1755259200,24447.66,24506.16,24353.56,24376.16,8429
1755273600,24376.66,24407.16,24322.66,24344.06,13270
1755288000,24343.56,24373.06,24333.96,24370.56,5397
1755475200,24388.63,24435.56,24387.23,24405.26,2492
1755489600,24404.76,24430.26,24397.86,24424.46,1366
1755504000,24422.46,24445.16,24239.76,24303.76,9309
1755518400,24303.76,24318.86,24251.86,24295.36,7625
1755532800,24294.86,24340.76,24242.86,24301.76,8758
1755547200,24302.76,24363.26,24300.76,24352.03,5266
1755561600,24375.33,24384.53,24341.16,24364.86,2611
1755576000,24367.36,24376.66,24323.86,24334.26,1326
1755590400,24335.76,24382.76,24279.66,24379.76,6851
1755604800,24379.76,24429.76,24349.26,24404.76,7363
1755619200,24406.76,24444.76,24328.16,24348.86,12134
1755633600,24349.36,24374.66,24319.76,24350.03,7963
1755648000,24360.33,24361.43,24297.86,24310.16,4455
1755662400,24308.66,24319.56,24264.16,24284.86,1677
1755676800,24284.36,24338.16,24209.26,24324.16,8491
1755691200,24324.16,24370.16,24315.66,24316.16,6064
1755705600,24316.16,24324.06,24215.56,24254.36,16512
1755720000,24253.86,24305.36,24230.66,24291.33,10993
1755734400,24295.43,24318.16,24275.06,24298.76,3912
1755748800,24298.76,24324.36,24277.56,24278.06,1628
1755763200,24276.56,24310.16,24233.16,24251.26,6643
1755777600,24250.76,24257.16,24174.66,24195.76,7987
1755792000,24198.76,24308.26,24191.76,24257.86,13172
1755806400,24258.86,24290.73,24231.26,24285.83,8861
1755820800,24291.43,24314.56,24262.96,24291.76,3265
1755835200,24292.26,24306.06,24270.56,24274.66,1999
1755849600,24275.16,24338.56,24200.26,24336.06,7174
1755864000,24335.56,24336.56,24278.06,24287.56,6180
1755878400,24287.06,24450.46,24283.56,24340.16,18250
1755892800,24341.16,24376.96,24340.46,24356.36,4177
1756080000,24362.63,24371.06,24332.26,24336.76,4312
1756094400,24338.26,24338.76,24282.96,24294.96,1487
1756108800,24294.46,24316.56,24217.96,24269.16,6756
1756123200,24269.16,24333.16,24252.66,24325.16,5894
1756137600,24325.16,24378.66,24232.16,24288.06,10499
1756152000,24288.06,24296.56,24261.33,24280.33,5397
1756166400,24283.73,24291.93,24084.96,24150.96,4459
1756180800,24149.96,24193.06,24105.96,24135.16,1485
1756195200,24136.16,24217.96,24034.66,24159.76,13080
1756209600,24159.76,24230.26,24124.76,24206.76,8676
1756224000,24205.76,24268.76,24161.16,24186.16,11541
1756238400,24185.66,24229.73,24175.46,24227.93,5914
1756252800,24222.03,24231.96,24207.76,24229.46,1577
1756267200,24229.46,24253.66,24228.16,24243.66,595
1756281600,24243.16,24244.16,24011.06,24070.06,8813
1756296000,24070.06,24153.16,24044.06,24066.06,7104
1756310400,24066.06,24082.06,23976.06,24035.36,9435
1756324800,24033.86,24078.93,23963.23,24021.33,8115
1756339200,24021.83,24057.16,23972.46,24057.06,4037
1756353600,24056.06,24115.76,24047.36,24090.26,709
1756368000,24090.26,24202.56,24057.06,24088.16,8816
1756382400,24087.66,24099.46,23969.86,24082.96,8375
1756396800,24082.96,24103.96,24018.36,24058.86,12090
1756411200,24058.86,24071.86,24034.73,24053.43,5135
1756425600,24048.03,24061.66,24031.13,24044.06,2157
1756440000,24044.56,24046.66,23977.26,24004.16,745
1756454400,24004.66,24047.46,23874.96,23893.56,9625
1756468800,23893.56,24029.56,23880.96,24028.56,8398
1756483200,24028.56,24063.46,23887.96,23949.46,14494
1756497600,23948.96,23955.96,23922.06,23946.86,4923
1756684800,23955.23,24023.36,23954.73,24008.76,3210
1756699200,24007.76,24009.56,23927.06,23953.76,1344
1756713600,23950.76,24051.06,23935.56,24030.16,7697
1756728000,24030.16,24030.16,23963.66,24012.16,5742
1756742400,24012.16,24039.66,23975.16,24025.56,4309
1756756800,24024.06,24045.86,24018.06,24043.86,462
1756771200,24025.43,24085.26,23985.86,24083.36,3137
1756785600,24083.46,24098.16,23986.06,24007.66,2018
1756800000,24007.16,24007.66,23748.26,23787.26,13004
1756814400,23787.76,23789.76,23538.76,23562.76,13946
1756828800,23565.26,23666.26,23475.26,23538.46,20450
1756843200,23538.46,23661.73,23532.36,23654.23,10768
1756857600,23653.43,23654.73,23605.16,23643.86,3682
1756872000,23642.86,23642.86,23562.06,23566.46,1820
1756886400,23566.96,23638.56,23504.46,23622.46,9934
1756900800,23622.46,23709.56,23579.56,23582.56,7582
1756915200,23582.56,23633.46,23547.46,23568.26,14071
1756929600,23568.26,23617.73,23538.96,23610.63,8857
1756944000,23596.93,23637.96,23589.56,23633.76,2892
1756958400,23633.26,23633.26,23562.06,23630.86,2337
1756972800,23631.36,23711.96,23589.96,23648.96,9815
1756987200,23649.46,23801.86,23648.46,23754.96,9694
1757001600,23749.96,23797.46,23725.86,23772.86,11475
1757016000,23772.86,23840.73,23772.86,23837.03,5551
1757030400,23839.23,23844.63,23817.76,23823.36,2589
1757044800,23823.36,23841.96,23812.86,23829.46,1239
1757059200,23829.96,23892.56,23753.36,23802.56,8909
1757073600,23802.56,23850.46,23742.28,23814.06,10014
1757088000,23813.56,23833.46,23546.46,23610.06,27181
1757102400,23610.56,23668.96,23573.46,23660.26,8337
1757289600,23614.53,23738.96,23614.33,23711.26,5602
1757304000,23711.76,23728.56,23688.76,23692.66,1434
1757318400,23692.16,23801.66,23668.66,23748.26,8657
1757332800,23747.76,23780.26,23654.86,23688.96,8587
1757347200,23685.96,23833.86,23685.96,23790.26,12611
1757361600,23790.76,23800.93,23760.36,23790.23,6537
1757376000,23802.63,23819.96,23769.06,23776.66,2268
1757390400,23775.16,23786.36,23748.66,23767.16,919
1757404800,23764.66,23862.56,23663.26,23675.76,8464
1757419200,23676.26,23756.26,23647.76,23676.76,7458
1757433600,23677.26,23740.16,23631.66,23725.16,13031
1757448000,23724.66,23822.63,23722.46,23816.53,5719
1757462400,23811.63,23844.46,23793.36,23839.36,3080
1757476800,23838.86,23845.96,23795.16,23807.16,800
1757491200,23806.16,23884.66,23715.56,23729.56,9818
1757505600,23728.56,23803.59,23684.16,23725.66,9206
1757520000,23726.16,23733.66,23590.16,23616.06,12345
1757534400,23615.56,23631.06,23584.26,23597.63,6098
1757548800,23610.63,23645.46,23601.53,23637.86,2684
1757563200,23635.86,23645.96,23585.66,23597.86,1045
1757577600,23598.86,23668.76,23555.26,23605.86,9172
1757592000,23603.36,23728.06,23597.26,23713.56,10649
1757606400,23713.06,23790.56,23649.06,23717.06,13945
1757620800,23717.56,23765.96,23708.06,23760.93,5977
1757635200,23761.83,23766.13,23742.26,23751.16,2140
1757649600,23750.16,23754.66,23704.46,23727.36,961
1757664000,23727.66,23794.46,23601.76,23637.26,11269
1757678400,23636.26,23691.86,23601.76,23672.26,9936
1757692800,23673.26,23730.76,23663.36,23724.26,9491
1757707200,23723.26,23727.26,23692.96,23712.16,2809
1757894400,23706.63,23725.03,23658.76,23661.56,2069
1757908800,23662.06,23742.36,23661.56,23739.16,626
1757923200,23740.66,23859.16,23725.26,23789.66,9367
1757937600,23789.16,23855.26,23734.16,23768.16,9546
1757952000,23767.16,23777.66,23667.16,23740.66,11205
1757966400,23741.16,23758.16,23717.06,23731.43,7030
1757980800,23725.53,23742.16,23708.36,23715.06,2167
1757995200,23715.56,23770.16,23708.96,23760.86,939
1758009600,23762.36,23791.86,23619.36,23688.76,9395
1758024000,23689.26,23689.26,23522.66,23547.66,9817
1758038400,23544.66,23577.26,23314.26,23380.16,15307
1758052800,23379.66,23412.66,23364.46,23404.53,6061
1758067200,23390.43,23410.56,23378.76,23389.06,1727
1758081600,23389.16,23404.26,23366.16,23398.96,1227
1758096000,23399.46,23470.96,23371.66,23419.46,8278
1758110400,23419.96,23422.46,23277.46,23381.46,8513
1758124800,23381.96,23450.86,23309.86,23369.56,10246
1758139200,23369.06,23436.69,23304.56,23392.93,19948
1758153600,23405.93,23464.66,23395.26,23455.76,3270
1758168000,23456.26,23509.66,23447.46,23467.06,1660
1758182400,23466.56,23685.46,23412.56,23680.46,9605
1758196800,23681.46,23693.46,23598.46,23632.96,9397
1758211200,23627.46,23716.16,23572.46,23716.16,13140
1758225600,23715.66,23723.96,23675.06,23708.73,4609
1758240000,23723.23,23738.76,23689.66,23701.86,2751
1758254400,23701.36,23707.26,23653.56,23684.76,1414
1758268800,23685.26,23787.66,23660.36,23712.66,10342
1758283200,23712.16,23722.66,23595.16,23662.76,10749
1758297600,23662.26,23706.66,23614.66,23626.66,14595
1758312000,23626.16,23666.16,23622.66,23661.16,3802
1758499200,23639.23,23691.96,23620.03,23655.76,2525
1758513600,23655.26,23682.76,23644.96,23655.76,910
1758528000,23657.26,23663.56,23468.26,23504.86,10985
1758542400,23504.36,23526.96,23418.86,23494.46,10337
1758556800,23493.96,23560.86,23453.86,23560.86,11455
1758571200,23561.36,23599.36,23559.36,23567.63,5188
1758585600,23574.63,23589.06,23564.63,23577.46,1841
1758600000,23577.96,23595.26,23559.86,23572.56,1043
1758614400,23573.06,23725.36,23573.06,23709.86,9388
1758628800,23710.36,23714.86,23561.16,23645.76,8545
1758643200,23644.76,23687.66,23597.96,23624.06,10684
1758657600,23624.56,23627.66,23499.16,23547.83,9346
1758672000,23555.53,23561.43,23524.06,23539.96,2123
1758686400,23537.96,23556.96,23529.46,23552.36,1101
1758700800,23553.36,23627.76,23494.26,23585.36,9225
1758715200,23583.36,23661.36,23542.36,23624.86,9739
1758729600,23624.36,23737.96,23620.86,23671.66,14810
1758744000,23673.26,23711.73,23647.36,23703.53,7956
1758758400,23703.13,23726.26,23687.96,23692.96,2111
1758772800,23693.46,23717.46,23672.36,23695.06,1706
1758787200,23694.06,23729.76,23524.96,23533.46,10727
1758801600,23534.46,23586.46,23373.96,23426.56,14080
1758816000,23426.06,23573.16,23424.06,23561.96,17024
1758830400,23560.96,23592.43,23457.06,23585.33,12590
1758844800,23580.63,23592.33,23551.36,23578.86,3173
1758859200,23576.86,23581.96,23530.86,23535.86,2704
1758873600,23536.86,23686.96,23526.86,23599.96,9636
1758888000,23597.96,23750.66,23573.86,23730.16,9714
1758902400,23731.16,23758.66,23669.16,23743.86,16794
1758916800,23742.86,23748.96,23718.36,23748.96,5227
1759104000,23754.03,23830.06,23751.43,23808.06,3137
1759118400,23806.56,23847.66,23784.06,23837.36,2123
1759132800,23834.36,23876.46,23732.26,23798.76,10315
1759147200,23798.26,23822.26,23676.16,23680.16,8765
1759161600,23679.66,23787.06,23665.26,23734.96,12372
1759176000,23735.46,23769.03,23710.96,23744.33,5897
1759190400,23753.93,23774.46,23738.86,23759.56,2579
1759204800,23758.56,23782.66,23736.36,23751.56,2362
1759219200,23751.06,23773.96,23673.86,23727.36,10096
1759233600,23726.86,23808.86,23713.36,23799.36,7716
1759248000,23799.86,23928.16,23767.36,23887.06,13779
1759262400,23887.56,23954.66,23871.56,23900.73,8565
1759276800,23915.03,23943.16,23887.56,23916.66,4348
1759291200,23915.66,23925.56,23879.16,23883.26,2352
1759305600,23880.26,23887.76,23741.66,23861.76,10857
1759320000,23860.76,24016.76,23853.76,23984.26,10821
1759334400,23983.76,24193.26,23974.76,24188.76,12375
1759348800,24188.26,24267.06,24181.96,24216.63,7194
1759363200,24226.73,24251.36,24211.16,24243.86,2839
1759377600,24244.36,24290.26,24236.76,24253.46,2669
1759392000,24252.96,24448.86,24240.36,24442.36,11680
1759406400,24436.36,24490.96,24384.36,24441.96,9503
1759420800,24442.96,24503.36,24384.66,24461.46,14491
1759435200,24460.96,24496.56,24451.46,24458.53,5862
1759449600,24461.83,24512.86,24442.43,24502.26,2369
1759464000,24502.76,24539.26,24481.16,24517.66,1752
1759478400,24515.66,24528.66,24437.16,24449.76,7858
1759492800,24450.26,24466.46,24352.46,24369.46,7213
1759507200,24370.46,24407.26,24344.36,24390.86,8933
1759521600,24390.36,24390.36,24336.86,24389.76,8823
1759708800,24400.03,24449.46,24393.53,24406.16,5265
1759723200,24407.16,24431.76,24365.96,24418.36,2605
1759737600,24418.86,24418.86,24265.16,24392.56,12307
1759752000,24391.56,24458.66,24353.06,24432.16,9175
1759766400,24432.66,24484.56,24365.56,24410.56,10891
1759780800,24408.56,24454.56,24405.56,24443.93,4916
1759795200,24440.53,24449.53,24399.56,24429.66,3696
1759809600,24432.16,24457.26,24425.56,24434.86,1528
1759824000,24433.86,24447.16,24303.66,24355.66,7901
1759838400,24356.66,24440.16,24352.16,24418.16,5954
1759852800,24418.66,24453.66,24340.56,24389.36,12348
1759867200,24389.86,24402.96,24353.86,24381.83,6541
1759881600,24389.63,24393.73,24351.26,24386.76,3119
1759896000,24388.26,24419.76,24378.76,24411.76,1675
1759910400,24410.76,24486.76,24360.26,24452.46,8418
1759924800,24453.96,24580.06,24453.46,24577.06,7604
1759939200,24577.56,24634.06,24527.96,24599.46,7736
1759953600,24599.96,24633.23,24585.46,24626.03,4508
1759968000,24630.03,24649.96,24613.36,24617.36,2586
1759982400,24616.36,24617.86,24547.96,24605.26,2395
1759996800,24605.76,24705.16,24594.06,24631.96,8220
1760011200,24631.46,24773.66,24616.46,24720.66,7185
1760025600,24720.16,24724.16,24587.66,24588.16,10579
1760040000,24588.66,24630.06,24573.26,24608.03,6930
1760054400,24627.73,24660.36,24614.33,24657.76,2781
1760068800,24658.26,24666.76,24627.86,24632.16,1819
1760083200,24631.66,24693.36,24609.16,24638.66,8389
1760097600,24639.16,24641.16,24529.56,24594.66,7540
1760112000,24595.16,24627.66,24177.06,24262.06,30944
1760126400,24260.06,24281.56,24165.06,24210.56,13417
1760313600,24296.33,24381.16,24246.13,24362.66,12845
1760328000,24363.16,24421.46,24334.96,24354.06,3556
1760342400,24351.56,24452.36,24340.26,24388.46,11882
1760356800,24388.96,24401.46,24283.86,24310.46,12002
1760371200,24310.96,24417.86,24257.36,24415.36,17426
1760385600,24414.86,24437.23,24388.26,24411.73,8134
1760400000,24431.43,24482.36,24412.56,24474.36,6418
1760414400,24472.36,24473.36,24279.36,24317.36,8358
1760428800,24314.86,24325.86,24066.56,24181.26,17991
1760443200,24182.76,24217.76,23981.76,24088.86,13865
1760457600,24086.36,24322.86,24086.36,24299.96,20264
1760472000,24298.96,24339.76,24234.76,24272.83,12950
1760486400,24312.83,24320.46,24279.26,24311.36,6717
1760500800,24310.36,24338.26,24282.76,24333.56,3328
1760515200,24348.06,24363.96,24214.06,24224.56,10543
1760529600,24220.06,24312.16,24186.56,24214.66,8544
1760544000,24213.66,24282.56,24122.56,24155.66,17148
1760558400,24156.66,24175.43,24004.56,24147.53,13459
1760572800,24159.33,24176.43,24130.56,24153.66,6394
1760587200,24150.16,24172.56,24117.56,24140.76,4972
1760601600,24140.26,24222.76,24042.76,24150.86,11976
1760616000,24150.36,24230.36,24147.86,24213.86,8582
1760630400,24212.36,24287.06,24091.56,24209.06,24495
1760644800,24210.56,24241.56,24016.56,24054.83,23394
1760659200,24070.53,24084.93,24000.96,24006.46,9058
1760673600,24005.96,24046.96,23951.46,23964.56,6668
1760688000,23965.56,23973.16,23675.16,23735.86,20838
1760702400,23735.36,23940.86,23726.36,23885.36,19803
1760716800,23885.86,23990.56,23825.56,23899.56,26187
1760731200,23900.06,23989.96,23875.06,23984.86,9464
1760918400,24000.93,24011.03,23916.06,23974.86,5867
1760932800,23974.36,24019.96,23968.26,24015.26,2536
1760947200,24014.76,24124.06,24005.96,24051.06,10093
1760961600,24047.56,24157.76,24040.56,24156.26,9196
1760976000,24158.26,24299.46,24156.26,24280.86,12439
1760990400,24280.36,24340.03,24280.36,24333.43,4526
1761004800,24333.33,24364.36,24327.83,24355.16,3427
1761019200,24354.66,24369.76,24307.86,24319.86,1796
1761033600,24320.36,24323.26,24217.86,24223.36,7664
1761048000,24222.86,24330.86,24198.86,24314.86,6624
1761062400,24315.36,24385.86,24228.76,24319.36,11012
1761076800,24319.86,24343.36,24295.86,24320.13,7158
1761091200,24326.73,24339.63,24275.46,24277.46,4450
1761105600,24279.46,24349.56,24263.86,24331.66,2273
1761120000,24331.16,24360.56,24230.06,24258.66,8937
1761134400,24256.66,24331.66,24225.66,24300.66,8780
1761148800,24301.16,24310.16,23943.56,24100.06,20946
1761163200,24100.56,24180.83,24013.06,24132.83,15504
1761177600,24142.13,24167.76,24072.56,24085.16,6045
1761192000,24081.66,24139.36,24073.66,24127.96,3356
1761206400,24128.46,24207.76,24042.16,24061.16,10141
1761220800,24062.16,24149.66,24034.16,24101.66,10098
1761235200,24099.66,24227.56,24074.16,24204.06,12763
1761249600,24203.56,24234.06,24173.56,24216.93,5638
1761264000,24213.03,24245.86,24212.53,24243.26,2860
1761278400,24242.26,24271.26,24240.16,24254.36,2060
1761292800,24254.86,24305.66,24140.76,24201.76,8643
1761307200,24201.26,24270.16,24155.76,24203.26,8635
1761321600,24203.76,24256.26,24196.26,24223.66,12052
1761336000,24223.16,24239.66,24209.16,24211.16,2689
1761523200,24323.93,24410.16,24303.03,24377.86,4768
1761537600,24377.36,24379.86,24299.26,24322.86,2626
1761552000,24322.36,24383.26,24248.46,24287.96,6319
1761566400,24287.46,24292.96,24197.96,24222.96,7408
1761580800,24223.46,24316.36,24184.46,24302.36,8996
1761595200,24302.86,24330.73,24266.36,24328.73,2673
1761609600,24307.03,24328.56,24304.03,24315.26,2900
1761624000,24314.26,24315.26,24233.46,24270.56,1793
1761638400,24269.06,24297.46,24180.56,24244.66,6462
1761652800,24244.16,24320.66,24239.66,24285.16,6711
1761667200,24284.66,24345.16,24258.66,24297.06,9758
1761681600,24298.06,24304.56,24234.03,24258.43,4161
1761696000,24252.13,24263.43,24191.96,24202.66,2743
1761710400,24202.76,24220.26,24158.56,24204.46,2899
1761724800,24204.96,24321.36,24191.66,24269.86,6885
1761739200,24269.36,24309.36,24237.86,24258.36,9701
1761753600,24254.36,24266.36,24081.26,24151.76,13335
1761768000,24152.26,24186.96,24001.76,24133.13,15999
1761782400,24110.63,24207.26,24108.33,24183.86,5337
1761796800,24185.36,24257.86,24051.76,24117.76,9407
1761811200,24119.76,24219.16,24110.76,24175.96,11929
1761825600,24176.96,24184.46,24048.46,24076.96,13004
1761840000,24077.06,24160.96,24027.46,24142.26,22196
1761854400,24141.26,24160.86,24072.46,24129.23,11741
1761868800,24135.23,24147.66,24108.56,24124.56,4875
1761883200,24123.56,24141.36,24099.06,24111.46,4692
1761897600,24110.46,24140.56,24006.36,24035.36,7620
1761912000,24038.36,24078.36,23976.86,24000.36,10223
1761926400,23999.86,24019.36,23916.86,23935.86,17053
1761940800,23934.36,24002.76,23905.76,23994.76,8490
1762128000,23990.33,24040.06,23989.63,24021.66,3630
1762142400,24021.16,24041.26,23991.56,24020.16,3102
1762156800,24020.66,24183.26,23965.26,24161.76,8797
1762171200,24162.76,24251.76,24114.76,24129.26,7984
1762185600,24129.76,24188.76,24102.26,24155.66,15525
1762200000,24156.16,24175.16,24112.23,24121.83,7060
1762214400,24128.73,24129.23,24031.66,24058.66,2441
1762228800,24058.16,24059.96,23938.16,23951.16,4087
1762243200,23952.66,23954.66,23668.96,23675.46,13343
1762257600,23675.96,23870.96,23666.96,23858.46,9873
1762272000,23857.96,23972.46,23826.96,23915.66,14456
1762286400,23915.16,23928.63,23864.66,23884.83,11999
1762300800,23876.03,23880.93,23576.86,23659.86,7417
1762315200,23660.86,23828.36,23652.36,23796.96,8598
1762329600,23796.46,23872.26,23743.06,23797.36,10660
1762344000,23796.36,23918.36,23729.26,23903.26,9739
1762358400,23903.76,24121.26,23875.26,24108.76,14623
1762372800,24109.26,24121.26,24077.03,24101.53,5943
1762387200,24089.43,24117.53,23996.76,24055.26,5105
1762401600,24054.76,24084.46,24039.86,24047.56,3824
1762416000,24046.06,24101.66,23929.46,23984.46,11050
1762430400,23984.96,24054.96,23965.96,23977.46,9940
1762444800,23978.46,23986.46,23683.46,23757.76,23163
1762459200,23757.26,23808.66,23707.46,23777.03,12423
1762473600,23763.93,23793.56,23706.86,23720.96,4673
1762488000,23721.96,23754.86,23650.36,23754.36,3851
1762502400,23753.86,23836.56,23634.26,23664.76,9918
1762516800,23663.76,23677.26,23470.76,23507.86,13189
1762531200,23508.86,23653.26,23450.76,23650.76,22236
1762545600,23651.26,23769.86,23650.26,23738.36,10498
1762732800,23840.13,23887.56,23807.56,23881.06,4767
1762747200,23881.16,23918.06,23861.16,23879.76,1871
1762761600,23880.26,24007.76,23857.56,24005.26,9654
1762776000,24004.76,24033.86,23935.86,24001.36,7452
1762790400,24001.86,24059.36,23948.06,24041.76,14959
1762804800,24042.26,24087.33,24035.06,24076.03,5964
1762819200,24072.43,24112.26,24069.03,24101.36,4690
1762833600,24099.86,24100.86,24035.76,24036.26,2339
1762848000,24037.26,24081.86,23972.96,23998.46,9699
1762862400,23997.46,24021.46,23945.46,23999.96,8759
1762876800,24000.96,24121.06,23987.96,24106.86,13376
1762891200,24105.86,24198.53,24105.86,24183.53,7425
1762905600,24191.23,24222.36,24174.23,24220.86,3069
1762920000,24221.36,24250.06,24190.76,24213.26,1077
1762934400,24212.26,24395.86,24197.96,24370.36,9506
1762948800,24371.86,24429.86,24319.86,24363.86,9355
1762963200,24364.36,24446.06,24341.86,24398.86,16364
1762977600,24399.36,24440.43,24380.96,24417.63,8093
1762992000,24363.43,24490.56,24353.43,24470.16,5627
1763006400,24469.16,24487.76,24438.06,24462.56,1859
1763020800,24462.06,24502.06,24283.66,24319.16,11906
1763035200,24318.66,24322.66,24194.66,24232.16,11507
1763049600,24231.66,24249.66,24001.76,24014.26,24737
1763064000,24015.26,24109.03,23932.76,24063.23,17921
1763078400,24079.73,24100.26,24046.46,24062.66,5316
1763092800,24061.16,24119.46,24036.36,24094.16,2811
1763107200,24096.16,24112.56,23786.56,23830.16,16092
1763121600,23829.16,23860.16,23602.06,23668.06,19334
1763136000,23670.56,23904.76,23650.66,23879.66,28006
1763150400,23879.16,23890.66,23825.16,23834.26,11235
1763337600,23793.53,23879.26,23793.53,23840.36,6346
1763352000,23841.36,23882.16,23834.86,23859.46,2019
1763366400,23858.96,23934.46,23815.46,23819.46,10449
1763380800,23818.46,23821.46,23633.06,23671.56,13544
1763395200,23670.06,23715.06,23525.56,23573.06,22478
1763409600,23572.06,23588.56,23356.06,23454.33,16803
1763424000,23472.23,23481.13,23383.16,23422.26,5761
1763438400,23421.26,23432.16,23170.16,23265.66,6781
1763452800,23266.16,23355.36,23141.36,23340.36,17266
1763467200,23338.86,23357.66,23191.66,23206.16,13860
1763481600,23205.66,23261.66,23081.66,23252.16,35480
1763496000,23253.16,23279.66,23161.93,23170.93,18201
1763510400,23198.73,23225.93,23133.06,23155.66,7400
1763524800,23156.16,23196.76,23071.06,23134.06,3352
1763539200,23138.06,23220.26,23099.96,23203.06,11904
1763553600,23202.56,23288.56,23168.06,23278.56,12979
1763568000,23279.06,23378.06,23150.46,23206.46,23725
1763582400,23206.96,23336.63,23195.06,23317.73,21026
1763596800,23346.83,23426.26,23340.53,23390.46,6607
1763611200,23389.46,23416.56,23353.46,23390.76,2176
1763625600,23391.26,23455.66,23308.16,23323.66,11850
1763640000,23324.16,23477.66,23314.66,23466.66,13256
1763654400,23467.16,23512.66,23014.16,23052.16,36447
1763668800,23052.66,23218.16,22913.03,22933.33,25948
1763683200,22930.03,23024.96,22894.13,23011.46,10373
1763697600,23011.96,23029.46,22928.46,22975.06,4386
1763712000,22977.06,23186.16,22937.16,23051.66,16819
1763726400,23051.16,23262.16,22944.16,23243.16,23728
1763740800,23241.16,23252.16,23057.16,23208.66,39493
1763755200,23210.16,23299.66,23139.66,23237.06,13942
1763942400,23297.53,23313.13,23244.96,23270.46,5298
1763956800,23270.96,23314.56,23260.56,23290.66,3064
1763971200,23291.66,23397.16,23207.16,23274.66,14597
1763985600,23275.16,23309.16,23148.16,23197.16,15259
1764000000,23196.16,23320.66,23173.66,23246.56,22598
1764014400,23246.56,23277.46,23187.96,23240.53,8582
1764028800,23247.63,23258.73,23163.56,23173.06,3865
1764043200,23173.56,23217.16,23162.56,23212.16,1621
1764057600,23215.16,23296.56,23134.56,23223.06,11811
1764072000,23223.56,23465.06,23159.06,23436.06,15488
1764086400,23438.06,23566.86,23269.06,23526.26,25826
1764100800,23526.76,23579.66,23495.36,23562.43,6914
1764115200,23568.93,23623.86,23552.63,23622.76,2963
1764129600,23621.76,23639.36,23585.16,23617.76,1184
1764144000,23617.26,23663.46,23443.66,23501.16,10394
1764158400,23503.16,23612.16,23449.16,23608.26,12562
1764172800,23608.76,23765.16,23570.66,23751.96,15030
1764187200,23752.96,23764.96,23716.06,23746.83,5904
1764201600,23742.33,23758.13,23718.56,23736.86,2237
1764216000,23738.86,23751.86,23710.66,23741.76,919
1764230400,23739.26,23826.26,23690.46,23748.26,8092
1764244800,23747.26,23835.16,23737.76,23774.26,7984
1764259200,23775.76,23812.66,23727.96,23763.56,5811
1764273600,23766.06,23781.56,23763.56,23779.36,397
1764288000,23771.43,23820.26,23771.43,23796.46,1385
1764302400,23795.46,23801.96,23771.16,23771.96,505
1764316800,23770.96,23801.86,23712.36,23750.46,5944
1764331200,23751.46,23832.46,23746.46,23830.46,5789
1764345600,23830.96,23886.46,23818.36,23841.86,7985
1764360000,23842.36,23861.86,23832.76,23849.36,677
1764547200,23842.83,23865.03,23724.06,23767.36,5151
1764561600,23766.36,23769.76,23684.76,23728.76,1930
1764576000,23726.26,23765.36,23571.76,23588.26,11527
1764590400,23589.76,23647.36,23427.36,23567.96,16267
1764604800,23565.96,23638.36,23541.96,23626.76,15871
1764619200,23626.26,23665.86,23544.33,23556.13,7522
1764633600,23561.33,23601.76,23545.86,23592.46,3551
1764648000,23581.96,23607.96,23567.66,23599.96,1380
1764662400,23600.46,23737.16,23575.26,23703.16,9590
1764676800,23702.66,23784.66,23659.46,23699.96,10401
1764691200,23699.46,23797.46,23685.36,23696.06,19050
1764705600,23695.06,23758.36,23690.96,23728.03,7088
1764720000,23735.03,23752.26,23707.56,23731.36,2568
1764734400,23731.86,23764.46,23725.96,23744.86,1146
1764748800,23744.86,23841.16,23733.76,23785.26,8752
1764763200,23783.26,23799.76,23720.26,23721.76,9552
1764777600,23721.26,23746.76,23639.66,23716.16,18908
1764792000,23716.66,23824.33,23702.16,23772.83,5287
1764806400,23781.23,23788.06,23754.96,23775.16,2552
1764820800,23774.16,23815.66,23767.56,23806.26,1343
1764835200,23805.76,23908.56,23789.06,23859.66,9396
1764849600,23860.66,23925.16,23830.66,23894.16,9175
1764864000,23894.66,23919.16,23857.06,23891.06,14830
1764878400,23890.56,23908.46,23827.46,23889.53,6634
1764892800,23894.23,23899.76,23871.53,23896.76,2403
1764907200,23896.26,23937.76,23895.26,23937.26,1085
1764921600,23937.76,24029.56,23919.96,24006.16,7848
1764936000,24005.66,24100.16,23979.16,24063.66,8351
1764950400,24062.66,24131.56,24015.56,24055.06,14864
1764964800,24055.56,24077.06,24022.56,24028.46,3539
1765152000,24048.03,24055.76,24022.46,24043.56,3257
1765166400,24041.56,24050.36,24022.86,24034.06,1069
1765180800,24033.56,24093.46,23990.86,24093.46,7937
1765195200,24093.96,24116.96,24057.96,24091.46,7318
1765209600,24091.96,24119.96,23996.86,24044.86,12802
1765224000,24045.36,24045.86,24000.36,24030.53,7156
1765238400,24044.93,24064.06,24022.73,24045.86,2812
1765252800,24046.86,24057.96,24036.66,24044.76,930
1765267200,24045.26,24188.66,24032.86,24146.86,9455
1765281600,24147.36,24165.86,24094.36,24115.86,10549
1765296000,24115.36,24173.76,24089.86,24135.66,11727
1765310400,24135.16,24154.16,24104.23,24110.83,4930
1765324800,24121.43,24138.26,24084.66,24096.76,1909
1765339200,24096.26,24142.46,24096.26,24105.96,981
1765353600,24106.46,24168.26,23997.16,24068.66,10579
1765368000,24068.16,24084.26,24005.66,24036.66,10980
1765382400,24037.66,24151.06,24027.76,24128.96,13713
1765396800,24128.46,24226.66,24093.16,24197.23,15047
1765411200,24187.83,24196.96,24143.16,24144.16,2101
1765425600,24144.66,24146.26,23968.36,24050.86,4310
1765440000,24052.36,24134.66,24002.06,24124.86,13338
1765454400,24125.36,24217.36,24105.86,24215.36,10893
1765468800,24216.36,24367.76,24213.36,24347.96,18953
1765483200,24346.96,24402.43,24336.96,24385.43,7890
1765497600,24363.83,24375.16,24341.96,24367.26,2430
1765512000,24367.76,24422.36,24359.76,24415.66,1523
1765526400,24416.16,24475.66,24356.16,24418.26,9877
1765540800,24419.26,24437.26,24303.26,24343.76,9326
1765555200,24343.26,24404.26,24156.16,24231.96,24207
1765569600,24232.46,24272.66,24186.06,24221.56,6756
1765756800,24235.53,24300.66,24207.23,24300.06,2264
1765771200,24300.16,24329.66,24294.66,24310.66,1456
1765785600,24310.66,24333.16,24230.66,24255.16,10235
1765800000,24254.66,24317.66,24246.16,24275.16,7911
1765814400,24275.66,24287.16,24153.06,24166.26,21312
1765828800,24165.26,24205.53,24151.66,24197.03,9372
1765843200,24206.93,24209.73,24083.06,24092.06,4436
1765857600,24091.56,24108.46,24057.06,24063.56,2158
1765872000,24064.06,24193.86,24060.06,24125.86,9646
1765886400,24123.86,24178.86,24108.86,24122.86,10829
1765900800,24122.36,24139.56,24007.36,24070.76,24691
1765915200,24070.26,24158.36,24000.26,24112.33,12439
1765929600,24101.93,24139.56,24069.96,24139.56,5158
1765944000,24141.06,24142.06,24068.06,24099.36,1761
1765958400,24100.36,24191.66,24097.36,24123.86,10784
1765972800,24123.36,24135.36,24026.76,24037.76,9813
1765987200,24039.76,24108.86,23942.26,23967.26,24188
1766001600,23968.26,23986.26,23875.26,23910.23,13376
1766016000,23915.83,23919.33,23858.46,23861.96,6813
1766030400,23864.96,23921.56,23849.96,23913.56,4705
1766044800,23913.06,24010.76,23901.96,23986.26,11103
1766059200,23986.76,24086.96,23981.26,24032.86,9608
1766073600,24032.36,24225.26,24030.86,24162.26,20531
1766088000,24163.26,24194.26,24115.13,24124.93,7368
1766102400,24132.13,24151.26,24096.36,24132.46,3906
1766116800,24131.46,24153.86,24110.56,24123.66,2243
1766131200,24121.16,24264.06,24114.46,24242.96,10902
1766145600,24243.46,24255.06,24154.96,24211.66,11011
1766160000,24212.66,24342.56,24204.56,24331.56,13850
1766174400,24331.06,24339.56,24277.96,24293.16,2814
1766361600,24314.73,24336.56,24299.16,24314.26,2579
1766376000,24314.76,24320.26,24258.16,24265.96,1163
1766390400,24265.46,24354.76,24252.16,24294.26,9015
1766404800,24294.76,24311.66,24228.16,24264.16,7968
1766419200,24264.66,24305.76,24197.76,24295.86,11954
1766433600,24295.36,24301.03,24272.86,24293.83,3251
1766448000,24294.93,24319.76,24287.53,24312.16,1455
1766462400,24311.66,24325.26,24294.46,24297.66,1125
1766476800,24297.16,24341.56,24278.06,24315.26,7331
1766491200,24315.76,24332.26,24248.26,24267.16,6932
1766505600,24266.16,24363.86,24257.16,24326.56,9388
1766520000,24326.06,24350.06,24313.43,24314.53,2978
1766966400,24393.46,24410.66,24388.16,24390.86,641
1766980800,24391.36,24399.46,24372.56,24379.66,967
1766995200,24380.66,24437.46,24255.96,24282.36,10819
1767009600,24281.36,24372.56,24268.86,24347.56,7804
1767024000,24348.56,24394.96,24315.46,24371.76,13448
1767038400,24369.76,24390.76,24348.36,24366.93,4426
1767052800,24356.53,24385.16,24337.26,24383.46,2145
1767067200,24385.96,24400.16,24369.16,24378.16,903
1767081600,24377.16,24416.06,24319.36,24412.06,6324
1767096000,24413.06,24539.06,24405.66,24525.66,7421
1767110400,24528.16,24638.56,24520.16,24587.96,8469
1767124800,24587.46,24610.46,24554.56,24570.83,4392
1767312000,24505.06,24551.06,24461.06,24502.56,1240
1767326400,24505.56,24540.76,24483.96,24539.26,2371
1767340800,24539.76,24672.46,24454.86,24584.46,11719
1767355200,24584.96,24587.96,24466.06,24584.16,10105
1767369600,24583.66,24603.06,24442.26,24486.36,25482
1767384000,24485.86,24554.56,24458.56,24530.56,8822
1767571200,24565.13,24638.96,24550.53,24623.06,5680
1767585600,24622.56,24665.96,24613.56,24648.86,1981
1767600000,24649.86,24824.46,24615.46,24742.46,13966
1767614400,24741.46,24742.96,24658.86,24712.26,11399
1767628800,24712.76,24884.66,24708.76,24851.26,14253
1767643200,24850.76,24867.83,24823.66,24857.13,4635
1767657600,24868.03,24897.56,24842.96,24882.96,2684
1767672000,24883.46,24938.46,24874.46,24911.46,973
1767686400,24910.46,24941.36,24836.76,24860.46,10071
1767700800,24861.46,24970.46,24858.46,24948.06,8587
1767715200,24948.56,24962.56,24863.46,24930.96,12850
1767729600,24931.46,24984.96,24929.46,24958.83,3683
1767744000,24964.53,24992.76,24944.46,24945.46,2336
1767758400,24944.46,24987.16,24939.66,24951.96,1527
1767772800,24952.96,25037.86,24949.56,25023.36,11179
1767787200,25023.86,25090.76,25013.86,25078.86,10396
1767801600,25078.36,25146.56,25036.76,25124.66,12504
1767816000,25124.16,25152.06,25084.13,25109.23,5663
1767830400,25115.53,25136.06,25060.76,25135.56,2481
1767844800,25131.56,25147.26,25042.76,25048.36,2055
1767859200,25049.86,25218.96,25004.26,25125.76,11951
1767873600,25126.26,25126.76,25021.66,25074.26,10450
1767888000,25074.76,25174.46,25040.66,25171.36,14736
1767902400,25170.86,25220.93,25146.26,25211.63,5904
1767916800,25196.03,25202.33,25152.16,25164.46,2774
1767931200,25165.46,25174.96,25138.46,25170.76,1438
1767945600,25171.26,25187.96,25104.26,25138.46,9078
1767960000,25136.96,25278.96,25126.46,25278.96,9250
1767974400,25279.46,25281.46,25139.36,25242.06,16827
1767988800,25240.06,25280.06,25235.06,25272.06,2532
1768176000,25265.73,25279.13,25207.96,25237.96,4933
1768190400,25236.96,25245.36,25210.06,25218.56,1815
1768204800,25218.06,25295.46,25206.66,25279.46,8535
1768219200,25279.96,25410.46,25267.46,25353.46,6596
1768233600,25354.46,25434.36,25339.46,25405.36,8229
1768248000,25406.36,25456.73,25403.86,25432.43,2798
1768262400,25425.63,25453.66,25403.66,25435.16,2833
1768276800,25436.16,25453.06,25427.96,25448.56,1691
1768291200,25449.56,25469.76,25361.46,25375.46,7876
1768305600,25376.46,25485.86,25338.46,25456.46,7495
1768320000,25455.46,25512.46,25390.56,25424.36,12997
1768334400,25423.86,25427.06,25352.06,25384.03,6287
1768348800,25389.03,25420.86,25376.46,25390.26,2710
1768363200,25389.76,25421.26,25383.56,25390.36,1761
1768377600,25390.86,25458.26,25353.96,25393.26,7172
1768392000,25394.26,25404.26,25280.26,25289.26,9669
1768406400,25291.76,25361.66,25239.86,25245.86,15584
1768420800,25244.86,25326.43,25215.86,25298.83,8851
1768435200,25302.63,25362.26,25274.43,25359.16,3686
1768449600,25360.16,25383.96,25317.06,25354.26,1916
1768464000,25353.76,25384.96,25228.66,25256.16,9211
1768478400,25257.66,25312.16,25247.66,25295.66,6562
1768492800,25296.66,25379.56,25285.66,25305.06,8287
1768507200,25302.56,25326.06,25234.26,25248.33,5520
1768521600,25258.23,25289.76,25252.13,25286.76,2461
1768536000,25285.26,25303.96,25276.26,25290.26,1269
1768550400,25289.26,25349.66,25264.76,25293.76,6986
1768564800,25294.26,25342.76,25260.26,25279.26,7100
1768579200,25278.76,25298.06,25198.16,25276.26,11323
1768593600,25275.76,25338.86,25273.86,25307.86,3349
1768780800,25096.33,25128.33,24927.56,24949.56,7251
1768795200,24952.06,25038.56,24936.06,25005.56,4276
1768809600,25004.56,25068.76,24917.76,24954.06,14531
1768824000,24953.56,25048.56,24908.56,25043.56,10140
1768838400,25044.56,25046.56,24933.56,24954.86,8649
1768852800,24955.36,24967.46,24950.56,24952.56,675
1768867200,24967.53,24967.73,24822.16,24922.86,2613
1768881600,24924.36,24933.16,24889.96,24909.96,1062
1768896000,24909.96,24910.06,24550.46,24572.06,15934
1768910400,24570.06,24663.56,24506.06,24613.06,15168
1768924800,24613.56,24721.06,24595.56,24643.56,24765
1768939200,24642.06,24653.56,24556.46,24599.13,11494
1768953600,24615.73,24637.76,24580.53,24622.86,4299
1768968000,24624.36,24683.76,24611.76,24665.46,3104
1768982400,24661.46,24708.46,24539.76,24541.76,12124
1768996800,24542.76,24579.36,24342.36,24422.76,13900
1769011200,24422.26,24648.86,24383.26,24507.26,31120
1769025600,24505.76,24896.26,24454.76,24847.13,22600
1769040000,24891.73,24905.56,24849.46,24893.06,3841
1769054400,24892.96,24938.96,24845.46,24854.66,1873
1769068800,24855.16,24931.76,24770.66,24918.76,14164
1769083200,24918.26,24923.76,24788.26,24835.76,11896
1769097600,24835.26,24927.66,24765.66,24842.66,16914
1769112000,24842.16,24859.66,24811.66,24815.53,7573
1769126400,24799.03,24841.86,24793.33,24834.06,3279
1769140800,24832.56,24881.16,24805.36,24881.16,1938
1769155200,24879.16,24903.06,24804.56,24835.06,11270
1769169600,24834.56,24898.66,24787.56,24848.26,12643
1769184000,24849.26,24932.26,24799.16,24857.76,15897
1769198400,24858.26,24921.56,24856.26,24889.66,6357
1769385600,24689.23,24834.46,24684.23,24770.96,9061
1769400000,24771.96,24810.66,24737.46,24804.96,4102
1769414400,24805.46,24915.66,24791.36,24812.36,11340
1769428800,24811.36,24928.36,24796.86,24927.36,9521
1769443200,24927.86,24987.76,24893.76,24956.16,12210
1769457600,24954.66,24968.16,24904.23,24929.73,6189
1769472000,24903.03,24950.66,24901.23,24936.26,2592
1769486400,24935.26,25003.86,24934.26,25002.86,1227
1769500800,25004.36,25019.16,24860.96,24896.96,10463
1769515200,24895.96,24963.46,24890.96,24908.96,10759
1769529600,24909.96,24953.96,24844.96,24872.96,13369
1769544000,24870.96,24917.96,24836.73,24858.13,5436
1769558400,24864.23,24913.46,24859.43,24879.56,2307
1769572800,24873.56,24932.16,24873.56,24913.46,1495
1769587200,24931.96,24946.16,24788.86,24837.96,13147
1769601600,24836.96,24891.46,24704.36,24761.96,16498
1769616000,24760.96,24847.86,24744.86,24823.96,20637
1769630400,24823.46,24902.93,24788.33,24878.63,16119
1769644800,24880.73,24881.73,24799.96,24840.26,8343
1769659200,24840.36,24919.86,24751.46,24751.46,2057
1769673600,24750.96,24837.46,24520.76,24529.26,16248
1769688000,24530.26,24639.86,24505.76,24607.76,18395
1769702400,24609.26,24623.26,24265.26,24393.26,33555
1769716800,24392.76,24494.43,24388.76,24463.63,12688
1769731200,24452.03,24523.36,24413.23,24446.86,6817
1769745600,24448.36,24482.86,24390.36,24424.26,2578
1769760000,24426.26,24526.56,24310.56,24460.76,13547
1769774400,24462.26,24569.66,24405.66,24470.26,15047
1769788800,24469.76,24586.06,24465.76,24499.46,29788
1769803200,24497.96,24527.76,24423.96,24523.06,12167
1769990400,24398.63,24505.26,24362.76,24376.26,8890
1770004800,24375.26,24397.26,24225.76,24277.26,4258
1770019200,24277.76,24608.46,24208.76,24583.96,16265
1770033600,24583.46,24766.56,24583.46,24756.46,14381
1770048000,24757.96,24858.96,24735.96,24815.36,21206
1770062400,24814.86,24856.86,24793.86,24848.33,8501
1770076800,24871.43,24911.03,24859.96,24899.46,4446
1770091200,24898.96,24945.16,24858.86,24886.56,1774
1770105600,24886.06,25102.46,24877.36,24943.56,13389
1770120000,24944.56,24969.56,24791.96,24804.46,15456
1770134400,24803.46,24816.36,24680.86,24701.36,34687
1770148800,24700.86,24774.83,24619.36,24733.33,20962
1770163200,24739.93,24821.86,24725.83,24805.46,4377
1770177600,24805.46,24829.06,24761.26,24783.86,1531
1770192000,24784.86,24878.26,24619.26,24703.36,16262
1770206400,24702.86,24800.26,24673.26,24676.26,17942
1770220800,24674.26,24757.56,24516.56,24582.06,40447
1770235200,24581.56,24709.13,24527.56,24694.53,20429
1770249600,24656.23,24716.56,24627.16,24710.56,5152
1770264000,24710.06,24715.16,24541.46,24604.96,3861
1770278400,24606.46,24674.16,24429.16,24485.16,18467
1770292800,24485.66,24599.16,24311.66,24321.16,27284
1770307200,24320.66,24571.16,24271.16,24500.66,49983
1770321600,24500.16,24540.66,24376.23,24378.13,20257
1770336000,24407.33,24474.36,24199.86,24474.36,9995
1770350400,24474.86,24530.86,24389.86,24513.86,3448
1770364800,24512.86,24577.96,24387.56,24528.96,19155
1770379200,24529.46,24658.56,24517.46,24588.96,16933
1770393600,24588.46,24740.76,24583.46,24716.06,31304
1770408000,24715.56,24759.86,24706.76,24759.46,4903
1770595200,24839.53,24860.76,24770.56,24785.66,8658
1770609600,24785.16,24824.96,24776.16,24818.86,2630
1770624000,24818.96,24944.76,24777.96,24798.96,12815
1770638400,24800.46,24853.46,24712.46,24836.46,14116
1770652800,24836.96,25025.06,24805.36,25000.36,16417
1770667200,25000.86,25041.43,24971.36,25038.13,6284
1770681600,25046.13,25047.43,24982.66,25005.66,4980
1770696000,25005.16,25010.16,24968.86,24997.06,2002
1770710400,24998.06,25082.36,24940.36,25051.86,10988
1770724800,25052.36,25060.46,24935.36,24984.46,12336
1770739200,24984.96,25040.36,24958.36,25031.26,19467
1770753600,25030.76,25030.76,24973.86,25002.53,9855
1770768000,25027.83,25041.66,25009.46,25019.36,2165
1770782400,25018.86,25033.56,24986.46,25002.06,1163
1770796800,25024.06,25047.76,24846.36,24869.86,11987
1770811200,24869.36,24988.76,24849.76,24964.36,16202
1770825600,24964.86,25000.26,24829.76,24883.76,31177
1770840000,24882.76,24948.56,24845.76,24928.43,11558
1770854400,24929.73,24948.26,24892.26,24944.56,5025
1770868800,24945.56,25007.06,24916.26,25003.06,1772
1770883200,25002.06,25198.76,24948.76,25184.26,13811
1770897600,25184.76,25227.56,25163.26,25202.46,12594
1770912000,25202.96,25236.96,24808.46,24874.46,34721
1770926400,24874.96,24967.96,24860.96,24924.93,17785
1770940800,24904.93,24938.36,24852.16,24922.66,7479
1770955200,24923.16,24955.46,24850.76,24854.66,2910
1770969600,24853.16,24890.36,24735.86,24813.86,17623
1770984000,24813.36,24927.76,24762.36,24904.66,24293
1770998400,24905.66,24981.16,24807.16,24944.16,39328
1771012800,24944.66,24975.66,24854.16,24904.66,10512
1771200000,24896.63,24945.66,24880.83,24921.66,4905
1771214400,24922.16,24958.16,24908.46,24927.36,1209
1771228800,24927.46,25019.46,24914.56,24940.56,9969
1771243200,24940.06,24959.06,24895.56,24910.56,9815
1771257600,24909.56,24915.06,24787.46,24832.96,12254
1771272000,24832.96,24834.96,24817.46,24827.96,310
1771286400,24836.53,24870.93,24762.46,24770.96,3669
1771300800,24768.46,24793.66,24678.46,24698.06,2837
1771315200,24698.56,24876.36,24696.16,24862.86,11572
1771329600,24863.36,24880.86,24730.71,24837.21,13905
1771344000,24836.71,25023.21,24818.71,24969.71,30612
1771358400,24970.21,25053.48,24953.21,25037.48,11448
1771372800,25022.48,25036.41,24997.01,25022.61,3882
1771387200,25023.11,25081.11,25001.81,25071.11,1064
1771401600,25071.61,25202.91,25039.91,25191.91,9732
1771416000,25192.41,25267.41,25111.41,25117.91,10177
1771430400,25119.91,25318.61,25096.41,25288.11,14954
1771444800,25287.61,25300.51,25167.21,25219.08,9218
1771459200,25234.18,25266.51,25212.01,25244.81,2981
1771473600,25244.91,25257.11,25209.71,25214.61,936
1771488000,25215.11,25222.71,25050.01,25054.51,10003
1771502400,25053.01,25107.01,24994.51,25043.51,11860
1771516800,25045.01,25061.11,24978.91,24987.51,22662
1771531200,24988.01,25038.98,24971.01,25006.38,9733
1771545600,25018.38,25082.61,25010.78,25057.91,2963
1771560000,25059.91,25092.21,25036.11,25090.71,1405
1771574400,25091.71,25144.31,25000.51,25108.91,9317
1771588800,25109.91,25135.91,25063.81,25104.91,11907
1771603200,25105.41,25340.81,25090.41,25231.81,30334
1771617600,25231.31,25266.31,25181.81,25239.41,8972
1771804800,25221.38,25226.98,25093.41,25100.51,5326
1771819200,25100.41,25121.61,25052.91,25076.21,1315
1771833600,25075.71,25197.11,25067.51,25123.11,9302
1771848000,25123.61,25178.21,25018.61,25159.21,10166
1771862400,25160.71,25175.71,24934.31,24985.31,23286
1771876800,24984.81,25027.71,24957.51,24986.98,9499
1771891200,24986.28,25009.81,24977.51,24996.11,4123
1771905600,24996.61,25054.11,24987.71,25024.11,1670
1771920000,25025.61,25033.21,24880.41,24960.41,15404
1771934400,24959.91,25013.31,24915.31,24984.31,13575
1771948800,24983.31,25093.81,24894.31,25037.11,24418
1771963200,25036.61,25072.01,25019.68,25024.58,7566
1771977600,25018.28,25061.01,25010.78,25052.11,2478
1771992000,25051.11,25056.11,24998.71,25035.41,2573
1772006400,25033.41,25097.41,24990.91,25067.71,12634
1772020800,25068.21,25157.21,25048.61,25144.71,11543
1772035200,25145.71,25205.61,25115.61,25198.11,16625
1772049600,25197.61,25252.98,25185.38,25224.28,8389
1772064000,25205.08,25219.58,25150.11,25167.41,5131
1772078400,25166.91,25167.41,25121.61,25130.01,2187
1772092800,25129.51,25213.11,25084.81,25190.61,14338
1772107200,25191.11,25308.51,25173.01,25268.11,13112
1772121600,25268.61,25315.01,25155.51,25234.21,33132
1772136000,25234.21,25351.81,25220.01,25301.58,14433
1772150400,25257.58,25300.28,25239.38,25257.11,5787
1772164800,25256.61,25302.21,25244.51,25280.81,2324
1772179200,25280.31,25405.71,25232.11,25354.71,14881
1772193600,25355.21,25363.21,25204.14,25276.21,21135
1772208000,25276.71,25334.61,25185.61,25218.61,36535
1772222400,25219.11,25230.81,25152.71,25178.61,11153
1772409600,24888.28,25019.68,24838.71,24961.21,13304
1772424000,24960.71,24976.21,24843.71,24846.21,7172
1772438400,24847.21,24897.01,24645.91,24849.51,30187
1772452800,24849.01,24901.01,24588.01,24606.51,28625
1772467200,24608.01,24736.51,24575.01,24718.01,38818
1772481600,24719.01,24729.11,24585.88,24589.98,16514
1772496000,24598.38,24659.81,24525.81,24525.81,8405
1772510400,24524.31,24547.31,24362.81,24379.31,8887
1772524800,24379.81,24429.31,23802.51,23844.01,33821
1772539200,23845.51,23888.51,23592.51,23723.01,41804
1772553600,23726.01,23941.51,23595.51,23872.51,50173
1772568000,23873.01,24118.51,23872.01,23986.18,12698
1772582400,23975.38,24046.21,23867.71,23898.71,10989
1772596800,23897.71,23918.21,23732.21,23764.21,10116
1772611200,23762.21,24025.21,23708.21,24022.21,29947
1772625600,24020.21,24222.21,23994.71,24177.71,34700
1772640000,24176.21,24241.21,24066.71,24212.21,37573
1772654400,24211.21,24293.61,24201.81,24265.28,14199
1772668800,24279.28,24321.81,24150.31,24180.31,7747
1772683200,24182.31,24206.31,24047.31,24051.31,7328
1772697600,24055.31,24365.01,23998.81,24270.51,29561
1772712000,24271.01,24321.51,23990.01,24006.51,24936
1772726400,24004.51,24105.01,23676.01,23687.51,50107
1772740800,23688.01,23873.31,23669.01,23799.78,26678
1772755200,23812.48,23919.11,23807.48,23897.61,7646
1772769600,23900.11,23998.61,23898.61,23962.61,5101
1772784000,23960.11,24030.81,23734.21,23782.21,25429
1772798400,23785.21,23881.71,23385.71,23407.71,36451
1772812800,23409.71,23654.21,23337.21,23569.21,53721
1772827200,23568.71,23698.21,23567.71,23648.21,17320
1773014400,23332.68,23335.38,22901.31,22938.81,18224
1773028800,22939.81,22961.31,22706.31,22753.31,10655
1773043200,22755.81,23104.01,22730.31,23037.01,27558
1773057600,23041.01,23317.01,22959.01,23215.51,42204
1773072000,23216.01,23473.51,23123.01,23455.51,51348
1773086400,23456.01,23949.51,23309.01,23783.88,25302
1773100800,23751.88,23806.08,23665.21,23716.51,14455
1773115200,23717.51,23754.51,23518.01,23569.01,8780
1773129600,23568.51,24000.21,23568.01,23896.31,19947
1773144000,23895.31,24068.31,23794.81,23916.41,30675
1773158400,23915.41,24067.81,23765.81,24029.81,39470
1773172800,24029.31,24107.81,23749.81,23806.78,26733
1773187200,23783.08,23942.11,23751.48,23895.61,7586
1773201600,23896.11,23994.11,23889.11,23962.11,4153
1773216000,23961.11,23964.81,23571.31,23602.81,17121
1773230400,23603.81,23817.31,23528.81,23579.31,28969
1773244800,23578.81,23833.31,23558.81,23685.31,39008
1773259200,23684.31,23709.31,23594.31,23634.08,14981
1773273600,23590.38,23594.18,23363.31,23420.31,13823
1773288000,23418.81,23492.31,23248.31,23298.41,6772
1773302400,23297.41,23615.01,23296.91,23600.01,16174
1773316800,23598.51,23700.51,23476.51,23596.61,26954
1773331200,23598.11,23630.71,23362.61,23565.61,49185
1773345600,23564.61,23635.61,23509.08,23520.08,18476
1773360000,23492.58,23610.81,23459.21,23605.81,10097
1773374400,23605.31,23672.31,23589.31,23603.81,4694
1773388800,23603.31,23617.31,23285.51,23409.81,17277
1773403200,23411.81,23706.81,23364.31,23647.81,27305
1773417600,23647.31,23765.81,23380.81,23415.31,47608
1773432000,23415.81,23456.81,23355.81,23375.78,18286
1773619200,23350.88,23563.01,23289.38,23545.01,15862
1773633600,23545.51,23562.51,23446.01,23478.51,5060
1773648000,23479.01,23569.01,23392.71,23434.21,15566
1773662400,23434.71,23625.21,23333.21,23576.71,24922
1773676800,23577.21,23702.51,23557.51,23570.51,31542
1773691200,23571.01,23671.01,23558.01,23617.88,14726
1773705600,23592.38,23627.91,23527.21,23540.21,8871
1773720000,23539.21,23589.21,23527.31,23559.11,3786
1773734400,23558.61,23561.61,23407.71,23502.91,14376
1773748800,23503.41,23705.01,23503.41,23682.51,21023
1773763200,23683.01,23821.51,23678.91,23699.41,30729
1773777600,23698.41,23746.41,23670.41,23698.68,10598
1773792000,23687.28,23746.21,23659.58,23744.71,4120
1773806400,23745.71,23845.61,23745.71,23836.11,2370
1773820800,23836.61,23927.51,23803.21,23877.51,10411
1773835200,23878.51,23956.11,23595.51,23606.51,20630
1773849600,23607.51,23672.01,23445.01,23503.51,32195
1773864000,23502.51,23546.61,23110.08,23159.08,17646
1773878400,23148.48,23193.11,23081.31,23125.41,7312
1773892800,23125.91,23270.81,23093.31,23125.31,3591
1773907200,23123.31,23190.51,22921.01,22959.51,16948
1773921600,22962.51,23051.51,22785.51,22820.51,28988
1773936000,22819.51,22998.51,22752.01,22812.11,38816
1773950400,22813.11,23124.61,22726.61,23015.48,11538
1773964800,23007.88,23068.61,22986.41,23016.61,6126
1773979200,23015.61,23088.11,22979.11,22987.71,4470
1773993600,22987.21,23175.81,22900.31,23052.31,14284
1774008000,23052.81,23063.31,22691.31,22903.81,37026
1774022400,22904.31,22915.81,22277.81,22323.81,49669
1774036800,22324.81,22357.81,22087.81,22197.68,23797
1774224000,21916.38,22120.21,21916.38,21997.21,16781
1774238400,21997.71,22210.71,21980.21,22068.71,11963
1774252800,22071.71,22107.21,21871.41,21968.41,28494
1774267200,21966.41,23234.41,21863.41,22892.41,48529
1774281600,22900.41,23098.41,22586.91,22696.31,57054
1774296000,22699.31,22900.31,22672.81,22787.18,21254
1774310400,22757.78,22859.08,22556.41,22583.91,11188
1774324800,22582.91,22587.91,22400.91,22449.41,10398
1774339200,22449.91,22737.11,22373.91,22489.61,22331
1774353600,22492.61,22652.11,22405.11,22438.61,37272
1774368000,22435.11,22676.61,22348.11,22595.11,53286
1774382400,22594.11,22936.78,22483.11,22839.78,27512
1774396800,22876.58,22990.01,22819.68,22949.51,10095
1774411200,22948.01,22988.01,22824.01,22921.51,6845
1774425600,22922.51,23074.21,22807.21,22988.21,18519
1774440000,22988.71,23085.71,22882.71,22992.91,30734
1774454400,22995.91,23056.41,22811.41,22952.41,44749
1774468800,22952.91,23004.91,22865.91,22908.68,15387
1774483200,22900.88,22919.11,22846.51,22891.61,6921
1774497600,22892.61,22912.61,22759.61,22814.61,7471
1774512000,22815.11,22825.61,22626.31,22682.81,16933
1774526400,22683.31,22713.31,22543.31,22610.81,26585
1774540800,22610.31,22815.31,22553.81,22607.81,40987
1774555200,22606.81,22885.78,22503.28,22671.78,14764
1774569600,22635.78,22718.41,22565.41,22583.41,9371
1774584000,22582.91,22729.11,22574.91,22721.01,6292
1774598400,22721.01,22777.41,22369.51,22374.01,16220
1774612800,22384.01,22398.01,22208.51,22325.01,30998
1774627200,22324.51,22413.01,22233.51,22306.51,39871
1774641600,22307.01,22356.01,22124.38,22128.88,15923
1774828800,21992.78,22123.11,21926.71,21981.11,18349
1774843200,21981.61,22213.61,21948.61,22162.11,8155
1774857600,22160.11,22356.31,22143.11,22352.31,21186
1774872000,22352.81,22533.31,22231.81,22414.81,25142
1774886400,22414.31,22626.81,22343.81,22537.31,39550
1774900800,22536.81,22552.31,22338.31,22422.08,18665
1774915200,22457.08,22570.91,22295.41,22532.41,13957
1774929600,22530.41,22730.91,22470.91,22563.91,14558
1774944000,22563.41,22770.41,22485.11,22685.81,26122
1774958400,22685.31,22861.81,22618.31,22759.31,34474
1774972800,22759.81,23065.81,22593.31,22871.31,43722
1774987200,22870.81,23042.81,22845.81,23007.38,28546
1775001600,23005.38,23109.31,22992.08,23084.91,9999
1775016000,23087.91,23091.91,23011.01,23066.91,6124
1775030400,23067.41,23351.11,23062.91,23172.11,24742
1775044800,23175.11,23411.11,23023.11,23210.61,28100
1775059200,23211.11,23384.61,23147.61,23357.31,35189
1775073600,23357.81,23380.21,23184.61,23311.48,16902
1775088000,23313.38,23352.68,23266.31,23345.68,8768
1775102400,23345.68,23345.68,22817.31,22844.31,16982
1775116800,22843.31,23001.31,22799.81,22955.31,18824
1775131200,22959.31,22971.31,22669.31,22758.81,16476
1775145600,22762.81,23255.31,22744.81,23131.81,27846
1775160000,23132.31,23228.68,23124.31,23218.18,9626
1775520000,23308.71,23369.71,23278.21,23284.21,950
1775534400,23280.21,23300.71,23138.31,23140.31,6553
1775548800,23141.31,23395.91,23082.41,23338.91,23840
1775563200,23337.41,23420.91,23027.91,23095.41,33391
1775577600,23099.91,23147.41,22841.01,23030.11,41997
1775592000,23029.61,23381.31,22987.31,23243.78,18120
1775606400,23461.98,23983.01,23243.08,23929.51,23220
1775620800,23930.51,24138.01,23897.01,24106.01,7278
1775635200,24107.01,24248.21,23911.21,23975.71,27976
1775649600,23976.71,24169.01,23887.21,24138.01,21074
1775664000,24138.51,24166.51,23956.81,24077.61,28584
1775678400,24077.11,24087.51,23913.31,23998.38,11626
1775692800,24020.78,24032.58,23906.31,23907.31,7832
1775707200,23909.31,23921.81,23858.81,23887.31,5798
1775721600,23887.81,24002.51,23753.01,23757.01,18481
1775736000,23758.01,23841.01,23740.01,23766.51,18250
1775750400,23767.01,23937.81,23667.31,23881.81,30390
1775764800,23882.31,23932.81,23823.81,23884.68,13945
1775779200,23878.08,23888.68,23843.21,23869.21,5181
1775793600,23864.71,23924.71,23852.71,23900.71,3520
1775808000,23901.21,23920.21,23765.41,23780.41,13235
1775822400,23783.41,24046.97,23777.41,23972.41,21203
1775836800,23973.41,24001.41,23729.91,23777.41,24278
1775851200,23776.91,23802.31,23710.11,23790.71,6422
1776038400,23447.58,23576.21,23418.58,23564.21,9564
1776052800,23567.21,23576.71,23492.21,23521.21,4763
1776067200,23521.71,23617.51,23474.41,23576.01,13280
1776081600,23577.51,23613.11,23479.01,23549.61,13329
1776096000,23552.11,23896.51,23545.11,23859.51,24490
1776110400,23858.01,23958.78,23856.01,23953.58,7229
1776124800,23954.48,23990.41,23922.11,23925.21,2959
1776139200,23925.21,23926.21,23873.81,23881.01,3071
1776153600,23880.51,24039.81,23865.91,24036.31,15876
1776168000,24035.31,24095.77,23935.21,24022.81,14802
1776182400,24021.81,24089.91,23997.41,24030.31,18886
1776196800,24030.81,24065.91,24022.91,24054.08,7531
1776211200,24049.68,24105.51,24028.91,24045.51,3861
1776225600,24045.61,24062.41,24007.41,24010.81,3288
1776240000,24009.81,24105.61,23978.91,24092.11,13648
1776254400,24091.61,24149.51,23995.01,24058.61,18047
1776268800,24057.11,24121.01,24017.01,24031.51,19120
1776283200,24033.01,24104.31,24030.51,24057.88,7583
1776297600,24080.68,24149.21,24070.68,24141.11,3033
1776312000,24140.11,24149.61,24100.11,24125.01,3237
1776326400,24125.51,24182.71,24051.81,24115.31,12593
1776340800,24114.31,24245.31,24106.81,24230.81,10494
1776355200,24232.31,24254.71,24082.71,24084.81,23837
1776369600,24085.31,24122.08,24045.71,24113.38,9254
1776384000,24112.38,24173.51,24099.91,24164.91,2656
1776398400,24160.41,24171.01,24120.91,24150.31,2629
1776412800,24149.81,24315.21,24107.61,24313.21,11512
1776427200,24312.21,24674.11,24249.71,24611.61,18541
1776441600,24611.11,24798.61,24578.11,24697.91,35859
1776456000,24697.41,24704.41,24574.61,24631.11,10225
1776643200,24377.78,24434.58,24372.78,24420.71,9445
1776657600,24421.71,24467.71,24386.31,24413.71,4657
1776672000,24412.71,24452.91,24284.91,24336.91,19735
1776686400,24335.91,24411.01,24325.91,24359.01,18557
1776700800,24359.51,24498.41,24338.41,24389.41,28903
1776715200,24391.91,24522.48,24386.21,24501.58,8492
1776729600,24506.48,24520.48,24471.71,24500.71,3144
1776744000,24501.71,24523.11,24479.21,24517.61,3594
1776758400,24518.11,24610.51,24494.91,24582.01,15004
1776772800,24582.51,24608.51,24442.91,24456.91,17836
1776787200,24457.91,24480.41,24201.91,24202.91,32066
1776801600,24202.41,24258.91,24022.41,24160.98,25199
1776816000,24185.48,24262.01,24174.21,24244.31,4257
1776830400,24243.81,24257.31,24199.31,24203.31,4633
1776844800,24204.81,24393.51,24196.81,24283.91,18078
1776859200,24284.41,24319.81,24155.31,24227.81,23541
1776873600,24228.81,24303.31,24146.81,24177.81,29366
1776888000,24178.81,24249.48,24129.71,24191.28,12487
1776902400,24174.38,24189.01,23881.61,24093.11,6473
1776916800,24093.61,24096.11,23863.61,23931.11,11421
1776931200,23932.61,24186.81,23928.11,24046.81,19927
1776945600,24046.31,24200.31,23986.31,24118.31,27577
1776960000,24117.31,24256.71,24066.21,24227.71,28217
1776974400,24228.71,24233.71,23841.21,24087.48,27525
1776988800,24155.28,24223.21,24144.51,24161.01,4950
1777003200,24160.01,24165.51,24037.51,24123.61,7753
1777017600,24124.11,24218.71,24015.21,24038.71,19288
1777032000,24042.21,24328.71,23986.71,24132.21,29048
1777046400,24135.71,24293.71,24086.71,24202.71,33234
1777060800,24203.71,24254.21,24187.31,24225.01,6707
1777248000,24171.98,24195.11,24139.61,24180.61,5604
1777262400,24181.61,24268.61,24179.61,24202.61,6964
1777276800,24203.11,24245.81,24134.31,24222.81,17357
1777291200,24222.31,24381.31,24196.81,24206.81,17382
1777305600,24210.31,24249.81,24045.31,24137.01,28949
1777320000,24138.51,24164.31,24075.28,24089.98,6130
1777334400,24097.78,24166.41,24095.68,24131.21,4901
1777348800,24132.21,24167.71,24111.01,24152.71,5586
1777363200,24153.21,24157.61,23991.21,24135.21,22572
1777377600,24133.21,24159.31,23893.71,24060.71,31302
1777392000,24058.71,24066.21,23944.21,23999.71,37589
1777406400,24000.21,24012.68,23973.21,23996.38,9583
1777420800,24007.28,24057.51,24004.08,24045.21,2299
1777435200,24044.71,24065.91,23988.91,24049.01,5284
1777449600,24049.51,24121.11,23919.61,23945.11,20730
1777464000,23945.61,24026.11,23911.11,23995.61,23976
1777478400,23998.11,24039.11,23821.31,23863.31,30252
1777492800,23864.31,23897.61,23761.18,23808.88,24513
1777507200,23837.18,23920.41,23835.18,23909.91,6918
1777521600,23908.91,23938.41,23641.91,23652.91,10161
1777536000,23653.91,23928.11,23612.11,23870.11,27889
1777550400,23869.61,24200.61,23863.61,24157.61,33692
1777564800,24160.11,24317.41,24082.11,24266.11,35705
1777579200,24265.61,24333.41,24252.18,24307.38,12003
1777852800,24350.51,24350.51,24283.51,24322.01,1313
1777867200,24323.51,24363.11,24289.51,24333.11,5525
1777881600,24333.61,24401.71,24255.21,24291.21,17050
1777896000,24291.71,24396.31,24057.21,24242.21,30151
1777910400,24240.21,24262.21,23841.21,23877.71,38390
1777924800,23879.21,23987.21,23865.21,23900.18,11971
1777939200,23922.28,23947.61,23891.01,23915.11,4514
1777953600,23914.61,23946.11,23877.51,23928.51,6499
1777968000,23927.01,24252.21,23914.01,24246.71,24741
1777982400,24249.21,24392.21,24206.21,24323.31,26104
1777996800,24324.31,24438.71,24223.71,24381.01,28724
1778011200,24381.51,24480.68,24372.11,24464.58,8107
1778025600,24466.08,24575.51,24458.28,24559.41,9018
1778040000,24558.91,24602.91,24498.41,24582.91,8703
1778054400,24583.41,25074.61,24542.41,25009.61,25847
1778068800,25010.11,25160.61,24834.11,24943.11,41535
1778083200,24942.11,24987.11,24837.11,24900.21,33038
1778097600,24899.21,24979.58,24889.91,24951.38,10155
1778112000,24933.38,24950.81,24909.01,24943.51,5424
1778126400,24940.51,24993.51,24922.01,24961.61,8863
1778140800,24962.11,25014.71,24872.81,24882.31,24856
1778155200,24881.81,24942.81,24837.81,24912.81,22445
1778169600,24910.81,24910.81,24557.71,24581.41,34951
1778184000,24586.41,24601.91,24403.48,24424.18,27230
1778198400,24384.18,24500.21,24372.88,24466.31,5336
1778212800,24467.31,24498.71,24421.71,24476.21,8659
1778227200,24478.21,24521.41,24398.91,24410.41,23058
1778241600,24413.41,24512.41,24371.41,24396.91,23961
1778256000,24395.91,24482.91,24271.91,24338.61,27470
1778270400,24338.11,24413.21,24321.91,24390.71,8144
1778457600,24294.58,24346.21,24228.61,24260.11,7627
1778472000,24258.61,24316.81,24244.11,24282.61,9117
1778486400,24283.11,24369.31,24255.11,24294.41,19998
1778500800,24293.41,24362.41,24203.41,24265.41,20061
1778515200,24265.91,24361.21,24248.41,24258.61,22756
1778529600,24260.11,24303.11,24241.61,24281.18,8805
1778544000,24291.68,24310.48,24235.21,24240.81,3245
1778558400,24241.31,24248.81,24066.01,24133.11,11110
1778572800,24129.11,24200.71,24011.71,24136.31,22368
1778587200,24134.81,24214.21,24048.21,24139.81,24200
1778601600,24139.31,24142.81,23923.81,23985.61,30798
1778616000,23986.11,24078.51,23984.11,24025.78,11403
1778630400,24036.68,24064.98,23983.41,24034.61,6204
1778644800,24034.11,24117.21,24030.11,24115.61,8292
1778659200,24116.11,24224.31,24085.01,24144.81,20811
1778673600,24145.31,24189.91,24002.31,24059.81,23345
1778688000,24064.81,24191.51,24061.31,24181.51,27656
1778702400,24181.01,24260.68,24173.01,24254.88,9297
1778716800,24260.68,24291.51,24254.78,24287.11,4680
1778731200,24286.61,24291.01,24193.91,24216.01,7738
1778745600,24217.01,24436.51,24189.91,24423.61,20719
1778760000,24424.61,24494.51,24387.51,24442.61,21048
1778774400,24441.11,24484.91,24352.01,24376.61,22427
1778788800,24377.61,24392.91,24296.91,24323.28,12324
1778803200,24331.68,24351.31,24271.51,24281.21,5520
1778817600,24281.71,24285.11,24132.71,24134.71,16057
1778832000,24135.21,24294.21,24003.61,24082.11,30457
1778846400,24082.61,24176.11,23939.61,23985.71,33896
1778860800,23987.71,24024.61,23860.61,23901.54,37941
1778875200,23901.04,23957.64,23893.34,23920.64,10894
1779062400,23875.91,23898.81,23698.84,23815.74,14042
1779076800,23817.74,23823.24,23677.24,23720.84,21257
1779091200,23721.84,24002.54,23634.44,23995.54,27227
1779105600,23996.04,24383.04,23930.44,24382.04,29336
1779120000,24387.54,24439.54,24236.54,24263.54,42996
1779134400,24263.04,24397.24,24158.04,24379.61,22004
1779148800,24393.11,24438.74,24320.84,24328.94,9728
1779163200,24328.44,24364.84,24196.44,24267.54,17533
1779177600,24268.04,24665.14,24228.84,24640.64,24616
1779192000,24640.14,24695.64,24548.14,24614.64,26168
1779206400,24613.64,24622.14,24342.04,24390.54,40087
1779220800,24390.04,24417.54,24299.04,24311.61,13396
1779235200,24326.51,24401.44,24225.84,24294.84,10625
1779249600,24293.84,24325.84,24158.34,24237.44,18822
1779264000,24237.94,24458.04,24236.44,24437.14,20007
1779278400,24434.14,24592.54,24425.04,24472.14,15664
1779292800,24472.64,24896.94,24439.04,24720.84,35447
1779307200,24721.84,24799.61,24703.54,24754.91,14278
1779321600,24709.61,24746.74,24654.01,24737.74,8618
1779336000,24738.24,24805.14,24702.74,24759.24,7722
1779350400,24759.24,24863.24,24597.34,24796.84,21215
1779364800,24796.34,24895.84,24527.74,24582.74,30094
1779379200,24576.24,24722.84,24531.24,24647.04,33498
1779393600,24648.54,24920.54,24648.04,24844.61,20395
1779408000,24870.31,24923.94,24852.54,24859.54,4647
1779422400,24859.04,24920.94,24836.04,24886.44,6652
1779436800,24884.94,24923.94,24664.54,24739.14,18073
1779451200,24738.14,24951.04,24704.54,24919.74,18676
1779465600,24918.74,24944.74,24829.74,24850.34,22065
1779480000,24851.34,24938.74,24789.74,24806.04,9737
1779667200,24959.41,25099.04,24956.21,25045.64,6348
1779681600,25050.64,25208.34,25041.04,25182.04,4689
1779696000,25183.04,25235.64,25063.24,25189.34,11232
1779710400,25188.84,25336.24,25185.84,25277.04,7980
1779724800,25275.04,25445.94,25262.04,25395.44,7575
1779739200,25396.44,25413.94,25375.04,25394.94,829
1779753600,25388.31,25393.51,25265.24,25307.94,6970
1779768000,25308.44,25353.04,25282.84,25319.44,7763
1779782400,25318.94,25378.84,25180.64,25184.64,15437
1779796800,25184.14,25299.14,25170.14,25264.64,14034
1779811200,25263.14,25288.14,25160.94,25195.94,18909
1779825600,25195.44,25248.84,25173.84,25228.11,5556
1779840000,25228.91,25275.64,25209.31,25263.74,5318
1779854400,25264.74,25266.64,25217.74,25254.34,7128
1779868800,25250.34,25371.54,25239.24,25336.54,15053
1779883200,25335.54,25396.54,25228.04,25262.54,17130
1779897600,25262.04,25285.54,25105.44,25189.34,25060
1779912000,25188.34,25238.21,25146.84,25230.71,7463
1779926400,25246.51,25247.71,25138.64,25195.54,6892
1779940800,25197.04,25201.04,24907.04,24955.14,12559
1779955200,24956.14,25180.04,24936.64,25164.14,16585
1779969600,25163.14,25182.64,24997.64,25076.14,15639
1779984000,25076.64,25252.94,24972.54,25157.64,23937
1779998400,25158.64,25162.14,25083.14,25115.21,6495
1780012800,25130.11,25132.81,25066.54,25084.54,3986
1780027200,25082.54,25176.84,25069.94,25169.74,8008
1780041600,25169.24,25202.04,25077.14,25120.24,13183
1780056000,25119.24,25204.74,25034.14,25107.84,14467
1780070400,25106.84,25206.74,25038.34,25108.24,23186
1780084800,25108.74,25120.24,25025.74,25051.74,5154
1780272000,25022.71,25122.04,25016.31,25118.04,5244
1780286400,25118.54,25147.64,25079.44,25123.14,6590
1780300800,25122.14,25186.84,25060.34,25150.94,14432
1780315200,25152.44,25304.84,25120.94,25267.94,15299
1780329600,25269.44,25271.94,24896.79,25056.34,33031
1780344000,25057.34,25179.84,25018.24,25072.21,7808
1780358400,25038.71,25041.71,24981.44,24988.94,6826
1780372800,24988.44,25118.14,24988.44,25117.64,9629
1780387200,25118.64,25366.14,25102.94,25269.14,22394
1780401600,25268.64,25278.14,25141.64,25149.64,25490
1780416000,25148.64,25155.64,25061.14,25085.54,32386
1780430400,25086.04,25122.21,25055.54,25112.21,9243
1780444800,25101.41,25116.64,25010.74,25110.84,7721
1780459200,25110.34,25123.04,25077.74,25091.84,5850
1780473600,25091.34,25104.84,24878.44,24932.94,23605
1780488000,24931.94,24949.94,24829.94,24896.94,26836
1780502400,24896.44,24918.94,24750.94,24780.84,33371
1780516800,24781.84,24797.34,24661.61,24676.31,15131
1780531200,24676.51,24759.34,24651.74,24750.34,8348
1780545600,24752.84,24783.84,24689.84,24755.04,9293
1780560000,24754.54,25004.44,24715.84,24887.94,25764
1780574400,24887.44,25004.44,24843.44,24977.94,31879
1780588800,24977.44,25010.94,24869.44,24941.84,29818
1780603200,24940.84,24970.84,24898.11,24899.11,8776
1780617600,24894.71,24895.81,24764.44,24808.44,6430
1780632000,24811.44,24864.14,24779.64,24823.44,9093
1780646400,24822.94,24954.54,24804.44,24939.54,28127
1780660800,24940.04,25028.94,24894.44,24906.44,28799
1780675200,24907.44,24958.94,24678.44,24711.94,42538
1780689600,24712.94,24720.04,24501.94,24586.44,25918
1780876800,24463.31,24609.84,24411.81,24556.74,14723
1780891200,24554.24,24615.24,24363.74,24425.24,19235
1780905600,24427.24,24595.44,24334.44,24531.54,38544
1780920000,24532.04,24743.94,24529.54,24651.54,37424
1780934400,24652.54,24706.54,24589.14,24590.24,42918
1780948800,24589.74,24628.24,24539.54,24571.91,26535
1780963200,24554.71,24590.54,24484.84,24508.34,11997
1780977600,24510.34,24641.54,24491.84,24619.64,14447
1780992000,24620.14,24752.24,24534.04,24745.74,28090
1781006400,24745.24,24822.24,24699.24,24753.74,23176
1781020800,24753.24,24814.74,24230.64,24293.14,60134
1781035200,24293.64,24550.24,24292.64,24520.11,43386
1781049600,24464.71,24521.64,24418.51,24505.64,12120
1781064000,24501.14,24541.64,24389.24,24398.74,18893
1781078400,24396.74,24520.84,24300.14,24312.64,33936
1781092800,24312.14,24339.64,24032.54,24286.14,49559
1781107200,24287.14,24360.14,24115.04,24159.04,59641
1781121600,24160.04,24200.54,24033.21,24040.51,37985
1781136000,24009.81,24057.04,23944.14,24047.04,20224
1781150400,24046.54,24188.54,23992.04,24166.24,16779
1781164800,24167.74,24260.34,24100.24,24206.84,31716
1781179200,24206.34,24290.74,24071.74,24202.74,30853
1781193600,24203.24,24326.74,24151.84,24195.44,55697
1781208000,24195.94,24647.24,24163.74,24603.31,43009
1781222400,24633.91,24671.84,24590.54,24605.54,13358
1781236800,24606.54,24630.04,24535.04,24607.04,9492
1781251200,24608.04,24755.84,24490.14,24621.94,36454
1781265600,24622.94,24705.44,24448.44,24465.84,34183
1781280000,24466.84,24663.84,24412.84,24625.94,52996
1781294400,24625.44,24689.34,24625.44,24668.04,20675
1781481600,24919.81,25084.84,24906.74,25046.94,19083
1781496000,25045.94,25071.94,25002.04,25035.04,6118
1781510400,25033.04,25096.04,24945.14,24953.14,27208
1781524800,24952.14,24997.64,24903.64,24992.24,23963
1781539200,24991.24,25013.14,24881.64,24908.84,29013
1781553600,24907.84,24909.84,24834.34,24846.31,12229
1781568000,24843.91,24873.14,24794.21,24860.04,4924
1781582400,24860.54,24886.74,24832.64,24862.24,4350
1781596800,24862.74,25110.04,24862.74,25092.04,20433
1781611200,25091.54,25096.54,24978.54,24983.04,21650
1781625600,24982.54,24986.04,24802.44,24831.94,36786
1781640000,24832.44,24835.94,24731.61,24750.31,20545
1781654400,24769.21,24807.54,24766.91,24793.04,4598
1781668800,24791.54,24825.84,24780.54,24822.64,3460
1781683200,24821.14,24870.44,24760.44,24831.04,25486
1781697600,24830.54,24959.54,24828.54,24872.54,27379
1781712000,24872.04,24986.24,24822.94,24947.44,39482
1781726400,24946.94,24993.44,24793.94,24852.31,29173
1781740800,24850.81,25034.04,24842.04,24853.54,8695
1781755200,24857.04,24910.24,24845.54,24861.24,3933
1781769600,24861.74,25071.34,24850.64,24867.34,28150
1781784000,24867.84,25040.34,24846.34,25027.84,31944
1781798400,25027.34,25087.04,24925.84,25060.04,41223
1781812800,25062.04,25100.31,25019.74,25084.91,18067
1781827200,25091.71,25092.61,24932.34,24975.64,6033
1781841600,24975.14,24992.14,24890.54,24906.44,4520
1781856000,24905.94,25178.64,24900.44,25124.14,19936
1781870400,25125.14,25140.64,24948.64,25060.64,23886
1781884800,25061.64,25095.64,24972.84,24994.94,18853
1781899200,24993.94,25010.84,24989.34,24998.84,1307
1782086400,24983.41,25006.84,24841.04,25004.34,11667
1782100800,25007.34,25031.24,24942.84,24976.34,5346
1782115200,24976.84,25089.74,24947.84,24953.84,21424
1782129600,24953.34,25037.84,24900.24,25028.34,22719
1782144000,25029.84,25184.24,25028.84,25091.94,32826
1782158400,25092.94,25110.44,25062.94,25094.11,13652
1782172800,25091.21,25098.84,25029.74,25084.84,6079
1782187200,25085.84,25094.84,24912.44,24918.84,10094
1782201600,24919.34,24939.74,24724.44,24773.44,28768
1782216000,24773.94,24934.44,24756.44,24909.54,23682
1782230400,24909.04,24993.44,24855.44,24966.34,31659
1782244800,24965.34,24972.34,24885.24,24915.31,18252
1782259200,24930.41,24969.84,24853.14,24934.34,13457
1782273600,24936.34,24952.34,24833.84,24885.94,10364
1782288000,24888.44,24941.94,24663.44,24698.54,24915
1782302400,24699.54,24710.44,24601.54,24627.54,24966
1782316800,24628.04,24755.44,24586.94,24703.84,35616
1782331200,24703.34,24794.61,24628.44,24789.11,28536
1782345600,24786.71,24786.71,24712.74,24732.24,9789
1782360000,24731.74,24759.74,24679.64,24727.94,11992
1782374400,24727.44,24894.44,24713.84,24871.44,17549
1782388800,24871.94,24993.44,24860.94,24976.44,17514
1782403200,24975.94,25090.44,24843.84,24994.24,43133
1782417600,24994.74,25027.51,24939.44,24988.41,26020
1782432000,24958.51,25031.14,24907.61,24929.24,11705
1782446400,24929.74,24952.04,24704.14,24761.64,17342
1782460800,24762.64,24895.84,24726.34,24754.84,24990
1782475200,24755.34,24755.34,24623.34,24633.34,25208
1782489600,24634.34,24709.74,24548.24,24647.24,39677
1782504000,24648.24,24678.24,24613.14,24644.94,16790
1782691200,24743.91,24775.51,24688.54,24743.74,13389
1782705600,24744.24,24784.84,24692.64,24740.24,13680
1782720000,24741.74,24806.34,24644.44,24644.94,20544
1782734400,24644.44,24715.94,24631.44,24700.44,18334
1782748800,24700.94,24717.94,24557.24,24673.64,28775
1782763200,24674.14,24754.11,24673.64,24738.01,8199
1782777600,24739.01,24749.04,24674.14,24709.04,6923
1782792000,24709.54,24794.14,24691.64,24783.24,5772
1782806400,24783.74,24871.64,24754.54,24816.74,15049
1782820800,24815.24,25018.24,24814.24,24941.74,16402
1782835200,24942.24,25014.14,24874.44,25003.44,21021
1782849600,25004.44,25040.44,24986.31,24989.81,7413
1782864000,25005.51,25020.91,24995.21,25005.44,4558
1782878400,25006.44,25021.94,24945.24,24973.94,4757
1782892800,24974.44,25089.44,24949.44,25062.44,15270
1782907200,25061.44,25085.44,24942.64,24944.14,18672
1782921600,24942.64,25088.04,24882.14,25044.44,26264
1782936000,25044.94,25080.54,25006.61,25018.01,11012
1782950400,25038.31,25053.44,24982.14,25037.34,7015
1782964800,25037.84,25146.34,25029.34,25096.34,6169
1782979200,25096.84,25167.14,24958.94,25150.14,19535
1782993600,25149.64,25469.04,25132.14,25441.04,18587
1783008000,25441.54,25664.04,25430.04,25542.64,36119
1783022400,25541.14,25632.04,25481.74,25602.31,18731
1783036800,25619.01,25653.64,25605.44,25621.54,5030
1783051200,25621.04,25725.64,25620.04,25703.54,4503
1783065600,25703.04,25823.54,25625.54,25627.54,15173
1783080000,25627.04,25748.04,25608.04,25747.04,12521
1783094400,25748.04,25833.04,25726.04,25801.44,10331
1783108800,25801.94,25818.94,25787.44,25800.44,907
1783296000,25802.91,25897.44,25794.81,25870.14,5801
1783310400,25871.14,25885.64,25786.34,25827.24,5043
1783324800,25826.24,25910.24,25759.64,25832.74,12656
1783339200,25832.24,25865.24,25738.24,25742.24,13554
1783353600,25742.74,25844.14,25695.24,25796.14,19439
1783368000,25795.14,25834.41,25789.64,25822.91,8669
1783382400,25831.91,25848.81,25781.54,25788.94,4521
1783396800,25789.94,25816.64,25736.74,25740.24,5761
1783411200,25739.74,25811.14,25704.04,25714.64,16058
1783425600,25715.14,25734.14,25621.64,25660.14,14868
1783440000,25659.64,25677.14,25462.74,25541.04,24243
1783454400,25540.54,25553.24,25410.24,25460.21,12358
1783468800,25437.21,25509.54,25377.74,25506.64,7964
1783483200,25507.14,25531.54,25434.64,25459.54,6207
1783497600,25460.04,25473.54,24877.14,24897.14,27933
1783512000,24897.64,25076.64,24820.64,24991.64,32543
1783526400,24990.64,25077.64,24846.64,25003.34,38779
1783540800,25003.84,25020.14,24967.31,24979.01,15189
1783555200,25005.31,25048.34,24993.74,25029.34,5488
1783569600,25030.34,25080.34,24976.84,25053.44,8123
1783584000,25053.94,25121.94,24911.54,24928.54,20997
1783598400,24927.04,25005.54,24854.54,24989.54,21355
1783612800,24990.54,25129.94,24966.04,25105.34,24071
1783627200,25104.34,25141.54,25096.04,25114.11,7648
1783641600,25116.01,25125.84,25078.84,25097.34,3934
1783656000,25098.34,25144.64,25077.94,25082.34,3859
1783670400,25083.34,25203.84,25064.54,25080.04,15509
1783684800,25080.54,25185.94,25051.54,25124.74,15416
1783699200,25125.24,25159.24,24928.64,25111.64,22430
1783713600,25111.14,25128.74,25098.24,25103.74,3982
1783900800,25009.71,25070.34,24939.54,24951.14,6080
1783915200,24952.64,24957.54,24793.74,24806.34,6725
1783929600,24807.84,25123.34,24773.54,25118.84,17914
1783944000,25121.34,25158.34,25050.94,25121.44,15826
1783958400,25121.94,25133.34,24972.84,25046.54,29639
1783972800,25049.04,25077.74,24966.24,24983.41,15070
1783987200,25002.21,25007.41,24828.84,24910.44,10678
1784001600,24911.94,24951.24,24786.84,24948.24,9450
1784016000,24946.24,25016.94,24854.14,24939.04,24839
1784030400,24940.04,25096.54,24869.54,24985.04,29473
1784044800,24985.54,25214.04,24978.54,25109.54,36305
1784059200,25109.04,25117.54,25025.21,25030.61,9575
1784073600,25040.41,25100.84,25023.71,25080.84,4095
1784088000,25081.84,25101.84,25036.34,25099.44,3190
1784102400,25108.94,25140.54,24832.24,25005.74,18718
1784116800,25006.24,25036.74,24912.24,25014.74,17948
1784131200,25016.24,25058.24,24921.94,24962.54,28329
1784145600,24964.04,25033.54,24962.54,24995.31,8465
1784160000,25010.01,25036.24,24956.14,24962.14,4306
1784174400,24963.64,25033.44,24906.24,24993.44,4732
1784188800,24996.44,25062.74,24821.04,24903.54,21093
1784203200,24904.54,24948.14,24690.54,24733.14,23371
1784217600,24733.64,24936.84,24723.54,24905.74,26902
1784232000,24906.74,24914.24,24823.24,24860.01,14573
1784246400,24867.91,24869.41,24776.44,24805.94,5487
1784260800,24806.94,24826.34,24607.24,24668.84,4861
1784275200,24668.34,24850.24,24645.74,24723.74,22699
1784289600,24724.74,24810.34,24649.84,24764.84,21965
1784304000,24765.34,24880.84,24693.24,24853.24,32018
1784318400,24853.74,24878.24,24763.14,24833.04,11061
1784505600,24777.11,24889.24,24760.51,24822.44,9544
1784520000,24823.44,24872.44,24776.74,24846.94,6732
1784534400,24847.94,24913.04,24731.24,24904.04,20470
1784548800,24905.04,24975.54,24817.54,24835.54,22250
1784563200,24835.04,24881.34,24755.04,24814.34,28200
1784577600,24815.34,24824.94,24676.81,24691.31,16253
1784592000,24681.21,24744.14,24660.71,24727.24,6508
1784606400,24720.24,24833.84,24714.14,24822.84,4009
1784620800,24822.34,24935.24,24791.94,24882.84,18683
1784635200,24882.34,24988.74,24825.34,24894.84,19486
1784649600,24894.34,25058.64,24810.74,25041.64,22565
1784664000,25041.14,25073.64,25029.64,25054.71,7329
1784678400,25062.71,25086.44,25049.31,25085.34,3732
1784692800,25084.84,25100.74,25040.94,25063.84,4111
1784707200,25062.84,25192.24,24951.34,25174.24,19278
1784721600,25174.74,25269.74,25044.24,25138.74,26885
1784736000,25139.74,25211.84,25119.84,25199.24,22391
1784750400,25200.24,25207.24,25123.31,25159.01,9992
1784764800,25120.01,25212.54,25099.34,25205.64,5492
1784779200,25207.14,25215.44,25101.94,25110.54,5783
1784793600,25111.04,25129.94,24894.44,25030.24,22989
1784808000,25029.24,25073.24,24833.44,24844.44,25648
1784822400,24842.44,24876.44,24690.34,24789.64,38662
1784836800,24790.64,24802.41,24715.14,24777.11,16492
1784851200,24762.41,24800.64,24732.64,24766.04,7387
1784865600,24768.04,24784.44,24695.14,24739.74,5196
1784880000,24740.24,24973.04,24709.04,24944.04,19593
1784894400,24944.54,25007.54,24906.04,24914.04,18709
1784908800,24913.54,25136.14,24913.04,25108.04,28121
1784923200,25108.54,25124.04,25025.34,25074.94,12527
1785110400,25297.61,25362.04,25198.74,25209.84,7813
1785124800,25209.34,25339.44,25181.84,25323.84,6228
1785139200,25325.84,25507.34,25318.34,25506.34,18657
1785153600,25507.34,25543.34,25458.84,25511.84,17764
1785168000,25513.34,25561.94,25357.04,25394.94,34620
1785182400,25397.44,25491.91,25374.34,25476.81,14878
1785196800,25477.71,25481.81,25401.94,25403.84,7093
1785211200,25403.34,25500.24,25375.34,25436.34,5777
1785225600,25440.34,25555.94,25392.74,25492.74,23544
1785240000,25491.24,25536.24,25333.14,25341.24,21090
1785254400,25340.74,25545.94,25302.74,25536.14,31428
1785268800,25535.64,25546.64,25484.31,25508.71,14153
1785283200,25522.21,25607.34,25444.44,25472.34,11919
1785297600,25471.84,25474.24,25270.74,25328.34,9508
1785312000,25334.84,25560.94,25329.24,25430.64,24682
1785326400,25430.14,25571.24,25336.14,25491.64,28868
1785340800,25492.64,25534.64,25400.74,25471.94,37805
1785355200,25472.44,25586.54,25313.51,25350.91,39986
1785369600,25397.91,25473.04,25397.51,25439.24,12995
1785384000,25441.24,25542.64,25366.24,25368.24,7110
1785398400,25369.24,25461.64,25293.14,25431.14,27792
1785412800,25433.14,25554.14,25400.64,25506.14,26162
1785427200,25508.14,25653.04,25507.14,25640.04,33433
1785441600,25642.54,25740.21,25642.54,25697.21,14577
1785456000,25699.91,25734.44,25668.24,25695.84,5676
1785470400,25696.84,25733.74,25651.74,25729.94,3606
1785484800,25729.44,25891.24,25695.04,25844.04,21607
1785499200,25847.54,25856.54,25621.04,25637.04,21628
1785513600,25637.54,25711.64,25548.14,25680.14,33699
1785528000,25680.64,25729.64,25676.14,25722.64,8540
1785715200,25855.51,25861.34,25788.44,25851.04,7918
1785729600,25852.04,25926.24,25818.54,25904.64,4028
1785744000,25903.14,26012.74,25846.04,26009.24,19675
1785758400,26010.24,26036.74,25931.84,25998.84,19221
1785772800,25997.84,26097.84,25945.34,26010.44,22768
1785787200,26010.94,26105.81,26004.44,26096.31,8695
1785801600,26087.61,26112.94,26069.34,26074.34,3470
1785816000,26075.34,26147.34,26064.74,26110.94,3339
1785830400,26113.44,26267.54,26095.44,26142.04,16129
1785844800,26141.54,26234.54,26077.54,26139.54,20816
1785859200,26139.04,26256.44,26134.04,26253.44,21900
1785873600,26252.94,26403.61,26251.44,26377.41,12839
1785888000,26371.91,26410.41,26340.34,26366.74,3967
1785902400,26365.74,26430.94,26342.74,26397.84,2366
1785916800,26402.34,26438.74,26222.84,26240.84,16377
1785931200,26241.84,26271.84,26173.34,26241.34,16325
1785945600,26241.84,26281.84,26123.74,26174.74,23852
1785960000,26175.24,26227.91,26165.24,26220.61,10478
1785974400,26221.31,26265.11,26182.54,26198.24,3939
1785988800,26197.74,26246.24,26157.14,26223.34,3772
1786003200,26223.84,26245.54,26083.14,26184.24,17758
1786017600,26186.24,26214.74,26131.74,26150.24,17676
1786032000,26150.74,26227.74,26102.74,26183.14,24932
1786046400,26184.14,26190.14,26135.01,26137.11,12109
1786060800,26151.01,26189.64,26121.04,26150.54,3968
1786075200,26152.54,26173.94,26137.04,26164.54,3931
1786089600,26163.54,26319.24,26156.54,26315.24,14094
1786104000,26316.24,26441.24,26289.24,26418.74,14724
1786118400,26422.24,26424.74,26285.04,26300.14,21749
1786132800,26300.64,26368.64,26279.14,26354.64,6392
1786320000,26341.11,26369.74,26284.44,26289.34,4639
1786334400,26287.84,26356.54,26286.34,26348.34,2579
1786348800,26348.44,26391.94,26313.34,26390.94,12155
1786363200,26390.44,26439.44,26353.94,26374.94,10973
1786377600,26375.44,26383.94,26297.84,26324.34,16745
1786392000,26323.84,26344.81,26299.84,26338.41,6018
1786406400,26349.11,26351.21,26302.44,26339.94,3144
1786420800,26338.94,26377.94,26328.34,26369.44,2884
1786435200,26368.94,26385.34,26257.34,26262.34,13312
1786449600,26260.34,26410.84,26246.34,26406.84,15017
1786464000,26407.84,26507.84,26388.24,26393.74,15958
1786478400,26394.24,26404.21,26341.74,26391.71,6550
1786492800,26389.01,26396.64,26370.94,26379.44,2436
1786507200,26378.94,26396.44,26367.44,26396.44,1941
1786521600,26395.94,26478.04,26379.44,26470.04,11621
1786536000,26469.54,26577.03,26465.04,26471.54,14669
1786550400,26470.04,26490.04,26315.04,26337.94,18699
1786564800,26337.44,26402.11,26329.94,26357.31,5976
1786579200,26368.21,26389.14,26359.14,26381.14,2871
1786593600,26380.64,26423.64,26363.04,26413.64,2165
1786608000,26414.14,26498.44,26396.94,26448.64,10989
1786622400,26449.14,26487.14,26393.64,26402.14,10580
1786636800,26402.64,26412.14,26280.64,26342.54,15300
1786651200,26343.04,26416.51,26331.54,26408.01,5192
1786665600,26409.91,26420.64,26396.14,26403.64,1805
1786680000,26403.14,26437.14,26387.64,26414.14,2949
1786694400,26414.64,26498.34,26392.94,26443.84,13507
1786708800,26443.34,26541.68,26423.34,26513.84,12639
1786723200,26514.34,26526.34,26413.14,26441.24,15292
1786737600,26440.74,26466.74,26436.74,26448.24,3523
1786924800,26470.81,26493.64,26469.11,26486.64,2356
1786939200,26487.14,26516.14,26470.64,26485.14,1426
1786953600,26484.64,26518.94,26387.24,26433.24,10200
1786968000,26432.74,26495.14,26379.24,26392.74,11500
1786982400,26393.74,26416.74,26322.64,26339.64,12647
1786996800,26339.14,26342.14,26290.14,26300.61,7091
1787011200,26311.51,26324.84,26294.44,26302.34,3270
1787025600,26302.84,26309.34,26226.74,26248.44,4402
1787040000,26247.94,26312.24,26151.74,26243.84,16812
1787054400,26244.34,26276.84,26203.34,26258.84,13960
1787068800,26259.84,26259.84,26121.24,26188.24,17997
1787083200,26187.74,26190.24,26136.91,26138.71,5974
1787097600,26147.71,26153.51,26094.24,26121.84,5508
1787112000,26123.34,26140.84,26101.94,26124.34,5270
1787126400,26123.84,26202.24,26088.74,26104.64,16828
1787140800,26104.14,26189.54,26072.14,26111.14,16100
1787155200,26111.64,26141.64,26065.54,26087.04,19124
1787169600,26086.54,26096.04,26056.54,26087.31,10002
1787184000,26121.21,26138.44,26090.14,26095.24,4328
1787198400,26094.74,26094.74,26054.64,26083.74,4742
1787212800,26084.24,26135.54,25922.14,25934.64,15351
1787227200,25935.14,26006.64,25908.94,25966.44,17074
1787241600,25967.44,26037.44,25940.44,26015.34,18077
1787256000,26014.84,26015.34,25950.31,25978.21,8638
1787270400,25972.61,25998.44,25969.21,25979.94,3358
1787284800,25977.94,26013.94,25973.84,26012.94,2847
1787299200,26013.94,26084.24,25967.84,26079.74,10955
1787313600,26080.74,26100.74,26007.24,26089.74,11978
1787328000,26087.74,26164.74,26085.24,26115.64,11737
1787342400,26114.64,26130.14,26090.64,26128.64,3798
1787529600,26101.41,26167.64,26091.14,26123.54,4866
1787544000,26121.54,26143.04,26096.14,26107.74,7160
1787558400,26107.24,26158.64,26037.14,26124.64,13898
1787572800,26124.14,26176.64,26082.54,26113.64,12862
1787587200,26114.14,26146.34,26039.14,26113.04,15131
1787601600,26112.54,26135.54,26098.14,26117.31,8014
1787616000,26131.01,26138.31,26087.44,26126.84,3639
1787630400,26127.34,26162.84,26120.34,26159.34,5938
1787644800,26159.84,26275.94,26158.84,26250.04,14925
1787659200,26249.54,26348.04,26232.04,26282.04,14999
1787673600,26282.54,26327.54,26250.44,26262.94,14686
1787688000,26262.44,26291.11,26233.94,26273.31,4969
1787702400,26280.71,26285.61,26233.54,26238.64,4348
1787716800,26237.64,26298.74,26227.64,26271.64,4309
1787731200,26271.14,26291.04,26196.54,26261.84,13664
1787745600,26262.34,26398.34,26259.84,26370.34,12128
1787760000,26370.84,26465.84,26234.24,26256.74,15009
1787774400,26256.24,26324.11,26252.24,26298.51,10136
1787788800,26359.61,26384.91,26312.94,26322.44,6049
1787803200,26322.94,26358.04,26317.94,26342.54,4820
1787817600,26342.04,26386.84,26281.94,26302.94,15230
1787832000,26303.44,26394.94,26296.94,26340.94,16100
1787846400,26342.44,26383.64,26230.94,26378.64,19188
1787860800,26379.14,26394.71,26332.64,26368.11,7145
1787875200,26369.61,26430.44,26354.34,26420.64,3342
1787889600,26421.14,26476.54,26418.94,26452.64,3707
1787904000,26451.14,26550.54,26424.44,26515.54,13722
1787918400,26515.04,26549.54,26478.54,26517.54,12342
1787932800,26518.04,26620.14,26480.64,26532.04,23608
1787947200,26531.54,26552.04,26513.54,26542.04,9623
1788134400,26509.81,26533.41,26442.84,26490.84,7749
1788148800,26490.34,26509.84,26448.24,26505.84,6405
1788163200,26506.34,26546.84,26369.74,26421.74,11246
1788177600,26418.74,26423.24,26333.74,26364.24,10853
1788192000,26363.24,26394.24,26211.64,26215.64,15011
1788206400,26214.64,26224.91,26177.64,26208.41,6009
1788220800,26216.61,26246.84,26206.54,26240.94,4037
1788235200,26240.44,26244.34,26208.84,26214.44,4798
1788249600,26214.94,26234.64,25962.84,25967.84,20612
1788264000,25968.34,26043.44,25922.34,26036.44,20696
1788278400,26037.44,26046.34,25894.04,25911.64,23302
1788292800,25912.14,25912.14,25803.54,25826.01,13372
1788307200,25818.21,25857.04,25804.64,25804.64,5079
1788321600,25803.64,25841.14,25795.44,25815.44,9163
1788336000,25817.44,25926.34,25802.84,25811.94,20001
1788350400,25811.44,25897.94,25724.94,25836.44,20165
1788364800,25835.94,25902.84,25805.94,25829.84,17092
1788379200,25830.34,25869.51,25819.51,25831.31,8615
1788393600,25844.41,25863.84,25820.94,25839.14,3246
1788408000,25838.64,25881.54,25832.14,25865.14,4994
1788422400,25864.64,25932.04,25798.34,25891.04,18930
1788436800,25893.04,25958.54,25779.54,25947.04,17275
1788451200,25946.54,26014.74,25910.04,26006.94,18529
1788465600,26007.44,26040.94,25993.94,26019.31,6175
1788480000,26019.71,26034.94,26014.94,26021.94,2404
1788494400,26021.44,26058.94,26011.34,26057.44,2873
1788508800,26056.94,26081.84,25951.74,26013.14,13279
1788523200,26012.14,26163.04,25975.04,26127.04,15159
1788537600,26128.04,26155.04,26010.04,26074.94,17253
1788552000,26074.44,26076.44,26029.54,26045.54,5323
1788739200,26059.61,26066.74,26019.84,26025.34,2773
1788753600,26023.84,26044.24,25998.84,26012.84,4888
1788768000,26011.84,26072.64,25929.64,25986.24,15301
1788782400,25986.74,25994.24,25923.24,25966.74,13363
1788796800,25966.24,26023.94,25954.24,26005.64,11382
1788811200,26006.14,26011.64,25998.14,26001.14,571
1788825600,26009.91,26029.74,25973.94,26015.34,4079
1788840000,26015.84,26045.84,25995.84,25996.84,3740
1788854400,25995.84,25997.34,25796.34,25836.84,21717
1788868800,25836.34,26029.44,25824.84,26008.44,16727
1788883200,26009.44,26028.94,25904.34,25947.84,19905
1788897600,25947.34,25965.84,25848.11,25856.81,11833
1788912000,25866.21,25886.84,25853.94,25878.54,3162
1788926400,25879.54,25884.54,25842.44,25875.04,3419
1788940800,25875.54,25907.34,25766.84,25794.44,16055
1788955200,25794.94,25802.34,25538.94,25650.34,24983
1788969600,25650.84,25673.34,25511.54,25557.84,28367
1788984000,25557.34,25564.84,25514.91,25528.11,8681
1788998400,25537.21,25573.94,25534.01,25542.44,2557
1789012800,25541.94,25599.54,25533.94,25594.44,4011
1789027200,25595.44,25619.84,25497.44,25504.84,18463
1789041600,25506.34,25603.34,25391.34,25414.84,27639
1789056000,25413.84,25489.84,25311.84,25355.04,33261
1789070400,25354.04,25373.04,25298.94,25345.31,14496
1789084800,25340.01,25372.34,25310.24,25371.34,5865
1789099200,25370.84,25396.84,25308.84,25373.94,9683
1789113600,25374.44,25508.94,25372.84,25508.94,22506
1789128000,25509.44,25565.84,25454.79,25564.84,20557
1789142400,25565.34,25588.34,25490.84,25563.64,27867
1789156800,25564.14,25583.84,25542.54,25545.34,6591
1789344000,25418.51,25517.34,25372.31,25502.04,10982
1789358400,25501.54,25543.04,25486.04,25492.04,4982
1789372800,25492.54,25551.34,25384.84,25426.84,23383
1789387200,25425.84,25505.34,25342.84,25453.34,27250
1789401600,25453.84,25584.34,25330.84,25575.44,33237
1789416000,25574.44,25581.74,25483.21,25510.61,10940
1789430400,25508.31,25533.04,25489.44,25522.54,6050
1789444800,25521.04,25528.44,25394.14,25394.14,5205
1789459200,25393.14,25473.94,25168.74,25249.34,25807
1789473600,25249.84,25475.34,25212.34,25467.34,22837
1789488000,25466.84,25481.84,25355.84,25447.14,25055
1789502400,25448.14,25463.74,25415.14,25449.51,9590
1789516800,25443.81,25472.14,25441.61,25459.14,2778
1789531200,25458.64,25497.14,25427.14,25454.64,4443
1789545600,25454.14,25527.44,25356.24,25419.24,20456
1789560000,25420.24,25508.74,25384.74,25495.24,22755
1789574400,25494.74,25602.14,25454.24,25518.94,22421
1789588800,25517.44,25607.64,25399.64,25503.61,29499
1789603200,25498.21,25677.04,25498.21,25668.54,8013
1789617600,25668.04,25708.84,25650.74,25687.94,5788
1789632000,25688.44,25751.24,25592.14,25666.64,21266
1789646400,25666.14,25802.54,25642.64,25749.14,23900
1789660800,25749.64,25783.64,25646.54,25664.54,23932
1789675200,25664.04,25679.64,25629.34,25634.01,8642
1789689600,25636.91,25643.34,25565.74,25569.84,3571
1789704000,25570.34,25637.84,25564.74,25636.34,3435
1789718400,25635.34,25685.24,25533.64,25605.64,18654
1789732800,25604.64,25620.64,25373.14,25418.64,25863
1789747200,25418.14,25433.64,25263.54,25290.14,24076
1789761600,25289.64,25311.74,25276.84,25310.74,4282
1789948800,25282.91,25391.34,25280.91,25378.44,6615
1789963200,25379.44,25431.94,25377.44,25423.44,5565
1789977600,25424.44,25565.84,25419.94,25541.84,16070
1789992000,25542.34,25627.74,25528.34,25604.84,14441
1790006400,25604.34,25640.94,25526.44,25634.94,18461
1790020800,25634.44,25661.44,25609.41,25611.61,6855
1790035200,25627.81,25650.74,25622.91,25637.24,3290
1790049600,25636.24,25642.74,25611.24,25618.24,4632
1790064000,25617.74,25633.94,25418.04,25592.94,23319
1790078400,25593.44,25758.04,25565.94,25740.04,30148
1790092800,25740.54,25786.04,25550.64,25615.74,26295
1790107200,25614.74,25727.14,25587.84,25678.81,10068
1790121600,25679.41,25699.24,25664.84,25666.84,3615
1790136000,25666.34,25715.34,25648.34,25704.84,4123
1790150400,25706.34,25753.04,25476.04,25503.04,19152
1790164800,25502.54,25513.04,25360.94,25446.04,21392
1790179200,25447.04,25477.94,25270.94,25285.94,31997
1790193600,25286.44,25380.84,25276.44,25353.51,12269
1790208000,25372.21,25382.81,25318.34,25343.54,3840
1790222400,25341.54,25350.24,25296.74,25332.74,6718
1790236800,25331.74,25394.54,25162.14,25226.14,31636
1790251200,25228.14,25385.64,25225.64,25372.24,32860
1790265600,25372.74,25459.64,25242.64,25410.84,33100
1790280000,25409.84,25432.64,25331.51,25355.61,22498
1790294400,25369.21,25374.74,25334.24,25353.94,6008
1790308800,25354.44,25418.34,25344.34,25392.44,6584
1790323200,25391.44,25529.74,25377.24,25510.24,22409
1790337600,25509.24,25519.24,25404.24,25443.74,24760
1790352000,25444.24,25572.14,25344.14,25514.64,33771
1790366400,25515.14,25563.04,25509.14,25539.84,7302
