time,open,high,low,close,volume
1632240000,149.382,149.528,148.956,149.26,12322
1632254400,149.26,149.342,149.135,149.19,6855
1632268800,149.153,149.266,149.017,149.192,4950
1632283200,149.193,149.742,149.112,149.513,7110
1632297600,149.513,149.645,149.202,149.351,8046
1632312000,149.35,149.542,149.231,149.354,6527
1632326400,149.354,149.823,149.226,149.638,9506
1632340800,149.637,149.96,149.467,149.526,12241
1632355200,149.47,149.638,149.364,149.585,4330
1632369600,149.589,149.853,149.56,149.85,3545
1632384000,149.85,150.288,149.774,150.128,8601
1632398400,150.128,151.096,149.928,151.073,12733
1632412800,151.071,151.482,150.87,151.434,10720
1632427200,151.436,151.449,151.301,151.371,5505
1632441600,151.317,151.65,151.279,151.6,4300
1632456000,151.6,151.624,151.35,151.547,5335
1632470400,151.548,151.736,151.134,151.463,9565
1632484800,151.463,151.468,151.028,151.086,9046
1632499200,151.081,151.584,151.002,151.506,10456
1632513600,151.505,151.505,151.324,151.407,3839
1632700800,151.237,151.479,151.095,151.371,3874
1632715200,151.37,151.394,151.124,151.197,4573
1632729600,151.198,152.094,151.181,151.972,8925
1632744000,151.972,152.161,151.781,151.976,10943
1632758400,151.976,152.185,151.882,152.133,10656
1632772800,152.133,152.199,152.04,152.111,4287
1632787200,152.029,152.129,151.915,152.065,3549
1632801600,152.066,152.466,151.981,152.442,5124
1632816000,152.442,152.573,151.989,152.155,11131
1632830400,152.156,152.201,151.04,151.106,12842
1632844800,151.106,151.225,150.544,150.744,15264
1632859200,150.738,151.052,150.704,150.96,7720
1632873600,150.879,151.156,150.83,151.116,5013
1632888000,151.121,151.194,150.806,151.069,7425
1632902400,151.069,151.12,150.279,150.307,11972
1632916800,150.307,150.617,150.098,150.212,10416
1632931200,150.207,150.436,149.914,150.282,13361
1632945600,150.281,150.526,150.187,150.335,7049
1632960000,150.296,150.428,150.252,150.385,4498
1632974400,150.387,150.646,150.283,150.531,5305
1632988800,150.528,150.654,150.256,150.442,9684
1633003200,150.445,150.951,150.363,150.741,9619
1633017600,150.739,150.891,149.916,150.004,16277
1633032000,150.002,150.24,149.806,149.88,8999
1633046400,149.883,150.175,149.837,149.876,5576
1633060800,149.879,149.92,149.519,149.627,8286
1633075200,149.627,149.878,149.232,149.709,13584
1633089600,149.71,150.644,149.71,150.306,12604
1633104000,150.308,150.742,150.2,150.528,16531
1633118400,150.528,150.632,150.405,150.428,6767
1633305600,150.345,150.639,150.199,150.428,4400
1633320000,150.428,150.473,150.216,150.44,7738
1633334400,150.439,150.849,150.247,150.788,11772
1633348800,150.792,151.269,150.762,151.11,10623
1633363200,151.11,151.525,150.694,150.868,14631
1633377600,150.869,151.084,150.861,150.935,6793
1633392000,150.892,151.077,150.746,150.81,5132
1633406400,150.805,151.191,150.769,151.1,7387
1633420800,151.1,151.455,150.98,151.411,10897
1633435200,151.415,151.777,151.313,151.577,9280
1633449600,151.575,152.05,151.408,152.04,13210
1633464000,152.04,152.043,151.836,151.879,6142
1633478400,151.906,152.116,151.847,152.101,4031
1633492800,152.099,152.159,151.842,152.053,7332
1633507200,152.051,152.119,151.188,151.199,12709
1633521600,151.196,151.37,151.013,151.242,13445
1633536000,151.238,151.303,150.815,150.979,14532
1633550400,150.979,151.464,150.936,151.399,7037
1633564800,151.232,151.502,151.224,151.407,4644
1633579200,151.407,151.487,151.3,151.323,4659
1633593600,151.324,151.56,151.034,151.387,10351
1633608000,151.383,151.7,151.34,151.52,9640
1633622400,151.523,152.091,151.482,152.053,10861
1633636800,152.053,152.066,151.93,151.992,5082
1633651200,151.964,152.164,151.897,152.142,3832
1633665600,152.142,152.357,152.139,152.243,5374
1633680000,152.243,152.334,152.044,152.263,8470
1633694400,152.264,152.553,152.123,152.217,9934
1633708800,152.222,152.939,152.093,152.774,13488
1633723200,152.774,152.894,152.684,152.84,4548
1633910400,152.745,153.17,152.556,153.163,4362
1633924800,153.163,153.765,153.16,153.696,6183
1633939200,153.696,154.217,153.663,154.092,9891
1633953600,154.091,154.362,153.732,154.167,8924
1633968000,154.167,154.509,154.027,154.349,8756
1633982400,154.342,154.345,153.991,154.059,7048
1633996800,153.985,154.213,153.654,154.124,4936
1634011200,154.126,154.169,153.942,154.102,6081
1634025600,154.102,154.269,153.684,154.195,10712
1634040000,154.191,154.829,154.04,154.666,10192
1634054400,154.666,154.767,154.11,154.406,13917
1634068800,154.402,154.53,154.302,154.381,5020
1634083200,154.328,154.397,154.112,154.24,5065
1634097600,154.234,154.533,154.197,154.518,4963
1634112000,154.519,154.884,154.305,154.745,8927
1634126400,154.745,154.956,154.441,154.526,10525
1634140800,154.527,154.915,154.414,154.768,13689
1634155200,154.768,154.855,154.606,154.704,7162
1634169600,154.667,154.983,154.569,154.94,4036
1634184000,154.94,155.286,154.934,155.149,3873
1634198400,155.152,155.594,155.047,155.528,8559
1634212800,155.53,155.713,155.417,155.69,9727
1634227200,155.69,155.743,155.34,155.516,10641
1634241600,155.518,155.568,155.356,155.435,4492
1634256000,155.395,155.788,155.369,155.761,4666
1634270400,155.761,156.019,155.67,155.978,4690
1634284800,155.977,156.86,155.955,156.83,10180
1634299200,156.833,157.306,156.799,157.183,10597
1634313600,157.184,157.417,156.982,157.227,11880
1634328000,157.235,157.309,156.954,157.036,4737
1634515200,157.029,157.379,156.802,157.018,5696
1634529600,157.018,157.156,156.615,156.997,6091
1634544000,156.997,157.277,156.747,156.91,9802
1634558400,156.909,157.164,156.811,156.932,11151
1634572800,156.928,157.002,156.668,156.86,10133
1634587200,156.86,156.981,156.829,156.931,3781
1634601600,156.892,157.16,156.864,156.933,3898
1634616000,156.931,157.257,156.893,157.229,5621
1634630400,157.228,157.278,156.934,157.175,10030
1634644800,157.174,158.06,157.105,157.851,10151
1634659200,157.853,157.875,157.575,157.682,10158
1634673600,157.685,157.866,157.675,157.761,4243
1634688000,157.678,158.215,157.579,158.167,4623
1634702400,158.166,158.219,157.966,158.146,6211
1634716800,158.148,158.205,157.417,157.664,9772
1634731200,157.661,157.718,157.02,157.389,8637
1634745600,157.398,157.999,157.288,157.789,10369
1634760000,157.789,158.09,157.78,158.049,5583
1634774400,157.9,158.205,157.847,158.013,3479
1634788800,158.014,158.171,157.43,157.623,6920
1634803200,157.618,157.706,157.179,157.381,9681
1634817600,157.381,157.72,157.177,157.347,9557
1634832000,157.355,157.465,156.865,156.868,11631
1634846400,156.865,157.282,156.78,157.268,6080
1634860800,157.191,157.378,156.965,157.358,4925
1634875200,157.356,157.662,157.218,157.356,6552
1634889600,157.355,157.419,156.842,157.351,10749
1634904000,157.349,157.455,156.826,156.826,9236
1634918400,156.824,156.976,155.927,156.071,14079
1634932800,156.071,156.17,155.931,156.163,6617
1635120000,156.082,156.656,155.908,156.57,4655
1635134400,156.572,156.748,156.385,156.648,7122
1635148800,156.648,156.821,156.352,156.415,9446
1635163200,156.416,156.619,156.161,156.565,9479
1635177600,156.56,156.662,156.21,156.476,12074
1635192000,156.476,156.6,156.468,156.561,4448
1635206400,156.51,156.674,156.472,156.647,3258
1635220800,156.647,156.852,156.6,156.798,5171
1635235200,156.798,157.18,156.716,157.141,9275
1635249600,157.141,157.67,157.11,157.576,10085
1635264000,157.574,157.773,157.044,157.106,11403
1635278400,157.107,157.204,157.018,157.124,5856
1635292800,157.079,157.27,157.032,157.186,4640
1635307200,157.185,157.246,156.877,157.033,5441
1635321600,157.032,157.148,156.02,156.035,9161
1635336000,156.035,156.385,155.797,156.21,11818
1635350400,156.211,156.435,155.704,156.346,14737
1635364800,156.346,156.57,156.246,156.4,7183
1635379200,156.371,156.436,156.194,156.22,4012
1635393600,156.224,156.24,155.982,156.092,7297
1635408000,156.092,156.513,155.918,156.268,10761
1635422400,156.267,156.439,155.957,156.425,12860
1635436800,156.425,156.591,155.969,156.471,15418
1635451200,156.471,156.709,156.416,156.655,6981
1635465600,156.642,156.958,156.601,156.638,4553
1635480000,156.638,156.865,156.36,156.669,7131
1635494400,156.667,156.806,156.484,156.597,10795
1635508800,156.606,157.102,156.536,156.686,11270
1635523200,156.685,156.962,155.942,155.997,15077
1635537600,155.995,156.12,155.788,156.052,7458
1635724800,156.03,156.335,155.793,155.987,5457
1635739200,155.983,156.319,155.953,156.235,6133
1635753600,156.236,156.497,155.965,156.01,9558
1635768000,156.012,156.328,155.806,156.256,10602
1635782400,156.256,156.389,155.938,155.971,12080
1635796800,155.971,155.981,155.61,155.76,6265
1635811200,155.759,155.89,155.647,155.754,3971
1635825600,155.752,155.793,155.147,155.241,6556
1635840000,155.241,155.376,154.737,154.745,10180
1635854400,154.746,155.459,154.663,155.438,9950
1635868800,155.432,155.524,154.844,154.953,11689
1635883200,154.952,155.268,154.952,155.136,5151
1635897600,155.125,155.215,155.034,155.073,3700
1635912000,155.072,155.243,155.036,155.173,3976
1635926400,155.173,155.267,154.965,155.117,6531
1635940800,155.109,155.577,155.016,155.519,8717
1635955200,155.521,155.906,155.399,155.853,11228
1635969600,155.852,156.073,155.593,156.054,12555
1635984000,155.978,156.248,155.941,156.146,5150
1635998400,156.147,156.213,155.901,155.936,5570
1636012800,155.937,156.188,155.409,155.554,8392
1636027200,155.554,155.566,154.206,154.286,12037
1636041600,154.289,154.465,153.122,153.45,15255
1636056000,153.463,153.627,153.274,153.559,6759
1636070400,153.452,153.78,153.401,153.523,4186
1636084800,153.522,153.532,153.127,153.418,7004
1636099200,153.413,153.676,153.01,153.042,7967
1636113600,153.045,153.375,152.815,153.171,12087
1636128000,153.171,153.274,152.841,153.096,14133
1636142400,153.095,153.117,152.816,153.026,6039
1636329600,152.902,153.256,152.885,153.049,6824
1636344000,153.047,153.265,153.016,153.17,5032
1636358400,153.171,153.297,152.708,152.96,9534
1636372800,152.96,153.637,152.878,153.506,8559
1636387200,153.506,153.656,153.237,153.519,10284
1636401600,153.521,153.649,153.389,153.593,4496
1636416000,153.571,153.634,153.235,153.345,5302
1636430400,153.345,153.367,152.915,153.108,7932
1636444800,153.107,153.556,153.04,153.479,9495
1636459200,153.479,153.485,152.992,153.023,9952
1636473600,153.022,153.179,152.743,153.06,14084
1636488000,153.063,153.149,152.956,153.059,6314
1636502400,152.999,153.16,152.869,153.003,5336
1636516800,153.003,153.078,152.9,152.971,5509
1636531200,152.971,153.373,152.948,153.238,9912
1636545600,153.238,153.272,152.783,153.226,10814
1636560000,153.223,153.743,153.201,153.332,15483
1636574400,153.33,153.332,152.578,152.665,10820
1636588800,152.662,153.007,152.64,152.917,6805
1636603200,152.918,153.009,152.679,152.879,5973
1636617600,152.881,153.014,152.436,152.788,9456
1636632000,152.787,152.902,152.577,152.683,8666
1636646400,152.686,152.746,152.49,152.536,8671
1636660800,152.536,152.537,152.396,152.455,3980
1636675200,152.508,152.714,152.377,152.649,6025
1636689600,152.649,152.711,152.548,152.685,4693
1636704000,152.685,152.925,152.584,152.74,8639
1636718400,152.74,152.842,152.576,152.682,8858
1636732800,152.682,152.902,152.456,152.89,11463
1636747200,152.892,152.935,152.755,152.808,4976
1636934400,152.845,153.019,152.801,152.888,6007
1636948800,152.891,152.979,152.859,152.942,4651
1636963200,152.944,153.134,152.628,152.704,8305
1636977600,152.684,153.072,152.667,153.002,8182
1636992000,153.001,153.283,152.945,153.119,12125
1637006400,153.118,153.256,153.021,153.086,5773
1637020800,153.058,153.461,152.981,153.43,5862
1637035200,153.436,153.474,153.126,153.155,5561
1637049600,153.16,153.885,153.141,153.771,9821
1637064000,153.771,154.025,153.493,154.003,10041
1637078400,153.996,154.0,153.673,153.921,13050
1637092800,153.923,154.186,153.905,154.169,7037
1637107200,154.123,154.316,153.998,154.178,5659
1637121600,154.177,154.259,153.921,154.224,6606
1637136000,154.222,154.732,154.128,154.243,11573
1637150400,154.243,154.495,154.044,154.368,10592
1637164800,154.365,154.645,153.803,153.897,12216
1637179200,153.897,154.036,153.746,153.958,6969
1637193600,153.81,154.136,153.754,153.844,6515
1637208000,153.843,154.126,153.711,154.015,6972
1637222400,154.015,154.271,153.944,154.063,9536
1637236800,154.063,154.159,153.851,154.002,10144
1637251200,154.004,154.215,153.875,154.199,12546
1637265600,154.198,154.276,154.172,154.23,4925
1637280000,154.194,154.344,154.083,154.22,5624
1637294400,154.218,154.309,154.172,154.224,4658
1637308800,154.224,154.45,152.985,153.145,10927
1637323200,153.148,153.216,152.522,152.979,16608
1637337600,152.975,153.548,152.913,153.371,14656
1637352000,153.372,153.443,153.149,153.309,5902
1637539200,153.237,153.512,153.089,153.339,6358
1637553600,153.342,153.505,153.288,153.465,5869
1637568000,153.461,153.637,153.126,153.26,10521
1637582400,153.259,153.596,153.236,153.477,10364
1637596800,153.478,154.062,153.388,153.801,14771
1637611200,153.803,153.961,153.768,153.844,6156
1637625600,153.848,153.889,153.768,153.868,4108
1637640000,153.868,154.221,153.86,154.118,6103
1637654400,154.115,154.135,153.283,153.541,14141
1637668800,153.541,153.715,153.369,153.711,12536
1637683200,153.713,153.954,153.566,153.798,14609
1637697600,153.798,154.121,153.71,154.018,7390
1637712000,153.985,154.154,153.831,154.091,6537
1637726400,154.092,154.092,153.669,153.773,6661
1637740800,153.774,153.937,153.368,153.538,11271
1637755200,153.542,153.884,153.488,153.78,12196
1637769600,153.779,153.957,153.689,153.818,14065
1637784000,153.815,153.934,153.731,153.826,6370
1637798400,153.806,153.963,153.74,153.89,4405
1637812800,153.894,154.048,153.866,153.973,3364
1637827200,153.973,154.066,153.758,153.823,6561
1637841600,153.823,153.85,153.418,153.547,6590
1637856000,153.547,153.726,153.476,153.697,5339
1637870400,153.698,153.8,153.641,153.657,9793
1637884800,153.602,153.684,152.657,152.828,9059
1637899200,152.831,152.897,152.471,152.549,10689
1637913600,152.548,152.548,151.092,151.732,18465
1637928000,151.732,152.389,151.711,151.877,16072
1637942400,151.877,151.922,150.75,150.765,16636
1637956800,150.772,151.435,150.521,151.088,7850
1638144000,151.468,151.92,151.071,151.571,11200
1638158400,151.579,151.68,151.043,151.099,9813
1638172800,151.103,151.468,150.696,151.192,15593
1638187200,151.192,151.668,151.151,151.55,11065
1638201600,151.55,151.692,151.008,151.331,13232
1638216000,151.331,151.365,151.117,151.184,7075
1638230400,151.127,151.63,151.076,151.547,7124
1638244800,151.548,151.574,150.554,150.603,9926
1638259200,150.601,150.944,150.433,150.802,18350
1638273600,150.804,150.91,150.395,150.543,15015
1638288000,150.542,151.017,149.731,150.033,20418
1638302400,150.035,150.514,149.843,150.496,10565
1638316800,150.41,150.943,150.338,150.863,8596
1638331200,150.864,151.233,150.78,151.178,8174
1638345600,151.179,151.441,150.66,151.043,14362
1638360000,151.044,151.148,150.772,150.963,13064
1638374400,150.955,150.979,149.987,149.998,16307
1638388800,150.0,150.052,149.621,149.71,11915
1638403200,149.617,150.317,149.568,150.308,7035
1638417600,150.308,150.438,150.168,150.311,7040
1638432000,150.311,150.8,150.187,150.727,12919
1638446400,150.727,150.777,150.136,150.224,14160
1638460800,150.219,150.716,150.047,150.569,17138
1638475200,150.57,150.58,150.336,150.539,8033
1638489600,149.997,150.604,149.991,150.292,7144
1638504000,150.292,150.598,150.238,150.521,5399
1638518400,150.527,150.703,150.379,150.554,9723
1638532800,150.555,150.706,150.147,150.674,11976
1638547200,150.674,150.762,149.284,149.349,17971
1638561600,149.347,149.446,148.977,149.293,9052
1638748800,149.099,149.692,149.099,149.626,7252
1638763200,149.622,149.653,149.492,149.56,5040
1638777600,149.56,150.284,149.503,150.166,10665
1638792000,150.168,150.384,149.968,150.207,10678
1638806400,150.203,150.385,149.78,150.385,13303
1638820800,150.386,150.606,150.359,150.558,6811
1638835200,150.484,150.679,150.364,150.636,5831
1638849600,150.634,151.094,150.577,151.084,6052
1638864000,151.076,151.129,150.62,150.728,9669
1638878400,150.729,150.832,150.236,150.473,9318
1638892800,150.469,150.549,150.147,150.441,11395
1638907200,150.439,150.451,150.126,150.37,6212
1638921600,150.314,150.423,150.191,150.287,6188
1638936000,150.288,150.527,150.284,150.436,6132
1638950400,150.435,150.496,150.008,150.314,10203
1638964800,150.315,150.527,149.354,150.5,15019
1638979200,150.5,150.705,150.124,150.459,12992
1638993600,150.454,150.529,149.976,150.011,6167
1639008000,150.015,150.316,150.015,150.116,4813
1639022400,150.12,150.214,150.042,150.081,4934
1639036800,150.081,150.185,149.609,149.955,8539
1639051200,149.952,149.988,149.489,149.686,11102
1639065600,149.691,150.068,149.668,150.018,11227
1639080000,150.018,150.169,149.843,149.984,6527
1639094400,149.963,150.071,149.767,149.988,5051
1639108800,149.989,150.271,149.965,149.998,5299
1639123200,149.997,150.215,149.965,150.064,10384
1639137600,150.065,150.374,149.982,150.175,10414
1639152000,150.183,150.409,149.673,150.385,12285
1639166400,150.385,150.515,150.343,150.382,4557
1639353600,150.233,150.561,150.174,150.481,5525
1639368000,150.481,150.566,150.332,150.384,3378
1639382400,150.376,150.643,150.083,150.605,7352
1639396800,150.606,150.759,150.464,150.642,9692
1639411200,150.648,150.701,149.92,149.924,11355
1639425600,149.925,150.14,149.874,150.08,4777
1639440000,150.007,150.116,149.925,150.009,4692
1639454400,150.009,150.041,149.769,150.004,4474
1639468800,150.004,150.362,149.963,150.211,8291
1639483200,150.209,150.535,150.166,150.269,10807
1639497600,150.264,150.583,150.245,150.347,11226
1639512000,150.348,150.48,150.34,150.45,4852
1639526400,150.356,150.597,150.303,150.495,3700
1639540800,150.498,150.624,150.421,150.606,3176
1639555200,150.606,151.012,150.485,150.823,7968
1639569600,150.824,150.988,150.756,150.907,8292
1639584000,150.907,150.967,150.276,150.496,10833
1639598400,150.496,151.313,150.454,151.255,13754
1639612800,151.141,151.48,151.016,151.222,7164
1639627200,151.22,151.292,151.112,151.175,5869
1639641600,151.175,151.806,151.16,151.723,10389
1639656000,151.72,152.635,151.342,152.431,12856
1639670400,152.434,152.439,151.229,151.351,13822
1639684800,151.357,151.535,151.095,151.478,8214
1639699200,151.435,151.717,151.327,151.477,5935
1639713600,151.479,151.578,151.113,151.465,6398
1639728000,151.47,151.516,151.2,151.269,10699
1639742400,151.269,151.276,150.432,150.625,10305
1639756800,150.622,150.858,150.43,150.701,13053
1639771200,150.701,150.788,150.444,150.506,7767
1639958400,150.379,150.552,150.149,150.164,7052
1639972800,150.166,150.305,149.925,150.014,7511
1639987200,150.017,150.068,149.53,149.648,11302
1640001600,149.645,150.408,149.645,150.303,10171
1640016000,150.302,150.406,149.774,149.972,12300
1640030400,149.971,150.231,149.965,150.074,6565
1640044800,149.959,150.211,149.894,150.175,5125
1640059200,150.175,150.337,150.108,150.319,4352
1640073600,150.318,150.581,150.112,150.545,9331
1640088000,150.547,150.821,150.536,150.784,8458
1640102400,150.784,151.343,150.702,151.313,10585
1640116800,151.305,151.415,151.233,151.389,5765
1640131200,151.3,151.456,151.17,151.443,5398
1640145600,151.443,151.457,151.171,151.202,4985
1640160000,151.205,151.918,151.107,151.847,7372
1640174400,151.847,152.254,151.838,152.192,8587
1640188800,152.195,152.585,152.058,152.549,10087
1640203200,152.546,152.572,152.357,152.397,4592
1640217600,152.305,152.572,152.234,152.357,4074
1640232000,152.358,152.446,152.308,152.441,2767
1640246400,152.441,153.235,152.427,153.212,6329
1640260800,153.209,153.656,153.164,153.333,8961
1640275200,153.333,153.707,153.102,153.52,9843
1640289600,153.52,153.589,153.42,153.485,4626
1640304000,153.358,153.564,153.272,153.309,6788
1640318400,153.309,153.389,153.173,153.179,6859
1640332800,153.174,153.429,153.144,153.411,8609
1640347200,153.411,153.512,153.255,153.28,8286
1640361600,153.29,153.404,153.092,153.125,5290
1640376000,153.125,153.314,153.072,153.126,1707
1640563200,153.091,153.338,152.846,153.315,3948
1640577600,153.327,153.5,153.297,153.363,2905
1640592000,153.363,153.769,153.306,153.688,5258
1640606400,153.689,154.068,153.581,154.059,5177
1640620800,154.056,154.449,153.969,154.405,6002
1640635200,154.413,154.459,154.308,154.438,3640
1640649600,154.309,154.469,154.173,154.287,3874
1640664000,154.286,154.392,154.243,154.358,3094
1640678400,154.359,154.403,154.212,154.345,4364
1640692800,154.347,154.58,154.305,154.384,4588
1640707200,154.384,154.464,154.009,154.183,7594
1640721600,154.183,154.271,154.059,154.22,4189
1640736000,154.178,154.323,154.056,154.125,3116
1640750400,154.139,154.323,154.074,154.28,2825
1640764800,154.278,154.395,154.145,154.264,4512
1640779200,154.264,154.808,154.214,154.685,6435
1640793600,154.678,155.056,154.413,155.003,9013
1640808000,155.002,155.131,154.981,155.088,4291
1640822400,155.0,155.352,154.988,155.341,3177
1640836800,155.343,155.356,155.102,155.188,3605
1640851200,155.187,155.23,154.92,155.008,5617
1640865600,155.008,155.549,154.989,155.317,6961
1640880000,155.324,155.667,155.216,155.33,8821
1640894400,155.33,155.47,155.248,155.366,4380
1640908800,155.246,155.392,155.226,155.371,3099
1640923200,155.371,155.435,155.313,155.332,1846
1640937600,155.334,155.625,155.328,155.518,4847
1640952000,155.515,155.564,155.0,155.437,7337
1640966400,155.437,156.017,155.399,155.686,9308
1640980800,155.688,155.828,155.59,155.669,3293
1641168000,155.589,155.922,155.392,155.737,3856
1641182400,155.737,155.743,155.567,155.65,3382
1641196800,155.652,155.874,155.625,155.689,5358
1641211200,155.689,155.74,155.127,155.298,7415
1641225600,155.297,155.483,154.893,155.352,10008
1641240000,155.352,155.522,155.328,155.469,5172
1641254400,155.397,155.651,155.338,155.588,4067
1641268800,155.588,156.004,155.515,155.895,5578
1641283200,155.892,156.533,155.755,156.502,8123
1641297600,156.492,157.15,156.388,157.125,10253
1641312000,157.125,157.433,157.033,157.251,11813
1641326400,157.248,157.269,157.029,157.117,5310
1641340800,157.028,157.297,156.897,157.067,5675
1641355200,157.072,157.127,156.813,156.924,5220
1641369600,156.929,157.161,156.753,156.779,7433
1641384000,156.776,157.022,156.579,156.896,9064
1641398400,156.895,157.605,156.749,157.592,10693
1641412800,157.591,157.768,157.31,157.4,9253
1641427200,157.324,157.473,157.034,157.102,4400
1641441600,157.103,157.127,156.7,156.769,5681
1641456000,156.769,156.789,156.091,156.4,8985
1641470400,156.398,156.964,156.361,156.665,10488
1641484800,156.659,157.01,156.382,156.697,13007
1641499200,156.697,156.873,156.586,156.811,5595
1641513600,156.686,157.109,156.656,157.073,4672
1641528000,157.067,157.073,156.921,156.996,3853
1641542400,156.994,157.055,156.752,157.027,6878
1641556800,157.028,157.068,156.757,156.85,8600
1641571200,156.852,157.061,156.744,157.007,12587
1641585600,157.007,157.187,156.969,157.056,4102
1641772800,156.995,157.239,156.86,157.205,5502
1641787200,157.205,157.377,157.205,157.332,3591
1641801600,157.338,157.352,157.061,157.105,7984
1641816000,157.103,157.169,156.301,156.396,10232
1641830400,156.394,156.414,155.955,156.092,12191
1641844800,156.096,156.503,156.077,156.453,7135
1641859200,156.293,156.712,156.224,156.629,6193
1641873600,156.628,156.884,156.62,156.732,5180
1641888000,156.735,157.14,156.444,157.019,9603
1641902400,157.02,157.069,156.75,156.926,8784
1641916800,156.926,157.313,156.754,157.215,12015
1641931200,157.215,157.271,157.088,157.189,5614
1641945600,157.168,157.313,157.061,157.18,5175
1641960000,157.181,157.426,157.161,157.36,4148
1641974400,157.361,157.441,157.116,157.203,7283
1641988800,157.203,157.711,157.158,157.568,9264
1642003200,157.569,157.69,156.905,156.98,13181
1642017600,156.979,157.133,156.764,157.1,7358
1642032000,157.061,157.233,156.993,157.041,5939
1642046400,157.041,157.268,157.025,157.061,4759
1642060800,157.062,157.461,157.047,157.339,7640
1642075200,157.339,157.462,156.683,156.998,9410
1642089600,157.005,157.146,156.314,156.405,12426
1642104000,156.406,156.607,156.33,156.502,7202
1642118400,156.481,156.619,156.075,156.1,7084
1642132800,156.1,156.248,156.003,156.17,6883
1642147200,156.17,156.462,156.0,156.448,9608
1642161600,156.448,156.521,155.458,155.602,10953
1642176000,155.602,155.893,155.494,155.848,14487
1642190400,155.848,156.298,155.783,156.233,5962
1642377600,156.04,156.491,156.015,156.453,6269
1642392000,156.467,156.587,156.383,156.554,5005
1642406400,156.555,156.65,156.386,156.631,7462
1642420800,156.631,156.719,156.245,156.362,7413
1642435200,156.361,156.508,156.29,156.472,6479
1642449600,156.472,156.487,156.334,156.357,1606
1642464000,156.38,156.455,156.273,156.359,4700
1642478400,156.36,156.905,156.336,156.547,8745
1642492800,156.542,156.806,156.053,156.24,11783
1642507200,156.241,156.247,155.721,155.884,11193
1642521600,155.887,155.905,155.477,155.583,13638
1642536000,155.582,155.9,155.523,155.813,8580
1642550400,155.787,156.072,155.741,155.943,6391
1642564800,155.949,156.023,155.404,155.48,7541
1642579200,155.483,155.975,155.403,155.901,10861
1642593600,155.901,156.23,155.862,156.073,9748
1642608000,156.074,156.168,155.643,155.758,12806
1642622400,155.76,155.782,155.572,155.631,7503
1642636800,155.594,155.77,155.449,155.645,6307
1642651200,155.643,156.032,155.623,155.949,6955
1642665600,155.949,156.065,155.614,155.74,9812
1642680000,155.74,155.794,155.407,155.489,9631
1642694400,155.492,155.788,155.462,155.521,11275
1642708800,155.52,155.612,155.145,155.199,7396
1642723200,155.117,155.213,154.466,154.726,8676
1642737600,154.723,154.863,154.449,154.762,8502
1642752000,154.764,154.764,154.416,154.639,11219
1642766400,154.637,154.663,154.234,154.293,9699
1642780800,154.294,154.332,153.911,154.063,15125
1642795200,154.063,154.24,153.962,154.08,7455
1642982400,154.006,154.489,153.966,154.444,6532
1642996800,154.444,154.475,154.113,154.153,5147
1643011200,154.15,154.206,153.591,153.654,10395
1643025600,153.648,153.694,153.245,153.245,12547
1643040000,153.245,153.662,152.904,153.051,17014
1643054400,153.049,153.809,153.032,153.774,11443
1643068800,153.649,153.876,153.388,153.488,6919
1643083200,153.486,153.486,153.132,153.366,7459
1643097600,153.366,153.904,153.285,153.775,12353
1643112000,153.775,153.839,153.122,153.393,11552
1643126400,153.386,153.774,153.177,153.658,14948
1643140800,153.658,154.011,153.615,153.755,7660
1643155200,153.71,153.917,153.674,153.865,5221
1643169600,153.865,153.983,153.784,153.854,4908
1643184000,153.85,154.217,153.788,154.179,7540
1643198400,154.18,154.477,154.096,154.405,8091
1643212800,154.405,154.628,154.225,154.627,11260
1643227200,154.627,154.743,153.887,154.395,15001
1643241600,154.314,154.544,153.994,154.151,7276
1643256000,154.148,154.148,153.883,154.025,9921
1643270400,154.022,154.465,153.823,154.416,12016
1643284800,154.418,154.689,154.132,154.373,12471
1643299200,154.364,154.721,154.212,154.295,14389
1643313600,154.295,154.414,154.035,154.379,9938
1643328000,154.28,154.659,154.213,154.621,6772
1643342400,154.631,154.896,154.555,154.826,6718
1643356800,154.829,154.953,154.348,154.715,11000
1643371200,154.712,154.862,154.588,154.848,12496
1643385600,154.85,154.962,154.284,154.288,14962
1643400000,154.289,154.424,154.094,154.368,7039
1643587200,154.39,154.856,154.368,154.841,6066
1643601600,154.841,155.022,154.801,154.877,5318
1643616000,154.878,155.225,154.858,155.193,8834
1643630400,155.194,155.333,154.656,154.955,10189
1643644800,154.954,155.238,154.446,154.692,13145
1643659200,154.692,154.855,154.595,154.789,8226
1643673600,154.737,154.836,154.528,154.611,4559
1643688000,154.615,154.759,154.49,154.696,6070
1643702400,154.695,155.032,154.642,154.806,9497
1643716800,154.805,154.92,154.541,154.781,9648
1643731200,154.783,155.206,154.736,154.894,12464
1643745600,154.895,155.208,154.87,155.128,5889
1643760000,155.013,155.219,154.875,155.143,5784
1643774400,155.143,155.213,155.107,155.149,3617
1643788800,155.151,155.21,154.816,154.916,7614
1643803200,154.917,155.25,154.811,155.164,8995
1643817600,155.149,155.301,154.848,155.23,11364
1643832000,155.228,155.439,155.187,155.314,5491
1643846400,155.266,155.371,155.082,155.157,4383
1643860800,155.157,155.295,155.05,155.216,4703
1643875200,155.216,155.649,155.155,155.575,7851
1643889600,155.573,156.495,155.373,155.99,12726
1643904000,156.001,156.506,155.868,156.285,16557
1643918400,156.285,156.403,156.128,156.383,7021
1643932800,156.268,156.505,156.187,156.237,4817
1643947200,156.237,156.498,156.197,156.269,5159
1643961600,156.27,156.451,155.939,155.968,9912
1643976000,155.968,156.006,155.566,155.883,12358
1643990400,155.886,156.156,155.746,155.987,14425
1644004800,155.989,156.098,155.785,155.832,6099
1644192000,155.98,156.192,155.796,156.029,5773
1644206400,156.029,156.073,155.808,155.957,5822
1644220800,155.957,156.168,155.462,155.462,9586
1644235200,155.462,155.63,155.138,155.629,9992
1644249600,155.627,155.784,155.425,155.667,11480
1644264000,155.666,155.787,155.599,155.779,5104
1644278400,155.761,156.1,155.28,156.06,5198
1644292800,156.06,156.158,155.982,156.078,5570
1644307200,156.077,156.433,156.045,156.356,9273
1644321600,156.358,156.388,156.0,156.268,9379
1644336000,156.266,156.721,156.263,156.563,9309
1644350400,156.557,156.587,156.421,156.544,5287
1644364800,156.41,156.696,156.356,156.481,5004
1644379200,156.481,156.567,156.382,156.532,4508
1644393600,156.53,156.639,156.286,156.529,7547
1644408000,156.527,156.859,156.526,156.788,7695
1644422400,156.791,156.791,156.199,156.286,9028
1644436800,156.285,156.403,156.212,156.382,4745
1644451200,156.322,156.493,156.27,156.288,4845
1644465600,156.288,156.505,156.25,156.432,4685
1644480000,156.435,157.235,156.43,157.143,8338
1644494400,157.143,157.385,157.043,157.37,9753
1644508800,157.371,158.067,157.21,157.923,16971
1644523200,157.918,157.955,157.198,157.284,12120
1644537600,157.173,157.378,157.117,157.162,6512
1644552000,157.161,157.268,157.024,157.094,5815
1644566400,157.09,157.452,156.711,157.323,10448
1644580800,157.323,157.55,157.23,157.359,8734
1644595200,157.363,157.704,157.211,157.615,12876
1644609600,157.614,157.722,155.862,156.543,15566
1644796800,156.364,156.863,156.259,156.325,8891
1644811200,156.327,156.477,156.261,156.375,6223
1644825600,156.378,156.378,155.308,155.461,12764
1644840000,155.463,156.387,155.422,156.253,13154
1644854400,156.25,156.53,156.1,156.461,14251
1644868800,156.462,156.549,155.998,156.37,11146
1644883200,156.217,156.429,156.131,156.192,5495
1644897600,156.19,156.309,155.997,156.047,6448
1644912000,156.046,156.83,155.967,156.66,11395
1644926400,156.661,156.794,156.465,156.623,10993
1644940800,156.624,156.716,156.193,156.521,11597
1644955200,156.52,156.6,156.44,156.565,6480
1644969600,156.413,156.748,156.325,156.695,4686
1644984000,156.693,156.783,156.619,156.78,4275
1644998400,156.78,157.115,156.696,156.86,9569
1645012800,156.861,157.048,156.402,156.477,10048
1645027200,156.478,156.91,156.353,156.791,11906
1645041600,156.79,156.991,156.736,156.815,10381
1645056000,156.779,156.957,156.645,156.927,5289
1645070400,156.923,156.996,156.112,156.529,9757
1645084800,156.528,156.858,156.063,156.578,13773
1645099200,156.577,156.826,156.383,156.445,11002
1645113600,156.445,156.908,156.434,156.742,14180
1645128000,156.742,156.807,156.455,156.473,7407
1645142400,156.372,156.88,156.221,156.697,7940
1645156800,156.701,156.816,156.669,156.792,6294
1645171200,156.792,157.29,156.725,156.879,9325
1645185600,156.879,156.945,156.441,156.58,10353
1645200000,156.58,156.657,156.219,156.301,13812
1645214400,156.305,156.571,156.268,156.378,6307
1645401600,156.321,156.636,156.083,156.567,7876
1645416000,156.568,156.688,156.475,156.581,5363
1645430400,156.581,156.748,156.453,156.629,8392
1645444800,156.629,156.629,156.125,156.262,8799
1645459200,156.262,156.44,156.166,156.325,8710
1645473600,156.325,156.344,156.023,156.085,4458
1645488000,155.975,156.063,155.516,155.825,9022
1645502400,155.815,156.023,155.649,155.997,7892
1645516800,155.996,156.086,155.58,155.851,13235
1645531200,155.852,156.125,155.697,156.005,14436
1645545600,156.013,156.509,155.935,156.228,12130
1645560000,156.23,156.477,156.081,156.334,9118
1645574400,156.201,156.505,156.162,156.451,6104
1645588800,156.452,156.508,156.293,156.375,4555
1645603200,156.375,156.778,156.285,156.542,9383
1645617600,156.539,156.637,156.319,156.485,9209
1645632000,156.483,156.545,155.9,155.939,11801
1645646400,155.939,155.965,155.603,155.798,7692
1645660800,155.722,155.889,155.44,155.804,8173
1645675200,155.804,155.824,154.465,154.625,17246
1645689600,154.624,154.818,154.106,154.135,18500
1645704000,154.128,154.242,153.457,153.495,17941
1645718400,153.495,154.295,153.374,154.183,18827
1645732800,154.182,154.979,154.134,154.497,13608
1645747200,154.468,154.751,154.4,154.578,9521
1645761600,154.584,154.795,154.414,154.759,9776
1645776000,154.765,154.795,154.157,154.24,13819
1645790400,154.238,155.005,154.189,154.828,14028
1645804800,154.827,155.184,154.498,154.915,12985
1645819200,154.916,155.081,154.912,154.931,6772
1646006400,153.926,154.681,153.926,154.361,11682
1646020800,154.361,154.393,154.076,154.383,9788
1646035200,154.38,154.642,154.283,154.556,14169
1646049600,154.558,154.992,154.556,154.683,12328
1646064000,154.684,154.895,154.065,154.141,15757
1646078400,154.139,154.311,153.954,154.294,9516
1646092800,154.205,154.688,154.205,154.547,5722
1646107200,154.546,154.596,154.289,154.388,6502
1646121600,154.388,154.559,153.958,153.96,10462
1646136000,153.959,154.128,153.691,154.009,13711
1646150400,154.01,154.04,152.827,152.877,15528
1646164800,152.878,153.117,152.663,153.088,10275
1646179200,153.033,153.442,152.965,153.308,5490
1646193600,153.309,153.352,153.043,153.061,6429
1646208000,153.064,153.381,152.821,153.308,14294
1646222400,153.309,154.031,153.305,154.028,13987
1646236800,154.026,154.554,153.697,154.428,16317
1646251200,154.431,154.923,154.429,154.86,8075
1646265600,154.82,154.859,154.64,154.71,6437
1646280000,154.714,155.127,154.654,155.073,5433
1646294400,155.068,155.228,154.723,154.936,10432
1646308800,154.934,155.01,154.623,154.736,10982
1646323200,154.733,154.863,154.0,154.088,15203
1646337600,154.088,154.203,153.867,154.117,8170
1646352000,154.107,154.221,153.559,154.1,10573
1646366400,154.1,154.12,153.81,153.985,9442
1646380800,153.979,154.146,153.481,153.554,10967
1646395200,153.552,153.683,152.562,152.706,13210
1646409600,152.712,152.84,151.468,151.815,15491
1646424000,151.817,152.146,151.673,152.005,8373
1646611200,151.964,152.119,151.481,151.684,11473
1646625600,151.686,152.02,151.554,151.867,10010
1646640000,151.868,152.232,151.245,151.534,14921
1646654400,151.535,152.205,151.183,151.889,15949
1646668800,151.885,152.107,151.239,151.313,17000
1646683200,151.31,151.5,151.037,151.09,11476
1646697600,151.059,151.59,150.99,151.537,7871
1646712000,151.54,151.579,151.314,151.422,8710
1646726400,151.427,151.708,150.983,151.664,15478
1646740800,151.664,151.901,151.431,151.647,13109
1646755200,151.64,151.854,151.41,151.835,18261
1646769600,151.827,152.014,151.409,151.522,11885
1646784000,151.483,152.032,151.442,151.959,6549
1646798400,151.961,152.02,151.779,151.828,6671
1646812800,151.826,152.388,151.797,152.357,11068
1646827200,152.358,152.732,152.131,152.365,11463
1646841600,152.363,152.653,152.169,152.641,15536
1646856000,152.641,152.764,152.498,152.739,7951
1646870400,152.637,152.869,152.537,152.706,6329
1646884800,152.706,152.997,152.641,152.963,6236
1646899200,152.961,152.993,152.302,152.672,11725
1646913600,152.677,152.986,152.433,152.966,14201
1646928000,152.961,152.967,152.022,152.089,13129
1646942400,152.089,152.271,151.882,151.921,7147
1646956800,151.902,152.373,151.899,152.115,5698
1646971200,152.122,152.655,152.098,152.567,8177
1646985600,152.565,152.982,152.508,152.901,12084
1647000000,152.901,153.399,152.788,153.094,13615
1647014400,153.096,153.172,152.808,152.86,13228
1647028800,152.858,153.024,152.796,152.922,7023
1647216000,153.0,153.458,152.836,153.323,5512
1647230400,153.333,153.454,153.187,153.203,7066
1647244800,153.214,153.702,153.208,153.587,8829
1647259200,153.587,154.191,153.538,154.067,10968
1647273600,154.065,154.145,153.754,153.757,12205
1647288000,153.757,153.806,153.587,153.672,7658
1647302400,153.606,153.901,153.606,153.789,4541
1647316800,153.789,154.415,153.786,154.358,9395
1647331200,154.357,154.494,153.23,153.495,11614
1647345600,153.495,154.226,153.473,154.189,11029
1647360000,154.193,154.693,154.045,154.392,13720
1647374400,154.392,154.466,154.117,154.224,7463
1647388800,154.218,154.448,154.143,154.392,4502
1647403200,154.4,154.416,154.253,154.295,7021
1647417600,154.293,154.639,154.257,154.511,9116
1647432000,154.509,154.916,154.442,154.897,10057
1647446400,154.899,155.5,154.644,155.485,13681
1647460800,155.48,156.143,155.189,156.125,14594
1647475200,156.084,156.572,156.033,156.44,7312
1647489600,156.444,156.465,155.979,156.242,9773
1647504000,156.243,156.614,156.197,156.437,9231
1647518400,156.444,156.708,155.463,155.6,11862
1647532800,155.604,155.99,155.526,155.953,12347
1647547200,155.953,156.095,155.865,155.954,9399
1647561600,155.925,156.329,155.86,156.212,5581
1647576000,156.21,156.316,156.175,156.236,7082
1647590400,156.233,156.553,156.029,156.285,8523
1647604800,156.285,156.519,156.142,156.437,9096
1647619200,156.437,157.145,156.381,157.136,12426
1647633600,157.137,157.226,156.972,156.997,6473
1647820800,156.866,157.137,156.741,156.886,4720
1647835200,156.886,156.997,156.787,156.848,4557
1647849600,156.849,156.993,156.738,156.754,6848
1647864000,156.754,156.893,156.376,156.814,8622
1647878400,156.815,157.501,156.81,157.408,10991
1647892800,157.411,157.51,157.147,157.322,9939
1647907200,157.249,157.786,157.213,157.58,5119
1647921600,157.581,158.148,157.509,158.113,9456
1647936000,158.113,158.847,157.888,158.731,10861
1647950400,158.73,160.077,158.705,159.53,12838
1647964800,159.534,160.18,159.512,159.934,13023
1647979200,159.93,160.228,159.886,160.227,6863
1647993600,160.153,161.017,160.126,160.733,7034
1648008000,160.731,161.101,160.399,160.78,8718
1648022400,160.78,160.937,159.799,159.865,8805
1648036800,159.865,160.292,159.04,159.285,11107
1648051200,159.285,159.961,159.053,159.838,11800
1648065600,159.841,160.04,159.768,159.997,6029
1648080000,159.936,160.128,159.66,159.684,5579
1648094400,159.687,159.985,159.587,159.9,8046
1648108800,159.9,160.685,159.842,160.065,11547
1648123200,160.066,160.721,160.033,160.566,10736
1648137600,160.566,161.349,160.459,161.285,14087
1648152000,161.284,161.408,161.066,161.336,7291
1648166400,161.26,161.499,160.884,160.974,6497
1648180800,160.975,161.127,160.163,160.602,11753
1648195200,160.599,161.114,159.917,159.94,10432
1648209600,159.939,160.81,159.86,160.659,9545
1648224000,160.661,161.275,160.635,160.952,15216
1648238400,160.953,161.152,160.781,160.952,7098
1648425600,160.875,161.18,160.771,160.84,5819
1648440000,160.833,162.005,160.806,161.77,12017
1648454400,161.77,164.632,161.594,164.124,14290
1648468800,164.114,164.138,161.649,161.994,16602
1648483200,161.996,162.272,161.211,161.532,15919
1648497600,161.532,162.278,161.446,162.269,7826
1648512000,161.925,162.713,161.517,162.376,8799
1648526400,162.373,162.432,161.224,161.523,12132
1648540800,161.524,162.308,161.482,161.584,13091
1648555200,161.585,162.615,161.057,161.508,16297
1648569600,161.503,161.594,160.286,160.513,17258
1648584000,160.511,161.055,160.262,160.898,7033
1648598400,160.752,161.368,160.359,160.437,7994
1648612800,160.437,160.495,159.05,159.696,14873
1648627200,159.693,160.109,159.482,159.805,13886
1648641600,159.806,160.496,159.762,160.345,13273
1648656000,160.349,160.856,160.104,160.216,13864
1648670400,160.216,160.249,159.932,160.013,6774
1648684800,159.977,160.831,159.977,160.705,8380
1648699200,160.695,160.884,160.183,160.304,11365
1648713600,160.302,160.353,159.449,160.311,14570
1648728000,160.309,160.321,159.523,159.799,12783
1648742400,159.798,159.944,159.441,159.706,15472
1648756800,159.708,160.014,159.615,159.948,7654
1648771200,159.8,160.536,159.677,160.43,7394
1648785600,160.427,161.182,160.374,160.982,10631
1648800000,160.983,161.058,160.487,160.923,11894
1648814400,160.924,161.08,160.63,161.018,11498
1648828800,161.017,161.131,160.579,160.623,13405
1648843200,160.617,160.755,160.389,160.689,6909
1649030400,160.543,160.851,160.282,160.503,6670
1649044800,160.5,161.02,160.474,160.817,7487
1649059200,160.818,161.171,160.749,160.822,10154
1649073600,160.823,161.064,160.721,160.739,9657
1649088000,160.735,161.305,160.726,160.843,11113
1649102400,160.84,161.096,160.747,161.017,6034
1649116800,160.996,161.089,160.514,160.692,5394
1649131200,160.688,160.903,160.61,160.786,7150
1649145600,160.786,161.503,160.73,161.146,10557
1649160000,161.146,161.494,161.093,161.354,10423
1649174400,161.36,161.969,161.267,161.712,13770
1649188800,161.711,161.864,161.537,161.562,7479
1649203200,161.458,161.874,161.322,161.781,10239
1649217600,161.781,162.133,161.679,161.896,9244
1649232000,161.896,162.201,161.683,162.132,11991
1649246400,162.132,162.248,161.922,162.123,11137
1649260800,162.126,162.281,161.712,161.817,12329
1649275200,161.817,162.008,161.638,161.766,11119
1649289600,161.697,161.994,161.406,161.629,6596
1649304000,161.629,161.857,161.599,161.805,7303
1649318400,161.807,162.27,161.693,161.763,10938
1649332800,161.763,162.231,161.616,162.051,11037
1649347200,162.052,162.132,161.638,161.771,12874
1649361600,161.77,162.137,161.757,162.104,7609
1649376000,162.043,162.359,161.746,161.803,6432
1649390400,161.804,162.024,161.658,161.925,7301
1649404800,161.925,162.128,161.65,161.874,9909
1649419200,161.875,162.016,161.725,162.006,8970
1649433600,161.997,162.122,161.723,162.098,12881
1649448000,162.098,162.171,161.977,162.0,5909
1649635200,161.623,162.302,161.569,162.23,5432
1649649600,162.225,162.684,162.18,162.609,9972
1649664000,162.611,163.334,162.543,163.292,12826
1649678400,163.287,163.844,163.243,163.685,11174
1649692800,163.689,163.743,163.323,163.479,12129
1649707200,163.478,163.617,163.262,163.356,7311
1649721600,163.311,163.548,163.107,163.365,6682
1649736000,163.361,163.427,163.104,163.286,8991
1649750400,163.286,163.626,163.25,163.362,12510
1649764800,163.359,163.539,162.806,163.024,10523
1649779200,163.044,163.42,162.988,163.085,15831
1649793600,163.084,163.173,162.859,163.027,7762
1649808000,162.938,163.217,162.911,163.165,5735
1649822400,163.171,163.434,163.144,163.326,7799
1649836800,163.325,164.078,163.302,163.936,12624
1649851200,163.937,164.062,163.485,163.6,12277
1649865600,163.598,164.479,163.408,164.442,14673
1649880000,164.438,164.849,164.399,164.822,6742
1649894400,164.487,164.849,164.283,164.61,6303
1649908800,164.613,164.679,164.368,164.58,9146
1649923200,164.581,164.795,164.277,164.693,9893
1649937600,164.701,164.776,164.358,164.397,11546
1649952000,164.403,164.523,164.034,164.43,15202
1649966400,164.426,164.776,164.394,164.646,5438
1649980800,164.556,165.041,164.369,164.923,5141
1649995200,164.923,165.258,164.754,165.176,11854
1650009600,165.174,165.41,164.951,165.277,11396
1650024000,165.292,165.346,165.084,165.23,11127
1650038400,165.234,165.31,164.969,165.085,5476
1650052800,165.085,165.202,164.968,165.01,6171
1650240000,164.901,165.417,164.759,165.096,6673
1650254400,165.095,165.165,164.762,164.91,8620
1650268800,164.911,165.02,164.643,164.807,6770
1650283200,164.808,165.089,164.721,164.953,6292
1650297600,164.945,165.181,164.823,165.18,9042
1650312000,165.18,165.247,165.072,165.227,6525
1650326400,165.185,165.621,165.166,165.582,6453
1650340800,165.581,166.641,165.537,166.572,11476
1650355200,166.572,167.397,166.165,167.316,13151
1650369600,167.313,167.409,166.746,167.018,11785
1650384000,167.015,167.547,166.94,167.471,13972
1650398400,167.474,167.608,167.3,167.566,6846
1650412800,167.472,168.432,167.424,168.326,9262
1650427200,168.325,168.412,167.055,167.588,15214
1650441600,167.589,167.784,167.177,167.306,11559
1650456000,167.304,167.399,166.523,167.243,13955
1650470400,167.239,167.241,166.43,166.905,14394
1650484800,166.91,167.042,166.694,167.042,8507
1650499200,166.864,167.675,166.636,167.278,11723
1650513600,167.28,167.812,167.238,167.532,10414
1650528000,167.533,167.594,167.092,167.254,13459
1650542400,167.257,167.483,166.978,167.171,10615
1650556800,167.17,167.911,167.129,167.63,13570
1650571200,167.627,167.643,167.01,167.213,10788
1650585600,167.225,167.553,167.141,167.513,7733
1650600000,167.505,167.591,166.892,166.987,11442
1650614400,166.986,166.998,165.191,165.294,14554
1650628800,165.294,165.836,165.213,165.446,11329
1650643200,165.448,165.817,164.804,165.447,15561
1650657600,165.443,165.443,164.826,165.027,8791
1650844800,164.657,165.313,164.574,165.086,7523
1650859200,165.099,165.152,164.104,164.507,12767
1650873600,164.51,164.678,163.014,163.318,16405
1650888000,163.318,163.748,162.86,163.241,14112
1650902400,163.242,163.317,162.059,162.56,17068
1650916800,162.561,163.268,162.525,163.258,10625
1650931200,163.241,163.384,162.275,162.642,9280
1650945600,162.641,163.602,162.368,163.475,12225
1650960000,163.475,163.542,162.433,162.667,13827
1650974400,162.667,162.695,161.192,161.311,12353
1650988800,161.316,161.503,160.443,160.827,16420
1651003200,160.827,160.834,159.963,159.994,9708
1651017600,159.972,160.475,159.627,160.448,8050
1651032000,160.438,160.79,160.246,160.633,12343
1651046400,160.629,161.187,160.205,160.424,14126
1651060800,160.423,161.249,160.322,160.598,12611
1651075200,160.598,161.387,160.316,161.183,15696
1651089600,161.187,161.245,160.809,161.094,9867
1651104000,161.087,161.458,160.879,161.437,7614
1651118400,161.436,162.64,161.218,162.508,12709
1651132800,162.509,164.244,162.359,164.13,16694
1651147200,164.126,164.258,162.238,162.603,15625
1651161600,162.595,163.282,162.447,163.232,16435
1651176000,163.232,163.45,162.981,163.075,9150
1651190400,162.825,163.253,162.651,163.02,5896
1651204800,163.023,163.157,162.899,163.089,9087
1651219200,163.088,163.561,162.918,163.321,13327
1651233600,163.32,163.99,163.022,163.206,13266
1651248000,163.206,163.584,162.413,163.101,15921
1651262400,163.101,163.41,162.954,163.34,10232
1651449600,163.208,163.896,163.168,163.472,8703
1651464000,163.469,163.686,163.329,163.654,9842
1651478400,163.652,163.836,163.379,163.5,10633
1651492800,163.505,163.536,162.937,163.128,9758
1651507200,163.136,163.274,162.662,162.688,14864
1651521600,162.692,162.752,162.29,162.6,8664
1651536000,162.53,162.786,162.379,162.636,4952
1651550400,162.645,163.057,162.569,162.831,6582
1651564800,162.836,163.415,162.708,163.176,10735
1651579200,163.171,163.213,162.512,163.099,11589
1651593600,163.099,163.116,162.496,162.556,13220
1651608000,162.555,162.804,162.356,162.608,8870
1651622400,162.544,162.722,162.448,162.637,4071
1651636800,162.633,162.649,162.421,162.455,5404
1651651200,162.45,162.877,162.262,162.76,8800
1651665600,162.76,162.792,162.471,162.736,8872
1651680000,162.733,162.813,162.183,162.433,12969
1651694400,162.433,163.196,161.783,163.108,17134
1651708800,162.938,163.574,162.765,162.782,7685
1651723200,162.787,162.918,162.107,162.181,9938
1651737600,162.193,162.759,162.192,162.723,12739
1651752000,162.72,163.171,160.476,160.942,14648
1651766400,160.938,161.499,160.723,160.908,17207
1651780800,160.908,161.186,160.651,160.836,12467
1651795200,160.86,161.48,160.847,161.356,7769
1651809600,161.35,161.605,161.181,161.483,11665
1651824000,161.482,161.552,160.32,160.97,14815
1651838400,160.962,161.304,160.769,161.015,13985
1651852800,161.0,161.206,160.392,161.168,19235
1651867200,161.168,161.251,160.944,161.056,9860
1652054400,161.09,161.411,160.701,160.988,7632
1652068800,160.992,161.134,160.772,160.908,10994
1652083200,160.904,161.357,160.738,160.983,12650
1652097600,160.979,162.185,160.913,161.963,14205
1652112000,161.969,161.98,160.165,160.889,18180
1652126400,160.88,160.988,160.562,160.664,11355
1652140800,160.613,160.979,160.134,160.345,8945
1652155200,160.346,161.368,160.078,161.328,12429
1652169600,161.325,161.514,160.284,160.479,13750
1652184000,160.492,160.796,160.042,160.116,12673
1652198400,160.103,160.602,160.084,160.344,17396
1652212800,160.336,160.737,160.288,160.674,10357
1652227200,160.539,160.67,160.378,160.543,5676
1652241600,160.543,160.877,160.518,160.786,9845
1652256000,160.786,160.865,160.213,160.676,11668
1652270400,160.675,160.7,159.935,160.662,13207
1652284800,160.652,161.314,159.657,159.688,19132
1652299200,159.685,159.685,158.842,159.195,14102
1652313600,159.097,159.3,158.362,158.859,8390
1652328000,158.862,159.054,158.398,158.437,12555
1652342400,158.44,158.536,156.569,156.569,18471
1652356800,156.569,157.369,156.42,156.66,16230
1652371200,156.646,157.033,155.596,156.542,19758
1652385600,156.541,156.639,155.931,156.512,12403
1652400000,156.4,157.375,156.4,157.261,8147
1652414400,157.259,157.938,157.206,157.608,12329
1652428800,157.61,157.656,156.805,157.21,13956
1652443200,157.21,157.641,156.838,157.392,11460
1652457600,157.398,158.467,156.935,158.301,14368
1652472000,158.303,158.476,157.996,158.47,7799
1652659200,158.168,158.995,158.023,158.87,7530
1652673600,158.872,159.234,157.468,157.919,12536
1652688000,157.921,158.402,157.433,158.302,12582
1652702400,158.304,158.861,158.078,158.441,10490
1652716800,158.444,158.594,157.911,158.413,13651
1652731200,158.402,159.277,158.396,159.088,7685
1652745600,159.014,159.485,158.796,159.314,6363
1652760000,159.294,159.749,159.098,159.709,9101
1652774400,159.71,161.6,159.534,161.41,11918
1652788800,161.411,161.855,160.936,161.831,12829
1652803200,161.83,161.837,160.811,161.448,12623
1652817600,161.448,161.598,161.056,161.591,10128
1652832000,161.515,161.777,161.385,161.401,6476
1652846400,161.413,161.548,160.739,161.007,9429
1652860800,161.007,161.438,159.859,159.903,11654
1652875200,159.905,160.532,159.879,160.09,10819
1652889600,160.091,160.113,158.689,158.919,15746
1652904000,158.914,158.915,158.066,158.265,10768
1652918400,158.162,158.782,157.893,158.571,9315
1652932800,158.586,159.811,158.494,159.577,11909
1652947200,159.572,159.662,158.18,158.44,15659
1652961600,158.438,159.079,157.884,158.081,15391
1652976000,158.079,159.924,158.028,159.482,19422
1652990400,159.484,159.753,159.342,159.497,12023
1653004800,159.288,159.538,159.083,159.247,8697
1653019200,159.245,159.812,158.733,159.125,13142
1653033600,159.125,159.982,159.008,159.944,14663
1653048000,159.942,160.197,159.376,159.463,12556
1653062400,159.459,160.067,159.193,159.275,16288
1653076800,159.278,159.859,159.092,159.804,11347
1653264000,159.57,160.304,159.03,159.968,7043
1653278400,159.968,160.154,159.411,159.873,11751
1653292800,159.871,160.772,159.83,160.367,13723
1653307200,160.366,160.716,160.111,160.647,11300
1653321600,160.654,160.862,160.184,160.683,13870
1653336000,160.688,161.002,160.472,160.997,6709
1653350400,160.753,160.982,160.309,160.503,6198
1653364800,160.51,160.85,160.265,160.338,9720
1653379200,160.338,160.731,158.879,159.119,14022
1653393600,159.119,159.657,158.743,158.939,11922
1653408000,158.933,159.005,157.996,158.658,17412
1653422400,158.647,159.075,158.55,159.022,9893
1653436800,158.894,159.229,158.851,158.981,6604
1653451200,158.976,159.386,158.789,159.167,11743
1653465600,159.168,159.713,158.953,159.118,13299
1653480000,159.12,159.12,158.393,158.83,12820
1653494400,158.834,159.868,158.783,159.743,15020
1653508800,159.745,160.305,159.602,160.128,11177
1653523200,159.952,160.707,159.66,160.659,5973
1653537600,160.654,160.827,160.013,160.068,11785
1653552000,160.068,160.13,159.107,159.17,13137
1653566400,159.166,160.315,159.018,159.787,13001
1653580800,159.787,160.33,159.546,160.156,13167
1653595200,160.153,160.285,159.958,160.205,7097
1653609600,159.896,160.53,159.439,160.299,7180
1653624000,160.302,160.632,160.138,160.455,11579
1653638400,160.453,160.656,160.151,160.305,10835
1653652800,160.306,160.56,159.825,160.382,11851
1653667200,160.387,160.572,160.162,160.283,12303
1653681600,160.287,160.584,160.218,160.55,4927
1653868800,160.269,160.817,159.912,160.442,5203
1653883200,160.444,160.713,160.338,160.612,9797
1653897600,160.61,160.875,160.511,160.764,10199
1653912000,160.764,161.5,160.763,161.353,8499
1653926400,161.35,161.521,161.25,161.404,8000
1653940800,161.405,161.501,161.381,161.487,2644
1653955200,161.306,161.963,161.224,161.67,8295
1653969600,161.667,161.805,161.286,161.431,12485
1653984000,161.431,161.442,160.943,161.325,12817
1653998400,161.322,161.65,161.05,161.608,12069
1654012800,161.615,162.339,161.595,162.215,15207
1654027200,162.209,162.362,162.005,162.214,9030
1654041600,162.057,162.616,162.057,162.538,6188
1654056000,162.538,162.745,162.384,162.583,10493
1654070400,162.582,163.321,162.454,162.849,12291
1654084800,162.845,163.085,162.686,162.776,9505
1654099200,162.786,162.837,161.973,162.261,15091
1654113600,162.263,162.684,162.225,162.491,7839
1654128000,162.446,162.589,162.181,162.362,5647
1654142400,162.357,162.428,162.131,162.375,8329
1654156800,162.375,162.957,162.112,162.848,9581
1654171200,162.85,162.908,162.589,162.76,10143
1654185600,162.761,163.28,162.619,163.28,13686
1654200000,163.282,163.421,163.147,163.33,5994
1654214400,163.246,163.505,163.166,163.214,4910
1654228800,163.218,163.379,163.061,163.221,8674
1654243200,163.222,163.512,163.157,163.432,8595
1654257600,163.433,163.674,163.316,163.546,9534
1654272000,163.624,164.103,163.501,163.704,12346
1654286400,163.704,163.744,163.322,163.35,5442
1654473600,163.434,163.596,163.189,163.308,6099
1654488000,163.308,163.324,162.909,163.32,9076
1654502400,163.32,164.456,163.119,164.392,11002
1654516800,164.392,164.439,163.914,164.227,8253
1654531200,164.229,165.124,164.118,165.114,12624
1654545600,165.115,165.472,165.094,165.214,6824
1654560000,165.205,165.667,165.191,165.501,7195
1654574400,165.506,166.139,165.495,166.069,13020
1654588800,166.073,166.274,165.286,165.857,14708
1654603200,165.858,166.167,165.715,165.823,11001
1654617600,165.816,167.052,165.663,166.972,12881
1654632000,166.977,167.107,166.656,166.996,6599
1654646400,166.923,167.373,166.858,167.333,6686
1654660800,167.333,167.44,167.017,167.324,10630
1654675200,167.326,167.725,167.213,167.591,12923
1654689600,167.591,168.53,167.42,168.358,13113
1654704000,168.355,168.51,167.694,168.207,14699
1654718400,168.208,168.396,167.959,168.301,7928
1654732800,168.194,168.725,168.036,168.302,8396
1654747200,168.307,168.374,167.918,168.106,10299
1654761600,168.104,168.122,166.69,167.399,13700
1654776000,167.402,168.092,166.95,167.655,14720
1654790400,167.657,168.613,167.581,167.894,16769
1654804800,167.891,168.076,167.638,167.915,8430
1654819200,167.789,168.039,167.363,167.502,6683
1654833600,167.502,167.715,167.339,167.709,10134
1654848000,167.712,167.716,166.552,167.087,14632
1654862400,167.087,167.152,165.795,165.886,13188
1654876800,165.892,166.295,165.169,165.355,16841
1654891200,165.356,165.569,165.221,165.424,9128
1655078400,165.421,165.838,165.365,165.672,8764
1655092800,165.672,166.123,165.342,165.886,13473
1655107200,165.888,165.99,164.095,164.148,17343
1655121600,164.148,164.441,163.362,163.466,15255
1655136000,163.471,163.672,162.253,163.359,18005
1655150400,163.357,163.395,162.835,163.15,13531
1655164800,163.117,163.241,162.714,163.07,8227
1655179200,163.072,164.32,162.826,163.895,15809
1655193600,163.891,164.251,163.02,163.072,16963
1655208000,163.072,163.233,162.224,162.53,16245
1655222400,162.531,162.586,161.345,161.907,18917
1655236800,161.899,162.488,161.536,162.468,12747
1655251200,162.44,162.665,162.022,162.281,9882
1655265600,162.279,162.83,162.083,162.107,12104
1655280000,162.106,162.791,161.732,162.624,18184
1655294400,162.621,163.101,162.329,162.5,17475
1655308800,162.499,162.739,162.048,162.237,15572
1655323200,162.238,163.164,162.128,162.913,18063
1655337600,162.747,163.614,162.74,163.486,10057
1655352000,163.485,163.796,163.049,163.26,11714
1655366400,163.262,163.285,161.359,161.574,17510
1655380800,161.577,162.529,159.999,162.288,21116
1655395200,162.29,163.539,162.128,163.189,20366
1655409600,163.184,163.787,162.901,163.268,14479
1655424000,163.257,164.259,163.16,164.194,10747
1655438400,164.192,165.731,163.017,164.7,17858
1655452800,164.689,165.943,164.11,165.675,19398
1655467200,165.669,166.222,164.94,165.09,16697
1655481600,165.09,165.291,164.491,164.718,18438
1655496000,164.703,165.043,164.67,164.885,10508
1655683200,164.863,165.567,164.843,165.225,9664
1655697600,165.233,165.347,164.481,165.121,15461
1655712000,165.116,165.331,164.501,165.036,14678
1655726400,165.03,165.662,164.927,165.471,11171
1655740800,165.477,165.553,165.077,165.511,10739
1655755200,165.511,165.571,165.261,165.431,3012
1655769600,165.207,165.795,165.207,165.76,8316
1655784000,165.762,165.872,165.612,165.726,10933
1655798400,165.725,166.783,165.402,166.56,12593
1655812800,166.558,167.238,166.346,167.118,14115
1655827200,167.11,167.396,166.841,167.376,12935
1655841600,167.375,167.819,167.297,167.797,7788
1655856000,167.658,167.862,167.001,167.056,8882
1655870400,167.064,167.065,166.494,166.647,12865
1655884800,166.639,167.044,165.771,166.476,15238
1655899200,166.471,167.056,166.043,166.405,14516
1655913600,166.409,167.324,166.395,167.1,16854
1655928000,167.099,167.45,166.985,167.029,7994
1655942400,167.015,167.042,166.448,166.835,7901
1655956800,166.835,166.835,165.642,165.981,15089
1655971200,165.981,166.387,164.819,165.223,15948
1655985600,165.223,165.827,164.995,165.247,14743
1656000000,165.25,165.459,164.686,164.802,19330
1656014400,164.8,165.608,164.66,165.484,9527
1656028800,165.323,165.689,165.112,165.52,7680
1656043200,165.519,165.623,165.187,165.521,10718
1656057600,165.519,165.667,164.811,165.615,13456
1656072000,165.617,166.302,165.486,165.988,13230
1656086400,165.979,166.294,165.651,165.829,16107
1656100800,165.832,166.135,165.739,165.92,7185
1656288000,165.349,166.247,165.133,165.198,8360
1656302400,165.188,165.733,165.147,165.469,12885
1656316800,165.463,166.534,165.438,166.252,12707
1656331200,166.253,166.272,165.808,165.957,12085
1656345600,165.969,166.49,165.78,166.364,14853
1656360000,166.362,166.366,166.081,166.186,8416
1656374400,166.096,166.403,165.957,166.211,6796
1656388800,166.212,166.336,165.722,166.032,12621
1656403200,166.038,166.856,165.976,166.674,13860
1656417600,166.675,166.93,166.279,166.433,14137
1656432000,166.426,166.587,165.974,166.073,15962
1656446400,166.071,166.157,165.883,165.907,9365
1656460800,165.804,166.13,165.715,165.814,7948
1656475200,165.815,166.286,165.751,165.94,11633
1656489600,165.938,166.147,165.436,165.789,15570
1656504000,165.789,166.214,165.72,165.985,14565
1656518400,165.977,166.342,165.532,165.581,17549
1656532800,165.579,165.735,165.404,165.611,8676
1656547200,165.558,165.824,165.386,165.63,7649
1656561600,165.64,165.822,165.44,165.604,10157
1656576000,165.595,165.791,165.105,165.422,13685
1656590400,165.423,165.429,164.811,165.044,13657
1656604800,165.03,165.659,164.825,165.205,17820
1656619200,165.205,165.327,164.968,165.308,13141
1656633600,165.207,165.318,164.99,165.243,9029
1656648000,165.244,165.257,163.503,163.716,19943
1656662400,163.719,164.341,163.266,163.983,22956
1656676800,163.983,164.244,162.311,162.424,22084
1656691200,162.43,163.196,161.577,162.957,28096
1656705600,162.95,163.72,162.892,163.58,9386
1656892800,163.689,164.006,163.283,163.335,10463
1656907200,163.335,163.516,163.008,163.398,14160
1656921600,163.399,164.285,163.375,164.052,15931
1656936000,164.052,164.645,163.95,164.563,12132
1656950400,164.563,164.752,164.157,164.349,10997
1656964800,164.349,164.378,164.143,164.2,2871
1656979200,164.101,164.874,163.912,164.768,11649
1656993600,164.768,165.28,164.642,165.036,13586
1657008000,165.031,165.223,163.523,163.612,21140
1657022400,163.61,163.704,162.458,162.6,22298
1657036800,162.595,162.729,161.585,161.861,27188
1657051200,161.864,162.539,161.782,162.477,12606
1657065600,162.154,162.441,161.841,162.312,11490
1657080000,162.311,162.324,161.435,161.524,16583
1657094400,161.527,162.582,160.892,161.711,23056
1657108800,161.71,161.786,160.394,160.791,25803
1657123200,160.789,161.965,160.747,161.669,29306
1657137600,161.669,162.245,161.658,162.034,16543
1657152000,161.985,162.269,161.799,161.91,10595
1657166400,161.915,162.304,161.583,162.113,15798
1657180800,162.113,163.262,162.017,162.933,20675
1657195200,162.933,163.434,162.251,162.607,22174
1657209600,162.597,163.362,162.34,163.352,21227
1657224000,163.36,163.627,163.192,163.516,7777
1657238400,163.456,163.937,163.4,163.828,7514
1657252800,163.828,163.902,162.681,162.767,21161
1657267200,162.759,162.983,161.822,161.996,21323
1657281600,161.996,163.579,161.899,163.525,22312
1657296000,163.53,163.917,163.067,163.667,23685
1657310400,163.668,163.829,163.555,163.792,7424
1657497600,163.457,163.957,163.449,163.869,9615
1657512000,163.858,164.468,163.713,164.221,16792
1657526400,164.228,164.345,163.498,163.906,17797
1657540800,163.906,164.159,163.584,164.048,16730
1657555200,164.048,164.131,163.03,163.273,22576
1657569600,163.276,163.545,163.242,163.379,10196
1657584000,163.342,163.55,163.102,163.203,12342
1657598400,163.201,163.247,162.729,162.89,17805
1657612800,162.89,163.2,162.014,162.317,22734
1657627200,162.317,162.371,161.834,162.072,21641
1657641600,162.07,162.893,161.982,162.796,21725
1657656000,162.794,162.871,162.519,162.674,9993
1657670400,162.572,162.797,162.356,162.668,9479
1657684800,162.665,163.402,162.665,163.104,14967
1657699200,163.108,163.723,162.878,163.087,21125
1657713600,163.082,163.712,162.856,163.114,19389
1657728000,163.109,164.117,162.995,163.585,30023
1657742400,163.584,163.643,163.265,163.405,15382
1657756800,163.319,163.618,163.086,163.535,11962
1657771200,163.541,164.017,163.401,163.96,16696
1657785600,163.961,165.191,163.919,164.697,21969
1657800000,164.688,164.889,164.017,164.344,23378
1657814400,164.341,164.39,163.649,163.674,29727
1657828800,163.674,164.358,163.571,164.32,15411
1657843200,164.235,164.619,164.096,164.225,10024
1657857600,164.224,164.701,164.169,164.487,14565
1657872000,164.49,164.49,163.646,164.176,19371
1657886400,164.167,164.415,164.008,164.177,19861
1657900800,164.173,164.547,163.999,164.261,24266
1657915200,164.261,164.427,164.166,164.36,7839
1658102400,164.384,164.541,164.17,164.193,7382
1658116800,164.193,164.739,164.18,164.422,10725
1658131200,164.422,165.157,164.256,164.985,16911
1658145600,164.985,165.795,164.95,165.676,16019
1658160000,165.677,166.093,165.358,165.359,18632
1658174400,165.36,165.384,164.925,165.102,10927
1658188800,164.964,165.31,164.921,164.988,11539
1658203200,164.988,165.116,164.72,164.958,11875
1658217600,164.961,165.609,164.811,165.552,19995
1658232000,165.551,165.565,165.128,165.34,18587
1658246400,165.332,165.978,165.21,165.752,19945
1658260800,165.758,165.913,165.659,165.804,9539
1658275200,165.793,166.253,165.724,166.002,10965
1658289600,166.002,166.2,165.665,165.996,11422
1658304000,165.996,166.186,165.596,165.969,18379
1658318400,165.963,166.192,165.133,165.45,19116
1658332800,165.444,165.885,165.333,165.514,18911
1658347200,165.511,165.66,165.282,165.632,10098
1658361600,165.487,165.841,165.463,165.702,10652
1658376000,165.7,165.995,165.432,165.785,16816
1658390400,165.785,165.936,165.114,165.548,20298
1658404800,165.554,165.959,165.293,165.864,22286
1658419200,165.863,165.906,164.537,164.862,28131
1658433600,164.861,164.966,164.539,164.746,11844
1658448000,164.725,164.985,164.358,164.64,12779
1658462400,164.653,164.885,164.472,164.847,14335
1658476800,164.845,165.149,164.057,164.553,20207
1658491200,164.553,164.616,163.385,163.658,21530
1658505600,163.656,163.894,163.406,163.524,25545
1658520000,163.525,163.531,163.0,163.16,10750
1658707200,163.343,163.701,163.259,163.33,9608
1658721600,163.323,163.489,162.998,163.215,15835
1658736000,163.214,164.086,163.119,164.067,18002
1658750400,164.064,165.012,163.979,164.816,17226
1658764800,164.811,165.088,164.293,164.735,18044
1658779200,164.735,164.824,164.619,164.633,7198
1658793600,164.543,164.651,164.289,164.518,9881
1658808000,164.518,164.962,164.46,164.718,10167
1658822400,164.718,164.97,164.209,164.316,14736
1658836800,164.317,164.333,163.472,163.854,18009
1658851200,163.853,164.627,163.578,164.289,20835
1658865600,164.285,164.793,164.25,164.736,8681
1658880000,164.633,165.159,164.552,165.089,8104
1658894400,165.093,165.224,164.888,165.22,11576
1658908800,165.22,165.291,164.88,164.983,15908
1658923200,164.988,165.188,164.74,164.967,14297
1658937600,164.97,165.44,164.796,165.359,17060
1658952000,165.362,166.335,165.165,166.098,21403
1658966400,166.091,166.112,165.363,165.412,10167
1658980800,165.412,165.419,164.526,164.715,18297
1658995200,164.715,165.289,164.577,164.905,19197
1659009600,164.893,164.899,163.427,163.531,22084
1659024000,163.525,163.633,162.863,163.152,24797
1659038400,163.152,163.6,163.135,163.509,9888
1659052800,163.486,163.899,163.413,163.738,12573
1659067200,163.736,163.801,162.147,162.565,18815
1659081600,162.564,162.628,161.54,161.838,24077
1659096000,161.836,162.673,161.766,162.425,21174
1659110400,162.427,162.693,161.891,162.219,26431
1659124800,162.22,162.432,162.026,162.311,8983
1659312000,162.17,162.5,161.725,161.755,11367
1659326400,161.757,161.824,161.041,161.539,19355
1659340800,161.539,161.893,161.073,161.864,18421
1659355200,161.865,162.085,161.574,161.734,19784
1659369600,161.733,162.218,161.475,161.763,23903
1659384000,161.759,161.773,161.249,161.271,10973
1659398400,161.296,161.47,160.32,160.66,13013
1659412800,160.66,160.661,160.028,160.113,19844
1659427200,160.111,160.323,159.442,159.553,23836
1659441600,159.56,160.153,159.523,159.792,18296
1659456000,159.795,161.792,159.775,161.541,27032
1659470400,161.542,162.006,161.438,161.901,15887
1659484800,161.986,162.56,161.69,162.517,18627
1659499200,162.517,162.685,161.208,161.649,20388
1659513600,161.649,162.623,161.645,162.217,21719
1659528000,162.217,162.908,161.93,162.63,19639
1659542400,162.632,163.06,162.233,162.862,26231
1659556800,162.862,163.01,162.591,162.617,10948
1659571200,162.508,162.842,162.346,162.466,9149
1659585600,162.477,162.768,162.264,162.521,13167
1659600000,162.521,163.429,162.51,163.376,18046
1659614400,163.376,163.94,161.148,161.733,23187
1659628800,161.739,162.032,161.112,161.64,28294
1659643200,161.641,162.021,161.59,161.66,13663
1659657600,161.567,161.847,161.104,161.394,11609
1659672000,161.394,161.881,161.369,161.867,14669
1659686400,161.867,162.174,161.579,161.613,19935
1659700800,161.613,162.448,161.283,161.968,23246
1659715200,161.975,163.364,161.954,163.209,31699
1659729600,163.205,163.326,162.922,162.974,10551
1659916800,162.93,163.344,162.752,163.174,11735
1659931200,163.172,163.459,162.966,163.331,15691
1659945600,163.331,163.838,163.177,163.303,19342
1659960000,163.303,163.511,162.899,163.443,18945
1659974400,163.449,163.462,162.577,162.579,21685
1659988800,162.579,163.173,162.561,163.099,11045
1660003200,163.139,163.21,162.786,162.904,11545
1660017600,162.904,163.143,162.615,163.027,11704
1660032000,163.027,163.517,162.697,163.476,15748
1660046400,163.481,163.668,163.21,163.355,18745
1660060800,163.348,163.595,163.017,163.157,19461
1660075200,163.157,163.249,162.999,163.178,8050
1660089600,163.264,163.34,162.989,163.187,7894
1660104000,163.187,163.254,162.962,163.111,9954
1660118400,163.111,163.38,162.978,163.248,13524
1660132800,163.248,163.556,161.982,162.693,20508
1660147200,162.69,162.918,161.678,162.34,30028
1660161600,162.339,162.762,162.068,162.44,11568
1660176000,162.384,162.455,161.991,162.094,8183
1660190400,162.092,162.456,162.074,162.292,11332
1660204800,162.292,162.407,161.883,162.222,19615
1660219200,162.225,162.225,161.262,161.423,23281
1660233600,161.425,162.371,161.384,162.308,27425
1660248000,162.309,162.382,162.098,162.224,12969
1660262400,162.24,162.55,162.088,162.386,9004
1660276800,162.382,162.609,162.278,162.417,12505
1660291200,162.418,162.789,162.161,162.261,18937
1660305600,162.258,162.456,161.798,161.898,22784
1660320000,161.907,162.138,161.816,162.029,25048
1660334400,162.023,162.119,161.916,161.999,7725
1660521600,161.839,162.074,161.432,161.535,8575
1660536000,161.535,161.683,161.342,161.372,14477
1660550400,161.375,161.648,160.959,161.033,16777
1660564800,161.033,161.265,160.347,160.404,19892
1660579200,160.406,161.029,160.354,160.888,18665
1660593600,160.889,160.955,160.583,160.678,8514
1660608000,160.679,160.711,160.086,160.36,9567
1660622400,160.36,160.871,160.357,160.824,13804
1660636800,160.825,161.312,160.557,161.217,18523
1660651200,161.22,162.311,161.132,162.253,20427
1660665600,162.251,162.741,162.058,162.371,20449
1660680000,162.371,162.522,162.148,162.408,8465
1660694400,162.249,162.652,162.131,162.401,9675
1660708800,162.404,162.59,162.174,162.576,13478
1660723200,162.575,163.387,162.476,163.167,20060
1660737600,163.167,163.364,162.891,162.967,20944
1660752000,162.968,163.568,162.785,163.022,21861
1660766400,163.013,163.219,162.618,162.717,13893
1660780800,162.681,162.859,162.425,162.461,9364
1660795200,162.462,162.686,162.365,162.624,13532
1660809600,162.62,163.078,162.28,162.887,21040
1660824000,162.891,163.248,162.421,162.576,21631
1660838400,162.588,162.629,161.682,161.907,23526
1660852800,161.909,162.272,161.909,162.126,11034
1660867200,162.065,162.422,161.951,162.251,11056
1660881600,162.251,162.463,162.075,162.184,12601
1660896000,162.188,162.837,162.099,162.341,20382
1660910400,162.341,162.368,161.858,162.104,22265
1660924800,162.11,162.189,161.631,161.856,21542
1660939200,161.855,161.912,161.65,161.863,8721
1661126400,161.908,162.142,161.721,162.069,10125
1661140800,162.085,162.528,162.069,162.362,14914
1661155200,162.36,162.395,161.159,161.751,23803
1661169600,161.746,162.184,161.43,162.125,23508
1661184000,162.127,162.152,161.583,161.85,25724
1661198400,161.85,161.858,161.551,161.795,10563
1661212800,161.672,162.057,161.554,161.594,10083
1661227200,161.598,161.788,161.374,161.492,14431
1661241600,161.49,161.652,160.803,161.6,24741
1661256000,161.597,161.799,161.418,161.784,21227
1661270400,161.781,162.31,161.197,161.651,30830
1661284800,161.653,161.9,161.605,161.792,11609
1661299200,161.782,161.889,161.681,161.717,13064
1661313600,161.716,161.819,161.157,161.387,15596
1661328000,161.387,161.807,161.233,161.326,20419
1661342400,161.327,161.373,160.832,161.116,25131
1661356800,161.119,161.77,161.083,161.538,27901
1661371200,161.538,161.804,161.49,161.768,10197
1661385600,161.591,161.783,161.539,161.738,10550
1661400000,161.739,161.781,161.475,161.717,16506
1661414400,161.718,161.984,161.478,161.627,22367
1661428800,161.625,161.746,161.316,161.545,23812
1661443200,161.542,161.912,161.332,161.507,25975
1661457600,161.507,161.602,161.32,161.511,11098
1661472000,161.51,161.588,161.342,161.471,7740
1661486400,161.471,161.714,161.438,161.567,10914
1661500800,161.571,161.68,161.276,161.559,18630
1661515200,161.558,162.133,161.558,161.998,21043
1661529600,161.998,162.679,161.223,161.398,34477
1661544000,161.397,161.518,161.247,161.291,8589
1661731200,161.37,161.774,161.312,161.603,12582
1661745600,161.599,161.868,161.463,161.829,18044
1661760000,161.83,162.185,161.69,161.699,21153
1661774400,161.695,162.448,161.588,162.28,21581
1661788800,162.278,162.636,162.104,162.629,22502
1661803200,162.629,162.645,162.266,162.356,10146
1661817600,162.188,162.546,162.169,162.261,9317
1661832000,162.264,162.355,161.958,162.097,16995
1661846400,162.097,162.581,161.954,162.313,24399
1661860800,162.315,162.568,161.772,162.013,25471
1661875200,162.022,162.232,161.492,161.586,32692
1661889600,161.587,161.836,161.565,161.747,14446
1661904000,161.564,161.824,161.564,161.73,9706
1661918400,161.728,161.901,161.547,161.789,14767
1661932800,161.788,161.898,161.294,161.326,24043
1661947200,161.324,161.525,160.893,161.287,26229
1661961600,161.285,161.566,160.974,161.253,31237
1661976000,161.253,161.491,161.083,161.476,14861
1661990400,161.41,161.662,161.288,161.556,15758
1662004800,161.555,161.713,161.443,161.51,16912
1662019200,161.508,161.699,161.267,161.452,25251
1662033600,161.445,161.519,160.971,161.383,25547
1662048000,161.395,161.645,161.075,161.518,30611
1662062400,161.519,161.844,161.502,161.83,13648
1662076800,161.814,161.86,161.616,161.8,9602
1662091200,161.8,162.123,161.673,162.096,14504
1662105600,162.096,162.222,161.877,162.154,20071
1662120000,162.157,162.491,162.07,162.218,23570
1662134400,162.219,162.358,161.473,161.596,31212
1662148800,161.597,161.597,161.152,161.449,17123
1662336000,160.954,161.367,160.842,161.069,12963
1662350400,161.068,161.163,160.81,160.905,18668
1662364800,160.905,161.485,160.658,161.482,24778
1662379200,161.482,161.788,161.426,161.542,22635
1662393600,161.547,161.921,161.547,161.817,13943
1662408000,161.817,161.942,161.79,161.913,3367
1662422400,161.864,162.648,161.796,162.589,11636
1662436800,162.586,162.995,162.519,162.94,15553
1662451200,162.942,164.301,162.86,163.987,25906
1662465600,163.988,164.575,163.859,164.4,25529
1662480000,164.4,165.097,164.135,164.803,30703
1662494400,164.803,164.821,164.394,164.473,15487
1662508800,164.459,165.238,164.244,164.277,12732
1662523200,164.278,165.432,164.186,165.272,24001
1662537600,165.272,165.861,165.035,165.602,25725
1662552000,165.602,166.006,165.227,165.545,28929
1662566400,165.551,165.946,165.2,165.869,28445
1662580800,165.869,166.01,165.671,165.836,15818
1662595200,165.666,166.313,165.666,166.073,10948
1662609600,166.074,166.074,165.399,165.667,16820
1662624000,165.669,165.816,164.879,165.584,24060
1662638400,165.585,165.933,165.225,165.786,25024
1662652800,165.778,165.788,165.252,165.475,30109
1662667200,165.475,165.772,165.452,165.705,14974
1662681600,165.733,166.051,165.582,165.979,10810
1662696000,165.977,166.234,165.152,165.502,20285
1662710400,165.49,165.803,165.083,165.091,24540
1662724800,165.08,165.281,164.302,164.775,27430
1662739200,164.773,165.453,164.611,165.376,28580
1662753600,165.376,165.446,165.221,165.272,10521
1662940800,165.27,165.89,165.109,165.816,11448
1662955200,165.818,166.249,165.379,166.147,16247
1662969600,166.148,167.037,166.143,166.822,26417
1662984000,166.822,166.887,166.368,166.639,26365
1662998400,166.639,166.965,166.421,166.512,26303
1663012800,166.509,166.886,166.496,166.86,14929
1663027200,166.834,167.01,166.507,166.594,12114
1663041600,166.593,166.752,166.416,166.551,15020
1663056000,166.549,166.931,166.34,166.635,22599
1663070400,166.637,167.569,166.039,166.869,25428
1663084800,166.863,166.882,166.116,166.298,33839
1663099200,166.297,166.427,166.006,166.118,18844
1663113600,166.078,166.514,165.799,166.108,14899
1663128000,166.106,166.428,165.592,165.745,19347
1663142400,165.745,165.827,164.817,165.382,29589
1663156800,165.382,165.857,165.145,165.283,30074
1663171200,165.282,165.403,164.752,165.304,30396
1663185600,165.301,165.52,165.046,165.224,16003
1663200000,165.18,165.255,164.849,165.084,10608
1663214400,165.096,165.447,164.79,165.366,18446
1663228800,165.366,165.73,165.189,165.343,23443
1663243200,165.343,165.343,164.75,164.949,27059
1663257600,164.95,165.143,164.581,164.744,31254
1663272000,164.744,164.88,164.469,164.528,15536
1663286400,164.549,164.571,163.941,164.027,10051
1663300800,164.027,164.499,163.988,164.274,15492
1663315200,164.272,164.45,162.739,163.003,24256
1663329600,163.003,163.444,162.849,163.045,24830
1663344000,163.045,163.608,162.825,163.014,30745
1663358400,163.014,163.329,162.808,163.3,14581
1663545600,163.174,163.444,163.098,163.29,10671
1663560000,163.29,163.401,163.114,163.295,12467
1663574400,163.296,163.45,163.058,163.06,17446
1663588800,163.06,163.439,162.942,163.151,20129
1663603200,163.154,163.657,162.994,163.536,22486
1663617600,163.534,163.836,163.479,163.708,9844
1663632000,163.602,163.946,163.552,163.678,12439
1663646400,163.671,163.858,163.375,163.756,14518
1663660800,163.757,164.438,163.678,164.231,21781
1663675200,164.231,164.428,163.864,164.052,24951
1663689600,164.049,164.158,163.372,163.463,26097
1663704000,163.462,163.622,163.137,163.609,15529
1663718400,163.436,163.559,163.273,163.447,14639
1663732800,163.447,163.768,163.364,163.734,16058
1663747200,163.734,163.941,162.319,162.868,27166
1663761600,162.868,163.512,162.85,163.321,23934
1663776000,163.321,163.497,163.065,163.379,25142
1663790400,163.377,163.424,162.228,162.362,25471
1663804800,162.226,162.715,161.932,162.145,13071
1663819200,162.145,163.203,161.425,162.804,21335
1663833600,162.804,164.433,159.59,160.919,28310
1663848000,160.914,161.955,159.118,159.495,32097
1663862400,159.485,160.52,159.298,160.358,28873
1663876800,160.358,160.394,160.111,160.277,14933
1663891200,160.257,160.461,160.071,160.079,14312
1663905600,160.074,160.106,159.428,159.817,17023
1663920000,159.816,159.901,158.818,159.651,24993
1663934400,159.649,160.105,157.454,158.115,33746
1663948800,158.111,158.433,155.647,156.02,31060
1663963200,156.026,156.134,155.452,155.452,19671
1664150400,155.139,155.613,149.334,149.433,17744
1664164800,149.449,152.379,148.813,151.858,30278
1664179200,151.845,154.971,151.676,154.683,33227
1664193600,154.682,157.209,153.768,156.545,32872
1664208000,156.547,156.821,153.668,154.384,34843
1664222400,154.383,154.925,154.036,154.705,23255
1664236800,154.49,155.842,154.115,155.557,17709
1664251200,155.557,155.924,155.279,155.644,25756
1664265600,155.644,156.362,155.421,156.035,30803
1664280000,156.035,156.193,155.661,155.859,29970
1664294400,155.857,156.163,154.419,154.595,34725
1664308800,154.591,155.436,154.344,155.411,21898
1664323200,155.369,155.469,154.69,154.754,13130
1664337600,154.749,154.82,153.787,154.066,25552
1664352000,154.034,154.851,153.991,154.689,31527
1664366400,154.684,156.662,152.545,154.308,34952
1664380800,154.312,156.675,153.54,156.623,35229
1664395200,156.626,157.085,156.512,156.937,19224
1664409600,156.756,156.901,155.891,155.891,15034
1664424000,155.885,156.257,155.6,156.151,22664
1664438400,156.164,156.499,155.64,156.308,31671
1664452800,156.291,157.65,156.291,157.426,34015
1664467200,157.427,160.252,157.427,159.822,33965
1664481600,159.823,160.423,159.504,160.415,18949
1664496000,160.578,161.731,160.482,161.408,17587
1664510400,161.407,161.578,160.211,160.586,23431
1664524800,160.582,162.173,160.328,161.829,29419
1664539200,161.846,161.88,159.426,159.969,29820
1664553600,159.974,161.693,159.721,161.052,32247
1664568000,161.052,161.83,160.937,161.514,18333
1664755200,161.592,161.918,160.777,161.099,14337
1664769600,161.098,161.602,160.566,160.781,18559
1664784000,160.782,163.281,160.731,162.591,29299
1664798400,162.59,162.759,162.093,162.56,23345
1664812800,162.56,163.488,162.314,162.951,31571
1664827200,162.951,163.89,162.887,163.657,16659
1664841600,163.639,163.988,163.479,163.931,13360
1664856000,163.927,164.025,163.417,163.919,21132
1664870400,163.919,165.219,163.907,164.705,31076
1664884800,164.701,164.864,163.645,164.75,32780
1664899200,164.748,165.534,164.314,165.197,33817
1664913600,165.195,165.424,164.851,165.414,21252
1664928000,165.237,165.573,164.326,164.542,13164
1664942400,164.541,165.002,164.539,164.779,24043
1664956800,164.781,165.711,164.434,164.9,29729
1664971200,164.9,165.002,163.369,163.555,30002
1664985600,163.554,163.636,162.6,163.424,33744
1665000000,163.426,164.03,163.414,163.854,18305
1665014400,163.518,164.441,163.005,164.295,15141
1665028800,164.297,164.437,163.954,164.251,19396
1665043200,164.252,164.276,163.184,163.291,29126
1665057600,163.293,163.736,162.686,163.065,30823
1665072000,163.056,163.104,161.086,161.52,37485
1665086400,161.52,162.252,161.504,161.978,18498
1665100800,161.891,162.038,161.455,161.59,14307
1665115200,161.595,162.188,161.534,161.757,17624
1665129600,161.754,162.46,161.249,162.102,26526
1665144000,162.101,162.596,161.161,161.501,27620
1665158400,161.495,161.957,161.041,161.214,34858
1665172800,161.213,161.301,160.771,161.177,16758
1665360000,161.042,161.439,160.808,161.32,12055
1665374400,161.32,161.56,161.008,161.161,17160
1665388800,161.161,161.416,160.461,160.85,33928
1665403200,160.851,161.428,160.64,161.13,37315
1665417600,161.13,161.203,160.68,160.735,43677
1665432000,160.735,161.404,160.652,161.16,22216
1665446400,161.041,161.641,161.041,161.506,17946
1665460800,161.506,161.616,160.611,160.69,30317
1665475200,160.691,161.139,160.299,160.894,44843
1665489600,160.894,161.753,160.769,161.494,44518
1665504000,161.497,162.672,160.99,162.471,55886
1665518400,162.47,162.564,159.719,160.024,40552
1665532800,159.853,160.37,159.73,160.297,26610
1665547200,160.297,161.474,159.803,160.762,36251
1665561600,160.763,161.753,160.09,161.438,51212
1665576000,161.438,162.438,161.329,162.097,49255
1665590400,162.097,163.066,161.858,162.563,51586
1665604800,162.562,163.325,162.509,163.023,31916
1665619200,162.97,163.179,162.749,163.105,18272
1665633600,163.104,163.153,162.632,162.826,20396
1665648000,162.827,163.031,162.319,163.015,32857
1665662400,163.009,165.661,162.987,165.191,54179
1665676800,165.19,167.282,164.121,166.776,81025
1665691200,166.761,166.917,166.379,166.81,39130
1665705600,166.584,166.856,166.354,166.596,18422
1665720000,166.595,167.212,166.481,166.908,35965
1665734400,166.907,167.05,166.05,166.512,47708
1665748800,166.515,166.932,165.017,166.325,57377
1665763200,166.322,167.126,165.284,166.122,71277
1665777600,166.126,166.336,165.952,166.267,31332
1665964800,166.731,167.153,166.451,166.735,21495
1665979200,166.735,167.049,166.667,167.029,28154
1665993600,167.029,168.036,166.961,167.551,48155
1666008000,167.553,168.775,167.539,168.589,45830
1666022400,168.589,170.088,168.557,169.511,54235
1666036800,169.509,169.64,168.964,169.324,27984
1666051200,169.119,169.356,168.87,168.892,24571
1666065600,168.892,169.801,168.633,169.451,30489
1666080000,169.451,169.632,168.435,168.595,50715
1666094400,168.594,168.969,167.561,168.764,54096
1666108800,168.762,168.994,168.312,168.763,57265
1666123200,168.76,169.117,168.376,168.934,32961
1666137600,168.864,169.371,168.807,169.183,21993
1666152000,169.186,169.28,168.922,169.074,31318
1666166400,169.067,169.139,168.019,168.284,47164
1666180800,168.279,168.657,167.974,168.389,49267
1666195200,168.389,168.792,167.63,167.723,53711
1666209600,167.72,168.253,167.634,168.153,31893
1666224000,168.032,168.173,167.778,168.051,22094
1666238400,168.05,168.468,167.781,168.206,33250
1666252800,168.206,168.473,167.622,167.705,50729
1666267200,167.709,169.33,167.418,168.721,57702
1666281600,168.725,169.72,168.505,168.723,63247
1666296000,168.723,168.734,168.339,168.651,39411
1666310400,168.516,168.685,168.208,168.266,17018
1666324800,168.266,168.554,168.153,168.37,33541
1666339200,168.37,168.742,167.864,167.991,45825
1666353600,167.992,168.781,167.705,168.577,54009
1666368000,168.58,169.577,164.877,165.796,92361
1666382400,165.794,167.171,165.661,166.701,40764
1666569600,168.07,169.762,165.413,168.464,41610
1666584000,168.47,169.015,168.196,168.962,40683
1666598400,168.951,169.499,168.74,169.12,54406
1666612800,169.121,169.457,167.779,168.807,53174
1666627200,168.821,168.854,167.587,167.952,60907
1666641600,167.954,168.196,167.843,168.111,24942
1666656000,167.851,168.691,167.851,168.622,21951
1666670400,168.62,168.673,168.103,168.228,34533
1666684800,168.227,168.699,167.832,168.524,42749
1666699200,168.526,169.074,168.339,169.051,38224
1666713600,169.05,169.935,169.043,169.788,64286
1666728000,169.785,169.871,169.551,169.752,31390
1666742400,169.62,169.97,169.39,169.443,30160
1666756800,169.443,169.979,169.384,169.792,32137
1666771200,169.792,170.599,169.321,170.511,54197
1666785600,170.513,170.582,169.943,170.176,56560
1666800000,170.176,170.311,169.566,170.008,63917
1666814400,170.008,170.225,169.82,170.222,31313
1666828800,169.975,170.25,169.718,169.787,37057
1666843200,169.787,169.982,169.45,169.481,36302
1666857600,169.478,169.485,168.72,169.155,51161
1666872000,169.158,170.024,169.031,169.646,59049
1666886400,169.648,169.784,168.786,169.109,71094
1666900800,169.112,169.363,168.907,169.156,30416
1666915200,169.121,169.4,168.877,169.358,20790
1666929600,169.358,169.946,169.067,169.269,40205
1666944000,169.266,169.998,168.871,169.948,54027
1666958400,169.948,170.502,169.884,170.441,50715
1666972800,170.445,171.212,170.179,171.175,56872
1666987200,171.176,171.363,171.043,171.269,21475
1667174400,170.957,172.133,170.936,172.039,19851
1667188800,172.037,172.08,171.556,171.598,23543
1667203200,171.599,171.606,171.139,171.181,35213
1667217600,171.181,171.739,171.076,171.141,42617
1667232000,171.14,171.346,170.619,170.682,52475
1667246400,170.682,170.741,170.328,170.578,27727
1667260800,170.583,170.816,170.249,170.749,14449
1667275200,170.749,170.774,170.324,170.755,34305
1667289600,170.755,170.944,170.082,170.109,43359
1667304000,170.109,170.311,169.657,169.859,46384
1667318400,169.865,170.484,169.48,169.653,60509
1667332800,169.651,170.262,169.593,170.188,23761
1667347200,170.223,170.309,169.378,169.413,26108
1667361600,169.421,169.99,169.33,169.843,31010
1667376000,169.844,169.935,169.18,169.405,34875
1667390400,169.405,169.458,168.954,169.29,42654
1667404800,169.286,169.343,168.468,168.561,43224
1667419200,168.561,168.981,168.286,168.469,57102
1667433600,168.424,168.565,167.871,167.88,18887
1667448000,167.878,168.223,167.876,168.129,29849
1667462400,168.127,168.222,166.688,166.757,42411
1667476800,166.759,167.177,165.622,165.699,56002
1667491200,165.699,166.042,165.095,165.772,61342
1667505600,165.772,165.839,165.372,165.451,28771
1667520000,165.262,165.918,165.146,165.744,19402
1667534400,165.744,166.269,165.478,166.114,31731
1667548800,166.114,166.206,165.402,165.766,41893
1667563200,165.766,166.124,165.075,165.849,51509
1667577600,165.846,166.381,165.55,166.225,70188
1667592000,166.225,166.972,166.182,166.771,32827
1667779200,166.333,166.705,165.888,166.599,30500
1667793600,166.601,166.904,166.568,166.8,29500
1667808000,166.8,168.245,166.568,167.844,45844
1667822400,167.845,168.261,167.618,167.829,46209
1667836800,167.832,168.763,167.549,168.75,43350
1667851200,168.75,169.092,168.678,168.828,21043
1667865600,168.798,169.071,168.607,168.908,22058
1667880000,168.908,168.992,168.511,168.567,21850
1667894400,168.57,168.64,167.669,168.023,39772
1667908800,168.023,168.089,167.301,167.524,40105
1667923200,167.524,168.655,167.306,168.495,48130
1667937600,168.493,168.5,167.745,168.199,30249
1667952000,167.994,168.199,167.651,167.86,24910
1667966400,167.864,168.231,167.8,168.152,33451
1667980800,168.154,168.317,166.795,166.932,44312
1667995200,166.93,167.338,166.509,167.064,48035
1668009600,167.065,167.113,166.27,166.347,52094
1668024000,166.349,166.469,165.961,166.253,29009
1668038400,166.201,166.619,166.153,166.52,21169
1668052800,166.521,166.772,166.325,166.699,26791
1668067200,166.699,166.763,166.347,166.427,39976
1668081600,166.426,167.429,166.419,166.816,41508
1668096000,166.828,167.083,165.204,165.472,59298
1668110400,165.47,165.932,164.372,165.153,36033
1668124800,164.958,166.076,164.831,165.852,34050
1668139200,165.852,166.092,165.4,165.867,37894
1668153600,165.866,165.95,164.477,164.615,49401
1668168000,164.616,164.657,163.052,164.053,52131
1668182400,164.052,164.157,163.459,163.734,51217
1668196800,163.733,164.304,163.678,164.21,27565
1668384000,164.204,164.983,163.816,163.977,32636
1668398400,163.977,164.101,163.758,163.973,31194
1668412800,163.973,165.67,163.685,165.658,47358
1668427200,165.658,165.711,165.022,165.172,48174
1668441600,165.174,165.22,164.54,164.906,48686
1668456000,164.909,165.141,164.153,164.421,23918
1668470400,164.39,165.064,164.334,164.802,25879
1668484800,164.802,165.341,164.757,165.305,25191
1668499200,165.304,165.559,164.516,164.781,45407
1668513600,164.791,165.9,164.568,165.876,47526
1668528000,165.881,166.202,165.324,165.627,54538
1668542400,165.627,165.766,164.424,165.346,44191
1668556800,165.172,165.69,164.691,165.48,31988
1668571200,165.484,166.257,165.465,165.843,37582
1668585600,165.843,166.204,165.446,165.814,42835
1668600000,165.814,166.396,165.79,165.944,41598
1668614400,165.943,166.023,165.038,165.825,45833
1668628800,165.827,166.306,165.713,166.297,23706
1668643200,166.092,166.269,165.737,165.851,23588
1668657600,165.851,165.993,165.689,165.884,33212
1668672000,165.884,166.324,165.736,165.954,41152
1668686400,165.955,166.082,165.184,165.302,49266
1668700800,165.302,166.078,165.302,166.065,44686
1668715200,166.066,166.358,166.001,166.355,20217
1668729600,166.285,166.833,166.245,166.49,30936
1668744000,166.489,166.678,166.306,166.381,30782
1668758400,166.381,167.315,166.256,166.921,41587
1668772800,166.921,166.964,166.389,166.604,34423
1668787200,166.604,166.943,166.122,166.59,40589
1668801600,166.59,166.989,166.544,166.823,18906
1668988800,166.93,166.967,166.319,166.351,27642
1669003200,166.351,166.412,166.098,166.303,25966
1669017600,166.306,167.478,166.228,167.45,42403
1669032000,167.45,167.663,167.184,167.215,40872
1669046400,167.218,167.717,167.004,167.598,44362
1669060800,167.598,168.003,167.564,167.986,23046
1669075200,167.911,168.297,167.889,168.104,23511
1669089600,168.104,168.201,167.904,167.997,27334
1669104000,167.998,168.096,167.501,167.553,42701
1669118400,167.553,168.188,167.339,168.01,36295
1669132800,168.008,168.045,167.674,167.81,41214
1669147200,167.809,167.944,167.713,167.812,17513
1669161600,167.831,167.997,167.729,167.972,21414
1669176000,167.973,168.047,167.881,168.003,16907
1669190400,168.005,168.678,167.764,168.472,34222
1669204800,168.472,169.0,168.389,168.846,38123
1669219200,168.851,168.987,168.041,168.229,51970
1669233600,168.228,168.367,167.907,168.251,30148
1669248000,168.209,168.284,167.743,167.763,35038
1669262400,167.756,168.069,167.654,168.004,30090
1669276800,168.004,168.103,167.4,167.581,40842
1669291200,167.585,167.846,167.153,167.592,38182
1669305600,167.593,168.027,167.513,167.799,25892
1669320000,167.799,167.948,167.634,167.906,8262
1669334400,167.746,168.306,167.717,167.915,20457
1669348800,167.916,168.036,167.654,167.785,23264
1669363200,167.794,168.601,167.632,168.386,37422
1669377600,168.386,168.794,168.184,168.32,34238
1669392000,168.322,168.525,168.083,168.288,32811
1669406400,168.29,168.334,167.8,168.182,36900
1669593600,168.177,168.182,166.859,166.951,25863
1669608000,166.953,167.132,166.586,166.719,27375
1669622400,166.719,166.976,166.277,166.53,47212
1669636800,166.53,167.446,166.414,167.262,42921
1669651200,167.262,167.298,166.563,166.566,50924
1669665600,166.567,166.725,165.839,166.114,24495
1669680000,166.007,166.604,165.812,166.355,27181
1669694400,166.356,166.616,166.178,166.386,31919
1669708800,166.385,166.668,165.525,165.555,48383
1669723200,165.567,166.353,165.534,166.132,45486
1669737600,166.135,166.198,165.591,165.757,51274
1669752000,165.757,165.868,165.589,165.728,21958
1669766400,165.718,166.218,165.645,165.963,22884
1669780800,165.96,166.26,165.88,165.88,29365
1669795200,165.878,166.746,165.462,166.722,38549
1669809600,166.722,167.152,166.328,167.076,44311
1669824000,167.072,167.404,166.049,166.444,57325
1669838400,166.445,166.521,165.976,166.515,55309
1669852800,166.371,166.587,165.165,165.267,34992
1669867200,165.269,165.497,164.844,165.077,34569
1669881600,165.073,165.736,164.508,165.65,48619
1669896000,165.645,166.444,165.461,166.346,45766
1669910400,166.356,167.226,165.839,166.032,64168
1669924800,166.029,166.18,165.563,165.853,31849
1669939200,165.811,165.921,165.31,165.413,25156
1669953600,165.415,165.612,165.196,165.266,29770
1669968000,165.266,165.401,164.033,164.455,46304
1669982400,164.462,165.206,164.254,164.981,44158
1669996800,164.984,165.983,164.941,165.32,53295
1670011200,165.32,165.453,164.87,165.072,25783
1670198400,165.122,165.67,164.815,165.465,24192
1670212800,165.465,166.054,165.43,165.956,20532
1670227200,165.956,166.344,165.459,166.115,42397
1670241600,166.115,166.436,165.59,166.333,42382
1670256000,166.331,166.571,166.061,166.435,47972
1670270400,166.435,166.783,166.295,166.77,25075
1670284800,166.539,166.827,166.394,166.638,19583
1670299200,166.64,167.279,166.614,167.01,31458
1670313600,167.009,167.49,166.327,166.558,44767
1670328000,166.556,166.672,166.152,166.445,44290
1670342400,166.444,167.261,166.138,166.602,50698
1670356800,166.604,166.699,166.164,166.265,23316
1670371200,166.102,166.523,165.956,166.292,18812
1670385600,166.292,166.745,166.176,166.639,26132
1670400000,166.64,167.185,166.456,166.921,45868
1670414400,166.921,167.423,166.823,166.907,45046
1670428800,166.909,167.039,166.31,166.666,56693
1670443200,166.666,166.797,166.395,166.77,27283
1670457600,166.588,166.944,166.365,166.766,19052
1670472000,166.766,167.177,166.676,167.087,26180
1670486400,167.085,167.09,166.548,166.727,34061
1670500800,166.731,166.95,166.282,166.845,33743
1670515200,166.853,167.087,166.609,167.059,43750
1670529600,167.058,167.346,166.997,167.274,21554
1670544000,167.09,167.409,166.799,166.966,24050
1670558400,166.968,167.083,166.619,166.916,27120
1670572800,166.912,167.195,166.697,166.812,37786
1670587200,166.811,167.172,166.167,166.934,39361
1670601600,166.941,168.054,166.933,167.673,46042
1670616000,167.673,167.693,167.381,167.447,19628
1670803200,167.322,167.493,167.111,167.266,20116
1670817600,167.265,167.63,167.232,167.51,19579
1670832000,167.509,167.99,167.093,167.719,40029
1670846400,167.721,168.627,167.702,168.426,30604
1670860800,168.428,169.014,168.082,168.949,40085
1670875200,168.949,169.018,168.672,168.787,22900
1670889600,168.84,169.181,168.457,168.982,20766
1670904000,168.983,169.136,168.748,168.939,22492
1670918400,168.936,169.273,168.496,168.983,38618
1670932800,168.983,169.214,167.455,167.735,46405
1670947200,167.733,167.908,167.09,167.35,71159
1670961600,167.349,167.741,167.312,167.662,36969
1670976000,167.613,167.707,167.124,167.464,21845
1670990400,167.464,167.518,167.27,167.316,17166
1671004800,167.316,167.659,167.207,167.569,42644
1671019200,167.571,167.577,166.721,166.963,40955
1671033600,166.966,167.791,166.815,167.764,44677
1671048000,167.764,168.378,167.297,168.352,56703
1671062400,168.211,168.305,167.833,167.94,21687
1671076800,167.942,168.208,167.829,168.035,22201
1671091200,168.035,168.579,167.982,168.505,41982
1671105600,168.505,168.835,167.8,168.014,51839
1671120000,168.018,168.486,167.881,167.917,68359
1671134400,167.905,168.074,167.619,167.805,27527
1671148800,167.743,168.0,167.488,167.577,20772
1671163200,167.576,167.73,167.377,167.643,25131
1671177600,167.643,167.69,166.116,166.602,44300
1671192000,166.602,167.371,166.443,167.03,37863
1671206400,167.033,167.443,165.982,166.16,54336
1671220800,166.16,166.32,166.029,166.149,27121
1671408000,165.139,166.084,165.138,165.716,26611
1671422400,165.715,166.127,165.625,165.734,24749
1671436800,165.733,166.439,165.482,166.228,40571
1671451200,166.232,166.33,165.948,166.263,44093
1671465600,166.271,166.901,165.941,166.586,46211
1671480000,166.585,166.592,166.212,166.325,22859
1671494400,166.264,166.951,166.021,166.824,22659
1671508800,166.825,167.018,160.881,161.055,60313
1671523200,161.044,162.259,160.284,160.447,68202
1671537600,160.447,161.477,160.433,160.575,53175
1671552000,160.578,160.911,158.587,159.248,61117
1671566400,159.248,160.516,159.225,160.512,21063
1671580800,160.154,160.972,160.154,160.805,28580
1671595200,160.805,161.032,160.48,160.822,27535
1671609600,160.824,160.828,159.645,159.815,33818
1671624000,159.815,160.663,159.469,160.616,42047
1671638400,160.614,160.865,159.569,159.707,48655
1671652800,159.706,159.997,159.54,159.958,23421
1671667200,159.867,159.984,159.536,159.713,24900
1671681600,159.711,159.931,159.429,159.853,21968
1671696000,159.855,160.244,159.534,159.672,29092
1671710400,159.675,159.84,158.926,159.227,35391
1671724800,159.228,159.361,158.797,159.141,43079
1671739200,159.14,159.494,158.955,159.322,20538
1671753600,159.286,159.8,159.041,159.736,22579
1671768000,159.735,159.92,159.577,159.672,17917
1671782400,159.67,160.095,159.535,159.943,27960
1671796800,159.942,160.352,159.752,159.911,29925
1671811200,159.911,160.521,159.837,160.113,41859
1671825600,160.113,160.138,159.777,159.968,14594
1672099200,160.258,160.851,160.172,160.739,20111
1672113600,160.739,160.798,160.474,160.616,15889
1672128000,160.616,160.928,160.468,160.631,26739
1672142400,160.63,160.945,160.256,160.46,30105
1672156800,160.458,160.565,160.189,160.364,34248
1672171200,160.364,160.678,160.307,160.593,18089
1672185600,160.401,160.874,160.364,160.8,21064
1672200000,160.8,161.382,160.795,161.219,22696
1672214400,161.218,161.452,160.973,161.235,31412
1672228800,161.234,161.802,161.161,161.704,36503
1672243200,161.704,162.338,161.339,161.594,42975
1672257600,161.6,161.693,161.413,161.598,19416
1672272000,161.405,161.507,160.961,161.015,24372
1672286400,161.015,161.154,160.753,160.912,18215
1672300800,160.912,161.169,160.712,161.076,26317
1672315200,161.074,161.087,160.44,160.463,32452
1672329600,160.463,160.844,160.051,160.548,41027
1672344000,160.547,160.58,160.337,160.358,17143
1672358400,160.276,160.447,159.693,159.726,22621
1672372800,159.727,159.906,159.673,159.729,17458
1672387200,159.724,159.752,158.443,158.958,32592
1672401600,158.952,159.052,158.543,158.971,37045
1672416000,158.971,159.439,158.392,158.498,49800
1672430400,158.507,158.707,157.827,158.544,27169
1672617600,158.165,158.448,157.63,158.218,3532
1672632000,158.218,158.342,157.966,158.024,4872
1672646400,158.017,158.134,157.614,157.638,13248
1672660800,157.637,157.74,157.401,157.404,7462
1672675200,157.404,157.633,157.285,157.527,18848
1672689600,157.527,157.548,157.331,157.356,3545
1672704000,157.524,158.381,156.369,156.841,25178
1672718400,156.843,157.097,156.427,156.684,32220
1672732800,156.681,156.935,155.355,155.505,48826
1672747200,155.505,156.877,155.401,156.691,45078
1672761600,156.691,157.325,156.375,156.487,49939
1672776000,156.485,156.856,156.402,156.782,23343
1672790400,156.78,157.263,156.623,156.693,26969
1672804800,156.695,156.967,156.585,156.818,23639
1672819200,156.815,157.47,156.497,157.288,45619
1672833600,157.289,157.78,157.146,157.587,38849
1672848000,157.578,160.171,157.55,159.924,53759
1672862400,159.924,160.015,159.678,159.987,34112
1672876800,159.764,159.839,158.993,159.197,21411
1672891200,159.197,159.591,158.951,159.469,28871
1672905600,159.476,159.673,158.993,159.446,38436
1672920000,159.446,160.038,159.133,159.352,44389
1672934400,159.352,159.474,158.581,158.661,53503
1672948800,158.659,158.985,158.505,158.903,22467
1672963200,158.762,159.472,158.586,159.47,32172
1672977600,159.474,159.92,159.285,159.703,23244
1672992000,159.712,160.015,159.293,159.388,38339
1673006400,159.391,159.918,158.896,159.059,44489
1673020800,159.058,159.709,158.92,159.651,62406
1673035200,159.652,159.837,159.507,159.818,19961
1673222400,159.346,159.999,159.346,159.584,20957
1673236800,159.586,160.31,159.304,160.138,20047
1673251200,160.138,161.235,159.996,161.032,36336
1673265600,161.032,161.041,160.315,160.348,39124
1673280000,160.35,161.095,160.31,160.674,45943
1673294400,160.674,160.74,160.466,160.679,24173
1673308800,160.495,160.93,160.035,160.187,22791
1673323200,160.187,160.536,160.146,160.432,25470
1673337600,160.432,160.793,160.246,160.606,42720
1673352000,160.606,160.798,160.378,160.561,36201
1673366400,160.561,160.896,160.284,160.609,54414
1673380800,160.608,160.908,160.566,160.653,18294
1673395200,160.528,160.903,160.406,160.859,24256
1673409600,160.859,161.077,160.812,160.937,19463
1673424000,160.936,161.211,160.687,160.73,30830
1673438400,160.73,160.953,160.521,160.643,35446
1673452800,160.644,161.112,160.521,160.582,39379
1673467200,160.582,161.004,160.578,160.974,21610
1673481600,160.749,160.905,159.916,160.089,29769
1673496000,160.089,160.309,159.863,160.008,24174
1673510400,160.007,160.119,159.352,159.462,34770
1673524800,159.462,159.715,158.175,158.639,46478
1673539200,158.634,158.971,157.727,157.984,66177
1673553600,157.981,158.093,157.765,157.948,30287
1673568000,157.861,158.038,157.355,157.536,29335
1673582400,157.536,157.687,157.3,157.329,28139
1673596800,157.329,157.423,156.598,157.158,45474
1673611200,157.155,157.251,155.934,156.032,39376
1673625600,156.032,156.222,155.639,155.918,51591
1673640000,155.918,156.531,155.867,156.446,19707
1673827200,156.11,156.926,156.061,156.671,27972
1673841600,156.672,156.801,156.184,156.488,24503
1673856000,156.492,157.077,156.352,156.62,39485
1673870400,156.62,156.97,156.447,156.589,30980
1673884800,156.59,157.042,156.519,156.904,23122
1673899200,156.907,156.918,156.634,156.718,8920
1673913600,156.707,157.14,156.379,156.981,24188
1673928000,156.988,157.24,156.836,156.965,26610
1673942400,156.963,157.379,156.813,157.224,40250
1673956800,157.222,157.842,157.167,157.698,42376
1673971200,157.697,158.033,157.066,157.249,49824
1673985600,157.249,157.583,157.22,157.482,19106
1674000000,157.306,158.377,157.273,157.925,22706
1674014400,157.925,161.523,157.681,160.667,46082
1674028800,160.666,161.204,159.351,159.911,56614
1674043200,159.913,160.086,158.805,158.814,50682
1674057600,158.817,159.255,158.591,159.024,57566
1674072000,159.025,159.122,158.702,159.109,25162
1674086400,159.087,159.092,158.117,158.613,27509
1674100800,158.613,158.622,157.566,157.809,24233
1674115200,157.81,158.378,157.656,158.307,38265
1674129600,158.31,158.906,158.261,158.544,40990
1674144000,158.544,159.094,158.409,159.061,41727
1674158400,159.06,159.217,158.979,159.153,22600
1674172800,159.1,159.612,159.032,159.565,19211
1674187200,159.565,159.971,159.384,159.898,18110
1674201600,159.898,159.906,159.19,159.778,32102
1674216000,159.778,161.191,159.752,161.179,36889
1674230400,161.179,161.284,160.578,160.692,40210
1674244800,160.695,160.713,160.43,160.682,18839
1674432000,160.57,160.877,160.36,160.546,18947
1674446400,160.546,161.278,160.427,161.195,15615
1674460800,161.192,161.634,160.874,161.073,35491
1674475200,161.075,161.225,160.753,161.11,34381
1674489600,161.109,161.705,161.089,161.588,42772
1674504000,161.587,161.807,161.503,161.768,25825
1674518400,161.675,161.762,161.231,161.364,17622
1674532800,161.363,161.59,161.169,161.196,17022
1674547200,161.195,161.425,160.178,160.438,31376
1674561600,160.436,160.485,159.987,160.321,31002
1674576000,160.321,160.908,160.13,160.258,48619
1674590400,160.258,160.66,160.256,160.65,18766
1674604800,160.477,160.797,160.382,160.565,18076
1674619200,160.565,160.925,160.449,160.724,18323
1674633600,160.723,160.856,159.762,159.851,30081
1674648000,159.851,160.147,159.503,160.047,31477
1674662400,160.048,160.492,159.638,160.487,44426
1674676800,160.49,160.728,160.411,160.696,19762
1674691200,160.632,160.666,160.123,160.346,17329
1674705600,160.347,160.6,160.004,160.376,15398
1674720000,160.375,161.211,160.285,160.942,32796
1674734400,160.942,161.211,160.659,160.938,31571
1674748800,160.945,161.455,160.871,161.286,46317
1674763200,161.285,161.734,161.235,161.658,16708
1674777600,161.488,161.603,160.731,160.86,26973
1674792000,160.863,161.188,160.746,160.934,14533
1674806400,160.932,161.067,160.549,160.632,27294
1674820800,160.632,160.779,160.439,160.456,28923
1674835200,160.456,161.011,160.409,160.981,45037
1674849600,160.98,161.045,160.833,160.96,14513
1675036800,160.591,161.389,160.583,161.373,21108
1675051200,161.373,161.403,160.252,160.698,26893
1675065600,160.698,161.165,160.205,161.062,35674
1675080000,161.057,161.355,160.957,161.036,31743
1675094400,161.039,161.416,161.023,161.228,38211
1675108800,161.232,161.239,161.019,161.099,18937
1675123200,161.041,161.195,160.842,160.929,17844
1675137600,160.924,160.986,160.612,160.628,15820
1675152000,160.628,160.917,160.408,160.713,29763
1675166400,160.712,160.86,159.96,160.05,35803
1675180800,160.05,160.586,159.763,160.477,46916
1675195200,160.475,160.556,160.232,160.256,18538
1675209600,160.216,160.313,159.849,160.055,15078
1675224000,160.055,160.498,159.965,160.457,13132
1675238400,160.455,160.667,159.908,159.972,29824
1675252800,159.965,160.093,159.605,159.645,31974
1675267200,159.645,159.862,158.912,158.986,43687
1675281600,158.986,159.661,158.957,159.499,53825
1675296000,159.477,159.528,158.887,159.183,22778
1675310400,159.183,159.367,159.115,159.341,17565
1675324800,159.338,159.618,158.985,159.147,33995
1675339200,159.147,159.37,157.543,157.965,49784
1675353600,157.964,158.075,157.199,157.317,53464
1675368000,157.32,157.578,157.178,157.342,33578
1675382400,157.239,157.39,156.965,157.251,17743
1675396800,157.25,157.262,156.818,157.074,18664
1675411200,157.074,157.5,156.723,157.43,33321
1675425600,157.429,157.717,157.022,157.592,37762
1675440000,157.594,158.754,157.504,158.237,61331
1675454400,158.235,158.241,157.968,158.092,24703
1675641600,159.094,159.321,158.426,159.284,23754
1675656000,159.29,159.432,158.715,158.964,25227
1675670400,158.964,159.134,158.76,158.809,36402
1675684800,158.811,159.766,158.737,159.71,37860
1675699200,159.708,159.952,159.347,159.487,45403
1675713600,159.488,159.548,159.31,159.451,22964
1675728000,159.421,159.57,159.232,159.441,17478
1675742400,159.442,159.501,159.216,159.346,16691
1675756800,159.345,159.348,158.231,158.232,37662
1675771200,158.233,158.449,157.86,157.994,36429
1675785600,158.001,158.171,157.535,157.778,49611
1675800000,157.778,158.017,157.428,157.977,45861
1675814400,157.811,158.102,157.608,158.054,15416
1675828800,158.054,158.245,157.961,158.008,14504
1675843200,158.008,158.424,157.927,158.181,39220
1675857600,158.181,158.681,158.036,158.592,30894
1675872000,158.592,158.832,158.416,158.612,44258
1675886400,158.615,158.67,158.493,158.666,24420
1675900800,158.562,159.007,158.418,158.821,19776
1675915200,158.821,159.146,158.116,158.808,14940
1675929600,158.805,158.954,158.464,158.852,33949
1675944000,158.852,159.152,158.769,158.986,32253
1675958400,158.987,159.416,158.923,159.241,43800
1675972800,159.239,159.507,159.209,159.379,28613
1675987200,159.451,159.624,159.195,159.391,16614
1676001600,159.39,159.424,159.093,159.19,20342
1676016000,159.186,159.34,157.533,158.426,51340
1676030400,158.428,158.684,158.161,158.325,35742
1676044800,158.325,158.952,158.255,158.44,44812
1676059200,158.439,158.629,158.373,158.414,20301
1676246400,158.414,158.796,158.342,158.647,15947
1676260800,158.647,159.267,158.635,159.214,20903
1676275200,159.215,159.879,159.159,159.722,32543
1676289600,159.722,160.57,159.517,160.42,34059
1676304000,160.42,161.192,160.337,160.88,41093
1676318400,160.881,160.98,160.524,160.731,22129
1676332800,160.639,160.819,160.273,160.319,19512
1676347200,160.319,160.511,160.106,160.177,19416
1676361600,160.179,160.912,160.113,160.907,36855
1676376000,160.907,161.694,160.892,161.495,46521
1676390400,161.499,162.178,161.196,161.976,67691
1676404800,161.976,162.066,161.857,162.052,32099
1676419200,162.023,162.059,161.318,161.35,16975
1676433600,161.357,161.806,161.337,161.705,17772
1676448000,161.706,161.869,160.974,161.317,38805
1676462400,161.31,161.338,160.685,160.869,40575
1676476800,160.869,161.496,160.786,161.209,50395
1676491200,161.21,161.452,161.065,161.427,22971
1676505600,161.289,161.36,160.955,161.158,22482
1676520000,161.157,161.381,160.939,161.28,19167
1676534400,161.278,161.429,160.991,161.378,38102
1676548800,161.377,161.509,160.88,160.944,36111
1676563200,160.946,161.267,160.756,160.921,51353
1676577600,160.923,160.967,160.466,160.567,32254
1676592000,160.606,160.987,160.489,160.936,19451
1676606400,160.935,161.025,160.783,160.988,19693
1676620800,160.986,161.062,160.74,161.017,35642
1676635200,161.017,161.252,160.876,161.161,39683
1676649600,161.158,161.491,161.015,161.384,50513
1676664000,161.384,161.64,161.343,161.523,19878
1676851200,161.4,161.687,161.394,161.621,21314
1676865600,161.621,161.722,161.241,161.476,21592
1676880000,161.476,161.714,161.174,161.314,33585
1676894400,161.311,161.446,161.167,161.379,29055
1676908800,161.378,161.577,161.207,161.56,19747
1676923200,161.566,161.7,161.529,161.7,4363
1676937600,161.615,161.739,161.428,161.519,22204
1676952000,161.519,161.692,161.457,161.584,14857
1676966400,161.585,162.88,161.478,162.728,40631
1676980800,162.737,163.509,162.585,163.177,40630
1676995200,163.173,163.753,162.829,163.514,50704
1677009600,163.525,163.526,163.198,163.511,24185
1677024000,163.413,163.561,163.221,163.279,21766
1677038400,163.279,163.526,163.151,163.165,15646
1677052800,163.165,163.358,162.751,162.913,34904
1677067200,162.914,163.054,162.727,162.874,38832
1677081600,162.875,162.965,162.389,162.687,43552
1677096000,162.686,162.76,162.41,162.508,34610
1677110400,162.402,162.631,162.337,162.525,15497
1677124800,162.525,162.629,162.483,162.614,11324
1677139200,162.614,162.746,162.063,162.249,31474
1677153600,162.249,162.826,162.183,162.793,35941
1677168000,162.793,162.849,161.672,161.752,47973
1677182400,161.752,161.909,161.676,161.838,21720
1677196800,161.839,162.037,161.211,161.947,33262
1677211200,161.947,162.046,161.791,161.825,25110
1677225600,161.826,162.637,161.724,162.498,35042
1677240000,162.498,162.749,162.07,162.573,41503
1677254400,162.573,163.116,162.439,162.998,51908
1677268800,163.001,163.096,162.886,162.95,23407
1677456000,163.047,163.128,162.734,162.85,17321
1677470400,162.872,162.938,162.638,162.775,18621
1677484800,162.775,163.394,162.606,163.306,35725
1677499200,163.303,163.554,163.148,163.538,33495
1677513600,163.537,164.26,163.423,164.221,40028
1677528000,164.224,164.335,164.064,164.321,18536
1677542400,164.11,164.518,164.053,164.169,18797
1677556800,164.169,164.29,164.101,164.12,17435
1677571200,164.12,165.329,164.087,165.099,34098
1677585600,165.099,165.856,165.084,165.717,33557
1677600000,165.719,166.009,164.162,164.323,45622
1677614400,164.323,164.389,163.719,163.768,19687
1677628800,163.521,164.076,163.452,164.012,26978
1677643200,164.011,164.282,163.864,164.256,13589
1677657600,164.256,164.506,163.825,163.931,38755
1677672000,163.931,163.997,162.863,163.01,41959
1677686400,163.009,163.667,162.998,163.437,49234
1677700800,163.436,163.836,163.382,163.814,19801
1677715200,163.644,163.887,163.597,163.713,17134
1677729600,163.712,163.842,163.61,163.795,19559
1677744000,163.794,163.937,163.313,163.394,39728
1677758400,163.397,163.816,163.284,163.485,41815
1677772800,163.485,163.585,163.064,163.42,41654
1677787200,163.421,163.469,163.266,163.392,25603
1677801600,163.375,163.628,163.158,163.431,18769
1677816000,163.43,163.634,163.315,163.504,14927
1677830400,163.504,163.549,163.158,163.187,33694
1677844800,163.187,163.53,163.141,163.205,33498
1677859200,163.207,163.492,163.095,163.465,43251
1677873600,163.464,163.649,163.415,163.599,19106
1678060800,163.571,163.68,163.171,163.403,24032
1678075200,163.403,163.524,163.031,163.426,12483
1678089600,163.43,163.739,163.121,163.7,28938
1678104000,163.697,163.742,163.147,163.198,33039
1678118400,163.197,163.787,162.979,163.663,34099
1678132800,163.662,163.662,163.369,163.477,16750
1678147200,163.406,163.795,163.379,163.74,10828
1678161600,163.74,163.858,163.551,163.685,16803
1678176000,163.685,163.833,163.017,163.202,32268
1678190400,163.203,163.394,162.993,163.112,30737
1678204800,163.109,163.334,162.077,162.164,57559
1678219200,162.164,162.311,162.049,162.219,21528
1678233600,162.1,162.668,162.096,162.423,18284
1678248000,162.423,162.984,162.412,162.793,18901
1678262400,162.793,162.965,162.436,162.767,30066
1678276800,162.768,162.913,162.045,162.056,30380
1678291200,162.055,162.389,161.706,162.321,45231
1678305600,162.32,162.782,162.319,162.694,17862
1678320000,162.584,162.644,162.082,162.31,15725
1678334400,162.31,162.34,162.116,162.197,10733
1678348800,162.192,162.207,161.609,161.654,27350
1678363200,161.653,162.135,161.622,162.082,32522
1678377600,162.082,162.619,162.042,162.45,37037
1678392000,162.45,162.522,162.068,162.276,28181
1678406400,162.274,162.649,162.013,162.119,19791
1678420800,162.12,163.185,161.943,162.925,29695
1678435200,162.927,164.167,162.49,163.969,42453
1678449600,163.971,164.235,163.354,163.768,46595
1678464000,163.769,163.855,162.362,162.488,70265
1678478400,162.489,162.663,161.997,162.505,36122
1678665600,162.266,163.061,161.436,162.239,32864
1678680000,162.239,162.651,162.104,162.534,32773
1678694400,162.534,163.051,161.841,161.905,41666
1678708800,161.903,162.039,160.038,160.344,74686
1678723200,160.344,162.066,160.287,161.773,70710
1678737600,161.772,162.801,161.697,162.312,41364
1678752000,162.223,162.367,161.858,162.039,22574
1678766400,162.039,162.819,162.014,162.715,27245
1678780800,162.706,163.249,162.144,163.136,45207
1678795200,163.137,163.744,162.731,163.437,54081
1678809600,163.43,164.081,162.974,163.37,56805
1678824000,163.367,163.579,163.079,163.202,35348
1678838400,163.18,163.61,163.073,163.397,21969
1678852800,163.397,163.643,163.199,163.621,23897
1678867200,163.622,164.136,163.454,163.749,33262
1678881600,163.75,163.806,159.983,160.243,73096
1678896000,160.238,161.094,159.202,159.412,69841
1678910400,159.408,161.528,159.387,160.864,47965
1678924800,160.815,161.062,160.02,161.011,21993
1678939200,161.011,161.231,160.102,160.376,29330
1678953600,160.377,161.248,160.196,160.509,40933
1678968000,160.51,160.515,159.382,159.554,47007
1678982400,159.553,161.619,158.554,161.588,71944
1678996800,161.588,162.106,161.57,162.013,38147
1679011200,161.869,161.897,161.474,161.555,14696
1679025600,161.555,161.905,161.462,161.637,22172
1679040000,161.64,162.183,161.498,161.743,37728
1679054400,161.742,161.85,160.161,160.501,44990
1679068800,160.506,161.029,160.114,160.979,57985
1679083200,160.979,161.067,160.417,160.492,31806
1679270400,160.936,161.729,160.606,161.685,21984
1679284800,161.685,161.698,160.463,160.566,25529
1679299200,160.566,160.829,158.959,159.861,47229
1679313600,159.861,161.092,159.51,160.866,49197
1679328000,160.866,161.547,160.62,161.49,52252
1679342400,161.49,161.696,161.21,161.267,24352
1679356800,161.135,161.594,160.919,160.999,15413
1679371200,160.999,161.075,160.79,160.832,13564
1679385600,160.832,161.967,160.758,161.699,29684
1679400000,161.7,162.262,161.602,162.006,32867
1679414400,162.006,162.074,161.008,161.413,41142
1679428800,161.413,161.958,161.402,161.832,17456
1679443200,161.721,162.094,161.633,161.951,17305
1679457600,161.951,162.211,161.705,162.031,22739
1679472000,162.031,162.838,161.749,162.627,27094
1679486400,162.627,163.34,162.531,162.923,29623
1679500800,162.923,162.924,162.045,162.303,28248
1679515200,162.303,162.436,160.789,161.261,53531
1679529600,161.374,161.374,160.794,160.896,21712
1679544000,160.895,161.113,160.689,161.08,23569
1679558400,161.08,161.751,160.993,161.64,33253
1679572800,161.64,161.855,161.215,161.396,37904
1679587200,161.397,161.739,161.054,161.125,38741
1679601600,161.124,161.259,159.936,160.814,40567
1679616000,160.645,160.837,160.302,160.304,14964
1679630400,160.304,160.361,159.744,159.828,25411
1679644800,159.828,160.199,159.041,159.207,33276
1679659200,159.204,159.521,158.261,158.969,50957
1679673600,158.969,159.991,158.852,159.791,52211
1679688000,159.793,160.03,159.65,159.856,18938
1679875200,159.648,160.306,159.594,159.953,15306
1679889600,159.953,160.3,159.801,159.954,15840
1679904000,159.952,160.993,159.944,160.728,33181
1679918400,160.725,161.431,160.675,161.253,31083
1679932800,161.254,161.717,161.096,161.641,33384
1679947200,161.644,161.85,161.454,161.668,16598
1679961600,161.577,161.63,160.846,160.998,19194
1679976000,160.997,161.158,160.766,160.858,20807
1679990400,160.858,161.776,160.731,161.135,31507
1680004800,161.135,161.485,160.739,160.878,29602
1680019200,160.878,161.707,160.867,161.653,31315
1680033600,161.662,161.663,161.123,161.547,15594
1680048000,161.482,162.042,161.346,161.98,13241
1680062400,161.985,162.422,161.973,162.382,19251
1680076800,162.382,162.764,162.258,162.675,28978
1680091200,162.675,163.476,162.32,163.415,33532
1680105600,163.416,163.458,162.887,163.273,36322
1680120000,163.273,163.681,163.191,163.614,15037
1680134400,163.396,163.488,162.969,163.214,12420
1680148800,163.214,163.353,163.048,163.212,16344
1680163200,163.212,163.885,163.007,163.746,33271
1680177600,163.753,164.343,163.24,164.338,32476
1680192000,164.338,164.453,163.877,163.973,32038
1680206400,163.973,164.406,163.778,164.387,13235
1680220800,164.29,165.47,164.225,165.208,16199
1680235200,165.208,165.357,164.524,164.546,18230
1680249600,164.543,165.12,164.219,165.068,31520
1680264000,165.068,165.249,164.486,164.899,32464
1680278400,164.899,165.011,163.916,163.934,37729
1680292800,163.933,163.984,163.623,163.756,18075
1680480000,164.274,164.39,163.45,163.719,18460
1680494400,163.715,163.937,163.424,163.911,18314
1680508800,163.91,164.609,163.794,164.567,28333
1680523200,164.566,164.888,164.434,164.853,30830
1680537600,164.853,164.902,163.77,164.192,37144
1680552000,164.193,164.545,164.064,164.412,14850
1680566400,164.268,164.544,164.173,164.51,16774
1680580800,164.51,164.931,164.502,164.738,16731
1680595200,164.742,165.803,164.627,165.799,29531
1680609600,165.799,166.402,165.631,165.743,31478
1680624000,165.744,165.846,164.256,164.447,43973
1680638400,164.447,164.732,164.409,164.656,13977
1680652800,164.55,164.601,163.97,164.161,11119
1680667200,164.155,164.671,164.057,164.329,16096
1680681600,164.329,164.563,163.693,164.08,31388
1680696000,164.081,164.392,163.455,163.541,33710
1680710400,163.547,163.671,162.775,163.261,40898
1680724800,163.259,163.639,163.185,163.553,13372
1680739200,163.542,163.576,162.893,163.226,11114
1680753600,163.226,163.348,162.981,163.197,11276
1680768000,163.197,163.972,163.167,163.802,24552
1680782400,163.801,164.108,163.331,163.547,27171
1680796800,163.554,164.04,163.392,163.964,30175
1680811200,163.964,164.071,163.853,163.872,10659
1680825600,163.87,164.023,163.691,163.823,13090
1680840000,163.823,164.062,163.677,163.912,16522
1680854400,163.912,164.278,163.849,163.941,9189
1680868800,163.941,164.173,163.467,164.019,15895
1680883200,164.019,164.152,163.83,164.058,24706
1680897600,164.052,164.346,163.959,164.078,14598
1681084800,164.11,164.738,163.802,164.644,10861
1681099200,164.644,164.759,164.522,164.568,12691
1681113600,164.57,164.647,163.985,164.152,16440
1681128000,164.152,165.026,164.122,164.678,25009
1681142400,164.679,165.496,164.603,165.449,25029
1681156800,165.449,165.473,165.323,165.433,12500
1681171200,165.37,165.511,165.186,165.397,10656
1681185600,165.398,165.661,165.381,165.465,17801
1681200000,165.461,165.802,165.294,165.51,27174
1681214400,165.515,165.694,165.425,165.471,30584
1681228800,165.471,166.107,165.384,165.931,28198
1681243200,165.931,166.191,165.841,166.128,11386
1681257600,166.078,166.261,165.962,166.158,12753
1681272000,166.158,166.574,166.068,166.36,13721
1681286400,166.359,166.583,166.017,166.18,23052
1681300800,166.173,166.246,165.381,165.581,29420
1681315200,165.58,166.292,165.47,166.272,39171
1681329600,166.276,166.595,166.067,166.218,19457
1681344000,166.138,166.461,166.035,166.356,10869
1681358400,166.356,166.503,166.199,166.451,14936
1681372800,166.451,166.747,166.186,166.727,25213
1681387200,166.727,166.854,166.015,166.058,29842
1681401600,166.057,166.062,165.404,165.852,35979
1681416000,165.852,166.319,165.852,166.026,14394
1681430400,165.929,166.159,165.866,166.007,11549
1681444800,166.007,166.159,165.822,166.126,18183
1681459200,166.127,166.186,165.405,165.668,24134
1681473600,165.668,166.087,165.506,166.079,32505
1681488000,166.078,166.233,165.86,165.956,40130
1681502400,165.956,166.127,165.82,166.031,14634
1681689600,166.03,166.189,165.819,165.844,10738
1681704000,165.846,166.436,165.834,166.399,13786
1681718400,166.397,166.565,165.691,165.818,24932
1681732800,165.818,166.544,165.767,166.375,27951
1681747200,166.376,166.63,166.103,166.134,34300
1681761600,166.134,166.449,166.12,166.447,9268
1681776000,166.32,166.465,166.165,166.275,16884
1681790400,166.275,166.728,166.259,166.492,18376
1681804800,166.49,167.009,166.409,166.854,28836
1681819200,166.853,166.932,166.473,166.781,28163
1681833600,166.781,166.896,166.417,166.651,29921
1681848000,166.65,166.673,166.544,166.623,11194
1681862400,166.619,166.697,166.485,166.596,11675
1681876800,166.596,166.85,166.505,166.809,16896
1681891200,166.806,167.97,166.787,167.746,32481
1681905600,167.745,167.902,167.001,167.173,31995
1681920000,167.173,167.757,167.053,167.678,29062
1681934400,167.678,167.739,167.504,167.526,13847
1681948800,167.57,167.626,167.36,167.562,15588
1681963200,167.562,167.703,167.366,167.525,20398
1681977600,167.527,167.592,167.114,167.574,28650
1681992000,167.574,167.605,166.936,167.226,30932
1682006400,167.228,167.307,166.842,167.003,29352
1682020800,167.004,167.257,166.919,167.037,13426
1682035200,166.97,167.084,166.643,166.89,12238
1682049600,166.89,166.948,166.325,166.441,12417
1682064000,166.437,166.449,165.794,165.877,26591
1682078400,165.877,166.024,165.508,165.888,26056
1682092800,165.886,166.8,165.782,166.728,38011
1682107200,166.723,166.925,166.652,166.901,13429
1682294400,166.718,166.902,166.594,166.776,7992
1682308800,166.773,167.224,166.703,167.076,14046
1682323200,167.076,167.242,166.541,167.211,25380
1682337600,167.211,167.622,167.036,167.503,27546
1682352000,167.502,167.686,167.286,167.537,26534
1682366400,167.537,167.722,167.456,167.61,10752
1682380800,167.46,167.921,167.322,167.833,11983
1682395200,167.833,167.956,167.561,167.622,15890
1682409600,167.62,167.782,167.023,167.295,28032
1682424000,167.295,167.323,166.316,166.384,26047
1682438400,166.401,166.442,165.858,165.945,31494
1682452800,165.945,166.024,165.421,165.95,19027
1682467200,166.115,166.185,165.75,165.935,12216
1682481600,165.935,165.987,165.649,165.969,17745
1682496000,165.969,166.642,165.944,166.636,29136
1682510400,166.636,166.988,166.198,166.657,37182
1682524800,166.657,167.008,166.021,166.831,40245
1682539200,166.831,166.927,166.267,166.691,16003
1682553600,166.473,166.669,166.339,166.517,10733
1682568000,166.517,166.822,166.41,166.794,18540
1682582400,166.794,167.025,166.577,166.947,28835
1682596800,166.947,166.969,166.311,166.661,29835
1682611200,166.661,167.354,166.627,167.008,33962
1682625600,167.009,167.499,166.933,167.446,14693
1682640000,167.037,167.39,166.97,167.347,17642
1682654400,167.346,168.246,166.418,168.077,28121
1682668800,168.077,169.429,168.007,168.789,40779
1682683200,168.789,169.825,168.715,169.748,34500
1682697600,169.752,171.126,169.722,170.948,40110
1682712000,170.948,171.165,170.851,171.111,12427
1682899200,170.938,171.695,170.938,171.625,10694
1682913600,171.625,172.096,171.511,171.852,10243
1682928000,171.852,171.91,171.196,171.231,16937
1682942400,171.232,171.728,170.988,171.699,20824
1682956800,171.699,171.982,171.472,171.744,29838
1682971200,171.744,171.808,171.617,171.732,13559
1682985600,171.794,171.823,171.513,171.696,8196
1683000000,171.7,172.101,171.682,172.065,15085
1683014400,172.065,172.325,171.4,171.51,30103
1683028800,171.511,171.618,171.129,171.407,29171
1683043200,171.407,171.428,169.948,170.291,44863
1683057600,170.289,170.546,170.2,170.305,15154
1683072000,170.17,170.368,170.162,170.277,9471
1683086400,170.277,170.309,169.752,169.92,12917
1683100800,169.92,170.285,169.686,169.887,24894
1683115200,169.885,169.983,169.181,169.225,29050
1683129600,169.227,169.952,169.142,169.939,33615
1683144000,169.939,170.368,169.406,169.428,43432
1683158400,169.118,169.269,168.906,169.193,15248
1683172800,169.193,169.436,169.105,169.32,16742
1683187200,169.32,169.432,168.651,169.032,33145
1683201600,169.036,169.356,168.851,169.23,40686
1683216000,169.23,169.538,168.054,168.468,58759
1683230400,168.471,168.928,168.404,168.806,25611
1683244800,168.686,168.946,168.669,168.771,8627
1683259200,168.771,169.033,168.707,168.865,11415
1683273600,168.866,169.388,168.734,169.102,25547
1683288000,169.103,169.728,168.979,169.622,28815
1683302400,169.623,170.614,169.461,170.289,35300
1683316800,170.292,170.42,170.17,170.28,12177
1683504000,170.338,170.869,170.25,170.429,9779
1683518400,170.426,170.64,170.32,170.473,12460
1683532800,170.473,170.759,170.319,170.562,19467
1683547200,170.562,171.067,170.484,170.798,22156
1683561600,170.798,170.895,170.178,170.261,26701
1683576000,170.263,170.558,170.235,170.495,16456
1683590400,170.354,170.613,170.294,170.487,15753
1683604800,170.488,170.535,170.141,170.278,13640
1683619200,170.279,170.403,169.856,170.268,29054
1683633600,170.269,170.446,169.987,170.152,24628
1683648000,170.152,170.59,170.117,170.575,30389
1683662400,170.576,170.71,170.474,170.677,16980
1683676800,170.586,170.884,170.494,170.672,11132
1683691200,170.674,170.832,170.607,170.679,12956
1683705600,170.679,171.175,170.51,170.731,25201
1683720000,170.73,170.764,170.218,170.334,28224
1683734400,170.327,170.395,169.496,169.536,39796
1683748800,169.536,169.721,169.101,169.657,17968
1683763200,169.485,169.647,169.133,169.416,12304
1683777600,169.417,169.514,169.248,169.383,14376
1683792000,169.383,169.653,169.037,169.618,30338
1683806400,169.623,169.737,168.407,168.439,40163
1683820800,168.441,168.466,167.838,168.19,41616
1683835200,168.186,168.405,168.012,168.379,15593
1683849600,168.224,168.408,168.188,168.394,8511
1683864000,168.394,168.575,168.287,168.545,15646
1683878400,168.547,169.132,168.464,168.894,27453
1683892800,168.894,168.977,168.55,168.796,24025
1683907200,168.796,169.07,168.446,168.912,36076
1683921600,168.911,169.124,168.847,168.944,12657
1684108800,168.94,169.319,168.836,169.164,9379
1684123200,169.164,169.691,169.063,169.595,10871
1684137600,169.594,170.002,169.442,169.978,21537
1684152000,169.977,170.424,169.807,169.965,27463
1684166400,169.965,170.578,169.943,170.55,26854
1684180800,170.551,170.62,170.386,170.495,11779
1684195200,170.438,170.497,170.274,170.317,9133
1684209600,170.317,170.438,170.152,170.333,12290
1684224000,170.332,170.339,169.399,170.105,26379
1684238400,170.101,170.411,169.886,170.309,26983
1684252800,170.309,170.836,170.205,170.537,35724
1684267200,170.542,170.549,170.08,170.272,14464
1684281600,170.234,170.404,170.153,170.351,9723
1684296000,170.351,170.524,170.249,170.42,12897
1684310400,170.423,170.601,170.109,170.317,27904
1684324800,170.316,171.062,170.197,171.009,26434
1684339200,171.012,171.941,170.925,171.888,34128
1684353600,171.889,172.008,171.758,171.818,16223
1684368000,171.832,171.949,171.581,171.584,11881
1684382400,171.585,171.767,171.422,171.644,15299
1684396800,171.642,171.767,171.202,171.353,24733
1684411200,171.352,171.915,171.186,171.83,28193
1684425600,171.823,172.159,171.717,171.778,34561
1684440000,171.78,172.136,171.677,172.105,14472
1684454400,172.108,172.127,171.635,171.808,14353
1684468800,171.808,171.858,171.591,171.637,15805
1684483200,171.637,171.673,171.242,171.461,26170
1684497600,171.461,172.502,171.445,172.475,30306
1684512000,172.475,172.501,171.339,171.778,44558
1684526400,171.776,171.938,171.643,171.71,16287
1684713600,171.634,171.778,171.395,171.636,7840
1684728000,171.636,171.668,171.37,171.642,14460
1684742400,171.642,171.751,171.197,171.48,24822
1684756800,171.481,172.579,171.451,172.466,29623
1684771200,172.467,172.489,171.634,172.081,34675
1684785600,172.08,172.413,171.835,172.37,15223
1684800000,172.344,172.552,172.239,172.334,10917
1684814400,172.332,172.624,172.028,172.126,16672
1684828800,172.126,172.316,171.286,171.655,29851
1684843200,171.655,171.992,171.338,171.895,28550
1684857600,171.894,172.396,171.639,172.13,38464
1684872000,172.129,172.267,171.811,172.063,17510
1684886400,172.015,172.201,171.983,172.113,12845
1684900800,172.111,172.125,171.892,172.118,13628
1684915200,172.119,172.79,171.836,172.14,34179
1684929600,172.14,172.161,171.226,172.012,31660
1684944000,172.013,172.417,171.698,172.342,38382
1684958400,172.341,172.449,171.95,172.446,20007
1684972800,172.36,172.443,171.68,172.347,15716
1684987200,172.345,172.455,172.22,172.246,18850
1685001600,172.243,172.62,171.988,172.518,31812
1685016000,172.516,172.776,172.14,172.431,31367
1685030400,172.429,172.588,172.073,172.233,40585
1685044800,172.234,172.684,172.157,172.55,16965
1685059200,172.57,172.617,172.205,172.353,18221
1685073600,172.35,172.501,172.246,172.326,16171
1685088000,172.326,172.769,172.234,172.545,26017
1685102400,172.544,173.431,172.488,173.268,28738
1685116800,173.266,173.557,172.894,173.512,36065
1685131200,173.516,173.733,173.48,173.607,12828
1685318400,173.443,173.963,173.411,173.776,10169
1685332800,173.778,173.799,173.422,173.478,12752
1685347200,173.479,173.609,173.241,173.248,15444
1685361600,173.247,173.287,172.945,173.106,13826
1685376000,173.106,173.489,172.989,173.457,7627
1685390400,173.453,173.555,173.434,173.522,2581
1685404800,173.414,173.621,173.245,173.318,10064
1685419200,173.318,173.408,173.083,173.392,18892
1685433600,173.391,173.825,172.989,173.471,33149
1685448000,173.47,174.274,173.419,173.704,33605
1685462400,173.704,174.081,173.204,173.472,31321
1685476800,173.472,173.508,173.064,173.491,14786
1685491200,173.391,173.612,173.372,173.502,9568
1685505600,173.502,173.644,173.12,173.243,16862
1685520000,173.242,173.242,172.523,172.866,30415
1685534400,172.895,173.165,172.552,172.846,23792
1685548800,172.845,173.623,172.749,173.069,42705
1685563200,173.069,173.392,172.959,173.338,23931
1685577600,173.225,173.362,172.964,173.138,11028
1685592000,173.137,173.58,173.055,173.326,18050
1685606400,173.325,173.92,173.319,173.778,27277
1685620800,173.778,174.172,173.6,173.676,32083
1685635200,173.674,174.104,173.289,173.943,38708
1685649600,173.949,174.021,173.777,173.868,12868
1685664000,173.841,174.064,173.735,174.038,6537
1685678400,174.04,174.166,173.853,174.045,12026
1685692800,174.045,174.238,173.945,174.033,23691
1685707200,174.033,174.324,173.841,174.249,27409
1685721600,174.247,174.677,174.122,174.157,37451
1685736000,174.156,174.349,174.15,174.256,14122
1685923200,174.265,174.36,174.1,174.175,8126
1685937600,174.174,174.336,174.04,174.16,12208
1685952000,174.161,174.251,173.856,174.033,23331
1685966400,174.033,174.062,173.328,173.464,20081
1685980800,173.469,173.785,172.85,173.736,33604
1685995200,173.735,173.837,173.413,173.54,14421
1686009600,173.399,173.572,173.185,173.547,7827
1686024000,173.54,173.771,173.505,173.612,14174
1686038400,173.612,173.666,172.867,172.911,28786
1686052800,172.914,173.402,172.676,173.335,23599
1686067200,173.335,173.666,173.196,173.556,28064
1686081600,173.556,173.628,173.439,173.5,12306
1686096000,173.478,173.534,173.264,173.266,7221
1686110400,173.266,173.286,172.901,172.997,14353
1686124800,172.997,173.368,172.666,173.36,20849
1686139200,173.36,173.944,173.162,173.939,23450
1686153600,173.944,174.361,173.678,174.305,35060
1686168000,174.299,174.436,174.15,174.359,15663
1686182400,174.155,174.407,174.045,174.197,9500
1686196800,174.197,174.374,173.903,174.011,15741
1686211200,174.011,174.362,173.941,174.357,24293
1686225600,174.357,174.406,173.92,174.032,26122
1686240000,174.031,174.486,173.939,174.391,36404
1686254400,174.392,174.515,174.335,174.46,13041
1686268800,174.339,174.627,174.297,174.546,7789
1686283200,174.544,174.861,174.534,174.715,17831
1686297600,174.716,175.236,174.711,175.161,24224
1686312000,175.162,175.258,174.727,175.072,26424
1686326400,175.074,175.541,174.975,175.339,30771
1686340800,175.338,175.401,175.156,175.335,9995
1686528000,175.109,175.481,175.074,175.312,7064
1686542400,175.312,175.465,175.204,175.303,10168
1686556800,175.303,175.766,175.195,175.275,21156
1686571200,175.275,175.418,174.653,174.714,23578
1686585600,174.715,174.949,174.349,174.566,31245
1686600000,174.566,174.696,174.476,174.687,11773
1686614400,174.629,174.824,174.456,174.802,7048
1686628800,174.802,174.847,174.557,174.804,15143
1686643200,174.804,175.463,174.722,175.305,26838
1686657600,175.306,176.002,175.013,175.257,29142
1686672000,175.256,176.646,175.11,176.588,38404
1686686400,176.589,176.844,176.42,176.842,15945
1686700800,176.76,176.885,176.505,176.563,8012
1686715200,176.563,176.728,176.496,176.703,10725
1686729600,176.704,176.86,176.442,176.851,21688
1686744000,176.849,177.143,176.756,177.055,25144
1686758400,177.053,177.136,176.823,176.913,27756
1686772800,176.913,177.406,176.693,177.397,41045
1686787200,177.259,177.713,177.213,177.684,8661
1686801600,177.684,178.589,177.671,178.532,23710
1686816000,178.534,179.04,178.528,178.86,27330
1686830400,178.86,178.888,178.124,178.243,31191
1686844800,178.237,179.365,178.125,179.238,37271
1686859200,179.238,179.397,179.106,179.332,14900
1686873600,179.245,179.352,179.069,179.142,9049
1686888000,179.139,179.85,178.824,179.714,22887
1686902400,179.712,180.855,179.686,180.465,34345
1686916800,180.465,181.281,180.096,181.073,28930
1686931200,181.071,181.961,180.874,181.958,41241
1686945600,181.958,182.042,181.778,181.904,18037
1687132800,181.666,182.126,181.644,181.995,9120
1687147200,181.995,181.999,181.214,181.299,15042
1687161600,181.299,182.033,181.283,181.841,21460
1687176000,181.841,181.964,181.58,181.714,21047
1687190400,181.714,181.747,181.217,181.297,15665
1687204800,181.297,181.558,181.282,181.558,3416
1687219200,181.375,182.011,181.353,181.908,11219
1687233600,181.908,182.093,181.15,181.53,23875
1687248000,181.53,181.74,180.76,180.939,31866
1687262400,180.94,181.117,180.114,180.228,28703
1687276800,180.225,180.323,179.922,180.194,36786
1687291200,180.192,180.591,180.1,180.538,14546
1687305600,180.419,180.793,180.323,180.791,10028
1687320000,180.791,180.984,180.579,180.984,19196
1687334400,180.983,181.606,180.549,180.612,34628
1687348800,180.612,180.661,179.921,180.617,30371
1687363200,180.617,181.24,180.567,181.053,39371
1687377600,181.053,181.217,180.917,181.115,19292
1687392000,180.97,181.168,180.897,181.163,9539
1687406400,181.163,181.174,180.733,180.887,15653
1687420800,180.888,181.458,180.706,181.384,27693
1687435200,181.384,182.45,180.739,181.338,36374
1687449600,181.334,182.208,181.172,182.057,37803
1687464000,182.057,182.557,181.948,182.425,16356
1687478400,182.302,182.512,182.188,182.384,12172
1687492800,182.381,182.428,181.64,181.819,22846
1687507200,181.819,182.455,181.239,181.701,37115
1687521600,181.7,182.473,181.584,181.609,31929
1687536000,181.609,182.81,181.489,182.688,37519
1687550400,182.691,182.943,182.605,182.757,16160
1687737600,182.434,182.844,182.34,182.649,15025
1687752000,182.657,182.99,182.449,182.557,15155
1687766400,182.56,182.685,182.002,182.329,30425
1687780800,182.329,182.468,181.685,181.907,26393
1687795200,181.903,182.662,181.871,182.65,33605
1687809600,182.65,182.691,182.356,182.436,13677
1687824000,182.38,182.429,182.232,182.311,9879
1687838400,182.311,182.686,182.237,182.658,19352
1687852800,182.658,183.047,182.653,183.047,26985
1687867200,183.047,183.113,182.565,182.844,31036
1687881600,182.819,183.695,182.619,183.561,38758
1687896000,183.56,183.763,183.478,183.662,15992
1687910400,183.637,183.693,183.241,183.25,10127
1687924800,183.255,183.385,183.066,183.232,20596
1687939200,183.231,183.602,183.042,183.132,27602
1687953600,183.129,183.172,182.406,182.523,31064
1687968000,182.522,182.662,182.143,182.363,39542
1687982400,182.364,182.623,182.287,182.584,14969
1687996800,182.52,182.552,182.213,182.251,10174
1688011200,182.251,182.527,182.227,182.466,22538
1688025600,182.465,182.866,182.247,182.42,29105
1688040000,182.42,182.715,182.384,182.522,27423
1688054400,182.523,182.882,182.32,182.844,39656
1688068800,182.845,182.845,182.581,182.588,13940
1688083200,182.555,182.853,182.463,182.798,9660
1688097600,182.794,182.962,182.587,182.695,22162
1688112000,182.694,183.157,182.2,182.455,26800
1688126400,182.416,183.305,182.409,183.246,29707
1688140800,183.242,183.876,183.121,183.525,40924
1688155200,183.525,183.593,183.118,183.162,16890
1688342400,183.321,183.355,183.092,183.3,8780
1688356800,183.3,183.754,183.299,183.508,17333
1688371200,183.509,183.731,183.223,183.358,24748
1688385600,183.358,183.635,183.107,183.54,26181
1688400000,183.538,183.735,183.095,183.707,32936
1688414400,183.706,183.708,183.485,183.622,7835
1688428800,183.496,183.643,183.386,183.422,5954
1688443200,183.425,183.604,183.373,183.511,12966
1688457600,183.511,183.606,183.23,183.311,18367
1688472000,183.312,183.858,183.258,183.818,16314
1688486400,183.816,183.909,183.518,183.799,14698
1688500800,183.799,183.891,183.614,183.671,6125
1688515200,183.589,183.874,183.555,183.657,7167
1688529600,183.656,183.905,183.564,183.629,13608
1688544000,183.628,184.012,183.197,183.509,25635
1688558400,183.509,183.812,183.152,183.605,23949
1688572800,183.604,183.881,183.32,183.795,29096
1688587200,183.796,183.819,183.597,183.772,14471
1688601600,183.528,183.73,183.059,183.129,9746
1688616000,183.129,183.508,182.73,182.893,19012
1688630400,182.89,183.233,182.498,183.035,33386
1688644800,183.032,183.91,182.939,183.798,36584
1688659200,183.798,184.007,182.823,183.406,42799
1688673600,183.409,183.712,183.376,183.527,12566
1688688000,183.418,183.569,183.175,183.43,7810
1688702400,183.43,183.509,183.22,183.25,15607
1688716800,183.251,183.276,182.052,182.054,29209
1688731200,182.055,183.105,182.012,183.07,32616
1688745600,183.079,183.116,182.086,182.594,43128
1688760000,182.594,182.621,182.334,182.422,14431
1688947200,182.412,182.798,182.358,182.746,10692
1688961600,182.748,183.218,182.636,183.162,18645
1688976000,183.161,183.189,182.141,182.425,24894
1688990400,182.423,182.646,181.503,181.634,23589
1689004800,181.633,181.796,181.097,181.743,31224
1689019200,181.743,181.83,181.569,181.728,12572
1689033600,181.731,181.998,181.624,181.893,9340
1689048000,181.893,181.896,181.001,181.272,19694
1689062400,181.271,181.772,180.796,181.11,32605
1689076800,181.113,181.515,181.056,181.17,27941
1689091200,181.17,181.853,181.068,181.342,28572
1689105600,181.343,181.61,181.304,181.5,11967
1689120000,181.463,181.505,180.772,180.917,11770
1689134400,180.917,181.148,180.659,180.877,22374
1689148800,180.877,180.902,180.455,180.538,24751
1689163200,180.538,180.647,179.76,180.333,30062
1689177600,180.335,180.759,179.467,179.869,43923
1689192000,179.868,179.965,179.502,179.946,16025
1689206400,179.734,180.023,179.49,179.987,12439
1689220800,179.987,180.281,179.888,180.161,20466
1689235200,180.161,180.847,179.874,180.482,32926
1689249600,180.483,181.427,180.459,181.381,30575
1689264000,181.382,181.461,180.79,181.058,34978
1689278400,181.058,181.353,181.022,181.345,13998
1689292800,181.143,181.336,180.602,180.64,12548
1689307200,180.64,180.837,180.195,180.807,21288
1689321600,180.807,181.524,180.668,181.482,26863
1689336000,181.482,182.05,181.432,182.008,28673
1689350400,182.009,182.284,181.394,181.83,39708
1689364800,181.829,181.93,181.674,181.695,13165
1689552000,181.678,181.813,181.169,181.179,7837
1689566400,181.184,181.511,181.184,181.425,13902
1689580800,181.426,181.758,180.941,181.221,23863
1689595200,181.223,181.729,180.571,181.538,28816
1689609600,181.538,182.145,181.455,181.492,29568
1689624000,181.492,181.67,181.258,181.346,11737
1689638400,181.332,181.62,181.199,181.556,8051
1689652800,181.556,181.656,181.24,181.308,16545
1689667200,181.308,181.38,180.71,180.831,29522
1689681600,180.834,181.476,180.626,180.765,31987
1689696000,180.765,181.842,180.362,181.32,41005
1689710400,181.319,181.362,180.96,180.979,12904
1689724800,180.986,181.411,180.931,181.082,8736
1689739200,181.082,181.473,181.014,181.412,18940
1689753600,181.412,181.65,180.279,180.703,36886
1689768000,180.708,181.177,179.993,180.358,32099
1689782400,180.357,180.391,179.824,180.24,37955
1689796800,180.241,180.825,180.233,180.767,13674
1689811200,180.661,180.711,180.457,180.527,10459
1689825600,180.527,180.549,180.253,180.398,19554
1689840000,180.398,180.418,179.994,180.227,28418
1689854400,180.227,180.227,179.716,179.979,29714
1689868800,179.975,180.568,179.84,180.534,33417
1689883200,180.534,180.541,180.137,180.245,12405
1689897600,180.197,180.29,179.913,180.24,10153
1689912000,180.239,180.695,180.128,180.475,15584
1689926400,180.475,182.522,180.448,182.471,33450
1689940800,182.471,182.518,181.116,181.379,33450
1689955200,181.373,182.203,181.348,182.168,28850
1689969600,182.168,182.374,182.116,182.303,12125
1690156800,182.004,182.339,181.916,182.277,8070
1690171200,182.277,182.279,181.743,181.967,15023
1690185600,181.967,182.288,181.185,181.276,29594
1690200000,181.276,181.521,180.84,180.976,30904
1690214400,180.976,181.32,180.762,181.309,33702
1690228800,181.309,181.548,181.288,181.407,12276
1690243200,181.341,181.466,181.193,181.32,8809
1690257600,181.321,181.549,181.256,181.48,19330
1690272000,181.481,182.01,181.462,181.639,28121
1690286400,181.639,181.882,181.184,181.267,23732
1690300800,181.269,181.667,181.15,181.645,30091
1690315200,181.645,181.926,181.585,181.836,13782
1690329600,181.799,181.914,181.636,181.783,8488
1690344000,181.785,181.879,181.663,181.769,16640
1690358400,181.77,181.941,180.978,181.179,29375
1690372800,181.179,181.419,180.91,181.034,24891
1690387200,181.036,181.641,181.023,181.607,26405
1690401600,181.607,181.681,181.21,181.504,34920
1690416000,181.405,181.752,181.381,181.617,10339
1690430400,181.616,181.66,180.811,181.468,21145
1690444800,181.468,181.877,181.262,181.842,32490
1690459200,181.843,181.922,181.247,181.464,35150
1690473600,181.463,181.589,180.838,181.17,42759
1690488000,181.167,181.171,177.412,178.54,33149
1690502400,178.35,178.473,177.496,178.392,18018
1690516800,178.392,180.527,176.305,177.334,43442
1690531200,177.334,179.081,177.053,178.877,49040
1690545600,178.877,180.255,178.47,180.101,33708
1690560000,180.111,181.457,180.051,181.322,35668
1690574400,181.321,181.49,181.035,181.343,16660
1690761600,181.105,181.353,180.872,181.158,11642
1690776000,181.158,182.431,181.046,182.288,22298
1690790400,182.287,183.093,182.074,183.019,29892
1690804800,183.03,183.188,182.646,182.861,24543
1690819200,182.857,183.118,182.571,182.733,31336
1690833600,182.732,182.847,182.5,182.636,11282
1690848000,182.577,182.809,182.551,182.806,8110
1690862400,182.805,183.203,182.717,183.131,20530
1690876800,183.131,183.199,182.858,183.009,27693
1690891200,183.008,183.178,182.581,182.876,26541
1690905600,182.881,183.249,182.612,182.98,33321
1690920000,182.98,183.203,182.953,183.126,11821
1690934400,183.034,183.09,182.449,182.87,16958
1690948800,182.87,183.128,182.606,182.711,18844
1690963200,182.71,182.713,181.939,182.013,32216
1690977600,182.013,182.605,181.93,182.176,29567
1690992000,182.176,182.278,181.75,182.179,37110
1691006400,182.177,182.36,182.129,182.183,12133
1691020800,182.165,182.387,182.067,182.245,9114
1691035200,182.245,182.675,182.081,182.493,21622
1691049600,182.49,182.761,180.999,181.063,40781
1691064000,181.063,181.36,180.387,180.846,41757
1691078400,180.85,181.331,180.521,181.264,38602
1691092800,181.261,181.41,181.087,181.126,12363
1691107200,181.132,181.724,181.069,181.63,9626
1691121600,181.63,181.738,181.228,181.351,22722
1691136000,181.362,181.463,181.024,181.169,24633
1691150400,181.168,181.438,181.009,181.294,27616
1691164800,181.29,181.404,180.736,181.287,37706
1691179200,181.287,181.443,180.648,180.741,15331
1691366400,180.606,180.976,180.536,180.647,9789
1691380800,180.647,181.22,180.593,180.988,12777
1691395200,180.982,181.258,180.756,181.121,23086
1691409600,181.121,181.44,180.973,181.372,22461
1691424000,181.375,182.063,181.242,182.06,27229
1691438400,182.06,182.188,181.974,182.155,10870
1691452800,182.16,182.692,181.996,182.675,9819
1691467200,182.678,182.956,182.504,182.786,18038
1691481600,182.785,182.952,182.189,182.483,27095
1691496000,182.485,182.515,181.381,181.761,30970
1691510400,181.772,182.567,181.478,182.476,29680
1691524800,182.476,182.903,182.387,182.765,12935
1691539200,182.487,182.734,182.432,182.631,9874
1691553600,182.631,182.819,182.581,182.689,14551
1691568000,182.689,183.005,182.524,182.748,21867
1691582400,182.75,182.863,182.364,182.532,22163
1691596800,182.535,183.014,182.498,182.752,29378
1691611200,182.752,182.934,182.704,182.805,12802
1691625600,182.742,182.938,182.658,182.822,7007
1691640000,182.824,183.182,182.696,183.103,12666
1691654400,183.103,183.649,183.082,183.446,23569
1691668800,183.446,183.859,183.304,183.817,26209
1691683200,183.816,184.243,183.534,183.676,41737
1691697600,183.675,183.705,183.301,183.472,21367
1691712000,183.453,183.65,183.357,183.645,6554
1691726400,183.655,183.682,183.444,183.487,13482
1691740800,183.484,184.117,183.458,183.708,24857
1691755200,183.708,184.057,183.552,183.687,26062
1691769600,183.686,184.241,183.631,183.925,34945
1691784000,183.925,184.088,183.87,184.025,11711
1691971200,183.993,184.197,183.799,183.881,9078
1691985600,183.881,183.896,183.475,183.616,14688
1692000000,183.617,184.11,183.46,184.044,23614
1692014400,184.044,184.324,183.844,183.961,24050
1692028800,183.961,184.505,183.634,184.466,33274
1692043200,184.465,184.608,184.374,184.591,13576
1692057600,184.653,184.693,184.375,184.462,6150
1692072000,184.46,184.656,184.341,184.589,18649
1692086400,184.587,185.263,184.382,185.14,30579
1692100800,185.142,185.302,184.781,185.135,33599
1692115200,185.134,185.323,184.833,185.2,38740
1692129600,185.2,185.201,184.815,184.937,13773
1692144000,184.904,184.974,184.74,184.837,7734
1692158400,184.837,184.965,184.704,184.825,18193
1692172800,184.826,185.739,184.693,185.652,24039
1692187200,185.652,185.821,185.472,185.553,21198
1692201600,185.554,186.024,185.482,185.791,25572
1692216000,185.791,186.314,185.725,186.283,17563
1692230400,186.167,186.414,186.035,186.219,10032
1692244800,186.219,186.279,186.098,186.277,18408
1692259200,186.277,186.468,185.874,185.901,23666
1692273600,185.901,186.308,185.77,186.178,33773
1692288000,186.183,186.461,186.012,186.458,33691
1692302400,186.457,186.467,185.568,185.9,20692
1692316800,185.816,185.924,185.576,185.594,9135
1692331200,185.596,185.784,185.286,185.398,18820
1692345600,185.398,185.404,184.551,185.157,26583
1692360000,185.16,185.363,184.643,185.121,27380
1692374400,185.12,185.301,184.729,184.884,32091
1692388800,184.883,185.225,184.807,185.109,14356
1692576000,185.007,185.216,184.982,185.05,6599
1692590400,185.05,185.463,184.883,185.18,13595
1692604800,185.179,185.321,185.003,185.312,24043
1692619200,185.313,186.394,185.281,186.29,24789
1692633600,186.29,186.482,186.017,186.48,29279
1692648000,186.481,186.658,186.317,186.551,12788
1692662400,186.452,186.766,186.42,186.607,6261
1692676800,186.607,186.627,186.328,186.446,18095
1692691200,186.446,186.694,186.1,186.121,24104
1692705600,186.122,186.243,185.919,185.981,24807
1692720000,185.98,186.149,185.529,185.728,29116
1692734400,185.728,185.856,185.537,185.755,8908
1692748800,185.681,185.717,185.475,185.485,6046
1692763200,185.485,185.772,185.397,185.7,13983
1692777600,185.697,185.94,184.105,184.3,29062
1692792000,184.3,184.321,183.502,183.751,30440
1692806400,183.751,184.062,183.367,183.97,34555
1692820800,183.97,184.359,183.926,184.271,12864
1692835200,184.164,184.252,183.907,184.132,8405
1692849600,184.134,184.643,184.117,184.629,21744
1692864000,184.629,184.767,184.177,184.487,24176
1692878400,184.487,184.619,184.183,184.323,24410
1692892800,184.323,184.37,183.96,184.151,31206
1692907200,184.153,184.191,183.597,183.725,12826
1692921600,183.736,183.946,183.583,183.832,8526
1692936000,183.832,183.996,183.351,183.474,14200
1692950400,183.474,183.887,183.379,183.761,21915
1692964800,183.761,184.248,183.726,184.152,19636
1692979200,184.152,184.381,183.702,184.109,42798
1692993600,184.106,184.405,183.945,184.152,14457
1693180800,184.234,184.565,184.079,184.511,5837
1693195200,184.517,184.64,184.466,184.541,9108
1693209600,184.541,184.543,184.196,184.285,16578
1693224000,184.285,184.518,184.177,184.414,18921
1693238400,184.414,184.595,184.248,184.507,23212
1693252800,184.507,184.702,184.425,184.615,10379
1693267200,184.554,184.753,184.516,184.735,7635
1693281600,184.735,184.909,184.618,184.907,13348
1693296000,184.908,184.983,184.609,184.773,20114
1693310400,184.771,185.262,184.661,185.127,25642
1693324800,185.127,185.155,184.07,184.152,42692
1693339200,184.152,184.483,184.069,184.436,17878
1693353600,184.464,184.646,184.274,184.437,8843
1693368000,184.437,184.697,184.398,184.571,15320
1693382400,184.571,185.215,184.437,185.077,24741
1693396800,185.074,185.552,185.023,185.454,29814
1693411200,185.451,185.861,185.138,185.774,36399
1693425600,185.773,186.059,185.738,186.025,14445
1693440000,185.834,185.955,185.631,185.798,7344
1693454400,185.798,185.806,185.422,185.607,12493
1693468800,185.606,185.746,185.106,185.286,23904
1693483200,185.286,185.293,184.715,185.03,30630
1693497600,185.028,185.31,184.078,184.244,36922
1693512000,184.241,184.428,184.105,184.417,13713
1693526400,184.318,184.504,184.289,184.329,7152
1693540800,184.325,184.364,184.089,184.31,15530
1693555200,184.31,184.556,184.04,184.376,21073
1693569600,184.376,184.512,183.538,183.69,24971
1693584000,183.69,184.356,183.59,183.978,44779
1693598400,183.978,184.149,183.937,184.108,13612
1693785600,184.042,184.179,183.839,184.099,5031
1693800000,184.099,184.264,184.038,184.262,7462
1693814400,184.262,184.988,184.255,184.974,16078
1693828800,184.976,185.009,184.781,184.896,15463
1693843200,184.896,185.08,184.73,184.987,10633
1693857600,184.988,185.056,184.953,184.983,2603
1693872000,184.795,185.139,184.741,185.045,5762
1693886400,185.048,185.212,184.965,185.179,13402
1693900800,185.179,185.301,184.07,184.271,28360
1693915200,184.271,185.163,184.24,185.105,26948
1693929600,185.108,185.779,185.047,185.675,34649
1693944000,185.675,185.741,185.538,185.608,12070
1693958400,185.489,185.611,185.27,185.561,7066
1693972800,185.561,185.602,185.248,185.34,11918
1693987200,185.344,185.471,184.927,185.116,23784
1694001600,185.114,185.287,184.765,184.898,23729
1694016000,184.895,185.051,184.248,184.516,36249
1694030400,184.516,184.782,184.481,184.681,10778
1694044800,184.513,184.767,184.486,184.638,6765
1694059200,184.638,184.702,184.308,184.424,11701
1694073600,184.424,184.532,183.654,183.991,24442
1694088000,183.992,184.158,183.43,183.542,26478
1694102400,183.539,183.844,183.372,183.491,30880
1694116800,183.491,183.758,183.491,183.685,12033
1694131200,183.69,183.859,183.06,183.513,8962
1694145600,183.513,184.113,183.464,183.886,15301
1694160000,183.886,184.257,183.736,184.06,22531
1694174400,184.061,184.142,183.74,184.137,21666
1694188800,184.137,184.462,184.092,184.144,28341
1694203200,184.144,184.22,184.014,184.163,12057
1694390400,183.293,183.784,182.99,183.495,12953
1694404800,183.499,183.66,182.907,183.023,21359
1694419200,183.023,183.367,182.676,183.21,27086
1694433600,183.215,183.909,183.116,183.515,26280
1694448000,183.515,183.764,183.291,183.407,27577
1694462400,183.407,183.441,183.238,183.364,11445
1694476800,183.333,183.569,183.256,183.447,7509
1694491200,183.447,183.638,183.229,183.572,12582
1694505600,183.569,183.935,182.94,183.009,23213
1694520000,183.008,183.56,182.968,183.426,23456
1694534400,183.424,183.716,183.354,183.644,23246
1694548800,183.645,183.827,183.594,183.74,12088
1694563200,183.677,184.061,183.647,184.04,7110
1694577600,184.041,184.234,183.929,184.157,15244
1694592000,184.161,184.183,183.192,183.733,25844
1694606400,183.731,184.184,183.549,184.081,29462
1694620800,184.081,184.386,183.941,184.11,34047
1694635200,184.109,184.214,184.027,184.186,12067
1694649600,184.017,184.087,183.785,183.884,7211
1694664000,183.883,183.944,183.696,183.937,14024
1694678400,183.936,184.07,183.701,183.915,20106
1694692800,183.915,183.938,183.117,183.367,32119
1694707200,183.371,183.411,182.514,182.778,39823
1694721600,182.778,183.002,182.717,182.962,13275
1694736000,182.94,183.033,182.815,183.011,7551
1694750400,183.014,183.224,182.772,183.208,15998
1694764800,183.208,183.909,183.084,183.834,24297
1694779200,183.834,183.847,183.234,183.307,21878
1694793600,183.306,183.523,183.096,183.342,33690
1694808000,183.34,183.344,183.019,183.083,11801
1694995200,182.936,183.343,182.896,183.159,4698
1695009600,183.159,183.272,182.979,183.055,6685
1695024000,183.052,183.106,182.719,182.774,17084
1695038400,182.774,183.233,182.745,182.9,18646
1695052800,182.9,183.108,182.758,182.983,25254
1695067200,182.983,183.026,182.728,182.828,10692
1695081600,182.796,182.946,182.723,182.809,6271
1695096000,182.809,182.971,182.779,182.887,13278
1695110400,182.887,183.105,182.79,182.808,19904
1695124800,182.807,183.488,182.717,183.323,22131
1695139200,183.322,183.36,182.965,183.108,24571
1695153600,183.11,183.297,183.074,183.235,10623
1695168000,183.116,183.252,183.032,183.045,7139
1695182400,183.046,183.178,183.0,183.137,12478
1695196800,183.138,183.3,182.456,183.164,24277
1695211200,183.166,183.191,182.737,183.0,20639
1695225600,182.998,183.344,182.963,183.198,25284
1695240000,183.196,183.208,182.779,183.115,32779
1695254400,182.903,183.004,182.669,182.733,10232
1695268800,182.733,182.859,182.382,182.756,12147
1695283200,182.756,182.864,182.262,182.33,21795
1695297600,182.329,182.424,180.731,181.502,32183
1695312000,181.518,181.651,181.105,181.388,30707
1695326400,181.388,181.5,181.27,181.416,12943
1695340800,181.409,181.532,181.253,181.353,7671
1695355200,181.352,182.045,181.206,181.831,19103
1695369600,181.831,182.303,181.445,181.698,32515
1695384000,181.698,181.89,181.313,181.709,22566
1695398400,181.71,182.055,181.567,181.679,28265
1695412800,181.681,181.747,181.477,181.546,12680
1695600000,181.649,181.817,181.425,181.685,13296
1695614400,181.685,181.739,181.548,181.606,7517
1695628800,181.606,181.824,181.482,181.544,19620
1695643200,181.543,181.954,181.402,181.712,20890
1695657600,181.71,181.818,181.511,181.763,27384
1695672000,181.763,181.846,181.624,181.816,10340
1695686400,181.689,181.797,181.524,181.718,6475
1695700800,181.718,181.808,181.533,181.715,9449
1695715200,181.715,181.731,181.12,181.439,25102
1695729600,181.439,181.55,181.266,181.394,21918
1695744000,181.394,181.541,181.047,181.255,26721
1695758400,181.253,181.316,181.052,181.208,11429
1695772800,181.177,181.241,180.923,180.962,7494
1695787200,180.962,181.075,180.885,181.014,13636
1695801600,181.015,181.26,180.921,181.102,19109
1695816000,181.1,181.319,180.993,181.178,22614
1695830400,181.176,181.545,181.132,181.407,30760
1695844800,181.407,181.677,181.192,181.586,19304
1695859200,181.408,181.556,181.162,181.499,8622
1695873600,181.499,181.575,181.231,181.291,11837
1695888000,181.291,181.84,181.056,181.813,20779
1695902400,181.812,182.363,181.809,181.998,25492
1695916800,181.997,182.423,181.884,182.121,35105
1695931200,182.124,182.201,181.941,182.185,15511
1695945600,182.04,182.353,182.04,182.265,6399
1695960000,182.265,182.662,182.243,182.555,12446
1695974400,182.556,182.613,181.904,182.394,25279
1695988800,182.391,183.019,182.291,182.9,26989
1696003200,182.9,182.9,181.883,182.361,37738
1696017600,182.36,182.408,182.106,182.248,18808
1696204800,182.371,182.525,182.093,182.428,8142
1696219200,182.428,182.629,182.409,182.469,7477
1696233600,182.46,182.815,182.194,182.474,19750
1696248000,182.473,182.481,181.87,182.028,21552
1696262400,182.026,182.034,181.398,181.405,33743
1696276800,181.403,181.607,181.12,181.147,15211
1696291200,181.064,181.207,180.957,181.145,7379
1696305600,181.145,181.152,180.772,180.814,12433
1696320000,180.814,181.2,180.589,181.088,20892
1696334400,181.089,181.156,180.67,181.005,21887
1696348800,181.01,181.374,178.04,180.037,45251
1696363200,180.039,180.139,179.627,180.031,17245
1696377600,179.825,180.282,179.825,180.232,9171
1696392000,180.233,180.255,179.938,180.217,10729
1696406400,180.217,180.485,179.562,180.475,20797
1696420800,180.475,181.256,180.464,181.175,26235
1696435200,181.172,181.244,180.411,180.918,32610
1696449600,180.918,181.134,180.805,180.99,15306
1696464000,180.89,180.944,180.401,180.483,8516
1696478400,180.476,180.663,180.286,180.578,15232
1696492800,180.578,180.935,180.521,180.635,21239
1696507200,180.635,180.946,180.444,180.661,25356
1696521600,180.663,180.849,180.472,180.754,35898
1696536000,180.757,181.074,180.591,181.065,14515
1696550400,180.904,181.102,180.847,181.059,8238
1696564800,181.059,181.188,180.844,181.137,10911
1696579200,181.135,181.732,181.121,181.647,19363
1696593600,181.646,182.079,180.953,181.131,30695
1696608000,181.128,182.759,181.064,182.645,47074
1696622400,182.643,182.977,182.625,182.63,14977
1696809600,181.878,182.315,181.826,182.238,16271
1696824000,182.238,182.246,181.896,181.927,11822
1696838400,181.926,182.202,181.437,181.618,28793
1696852800,181.618,181.77,181.428,181.612,21708
1696867200,181.612,181.913,181.251,181.401,30896
1696881600,181.402,181.853,181.401,181.736,15065
1696896000,181.742,182.039,181.541,181.894,12142
1696910400,181.894,181.955,181.739,181.859,16861
1696924800,181.86,182.642,181.55,182.629,36775
1696939200,182.628,182.786,182.345,182.428,33920
1696953600,182.425,182.69,182.352,182.586,38730
1696968000,182.586,182.748,182.321,182.722,18866
1696982400,182.518,182.732,182.483,182.726,9967
1696996800,182.726,183.016,182.669,183.004,12747
1697011200,183.001,183.119,182.485,182.566,31344
1697025600,182.566,183.346,182.491,183.298,37146
1697040000,183.298,183.745,183.178,183.402,44493
1697054400,183.403,183.735,183.225,183.694,21603
1697068800,183.429,183.691,183.361,183.632,8543
1697083200,183.632,183.816,183.539,183.71,13659
1697097600,183.71,183.78,183.282,183.309,28123
1697112000,183.308,183.649,183.097,183.252,32443
1697126400,183.255,183.328,182.663,182.694,45268
1697140800,182.692,182.704,182.33,182.366,21080
1697155200,182.382,182.595,182.33,182.508,8097
1697169600,182.51,182.825,182.476,182.616,11698
1697184000,182.617,182.942,182.418,182.84,28090
1697198400,182.84,182.871,181.914,182.261,35486
1697212800,182.259,182.279,181.504,181.528,22105
1697227200,181.523,181.59,181.269,181.556,11321
1697414400,181.269,181.819,181.265,181.591,8382
1697428800,181.591,181.736,181.576,181.709,6392
1697443200,181.709,182.167,181.664,181.776,16017
1697457600,181.765,182.135,181.529,181.972,16183
1697472000,181.972,182.555,181.869,182.486,17621
1697486400,182.483,182.736,182.441,182.69,8989
1697500800,182.533,182.728,182.472,182.533,6103
1697515200,182.533,182.563,182.36,182.397,7382
1697529600,182.396,182.489,181.847,181.916,15226
1697544000,181.922,182.179,181.051,181.837,20326
1697558400,181.834,182.804,181.79,182.578,26998
1697572800,182.576,182.621,182.327,182.499,13554
1697587200,182.42,182.533,182.084,182.159,6060
1697601600,182.159,182.374,182.071,182.31,10637
1697616000,182.305,182.761,182.238,182.717,20534
1697630400,182.715,182.81,182.266,182.321,22065
1697644800,182.321,182.461,181.848,182.071,26772
1697659200,182.071,182.328,181.922,182.015,15845
1697673600,181.951,181.989,181.734,181.825,8093
1697688000,181.828,181.871,181.606,181.65,10099
1697702400,181.65,181.891,181.326,181.396,20142
1697716800,181.396,181.934,181.172,181.901,21295
1697731200,181.906,182.519,181.827,182.293,32380
1697745600,182.292,182.407,181.821,181.881,22605
1697760000,181.868,181.915,181.628,181.698,7857
1697774400,181.698,181.96,181.653,181.845,10702
1697788800,181.845,181.916,181.293,181.79,21936
1697803200,181.792,182.159,181.62,182.062,19896
1697817600,182.062,182.305,181.869,182.129,24281
1697832000,182.129,182.37,182.064,182.281,15416
1698019200,182.163,182.323,182.081,182.26,5592
1698033600,182.258,182.271,182.082,182.164,6612
1698048000,182.164,182.627,182.106,182.351,16310
1698062400,182.351,182.603,182.096,182.391,18300
1698076800,182.389,183.278,182.186,183.106,23388
1698091200,183.113,183.422,183.047,183.343,14584
1698105600,183.266,183.528,183.143,183.431,7127
1698120000,183.431,183.592,183.259,183.548,11768
1698134400,183.551,183.751,182.967,183.361,21151
1698148800,183.361,183.39,182.735,182.811,17795
1698163200,182.811,182.869,182.053,182.128,23761
1698177600,182.122,182.347,182.116,182.245,11369
1698192000,182.22,182.369,182.151,182.348,7543
1698206400,182.348,182.435,182.266,182.434,7757
1698220800,182.434,182.449,181.889,181.961,15033
1698235200,181.961,181.979,181.627,181.86,16395
1698249600,181.858,182.221,181.757,181.869,24561
1698264000,181.868,182.002,181.636,181.928,15994
1698278400,181.873,181.9,181.502,181.6,7811
1698292800,181.6,181.823,181.539,181.714,10743
1698307200,181.714,182.112,181.113,181.673,20319
1698321600,181.673,182.094,181.411,182.093,20912
1698336000,182.113,182.357,181.885,182.071,27777
1698350400,182.07,182.583,182.044,182.385,15834
1698364800,182.363,182.508,182.272,182.361,7147
1698379200,182.36,182.378,182.193,182.274,9298
1698393600,182.272,182.346,181.792,182.017,17773
1698408000,182.017,182.174,181.597,181.81,19153
1698422400,181.814,182.025,181.516,181.528,26628
1698436800,181.528,181.528,181.04,181.379,16773
1698624000,181.154,181.423,181.118,181.414,6336
1698638400,181.414,181.42,181.19,181.204,6886
1698652800,181.204,181.361,180.765,181.058,14013
1698667200,181.059,181.876,181.042,181.849,17492
1698681600,181.851,181.872,180.927,181.046,25217
1698696000,181.047,181.492,180.955,181.395,11240
1698710400,181.353,181.727,181.27,181.683,7862
1698724800,181.683,182.319,181.346,182.28,16883
1698739200,182.281,183.118,182.199,183.074,18049
1698753600,183.075,183.831,182.731,183.517,22261
1698768000,183.517,184.077,183.148,184.073,28598
1698782400,184.072,184.266,183.466,184.264,16225
1698796800,184.232,184.28,183.68,183.749,8908
1698811200,183.749,183.789,183.517,183.67,10452
1698825600,183.669,184.002,183.566,183.646,14041
1698840000,183.645,183.807,183.231,183.266,20244
1698854400,183.262,183.619,182.989,183.122,26056
1698868800,183.122,183.416,182.939,183.411,25334
1698883200,183.319,183.558,183.243,183.325,9674
1698897600,183.329,183.378,183.051,183.197,11906
1698912000,183.197,183.303,182.728,182.945,15370
1698926400,182.949,183.699,182.797,183.212,22107
1698940800,183.213,183.422,183.013,183.333,26210
1698955200,183.333,183.728,183.291,183.605,13458
1698969600,183.575,183.66,183.227,183.317,6446
1698984000,183.317,183.5,183.312,183.349,8781
1698998400,183.349,183.528,183.26,183.395,12331
1699012800,183.393,183.961,183.306,183.957,20860
1699027200,183.95,184.917,183.77,184.91,31643
1699041600,184.909,185.016,184.812,184.935,13814
1699228800,184.806,185.112,184.693,184.96,7769
1699243200,184.963,185.206,184.955,185.111,7173
1699257600,185.111,185.724,185.062,185.572,15230
1699272000,185.573,185.959,185.49,185.533,15964
1699286400,185.533,185.736,185.318,185.386,18123
1699300800,185.385,185.408,185.101,185.209,10937
1699315200,185.229,185.248,185.091,185.184,8633
1699329600,185.182,185.368,185.104,185.36,9155
1699344000,185.357,185.465,185.026,185.078,16242
1699358400,185.078,185.312,184.645,185.215,18757
1699372800,185.217,185.304,184.675,184.747,21479
1699387200,184.743,185.037,184.697,184.994,12448
1699401600,184.966,185.037,184.804,184.949,9563
1699416000,184.949,184.984,184.776,184.913,9923
1699430400,184.911,185.007,184.546,184.639,17132
1699444800,184.642,185.11,184.55,185.069,16446
1699459200,185.066,185.536,185.029,185.497,22826
1699473600,185.497,185.669,185.463,185.487,14939
1699488000,185.399,185.509,185.259,185.406,10888
1699502400,185.407,185.489,185.323,185.443,9236
1699516800,185.443,185.892,185.244,185.773,17922
1699531200,185.773,185.853,185.126,185.269,18336
1699545600,185.269,185.507,185.13,185.317,22390
1699560000,185.313,185.355,184.841,184.974,22677
1699574400,184.936,184.986,184.815,184.875,10409
1699588800,184.883,185.108,184.843,185.095,8927
1699603200,185.096,185.217,184.856,185.023,17263
1699617600,185.023,185.164,184.804,185.019,17550
1699632000,185.02,185.174,184.638,185.153,23281
1699646400,185.153,185.339,185.127,185.207,10700
1699833600,184.962,185.468,184.946,185.443,6244
1699848000,185.443,185.649,185.382,185.618,5110
1699862400,185.618,185.911,185.59,185.821,14590
1699876800,185.821,185.967,185.691,185.907,13502
1699891200,185.91,186.047,185.263,186.028,20115
1699905600,186.028,186.313,185.975,186.311,10203
1699920000,186.201,186.322,186.099,186.215,8581
1699934400,186.215,186.233,186.088,186.127,6689
1699948800,186.126,186.629,186.113,186.625,13989
1699963200,186.625,187.288,186.263,187.259,18278
1699977600,187.259,188.284,187.247,188.139,28895
1699992000,188.139,188.141,187.746,187.961,11928
1700006400,187.87,188.184,187.74,187.983,10900
1700020800,187.985,188.234,187.94,188.154,7567
1700035200,188.155,188.216,187.357,187.435,19933
1700049600,187.435,187.677,187.182,187.605,21166
1700064000,187.605,187.919,187.493,187.782,25280
1700078400,187.781,187.999,187.704,187.93,10956
1700092800,187.886,187.914,187.478,187.538,7833
1700107200,187.538,187.577,187.3,187.539,6739
1700121600,187.547,187.714,187.333,187.599,15163
1700136000,187.599,187.659,187.261,187.427,17845
1700150400,187.427,187.447,186.826,187.01,25304
1700164800,187.01,187.151,186.851,187.118,8796
1700179200,186.965,187.148,186.915,186.968,6832
1700193600,186.968,187.009,186.628,186.998,8050
1700208000,186.998,187.049,185.318,185.665,19135
1700222400,185.666,185.905,185.501,185.865,22637
1700236800,185.862,186.256,185.718,186.163,23204
1700251200,186.163,186.565,186.146,186.478,9894
1700438400,186.173,186.789,186.104,186.417,10525
1700452800,186.417,186.483,185.762,186.059,14489
1700467200,186.059,186.162,185.081,185.404,20274
1700481600,185.404,185.404,184.627,185.238,17495
1700496000,185.241,185.523,185.18,185.446,18978
1700510400,185.445,185.626,185.362,185.587,12072
1700524800,185.471,185.64,185.16,185.277,12429
1700539200,185.267,185.427,184.583,185.116,13725
1700553600,185.114,185.232,184.465,185.172,20862
1700568000,185.171,185.257,184.937,185.111,18776
1700582400,185.111,185.654,184.94,185.643,22919
1700596800,185.64,186.093,185.559,186.029,14667
1700611200,185.995,186.0,185.632,185.901,9741
1700625600,185.901,186.379,185.743,186.318,10487
1700640000,186.322,187.022,186.294,186.819,19796
1700654400,186.819,186.867,186.206,186.77,23853
1700668800,186.767,186.789,186.317,186.708,25458
1700683200,186.701,186.947,186.701,186.854,10406
1700697600,186.769,186.838,186.346,186.408,7887
1700712000,186.411,186.59,186.283,186.406,9043
1700726400,186.406,187.6,186.34,187.415,17897
1700740800,187.416,187.533,187.181,187.394,15221
1700755200,187.394,187.587,187.333,187.492,9397
1700769600,187.492,187.522,187.42,187.478,3651
1700784000,187.409,187.647,187.28,187.383,8620
1700798400,187.379,187.425,187.133,187.243,7884
1700812800,187.248,187.884,187.104,187.777,13259
1700827200,187.778,188.156,187.692,188.141,14210
1700841600,188.139,188.662,188.119,188.512,15418
1700856000,188.506,188.542,188.276,188.283,9408
1701043200,188.239,188.526,187.904,187.931,8425
1701057600,187.931,188.085,187.601,188.065,12359
1701072000,188.07,188.269,187.768,188.238,16554
1701086400,188.239,188.348,187.766,187.879,19889
1701100800,187.879,188.032,187.634,187.737,23853
1701115200,187.735,187.825,187.62,187.762,10835
1701129600,187.737,187.76,187.102,187.242,11914
1701144000,187.242,187.333,187.052,187.219,10590
1701158400,187.216,187.867,187.126,187.581,17535
1701172800,187.581,187.873,187.278,187.567,18846
1701187200,187.567,187.726,187.131,187.278,32341
1701201600,187.277,187.294,187.075,187.228,14714
1701216000,187.215,187.269,186.626,186.84,15868
1701230400,186.838,187.27,186.723,187.063,14933
1701244800,187.062,187.388,186.842,187.12,23501
1701259200,187.121,187.535,186.973,187.409,24734
1701273600,187.408,187.522,186.689,186.988,27624
1701288000,186.988,187.234,186.872,186.877,12926
1701302400,186.801,186.819,186.436,186.629,12282
1701316800,186.629,186.881,186.61,186.71,11118
1701331200,186.71,186.923,186.228,186.465,21800
1701345600,186.461,186.796,186.458,186.705,23337
1701360000,186.708,187.562,186.691,187.037,33100
1701374400,187.037,187.174,186.986,187.092,12617
1701388800,186.981,187.11,186.676,186.897,13921
1701403200,186.897,187.239,186.866,187.213,10551
1701417600,187.211,187.517,187.045,187.304,20168
1701432000,187.296,187.487,187.087,187.152,18516
1701446400,187.149,187.174,186.191,186.423,34953
1701460800,186.427,186.671,186.384,186.625,16448
1701648000,186.379,186.485,185.522,185.887,20527
1701662400,185.888,186.153,185.775,186.116,12727
1701676800,186.113,186.337,185.74,185.821,23060
1701691200,185.821,185.93,185.518,185.617,23008
1701705600,185.615,185.908,185.074,185.864,30761
1701720000,185.864,186.057,185.801,185.959,11658
1701734400,185.853,186.185,185.797,185.952,14542
1701748800,185.952,185.993,185.8,185.824,10359
1701763200,185.824,185.896,185.062,185.759,23813
1701777600,185.758,185.949,185.451,185.493,21728
1701792000,185.49,185.765,185.28,185.31,32477
1701806400,185.309,185.415,185.23,185.345,12434
1701820800,185.307,185.677,185.106,185.589,10029
1701835200,185.589,185.792,185.536,185.601,9702
1701849600,185.601,185.66,185.138,185.622,19788
1701864000,185.621,185.806,185.112,185.301,22234
1701878400,185.301,185.507,185.102,185.209,25421
1701892800,185.209,185.237,184.989,185.025,9588
1701907200,184.896,184.984,184.401,184.481,11812
1701921600,184.481,184.517,183.857,183.91,13324
1701936000,183.909,184.021,182.266,182.32,31136
1701950400,182.315,182.665,181.887,182.251,30315
1701964800,182.25,182.256,178.566,180.564,34876
1701979200,180.574,181.488,180.207,181.488,19003
1701993600,181.344,181.664,179.54,180.525,22539
1702008000,180.513,181.496,180.128,181.173,19819
1702022400,181.17,181.581,180.64,181.179,29591
1702036800,181.176,182.038,180.74,180.9,29833
1702051200,180.9,181.743,180.458,181.666,34331
1702065600,181.665,181.951,181.643,181.934,12448
1702252800,181.668,182.707,181.615,182.473,14689
1702267200,182.473,182.613,182.264,182.556,10050
1702281600,182.558,183.72,182.329,183.523,23208
1702296000,183.515,184.323,183.487,184.044,19388
1702310400,184.045,184.068,183.591,183.669,23677
1702324800,183.669,183.725,183.454,183.516,13281
1702339200,183.422,183.544,182.902,183.118,13077
1702353600,183.118,183.253,182.768,182.819,11377
1702368000,182.819,182.98,182.486,182.711,20726
1702382400,182.711,183.014,182.273,182.687,22650
1702396800,182.684,182.996,182.337,182.734,27224
1702411200,182.734,183.018,182.646,182.785,12630
1702425600,182.782,182.863,182.502,182.584,11815
1702440000,182.584,182.848,182.512,182.783,10736
1702454400,182.786,183.149,182.491,182.679,21849
1702468800,182.678,182.691,182.107,182.108,21066
1702483200,182.108,182.108,181.555,181.578,22765
1702497600,181.578,181.683,180.19,180.313,34423
1702512000,180.184,180.398,179.28,179.9,23386
1702526400,179.9,179.977,178.347,178.683,25485
1702540800,178.681,179.465,178.63,179.225,33779
1702555200,179.225,180.666,178.918,180.55,34987
1702569600,180.549,181.217,180.31,181.019,36375
1702584000,181.023,181.204,180.72,181.134,16911
1702598400,181.046,181.737,181.039,181.562,14466
1702612800,181.562,181.632,180.762,181.035,16767
1702627200,181.024,181.355,180.453,181.109,27416
1702641600,181.11,181.197,180.387,180.895,27495
1702656000,180.894,180.919,179.816,180.462,32003
1702670400,180.465,180.495,180.048,180.192,17884
1702857600,180.018,180.58,179.893,180.392,11591
1702872000,180.392,180.637,180.33,180.498,10131
1702886400,180.5,180.891,180.371,180.492,20330
1702900800,180.495,180.916,180.479,180.905,23957
1702915200,180.906,181.178,180.594,180.834,23818
1702929600,180.834,180.842,180.6,180.616,12144
1702944000,180.492,180.676,180.041,180.366,14247
1702958400,180.37,181.956,180.305,181.643,18201
1702972800,181.639,183.607,180.42,183.547,28497
1702987200,183.543,184.176,183.426,183.869,23743
1703001600,183.869,184.003,183.033,183.177,26381
1703016000,183.173,183.235,182.979,183.118,10809
1703030400,183.045,183.332,182.864,182.951,13855
1703044800,182.953,183.164,182.419,182.668,14617
1703059200,182.668,182.825,181.273,181.823,25111
1703073600,181.824,181.836,181.269,181.489,20346
1703088000,181.493,182.33,181.487,182.314,23774
1703102400,182.316,182.357,181.359,181.43,17656
1703116800,181.247,181.408,180.696,180.79,13635
1703131200,180.794,180.887,180.439,180.808,13040
1703145600,180.808,181.113,180.517,180.695,18562
1703160000,180.693,180.994,180.263,180.32,23126
1703174400,180.313,180.577,179.782,180.141,31791
1703188800,180.141,180.486,180.139,180.319,15239
1703203200,180.283,180.554,179.943,180.461,13214
1703217600,180.461,180.78,180.413,180.588,14319
1703232000,180.587,180.927,180.244,180.29,21140
1703246400,180.286,181.051,180.284,180.827,23331
1703260800,180.826,181.331,180.543,181.049,27975
1703275200,181.049,181.073,180.754,180.817,14671
1703548800,180.572,180.859,180.467,180.752,7871
1703563200,180.754,180.808,180.651,180.756,7358
1703577600,180.756,180.873,180.57,180.847,9068
1703592000,180.849,180.89,180.64,180.863,11662
1703606400,180.863,181.247,180.851,181.032,11183
1703620800,181.034,181.295,180.972,181.157,7715
1703635200,181.095,181.662,181.002,181.475,9645
1703649600,181.475,181.587,181.265,181.516,9860
1703664000,181.512,181.869,181.114,181.367,16460
1703678400,181.367,181.931,181.186,181.851,13873
1703692800,181.851,182.194,181.532,181.738,21435
1703707200,181.738,181.807,181.18,181.514,13770
1703721600,181.243,181.379,180.721,181.167,10981
1703736000,181.163,181.203,180.733,180.806,9931
1703750400,180.806,180.911,179.999,180.054,20286
1703764800,180.051,180.182,179.639,179.81,21260
1703779200,179.814,180.36,178.993,179.903,25453
1703793600,179.901,180.091,179.827,180.023,12516
1703808000,179.951,180.464,179.825,180.203,10685
1703822400,180.204,180.393,180.035,180.356,9537
1703836800,180.356,180.464,180.073,180.286,15850
1703851200,180.286,180.53,179.812,180.421,20026
1703865600,180.421,180.427,179.305,179.748,27395
1703880000,179.747,179.873,179.524,179.581,12008
1704153600,179.216,179.987,179.209,179.919,9951
1704168000,179.919,180.23,179.859,180.037,11218
1704182400,180.037,180.647,179.932,180.021,21985
1704196800,180.02,180.184,179.29,179.528,27218
1704211200,179.512,179.553,178.735,179.354,30661
1704225600,179.353,179.376,178.97,179.184,12103
1704240000,179.109,179.468,179.071,179.346,10698
1704254400,179.349,179.531,179.281,179.509,10735
1704268800,179.509,180.35,179.449,180.118,22971
1704283200,180.113,180.668,180.033,180.629,23397
1704297600,180.627,181.745,180.55,181.588,31745
1704312000,181.588,181.753,181.254,181.467,22128
1704326400,181.411,181.644,181.012,181.613,10954
1704340800,181.613,182.256,181.487,182.098,11593
1704355200,182.102,183.039,181.674,183.002,25400
1704369600,183.002,183.352,182.835,183.171,23499
1704384000,183.171,183.781,183.167,183.396,26534
1704398400,183.395,183.522,183.221,183.409,10457
1704412800,183.283,183.887,183.266,183.726,10297
1704427200,183.726,183.827,183.398,183.437,11153
1704441600,183.42,184.13,183.412,183.795,21399
1704456000,183.798,184.284,183.644,184.12,22780
1704470400,184.121,184.304,183.551,184.164,38348
1704484800,184.162,184.302,183.915,183.915,15980
1704672000,183.743,184.225,183.641,183.656,7675
1704686400,183.656,183.797,183.393,183.397,10287
1704700800,183.397,183.683,183.02,183.102,20940
1704715200,183.108,184.003,183.078,183.623,20296
1704729600,183.623,183.758,183.289,183.621,25169
1704744000,183.622,183.919,183.619,183.851,12521
1704758400,183.86,183.9,183.028,183.086,13923
1704772800,183.084,183.325,183.015,183.24,12129
1704787200,183.241,183.779,183.103,183.308,19836
1704801600,183.301,183.478,182.903,182.95,21276
1704816000,182.95,183.661,182.754,183.546,25019
1704830400,183.546,183.636,183.352,183.629,13524
1704844800,183.53,184.076,183.404,183.972,10161
1704859200,183.972,184.139,183.781,183.885,9700
1704873600,183.892,184.494,183.807,184.418,20767
1704888000,184.417,184.928,184.293,184.877,18536
1704902400,184.877,185.517,184.795,185.419,22941
1704916800,185.415,185.742,185.339,185.715,13850
1704931200,185.422,185.824,185.379,185.49,11481
1704945600,185.49,185.806,185.437,185.693,11208
1704960000,185.693,185.849,185.31,185.415,18342
1704974400,185.416,185.902,185.096,185.893,25581
1704988800,185.891,186.161,185.302,185.656,42851
1705003200,185.656,185.936,185.383,185.425,23110
1705017600,185.369,185.621,185.087,185.457,16138
1705032000,185.459,185.655,185.051,185.524,16615
1705046400,185.524,185.552,184.977,185.079,21918
1705060800,185.079,185.365,184.64,184.683,25784
1705075200,184.681,184.896,184.473,184.66,34104
1705089600,184.663,184.79,184.605,184.736,16020
1705276800,184.651,184.918,184.574,184.849,13324
1705291200,184.849,185.292,184.839,185.256,9297
1705305600,185.256,185.555,185.204,185.372,19740
1705320000,185.368,185.75,185.274,185.546,20772
1705334400,185.546,185.724,185.368,185.563,16691
1705348800,185.564,185.622,185.513,185.533,2170
1705363200,185.47,185.537,185.047,185.215,15663
1705377600,185.215,185.502,185.149,185.343,16945
1705392000,185.338,185.498,184.948,185.23,26778
1705406400,185.23,185.641,185.117,185.366,26494
1705420800,185.364,186.182,185.33,185.901,37510
1705435200,185.904,186.053,185.816,185.965,13634
1705449600,185.982,186.349,185.785,185.983,11988
1705464000,185.986,186.178,185.871,186.094,13594
1705478400,186.093,187.347,186.086,187.317,30139
1705492800,187.316,187.526,187.036,187.144,23801
1705507200,187.145,188.123,187.029,187.924,31316
1705521600,187.924,188.045,187.825,187.875,16816
1705536000,187.753,187.932,187.605,187.859,15300
1705550400,187.848,187.901,187.565,187.607,14661
1705564800,187.606,187.794,187.373,187.376,23828
1705579200,187.379,187.758,187.349,187.546,25479
1705593600,187.548,188.061,187.314,187.959,31987
1705608000,187.959,188.253,187.84,188.205,17055
1705622400,188.183,188.52,188.055,188.511,12217
1705636800,188.516,188.82,188.289,188.768,12509
1705651200,188.768,188.929,187.622,187.696,23484
1705665600,187.695,187.889,187.408,187.748,23949
1705680000,187.748,188.109,187.663,187.938,29583
1705694400,187.938,188.227,187.928,188.182,13467
1705881600,188.085,188.374,187.757,187.907,10958
1705896000,187.91,188.37,187.869,188.302,10362
1705910400,188.302,188.389,187.964,188.169,20209
1705924800,188.171,188.184,187.873,187.956,22249
1705939200,187.956,188.377,187.905,188.251,25157
1705953600,188.249,188.353,188.019,188.255,15007
1705968000,188.147,188.416,187.958,188.39,10310
1705982400,188.39,188.916,188.145,188.41,18147
1705996800,188.41,188.707,187.347,188.01,29364
1706011200,188.012,188.247,187.833,188.142,21253
1706025600,188.14,188.182,187.875,188.089,26783
1706040000,188.088,188.295,188.026,188.246,13791
1706054400,188.031,188.287,187.843,187.869,15670
1706068800,187.869,188.092,187.623,187.834,14935
1706083200,187.834,188.471,187.459,188.312,25189
1706097600,188.315,188.376,187.289,187.37,25182
1706112000,187.375,187.856,187.12,187.633,33171
1706126400,187.633,187.834,187.567,187.692,17071
1706140800,187.559,187.848,187.528,187.711,13412
1706155200,187.705,187.904,187.652,187.855,15576
1706169600,187.855,188.189,187.669,187.889,21561
1706184000,187.889,188.046,187.498,187.694,24630
1706198400,187.697,187.704,187.154,187.596,34684
1706212800,187.597,187.766,187.512,187.687,16558
1706227200,187.483,187.84,187.422,187.512,12409
1706241600,187.511,187.784,187.48,187.699,13203
1706256000,187.699,188.127,187.333,187.958,21802
1706270400,187.955,188.354,187.904,188.232,23413
1706284800,188.232,188.559,188.014,188.139,28923
1706299200,188.137,188.23,188.041,188.154,12625
1706486400,188.007,188.29,187.907,188.128,8825
1706500800,188.128,188.243,188.022,188.023,7936
1706515200,188.024,188.084,187.666,187.684,20642
1706529600,187.684,188.02,187.588,187.827,18327
1706544000,187.827,187.856,187.116,187.274,24820
1706558400,187.276,187.507,187.165,187.479,15701
1706572800,187.364,187.508,187.176,187.243,10239
1706587200,187.249,187.456,187.175,187.26,12501
1706601600,187.26,187.291,186.68,186.902,21744
1706616000,186.902,187.0,186.633,186.978,22034
1706630400,186.98,187.454,186.512,187.429,30842
1706644800,187.428,187.482,187.297,187.456,15038
1706659200,187.204,187.45,186.91,187.155,11554
1706673600,187.154,187.384,187.095,187.272,12657
1706688000,187.272,187.418,186.912,187.214,22572
1706702400,187.215,187.596,187.142,187.402,24837
1706716800,187.404,187.485,185.985,186.139,39679
1706731200,186.139,186.691,185.959,186.427,37721
1706745600,186.172,186.472,185.954,186.103,14435
1706760000,186.103,186.169,185.937,186.041,14951
1706774400,186.041,186.136,185.389,185.776,25822
1706788800,185.776,186.591,185.284,185.659,27405
1706803200,185.659,186.476,185.229,186.403,38472
1706817600,186.406,186.651,186.311,186.592,18754
1706832000,186.577,186.73,186.4,186.544,10340
1706846400,186.545,186.801,186.506,186.689,10326
1706860800,186.685,187.33,186.626,187.142,18478
1706875200,187.144,187.568,186.87,187.49,23185
1706889600,187.488,187.732,186.97,187.413,36409
1706904000,187.411,187.511,187.192,187.457,15783
1707091200,187.413,187.596,187.111,187.114,14722
1707105600,187.114,187.233,187.023,187.066,11520
1707120000,187.066,187.522,186.967,187.127,21132
1707134400,187.124,187.145,186.387,186.488,23400
1707148800,186.479,186.566,186.156,186.305,25625
1707163200,186.305,186.439,186.207,186.39,12537
1707177600,186.308,186.44,186.246,186.344,10660
1707192000,186.344,186.515,186.281,186.323,13652
1707206400,186.321,186.674,186.187,186.476,22795
1707220800,186.473,186.751,186.436,186.721,23135
1707235200,186.719,186.777,186.186,186.303,29566
1707249600,186.303,186.399,186.24,186.362,16572
1707264000,186.328,186.406,186.172,186.386,11263
1707278400,186.386,186.558,186.318,186.498,12420
1707292800,186.496,186.948,186.436,186.862,22830
1707307200,186.862,187.262,186.854,187.081,21163
1707321600,187.08,187.173,186.555,186.992,27718
1707336000,186.989,187.126,186.901,187.12,13831
1707350400,186.931,187.419,186.865,187.338,11508
1707364800,187.343,187.745,187.341,187.666,13442
1707379200,187.666,188.007,187.659,187.884,21768
1707393600,187.884,188.222,187.836,187.946,26159
1707408000,187.948,188.483,187.78,188.466,25566
1707422400,188.468,188.485,188.318,188.442,14972
1707436800,188.338,188.481,188.238,188.372,10522
1707451200,188.373,188.572,188.343,188.459,10018
1707465600,188.459,188.862,188.256,188.433,21127
1707480000,188.434,188.55,188.23,188.529,24273
1707494400,188.528,188.814,188.43,188.627,23880
1707508800,188.626,188.754,188.492,188.521,11116
1707696000,188.404,188.591,188.303,188.498,8651
1707710400,188.503,188.534,188.395,188.442,5611
1707724800,188.442,188.639,188.163,188.213,21145
1707739200,188.216,188.292,187.853,188.135,18862
1707753600,188.136,188.71,188.132,188.65,20645
1707768000,188.651,188.719,188.553,188.591,12698
1707782400,188.55,188.673,188.475,188.508,8078
1707796800,188.507,188.712,188.436,188.655,9346
1707811200,188.656,189.335,188.571,189.28,19659
1707825600,189.28,189.56,188.884,189.438,23787
1707840000,189.435,190.073,189.291,189.982,29997
1707854400,189.984,190.009,189.693,189.878,15444
1707868800,189.797,189.883,189.5,189.633,11209
1707883200,189.633,189.731,189.547,189.693,13421
1707897600,189.692,189.831,188.752,188.894,26158
1707912000,188.889,189.303,188.846,189.254,21799
1707926400,189.254,189.274,188.863,189.005,26426
1707940800,189.006,189.26,188.971,189.244,13414
1707955200,189.013,189.221,188.622,188.686,11287
1707969600,188.686,188.856,188.604,188.699,12444
1707984000,188.703,188.769,188.235,188.345,21675
1707998400,188.344,188.491,187.94,188.331,21066
1708012800,188.329,188.997,188.327,188.909,29090
1708027200,188.909,188.964,188.772,188.93,14691
1708041600,188.75,189.033,188.724,188.895,10210
1708056000,188.896,189.151,188.882,188.955,13655
1708070400,188.955,189.335,188.909,189.142,19935
1708084800,189.148,189.253,189.042,189.15,20010
1708099200,189.155,189.424,188.878,189.392,27910
1708113600,189.393,189.516,189.192,189.228,12895
1708300800,189.228,189.357,189.046,189.176,8699
1708315200,189.176,189.324,189.089,189.29,9445
1708329600,189.29,189.386,189.001,189.138,16481
1708344000,189.141,189.296,188.93,188.948,14203
1708358400,188.948,189.129,188.905,189.102,10474
1708372800,189.102,189.192,189.074,189.152,2563
1708387200,189.002,189.211,188.952,189.103,12675
1708401600,189.103,189.273,189.071,189.259,11199
1708416000,189.261,189.495,189.129,189.395,20711
1708430400,189.393,189.662,189.078,189.621,24692
1708444800,189.618,189.721,189.315,189.396,26993
1708459200,189.395,189.404,189.197,189.321,16092
1708473600,189.26,189.477,189.212,189.408,9944
1708488000,189.408,189.522,189.341,189.485,11843
1708502400,189.484,189.666,189.152,189.292,19482
1708516800,189.294,189.477,189.165,189.456,20349
1708531200,189.46,189.763,189.353,189.626,33108
1708545600,189.626,189.917,189.554,189.908,24560
1708560000,189.844,190.23,189.81,189.986,17799
1708574400,189.986,190.114,189.892,190.027,21352
1708588800,190.027,190.826,189.95,190.354,32468
1708603200,190.354,190.59,190.11,190.14,30002
1708617600,190.14,190.656,189.847,190.609,40357
1708632000,190.608,190.641,190.48,190.579,26788
1708646400,190.448,190.564,190.392,190.516,15113
1708660800,190.516,190.732,190.468,190.691,15675
1708675200,190.69,190.956,190.637,190.785,29845
1708689600,190.786,191.14,190.772,191.005,34405
1708704000,191.007,191.015,190.491,190.686,35143
1708718400,190.686,190.763,190.593,190.717,18618
1708905600,190.626,190.775,190.327,190.458,8690
1708920000,190.46,190.682,190.441,190.547,6724
1708934400,190.547,191.013,190.47,190.994,17276
1708948800,190.995,191.31,190.902,191.273,25805
1708963200,191.275,191.31,191.034,191.114,34047
1708977600,191.117,191.197,191.058,191.176,21080
1708992000,191.099,191.143,190.786,190.825,14117
1709006400,190.827,190.872,190.709,190.846,15938
1709020800,190.849,190.937,190.482,190.669,25751
1709035200,190.669,190.791,190.351,190.57,33217
1709049600,190.572,190.988,190.46,190.815,33722
1709064000,190.814,190.932,190.742,190.928,20479
1709078400,190.795,190.894,190.622,190.642,15046
1709092800,190.643,190.79,190.556,190.641,23073
1709107200,190.641,190.871,190.272,190.31,29017
1709121600,190.309,190.664,190.258,190.542,29076
1709136000,190.543,190.93,190.476,190.783,34619
1709150400,190.777,190.826,190.628,190.796,20083
1709164800,190.603,190.752,190.11,190.152,16557
1709179200,190.152,190.169,189.594,189.874,23536
1709193600,189.869,189.881,189.35,189.743,33694
1709208000,189.745,190.03,189.448,189.505,34355
1709222400,189.506,189.744,189.04,189.247,38226
1709236800,189.248,189.332,189.115,189.327,20465
1709251200,189.254,189.962,189.217,189.957,18983
1709265600,189.952,190.028,189.845,189.948,21738
1709280000,189.947,190.385,189.821,190.233,26517
1709294400,190.234,190.293,189.705,190.265,32256
1709308800,190.265,190.281,189.598,190.027,40912
1709323200,190.026,190.093,189.933,189.977,20736
1709510400,189.852,190.124,189.775,190.048,8888
1709524800,190.049,190.34,190.009,190.318,7131
1709539200,190.316,190.64,190.233,190.472,15348
1709553600,190.472,190.794,190.468,190.744,18645
1709568000,190.742,191.186,190.725,191.105,30291
1709582400,191.104,191.109,190.931,191.013,14969
1709596800,190.946,191.048,190.814,190.937,15599
1709611200,190.936,191.026,190.835,190.873,19457
1709625600,190.873,190.918,190.528,190.804,25648
1709640000,190.802,190.86,190.408,190.475,25865
1709654400,190.474,191.031,190.397,190.781,40492
1709668800,190.782,190.782,190.303,190.637,22218
1709683200,190.529,190.666,190.301,190.425,15895
1709697600,190.424,190.512,190.333,190.438,15024
1709712000,190.441,190.68,189.848,190.503,29224
1709726400,190.504,190.601,189.997,190.054,29315
1709740800,190.053,190.457,189.948,190.295,37523
1709755200,190.295,190.347,190.138,190.188,21932
1709769600,190.102,190.153,189.13,189.185,23508
1709784000,189.173,189.372,189.043,189.262,28368
1709798400,189.262,189.296,188.24,188.678,32090
1709812800,188.677,188.698,188.22,188.428,32158
1709827200,188.427,189.568,188.389,189.455,41185
1709841600,189.457,189.72,189.441,189.609,21004
1709856000,189.471,189.711,189.104,189.538,16413
1709870400,189.538,189.666,189.283,189.325,17350
1709884800,189.323,189.609,188.375,188.732,26732
1709899200,188.733,189.188,188.531,189.042,29304
1709913600,189.044,189.483,188.893,188.906,41381
1709928000,188.908,189.12,188.764,189.099,22000
1710115200,189.019,189.142,188.584,188.67,14238
1710129600,188.675,188.979,188.447,188.783,16469
1710144000,188.78,188.969,188.206,188.326,22554
1710158400,188.326,188.59,188.138,188.282,26636
1710172800,188.286,188.591,187.953,188.088,29361
1710187200,188.088,188.304,187.974,188.276,20207
1710201600,188.141,188.296,187.969,188.227,11986
1710216000,188.233,189.021,188.223,188.928,19741
1710230400,188.928,189.193,188.221,188.367,24387
1710244800,188.367,189.04,188.317,188.562,30878
1710259200,188.563,188.926,188.457,188.733,40427
1710273600,188.733,188.951,188.67,188.937,25222
1710288000,188.778,188.92,188.536,188.536,15120
1710302400,188.541,188.765,188.403,188.75,23530
1710316800,188.749,189.203,188.576,189.171,30918
1710331200,189.171,189.541,188.923,189.365,30114
1710345600,189.363,189.41,188.944,189.023,31264
1710360000,189.023,189.193,188.796,189.1,19305
1710374400,188.997,189.064,188.805,188.915,12937
1710388800,188.909,189.239,188.852,189.206,17710
1710403200,189.205,189.442,189.138,189.366,22353
1710417600,189.366,189.514,188.906,189.168,26364
1710432000,189.167,189.295,188.585,188.911,44002
1710446400,188.911,189.173,188.875,189.135,19443
1710460800,189.052,189.177,188.952,189.061,12102
1710475200,189.068,189.267,188.837,188.929,17159
1710489600,188.93,189.655,188.583,189.431,26184
1710504000,189.43,189.752,189.389,189.695,25574
1710518400,189.694,190.02,189.658,189.799,31621
1710532800,189.799,189.91,189.644,189.833,17308
1710720000,189.606,190.058,189.606,190.042,10239
1710734400,190.05,190.111,189.652,189.836,16304
1710748800,189.833,190.155,189.809,190.059,19739
1710763200,190.059,190.12,189.827,189.984,22106
1710777600,189.985,190.058,189.68,189.798,28500
1710792000,189.797,189.868,189.527,189.852,15081
1710806400,189.882,189.886,189.647,189.788,10287
1710820800,189.791,190.81,189.601,190.716,26665
1710835200,190.718,191.193,190.567,190.761,33116
1710849600,190.76,191.226,190.713,191.111,29127
1710864000,191.106,192.088,191.048,192.074,27743
1710878400,192.074,192.163,191.891,191.906,14594
1710892800,191.889,192.378,191.758,192.225,12305
1710907200,192.22,192.757,192.186,192.668,16650
1710921600,192.667,192.851,192.285,192.387,23353
1710936000,192.384,192.653,192.359,192.636,23585
1710950400,192.637,192.842,192.531,192.821,24390
1710964800,192.821,193.528,192.426,193.377,36379
1710979200,193.367,193.39,192.608,192.701,19553
1710993600,192.702,192.852,192.339,192.817,23148
1711008000,192.817,193.499,192.808,192.965,28994
1711022400,192.981,193.216,192.229,192.51,32967
1711036800,192.51,192.596,191.863,192.108,35923
1711051200,192.11,192.204,191.836,191.878,15648
1711065600,191.887,192.07,191.796,192.038,10923
1711080000,192.037,192.232,191.443,191.628,23575
1711094400,191.627,191.671,190.495,190.825,26640
1711108800,190.825,190.963,190.382,190.822,26641
1711123200,190.824,190.869,190.497,190.669,32103
1711137600,190.67,190.788,190.548,190.751,14732
1711324800,190.646,190.774,190.338,190.558,12851
1711339200,190.559,190.817,190.43,190.803,20586
1711353600,190.8,190.909,190.592,190.83,19660
1711368000,190.831,191.305,190.747,191.126,21563
1711382400,191.127,191.564,191.066,191.457,22063
1711396800,191.458,191.515,191.318,191.342,12255
1711411200,191.307,191.377,191.213,191.257,8955
1711425600,191.255,191.38,191.203,191.342,15721
1711440000,191.344,191.535,191.274,191.328,18063
1711454400,191.329,191.676,191.174,191.43,22611
1711468800,191.43,191.507,191.092,191.358,26287
1711483200,191.357,191.421,191.293,191.368,14160
1711497600,191.266,191.288,191.045,191.111,10208
1711512000,191.111,191.527,191.087,191.266,20056
1711526400,191.264,191.514,191.191,191.45,22187
1711540800,191.451,191.453,190.493,190.696,31334
1711555200,190.693,191.067,190.626,191.003,24766
1711569600,191.001,191.181,190.972,191.129,13133
1711584000,190.958,191.123,190.755,191.113,13138
1711598400,191.109,191.244,190.988,191.106,14912
1711612800,191.107,191.162,190.693,190.827,18203
1711627200,190.827,191.09,190.553,191.078,23507
1711641600,191.075,191.306,190.835,191.132,31406
1711656000,191.133,191.201,190.911,190.989,13635
1711670400,191.028,191.196,190.871,191.009,9893
1711684800,191.009,191.155,190.786,190.927,15120
1711699200,190.929,191.129,190.837,191.053,11760
1711713600,191.052,191.073,190.767,191.003,10151
1711728000,191.004,191.195,190.955,191.007,9982
1711742400,191.008,191.049,190.812,190.969,5034
1711929600,191.04,191.345,190.928,191.254,13146
1711944000,191.256,191.292,190.982,191.174,13553
1711958400,191.175,191.214,190.934,191.028,14963
1711972800,191.027,191.096,190.85,191.015,15812
1711987200,191.014,191.046,190.269,190.313,26538
1712001600,190.313,190.337,190.174,190.331,13072
1712016000,190.33,190.387,190.032,190.316,10900
1712030400,190.316,190.412,190.17,190.377,15287
1712044800,190.377,190.51,190.235,190.485,21744
1712059200,190.486,190.711,190.45,190.467,20928
1712073600,190.468,190.626,190.323,190.574,29773
1712088000,190.569,190.667,190.494,190.626,12793
1712102400,190.612,190.671,190.417,190.54,9743
1712116800,190.54,190.715,190.471,190.678,12681
1712131200,190.679,190.905,190.576,190.832,17785
1712145600,190.831,191.04,190.676,190.916,23007
1712160000,190.914,191.804,190.881,191.764,32758
1712174400,191.765,191.927,191.717,191.904,14019
1712188800,191.759,191.897,191.718,191.763,10559
1712203200,191.765,191.958,191.743,191.923,11629
1712217600,191.922,192.186,191.828,192.112,18384
1712232000,192.114,192.216,191.912,192.082,18797
1712246400,192.082,192.242,192.024,192.068,22967
1712260800,192.068,192.132,191.004,191.311,24142
1712275200,191.205,191.306,190.719,190.853,16390
1712289600,190.852,191.013,190.663,190.912,18596
1712304000,190.912,191.402,190.751,191.334,20993
1712318400,191.332,191.403,190.86,191.006,24194
1712332800,191.006,191.546,190.781,191.513,34637
1712347200,191.513,191.626,191.445,191.612,16662
1712534400,191.384,191.607,191.342,191.397,10892
1712548800,191.401,191.821,191.382,191.701,19540
1712563200,191.705,191.841,191.598,191.728,20452
1712577600,191.73,191.86,191.621,191.764,17964
1712592000,191.764,192.134,191.763,192.045,24866
1712606400,192.045,192.182,191.98,192.16,13299
1712620800,192.002,192.235,191.984,192.218,10033
1712635200,192.218,192.262,192.145,192.234,13864
1712649600,192.238,192.339,192.13,192.293,16081
1712664000,192.295,192.777,192.153,192.693,21256
1712678400,192.694,192.847,192.132,192.154,27440
1712692800,192.153,192.414,192.078,192.4,15155
1712707200,192.315,192.422,192.199,192.305,8852
1712721600,192.305,192.419,192.244,192.417,14422
1712736000,192.417,192.768,192.353,192.767,16191
1712750400,192.767,192.932,191.542,192.17,23518
1712764800,192.17,192.182,191.465,191.68,40754
1712779200,191.68,192.135,191.461,192.05,27811
1712793600,191.903,191.991,191.557,191.606,16513
1712808000,191.604,191.906,191.565,191.834,17096
1712822400,191.835,192.577,191.813,192.318,25394
1712836800,192.319,192.375,191.817,192.074,30932
1712851200,192.074,192.346,191.771,192.103,35734
1712865600,192.098,192.434,192.055,192.381,18561
1712880000,192.375,192.397,192.04,192.049,10715
1712894400,192.052,192.351,192.052,192.116,15600
1712908800,192.116,192.189,191.709,191.75,23253
1712923200,191.751,191.792,190.324,190.36,28200
1712937600,190.358,190.788,189.98,190.592,41723
1712952000,190.595,190.873,190.535,190.833,21743
1713139200,190.398,191.09,190.322,191.09,17128
1713153600,191.09,191.656,191.043,191.612,22163
1713168000,191.614,192.205,191.611,192.049,28001
1713182400,192.05,192.447,191.908,192.412,27284
1713196800,192.41,192.706,191.728,192.212,36218
1713211200,192.21,192.212,191.732,191.974,22258
1713225600,191.9,191.999,191.78,191.892,12066
1713240000,191.893,191.966,191.677,191.803,18337
1713254400,191.802,192.344,191.636,192.149,27019
1713268800,192.148,192.799,192.148,192.69,24998
1713283200,192.689,192.803,191.862,192.223,37487
1713297600,192.226,192.486,192.001,192.234,27568
1713312000,192.189,192.327,192.117,192.268,11567
1713326400,192.268,192.384,192.161,192.213,14471
1713340800,192.212,192.816,192.0,192.755,27325
1713355200,192.755,192.816,192.505,192.51,21615
1713369600,192.512,192.836,191.725,191.735,35941
1713384000,191.735,192.37,191.669,192.268,24800
1713398400,192.181,192.261,192.07,192.125,11742
1713412800,192.124,192.432,191.887,192.404,18355
1713427200,192.404,192.594,192.256,192.538,22133
1713441600,192.539,192.779,192.261,192.319,23814
1713456000,192.32,192.751,192.225,192.477,32140
1713470400,192.477,192.488,192.228,192.295,18920
1713484800,192.319,192.342,192.083,192.156,10998
1713499200,192.156,192.167,190.294,191.652,43501
1713513600,191.651,192.354,191.268,192.09,31469
1713528000,192.091,192.597,192.072,192.371,25978
1713542400,192.373,192.722,191.273,191.519,31494
1713556800,191.518,191.586,191.151,191.301,19433
1713744000,191.27,191.552,191.004,191.364,14811
1713758400,191.364,191.691,191.351,191.627,14505
1713772800,191.629,191.682,190.962,191.32,21388
1713787200,191.318,191.345,190.463,190.51,23276
1713801600,190.509,191.163,190.312,191.121,23552
1713816000,191.121,191.369,191.096,191.256,13303
1713830400,191.172,191.249,191.106,191.227,7598
1713844800,191.227,191.275,191.039,191.122,14374
1713859200,191.121,191.807,190.824,191.536,22472
1713873600,191.536,192.028,191.084,191.831,21685
1713888000,191.826,192.761,191.72,192.668,31829
1713902400,192.67,192.844,192.434,192.759,15766
1713916800,192.602,192.892,192.585,192.848,8760
1713931200,192.847,192.951,192.809,192.844,13126
1713945600,192.846,192.931,192.411,192.478,17723
1713960000,192.48,192.91,192.442,192.777,19724
1713974400,192.777,193.068,192.657,193.054,28204
1713988800,193.055,193.633,193.046,193.623,15905
1714003200,193.342,193.69,193.3,193.619,9438
1714017600,193.621,194.016,193.515,193.97,15811
1714032000,193.97,194.942,193.967,194.913,22130
1714046400,194.915,194.924,193.946,194.247,24495
1714060800,194.254,194.656,193.588,194.612,36845
1714075200,194.617,194.815,194.499,194.738,20596
1714089600,194.75,194.75,194.505,194.615,10061
1714104000,194.615,195.291,194.336,195.255,16914
1714118400,195.255,196.414,193.957,196.113,30098
1714132800,196.115,196.593,195.62,196.162,28636
1714147200,196.166,196.939,195.857,196.85,36833
1714161600,196.852,197.923,196.779,197.739,17231
1714348800,196.964,198.102,196.952,197.977,13757
1714363200,197.979,200.553,194.716,196.037,34751
1714377600,196.031,197.037,193.592,195.121,46374
1714392000,195.133,196.21,194.494,195.977,29508
1714406400,195.979,196.778,194.895,195.775,30770
1714420800,195.744,196.406,195.402,196.388,21063
1714435200,196.257,196.935,196.066,196.872,12686
1714449600,196.87,197.05,196.548,196.653,17175
1714464000,196.652,196.848,196.137,196.778,23657
1714478400,196.781,197.11,196.561,197.1,27008
1714492800,197.101,197.371,196.85,196.936,36191
1714507200,196.931,197.238,196.884,197.127,15854
1714521600,196.934,197.106,196.885,196.953,14335
1714536000,196.951,197.103,196.885,196.965,11168
1714550400,196.965,197.405,196.849,197.403,14956
1714564800,197.403,197.423,196.984,197.03,17357
1714579200,197.022,197.13,196.541,196.712,27725
1714593600,196.713,197.209,191.772,193.44,44896
1714608000,193.693,195.546,193.091,195.441,25261
1714622400,195.441,195.741,195.176,195.308,22559
1714636800,195.308,195.373,194.21,194.25,33171
1714651200,194.247,194.439,193.33,193.375,31677
1714665600,193.365,193.556,191.865,192.45,42542
1714680000,192.455,192.86,191.847,192.666,23355
1714694400,192.56,192.681,191.704,192.101,16508
1714708800,192.101,192.211,191.762,191.864,18347
1714723200,191.862,192.555,191.835,192.405,25508
1714737600,192.406,192.506,191.71,191.855,29957
1714752000,191.862,192.052,191.357,191.739,43206
1714766400,191.741,191.975,191.707,191.786,15590
1714953600,191.834,192.821,191.64,192.536,11911
1714968000,192.535,193.178,192.519,193.078,17003
1714982400,193.074,193.445,192.952,193.405,20749
1714996800,193.404,193.502,193.166,193.29,19389
1715011200,193.291,193.664,193.257,193.356,23341
1715025600,193.356,193.481,193.294,193.313,14212
1715040000,193.273,193.76,193.204,193.473,11938
1715054400,193.479,194.124,193.4,193.904,17026
1715068800,193.904,193.989,192.983,193.609,23363
1715083200,193.609,194.019,193.547,193.833,20687
1715097600,193.836,194.008,193.515,193.534,26034
1715112000,193.534,193.621,193.365,193.487,17431
1715126400,193.374,193.589,193.272,193.546,11852
1715140800,193.547,193.862,193.507,193.761,21541
1715155200,193.759,193.982,193.637,193.9,24452
1715169600,193.901,194.271,193.849,194.194,25240
1715184000,194.192,194.414,194.059,194.396,28381
1715198400,194.395,194.509,194.341,194.452,14588
1715212800,194.169,194.453,193.827,194.373,13668
1715227200,194.374,194.464,194.223,194.333,19377
1715241600,194.33,194.483,194.304,194.384,20403
1715256000,194.385,194.858,194.051,194.662,31292
1715270400,194.662,194.82,194.426,194.754,31468
1715284800,194.755,194.814,194.613,194.701,15501
1715299200,194.652,194.812,194.479,194.724,12697
1715313600,194.722,194.99,194.677,194.823,19163
1715328000,194.822,195.307,194.755,195.144,28654
1715342400,195.151,195.226,195.024,195.126,25591
1715356800,195.125,195.334,194.827,195.319,34415
1715371200,195.319,195.34,195.059,195.11,14402
1715558400,194.882,195.265,194.839,195.243,7828
1715572800,195.243,195.262,194.733,195.138,16192
1715587200,195.138,195.356,195.051,195.353,19932
1715601600,195.354,195.665,195.229,195.561,25843
1715616000,195.561,196.274,195.501,196.228,33507
1715630400,196.226,196.252,196.071,196.177,17310
1715644800,196.086,196.372,196.043,196.262,12029
1715659200,196.262,196.482,196.261,196.354,19780
1715673600,196.355,196.617,195.715,196.013,27547
1715688000,196.011,196.675,195.942,196.556,27604
1715702400,196.556,197.054,196.457,196.933,34534
1715716800,196.933,197.021,196.859,196.965,13257
1715731200,196.787,197.071,196.787,196.864,8970
1715745600,196.864,197.089,196.764,196.904,13685
1715760000,196.903,196.964,196.13,196.307,26359
1715774400,196.305,196.752,195.776,196.145,32208
1715788800,196.146,196.6,196.044,196.421,43008
1715803200,196.421,196.543,196.126,196.463,20135
1715817600,196.333,196.404,195.055,195.136,19342
1715832000,195.137,195.739,195.042,195.3,28455
1715846400,195.302,196.205,195.204,196.086,30690
1715860800,196.084,196.563,195.795,196.536,28572
1715875200,196.536,196.9,196.465,196.763,32385
1715889600,196.764,196.911,196.667,196.877,15309
1715904000,196.793,197.025,196.787,196.867,12176
1715918400,196.866,197.331,196.811,197.175,20327
1715932800,197.172,197.326,197.032,197.155,23593
1715947200,197.157,197.301,197.083,197.218,20403
1715961600,197.22,197.678,197.18,197.654,30641
1715976000,197.653,197.853,197.645,197.749,15078
1716163200,197.491,198.037,197.375,198.03,5763
1716177600,198.033,198.088,197.751,197.946,7900
1716192000,197.944,197.979,197.382,197.79,18096
1716206400,197.789,198.396,197.665,198.254,23624
1716220800,198.252,198.542,198.191,198.53,27433
1716235200,198.529,198.64,198.342,198.544,13176
1716249600,198.456,198.849,198.351,198.804,9733
1716264000,198.806,198.907,198.649,198.845,17735
1716278400,198.844,198.889,198.406,198.614,25961
1716292800,198.614,198.837,198.481,198.545,24072
1716307200,198.547,198.593,198.257,198.386,34551
1716321600,198.383,198.61,198.349,198.484,14551
1716336000,198.385,198.696,198.352,198.671,9488
1716350400,198.67,198.785,198.651,198.717,17325
1716364800,198.715,199.538,198.637,199.166,24806
1716379200,199.164,199.245,198.868,199.227,27128
1716393600,199.225,199.479,199.099,199.424,32067
1716408000,199.425,199.497,199.018,199.421,23497
1716422400,199.308,199.487,199.234,199.445,12820
1716436800,199.444,199.584,199.329,199.434,16530
1716451200,199.434,199.717,199.083,199.402,27962
1716465600,199.402,199.6,199.13,199.573,26905
1716480000,199.572,199.892,199.216,199.641,41093
1716494400,199.642,199.648,199.016,199.288,23245
1716508800,199.122,199.438,199.122,199.312,13738
1716523200,199.309,199.44,199.205,199.332,15180
1716537600,199.33,199.5,199.005,199.463,23382
1716552000,199.46,199.798,199.439,199.774,23471
1716566400,199.775,200.063,199.672,199.78,31743
1716580800,199.78,199.982,199.749,199.877,14021
1716768000,199.848,199.986,199.667,199.771,9625
1716782400,199.772,199.816,199.605,199.76,12913
1716796800,199.76,199.998,199.675,199.977,15849
1716811200,199.978,200.143,199.888,200.049,17454
1716825600,200.049,200.427,200.021,200.349,15793
1716840000,200.351,200.392,200.26,200.359,8070
1716854400,200.289,200.427,200.228,200.371,9626
1716868800,200.371,200.42,200.148,200.159,17621
1716883200,200.158,200.46,200.155,200.301,22770
1716897600,200.301,200.527,200.287,200.423,23994
1716912000,200.423,200.624,200.363,200.545,32066
1716926400,200.544,200.642,200.384,200.583,20961
1716940800,200.477,200.735,200.408,200.712,13037
1716955200,200.711,200.736,200.475,200.526,18475
1716969600,200.526,200.611,200.116,200.387,28388
1716984000,200.389,200.605,200.27,200.333,27045
1716998400,200.335,200.522,200.04,200.516,35997
1717012800,200.513,200.517,200.216,200.258,18038
1717027200,200.177,200.233,199.671,199.745,13136
1717041600,199.75,199.979,199.455,199.545,21134
1717056000,199.545,199.612,198.747,199.508,34679
1717070400,199.507,199.667,199.118,199.321,31216
1717084800,199.319,199.732,198.993,199.645,36345
1717099200,199.645,199.761,199.556,199.649,16917
1717113600,199.578,199.881,199.345,199.532,14598
1717128000,199.531,199.74,199.23,199.34,24246
1717142400,199.341,199.986,199.313,199.915,29328
1717156800,199.916,200.258,199.629,199.936,31453
1717171200,199.941,200.244,199.697,200.081,42366
1717185600,200.083,200.508,200.022,200.383,21103
1717372800,200.194,200.5,200.148,200.341,14363
1717387200,200.34,200.641,200.149,200.59,19874
1717401600,200.589,200.62,199.47,199.528,29956
1717416000,199.528,199.778,199.214,199.593,33137
1717430400,199.594,199.905,199.357,199.437,42863
1717444800,199.434,200.039,199.402,199.86,21532
1717459200,199.774,200.398,199.751,200.358,14457
1717473600,200.357,200.414,200.162,200.203,18598
1717488000,200.204,200.213,198.303,198.42,37163
1717502400,198.421,198.494,197.195,198.005,43076
1717516800,198.006,198.148,197.495,197.909,45838
1717531200,197.908,197.954,197.651,197.77,23562
1717545600,197.684,198.465,197.615,198.304,14979
1717560000,198.305,198.781,198.274,198.736,23173
1717574400,198.736,199.627,198.632,199.598,31041
1717588800,199.598,199.727,199.202,199.677,29829
1717603200,199.677,199.742,199.153,199.483,43067
1717617600,199.483,199.741,199.413,199.666,18613
1717632000,199.523,199.641,199.197,199.266,13958
1717646400,199.265,199.539,198.969,199.257,24744
1717660800,199.258,199.936,199.226,199.68,29252
1717675200,199.682,199.788,199.302,199.702,29997
1717689600,199.697,199.796,199.054,199.081,37916
1717704000,199.08,199.287,198.824,199.094,21284
1717718400,198.958,199.293,198.91,199.203,12721
1717732800,199.204,199.368,198.9,198.991,22449
1717747200,198.988,199.131,198.39,198.676,32467
1717761600,198.676,199.805,198.641,199.695,33829
1717776000,199.694,199.807,199.061,199.339,45357
1717790400,199.338,199.433,199.142,199.422,22079
1717977600,199.402,199.755,199.28,199.561,16694
1717992000,199.558,199.923,199.489,199.798,21770
1718006400,199.794,199.812,199.379,199.452,33054
1718020800,199.453,199.802,198.929,199.554,32525
1718035200,199.555,199.887,199.31,199.828,29442
1718049600,199.828,200.044,199.789,199.91,20224
1718064000,199.812,200.153,199.713,200.094,14958
1718078400,200.094,200.338,199.971,200.267,22789
1718092800,200.268,200.393,199.955,200.049,27125
1718107200,200.05,200.388,199.812,199.941,35871
1718121600,199.94,200.337,199.674,200.326,37663
1718136000,200.326,200.329,200.001,200.138,21945
1718150400,200.014,200.239,199.998,200.144,10072
1718164800,200.144,200.339,200.064,200.308,17185
1718179200,200.308,200.71,200.264,200.678,26641
1718193600,200.678,200.938,200.374,200.709,19368
1718208000,200.714,200.715,199.941,200.128,25582
1718222400,200.13,200.799,200.031,200.57,23517
1718236800,200.503,200.74,200.354,200.612,9874
1718251200,200.612,200.812,200.497,200.7,14095
1718265600,200.7,201.282,200.698,201.263,17729
1718280000,201.261,201.31,200.49,200.744,18252
1718294400,200.747,201.022,199.692,199.906,25850
1718308800,199.905,200.532,199.803,200.408,14365
1718323200,200.277,200.5,200.233,200.44,7878
1718337600,200.44,201.452,200.08,201.363,16133
1718352000,201.364,201.611,200.227,200.352,25108
1718366400,200.353,200.392,199.189,199.553,28915
1718380800,199.565,199.728,198.918,199.571,23717
1718395200,199.572,199.718,199.426,199.667,11945
1718582400,199.576,199.904,199.458,199.712,10293
1718596800,199.71,199.792,199.52,199.61,11086
1718611200,199.611,199.892,199.056,199.805,19221
1718625600,199.806,200.079,199.497,200.0,17360
1718640000,200.002,200.351,199.887,200.326,18702
1718654400,200.325,200.447,200.269,200.362,10659
1718668800,200.266,200.5,200.226,200.407,7427
1718683200,200.408,200.434,200.027,200.202,12512
1718697600,200.205,200.76,200.144,200.534,19108
1718712000,200.529,200.671,200.012,200.305,19148
1718726400,200.306,200.841,200.169,200.324,21495
1718740800,200.325,200.641,200.313,200.573,12312
1718755200,200.473,200.66,200.473,200.564,7308
1718769600,200.565,200.654,200.455,200.565,10466
1718784000,200.565,200.914,200.413,200.912,15782
1718798400,200.912,201.11,200.747,200.816,14166
1718812800,200.822,201.069,200.789,200.895,10922
1718827200,200.894,201.123,200.807,201.061,3669
1718841600,200.875,201.049,200.86,200.939,7898
1718856000,200.939,201.107,200.883,201.053,10182
1718870400,201.054,201.278,200.833,201.164,16773
1718884800,201.166,201.352,200.787,201.001,18308
1718899200,200.99,201.384,200.938,201.166,18828
1718913600,201.165,201.373,201.083,201.137,12529
1718928000,201.137,201.389,201.08,201.361,8194
1718942400,201.36,201.369,201.128,201.178,10780
1718956800,201.176,201.444,200.453,200.98,17432
1718971200,200.982,201.119,200.775,201.019,15904
1718985600,201.018,201.644,200.818,201.56,21594
1719000000,201.556,202.032,201.526,202.014,10864
1719187200,201.866,202.154,201.704,201.982,9423
1719201600,201.982,202.008,201.715,202.007,12598
1719216000,202.008,202.333,201.937,202.25,16513
1719230400,202.246,202.283,201.112,201.869,21625
1719244800,201.871,202.698,201.861,202.523,25578
1719259200,202.522,202.69,202.38,202.443,17100
1719273600,202.458,202.556,202.14,202.204,11901
1719288000,202.211,202.508,201.954,202.381,18153
1719302400,202.384,202.588,202.215,202.548,20582
1719316800,202.549,202.607,202.124,202.453,21153
1719331200,202.452,202.573,202.322,202.529,25236
1719345600,202.53,202.721,202.436,202.547,14836
1719360000,202.449,202.641,202.407,202.594,9961
1719374400,202.593,202.874,202.58,202.652,14995
1719388800,202.652,202.766,202.492,202.593,20187
1719403200,202.592,203.033,202.519,202.763,28309
1719417600,202.758,203.143,202.412,202.811,31315
1719432000,202.811,203.045,202.752,203.0,16478
1719446400,202.877,202.933,202.524,202.701,11246
1719460800,202.704,202.75,202.488,202.595,16593
1719475200,202.595,202.963,202.546,202.858,25727
1719489600,202.857,203.076,202.834,202.983,31076
1719504000,202.983,203.385,202.856,203.308,37142
1719518400,203.309,203.331,203.155,203.208,19721
1719532800,203.149,203.489,203.057,203.469,14062
1719547200,203.47,203.586,203.185,203.28,30123
1719561600,203.277,203.585,203.201,203.317,32517
1719576000,203.315,203.32,202.932,203.046,35910
1719590400,203.044,203.447,202.563,203.344,45857
1719604800,203.342,203.475,203.139,203.409,24043
1719792000,203.418,203.927,203.182,203.697,17071
1719806400,203.694,203.872,203.599,203.866,22394
1719820800,203.866,204.252,203.794,204.057,33081
1719835200,204.056,204.409,203.96,204.353,28955
1719849600,204.357,204.733,204.192,204.29,40809
1719864000,204.289,204.301,204.066,204.287,20791
1719878400,204.208,204.333,204.107,204.176,11210
1719892800,204.177,204.345,204.077,204.243,19641
1719907200,204.244,204.377,203.872,204.065,30378
1719921600,204.06,204.593,204.041,204.542,27523
1719936000,204.547,204.829,204.451,204.689,37787
1719950400,204.688,204.856,204.644,204.759,16635
1719964800,204.628,205.044,204.628,204.992,11854
1719979200,204.994,205.19,204.928,205.161,16307
1719993600,205.16,205.533,205.086,205.469,28015
1720008000,205.467,205.892,205.368,205.815,27949
1720022400,205.815,206.164,205.336,206.015,43677
1720036800,206.018,206.077,205.686,206.049,15799
1720051200,205.859,206.052,205.743,205.843,10616
1720065600,205.843,205.889,205.494,205.798,19877
1720080000,205.798,205.868,205.604,205.671,27392
1720094400,205.672,205.722,205.282,205.434,26944
1720108800,205.432,205.717,205.386,205.61,19430
1720123200,205.61,205.805,205.584,205.758,9759
1720137600,205.727,205.851,205.316,205.593,15179
1720152000,205.586,205.668,204.973,205.142,25363
1720166400,205.142,205.516,205.071,205.408,26217
1720180800,205.408,206.171,205.252,206.049,31730
1720195200,206.052,206.44,205.757,205.903,45172
1720209600,205.901,206.104,205.881,206.053,17499
1720396800,205.647,205.98,205.56,205.658,16399
1720411200,205.661,205.791,205.284,205.718,24142
1720425600,205.716,206.536,205.615,206.501,32875
1720440000,206.498,206.663,206.199,206.293,30004
1720454400,206.295,206.508,206.032,206.072,33901
1720468800,206.07,206.084,205.885,205.942,16518
1720483200,205.838,206.159,205.801,206.069,11541
1720497600,206.07,206.298,206.027,206.16,21291
1720512000,206.162,206.243,205.858,206.232,26807
1720526400,206.231,206.452,206.148,206.341,29191
1720540800,206.341,206.58,206.177,206.213,40840
1720555200,206.214,206.291,206.167,206.236,18187
1720569600,206.199,206.5,206.124,206.436,11007
1720584000,206.44,206.615,206.435,206.549,18402
1720598400,206.55,206.697,206.452,206.679,26833
1720612800,206.681,206.984,206.68,206.784,27642
1720627200,206.786,207.787,206.769,207.701,33766
1720641600,207.701,207.806,207.595,207.751,18891
1720656000,207.662,207.76,207.571,207.686,9691
1720670400,207.685,207.951,207.67,207.888,16642
1720684800,207.887,208.095,207.829,207.969,26491
1720699200,207.969,208.107,204.956,205.159,33032
1720713600,205.166,205.263,203.834,204.716,49966
1720728000,204.717,205.182,204.678,205.153,27633
1720742400,205.041,205.924,203.83,205.354,29268
1720756800,205.354,205.668,204.896,205.426,31043
1720771200,205.429,206.014,205.178,205.972,35899
1720785600,205.974,206.329,205.388,205.895,36397
1720800000,205.886,205.935,204.159,205.034,45198
1720814400,205.034,205.219,204.877,205.029,17708
1721001600,205.026,205.399,204.832,205.008,19804
1721016000,205.008,205.12,204.793,204.991,21743
1721030400,204.992,205.206,204.779,204.985,32597
1721044800,204.986,205.228,204.918,204.985,33484
1721059200,204.986,205.288,204.112,204.666,38837
1721073600,204.665,205.107,204.622,205.038,25484
1721088000,204.921,205.354,204.801,205.315,14805
1721102400,205.314,205.767,205.312,205.643,24827
1721116800,205.643,205.782,205.206,205.424,34089
1721131200,205.421,205.624,205.058,205.532,34278
1721145600,205.527,205.6,205.297,205.378,38111
1721160000,205.379,205.513,205.303,205.48,24573
1721174400,205.276,205.613,205.276,205.539,16391
1721188800,205.539,205.687,205.174,205.174,23522
1721203200,205.174,205.209,203.388,203.554,47102
1721217600,203.556,204.357,203.409,204.035,45797
1721232000,204.036,204.094,203.119,203.255,48289
1721246400,203.253,203.508,203.014,203.264,28721
1721260800,203.078,203.287,202.092,202.514,28360
1721275200,202.514,203.584,202.469,203.27,29848
1721289600,203.268,203.406,202.673,203.175,44115
1721304000,203.175,203.291,202.81,203.067,38692
1721318400,203.062,203.864,202.923,203.84,47183
1721332800,203.84,203.85,203.552,203.698,29150
1721347200,203.736,203.796,203.341,203.501,21556
1721361600,203.504,203.826,203.462,203.752,28754
1721376000,203.75,204.221,203.062,203.132,44627
1721390400,203.133,203.747,202.944,203.713,35538
1721404800,203.712,203.725,203.14,203.282,43594
1721419200,203.282,203.421,203.168,203.36,21339
1721606400,203.314,203.592,203.172,203.525,20307
1721620800,203.526,203.609,203.364,203.371,26930
1721635200,203.37,203.37,201.885,202.694,46409
1721649600,202.693,203.074,202.382,202.516,39505
1721664000,202.517,202.926,202.415,202.902,41244
1721678400,202.902,203.121,202.885,203.109,21372
1721692800,202.97,203.154,202.47,202.526,18498
1721707200,202.524,202.842,201.957,202.07,35614
1721721600,202.067,202.373,201.322,201.617,43564
1721736000,201.617,201.836,201.138,201.365,39687
1721750400,201.367,201.688,201.031,201.113,38730
1721764800,201.113,201.146,200.736,200.865,24111
1721779200,200.718,201.176,200.686,200.964,16768
1721793600,200.965,201.025,199.158,199.25,41494
1721808000,199.249,199.805,198.964,199.712,42941
1721822400,199.714,199.818,198.741,198.844,38767
1721836800,198.844,198.988,197.77,198.377,50190
1721851200,198.377,198.808,198.349,198.689,27038
1721865600,198.554,198.595,197.106,197.622,27996
1721880000,197.621,197.752,196.258,196.707,36728
1721894400,196.707,197.149,195.929,196.772,49654
1721908800,196.771,197.911,195.853,197.651,43620
1721923200,197.651,198.802,197.248,198.429,54768
1721937600,198.432,198.46,197.66,197.932,35796
1721952000,197.789,198.177,197.179,197.894,25224
1721966400,197.893,198.096,197.348,197.686,28212
1721980800,197.687,198.663,197.455,198.513,42152
1721995200,198.513,199.139,198.204,198.422,41789
1722009600,198.42,198.424,196.889,197.985,47788
1722024000,197.984,198.084,197.789,197.83,25017
1722211200,197.668,198.612,197.64,197.979,28028
1722225600,197.979,198.118,197.192,197.513,42561
1722240000,197.513,197.79,196.829,196.917,44630
1722254400,196.916,197.733,196.784,197.556,42850
1722268800,197.558,198.046,197.313,197.879,47381
1722283200,197.88,198.164,197.868,198.104,27701
1722297600,197.921,198.19,197.491,197.892,20413
1722312000,197.891,198.588,197.689,198.569,32607
1722326400,198.569,199.465,198.549,198.885,40981
1722340800,198.883,199.259,198.695,198.767,31268
1722355200,198.767,198.767,196.553,196.654,56336
1722369600,196.654,196.889,195.978,195.993,35816
1722384000,195.986,196.526,195.333,195.656,31847
1722398400,195.653,197.595,194.716,195.963,41787
1722412800,195.953,196.678,192.503,193.626,54559
1722427200,193.63,193.65,192.443,193.138,51114
1722441600,193.14,193.455,192.169,193.26,55814
1722456000,193.261,193.974,192.398,192.84,49134
1722470400,192.719,193.241,191.975,192.076,29307
1722484800,192.074,192.509,190.964,192.346,49023
1722499200,192.342,192.741,190.982,191.294,56170
1722513600,191.304,193.254,190.999,193.253,49108
1722528000,193.254,193.254,190.995,191.17,57932
1722542400,191.172,191.226,190.239,190.243,40951
1722556800,190.074,190.307,189.506,190.064,34161
1722571200,190.067,190.506,189.727,189.924,40098
1722585600,189.92,190.112,188.989,189.843,49797
1722600000,189.845,190.045,187.575,188.754,44804
1722614400,188.756,189.886,187.376,187.795,67767
1722628800,187.797,188.07,187.496,187.679,37064
1722816000,187.53,187.737,185.664,186.027,39127
1722830400,186.022,186.214,181.919,183.259,57364
1722844800,183.252,184.321,180.091,181.735,64140
1722859200,181.735,182.312,180.689,181.395,55436
1722873600,181.398,185.169,181.392,184.066,65919
1722888000,184.061,184.538,182.922,184.19,41591
1722902400,184.027,187.089,183.568,185.687,36176
1722916800,185.688,186.516,184.457,185.857,42639
1722931200,185.875,186.701,184.019,184.511,58656
1722945600,184.501,184.787,183.128,183.339,57470
1722960000,183.338,184.781,182.809,184.689,61751
1722974400,184.699,184.718,183.182,183.251,43459
1722988800,183.062,184.398,183.046,183.839,32027
1723003200,183.842,188.081,183.635,187.536,46835
1723017600,187.534,187.803,185.372,186.966,56482
1723032000,186.967,187.711,186.782,187.007,48649
1723046400,187.006,187.882,186.381,187.024,54787
1723060800,187.025,187.258,186.195,186.235,44941
1723075200,186.032,186.275,184.474,185.147,32814
1723089600,185.156,186.373,185.084,185.529,50671
1723104000,185.53,185.958,184.806,185.673,56373
1723118400,185.672,186.672,184.934,186.408,54019
1723132800,186.386,187.652,186.29,187.627,56661
1723147200,187.626,187.878,187.407,187.717,36261
1723161600,187.614,188.417,187.525,187.902,33748
1723176000,187.906,188.207,187.185,187.272,40957
1723190400,187.268,188.038,187.036,187.908,49136
1723204800,187.908,188.015,186.465,186.951,47348
1723219200,186.957,187.382,186.561,187.043,51843
1723233600,187.042,187.315,186.962,187.099,30618
1723420800,187.08,187.599,187.078,187.343,22312
1723435200,187.342,187.816,187.148,187.773,28982
1723449600,187.771,188.194,187.714,188.082,41363
1723464000,188.081,188.541,187.789,188.538,36718
1723478400,188.537,189.327,187.958,187.987,54958
1723492800,187.986,188.122,187.719,187.904,34999
1723507200,187.896,188.064,187.577,188.0,24254
1723521600,188.007,188.834,188.004,188.757,31017
1723536000,188.758,189.512,188.634,189.205,40490
1723550400,189.207,189.28,188.165,188.777,44836
1723564800,188.778,188.908,187.988,188.477,51259
1723579200,188.476,189.002,188.465,188.884,38634
1723593600,188.69,189.323,188.652,189.211,22952
1723608000,189.209,189.305,187.856,188.844,41240
1723622400,188.844,189.363,188.432,188.907,43348
1723636800,188.908,189.426,188.356,189.139,41654
1723651200,189.136,189.431,188.332,188.644,53144
1723665600,188.643,189.154,188.611,188.975,29556
1723680000,188.87,189.05,188.75,188.85,18308
1723694400,188.851,189.341,188.797,189.091,33308
1723708800,189.091,189.332,188.881,189.231,35748
1723723200,189.227,191.109,189.192,190.924,38124
1723737600,190.927,191.692,190.858,191.537,50055
1723752000,191.538,191.97,191.43,191.968,24437
1723766400,191.843,191.932,191.501,191.844,20635
1723780800,191.843,191.928,191.476,191.626,32588
1723795200,191.622,192.005,191.567,191.615,35826
1723809600,191.614,191.88,190.425,190.467,41277
1723824000,190.467,191.33,190.364,191.225,46057
1723838400,191.225,191.239,190.978,191.051,23656
1724025600,190.888,191.626,190.88,191.348,21010
1724040000,191.349,191.436,188.962,189.358,38831
1724054400,189.359,189.621,188.232,189.487,50353
1724068800,189.489,189.916,189.025,189.358,45261
1724083200,189.357,190.379,189.352,190.18,44952
1724097600,190.179,190.567,190.161,190.475,26099
1724112000,190.344,190.765,189.814,190.041,21455
1724126400,190.041,190.997,189.468,190.705,40110
1724140800,190.707,191.263,190.164,190.484,44604
1724155200,190.485,190.643,190.225,190.408,40668
1724169600,190.411,190.503,189.37,189.372,51671
1724184000,189.371,189.533,189.222,189.355,28030
1724198400,189.286,189.695,188.933,189.586,31048
1724212800,189.586,189.856,189.232,189.755,38778
1724227200,189.753,190.292,189.525,190.024,44307
1724241600,190.023,190.707,189.987,190.16,39375
1724256000,190.16,191.497,189.635,190.042,57596
1724270400,190.042,190.191,189.448,190.149,33318
1724284800,189.882,190.335,189.635,190.205,18936
1724299200,190.205,190.558,189.686,189.86,26008
1724313600,189.859,191.133,189.721,190.952,35092
1724328000,190.954,191.72,190.819,191.565,36497
1724342400,191.567,191.936,190.848,191.458,46511
1724356800,191.456,191.692,191.266,191.491,25561
1724371200,191.395,191.562,191.09,191.303,17887
1724385600,191.304,191.362,190.367,191.068,31158
1724400000,191.067,191.66,190.643,191.592,33052
1724414400,191.591,191.873,191.467,191.499,31239
1724428800,191.494,192.025,190.815,191.036,55769
1724443200,191.029,191.112,190.266,190.79,31716
1724630400,190.564,190.688,189.603,189.911,29502
1724644800,189.909,190.241,189.601,190.142,31073
1724659200,190.141,190.345,189.494,189.859,34990
1724673600,189.856,190.445,189.791,190.014,32777
1724688000,190.013,190.785,189.847,190.662,42299
1724702400,190.662,190.77,190.46,190.558,21515
1724716800,190.531,190.932,190.234,190.919,16398
1724731200,190.92,191.183,190.79,190.81,21900
1724745600,190.81,191.922,190.802,191.732,34696
1724760000,191.725,191.859,190.663,190.777,38373
1724774400,190.778,191.247,190.616,190.732,43351
1724788800,190.733,191.007,190.703,190.912,22054
1724803200,190.769,191.24,190.517,191.081,18350
1724817600,191.085,191.427,191.0,191.141,26713
1724832000,191.142,191.31,190.861,190.965,36128
1724846400,190.967,191.241,190.537,191.157,36427
1724860800,191.157,191.447,190.436,190.842,46167
1724875200,190.842,190.911,190.35,190.736,28877
1724889600,190.604,190.951,190.246,190.736,19828
1724904000,190.738,191.154,190.677,191.135,23514
1724918400,191.135,191.485,190.308,190.816,39331
1724932800,190.818,191.413,190.443,191.347,41946
1724947200,191.347,191.54,191.025,191.152,48520
1724961600,191.15,191.157,190.535,190.941,34032
1724976000,190.801,190.981,190.482,190.568,14790
1724990400,190.569,190.75,190.489,190.678,20971
1725004800,190.679,191.386,190.637,191.3,28959
1725019200,191.302,191.799,191.174,191.582,34400
1725033600,191.582,191.839,191.057,191.833,50443
1725048000,191.833,192.011,191.629,191.95,25792
1725235200,191.807,192.496,191.668,192.002,17252
1725249600,192.002,192.152,191.321,191.551,23928
1725264000,191.553,192.957,191.543,192.688,31826
1725278400,192.688,193.244,192.581,193.17,26335
1725292800,193.168,193.483,192.923,192.937,23900
1725307200,192.936,193.132,192.936,193.073,3806
1725321600,192.974,193.355,192.764,193.28,14562
1725336000,193.28,193.309,192.142,192.325,32674
1725350400,192.324,192.402,191.074,191.335,42809
1725364800,191.321,192.041,191.174,191.55,37459
1725379200,191.55,191.614,190.318,190.996,50324
1725393600,190.995,191.071,190.716,190.801,26285
1725408000,190.708,190.843,189.944,190.235,23757
1725422400,190.236,190.847,190.227,190.525,28148
1725436800,190.524,190.623,189.698,190.521,39767
1725451200,190.523,190.633,189.974,190.389,33546
1725465600,190.385,190.536,189.314,189.431,51908
1725480000,189.425,189.433,188.932,188.939,31757
1725494400,188.782,188.999,188.224,188.895,23199
1725508800,188.898,189.265,188.64,188.766,28951
1725523200,188.766,189.186,188.06,189.077,39279
1725537600,189.076,189.17,188.114,188.332,37240
1725552000,188.332,189.774,188.305,188.94,50710
1725566400,188.942,189.077,188.546,189.077,30822
1725580800,188.976,189.051,188.649,188.679,13971
1725595200,188.68,188.908,188.269,188.441,19811
1725609600,188.443,188.45,187.25,187.781,43475
1725624000,187.782,189.456,187.722,188.884,39840
1725638400,188.887,189.381,186.51,186.893,66950
1725652800,186.891,187.182,186.766,186.852,38811
1725840000,186.748,187.529,186.418,187.357,25631
1725854400,187.361,187.811,187.328,187.572,33409
1725868800,187.57,187.745,187.168,187.654,41564
1725883200,187.654,188.121,187.335,187.39,35196
1725897600,187.389,187.443,186.547,187.128,43344
1725912000,187.13,187.196,186.726,187.121,27551
1725926400,187.117,187.426,186.797,187.408,17437
1725940800,187.41,187.548,187.037,187.101,24114
1725955200,187.1,188.09,187.038,187.787,35213
1725969600,187.789,187.796,186.66,186.73,36860
1725984000,186.726,187.04,185.721,186.17,46583
1725998400,186.17,186.392,185.996,186.347,29611
1726012800,186.192,186.374,185.693,186.001,18723
1726027200,186.003,186.199,184.516,184.857,36770
1726041600,184.853,185.362,184.465,185.163,43359
1726056000,185.164,185.999,184.999,185.853,40682
1726070400,185.86,186.152,183.71,185.051,56583
1726084800,185.05,185.818,185.015,185.698,36477
1726099200,185.606,186.363,185.52,185.974,16617
1726113600,185.974,186.373,185.42,186.315,30840
1726128000,186.308,186.635,185.851,186.028,40012
1726142400,186.03,186.412,185.344,185.495,39840
1726156800,185.495,186.727,185.28,186.578,52707
1726171200,186.579,186.645,185.917,186.123,42417
1726185600,186.055,186.212,185.546,185.604,19699
1726200000,185.604,185.671,184.952,185.319,30706
1726214400,185.319,185.64,184.57,184.931,41166
1726228800,184.921,184.997,184.362,184.886,42162
1726243200,184.887,185.166,184.394,184.902,46614
1726257600,184.903,185.039,184.841,184.875,29103
1726444800,184.71,185.029,184.383,184.666,18120
1726459200,184.654,184.766,184.172,184.428,26337
1726473600,184.425,184.521,183.756,184.435,36370
1726488000,184.434,185.265,184.391,185.087,39265
1726502400,185.081,185.912,185.06,185.74,42913
1726516800,185.742,186.042,185.646,185.793,25575
1726531200,185.784,186.51,185.532,185.7,17096
1726545600,185.7,185.821,185.318,185.738,27598
1726560000,185.739,186.039,185.28,185.946,33516
1726574400,185.945,186.361,185.707,186.225,35109
1726588800,186.225,187.171,186.054,186.492,49523
1726603200,186.49,187.446,186.442,187.367,36150
1726617600,187.274,187.356,186.456,186.533,17426
1726632000,186.531,186.65,185.819,185.956,25698
1726646400,185.956,187.41,185.89,187.139,34240
1726660800,187.14,187.622,187.026,187.6,35350
1726675200,187.598,187.977,187.277,187.428,40321
1726689600,187.431,188.054,186.694,187.993,58354
1726704000,187.798,189.127,187.428,188.985,26926
1726718400,188.984,189.414,188.818,189.114,40545
1726732800,189.116,189.388,188.168,189.386,45360
1726747200,189.388,190.393,189.351,190.335,47592
1726761600,190.335,190.385,189.053,189.963,53092
1726776000,189.963,190.045,189.265,189.437,35621
1726790400,189.331,189.795,189.081,189.083,18140
1726804800,189.082,189.655,188.699,189.0,32115
1726819200,188.999,191.368,188.932,191.274,47188
1726833600,191.275,191.989,191.026,191.372,41705
1726848000,191.373,191.845,190.899,191.563,54176
1726862400,191.561,191.921,191.401,191.694,39212
1727049600,191.678,192.01,191.338,191.84,19767
1727064000,191.841,192.303,191.841,192.088,22819
1727078400,192.087,192.165,190.132,190.556,43164
1727092800,190.555,191.706,190.485,191.607,41876
1727107200,191.605,192.435,191.179,191.266,52283
1727121600,191.266,191.74,191.152,191.706,30015
1727136000,191.476,191.842,191.466,191.552,17177
1727150400,191.551,192.249,191.334,192.139,33382
1727164800,192.139,193.276,192.139,193.015,45244
1727179200,193.01,193.321,192.168,192.723,39380
1727193600,192.726,193.01,192.062,192.105,46405
1727208000,192.104,192.435,191.962,192.043,27219
1727222400,191.963,192.312,191.759,192.185,17297
1727236800,192.171,192.525,192.08,192.208,28589
1727251200,192.209,192.833,191.96,192.572,40267
1727265600,192.574,193.227,192.522,193.163,40037
1727280000,193.164,193.259,192.537,192.697,48479
1727294400,192.697,192.885,192.475,192.82,34963
1727308800,192.755,192.841,192.501,192.579,17838
1727323200,192.581,193.415,192.555,193.009,23793
1727337600,193.009,193.757,192.929,193.357,41014
1727352000,193.356,193.695,192.687,193.31,41540
1727366400,193.329,194.348,192.849,194.242,51696
1727380800,194.243,194.343,193.869,194.3,32487
1727395200,194.188,194.93,194.095,194.895,18897
1727409600,194.895,195.169,194.165,195.145,30331
1727424000,195.132,195.966,191.003,191.439,55084
1727438400,191.427,191.974,191.06,191.323,44536
1727452800,191.321,191.817,190.565,190.722,51928
1727467200,190.721,190.818,189.995,190.231,37391
1727654400,190.162,191.296,190.09,190.952,23122
1727668800,190.952,191.175,190.211,190.279,31727
1727683200,190.282,191.359,189.558,191.251,44203
1727697600,191.249,191.377,190.871,191.344,35579
1727712000,191.347,192.168,190.993,191.792,49223
1727726400,191.793,192.313,191.561,192.13,39667
1727740800,192.0,192.755,191.851,192.555,17882
1727755200,192.554,193.157,192.28,193.047,26548
1727769600,193.046,193.364,191.567,191.718,44657
1727784000,191.712,191.907,191.233,191.832,43098
1727798400,191.83,191.973,189.984,190.378,57760
1727812800,190.384,191.07,189.851,190.674,42791
1727827200,190.655,191.06,190.468,190.937,16504
1727841600,190.942,191.551,190.543,190.721,28582
1727856000,190.718,191.908,190.41,191.903,43670
1727870400,191.904,193.085,191.443,192.965,42514
1727884800,192.97,194.025,192.842,193.793,48753
1727899200,193.792,194.419,193.679,194.341,28142
1727913600,194.106,194.996,194.034,194.931,22148
1727928000,194.933,195.168,194.27,194.319,30880
1727942400,194.317,194.394,192.224,192.477,47066
1727956800,192.476,192.89,192.128,192.472,42214
1727971200,192.474,192.842,192.137,192.565,52872
1727985600,192.567,192.874,192.372,192.831,28362
1728000000,192.67,192.881,192.523,192.555,15313
1728014400,192.553,192.578,191.845,191.959,28590
1728028800,191.959,192.716,191.726,192.532,39088
1728043200,192.534,194.528,192.469,194.408,38783
1728057600,194.421,195.363,194.233,195.328,53087
1728072000,195.327,195.526,195.016,195.027,31688
1728259200,194.936,195.62,194.716,194.765,22936
1728273600,194.764,195.153,194.596,194.829,30574
1728288000,194.83,194.901,194.057,194.126,42365
1728302400,194.122,194.225,193.555,193.78,42729
1728316800,193.774,193.978,193.334,193.726,45469
1728331200,193.723,193.884,193.494,193.854,27820
1728345600,193.73,193.919,193.111,193.645,20975
1728360000,193.649,193.916,193.064,193.833,34763
1728374400,193.835,193.976,192.879,193.659,43254
1728388800,193.658,194.223,193.43,193.936,36727
1728403200,193.94,194.371,193.814,193.898,42904
1728417600,193.899,194.322,193.845,194.219,32875
1728432000,194.163,194.351,193.871,194.177,12494
1728446400,194.18,194.368,193.882,194.084,27663
1728460800,194.084,194.586,193.584,194.481,39386
1728475200,194.486,194.813,194.289,194.806,31341
1728489600,194.806,195.248,194.634,195.028,35676
1728504000,195.027,195.195,194.896,195.178,23048
1728518400,194.975,195.126,194.713,195.003,14208
1728532800,195.001,195.498,194.86,195.291,23596
1728547200,195.29,195.411,194.827,194.888,33879
1728561600,194.881,195.026,193.962,194.321,36837
1728576000,194.321,194.454,193.571,194.114,51138
1728590400,194.115,194.287,193.855,194.011,27305
1728604800,193.848,194.302,193.821,193.944,14836
1728619200,193.94,194.294,193.862,194.057,20072
1728633600,194.055,194.562,193.906,194.445,27769
1728648000,194.438,194.935,194.404,194.742,29222
1728662400,194.741,195.23,194.637,194.78,36395
1728676800,194.779,194.961,194.708,194.842,15338
1728864000,194.646,195.002,194.618,194.744,14498
1728878400,194.742,195.074,194.626,194.955,19952
1728892800,194.954,195.28,194.855,195.239,26178
1728907200,195.236,195.373,195.005,195.169,26866
1728921600,195.169,195.71,195.131,195.681,29511
1728936000,195.68,195.714,195.467,195.524,16653
1728950400,195.506,195.726,195.335,195.433,12705
1728964800,195.435,195.597,195.247,195.322,19792
1728979200,195.326,195.326,194.659,195.032,35667
1728993600,195.035,195.574,194.638,195.122,32479
1729008000,195.121,195.519,194.856,195.317,41065
1729022400,195.321,195.415,194.924,195.026,23714
1729036800,195.086,195.131,194.697,195.011,15030
1729051200,195.01,195.157,194.562,195.141,22008
1729065600,195.148,195.281,193.697,194.356,36834
1729080000,194.356,194.616,194.178,194.509,30670
1729094400,194.51,194.775,194.378,194.726,34122
1729108800,194.731,194.761,194.285,194.362,17916
1729123200,194.216,194.412,194.139,194.215,14006
1729137600,194.212,194.285,193.828,194.158,25092
1729152000,194.155,194.658,194.047,194.449,29507
1729166400,194.448,195.072,194.31,194.908,31205
1729180800,194.909,195.508,194.336,195.427,44425
1729195200,195.43,195.6,195.325,195.431,20771
1729209600,195.293,195.522,195.103,195.263,12204
1729224000,195.264,195.399,195.085,195.188,22248
1729238400,195.189,196.048,195.029,195.508,32384
1729252800,195.51,195.793,195.013,195.551,30347
1729267200,195.55,195.781,194.753,194.897,32715
1729281600,194.898,195.163,194.875,195.099,23367
1729468800,194.984,195.338,194.72,194.835,16560
1729483200,194.851,194.874,194.57,194.716,24582
1729497600,194.715,195.329,194.561,195.326,30021
1729512000,195.326,195.435,195.147,195.334,29378
1729526400,195.333,195.548,195.088,195.47,33512
1729540800,195.469,195.871,195.452,195.846,21247
1729555200,195.712,195.77,195.471,195.523,15427
1729569600,195.523,196.393,195.423,196.13,26236
1729584000,196.128,196.509,195.966,196.118,34132
1729598400,196.113,196.148,195.506,195.52,32892
1729612800,195.519,196.153,195.094,195.993,37790
1729627200,195.993,196.224,195.846,196.202,22527
1729641600,195.972,196.576,195.918,196.555,12544
1729656000,196.555,197.551,196.507,197.517,28212
1729670400,197.515,197.977,197.39,197.897,35122
1729684800,197.896,198.431,197.883,198.263,35220
1729699200,198.264,198.351,197.557,197.619,39103
1729713600,197.618,197.624,196.88,197.392,26866
1729728000,197.211,197.352,197.035,197.3,15821
1729742400,197.301,197.401,196.648,196.816,27749
1729756800,196.818,197.492,196.697,197.019,39357
1729771200,197.018,197.551,196.844,197.269,35502
1729785600,197.273,197.63,196.415,196.578,42531
1729800000,196.578,197.086,196.573,196.963,25593
1729814400,196.904,197.212,196.626,197.122,14691
1729828800,197.119,197.184,196.51,196.674,23959
1729843200,196.673,197.338,196.389,197.177,33485
1729857600,197.172,197.438,197.045,197.368,28377
1729872000,197.368,197.775,197.253,197.488,37049
1729886400,197.49,197.6,197.132,197.407,27996
1730073600,198.476,198.838,197.845,198.784,27549
1730088000,198.785,199.35,198.545,198.911,30750
1730102400,198.909,199.032,198.479,198.755,31386
1730116800,198.757,198.78,197.793,198.22,34761
1730131200,198.221,199.005,198.118,198.922,34760
1730145600,198.921,198.991,198.687,198.804,20697
1730160000,198.784,198.86,198.363,198.491,11553
1730174400,198.492,198.619,198.13,198.212,28911
1730188800,198.212,199.28,198.033,199.165,32228
1730203200,199.167,199.682,199.005,199.542,32313
1730217600,199.543,199.67,198.797,199.592,44438
1730232000,199.593,199.709,199.358,199.574,23975
1730246400,199.475,199.586,199.183,199.423,14338
1730260800,199.424,199.57,199.132,199.34,23088
1730275200,199.338,199.566,198.927,198.976,30499
1730289600,198.998,199.373,198.199,198.583,40895
1730304000,198.591,199.799,198.46,198.975,47910
1730318400,198.968,199.121,198.759,198.824,27101
1730332800,198.752,198.866,198.401,198.801,14018
1730347200,198.798,198.903,197.873,198.02,26035
1730361600,198.015,198.232,197.176,197.812,38626
1730376000,197.816,198.399,197.46,198.161,38970
1730390400,198.162,198.624,195.362,196.095,54131
1730404800,196.094,196.183,195.554,196.035,32948
1730419200,196.057,196.27,195.768,196.04,16304
1730433600,196.041,196.777,195.942,196.663,25381
1730448000,196.663,197.143,196.306,196.965,31705
1730462400,196.964,197.493,196.754,196.938,33760
1730476800,196.928,198.376,196.86,198.084,48114
1730491200,198.086,198.122,197.571,197.633,28347
1730678400,197.5,197.768,196.874,196.943,25930
1730692800,196.943,197.352,196.912,197.287,27474
1730707200,197.287,197.727,196.777,197.012,36888
1730721600,197.012,197.18,196.485,196.91,32994
1730736000,196.915,197.471,196.623,196.944,41171
1730750400,196.94,197.16,196.863,197.13,23612
1730764800,196.998,197.456,196.968,197.272,15761
1730779200,197.269,197.694,197.187,197.534,19994
1730793600,197.534,197.712,197.322,197.561,26716
1730808000,197.562,197.835,197.263,197.402,25032
1730822400,197.403,197.87,197.335,197.684,39317
1730836800,197.686,197.725,197.099,197.716,23331
1730851200,197.536,198.385,197.321,198.293,42203
1730865600,198.292,199.051,197.878,198.151,65454
1730880000,198.146,198.895,197.855,198.66,60589
1730894400,198.657,198.816,198.146,198.498,53776
1730908800,198.495,199.52,198.191,199.347,53174
1730923200,199.347,199.496,198.999,199.161,29525
1730937600,198.928,199.303,198.694,199.152,24210
1730952000,199.153,199.555,198.949,199.136,27667
1730966400,199.121,199.36,198.696,198.705,42056
1730980800,198.704,199.372,198.57,199.117,41090
1730995200,199.118,199.219,198.61,198.754,44930
1731009600,198.755,198.763,198.291,198.583,38359
1731024000,198.533,198.922,198.441,198.612,20579
1731038400,198.612,198.636,197.824,198.18,26532
1731052800,198.184,198.315,197.285,197.352,40604
1731067200,197.348,197.704,197.112,197.668,37712
1731081600,197.669,197.825,196.737,196.873,45911
1731096000,196.871,197.235,196.871,197.143,23598
1731283200,196.894,197.929,196.886,197.927,20362
1731297600,197.926,198.422,197.827,198.28,21422
1731312000,198.28,198.456,197.833,198.173,32577
1731326400,198.163,198.353,197.842,197.848,29217
1731340800,197.844,198.093,197.724,197.941,29824
1731355200,197.939,197.939,197.657,197.815,15244
1731369600,197.732,198.057,197.553,198.011,18544
1731384000,198.012,198.017,196.944,197.13,28428
1731398400,197.126,197.631,196.879,197.617,37916
1731412800,197.618,197.788,197.285,197.759,34906
1731427200,197.76,197.825,196.931,197.085,42891
1731441600,197.086,197.245,196.973,197.121,24271
1731456000,196.986,197.435,196.856,197.117,20627
1731470400,197.118,197.45,197.024,197.404,23963
1731484800,197.404,197.713,197.29,197.508,34024
1731499200,197.509,197.57,196.915,197.067,34511
1731513600,197.067,197.604,196.646,197.523,50335
1731528000,197.523,197.805,197.451,197.569,25747
1731542400,197.487,197.995,197.248,197.852,22264
1731556800,197.852,197.983,197.676,197.944,22615
1731571200,197.945,197.972,197.43,197.577,33835
1731585600,197.58,197.634,197.066,197.472,38813
1731600000,197.471,198.234,197.435,197.842,45706
1731614400,197.842,198.002,197.693,197.987,32747
1731628800,197.871,198.441,197.8,198.269,23319
1731643200,198.264,198.415,198.091,198.301,27098
1731657600,198.302,198.358,196.459,196.571,38206
1731672000,196.569,197.37,196.472,196.49,37675
1731686400,196.483,196.818,194.678,194.81,52690
1731700800,194.812,194.854,194.281,194.817,33167
1731888000,194.802,195.987,194.352,195.336,30766
1731902400,195.335,195.71,194.994,195.251,27998
1731916800,195.25,195.544,195.006,195.473,39592
1731931200,195.47,196.144,195.42,195.562,36238
1731945600,195.561,196.143,195.322,195.934,40517
1731960000,195.934,196.141,195.904,196.036,23979
1731974400,195.908,196.06,195.217,195.368,18633
1731988800,195.369,195.816,195.206,195.634,23497
1732003200,195.64,195.997,193.556,194.159,44008
1732017600,194.157,194.888,193.83,193.911,45373
1732032000,193.915,196.108,193.857,196.044,48414
1732046400,196.045,196.208,195.88,196.157,21684
1732060800,196.027,196.624,195.901,196.394,18165
1732075200,196.399,196.836,196.34,196.836,18993
1732089600,196.84,197.778,196.776,197.321,35760
1732104000,197.323,197.484,197.059,197.367,33210
1732118400,197.369,197.381,196.112,196.412,44048
1732132800,196.41,196.716,196.34,196.657,24305
1732147200,196.546,196.59,196.018,196.198,17996
1732161600,196.201,196.422,195.962,196.307,20837
1732176000,196.302,196.303,194.527,195.035,46758
1732190400,195.032,195.531,194.714,195.084,38712
1732204800,195.085,195.291,194.363,194.594,51036
1732219200,194.591,194.944,194.471,194.504,25411
1732233600,194.449,194.534,193.78,194.375,22510
1732248000,194.375,194.481,194.048,194.436,24838
1732262400,194.438,194.808,192.95,193.307,46723
1732276800,193.297,193.51,192.843,193.15,41490
1732291200,193.152,194.103,193.152,193.906,46019
1732305600,193.908,194.048,193.714,193.959,22812
1732492800,194.127,194.329,193.548,193.653,28835
1732507200,193.652,194.382,193.488,194.283,26696
1732521600,194.279,194.619,193.961,194.159,40216
1732536000,194.165,194.271,193.571,194.116,36815
1732550400,194.116,194.153,193.263,193.734,45516
1732564800,193.737,193.872,193.64,193.777,25157
1732579200,193.746,193.788,192.519,192.971,34306
1732593600,192.973,193.255,192.677,192.883,27866
1732608000,192.881,193.722,192.77,193.501,39740
1732622400,193.501,193.649,192.819,193.045,38014
1732636800,193.045,193.285,192.11,192.224,45263
1732651200,192.223,192.481,192.033,192.428,29197
1732665600,192.326,192.618,191.778,191.821,24418
1732680000,191.822,192.043,191.363,191.58,24572
1732694400,191.58,191.611,190.729,190.914,42069
1732708800,190.912,191.638,190.675,191.619,39188
1732723200,191.62,191.881,190.878,191.077,49322
1732737600,191.076,191.686,190.985,191.628,22314
1732752000,191.452,192.247,191.276,191.898,21397
1732766400,191.899,192.131,191.789,191.907,22995
1732780800,191.906,192.267,191.589,192.153,34677
1732795200,192.153,192.466,191.906,191.938,25360
1732809600,191.941,192.247,191.818,192.198,22058
1732824000,192.204,192.286,192.124,192.233,4476
1732838400,192.138,192.283,190.324,190.449,27284
1732852800,190.449,191.094,190.437,190.723,29622
1732867200,190.718,190.985,190.531,190.586,36968
1732881600,190.585,190.803,190.144,190.232,33055
1732896000,190.232,191.248,190.17,190.344,41289
1732910400,190.355,190.761,190.288,190.535,41566
1733097600,190.418,191.063,190.19,191.033,31926
1733112000,191.032,191.283,190.933,191.206,29788
1733126400,191.207,191.21,190.266,190.984,40759
1733140800,190.981,191.101,190.069,190.37,37424
1733155200,190.369,190.412,188.466,189.152,47725
1733169600,189.152,189.388,189.02,189.173,24116
1733184000,189.174,189.69,189.159,189.525,19682
1733198400,189.525,189.922,189.389,189.735,20530
1733212800,189.735,190.373,189.647,189.921,28211
1733227200,189.923,190.244,188.551,188.585,26856
1733241600,188.581,189.418,188.072,189.367,39103
1733256000,189.365,189.513,189.055,189.473,19715
1733270400,189.504,190.009,189.463,189.912,18424
1733284800,189.912,190.491,189.35,190.481,25945
1733299200,190.481,191.082,190.063,190.929,32342
1733313600,190.929,191.522,190.911,191.414,31932
1733328000,191.415,191.471,190.732,190.955,35864
1733342400,190.955,191.355,190.674,191.186,21295
1733356800,191.188,191.499,190.694,191.131,17278
1733371200,191.129,191.131,190.416,190.624,19899
1733385600,190.621,191.219,190.331,191.214,27334
1733400000,191.205,192.063,190.911,192.04,28870
1733414400,192.037,192.206,191.188,191.361,33301
1733428800,191.363,191.5,191.151,191.427,17999
1733443200,191.359,191.69,191.151,191.218,18356
1733457600,191.219,191.293,190.914,191.084,17780
1733472000,191.082,192.192,190.914,192.116,24186
1733486400,192.116,192.368,191.471,191.477,27463
1733500800,191.477,191.569,190.713,190.861,38427
1733515200,190.862,191.13,190.862,191.109,14914
1733702400,190.934,191.283,190.709,190.96,17917
1733716800,190.96,191.105,190.591,190.742,20114
1733731200,190.742,192.217,190.742,192.055,27352
1733745600,192.045,192.902,192.038,192.789,23898
1733760000,192.786,193.407,192.428,193.245,26662
1733774400,193.245,193.247,192.635,192.7,14076
1733788800,192.642,193.148,192.61,192.879,17517
1733803200,192.879,192.881,192.45,192.507,22653
1733817600,192.508,193.399,192.458,193.344,26572
1733832000,193.343,193.666,193.181,193.4,30289
1733846400,193.396,193.996,193.285,193.871,35673
1733860800,193.87,194.101,193.804,194.055,19265
1733875200,193.948,194.087,193.804,193.847,16722
1733889600,193.848,193.87,193.423,193.716,18124
1733904000,193.717,194.498,192.514,194.354,37274
1733918400,194.348,194.775,193.998,194.481,37054
1733932800,194.464,194.534,193.852,194.323,41172
1733947200,194.323,194.548,194.248,194.385,22391
1733961600,194.256,194.473,194.014,194.044,18372
1733976000,194.043,194.76,194.015,194.643,20423
1733990400,194.642,194.989,194.452,194.602,33393
1734004800,194.604,194.668,193.357,193.518,36573
1734019200,193.522,193.97,192.92,193.421,45809
1734033600,193.42,193.567,193.235,193.425,22925
1734048000,193.336,193.86,193.275,193.495,20007
1734062400,193.494,193.778,193.311,193.616,20287
1734076800,193.615,193.982,192.85,193.901,32426
1734091200,193.909,194.453,193.85,194.147,30707
1734105600,194.152,194.293,193.637,193.959,34041
1734120000,193.961,194.11,193.84,193.945,17366
1734307200,193.666,194.485,193.599,194.467,19935
1734321600,194.463,194.564,194.114,194.166,17734
1734336000,194.164,194.745,193.829,194.609,29846
1734350400,194.61,195.13,194.369,195.048,26349
1734364800,195.049,195.877,194.894,195.49,36370
1734379200,195.489,195.654,195.372,195.536,15325
1734393600,195.338,195.894,195.338,195.536,17302
1734408000,195.535,195.584,195.205,195.349,21259
1734422400,195.349,195.791,195.003,195.107,32174
1734436800,195.107,195.57,194.822,195.323,32819
1734451200,195.323,195.337,194.648,194.951,38884
1734465600,194.948,195.185,194.823,195.171,19744
1734480000,194.836,195.474,194.831,195.218,15872
1734494400,195.206,195.31,194.757,194.79,18820
1734508800,194.789,195.304,194.698,194.922,28552
1734523200,194.914,195.766,194.907,195.243,29123
1734537600,195.242,195.602,195.026,195.427,33222
1734552000,195.429,195.674,194.068,194.644,46141
1734566400,194.444,194.926,194.054,194.69,27865
1734580800,194.689,195.705,194.434,195.356,28992
1734595200,195.353,198.948,195.135,198.82,47854
1734609600,198.809,198.832,197.201,197.573,42170
1734624000,197.568,198.1,197.133,197.273,49341
1734638400,197.274,197.416,196.607,196.792,27122
1734652800,196.686,197.296,196.306,196.432,25106
1734667200,196.431,196.484,195.772,196.084,30718
1734681600,196.092,196.428,195.748,195.946,40068
1734696000,195.947,196.621,195.859,196.489,35856
1734710400,196.487,196.78,196.188,196.7,49296
1734724800,196.699,196.783,196.468,196.619,24529
1734912000,196.35,196.989,196.312,196.812,21920
1734926400,196.803,197.068,196.707,196.995,18754
1734940800,196.997,197.067,196.57,196.924,25654
1734955200,196.923,196.959,196.441,196.883,27162
1734969600,196.892,197.028,196.611,196.748,32964
1734984000,196.748,197.018,196.723,196.963,19527
1734998400,196.787,197.047,196.704,196.797,15198
1735012800,196.799,196.973,196.589,196.736,16769
1735027200,196.729,196.895,196.607,196.78,19187
1735041600,196.778,197.431,196.644,197.408,20077
1735056000,197.405,197.611,196.813,196.819,26327
1735070400,196.819,197.102,196.778,196.969,6695
1735171200,197.064,197.495,197.019,197.42,15051
1735185600,197.421,197.55,197.324,197.376,14191
1735200000,197.377,197.468,197.018,197.265,19533
1735214400,197.267,197.67,197.228,197.665,18084
1735228800,197.665,197.879,197.432,197.792,25946
1735243200,197.793,198.006,197.747,197.919,19511
1735257600,197.668,197.867,197.482,197.523,17067
1735272000,197.532,197.555,197.204,197.499,17531
1735286400,197.499,197.815,197.338,197.468,24538
1735300800,197.468,198.393,197.363,198.39,25543
1735315200,198.389,198.5,198.006,198.217,37154
1735329600,198.215,198.698,198.176,198.493,20280
1735516800,198.278,198.712,198.098,198.496,11714
1735531200,198.496,198.715,198.366,198.591,12115
1735545600,198.592,198.941,198.283,198.543,24006
1735560000,198.539,198.744,197.639,197.66,28817
1735574400,197.658,197.955,196.314,197.117,43311
1735588800,197.118,197.276,196.67,196.834,21189
1735603200,196.746,197.049,196.321,196.446,15854
1735617600,196.447,196.487,195.879,196.076,16688
1735632000,196.077,196.748,195.736,196.639,25519
1735646400,196.638,196.838,196.37,196.705,31087
1735660800,196.706,197.188,196.3,196.985,43272
1735675200,196.986,197.124,196.674,196.728,19930
1735776000,196.632,197.516,196.572,197.195,19730
1735790400,197.193,197.198,196.752,197.012,15259
1735804800,197.011,197.011,195.546,195.704,32281
1735819200,195.703,196.051,194.357,194.524,37066
1735833600,194.525,195.311,194.19,194.938,48168
1735848000,194.939,195.182,194.777,195.015,23085
1735862400,194.809,195.022,194.676,194.788,14409
1735876800,194.786,195.147,194.751,194.972,19068
1735891200,194.971,195.177,194.636,195.08,27943
1735905600,195.08,195.246,194.723,194.92,26821
1735920000,194.923,195.362,194.83,195.172,35700
1735934400,195.171,195.536,195.14,195.401,16148
1736121600,195.296,196.066,195.095,195.995,22240
1736136000,195.994,196.346,195.953,196.212,19833
1736150400,196.211,197.004,196.019,196.778,28694
1736164800,196.779,197.407,195.941,196.298,46512
1736179200,196.299,197.392,195.837,197.165,44389
1736193600,197.168,197.398,196.942,197.343,20331
1736208000,197.111,198.203,197.101,198.19,21350
1736222400,198.191,198.249,197.87,197.919,21845
1736236800,197.92,198.194,197.327,198.003,35957
1736251200,197.997,198.156,197.51,197.748,30687
1736265600,197.748,197.968,196.984,197.118,39866
1736280000,197.118,197.182,196.865,197.153,16738
1736294400,197.071,197.426,197.033,197.222,17778
1736308800,197.221,197.535,197.18,197.526,15997
1736323200,197.526,197.539,196.719,196.906,25837
1736337600,196.907,197.086,195.133,195.493,33689
1736352000,195.487,195.828,195.111,195.535,31396
1736366400,195.534,196.01,195.529,195.681,19002
1736380800,195.605,195.808,195.33,195.401,13123
1736395200,195.388,195.443,194.581,194.899,15896
1736409600,194.899,194.93,193.677,194.145,28772
1736424000,194.144,194.293,193.472,193.917,25898
1736438400,193.914,194.591,193.911,194.482,23400
1736452800,194.48,194.703,194.425,194.585,9351
1736467200,194.489,194.667,194.223,194.545,13757
1736481600,194.546,194.766,194.418,194.453,15330
1736496000,194.452,194.729,193.682,194.281,24600
1736510400,194.284,194.681,193.657,193.919,28011
1736524800,193.921,193.977,192.193,192.691,43630
1736539200,192.693,192.902,192.434,192.469,18767
1736726400,192.372,192.749,191.699,191.941,15948
1736740800,191.939,192.126,190.827,191.195,18922
1736755200,191.195,191.73,190.068,190.198,30484
1736769600,190.198,191.097,190.138,190.863,28865
1736784000,190.859,191.757,190.639,191.522,31211
1736798400,191.531,192.108,191.396,192.101,16446
1736812800,192.026,192.906,191.825,192.24,21202
1736827200,192.246,192.667,192.072,192.282,17006
1736841600,192.29,192.779,192.134,192.333,28550
1736856000,192.33,192.526,191.473,191.743,26021
1736870400,191.747,192.836,191.652,192.682,35185
1736884800,192.682,192.973,192.549,192.856,15408
1736899200,192.899,192.992,192.568,192.626,12837
1736913600,192.626,192.706,191.846,191.915,16616
1736928000,191.915,192.149,191.192,191.656,28312
1736942400,191.659,192.388,191.535,192.325,25458
1736956800,192.323,192.385,191.084,191.21,36325
1736971200,191.212,191.613,191.167,191.46,14792
1736985600,191.341,191.531,190.122,190.212,18148
1737000000,190.217,190.632,189.814,190.589,20018
1737014400,190.589,190.921,189.781,189.885,25340
1737028800,189.885,190.526,189.774,190.15,26068
1737043200,190.16,190.51,189.863,189.991,38503
1737057600,189.991,190.08,189.714,189.765,16275
1737072000,189.788,190.198,189.597,189.859,13442
1737086400,189.87,190.219,189.835,190.048,14973
1737100800,190.047,190.15,189.321,189.928,24861
1737115200,189.929,190.172,189.485,189.649,23648
1737129600,189.651,190.598,189.418,190.208,33819
1737144000,190.208,190.268,189.957,190.062,15533
1737331200,190.122,190.453,189.876,190.097,15169
1737345600,190.097,190.55,189.972,190.547,15055
1737360000,190.546,190.867,190.128,190.308,22425
1737374400,190.311,191.651,190.296,191.51,23309
1737388800,191.505,191.649,191.14,191.374,34332
1737403200,191.375,192.005,191.301,191.663,17660
1737417600,191.659,191.869,190.846,190.923,28196
1737432000,190.923,190.986,190.463,190.655,23905
1737446400,190.664,191.124,190.566,190.94,27294
1737460800,190.937,191.094,190.644,190.908,27155
1737475200,190.923,191.815,190.817,191.749,33927
1737489600,191.749,192.098,191.693,192.015,15314
1737504000,191.895,192.278,191.807,191.987,19690
1737518400,191.988,192.411,191.944,192.339,14568
1737532800,192.341,192.478,191.694,192.468,27231
1737547200,192.472,192.749,192.372,192.444,23974
1737561600,192.442,192.999,192.249,192.967,29766
1737576000,192.971,192.998,192.645,192.688,14243
1737590400,192.664,192.74,192.495,192.712,13614
1737604800,192.709,192.996,192.537,192.916,14073
1737619200,192.92,192.975,192.384,192.603,23752
1737633600,192.61,192.875,192.369,192.484,24993
1737648000,192.483,192.93,192.268,192.894,34707
1737662400,192.895,192.896,192.512,192.665,16200
1737676800,192.684,193.116,192.615,193.105,12805
1737691200,193.105,193.683,192.063,192.622,27964
1737705600,192.625,193.413,192.072,193.35,35591
1737720000,193.352,194.252,193.311,194.058,26710
1737734400,194.053,194.59,193.93,194.481,31785
1737748800,194.481,194.743,194.436,194.666,14808
1737936000,194.06,194.348,193.464,193.555,19568
1737950400,193.555,194.307,193.459,194.239,18696
1737964800,194.236,194.64,192.59,193.032,32638
1737979200,193.033,193.136,192.142,192.787,38053
1737993600,192.79,193.065,192.172,192.473,37801
1738008000,192.474,193.267,192.415,193.134,20993
1738022400,192.961,193.746,192.703,193.574,25438
1738036800,193.565,193.951,193.501,193.758,21384
1738051200,193.764,194.02,193.325,193.495,27556
1738065600,193.497,193.558,192.922,193.172,24485
1738080000,193.171,193.767,192.756,193.384,30583
1738094400,193.39,193.596,193.294,193.474,16806
1738108800,193.4,193.741,193.379,193.639,12985
1738123200,193.639,193.75,193.028,193.046,15526
1738137600,193.077,193.505,192.867,192.934,26753
1738152000,192.931,193.109,192.479,192.682,26579
1738166400,192.682,193.179,192.506,192.916,32625
1738180800,192.918,193.35,192.843,193.288,30961
1738195200,192.901,193.283,192.288,192.517,19276
1738209600,192.519,192.541,192.116,192.296,19383
1738224000,192.296,192.589,191.994,192.174,25478
1738238400,192.178,192.267,191.394,191.869,27962
1738252800,191.849,192.419,191.749,192.006,34764
1738267200,192.008,192.354,191.466,191.579,22410
1738281600,191.359,191.819,191.176,191.356,17741
1738296000,191.358,192.301,191.218,192.16,18247
1738310400,192.157,192.458,191.601,192.172,26738
1738324800,192.175,192.543,191.838,192.151,24224
1738339200,192.154,193.023,191.592,192.732,36634
1738353600,192.734,192.936,192.051,192.272,30521
1738540800,190.572,191.66,190.453,191.324,34997
1738555200,191.323,191.374,190.597,190.992,28142
1738569600,190.995,191.575,190.503,190.531,34289
1738584000,190.531,191.33,190.239,191.211,31703
1738598400,191.215,192.299,190.018,191.664,47523
1738612800,191.663,192.83,191.453,192.71,25739
1738627200,192.389,193.158,192.353,192.658,22888
1738641600,192.663,192.853,191.763,192.467,22630
1738656000,192.465,193.166,192.382,193.001,28672
1738670400,193.001,193.124,192.55,192.959,25129
1738684800,192.962,193.102,192.468,192.559,35763
1738699200,192.555,192.68,192.439,192.615,17711
1738713600,192.492,192.763,191.477,191.538,20193
1738728000,191.55,191.578,190.982,191.273,21613
1738742400,191.276,191.724,191.014,191.317,28174
1738756800,191.317,191.804,191.102,191.527,27213
1738771200,191.528,191.83,190.287,190.498,34135
1738785600,190.495,190.972,190.448,190.789,17726
1738800000,190.694,190.962,189.895,190.141,15662
1738814400,190.136,190.466,189.967,190.274,17037
1738828800,190.269,190.597,189.595,189.684,24832
1738843200,189.686,189.755,188.242,188.324,31608
1738857600,188.322,189.101,188.273,188.952,32232
1738872000,188.956,189.035,188.066,188.36,18596
1738886400,188.224,188.466,187.647,188.427,16332
1738900800,188.432,188.682,188.328,188.453,17089
1738915200,188.454,189.275,188.308,189.16,22521
1738929600,189.158,189.572,188.673,188.879,25606
1738944000,188.876,189.162,187.047,188.098,44503
1738958400,188.098,188.305,187.672,187.772,20734
1739145600,187.156,188.457,187.038,188.226,21654
1739160000,188.225,188.64,188.177,188.427,16862
1739174400,188.429,189.142,188.25,188.848,25380
1739188800,188.845,188.983,188.117,188.162,23304
1739203200,188.163,188.167,187.614,188.009,24760
1739217600,188.009,188.091,187.863,187.951,14427
1739232000,187.871,187.94,187.414,187.883,13243
1739246400,187.883,187.893,187.572,187.83,12128
1739260800,187.833,188.049,187.244,187.883,22347
1739275200,187.883,188.929,187.855,188.823,23408
1739289600,188.823,189.445,188.757,189.29,27328
1739304000,189.29,189.917,189.201,189.788,17472
1739318400,189.516,191.075,189.492,191.075,16700
1739332800,191.075,191.388,190.977,191.076,20159
1739347200,191.074,191.727,190.839,191.071,24294
1739361600,191.076,191.401,190.589,191.299,26448
1739376000,191.306,192.674,191.054,192.591,37833
1739390400,192.589,192.652,192.009,192.111,19815
1739404800,191.942,192.45,191.89,192.149,16758
1739419200,192.149,192.947,192.067,192.57,20016
1739433600,192.569,193.055,192.025,192.337,27912
1739448000,192.336,192.535,191.282,191.444,27164
1739462400,191.444,192.245,191.167,191.782,33184
1739476800,191.785,192.023,191.261,192.003,23643
1739491200,191.846,192.348,191.527,191.675,17434
1739505600,191.676,192.111,191.471,191.583,14728
1739520000,191.573,192.391,191.479,191.975,26515
1739534400,191.973,192.497,191.69,191.788,25083
1739548800,191.789,192.257,191.629,192.026,28487
1739563200,192.024,192.083,191.619,191.72,13657
1739750400,191.502,191.74,190.941,191.385,18160
1739764800,191.387,191.402,190.703,190.74,19896
1739779200,190.738,191.366,190.706,191.138,24405
1739793600,191.135,191.211,190.68,190.754,19471
1739808000,190.752,191.187,190.626,191.079,14926
1739822400,191.08,191.29,191.047,191.278,8652
1739836800,191.064,191.371,190.834,191.263,15679
1739851200,191.264,191.741,191.211,191.493,19183
1739865600,191.493,191.942,191.328,191.426,23816
1739880000,191.444,191.444,190.927,191.017,21610
1739894400,191.017,191.52,190.925,191.435,24037
1739908800,191.435,191.816,191.33,191.764,14754
1739923200,191.665,192.12,191.332,191.889,18008
1739937600,191.886,192.114,191.413,191.577,17875
1739952000,191.576,191.734,191.063,191.152,23895
1739966400,191.152,191.296,190.897,190.999,23709
1739980800,190.998,191.047,190.45,190.739,26616
1739995200,190.739,190.825,190.516,190.657,17234
1740009600,190.419,190.544,189.493,189.547,19786
1740024000,189.546,189.872,189.158,189.414,21612
1740038400,189.415,189.733,188.791,189.592,24673
1740052800,189.592,189.592,188.921,189.299,25292
1740067200,189.296,189.457,188.68,189.111,32136
1740081600,189.107,189.787,189.095,189.541,15746
1740096000,189.374,190.389,189.184,190.271,20470
1740110400,190.271,190.92,190.156,190.352,18635
1740124800,190.351,190.936,190.008,190.344,27028
1740139200,190.342,190.399,189.941,190.228,20018
1740153600,190.229,190.287,188.631,188.673,31722
1740168000,188.672,188.672,188.146,188.568,24520
1740355200,188.452,189.232,188.432,189.203,22256
1740369600,189.214,189.577,189.068,189.354,23055
1740384000,189.356,189.426,188.468,189.015,29763
1740398400,189.011,189.515,188.877,189.374,23652
1740412800,189.372,189.467,188.22,189.066,35011
1740427200,189.066,189.306,188.885,189.031,20338
1740441600,188.89,189.663,188.852,189.406,18368
1740456000,189.406,189.461,188.835,189.189,19830
1740470400,189.188,189.289,188.164,188.846,30014
1740484800,188.845,189.74,188.807,189.339,27998
1740499200,189.339,189.404,188.152,188.771,38011
1740513600,188.773,189.12,188.661,188.74,24681
1740528000,188.585,189.01,188.402,188.981,17977
1740542400,188.983,189.222,188.819,188.855,20259
1740556800,188.855,189.245,188.717,188.987,27634
1740571200,188.987,189.354,188.775,189.215,25201
1740585600,189.213,189.858,189.011,189.186,36736
1740600000,189.181,189.285,188.613,188.993,25018
1740614400,188.875,189.201,188.561,189.151,17729
1740628800,189.165,189.183,188.615,188.982,19261
1740643200,188.983,190.106,188.886,189.972,25617
1740657600,189.972,190.101,188.994,189.134,27748
1740672000,189.108,189.698,188.866,189.145,41466
1740686400,189.145,189.603,188.611,188.73,25464
1740700800,188.634,189.124,188.013,188.028,20349
1740715200,188.025,188.615,187.671,188.566,20601
1740729600,188.567,189.877,188.49,189.241,28072
1740744000,189.241,190.216,189.216,189.851,24897
1740758400,189.851,190.311,189.08,189.301,41336
1740772800,189.298,189.478,188.793,189.389,28982
1740960000,189.515,190.305,189.506,189.64,23081
1740974400,189.64,189.747,189.291,189.588,21058
1740988800,189.59,189.895,188.808,189.862,28727
1741003200,189.863,191.974,189.863,191.414,32082
1741017600,191.415,191.549,190.541,190.97,39241
1741032000,190.968,191.049,189.086,189.829,33509
1741046400,189.769,190.068,188.789,189.101,24894
1741060800,189.1,189.706,188.957,189.636,28040
1741075200,189.64,190.112,189.123,189.659,36539
1741089600,189.656,189.656,188.538,188.551,35117
1741104000,188.551,189.722,188.237,189.552,47426
1741118400,189.554,191.763,189.5,191.672,37841
1741132800,191.468,192.079,191.235,191.621,22925
1741147200,191.617,191.821,191.169,191.567,26090
1741161600,191.562,192.316,191.29,191.729,35240
1741176000,191.728,191.996,190.867,191.076,36274
1741190400,191.085,191.873,190.887,191.72,48451
1741204800,191.721,192.226,191.478,191.91,29959
1741219200,191.855,192.545,191.704,192.267,19795
1741233600,192.27,192.522,192.121,192.15,21781
1741248000,192.148,192.175,190.264,190.42,38270
1741262400,190.419,190.697,189.877,190.116,36096
1741276800,190.123,191.503,189.917,190.626,49335
1741291200,190.63,190.799,190.151,190.62,31013
1741305600,190.494,190.865,190.184,190.545,18804
1741320000,190.546,190.653,189.98,189.98,21674
1741334400,189.98,190.873,189.914,190.758,32464
1741348800,190.758,191.043,189.866,189.961,33753
1741363200,189.962,191.029,189.65,190.36,49235
1741377600,190.359,191.423,190.346,191.256,30660
1741564800,190.965,191.029,190.498,190.565,18605
1741579200,190.563,190.78,190.292,190.557,21427
1741593600,190.557,190.906,189.461,189.534,28611
1741608000,189.533,190.246,189.463,190.143,35691
1741622400,190.128,190.419,189.301,189.882,43482
1741636800,189.878,189.957,189.178,189.595,30614
1741651200,189.547,189.613,188.791,189.092,18560
1741665600,189.091,189.807,188.794,189.509,28775
1741680000,189.509,190.496,189.383,190.437,32426
1741694400,190.437,191.464,190.313,191.279,32603
1741708800,191.293,191.58,190.303,190.55,47567
1741723200,190.552,191.67,190.225,191.339,34480
1741737600,191.221,191.742,191.079,191.614,13827
1741752000,191.617,191.632,191.24,191.456,21481
1741766400,191.458,192.16,191.29,191.977,27336
1741780800,191.981,193.104,191.916,193.008,30414
1741795200,193.01,193.067,191.826,192.358,40871
1741809600,192.36,192.454,192.058,192.207,24905
1741824000,192.008,192.339,191.977,192.049,11425
1741838400,192.05,192.303,191.549,191.637,20261
1741852800,191.637,191.68,191.16,191.521,29003
1741867200,191.512,192.08,191.191,191.666,29959
1741881600,191.666,191.928,190.982,191.069,39905
1741896000,191.07,191.485,190.737,191.46,23400
1741910400,191.305,192.122,191.223,191.96,12489
1741924800,191.96,192.197,191.734,192.161,20111
1741939200,192.161,192.662,192.047,192.534,25973
1741953600,192.546,192.743,192.175,192.386,28792
1741968000,192.383,192.681,191.453,191.747,34905
1741982400,191.733,192.297,191.733,192.239,15912
1742169600,192.195,192.498,191.954,192.376,13870
1742184000,192.376,192.804,192.142,192.769,17481
1742198400,192.769,192.843,192.357,192.746,22181
1742212800,192.732,193.185,192.344,193.036,25898
1742227200,193.039,193.476,192.76,193.206,32674
1742241600,193.208,193.959,193.129,193.777,18741
1742256000,193.776,194.091,193.618,194.045,10031
1742270400,194.046,194.266,193.939,194.079,15814
1742284800,194.079,194.9,194.027,194.62,20009
1742299200,194.622,194.794,194.058,194.332,23905
1742313600,194.334,194.442,193.802,194.228,34862
1742328000,194.228,194.248,193.85,194.112,19905
1742342400,193.987,194.493,193.946,194.421,9494
1742356800,194.427,194.474,193.925,194.199,13855
1742371200,194.199,194.69,193.25,194.115,24961
1742385600,194.117,194.504,193.945,194.221,20274
1742400000,194.22,194.702,194.113,194.526,25060
1742414400,194.525,194.543,193.242,193.245,29396
1742428800,193.195,193.59,192.874,192.924,11509
1742443200,192.924,193.112,192.754,192.939,14610
1742457600,192.94,192.943,192.496,192.689,19237
1742472000,192.688,192.756,192.052,192.395,28070
1742486400,192.395,193.222,192.175,192.856,32001
1742500800,192.852,193.034,192.703,192.885,17724
1742515200,192.865,193.194,192.65,193.151,10464
1742529600,193.152,193.425,193.004,193.333,16017
1742544000,193.333,193.58,192.944,193.428,21361
1742558400,193.435,193.437,192.299,192.327,22635
1742572800,192.322,192.826,192.013,192.822,32877
1742587200,192.818,193.004,192.577,192.821,16738
1742774400,192.56,193.705,192.535,193.664,12336
1742788800,193.66,193.779,193.358,193.445,15550
1742803200,193.445,194.008,193.349,193.801,21980
1742817600,193.792,194.011,193.546,193.922,23311
1742832000,193.917,194.727,193.654,194.286,29936
1742846400,194.29,194.767,194.167,194.716,16769
1742860800,194.604,194.996,194.595,194.961,9531
1742875200,194.961,194.961,194.541,194.568,15854
1742889600,194.568,194.637,194.299,194.488,18796
1742904000,194.483,194.655,194.116,194.276,22514
1742918400,194.278,194.285,193.627,194.06,28295
1742932800,194.065,194.227,193.885,194.017,14247
1742947200,193.928,194.275,193.903,194.221,9848
1742961600,194.221,194.719,194.066,194.716,16107
1742976000,194.716,194.782,193.463,193.755,22330
1742990400,193.751,193.981,193.521,193.896,21976
1743004800,193.896,194.365,193.681,194.166,29546
1743019200,194.163,194.339,193.635,194.058,19788
1743033600,193.965,194.021,193.497,193.954,13372
1743048000,193.953,194.075,193.545,194.061,16778
1743062400,194.061,194.661,193.911,194.658,23912
1743076800,194.655,195.56,194.609,195.11,23238
1743091200,195.109,195.918,194.813,195.655,32017
1743105600,195.658,195.973,195.55,195.593,16159
1743120000,195.461,195.711,195.237,195.471,10785
1743134400,195.465,195.49,195.115,195.241,14954
1743148800,195.242,195.318,194.634,194.882,19711
1743163200,194.882,195.189,194.793,194.978,21254
1743177600,194.984,195.304,194.175,194.268,34829
1743192000,194.267,194.283,193.729,193.94,16159
1743379200,193.727,193.749,193.026,193.474,18040
1743393600,193.476,193.608,192.736,193.155,22501
1743408000,193.155,193.407,192.748,192.939,29141
1743422400,192.925,193.611,192.766,193.465,23909
1743436800,193.462,193.669,192.91,193.454,34708
1743451200,193.454,193.991,193.436,193.744,18680
1743465600,193.585,193.925,193.46,193.548,12423
1743480000,193.548,193.836,193.377,193.486,17220
1743494400,193.487,193.908,193.0,193.452,23898
1743508800,193.453,193.678,192.292,192.553,26900
1743523200,192.569,193.475,192.206,193.268,36072
1743537600,193.266,193.378,192.778,193.372,19739
1743552000,193.166,193.783,193.153,193.389,13004
1743566400,193.388,193.756,193.347,193.64,14956
1743580800,193.641,193.736,193.084,193.365,20103
1743595200,193.36,193.649,192.979,193.081,23507
1743609600,193.073,194.83,192.996,194.803,33168
1743624000,194.803,195.763,193.627,194.182,29444
1743638400,193.785,193.831,192.29,192.842,33435
1743652800,192.844,193.195,192.313,192.682,29041
1743667200,192.682,193.665,192.371,193.236,37938
1743681600,193.229,193.311,191.9,191.958,40609
1743696000,191.956,192.274,191.125,191.529,48806
1743710400,191.523,191.878,191.143,191.298,31151
1743724800,191.189,191.618,190.68,191.224,22002
1743739200,191.224,191.755,190.376,190.469,29436
1743753600,190.467,191.154,189.933,190.072,39797
1743768000,190.098,190.257,187.997,189.299,54499
1743782400,189.297,189.696,187.525,189.179,58063
1743796800,189.181,190.288,188.805,189.229,43391
1743984000,186.591,188.293,186.098,188.233,39754
1743998400,188.233,188.778,188.037,188.214,41526
1744012800,188.213,188.825,187.119,188.192,52875
1744027200,188.197,188.941,187.206,188.678,52619
1744041600,188.673,190.075,187.575,188.324,62118
1744056000,188.329,189.084,187.944,188.04,43669
1744070400,188.051,188.536,187.866,188.217,23236
1744084800,188.206,188.922,188.06,188.918,32371
1744099200,188.918,188.938,187.515,188.006,39497
1744113600,188.006,188.04,187.239,187.579,41680
1744128000,187.571,188.748,187.123,187.155,50802
1744142400,187.176,187.876,186.534,186.732,45762
1744156800,186.567,186.862,185.715,186.332,26431
1744171200,186.328,187.152,185.793,186.326,43492
1744185600,186.32,186.716,185.572,186.341,49359
1744200000,186.339,186.665,184.394,184.778,44624
1744214400,184.777,185.493,184.38,185.005,46451
1744228800,185.001,189.82,184.489,189.468,50575
1744243200,189.263,189.351,188.383,188.45,26618
1744257600,188.451,188.7,188.217,188.542,31671
1744272000,188.539,189.418,188.103,188.28,39520
1744286400,188.279,188.361,187.655,187.993,40836
1744300800,187.992,188.033,186.351,187.225,52468
1744315200,187.225,187.93,186.914,187.544,41945
1744329600,187.341,187.459,186.067,186.6,29981
1744344000,186.598,187.056,186.012,186.096,36494
1744358400,186.099,187.479,186.096,186.683,46406
1744372800,186.678,187.229,186.161,187.024,45339
1744387200,187.026,187.816,186.639,187.642,49805
1744401600,187.645,188.199,187.577,187.65,31009
1744588800,188.275,188.439,187.162,187.163,24241
1744603200,187.167,187.635,186.573,187.436,28984
1744617600,187.436,188.645,187.193,188.227,33217
1744632000,188.227,189.0,188.181,188.852,29701
1744646400,188.848,189.201,188.138,188.56,41696
1744660800,188.561,188.813,188.367,188.631,25295
1744675200,188.511,189.118,188.413,189.041,14850
1744689600,189.039,189.115,188.695,188.971,19099
1744704000,188.971,189.552,188.545,189.061,28552
1744718400,189.05,189.345,188.639,188.928,27720
1744732800,188.934,189.344,188.78,189.05,35243
1744747200,189.046,189.531,189.021,189.522,17895
1744761600,189.229,189.431,189.074,189.187,16464
1744776000,189.188,189.355,188.83,189.099,18720
1744790400,189.099,189.655,188.537,189.443,31485
1744804800,189.446,189.569,188.792,189.058,28028
1744819200,189.056,189.123,188.514,188.557,31510
1744833600,188.552,188.628,187.557,187.76,27446
1744848000,187.682,188.375,187.457,188.334,17671
1744862400,188.333,188.638,188.221,188.414,19642
1744876800,188.414,189.345,188.307,188.86,25460
1744891200,188.861,189.083,188.276,188.518,26546
1744905600,188.518,189.002,188.065,188.825,36003
1744920000,188.825,189.151,188.635,188.949,20257
1744934400,188.727,189.126,188.664,189.087,16840
1744948800,189.085,189.144,188.729,188.846,64138
1744963200,188.843,189.009,188.727,188.926,55130
1744977600,188.951,189.03,188.805,188.938,50513
1744992000,188.934,189.073,188.725,188.886,42753
1745006400,188.885,189.008,188.767,188.889,32700
1745193600,188.508,188.734,188.124,188.426,19273
1745208000,188.427,188.595,187.992,188.384,21081
1745222400,188.384,188.617,188.222,188.572,22518
1745236800,188.572,188.834,188.457,188.7,22314
1745251200,188.7,188.803,188.359,188.418,27292
1745265600,188.418,188.594,188.021,188.495,16654
1745280000,188.438,188.766,188.238,188.319,14687
1745294400,188.319,188.543,187.803,187.892,19530
1745308800,187.894,188.152,187.577,188.109,29276
1745323200,188.107,188.186,187.457,187.909,24400
1745337600,187.912,188.749,187.894,188.579,30673
1745352000,188.577,188.862,188.25,188.741,20925
1745366400,188.535,189.96,188.535,189.052,26286
1745380800,189.05,189.217,188.626,188.874,22045
1745395200,188.874,189.054,188.12,188.788,28594
1745409600,188.789,189.121,188.347,188.706,26167
1745424000,188.706,189.715,188.671,189.652,41133
1745438400,189.652,190.307,189.551,190.167,20878
1745452800,189.905,190.118,189.503,189.781,15374
1745467200,189.8,189.956,189.396,189.43,17722
1745481600,189.428,189.825,189.294,189.734,23891
1745496000,189.722,189.838,189.313,189.412,22778
1745510400,189.417,190.168,189.378,190.123,29306
1745524800,190.123,190.38,190.047,190.234,14254
1745539200,189.995,190.504,189.957,190.369,12582
1745553600,190.369,191.002,190.044,190.818,20037
1745568000,190.818,191.236,190.484,190.773,24170
1745582400,190.78,191.12,190.542,191.064,21290
1745596800,191.065,191.714,191.062,191.538,25962
1745611200,191.539,191.622,191.143,191.332,14483
1745798400,190.935,191.334,190.788,190.831,12956
1745812800,190.833,191.091,190.663,190.826,16663
1745827200,190.829,191.472,190.803,191.336,22796
1745841600,191.32,191.546,191.111,191.253,20555
1745856000,191.256,191.459,190.874,190.907,28780
1745870400,190.907,191.043,190.749,190.878,15160
1745884800,190.703,191.158,190.683,190.969,10791
1745899200,190.969,191.174,190.893,190.923,16659
1745913600,190.923,191.261,190.804,191.226,21256
1745928000,191.227,191.338,190.789,190.82,19164
1745942400,190.82,190.892,190.402,190.445,29546
1745956800,190.445,190.94,190.394,190.857,14429
1745971200,190.573,190.959,190.481,190.881,10948
1745985600,190.881,190.902,190.616,190.833,14903
1746000000,190.834,191.225,190.765,191.023,18811
1746014400,191.023,191.253,190.573,190.683,23571
1746028800,190.688,190.703,189.956,190.42,33207
1746043200,190.42,190.868,190.259,190.641,18037
1746057600,190.551,190.664,190.33,190.46,9946
1746072000,190.459,191.334,190.366,191.258,13727
1746086400,191.257,192.298,191.25,192.16,21488
1746100800,192.161,192.78,192.077,192.689,20755
1746115200,192.685,193.365,192.526,193.084,29617
1746129600,193.084,193.456,192.97,193.018,15527
1746144000,192.985,193.748,192.769,193.699,12717
1746158400,193.703,193.708,193.163,193.475,18284
1746172800,193.474,193.519,192.465,192.504,22824
1746187200,192.486,192.587,191.83,192.232,26585
1746201600,192.234,192.296,191.47,192.174,34709
1746216000,192.177,192.632,192.066,192.162,16212
1746403200,191.86,192.306,191.836,191.947,11316
1746417600,191.942,191.943,191.543,191.645,15454
1746432000,191.645,191.814,191.252,191.324,20315
1746446400,191.321,191.691,191.224,191.471,19922
1746460800,191.473,191.635,191.037,191.363,25670
1746475200,191.361,191.409,191.021,191.046,12991
1746489600,190.96,191.118,190.847,191.077,8565
1746504000,191.068,191.339,190.925,191.164,16028
1746518400,191.164,191.338,190.448,190.576,22597
1746532800,190.583,191.189,190.48,190.914,21898
1746547200,190.914,191.159,190.569,190.657,26007
1746561600,190.657,190.708,190.317,190.373,15250
1746576000,190.395,191.265,190.309,190.856,17171
1746590400,190.856,191.217,190.717,191.162,18057
1746604800,191.162,191.504,190.865,191.125,20843
1746619200,191.122,191.623,191.028,191.616,19209
1746633600,191.616,191.66,191.229,191.423,24218
1746648000,191.424,191.443,190.657,191.157,26612
1746662400,190.947,191.359,190.916,191.253,10099
1746676800,191.253,191.778,191.093,191.675,17426
1746691200,191.675,192.188,191.532,192.101,24973
1746705600,192.102,193.083,191.666,192.769,24226
1746720000,192.769,193.393,192.613,193.313,31217
1746734400,193.31,193.492,193.128,193.275,18679
1746748800,193.07,193.347,192.814,192.89,11458
1746763200,192.887,192.948,192.527,192.585,17255
1746777600,192.585,192.744,192.344,192.657,19073
1746792000,192.659,192.971,192.495,192.964,18609
1746806400,192.964,193.382,192.747,193.319,23523
1746820800,193.315,193.466,193.242,193.272,11279
1747008000,193.773,194.161,193.655,193.888,14081
1747022400,193.889,194.209,193.629,193.871,16983
1747036800,193.87,195.169,193.835,194.949,30589
1747051200,194.949,195.5,194.837,195.363,28562
1747065600,195.363,195.795,195.166,195.703,30209
1747080000,195.702,195.757,195.426,195.62,16782
1747094400,195.415,195.579,194.775,194.789,11566
1747108800,194.787,195.112,194.784,194.972,15870
1747123200,194.971,195.46,194.911,195.423,22479
1747137600,195.42,196.048,195.394,195.981,21107
1747152000,195.982,196.331,195.45,196.203,30680
1747166400,196.203,196.382,196.067,196.195,15243
1747180800,196.137,196.402,196.01,196.187,8962
1747195200,196.185,196.208,195.436,195.491,17530
1747209600,195.491,195.919,195.108,195.195,23984
1747224000,195.181,195.226,194.436,194.796,25368
1747238400,194.796,195.268,194.229,194.842,31366
1747252800,194.844,194.874,194.538,194.596,17492
1747267200,194.447,194.592,194.007,194.054,10427
1747281600,194.055,194.302,193.859,193.92,15810
1747296000,193.92,193.972,193.511,193.693,22610
1747310400,193.691,194.234,193.597,193.985,23057
1747324800,193.984,194.063,193.426,193.506,31221
1747339200,193.512,193.811,193.51,193.763,13872
1747353600,193.583,193.822,193.052,193.167,11074
1747368000,193.167,193.59,193.031,193.517,15874
1747382400,193.518,193.658,193.133,193.308,19424
1747396800,193.31,193.58,193.222,193.28,20553
1747411200,193.282,193.741,193.202,193.636,24636
1747425600,193.642,193.794,193.387,193.395,13588
1747612800,192.893,193.369,192.765,192.907,14520
1747627200,192.908,193.268,192.757,193.245,18059
1747641600,193.244,193.739,193.01,193.669,24046
1747656000,193.666,194.06,193.549,193.903,23714
1747670400,193.902,194.029,193.559,193.617,27441
1747684800,193.617,193.691,193.424,193.573,13278
1747699200,193.378,194.201,193.343,194.02,10007
1747713600,194.02,194.021,193.419,193.459,16980
1747728000,193.456,193.535,192.911,193.223,24706
1747742400,193.223,193.371,193.014,193.174,21166
1747756800,193.174,193.669,193.154,193.625,26841
1747771200,193.629,193.706,193.32,193.527,14369
1747785600,193.307,193.47,193.076,193.312,10759
1747800000,193.312,193.455,192.97,193.045,16550
1747814400,193.049,193.296,192.83,193.097,23644
1747828800,193.097,193.196,192.576,192.86,25027
1747843200,192.872,193.294,192.787,193.158,27262
1747857600,193.158,193.21,192.596,192.797,21740
1747872000,192.608,193.577,192.363,192.598,13755
1747886400,192.608,192.725,192.279,192.431,16356
1747900800,192.43,192.563,191.89,192.023,23368
1747915200,192.022,192.735,191.98,192.543,23972
1747929600,192.545,193.461,192.521,193.238,29725
1747944000,193.234,193.582,193.081,193.186,14075
1747958400,193.055,193.308,192.931,193.206,10213
1747972800,193.192,193.317,192.807,192.963,13248
1747987200,192.96,193.358,192.834,193.274,18451
1748001600,193.276,193.554,192.065,192.748,29087
1748016000,192.746,192.895,192.305,192.851,29723
1748030400,192.852,192.989,192.745,192.894,13317
1748217600,192.627,193.527,192.58,193.318,13239
1748232000,193.326,193.688,193.255,193.631,16973
1748246400,193.633,194.036,193.603,193.817,17873
1748260800,193.818,193.929,193.676,193.81,12685
1748275200,193.81,193.816,193.554,193.592,10927
1748289600,193.589,193.725,193.534,193.716,5065
1748304000,193.612,193.682,193.182,193.243,9613
1748318400,193.244,193.637,193.056,193.634,13403
1748332800,193.636,194.769,193.635,194.748,24805
1748347200,194.746,195.457,194.738,195.322,21032
1748361600,195.321,195.619,194.894,195.004,25297
1748376000,195.005,195.006,194.855,194.96,11174
1748390400,194.777,194.992,194.489,194.778,8743
1748404800,194.779,195.396,194.479,194.569,19528
1748419200,194.569,194.872,194.38,194.58,21038
1748433600,194.582,194.891,194.468,194.642,18295
1748448000,194.64,195.352,194.64,195.264,26313
1748462400,195.264,195.299,194.967,195.116,14823
1748476800,194.898,196.183,194.832,196.179,18779
1748491200,196.18,196.304,195.715,195.875,17832
1748505600,195.875,196.168,195.445,195.524,21789
1748520000,195.534,195.663,194.878,194.998,23423
1748534400,194.998,195.062,194.283,194.489,29223
1748548800,194.489,194.586,194.358,194.535,15143
1748563200,194.393,194.494,193.856,194.038,12154
1748577600,194.038,194.076,193.623,193.686,16439
1748592000,193.684,194.211,193.678,193.976,21305
1748606400,193.973,194.18,193.39,193.915,23252
1748620800,193.915,194.653,193.633,193.694,30333
1748635200,193.686,193.958,193.671,193.832,15426
1748822400,193.541,193.798,193.369,193.599,11135
1748836800,193.59,193.76,193.485,193.611,16484
1748851200,193.612,193.891,193.432,193.567,22740
1748865600,193.567,193.6,193.101,193.423,21957
1748880000,193.424,193.545,192.994,193.273,29132
1748894400,193.271,193.413,193.218,193.279,14165
1748908800,193.123,193.413,192.982,193.325,9279
1748923200,193.325,193.808,193.266,193.307,15416
1748937600,193.31,193.54,192.721,192.99,19559
1748952000,192.99,193.674,192.913,193.664,19074
1748966400,193.662,194.776,193.582,194.633,26276
1748980800,194.633,194.759,194.515,194.676,11746
1748995200,194.415,194.804,194.309,194.766,9749
1749009600,194.766,195.016,194.523,194.913,15290
1749024000,194.913,195.087,194.526,194.821,19580
1749038400,194.824,195.229,194.224,194.412,20228
1749052800,194.415,194.673,193.468,193.575,26486
1749067200,193.574,193.661,193.46,193.482,12542
1749081600,193.407,193.572,193.253,193.436,9911
1749096000,193.439,193.792,193.394,193.76,15950
1749110400,193.763,194.514,193.714,194.382,17415
1749124800,194.385,195.027,194.041,194.671,21982
1749139200,194.669,195.477,194.41,195.001,32641
1749153600,194.993,195.338,194.756,194.92,18109
1749168000,194.767,195.182,194.557,195.148,8801
1749182400,195.148,195.26,194.989,195.251,13270
1749196800,195.251,195.298,194.805,195.024,17264
1749211200,195.017,195.777,194.921,195.755,21006
1749225600,195.757,196.182,195.677,195.975,30617
1749240000,195.975,196.032,195.836,195.917,13459
1749427200,195.925,196.125,195.722,196.109,7301
1749441600,196.109,196.144,195.651,195.689,11821
1749456000,195.689,195.825,195.46,195.659,15809
1749470400,195.669,195.993,195.434,195.777,17095
1749484800,195.778,195.901,195.681,195.77,20194
1749499200,195.779,196.061,195.725,195.926,10777
1749513600,195.773,196.038,195.677,195.88,9179
1749528000,195.883,196.441,195.841,196.218,15772
1749542400,196.208,196.211,194.771,195.089,22822
1749556800,195.089,195.385,195.011,195.365,16815
1749571200,195.364,195.862,195.345,195.684,20876
1749585600,195.689,195.761,195.531,195.597,11721
1749600000,195.437,195.916,195.304,195.525,12694
1749614400,195.525,195.617,195.286,195.538,13437
1749628800,195.54,195.79,195.391,195.753,16089
1749643200,195.754,196.233,195.533,195.653,20887
1749657600,195.653,196.23,195.559,195.948,23955
1749672000,195.945,196.082,195.61,195.86,14188
1749686400,195.583,195.803,195.523,195.647,11751
1749700800,195.647,195.692,195.353,195.507,16184
1749715200,195.512,195.542,194.71,195.073,21388
1749729600,195.073,195.271,194.809,195.013,24711
1749744000,195.013,195.519,194.881,195.184,27615
1749758400,195.183,195.445,195.052,195.382,11568
1749772800,195.128,195.436,193.749,194.102,16144
1749787200,194.106,194.674,193.78,194.416,24391
1749801600,194.417,195.087,194.135,194.97,25258
1749816000,194.97,195.425,194.934,195.287,24317
1749830400,195.288,195.971,195.005,195.804,24795
1749844800,195.798,195.798,195.06,195.536,17957
1750032000,195.141,196.051,194.927,195.604,19414
1750046400,195.611,195.703,195.411,195.481,16625
1750060800,195.481,196.169,195.393,195.886,21569
1750075200,195.897,195.996,195.547,195.716,17971
1750089600,195.716,196.219,195.578,196.193,24660
1750104000,196.19,196.684,196.136,196.551,12440
1750118400,196.377,196.838,196.23,196.799,13367
1750132800,196.799,196.799,196.044,196.244,16635
1750147200,196.246,196.616,195.953,196.31,20407
1750161600,196.314,196.479,195.77,196.244,20539
1750176000,196.244,196.361,195.507,195.628,25650
1750190400,195.624,195.688,194.899,195.003,19986
1750204800,194.911,195.342,194.811,195.172,12499
1750219200,195.176,195.217,194.838,194.949,15419
1750233600,194.95,195.324,194.762,195.015,19504
1750248000,195.018,195.241,194.607,194.831,17372
1750262400,194.834,195.073,194.527,194.691,24431
1750276800,194.684,194.81,194.336,194.757,25677
1750291200,194.619,194.81,194.235,194.361,12883
1750305600,194.361,194.561,194.01,194.506,17643
1750320000,194.506,195.077,194.331,195.073,20348
1750334400,195.073,195.948,194.997,195.618,19383
1750348800,195.614,195.727,195.2,195.62,16539
1750363200,195.62,195.903,195.57,195.869,8987
1750377600,195.633,196.031,195.573,195.903,13084
1750392000,195.91,196.207,195.801,196.147,16496
1750406400,196.147,196.321,195.695,196.055,19157
1750420800,196.057,196.591,195.911,196.565,18094
1750435200,196.571,196.697,196.235,196.441,23711
1750449600,196.441,196.637,196.376,196.429,13461
1750636800,196.475,196.726,196.085,196.56,15794
1750651200,196.56,197.202,196.514,197.093,18364
1750665600,197.097,198.189,197.094,198.004,24324
1750680000,198.0,198.089,197.248,197.416,24105
1750694400,197.414,197.833,197.289,197.471,29743
1750708800,197.477,197.846,197.435,197.629,18089
1750723200,197.475,197.677,197.241,197.259,16265
1750737600,197.257,197.382,197.021,197.25,17308
1750752000,197.25,197.388,196.938,197.333,24609
1750766400,197.333,197.579,197.145,197.199,19908
1750780800,197.199,197.359,196.962,197.155,26377
1750795200,197.156,197.359,197.096,197.252,13678
1750809600,197.251,197.488,197.023,197.286,10208
1750824000,197.288,197.376,197.033,197.348,15484
1750838400,197.348,198.199,197.347,198.158,18864
1750852800,198.152,198.404,198.044,198.314,17844
1750867200,198.316,198.572,198.255,198.395,20973
1750881600,198.396,198.574,198.255,198.488,13588
1750896000,198.265,198.482,198.06,198.073,10697
1750910400,198.072,198.589,198.003,198.359,15430
1750924800,198.359,198.497,197.703,197.889,23356
1750939200,197.888,198.111,197.746,197.963,22375
1750953600,197.971,198.53,197.92,198.404,28181
1750968000,198.403,198.453,198.166,198.235,16575
1750982400,198.139,198.796,197.963,198.612,11528
1750996800,198.612,198.683,198.137,198.351,17458
1751011200,198.353,198.588,198.107,198.475,20803
1751025600,198.483,198.641,198.275,198.473,21069
1751040000,198.473,198.745,198.183,198.269,25611
1751054400,198.271,198.452,198.003,198.435,17479
1751241600,197.761,198.449,197.761,198.326,13569
1751256000,198.324,198.362,197.575,197.629,16798
1751270400,197.629,197.687,197.212,197.425,22901
1751284800,197.422,197.869,197.366,197.81,18789
1751299200,197.809,197.995,197.436,197.786,27050
1751313600,197.786,197.866,197.584,197.717,15899
1751328000,197.596,197.753,197.235,197.271,10713
1751342400,197.268,197.749,197.184,197.518,15312
1751356800,197.518,197.528,196.781,197.013,23090
1751371200,197.013,197.048,196.265,196.588,23877
1751385600,196.594,197.282,196.394,197.206,28275
1751400000,197.203,197.547,197.095,197.13,13561
1751414400,197.01,197.459,196.98,197.248,9242
1751428800,197.246,197.429,197.195,197.295,14400
1751443200,197.293,197.541,197.036,197.207,19788
1751457600,197.205,197.52,195.468,195.769,24827
1751472000,195.771,195.992,195.353,195.917,27120
1751486400,195.919,196.013,195.729,195.852,12605
1751500800,195.84,196.265,195.743,195.95,10248
1751515200,195.95,196.099,195.822,196.034,12953
1751529600,196.032,196.711,195.996,196.583,18201
1751544000,196.587,197.442,196.236,197.428,21964
1751558400,197.428,198.097,197.387,197.987,28372
1751572800,197.989,198.034,197.806,197.853,7160
1751587200,197.839,197.89,197.458,197.574,8515
1751601600,197.573,197.659,197.28,197.419,13583
1751616000,197.421,197.52,197.123,197.223,18987
1751630400,197.223,197.249,196.897,196.919,17707
1751644800,196.926,197.258,196.923,197.186,15098
1751659200,197.186,197.353,197.043,197.187,30647
1751846400,197.072,197.436,196.919,196.999,11526
1751860800,197.001,197.456,196.776,197.42,17653
1751875200,197.42,197.601,197.185,197.369,23250
1751889600,197.367,198.302,197.29,198.249,20161
1751904000,198.252,199.003,198.218,198.648,23431
1751918400,198.648,198.986,198.554,198.609,16727
1751932800,198.583,199.236,198.494,199.189,12865
1751947200,199.187,199.471,198.887,199.011,17508
1751961600,199.009,199.43,198.966,198.992,21718
1751976000,198.999,199.122,198.68,199.12,20375
1751990400,199.12,199.31,198.668,199.256,27807
1752004800,199.254,199.429,199.11,199.201,16587
1752019200,199.089,199.537,198.929,199.432,9809
1752033600,199.43,199.799,199.33,199.755,17161
1752048000,199.756,199.828,199.363,199.49,20334
1752062400,199.493,199.514,199.136,199.335,18951
1752076800,199.335,199.402,198.758,198.885,20734
1752091200,198.886,199.064,198.733,198.853,10998
1752105600,198.77,198.837,198.362,198.443,10793
1752120000,198.44,199.103,198.377,198.922,13218
1752134400,198.917,199.245,198.842,199.124,17323
1752148800,199.124,199.193,198.378,198.572,17297
1752163200,198.568,198.823,198.472,198.657,23259
1752177600,198.652,198.657,198.455,198.603,12483
1752192000,198.409,198.784,198.227,198.653,11588
1752206400,198.655,199.435,198.626,199.385,17416
1752220800,199.387,199.422,198.677,198.947,20887
1752235200,198.947,199.231,198.231,198.466,20139
1752249600,198.462,199.163,198.426,199.033,22900
1752264000,199.033,199.238,198.789,198.89,10920
1752451200,198.46,198.981,198.31,198.354,14038
1752465600,198.354,198.702,198.254,198.597,16590
1752480000,198.597,198.741,198.096,198.51,19148
1752494400,198.515,198.788,198.396,198.641,16226
1752508800,198.641,198.713,198.245,198.448,21875
1752523200,198.455,198.524,198.296,198.387,8939
1752537600,198.343,198.533,198.211,198.279,9587
1752552000,198.28,198.569,198.203,198.335,11885
1752566400,198.333,198.75,198.283,198.568,15920
1752580800,198.568,199.077,198.507,198.885,18424
1752595200,198.885,199.514,198.831,199.314,28254
1752609600,199.311,199.389,199.164,199.195,12357
1752624000,199.192,199.562,199.086,199.521,9290
1752638400,199.522,199.735,199.279,199.508,14053
1752652800,199.512,199.667,199.236,199.299,18960
1752667200,199.299,199.396,198.933,199.141,19394
1752681600,199.141,199.208,197.867,198.696,38732
1752696000,198.693,198.718,198.105,198.459,17414
1752710400,198.28,198.851,198.203,198.821,11234
1752724800,198.823,199.022,198.675,198.811,14607
1752739200,198.812,199.29,198.681,199.256,21249
1752753600,199.259,199.54,199.107,199.293,19891
1752768000,199.289,199.327,198.968,199.151,23580
1752782400,199.151,199.471,199.129,199.343,10712
1752796800,199.273,199.583,199.171,199.563,10126
1752811200,199.563,199.699,199.377,199.561,13638
1752825600,199.561,199.963,199.489,199.654,16217
1752840000,199.656,199.906,199.58,199.651,16568
1752854400,199.651,199.789,199.447,199.513,23013
1752868800,199.513,199.617,199.454,199.544,11974
1753056000,198.457,199.421,198.433,198.887,13928
1753070400,198.906,199.24,198.896,199.191,13281
1753084800,199.19,199.226,198.554,198.941,21001
1753099200,198.941,199.082,198.577,198.815,18888
1753113600,198.816,198.986,198.511,198.581,22448
1753128000,198.571,198.828,198.521,198.806,12504
1753142400,198.713,199.113,198.515,198.851,9424
1753156800,198.853,199.014,198.738,198.96,12417
1753171200,198.96,199.287,198.794,199.12,17286
1753185600,199.12,199.12,197.842,197.899,18277
1753200000,197.898,198.133,197.427,198.108,26608
1753214400,198.108,198.457,198.093,198.452,13851
1753228800,198.321,198.648,197.743,198.086,15236
1753243200,198.086,198.997,198.006,198.764,19680
1753257600,198.764,199.074,198.37,198.778,20581
1753272000,198.777,198.794,197.86,198.318,18230
1753286400,198.317,198.907,198.237,198.78,25173
1753300800,198.776,199.024,198.646,198.955,14143
1753315200,198.842,199.006,198.575,198.758,10567
1753329600,198.757,198.764,198.129,198.285,17392
1753344000,198.284,198.623,198.206,198.466,20773
1753358400,198.468,198.708,198.373,198.683,20272
1753372800,198.683,198.847,198.273,198.468,27971
1753387200,198.468,198.599,198.386,198.523,14815
1753401600,198.538,198.953,198.449,198.829,10610
1753416000,198.829,199.053,198.462,198.502,15703
1753430400,198.502,199.071,198.128,198.911,22817
1753444800,198.914,199.08,198.52,198.612,19070
1753459200,198.612,198.621,198.179,198.299,25949
1753473600,198.296,198.387,198.203,198.285,12559
1753660800,198.308,198.732,198.256,198.44,13621
1753675200,198.442,198.819,198.404,198.51,17384
1753689600,198.51,199.017,198.403,198.986,23317
1753704000,198.986,199.212,198.809,198.948,22257
1753718400,198.942,199.013,198.61,198.652,23333
1753732800,198.652,198.673,198.304,198.363,11466
1753747200,198.256,198.507,198.173,198.412,9066
1753761600,198.414,198.449,197.875,198.036,15766
1753776000,198.036,198.213,197.723,198.192,22307
1753790400,198.192,198.458,197.98,198.001,20453
1753804800,197.998,198.26,197.751,198.151,25821
1753819200,198.151,198.372,198.02,198.182,14559
1753833600,198.115,198.313,197.853,197.88,8902
1753848000,197.88,197.95,197.583,197.792,15796
1753862400,197.796,197.897,197.437,197.782,20117
1753876800,197.772,198.411,197.754,198.103,22702
1753891200,198.102,198.193,197.771,197.804,24372
1753905600,197.804,198.014,197.6,197.922,27265
1753920000,197.798,197.983,197.611,197.84,11344
1753934400,197.838,197.851,196.962,197.555,19005
1753948800,197.555,198.364,197.29,198.254,24884
1753963200,198.255,198.584,198.1,198.492,23633
1753977600,198.492,199.514,198.364,199.243,28998
1753992000,199.234,199.372,198.823,199.118,18008
1754006400,198.976,199.237,198.831,199.118,12975
1754020800,199.118,199.295,198.706,198.78,17689
1754035200,198.78,198.978,198.2,198.2,20038
1754049600,198.2,198.224,197.448,197.448,25319
1754064000,197.436,197.458,195.777,195.79,40846
1754078400,195.786,195.86,195.323,195.751,22529
1754265600,195.48,195.865,195.278,195.8,15419
1754280000,195.803,196.354,195.785,196.09,18490
1754294400,196.09,196.526,195.994,196.366,23746
1754308800,196.359,196.523,195.642,195.727,23762
1754323200,195.727,196.095,195.324,195.341,28843
1754337600,195.342,195.423,195.017,195.396,15778
1754352000,195.359,195.442,195.017,195.388,10823
1754366400,195.388,195.543,195.285,195.399,14433
1754380800,195.404,195.979,195.26,195.978,20478
1754395200,195.981,196.352,195.896,196.118,20677
1754409600,196.118,196.412,195.7,196.369,29262
1754424000,196.371,196.449,196.145,196.223,16622
1754438400,196.164,196.341,196.054,196.29,8917
1754452800,196.29,196.473,196.077,196.134,13427
1754467200,196.135,196.392,196.089,196.34,17924
1754481600,196.335,196.642,196.319,196.342,20440
1754496000,196.342,196.89,196.156,196.662,26237
1754510400,196.661,197.086,196.444,196.808,16950
1754524800,196.722,197.007,196.57,196.985,10011
1754539200,196.985,197.182,196.859,196.915,14461
1754553600,196.919,196.947,196.231,196.701,22167
1754568000,196.699,197.922,196.688,197.666,24212
1754582400,197.671,198.017,197.456,197.902,27535
1754596800,197.905,198.011,197.436,197.798,19301
1754611200,197.673,197.917,197.361,197.877,11815
1754625600,197.88,197.994,197.679,197.709,12582
1754640000,197.72,198.394,197.672,198.353,20681
1754654400,198.353,198.819,198.271,198.447,21484
1754668800,198.451,198.742,198.377,198.668,23201
1754683200,198.667,198.809,198.567,198.628,17274
1754870400,198.344,198.663,198.234,198.487,8291
1754884800,198.487,198.608,198.45,198.596,11948
1754899200,198.596,198.799,198.173,198.602,17453
1754913600,198.601,198.776,198.355,198.398,17690
1754928000,198.398,198.671,198.345,198.663,21086
1754942400,198.662,199.061,198.632,198.998,14164
1754956800,198.836,199.336,198.738,199.304,10011
1754971200,199.304,199.39,199.133,199.354,14170
1754985600,199.354,199.974,198.98,199.906,25962
1755000000,199.907,199.96,199.368,199.623,27960
1755014400,199.628,200.078,199.504,199.626,45024
1755028800,199.627,199.665,199.3,199.534,18483
1755043200,199.475,199.628,199.388,199.562,10406
1755057600,199.562,199.977,199.493,199.775,14984
1755072000,199.775,199.89,199.546,199.653,23853
1755086400,199.653,200.278,199.605,199.886,24745
1755100800,199.886,199.996,199.538,199.989,27520
1755115200,199.989,200.16,199.941,200.124,15355
1755129600,199.961,200.004,199.188,199.285,10766
1755144000,199.285,199.298,198.67,198.726,20207
1755158400,198.726,199.039,198.591,198.9,28648
1755172800,198.899,199.369,198.807,199.16,29648
1755187200,199.158,200.116,199.155,199.932,36401
1755201600,199.932,200.157,199.868,199.881,15992
1755216000,199.871,200.011,199.568,199.601,9240
1755230400,199.601,199.66,199.272,199.327,14477
1755244800,199.327,199.498,198.929,198.929,19424
1755259200,198.929,199.499,198.898,199.192,21724
1755273600,199.192,199.604,199.105,199.558,31113
1755288000,199.556,199.688,199.449,199.487,13480
1755475200,199.399,199.875,199.348,199.805,10466
1755489600,199.805,199.996,199.737,199.879,15414
1755504000,199.88,199.957,199.374,199.59,21990
1755518400,199.59,200.108,199.477,200.073,20112
1755532800,200.073,200.266,199.61,199.649,24900
1755547200,199.649,199.78,199.543,199.657,14220
1755561600,199.568,199.852,199.41,199.527,9601
1755576000,199.527,199.759,199.262,199.548,17315
1755590400,199.548,199.78,199.245,199.636,20293
1755604800,199.636,199.855,199.57,199.647,19628
1755619200,199.647,199.687,199.072,199.133,25958
1755633600,199.133,199.23,198.814,199.222,14820
1755648000,199.012,199.25,198.817,198.914,11862
1755662400,198.913,199.013,198.626,198.847,18008
1755676800,198.847,199.44,198.65,199.249,24620
1755691200,199.249,199.258,198.615,198.654,19280
1755705600,198.654,198.768,197.85,198.024,29320
1755720000,198.023,198.372,197.926,198.254,15352
1755734400,198.168,198.442,198.07,198.312,11325
1755748800,198.311,198.444,198.112,198.233,14557
1755763200,198.238,198.805,198.198,198.709,21080
1755777600,198.711,199.227,198.615,198.648,23962
1755792000,198.647,199.069,198.407,198.956,35057
1755806400,198.956,199.098,198.823,198.989,13714
1755820800,198.811,199.249,198.767,199.22,10555
1755835200,199.22,199.308,199.077,199.2,15258
1755849600,199.199,199.379,198.846,199.35,20803
1755864000,199.35,199.531,199.292,199.432,20174
1755878400,199.432,199.512,198.31,198.404,46548
1755892800,198.402,198.728,198.38,198.713,19124
1756080000,198.435,199.146,198.326,198.928,13568
1756094400,198.928,199.093,198.766,198.929,15373
1756108800,198.929,199.114,198.813,198.879,17475
1756123200,198.879,199.18,198.736,199.028,16447
1756137600,199.028,199.292,198.932,198.994,26405
1756152000,198.994,199.024,198.71,198.716,18865
1756166400,198.743,198.902,198.272,198.31,18431
1756180800,198.31,198.878,198.306,198.845,20527
1756195200,198.843,198.982,198.55,198.678,28999
1756209600,198.678,199.011,198.629,198.869,23936
1756224000,198.866,199.049,198.362,198.531,29598
1756238400,198.531,198.748,198.488,198.676,15431
1756252800,198.598,198.87,198.429,198.805,10394
1756267200,198.805,199.018,198.744,198.959,17113
1756281600,198.959,198.989,198.663,198.866,21643
1756296000,198.866,199.058,198.777,199.021,21911
1756310400,199.021,199.183,198.845,198.872,29575
1756324800,198.872,199.096,198.803,198.997,17705
1756339200,198.83,199.107,198.691,198.908,12940
1756353600,198.908,199.13,198.669,198.724,17514
1756368000,198.724,198.968,198.55,198.681,23062
1756382400,198.681,198.805,198.458,198.633,26193
1756396800,198.633,198.814,198.499,198.565,30697
1756411200,198.564,198.58,198.394,198.545,16192
1756425600,198.376,198.655,198.272,198.334,13381
1756440000,198.334,198.536,198.267,198.356,18802
1756454400,198.356,198.603,197.979,198.046,21320
1756468800,198.046,198.33,197.94,198.292,23791
1756483200,198.292,198.513,197.982,198.443,33428
1756497600,198.443,198.652,198.334,198.529,14840
1756684800,198.294,199.048,198.294,199.023,10547
1756699200,199.021,199.072,198.605,198.774,20274
1756713600,198.771,199.103,198.635,198.95,22775
1756728000,198.95,199.228,198.863,199.197,19836
1756742400,199.199,199.556,199.196,199.381,20118
1756756800,199.381,199.417,199.332,199.35,6854
1756771200,199.274,199.5,199.168,199.406,11609
1756785600,199.406,200.001,199.3,199.829,20542
1756800000,199.829,200.26,198.796,199.099,36151
1756814400,199.099,199.133,198.57,198.697,36411
1756828800,198.697,198.839,198.315,198.605,36754
1756843200,198.605,198.737,198.442,198.687,16288
1756857600,198.545,198.972,198.492,198.968,11488
1756872000,198.966,199.062,198.609,198.652,16883
1756886400,198.652,199.233,198.473,199.207,26332
1756900800,199.202,199.663,199.046,199.654,25003
1756915200,199.654,199.718,198.896,198.967,34468
1756929600,198.967,199.152,198.87,199.038,16424
1756944000,198.941,199.125,198.792,198.971,12590
1756958400,198.971,199.098,198.759,199.036,17930
1756972800,199.036,199.489,198.937,199.406,20995
1756987200,199.406,199.499,199.081,199.495,24760
1757001600,199.498,199.821,199.333,199.463,29550
1757016000,199.463,199.582,199.416,199.443,12098
1757030400,199.337,199.553,199.195,199.271,11948
1757044800,199.271,199.406,199.213,199.352,14140
1757059200,199.352,199.693,199.283,199.567,18217
1757073600,199.567,199.785,198.948,199.157,28330
1757088000,199.157,199.323,198.67,199.012,43787
1757102400,199.012,199.198,198.959,199.052,18558
1757289600,199.922,200.341,199.57,200.193,15700
1757304000,200.192,200.254,199.832,199.969,17268
1757318400,199.959,200.006,199.347,199.554,20270
1757332800,199.552,200.071,199.487,200.018,17936
1757347200,200.024,200.142,199.83,199.927,21517
1757361600,199.926,199.993,199.665,199.805,11480
1757376000,199.68,199.829,199.55,199.768,10263
1757390400,199.773,199.871,199.648,199.694,14711
1757404800,199.693,199.776,198.876,199.005,21871
1757419200,198.999,199.146,198.784,199.139,19562
1757433600,199.14,199.418,198.865,199.321,26229
1757448000,199.319,199.456,199.267,199.403,11805
1757462400,199.151,199.418,199.128,199.346,10143
1757476800,199.346,199.57,199.256,199.499,15005
1757491200,199.499,199.657,199.392,199.549,18313
1757505600,199.544,199.71,199.257,199.608,19770
1757520000,199.616,199.801,199.435,199.48,22054
1757534400,199.481,199.49,199.3,199.454,10660
1757548800,199.416,199.512,199.214,199.472,8973
1757563200,199.472,199.517,199.321,199.432,12520
1757577600,199.433,199.866,199.347,199.81,19425
1757592000,199.812,200.07,199.575,199.825,23199
1757606400,199.827,199.916,199.368,199.667,28407
1757620800,199.668,199.953,199.66,199.844,15429
1757635200,199.753,199.939,199.639,199.826,8746
1757649600,199.825,199.985,199.706,199.948,12446
1757664000,199.954,200.239,199.643,200.155,19617
1757678400,200.156,200.474,200.118,200.232,19172
1757692800,200.234,200.359,200.044,200.261,20309
1757707200,200.26,200.307,200.051,200.223,10903
1757894400,199.93,200.339,199.901,200.006,7197
1757908800,200.006,200.117,199.909,199.977,11078
1757923200,199.971,200.445,199.93,200.201,16695
1757937600,200.199,200.74,200.148,200.495,16702
1757952000,200.492,200.522,200.212,200.354,18817
1757966400,200.355,200.601,200.308,200.422,12564
1757980800,200.311,200.571,200.183,200.535,9002
1757995200,200.535,200.646,200.105,200.164,15676
1758009600,200.167,200.415,200.067,200.298,19810
1758024000,200.297,200.716,200.277,200.648,21182
1758038400,200.647,200.702,199.868,199.886,23724
1758052800,199.883,199.996,199.777,199.84,14556
1758067200,199.812,200.01,199.692,199.941,10748
1758081600,199.945,199.968,199.769,199.789,12499
1758096000,199.79,200.021,199.728,199.756,16180
1758110400,199.757,199.926,199.477,199.863,15371
1758124800,199.866,199.99,199.677,199.894,16612
1758139200,199.896,200.35,199.55,200.303,31818
1758153600,200.182,200.338,200.036,200.198,13455
1758168000,200.197,200.345,200.144,200.293,16057
1758182400,200.294,201.259,200.25,201.087,22100
1758196800,201.086,201.201,200.621,200.91,22118
1758211200,200.908,201.051,200.348,200.393,28270
1758225600,200.391,200.538,200.305,200.52,12149
1758240000,200.393,200.608,200.21,200.527,11412
1758254400,200.528,200.575,199.515,199.806,21502
1758268800,199.803,199.918,199.355,199.589,25023
1758283200,199.584,199.834,199.46,199.544,17694
1758297600,199.547,199.657,199.206,199.329,22393
1758312000,199.33,199.418,199.223,199.282,10572
1758499200,199.092,199.552,199.056,199.527,11368
1758513600,199.519,199.758,199.491,199.597,14218
1758528000,199.599,199.762,199.365,199.532,18526
1758542400,199.531,199.773,199.386,199.699,17293
1758556800,199.698,199.784,199.502,199.573,18240
1758571200,199.571,199.724,199.544,199.608,8870
1758585600,199.484,199.7,199.346,199.649,7918
1758600000,199.647,199.715,199.544,199.626,12733
1758614400,199.629,199.812,199.186,199.262,19179
1758628800,199.258,199.96,199.138,199.853,17232
1758643200,199.853,199.928,199.539,199.792,22647
1758657600,199.791,199.8,199.349,199.679,15022
1758672000,199.509,199.785,199.366,199.711,10728
1758686400,199.708,199.885,199.587,199.795,13867
1758700800,199.792,199.915,199.551,199.909,17033
1758715200,199.911,200.012,199.764,199.883,17492
1758729600,199.882,200.139,199.701,199.975,21716
1758744000,199.973,200.232,199.969,200.192,10091
1758758400,200.093,200.2,199.87,199.916,10810
1758772800,199.923,200.209,199.911,200.056,12816
1758787200,200.054,200.343,199.914,200.089,17469
1758801600,200.101,200.157,199.539,199.738,19709
1758816000,199.736,200.02,199.633,199.825,27001
1758830400,199.831,199.893,199.63,199.862,13481
1758844800,199.775,199.928,199.632,199.752,12778
1758859200,199.75,199.952,199.68,199.828,12274
1758873600,199.832,200.205,199.796,200.136,16115
1758888000,200.135,200.199,199.927,200.145,17582
1758902400,200.148,200.504,200.118,200.364,22715
1758916800,200.365,200.477,200.342,200.391,9764
1759104000,200.194,200.418,200.04,200.243,9150
1759118400,200.245,200.288,199.977,200.147,13002
1759132800,200.15,200.202,199.531,199.554,16564
1759147200,199.553,199.969,199.491,199.888,15495
1759161600,199.887,199.991,199.334,199.552,18235
1759176000,199.556,199.734,199.427,199.59,8967
1759190400,199.482,199.767,199.376,199.747,9434
1759204800,199.749,199.766,199.34,199.418,13518
1759219200,199.42,199.499,198.781,198.796,17906
1759233600,198.797,199.05,198.75,198.881,14360
1759248000,198.889,199.0,198.572,198.837,21958
1759262400,198.836,198.91,198.729,198.834,11673
1759276800,198.696,199.214,198.63,199.063,10059
1759291200,199.063,199.1,198.621,198.649,11762
1759305600,198.655,198.739,198.011,198.166,20482
1759320000,198.167,198.528,197.902,198.357,20570
1759334400,198.351,198.498,198.176,198.28,24338
1759348800,198.281,198.387,198.159,198.165,11112
1759363200,198.121,198.441,198.022,198.252,8110
1759377600,198.258,198.404,198.135,198.317,10848
1759392000,198.316,198.607,198.078,198.235,17301
1759406400,198.245,198.254,197.596,198.16,16188
1759420800,198.153,198.175,197.484,197.771,21326
1759435200,197.775,197.96,197.753,197.909,8403
1759449600,197.726,198.116,197.677,198.103,6498
1759464000,198.107,198.55,197.956,198.467,10807
1759478400,198.465,198.527,198.257,198.269,15291
1759492800,198.27,198.293,197.999,198.187,13842
1759507200,198.185,198.829,198.028,198.794,20179
1759521600,198.793,198.863,198.609,198.768,10142
1759708800,200.694,201.309,200.22,201.196,17835
1759723200,201.214,202.157,201.079,202.119,14812
1759737600,202.129,202.229,201.504,202.027,21495
1759752000,202.011,202.121,201.238,201.269,19714
1759766400,201.271,202.345,201.244,202.337,19685
1759780800,202.335,202.802,202.305,202.764,9048
1759795200,202.551,203.051,202.433,202.886,8610
1759809600,202.895,202.93,202.511,202.597,9474
1759824000,202.6,202.699,202.27,202.608,16588
1759838400,202.61,202.681,202.103,202.323,15934
1759852800,202.323,203.491,202.2,203.416,21702
1759867200,203.417,204.059,203.411,203.897,12676
1759881600,203.942,204.386,203.734,204.321,10683
1759896000,204.328,204.467,203.966,204.067,14125
1759910400,204.072,204.83,203.898,204.8,18470
1759924800,204.8,205.313,204.562,204.644,17478
1759939200,204.646,205.088,204.305,204.498,20032
1759953600,204.496,204.678,204.344,204.656,12007
1759968000,204.646,204.768,204.368,204.767,10071
1759982400,204.781,204.867,204.376,204.493,11363
1759996800,204.496,204.847,204.102,204.151,19292
1760011200,204.157,204.518,203.896,204.434,18770
1760025600,204.429,204.559,203.365,203.391,27147
1760040000,203.394,203.662,203.296,203.631,14914
1760054400,203.363,203.741,203.363,203.497,9672
1760068800,203.494,203.617,203.169,203.288,12130
1760083200,203.287,203.493,202.653,203.141,20411
1760097600,203.14,203.204,202.484,202.578,18257
1760112000,202.577,203.115,202.208,202.686,31255
1760126400,202.68,202.766,201.776,201.833,18988
1760313600,202.654,203.084,202.33,202.713,16414
1760328000,202.718,202.963,202.71,202.897,13777
1760342400,202.887,203.241,202.622,203.003,20234
1760356800,203.004,203.087,202.724,202.948,18266
1760371200,202.95,203.136,202.76,202.98,20272
1760385600,202.98,203.126,202.926,203.025,10258
1760400000,202.903,203.482,202.843,203.321,11429
1760414400,203.318,203.514,202.612,202.756,18408
1760428800,202.755,202.772,201.325,201.881,27575
1760443200,201.877,202.019,201.322,201.63,23153
1760457600,201.628,202.216,201.623,202.073,29875
1760472000,202.075,202.328,201.99,202.172,15644
1760486400,202.086,202.293,201.922,202.005,11579
1760500800,201.993,202.045,201.588,201.889,15306
1760515200,201.927,202.106,201.656,201.804,20467
1760529600,201.804,202.497,201.778,202.369,20393
1760544000,202.362,202.637,202.043,202.455,26005
1760558400,202.458,202.702,202.177,202.467,15987
1760572800,202.386,202.496,201.978,202.27,12298
1760587200,202.269,202.671,202.228,202.598,15672
1760601600,202.604,203.235,202.588,203.235,22533
1760616000,203.236,203.427,202.819,203.191,20370
1760630400,203.192,203.357,201.706,201.932,30680
1760644800,201.939,202.239,201.741,202.096,23317
1760659200,201.982,202.158,201.703,202.007,13625
1760673600,202.009,202.134,201.593,201.725,18562
1760688000,201.727,201.82,200.667,201.06,28354
1760702400,201.059,202.104,200.938,201.696,27440
1760716800,201.695,202.008,201.295,201.798,31171
1760731200,201.79,202.233,201.701,202.144,17527
1760918400,201.942,202.764,201.712,202.727,12870
1760932800,202.728,203.102,202.252,202.334,15553
1760947200,202.33,202.496,202.086,202.195,21638
1760961600,202.19,202.504,201.816,202.279,22023
1760976000,202.289,202.304,201.878,202.139,23232
1760990400,202.149,202.204,201.993,202.062,12177
1761004800,201.9,202.175,201.813,202.087,10332
1761019200,202.089,202.514,201.894,202.315,16683
1761033600,202.312,202.916,202.076,202.845,26648
1761048000,202.853,203.52,202.826,203.505,24065
1761062400,203.508,203.521,202.564,203.064,28625
1761076800,203.067,203.2,202.959,203.035,14009
1761091200,203.013,203.126,202.731,202.731,11218
1761105600,202.719,203.128,202.624,203.034,14858
1761120000,203.035,203.246,201.968,202.054,24595
1761134400,202.048,202.548,201.916,202.415,24821
1761148800,202.415,203.048,202.323,202.915,28260
1761163200,202.915,203.044,202.518,202.956,16916
1761177600,202.736,203.161,202.734,203.049,11515
1761192000,203.05,203.379,203.012,203.287,12462
1761206400,203.29,203.768,203.185,203.72,18306
1761220800,203.721,203.793,203.45,203.529,18553
1761235200,203.532,203.661,203.205,203.299,24078
1761249600,203.299,203.437,203.194,203.355,12110
1761264000,203.18,203.492,203.17,203.475,9246
1761278400,203.478,203.721,203.474,203.66,13147
1761292800,203.657,203.938,203.413,203.731,20984
1761307200,203.723,203.802,203.266,203.748,20698
1761321600,203.754,203.984,203.079,203.203,25764
1761336000,203.2,203.508,203.191,203.451,11056
1761523200,203.496,204.057,203.456,203.704,13388
1761537600,203.703,203.924,203.559,203.91,13827
1761552000,203.912,204.072,203.528,203.649,19178
1761566400,203.656,204.048,203.536,203.998,19920
1761580800,204.002,204.238,203.845,204.012,21597
1761595200,204.018,204.161,203.733,203.918,11167
1761609600,203.774,203.822,203.478,203.574,9958
1761624000,203.577,203.584,202.951,202.998,17026
1761638400,203.001,203.31,202.041,202.201,23758
1761652800,202.202,202.442,202.038,202.081,22149
1761667200,202.093,202.259,201.66,202.145,26160
1761681600,202.147,202.166,201.751,201.903,12634
1761696000,201.807,201.969,201.111,201.247,11277
1761710400,201.249,201.714,201.145,201.499,14865
1761724800,201.501,201.946,200.977,201.198,20785
1761739200,201.199,201.418,200.894,201.009,21009
1761753600,201.01,201.454,200.558,201.256,24973
1761768000,201.246,201.659,200.988,201.48,27395
1761782400,201.358,201.696,201.139,201.52,12615
1761796800,201.525,202.102,200.977,201.896,23578
1761811200,201.897,203.118,201.736,203.055,26008
1761825600,203.051,203.258,202.571,202.692,23401
1761840000,202.703,203.141,202.493,202.718,27529
1761854400,202.719,202.822,202.431,202.695,14881
1761868800,202.578,202.747,202.436,202.503,11063
1761883200,202.501,202.605,202.168,202.525,13854
1761897600,202.523,202.915,202.304,202.688,19368
1761912000,202.689,202.768,201.847,202.006,19395
1761926400,202.008,202.466,201.838,202.317,26305
1761940800,202.316,202.563,202.284,202.467,13623
1762128000,202.228,202.62,202.13,202.424,12056
1762142400,202.428,202.578,202.362,202.531,10325
1762156800,202.532,202.772,202.096,202.341,16921
1762171200,202.339,202.658,202.253,202.467,15383
1762185600,202.469,202.798,201.878,202.627,20191
1762200000,202.626,202.69,202.504,202.623,10671
1762214400,202.595,202.67,202.361,202.538,12123
1762228800,202.539,202.555,201.674,201.714,14719
1762243200,201.715,201.768,200.372,200.485,22395
1762257600,200.48,200.829,200.244,200.28,18029
1762272000,200.275,200.411,199.995,200.102,20932
1762286400,200.103,200.139,199.868,200.067,11572
1762300800,200.082,200.171,199.056,199.331,15618
1762315200,199.348,200.068,199.244,199.901,15300
1762329600,199.901,200.434,199.815,200.401,17473
1762344000,200.398,200.721,199.977,200.564,17763
1762358400,200.563,201.24,200.502,200.888,21461
1762372800,200.893,201.17,200.826,201.126,10398
1762387200,201.0,201.161,200.815,200.995,10512
1762401600,200.987,201.163,200.878,200.972,9709
1762416000,200.974,201.18,200.767,201.065,16465
1762430400,201.066,201.372,200.639,201.205,18335
1762444800,201.204,201.237,200.298,200.78,24697
1762459200,200.781,201.2,200.738,201.092,15131
1762473600,200.848,201.243,200.806,200.98,13701
1762488000,200.981,201.187,200.694,201.171,11947
1762502400,201.178,201.382,200.963,201.036,16180
1762516800,201.032,201.387,200.642,201.364,19772
1762531200,201.365,201.794,201.124,201.627,24806
1762545600,201.635,202.087,201.58,201.871,15224
1762732800,202.24,202.37,201.75,202.302,17675
1762747200,202.299,202.604,202.216,202.503,16020
1762761600,202.499,203.2,202.368,203.068,24008
1762776000,203.066,203.225,202.807,202.958,19551
1762790400,202.956,202.964,202.46,202.873,24650
1762804800,202.874,203.102,202.839,203.08,13035
1762819200,202.87,203.269,202.78,203.155,14188
1762833600,203.152,203.269,202.91,202.917,13589
1762848000,202.917,203.132,202.326,202.617,20918
1762862400,202.618,202.853,202.441,202.537,20606
1762876800,202.534,203.041,202.491,202.976,24183
1762891200,202.971,203.055,202.685,202.71,12426
1762905600,202.639,202.853,202.496,202.753,13001
1762920000,202.763,203.253,202.672,203.089,14105
1762934400,203.089,203.566,202.942,203.089,20723
1762948800,203.088,203.398,202.844,203.047,20875
1762963200,203.045,203.258,202.761,203.112,24250
1762977600,203.114,203.279,203.034,203.238,13733
1762992000,203.176,203.317,203.02,203.061,14319
1763006400,203.048,203.301,202.956,203.243,15263
1763020800,203.244,203.53,202.96,203.286,25043
1763035200,203.285,203.824,203.257,203.649,23836
1763049600,203.646,204.064,203.359,203.873,31669
1763064000,203.874,203.942,203.645,203.749,19613
1763078400,203.732,203.874,203.025,203.111,17538
1763092800,203.11,203.248,202.923,203.107,16952
1763107200,203.108,203.949,202.629,203.493,26857
1763121600,203.496,203.576,202.341,202.882,27112
1763136000,202.887,203.596,202.657,203.518,31241
1763150400,203.517,203.599,203.266,203.533,16663
1763337600,203.29,203.524,203.12,203.339,15767
1763352000,203.342,203.533,203.273,203.307,12055
1763366400,203.307,203.894,203.287,203.718,20954
1763380800,203.719,204.247,203.611,204.03,21248
1763395200,204.029,204.521,203.952,204.338,23642
1763409600,204.335,204.359,204.006,204.19,16446
1763424000,204.154,204.291,204.008,204.1,13946
1763438400,204.099,204.198,203.68,204.095,19941
1763452800,204.094,204.292,203.763,204.162,28755
1763467200,204.166,204.353,203.885,204.11,23576
1763481600,204.108,204.595,203.979,204.583,31124
1763496000,204.585,204.737,204.394,204.458,18328
1763510400,204.386,204.543,204.158,204.198,15596
1763524800,204.2,204.237,203.975,204.237,18019
1763539200,204.236,204.734,204.18,204.712,22529
1763553600,204.712,205.043,204.492,205.021,23457
1763568000,205.02,205.363,204.581,204.846,29429
1763582400,204.847,205.276,204.733,205.221,20496
1763596800,205.141,205.387,204.795,205.367,15280
1763611200,205.373,205.708,205.168,205.643,15968
1763625600,205.64,206.04,205.292,205.566,22928
1763640000,205.569,206.453,205.541,206.343,23836
1763654400,206.342,206.85,205.633,205.839,37163
1763668800,205.836,206.208,205.782,205.806,22143
1763683200,205.829,206.039,205.574,206.017,17110
1763697600,205.975,206.042,205.594,205.783,17942
1763712000,205.789,205.847,204.701,204.741,27332
1763726400,204.731,205.274,204.371,205.169,30056
1763740800,205.17,205.32,204.286,205.07,34671
1763755200,205.072,205.186,204.799,204.817,18546
1763942400,204.756,205.227,204.756,205.119,14602
1763956800,205.118,205.234,205.052,205.148,15421
1763971200,205.153,205.508,205.114,205.169,23002
1763985600,205.168,205.9,205.125,205.636,21351
1764000000,205.637,205.748,205.201,205.527,24684
1764014400,205.525,205.673,205.415,205.626,12068
1764028800,205.533,205.701,205.297,205.33,12881
1764043200,205.327,205.462,205.226,205.333,12419
1764057600,205.341,205.604,204.994,205.293,19952
1764072000,205.294,205.55,205.024,205.385,23387
1764086400,205.384,205.941,205.346,205.793,29958
1764100800,205.792,205.986,205.394,205.484,16966
1764115200,205.329,205.97,205.262,205.513,17243
1764129600,205.511,205.972,205.33,205.931,19754
1764144000,205.932,206.244,205.901,206.105,25663
1764158400,206.105,206.84,205.503,206.671,29358
1764172800,206.673,207.062,206.519,206.855,26774
1764187200,206.856,207.157,206.768,207.128,13360
1764201600,207.07,207.093,206.422,206.87,15357
1764216000,206.875,207.051,206.643,206.81,14802
1764230400,206.814,206.985,206.495,206.598,18650
1764244800,206.597,207.061,206.541,206.938,16500
1764259200,206.94,207.191,206.842,206.945,12339
1764273600,206.943,206.992,206.856,206.899,7405
1764288000,206.849,207.194,206.735,206.924,13366
1764302400,206.926,206.979,206.601,206.876,40681
1764316800,206.875,206.951,206.318,206.461,45688
1764331200,206.462,206.58,206.154,206.33,44243
1764345600,206.333,206.891,206.311,206.762,26679
1764360000,206.771,206.812,206.592,206.637,17033
1764547200,206.355,206.754,205.882,206.028,17952
1764561600,206.029,206.045,205.568,205.7,14732
1764576000,205.694,205.807,205.232,205.48,22078
1764590400,205.484,205.484,205.202,205.406,23698
1764604800,205.407,205.622,205.189,205.436,25929
1764619200,205.435,205.525,205.331,205.43,13450
1764633600,205.384,205.686,205.267,205.615,8961
1764648000,205.615,205.768,205.545,205.676,9796
1764662400,205.675,206.245,205.659,206.033,18407
1764676800,206.034,206.109,205.677,205.983,17928
1764691200,205.982,206.186,205.476,205.744,24672
1764705600,205.742,205.967,205.674,205.964,14059
1764720000,205.73,206.001,205.586,205.87,10090
1764734400,205.874,206.097,205.863,206.082,9201
1764748800,206.081,206.685,205.898,206.639,18020
1764763200,206.638,206.888,206.43,206.783,18856
1764777600,206.786,207.077,206.446,206.967,26314
1764792000,206.966,207.333,206.905,207.261,13635
1764806400,207.234,207.245,206.866,207.112,10825
1764820800,207.108,207.353,206.982,207.032,13199
1764835200,207.033,207.28,206.554,206.606,18997
1764849600,206.608,206.733,206.347,206.534,21789
1764864000,206.535,207.014,206.489,206.728,24238
1764878400,206.743,206.838,206.661,206.729,15185
1764892800,206.522,206.801,206.461,206.68,12236
1764907200,206.679,206.78,206.224,206.311,13044
1764921600,206.308,206.852,206.179,206.74,20450
1764936000,206.742,207.237,206.719,207.192,19329
1764950400,207.193,207.291,206.828,206.993,28959
1764964800,206.994,207.125,206.955,207.047,15995
1765152000,206.694,207.035,206.596,206.604,16499
1765166400,206.594,207.096,206.579,206.982,15451
1765180800,206.983,207.18,206.863,207.035,23635
1765195200,207.036,207.321,207.035,207.285,22644
1765209600,207.284,207.719,207.216,207.506,29936
1765224000,207.508,207.796,207.469,207.731,14754
1765238400,207.561,207.835,207.512,207.712,11960
1765252800,207.713,208.054,207.641,208.006,14056
1765267200,208.004,208.71,207.904,208.316,24634
1765281600,208.316,208.432,208.012,208.163,25508
1765296000,208.157,208.941,208.137,208.654,30045
1765310400,208.652,208.763,208.543,208.664,15119
1765324800,208.439,208.72,208.354,208.394,11826
1765339200,208.393,208.552,208.227,208.521,11145
1765353600,208.519,208.866,208.513,208.766,19902
1765368000,208.765,208.78,208.469,208.684,21986
1765382400,208.686,208.767,208.33,208.594,25259
1765396800,208.596,208.879,208.356,208.862,28975
1765411200,208.594,208.804,208.25,208.373,15307
1765425600,208.374,208.545,208.011,208.519,17123
1765440000,208.516,208.645,208.196,208.411,25052
1765454400,208.41,208.599,208.093,208.191,26690
1765468800,208.194,208.466,207.89,208.343,30849
1765483200,208.345,208.483,208.264,208.297,17518
1765497600,208.244,208.584,208.172,208.464,15942
1765512000,208.465,208.613,208.413,208.611,11810
1765526400,208.612,208.716,208.213,208.611,22832
1765540800,208.613,208.742,208.365,208.619,20480
1765555200,208.619,208.657,207.875,208.322,30868
1765569600,208.321,208.425,208.12,208.307,16762
1765756800,208.388,208.434,208.079,208.093,13402
1765771200,208.103,208.139,207.142,207.184,17304
1765785600,207.182,207.529,207.081,207.458,22482
1765800000,207.459,207.731,207.29,207.706,18854
1765814400,207.717,207.884,207.352,207.605,29835
1765828800,207.602,207.694,207.533,207.571,14250
1765843200,207.408,207.594,206.975,207.012,17049
1765857600,207.013,207.101,206.761,206.896,18680
1765872000,206.892,207.735,206.846,207.635,24508
1765886400,207.629,207.958,207.508,207.71,26363
1765900800,207.709,207.996,207.193,207.629,36080
1765915200,207.631,207.872,207.511,207.714,20461
1765929600,207.57,207.877,207.406,207.642,14471
1765944000,207.64,207.862,207.538,207.631,16775
1765958400,207.633,207.98,207.047,207.25,28226
1765972800,207.251,207.662,207.14,207.596,25130
1765987200,207.598,208.381,207.573,208.211,32213
1766001600,208.209,208.396,208.12,208.276,16741
1766016000,208.133,208.189,207.851,208.176,14408
1766030400,208.178,208.404,208.085,208.291,15308
1766044800,208.293,208.544,207.959,208.144,23426
1766059200,208.143,208.987,207.836,208.923,27506
1766073600,208.918,209.005,208.084,208.258,34638
1766088000,208.257,208.371,208.128,208.154,16048
1766102400,207.947,208.497,207.916,208.411,13365
1766116800,208.404,208.845,208.191,208.639,21819
1766131200,208.64,210.385,208.514,210.35,30724
1766145600,210.361,210.594,210.149,210.366,25043
1766160000,210.368,210.789,210.014,210.602,29847
1766174400,210.601,211.029,210.583,210.992,16179
1766361600,210.86,211.017,210.52,210.702,26931
1766376000,210.7,210.916,210.616,210.808,14978
1766390400,210.809,211.45,210.671,211.374,21777
1766404800,211.372,211.585,210.831,211.22,23451
1766419200,211.215,211.315,211.022,211.271,27635
1766433600,211.272,211.384,211.129,211.355,14294
1766448000,211.204,211.385,210.779,210.8,14620
1766462400,210.801,210.886,210.278,210.381,17860
1766476800,210.38,210.804,210.296,210.578,26098
1766491200,210.569,211.029,210.424,210.913,25714
1766505600,210.914,211.147,210.497,210.519,28504
1766520000,210.52,211.172,210.519,211.154,14161
1766534400,211.006,211.095,210.462,210.504,17488
1766548800,210.476,210.782,210.392,210.532,17275
1766563200,210.529,210.694,210.378,210.63,23095
1766577600,210.628,210.739,210.517,210.588,22718
1766592000,210.594,210.687,210.034,210.417,24449
1766606400,210.417,210.552,210.232,210.458,17593
1766707200,210.814,211.406,210.292,211.173,21251
1766721600,211.171,211.241,210.675,210.784,17303
1766736000,210.78,211.07,210.614,210.985,20002
1766750400,210.983,211.38,210.923,211.298,19149
1766764800,211.295,211.502,211.144,211.282,27205
1766779200,211.282,211.414,211.161,211.31,15523
1766966400,211.088,211.257,210.7,211.157,20214
1766980800,211.159,211.347,210.799,210.866,16734
1766995200,210.873,210.917,210.426,210.884,24599
1767009600,210.883,211.174,210.595,210.805,25631
1767024000,210.805,210.874,210.443,210.621,30867
1767038400,210.621,210.887,210.602,210.782,14579
1767052800,210.664,211.058,210.553,211.023,15822
1767067200,211.024,211.092,210.777,210.877,16345
1767081600,210.88,210.958,210.532,210.709,22463
1767096000,210.707,210.77,210.419,210.665,23019
1767110400,210.663,210.764,210.445,210.563,26196
1767124800,210.563,210.744,210.533,210.662,13618
1767139200,210.458,210.668,210.446,210.559,10709
1767153600,210.563,210.823,210.56,210.769,12099
1767168000,210.768,210.819,210.25,210.465,18731
1767182400,210.462,211.091,210.369,210.971,23870
1767196800,210.975,211.085,210.34,210.948,30912
1767211200,210.948,211.205,210.811,211.096,15097
1767312000,210.918,211.35,210.856,211.256,9568
1767326400,211.257,211.427,211.182,211.367,9695
1767340800,211.368,211.435,210.974,211.122,21136
1767355200,211.123,211.202,210.735,211.146,20823
1767369600,211.148,211.433,211.018,211.049,26847
1767384000,211.048,211.171,210.987,211.081,14425
1767571200,210.768,211.322,210.708,211.024,19664
1767585600,211.021,211.167,210.847,211.051,19264
1767600000,211.053,211.12,210.494,210.945,25287
1767614400,210.944,211.012,210.7,210.968,27592
1767628800,210.966,211.586,210.879,211.55,31452
1767643200,211.549,211.838,211.331,211.753,14715
1767657600,211.59,212.145,211.59,211.922,15136
1767672000,211.923,212.044,211.808,211.946,16096
1767686400,211.944,212.069,211.658,211.661,25746
1767700800,211.657,211.77,211.305,211.469,25701
1767715200,211.467,211.716,211.373,211.684,29536
1767729600,211.683,211.737,211.378,211.521,12539
1767744000,211.338,211.716,211.26,211.654,13486
1767758400,211.653,211.75,211.189,211.241,14775
1767772800,211.24,211.351,211.015,211.131,21971
1767787200,211.133,211.413,210.965,211.068,23317
1767801600,211.07,211.339,210.926,211.007,29542
1767816000,211.009,211.093,210.953,210.969,14016
1767830400,210.886,211.156,210.77,211.13,11015
1767844800,211.133,211.141,210.771,210.837,13560
1767859200,210.84,210.84,210.294,210.632,23186
1767873600,210.634,210.822,210.505,210.682,21474
1767888000,210.683,211.044,210.554,210.684,28060
1767902400,210.67,210.947,210.538,210.848,13251
1767916800,210.488,211.036,210.488,211.031,12439
1767931200,211.026,211.368,211.005,211.353,14701
1767945600,211.351,211.598,211.235,211.483,22981
1767960000,211.485,211.734,211.26,211.584,26299
1767974400,211.586,212.057,211.484,211.828,35042
1767988800,211.827,211.85,211.555,211.589,14999
1768176000,211.688,211.89,211.567,211.808,16854
1768190400,211.807,212.367,211.785,212.252,15238
1768204800,212.25,212.473,212.083,212.419,24507
1768219200,212.418,212.791,212.375,212.791,23060
1768233600,212.79,213.0,212.648,212.847,25833
1768248000,212.846,213.0,212.721,212.969,11126
1768262400,212.839,213.489,212.651,213.475,15969
1768276800,213.477,214.044,213.335,213.912,17463
1768291200,213.917,214.286,213.838,214.189,22934
1768305600,214.186,214.262,213.676,214.091,23883
1768320000,214.088,214.137,213.492,213.625,29918
1768334400,213.623,213.796,213.484,213.675,13619
1768348800,213.492,214.002,213.465,213.867,12528
1768363200,213.869,214.103,213.812,214.064,14012
1768377600,214.065,214.089,213.444,213.63,25322
1768392000,213.629,213.646,212.842,213.222,24933
1768406400,213.225,213.321,212.541,212.62,30680
1768420800,212.62,213.087,212.583,213.005,15221
1768435200,212.836,213.03,212.56,212.748,14812
1768449600,212.746,213.013,212.662,212.716,13342
1768464000,212.711,213.306,212.704,212.827,23196
1768478400,212.827,212.836,212.31,212.389,21891
1768492800,212.39,212.466,211.99,212.197,26137
1768507200,212.199,212.275,212.103,212.259,13378
1768521600,212.079,212.289,212.042,212.189,11556
1768536000,212.193,212.219,211.474,211.948,13203
1768550400,211.945,211.989,211.639,211.928,18775
1768564800,211.926,212.067,211.619,211.795,19793
1768579200,211.792,211.898,211.38,211.565,27731
1768593600,211.56,211.707,211.404,211.424,13676
1768780800,210.712,211.32,210.604,211.163,22390
1768795200,211.164,211.603,211.161,211.498,16767
1768809600,211.501,212.025,211.417,211.707,22376
1768824000,211.706,211.949,211.647,211.818,16997
1768838400,211.82,212.385,211.737,212.251,15876
1768852800,212.25,212.342,212.211,212.281,5635
1768867200,212.094,212.342,211.835,212.018,12792
1768881600,212.017,212.542,211.977,212.504,13439
1768896000,212.5,213.484,212.371,212.535,31008
1768910400,212.536,212.909,212.139,212.334,30455
1768924800,212.331,212.848,212.105,212.544,31639
1768939200,212.545,212.638,212.409,212.56,17750
1768953600,212.517,212.645,212.386,212.479,14713
1768968000,212.477,212.624,212.26,212.581,12979
1768982400,212.577,212.619,211.867,211.882,20551
1768996800,211.881,212.236,211.582,212.22,22941
1769011200,212.219,212.755,212.076,212.346,35439
1769025600,212.346,212.652,212.242,212.589,20271
1769040000,212.468,212.691,212.371,212.661,14006
1769054400,212.663,213.203,212.602,213.133,12951
1769068800,213.134,213.431,212.91,213.342,20733
1769083200,213.341,213.426,212.668,213.017,26228
1769097600,213.019,213.66,212.977,213.587,28685
1769112000,213.588,213.954,213.56,213.906,14195
1769126400,213.552,214.15,213.535,214.12,13103
1769140800,214.119,214.16,213.865,214.111,12707
1769155200,214.106,214.848,212.476,213.773,31098
1769169600,213.772,214.17,213.712,214.052,22606
1769184000,214.052,214.616,212.649,212.774,33515
1769198400,212.771,212.925,212.08,212.416,27593
1769385600,211.482,212.07,210.8,210.951,26819
1769400000,210.95,211.013,210.188,210.607,23393
1769414400,210.61,210.896,209.626,210.09,32040
1769428800,210.094,210.571,209.596,210.465,28653
1769443200,210.464,211.063,210.381,210.751,28981
1769457600,210.751,211.069,210.55,210.937,21175
1769472000,210.735,211.189,210.678,211.133,14857
1769486400,211.133,211.447,211.059,211.318,17501
1769500800,211.32,211.75,209.804,210.606,26185
1769515200,210.611,210.993,210.254,210.487,35054
1769529600,210.478,211.148,210.259,210.615,36478
1769544000,210.613,210.948,210.062,210.809,27263
1769558400,210.65,211.213,210.22,211.121,23424
1769572800,211.122,211.161,210.399,210.697,20968
1769587200,210.709,210.842,210.306,210.537,30040
1769601600,210.537,210.555,210.062,210.471,28172
1769616000,210.471,211.893,210.458,211.699,37121
1769630400,211.7,212.016,211.566,211.853,28990
1769644800,211.616,211.834,211.326,211.543,26344
1769659200,211.549,211.836,211.319,211.732,20697
1769673600,211.733,212.159,211.577,211.621,27354
1769688000,211.619,211.815,211.41,211.686,26645
1769702400,211.697,211.908,210.034,210.972,43506
1769716800,210.97,211.511,210.944,211.458,23849
1769731200,210.996,211.68,210.976,211.576,22127
1769745600,211.576,211.91,211.299,211.725,26383
1769760000,211.724,211.989,211.501,211.872,34761
1769774400,211.869,212.169,211.768,212.159,33651
1769788800,212.162,212.467,211.535,211.713,41008
1769803200,211.716,211.845,211.489,211.765,33914
1769990400,211.97,212.714,211.884,212.294,29224
1770004800,212.295,212.357,211.579,211.762,28175
1770019200,211.765,212.26,211.277,212.171,33789
1770033600,212.17,212.339,211.892,211.896,29780
1770048000,211.893,212.489,211.78,212.415,37083
1770062400,212.415,212.66,212.403,212.647,20634
1770076800,212.604,212.856,212.462,212.772,16406
1770091200,212.773,212.838,212.538,212.77,19287
1770105600,212.768,213.129,212.714,213.026,27640
1770120000,213.029,213.317,212.848,213.086,25301
1770134400,213.082,213.46,212.983,213.267,32809
1770148800,213.266,213.425,212.844,213.36,21925
1770163200,213.228,214.061,213.164,214.003,15103
1770177600,214.005,214.445,213.994,214.355,14618
1770192000,214.356,214.846,214.325,214.736,20819
1770206400,214.737,215.001,214.555,214.57,23597
1770220800,214.567,214.626,213.675,213.791,38060
1770235200,213.791,214.316,213.717,214.172,22212
1770249600,214.188,214.223,213.88,214.077,14756
1770264000,214.079,214.115,213.459,213.798,18596
1770278400,213.796,214.188,213.189,213.422,27555
1770292800,213.42,213.953,212.59,212.732,34043
1770307200,212.731,212.904,211.779,212.484,39699
1770321600,212.486,212.687,212.334,212.457,17967
1770336000,212.318,212.574,211.598,212.109,20514
1770350400,212.11,212.709,212.098,212.702,15852
1770364800,212.7,213.281,212.524,213.223,24732
1770379200,213.221,213.599,212.995,213.24,21371
1770393600,213.239,213.908,213.162,213.871,28335
1770408000,213.87,214.051,213.812,213.952,15307
1770595200,214.081,214.431,212.591,213.031,24164
1770609600,213.029,213.494,213.01,213.206,15015
1770624000,213.207,213.207,212.551,213.042,29455
1770638400,213.043,213.699,212.819,212.85,32055
1770652800,212.85,213.383,212.115,213.225,30178
1770667200,213.223,213.56,213.159,213.523,17597
1770681600,213.202,213.72,213.076,213.104,14921
1770696000,213.107,213.256,212.161,212.422,16418
1770710400,212.419,212.778,212.167,212.237,22184
1770724800,212.238,212.5,211.645,211.726,25024
1770739200,211.725,211.767,210.539,210.774,32837
1770753600,210.777,210.874,210.481,210.601,17802
1770768000,210.614,210.653,209.935,210.087,13619
1770782400,210.091,210.103,209.132,209.191,14962
1770796800,209.194,210.002,208.977,209.818,23639
1770811200,209.819,210.499,208.618,209.842,29462
1770825600,209.843,210.115,208.439,208.719,40725
1770840000,208.718,208.896,208.17,208.893,20043
1770854400,208.458,209.001,208.338,208.487,16083
1770868800,208.492,208.623,207.623,208.547,19775
1770883200,208.548,208.948,208.379,208.705,26750
1770897600,208.701,209.542,208.587,209.201,24173
1770912000,209.204,209.27,207.553,208.161,39864
1770926400,208.163,208.385,207.903,208.068,23913
1770940800,207.923,208.769,207.843,208.698,16272
1770955200,208.696,208.755,208.106,208.528,15078
1770969600,208.533,209.326,208.302,209.115,23807
1770984000,209.115,209.228,208.455,208.678,27274
1770998400,208.677,208.969,208.038,208.547,36414
1771012800,208.549,208.686,208.324,208.432,17895
1771200000,208.287,208.889,208.125,208.765,15548
1771214400,208.761,209.006,208.694,208.937,11307
1771228800,208.94,209.636,208.87,209.535,17287
1771243200,209.533,209.682,208.96,209.036,15249
1771257600,209.035,209.264,208.967,209.13,13241
1771272000,209.131,209.256,209.119,209.2,4753
1771286400,209.109,209.472,208.494,208.526,15338
1771300800,208.516,208.668,208.034,208.123,16854
1771315200,208.119,208.228,207.341,207.803,22129
1771329600,207.805,208.206,207.226,207.298,24887
1771344000,207.287,207.93,207.259,207.896,34385
1771358400,207.896,208.004,207.745,207.947,15241
1771372800,207.561,208.044,207.561,208.036,12968
1771387200,208.039,208.307,208.006,208.063,10897
1771401600,208.065,208.721,207.924,208.676,18377
1771416000,208.676,208.829,208.48,208.619,18748
1771430400,208.622,209.209,208.55,208.944,25667
1771444800,208.945,209.112,208.583,208.929,17874
1771459200,208.771,209.15,208.633,209.123,12772
1771473600,209.125,209.455,208.845,209.455,15564
1771488000,209.457,209.534,208.875,209.048,21190
1771502400,209.056,209.086,208.078,208.615,22917
1771516800,208.617,208.884,208.266,208.53,32078
1771531200,208.529,208.838,208.437,208.689,15764
1771545600,208.545,208.941,208.457,208.613,14749
1771560000,208.61,208.812,208.381,208.786,14833
1771574400,208.781,209.498,208.545,209.26,23140
1771588800,209.262,209.61,208.947,209.597,22587
1771603200,209.589,209.679,208.966,209.069,38535
1771617600,209.072,209.262,208.943,209.033,22534
1771804800,208.873,209.059,208.215,208.48,20237
1771819200,208.479,208.812,208.355,208.796,15047
1771833600,208.789,209.198,208.695,209.116,21759
1771848000,209.111,209.217,208.671,208.823,22303
1771862400,208.823,209.097,208.128,208.355,30087
1771876800,208.354,208.851,208.339,208.746,15871
1771891200,208.547,209.139,208.431,209.052,20690
1771905600,209.053,209.387,208.927,209.29,16003
1771920000,209.288,210.729,208.97,210.394,26819
1771934400,210.397,210.473,209.979,210.454,20728
1771948800,210.454,210.836,210.3,210.55,27020
1771963200,210.548,210.552,210.275,210.334,13925
1771977600,210.184,210.499,210.154,210.337,13560
1771992000,210.335,210.833,209.996,210.381,20687
1772006400,210.379,211.7,210.302,211.622,23631
1772020800,211.623,212.021,211.499,211.657,20411
1772035200,211.657,212.019,211.464,211.905,25668
1772049600,211.907,212.111,211.833,212.014,11442
1772064000,211.815,211.988,211.453,211.5,16742
1772078400,211.503,211.555,211.157,211.462,16988
1772092800,211.458,211.619,210.821,211.117,22427
1772107200,211.118,211.557,211.036,211.376,19371
1772121600,211.372,211.549,210.296,210.352,32801
1772136000,210.353,210.682,210.257,210.482,17412
1772150400,210.485,210.485,209.973,210.202,17346
1772164800,210.208,210.265,209.923,210.201,15617
1772179200,210.203,210.822,209.919,210.448,22642
1772193600,210.45,210.477,209.799,209.957,24329
1772208000,209.96,210.187,209.785,210.037,33139
1772222400,210.039,210.482,210.019,210.398,17349
1772409600,209.204,210.459,209.189,210.116,28207
1772424000,210.115,210.528,210.035,210.38,22511
1772438400,210.383,210.406,209.339,209.954,35430
1772452800,209.953,211.049,209.89,210.797,30003
1772467200,210.786,211.374,210.495,211.095,38169
1772481600,211.095,211.109,210.751,210.896,23251
1772496000,210.963,211.355,210.701,210.912,17916
1772510400,210.907,210.945,210.293,210.324,23379
1772524800,210.321,210.375,209.439,209.658,35093
1772539200,209.656,210.112,209.419,209.891,38655
1772553600,209.891,210.382,209.216,210.281,46724
1772568000,210.282,210.723,210.243,210.673,29614
1772582400,210.342,210.685,209.788,209.99,21788
1772596800,209.987,210.163,209.481,209.835,24855
1772611200,209.848,210.445,209.721,210.023,32032
1772625600,210.022,210.561,209.964,210.181,34071
1772640000,210.181,210.479,209.479,209.727,35826
1772654400,209.731,210.15,209.674,209.989,17159
1772668800,209.941,210.001,209.359,209.542,19352
1772683200,209.537,209.768,209.27,209.28,23341
1772697600,209.279,209.915,209.177,209.869,33935
1772712000,209.874,210.557,209.7,210.537,29039
1772726400,210.524,210.611,209.777,210.192,39617
1772740800,210.19,210.469,210.119,210.45,28741
1772755200,210.193,210.562,209.973,210.469,18322
1772769600,210.476,210.896,210.465,210.813,16996
1772784000,210.815,210.981,210.253,210.325,26920
1772798400,210.324,210.882,210.298,210.577,34129
1772812800,210.574,211.354,210.279,211.241,46075
1772827200,211.24,211.539,211.116,211.425,28960
1773014400,210.769,211.105,210.6,210.994,25802
1773028800,211.007,211.379,210.727,211.057,28681
1773043200,211.056,211.482,210.991,211.276,38220
1773057600,211.288,211.776,211.125,211.73,38552
1773072000,211.731,212.044,211.487,211.752,41163
1773086400,211.748,212.174,211.729,211.888,30836
1773100800,211.891,212.06,211.697,211.725,20661
1773115200,211.734,211.925,211.589,211.799,24189
1773129600,211.804,212.261,211.675,212.245,27801
1773144000,212.243,212.33,212.065,212.111,32793
1773158400,212.109,212.409,212.004,212.13,35908
1773172800,212.129,212.229,211.972,212.064,33316
1773187200,212.076,212.514,211.971,212.458,12949
1773201600,212.457,212.883,212.457,212.707,17417
1773216000,212.712,212.782,212.361,212.669,24925
1773230400,212.672,212.966,212.381,212.521,31680
1773244800,212.517,213.067,212.473,212.995,38782
1773259200,212.994,213.3,212.961,213.167,21009
1773273600,213.065,213.09,212.728,212.741,15119
1773288000,212.739,212.807,212.562,212.626,17477
1773302400,212.625,212.761,212.482,212.56,23579
1773316800,212.565,212.677,212.43,212.563,26420
1773331200,212.563,212.738,212.403,212.505,40601
1773345600,212.503,212.867,212.5,212.667,25449
1773360000,212.451,212.724,212.356,212.596,15086
1773374400,212.599,212.865,212.563,212.639,18313
1773388800,212.641,212.644,211.277,211.278,27142
1773403200,211.287,211.611,211.088,211.447,31870
1773417600,211.448,211.524,211.127,211.384,39390
1773432000,211.383,211.508,211.063,211.171,23069
1773619200,211.109,211.415,210.855,211.277,16261
1773633600,211.281,211.577,211.231,211.43,15972
1773648000,211.431,211.474,210.802,211.165,22733
1773662400,211.165,211.361,211.006,211.286,25907
1773676800,211.289,211.935,211.267,211.871,31312
1773691200,211.876,212.109,211.848,211.849,23233
1773705600,211.818,211.934,211.685,211.923,10508
1773720000,211.926,212.14,211.878,211.956,14455
1773734400,211.957,212.077,211.625,212.067,23557
1773748800,212.065,212.259,211.813,212.021,24420
1773763200,212.026,212.261,211.956,212.142,33701
1773777600,212.14,212.477,212.14,212.344,16717
1773792000,212.292,212.481,212.116,212.372,16755
1773806400,212.38,212.44,212.134,212.226,12713
1773820800,212.225,212.276,211.942,212.194,19277
1773835200,212.193,212.489,212.177,212.287,26592
1773849600,212.289,212.659,212.18,212.652,35410
1773864000,212.652,212.721,211.882,211.896,29621
1773878400,211.88,212.265,211.775,212.265,13829
1773892800,212.26,212.341,211.822,211.894,16200
1773907200,211.891,211.997,210.841,210.963,28764
1773921600,210.963,211.69,210.961,211.326,35639
1773936000,211.31,211.901,210.787,211.289,46990
1773950400,211.292,212.153,211.281,211.796,30062
1773964800,211.708,212.067,211.571,211.908,11587
1773979200,211.907,212.347,211.811,212.268,14460
1773993600,212.266,212.766,212.254,212.639,20015
1774008000,212.638,212.688,212.228,212.353,30236
1774022400,212.353,212.432,211.749,212.187,40257
1774036800,212.189,212.598,212.177,212.451,28688
1774224000,211.973,212.443,211.72,212.443,17684
1774238400,212.441,212.737,212.246,212.376,21868
1774252800,212.374,212.6,211.848,212.184,30980
1774267200,212.186,213.014,211.575,212.862,47447
1774281600,212.867,213.299,212.369,212.649,50699
1774296000,212.649,212.826,212.49,212.7,28415
1774310400,212.817,212.82,212.35,212.499,16887
1774324800,212.494,212.71,212.284,212.623,23875
1774339200,212.623,212.977,212.245,212.432,30983
1774353600,212.428,212.838,212.379,212.696,30612
1774368000,212.696,212.863,212.401,212.668,39368
1774382400,212.674,212.902,212.476,212.843,34475
1774396800,212.683,213.191,212.485,213.036,17957
1774411200,213.038,213.112,212.724,212.763,17754
1774425600,212.764,213.205,212.625,212.869,24301
1774440000,212.868,213.204,212.766,212.988,27758
1774454400,212.987,213.071,212.634,213.039,35905
1774468800,213.042,213.19,212.997,213.065,22009
1774483200,213.046,213.109,212.907,213.033,11141
1774497600,213.034,213.118,212.914,213.08,13445
1774512000,213.085,213.091,212.691,212.929,21242
1774526400,212.926,213.072,212.701,212.794,23691
1774540800,212.801,213.303,212.79,212.939,34364
1774555200,212.937,213.087,212.723,212.9,22810
1774569600,212.763,213.0,212.583,212.748,13587
1774584000,212.748,212.984,212.684,212.975,13702
1774598400,212.976,213.097,212.712,212.793,22047
1774612800,212.773,212.869,212.221,212.337,25199
1774627200,212.339,212.997,212.294,212.609,34555
1774641600,212.609,212.798,212.504,212.631,22593
1774828800,212.318,212.592,211.867,211.872,17387
1774843200,211.885,212.066,211.75,211.998,18561
1774857600,211.999,212.106,211.272,211.333,21520
1774872000,211.336,211.375,210.783,210.811,24156
1774886400,210.807,210.882,210.189,210.301,31861
1774900800,210.304,210.593,210.277,210.539,19526
1774915200,210.449,211.055,210.318,211.046,14813
1774929600,211.049,211.209,210.632,210.646,18108
1774944000,210.645,210.958,210.393,210.829,21305
1774958400,210.824,211.199,210.715,210.95,25337
1774972800,210.948,211.05,209.609,210.057,39568
1774987200,210.057,210.418,209.886,209.897,28555
1775001600,209.93,210.321,209.673,210.254,12873
1775016000,210.255,210.319,209.862,210.198,18024
1775030400,210.199,210.769,210.165,210.657,29210
1775044800,210.658,211.14,210.57,210.857,27618
1775059200,210.857,211.421,210.763,211.413,34865
1775073600,211.413,211.433,211.043,211.175,21653
1775088000,211.181,211.255,210.881,211.179,15494
1775102400,211.169,211.263,210.831,210.86,29914
1775116800,210.862,211.07,210.332,210.753,25470
1775131200,210.753,210.952,210.459,210.898,23344
1775145600,210.903,211.049,210.573,211.01,36076
1775160000,211.008,211.201,210.961,210.978,18760
1775174400,210.885,211.197,210.79,211.196,8641
1775188800,211.196,211.21,210.996,211.107,8474
1775203200,211.107,211.306,211.034,211.272,9743
1775217600,211.271,211.271,210.775,210.874,13456
1775232000,210.875,210.967,210.592,210.648,14547
1775246400,210.65,210.729,210.285,210.421,8053
1775433600,210.446,210.834,210.274,210.81,16250
1775448000,210.801,210.886,210.597,210.829,17498
1775462400,210.828,211.384,210.807,211.168,20445
1775476800,211.184,211.285,211.098,211.133,20028
1775491200,211.135,211.534,211.118,211.321,28638
1775505600,211.322,211.406,211.199,211.332,18919
1775520000,211.282,211.491,211.176,211.465,12406
1775534400,211.462,211.512,211.22,211.368,15016
1775548800,211.368,211.875,211.24,211.85,23335
1775563200,211.845,211.854,211.461,211.713,27984
1775577600,211.711,211.987,211.557,211.879,33815
1775592000,211.876,212.287,211.847,212.277,25177
1775606400,212.027,212.787,211.934,212.438,30885
1775620800,212.44,212.646,212.131,212.441,26845
1775635200,212.452,212.763,212.273,212.653,31309
1775649600,212.655,213.146,212.538,212.893,26905
1775664000,212.885,212.998,212.624,212.665,35934
1775678400,212.665,212.692,212.403,212.403,24358
1775692800,212.363,212.726,212.29,212.717,11859
1775707200,212.714,212.763,212.559,212.689,15266
1775721600,212.692,213.147,212.629,213.111,20825
1775736000,213.113,213.396,213.066,213.309,21959
1775750400,213.303,213.781,213.239,213.448,31769
1775764800,213.451,213.843,213.443,213.606,19815
1775779200,213.449,213.745,213.43,213.696,9744
1775793600,213.703,213.739,213.537,213.646,11735
1775808000,213.645,213.844,213.606,213.812,15872
1775822400,213.817,214.202,213.735,214.19,20714
1775836800,214.192,214.458,214.095,214.309,29240
1775851200,214.309,214.576,214.294,214.513,16990
1776038400,213.902,214.156,213.649,214.029,14569
1776052800,214.038,214.15,213.966,214.106,14476
1776067200,214.107,214.46,214.002,214.45,19294
1776081600,214.451,214.689,214.381,214.624,19839
1776096000,214.625,215.024,214.561,214.94,31244
1776110400,214.941,215.351,214.872,215.341,20765
1776124800,215.157,215.363,215.032,215.096,9752
1776139200,215.094,215.161,214.902,214.982,14454
1776153600,214.98,215.372,214.915,215.333,20570
1776168000,215.333,215.684,215.093,215.638,21716
1776182400,215.638,215.782,215.426,215.488,27819
1776196800,215.49,215.537,215.327,215.45,17364
1776211200,215.389,215.629,215.269,215.559,12733
1776225600,215.559,215.735,215.556,215.693,15011
1776240000,215.694,215.777,215.187,215.361,19454
1776254400,215.36,215.68,215.244,215.664,25535
1776268800,215.667,215.823,215.475,215.648,29570
1776283200,215.638,215.899,215.547,215.596,20137
1776297600,215.57,215.598,215.301,215.45,9561
1776312000,215.444,215.566,215.109,215.471,17993
1776326400,215.473,215.716,215.358,215.425,21938
1776340800,215.424,215.553,215.229,215.542,22748
1776355200,215.542,215.632,215.158,215.34,35361
1776369600,215.342,215.462,215.246,215.285,21340
1776384000,215.231,215.471,215.12,215.416,10319
1776398400,215.422,215.653,215.314,215.63,13825
1776412800,215.632,215.685,215.236,215.324,21176
1776427200,215.326,215.455,215.138,215.173,25820
1776441600,215.173,215.195,213.995,214.197,48268
1776456000,214.197,214.48,214.193,214.362,26882
1776643200,214.06,214.718,213.999,214.572,17054
1776657600,214.578,214.648,214.407,214.577,18020
1776672000,214.578,214.753,214.317,214.575,27694
1776686400,214.574,214.871,214.506,214.736,26906
1776700800,214.742,214.912,214.53,214.774,37903
1776715200,214.775,215.082,214.767,214.99,22368
1776729600,214.798,215.021,214.618,214.963,11996
1776744000,214.965,215.026,214.806,214.822,14166
1776758400,214.824,214.995,214.588,214.938,26198
1776772800,214.939,215.222,214.864,215.119,24077
1776787200,215.12,215.415,215.043,215.233,36451
1776801600,215.232,215.295,215.023,215.226,36154
1776816000,215.093,215.363,215.013,215.191,14480
1776830400,215.189,215.354,215.109,215.222,15837
1776844800,215.221,215.601,215.078,215.587,24145
1776859200,215.585,215.655,214.914,215.032,26661
1776873600,215.036,215.42,214.998,215.401,36955
1776888000,215.399,215.53,215.3,215.346,19941
1776902400,215.304,215.35,215.138,215.227,14373
1776916800,215.229,215.289,215.064,215.23,21328
1776931200,215.229,215.683,215.178,215.654,22998
1776945600,215.654,215.725,215.121,215.126,31395
1776960000,215.124,215.532,215.033,215.132,36323
1776974400,215.133,215.158,214.937,215.038,36313
1776988800,214.918,215.207,214.851,215.2,9514
1777003200,215.201,215.248,214.995,215.102,15700
1777017600,215.101,215.332,214.939,215.241,21511
1777032000,215.242,215.479,215.08,215.409,29385
1777046400,215.405,215.49,215.234,215.457,38402
1777060800,215.457,215.767,215.411,215.67,21212
1777248000,215.405,215.721,215.304,215.625,9362
1777262400,215.629,215.735,215.562,215.614,18186
1777276800,215.615,215.747,215.516,215.705,22632
1777291200,215.706,216.047,215.636,215.729,24886
1777305600,215.726,215.965,215.529,215.854,34263
1777320000,215.856,215.864,215.692,215.742,19750
1777334400,215.763,215.825,215.619,215.789,8517
1777348800,215.788,215.812,215.126,215.236,16943
1777363200,215.238,215.67,214.937,215.368,26467
1777377600,215.367,215.409,215.031,215.148,31774
1777392000,215.148,215.643,215.106,215.633,39414
1777406400,215.633,215.813,215.58,215.77,21506
1777420800,215.589,215.823,215.494,215.776,7417
1777435200,215.772,215.838,215.649,215.708,16177
1777449600,215.706,215.733,215.473,215.692,22464
1777464000,215.692,216.007,215.635,215.969,25649
1777478400,215.968,216.272,215.791,216.109,39983
1777492800,216.11,216.229,215.879,216.187,34906
1777507200,216.063,216.201,215.905,216.146,16337
1777521600,216.143,216.183,215.983,216.088,25813
1777536000,216.086,216.591,215.013,215.192,36880
1777550400,215.172,215.274,210.419,211.9,58413
1777564800,211.899,213.073,211.112,212.588,49390
1777579200,212.587,213.043,212.482,213.018,30740
1777593600,212.856,213.956,212.822,213.68,14288
1777608000,213.682,214.035,213.587,213.797,19500
1777622400,213.798,213.839,211.797,212.924,30803
1777636800,212.927,213.475,212.797,213.428,28098
1777651200,213.429,213.649,213.016,213.409,43017
1777665600,213.407,213.429,213.032,213.159,26775
1777852800,213.044,213.197,212.995,213.18,12149
1777867200,213.178,213.615,211.721,212.955,25418
1777881600,212.954,213.237,212.729,212.823,27322
1777896000,212.825,213.059,212.546,213.023,33299
1777910400,213.021,213.106,212.519,212.593,42829
1777924800,212.597,212.828,211.935,212.74,29545
1777939200,212.637,212.769,212.452,212.62,10411
1777953600,212.621,212.735,212.572,212.578,14292
1777968000,212.579,213.082,212.547,212.985,24797
1777982400,212.98,213.706,212.829,213.672,29366
1777996800,213.67,214.068,213.654,213.89,34717
1778011200,213.892,213.98,213.734,213.757,21394
1778025600,213.64,214.02,213.619,213.923,17361
1778040000,213.925,214.217,210.754,211.891,30716
1778054400,211.893,212.719,211.678,212.527,37187
1778068800,212.529,212.764,212.242,212.719,43577
1778083200,212.719,212.746,212.351,212.475,40860
1778097600,212.477,212.713,212.456,212.515,26125
1778112000,212.451,212.729,212.255,212.463,13203
1778126400,212.466,212.678,212.279,212.595,21760
1778140800,212.592,212.952,212.383,212.945,28489
1778155200,212.943,213.114,212.817,212.911,28904
1778169600,212.911,213.079,212.844,212.925,37954
1778184000,212.924,212.963,212.609,212.668,32897
1778198400,212.496,212.73,212.282,212.703,13496
1778212800,212.701,212.849,212.523,212.757,18863
1778227200,212.756,213.324,212.75,213.322,23968
1778241600,213.325,213.39,213.177,213.236,26472
1778256000,213.234,213.48,213.097,213.375,33531
1778270400,213.371,213.686,213.314,213.649,20100
1778457600,212.147,213.492,212.117,213.404,12363
1778472000,213.409,213.641,213.337,213.374,15955
1778486400,213.372,213.798,213.32,213.753,20586
1778500800,213.754,213.858,213.461,213.844,25069
1778515200,213.844,214.416,213.841,214.372,30449
1778529600,214.372,214.417,213.931,213.959,22734
1778544000,213.813,213.999,213.677,213.982,9130
1778558400,213.981,214.196,213.942,214.068,17827
1778572800,214.067,214.135,212.734,213.253,32871
1778587200,213.26,213.478,212.956,213.277,31710
1778601600,213.279,213.398,212.934,213.242,39307
1778616000,213.242,213.427,213.13,213.378,23191
1778630400,213.243,213.514,213.178,213.472,8716
1778644800,213.475,213.515,213.305,213.452,15849
1778659200,213.454,213.686,213.3,213.417,23467
1778673600,213.418,213.444,212.849,212.927,28560
1778688000,212.931,213.471,212.926,213.339,34570
1778702400,213.34,213.556,213.304,213.5,22570
1778716800,213.407,213.57,213.046,213.555,8653
1778731200,213.556,213.702,213.082,213.553,16829
1778745600,213.555,213.586,213.253,213.471,24545
1778760000,213.472,213.494,213.179,213.376,26116
1778774400,213.374,213.413,212.452,212.618,38784
1778788800,212.618,212.648,211.866,212.245,22309
1778803200,212.141,212.257,211.893,212.027,11594
1778817600,212.025,212.043,211.772,211.824,20712
1778832000,211.827,211.887,211.424,211.609,34203
1778846400,211.608,212.054,211.286,211.745,36045
1778860800,211.747,211.944,211.323,211.541,42464
1778875200,211.552,211.616,211.372,211.426,24567
1779062400,211.278,211.565,211.148,211.507,14264
1779076800,211.515,211.809,211.38,211.691,22699
1779091200,211.693,212.554,211.661,212.458,29178
1779105600,212.455,212.7,212.105,212.562,30703
1779120000,212.563,213.544,212.414,213.431,39905
1779134400,213.432,213.494,213.154,213.38,28924
1779148800,213.265,213.471,213.061,213.367,10187
1779163200,213.368,213.38,213.117,213.137,19865
1779177600,213.138,213.359,212.989,213.12,26815
1779192000,213.121,213.501,212.871,213.267,28959
1779206400,213.257,213.295,212.641,212.8,42315
1779220800,212.799,213.199,212.799,213.131,22906
1779235200,213.018,213.144,212.849,212.872,12787
1779249600,212.87,212.948,212.743,212.873,25648
1779264000,212.875,212.999,212.578,212.827,28351
1779278400,212.825,213.164,212.822,213.038,25004
1779292800,213.038,213.594,212.996,213.494,43853
1779307200,213.497,213.612,213.431,213.485,26515
1779321600,213.418,213.503,213.317,213.457,10636
1779336000,213.454,213.559,213.282,213.544,18947
1779350400,213.547,213.814,213.369,213.595,27910
1779364800,213.59,213.77,213.445,213.493,30816
1779379200,213.49,213.582,213.277,213.375,38426
1779393600,213.377,213.706,213.357,213.561,31157
1779408000,213.312,213.61,213.296,213.563,10342
1779422400,213.56,213.622,213.458,213.609,15401
1779436800,213.61,213.723,213.43,213.57,21329
1779451200,213.569,213.724,213.485,213.718,22336
1779465600,213.715,214.032,213.546,213.975,33688
1779480000,213.977,214.012,213.78,213.835,22339
1779667200,213.58,214.297,213.424,214.163,12834
1779681600,214.162,214.214,214.034,214.177,13956
1779696000,214.175,214.43,214.173,214.427,17781
1779710400,214.426,214.604,214.372,214.524,13858
1779724800,214.525,214.592,214.408,214.568,16042
1779739200,214.566,214.672,214.551,214.634,7396
1779753600,214.454,214.63,214.346,214.508,10650
1779768000,214.507,214.54,214.297,214.336,15534
1779782400,214.335,214.634,214.253,214.53,22141
1779796800,214.528,214.674,214.379,214.423,22799
1779811200,214.424,214.504,214.068,214.127,31205
1779825600,214.125,214.316,214.098,214.228,16268
1779840000,214.12,214.344,214.098,214.311,9623
1779854400,214.307,214.316,214.153,214.24,16278
1779868800,214.242,214.411,214.178,214.322,19407
1779883200,214.315,214.368,214.12,214.246,23622
1779897600,214.25,214.474,213.994,214.21,33848
1779912000,214.213,214.275,214.065,214.213,18029
1779926400,214.01,214.208,213.944,214.011,10165
1779940800,214.013,214.017,213.317,213.47,20320
1779955200,213.467,213.875,213.414,213.693,22861
1779969600,213.692,213.885,213.41,213.879,23988
1779984000,213.878,214.121,213.802,214.014,36374
1779998400,214.017,214.079,213.968,214.075,20756
1780012800,213.976,214.176,213.895,214.095,9333
1780027200,214.093,214.212,214.005,214.062,16204
1780041600,214.067,214.159,213.586,213.635,21087
1780056000,213.635,213.951,213.578,213.943,23541
1780070400,213.945,214.63,213.891,214.381,35443
1780084800,214.382,214.53,214.267,214.285,21854
1780272000,214.315,214.489,214.261,214.479,17183
1780286400,214.478,214.604,214.462,214.579,14812
1780300800,214.58,214.872,214.566,214.786,19182
1780315200,214.785,214.853,214.568,214.722,21731
1780329600,214.72,214.837,214.142,214.83,36960
1780344000,214.828,214.994,214.755,214.831,19989
1780358400,214.73,214.954,214.637,214.799,11741
1780372800,214.799,215.059,214.781,215.046,15121
1780387200,215.048,215.313,215.004,215.06,20907
1780401600,215.062,215.308,215.024,215.25,17973
1780416000,215.253,215.516,215.137,215.324,23822
1780430400,215.326,215.438,215.208,215.345,15364
1780444800,215.233,215.366,215.177,215.361,10758
1780459200,215.363,215.367,215.172,215.2,13644
1780473600,215.199,215.24,214.418,214.748,24695
1780488000,214.75,215.022,214.707,214.795,22352
1780502400,214.795,215.002,214.632,214.738,32572
1780516800,214.743,214.829,214.649,214.801,16959
1780531200,214.69,214.793,214.561,214.673,12810
1780545600,214.673,214.764,214.262,214.712,16175
1780560000,214.714,214.76,214.448,214.706,22814
1780574400,214.705,215.156,214.701,215.109,26034
1780588800,215.107,215.133,214.869,214.911,28577
1780603200,214.913,214.952,214.761,214.794,15215
1780617600,214.777,214.806,214.599,214.71,9716
1780632000,214.708,214.842,214.582,214.805,15727
1780646400,214.807,215.226,214.722,215.213,18618
1780660800,215.206,215.606,214.746,214.752,25560
1780675200,214.753,214.835,213.859,214.058,42140
1780689600,214.054,214.079,213.517,213.676,25220
1780876800,213.518,214.014,213.285,214.007,13285
1780891200,214.008,214.04,213.55,213.884,20376
1780905600,213.883,213.975,212.92,213.17,29742
1780920000,213.171,213.818,212.926,213.549,31841
1780934400,213.555,213.781,213.501,213.697,34515
1780948800,213.697,213.841,213.631,213.645,19503
1780963200,213.559,213.703,213.488,213.69,11121
1780977600,213.692,214.047,213.667,214.016,16891
1780992000,214.017,214.355,213.909,214.306,24717
1781006400,214.307,214.721,214.292,214.697,18642
1781020800,214.706,214.789,214.313,214.475,39527
1781035200,214.483,214.741,214.463,214.567,23827
1781049600,214.323,214.572,214.276,214.565,11748
1781064000,214.574,214.715,214.366,214.606,18568
1781078400,214.605,214.832,214.555,214.739,23024
1781092800,214.739,215.028,214.645,214.804,30095
1781107200,214.807,215.23,214.637,214.875,40327
1781121600,214.877,214.984,214.602,214.627,24778
1781136000,214.508,214.628,214.323,214.614,19199
1781150400,214.616,214.859,214.611,214.807,17815
1781164800,214.805,214.933,214.483,214.518,20261
1781179200,214.524,214.603,214.219,214.485,23876
1781193600,214.483,214.495,213.862,214.023,34687
1781208000,214.021,214.614,213.915,214.545,37024
1781222400,214.407,214.849,214.343,214.758,14499
1781236800,214.757,215.002,214.608,214.914,20649
1781251200,214.913,214.957,214.622,214.728,30035
1781265600,214.727,214.852,214.555,214.629,29441
1781280000,214.629,215.017,214.596,214.948,38323
1781294400,214.948,214.998,214.682,214.707,17396
1781481600,214.59,215.312,214.253,215.245,17180
1781496000,215.242,215.354,215.148,215.258,15054
1781510400,215.261,215.369,214.879,214.94,21186
1781524800,214.942,215.082,214.9,215.056,21439
1781539200,215.057,215.237,214.963,215.155,25422
1781553600,215.152,215.235,214.952,215.028,17378
1781568000,214.938,215.093,214.802,214.876,11042
1781582400,214.876,214.926,214.509,214.685,16699
1781596800,214.686,215.215,214.576,215.206,21904
1781611200,215.209,215.282,214.977,215.085,20685
1781625600,215.084,215.55,215.017,215.392,28871
1781640000,215.394,215.48,215.363,215.418,15213
1781654400,215.333,215.435,215.221,215.355,12094
1781668800,215.354,215.397,215.223,215.244,10191
1781683200,215.243,215.401,214.767,214.943,17374
1781697600,214.944,214.987,214.778,214.969,18511
1781712000,214.968,215.033,214.501,214.598,26387
1781726400,214.598,214.732,213.213,213.603,41081
1781740800,213.416,213.883,213.161,213.827,13505
1781755200,213.828,213.974,213.747,213.813,16042
1781769600,213.816,214.055,212.827,212.939,25606
1781784000,212.939,213.105,212.491,212.882,32661
1781798400,212.882,213.429,212.789,213.423,39560
1781812800,213.421,213.564,212.396,213.085,27322
1781827200,213.022,213.181,212.685,212.801,11796
1781841600,212.8,212.859,212.481,212.526,17976
1781856000,212.527,213.428,212.451,213.409,24997
1781870400,213.412,213.52,213.267,213.302,22076
1781884800,213.306,213.433,213.118,213.402,21941
1781899200,213.406,213.551,213.164,213.292,19304
1782086400,212.59,213.539,212.535,213.526,12012
1782100800,213.533,213.696,213.424,213.509,17336
1782115200,213.509,213.723,213.244,213.622,24720
1782129600,213.63,214.672,213.619,214.525,27840
1782144000,214.525,214.637,213.589,213.96,40070
1782158400,213.959,214.147,213.738,214.102,18189
1782172800,213.965,214.16,213.893,214.005,10087
1782187200,214.003,214.051,213.836,213.914,17025
1782201600,213.916,214.204,213.273,213.418,29852
1782216000,213.416,213.562,213.24,213.435,26031
1782230400,213.436,213.526,212.973,213.088,32083
1782244800,213.087,213.325,212.981,213.303,16449
1782259200,212.998,213.348,212.998,213.324,11421
1782273600,213.324,213.324,213.045,213.14,19475
1782288000,213.141,213.501,213.036,213.392,24088
1782302400,213.39,213.431,212.545,212.702,27030
1782316800,212.702,213.09,212.529,213.038,32751
1782331200,213.037,213.08,212.815,213.037,21979
1782345600,212.915,212.989,212.695,212.856,10836
1782360000,212.861,213.244,212.854,213.232,18772
1782374400,213.23,213.509,213.09,213.413,22499
1782388800,213.415,213.534,212.828,213.23,24978
1782403200,213.237,213.724,213.193,213.614,37983
1782417600,213.619,213.626,213.431,213.431,21293
1782432000,213.431,213.52,213.307,213.497,11960
1782446400,213.498,213.597,213.201,213.352,19163
1782460800,213.356,213.636,213.274,213.558,26036
1782475200,213.554,213.748,213.402,213.553,27046
1782489600,213.553,213.809,213.423,213.607,31515
1782504000,213.607,213.649,213.354,213.378,17454
1782691200,213.459,213.614,213.251,213.493,10903
1782705600,213.488,213.668,213.452,213.567,15370
1782720000,213.564,214.009,213.561,213.751,19987
1782734400,213.752,214.317,213.729,214.236,21306
1782748800,214.238,214.682,214.178,214.635,29698
1782763200,214.637,214.764,214.583,214.73,12381
1782777600,214.504,215.016,214.492,214.738,9019
1782792000,214.739,214.821,214.442,214.561,20918
1782806400,214.559,214.911,214.516,214.742,25845
1782820800,214.745,214.909,214.162,214.616,26504
1782835200,214.618,215.772,214.585,215.518,32059
1782849600,215.524,215.671,215.463,215.574,18331
1782864000,215.41,215.628,215.353,215.472,9163
1782878400,215.473,215.504,215.19,215.471,18813
1782892800,215.472,215.544,215.19,215.465,21359
1782907200,215.467,215.654,215.315,215.358,24291
1782921600,215.357,215.843,215.104,215.753,40810
1782936000,215.751,215.932,215.721,215.831,17314
1782950400,215.769,215.901,215.581,215.846,10029
1782964800,215.845,216.064,215.773,215.851,17518
1782979200,215.852,215.853,214.618,215.077,38339
1782993600,215.08,215.313,214.624,215.195,37031
1783008000,215.21,215.409,214.941,214.946,47400
1783022400,214.948,215.076,214.857,215.046,22611
1783036800,214.873,215.396,214.789,215.142,11873
1783051200,215.14,215.447,215.022,215.333,20582
1783065600,215.331,215.448,214.689,215.14,25481
1783080000,215.142,215.272,215.006,215.251,19184
1783094400,215.251,215.494,215.201,215.467,19803
1783108800,215.465,215.528,215.308,215.405,31020
1783296000,215.182,215.767,215.146,215.681,14171
1783310400,215.679,216.07,215.663,216.062,19979
1783324800,216.066,216.535,215.948,216.395,26362
1783339200,216.393,216.741,216.314,216.663,22347
1783353600,216.666,217.062,216.569,217.025,24794
1783368000,217.023,217.154,216.968,217.02,13897
1783382400,216.822,217.206,216.822,217.054,11161
1783396800,217.056,217.098,216.523,216.622,19692
1783411200,216.624,216.834,216.359,216.803,23894
1783425600,216.803,216.825,216.506,216.618,21632
1783440000,216.62,216.72,216.412,216.518,28765
1783454400,216.52,216.562,216.371,216.523,19937
1783468800,216.315,216.798,216.281,216.765,12649
1783483200,216.765,216.865,216.701,216.811,18880
1783497600,216.815,216.961,216.604,216.75,29480
1783512000,216.748,216.979,216.51,216.811,32237
1783526400,216.803,217.561,216.793,217.547,33829
1783540800,217.547,217.824,217.523,217.691,21892
1783555200,217.513,217.735,217.465,217.626,9472
1783569600,217.627,217.703,217.529,217.633,16135
1783584000,217.636,218.002,217.611,217.807,22039
1783598400,217.807,217.877,217.344,217.418,20833
1783612800,217.415,217.668,217.397,217.655,25440
1783627200,217.654,217.817,217.615,217.732,16853
1783641600,217.615,217.797,217.298,217.509,9556
1783656000,217.51,217.532,216.935,217.076,27641
1783670400,217.081,217.194,216.7,216.814,26723
1783684800,216.812,217.374,216.788,217.143,23974
1783699200,217.143,217.151,216.449,216.591,33784
1783713600,216.586,216.734,216.485,216.643,21582
1783900800,216.37,216.818,216.342,216.813,17810
1783915200,216.819,216.845,216.662,216.802,24596
1783929600,216.803,217.306,216.654,217.093,33990
1783944000,217.091,217.245,216.833,217.207,28384
1783958400,217.208,217.26,216.934,217.084,36096
1783972800,217.082,217.111,216.759,216.791,22819
1783987200,216.689,216.907,216.66,216.803,13111
1784001600,216.802,216.919,216.751,216.838,22631
1784016000,216.84,217.031,216.662,217.03,26798
1784030400,217.028,217.393,216.847,217.104,31263
1784044800,217.108,217.295,216.912,217.046,44810
1784059200,217.045,217.256,216.86,217.256,22732
1784073600,217.039,217.328,216.833,217.25,10300
1784088000,217.252,217.437,217.097,217.398,17887
1784102400,217.4,217.691,217.346,217.41,22664
1784116800,217.409,217.798,217.301,217.753,24633
1784131200,217.752,219.379,217.738,219.332,32923
1784145600,219.334,219.604,219.3,219.572,25021
1784160000,219.378,219.551,219.228,219.364,10630
1784174400,219.37,219.421,219.193,219.347,16010
1784188800,219.345,219.525,219.176,219.228,22339
1784203200,219.228,219.262,218.839,219.049,24478
1784217600,219.052,219.396,218.768,218.776,30740
1784232000,218.777,218.858,218.667,218.838,18472
1784246400,218.822,218.889,218.674,218.885,8343
1784260800,218.883,218.938,218.553,218.591,16269
1784275200,218.593,218.814,218.254,218.288,25288
1784289600,218.287,218.368,217.99,218.137,25486
1784304000,218.137,218.645,218.09,218.55,31258
1784318400,218.552,218.627,218.449,218.491,18786
1784505600,218.367,218.543,218.154,218.342,10952
1784520000,218.344,218.64,218.318,218.602,14075
1784534400,218.604,218.827,218.529,218.699,18644
1784548800,218.699,218.79,218.402,218.505,22575
1784563200,218.507,218.675,218.029,218.105,25791
1784577600,218.107,218.357,218.047,218.221,15950
1784592000,218.2,218.326,218.051,218.29,8602
1784606400,218.293,218.395,218.215,218.378,14180
1784620800,218.378,218.718,218.375,218.469,17542
1784635200,218.472,218.509,217.752,217.864,20480
1784649600,217.865,218.264,217.517,218.137,28121
1784664000,218.139,218.424,218.089,218.305,17696
1784678400,218.119,218.369,218.099,218.348,9882
1784692800,218.349,218.394,218.303,218.376,14699
1784707200,218.375,218.407,217.844,217.924,23254
1784721600,217.916,218.059,217.823,217.884,22549
1784736000,217.883,218.345,217.883,218.119,27133
1784750400,218.116,218.234,218.095,218.221,17790
1784764800,218.115,218.212,217.992,218.18,8448
1784779200,218.181,218.372,218.133,218.294,17342
1784793600,218.297,218.512,218.136,218.352,21669
1784808000,218.351,218.498,218.013,218.381,26367
1784822400,218.378,218.62,217.954,218.196,38982
1784836800,218.194,218.201,218.06,218.167,20433
1784851200,218.093,218.285,217.927,218.262,9749
1784865600,218.264,218.32,218.005,218.05,19095
1784880000,218.052,218.431,218.002,218.103,21921
1784894400,218.103,218.283,217.962,218.08,23225
1784908800,218.082,218.473,218.04,218.35,29268
1784923200,218.358,218.367,218.187,218.244,16749
1785110400,217.99,218.517,217.99,218.46,14576
1785124800,218.465,218.505,218.364,218.378,18530
1785139200,218.379,218.497,217.966,218.095,24294
1785153600,218.093,218.146,217.759,217.923,25571
1785168000,217.925,218.035,217.677,217.697,32062
1785182400,217.698,217.718,217.464,217.554,20607
1785196800,217.524,217.705,217.507,217.659,9226
1785211200,217.655,217.814,217.639,217.685,17040
1785225600,217.683,217.937,217.522,217.922,21371
1785240000,217.923,217.94,217.53,217.912,21063
1785254400,217.914,217.988,217.7,217.785,30012
1785268800,217.787,217.861,217.63,217.696,17917
1785283200,217.635,217.759,217.531,217.593,10684
1785297600,217.591,217.681,217.151,217.314,22006
1785312000,217.315,217.743,217.247,217.656,23492
1785326400,217.654,217.664,217.424,217.582,23324
1785340800,217.58,217.905,217.484,217.785,26688
1785355200,217.784,218.555,217.643,218.417,40606
1785369600,218.304,218.489,218.142,218.343,16699
1785384000,218.341,218.355,218.159,218.159,18083
1785398400,218.16,218.618,218.131,218.562,26580
1785412800,218.561,218.675,217.38,217.89,39229
1785427200,217.893,217.9,212.351,214.845,57721
1785441600,214.836,215.127,213.455,214.899,32234
1785456000,214.655,216.227,214.597,216.053,22288
1785470400,216.055,216.309,215.809,216.043,31180
1785484800,216.041,216.077,213.425,213.901,40416
1785499200,213.893,215.378,213.474,215.22,37778
1785513600,215.218,215.298,213.066,214.569,48604
1785528000,214.569,214.852,212.448,212.621,41011
1785715200,211.941,212.976,209.567,210.565,31673
1785729600,210.564,211.014,209.641,210.772,30998
1785744000,210.77,211.229,210.672,211.209,29639
1785758400,211.21,211.427,210.835,211.138,29923
1785772800,211.14,211.178,210.2,210.627,35716
1785787200,210.627,211.115,210.425,211.099,24701
1785801600,210.952,211.66,210.898,211.426,15385
1785816000,211.424,211.832,211.366,211.512,22646
1785830400,211.516,212.125,211.436,212.115,25338
1785844800,212.112,212.32,211.507,211.758,29405
1785859200,211.762,211.965,211.436,211.873,30998
1785873600,211.876,212.267,211.828,212.181,24398
1785888000,212.025,212.237,211.805,211.92,12187
1785902400,211.924,212.132,211.693,212.104,25235
1785916800,212.109,212.55,212.013,212.368,27379
1785931200,212.366,212.522,212.203,212.317,27079
1785945600,212.317,212.363,211.988,212.308,35313
1785960000,212.309,212.465,212.241,212.43,20569
1785974400,212.317,212.475,212.145,212.398,12282
1785988800,212.397,212.446,212.247,212.314,18608
1786003200,212.317,212.562,212.258,212.509,21869
1786017600,212.509,212.731,212.358,212.677,21662
1786032000,212.679,213.295,212.623,213.283,32622
1786046400,213.283,213.286,212.993,213.161,20926
1786060800,213.062,213.255,212.862,213.209,11820
1786075200,213.218,213.235,212.846,213.063,18438
1786089600,213.065,213.103,212.89,212.893,22106
1786104000,212.892,213.008,211.438,212.465,27462
1786118400,212.465,213.049,212.312,212.493,41252
1786132800,212.49,212.961,212.405,212.856,24998
1786320000,212.741,213.086,212.549,213.068,15280
1786334400,213.074,213.569,213.043,213.56,20313
1786348800,213.56,214.257,213.535,214.24,24838
1786363200,214.24,214.52,213.892,214.482,26363
1786377600,214.485,214.987,214.452,214.905,30387
1786392000,214.906,215.232,214.886,215.144,19997
1786406400,214.936,215.188,214.777,215.013,10920
1786420800,215.012,215.165,214.904,215.08,18937
1786435200,215.082,215.204,214.958,215.185,22038
1786449600,215.183,215.218,214.755,214.993,24911
1786464000,214.995,215.216,214.883,215.097,26166
1786478400,215.097,215.201,215.012,215.176,16950
1786492800,215.026,215.257,215.007,215.229,9921
1786507200,215.228,215.378,215.126,215.317,16710
1786521600,215.319,215.356,215.148,215.237,19772
1786536000,215.238,215.33,214.522,214.977,31781
1786550400,214.977,215.194,214.829,215.121,34543
1786564800,215.121,215.245,215.084,215.125,18746
1786579200,215.048,215.134,214.959,215.038,11211
1786593600,215.037,215.112,214.775,214.908,19349
1786608000,214.907,215.052,214.778,214.852,24120
1786622400,214.852,215.114,214.818,215.019,23584
1786636800,215.026,215.14,214.784,215.065,31329
1786651200,215.064,215.177,214.998,215.114,17119
1786665600,214.992,215.184,214.955,215.103,12308
1786680000,215.103,215.154,214.997,215.077,19267
1786694400,215.074,215.261,214.873,215.239,23427
1786708800,215.24,215.455,214.886,215.147,26883
1786723200,215.137,215.894,215.126,215.76,36235
1786737600,215.762,215.766,215.585,215.603,17125
1786924800,215.513,215.739,215.496,215.538,14300
1786939200,215.541,215.661,215.449,215.614,19693
1786953600,215.616,215.754,215.398,215.668,26174
1786968000,215.669,215.947,215.646,215.946,23704
1786982400,215.945,216.151,215.804,216.067,27355
1786996800,216.072,216.13,215.875,215.956,18906
1787011200,215.922,216.108,215.71,216.021,10419
1787025600,216.024,216.216,215.899,216.145,21092
1787040000,216.143,216.193,215.95,216.058,23159
1787054400,216.06,216.077,215.913,216.048,23016
1787068800,216.047,216.172,215.969,216.06,31155
1787083200,216.059,216.069,215.971,216.009,17809
1787097600,215.932,216.013,215.7,215.73,13146
1787112000,215.723,215.859,215.608,215.753,22383
1787126400,215.754,215.819,215.6,215.718,26674
1787140800,215.717,215.834,214.818,215.6,31250
1787155200,215.601,215.881,215.36,215.558,46739
1787169600,215.558,215.614,215.112,215.184,29680
1787184000,215.074,215.436,214.952,215.415,15275
1787198400,215.415,215.864,215.4,215.76,25389
1787212800,215.761,216.181,215.493,216.109,29055
1787227200,216.108,216.45,215.842,216.417,32356
1787241600,216.416,216.8,216.191,216.714,40164
1787256000,216.712,216.898,216.643,216.815,19447
1787270400,216.681,217.033,216.637,216.961,13243
1787284800,216.963,217.049,216.842,216.922,21893
1787299200,216.923,216.956,216.513,216.617,27781
1787313600,216.62,216.79,216.446,216.583,33930
1787328000,216.587,216.86,216.491,216.852,35054
1787342400,216.855,217.104,216.853,216.889,19319
1787529600,216.638,216.986,216.186,216.729,12902
1787544000,216.727,216.912,216.701,216.79,23008
1787558400,216.793,217.146,216.731,216.836,27441
1787572800,216.837,217.059,216.772,216.979,28134
1787587200,216.978,217.168,216.824,216.884,31667
1787601600,216.884,217.005,216.792,216.84,18712
1787616000,216.817,217.114,216.689,217.112,10723
1787630400,217.116,217.252,216.94,217.064,18732
1787644800,217.066,217.464,217.001,217.362,23170
1787659200,217.365,217.426,217.035,217.203,25528
1787673600,217.203,217.304,217.029,217.154,30977
1787688000,217.154,217.341,217.147,217.289,16955
1787702400,217.247,217.332,217.078,217.176,9882
1787716800,217.174,217.193,216.686,216.799,20633
1787731200,216.801,216.881,216.657,216.703,21279
1787745600,216.704,216.845,216.553,216.668,21994
1787760000,216.67,216.813,216.53,216.643,31054
1787774400,216.642,216.697,216.539,216.577,15245
1787788800,216.44,216.579,216.253,216.337,14401
1787803200,216.339,216.587,216.28,216.506,16844
1787817600,216.509,216.57,216.33,216.335,20958
1787832000,216.338,216.572,216.262,216.367,24308
1787846400,216.369,216.761,216.289,216.506,29356
1787860800,216.509,216.652,216.494,216.622,15830
1787875200,216.452,216.67,216.422,216.645,8838
1787889600,216.643,216.745,216.586,216.706,14886
1787904000,216.707,216.808,216.538,216.796,19534
1787918400,216.798,216.994,216.653,216.737,19887
1787932800,216.737,217.052,216.333,216.836,41802
1787947200,216.837,216.837,216.592,216.624,19984
1788134400,216.456,216.84,216.438,216.667,14351
1788148800,216.669,216.67,216.33,216.424,21758
1788163200,216.425,216.601,216.071,216.284,25345
1788177600,216.286,216.448,216.174,216.435,22405
1788192000,216.436,216.604,216.19,216.341,31913
1788206400,216.34,216.521,216.302,216.411,16834
1788220800,216.379,216.574,216.226,216.555,12315
1788235200,216.558,216.571,216.319,216.497,18981
1788249600,216.499,216.644,216.445,216.552,22342
1788264000,216.555,216.788,216.515,216.613,25984
1788278400,216.607,216.829,216.416,216.453,32661
1788292800,216.454,216.55,216.426,216.487,19127
1788307200,216.372,216.54,216.313,216.494,11877
1788321600,216.492,216.578,216.004,216.088,19420
1788336000,216.087,216.09,215.237,215.812,34780
1788350400,215.813,215.883,215.043,215.043,31663
1788364800,215.045,215.201,213.674,214.34,43718
1788379200,214.341,214.411,213.944,214.064,23862
1788393600,213.938,214.317,213.852,214.064,15248
1788408000,214.062,214.073,212.628,212.76,28320
1788422400,212.759,212.871,211.1,211.534,36325
1788436800,211.531,211.718,210.04,210.285,39318
1788451200,210.291,210.822,209.924,210.407,46988
1788465600,210.409,210.744,210.386,210.717,24839
1788480000,210.71,211.18,210.098,210.749,16137
1788494400,210.753,211.657,210.647,211.523,23536
1788508800,211.522,211.813,211.366,211.668,28549
1788523200,211.669,211.783,209.763,210.231,34918
1788537600,210.229,211.096,210.163,210.901,45741
1788552000,210.901,211.253,210.901,211.156,21886
1788739200,210.709,211.208,210.65,210.748,13475
1788753600,210.74,211.022,210.691,210.84,19848
1788768000,210.837,210.892,208.639,209.073,31634
1788782400,209.077,209.493,208.798,209.131,25594
1788796800,209.122,209.316,208.872,209.003,21758
1788811200,209.0,209.062,208.962,209.008,6412
1788825600,208.856,209.041,207.949,208.262,18001
1788840000,208.264,208.279,207.084,207.784,26625
1788854400,207.787,208.669,207.551,208.518,35944
1788868800,208.519,209.025,208.096,208.459,33372
1788883200,208.456,208.993,208.322,208.825,35638
1788897600,208.816,209.034,207.832,208.501,23555
1788912000,208.298,208.464,207.6,208.052,16915
1788926400,208.052,208.333,207.69,207.936,23873
1788940800,207.939,208.148,207.383,208.078,32981
1788955200,208.069,208.083,207.731,207.777,29036
1788969600,207.773,208.243,207.633,208.111,41490
1788984000,208.113,208.217,207.982,208.018,20583
1788998400,207.964,208.23,207.752,208.195,14473
1789012800,208.197,208.279,207.818,207.997,19477
1789027200,207.998,208.274,207.831,208.262,24422
1789041600,208.265,208.874,208.12,208.537,34674
1789056000,208.536,208.779,207.933,208.626,42098
1789070400,208.626,208.745,208.467,208.686,25393
1789084800,208.547,208.905,208.338,208.81,14978
1789099200,208.804,208.829,208.309,208.402,27133
1789113600,208.4,208.562,208.079,208.118,34185
1789128000,208.12,208.315,207.43,207.537,39155
1789142400,207.536,207.874,207.296,207.858,42936
1789156800,207.86,207.961,207.606,207.611,23920
1789344000,207.586,207.911,207.288,207.691,22612
1789358400,207.696,208.187,207.66,207.98,24010
1789372800,207.982,208.446,207.869,208.388,29720
1789387200,208.387,208.679,208.19,208.575,29409
1789401600,208.574,208.76,208.182,208.407,38727
1789416000,208.406,208.584,208.046,208.364,23046
1789430400,208.27,208.724,208.225,208.724,13607
1789444800,208.718,208.852,208.515,208.637,20193
1789459200,208.643,209.088,208.481,208.838,28423
1789473600,208.839,209.056,208.557,208.921,27366
1789488000,208.925,209.224,208.865,209.035,33595
1789502400,209.038,209.129,208.966,209.011,20314
1789516800,208.896,209.341,208.825,209.265,16315
1789531200,209.266,209.466,209.167,209.417,19251
1789545600,209.413,209.459,208.709,208.934,27919
1789560000,208.931,209.002,208.558,208.877,26189
1789574400,208.879,208.984,208.458,208.54,29047
1789588800,208.542,209.234,208.293,209.117,38848
1789603200,208.975,209.096,208.652,208.882,15731
1789617600,208.883,208.974,208.67,208.773,22396
1789632000,208.774,208.775,208.225,208.64,30852
1789646400,208.643,208.714,207.914,208.263,33966
1789660800,208.265,208.372,207.858,208.306,35130
1789675200,208.308,208.404,208.183,208.307,17574
1789689600,208.259,208.753,208.107,208.671,13512
1789704000,208.67,210.114,208.573,210.064,26457
1789718400,210.067,211.065,209.292,210.977,32053
1789732800,210.97,211.27,210.509,210.512,30737
1789747200,210.513,210.763,209.596,209.818,40493
1789761600,209.82,210.143,209.699,210.092,25887
