time,open,high,low,close,volume
1631836800,22.915,22.951999999999998,22.887,22.951999999999998,1832
1631851200,22.95,22.959,22.814,22.951999999999998,5794
1631865600,22.954,23.125,22.926,23.122,7682
1631880000,23.122,23.134,22.782,22.788,9075
1631894400,22.786,22.837,22.336,22.413,16487
1631908800,22.414,22.474,22.331,22.376,3470
1632096000,22.401,22.42,22.148,22.357,2818
1632110400,22.354,22.358,22.034,22.24,5860
1632124800,22.239,22.502,22.219,22.478,8071
1632139200,22.474,22.51,22.249,22.441,8769
1632153600,22.438,22.513,22.158,22.226,15257
1632168000,22.224,22.281,22.159,22.28,4031
1632182400,22.274,22.303,22.247,22.254,1950
1632196800,22.254,22.339,22.238,22.248,2859
1632211200,22.249,22.555,22.24,22.52,6113
1632225600,22.519,22.661,22.475,22.529,8618
1632240000,22.53,22.72,22.378,22.648,13326
1632254400,22.647,22.665,22.476,22.477,4671
1632268800,22.496,22.515,22.466,22.493,1741
1632283200,22.49,22.899,22.483,22.764,7287
1632297600,22.762,22.87,22.686,22.712,6158
1632312000,22.715,22.79,22.636,22.767,5752
1632326400,22.769,22.971,22.731,22.915,12101
1632340800,22.916,23.141,22.593,22.677,14600
1632355200,22.72,22.734,22.63,22.659,1824
1632369600,22.658,22.661,22.495,22.631,4637
1632384000,22.63,22.833,22.562,22.758,6695
1632398400,22.761,22.877,22.617,22.668,8664
1632412800,22.667,22.73,22.543,22.683,14409
1632427200,22.683,22.723,22.466,22.48,2917
1632441600,22.553,22.65,22.544,22.644,1450
1632456000,22.647,22.692,22.606,22.656,4529
1632470400,22.661,22.797,22.613,22.689,6599
1632484800,22.689,22.691,22.382,22.419,7536
1632499200,22.419,22.483,22.106,22.392,14054
1632513600,22.396,22.434,22.327,22.398,2911
1632700800,22.44,22.507,22.397,22.492,2142
1632715200,22.492,22.739,22.468,22.639,6427
1632729600,22.638,22.692,22.495,22.501,8011
1632744000,22.5,22.708,22.444,22.684,9803
1632758400,22.684,22.85,22.552,22.693,14465
1632772800,22.693,22.718,22.607,22.612,2722
1632787200,22.628,22.639,22.554,22.563,1253
1632801600,22.558,22.668,22.475,22.629,5110
1632816000,22.629,22.65,22.275,22.369,9826
1632830400,22.368,22.388,22.098,22.239,11090
1632844800,22.238,22.554,22.177,22.467,19582
1632859200,22.468,22.497,22.379,22.451,4769
1632873600,22.448,22.505,22.443,22.467,1545
1632888000,22.467,22.548000000000002,22.409,22.43,5621
1632902400,22.43,22.504,22.22,22.332,9404
1632916800,22.331,22.372,22.136,22.138,7728
1632931200,22.14,22.187,21.419,21.499,18187
1632945600,21.497,21.574,21.444,21.531,4858
1632960000,21.535,21.599,21.526,21.586,1228
1632974400,21.597,21.61,21.504,21.563,5791
1632988800,21.56,21.699,21.517,21.696,7352
1633003200,21.695,21.739,21.468,21.726,6884
1633017600,21.725,22.206,21.671,21.978,13560
1633032000,21.977,22.231,21.949,22.178,4714
1633046400,22.16,22.179,22.045,22.045,1270
1633060800,22.046,22.13,22.017,22.058,3461
1633075200,22.058,22.225,21.99,22.157,5723
1633089600,22.157,22.461,22.094,22.4,7751
1633104000,22.401,22.579,22.326,22.564,12702
1633118400,22.563,22.581,22.495,22.523,2268
1633305600,22.524,22.774,22.524,22.638,1639
1633320000,22.639,22.639,22.512,22.59,2803
1633334400,22.589,22.663,22.338,22.395,5812
1633348800,22.395,22.469,22.283,22.46,6807
1633363200,22.459,22.701,22.349,22.632,13282
1633377600,22.631,22.669,22.558,22.648,3537
1633392000,22.626,22.656,22.535,22.537,1214
1633406400,22.537,22.545,22.402,22.431,3461
1633420800,22.428,22.618,22.407,22.537,5271
1633435200,22.537,22.622,22.444,22.464,5900
1633449600,22.463,22.619,22.37,22.59,11292
1633464000,22.589,22.657,22.576999999999998,22.604,2430
1633478400,22.622,22.63,22.554,22.586,1113
1633492800,22.585,22.599,22.394,22.402,3838
1633507200,22.401,22.499,22.268,22.277,7096
1633521600,22.277,22.571,22.209,22.549,8680
1633536000,22.549,22.559,22.304,22.53,11264
1633550400,22.53,22.677,22.505,22.638,4043
1633564800,22.637,22.667,22.595,22.63,1166
1633579200,22.628,22.636,22.541,22.574,2532
1633593600,22.572,22.769,22.484,22.668,5322
1633608000,22.667,22.806,22.506,22.515,6049
1633622400,22.513,22.782,22.384,22.604,10394
1633636800,22.604,22.645,22.564,22.579,2783
1633651200,22.598,22.609,22.533,22.586,1305
1633665600,22.586,22.647,22.43,22.455,6103
1633680000,22.453,22.531,22.432,22.481,4886
1633694400,22.481,23.107,22.473,23.08,7711
1633708800,23.085,23.187,22.698,22.746,13745
1633723200,22.747,22.757,22.609,22.635,2728
1633910400,22.69,22.703,22.56,22.654,1767
1633924800,22.657,22.818,22.643,22.743,4780
1633939200,22.743,22.774,22.526,22.536,6380
1633953600,22.536,22.634,22.493,22.544,5146
1633968000,22.544,22.811,22.529,22.651,7832
1633982400,22.653,22.658,22.565,22.571,2428
1633996800,22.575,22.587,22.515,22.532,1439
1634011200,22.532,22.646,22.469,22.593,4431
1634025600,22.592,22.718,22.525,22.575,5661
1634040000,22.575,22.669,22.341,22.452,6131
1634054400,22.452,22.764,22.42,22.554,10442
1634068800,22.553,22.6,22.489,22.573,2714
1634083200,22.572,22.575,22.525,22.574,1126
1634097600,22.575,22.713,22.464,22.67,4312
1634112000,22.67,22.869,22.65,22.796,5584
1634126400,22.796,22.936,22.617,22.699,7654
1634140800,22.694,23.244,22.662,23.091,13000
1634155200,23.095,23.149,23.025,23.072,4002
1634169600,23.086,23.094,23.027,23.047,1174
1634184000,23.047,23.113,22.895,22.999,4864
1634198400,22.997,23.28,22.99,23.266,6082
1634212800,23.264,23.5,23.197,23.499,6670
1634227200,23.499,23.506,23.214,23.477,10207
1634241600,23.473,23.579,23.424,23.524,2260
1634256000,23.525,23.534,23.482,23.491,1313
1634270400,23.492,23.588,23.445,23.486,4369
1634284800,23.488,23.5,23.322,23.342,5050
1634299200,23.341,23.364,23.068,23.141,9093
1634313600,23.144,23.434,23.123,23.333,13849
1634328000,23.334,23.351,23.287,23.314,2642
1634515200,23.34,23.381,23.297,23.332,3160
1634529600,23.331,23.451,23.29,23.311,7639
1634544000,23.311,23.401,23.166,23.265,10433
1634558400,23.265,23.364,23.2,23.251,10419
1634572800,23.25,23.318,23.01,23.255,13134
1634587200,23.256,23.257,23.184,23.192,2781
1634601600,23.198,23.258,23.184,23.257,1630
1634616000,23.257,23.517,23.257,23.463,6272
1634630400,23.463,23.801,23.45,23.778,8817
1634644800,23.778,24.049,23.657,24.01,8955
1634659200,24.01,24.118,23.788,23.868,14669
1634673600,23.87,23.87,23.611,23.643,3673
1634688000,23.653,23.673000000000002,23.57,23.636,2136
1634702400,23.631,23.815,23.617,23.815,6600
1634716800,23.815,23.956,23.793,23.926,8128
1634731200,23.925,24.197,23.87,24.155,6883
1634745600,24.155,24.416,23.897,24.41,12910
1634760000,24.412,24.418,24.291,24.294,3634
1634774400,24.328,24.364,24.284,24.353,1920
1634788800,24.352,24.45,24.29,24.363,7022
1634803200,24.363,24.483,24.1,24.249,9926
1634817600,24.25,24.31,24.06,24.251,9636
1634832000,24.253,24.28,24.056,24.091,13041
1634846400,24.087,24.166,24.005,24.145,2848
1634860800,24.152,24.195,24.12,24.189,1505
1634875200,24.188,24.238,24.127,24.17,4822
1634889600,24.171,24.376,24.124,24.315,6666
1634904000,24.315,24.536,24.288,24.503,6116
1634918400,24.499,24.826999999999998,24.19,24.404,15407
1634932800,24.404,24.452,24.28,24.31,4082
1635120000,24.324,24.481,24.317,24.46,2111
1635134400,24.47,24.546,24.302,24.536,6644
1635148800,24.531,24.537,24.38,24.466,7188
1635163200,24.465,24.489,24.359,24.465,6955
1635177600,24.465,24.615,24.356,24.509,10516
1635192000,24.508,24.579,24.5,24.562,1881
1635206400,24.564,24.567,24.489,24.505,1182
1635220800,24.504,24.551,24.377,24.406,5001
1635235200,24.407,24.481,24.238,24.284,6391
1635249600,24.285,24.442,24.188,24.358,6141
1635264000,24.362,24.379,23.875,24.053,12829
1635278400,24.052,24.178,24.016,24.161,2964
1635292800,24.154,24.196,24.127,24.134,1662
1635307200,24.134,24.147,23.963,24.044,5170
1635321600,24.043,24.091,23.834,23.937,6126
1635336000,23.936,24.168,23.862,24.101,6355
1635350400,24.1,24.25,23.95,24.108,12608
1635364800,24.111,24.18,24.036,24.067,3349
1635379200,24.059,24.079,23.973,23.999,1648
1635393600,23.994,24.102,23.973,24.074,5015
1635408000,24.073,24.166,24.011,24.074,6376
1635422400,24.074,24.179,23.996,24.018,7532
1635436800,24.022,24.243,23.959,24.052,13753
1635451200,24.054,24.109,24.022,24.059,2722
1635465600,24.074,24.086,24.016,24.025,2165
1635480000,24.025,24.056,23.886,23.888,5080
1635494400,23.889,23.988,23.779,23.91,6666
1635508800,23.913,24.061,23.724,23.79,8516
1635523200,23.791,23.933,23.655,23.884,12861
1635537600,23.884,23.918,23.845,23.886,3295
1635724800,23.859,23.86,23.743,23.817,1683
1635739200,23.818,23.88,23.78,23.811,3958
1635753600,23.81,23.932,23.746,23.82,5176
1635768000,23.819,23.993,23.789,23.95,5780
1635782400,23.949,24.096,23.922,23.992,8542
1635796800,23.993,24.061,23.975,24.045,2366
1635811200,24.046,24.046,23.999,24.02,1220
1635825600,24.022,24.042,23.913,23.967,4727
1635840000,23.968,24.064,23.934,23.958,5986
1635854400,23.959,23.983,23.74,23.83,7192
1635868800,23.83,23.83,23.387,23.421,11884
1635883200,23.421,23.552,23.421,23.527,2379
1635897600,23.533,23.562,23.475,23.553,946
1635912000,23.549,23.549,23.394,23.422,5042
1635926400,23.422,23.588,23.384,23.549,5024
1635940800,23.548000000000002,23.62,23.38,23.392,6801
1635955200,23.391,23.464,23.018,23.179,13918
1635969600,23.179,23.584,23.119,23.556,12391
1635984000,23.542,23.72,23.538,23.618,1816
1635998400,23.618,23.636,23.502,23.559,4396
1636012800,23.559,23.666,23.439,23.663,6000
1636027200,23.664,23.894,23.595,23.881,7540
1636041600,23.878,24.04,23.814,23.846,12558
1636056000,23.848,23.878,23.74,23.767,3414
1636070400,23.767,23.826999999999998,23.756,23.801,2077
1636084800,23.801,23.879,23.798000000000002,23.857,4681
1636099200,23.857,23.942,23.807,23.834,6355
1636113600,23.833,23.863,23.605,23.762,7780
1636128000,23.758,24.126,23.738,24.057,16088
1636142400,24.056,24.152,24.006,24.147,2999
1636329600,24.143,24.297,24.053,24.192,5220
1636344000,24.192,24.306,24.188,24.301,4780
1636358400,24.3,24.312,24.122,24.168,6337
1636372800,24.168,24.383,24.164,24.299,7413
1636387200,24.298,24.464,24.245,24.401,10197
1636401600,24.401,24.51,24.394,24.462,2766
1636416000,24.44,24.474,24.377,24.415,2832
1636430400,24.415,24.472,24.354,24.41,4187
1636444800,24.41,24.447,24.278,24.434,5344
1636459200,24.434,24.451,24.32,24.42,7544
1636473600,24.418,24.453,24.023,24.265,11220
1636488000,24.264,24.333,24.181,24.3,3389
1636502400,24.305,24.327,24.245,24.252,2895
1636516800,24.253,24.359,24.229,24.301,3228
1636531200,24.3,24.345,24.205,24.216,5127
1636545600,24.216,24.66,24.035,24.656,7541
1636560000,24.653,25.125,24.634,24.783,14146
1636574400,24.783,24.801,24.518,24.643,6677
1636588800,24.615,24.755,24.588,24.638,4160
1636603200,24.638,24.949,24.587,24.889,6415
1636617600,24.887,25.011,24.856,24.99,6952
1636632000,24.991,25.201,24.835,25.17,8223
1636646400,25.17,25.207,25.029,25.198,7955
1636660800,25.198,25.262,25.173,25.252,2097
1636675200,25.238,25.28,25.086,25.148,2686
1636689600,25.148,25.239,25.065,25.221,4104
1636704000,25.22,25.277,24.89,24.973,6208
1636718400,24.974,25.146,24.845,25.018,7586
1636732800,25.016,25.385,24.994,25.244,10038
1636747200,25.245,25.362,25.231,25.296,2948
1636934400,25.31,25.38,24.948,25.033,5506
1636948800,25.033,25.06,24.912,25.019,4805
1636963200,25.018,25.233,25.0,25.223,4341
1636977600,25.223,25.254,25.017,25.113,5778
1636992000,25.108,25.138,24.907,25.034,9097
1637006400,25.033,25.178,24.992,25.058,3192
1637020800,25.064,25.15,25.04,25.106,3191
1637035200,25.106,25.203,25.044,25.078,4607
1637049600,25.078,25.233,25.017,25.184,5930
1637064000,25.183,25.403,25.107,25.139,8527
1637078400,25.139,25.201,24.869,24.899,11702
1637092800,24.898,24.91,24.766,24.822,3456
1637107200,24.811,24.987,24.805,24.98,2786
1637121600,24.982,25.0,24.897,24.921,4926
1637136000,24.921,25.113,24.918,25.069,4681
1637150400,25.069,25.195,25.035,25.06,6637
1637164800,25.061,25.203,25.023,25.078,8384
1637179200,25.076,25.116,24.954,25.069,3791
1637193600,25.055,25.152,25.046,25.058,3104
1637208000,25.06,25.124,24.907,25.032,4192
1637222400,25.032,25.155,24.958,25.058,5561
1637236800,25.055,25.073,24.68,24.964,7960
1637251200,24.964,24.983,24.769,24.889,9070
1637265600,24.886,24.908,24.785,24.788,2533
1637280000,24.801,24.886,24.767,24.85,2568
1637294400,24.851,24.934,24.85,24.866,2853
1637308800,24.863,24.89,24.72,24.872,6262
1637323200,24.873,24.882,24.65,24.779,8952
1637337600,24.78,24.978,24.554,24.648,12547
1637352000,24.648,24.737,24.576999999999998,24.601,4496
1637539200,24.574,24.715,24.574,24.674,3977
1637553600,24.669,24.738,24.644,24.714,3185
1637568000,24.714,24.883,24.685,24.826999999999998,5929
1637582400,24.826,24.844,24.648,24.779,7331
1637596800,24.787,24.791,24.205,24.3,13905
1637611200,24.299,24.299,24.102,24.187,4953
1637625600,24.229,24.31,24.204,24.307,3184
1637640000,24.307,24.32,24.208,24.239,3377
1637654400,24.236,24.236,23.82,23.927,9555
1637668800,23.925,23.961,23.343,23.392,9964
1637683200,23.394,23.572,23.273,23.387,11547
1637697600,23.393,23.691,23.37,23.668,4381
1637712000,23.637,23.676,23.477,23.582,3029
1637726400,23.582,23.625,23.512,23.614,3220
1637740800,23.615,23.685,23.558,23.595,5684
1637755200,23.595,23.613,23.396,23.541,8404
1637769600,23.546,23.59,23.411,23.46,11064
1637784000,23.461,23.554,23.424,23.549,3411
1637798400,23.542,23.664,23.512,23.654,3096
1637812800,23.654,23.724,23.585,23.63,2736
1637827200,23.63,23.693,23.581,23.588,3675
1637841600,23.589,23.681,23.555,23.614,3946
1637856000,23.612,23.662,23.571,23.585,3556
1637884800,23.603,23.644,23.515,23.551,3644
1637899200,23.55,23.604,23.515,23.572,4370
1637913600,23.573,23.725,23.293,23.56,10430
1637928000,23.561,23.671,23.215,23.476,10217
1637942400,23.476,23.572,22.916,23.114,12349
1637956800,23.12,23.132,23.095,23.105,593
1638144000,23.159,23.421,23.058,23.418,5361
1638158400,23.416,23.439,23.331,23.409,3931
1638172800,23.409,23.413,23.31,23.342,6995
1638187200,23.342,23.347,23.0,23.004,6944
1638201600,23.005,23.108,22.752,22.832,9910
1638216000,22.831,22.915,22.765,22.909,3314
1638230400,22.912,22.955,22.82,22.947,2567
1638244800,22.948,22.986,22.869,22.886,4310
1638259200,22.886,22.965,22.763,22.928,7938
1638273600,22.928,22.942,22.757,22.888,7390
1638288000,22.883,23.31,22.689,22.774,16924
1638302400,22.779,22.886,22.725,22.813,5799
1638316800,22.86,22.896,22.63,22.712,3823
1638331200,22.712,23.017,22.708,23.004,3873
1638345600,23.005,23.025,22.736,22.896,7597
1638360000,22.896,22.944,22.721,22.803,7617
1638374400,22.804,22.835,22.42,22.44,11906
1638388800,22.434,22.445,22.184,22.314,8448
1638403200,22.324,22.445,22.323,22.382,3712
1638417600,22.383,22.486,22.335,22.366,4644
1638432000,22.366,22.466,22.266,22.369,5708
1638446400,22.367,22.504,22.324,22.35,7168
1638460800,22.35,22.474,22.215,22.333,12595
1638475200,22.333,22.419,22.285,22.388,3646
1638489600,22.419,22.442,22.337,22.406,2915
1638504000,22.404,22.52,22.328,22.488,3793
1638518400,22.489,22.493,22.284,22.324,4510
1638532800,22.324,22.573,22.251,22.328,7904
1638547200,22.329,22.477,22.035,22.448,13361
1638561600,22.448,22.551,22.412,22.528,4333
1638748800,22.54,22.598,22.487,22.535,3412
1638763200,22.535,22.576999999999998,22.453,22.472,3361
1638777600,22.473,22.502,22.296,22.312,5595
1638792000,22.312,22.386,22.282,22.295,5335
1638806400,22.292,22.356,22.122,22.329,8094
1638820800,22.328,22.419,22.236,22.375,2552
1638835200,22.386,22.397,22.3,22.306,1756
1638849600,22.306,22.42,22.271,22.414,2816
1638864000,22.412,22.473,22.333,22.413,4798
1638878400,22.413,22.47,22.231,22.285,5597
1638892800,22.286,22.591,22.253,22.507,7336
1638907200,22.506,22.539,22.484,22.496,2270
1638921600,22.496,22.534,22.468,22.485,2290
1638936000,22.487,22.562,22.476,22.532,3670
1638950400,22.532,22.548000000000002,22.393,22.464,4481
1638964800,22.461,22.485,22.312,22.405,7354
1638979200,22.406,22.466,22.307,22.416,6666
1638993600,22.417,22.477,22.402,22.409,2312
1639008000,22.44,22.461,22.376,22.393,2004
1639022400,22.393,22.473,22.335,22.441,2764
1639036800,22.441,22.458,22.274,22.322,4389
1639051200,22.321,22.331,21.863,21.911,7571
1639065600,21.906,22.147,21.875,22.013,7370
1639080000,22.013,22.063,21.942,21.947,3270
1639094400,21.984,22.014,21.949,21.989,1987
1639108800,21.99,22.036,21.961,21.962,2529
1639123200,21.962,21.963,21.826,21.893,4220
1639137600,21.893,22.152,21.859,22.133,6057
1639152000,22.137,22.227,22.062,22.161,7469
1639166400,22.161,22.188,22.151,22.173,1682
1639353600,22.207,22.312,22.184,22.301,2999
1639368000,22.301,22.327,22.238,22.255,3050
1639382400,22.255,22.273,22.143,22.179,3775
1639396800,22.179,22.365,22.171,22.271,5385
1639411200,22.271,22.416,22.257,22.302,6298
1639425600,22.302,22.338,22.26,22.321,2040
1639440000,22.328,22.336,22.255,22.273,2323
1639454400,22.274,22.285,22.194,22.24,2927
1639468800,22.241,22.305,22.177,22.186,3966
1639483200,22.185,22.214,21.783,21.791,6379
1639497600,21.788,21.995,21.689,21.905,8946
1639512000,21.904,21.971,21.87,21.942,1677
1639526400,21.953,22.06,21.905,21.953,2122
1639540800,21.953,21.971,21.842,21.913,3334
1639555200,21.915,21.958,21.839,21.854,4034
1639569600,21.854,21.926,21.745,21.897,5452
1639584000,21.897,21.911,21.484,21.55,7845
1639598400,21.551,22.123,21.407,22.068,10887
1639612800,22.095,22.153,21.909,22.137,4174
1639627200,22.137,22.182,22.119,22.18,3479
1639641600,22.18,22.217,22.132,22.161,3928
1639656000,22.16,22.31,22.128,22.282,6559
1639670400,22.284,22.533,22.239,22.456,9058
1639684800,22.457,22.483,22.374,22.477,3054
1639699200,22.462,22.538,22.417,22.523,2719
1639713600,22.518,22.55,22.412,22.484,4101
1639728000,22.483,22.664,22.468,22.607,4694
1639742400,22.607,22.675,22.479,22.527,5557
1639756800,22.525,22.604,22.44,22.53,7841
1639771200,22.53,22.545,22.357,22.365,3143
1639958400,22.392,22.425,22.341,22.394,3116
1639972800,22.393,22.444,22.333,22.363,3475
1639987200,22.363,22.409,22.274,22.338,4235
1640001600,22.336,22.384,22.202,22.226,4686
1640016000,22.226,22.333,22.193,22.304,6806
1640030400,22.304,22.325,22.233,22.249,2748
1640044800,22.27,22.282,22.175,22.207,2087
1640059200,22.207,22.454,22.201,22.432,2744
1640073600,22.43,22.667,22.339,22.649,4970
1640088000,22.649,22.786,22.632,22.689,5898
1640102400,22.685,22.688,22.427,22.489,6831
1640116800,22.493,22.542,22.464,22.507,2449
1640131200,22.494,22.536,22.46,22.526,1929
1640145600,22.531,22.566,22.496,22.529,2730
1640160000,22.529,22.566,22.441,22.558,3526
1640174400,22.558,22.697,22.557,22.689,4784
1640188800,22.688,22.797,22.552,22.723,6130
1640203200,22.723,22.83,22.721,22.794,2644
1640217600,22.792,22.858,22.743,22.853,2093
1640232000,22.853,22.9,22.799,22.839,2814
1640246400,22.839,22.887,22.793,22.843,3657
1640260800,22.843,22.932,22.761,22.829,4867
1640275200,22.826,22.929,22.653,22.924,6347
1640289600,22.92,22.93,22.868,22.907,1545
1640563200,22.789,22.987,22.786,22.912,2754
1640577600,22.912,22.912,22.687,22.698,3717
1640592000,22.699,22.78,22.676,22.706,2902
1640606400,22.707,22.889,22.646,22.889,4180
1640620800,22.889,23.112,22.882,22.965,6956
1640635200,22.965,23.075,22.931,23.063,2077
1640649600,23.053,23.053,22.989,23.019,1630
1640664000,23.018,23.084,22.96,23.077,2361
1640678400,23.076,23.13,23.017,23.074,3185
1640692800,23.075,23.434,23.075,23.373,3994
1640707200,23.373,23.389,23.038,23.081,6778
1640721600,23.08,23.106,22.99,23.013,2644
1640736000,23.002,23.027,22.975,22.979,2263
1640750400,22.979,23.114,22.954,23.099,2746
1640764800,23.099,23.156,23.059,23.09,3235
1640779200,23.088,23.09,22.6,22.608,7122
1640793600,22.612,22.867,22.589,22.818,7140
1640808000,22.818,22.849,22.793,22.821,1865
1640822400,22.822,22.843,22.73,22.785,1959
1640836800,22.782,22.798000000000002,22.645,22.659,2211
1640851200,22.658,22.728,22.598,22.701999999999998,3582
1640865600,22.701999999999998,23.0,22.677,22.984,4928
1640880000,22.984,23.111,22.917,23.021,6588
1640894400,23.021,23.109,22.977,23.045,2291
1640908800,23.031,23.136,23.028,23.084,1832
1640923200,23.085,23.153,23.044,23.124,1545
1640937600,23.124,23.206,23.084,23.139,2602
1640952000,23.141,23.302,23.051,23.192,3711
1640966400,23.187,23.33,23.106,23.283,6710
1640980800,23.282,23.334,23.244,23.288,2903
1641168000,23.35,23.402,23.185,23.211,2254
1641182400,23.213,23.213,23.106,23.152,2088
1641196800,23.152,23.269,23.071,23.258,3393
1641211200,23.259,23.3,22.695,22.739,6175
1641225600,22.736,22.985,22.673000000000002,22.832,10611
1641240000,22.831,22.929,22.768,22.885,2715
1641254400,22.892,23.022,22.754,22.797,3408
1641268800,22.796,22.825,22.701999999999998,22.797,3331
1641283200,22.797,22.878,22.736,22.831,4742
1641297600,22.83,22.928,22.639,22.912,6939
1641312000,22.912,23.098,22.895,23.023,8786
1641326400,23.023,23.073,23.008,23.05,2170
1641340800,23.043,23.069,23.008,23.013,1333
1641355200,23.009,23.015,22.883,22.917,2492
1641369600,22.917,23.055,22.856,23.046,4266
1641384000,23.045,23.252,22.999,23.161,6674
1641398400,23.166,23.253,23.053,23.084,7466
1641412800,23.083,23.142,22.724,22.788,6029
1641427200,22.763,22.826999999999998,22.719,22.762,2889
1641441600,22.764,22.764,22.614,22.62,3906
1641456000,22.62,22.627,22.133,22.184,7504
1641470400,22.181,22.407,22.005,22.035,9238
1641484800,22.035,22.301,22.004,22.174,11212
1641499200,22.169,22.207,22.096,22.171,3617
1641513600,22.195,22.215,22.106,22.125,2379
1641528000,22.125,22.163,22.086,22.091,2679
1641542400,22.091,22.226,22.007,22.205,4328
1641556800,22.205,22.269,21.943,22.112,7100
1641571200,22.112,22.346,22.031,22.316,11094
1641585600,22.319,22.438,22.298,22.321,3154
1641772800,22.347,22.415,22.267,22.28,2910
1641787200,22.28,22.329,22.228,22.264,3245
1641801600,22.267,22.436,22.19,22.399,5051
1641816000,22.399,22.503,22.243,22.314,6909
1641830400,22.314,22.477,22.239,22.464,9875
1641844800,22.462,22.517,22.405,22.468,4238
1641859200,22.451,22.556,22.442,22.513,2683
1641873600,22.517,22.573,22.5,22.53,2772
1641888000,22.53,22.677,22.529,22.556,5672
1641902400,22.556,22.671,22.505,22.534,5137
1641916800,22.535,22.772,22.459,22.756,10461
1641931200,22.752,22.804,22.719,22.782,3187
1641945600,22.758,22.792,22.703,22.718,2343
1641960000,22.718,22.833,22.708,22.803,2606
1641974400,22.805,22.847,22.645,22.695,4309
1641988800,22.695,22.983,22.694,22.909,6906
1642003200,22.91,23.176,22.814,23.167,9795
1642017600,23.168,23.219,23.132,23.135,2527
1642032000,23.153,23.216,23.11,23.183,2297
1642046400,23.182,23.221,23.117,23.127,2614
1642060800,23.127,23.195,23.064,23.147,4712
1642075200,23.147,23.268,23.075,23.164,5634
1642089600,23.165,23.222,22.996,23.131,9568
1642104000,23.13,23.161,23.05,23.084,3298
1642118400,23.068,23.113,23.031,23.074,2306
1642132800,23.075,23.208,23.062,23.191,3075
1642147200,23.191,23.308,23.097,23.119,4220
1642161600,23.119,23.144,22.862,23.033,7114
1642176000,23.033,23.07,22.843,22.885,8750
1642190400,22.885,22.977,22.824,22.967,3135
1642377600,22.917,22.944,22.829,22.896,2554
1642392000,22.896,23.025,22.879,22.987,2575
1642406400,22.987,23.113,22.962,23.04,2861
1642420800,23.041,23.068,22.932,23.001,3197
1642435200,23.002,23.047,22.934,23.014,2879
1642449600,23.014,23.018,22.992,23.017,225
1642464000,23.003,23.105,22.977,23.091,2056
1642478400,23.091,23.092,22.865,22.921,3955
1642492800,22.921,23.014,22.812,22.83,5027
1642507200,22.828,23.496,22.806,23.469,7838
1642521600,23.474,23.636,23.262,23.4,12609
1642536000,23.401,23.58,23.351,23.469,3871
1642550400,23.463,23.487,23.412,23.421,2464
1642564800,23.422,23.476,23.387,23.468,3098
1642579200,23.468,23.757,23.459,23.732,5496
1642593600,23.732,23.861,23.689,23.778,7149
1642608000,23.782,24.206,23.742,24.171,11575
1642622400,24.172,24.198,24.083,24.15,3693
1642636800,24.144,24.171,24.079,24.08,3481
1642651200,24.079,24.183,24.074,24.16,4315
1642665600,24.16,24.261,24.079,24.16,5889
1642680000,24.159,24.417,24.119,24.365,6999
1642694400,24.362,24.699,24.324,24.67,11679
1642708800,24.671,24.675,24.425,24.45,3837
1642723200,24.472,24.475,24.274,24.318,4414
1642737600,24.317,24.517,24.308,24.476,4393
1642752000,24.476,24.558,24.283,24.448,6348
1642766400,24.445,24.575,24.297,24.56,7792
1642780800,24.562,24.57,24.23,24.267,12545
1642795200,24.267,24.386,24.167,24.248,4918
1642982400,24.2,24.309,24.13,24.185,3854
1642996800,24.185,24.227,24.106,24.188,3474
1643011200,24.189,24.265,24.091,24.195,5387
1643025600,24.194,24.204,23.77,23.782,8545
1643040000,23.784,23.895,23.56,23.746,13200
1643054400,23.745,24.013,23.715,23.974,5786
1643068800,23.964,23.968,23.753,23.766,2658
1643083200,23.766,23.852,23.739,23.815,3223
1643097600,23.816,23.832,23.673000000000002,23.757,5013
1643112000,23.756,23.776,23.632,23.7,6130
1643126400,23.697,23.946,23.598,23.807,10996
1643140800,23.807,23.968,23.798000000000002,23.822,4265
1643155200,23.832,23.904,23.748,23.779,2035
1643169600,23.779,23.796,23.71,23.736,2497
1643184000,23.735,23.936,23.673000000000002,23.91,4495
1643198400,23.91,23.972,23.828,23.858,6837
1643212800,23.855,23.898,23.581,23.769,13634
1643227200,23.765,23.924,23.434,23.494,12456
1643241600,23.543,23.595,23.326,23.335,3960
1643256000,23.33,23.368,23.22,23.223,5899
1643270400,23.222,23.35,23.088,23.327,7884
1643284800,23.327,23.356,22.837,22.883,9853
1643299200,22.882,23.024,22.576999999999998,22.602,11971
1643313600,22.602,22.777,22.576,22.767,5311
1643328000,22.784,22.79,22.662,22.754,2764
1643342400,22.753,22.819,22.727,22.772,3394
1643356800,22.772,22.792,22.493,22.536,5808
1643371200,22.536,22.678,22.402,22.565,9062
1643385600,22.567,22.614,22.146,22.197,11029
1643400000,22.202,22.44,22.198,22.429,5423
1643587200,22.381,22.426,22.323,22.395,2407
1643601600,22.395,22.411,22.249,22.357,2379
1643616000,22.357,22.599,22.316,22.519,5262
1643630400,22.52,22.641,22.431,22.543,6931
1643644800,22.543,22.556,22.364,22.408,8957
1643659200,22.408,22.523,22.354,22.452,4297
1643673600,22.47,22.5,22.42,22.426,1243
1643688000,22.426,22.563,22.403,22.542,2365
1643702400,22.54,22.731,22.502,22.706,5194
1643716800,22.706,23.041,22.706,22.9,6409
1643731200,22.892,22.986,22.594,22.648,9133
1643745600,22.648,22.662,22.518,22.65,3213
1643760000,22.624,22.687,22.608,22.629,971
1643774400,22.63,22.713,22.615,22.706,1180
1643788800,22.706,22.808,22.614,22.8,3801
1643803200,22.802,22.863,22.632,22.687,4993
1643817600,22.696,22.809,22.464,22.764,8272
1643832000,22.76,22.76,22.636,22.642,2708
1643846400,22.631,22.657,22.57,22.637,1270
1643860800,22.637,22.656,22.532,22.568,1634
1643875200,22.569,22.569,22.428,22.432,3887
1643889600,22.432,22.461,22.284,22.356,7404
1643904000,22.362,22.522,22.003,22.362,6817
1643918400,22.361,22.443,22.336,22.413,2735
1643932800,22.425,22.471,22.408,22.452,1609
1643947200,22.452,22.551,22.452,22.522,2200
1643961600,22.522,22.583,22.463,22.55,4830
1643976000,22.551,22.636,22.174,22.189,4677
1643990400,22.188,22.664,22.115,22.477,7675
1644004800,22.482,22.533,22.443,22.493,2664
1644192000,22.56,22.866,22.541,22.752,4266
1644206400,22.752,22.831,22.699,22.768,4243
1644220800,22.768,22.869,22.698,22.752,5691
1644235200,22.752,22.958,22.709,22.867,6396
1644249600,22.867,23.069,22.818,23.048,8254
1644264000,23.048,23.099,23.011,23.015,2732
1644278400,23.008,23.042,22.963,22.987,2431
1644292800,22.987,23.0,22.799,22.891,3034
1644307200,22.89,22.947,22.774,22.944,4942
1644321600,22.944,23.067,22.799,23.042,5235
1644336000,23.043,23.235,22.961,23.213,6147
1644350400,23.211,23.254,23.162,23.193,2178
1644364800,23.173,23.269,23.166,23.265,1848
1644379200,23.265,23.317,23.237,23.25,2527
1644393600,23.249,23.257,23.147,23.208,3859
1644408000,23.208,23.335,23.09,23.104,5124
1644422400,23.103,23.352,23.095,23.316,6970
1644436800,23.316,23.349,23.244,23.305,2483
1644451200,23.284,23.288,23.188,23.195,1894
1644465600,23.197,23.293,23.196,23.259,1592
1644480000,23.257,23.4,23.238,23.341,3588
1644494400,23.341,23.497,23.126,23.368,4618
1644508800,23.362,23.71,23.222,23.494,8225
1644523200,23.493,23.556,23.167,23.196,6366
1644537600,23.19,23.214,23.059,23.093,2841
1644552000,23.092,23.148,23.011,23.044,3055
1644566400,23.044,23.049,22.859,22.962,5636
1644580800,22.962,23.098,22.878,23.079,6100
1644595200,23.077,23.359,23.022,23.333,10758
1644609600,23.331,23.685,23.317,23.612,9977
1644796800,23.517,23.776,23.515,23.726,3933
1644811200,23.726,23.733,23.568,23.629,3854
1644825600,23.63,23.772,23.571,23.759,5591
1644840000,23.761,23.908,23.591,23.869,6493
1644854400,23.871,23.939,23.721,23.788,9091
1644868800,23.788,23.888,23.77,23.851,4899
1644883200,23.861,23.896,23.833,23.883,1907
1644897600,23.881,23.989,23.781,23.795,3614
1644912000,23.796,23.843,23.374,23.457,6655
1644926400,23.456,23.471,23.114,23.147,7453
1644940800,23.144,23.331,23.075,23.31,7648
1644955200,23.31,23.421,23.307,23.365,2539
1644969600,23.386,23.4,23.279,23.29,2091
1644984000,23.29,23.408,23.279,23.387,2470
1644998400,23.388,23.567,23.371,23.527,3745
1645012800,23.527,23.548000000000002,23.311,23.41,4678
1645027200,23.411,23.579,23.348,23.558,5973
1645041600,23.556,23.668,23.48,23.564,5522
1645056000,23.618,23.631,23.525,23.538,2748
1645070400,23.538,23.562,23.42,23.51,4973
1645084800,23.51,23.848,23.495,23.746,8146
1645099200,23.746,23.863,23.58,23.78,8040
1645113600,23.783,23.879,23.583,23.836,11440
1645128000,23.836,23.914,23.777,23.83,4112
1645142400,23.805,23.883,23.758,23.785,3960
1645156800,23.784,23.934,23.757,23.896,4104
1645171200,23.899,23.979,23.852,23.918,6585
1645185600,23.918,24.085,23.681,23.966,7871
1645200000,23.964,24.066,23.887,23.972,10393
1645214400,23.974,24.002,23.873,23.972,4157
1645401600,24.0,24.035,23.738,23.805,5853
1645416000,23.805,23.848,23.731,23.737,4773
1645430400,23.737,23.848,23.694,23.78,6561
1645444800,23.78,23.86,23.706,23.828,6757
1645459200,23.826999999999998,23.937,23.805,23.86,5747
1645473600,23.86,23.996,23.849,23.968,1031
1645488000,24.043,24.126,23.906,23.958,5723
1645502400,23.956,24.274,23.919,24.269,6337
1645516800,24.269,24.306,24.032,24.093,9820
1645531200,24.093,24.229,23.943,24.205,10690
1645545600,24.203,24.362,24.115,24.266,10252
1645560000,24.262,24.289,24.102,24.104,6021
1645574400,24.15,24.241,24.128,24.166,2653
1645588800,24.168,24.227,24.069,24.079,3878
1645603200,24.078,24.186,24.026,24.071,6550
1645617600,24.071,24.29,24.041,24.238,5895
1645632000,24.238,24.541,24.211,24.499,9034
1645646400,24.496,24.587,24.46,24.54,4901
1645660800,24.52,24.695,24.495,24.659,4457
1645675200,24.659,25.149,24.655,25.053,14430
1645689600,25.057,25.342,24.892,25.331,14323
1645704000,25.33,25.615,25.144,25.325,13397
1645718400,25.325,25.42,24.599,24.699,12915
1645732800,24.698,24.713,23.842,24.206,10357
1645747200,24.279,24.442,24.149,24.342,6129
1645761600,24.342,24.45,24.269,24.33,5926
1645776000,24.334,24.495,24.175,24.194,8205
1645790400,24.194,24.305,23.962,23.963,11581
1645804800,23.963,24.098,23.875,23.943,11999
1645819200,23.941,24.246,23.907,24.239,4204
1646006400,24.588,24.622,24.232,24.337,7703
1646020800,24.337,24.394,24.249,24.334,5521
1646035200,24.332,24.374,24.089,24.309,8961
1646049600,24.31,24.572,24.309,24.539,8263
1646064000,24.539,24.578,24.203,24.37,11813
1646078400,24.366,24.48,24.279,24.445,4537
1646092800,24.445,24.454,24.305,24.317,2478
1646107200,24.316,24.43,24.279,24.411,3313
1646121600,24.41,24.565,24.357,24.491,5926
1646136000,24.49,24.707,24.465,24.665,9137
1646150400,24.665,25.319,24.63,25.312,9338
1646164800,25.312,25.539,25.255,25.395,5399
1646179200,25.356,25.371,25.019,25.181,4091
1646193600,25.181,25.262,24.972,24.974,5904
1646208000,24.974,25.273,24.959,25.066,9897
1646222400,25.066,25.21,24.858,25.132,9359
1646236800,25.13,25.199,24.933,25.099,12815
1646251200,25.099,25.377,25.072,25.278,4224
1646265600,25.312,25.312,25.097,25.158,2969
1646280000,25.158,25.295,25.128,25.262,4574
1646294400,25.261,25.433,25.177,25.277,7024
1646308800,25.278,25.475,25.141,25.202,8931
1646323200,25.206,25.301,24.968,25.072,13759
1646337600,25.073,25.244,25.056,25.179,4601
1646352000,25.206,25.347,25.06,25.11,6562
1646366400,25.108,25.254,25.066,25.109,5727
1646380800,25.11,25.253,25.042,25.236,7310
1646395200,25.237,25.293,25.1,25.252,8752
1646409600,25.251,25.692,25.225,25.586,10652
1646424000,25.585,25.736,25.576999999999998,25.679,4778
1646611200,25.942,26.12,25.787,26.098,6380
1646625600,26.097,26.138,25.698,25.769,7261
1646640000,25.769,26.01,25.643,25.934,9050
1646654400,25.93,26.032,25.211,25.55,10203
1646668800,25.55,25.72,25.366,25.448,11692
1646683200,25.447,25.673000000000002,25.427,25.671,5508
1646697600,25.688,25.732,25.354,25.456,3184
1646712000,25.456,25.73,25.408,25.707,4117
1646726400,25.703,26.305,25.675,25.997,10781
1646740800,25.993,26.384,25.785,26.253,8431
1646755200,26.248,26.945,25.989,26.199,15851
1646769600,26.204,26.591,26.099,26.395,8531
1646784000,26.445,26.503,26.288,26.488,3779
1646798400,26.487,26.769,26.456,26.5,5878
1646812800,26.51,26.768,25.998,26.199,8314
1646827200,26.199,26.314,25.842,25.932,10804
1646841600,25.937,26.157,25.477,25.552,12682
1646856000,25.554,25.833,25.402,25.759,6009
1646870400,25.748,25.748,25.311,25.494,3479
1646884800,25.495,25.618,25.393,25.485,4114
1646899200,25.485,25.627,25.346,25.497,6146
1646913600,25.501,26.01,25.459,25.831,8727
1646928000,25.831,26.063,25.668,26.012,10609
1646942400,26.014,26.042,25.82,25.907,3728
1646956800,25.924,25.938,25.691,25.691,2630
1646971200,25.69,25.787,25.578,25.624,4355
1646985600,25.623,25.919,25.612,25.789,5107
1647000000,25.79,25.86,25.411,25.534,8324
1647014400,25.534,25.99,25.48,25.932,8166
1647028800,25.932,25.941,25.776,25.842,3287
1647216000,25.761,25.844,25.524,25.672,2396
1647230400,25.674,25.755,25.542,25.734,4173
1647244800,25.735,25.739,25.491,25.522,5335
1647259200,25.519,25.541,25.095,25.337,6925
1647273600,25.337,25.406,24.929,25.192,8555
1647288000,25.191,25.202,24.964,25.021,3355
1647302400,25.057,25.115,25.01,25.031,1701
1647316800,25.026,25.046,24.83,24.83,4795
1647331200,24.832,24.86,24.61,24.81,6373
1647345600,24.808,24.81,24.53,24.694,7105
1647360000,24.695,24.978,24.625,24.969,8745
1647374400,24.973,25.045,24.845,24.883,3408
1647388800,24.855,24.969,24.801,24.93,1552
1647403200,24.931,24.984,24.77,24.792,3593
1647417600,24.791,24.894,24.664,24.78,5206
1647432000,24.78,24.973,24.736,24.962,5018
1647446400,24.961,25.0,24.453,24.658,8173
1647460800,24.657,25.104,24.479,25.088,7128
1647475200,25.028,25.173,24.997,25.087,2206
1647489600,25.089,25.33,25.055,25.266,4530
1647504000,25.266,25.348,25.122,25.287,4488
1647518400,25.287,25.42,25.179,25.315,5588
1647532800,25.318,25.537,25.247,25.389,8142
1647547200,25.393,25.444,25.243,25.372,3284
1647561600,25.355,25.448,25.31,25.374,1400
1647576000,25.373,25.394,25.158,25.191,4102
1647590400,25.191,25.376,25.165,25.257,3920
1647604800,25.256,25.31,25.072,25.076,5056
1647619200,25.078,25.164,24.918,24.958,8006
1647633600,24.954,24.985,24.829,24.918,2923
1647820800,25.055,25.141,24.903,25.026,2017
1647835200,25.026,25.137,24.995,25.061,3943
1647849600,25.062,25.099,24.943,25.076,4220
1647864000,25.074,25.09,24.919,25.066,4253
1647878400,25.069,25.306,24.883,25.113,7561
1647892800,25.111,25.272,25.07,25.19,4311
1647907200,25.206,25.25,25.115,25.165,1018
1647921600,25.165,25.371,25.12,25.291,3466
1647936000,25.292,25.377,25.073,25.103,4331
1647950400,25.094,25.145,24.801,24.908,5208
1647964800,24.907,24.933,24.576,24.772,8578
1647979200,24.772,24.861,24.727,24.754,3267
1647993600,24.741,24.805,24.674,24.716,1824
1648008000,24.715,24.866,24.69,24.84,3504
1648022400,24.84,25.028,24.762,25.004,4462
1648036800,25.004,25.115,24.898,24.969,5878
1648051200,24.969,25.144,24.846,25.012,7915
1648065600,25.014,25.199,24.996,25.13,3596
1648080000,25.116,25.205,25.103,25.154,1535
1648094400,25.154,25.228,24.969,24.995,4334
1648108800,24.998,25.133,24.969,25.07,4820
1648123200,25.071,25.315,24.98,25.302,6889
1648137600,25.302,25.845,25.268,25.659,10552
1648152000,25.655,25.686,25.512,25.517,3208
1648166400,25.549,25.658,25.525,25.649,1767
1648180800,25.648,25.722,25.624,25.634,4622
1648195200,25.632,25.64,25.492,25.549,5214
1648209600,25.549,25.709,25.512,25.589,6147
1648224000,25.592,25.611,25.257,25.419,10970
1648238400,25.42,25.44,25.351,25.405,3586
1648425600,25.53,25.576,25.361,25.38,2896
1648440000,25.378,25.378,25.112,25.14,6676
1648454400,25.139,25.16,24.996,25.024,8725
1648468800,25.023,25.184,24.908,25.076,8141
1648483200,25.071,25.139,24.875,25.069,10039
1648497600,25.069,25.095,24.789,24.831,3412
1648512000,24.873,24.965,24.867,24.919,2220
1648526400,24.919,25.008,24.843,24.861,3584
1648540800,24.861,24.934,24.716,24.716,4630
1648555200,24.716,24.724,23.968,24.122,9996
1648569600,24.116,24.692,24.044,24.614,11378
1648584000,24.614,24.821,24.582,24.771,3402
1648598400,24.783,24.808,24.698,24.777,1511
1648612800,24.777,24.875,24.695,24.853,4628
1648627200,24.851,24.927,24.753,24.8,6107
1648641600,24.8,24.998,24.737,24.901,6255
1648656000,24.898,25.062,24.787,24.954,7172
1648670400,24.953,24.993,24.788,24.842,2624
1648684800,24.871,24.897,24.774,24.804,1787
1648699200,24.805,24.812,24.586,24.605,4227
1648713600,24.605,24.851,24.565,24.74,5967
1648728000,24.739,24.939,24.69,24.875,5592
1648742400,24.878,25.082,24.837,24.906,8010
1648756800,24.905,24.961,24.752,24.783,3571
1648771200,24.798000000000002,24.809,24.733,24.765,2067
1648785600,24.761,24.852,24.729,24.81,3049
1648800000,24.811,24.858,24.64,24.683,4641
1648814400,24.684,24.812,24.485,24.544,7789
1648828800,24.526,24.797,24.421,24.674,8938
1648843200,24.675,24.675,24.488,24.612,3320
1649030400,24.618,24.677,24.574,24.65,1488
1649044800,24.64,24.698,24.542,24.593,2663
1649059200,24.592,24.842,24.58,24.793,4621
1649073600,24.797,24.812,24.627,24.693,5204
1649088000,24.69,24.757,24.278,24.514,9583
1649102400,24.514,24.551,24.443,24.544,3233
1649116800,24.54,24.55,24.508,24.513,1368
1649131200,24.508,24.548000000000002,24.434,24.464,2907
1649145600,24.463,24.72,24.453,24.701999999999998,4277
1649160000,24.701999999999998,24.777,24.574,24.772,5377
1649174400,24.769,24.94,24.295,24.376,9597
1649188800,24.375,24.443,24.22,24.309,3922
1649203200,24.362,24.394,24.219,24.281,1838
1649217600,24.281,24.364,24.224,24.276,4724
1649232000,24.277,24.366,24.202,24.334,4765
1649246400,24.334,24.407,24.122,24.279,6790
1649260800,24.278,24.563,24.275,24.43,8575
1649275200,24.43,24.52,24.235,24.457,6578
1649289600,24.419,24.496,24.393,24.441,1827
1649304000,24.441,24.457,24.286,24.303,3856
1649318400,24.303,24.391,24.26,24.354,5443
1649332800,24.355,24.536,24.283,24.304,6303
1649347200,24.302,24.562,24.238,24.523,8117
1649361600,24.523,24.658,24.523,24.6,3243
1649376000,24.606,24.675,24.584,24.608,1815
1649390400,24.606,24.677,24.533,24.565,3050
1649404800,24.565,24.71,24.551,24.686,3883
1649419200,24.685,24.729,24.37,24.383,5153
1649433600,24.38,24.74,24.378,24.691,6699
1649448000,24.69,24.803,24.64,24.763,1493
1649635200,24.81,24.836,24.749,24.793,2072
1649649600,24.789,24.881,24.688,24.714,5164
1649664000,24.715,24.997,24.67,24.965,5791
1649678400,24.965,25.334,24.943,25.272,8433
1649692800,25.274,25.371,24.812,24.816,9714
1649707200,24.818,25.122,24.801,25.112,4093
1649721600,25.059,25.125,24.987,25.011,1734
1649736000,25.007,25.213,24.976,25.198,3984
1649750400,25.197,25.258,24.95,24.954,5078
1649764800,24.962,25.358,24.866,25.301,6539
1649779200,25.304,25.608,25.151,25.575,8127
1649793600,25.575,25.591,25.341,25.376,2816
1649808000,25.391,25.426,25.346,25.371,1634
1649822400,25.375,25.547,25.366,25.463,4267
1649836800,25.464,25.688,25.398,25.625,4438
1649851200,25.627,25.75,25.531,25.682,4869
1649865600,25.678,25.799,25.526,25.728,7678
1649880000,25.726,25.826999999999998,25.668,25.731,3474
1649894400,25.723,25.743,25.614,25.67,1596
1649908800,25.67,25.866,25.665,25.783,4448
1649923200,25.782,25.786,25.643,25.644,4703
1649937600,25.64,25.714,25.441,25.487,7405
1649952000,25.487,25.592,25.287,25.47,9805
1649966400,25.471,25.623,25.471,25.623,3332
1650240000,25.64,25.9,25.614,25.849,3125
1650254400,25.853,25.951,25.771,25.814,5495
1650268800,25.813,25.899,25.738,25.887,5144
1650283200,25.888,26.216,25.857,26.123,5057
1650297600,26.118,26.16,25.909,26.028,9467
1650312000,26.028,26.043,25.791,25.86,4461
1650326400,25.826,25.875,25.797,25.814,1979
1650340800,25.814,25.888,25.786,25.808,4249
1650355200,25.808,25.969,25.731,25.864,5712
1650369600,25.863,25.994,25.773,25.81,6742
1650384000,25.811,25.811,25.099,25.271,11929
1650398400,25.271,25.297,25.049,25.166,3537
1650412800,25.17,25.17,25.025,25.069,1925
1650427200,25.07,25.124,24.975,25.038,4743
1650441600,25.038,25.111,24.887,25.01,5802
1650456000,25.01,25.288,24.971,25.085,7353
1650470400,25.084,25.197,24.995,25.162,8462
1650484800,25.16,25.22,25.087,25.205,3565
1650499200,25.183,25.184,25.093,25.145,1832
1650513600,25.145,25.182,25.031,25.035,4231
1650528000,25.035,25.122,24.899,24.988,5762
1650542400,24.987,24.996,24.572,24.77,7559
1650556800,24.767,24.865,24.416,24.452,9955
1650571200,24.449,24.745,24.444,24.659,5002
1650585600,24.629,24.66,24.559,24.585,1505
1650600000,24.582,24.594,24.419,24.555,5639
1650614400,24.555,24.596,24.226,24.232,7763
1650628800,24.23,24.371,24.043,24.21,8389
1650643200,24.21,24.385,24.09,24.245,11347
1650657600,24.245,24.285,24.137,24.147,4497
1650844800,24.147,24.171,24.05,24.1,2197
1650859200,24.101,24.109,23.727,23.731,6074
1650873600,23.731,23.846,23.64,23.67,8764
1650888000,23.669,23.769,23.395,23.51,8727
1650902400,23.509,23.74,23.447,23.643,11360
1650916800,23.643,23.738,23.564,23.592,4764
1650931200,23.655,23.768,23.653,23.745,1610
1650945600,23.745,23.922,23.677,23.801,6663
1650960000,23.8,23.851,23.548000000000002,23.69,7929
1650974400,23.691,23.814,23.505,23.558,7315
1650988800,23.555,23.756,23.47,23.51,11308
1651003200,23.51,23.542,23.395,23.508,4937
1651017600,23.517,23.61,23.492,23.591,2008
1651032000,23.591,23.618,23.474,23.511,5361
1651046400,23.512,23.599,23.244,23.461,7872
1651060800,23.466,23.689,23.456,23.518,7873
1651075200,23.521,23.662,23.299,23.417,10783
1651089600,23.417,23.444,23.239,23.278,4533
1651104000,23.345,23.399,23.289,23.304,1239
1651118400,23.306,23.317,23.085,23.164,4935
1651132800,23.164,23.319,22.993,23.249,6468
1651147200,23.246,23.292,22.885,23.029,8204
1651161600,23.021,23.157,22.948,23.087,9697
1651176000,23.087,23.223,23.054,23.132,3515
1651190400,23.172,23.207,23.118,23.171,1376
1651204800,23.171,23.317,23.155,23.3,5047
1651219200,23.3,23.555,23.3,23.479,6401
1651233600,23.481,23.553,23.071,23.189,6752
1651248000,23.19,23.22,22.927,23.03,9881
1651262400,23.026,23.07,22.674,22.713,4657
1651449600,22.838,22.848,22.64,22.66,3209
1651464000,22.66,22.684,22.556,22.646,3665
1651478400,22.64,22.806,22.588,22.621,5012
1651492800,22.622,22.748,22.442,22.456,6505
1651507200,22.457,22.759,22.118,22.518,10214
1651521600,22.516,22.648,22.454,22.635,4295
1651536000,22.641,22.743,22.591,22.738,1460
1651550400,22.738,22.743,22.533,22.541,2926
1651564800,22.541,22.705,22.458,22.576,5504
1651579200,22.576,22.739,22.414,22.55,6706
1651593600,22.547,22.835,22.53,22.624,8556
1651608000,22.625,22.664,22.488,22.568,3247
1651622400,22.599,22.604,22.549,22.565,1157
1651636800,22.565,22.604,22.529,22.587,2160
1651651200,22.581,22.686,22.469,22.658,3629
1651665600,22.658,22.658,22.34,22.374,5150
1651680000,22.38,22.467,22.208,22.39,7604
1651694400,22.391,23.086,22.261,22.984,9678
1651708800,22.956,23.058,22.914,23.055,2281
1651723200,23.057,23.276,23.057,23.118,5945
1651737600,23.118,23.202,22.886,22.956,6603
1651752000,22.954,23.239,22.884,23.219,7605
1651766400,23.22,23.222,22.317,22.444,13219
1651780800,22.44,22.549,22.364,22.502,5813
1651795200,22.491,22.523,22.4,22.421,2313
1651809600,22.421,22.43,22.097,22.41,6124
1651824000,22.411,22.49,22.266,22.471,6407
1651838400,22.471,22.636,22.351,22.357,7203
1651852800,22.357,22.573,22.269,22.446,10686
1651867200,22.444,22.455,22.302,22.305,4599
1652054400,22.323,22.36,22.222,22.274,2324
1652068800,22.273,22.321,22.198,22.27,4534
1652083200,22.271,22.272,22.098,22.121,6343
1652097600,22.122,22.155,21.691,21.856,9262
1652112000,21.856,22.141,21.757,21.867,11567
1652126400,21.866,21.9,21.682,21.763,5645
1652140800,21.808,21.841,21.718,21.773,2113
1652155200,21.774,22.088,21.747,22.037,5313
1652169600,22.039,22.098,21.899,21.937,6396
1652184000,21.938,21.968,21.762,21.888,7005
1652198400,21.888,22.015,21.49,21.601,11916
1652212800,21.6,21.666,21.175,21.28,7743
1652227200,21.299,21.362,21.238,21.278,2062
1652241600,21.276,21.517,21.262,21.509,4700
1652256000,21.511,21.817,21.463,21.812,6120
1652270400,21.814,21.845,21.342,21.439,7290
1652284800,21.439,21.955,21.419,21.565,13919
1652299200,21.565,21.639,21.5,21.562,6106
1652313600,21.559,21.629,21.49,21.605,2226
1652328000,21.605,21.656,21.358,21.37,5032
1652342400,21.372,21.425,21.215,21.257,7481
1652356800,21.259,21.321,20.751,21.04,8118
1652371200,21.04,21.215,20.755,20.784,11336
1652385600,20.785,20.82,20.614,20.693,6164
1652400000,20.712,20.855,20.634,20.784,2964
1652414400,20.782,20.874,20.772,20.832,4936
1652428800,20.832,20.984,20.751,20.808,5891
1652443200,20.808,20.886,20.562,20.649,6307
1652457600,20.648,21.087,20.45,20.992,10185
1652472000,20.994,21.088,20.935,21.082,2906
1652659200,21.147,21.252,21.12,21.19,2063
1652673600,21.192,21.29,20.977,20.998,5313
1652688000,20.997,21.142,20.84,21.114,6277
1652702400,21.114,21.28,21.055,21.221,6514
1652716800,21.222,21.51,21.182,21.504,8012
1652731200,21.504,21.682,21.483,21.617,3215
1652745600,21.611,21.641,21.518,21.596,1765
1652760000,21.596,21.647,21.536,21.576,3726
1652774400,21.576,21.781,21.544,21.749,4875
1652788800,21.749,21.909,21.63,21.728,6022
1652803200,21.724,21.769,21.633,21.707,7366
1652817600,21.708,21.751,21.504,21.617,4293
1652832000,21.627,21.689,21.594,21.654,1485
1652846400,21.658,21.676,21.459,21.538,4150
1652860800,21.539,21.676,21.5,21.62,4907
1652875200,21.619,21.75,21.553,21.576,8132
1652889600,21.575,21.673000000000002,21.379,21.593,14784
1652904000,21.594,21.598,21.367,21.402,7524
1652918400,21.414,21.43,21.293,21.363,3218
1652932800,21.365,21.495,21.36,21.44,7139
1652947200,21.44,21.494,21.277,21.463,9238
1652961600,21.463,21.836,21.428,21.75,11087
1652976000,21.752,21.988,21.725,21.89,16112
1652990400,21.89,21.962,21.837,21.914,7806
1653004800,21.938,21.939,21.858,21.88,2330
1653019200,21.882,21.941,21.806,21.925,5667
1653033600,21.92,22.072,21.892,22.01,8753
1653048000,22.01,22.074,21.772,21.801,7415
1653062400,21.802,21.892,21.604,21.692,11812
1653076800,21.69,21.76,21.614,21.755,5993
1653264000,21.829,21.937,21.774,21.917,3493
1653278400,21.917,21.923000000000002,21.824,21.876,5398
1653292800,21.875,22.146,21.871,22.102,7799
1653307200,22.102,22.185,21.988,22.0,7871
1653321600,21.999,22.002,21.67,21.763,11883
1653336000,21.762,21.872,21.716,21.78,3645
1653350400,21.782,21.799,21.728,21.73,1815
1653364800,21.725,21.802,21.666,21.749,3389
1653379200,21.751,21.918,21.686,21.798000000000002,5910
1653393600,21.805,21.963,21.803,21.926,5990
1653408000,21.926,22.202,21.924,22.081,11446
1653422400,22.079,22.111,21.994,22.104,3816
1653436800,22.09,22.14,22.062,22.073,1691
1653451200,22.073,22.087,21.965,22.056,3912
1653465600,22.051,22.063,21.863,21.867,7155
1653480000,21.867,21.923000000000002,21.735,21.873,6454
1653494400,21.873,21.97,21.744,21.835,5808
1653508800,21.834,22.05,21.82,21.992,5855
1653523200,21.986,22.014,21.927,21.928,1673
1653537600,21.928,21.947,21.766,21.781,5065
1653552000,21.78,21.884,21.722,21.781,7010
1653566400,21.782,21.935,21.743,21.79,6396
1653580800,21.791,22.068,21.78,21.939,9528
1653595200,21.94,22.028,21.918,22.028,3059
1653609600,21.997,22.024,21.94,21.97,1456
1653624000,21.969,22.122,21.936,22.081,5782
1653638400,22.082,22.284,22.047,22.177,5801
1653652800,22.177,22.441,22.17,22.259,4792
1653667200,22.259,22.374,22.022,22.056,7699
1653681600,22.056,22.108,22.034,22.104,2152
1653868800,22.069,22.098,22.009,22.077,1386
1653883200,22.077,22.234,21.978,22.214,4825
1653897600,22.214,22.277,22.055,22.12,4806
1653912000,22.119,22.122,22.036,22.079,2895
1653926400,22.072,22.095,21.907,21.977,4510
1653940800,21.974,22.008,21.964,21.966,686
1653955200,21.983,21.995,21.797,21.804,2386
1653969600,21.803,21.887,21.738,21.839,5200
1653984000,21.84,21.976,21.814,21.866,4172
1653998400,21.865,21.879,21.477,21.72,7286
1654012800,21.717,21.965,21.679,21.759,9028
1654027200,21.757,21.772,21.495,21.52,5275
1654041600,21.564,21.574,21.519,21.538,1805
1654056000,21.538,21.588,21.436,21.481,5009
1654070400,21.481,21.65,21.432,21.499,5550
1654084800,21.498,21.849,21.456,21.826,6031
1654099200,21.825,21.971,21.663,21.911,8509
1654113600,21.911,21.945,21.82,21.828,3182
1654128000,21.826,21.839,21.773,21.818,1423
1654142400,21.815,21.831,21.76,21.805,3360
1654156800,21.805,22.019,21.761,22.015,3835
1654171200,22.015,22.227,22.007,22.087,4344
1654185600,22.092,22.302,22.04,22.273,6808
1654200000,22.271,22.331,22.216,22.304,2433
1654214400,22.32,22.449,22.309,22.421,1769
1654228800,22.424,22.454,22.329,22.348,2806
1654243200,22.348,22.405,22.247,22.361,3212
1654257600,22.362,22.477,22.195,22.238,6030
1654272000,22.24,22.3,21.846,21.935,10519
1654286400,21.937,21.951999999999998,21.859,21.919,3034
1654473600,21.923000000000002,22.0,21.888,21.967,2155
1654488000,21.967,22.288,21.962,22.252,5956
1654502400,22.252,22.361,22.176,22.274,6137
1654516800,22.274,22.511,22.236,22.443,5103
1654531200,22.441,22.452,22.023,22.089,11288
1654545600,22.088,22.155,22.053,22.069,3652
1654560000,22.069,22.079,21.988,22.046,2121
1654574400,22.039,22.082,21.954,21.997,4811
1654588800,21.998,22.045,21.858,21.997,6037
1654603200,21.997,22.115,21.914,21.951999999999998,5232
1654617600,21.948,22.23,21.892,22.188,8092
1654632000,22.188,22.281,22.136,22.22,2858
1654646400,22.226,22.243,22.188,22.197,1612
1654660800,22.197,22.203,22.029,22.047,4037
1654675200,22.041,22.205,21.988,21.99,4864
1654689600,21.99,22.055,21.806,22.038,4488
1654704000,22.04,22.211,21.979,22.118,6602
1654718400,22.118,22.127,22.016,22.044,3315
1654732800,22.037,22.071,22.024,22.028,1233
1654747200,22.028,22.127,22.0,22.104,3956
1654761600,22.104,22.141,21.917,22.006,5680
1654776000,22.006,22.04,21.879,21.941,5786
1654790400,21.941,22.012,21.548000000000002,21.781,8529
1654804800,21.781,21.82,21.653,21.668,2339
1654819200,21.698,21.706,21.629,21.687,1538
1654833600,21.687,21.703,21.601,21.624,4240
1654848000,21.624,21.75,21.617,21.617,4612
1654862400,21.618,21.742,21.267,21.581,7861
1654876800,21.581,21.992,21.298,21.919,12211
1654891200,21.919,21.957,21.856,21.877,3869
1655078400,21.976,22.004,21.699,21.703,3129
1655092800,21.704,21.737,21.616,21.657,6340
1655107200,21.657,21.726,21.413,21.461,7459
1655121600,21.46,21.688,21.449,21.506,8356
1655136000,21.506,21.531,20.961,21.237,12940
1655150400,21.235,21.321,21.048,21.087,7315
1655164800,21.083,21.2,21.044,21.193,2930
1655179200,21.192,21.222,21.114,21.17,5884
1655193600,21.171,21.375,21.158,21.18,6130
1655208000,21.178,21.32,21.056,21.276,7795
1655222400,21.277,21.323,20.892,20.929,8885
1655236800,20.926,21.066,20.915,21.026,4205
1655251200,21.042,21.113,21.004,21.081,2299
1655265600,21.081,21.245,21.041,21.12,5321
1655280000,21.122,21.404,21.112,21.378,6495
1655294400,21.378,21.673000000000002,21.347,21.59,6979
1655308800,21.592,21.649,21.449,21.468,8967
1655323200,21.467,21.841,21.314,21.703,9725
1655337600,21.618,21.751,21.617,21.682,1900
1655352000,21.682,21.732,21.631,21.665,2875
1655366400,21.665,21.695,21.485,21.617,5395
1655380800,21.617,21.675,21.343,21.603,8056
1655395200,21.603,21.946,21.477,21.899,9298
1655409600,21.901,21.958,21.841,21.958,4845
1655424000,21.892,21.918,21.722,21.737,1711
1655438400,21.737,21.854,21.722,21.854,2972
1655452800,21.854,21.94,21.784,21.909,5460
1655467200,21.909,21.945,21.768,21.845,4975
1655481600,21.847,21.855,21.575,21.612,12174
1655496000,21.614,21.684,21.574,21.674,3776
1655683200,21.723,21.724,21.521,21.684,2243
1655697600,21.681,21.756,21.468,21.722,7408
1655712000,21.725,21.745,21.566,21.6,4203
1655726400,21.603,21.696,21.578,21.621,2981
1655740800,21.621,21.7,21.54,21.56,3391
1655755200,21.562,21.59,21.537,21.59,575
1655769600,21.576,21.7,21.567,21.681,2418
1655784000,21.682,21.722,21.643,21.66,3893
1655798400,21.66,21.698,21.491,21.642,4657
1655812800,21.642,21.823,21.613,21.726,4436
1655827200,21.721,21.937,21.711,21.736,6028
1655841600,21.735,21.767,21.638,21.687,2767
1655856000,21.669,21.669,21.34,21.544,2519
1655870400,21.546,21.563,21.392,21.398,5164
1655884800,21.398,21.41,21.23,21.292,6738
1655899200,21.291,21.579,21.29,21.524,6418
1655913600,21.524,21.592,21.355,21.464,13228
1655928000,21.464,21.527,21.398,21.409,3652
1655942400,21.424,21.425,21.348,21.376,1799
1655956800,21.374,21.432,21.268,21.319,5245
1655971200,21.32,21.402,21.208,21.216,6983
1655985600,21.216,21.321,21.095,21.312,6522
1656000000,21.308,21.505,21.125,21.144,8705
1656014400,21.145,21.146,20.917,20.954,4826
1656028800,20.995,21.059,20.94,20.964,2297
1656043200,20.964,21.065,20.793,21.063,6145
1656057600,21.061,21.141,20.863,20.966,7779
1656072000,20.965,21.004,20.763,20.776,5943
1656086400,20.777,21.215,20.607,21.154,9238
1656100800,21.154,21.219,21.12,21.12,1694
1656288000,21.204,21.223,21.088,21.118,2613
1656302400,21.118,21.419,21.109,21.387,4237
1656316800,21.387,21.535,21.361,21.52,3764
1656331200,21.52,21.526,21.316,21.369,3888
1656345600,21.367,21.441,21.222,21.242,7467
1656360000,21.242,21.26,21.109,21.148,3635
1656374400,21.169,21.191,21.121,21.143,1502
1656388800,21.143,21.209,21.033,21.175,4236
1656403200,21.177,21.358,21.168,21.274,3849
1656417600,21.276,21.32,21.164,21.167,4272
1656432000,21.174,21.21,20.863,20.909,7239
1656446400,20.91,20.922,20.793,20.797,2756
1656460800,20.823,20.848,20.788,20.821,1324
1656475200,20.82,20.917,20.784,20.822,4105
1656489600,20.823,20.89,20.755,20.813,5491
1656504000,20.812,21.046,20.697,20.953,5746
1656518400,20.966,21.057,20.628,20.762,9332
1656532800,20.762,20.83,20.734,20.739,2091
1656547200,20.747,20.771,20.712,20.758,1380
1656561600,20.755,20.812,20.7,20.722,2651
1656576000,20.721,20.817,20.664,20.727,4650
1656590400,20.728,20.729,20.295,20.601,7665
1656604800,20.602,20.717,20.207,20.398,10522
1656619200,20.395,20.401,20.224,20.251,4574
1656633600,20.263,20.278,20.16,20.236,1774
1656648000,20.236,20.289,20.038,20.086,6126
1656662400,20.085,20.118,19.747,19.84,8577
1656676800,19.84,19.918,19.38,19.53,9197
1656691200,19.531,19.919,19.516,19.671,12270
1656705600,19.673000000000002,19.874,19.633,19.848,3851
1656892800,19.879,19.969,19.817,19.828,2507
1656907200,19.826999999999998,19.896,19.762,19.885,5414
1656921600,19.887,19.925,19.772,19.826999999999998,5380
1656936000,19.826999999999998,19.887,19.794,19.798000000000002,4225
1656950400,19.798000000000002,19.981,19.798000000000002,19.916,4684
1656964800,19.916,19.978,19.91,19.969,488
1656979200,19.954,20.046,19.946,19.994,1887
1656993600,19.994,20.197,19.981,20.182,5237
1657008000,20.181,20.183,19.887,19.889,6541
1657022400,19.89,19.921,19.684,19.733,7755
1657036800,19.733,19.733,19.093,19.187,12552
1657051200,19.187,19.283,19.105,19.222,4404
1657065600,19.255,19.29,19.193,19.289,1896
1657080000,19.29,19.333,19.102,19.152,6417
1657094400,19.151,19.389,18.916,19.226,9083
1657108800,19.227,19.345,19.119,19.273,7959
1657123200,19.27,19.347,18.95,19.196,13434
1657137600,19.193,19.299,19.126,19.198,5496
1657152000,19.205,19.238,19.143,19.206,1487
1657166400,19.206,19.428,19.096,19.349,6302
1657180800,19.351,19.396,19.265,19.322,6822
1657195200,19.322,19.457,19.283,19.308,7316
1657209600,19.312,19.479,19.23,19.276,8605
1657224000,19.276,19.28,19.182,19.225,2649
1657238400,19.236,19.292,19.201,19.291,1525
1657252800,19.29,19.327,19.127,19.193,6207
1657267200,19.192,19.259,19.012,19.125,6312
1657281600,19.128,19.231,19.035,19.155,7136
1657296000,19.159,19.447,19.116,19.254,10079
1657310400,19.258,19.332,19.228,19.302,2689
1657497600,19.25,19.359,19.25,19.323,2341
1657512000,19.323,19.335,19.188,19.308,5348
1657526400,19.309,19.365,19.141,19.313,5562
1657540800,19.31,19.349,19.174,19.253,6005
1657555200,19.255,19.322,19.13,19.187,8709
1657569600,19.187,19.215,19.064,19.093,2595
1657584000,19.107,19.122,19.032,19.071,1482
1657598400,19.071,19.198,18.865,19.032,6834
1657612800,19.032,19.058,18.9,18.947,6824
1657627200,18.947,19.0,18.738,18.921,7269
1657641600,18.921,19.128,18.874,19.036,8422
1657656000,19.036,19.049,18.893,18.922,3061
1657670400,18.904,18.926,18.879,18.905,1485
1657684800,18.904,19.002,18.904,18.949,5487
1657699200,18.949,19.032,18.898,18.988,6570
1657713600,18.989,19.116,18.857,18.937,6105
1657728000,18.937,19.406,18.883,19.216,13008
1657742400,19.216,19.337,19.168,19.195,4416
1657756800,19.212,19.214,19.109,19.13,1927
1657771200,19.129,19.194,19.053,19.111,5316
1657785600,19.112,19.131,18.91,18.916,7592
1657800000,18.912,18.948,18.449,18.459,9277
1657814400,18.454,18.481,18.138,18.261,14947
1657828800,18.265,18.486,18.261,18.419,4163
1657843200,18.44,18.458,18.397,18.406,1724
1657857600,18.406,18.451,18.301,18.348,5110
1657872000,18.348,18.368,18.183,18.324,7224
1657886400,18.322,18.627,18.247,18.62,8463
1657900800,18.621,18.775,18.417,18.646,11518
1657915200,18.645,18.698,18.639,18.692,2233
1658102400,18.708,18.769,18.644,18.668,1963
1658116800,18.67,18.865,18.652,18.839,5183
1658131200,18.838,18.971,18.801,18.964,6166
1658145600,18.964,18.978,18.773,18.905,6179
1658160000,18.905,19.011,18.837,18.901,8603
1658174400,18.901,18.919,18.634,18.699,3579
1658188800,18.717,18.734,18.663,18.695,1371
1658203200,18.696,18.708,18.578,18.693,3662
1658217600,18.693,18.851,18.68,18.847,5765
1658232000,18.848,18.903,18.758,18.821,5906
1658246400,18.821,18.85,18.742,18.785,7237
1658260800,18.784,18.796,18.733,18.747,2540
1658275200,18.765,18.807,18.757,18.805,1062
1658289600,18.803,18.826999999999998,18.745,18.807,2666
1658304000,18.807,18.843,18.735,18.826,4577
1658318400,18.826,18.916,18.73,18.825,5430
1658332800,18.824,19.092,18.724,18.764,8463
1658347200,18.764,18.771,18.644,18.668,4124
1658361600,18.685,18.732,18.614,18.676,1322
1658376000,18.674,18.677,18.535,18.625,3722
1658390400,18.625,18.651,18.34,18.355,5230
1658404800,18.354,18.629,18.237,18.622,7530
1658419200,18.617,18.818,18.478,18.764,10567
1658433600,18.763,18.878,18.736,18.86,3331
1658448000,18.815,18.822,18.796,18.81,1084
1658462400,18.81,18.876,18.732,18.736,3889
1658476800,18.736,18.831,18.717,18.727,5652
1658491200,18.724,18.923000000000002,18.723,18.767,6330
1658505600,18.768,18.945,18.671,18.695,10048
1658520000,18.694,18.717,18.508,18.574,4129
1658707200,18.569,18.586,18.45,18.461,1747
1658721600,18.461,18.644,18.418,18.593,4243
1658736000,18.593,18.727,18.527,18.681,5279
1658750400,18.681,18.783,18.568,18.584,5684
1658764800,18.585,18.613,18.313,18.439,8253
1658779200,18.44,18.468,18.401,18.427,2467
1658793600,18.414,18.463,18.384,18.442,1228
1658808000,18.441,18.608,18.431,18.507,3010
1658822400,18.507,18.685,18.487,18.623,4542
1658836800,18.621,18.669,18.422,18.535,5473
1658851200,18.535,18.721,18.507,18.629,7784
1658865600,18.629,18.66,18.598,18.611,2444
1658880000,18.651,18.714,18.648,18.686,1262
1658894400,18.685,18.716,18.555,18.572,3326
1658908800,18.573,18.814,18.56,18.741,4651
1658923200,18.741,18.857,18.651,18.66,4606
1658937600,18.658,18.669,18.447,18.655,6570
1658952000,18.655,19.13,18.643,19.093,7419
1658966400,19.096,19.179,19.053,19.102,2023
1658980800,19.105,19.304,19.063,19.262,5448
1658995200,19.26,19.523,19.253,19.403,5223
1659009600,19.403,19.674,19.284,19.595,8165
1659024000,19.595,19.925,19.46,19.92,12322
1659038400,19.917,20.016,19.868,20.01,2615
1659052800,19.957,20.056,19.904,20.033,1775
1659067200,20.029,20.108,19.966,20.095,4280
1659081600,20.093,20.216,19.988,20.042,6351
1659096000,20.042,20.099,19.842,19.991,7689
1659110400,19.994,20.284,19.881,20.221,11189
1659124800,20.221,20.354,20.18,20.351,3733
1659312000,20.228,20.262,20.182,20.223,1997
1659326400,20.223,20.248,20.077,20.115,5873
1659340800,20.114,20.299,20.089,20.275,5347
1659355200,20.277,20.504,20.254,20.327,6738
1659369600,20.33,20.434,20.23,20.41,12288
1659384000,20.41,20.41,20.239,20.367,3637
1659398400,20.332,20.377,20.258,20.342,1269
1659412800,20.342,20.395,20.168,20.183,4422
1659427200,20.183,20.343,20.12,20.296,6163
1659441600,20.295,20.503,20.241,20.419,5146
1659456000,20.424,20.434,20.085,20.199,13916
1659470400,20.202,20.223,19.947,19.989,5874
1659484800,19.987,19.987,19.782,19.818,2076
1659499200,19.818,20.023,19.775,20.008,4196
1659513600,20.008,20.062,19.854,19.898,5349
1659528000,19.898,20.163,19.854,20.158,4483
1659542400,20.153,20.169,19.844,19.962,8707
1659556800,19.962,20.088,19.922,20.057,2238
1659571200,20.048,20.065,19.984,20.05,1062
1659585600,20.045,20.079,19.961,20.035,3592
1659600000,20.035,20.167,19.998,20.133,4228
1659614400,20.133,20.383,20.128,20.132,5078
1659628800,20.132,20.236,19.959,20.159,8695
1659643200,20.158,20.261,20.135,20.173,3429
1659657600,20.185,20.243,20.161,20.231,889
1659672000,20.231,20.313,20.18,20.308,2253
1659686400,20.308,20.31,20.087,20.097,3369
1659700800,20.097,20.178,19.658,19.675,6016
1659715200,19.671,19.997,19.549,19.873,10762
1659729600,19.873,19.92,19.853,19.893,2464
1659916800,19.853,19.856,19.793,19.824,1718
1659931200,19.824,19.925,19.805,19.887,3085
1659945600,19.886,20.102,19.882,20.027,4365
1659960000,20.023,20.34,20.012,20.286,3394
1659974400,20.282,20.739,20.241,20.639,5653
1659988800,20.639,20.665,20.589,20.649,1166
1660003200,20.654,20.727,20.638,20.689,1135
1660017600,20.693,20.711,20.589,20.683,3450
1660032000,20.679,20.733,20.514,20.622,4406
1660046400,20.622,20.664,20.559,20.626,5512
1660060800,20.628,20.701,20.41,20.481,8408
1660075200,20.481,20.541,20.459,20.52,1925
1660089600,20.507,20.521,20.476,20.493,1100
1660104000,20.494,20.532,20.425,20.439,2606
1660118400,20.439,20.448,20.342,20.428,3775
1660132800,20.428,20.801,20.384,20.573,5400
1660147200,20.574,20.837,20.51,20.758,7859
1660161600,20.763,20.771,20.53,20.569,3060
1660176000,20.599,20.604,20.559,20.588,947
1660190400,20.591,20.593,20.44,20.458,2257
1660204800,20.453,20.565,20.382,20.483,4424
1660219200,20.486,20.629,20.456,20.538,4484
1660233600,20.536,20.59,20.239,20.338,8231
1660248000,20.337,20.406,20.254,20.301,3575
1660262400,20.301,20.302,20.237,20.26,1195
1660276800,20.259,20.39,20.239,20.369,2332
1660291200,20.369,20.445,20.319,20.321,3319
1660305600,20.32,20.498,20.251,20.484,5716
1660320000,20.484,20.593,20.398,20.582,6656
1660334400,20.582,20.828,20.582,20.825,1768
1660521600,20.801,20.868,20.75,20.841,1220
1660536000,20.841,20.858,20.614,20.625,2980
1660550400,20.624,20.63,20.461,20.468,3842
1660564800,20.468,20.476,20.096,20.184,6988
1660579200,20.189,20.373,20.085,20.368,6123
1660593600,20.368,20.387,20.214,20.253,1788
1660608000,20.285,20.297,20.209,20.215,1236
1660622400,20.215,20.261,20.133,20.241,3045
1660636800,20.241,20.243,20.094,20.103,4606
1660651200,20.105,20.152,19.907,19.96,5301
1660665600,19.965,20.213,19.962,20.165,7670
1660680000,20.16,20.188,20.109,20.125,1834
1660694400,20.152,20.157,20.092,20.099,875
1660708800,20.099,20.195,20.056,20.182,2948
1660723200,20.183,20.271,19.94,19.989,4471
1660737600,19.989,19.994,19.787,19.92,6414
1660752000,19.925,19.974,19.692,19.797,8028
1660766400,19.802,19.975,19.768,19.826999999999998,3209
1660780800,19.796,19.835,19.781,19.814,1180
1660795200,19.814,19.85,19.632,19.663,2935
1660809600,19.663,19.76,19.603,19.752,5323
1660824000,19.752,19.933,19.729,19.868,5660
1660838400,19.867,19.901,19.505,19.514,7109
1660852800,19.513,19.609,19.481,19.532,3830
1660867200,19.567,19.567,19.434,19.477,1413
1660881600,19.475,19.487,19.342,19.347,4017
1660896000,19.347,19.41,19.226,19.262,6216
1660910400,19.266,19.322,19.191,19.264,5312
1660924800,19.266,19.318,19.022,19.161,7769
1660939200,19.163,19.174,19.034,19.043,2623
1661126400,19.021,19.071,18.957,18.998,2656
1661140800,18.998,19.151,18.982,19.055,6705
1661155200,19.055,19.073,18.9,18.964,8006
1661169600,18.965,18.999,18.715,18.789,9215
1661184000,18.789,19.092,18.787,19.018,10496
1661198400,19.018,19.028,18.953,18.975,3817
1661212800,19.0,19.028,18.931,19.002,2032
1661227200,19.002,19.086,18.909,18.91,5290
1661241600,18.91,19.112,18.865,19.055,7847
1661256000,19.056,19.064,18.793,18.855,7717
1661270400,18.861,19.275,18.81,19.161,8678
1661284800,19.161,19.175,19.074,19.109,4634
1661299200,19.133,19.134,19.066,19.081,1809
1661313600,19.083,19.124,19.02,19.119,5109
1661328000,19.12,19.161,19.027,19.157,6153
1661342400,19.156,19.188,18.979,19.06,7619
1661356800,19.059,19.224,18.949,19.052,8395
1661371200,19.052,19.135,19.017,19.109,2412
1661385600,19.118,19.182,19.1,19.155,1099
1661400000,19.154,19.312,19.139,19.298,3199
1661414400,19.298,19.396,19.226,19.354,6088
1661428800,19.354,19.398,19.153,19.203,6059
1661443200,19.206,19.243,19.1,19.237,7833
1661457600,19.233,19.27,19.182,19.229,2866
1661472000,19.239,19.241,19.152,19.182,1110
1661486400,19.182,19.286,19.162,19.263,3410
1661500800,19.264,19.278,19.178,19.197,4391
1661515200,19.197,19.379,19.163,19.233,5376
1661529600,19.233,19.425,18.824,18.85,11871
1661544000,18.849,18.927,18.82,18.863,3549
1661731200,18.779,18.863,18.705,18.758,2719
1661745600,18.763,18.766,18.513,18.535,4925
1661760000,18.535,18.652,18.516,18.573,5146
1661774400,18.573,18.794,18.561,18.781,5327
1661788800,18.781,18.906,18.674,18.807,7555
1661803200,18.809,18.833,18.735,18.767,3338
1661817600,18.778,18.799,18.734,18.753,1714
1661832000,18.751,18.791,18.642,18.722,3785
1661846400,18.723,18.842,18.667,18.748,5248
1661860800,18.749,18.759,18.593,18.604,5710
1661875200,18.604,18.7,18.345,18.419,9702
1661889600,18.42,18.474,18.375,18.424,3139
1661904000,18.402,18.44,18.38,18.41,852
1661918400,18.412,18.518,18.369,18.466,2641
1661932800,18.466,18.537,18.165,18.206,4459
1661947200,18.205,18.205,17.933,18.084,8313
1661961600,18.084,18.237,17.983,18.044,9831
1661976000,18.044,18.08,17.973,17.973,2762
1661990400,17.996,17.996,17.731,17.779,2193
1662004800,17.779,17.836,17.644,17.71,4282
1662019200,17.71,17.838,17.66,17.703,5847
1662033600,17.703,17.848,17.555,17.721,7878
1662048000,17.722,17.862,17.563,17.772,9790
1662062400,17.773,17.87,17.762,17.786,3941
1662076800,17.802,17.858,17.776,17.833,1006
1662091200,17.826999999999998,17.898,17.78,17.857,3458
1662105600,17.857,17.971,17.825,17.942,4618
1662120000,17.942,18.182,17.867,17.966,7368
1662134400,17.965,18.283,17.883,18.096,9622
1662148800,18.095,18.1,17.945,18.024,3822
1662336000,18.001,18.004,17.941,17.986,1846
1662350400,17.984,18.068,17.965,18.046,3829
1662364800,18.043,18.192,18.016,18.147,4990
1662379200,18.141,18.247,18.098,18.132,3554
1662393600,18.132,18.151,18.068,18.139,3517
1662408000,18.139,18.156,18.139,18.148,43
1662422400,18.157,18.398,18.152,18.369,1797
1662436800,18.374,18.378,18.251,18.259,3137
1662451200,18.258,18.456,18.255,18.38,5137
1662465600,18.381,18.58,18.214,18.219,5255
1662480000,18.219,18.29,17.998,18.028,9737
1662494400,18.026,18.043,17.941,17.992,3653
1662508800,17.993,18.002,17.849,17.917,2113
1662523200,17.917,17.95,17.843,17.91,4012
1662537600,17.913,18.243,17.907,18.18,6083
1662552000,18.18,18.226,18.056,18.129,6159
1662566400,18.124,18.359,18.027,18.35,9153
1662580800,18.352,18.467,18.323,18.459,3955
1662595200,18.474,18.475,18.392,18.397,878
1662609600,18.397,18.479,18.396,18.441,2218
1662624000,18.44,18.611,18.44,18.564,3745
1662638400,18.569,18.734,18.404,18.447,7680
1662652800,18.445,18.578,18.317,18.45,9646
1662667200,18.45,18.559,18.435,18.525,2924
1662681600,18.52,18.695,18.518,18.66,1129
1662696000,18.656,18.867,18.637,18.851,1963
1662710400,18.851,18.944,18.761,18.917,4877
1662724800,18.916,18.918,18.602,18.665,5995
1662739200,18.668,18.864,18.568,18.863,7481
1662753600,18.865,18.865,18.761,18.826999999999998,1765
1662940800,18.944,19.003,18.876,18.926,1449
1662955200,18.926,18.935,18.84,18.869,1964
1662969600,18.874,19.245,18.874,19.224,3976
1662984000,19.227,19.665,19.171,19.642,4525
1662998400,19.642,20.008,19.52,19.912,9172
1663012800,19.914,19.932,19.729,19.783,2996
1663027200,19.797,19.885,19.73,19.734,1411
1663041600,19.737,19.737,19.523,19.663,3327
1663056000,19.666,19.884,19.628,19.832,5036
1663070400,19.833,19.941,19.444,19.449,7989
1663084800,19.448,19.741,19.365,19.433,7690
1663099200,19.433,19.56,19.326,19.344,3196
1663113600,19.295,19.38,19.235,19.244,1776
1663128000,19.244,19.359,19.241,19.316,3817
1663142400,19.317,19.512,19.281,19.496,6901
1663156800,19.494,19.656,19.395,19.603,5957
1663171200,19.603,19.693,19.502,19.582,7864
1663185600,19.58,19.621,19.452,19.616,4142
1663200000,19.619,19.659,19.595,19.616,1038
1663214400,19.612,19.625,19.438,19.45,2247
1663228800,19.45,19.51,19.338,19.442,4440
1663243200,19.443,19.535,19.322,19.511,7239
1663257600,19.511,19.583,19.106,19.262,8556
1663272000,19.262,19.311,19.126,19.158,2986
1663286400,19.122,19.125,18.902,19.062,1159
1663300800,19.057,19.202,19.057,19.153,2278
1663315200,19.153,19.166,18.779,18.83,4886
1663329600,18.83,19.093,18.828,19.046,4986
1663344000,19.046,19.522,18.928,19.331,7958
1663358400,19.331,19.619,19.321,19.583,2344
1663545600,19.538,19.648,19.516,19.556,1820
1663560000,19.556,19.556,19.353,19.419,2130
1663574400,19.414,19.428,19.227,19.278,2778
1663588800,19.279,19.415,19.266,19.282,4763
1663603200,19.282,19.494,19.214,19.369,8146
1663617600,19.37,19.54,19.315,19.54,2927
1663632000,19.549,19.574,19.483,19.503,1306
1663646400,19.5,19.574,19.435,19.459,1903
1663660800,19.459,19.478,19.284,19.301,4559
1663675200,19.301,19.362,19.177,19.217,5549
1663689600,19.214,19.291,19.06,19.224,6824
1663704000,19.225,19.286,19.144,19.265,2833
1663718400,19.271,19.304,19.232,19.264,1290
1663732800,19.265,19.348,19.239,19.264,2727
1663747200,19.265,19.448,19.258,19.396,6403
1663761600,19.396,19.746,19.389,19.631,4572
1663776000,19.625,19.636,19.353,19.413,6660
1663790400,19.416,19.913,19.327,19.571,10911
1663804800,19.545,19.546,19.301,19.309,1684
1663819200,19.311,19.493,19.242,19.371,4795
1663833600,19.373,19.711,19.295,19.614,8542
1663848000,19.612,19.853,19.484,19.795,7191
1663862400,19.794,19.794,19.424,19.579,10203
1663876800,19.58,19.676,19.553,19.632,2654
1663891200,19.616,19.694,19.596,19.674,1093
1663905600,19.673000000000002,19.707,19.537,19.542,3341
1663920000,19.542,19.696,19.408,19.444,5260
1663934400,19.442,19.479,18.875,18.989,7647
1663948800,18.981,19.209,18.769,18.907,10186
1663963200,18.906,18.949,18.779,18.875,3871
1664150400,18.784,18.849,18.481,18.524,2815
1664164800,18.522,18.766,18.505,18.53,6909
1664179200,18.53,18.781,18.48,18.744,7778
1664193600,18.746,18.874,18.572,18.828,9353
1664208000,18.828,19.026,18.559,18.597,10019
1664222400,18.602,18.603,18.323,18.37,7853
1664236800,18.367,18.519,18.345,18.501,1913
1664251200,18.501,18.557,18.444,18.53,3646
1664265600,18.528,18.751,18.513,18.628,5753
1664280000,18.628,18.78,18.557,18.673000000000002,6564
1664294400,18.672,18.77,18.362,18.383,10889
1664308800,18.382,18.479,18.313,18.393,5637
1664323200,18.39,18.437,18.322,18.357,1554
1664337600,18.354,18.381,18.159,18.174,5136
1664352000,18.173,18.192,17.964,18.061,7679
1664366400,18.062,18.365,17.961,18.299,10284
1664380800,18.293,18.853,18.25,18.83,10724
1664395200,18.83,18.97,18.824,18.906,2791
1664409600,18.878,18.885,18.781,18.797,1146
1664424000,18.797,18.904,18.686,18.767,3292
1664438400,18.77,18.77,18.533,18.559,4858
1664452800,18.559,18.746,18.559,18.673000000000002,6538
1664467200,18.678,18.856,18.489,18.701,11254
1664481600,18.701,18.85,18.669,18.819,3773
1664496000,18.831,18.918,18.823,18.91,2014
1664510400,18.911,18.911,18.773,18.847,3177
1664524800,18.851,19.195,18.842,19.18,4802
1664539200,19.18,19.185,18.88,18.924,5689
1664553600,18.924,19.289,18.865,19.037,7684
1664568000,19.038,19.114,18.989,19.013,5132
1664755200,19.089,19.151,19.048,19.066,1593
1664769600,19.069,19.266,19.066,19.199,2131
1664784000,19.199,19.513,19.194,19.404,5307
1664798400,19.404,19.749,19.278,19.673000000000002,5507
1664812800,19.673000000000002,20.537,19.668,20.53,10198
1664827200,20.534,20.711,20.491,20.699,2556
1664841600,20.701,20.837,20.652,20.711,1437
1664856000,20.715,20.903,20.603,20.822,3282
1664870400,20.823,21.038,20.779,20.893,4720
1664884800,20.893,20.991,20.701,20.986,5099
1664899200,20.98,21.235,20.851,21.024,8556
1664913600,21.024,21.102,20.969,21.051,4154
1664928000,21.024,21.063,20.891,20.942,1092
1664942400,20.942,21.025,20.758,20.807,2278
1664956800,20.807,20.991,20.617,20.7,4048
1664971200,20.7,20.715,20.19,20.338,5731
1664985600,20.338,20.486,19.933,20.382,9597
1665000000,20.381,20.738,20.346,20.647,4474
1665014400,20.607,20.809,20.516,20.724,1686
1665028800,20.726,20.853,20.639,20.833,2579
1665043200,20.839,20.864,20.464,20.501,4763
1665057600,20.503,20.723,20.484,20.576999999999998,3865
1665072000,20.574,20.649,20.354,20.552,8388
1665086400,20.553,20.682,20.532,20.66,3829
1665100800,20.635,20.635,20.537,20.549,1237
1665115200,20.548000000000002,20.773,20.537,20.693,3500
1665129600,20.693,20.809,20.615,20.74,4812
1665144000,20.74,20.822,20.147,20.35,6018
1665158400,20.35,20.492,20.09,20.165,10848
1665172800,20.165,20.279,19.993,20.124,3582
1665360000,20.098,20.179,19.904,19.931,2312
1665374400,19.931,19.942,19.701,19.719,3904
1665388800,19.719,19.85,19.607,19.617,6281
1665403200,19.618,19.94,19.617,19.88,7297
1665417600,19.88,19.886,19.522,19.57,12934
1665432000,19.565,19.668,19.512,19.603,5012
1665446400,19.604,19.717,19.582,19.701999999999998,1964
1665460800,19.701,19.718,19.342,19.359,4495
1665475200,19.357,19.485,19.321,19.336,9107
1665489600,19.338,19.557,19.209,19.452,9446
1665504000,19.451,19.626,19.267,19.549,15498
1665518400,19.553,19.553,19.059,19.152,7032
1665532800,19.146,19.165,19.034,19.111,2488
1665547200,19.111,19.249,19.008,19.156,6861
1665561600,19.156,19.307,19.098,19.196,11591
1665576000,19.196,19.296,19.042,19.125,9560
1665590400,19.128,19.18,18.861,18.933,13858
1665604800,18.932,19.115,18.924,19.022,6226
1665619200,19.041,19.095,19.007,19.048,1156
1665633600,19.048,19.094,18.946,18.996,3063
1665648000,18.988,19.111,18.926,19.106,6867
1665662400,19.104,19.307,18.45,18.607,13291
1665676800,18.604,18.993,18.492,18.852,26544
1665691200,18.853,19.009,18.82,18.885,6223
1665705600,18.857,18.897,18.816,18.864,2155
1665720000,18.859,19.033,18.799,18.964,5584
1665734400,18.963,19.07,18.81,18.813,7887
1665748800,18.814,18.834,18.622,18.799,12307
1665763200,18.799,18.825,18.106,18.145,19798
1665777600,18.151,18.278,18.084,18.274,6898
1665964800,18.318,18.437,18.283,18.408,2596
1665979200,18.412,18.46,18.34,18.413,4292
1665993600,18.407,18.586,18.402,18.533,9378
1666008000,18.53,18.9,18.527,18.855,9343
1666022400,18.869,18.937,18.635,18.738,10360
1666036800,18.737,18.802,18.584,18.657,4704
1666051200,18.646,18.715,18.639,18.699,1633
1666065600,18.697,18.914,18.614,18.864,5043
1666080000,18.864,18.92,18.654,18.659,8470
1666094400,18.66,18.871,18.633,18.859,9698
1666108800,18.862,18.896,18.54,18.657,11827
1666123200,18.656,18.738,18.607,18.737,6323
1666137600,18.727,18.801,18.722,18.759,2275
1666152000,18.761,18.788,18.64,18.646,3511
1666166400,18.646,18.685,18.511,18.543,8945
1666180800,18.543,18.609,18.369,18.435,9745
1666195200,18.434,18.537,18.361,18.419,12192
1666209600,18.416,18.481,18.379,18.456,5628
1666224000,18.446,18.461,18.372,18.391,1672
1666238400,18.39,18.477,18.227,18.47,5404
1666252800,18.469,18.563,18.382,18.434,8697
1666267200,18.436,18.784,18.424,18.513,8868
1666281600,18.512,19.0,18.472,18.796,11256
1666296000,18.795,18.798000000000002,18.587,18.651,5525
1666310400,18.644,18.646,18.57,18.591,1521
1666324800,18.596,18.658,18.502,18.541,3909
1666339200,18.541,18.564,18.341,18.374,7237
1666353600,18.375,18.593,18.277,18.55,11277
1666368000,18.55,19.162,18.542,19.115,25726
1666382400,19.117,19.336,19.086,19.334,4315
1666569600,19.46,19.674,19.361,19.371,5759
1666584000,19.371,19.385,19.208,19.376,4773
1666598400,19.376,19.41,19.069,19.158,6839
1666612800,19.158,19.289,19.052,19.22,8014
1666627200,19.22,19.275,19.013,19.255,12520
1666641600,19.255,19.29,19.193,19.227,3721
1666656000,19.212,19.355,19.21,19.338,2040
1666670400,19.336,19.38,19.184,19.26,5703
1666684800,19.256,19.298,18.924,18.95,6020
1666699200,18.951,18.968,18.785,18.883,6659
1666713600,18.879,19.416,18.879,19.334,12789
1666728000,19.335,19.427,19.318,19.342,4394
1666742400,19.297,19.334,19.209,19.23,2093
1666756800,19.226,19.495,19.225,19.465,4323
1666771200,19.464,19.749,19.45,19.739,7275
1666785600,19.739,19.773,19.416,19.463,7402
1666800000,19.462,19.669,19.411,19.55,13514
1666814400,19.549,19.572,19.482,19.558,5300
1666828800,19.536,19.614,19.526,19.572,2049
1666843200,19.572,19.664,19.443,19.547,5839
1666857600,19.549,19.658,19.311,19.376,7684
1666872000,19.379,19.549,19.285,19.509,9545
1666886400,19.51,19.649,19.422,19.48,14645
1666900800,19.482,19.578,19.427,19.553,4980
1666915200,19.566,19.581,19.496,19.513,2062
1666929600,19.514,19.633,19.49,19.537,5388
1666944000,19.538,19.554,19.148,19.229,8781
1666958400,19.235,19.4,19.046,19.229,9691
1666972800,19.229,19.382,18.992,19.177,13388
1666987200,19.178,19.261,19.165,19.25,3075
1667174400,19.171,19.251,19.168,19.193,1805
1667188800,19.191,19.204,19.129,19.18,3165
1667203200,19.182,19.217,18.97,19.011,3781
1667217600,19.009,19.208,18.985,19.059,4875
1667232000,19.056,19.228,18.895,19.12,9460
1667246400,19.121,19.205,19.103,19.15,4402
1667260800,19.124,19.204,19.116,19.193,1276
1667275200,19.191,19.439,19.163,19.417,5369
1667289600,19.416,19.76,19.412,19.688,8990
1667304000,19.691,20.024,19.65,19.876,6743
1667318400,19.878,20.01,19.479,19.631,17260
1667332800,19.631,19.753,19.605,19.608,4287
1667347200,19.6,19.672,19.595,19.66,1686
1667361600,19.658,19.738,19.601,19.624,4633
1667376000,19.624,19.729,19.612,19.671,5776
1667390400,19.671,19.864,19.644,19.78,6163
1667404800,19.785,19.864,19.543,19.585,6916
1667419200,19.585,20.073,19.207,19.212,14778
1667433600,19.207,19.269,19.105,19.264,1534
1667448000,19.259,19.45,19.259,19.358,4557
1667462400,19.36,19.375,19.051,19.134,7049
1667476800,19.131,19.16,18.833,18.891,10883
1667491200,18.886,19.459,18.883,19.406,14669
1667505600,19.408,19.537,19.396,19.471,3008
1667520000,19.431,19.492,19.429,19.464,1492
1667534400,19.465,19.74,19.409,19.723,4965
1667548800,19.723,19.851,19.659,19.796,7762
1667563200,19.795,20.308,19.704,20.29,9733
1667577600,20.289,20.784,20.27,20.728,13132
1667592000,20.726,20.902,20.694,20.831,5042
1667779200,20.533,20.596,20.414,20.517,4111
1667793600,20.516,20.655,20.434,20.546,3699
1667808000,20.541,20.805,20.377,20.714,6965
1667822400,20.714,20.772,20.587,20.766,6937
1667836800,20.771,21.005,20.762,20.854,8816
1667851200,20.851,20.87,20.774,20.792,2634
1667865600,20.759,20.864,20.708,20.723,2271
1667880000,20.726,20.735,20.488,20.525,2353
1667894400,20.526,20.727,20.513,20.711,5879
1667908800,20.71,20.819,20.629,20.767,4867
1667923200,20.767,21.623,20.767,21.462,10916
1667937600,21.463,21.521,21.216,21.36,7013
1667952000,21.335,21.467,21.296,21.318,3325
1667966400,21.323,21.388,21.246,21.28,3882
1667980800,21.281,21.564,21.227,21.263,6946
1667995200,21.266,21.386,21.111,21.305,8998
1668009600,21.3,21.601,21.207,21.323,13302
1668024000,21.325,21.346,20.991,21.025,6488
1668038400,21.015,21.174,20.99,21.045,3439
1668052800,21.046,21.194,21.024,21.17,4861
1668067200,21.171,21.206,20.953,21.069,7389
1668081600,21.07,21.823,20.99,21.661,11624
1668096000,21.661,21.779,21.463,21.54,19147
1668110400,21.55,21.726,21.536,21.672,4996
1668124800,21.645,21.683,21.493,21.495,3635
1668139200,21.495,22.005,21.495,21.977,4531
1668153600,21.977,22.055,21.658,21.692,9367
1668168000,21.692,21.77,21.27,21.62,13574
1668182400,21.615,21.63,21.356,21.483,14081
1668196800,21.484,21.708,21.476,21.706,4489
1668384000,21.571,21.653,21.517,21.54,4854
1668398400,21.539,21.607,21.289,21.312,5705
1668412800,21.315,21.781,21.292,21.489,7064
1668427200,21.487,21.645,21.404,21.637,6799
1668441600,21.642,22.021,21.605,21.962,10648
1668456000,21.966,22.084,21.946,21.983,2991
1668470400,21.943,22.023,21.87,21.925,2867
1668484800,21.924,22.123,21.9,22.038,3859
1668499200,22.036,22.244,21.918,21.951999999999998,7741
1668513600,21.957,22.135,21.721,21.855,10341
1668528000,21.858,21.931,21.431,21.54,19074
1668542400,21.541,21.783,21.38,21.552,13937
1668556800,21.527,21.62,21.455,21.528,4757
1668571200,21.53,21.617,21.398,21.582,6900
1668585600,21.583,21.964,21.508,21.953,8848
1668600000,21.957,22.043,21.569,21.678,9239
1668614400,21.676,21.734,21.391,21.489,12873
1668628800,21.49,21.5,21.398,21.466,5686
1668643200,21.44,21.464,21.34,21.375,2481
1668657600,21.373,21.391,21.087,21.166,5593
1668672000,21.165,21.384,21.032,21.091,9117
1668686400,21.092,21.13,20.8,20.814,12097
1668700800,20.802,20.962,20.746,20.95,10743
1668715200,20.955,20.984,20.899,20.944,3128
1668729600,20.96,21.082,20.946,21.039,3198
1668744000,21.039,21.182,21.037,21.117,4909
1668758400,21.119,21.289,21.08,21.207,6442
1668772800,21.207,21.245,21.006,21.023,6475
1668787200,21.023,21.127,20.849,20.926,11408
1668801600,20.927,20.982,20.835,20.922,3869
1668988800,20.979,20.998,20.704,20.755,3806
1669003200,20.755,20.808,20.669,20.775,5243
1669017600,20.775,20.878,20.576999999999998,20.597,7439
1669032000,20.598,20.865,20.593,20.85,6978
1669046400,20.851,20.939,20.653,20.835,12682
1669060800,20.832,20.901,20.791,20.838,3615
1669075200,20.838,21.108,20.826,21.071,3639
1669089600,21.07,21.15,21.024,21.041,4872
1669104000,21.04,21.207,21.009,21.161,9089
1669118400,21.16,21.333,21.073,21.089,7194
1669132800,21.09,21.2,20.912,20.974,8211
1669147200,20.974,21.088,20.943,21.075,2988
1669161600,21.058,21.117,21.02,21.068,1993
1669176000,21.071,21.115,20.906,20.988,3405
1669190400,20.987,21.318,20.987,21.174,6549
1669204800,21.175,21.286,21.005,21.191,8039
1669219200,21.187,21.434,21.17,21.283,11590
1669233600,21.283,21.599,21.276,21.534,6009
1669248000,21.511,21.674,21.503,21.632,4339
1669262400,21.632,21.667,21.522,21.551,3007
1669276800,21.551,21.652,21.478,21.554,4703
1669291200,21.554,21.64,21.494,21.508,4741
1669305600,21.509,21.561,21.454,21.5,4422
1669320000,21.499,21.499,21.459,21.498,320
1669334400,21.478,21.525,21.344,21.496,2967
1669348800,21.496,21.55,21.352,21.367,2803
1669363200,21.362,21.413,21.223,21.289,4807
1669377600,21.292,21.395,21.152,21.222,5132
1669392000,21.222,21.449,21.203,21.414,5061
1669406400,21.413,21.447,21.402,21.445,250
1669593600,21.325,21.372,21.046,21.081,3174
1669608000,21.08,21.246,21.037,21.155,3474
1669622400,21.155,21.56,21.148,21.475,7678
1669636800,21.475,21.613,21.308,21.516,6593
1669651200,21.513,21.513,20.862,21.004,11739
1669665600,21.002,21.007,20.888,20.921,3387
1669680000,20.936,21.149,20.896,21.139,3511
1669694400,21.139,21.355,21.072,21.288,4809
1669708800,21.288,21.376,21.142,21.233,7624
1669723200,21.234,21.401,21.124,21.195,6763
1669737600,21.195,21.445,21.172,21.263,10900
1669752000,21.261,21.31,21.199,21.252,2494
1669766400,21.23,21.336,21.192,21.299,2855
1669780800,21.297,21.345,21.249,21.249,2949
1669795200,21.254,21.506,21.216,21.487,6152
1669809600,21.489,21.872,21.47,21.741,6751
1669824000,21.741,21.937,21.521,21.639,10266
1669838400,21.636,22.199,21.543,22.196,11145
1669852800,22.245,22.4,22.212,22.245,3130
1669867200,22.245,22.405,22.215,22.369,3339
1669881600,22.364,22.37,22.041,22.084,6083
1669896000,22.082,22.285,22.048,22.228,6983
1669910400,22.227,22.716,22.202,22.69,13707
1669924800,22.687,22.777,22.602,22.762,4055
1669939200,22.717,22.756,22.585,22.628,2513
1669953600,22.629,22.678,22.567,22.67,3168
1669968000,22.668,22.91,22.655,22.759,6361
1669982400,22.756,22.83,22.275,22.456,9248
1669996800,22.456,23.217,22.332,23.007,13784
1670011200,23.009,23.232,22.994,23.121,4025
1670198400,23.048,23.517,23.048,23.357,4563
1670212800,23.357,23.392,23.215,23.231,4798
1670227200,23.229,23.268,22.956,23.048,8264
1670241600,23.047,23.101,22.823,22.866,9644
1670256000,22.866,22.899,22.171,22.216,18108
1670270400,22.217,22.279,22.162,22.253,5284
1670284800,22.219,22.491,22.216,22.451,3369
1670299200,22.451,22.559,22.302,22.393,7370
1670313600,22.389,22.54,22.289,22.429,7825
1670328000,22.427,22.601,22.332,22.392,8480
1670342400,22.391,22.539,22.13,22.188,12231
1670356800,22.188,22.211,22.015,22.182,4223
1670371200,22.163,22.252,22.085,22.241,3187
1670385600,22.237,22.395,22.197,22.325,5008
1670400000,22.325,22.392,22.217,22.301,7425
1670414400,22.3,22.527,22.29,22.444,8814
1670428800,22.446,22.811,22.35,22.704,18447
1670443200,22.701999999999998,22.809,22.688,22.719,4927
1670457600,22.708,22.729,22.545,22.572,3473
1670472000,22.574,22.662,22.542,22.649,6017
1670486400,22.648,22.779,22.616,22.704,6226
1670500800,22.709,23.058,22.678,23.033,4975
1670515200,23.033,23.218,22.96,23.032,11424
1670529600,23.032,23.146,23.013,23.063,4252
1670544000,23.102,23.231,23.055,23.205,3240
1670558400,23.205,23.315,23.146,23.228,3856
1670572800,23.228,23.241,22.95,23.011,5104
1670587200,23.013,23.345,23.007,23.177,8441
1670601600,23.177,23.676,23.101,23.513,14768
1670616000,23.509,23.571,23.409,23.466,4241
1670803200,23.389,23.423,23.231,23.288,4389
1670817600,23.288,23.325,23.216,23.247,4618
1670832000,23.247,23.52,23.237,23.505,6086
1670846400,23.505,23.529,23.333,23.372,7209
1670860800,23.372,23.487,23.105,23.219,14546
1670875200,23.219,23.325,23.141,23.297,5261
1670889600,23.303,23.455,23.295,23.445,2521
1670904000,23.445,23.497,23.343,23.478,3613
1670918400,23.478,23.501,23.31,23.38,5217
1670932800,23.379,23.93,23.324,23.903,11289
1670947200,23.903,24.125,23.565,23.652,21403
1670961600,23.652,23.812,23.636,23.72,6539
1670976000,23.707,23.75,23.649,23.704,2780
1670990400,23.705,23.76,23.629,23.728,3498
1671004800,23.727,23.855,23.616,23.63,6758
1671019200,23.63,23.77,23.595,23.76,5534
1671033600,23.761,23.994,23.728,23.909,10622
1671048000,23.909,24.042,23.37,23.912,17452
1671062400,23.908,23.931,23.487,23.531,3504
1671076800,23.532,23.548000000000002,23.136,23.292,8355
1671091200,23.293,23.36,22.956,23.055,9971
1671105600,23.05,23.274,23.016,23.234,11825
1671120000,23.232,23.426,22.977,23.119,19465
1671134400,23.121,23.157,23.05,23.067,5703
1671148800,23.066,23.147,22.932,23.006,4148
1671163200,23.005,23.212,22.864,22.959,6271
1671177600,22.959,23.108,22.55,22.637,9322
1671192000,22.636,23.075,22.618,22.974,9985
1671206400,22.976,23.248,22.862,23.097,15295
1671220800,23.098,23.235,23.092,23.209,5078
1671408000,23.175,23.349,23.14,23.26,3359
1671422400,23.26,23.314,23.025,23.067,4099
1671436800,23.067,23.404,23.045,23.262,4728
1671451200,23.262,23.331,23.149,23.216,6855
1671465600,23.215,23.254,22.831,23.052,13206
1671480000,23.047,23.066,22.897,22.962,5287
1671494400,22.968,23.113,22.876,23.1,3537
1671508800,23.1,23.236,22.896,22.961,8960
1671523200,22.961,23.783,22.939,23.759,10180
1671537600,23.754,23.878,23.51,23.786,9429
1671552000,23.785,24.108,23.741,24.047,14293
1671566400,24.047,24.244,23.97,24.163,5134
1671580800,24.135,24.292,24.071,24.098,4289
1671595200,24.097,24.145,23.904,23.979,4541
1671609600,23.979,24.018,23.849,23.855,6748
1671624000,23.855,24.079,23.825,24.049,7963
1671638400,24.049,24.193,23.916,24.002,10432
1671652800,24.002,24.101,23.923000000000002,23.963,3854
1671667200,23.951,24.082,23.928,24.046,2302
1671681600,24.047,24.071,23.96,24.005,3648
1671696000,24.005,24.03,23.734,23.818,6484
1671710400,23.817,23.865,23.497,23.541,9105
1671724800,23.544,23.668,23.476,23.487,13249
1671739200,23.482,23.572,23.374,23.559,6483
1671753600,23.549,23.637,23.508,23.618,2688
1671768000,23.623,23.681,23.597,23.628,3103
1671782400,23.628,23.786,23.605,23.782,4817
1671796800,23.782,23.893,23.639,23.653,7103
1671811200,23.653,23.851,23.566,23.75,12602
1671825600,23.749,23.754,23.641,23.719,3249
1672099200,23.864,23.956,23.784,23.881,3285
1672113600,23.88,24.085,23.852,24.068,2434
1672128000,24.068,24.251,24.044,24.206,3146
1672142400,24.201,24.206,23.901,23.909,6283
1672156800,23.904,24.281,23.807,23.996,14452
1672171200,23.996,24.137,23.975,24.038,4475
1672185600,24.024,24.063,23.947,24.007,1998
1672200000,24.007,24.017,23.942,23.965,2855
1672214400,23.965,24.036,23.619,23.632,5529
1672228800,23.632,23.937,23.606,23.697,6457
1672243200,23.696,23.866,23.488,23.645,10404
1672257600,23.643,23.67,23.457,23.519,4689
1672272000,23.528,23.615,23.517,23.535,2043
1672286400,23.533,23.746,23.515,23.709,3156
1672300800,23.711,23.736,23.558,23.687,4944
1672315200,23.687,24.046,23.635,23.988,6446
1672329600,23.99,24.056,23.855,24.008,11075
1672344000,24.012,24.048,23.877,23.891,3376
1672358400,23.871,24.012,23.849,24.006,2065
1672372800,24.006,24.027,23.914,24.011,3472
1672387200,24.011,24.105,23.763,23.801,5932
1672401600,23.803,24.147,23.78,24.107,4478
1672416000,24.107,24.116,23.514,23.907,12573
1672430400,23.915,23.962,23.769,23.951999999999998,5919
1672704000,24.078,24.172,23.879,24.004,4961
1672718400,24.004,24.457,23.98,24.384,4895
1672732800,24.384,24.543,24.212,24.374,8600
1672747200,24.377,24.405,24.201,24.357,8663
1672761600,24.359,24.485,23.957,24.021,16740
1672776000,24.021,24.099,23.94,23.999,6062
1672790400,23.96,24.104,23.937,24.089,2991
1672804800,24.085,24.146,24.053,24.084,3653
1672819200,24.082,24.381,24.046,24.314,9237
1672833600,24.315,24.455,24.11,24.209,10296
1672848000,24.207,24.295,23.762,23.765,17308
1672862400,23.761,23.84,23.576,23.749,10616
1672876800,23.762,23.912,23.761,23.862,3163
1672891200,23.859,23.859,23.664,23.782,4347
1672905600,23.782,23.86,23.199,23.512,8929
1672920000,23.514,23.567,23.219,23.265,8992
1672934400,23.262,23.396,23.112,23.217,15812
1672948800,23.216,23.35,23.166,23.236,5041
1672963200,23.203,23.34,23.195,23.32,2538
1672977600,23.319,23.403,23.293,23.316,3757
1672992000,23.316,23.481,23.312,23.411,6105
1673006400,23.411,23.745,23.334,23.704,10519
1673020800,23.704,23.879,23.483,23.83,15538
1673035200,23.82,23.907,23.799,23.837,2950
1673222400,23.878,24.037,23.868,24.01,3936
1673236800,24.012,24.086,23.938,24.036,3979
1673251200,24.036,24.096,23.851,23.923000000000002,6774
1673265600,23.924,23.98,23.771,23.89,8445
1673280000,23.89,24.067,23.679,23.757,13976
1673294400,23.757,23.779,23.576999999999998,23.626,4383
1673308800,23.631,23.708,23.549,23.652,3749
1673323200,23.655,23.693,23.486,23.619,5884
1673337600,23.619,23.683,23.423,23.666,6737
1673352000,23.669,23.68,23.431,23.542,6404
1673366400,23.54,23.765,23.536,23.611,12416
1673380800,23.611,23.639,23.517,23.603,2286
1673395200,23.592,23.673000000000002,23.558,23.587,2575
1673409600,23.586,23.931,23.563,23.889,4772
1673424000,23.891,24.036,23.839,23.874,6505
1673438400,23.876,23.941,23.69,23.74,7713
1673452800,23.744,23.771,23.21,23.347,13213
1673467200,23.348,23.469,23.323,23.417,4638
1673481600,23.379,23.551,23.379,23.541,3586
1673496000,23.543,23.643,23.531,23.602,3957
1673510400,23.598,23.753,23.569,23.73,6592
1673524800,23.732,24.179,23.481,24.13,10868
1673539200,24.13,24.171,23.586,23.861,17352
1673553600,23.861,23.933,23.742,23.77,6145
1673568000,23.754,23.86,23.75,23.807,3557
1673582400,23.809,23.826999999999998,23.64,23.64,3813
1673596800,23.64,23.956,23.615,23.743,8012
1673611200,23.747,23.838,23.49,23.653,10184
1673625600,23.654,24.235,23.649,24.22,11316
1673640000,24.215,24.29,24.196,24.252,3104
1673827200,24.215,24.497,24.199,24.485,3529
1673841600,24.484,24.501,24.34,24.382,4851
1673856000,24.383,24.441,24.092,24.192,5041
1673870400,24.189,24.224,23.925,24.07,6036
1673884800,24.067,24.266,24.04,24.264,5407
1673899200,24.26,24.272,24.213,24.251,504
1673913600,24.297,24.365,24.211,24.233,3608
1673928000,24.233,24.311,24.08,24.138,5512
1673942400,24.138,24.198,23.968,24.022,7958
1673956800,24.022,24.157,23.908,24.087,9381
1673971200,24.089,24.153,23.869,23.947,14028
1673985600,23.947,23.971,23.826999999999998,23.918,3379
1674000000,23.908,23.959,23.876,23.934,2254
1674014400,23.935,24.028,23.79,23.936,7254
1674028800,23.936,24.264,23.919,24.206,8350
1674043200,24.208,24.276,24.047,24.166,9084
1674057600,24.164,24.339,23.419,23.473,19181
1674072000,23.477,23.563,23.436,23.44,4682
1674086400,23.435,23.513,23.257,23.275,4530
1674100800,23.275,23.505,23.245,23.406,6308
1674115200,23.406,23.581,23.324,23.419,7591
1674129600,23.421,23.451,23.162,23.299,9951
1674144000,23.297,23.688,23.293,23.636,12248
1674158400,23.639,23.931,23.631,23.822,6087
1674172800,23.854,24.008,23.831,23.902,3576
1674187200,23.899,23.943,23.767,23.903,4938
1674201600,23.903,24.072,23.847,23.931,7304
1674216000,23.93,23.999,23.826,23.868,8129
1674230400,23.868,23.955,23.698,23.802,11323
1674244800,23.806,23.984,23.795,23.948,3954
1674432000,23.933,24.139,23.932,24.118,2923
1674446400,24.118,24.153,23.917,23.917,2689
1674460800,23.917,23.917,23.691,23.79,6375
1674475200,23.79,23.812,23.23,23.239,7280
1674489600,23.24,23.311,22.752,23.265,16050
1674504000,23.268,23.488,23.256,23.451,3178
1674518400,23.45,23.54,23.373,23.53,1826
1674532800,23.531,23.594,23.471,23.511,3058
1674547200,23.51,23.715,23.51,23.6,6220
1674561600,23.6,23.734,23.336,23.44,6314
1674576000,23.44,23.729,23.206,23.591,15650
1674590400,23.588,23.698,23.588,23.661,3492
1674604800,23.648,23.704,23.567,23.63,2733
1674619200,23.632,23.711,23.472,23.525,4585
1674633600,23.524,23.654,23.505,23.512,5510
1674648000,23.507,23.523,23.329,23.432,6434
1674662400,23.428,23.797,23.418,23.742,11219
1674676800,23.744,23.936,23.732,23.895,3128
1674691200,23.918,23.969,23.795,23.853,2248
1674705600,23.849,23.896,23.796,23.854,3645
1674720000,23.854,23.88,23.596,23.672,6490
1674734400,23.673000000000002,24.023,23.616,23.978,6781
1674748800,23.985,24.287,23.709,23.845,14648
1674763200,23.842,23.948,23.841,23.91,4053
1674777600,23.894,23.998,23.869,23.886,1663
1674792000,23.886,23.898,23.792,23.795,2538
1674806400,23.796,23.822,23.608,23.693,5370
1674820800,23.693,23.77,23.532,23.533,7191
1674835200,23.534,23.678,23.293,23.513,14724
1674849600,23.513,23.604,23.486,23.582,3048
1675036800,23.578,23.802,23.567,23.629,4257
1675051200,23.629,23.733,23.595,23.701,6104
1675065600,23.701,23.775,23.586,23.664,7571
1675080000,23.664,23.786,23.541,23.765,6577
1675094400,23.765,23.772,23.585,23.649,8896
1675108800,23.648,23.659,23.536,23.586,4090
1675123200,23.576999999999998,23.689,23.552,23.635,3467
1675137600,23.635,23.685,23.409,23.456,4662
1675152000,23.456,23.473,23.068,23.105,7766
1675166400,23.104,23.424,22.967,23.41,10575
1675180800,23.408,23.758,23.392,23.723,12503
1675195200,23.724,23.76,23.671,23.719,3019
1675209600,23.69,23.707,23.622,23.677,1444
1675224000,23.677,23.725,23.613,23.686,3213
1675238400,23.684,23.73,23.435,23.462,5974
1675252800,23.461,23.677,23.408,23.571,6908
1675267200,23.572,23.691,23.36,23.488,12022
1675281600,23.489,24.031,23.35,23.973,15531
1675296000,24.005,24.276,23.995,24.205,5848
1675310400,24.206,24.237,24.147,24.189,4281
1675324800,24.19,24.325,24.06,24.294,8010
1675339200,24.295,24.508,24.244,24.425,10009
1675353600,24.425,24.63,23.432,23.487,21906
1675368000,23.487,23.602,23.414,23.469,7714
1675382400,23.46,23.6,23.423,23.563,3814
1675396800,23.564,23.583,23.466,23.502,5232
1675411200,23.501,23.557,23.336,23.479,8243
1675425600,23.48,23.524,22.68,22.808,12680
1675440000,22.802,22.883,22.285,22.304,24637
1675454400,22.309,22.476,22.286,22.346,5249
1675641600,22.293,22.395,22.184,22.37,5761
1675656000,22.371,22.513,22.357,22.492,5895
1675670400,22.49,22.607,22.396,22.455,7437
1675684800,22.455,22.493,22.278,22.318,8624
1675699200,22.318,22.441,22.141,22.186,12486
1675713600,22.186,22.298,22.159,22.258,3920
1675728000,22.263,22.371,22.256,22.37,2394
1675742400,22.369,22.384,22.291,22.357,5266
1675756800,22.358,22.455,22.301,22.308,7823
1675771200,22.308,22.335,22.119,22.245,8642
1675785600,22.242,22.427,22.1,22.378,18585
1675800000,22.377,22.428,22.039,22.19,17934
1675814400,22.201,22.352,22.171,22.304,3527
1675828800,22.3,22.34,22.256,22.332,4308
1675843200,22.331,22.53,22.283,22.521,9700
1675857600,22.521,22.521,22.324,22.415,6587
1675872000,22.411,22.49,22.207,22.381,14517
1675886400,22.381,22.441,22.253,22.301,6317
1675900800,22.313,22.38,22.249,22.371,3231
1675915200,22.37,22.434,22.352,22.387,3652
1675929600,22.388,22.559,22.339,22.449,8435
1675944000,22.45,22.555,22.332,22.546,8168
1675958400,22.546,22.586,22.031,22.144,16375
1675972800,22.142,22.162,21.907,21.974,8422
1675987200,21.951,22.056,21.89,22.029,4003
1676001600,22.029,22.042,21.826,21.966,6800
1676016000,21.967,22.298,21.958,22.134,14346
1676030400,22.134,22.229,22.017,22.133,9681
1676044800,22.133,22.237,21.911,21.984,15148
1676059200,21.984,22.076,21.975,21.991,3684
1676246400,21.984,22.004,21.829,21.908,4177
1676260800,21.904,21.933,21.8,21.872,5235
1676275200,21.873,22.023,21.808,21.85,7885
1676289600,21.85,22.076,21.829,21.904,9065
1676304000,21.904,22.018,21.789,21.808,11766
1676318400,21.808,21.972,21.803,21.963,3787
1676332800,21.996,22.013,21.916,21.951,2243
1676347200,21.95,22.004,21.927,21.975,3347
1676361600,21.976,22.035,21.806,21.834,7191
1676376000,21.835,22.029,21.618,21.85,14876
1676390400,21.851,21.982,21.598,21.813,28670
1676404800,21.813,21.927,21.787,21.854,6573
1676419200,21.858,21.876,21.824,21.866,2722
1676433600,21.866,21.869,21.706,21.743,4769
1676448000,21.743,21.755,21.421,21.476,10167
1676462400,21.475,21.61,21.424,21.523,10831
1676476800,21.524,21.656,21.466,21.586,15178
1676491200,21.585,21.69,21.569,21.631,4843
1676505600,21.633,21.765,21.585,21.761,4430
1676520000,21.762,21.809,21.699,21.731,5333
1676534400,21.731,21.762,21.594,21.596,8633
1676548800,21.596,21.668,21.427,21.481,11163
1676563200,21.483,21.743,21.435,21.701,19222
1676577600,21.699,21.769,21.564,21.593,7505
1676592000,21.542,21.559,21.446,21.475,3651
1676606400,21.475,21.511,21.429,21.468,4662
1676620800,21.468,21.483,21.193,21.262,8300
1676635200,21.262,21.437,21.172,21.327,9393
1676649600,21.329,21.766,21.25,21.726,19075
1676664000,21.731,21.803,21.698,21.73,5168
1676851200,21.7,21.707,21.548000000000002,21.636,2307
1676865600,21.634,21.815,21.624,21.775,3583
1676880000,21.775,21.903,21.723,21.77,5273
1676894400,21.77,21.866,21.684,21.848,6878
1676908800,21.848,21.866,21.747,21.776,5472
1676923200,21.776,21.818,21.776,21.81,314
1676937600,21.812,21.845,21.715,21.756,2410
1676952000,21.755,21.788,21.678,21.741,2807
1676966400,21.741,21.794,21.641,21.766,9142
1676980800,21.767,21.829,21.675,21.826999999999998,8330
1676995200,21.828,21.971,21.745,21.945,11183
1677009600,21.945,21.954,21.797,21.826,4226
1677024000,21.84,21.895,21.795,21.822,1557
1677038400,21.822,21.872,21.803,21.828,2788
1677052800,21.83,21.85,21.709,21.79,6534
1677067200,21.793,21.978,21.753,21.852,8682
1677081600,21.851,21.87,21.582,21.689,12235
1677096000,21.689,21.693,21.437,21.5,10066
1677110400,21.504,21.639,21.487,21.623,2690
1677124800,21.623,21.674,21.598,21.612,4138
1677139200,21.611,21.663,21.497,21.526,6540
1677153600,21.524,21.623,21.393,21.597,8958
1677168000,21.6,21.639,21.293,21.346,16454
1677182400,21.346,21.36,21.258,21.311,4568
1677196800,21.298,21.395,21.292,21.364,3515
1677211200,21.362,21.394,21.257,21.287,4164
1677225600,21.286,21.326,21.135,21.173,6077
1677240000,21.172,21.221,20.947,21.07,10749
1677254400,21.07,21.075,20.774,20.776,14401
1677268800,20.78,20.845,20.733,20.761,4154
1677456000,20.789,20.839,20.724,20.764,4007
1677470400,20.763,20.773,20.565,20.611,5646
1677484800,20.611,20.791,20.596,20.689,7689
1677499200,20.689,20.77,20.612,20.7,9007
1677513600,20.701,20.808,20.574,20.695,11326
1677528000,20.696,20.746,20.554,20.618,4154
1677542400,20.634,20.678,20.597,20.631,2422
1677556800,20.632,20.706,20.558,20.571,3557
1677571200,20.571,20.668,20.413,20.518,7171
1677585600,20.519,20.709,20.498,20.699,6698
1677600000,20.699,21.001,20.557,20.951,12966
1677614400,20.948,20.999,20.891,20.908,3187
1677628800,20.888,21.049,20.825,21.045,2516
1677643200,21.045,21.107,21.011,21.069,3970
1677657600,21.07,21.17,20.988,21.007,6992
1677672000,21.007,21.145,20.912,20.995,8635
1677686400,20.995,21.176,20.914,20.965,16418
1677700800,20.967,21.041,20.945,20.99,4223
1677715200,20.996,21.012,20.82,20.891,3376
1677729600,20.891,20.968,20.875,20.917,3732
1677744000,20.916,20.92,20.756,20.782,6993
1677758400,20.778,20.836,20.689,20.721,10198
1677772800,20.721,20.921,20.669,20.791,14747
1677787200,20.791,20.937,20.753,20.891,5086
1677801600,20.896,21.058,20.896,21.003,3046
1677816000,21.003,21.053,20.963,20.97,3601
1677830400,20.969,21.085,20.968,21.047,5904
1677844800,21.047,21.15,21.022,21.063,7687
1677859200,21.065,21.115,20.837,21.095,13178
1677873600,21.095,21.265,21.081,21.241,3203
1678060800,21.192,21.252,21.135,21.229,3286
1678075200,21.228,21.301,21.171,21.22,4330
1678089600,21.219,21.299,21.128,21.152,7716
1678104000,21.153,21.208,21.057,21.111,7914
1678118400,21.111,21.191,21.015,21.054,10590
1678132800,21.048,21.057,20.975,21.04,3866
1678147200,21.024,21.072,21.004,21.058,2455
1678161600,21.057,21.113,21.041,21.067,3811
1678176000,21.067,21.136,20.932,20.967,5680
1678190400,20.966,20.995,20.655,20.697,7166
1678204800,20.698,20.718,20.103,20.108,22289
1678219200,20.111,20.149,20.025,20.075,5964
1678233600,20.085,20.104,19.96,19.987,3650
1678248000,19.984,20.018,19.908,20.007,4882
1678262400,20.007,20.097,19.992,20.06,7175
1678276800,20.063,20.167,20.03,20.076,9244
1678291200,20.074,20.219,19.999,20.05,18328
1678305600,20.051,20.107,20.013,20.018,4511
1678320000,20.032,20.055,19.978,19.98,2166
1678334400,19.98,20.078,19.973,20.039,2988
1678348800,20.04,20.121,19.988,20.097,6250
1678363200,20.098,20.218,20.052,20.173,7552
1678377600,20.173,20.29,20.066,20.115,13133
1678392000,20.115,20.178,19.985,20.065,7052
1678406400,20.062,20.138,20.042,20.049,3912
1678420800,20.049,20.084,19.894,20.017,5877
1678435200,20.017,20.157,19.968,20.037,8591
1678449600,20.036,20.496,20.028,20.417,13083
1678464000,20.415,20.788,20.341,20.49,28656
1678478400,20.489,20.536,20.405,20.508,10280
1678665600,20.811,20.886,20.606,20.608,6628
1678680000,20.611,20.865,20.584,20.762,9173
1678694400,20.762,20.84,20.657,20.815,10051
1678708800,20.815,21.608,20.705,21.586,22668
1678723200,21.586,21.923000000000002,21.337,21.826999999999998,30575
1678737600,21.829,21.872,21.661,21.794,11089
1678752000,21.787,21.852,21.736,21.814,3187
1678766400,21.812,21.837,21.608,21.65,6589
1678780800,21.649,21.912,21.615,21.696,11904
1678795200,21.698,21.792,21.472,21.771,15958
1678809600,21.773,21.971,21.626,21.956,20102
1678824000,21.954,21.965,21.623,21.682,11065
1678838400,21.703,21.708,21.602,21.694,2317
1678852800,21.694,21.849,21.689,21.73,3964
1678867200,21.727,21.758,21.536,21.601,6298
1678881600,21.599,22.377,21.575,22.297,18825
1678896000,22.297,22.351,21.811,21.867,26670
1678910400,21.87,21.939,21.621,21.77,12745
1678924800,21.784,21.921,21.75,21.762,4364
1678939200,21.761,21.826999999999998,21.668,21.774,8368
1678953600,21.774,21.903,21.658,21.831,10049
1678968000,21.829,22.087,21.826999999999998,21.922,10679
1678982400,21.922,21.961,21.462,21.504,26595
1678996800,21.504,21.736,21.497,21.69,7483
1679011200,21.693,21.758,21.685,21.696,1704
1679025600,21.698,21.955,21.656,21.951999999999998,5433
1679040000,21.954,22.007,21.834,21.849,7625
1679054400,21.849,22.053,21.801,21.978,9614
1679068800,21.978,22.28,21.92,22.188,18712
1679083200,22.183,22.602,22.181,22.54,9443
1679270400,22.645,22.645,22.312,22.325,3889
1679284800,22.325,22.355,22.219,22.321,8305
1679299200,22.318,22.711,22.28,22.602,16391
1679313600,22.601,22.699,22.276,22.28,14143
1679328000,22.278,22.569,22.216,22.444,22729
1679342400,22.445,22.557,22.444,22.526,6260
1679356800,22.537,22.566,22.496,22.524,2154
1679371200,22.523,22.645,22.476,22.497,4961
1679385600,22.497,22.615,22.345,22.389,8063
1679400000,22.387,22.597,22.348,22.487,9208
1679414400,22.487,22.541,22.147,22.294,13623
1679428800,22.292,22.384,22.215,22.38,4818
1679443200,22.368,22.453,22.35,22.424,1901
1679457600,22.426,22.462,22.342,22.349,3832
1679472000,22.349,22.471,22.294,22.438,6821
1679486400,22.44,22.509,22.265,22.271,8135
1679500800,22.268,22.73,22.268,22.71,12879
1679515200,22.712,23.069,22.599,22.92,19484
1679529600,22.926,23.076,22.874,23.061,3130
1679544000,23.056,23.091,22.753,23.0,6643
1679558400,23.0,23.06,22.824,22.842,9715
1679572800,22.844,23.001,22.78,22.891,8974
1679587200,22.896,23.171,22.873,23.149,16240
1679601600,23.151,23.22,22.901,23.08,10471
1679616000,23.076,23.108,23.011,23.1,2523
1679630400,23.1,23.121,23.001,23.107,4746
1679644800,23.106,23.206,22.961,23.047,8335
1679659200,23.047,23.52,23.047,23.385,12698
1679673600,23.385,23.473,23.103,23.207,20420
1679688000,23.207,23.26,23.069,23.195,5380
1679875200,23.172,23.21,23.082,23.141,3067
1679889600,23.145,23.241,23.028,23.046,4678
1679904000,23.047,23.109,22.948,23.021,7963
1679918400,23.023,23.108,22.858,22.892,8531
1679932800,22.894,23.057,22.845,22.993,9527
1679947200,22.993,23.088,22.95,23.076,4634
1679961600,23.094,23.133,23.068,23.106,1909
1679976000,23.108,23.183,22.958,22.963,4048
1679990400,22.963,23.052,22.866,22.884,6593
1680004800,22.882,23.22,22.818,23.077,8464
1680019200,23.074,23.281,22.967,23.278,12522
1680033600,23.273,23.372,23.217,23.324,4030
1680048000,23.332,23.359,23.316,23.324,2187
1680062400,23.322,23.329,23.178,23.214,4457
1680076800,23.216,23.237,23.042,23.223,6784
1680091200,23.227,23.308,23.096,23.218,7135
1680105600,23.224,23.381,23.145,23.331,10572
1680120000,23.331,23.413,23.293,23.324,4093
1680134400,23.308,23.32,23.275,23.319,1924
1680148800,23.317,23.39,23.231,23.375,4761
1680163200,23.38,23.655,23.357,23.649,7683
1680177600,23.648,23.923000000000002,23.617,23.746,7744
1680192000,23.746,23.877,23.449,23.872,13179
1680206400,23.877,23.922,23.744,23.9,3036
1680220800,23.887,23.899,23.848,23.881,1918
1680235200,23.882,23.965,23.839,23.899,5564
1680249600,23.899,23.909,23.687,23.791,6390
1680264000,23.8,24.044,23.796,23.995,8380
1680278400,23.995,24.158,23.835,24.097,14641
1680292800,24.098,24.099,23.946,24.079,4567
1680480000,24.043,24.055,23.815,23.93,3746
1680494400,23.939,23.949,23.563,23.623,7742
1680508800,23.622,23.839,23.579,23.828,6835
1680523200,23.833,24.138,23.746,24.007,9183
1680537600,24.008,24.185,23.844,23.95,16502
1680552000,23.948,24.001,23.856,23.985,5176
1680566400,23.973,23.982,23.903,23.934,1737
1680580800,23.936,23.955,23.823,23.87,3022
1680595200,23.87,24.054,23.821,24.009,6392
1680609600,24.008,24.089,23.896,23.992,7210
1680624000,23.988,24.984,23.987,24.963,19884
1680638400,24.97,25.012,24.877,25.004,5120
1680652800,24.982,25.018,24.95,24.972,2226
1680667200,24.972,25.133,24.972,25.045,4042
1680681600,25.043,25.045,24.796,24.835,6439
1680696000,24.835,24.955,24.71,24.892,9594
1680710400,24.893,24.993,24.636,24.909,19803
1680724800,24.909,24.997,24.856,24.937,4446
1680739200,24.938,24.942,24.723,24.745,1917
1680753600,24.75,24.871,24.684,24.853,6105
1680768000,24.854,24.992,24.788,24.963,6419
1680782400,24.963,24.999,24.824,24.865,8080
1680796800,24.863,24.996,24.559,24.967,13248
1680811200,24.969,24.972,24.875,24.951999999999998,4254
1681084800,24.818,24.99,24.799,24.877,2783
1681099200,24.877,24.906,24.719,24.752,5061
1681113600,24.752,24.892,24.715,24.843,3763
1681128000,24.841,25.069,24.797,24.799,4673
1681142400,24.799,24.902,24.734,24.789,6822
1681156800,24.789,24.9,24.73,24.876,2501
1681171200,24.854,24.931,24.84,24.897,1166
1681185600,24.898,24.976,24.831,24.947,3953
1681200000,24.946,25.081,24.928,25.021,5681
1681214400,25.021,25.059,24.885,24.899,5838
1681228800,24.899,25.13,24.831,25.121,9381
1681243200,25.121,25.128,24.999,25.04,3174
1681257600,25.035,25.079,25.031,25.066,1041
1681272000,25.066,25.409,25.061,25.397,4137
1681286400,25.395,25.415,25.085,25.087,5852
1681300800,25.086,25.639,25.063,25.597,8692
1681315200,25.6,25.665,25.088,25.295,16314
1681329600,25.292,25.525,25.264,25.499,5119
1681344000,25.473,25.558,25.471,25.522,1645
1681358400,25.517,25.563,25.437,25.478,4654
1681372800,25.478,25.619,25.386,25.559,6029
1681387200,25.559,25.856,25.526,25.84,6937
1681401600,25.84,25.969,25.637,25.814,16629
1681416000,25.819,25.921,25.752,25.823,2858
1681430400,25.821,25.863,25.775,25.845,2047
1681444800,25.844,26.069,25.84,25.98,5605
1681459200,25.983,25.988,25.776,25.824,6227
1681473600,25.824,26.081,25.686,25.823,9674
1681488000,25.823,25.994,25.148,25.312,19221
1681502400,25.311,25.395,25.29,25.358,3233
1681689600,25.323,25.384,25.284,25.3,2103
1681704000,25.301,25.338,25.165,25.29,5754
1681718400,25.289,25.601,25.285,25.468,5331
1681732800,25.469,25.504,25.332,25.375,5033
1681747200,25.375,25.387,24.806,24.888,12128
1681761600,24.886,25.045,24.885,25.027,3842
1681776000,25.008,25.025,24.99,24.995,882
1681790400,24.996,25.064,24.98,25.025,3631
1681804800,25.024,25.179,25.015,25.149,4999
1681819200,25.148,25.152,25.02,25.082,5466
1681833600,25.083,25.315,24.923000000000002,25.156,11636
1681848000,25.156,25.204,25.139,25.18,3467
1681862400,25.188,25.244,25.178,25.236,1468
1681876800,25.236,25.269,25.09,25.173,3801
1681891200,25.174,25.182,24.705,24.769,9262
1681905600,24.767,25.111,24.636,25.043,9611
1681920000,25.044,25.346,24.991,25.289,11335
1681934400,25.291,25.368,25.246,25.278,4160
1681948800,25.265,25.302,25.243,25.281,1835
1681963200,25.282,25.372,25.095,25.113,3523
1681977600,25.112,25.269,25.052,25.194,6976
1681992000,25.194,25.446,25.13,25.335,9828
1682006400,25.331,25.489,25.086,25.252,15332
1682020800,25.255,25.329,25.215,25.274,4254
1682035200,25.265,25.279,25.186,25.248,1376
1682049600,25.248,25.289,25.158,25.166,3236
1682064000,25.172,25.19,24.943,25.135,9053
1682078400,25.135,25.261,25.045,25.222,8024
1682092800,25.224,25.376,24.897,24.957,16600
1682107200,24.956,25.08,24.951999999999998,25.074,2791
1682294400,25.059,25.134,25.009,25.062,1491
1682308800,25.058,25.097,24.857,24.879,4751
1682323200,24.881,25.047,24.783,25.043,6616
1682337600,25.042,25.105,25.004,25.056,6439
1682352000,25.056,25.193,24.865,25.144,12323
1682366400,25.144,25.23,25.128,25.153,2594
1682380800,25.162,25.31,25.115,25.242,1800
1682395200,25.243,25.355,25.108,25.113,5396
1682409600,25.113,25.174,24.99,25.015,7227
1682424000,25.017,25.055,24.491,24.87,11026
1682438400,24.868,24.99,24.643,24.776,10978
1682452800,24.775,25.063,24.765,25.002,6918
1682467200,25.005,25.115,25.0,25.002,2502
1682481600,25.002,25.094,24.926,25.002,4131
1682496000,25.002,25.069,24.917,24.95,6587
1682510400,24.951,25.049,24.855,24.921,9430
1682524800,24.92,25.223,24.752,24.776,15795
1682539200,24.774,24.894,24.721,24.872,6031
1682553600,24.891,24.955,24.865,24.95,1242
1682568000,24.955,25.083,24.879,25.071,4696
1682582400,25.071,25.087,24.992,25.02,5300
1682596800,25.02,25.123,24.805,24.943,9115
1682611200,24.943,25.012,24.5,24.861,15026
1682625600,24.862,24.959,24.837,24.909,3875
1682640000,24.902,24.915,24.851,24.866,1065
1682654400,24.866,24.98,24.837,24.958,4319
1682668800,24.959,25.01,24.756,24.785,8842
1682683200,24.787,24.972,24.721,24.899,8458
1682697600,24.9,25.066,24.759,25.012,15453
1682712000,25.01,25.054,24.921,25.022,3973
1682899200,25.069,25.096,24.931,24.935,2248
1682913600,24.935,25.11,24.918,25.084,1483
1682928000,25.084,25.186,25.001,25.002,2837
1682942400,25.001,25.863,24.987,25.86,7613
1682956800,25.86,25.908,24.879,24.909,18185
1682971200,24.91,25.068,24.905,24.982,4626
1682985600,24.968,25.003,24.945,24.947,1431
1683000000,24.946,25.003,24.813,24.841,3970
1683014400,24.841,24.915,24.634,24.717,5998
1683028800,24.718,24.804,24.631,24.646,8574
1683043200,24.644,25.482,24.574,25.309,24637
1683057600,25.31,25.403,25.228,25.361,6763
1683072000,25.363,25.372,25.313,25.352,1290
1683086400,25.35,25.374,25.254,25.254,1602
1683100800,25.255,25.368,25.199,25.308,5568
1683115200,25.304,25.366,25.084,25.222,8593
1683129600,25.221,25.499,25.204,25.386,17580
1683144000,25.387,25.609,25.298,25.559,20290
1683158400,25.614,25.798000000000002,25.519,25.678,4750
1683172800,25.678,25.892,25.626,25.731,7312
1683187200,25.731,25.785,25.432,25.55,10871
1683201600,25.549,25.721,25.466,25.531,12243
1683216000,25.532,26.007,25.499,25.992,29610
1683230400,25.99,26.055,25.918,26.037,9425
1683244800,26.006,26.066,25.996,26.018,904
1683259200,26.018,26.127,25.967,25.984,4717
1683273600,25.986,26.063,25.874,25.899,7649
1683288000,25.9,25.935,25.529,25.571,12046
1683302400,25.576,25.655,25.16,25.629,22868
1683316800,25.631,25.675,25.573,25.651,5558
1683504000,25.657,25.677,25.604,25.625,2101
1683518400,25.625,25.731,25.522,25.717,5024
1683532800,25.717,25.729,25.58,25.598,5596
1683547200,25.598,25.715,25.543,25.686,7315
1683561600,25.687,25.699,25.517,25.643,14552
1683576000,25.642,25.651,25.502,25.549,4543
1683590400,25.54,25.558,25.513,25.523,1317
1683604800,25.526,25.642,25.518,25.62,1987
1683619200,25.62,25.644,25.319,25.385,5515
1683633600,25.387,25.593,25.365,25.366,7905
1683648000,25.375,25.645,25.321,25.58,12551
1683662400,25.58,25.669,25.564,25.606,4532
1683676800,25.588,25.689,25.588,25.653,1582
1683691200,25.656,25.663,25.547,25.571,4183
1683705600,25.569,25.699,25.527,25.555,6423
1683720000,25.553,25.918,25.482,25.83,10754
1683734400,25.83,25.895,25.218,25.389,21262
1683748800,25.393,25.472,25.347,25.4,5898
1683763200,25.358,25.47,25.344,25.457,1538
1683777600,25.46,25.464,25.289,25.304,5360
1683792000,25.303,25.358,24.86,24.888,10159
1683806400,24.892,25.077,24.828,24.874,13673
1683820800,24.874,24.899,24.132,24.188,23551
1683835200,24.189,24.247,24.144,24.169,5023
1683849600,24.177,24.184,24.145,24.16,1486
1683864000,24.16,24.17,23.941,24.025,6670
1683878400,24.025,24.06,23.867,23.899,8274
1683892800,23.899,24.049,23.733,24.019,9823
1683907200,24.019,24.204,23.849,23.915,16336
1683921600,23.917,24.042,23.912,23.953,3926
1684108800,23.935,24.016,23.935,24.013,1073
1684123200,24.013,24.115,23.939,23.995,5288
1684137600,23.992,24.153,23.986,24.052,6074
1684152000,24.052,24.169,23.87,24.068,7596
1684166400,24.064,24.204,23.971,24.122,11117
1684180800,24.124,24.131,24.051,24.083,3042
1684195200,24.085,24.091,24.047,24.075,1087
1684209600,24.075,24.101,23.973,24.01,3960
1684224000,24.01,24.015,23.692,23.894,9010
1684238400,23.894,24.054,23.735,23.947,7795
1684252800,23.947,24.061,23.627,23.648,13928
1684267200,23.646,23.803,23.644,23.739,4517
1684281600,23.728,23.769,23.722,23.764,1307
1684296000,23.763,23.808,23.704,23.754,4292
1684310400,23.756,23.774,23.583,23.616,6723
1684324800,23.616,23.733,23.581,23.706,7140
1684339200,23.704,23.879,23.533,23.783,15802
1684353600,23.783,23.786,23.708,23.741,2394
1684368000,23.738,23.778,23.732,23.763,1006
1684382400,23.763,23.763,23.634,23.636,4283
1684396800,23.634,23.676,23.406,23.463,7022
1684411200,23.463,23.583,23.42,23.471,6971
1684425600,23.47,23.561,23.323,23.467,14605
1684440000,23.467,23.524,23.42,23.488,4708
1684454400,23.506,23.532,23.486,23.489,1270
1684468800,23.49,23.662,23.391,23.605,6020
1684483200,23.605,23.79,23.583,23.692,7541
1684497600,23.692,23.747,23.519,23.627,6709
1684512000,23.627,24.012,23.498,23.884,20743
1684526400,23.886,23.922,23.763,23.81,4874
1684713600,23.838,23.877,23.809,23.873,1863
1684728000,23.874,23.911,23.699,23.72,6321
1684742400,23.718,23.82,23.619,23.817,7414
1684756800,23.817,23.914,23.735,23.823,7561
1684771200,23.823,23.888,23.605,23.712,14277
1684785600,23.711,23.745,23.6,23.618,4101
1684800000,23.63,23.648,23.581,23.581,1645
1684814400,23.574,23.609,23.504,23.543,5815
1684828800,23.544,23.551,23.158,23.244,8466
1684843200,23.241,23.268,23.103,23.223,7471
1684857600,23.225,23.634,23.222,23.508,17385
1684872000,23.509,23.536,23.418,23.44,4855
1684886400,23.445,23.496,23.438,23.484,1309
1684900800,23.484,23.512,23.336,23.441,6608
1684915200,23.443,23.529,23.288,23.422,7097
1684929600,23.423,23.51,23.349,23.442,7083
1684944000,23.442,23.455,23.02,23.095,16497
1684958400,23.096,23.152,23.035,23.053,6103
1684972800,23.055,23.083,23.027,23.082,1473
1684987200,23.082,23.085,22.902,23.04,6526
1685001600,23.04,23.142,22.947,23.098,6997
1685016000,23.097,23.134,22.761,22.876,11396
1685030400,22.876,23.086,22.782,22.802,18618
1685044800,22.802,22.835,22.692,22.71,4003
1685059200,22.726,22.732,22.675,22.728,1742
1685073600,22.729,22.95,22.717,22.93,5480
1685088000,22.93,23.142,22.923000000000002,23.118,7856
1685102400,23.12,23.251,23.065,23.13,6619
1685116800,23.127,23.33,23.016,23.234,13488
1685131200,23.233,23.315,23.211,23.31,3227
1685318400,23.264,23.315,23.244,23.25,1649
1685332800,23.25,23.32,23.205,23.238,5544
1685347200,23.239,23.371,23.199,23.269,5244
1685361600,23.268,23.3,23.156,23.22,4670
1685376000,23.22,23.281,23.152,23.162,3939
1685390400,23.162,23.178,23.159,23.174,102
1685404800,23.12,23.166,23.114,23.148,1231
1685419200,23.148,23.252,22.998,23.051,5691
1685433600,23.051,23.21,22.919,23.173,7593
1685448000,23.171,23.333,23.105,23.169,5472
1685462400,23.17,23.271,23.014,23.17,10358
1685476800,23.17,23.219,23.121,23.205,1492
1685491200,23.187,23.213,23.173,23.202,1114
1685505600,23.202,23.219,23.093,23.176,5687
1685520000,23.176,23.488,23.12,23.188,7350
1685534400,23.183,23.37,23.183,23.302,5108
1685548800,23.302,23.612,23.094,23.483,14543
1685563200,23.483,23.602,23.445,23.512,5102
1685577600,23.495,23.561,23.488,23.51,1303
1685592000,23.51,23.598,23.475,23.497,4452
1685606400,23.497,23.583,23.272,23.339,6159
1685620800,23.342,23.524,23.319,23.509,5902
1685635200,23.509,23.918,23.474,23.85,12380
1685649600,23.85,23.896,23.825,23.876,2703
1685664000,23.865,23.881,23.839,23.845,1220
1685678400,23.848,24.014,23.79,23.921,5267
1685692800,23.922,24.002,23.855,23.964,6525
1685707200,23.964,23.976,23.776,23.869,8551
1685721600,23.869,23.955,23.633,23.66,18297
1685736000,23.664,23.69,23.575,23.609,3915
1685923200,23.575,23.61,23.553,23.554,1450
1685937600,23.554,23.613,23.494,23.559,6956
1685952000,23.559,23.561,23.38,23.465,7543
1685966400,23.465,23.528,23.243,23.368,7540
1685980800,23.364,23.684,23.359,23.541,15273
1685995200,23.541,23.612,23.517,23.567,3034
1686009600,23.556,23.589,23.534,23.557,1209
1686024000,23.557,23.647,23.508,23.643,4632
1686038400,23.644,23.679,23.422,23.521,8331
1686052800,23.52,23.769,23.496,23.534,8139
1686067200,23.534,23.635,23.332,23.589,12261
1686081600,23.589,23.617,23.57,23.588,2778
1686096000,23.588,23.62,23.58,23.61,938
1686110400,23.618,23.65,23.525,23.576999999999998,5525
1686124800,23.576999999999998,23.576999999999998,23.4,23.527,5963
1686139200,23.527,23.698,23.499,23.617,4361
1686153600,23.617,24.05,23.433,23.439,12675
1686168000,23.439,23.501,23.414,23.44,2932
1686182400,23.427,23.532,23.423,23.53,1038
1686196800,23.53,23.592,23.494,23.589,2851
1686211200,23.588,23.762,23.564,23.75,5555
1686225600,23.75,23.922,23.656,23.909,5876
1686240000,23.909,24.35,23.84,24.276,10441
1686254400,24.271,24.291,24.228,24.264,2481
1686268800,24.264,24.285,24.237,24.251,958
1686283200,24.251,24.356,24.227,24.254,3112
1686297600,24.254,24.429,24.233,24.344,5565
1686312000,24.344,24.405,24.218,24.26,7050
1686326400,24.261,24.523,24.187,24.291,11204
1686340800,24.29,24.32,24.245,24.278,2232
1686528000,24.242,24.255,24.209,24.239,1722
1686542400,24.239,24.243,24.064,24.091,4921
1686556800,24.091,24.245,24.083,24.222,7253
1686571200,24.225,24.299,24.025,24.083,6249
1686585600,24.083,24.126,23.874,23.967,14095
1686600000,23.967,24.088,23.951999999999998,24.049,3783
1686614400,24.051,24.092,24.023,24.023,1272
1686628800,24.023,24.173,24.009,24.146,5182
1686643200,24.146,24.254,24.087,24.203,6761
1686657600,24.204,24.399,23.945,24.116,9785
1686672000,24.118,24.237,23.722,23.751,14927
1686686400,23.751,23.771,23.592,23.661,4732
1686700800,23.663,23.7,23.65,23.675,1542
1686715200,23.675,23.857,23.673000000000002,23.846,4476
1686729600,23.846,23.923000000000002,23.739,23.9,4533
1686744000,23.9,23.991,23.794,23.882,7247
1686758400,23.881,24.075,23.859,24.01,10214
1686772800,24.01,24.072,23.854,23.914,13270
1686787200,23.911,23.927,23.778,23.837,1711
1686801600,23.838,23.838,23.407,23.454,7765
1686816000,23.453,23.564,23.228,23.335,9880
1686830400,23.339,23.452,23.213,23.421,12498
1686844800,23.421,23.886,23.397,23.848,14782
1686859200,23.848,23.904,23.802,23.872,3521
1686873600,23.88,23.894,23.832,23.841,906
1686888000,23.844,23.982,23.841,23.848,2697
1686902400,23.849,24.031,23.829,24.007,7608
1686916800,24.007,24.205,23.96,24.091,6237
1686931200,24.095,24.203,23.872,24.009,15728
1686945600,24.009,24.199,24.006,24.193,3834
1687132800,24.17,24.176,24.062,24.073,1416
1687147200,24.074,24.151,24.026,24.118,3631
1687161600,24.118,24.173,24.004,24.048,3654
1687176000,24.049,24.062,23.883,23.994,5501
1687190400,23.995,24.064,23.93,23.981,5680
1687204800,23.974,24.016,23.93,23.944,772
1687219200,23.979,24.021,23.961,23.981,1371
1687233600,23.981,24.003,23.834,23.908,4330
1687248000,23.908,23.996,23.828,23.93,6415
1687262400,23.932,23.942,23.537,23.587,8214
1687276800,23.589,23.633,23.05,23.206,15917
1687291200,23.209,23.215,23.128,23.143,3763
1687305600,23.146,23.171,23.13,23.139,1509
1687320000,23.136,23.168,23.083,23.124,4733
1687334400,23.124,23.135,22.996,23.062,6874
1687348800,23.062,23.109,22.897,22.902,9149
1687363200,22.902,22.904,22.486,22.796,18134
1687377600,22.79,22.826,22.643,22.648,5796
1687392000,22.664,22.726,22.646,22.647,1305
1687406400,22.646,22.666,22.56,22.561,2449
1687420800,22.561,22.661,22.505,22.585,8100
1687435200,22.586,22.657,22.499,22.503,11410
1687449600,22.501,22.556,22.289,22.454,14174
1687464000,22.454,22.477,22.174,22.23,5898
1687478400,22.244,22.259,22.214,22.243,1057
1687492800,22.243,22.291,22.106,22.286,4390
1687507200,22.28,22.383,22.223,22.314,7923
1687521600,22.314,22.496,22.271,22.454,10876
1687536000,22.453,22.679,22.284,22.307,14742
1687550400,22.307,22.42,22.289,22.412,3096
1687737600,22.418,22.605,22.415,22.605,1844
1687752000,22.605,22.814,22.568,22.728,5678
1687766400,22.728,22.848,22.641,22.784,5694
1687780800,22.784,22.887,22.691,22.753,5760
1687795200,22.749,22.871,22.585,22.799,10104
1687809600,22.799,22.835,22.765,22.777,3774
1687824000,22.788,22.791,22.745,22.767,924
1687838400,22.769,22.986,22.765,22.957,4953
1687852800,22.957,23.04,22.849,22.894,7633
1687867200,22.892,22.975,22.843,22.959,10364
1687881600,22.96,23.093,22.753,22.876,13873
1687896000,22.876,22.909,22.787,22.85,3850
1687910400,22.848,22.898,22.828,22.886,1348
1687924800,22.886,22.922,22.837,22.911,3663
1687939200,22.911,22.956,22.692,22.748,5628
1687953600,22.75,22.823,22.579,22.628,7097
1687968000,22.629,22.869,22.553,22.821,11594
1687982400,22.821,22.844,22.675,22.68,2518
1687996800,22.684,22.738,22.683,22.729,972
1688011200,22.729,22.873,22.673000000000002,22.764,4089
1688025600,22.763,22.81,22.677,22.749,6560
1688040000,22.749,22.872,22.481,22.503,8626
1688054400,22.503,22.681,22.274,22.616,14159
1688068800,22.616,22.616,22.537,22.571,2946
1688083200,22.568,22.59,22.553,22.578,1087
1688097600,22.578,22.662,22.549,22.66,3693
1688112000,22.66,22.695,22.34,22.353,5573
1688126400,22.361,22.547,22.348,22.434,7299
1688140800,22.434,22.792,22.405,22.778,10676
1688155200,22.778,22.836,22.729,22.749,2909
1688342400,22.759,22.768,22.719,22.73,965
1688356800,22.729,22.864,22.704,22.852,3195
1688371200,22.853,22.936,22.699,22.747,5042
1688385600,22.747,22.943,22.713,22.939,4432
1688400000,22.939,23.065,22.87,22.876,10375
1688414400,22.88,22.912,22.865,22.9,1255
1688428800,22.855,22.907,22.849,22.893,640
1688443200,22.893,22.962,22.871,22.937,2618
1688457600,22.937,22.992,22.872,22.956,3981
1688472000,22.957,23.053,22.955,22.987,3680
1688486400,22.987,23.04,22.956,22.973,3404
1688500800,22.973,22.992,22.939,22.948,467
1688515200,22.949,22.987,22.943,22.98,681
1688529600,22.98,23.002,22.912,22.929,1734
1688544000,22.929,22.993,22.763,22.826,4805
1688558400,22.826,22.938,22.773,22.885,4692
1688572800,22.885,23.303,22.866,23.19,12367
1688587200,23.19,23.212,23.083,23.113,4120
1688601600,23.131,23.151,23.11,23.139,944
1688616000,23.139,23.208,23.077,23.1,3694
1688630400,23.098,23.249,23.088,23.162,4143
1688644800,23.162,23.237,22.657,22.745,7725
1688659200,22.744,22.919,22.517,22.692,13358
1688673600,22.692,22.725,22.656,22.7,2755
1688688000,22.708,22.733,22.684,22.711,1194
1688702400,22.71,22.715,22.646,22.692,3166
1688716800,22.695,22.763,22.609,22.698,4567
1688731200,22.698,22.938,22.613,22.762,8069
1688745600,22.759,23.147,22.692,23.063,12659
1688760000,23.063,23.117,23.054,23.074,2608
1688947200,23.058,23.113,23.015,23.044,1100
1688961600,23.044,23.148,23.011,23.017,3076
1688976000,23.017,23.099,22.978,23.087,3885
1688990400,23.087,23.104,22.749,22.791,5320
1689004800,22.792,23.119,22.743,23.114,9203
1689019200,23.114,23.148,23.104,23.129,2762
1689033600,23.122,23.156,23.12,23.144,989
1689048000,23.145,23.311,23.138,23.25,4727
1689062400,23.25,23.382,23.141,23.218,6085
1689076800,23.218,23.242,23.026,23.119,5214
1689091200,23.119,23.214,23.015,23.093,6417
1689105600,23.093,23.115,23.061,23.102,2976
1689120000,23.114,23.189,23.106,23.172,1128
1689134400,23.173,23.257,23.171,23.244,3549
1689148800,23.243,23.265,23.119,23.159,3720
1689163200,23.159,23.667,23.133,23.562,6423
1689177600,23.56,24.126,23.508,24.122,13685
1689192000,24.122,24.146,24.067,24.117,3035
1689206400,24.116,24.173,24.1,24.127,987
1689220800,24.127,24.241,24.101,24.134,4694
1689235200,24.133,24.251,24.099,24.215,5026
1689249600,24.215,24.417,24.17,24.369,7425
1689264000,24.368,24.737,24.325,24.697,11685
1689278400,24.697,24.874,24.675,24.858,3555
1689292800,24.864,24.892,24.784,24.799,1507
1689307200,24.799,24.893,24.716,24.818,5677
1689321600,24.818,24.858,24.672,24.755,6027
1689336000,24.755,24.959,24.716,24.871,5180
1689350400,24.869,25.007,24.727,24.973,14645
1689364800,24.971,25.016,24.885,24.91,3606
1689552000,24.886,24.934,24.823,24.934,1328
1689566400,24.938,24.938,24.731,24.828,4482
1689580800,24.824,24.908,24.737,24.796,4747
1689595200,24.796,24.897,24.667,24.724,6822
1689609600,24.729,24.862,24.595,24.833,9248
1689624000,24.833,24.857,24.778,24.836,1852
1689638400,24.832,24.858,24.797,24.803,1080
1689652800,24.805,25.04,24.803,24.882,4477
1689667200,24.882,24.961,24.815,24.925,5245
1689681600,24.925,25.002,24.762,24.891,7077
1689696000,24.891,25.169,24.759,25.059,14964
1689710400,25.059,25.064,25.0,25.058,2588
1689724800,25.052,25.066,25.027,25.064,930
1689739200,25.064,25.103,24.991,25.019,4408
1689753600,25.021,25.068,24.944,25.053,5814
1689768000,25.053,25.215,24.934,25.122,4650
1689782400,25.122,25.23,24.979,25.147,9575
1689796800,25.147,25.186,25.117,25.132,1687
1689811200,25.128,25.173,25.102,25.172,941
1689825600,25.164,25.261,25.152,25.206,5510
1689840000,25.206,25.26,25.068,25.215,6527
1689854400,25.215,25.24,25.079,25.13,5466
1689868800,25.13,25.203,24.706,24.777,12284
1689883200,24.777,24.809,24.713,24.744,2551
1689897600,24.763,24.844,24.75,24.84,1008
1689912000,24.84,24.886,24.8,24.816,4857
1689926400,24.816,24.873,24.659,24.695,6326
1689940800,24.695,24.913,24.685,24.701999999999998,5882
1689955200,24.704,24.78,24.583,24.672,8827
1689969600,24.672,24.679,24.588,24.605,1877
1690156800,24.608,24.665,24.58,24.664,1428
1690171200,24.664,24.719,24.551,24.586,4474
1690185600,24.586,24.671,24.478,24.49,6015
1690200000,24.49,24.659,24.439,24.504,5108
1690214400,24.506,24.528,24.257,24.421,10490
1690228800,24.421,24.425,24.318,24.34,1887
1690243200,24.337,24.355,24.287,24.348,1058
1690257600,24.348,24.557,24.332,24.479,4774
1690272000,24.479,24.669,24.462,24.627,5503
1690286400,24.627,24.699,24.493,24.603,6047
1690300800,24.603,24.719,24.483,24.649,9082
1690315200,24.647,24.684,24.622,24.679,2062
1690329600,24.673000000000002,24.675,24.645,24.665,901
1690344000,24.665,24.665,24.554,24.582,3877
1690358400,24.582,24.733,24.563,24.707,5083
1690372800,24.709,24.724,24.591,24.608,4949
1690387200,24.608,24.944,24.511,24.843,8824
1690401600,24.842,25.032,24.723,24.919,9243
1690416000,24.907,24.947,24.871,24.907,1152
1690430400,24.907,25.131,24.907,25.03,4876
1690444800,25.027,25.103,24.914,24.941,5970
1690459200,24.942,25.14,24.759,24.817,7595
1690473600,24.82,24.82,24.038,24.209,14405
1690488000,24.21,24.261,24.089,24.116,5347
1690502400,24.136,24.209,24.13,24.185,1813
1690516800,24.185,24.254,24.102,24.211,8114
1690531200,24.211,24.249,24.126,24.144,6296
1690545600,24.144,24.362,24.142,24.281,6421
1690560000,24.281,24.406,24.181,24.375,8398
1690574400,24.376,24.377,24.296,24.326,2528
1690761600,24.35,24.374,24.31,24.353,1451
1690776000,24.353,24.387,24.219,24.224,4135
1690790400,24.224,24.309,24.191,24.199,4263
1690804800,24.198,24.572,24.193,24.504,5249
1690819200,24.503,24.833,24.442,24.795,8196
1690833600,24.795,24.831,24.716,24.754,2328
1690848000,24.747,24.751,24.687,24.71,1042
1690862400,24.708,24.726,24.594,24.607,3809
1690876800,24.609,24.612,24.474,24.504,4516
1690891200,24.503,24.555,24.195,24.24,6293
1690905600,24.243,24.451,24.124,24.17,11643
1690920000,24.17,24.317,24.166,24.291,2105
1690934400,24.384,24.406,24.338,24.357,2076
1690948800,24.36,24.451,24.283,24.318,4200
1690963200,24.318,24.368,24.261,24.339,5306
1690977600,24.339,24.484,24.192,24.209,6255
1690992000,24.209,24.215,23.635,23.759,12205
1691006400,23.763,23.772,23.691,23.707,1837
1691020800,23.706,23.728,23.696,23.721,1000
1691035200,23.72,23.837,23.597,23.613,4277
1691049600,23.613,23.671,23.465,23.573,5568
1691064000,23.573,23.609,23.372,23.501,7847
1691078400,23.499,23.706,23.497,23.623,10108
1691092800,23.623,23.628,23.529,23.557,2140
1691107200,23.574,23.62,23.569,23.62,855
1691121600,23.624,23.633,23.487,23.521,3635
1691136000,23.521,23.591,23.373,23.43,4203
1691150400,23.431,23.613,23.203,23.521,8573
1691164800,23.52,23.788,23.516,23.625,12473
1691179200,23.625,23.64,23.567,23.629,2796
1691366400,23.628,23.675,23.585,23.604,1166
1691380800,23.603,23.608,23.5,23.515,3037
1691395200,23.515,23.523,23.429,23.469,3614
1691409600,23.47,23.499,23.36,23.495,3628
1691424000,23.495,23.579,23.067,23.146,7615
1691438400,23.146,23.17,23.094,23.111,2322
1691452800,23.118,23.131,23.075,23.094,1045
1691467200,23.094,23.182,23.053,23.163,3951
1691481600,23.164,23.183,23.044,23.106,4042
1691496000,23.101,23.155,22.707,22.731,7068
1691510400,22.731,22.875,22.662,22.714,9422
1691524800,22.713,22.786,22.708,22.763,2047
1691539200,22.761,22.773,22.73,22.733,656
1691553600,22.733,22.933,22.72,22.914,3540
1691568000,22.914,22.931,22.764,22.8,3287
1691582400,22.8,22.803,22.646,22.679,4568
1691596800,22.679,22.89,22.613,22.649,9622
1691611200,22.649,22.695,22.644,22.655,2329
1691625600,22.662,22.722,22.662,22.711,928
1691640000,22.712,22.718,22.637,22.656,3122
1691654400,22.656,22.86,22.621,22.775,4120
1691668800,22.775,22.938,22.624,22.777,7897
1691683200,22.774,22.996,22.631,22.828,12506
1691697600,22.829,22.843,22.657,22.698,4153
1691712000,22.699,22.754,22.665,22.754,682
1691726400,22.754,22.801,22.668,22.673000000000002,2709
1691740800,22.673000000000002,22.779,22.659,22.753,3907
1691755200,22.753,22.758,22.569,22.657,5226
1691769600,22.657,22.836,22.625,22.68,9427
1691784000,22.68,22.712,22.634,22.679,2421
1691971200,22.689,22.708,22.605,22.605,1371
1691985600,22.605,22.619,22.517,22.574,3880
1692000000,22.574,22.757,22.568,22.705,3739
1692014400,22.705,22.729,22.554,22.673000000000002,3586
1692028800,22.678,22.718,22.361,22.647,8057
1692043200,22.647,22.675,22.561,22.583,1865
1692057600,22.586,22.598,22.556,22.596,661
1692072000,22.595,22.672,22.515,22.648,3869
1692086400,22.648,22.67,22.467,22.526,4285
1692100800,22.525,22.535,22.214,22.465,7290
1692115200,22.466,22.707,22.368,22.561,12268
1692129600,22.562,22.606,22.503,22.517,3333
1692144000,22.517,22.567,22.515,22.567,979
1692158400,22.567,22.625,22.488,22.568,3706
1692172800,22.568,22.782,22.558,22.748,4032
1692187200,22.748,22.759,22.579,22.594,4604
1692201600,22.597,22.716,22.471,22.478,9451
1692216000,22.479,22.549,22.398,22.416,5876
1692230400,22.423,22.435,22.382,22.413,1439
1692244800,22.413,22.504,22.339,22.503,4725
1692259200,22.503,22.672,22.452,22.575,4932
1692273600,22.575,22.895,22.561,22.8,7966
1692288000,22.8,23.007,22.607,22.677,12060
1692302400,22.678,22.689,22.581,22.674,3523
1692316800,22.683,22.803,22.66,22.778,1356
1692331200,22.778,22.882,22.743,22.821,3887
1692345600,22.821,22.857,22.697,22.783,5605
1692360000,22.781,22.85,22.668,22.677,4684
1692374400,22.675,22.824,22.628,22.74,7974
1692388800,22.74,22.767,22.67,22.745,2961
1692576000,22.744,22.829,22.74,22.782,1061
1692590400,22.782,22.863,22.662,22.843,4323
1692604800,22.843,22.878,22.725,22.778,4701
1692619200,22.778,23.272,22.767,23.236,7047
1692633600,23.236,23.295,22.908,23.237,10603
1692648000,23.237,23.315,23.237,23.303,2836
1692662400,23.312,23.347,23.284,23.333,1009
1692676800,23.333,23.374,23.248,23.253,3790
1692691200,23.253,23.399,23.24,23.373,5051
1692705600,23.373,23.448,23.316,23.322,6451
1692720000,23.323,23.425,23.196,23.374,10720
1692734400,23.374,23.423,23.356,23.398,2869
1692748800,23.41,23.464,23.406,23.43,731
1692763200,23.43,23.595,23.419,23.587,3059
1692777600,23.587,23.791,23.562,23.739,6093
1692792000,23.739,23.951999999999998,23.676,23.868,6304
1692806400,23.867,24.307,23.821,24.291,13072
1692820800,24.291,24.353,24.286,24.294,2494
1692835200,24.306,24.345,24.293,24.319,998
1692849600,24.315,24.328,24.222,24.277,4012
1692864000,24.278,24.294,24.109,24.157,5794
1692878400,24.157,24.201,24.105,24.17,6251
1692892800,24.169,24.322,24.048,24.154,9790
1692907200,24.156,24.18,24.086,24.122,3093
1692921600,24.138,24.147,24.119,24.125,1105
1692936000,24.124,24.166,24.023,24.033,3604
1692950400,24.033,24.14,23.989,24.135,4942
1692964800,24.134,24.255,24.125,24.187,4457
1692979200,24.187,24.378,23.913,24.125,19237
1692993600,24.126,24.262,24.12,24.219,4051
1693180800,24.221,24.3,24.215,24.278,1362
1693195200,24.274,24.316,24.154,24.177,3956
1693209600,24.177,24.219,24.126,24.153,4673
1693224000,24.153,24.23,24.119,24.184,4611
1693238400,24.183,24.349,24.043,24.27,9225
1693252800,24.27,24.273,24.193,24.219,2334
1693267200,24.223,24.227,24.202,24.205,855
1693281600,24.205,24.333,24.185,24.323,2813
1693296000,24.321,24.372,24.211,24.252,4573
1693310400,24.251,24.351,24.167,24.292,5539
1693324800,24.292,24.791,24.2,24.713,14136
1693339200,24.713,24.771,24.656,24.708,3329
1693353600,24.706,24.747,24.693,24.701,936
1693368000,24.701,24.723,24.607,24.608,2813
1693382400,24.607,24.639,24.525,24.587,4476
1693396800,24.587,24.863,24.562,24.843,7709
1693411200,24.844,25.009,24.61,24.686,13029
1693425600,24.686,24.707,24.592,24.611,2719
1693440000,24.612,24.63,24.601,24.619,875
1693454400,24.619,24.673000000000002,24.56,24.563,3120
1693468800,24.563,24.581,24.44,24.516,4173
1693483200,24.516,24.634,24.487,24.593,6555
1693497600,24.593,24.656,24.367,24.436,10898
1693512000,24.437,24.47,24.405,24.417,2327
1693526400,24.422,24.433,24.397,24.413,912
1693540800,24.413,24.575,24.403,24.446,3849
1693555200,24.445,24.591,24.414,24.59,4469
1693569600,24.59,24.818,24.584,24.776,7726
1693584000,24.775,24.805,24.148,24.202,16393
1693598400,24.202,24.236,24.157,24.165,2643
1693785600,24.179,24.182,24.112,24.16,983
1693800000,24.157,24.287,24.086,24.262,3762
1693814400,24.262,24.275,24.093,24.142,4110
1693828800,24.142,24.168,23.983,24.028,3880
1693843200,24.028,24.065,23.954,23.983,4282
1693857600,23.983,24.0,23.971,23.973,348
1693872000,23.985,23.993,23.928,23.939,755
1693886400,23.939,23.959,23.842,23.874,3218
1693900800,23.874,23.876,23.478,23.515,6170
1693915200,23.515,23.786,23.474,23.769,7196
1693929600,23.768,23.864,23.558,23.561,13895
1693944000,23.562,23.568,23.501,23.53,2388
1693958400,23.548000000000002,23.564,23.516,23.52,1170
1693972800,23.521,23.572,23.469,23.56,3488
1693987200,23.56,23.591,23.337,23.436,5676
1694001600,23.436,23.549,23.252,23.262,5628
1694016000,23.262,23.341,22.999,23.176,13596
1694030400,23.176,23.191,23.127,23.156,1903
1694044800,23.161,23.173,23.102,23.114,847
1694059200,23.115,23.161,23.083,23.102,3110
1694073600,23.102,23.131,23.046,23.087,4182
1694088000,23.087,23.127,22.83,22.986,6344
1694102400,22.986,23.077,22.897,22.925,9513
1694116800,22.925,22.994,22.911,22.963,1662
1694131200,22.96,23.021,22.944,23.012,1386
1694145600,23.013,23.14,23.005,23.055,3991
1694160000,23.055,23.168,22.994,23.035,3936
1694174400,23.035,23.086,22.867,22.875,4626
1694188800,22.875,23.145,22.85,22.884,9385
1694203200,22.884,22.933,22.871,22.924,1641
1694390400,22.915,22.979,22.899,22.954,1849
1694404800,22.953,23.104,22.931,23.091,4704
1694419200,23.091,23.189,23.059,23.188,4704
1694433600,23.188,23.219,23.01,23.1,4280
1694448000,23.1,23.182,22.941,23.082,9951
1694462400,23.082,23.095,23.046,23.077,2352
1694476800,23.079,23.085,23.052,23.067,1130
1694491200,23.067,23.179,23.033,23.151,3240
1694505600,23.151,23.151,22.954,23.067,3561
1694520000,23.067,23.073,22.828,22.921,5308
1694534400,22.921,23.138,22.858,23.073,7053
1694548800,23.073,23.113,23.042,23.057,1733
1694563200,23.055,23.072,23.04,23.056,1015
1694577600,23.056,23.089,22.861,22.904,3260
1694592000,22.904,22.955,22.766,22.926,5107
1694606400,22.926,23.001,22.735,22.942,7507
1694620800,22.942,23.024,22.802,22.831,13633
1694635200,22.831,22.889,22.802,22.826999999999998,1792
1694649600,22.836,22.9,22.81,22.897,1003
1694664000,22.896,22.971,22.731,22.731,4981
1694678400,22.731,22.837,22.471,22.575,5661
1694692800,22.575,22.666,22.393,22.504,8894
1694707200,22.502,22.724,22.292,22.714,15738
1694721600,22.714,22.735,22.563,22.634,2648
1694736000,22.633,22.668,22.619,22.657,1364
1694750400,22.658,22.948,22.626,22.925,6226
1694764800,22.925,23.149,22.887,23.062,6454
1694779200,23.062,23.196,22.962,22.985,5768
1694793600,22.986,23.287,22.949,23.106,13960
1694808000,23.106,23.11,22.982,23.007,2920
1694995200,23.042,23.081,23.034,23.073,1480
1695009600,23.073,23.193,23.026,23.15,5556
1695024000,23.15,23.241,23.082,23.115,5153
1695038400,23.115,23.216,23.042,23.057,4689
1695052800,23.058,23.208,22.956,23.199,9307
1695067200,23.197,23.258,23.181,23.245,1823
1695081600,23.249,23.296,23.231,23.232,1016
1695096000,23.231,23.261,23.168,23.174,2938
1695110400,23.174,23.37,23.137,23.315,3913
1695124800,23.315,23.418,23.273,23.324,4993
1695139200,23.324,23.345,23.09,23.149,8235
1695153600,23.149,23.213,23.143,23.19,1720
1695168000,23.195,23.208,23.176,23.182,854
1695182400,23.183,23.187,23.047,23.064,3384
1695196800,23.064,23.25,23.059,23.246,4281
1695211200,23.246,23.349,23.231,23.293,3603
1695225600,23.293,23.582,23.218,23.582,8047
1695240000,23.582,23.587,23.198,23.223,10893
1695254400,23.231,23.231,23.069,23.079,1542
1695268800,23.082,23.17,23.022,23.16,3591
1695283200,23.161,23.264,23.129,23.133,4732
1695297600,23.133,23.258,22.806,22.899,7945
1695312000,22.899,23.428,22.868,23.391,13487
1695326400,23.392,23.468,23.373,23.396,2389
1695340800,23.384,23.447,23.384,23.443,739
1695355200,23.443,23.554,23.409,23.554,3140
1695369600,23.554,23.767,23.531,23.71,5054
1695384000,23.709,23.742,23.554,23.631,4280
1695398400,23.631,23.725,23.534,23.546,7748
1695412800,23.547,23.576999999999998,23.514,23.546,1977
1695600000,23.558,23.589,23.507,23.579,1333
1695614400,23.579,23.601,23.452,23.476,2596
1695628800,23.476,23.641,23.404,23.436,3977
1695643200,23.436,23.584,23.431,23.464,3971
1695657600,23.463,23.508,23.032,23.105,9003
1695672000,23.105,23.142,23.079,23.117,1683
1695686400,23.123,23.132,23.082,23.086,568
1695700800,23.086,23.116,22.946,22.953,2119
1695715200,22.953,23.089,22.839,23.029,4259
1695729600,23.029,23.068,22.905,23.032,4708
1695744000,23.032,23.075,22.848,22.92,9604
1695758400,22.919,22.958,22.841,22.842,2471
1695772800,22.839,22.855,22.749,22.779,996
1695787200,22.776,22.855,22.696,22.709,3530
1695801600,22.709,22.859,22.669,22.819,4761
1695816000,22.819,22.872,22.674,22.689,5293
1695830400,22.688,22.695,22.4,22.524,10175
1695844800,22.524,22.611,22.415,22.535,3817
1695859200,22.536,22.564,22.527,22.56,1213
1695873600,22.56,22.59,22.443,22.488,2994
1695888000,22.488,22.579,22.444,22.54,5392
1695902400,22.54,22.707,22.486,22.496,6718
1695916800,22.493,22.73,22.391,22.512,13396
1695931200,22.512,22.623,22.466,22.607,2727
1695945600,22.615,22.671,22.603,22.618,763
1695960000,22.614,22.891,22.595,22.873,2710
1695974400,22.873,23.076,22.867,23.01,4813
1695988800,23.01,23.313,22.978,23.308,6836
1696003200,23.308,23.554,22.275,22.315,17214
1696017600,22.314,22.315,22.107,22.18,4214
1696204800,22.12,22.179,21.979,21.99,2197
1696219200,21.989,22.062,21.765,21.771,2477
1696233600,21.771,21.894,21.671,21.735,5909
1696248000,21.735,21.852,21.528,21.566,8507
1696262400,21.566,21.593,21.172,21.222,16362
1696276800,21.22,21.284,21.022,21.03,4051
1696291200,21.045,21.063,20.69,20.904,3298
1696305600,20.904,21.054,20.68,21.039,4442
1696320000,21.041,21.193,20.966,21.111,6101
1696334400,21.111,21.171,20.996,21.015,7377
1696348800,21.014,21.391,20.919,21.173,21398
1696363200,21.173,21.228,21.124,21.155,3913
1696377600,21.179,21.215,21.157,21.177,1280
1696392000,21.177,21.178,20.955,21.114,3815
1696406400,21.114,21.143,20.965,21.108,6243
1696420800,21.108,21.395,21.063,21.284,9248
1696435200,21.284,21.288,20.683,20.984,17115
1696449600,20.983,21.056,20.837,20.988,3599
1696464000,21.002,21.095,20.996,21.089,1328
1696478400,21.09,21.223,21.083,21.202,2604
1696492800,21.201,21.293,21.058,21.067,4263
1696507200,21.067,21.165,20.925,20.996,5978
1696521600,20.997,21.155,20.707,20.865,12385
1696536000,20.865,20.99,20.818,20.964,2788
1696550400,20.986,21.024,20.945,20.959,857
1696564800,20.959,21.032,20.94,20.971,2288
1696579200,20.971,21.025,20.86,20.997,3553
1696593600,20.997,21.143,20.798000000000002,21.012,8986
1696608000,21.011,21.601,20.983,21.501,19568
1696622400,21.501,21.613,21.495,21.576999999999998,3995
1696809600,21.895,22.007,21.69,21.999,5216
1696824000,21.995,22.009,21.696,21.801,8578
1696838400,21.801,21.896,21.606,21.669,6858
1696852800,21.669,21.716,21.568,21.642,5908
1696867200,21.641,21.864,21.608,21.741,10833
1696881600,21.741,21.899,21.741,21.869,3100
1696896000,21.864,21.919,21.838,21.896,1356
1696910400,21.895,21.951,21.732,21.742,3670
1696924800,21.742,21.818,21.665,21.77,6807
1696939200,21.771,21.791,21.628,21.703,6401
1696953600,21.706,21.898,21.669,21.859,11059
1696968000,21.859,21.859,21.733,21.818,2832
1696982400,21.825,21.878,21.794,21.821,1134
1696996800,21.822,21.882,21.797,21.834,2947
1697011200,21.834,22.11,21.811,22.094,5889
1697025600,22.091,22.12,21.927,22.066,6969
1697040000,22.066,22.115,21.892,21.983,11769
1697054400,21.988,22.06,21.935,22.015,3583
1697068800,22.002,22.064,22.001,22.049,843
1697083200,22.049,22.161,22.008,22.148,2751
1697097600,22.147,22.235,22.095,22.16,4145
1697112000,22.16,22.218,22.031,22.089,7621
1697126400,22.089,22.168,21.747,21.842,12710
1697140800,21.842,21.843,21.766,21.813,4502
1697155200,21.818,21.902,21.799,21.902,1191
1697169600,21.902,21.987,21.852,21.982,3167
1697184000,21.982,22.195,21.977,22.096,5135
1697198400,22.096,22.661,22.064,22.553,10979
1697212800,22.554,22.813,22.329,22.745,14093
1697227200,22.745,22.789,22.643,22.673000000000002,3292
1697414400,22.682,22.682,22.589,22.613,2160
1697428800,22.609,22.72,22.595,22.694,2706
1697443200,22.694,22.695,22.47,22.532,5592
1697457600,22.532,22.687,22.515,22.574,5919
1697472000,22.574,22.72,22.541,22.63,8148
1697486400,22.631,22.649,22.555,22.594,1881
1697500800,22.578,22.588,22.505,22.538,1159
1697515200,22.537,22.552,22.364,22.458,2710
1697529600,22.462,22.628,22.444,22.603,3598
1697544000,22.603,22.781,22.568,22.664,6366
1697558400,22.663,23.004,22.601,22.897,12157
1697572800,22.897,22.917,22.773,22.804,3239
1697587200,22.782,22.869,22.765,22.834,1040
1697601600,22.833,23.156,22.826,23.082,4415
1697616000,23.081,23.167,22.993,23.138,4929
1697630400,23.138,23.315,23.124,23.184,6714
1697644800,23.184,23.281,22.675,22.873,14930
1697659200,22.873,22.962,22.787,22.821,4280
1697673600,22.838,22.921,22.808,22.842,1741
1697688000,22.842,22.905,22.768,22.886,3669
1697702400,22.886,23.032,22.86,22.894,5946
1697716800,22.892,22.927,22.809,22.88,6282
1697731200,22.88,22.942,22.634,22.864,14777
1697745600,22.864,23.079,22.826999999999998,23.025,8531
1697760000,23.004,23.104,22.971,23.005,3258
1697774400,23.005,23.123,22.866,22.897,4167
1697788800,22.898,23.257,22.878,23.221,6203
1697803200,23.221,23.253,23.018,23.111,6196
1697817600,23.112,23.693,23.072,23.355,14122
1697832000,23.355,23.442,23.193,23.357,6187
1698019200,23.091,23.262,23.08,23.127,3134
1698033600,23.125,23.326,23.025,23.26,4722
1698048000,23.26,23.327,23.172,23.265,4730
1698062400,23.265,23.28,23.084,23.107,5456
1698076800,23.107,23.195,22.923000000000002,23.066,11186
1698091200,23.066,23.075,22.912,22.971,3593
1698105600,22.956,23.033,22.923000000000002,23.028,1011
1698120000,23.029,23.185,23.029,23.116,3566
1698134400,23.116,23.202,22.91,22.936,5410
1698148800,22.935,22.939,22.655,22.865,7722
1698163200,22.865,23.006,22.755,22.933,12056
1698177600,22.932,22.991,22.907,22.909,2824
1698192000,22.883,22.988,22.881,22.979,1193
1698206400,22.979,23.018,22.871,22.916,2757
1698220800,22.916,22.977,22.791,22.792,3690
1698235200,22.792,22.859,22.718,22.766,5283
1698249600,22.766,22.999,22.548000000000002,22.814,13242
1698264000,22.814,22.963,22.789,22.849,4165
1698278400,22.833,22.883,22.822,22.852,2033
1698292800,22.851,22.979,22.851,22.964,3488
1698307200,22.964,23.135,22.882,23.109,5727
1698321600,23.109,23.132,22.774,22.781,6893
1698336000,22.781,22.881,22.437,22.73,12985
1698350400,22.73,22.841,22.72,22.792,3869
1698364800,22.783,22.847,22.774,22.788,1202
1698379200,22.787,22.913,22.754,22.91,2245
1698393600,22.913,22.918,22.778,22.84,3828
1698408000,22.84,22.868,22.681,22.737,5793
1698422400,22.732,22.92,22.656,22.72,10029
1698436800,22.72,23.12,22.719,23.084,5691
1698624000,23.073,23.155,23.013,23.102,3587
1698638400,23.104,23.164,23.058,23.107,3583
1698652800,23.107,23.15,23.037,23.092,4047
1698667200,23.095,23.477,23.084,23.457,5988
1698681600,23.457,23.601,23.168,23.336,10282
1698696000,23.337,23.359,23.242,23.301,2970
1698710400,23.308,23.308,23.253,23.278,1316
1698724800,23.283,23.3,23.118,23.134,3712
1698739200,23.134,23.26,23.087,23.249,4593
1698753600,23.249,23.305,22.989,23.016,6187
1698768000,23.014,23.31,22.884,22.888,13411
1698782400,22.888,22.913,22.729,22.84,4299
1698796800,22.82,22.856,22.78,22.793,1359
1698811200,22.792,22.792,22.602,22.635,3305
1698825600,22.634,22.676,22.539,22.617,4161
1698840000,22.617,22.781,22.607,22.766,6550
1698854400,22.762,23.007,22.575,22.633,10843
1698868800,22.633,22.957,22.533,22.881,10339
1698883200,22.904,23.053,22.904,22.943,1918
1698897600,22.943,23.038,22.925,23.007,3017
1698912000,23.007,23.041,22.943,23.015,3542
1698926400,23.015,23.118,22.964,22.988,5864
1698940800,22.988,23.051,22.649,22.753,13407
1698955200,22.753,22.805,22.726,22.746,2311
1698969600,22.752,22.754,22.688,22.708,1055
1698984000,22.708,22.757,22.632,22.696,3113
1698998400,22.696,22.701999999999998,22.607,22.67,3582
1699012800,22.67,23.249,22.586,23.143,7255
1699027200,23.147,23.3,22.851,23.137,18072
1699041600,23.133,23.229,23.128,23.199,3778
1699228800,23.158,23.24,23.106,23.188,2834
1699243200,23.189,23.231,23.088,23.133,3262
1699257600,23.133,23.217,23.093,23.139,4184
1699272000,23.143,23.25,23.078,23.151,5392
1699286400,23.151,23.201,22.985,23.136,8052
1699300800,23.136,23.136,23.004,23.025,2221
1699315200,23.025,23.067,22.912,22.932,2578
1699329600,22.932,22.943,22.857,22.892,2742
1699344000,22.892,22.897,22.607,22.712,4627
1699358400,22.711,22.718,22.425,22.612,8519
1699372800,22.614,22.655,22.453,22.479,9237
1699387200,22.48,22.638,22.466,22.613,2978
1699401600,22.628,22.652,22.531,22.562,1914
1699416000,22.562,22.62,22.437,22.439,2456
1699430400,22.439,22.597,22.406,22.453,4145
1699444800,22.453,22.688,22.295,22.675,5894
1699459200,22.676,22.841,22.518,22.71,9544
1699473600,22.71,22.711,22.496,22.532,2948
1699488000,22.525,22.643,22.511,22.612,2072
1699502400,22.612,22.612,22.373,22.456,3321
1699516800,22.456,22.509,22.356,22.428,4919
1699531200,22.428,22.696,22.401,22.648,6458
1699545600,22.65,22.985,22.574,22.81,9544
1699560000,22.806,22.849,22.535,22.628,7309
1699574400,22.607,22.701999999999998,22.592,22.679,2658
1699588800,22.68,22.733,22.635,22.698,3399
1699603200,22.698,22.721,22.551,22.576,4363
1699617600,22.576,22.581,22.389,22.44,6748
1699632000,22.441,22.476,22.219,22.27,10892
1699646400,22.27,22.291,22.188,22.22,3101
1699833600,22.285,22.337,22.125,22.131,2910
1699848000,22.131,22.138,21.983,22.104,3600
1699862400,22.105,22.15,21.975,22.065,5057
1699876800,22.065,22.147,21.97,22.002,5867
1699891200,22.002,22.305,21.873,22.251,10312
1699905600,22.252,22.354,22.236,22.3,2914
1699920000,22.305,22.389,22.293,22.331,1720
1699934400,22.332,22.393,22.302,22.306,2752
1699948800,22.306,22.471,22.29,22.435,4514
1699963200,22.439,22.732,22.327,22.651,8206
1699977600,22.649,23.18,22.628,23.08,13950
1699992000,23.08,23.132,23.057,23.082,2379
1700006400,23.085,23.116,23.022,23.069,2574
1700020800,23.07,23.19,23.053,23.163,3500
1700035200,23.163,23.33,23.163,23.321,5708
1700049600,23.32,23.612,23.263,23.396,7265
1700064000,23.397,23.488,23.19,23.486,11377
1700078400,23.483,23.491,23.375,23.429,2935
1700092800,23.45,23.475,23.302,23.317,1676
1700107200,23.317,23.434,23.275,23.401,2285
1700121600,23.399,23.69,23.393,23.628,4753
1700136000,23.628,23.882,23.571,23.882,6723
1700150400,23.883,24.074,23.765,23.85,12130
1700164800,23.85,23.893,23.713,23.716,3189
1700179200,23.731,23.898,23.722,23.801,2058
1700193600,23.801,23.852,23.774,23.799,3096
1700208000,23.799,24.05,23.739,24.022,5607
1700222400,24.024,24.14,23.866,23.901,7456
1700236800,23.9,23.902,23.658,23.741,11023
1700251200,23.741,23.792,23.689,23.69,2963
1700438400,23.64,23.717,23.558,23.665,3374
1700452800,23.665,23.805,23.596,23.68,4648
1700467200,23.682,23.699,23.5,23.576,6211
1700481600,23.576,23.576,23.237,23.389,7640
1700496000,23.389,23.561,23.338,23.45,8861
1700510400,23.45,23.58,23.401,23.425,3909
1700524800,23.431,23.777,23.426,23.775,5258
1700539200,23.775,23.8,23.68,23.72,4740
1700553600,23.72,23.752,23.483,23.496,7577
1700568000,23.497,23.886,23.485,23.764,8799
1700582400,23.765,24.014,23.765,23.884,12334
1700596800,23.882,23.883,23.718,23.744,5127
1700611200,23.733,23.849,23.732,23.772,3417
1700625600,23.772,23.823,23.721,23.75,4457
1700640000,23.75,23.939,23.738,23.867,8920
1700654400,23.866,23.908,23.692,23.789,8359
1700668800,23.793,23.826,23.532,23.617,13443
1700683200,23.613,23.66,23.551,23.625,3571
1700697600,23.595,23.687,23.591,23.67,2543
1700712000,23.668,23.736,23.656,23.728,3640
1700726400,23.729,23.783,23.619,23.675,5098
1700740800,23.675,23.696,23.603,23.623,3332
1700755200,23.623,23.773,23.623,23.7,3172
1700769600,23.7,23.83,23.649,23.826999999999998,553
1700784000,23.685,23.707,23.648,23.692,2443
1700798400,23.692,23.747,23.643,23.73,3247
1700812800,23.728,23.733,23.559,23.694,4455
1700827200,23.694,24.006,23.652,23.951,5249
1700841600,23.951,24.326,23.947,24.318,9184
1700856000,24.318,24.331,24.285,24.306,337
1701043200,24.327,24.812,24.257,24.612,7500
1701057600,24.611,24.713,24.527,24.711,6103
1701072000,24.711,24.804,24.584,24.726,6405
1701086400,24.727,24.872,24.68,24.793,8338
1701100800,24.794,24.857,24.562,24.627,10874
1701115200,24.627,24.667,24.612,24.635,2398
1701129600,24.625,24.733,24.564,24.636,2888
1701144000,24.636,24.691,24.535,24.624,3127
1701158400,24.624,24.683,24.548000000000002,24.683,5715
1701172800,24.683,24.755,24.541,24.743,6261
1701187200,24.745,24.991,24.657,24.886,12894
1701201600,24.887,25.026,24.86,25.019,4119
1701216000,25.027,25.194,25.021,25.151,4927
1701230400,25.153,25.163,24.953,24.986,6045
1701244800,24.988,25.02,24.844,24.927,8408
1701259200,24.927,25.006,24.849,24.971,8457
1701273600,24.971,25.254,24.914,25.073,13816
1701288000,25.073,25.176,24.972,25.023,3250
1701302400,25.007,25.061,24.927,24.938,2894
1701316800,24.938,25.08,24.924,24.996,3325
1701331200,24.996,25.115,24.955,24.997,5132
1701345600,24.997,25.164,24.926,25.089,8879
1701360000,25.089,25.254,24.944,25.179,12684
1701374400,25.179,25.282,25.146,25.262,3403
1701388800,25.284,25.46,25.277,25.309,3023
1701403200,25.309,25.342,25.238,25.289,3350
1701417600,25.289,25.404,25.204,25.305,4850
1701432000,25.305,25.32,25.081,25.277,7361
1701446400,25.277,25.505,25.141,25.498,17397
1701460800,25.496,25.516,25.375,25.435,6148
1701648000,25.465,25.912,25.395,25.477,15934
1701662400,25.477,25.54,25.387,25.44,5235
1701676800,25.44,25.475,25.106,25.177,11147
1701691200,25.175,25.329,25.086,25.133,8695
1701705600,25.136,25.15,24.409,24.578,22106
1701720000,24.578,24.582,24.469,24.504,4700
1701734400,24.503,24.619,24.475,24.545,4287
1701748800,24.545,24.625,24.456,24.521,4747
1701763200,24.521,24.562,24.431,24.454,7659
1701777600,24.449,24.606,24.237,24.455,7247
1701792000,24.457,24.465,23.959,24.12,17510
1701806400,24.121,24.195,24.102,24.139,3786
1701820800,24.154,24.264,24.148,24.219,2407
1701835200,24.219,24.294,24.13,24.283,3355
1701849600,24.283,24.352,24.067,24.096,5600
1701864000,24.096,24.274,24.058,24.195,8810
1701878400,24.195,24.255,23.891,23.942,14012
1701892800,23.941,23.981,23.868,23.892,2670
1701907200,23.895,23.951999999999998,23.785,23.786,2967
1701921600,23.787,23.882,23.783,23.81,4004
1701936000,23.811,24.02,23.782,24.012,6993
1701950400,24.013,24.016,23.856,23.954,7740
1701964800,23.954,23.971,23.576,23.677,14515
1701979200,23.676,23.829,23.656,23.799,3420
1701993600,23.789,23.835,23.724,23.826999999999998,2696
1702008000,23.826999999999998,23.889,23.8,23.822,3295
1702022400,23.82,23.855,23.723,23.78,6944
1702036800,23.78,23.864,23.459,23.565,10810
1702051200,23.564,23.579,22.951999999999998,22.974,17453
1702065600,22.974,23.048,22.936,22.982,4350
1702252800,23.021,23.097,22.914,23.044,3578
1702267200,23.044,23.066,22.907,23.024,3747
1702281600,23.028,23.08,22.867,22.891,6584
1702296000,22.891,22.98,22.839,22.91,6689
1702310400,22.911,22.913,22.716,22.743,9858
1702324800,22.742,22.889,22.72,22.805,3931
1702339200,22.805,22.853,22.791,22.83,2239
1702353600,22.83,22.972,22.807,22.966,2357
1702368000,22.965,23.006,22.848,22.904,4526
1702382400,22.904,23.143,22.881,22.902,7758
1702396800,22.9,22.994,22.684,22.72,10833
1702411200,22.72,22.791,22.704,22.762,3259
1702425600,22.761,22.808,22.743,22.758,1715
1702440000,22.758,22.759,22.624,22.682,2179
1702454400,22.682,22.728,22.609,22.68,5270
1702468800,22.68,22.779,22.625,22.717,5769
1702483200,22.715,22.743,22.503,22.643,8868
1702497600,22.646,23.801,22.605,23.759,14903
1702512000,23.763,23.976,23.756,23.854,6197
1702526400,23.854,23.943,23.795,23.903,5560
1702540800,23.903,24.171,23.81,24.072,9520
1702555200,24.072,24.16,23.935,24.082,12226
1702569600,24.078,24.212,23.97,24.164,14948
1702584000,24.164,24.184,24.014,24.145,6998
1702598400,24.172,24.176,23.985,23.992,2554
1702612800,23.992,24.165,23.991,24.098,3273
1702627200,24.093,24.235,24.012,24.2,5742
1702641600,24.2,24.286,23.804,23.955,7873
1702656000,23.957,24.049,23.892,23.985,11832
1702670400,23.985,23.993,23.749,23.826999999999998,4930
1702857600,23.826,23.853,23.71,23.814,3580
1702872000,23.814,23.947,23.814,23.931,2812
1702886400,23.931,24.048,23.892,24.007,7452
1702900800,24.005,24.02,23.785,23.896,6361
1702915200,23.897,23.932,23.655,23.85,12023
1702929600,23.85,23.851,23.737,23.792,2438
1702944000,23.793,23.855,23.78,23.832,2087
1702958400,23.832,23.905,23.761,23.825,3800
1702972800,23.825,23.943,23.793,23.933,6325
1702987200,23.933,24.049,23.84,23.926,5533
1703001600,23.926,24.165,23.901,24.03,10250
1703016000,24.03,24.061,24.005,24.039,2592
1703030400,24.024,24.108,24.024,24.066,2038
1703044800,24.066,24.126,24.05,24.1,1712
1703059200,24.1,24.135,24.026,24.063,3944
1703073600,24.063,24.236,23.948,24.213,6380
1703088000,24.218,24.433,24.204,24.307,9409
1703102400,24.307,24.344,24.071,24.122,4850
1703116800,24.138,24.248,24.127,24.231,2104
1703131200,24.231,24.298,24.194,24.242,3303
1703145600,24.242,24.332,24.205,24.229,4460
1703160000,24.229,24.363,24.128,24.227,7219
1703174400,24.23,24.481,24.135,24.299,14826
1703188800,24.298,24.396,24.256,24.396,4386
1703203200,24.435,24.496,24.374,24.409,3271
1703217600,24.409,24.478,24.335,24.344,2648
1703232000,24.349,24.519,24.31,24.451,3502
1703246400,24.448,24.546,24.351,24.476,8485
1703260800,24.476,24.602,24.156,24.286,10464
1703275200,24.286,24.296,24.086,24.166,3065
1703548800,24.205,24.323,24.19,24.319,1532
1703563200,24.319,24.394,24.288,24.364,2039
1703577600,24.364,24.393,24.253,24.268,2134
1703592000,24.268,24.409,24.231,24.237,2961
1703606400,24.238,24.292,24.055,24.173,8052
1703620800,24.173,24.262,24.09,24.21,2651
1703635200,24.209,24.279,24.171,24.265,2107
1703649600,24.265,24.278,24.133,24.17,2262
1703664000,24.17,24.183,24.094,24.101,3800
1703678400,24.1,24.118,23.943,24.029,5649
1703692800,24.03,24.452,24.023,24.377,10264
1703707200,24.377,24.425,24.22,24.264,4086
1703721600,24.259,24.46,24.234,24.46,1887
1703736000,24.46,24.483,24.366,24.44,2670
1703750400,24.44,24.451,24.237,24.317,4090
1703764800,24.319,24.37,24.167,24.173,4618
1703779200,24.175,24.291,24.092,24.141,9664
1703793600,24.145,24.147,23.943,23.951,3645
1703808000,23.97,23.97,23.88,23.908,1809
1703822400,23.908,23.923000000000002,23.79,23.881,2876
1703836800,23.881,23.924,23.696,23.705,4850
1703851200,23.706,23.803,23.531,23.55,5965
1703865600,23.552,23.978,23.547,23.949,8696
1703880000,23.948,23.948,23.764,23.778,2807
1704153600,23.822,23.933,23.773,23.815,3121
1704168000,23.81,24.059,23.775,24.041,3936
1704182400,24.045,24.086,23.959,24.057,5660
1704196800,24.057,24.072,23.799,23.919,8477
1704211200,23.923000000000002,24.017,23.7,23.706,12635
1704225600,23.707,23.733,23.637,23.653,2648
1704240000,23.638,23.71,23.628,23.65,2319
1704254400,23.651,23.723,23.603,23.617,2830
1704268800,23.618,23.666,23.402,23.433,6158
1704283200,23.433,23.468,22.986,23.035,9602
1704297600,23.035,23.173,22.832,22.894,13418
1704312000,22.894,23.109,22.883,22.977,6892
1704326400,22.994,23.025,22.92,22.94,2473
1704340800,22.939,23.018,22.916,23.008,2945
1704355200,23.005,23.065,22.978,23.012,4924
1704369600,23.012,23.058,22.903,22.904,5824
1704384000,22.904,23.035,22.681,22.991,9910
1704398400,22.991,23.04,22.958,23.005,2830
1704412800,22.988,23.18,22.988,23.132,2748
1704427200,23.131,23.187,23.061,23.097,3330
1704441600,23.096,23.136,22.949,22.964,6186
1704456000,22.965,23.123,22.768,23.049,10728
1704470400,23.049,23.51,22.968,23.15,19198
1704484800,23.15,23.296,23.106,23.176,5107
1704672000,23.12,23.204,23.095,23.127,2719
1704686400,23.125,23.126,22.948,22.986,3985
1704700800,22.985,23.065,22.902,22.984,6488
1704715200,22.984,23.005,22.831,22.89,7245
1704729600,22.89,23.201,22.885,23.121,9644
1704744000,23.121,23.131,23.048,23.102,2808
1704758400,23.107,23.182,23.088,23.116,2330
1704772800,23.116,23.177,23.075,23.098,2912
1704787200,23.098,23.37,23.075,23.159,5518
1704801600,23.159,23.25,23.072,23.177,7009
1704816000,23.177,23.232,22.898,22.902,11180
1704830400,22.903,22.983,22.889,22.963,3340
1704844800,22.977,23.022,22.928,23.019,2071
1704859200,23.019,23.035,22.846,22.86,2990
1704873600,22.86,23.079,22.813,23.051,5607
1704888000,23.051,23.1,22.87,22.875,4907
1704902400,22.875,22.95,22.764,22.891,9685
1704916800,22.89,22.936,22.851,22.873,3547
1704931200,22.886,22.993,22.885,22.983,1752
1704945600,22.983,23.061,22.941,23.04,2619
1704960000,23.04,23.088,22.948,22.97,4990
1704974400,22.969,23.194,22.86,22.878,12144
1704988800,22.879,23.017,22.469,22.515,20714
1705003200,22.516,22.771,22.488,22.744,6276
1705017600,22.757,22.89,22.754,22.885,2776
1705032000,22.885,22.909,22.813,22.854,2355
1705046400,22.854,22.982,22.81,22.892,5977
1705060800,22.892,23.342,22.891,23.304,10734
1705075200,23.305,23.526,23.05,23.114,16621
1705089600,23.115,23.209,23.099,23.15,3027
1705276800,23.154,23.241,23.123,23.225,2933
1705291200,23.225,23.326,23.215,23.24,2182
1705305600,23.24,23.299,23.18,23.212,4082
1705320000,23.214,23.275,23.134,23.174,3931
1705334400,23.174,23.235,23.106,23.23,2956
1705348800,23.23,23.234,23.196,23.202,190
1705363200,23.213,23.218,23.075,23.161,2440
1705377600,23.161,23.186,23.043,23.064,2783
1705392000,23.064,23.211,22.996,23.09,7375
1705406400,23.09,23.163,22.918,22.993,8637
1705420800,22.991,23.137,22.853,22.885,18958
1705435200,22.885,22.98,22.861,22.905,4847
1705449600,22.896,22.913,22.864,22.901,1854
1705464000,22.901,22.943,22.756,22.769,3677
1705478400,22.769,22.802,22.638,22.798000000000002,8269
1705492800,22.797,22.878,22.657,22.704,8495
1705507200,22.705,22.727,22.501,22.571,13872
1705521600,22.571,22.58,22.508,22.539,3654
1705536000,22.54,22.62,22.537,22.601,2306
1705550400,22.601,22.617,22.519,22.584,2509
1705564800,22.584,22.68,22.526,22.589,6663
1705579200,22.589,22.646,22.409,22.44,10074
1705593600,22.445,22.685,22.416,22.672,12370
1705608000,22.676,22.753,22.648,22.736,4573
1705622400,22.735,22.788,22.717,22.76,2870
1705636800,22.758,22.76,22.652,22.682,2745
1705651200,22.679,22.841,22.659,22.811,5754
1705665600,22.811,22.836,22.681,22.707,5755
1705680000,22.707,22.72,22.458,22.585,12143
1705694400,22.585,22.62,22.554,22.594,4337
1705881600,22.588,22.655,22.499,22.578,2996
1705896000,22.578,22.596,22.283,22.305,3824
1705910400,22.301,22.315,22.091,22.101,7138
1705924800,22.101,22.244,21.968,22.007,7108
1705939200,22.005,22.293,21.921,22.188,12500
1705953600,22.188,22.194,22.044,22.072,3557
1705968000,22.071,22.144,22.05,22.121,2651
1705982400,22.122,22.383,22.098,22.358,4701
1705996800,22.359,22.434,22.24,22.281,6691
1706011200,22.278,22.369,22.216,22.319,5109
1706025600,22.318,22.446,22.278,22.328,9671
1706040000,22.328,22.45,22.298,22.426,3187
1706054400,22.446,22.464,22.397,22.413,1547
1706068800,22.413,22.418,22.334,22.404,3273
1706083200,22.404,22.781,22.387,22.743,6359
1706097600,22.743,22.955,22.693,22.874,7001
1706112000,22.873,22.937,22.611,22.839,12743
1706126400,22.839,22.854,22.636,22.654,5040
1706140800,22.658,22.752,22.643,22.736,2374
1706155200,22.736,22.778,22.708,22.756,3225
1706169600,22.756,22.853,22.713,22.831,5542
1706184000,22.831,22.951,22.74,22.881,9204
1706198400,22.883,23.019,22.721,22.735,16185
1706212800,22.735,22.912,22.733,22.903,6213
1706227200,22.882,22.926,22.855,22.868,1656
1706241600,22.872,22.961,22.863,22.948,2107
1706256000,22.948,22.951999999999998,22.798000000000002,22.898,4311
1706270400,22.902,22.976,22.718,22.822,7123
1706284800,22.823,22.863,22.695,22.743,9724
1706299200,22.743,22.814,22.729,22.787,2876
1706486400,22.92,22.967,22.796,22.883,3417
1706500800,22.883,22.94,22.835,22.876,2607
1706515200,22.876,23.032,22.862,22.936,4782
1706529600,22.937,23.076,22.916,23.04,4757
1706544000,23.04,23.211,22.762,23.14,9459
1706558400,23.14,23.215,23.088,23.194,4101
1706572800,23.201,23.235,23.164,23.164,1812
1706587200,23.159,23.172,23.124,23.131,2439
1706601600,23.131,23.253,23.099,23.114,3573
1706616000,23.114,23.13,23.031,23.12,3599
1706630400,23.118,23.299,22.932,23.117,11487
1706644800,23.114,23.176,23.056,23.158,2433
1706659200,23.156,23.2,23.074,23.078,1091
1706673600,23.077,23.092,23.034,23.063,2167
1706688000,23.063,23.18,23.004,23.091,3946
1706702400,23.091,23.172,23.028,23.133,4668
1706716800,23.132,23.32,23.029,23.07,10137
1706731200,23.07,23.269,22.773,22.907,15895
1706745600,22.901,22.984,22.882,22.885,3000
1706760000,22.885,23.031,22.88,22.91,3172
1706774400,22.91,22.929,22.718,22.815,6969
1706788800,22.815,22.825,22.506,22.652,9961
1706803200,22.652,23.197,22.652,23.118,17971
1706817600,23.116,23.248,23.092,23.167,7558
1706832000,23.17,23.187,23.097,23.122,1696
1706846400,23.121,23.194,23.085,23.159,2419
1706860800,23.158,23.212,23.118,23.17,6584
1706875200,23.168,23.245,22.535,22.553,10103
1706889600,22.553,22.663,22.395,22.653,13732
1706904000,22.653,22.712,22.623,22.675,3296
1707091200,22.696,22.711,22.538,22.628,3621
1707105600,22.627,22.643,22.507,22.564,5328
1707120000,22.562,22.591,22.358,22.413,6637
1707134400,22.412,22.519,22.238,22.295,6639
1707148800,22.295,22.432,22.258,22.349,10236
1707163200,22.35,22.382,22.311,22.347,2745
1707177600,22.328,22.363,22.295,22.356,1650
1707192000,22.356,22.463,22.308,22.439,4471
1707206400,22.439,22.445,22.295,22.299,5022
1707220800,22.299,22.363,22.254,22.327,6780
1707235200,22.324,22.48,22.273,22.439,11266
1707249600,22.439,22.462,22.375,22.417,3503
1707264000,22.417,22.44,22.384,22.405,1175
1707278400,22.405,22.426,22.251,22.254,2976
1707292800,22.25,22.346,22.206,22.274,4355
1707307200,22.274,22.321,22.214,22.311,5120
1707321600,22.312,22.441,22.264,22.319,11878
1707336000,22.318,22.344,22.19,22.199,2009
1707350400,22.172,22.241,22.159,22.223,1834
1707364800,22.223,22.326,22.215,22.324,2466
1707379200,22.324,22.378,22.236,22.372,3335
1707393600,22.372,22.432,22.144,22.162,7058
1707408000,22.162,22.58,22.137,22.549,9816
1707422400,22.549,22.629,22.539,22.569,2114
1707436800,22.578,22.604,22.548000000000002,22.591,1071
1707451200,22.591,22.658,22.579,22.594,1208
1707465600,22.597,22.712,22.593,22.611,4330
1707480000,22.611,22.714,22.511,22.521,7451
1707494400,22.516,22.64,22.356,22.531,10099
1707508800,22.531,22.618,22.501,22.612,2752
1707696000,22.63,22.691,22.607,22.671,950
1707710400,22.671,22.779,22.641,22.779,1165
1707724800,22.779,22.943,22.774,22.862,3228
1707739200,22.862,23.068,22.776,22.785,4987
1707753600,22.785,22.8,22.512,22.678,10731
1707768000,22.678,22.739,22.658,22.685,3170
1707782400,22.666,22.732,22.66,22.712,1010
1707796800,22.712,22.752,22.657,22.742,1160
1707811200,22.742,22.927,22.742,22.921,2887
1707825600,22.921,22.933,22.423,22.477,8745
1707840000,22.477,22.478,22.002,22.089,17036
1707854400,22.091,22.134,21.981,22.094,3790
1707868800,22.073,22.099,21.97,22.061,1662
1707883200,22.061,22.075,21.999,22.028,1712
1707897600,22.028,22.037,21.928,22.019,5176
1707912000,22.019,22.202,21.986,22.078,5478
1707926400,22.081,22.454,22.078,22.386,10507
1707940800,22.386,22.421,22.317,22.364,2898
1707955200,22.352,22.409,22.344,22.364,1141
1707969600,22.364,22.481,22.359,22.427,1542
1707984000,22.427,22.576,22.422,22.552,4067
1707998400,22.552,22.871,22.546,22.756,7114
1708012800,22.756,23.035,22.686,22.864,12374
1708027200,22.864,22.941,22.864,22.917,3352
1708041600,22.947,22.986,22.883,22.986,1282
1708056000,22.986,22.998,22.938,22.951,1490
1708070400,22.951,23.014,22.927,22.985,4141
1708084800,22.985,23.065,22.782,23.009,6707
1708099200,23.009,23.426,22.854,23.421,14011
1708113600,23.421,23.496,23.383,23.408,3133
1708300800,23.333,23.444,23.016,23.062,4983
1708315200,23.059,23.133,23.047,23.087,3019
1708329600,23.087,23.167,23.077,23.114,2914
1708344000,23.115,23.167,23.029,23.061,3367
1708358400,23.061,23.093,22.931,22.97,2047
1708372800,22.97,22.986,22.948,22.972,419
1708387200,22.982,23.019,22.918,22.965,2054
1708401600,22.965,22.99,22.926,22.955,1982
1708416000,22.955,23.048,22.911,23.028,4522
1708430400,23.028,23.184,23.014,23.154,6285
1708444800,23.154,23.159,22.986,23.085,8838
1708459200,23.085,23.098,22.975,22.978,2665
1708473600,22.987,23.033,22.971,23.017,1801
1708488000,23.017,23.175,23.017,23.14,2556
1708502400,23.14,23.168,23.017,23.073,4512
1708516800,23.073,23.128,22.993,23.06,5170
1708531200,23.059,23.103,22.795,22.831,7945
1708545600,22.831,22.919,22.749,22.868,3736
1708560000,22.886,22.935,22.877,22.899,1806
1708574400,22.899,22.992,22.855,22.935,2317
1708588800,22.935,23.158,22.93,23.077,5502
1708603200,23.076,23.091,22.882,22.905,5342
1708617600,22.904,22.928,22.734,22.804,9438
1708632000,22.804,22.808,22.734,22.749,2399
1708646400,22.734,22.833,22.682,22.817,1965
1708660800,22.817,22.838,22.61,22.617,2307
1708675200,22.617,22.678,22.555,22.57,3957
1708689600,22.57,22.805,22.565,22.701,4186
1708704000,22.701,22.978,22.613,22.969,8820
1708718400,22.971,22.997,22.909,22.934,2414
1708905600,22.851,22.884,22.808,22.81,2421
1708920000,22.81,22.871,22.762,22.828,2458
1708934400,22.828,22.845,22.666,22.697,4585
1708948800,22.695,22.742,22.48,22.586,6577
1708963200,22.585,22.616,22.463,22.487,6628
1708977600,22.49,22.568,22.44,22.507,2319
1708992000,22.498,22.572,22.473,22.57,2121
1709006400,22.57,22.572,22.505,22.513,2093
1709020800,22.513,22.693,22.504,22.658,4269
1709035200,22.658,22.708,22.595,22.642,4341
1709049600,22.642,22.669,22.417,22.497,6928
1709064000,22.497,22.554,22.443,22.444,3195
1709078400,22.45,22.511,22.429,22.504,1299
1709092800,22.502,22.507,22.373,22.423,1750
1709107200,22.422,22.466,22.268,22.285,4290
1709121600,22.283,22.511,22.274,22.438,4501
1709136000,22.438,22.487,22.346,22.423,6214
1709150400,22.423,22.461,22.36,22.453,1784
1709164800,22.453,22.494,22.417,22.494,1106
1709179200,22.494,22.526,22.474,22.5,1942
1709193600,22.5,22.553,22.417,22.44,3869
1709208000,22.44,22.732,22.305,22.717,5732
1709222400,22.718,22.784,22.531,22.664,6693
1709236800,22.663,22.71,22.645,22.659,2585
1709251200,22.64,22.683,22.632,22.661,1082
1709265600,22.661,22.784,22.656,22.701999999999998,1361
1709280000,22.703,22.775,22.504,22.634,3517
1709294400,22.634,22.764,22.623,22.658,6464
1709308800,22.658,23.157,22.562,23.13,10367
1709323200,23.13,23.263,23.105,23.143,2268
1709510400,23.122,23.174,23.025,23.044,2564
1709524800,23.043,23.112,23.014,23.017,2169
1709539200,23.017,23.166,23.017,23.15,4757
1709553600,23.15,23.344,23.097,23.339,5378
1709568000,23.339,23.826,23.334,23.78,11987
1709582400,23.78,23.938,23.748,23.891,3512
1709596800,23.875,23.951,23.62,23.703,2729
1709611200,23.703,23.838,23.656,23.828,3895
1709625600,23.828,23.967,23.782,23.936,3995
1709640000,23.936,24.222,23.883,23.993,6878
1709654400,23.993,24.113,23.717,23.76,14251
1709668800,23.76,23.776,23.66,23.677,4198
1709683200,23.666,23.718,23.566,23.582,2504
1709697600,23.582,23.712,23.574,23.701,2786
1709712000,23.701,23.772,23.646,23.757,3384
1709726400,23.757,23.831,23.671,23.829,6715
1709740800,23.832,24.247,23.787,24.218,13900
1709755200,24.218,24.299,24.089,24.156,4220
1709769600,24.145,24.214,24.039,24.054,2995
1709784000,24.054,24.268,24.017,24.027,5927
1709798400,24.028,24.208,24.001,24.15,4738
1709812800,24.15,24.348,24.099,24.254,5747
1709827200,24.254,24.499,24.19,24.37,11460
1709841600,24.37,24.389,24.273,24.312,3897
1709856000,24.305,24.43,24.275,24.287,1750
1709870400,24.288,24.362,24.236,24.318,2002
1709884800,24.318,24.531,24.29,24.507,3668
1709899200,24.507,24.627,24.225,24.348,8684
1709913600,24.349,24.53,24.198,24.383,20672
1709928000,24.382,24.386,24.169,24.309,6582
1710115200,24.39,24.457,24.31,24.431,2115
1710129600,24.431,24.441,24.233,24.277,3059
1710144000,24.278,24.378,24.262,24.31,3374
1710158400,24.31,24.443,24.286,24.431,3314
1710172800,24.431,24.517,24.303,24.48,7879
1710187200,24.48,24.517,24.378,24.48,3971
1710201600,24.455,24.529,24.411,24.425,1346
1710216000,24.425,24.485,24.394,24.473,3178
1710230400,24.473,24.513,24.368,24.454,3885
1710244800,24.455,24.678,24.204,24.353,8018
1710259200,24.353,24.358,24.002,24.246,14021
1710273600,24.242,24.242,24.05,24.131,5303
1710288000,24.123,24.204,24.102,24.173,1705
1710302400,24.173,24.177,24.063,24.098,2622
1710316800,24.1,24.231,24.094,24.204,5788
1710331200,24.204,24.382,24.193,24.378,6773
1710345600,24.379,24.967,24.316,24.942,14305
1710360000,24.942,25.008,24.91,25.008,5078
1710374400,24.988,25.078,24.976,25.056,1181
1710388800,25.061,25.15,24.938,24.962,4822
1710403200,24.96,24.995,24.791,24.974,3989
1710417600,24.974,25.048,24.894,24.974,5345
1710432000,24.969,25.088,24.732,24.802,13804
1710446400,24.803,24.88,24.795,24.803,3611
1710460800,24.794,24.895,24.793,24.879,1003
1710475200,24.879,25.01,24.876,24.995,2824
1710489600,24.995,25.2,24.975,25.082,6941
1710504000,25.082,25.234,25.03,25.128,6953
1710518400,25.128,25.441,25.106,25.203,10586
1710532800,25.205,25.257,25.141,25.166,4800
1710720000,25.091,25.178,25.08,25.173,1310
1710734400,25.171,25.173,24.938,24.995,4597
1710748800,24.995,25.127,24.97,25.089,4515
1710763200,25.089,25.324,25.051,25.233,5229
1710777600,25.23,25.307,24.974,25.029,9680
1710792000,25.028,25.078,25.019,25.026,2470
1710806400,25.031,25.088,25.012,25.064,1213
1710820800,25.065,25.147,25.021,25.106,4495
1710835200,25.107,25.114,24.793,24.905,6714
1710849600,24.905,24.998,24.834,24.914,6260
1710864000,24.914,24.967,24.723,24.943,8725
1710878400,24.944,24.963,24.891,24.903,2609
1710892800,24.89,24.911,24.841,24.892,910
1710907200,24.892,24.992,24.862,24.874,2867
1710921600,24.875,24.924,24.763,24.834,4216
1710936000,24.834,24.877,24.739,24.782,4601
1710950400,24.787,25.042,24.77,24.913,9034
1710964800,24.913,25.634,24.863,25.543,15012
1710979200,25.571,25.727,25.535,25.626,5744
1710993600,25.622,25.769,25.59,25.627,7002
1711008000,25.626,25.743,25.419,25.451,6216
1711022400,25.452,25.563,25.336,25.377,7220
1711036800,25.377,25.394,24.638,24.799,14943
1711051200,24.799,24.844,24.728,24.732,3007
1711065600,24.749,24.824,24.725,24.811,1055
1711080000,24.812,24.816,24.5,24.528,5401
1711094400,24.529,24.607,24.4,24.588,6416
1711108800,24.593,24.737,24.527,24.69,5744
1711123200,24.692,24.942,24.628,24.672,10420
1711137600,24.673000000000002,24.728,24.621,24.667,3378
1711324800,24.678,24.723,24.614,24.623,1921
1711339200,24.623,24.883,24.594,24.682,5259
1711353600,24.678,24.744,24.551,24.684,5132
1711368000,24.684,24.762,24.649,24.733,4788
1711382400,24.733,24.849,24.687,24.769,6405
1711396800,24.769,24.775,24.648,24.659,1814
1711411200,24.629,24.708,24.623,24.688,1429
1711425600,24.684,24.693,24.588,24.646,4036
1711440000,24.645,24.654,24.496,24.632,4727
1711454400,24.632,24.887,24.625,24.729,6603
1711468800,24.728,24.793,24.363,24.486,10963
1711483200,24.484,24.525,24.396,24.411,3317
1711497600,24.433,24.475,24.397,24.425,938
1711512000,24.42,24.482,24.319,24.455,3661
1711526400,24.451,24.516,24.397,24.397,3940
1711540800,24.393,24.625,24.388,24.457,6637
1711555200,24.453,24.655,24.426,24.578,7304
1711569600,24.578,24.637,24.55,24.632,2470
1711584000,24.569,24.618,24.509,24.553,1406
1711598400,24.553,24.718,24.519,24.68,4074
1711612800,24.678,24.7,24.407,24.407,5025
1711627200,24.409,24.746,24.384,24.741,7319
1711641600,24.746,24.926,24.505,24.836,12477
1711656000,24.837,24.972,24.778,24.957,5392
1711929600,25.034,25.234,24.99,25.149,4842
1711944000,25.149,25.286,25.057,25.172,7554
1711958400,25.176,25.261,25.108,25.117,4577
1711972800,25.112,25.146,24.891,25.144,6022
1711987200,25.145,25.38,24.738,24.958,13126
1712001600,24.957,25.054,24.926,25.048,2593
1712016000,25.065,25.204,25.063,25.168,1812
1712030400,25.169,25.341,25.139,25.327,3510
1712044800,25.327,25.666,25.294,25.59,6287
1712059200,25.587,25.727,25.358,25.652,6636
1712073600,25.648,25.898,25.402,25.759,15589
1712088000,25.763,26.156,25.748,26.133,8164
1712102400,26.19,26.233,26.108,26.195,2814
1712116800,26.197,26.549,26.105,26.354,6846
1712131200,26.354,26.425,26.166,26.26,8117
1712145600,26.255,26.485,26.177,26.485,6799
1712160000,26.48,26.939,26.435,26.929,15916
1712174400,26.92,27.108,26.815,27.1,7706
1712188800,27.165,27.283,27.068,27.28,3716
1712203200,27.282,27.331,27.042,27.071,4691
1712217600,27.074,27.133,26.967,27.058,4866
1712232000,27.053,27.1,26.854,26.94,5648
1712246400,26.941,27.157,26.756,27.076,11678
1712260800,27.073,27.277,26.673000000000002,26.861,9035
1712275200,26.967,26.976,26.613,26.647,2757
1712289600,26.647,26.662,26.279,26.558,6474
1712304000,26.557,26.812,26.54,26.762,7703
1712318400,26.757,26.879,26.348,26.694,7713
1712332800,26.695,27.478,26.544,27.394,22768
1712347200,27.395,27.488,27.303,27.462,7401
1712534400,27.541,27.541,27.02,27.02,5529
1712548800,27.015,28.08,26.853,27.779,17973
1712563200,27.783,27.923000000000002,27.632,27.8,11868
1712577600,27.795,27.87,27.515,27.66,10410
1712592000,27.66,27.871,27.231,27.678,16940
1712606400,27.678,27.867,27.668,27.833,5726
1712620800,27.82,27.926,27.797,27.874,1745
1712635200,27.874,28.134,27.736,27.772,11884
1712649600,27.777,28.075,27.767,28.04,10522
1712664000,28.041,28.177,27.924,28.076,10128
1712678400,28.081,28.322,27.612,27.87,23189
1712692800,27.872,28.161,27.837,28.15,8673
1712707200,28.141,28.196,28.066,28.104,2028
1712721600,28.112,28.218,27.929,28.208,8409
1712736000,28.209,28.285,28.021,28.072,9718
1712750400,28.072,28.145,27.69,28.0,12438
1712764800,28.004,28.518,27.526,28.042,28127
1712779200,28.044,28.121,27.789,27.865,13053
1712793600,27.89,27.947,27.777,27.802,2815
1712808000,27.801,28.041,27.744,27.955,7967
1712822400,27.958,28.062,27.796,27.832,11652
1712836800,27.83,28.154,27.817,28.025,12558
1712851200,28.024,28.181,27.759,28.044,21186
1712865600,28.046,28.49,28.012,28.483,8925
1712880000,28.455,28.516,28.376,28.391,3368
1712894400,28.396,28.932,28.396,28.758,13821
1712908800,28.761,29.22,28.731,29.13,11687
1712923200,29.13,29.205,28.908,29.186,11511
1712937600,29.193,29.791,28.119,28.332,40339
1712952000,28.335,28.416,27.914,27.951,16669
1713139200,28.137,28.346,27.58,28.062,10290
1713153600,28.064,28.355,27.993,28.223,14023
1713168000,28.221,28.565,28.161,28.321,14887
1713182400,28.32,28.746,28.224,28.733,10632
1713196800,28.735,28.797,28.093,28.666,29849
1713211200,28.666,28.883,28.561,28.842,12543
1713225600,28.878,29.011,28.841,28.914,3554
1713240000,28.911,28.95,28.619,28.775,10814
1713254400,28.777,28.863,28.242,28.301,13220
1713268800,28.307,28.434,28.156,28.371,10570
1713283200,28.373,28.525,27.946,28.391,28190
1713297600,28.389,28.393,28.118,28.135,15550
1713312000,28.117,28.201,28.112,28.187,3435
1713326400,28.19,28.257,28.062,28.206,7301
1713340800,28.202,28.553,28.136,28.535,12830
1713355200,28.532,28.579,28.36,28.468,9832
1713369600,28.468,28.802,28.111,28.331,26905
1713384000,28.329,28.468,28.219,28.261,11138
1713398400,28.22,28.311,28.155,28.292,2888
1713412800,28.295,28.448,28.13,28.408,9497
1713427200,28.408,28.609,28.362,28.472,11192
1713441600,28.472,28.622,28.386,28.591,10638
1713456000,28.593,28.654,28.153,28.398,25026
1713470400,28.4,28.413,28.212,28.215,7768
1713484800,28.224,28.249,28.103,28.224,2366
1713499200,28.223,28.935,28.075,28.247,25994
1713513600,28.249,28.512,28.177,28.347,12709
1713528000,28.348,28.38,28.06,28.299,10539
1713542400,28.296,28.695,28.207,28.691,20530
1713556800,28.692,28.785,28.615,28.661,8330
1713744000,28.563,28.649,28.454,28.454,3948
1713758400,28.455,28.46,27.79,27.964,11485
1713772800,27.969,27.996,27.649,27.825,14467
1713787200,27.822,27.872,27.293,27.343,10918
1713801600,27.348,27.546,27.105,27.156,21083
1713816000,27.162,27.28,27.152,27.203,5269
1713830400,27.214,27.317,27.206,27.27,2681
1713844800,27.273,27.358,26.762,26.963,16394
1713859200,26.962,27.073,26.686,26.845,12596
1713873600,26.845,27.076,26.661,27.047,11173
1713888000,27.047,27.376,26.935,27.336,25606
1713902400,27.336,27.365,27.271,27.306,6202
1713916800,27.281,27.311,27.23,27.259,1915
1713931200,27.262,27.482,27.148,27.405,7483
1713945600,27.406,27.455,27.185,27.227,9734
1713960000,27.229,27.351,27.028,27.332,8087
1713974400,27.336,27.393,27.101,27.236,19726
1713988800,27.234,27.321,27.128,27.138,6381
1714003200,27.173,27.262,27.146,27.257,1736
1714017600,27.259,27.319,26.972,27.109,7763
1714032000,27.11,27.482,27.095,27.416,8042
1714046400,27.415,27.555,27.305,27.534,10562
1714060800,27.536,27.569,27.113,27.328,28798
1714075200,27.33,27.449,27.299,27.412,6002
1714089600,27.436,27.441,27.317,27.4,1829
1714104000,27.402,27.587,27.261,27.583,7643
1714118400,27.583,27.728,27.504,27.643,10379
1714132800,27.644,27.729,27.456,27.545,10264
1714147200,27.55,27.651,27.079,27.202,25836
1714161600,27.202,27.346,27.159,27.191,5058
1714348800,27.142,27.24,27.133,27.216,2495
1714363200,27.216,27.315,26.937,27.27,11896
1714377600,27.27,27.411,27.149,27.376,9064
1714392000,27.377,27.432,27.177,27.192,6651
1714406400,27.194,27.429,26.993,27.362,16794
1714420800,27.361,27.383,27.106,27.148,8456
1714435200,27.13,27.138,27.029,27.082,1935
1714449600,27.083,27.134,26.843,26.869,8460
1714464000,26.87,26.874,26.533,26.59,8800
1714478400,26.587,26.716,26.388,26.412,9587
1714492800,26.412,26.661,26.271,26.368,22182
1714507200,26.37,26.437,26.236,26.273,8594
1714521600,26.285,26.381,26.274,26.284,2149
1714536000,26.286,26.455,26.281,26.352,3381
1714550400,26.351,26.501,26.341,26.423,4699
1714564800,26.422,26.546,26.363,26.389,8323
1714579200,26.391,26.611,26.34,26.457,20885
1714593600,26.456,26.965,26.407,26.676,28467
1714608000,26.655,26.8,26.588,26.769,2745
1714622400,26.771,26.815,26.531,26.564,4328
1714636800,26.561,26.639,26.386,26.409,7157
1714651200,26.404,26.44,26.061,26.081,10557
1714665600,26.083,26.76,26.013,26.569,19331
1714680000,26.567,26.719,26.54,26.649,5200
1714694400,26.714,26.714,26.599,26.68,1728
1714708800,26.68,26.767,26.574,26.72,3929
1714723200,26.721,26.745,26.496,26.533,6450
1714737600,26.532,26.874,26.365,26.607,11026
1714752000,26.607,26.645,26.114,26.458,26725
1714766400,26.459,26.576999999999998,26.39,26.576,5023
1714953600,26.566,26.629,26.426,26.52,3054
1714968000,26.52,26.995,26.52,26.869,9415
1714982400,26.868,27.16,26.868,27.097,7451
1714996800,27.098,27.341,27.001,27.222,7071
1715011200,27.223,27.422,27.17,27.382,15508
1715025600,27.382,27.479,27.327,27.447,5741
1715040000,27.441,27.501,27.387,27.447,1863
1715054400,27.449,27.505,27.258,27.311,7068
1715068800,27.312,27.374,27.151,27.254,8101
1715083200,27.252,27.386,27.183,27.381,6347
1715097600,27.382,27.518,27.229,27.289,12343
1715112000,27.289,27.343,27.211,27.236,5313
1715126400,27.218,27.273,27.196,27.247,1566
1715140800,27.244,27.398,27.076,27.386,7335
1715155200,27.387,27.427,27.005,27.116,6798
1715169600,27.111,27.385,27.1,27.318,6357
1715184000,27.313,27.475,27.156,27.412,13088
1715198400,27.412,27.425,27.296,27.326,3279
1715212800,27.339,27.373,27.28,27.338,1220
1715227200,27.336,27.533,27.312,27.53,4643
1715241600,27.531,27.706,27.525,27.63,7109
1715256000,27.633,27.933,27.574,27.916,7630
1715270400,27.918,28.198,27.603,28.095,19323
1715284800,28.094,28.335,28.082,28.317,4960
1715299200,28.331,28.383,28.282,28.303,1830
1715313600,28.305,28.475,28.223,28.396,10022
1715328000,28.397,28.686,28.388,28.669,10628
1715342400,28.67,28.762,28.371,28.372,10377
1715356800,28.372,28.503,28.034,28.263,19387
1715371200,28.258,28.315,28.146,28.152,4040
1715558400,28.181,28.231,28.112,28.22,1892
1715572800,28.228,28.228,27.96,28.024,8058
1715587200,28.023,28.171,27.971,28.102,8320
1715601600,28.105,28.383,28.068,28.338,8290
1715616000,28.336,28.364,28.061,28.223,15971
1715630400,28.224,28.259,28.189,28.208,4512
1715644800,28.214,28.344,28.214,28.279,1516
1715659200,28.279,28.467,28.207,28.445,6133
1715673600,28.447,28.49,28.243,28.392,7831
1715688000,28.395,28.535,28.09,28.531,12771
1715702400,28.531,28.74,28.284,28.472,21248
1715716800,28.473,28.625,28.438,28.607,3989
1715731200,28.597,28.63,28.543,28.547,1771
1715745600,28.547,28.61,28.43,28.525,6789
1715760000,28.523,28.91,28.516,28.902,10107
1715774400,28.904,29.19,28.666,29.086,13050
1715788800,29.085,29.473,28.515,29.383,25786
1715803200,29.386,29.731,29.369,29.672,8024
1715817600,29.694,29.807,29.662,29.715,3930
1715832000,29.72,29.841,29.468,29.613,13331
1715846400,29.614,29.725,29.417,29.495,11059
1715860800,29.497,29.719,29.414,29.497,11900
1715875200,29.496,29.727,29.325,29.669,16960
1715889600,29.67,29.684,29.572,29.585,4192
1715904000,29.606,29.733,29.605,29.633,2083
1715918400,29.637,29.65,29.453,29.583,8529
1715932800,29.582,29.803,29.572,29.666,9686
1715947200,29.665,30.299,29.632,30.27,9042
1715961600,30.272,30.867,30.15,30.851,27852
1715976000,30.848,31.59,30.796,31.407,10877
1716163200,31.6,31.636,31.278,31.622,7857
1716177600,31.622,32.514,31.622,32.272,15951
1716192000,32.277,32.33,31.614,31.913,15795
1716206400,31.908,32.104,30.941,31.173,18002
1716220800,31.169,32.049,31.085,31.949,23978
1716235200,31.951999999999998,32.333,31.465,31.78,10943
1716249600,31.826,32.01,31.724,31.999,2762
1716264000,32.0,32.499,31.065,31.379,16025
1716278400,31.38,31.74,31.323,31.681,10482
1716292800,31.677,31.862,31.446,31.718,9006
1716307200,31.721,32.274,31.475,31.839,28044
1716321600,31.841,32.057,31.697,32.0,7496
1716336000,32.055,32.066,31.931,31.954,1850
1716350400,31.958,32.197,31.585,31.677,12610
1716364800,31.679,31.909,31.602,31.774,12301
1716379200,31.776,31.908,31.383,31.757,10139
1716393600,31.754,31.812,31.098,31.309,28416
1716408000,31.307,31.339,30.75,30.821,14400
1716422400,30.784,30.98,30.69,30.757,3660
1716436800,30.756,30.826999999999998,30.239,30.493,15003
1716451200,30.493,30.534,30.158,30.471,16964
1716465600,30.468,30.744,30.43,30.592,10864
1716480000,30.596,30.94,30.177,30.329,29475
1716494400,30.329,30.366,30.062,30.106,9469
1716508800,30.119,30.22,30.055,30.086,2520
1716523200,30.083,30.415,30.037,30.375,11870
1716537600,30.371,30.569,30.28,30.512,11662
1716552000,30.514,30.605,30.397,30.479,8191
1716566400,30.479,30.617,30.214,30.27,17285
1716580800,30.267,30.399,30.212,30.333,4271
1716768000,30.412,30.587,30.38,30.459,2889
1716782400,30.457,30.858,30.414,30.802,7997
1716796800,30.801,30.911,30.717,30.811,8708
1716811200,30.811,30.947,30.776,30.888,5045
1716825600,30.892,31.848,30.892,31.823,19821
1716840000,31.823,31.846,31.602,31.602,2481
1716854400,31.62,31.727,31.589,31.699,2321
1716868800,31.7,31.881,31.641,31.714,10879
1716883200,31.709,31.794,31.239,31.491,13744
1716897600,31.492,31.768,31.453,31.717,7867
1716912000,31.717,32.242,31.403,31.988,30580
1716926400,31.987,32.083,31.796,32.075,9806
1716940800,32.106,32.119,31.932,31.954,2435
1716955200,31.955,32.178,31.818,32.11,12083
1716969600,32.11,32.294,31.982,32.003,17036
1716984000,32.004,32.04,31.599,31.704,11691
1716998400,31.701,32.145,31.629,32.141,23603
1717012800,32.14,32.245,31.871,31.926,6536
1717027200,31.975,32.057,31.942,32.036,2890
1717041600,32.038,32.091,31.275,31.64,16609
1717056000,31.637,31.69,31.148,31.509,17220
1717070400,31.509,31.591,31.136,31.325,14704
1717084800,31.325,31.8,31.197,31.373,25147
1717099200,31.372,31.404,31.002,31.144,6550
1717113600,31.161,31.225,31.108,31.139,3200
1717128000,31.139,31.175,30.768,30.946,16093
1717142400,30.945,31.256,30.893,31.225,13537
1717156800,31.225,31.532,31.161,31.508,12146
1717171200,31.505,31.767,30.25,30.429,34526
1717185600,30.43,30.45,30.185,30.402,10156
1717372800,30.456,30.505,30.286,30.419,3619
1717387200,30.418,30.632,30.107,30.211,13138
1717401600,30.211,30.299,29.773,30.229,17383
1717416000,30.228,30.573,30.193,30.564,10116
1717430400,30.569,30.668,30.161,30.637,26206
1717444800,30.636,30.801,30.504,30.666,8139
1717459200,30.727,30.848,30.668,30.796,2468
1717473600,30.795,30.882,30.523,30.647,11663
1717488000,30.648,30.794,29.85,29.949,17437
1717502400,29.948,30.012,29.576999999999998,29.951,17007
1717516800,29.953,30.063,29.371,29.43,29576
1717531200,29.43,29.61,29.419,29.501,6834
1717545600,29.537,29.627,29.521,29.588,1906
1717560000,29.589,29.774,29.435,29.715,10922
1717574400,29.715,29.796,29.386,29.568,12590
1717588800,29.572,29.682,29.468,29.669,10913
1717603200,29.67,30.016,29.436,29.889,24926
1717617600,29.892,30.042,29.882,29.97,5340
1717632000,30.019,30.06,29.962,30.055,1576
1717646400,30.054,30.612,30.019,30.437,15231
1717660800,30.438,30.505,30.258,30.316,10442
1717675200,30.316,30.361,30.111,30.16,9356
1717689600,30.161,31.291,30.138,31.235,26682
1717704000,31.235,31.339,31.191,31.29,7132
1717718400,31.327,31.402,31.28,31.365,1972
1717732800,31.367,31.545,31.062,31.481,15046
1717747200,31.479,31.511,30.642,30.754,18046
1717761600,30.753,30.761,29.697,29.837,20062
1717776000,29.834,29.972,29.24,29.387,26084
1717790400,29.392,29.439,29.112,29.154,9321
1717977600,29.132,29.367,29.129,29.307,3693
1717992000,29.307,29.572,29.267,29.532,5908
1718006400,29.531,29.714,29.433,29.633,10571
1718020800,29.633,29.812,29.602,29.75,9208
1718035200,29.749,29.761,29.397,29.74,15735
1718049600,29.741,29.813,29.673000000000002,29.701999999999998,4346
1718064000,29.779,29.803,29.614,29.641,2139
1718078400,29.63,29.63,29.025,29.231,15783
1718092800,29.231,29.293,29.039,29.237,11215
1718107200,29.237,29.545,29.135,29.414,10116
1718121600,29.413,29.463,29.066,29.207,18970
1718136000,29.205,29.266,29.124,29.265,4543
1718150400,29.276,29.32,29.209,29.226,1743
1718164800,29.225,29.482,29.176,29.365,9481
1718179200,29.364,29.482,29.309,29.344,7620
1718193600,29.343,30.031,29.329,29.883,8253
1718208000,29.879,30.253,29.605,30.156,17171
1718222400,30.156,30.178,29.49,29.724,13621
1718236800,29.701999999999998,29.708,29.531,29.599,1830
1718251200,29.6,29.6,28.837,29.186,11259
1718265600,29.19,29.386,29.09,29.332,7935
1718280000,29.328,29.455,29.007,29.385,9005
1718294400,29.384,29.485,28.649,28.883,15989
1718308800,28.883,29.013,28.858,28.935,4273
1718323200,28.937,29.014,28.878,29.007,1283
1718337600,29.007,29.101,28.824,28.907,8462
1718352000,28.905,29.16,28.893,29.088,8434
1718366400,29.089,29.379,29.01,29.191,8776
1718380800,29.191,29.446,29.011,29.344,15109
1718395200,29.345,29.57,29.329,29.548000000000002,4653
1718582400,29.531,29.553,29.452,29.526,1373
1718596800,29.532,29.536,29.176,29.204,8290
1718611200,29.202,29.211,29.019,29.187,6750
1718625600,29.187,29.312,29.165,29.307,5211
1718640000,29.306,29.552,29.079,29.319,11641
1718654400,29.319,29.488,29.28,29.445,4421
1718668800,29.479,29.668,29.466,29.588,1644
1718683200,29.594,29.667,29.358,29.436,7534
1718697600,29.432,29.465,29.083,29.137,7065
1718712000,29.137,29.279,28.919,28.966,7953
1718726400,28.969,29.507,28.947,29.486,13672
1718740800,29.491,29.57,29.445,29.525,4085
1718755200,29.516,29.54,29.413,29.447,1101
1718769600,29.443,29.541,29.353,29.426,4349
1718784000,29.421,29.655,29.336,29.535,5477
1718798400,29.535,29.579,29.392,29.447,4797
1718812800,29.449,29.738,29.388,29.7,9097
1718827200,29.704,29.783,29.691,29.715,916
1718841600,29.745,29.841,29.735,29.841,1327
1718856000,29.845,30.367,29.832,30.36,8890
1718870400,30.36,30.485,30.158,30.173,8900
1718884800,30.168,30.393,30.081,30.11,7142
1718899200,30.11,30.762,30.018,30.733,14102
1718913600,30.732,30.782,30.666,30.717,4088
1718928000,30.718,30.834,30.695,30.823,1906
1718942400,30.823,30.845,30.464,30.607,8027
1718956800,30.602,30.672,30.233,30.448,8290
1718971200,30.448,30.563,30.157,30.165,6724
1718985600,30.149,30.317,29.537,29.622,17255
1719000000,29.621,29.625,29.462,29.53,4981
1719187200,29.518,29.52,29.34,29.449,1952
1719201600,29.45,29.637,29.34,29.547,9134
1719216000,29.548000000000002,29.722,29.482,29.686,6208
1719230400,29.687,29.703,29.504,29.578,5277
1719244800,29.578,29.711,29.428,29.523,11531
1719259200,29.521,29.611,29.456,29.552,3408
1719273600,29.57,29.583,29.457,29.509,1363
1719288000,29.509,29.57,29.246,29.535,8497
1719302400,29.535,29.656,29.433,29.573,7569
1719316800,29.568,29.654,29.386,29.561,6152
1719331200,29.562,29.562,28.843,28.864,16058
1719345600,28.864,28.925,28.837,28.888,3233
1719360000,28.933,28.978,28.811,28.839,2011
1719374400,28.837,28.981,28.688,28.9,8165
1719388800,28.908,29.005,28.775,28.974,7699
1719403200,28.979,29.068,28.781,28.862,7433
1719417600,28.86,28.951,28.566,28.902,16245
1719432000,28.901,28.949,28.719,28.758,4351
1719446400,28.75,28.767,28.675,28.748,1581
1719460800,28.747,28.825,28.684,28.777,5608
1719475200,28.78,28.865,28.684,28.852,7058
1719489600,28.852,29.228,28.839,29.152,9448
1719504000,29.151,29.249,28.859,28.92,19113
1719518400,28.92,28.981,28.854,28.97,4383
1719532800,28.943,29.008,28.856,28.858,1441
1719547200,28.857,29.142,28.766,29.014,10035
1719561600,29.014,29.295,29.011,29.261,8671
1719576000,29.259,29.511,29.224,29.484,8949
1719590400,29.483,29.621,29.083,29.25,20509
1719604800,29.25,29.291,29.061,29.131,4828
1719792000,29.092,29.152,28.979,29.05,2539
1719806400,29.049,29.167,28.962,29.03,8475
1719820800,29.025,29.225,28.951,29.212,8416
1719835200,29.209,29.345,29.156,29.206,6981
1719849600,29.206,29.476,29.13,29.295,19599
1719864000,29.295,29.453,29.228,29.444,3540
1719878400,29.451,29.476,29.377,29.387,1432
1719892800,29.387,29.473,29.257,29.29,6490
1719907200,29.288,29.427,29.231,29.348,7138
1719921600,29.348,29.561,29.2,29.556,7881
1719936000,29.552,29.818,29.312,29.347,21904
1719950400,29.346,29.556,29.34,29.512,3495
1719964800,29.536,29.598,29.53,29.535,1237
1719979200,29.534,29.739,29.469,29.716,6377
1719993600,29.714,30.18,29.636,30.08,9783
1720008000,30.081,30.587,30.012,30.474,10875
1720022400,30.466,30.669,30.226,30.494,23764
1720036800,30.493,30.559,30.416,30.487,3130
1720051200,30.441,30.545,30.439,30.525,1411
1720065600,30.522,30.582,30.356,30.43,6000
1720080000,30.429,30.434,30.199,30.418,7565
1720094400,30.415,30.424,30.254,30.268,4255
1720108800,30.266,30.525,30.251,30.429,9598
1720123200,30.428,30.43,30.366,30.393,621
1720137600,30.365,30.464,30.342,30.458,1922
1720152000,30.458,30.594,30.394,30.579,8225
1720166400,30.579,30.684,30.502,30.563,8635
1720180800,30.567,30.799,30.083,30.738,12099
1720195200,30.738,31.463,30.611,31.457,27730
1720209600,31.461,31.486,31.185,31.217,8231
1720396800,31.221,31.263,31.08,31.173,2734
1720411200,31.167,31.364,30.981,31.09,10197
1720425600,31.09,31.103,30.823,30.917,10138
1720440000,30.924,31.111,30.878,31.013,7307
1720454400,31.004,31.222,30.424,30.672,20485
1720468800,30.673000000000002,30.81,30.579,30.726,4951
1720483200,30.769,30.887,30.762,30.808,2230
1720497600,30.809,30.982,30.795,30.968,10060
1720512000,30.967,31.101,30.941,30.996,9309
1720526400,30.998,31.145,30.81,30.932,7919
1720540800,30.932,31.124,30.505,30.772,25616
1720555200,30.772,30.846,30.718,30.795,4751
1720569600,30.782,30.826,30.75,30.764,1345
1720584000,30.765,30.971,30.722,30.793,8596
1720598400,30.793,31.008,30.666,30.972,9200
1720612800,30.971,31.103,30.907,30.977,6896
1720627200,30.976,31.159,30.759,30.855,19779
1720641600,30.855,30.877,30.645,30.797,6153
1720656000,30.815,30.89,30.804,30.88,1314
1720670400,30.879,31.04,30.865,31.033,6578
1720684800,31.033,31.1,30.876,30.993,7474
1720699200,30.993,31.749,30.872,31.649,11398
1720713600,31.649,31.747,31.188,31.323,30239
1720728000,31.322,31.512,31.283,31.405,6312
1720742400,31.392,31.401,31.289,31.319,3410
1720756800,31.319,31.378,31.144,31.18,9096
1720771200,31.181,31.19,30.658,30.867,13714
1720785600,30.872,30.877,30.38,30.515,12960
1720800000,30.518,30.997,30.518,30.943,23609
1720814400,30.943,30.966,30.725,30.782,4658
1721001600,30.789,30.795,30.554,30.693,3630
1721016000,30.689,31.006,30.605,30.927,8942
1721030400,30.93,30.997,30.587,30.714,9766
1721044800,30.714,30.828,30.595,30.663,9257
1721059200,30.663,31.088,30.52,30.828,21501
1721073600,30.829,30.831,30.607,30.666,8285
1721088000,30.652,30.659,30.554,30.599,1820
1721102400,30.601,30.871,30.592,30.773,7884
1721116800,30.773,30.876,30.671,30.756,8900
1721131200,30.756,30.909,30.48,30.6,10981
1721145600,30.598,31.4,30.551,31.206,24733
1721160000,31.203,31.337,31.169,31.266,6497
1721174400,31.237,31.321,31.201,31.294,2652
1721188800,31.294,31.421,31.016,31.064,13096
1721203200,31.064,31.112,30.722,30.976,14033
1721217600,30.976,31.044,30.86,30.945,10842
1721232000,30.942,31.056,30.038,30.144,28757
1721246400,30.145,30.311,30.105,30.31,7501
1721260800,30.305,30.405,30.28,30.296,2410
1721275200,30.296,30.445,30.233,30.353,8970
1721289600,30.353,30.547,30.343,30.495,9943
1721304000,30.497,30.592,30.336,30.372,9207
1721318400,30.371,30.437,29.877,30.031,24403
1721332800,30.031,30.099,29.74,29.809,9011
1721347200,29.816,29.836,29.492,29.688,4361
1721361600,29.688,29.692,29.374,29.59,12266
1721376000,29.592,29.596,29.183,29.337,12755
1721390400,29.338,29.342,28.94,29.055,12069
1721404800,29.055,29.283,28.866,29.133,24123
1721419200,29.134,29.234,29.073,29.195,5883
1721606400,29.263,29.427,29.237,29.295,3289
1721620800,29.29,29.387,29.055,29.112,11357
1721635200,29.111,29.151,28.907,29.089,10834
1721649600,29.089,29.136,28.741,28.805,9694
1721664000,28.805,29.116,28.793,29.091,20355
1721678400,29.096,29.187,29.041,29.116,5331
1721692800,29.126,29.138,29.026,29.132,2068
1721707200,29.135,29.295,28.955,28.976,10985
1721721600,28.977,28.998,28.663,28.948,13745
1721736000,28.948,29.143,28.938,29.01,9391
1721750400,29.011,29.207,28.934,29.118,16835
1721764800,29.117,29.239,29.075,29.223,5001
1721779200,29.2,29.235,29.159,29.204,2052
1721793600,29.211,29.364,29.064,29.302,12101
1721808000,29.301,29.368,29.179,29.2,10655
1721822400,29.203,29.388,29.155,29.367,8070
1721836800,29.365,29.447,29.171,29.203,19678
1721851200,29.201,29.208,28.891,28.924,8512
1721865600,28.888,28.911,28.796,28.856,3800
1721880000,28.856,28.904,27.796,27.947,23367
1721894400,27.948,28.111,27.73,27.999,16794
1721908800,27.994,28.019,27.402,27.631,15925
1721923200,27.63,27.979,27.565,27.888,26730
1721937600,27.891,27.941,27.731,27.805,7945
1721952000,27.843,27.888,27.809,27.836,2046
1721966400,27.835,28.071,27.607,27.704,12781
1721980800,27.704,27.891,27.583,27.773,11365
1721995200,27.771,27.939,27.619,27.838,9341
1722009600,27.839,27.949,27.608,27.937,20418
1722024000,27.937,27.943,27.759,27.923000000000002,5528
1722211200,27.984,28.183,27.981,28.103,4376
1722225600,28.119,28.186,27.893,28.096,11846
1722240000,28.098,28.17,27.936,28.052,10378
1722254400,28.051,28.175,27.938,28.042,8523
1722268800,28.039,28.05,27.301,27.597,20890
1722283200,27.6,27.909,27.578,27.855,6335
1722297600,27.85,27.901,27.772,27.793,1749
1722312000,27.793,27.935,27.622,27.907,10521
1722326400,27.906,27.99,27.839,27.862,11236
1722340800,27.862,27.929,27.763,27.826,7083
1722355200,27.828,28.217,27.7,28.172,22533
1722369600,28.176,28.406,28.161,28.394,10068
1722384000,28.398,28.405,28.298,28.387,2349
1722398400,28.386,28.626,28.233,28.602,14635
1722412800,28.602,28.686,28.456,28.578,10907
1722427200,28.579,28.752,28.508,28.637,9197
1722441600,28.646,28.877,28.59,28.757,18899
1722456000,28.759,29.03,28.54,29.002,18195
1722470400,29.029,29.101,29.014,29.035,3237
1722484800,29.034,29.152,28.783,28.86,14007
1722499200,28.859,29.0,28.729,28.779,12947
1722513600,28.778,29.134,28.776,29.056,10490
1722528000,29.055,29.112,28.339,28.397,28113
1722542400,28.395,28.524,28.211,28.453,11203
1722556800,28.535,28.542,28.442,28.459,3789
1722571200,28.457,28.931,28.172,28.836,16301
1722585600,28.837,28.988,28.786,28.89,14343
1722600000,28.89,29.219,28.809,29.049,13366
1722614400,29.049,29.095,27.939,28.331,40238
1722628800,28.33,28.557,28.243,28.534,10931
1722816000,28.458,28.629,28.0,28.157,9673
1722830400,28.152,28.669,28.036,28.576999999999998,22008
1722844800,28.578,28.578,27.754,27.801,25149
1722859200,27.802,27.838,26.5,26.666,26943
1722873600,26.666,27.42,26.666,27.094,39500
1722888000,27.091,27.261,27.017,27.222,13737
1722902400,27.252,27.504,27.205,27.456,5576
1722916800,27.462,27.561,27.134,27.195,14842
1722931200,27.197,27.223,26.592,26.953,20894
1722945600,26.954,27.113,26.65,26.73,13036
1722960000,26.725,27.257,26.724,27.159,26298
1722974400,27.159,27.207,26.911,26.924,9093
1722988800,26.928,27.013,26.76,27.008,3896
1723003200,27.008,27.254,26.783,27.222,14424
1723017600,27.222,27.264,26.847,26.92,13562
1723032000,26.922,27.156,26.922,27.067,10189
1723046400,27.069,27.146,26.842,26.942,19501
1723060800,26.941,26.941,26.573,26.609,10744
1723075200,26.468,26.711,26.465,26.656,4290
1723089600,26.652,26.954,26.652,26.903,12494
1723104000,26.901,26.962,26.746,26.853,12108
1723118400,26.852,27.126,26.784,26.951,12247
1723132800,26.949,27.602,26.912,27.468,23621
1723147200,27.47,27.57,27.396,27.512,7938
1723161600,27.524,27.548000000000002,27.449,27.472,3456
1723176000,27.477,27.756,27.42,27.631,12510
1723190400,27.63,27.631,27.404,27.535,11799
1723204800,27.536,27.601,27.412,27.502,8376
1723219200,27.499,27.656,27.252,27.482,20488
1723233600,27.482,27.536,27.367,27.45,6296
1723420800,27.418,27.447,27.288,27.36,2676
1723435200,27.354,27.51,27.214,27.504,7717
1723449600,27.504,27.953,27.475,27.841,10046
1723464000,27.842,27.997,27.791,27.831,6758
1723478400,27.835,27.935,27.526,27.876,21038
1723492800,27.874,28.032,27.84,27.963,5733
1723507200,27.939,28.046,27.916,27.961,2348
1723521600,27.961,28.03,27.657,27.722,9888
1723536000,27.721,27.813,27.621,27.758,8223
1723550400,27.758,27.87,27.672,27.707,7918
1723564800,27.708,27.784,27.449,27.766,18273
1723579200,27.766,27.877,27.648,27.846,4881
1723593600,27.85,27.876,27.8,27.836,2471
1723608000,27.836,27.996,27.539,27.756,11759
1723622400,27.753,27.928,27.665,27.904,9092
1723636800,27.903,28.028,27.713,27.849,9757
1723651200,27.847,27.967,27.172,27.315,24613
1723665600,27.315,27.6,27.233,27.563,6582
1723680000,27.549,27.622,27.538,27.54,2017
1723694400,27.536,27.765,27.474,27.745,10275
1723708800,27.744,28.07,27.652,28.043,9645
1723723200,28.044,28.433,27.962,27.973,10537
1723737600,27.978,28.513,27.759,28.335,25450
1723752000,28.337,28.428,28.266,28.349,6574
1723766400,28.324,28.429,28.302,28.4,2076
1723780800,28.401,28.433,28.085,28.12,9794
1723795200,28.12,28.299,28.094,28.252,9478
1723809600,28.252,28.428,28.037,28.423,9159
1723824000,28.423,28.831,28.207,28.802,24098
1723838400,28.801,29.002,28.674,28.977,7593
1724025600,29.028,29.049,28.881,28.953,3681
1724040000,28.953,29.118,28.718,28.948,12681
1724054400,28.947,29.135,28.901,28.937,10919
1724068800,28.937,29.043,28.811,28.98,8301
1724083200,28.981,29.463,28.896,29.262,20486
1724097600,29.262,29.421,29.184,29.42,5414
1724112000,29.473,29.494,29.381,29.391,2124
1724126400,29.391,29.466,29.2,29.323,9433
1724140800,29.324,29.709,29.303,29.668,12149
1724155200,29.669,29.898,29.65,29.816,10153
1724169600,29.816,29.963,29.282,29.446,24438
1724184000,29.444,29.525,29.389,29.439,5156
1724198400,29.461,29.492,29.42,29.446,1785
1724212800,29.446,29.569,29.329,29.506,9352
1724227200,29.506,29.594,29.416,29.496,8596
1724241600,29.496,29.666,29.492,29.619,7120
1724256000,29.62,29.623,29.19,29.467,22350
1724270400,29.469,29.731,29.428,29.569,8189
1724284800,29.537,29.637,29.532,29.614,2062
1724299200,29.611,29.64,29.334,29.442,9817
1724313600,29.442,29.561,29.352,29.484,10749
1724328000,29.483,29.678,29.434,29.586,9410
1724342400,29.59,29.642,28.869,29.14,25020
1724356800,29.142,29.142,28.778,28.97,7529
1724371200,28.96,29.107,28.938,29.075,2016
1724385600,29.076,29.221,29.006,29.211,8561
1724400000,29.211,29.45,29.182,29.423,8553
1724414400,29.425,29.485,29.344,29.366,7676
1724428800,29.364,29.881,29.186,29.731,31419
1724443200,29.731,29.869,29.724,29.819,7254
1724630400,29.875,29.923000000000002,29.799,29.856,3954
1724644800,29.855,29.921,29.646,29.68,10502
1724659200,29.68,30.157,29.667,30.138,9991
1724673600,30.137,30.186,29.968,29.983,9343
1724688000,29.98,30.049,29.73,29.967,19070
1724702400,29.966,30.021,29.886,29.903,6491
1724716800,29.899,29.915,29.83,29.847,1764
1724731200,29.848,29.971,29.764,29.857,8766
1724745600,29.855,30.08,29.782,29.932,10310
1724760000,29.932,30.049,29.848,29.925,8539
1724774400,29.926,30.045,29.697,29.938,19107
1724788800,29.944,30.087,29.898,29.97,5656
1724803200,30.0,30.095,29.994,30.016,2313
1724817600,30.012,30.022,29.76,29.842,7717
1724832000,29.842,29.843,29.34,29.518,12602
1724846400,29.516,29.608,29.178,29.343,10065
1724860800,29.338,29.435,29.07,29.211,17205
1724875200,29.211,29.31,29.133,29.142,7032
1724889600,29.133,29.287,29.127,29.259,2180
1724904000,29.257,29.479,29.207,29.44,8820
1724918400,29.439,29.677,29.396,29.488,10423
1724932800,29.492,29.625,29.3,29.419,10293
1724947200,29.422,29.635,29.189,29.503,19629
1724961600,29.502,29.603,29.373,29.399,6823
1724976000,29.399,29.429,29.352,29.426,1914
1724990400,29.425,29.51,29.318,29.373,8797
1725004800,29.373,29.584,29.349,29.51,9530
1725019200,29.511,29.582,29.324,29.432,9213
1725033600,29.432,29.444,28.701,28.716,26311
1725048000,28.712,28.89,28.683,28.852,8088
1725235200,28.799,28.967,28.795,28.858,1763
1725249600,28.856,28.902,28.322,28.439,9791
1725264000,28.442,28.655,28.358,28.655,8899
1725278400,28.654,28.664,28.564,28.587,6113
1725292800,28.59,28.59,28.455,28.518,9418
1725307200,28.517,28.519,28.493,28.51,263
1725321600,28.52,28.563,28.46,28.474,1416
1725336000,28.473,28.563,28.28,28.44,9834
1725350400,28.439,28.506,28.331,28.44,10038
1725364800,28.441,28.486,28.152,28.342,11737
1725379200,28.342,28.386,27.705,27.943,26163
1725393600,27.94,28.067,27.921,28.035,5626
1725408000,28.029,28.071,27.982,27.994,2029
1725422400,27.994,28.069,27.871,28.059,8045
1725436800,28.059,28.067,27.768,27.79,10930
1725451200,27.791,28.21,27.788,28.09,10369
1725465600,28.094,28.352,28.029,28.238,20599
1725480000,28.235,28.254,28.094,28.225,5451
1725494400,28.222,28.274,28.204,28.247,1620
1725508800,28.248,28.405,28.204,28.245,7658
1725523200,28.245,28.774,28.203,28.701999999999998,11238
1725537600,28.707,28.864,28.599,28.783,11576
1725552000,28.782,29.178,28.655,28.731,24715
1725566400,28.731,28.851,28.685,28.803,5746
1725580800,28.821,28.855,28.785,28.799,1593
1725595200,28.801,28.859,28.668,28.84,7808
1725609600,28.839,28.898,28.7,28.783,10680
1725624000,28.784,29.111,28.667,28.963,12567
1725638400,28.963,28.974,27.681,27.81,37572
1725652800,27.807,27.959,27.734,27.914,12063
1725840000,27.969,28.021,27.91,27.911,2463
1725854400,27.911,28.115,27.764,28.021,11469
1725868800,28.021,28.141,27.696,28.09,12943
1725883200,28.092,28.238,28.078,28.132,6937
1725897600,28.129,28.352,28.04,28.332,18288
1725912000,28.334,28.358,28.235,28.342,5249
1725926400,28.351,28.357,28.277,28.317,1583
1725940800,28.32,28.407,28.23,28.269,8792
1725955200,28.268,28.498,28.219,28.336,10466
1725969600,28.335,28.548000000000002,28.269,28.536,8128
1725984000,28.537,28.548000000000002,28.026,28.271,22975
1725998400,28.27,28.44,28.242,28.391,5218
1726012800,28.401,28.437,28.333,28.342,1451
1726027200,28.343,28.571,28.302,28.467,10090
1726041600,28.464,28.868,28.445,28.776,12093
1726056000,28.78,28.842,28.407,28.558,12044
1726070400,28.557,28.742,28.063,28.619,27624
1726084800,28.619,28.728,28.535,28.684,7641
1726099200,28.712,28.729,28.655,28.658,1433
1726113600,28.658,28.784,28.525,28.735,10172
1726128000,28.737,28.905,28.716,28.798000000000002,10684
1726142400,28.797,29.161,28.709,29.057,11200
1726156800,29.054,29.794,28.962,29.772,28203
1726171200,29.774,29.906,29.693,29.89,9528
1726185600,29.889,29.977,29.86,29.971,2857
1726200000,29.973,30.056,29.842,29.986,11580
1726214400,29.985,30.156,29.875,30.137,11727
1726228800,30.133,30.206,29.933,30.2,9785
1726243200,30.2,30.916,30.182,30.83,22878
1726257600,30.829,30.829,30.536,30.721,8068
1726444800,30.761,30.994,30.714,30.825,3135
1726459200,30.825,31.008,30.819,30.985,4511
1726473600,30.984,31.093,30.753,30.935,9225
1726488000,30.932,31.002,30.839,30.981,9592
1726502400,30.98,31.021,30.587,30.786,18306
1726516800,30.787,30.851,30.709,30.736,4783
1726531200,30.731,30.772,30.668,30.678,1639
1726545600,30.675,30.876,30.673000000000002,30.736,4779
1726560000,30.736,30.876,30.705,30.779,6572
1726574400,30.78,30.85,30.615,30.801,11285
1726588800,30.804,30.987,30.571,30.612,20612
1726603200,30.611,30.72,30.507,30.671,7708
1726617600,30.687,30.779,30.561,30.58,1987
1726632000,30.579,30.726,30.342,30.406,12078
1726646400,30.406,30.643,30.343,30.601,10064
1726660800,30.603,30.669,30.534,30.621,7097
1726675200,30.62,30.673000000000002,30.31,30.468,17285
1726689600,30.467,31.229,29.699,30.044,31038
1726704000,30.066,30.274,30.006,30.22,4802
1726718400,30.22,30.445,29.903,30.443,17649
1726732800,30.442,31.197,30.426,31.118,17938
1726747200,31.117,31.291,30.938,30.988,15237
1726761600,30.984,31.137,30.616,31.086,26621
1726776000,31.089,31.124,30.786,30.795,8323
1726790400,30.769,30.866,30.746,30.859,1824
1726804800,30.862,31.138,30.725,31.058,12045
1726819200,31.058,31.303,30.996,31.253,13301
1726833600,31.254,31.43,31.095,31.383,10205
1726848000,31.381,31.408,30.897,31.303,28382
1726862400,31.302,31.312,31.034,31.145,9250
1727049600,31.154,31.162,31.044,31.054,1825
1727064000,31.052,31.181,30.945,31.099,9954
1727078400,31.1,31.127,30.352,30.426,15876
1727092800,30.425,30.856,30.425,30.836,10168
1727107200,30.836,31.013,30.622,30.752,24564
1727121600,30.749,30.822,30.638,30.666,6424
1727136000,30.693,30.718,30.644,30.659,1769
1727150400,30.659,31.115,30.656,31.089,13136
1727164800,31.089,31.181,30.675,30.921,16165
1727179200,30.919,30.998,30.755,30.918,10779
1727193600,30.917,32.208,30.869,32.184,30049
1727208000,32.184,32.26,31.992,32.109,11776
1727222400,32.131,32.181,32.07,32.137,2518
1727236800,32.138,32.278,31.855,31.924,17979
1727251200,31.922,31.962,31.685,31.875,15338
1727265600,31.875,31.998,31.725,31.768,9154
1727280000,31.769,32.245,31.561,31.625,27135
1727294400,31.624,31.852,31.614,31.794,7960
1727308800,31.8,31.941,31.797,31.912,1827
1727323200,31.914,31.967,31.747,31.876,11374
1727337600,31.871,32.22,31.797,32.217,14206
1727352000,32.217,32.707,32.157,32.342,18989
1727366400,32.34,32.45,31.739,31.974,33741
1727380800,31.973,32.201,31.955,32.027,9280
1727395200,32.019,32.057,31.86,31.909,2211
1727409600,31.906,31.984,31.67,31.925,15230
1727424000,31.925,31.993,31.575,31.788,17193
1727438400,31.785,32.23,31.701999999999998,32.09,12695
1727452800,32.093,32.289,31.398,31.619,32591
1727467200,31.62,31.665,31.351,31.646,10677
1727654400,31.731,31.835,31.646,31.657,4345
1727668800,31.655,31.843,31.242,31.582,16726
1727683200,31.583,31.71,31.381,31.501,12744
1727697600,31.507,31.507,31.045,31.353,13298
1727712000,31.354,31.375,30.929,31.273,21149
1727726400,31.273,31.282,30.875,31.139,11588
1727740800,31.127,31.289,31.108,31.271,1746
1727755200,31.272,31.367,31.214,31.361,4289
1727769600,31.361,31.478,31.254,31.379,9810
1727784000,31.379,31.452,31.27,31.432,10914
1727798400,31.433,31.846,31.302,31.596,29896
1727812800,31.596,31.626,31.303,31.401,12152
1727827200,31.397,31.408,31.29,31.329,2486
1727841600,31.329,31.446,31.133,31.184,6447
1727856000,31.181,31.576999999999998,30.991,31.455,11725
1727870400,31.454,31.707,31.39,31.664,10512
1727884800,31.665,32.3,31.454,31.632,25746
1727899200,31.632,31.858,31.593,31.83,7768
1727913600,31.822,31.891,31.726,31.773,1866
1727928000,31.773,31.808,31.559,31.561,7040
1727942400,31.56,31.727,31.406,31.512,11382
1727956800,31.512,31.621,31.432,31.517,13346
1727971200,31.52,32.153,31.48,32.126,25730
1727985600,32.129,32.208,32.012,32.012,7769
1728000000,32.031,32.073,31.972,32.044,1564
1728014400,32.043,32.234,31.981,32.177,5718
1728028800,32.18,32.268,31.964,32.003,8371
1728043200,32.003,32.174,31.497,31.668,12921
1728057600,31.669,32.955,31.666,32.139,34013
1728072000,32.139,32.247,32.035,32.191,8756
1728259200,32.273,32.33,32.131,32.165,3759
1728273600,32.168,32.293,32.041,32.083,8628
1728288000,32.085,32.085,31.815,31.933,10475
1728302400,31.937,32.007,31.409,31.48,12220
1728316800,31.481,31.913,31.475,31.826999999999998,20702
1728331200,31.826,31.835,31.635,31.684,6893
1728345600,31.639,31.72,31.609,31.666,2676
1728360000,31.662,31.772,31.012,31.438,20821
1728374400,31.439,31.562,30.994,31.212,18132
1728388800,31.213,31.45,31.014,31.16,13181
1728403200,31.159,31.288,30.117,30.267,32793
1728417600,30.267,30.714,30.214,30.664,9552
1728432000,30.656,30.728,30.552,30.555,2557
1728446400,30.541,30.741,30.456,30.513,13901
1728460800,30.515,30.761,30.404,30.633,14800
1728475200,30.633,30.773,30.5,30.513,9827
1728489600,30.513,30.68,30.213,30.4,23802
1728504000,30.401,30.548000000000002,30.364,30.488,7030
1728518400,30.491,30.591,30.435,30.58,1904
1728532800,30.578,30.65,30.349,30.529,12437
1728547200,30.527,30.615,30.442,30.51,10907
1728561600,30.51,30.806,30.398,30.688,12431
1728576000,30.687,31.182,30.572,30.954,29051
1728590400,30.957,31.177,30.906,31.142,9281
1728604800,31.111,31.181,31.089,31.129,1981
1728619200,31.13,31.343,31.064,31.328,9723
1728633600,31.329,31.335,31.055,31.131,9116
1728648000,31.133,31.452,31.103,31.232,9449
1728662400,31.235,31.618,31.205,31.574,20671
1728676800,31.574,31.624,31.45,31.542,6633
1728864000,31.051,31.3,30.913,31.278,3050
1728878400,31.275,31.359,30.896,31.335,10522
1728892800,31.332,31.544,31.325,31.439,9405
1728907200,31.438,31.499,31.109,31.189,9199
1728921600,31.189,31.522,31.016,31.157,20879
1728936000,31.156,31.307,31.087,31.182,5801
1728950400,31.224,31.289,31.159,31.159,2027
1728964800,31.158,31.309,31.095,31.099,9714
1728979200,31.099,31.205,30.753,31.171,13049
1728993600,31.17,31.293,30.891,30.979,10039
1729008000,30.975,31.683,30.967,31.552,25904
1729022400,31.554,31.596,31.451,31.484,7667
1729036800,31.482,31.514,31.406,31.468,1633
1729051200,31.467,31.673000000000002,31.445,31.653,9787
1729065600,31.654,31.854,31.565,31.838,13125
1729080000,31.837,31.926,31.775,31.916,10419
1729094400,31.913,32.171,31.556,31.753,26242
1729108800,31.752,31.802,31.663,31.667,4763
1729123200,31.694,31.819,31.688,31.816,1652
1729137600,31.814,31.915,31.494,31.608,12938
1729152000,31.606,31.689,31.358,31.615,13632
1729166400,31.615,31.882,31.545,31.696,11955
1729180800,31.696,32.015,31.307,31.618,30112
1729195200,31.619,31.708,31.531,31.656,7466
1729209600,31.7,31.797,31.688,31.723,1811
1729224000,31.721,32.166,31.708,32.029,13593
1729238400,32.031,32.172,31.794,32.016,14727
1729252800,32.017,32.33,32.004,32.307,10513
1729267200,32.306,32.892,32.165,32.889,26518
1729281600,32.889,33.751,32.873,33.735,13767
1729468800,33.862,33.945,33.555,33.569,5340
1729483200,33.571,34.109,33.516,34.013,17987
1729497600,34.012,34.132,33.795,34.008,13727
1729512000,34.009,34.212,33.907,34.196,13526
1729526400,34.197,34.267,33.453,33.843,30530
1729540800,33.843,33.903,33.571,33.792,9158
1729555200,33.796,33.894,33.794,33.817,1932
1729569600,33.818,34.184,33.786,34.18,12523
1729584000,34.182,34.254,33.917,34.234,12036
1729598400,34.234,34.521,34.121,34.508,13809
1729612800,34.508,34.822,34.256,34.801,28726
1729627200,34.802,34.86,34.646,34.832,9662
1729641600,34.803,34.827,34.66,34.663,2214
1729656000,34.656,34.75,34.439,34.726,10795
1729670400,34.723,34.836,34.507,34.663,12630
1729684800,34.662,34.691,34.283,34.336,12396
1729699200,34.337,34.338,33.423,33.66,33899
1729713600,33.66,33.699,33.463,33.69,10627
1729728000,33.671,33.851,33.646,33.831,2761
1729742400,33.832,33.932,33.736,33.919,11638
1729756800,33.922,34.276,33.883,34.22,12180
1729771200,34.219,34.297,33.905,34.077,12334
1729785600,34.078,34.247,33.231,33.582,30323
1729800000,33.583,33.692,33.571,33.66,8753
1729814400,33.654,33.683,33.605,33.681,1597
1729828800,33.681,33.784,33.376,33.45,11111
1729843200,33.451,33.582,33.185,33.207,13769
1729857600,33.206,33.524,33.08,33.485,13360
1729872000,33.488,34.012,33.406,33.593,27342
1729886400,33.593,33.712,33.546,33.65,9738
1730073600,33.414,33.692,33.337,33.52,5020
1730088000,33.521,33.521,33.219,33.313,13332
1730102400,33.314,33.705,33.265,33.48,11602
1730116800,33.483,33.595,33.295,33.587,9919
1730131200,33.586,33.981,33.529,33.789,23029
1730145600,33.79,33.826,33.563,33.681,7521
1730160000,33.672,33.731,33.603,33.726,1936
1730174400,33.73,34.096,33.707,33.938,12779
1730188800,33.941,34.12,33.709,34.11,12935
1730203200,34.112,34.248,34.001,34.008,12330
1730217600,34.008,34.54,33.986,34.258,29764
1730232000,34.258,34.468,34.237,34.445,9303
1730246400,34.425,34.516,34.409,34.441,2033
1730260800,34.443,34.47,34.143,34.195,11273
1730275200,34.194,34.357,34.099,34.166,12742
1730289600,34.165,34.29,33.941,34.038,12308
1730304000,34.036,34.123,33.404,33.84,29905
1730318400,33.841,33.968,33.691,33.77,9408
1730332800,33.713,33.843,33.704,33.841,1860
1730347200,33.84,33.892,33.532,33.549,10760
1730361600,33.547,33.752,33.493,33.512,10722
1730376000,33.511,33.67,33.364,33.411,12367
1730390400,33.411,33.417,32.499,32.604,33891
1730404800,32.604,32.823,32.601,32.672,11049
1730419200,32.655,32.733,32.639,32.669,1857
1730433600,32.668,32.814,32.617,32.778,9553
1730448000,32.782,32.875,32.552,32.832,9937
1730462400,32.833,32.951,32.669,32.806,13299
1730476800,32.805,33.118,32.476,32.576,29129
1730491200,32.575,32.621,32.324,32.422,9772
1730678400,32.306,32.659,32.281,32.559,7766
1730692800,32.558,32.773,32.453,32.773,8365
1730707200,32.773,32.853,32.566,32.818,10879
1730721600,32.819,32.871,32.54,32.779,12814
1730736000,32.779,32.847,32.281,32.522,22131
1730750400,32.523,32.542,32.445,32.452,5774
1730764800,32.443,32.457,32.333,32.386,5462
1730779200,32.384,32.519,32.238,32.437,10277
1730793600,32.437,32.67,32.405,32.609,10201
1730808000,32.609,32.84,32.554,32.743,11271
1730822400,32.743,32.912,32.573,32.644,20880
1730836800,32.643,32.686,32.566,32.656,6208
1730851200,32.642,32.722,32.262,32.552,12269
1730865600,32.552,32.58,32.014,32.244,23626
1730880000,32.245,32.366,31.444,32.298,26874
1730894400,32.298,32.301,30.935,31.05,25920
1730908800,31.041,31.418,30.821,31.092,30711
1730923200,31.091,31.274,31.06,31.155,9254
1730937600,31.19,31.24,30.902,31.035,9230
1730952000,31.033,31.184,30.859,31.126,11948
1730966400,31.125,31.227,30.925,31.099,13644
1730980800,31.099,31.669,31.026,31.622,16200
1730995200,31.622,31.879,31.56,31.812,23148
1731009600,31.81,32.148,31.592,31.991,16718
1731024000,32.038,32.06,31.729,31.806,7879
1731038400,31.806,31.856,31.636,31.736,12387
1731052800,31.735,31.752,31.314,31.52,17565
1731067200,31.521,31.823,31.362,31.733,16913
1731081600,31.738,31.844,31.235,31.337,25346
1731096000,31.336,31.369,31.184,31.288,6918
1731283200,31.291,31.418,31.166,31.249,7713
1731297600,31.253,31.329,31.095,31.249,9777
1731312000,31.25,31.393,31.168,31.343,12268
1731326400,31.343,31.556,30.602,30.661,17939
1731340800,30.657,30.77,30.418,30.52,22968
1731355200,30.52,30.74,30.49,30.687,5381
1731369600,30.664,30.781,30.606,30.713,6239
1731384000,30.712,30.722,30.257,30.29,12994
1731398400,30.288,30.462,30.181,30.27,17351
1731412800,30.27,30.758,30.233,30.748,17972
1731427200,30.749,30.769,30.488,30.6,22067
1731441600,30.605,30.813,30.584,30.699,6819
1731456000,30.674,30.96,30.638,30.929,7033
1731470400,30.931,31.037,30.853,30.922,10035
1731484800,30.917,30.99,30.782,30.953,11786
1731499200,30.954,31.141,30.788,30.905,15278
1731513600,30.904,31.057,30.425,30.575,27888
1731528000,30.573,30.632,30.276,30.324,8437
1731542400,30.329,30.421,30.153,30.18,8725
1731556800,30.18,30.225,30.035,30.082,12513
1731571200,30.081,30.11,29.672,29.812,16830
1731585600,29.813,30.276,29.72,30.154,18201
1731600000,30.15,30.546,30.089,30.513,23465
1731614400,30.515,30.644,30.371,30.455,11761
1731628800,30.437,30.522,30.307,30.364,6742
1731643200,30.361,30.559,30.336,30.338,9862
1731657600,30.338,30.481,30.212,30.337,13319
1731672000,30.338,30.812,30.293,30.559,18073
1731686400,30.559,30.81,30.264,30.302,27112
1731700800,30.302,30.381,30.173,30.23,7774
1731888000,30.298,30.66,30.297,30.564,9201
1731902400,30.564,30.72,30.541,30.589,9616
1731916800,30.589,30.763,30.509,30.752,12161
1731931200,30.753,31.005,30.694,30.917,12526
1731945600,30.918,31.263,30.892,31.161,17844
1731960000,31.161,31.173,31.006,31.154,5734
1731974400,31.14,31.264,31.125,31.258,5722
1731988800,31.257,31.429,31.224,31.318,10125
1732003200,31.317,31.527,31.183,31.38,16031
1732017600,31.38,31.447,31.189,31.302,15547
1732032000,31.302,31.333,31.041,31.179,20623
1732046400,31.18,31.3,31.133,31.208,5136
1732060800,31.214,31.326,31.122,31.176,6052
1732075200,31.176,31.256,31.09,31.132,8421
1732089600,31.13,31.133,30.841,30.848,13361
1732104000,30.848,31.232,30.8,31.114,12966
1732118400,31.115,31.21,30.943,31.037,15925
1732132800,31.038,31.051,30.766,30.853,7727
1732147200,30.847,31.088,30.843,31.031,6190
1732161600,31.031,31.241,30.969,31.183,8935
1732176000,31.182,31.303,30.989,31.131,12383
1732190400,31.135,31.146,30.902,31.014,13256
1732204800,31.015,31.137,30.636,30.884,22827
1732219200,30.884,30.904,30.739,30.778,6885
1732233600,30.775,30.906,30.731,30.847,6119
1732248000,30.846,31.017,30.769,30.886,11282
1732262400,30.887,31.401,30.877,31.239,17058
1732276800,31.242,31.393,30.999,31.091,17001
1732291200,31.094,31.318,30.938,31.258,21232
1732305600,31.256,31.31,31.194,31.309,6552
1732492800,31.325,31.467,31.02,31.07,10525
1732507200,31.069,31.16,30.581,30.631,15345
1732521600,30.632,30.842,30.514,30.795,13852
1732536000,30.794,30.863,30.684,30.754,13133
1732550400,30.757,30.767,30.056,30.16,25909
1732564800,30.157,30.377,30.145,30.287,7903
1732579200,30.304,30.314,29.981,30.246,13014
1732593600,30.247,30.409,30.223,30.349,9069
1732608000,30.35,30.445,30.112,30.441,11917
1732622400,30.442,30.691,30.432,30.53,13645
1732636800,30.528,30.576999999999998,30.284,30.454,18577
1732651200,30.452,30.52,30.294,30.435,7595
1732665600,30.438,30.442,30.261,30.355,5495
1732680000,30.352,30.598,30.347,30.544,7894
1732694400,30.545,30.701,30.466,30.505,9389
1732708800,30.504,30.583,30.372,30.561,9882
1732723200,30.565,30.57,29.967,30.041,18459
1732737600,30.041,30.115,29.994,30.078,4793
1732752000,30.094,30.156,29.633,29.873,7985
1732766400,29.874,29.916,29.733,29.862,8546
1732780800,29.862,30.05,29.809,29.983,8889
1732795200,29.984,30.209,29.981,30.208,7800
1732809600,30.21,30.288,30.145,30.264,7298
1732824000,30.262,30.271,30.196,30.196,863
1732838400,30.206,30.442,30.18,30.403,6132
1732852800,30.403,30.727,30.399,30.675,10208
1732867200,30.674,30.75,30.574,30.703,9509
1732881600,30.701999999999998,30.895,30.652,30.66,9897
1732896000,30.66,30.744,30.515,30.627,15644
1732910400,30.627,30.651,30.536,30.599,1923
1733097600,30.52,30.52,30.299,30.406,9470
1733112000,30.406,30.423,30.071,30.095,10266
1733126400,30.095,30.298,30.047,30.225,10731
1733140800,30.225,30.604,30.211,30.598,11846
1733155200,30.6,30.672,30.308,30.421,15411
1733169600,30.42,30.583,30.378,30.492,5591
1733184000,30.514,30.7,30.487,30.537,6202
1733198400,30.537,30.679,30.455,30.657,8069
1733212800,30.657,31.017,30.657,30.995,11677
1733227200,30.995,31.047,30.747,31.0,9665
1733241600,31.004,31.069,30.711,31.005,16931
1733256000,31.005,31.079,30.981,31.011,4778
1733270400,31.001,31.013,30.899,30.997,4886
1733284800,30.997,31.134,30.932,31.067,8750
1733299200,31.067,31.1,30.784,30.819,9953
1733313600,30.819,30.902,30.456,30.773,11635
1733328000,30.771,31.471,30.741,31.357,20582
1733342400,31.357,31.398,31.192,31.279,6898
1733356800,31.296,31.418,31.195,31.226,5052
1733371200,31.226,31.361,31.129,31.299,8118
1733385600,31.297,31.341,31.177,31.32,9328
1733400000,31.319,31.408,31.216,31.367,11009
1733414400,31.367,31.391,31.013,31.087,17898
1733428800,31.087,31.369,31.005,31.327,5580
1733443200,31.338,31.366,30.894,30.964,7448
1733457600,30.966,31.434,30.947,31.309,11263
1733472000,31.309,31.377,31.201,31.311,9252
1733486400,31.311,31.324,31.034,31.251,13555
1733500800,31.25,31.356,30.821,31.035,20709
1733515200,31.037,31.109,30.917,30.968,5026
1733702400,31.006,31.287,30.917,31.215,8918
1733716800,31.215,31.278,30.855,30.955,10179
1733731200,30.955,31.406,30.944,31.397,10972
1733745600,31.397,32.069,31.378,32.051,12600
1733760000,32.054,32.275,31.959,31.994,18642
1733774400,31.994,31.996,31.763,31.792,6831
1733788800,31.831,31.993,31.804,31.902,6538
1733803200,31.902,32.051,31.878,31.95,11291
1733817600,31.95,31.972,31.697,31.815,10500
1733832000,31.815,31.94,31.735,31.906,11931
1733846400,31.905,32.085,31.836,32.045,16020
1733860800,32.045,32.083,31.794,31.9,5189
1733875200,31.915,32.059,31.879,31.998,5922
1733889600,32.0,32.089,31.449,31.706,11253
1733904000,31.706,31.847,31.547,31.648,11537
1733918400,31.663,31.776,31.561,31.706,12018
1733932800,31.707,32.184,31.701999999999998,31.95,19339
1733947200,31.948,32.014,31.778,31.893,6265
1733961600,31.867,32.078,31.862,31.932,6286
1733976000,31.932,32.19,31.847,32.119,8393
1733990400,32.122,32.312,32.065,32.154,9643
1734004800,32.152,32.159,31.666,31.692,16004
1734019200,31.693,31.747,30.876,31.056,25918
1734033600,31.055,31.086,30.922,30.956,6310
1734048000,30.927,31.105,30.845,31.021,6829
1734062400,31.022,31.026,30.862,30.99,9028
1734076800,30.991,31.009,30.646,30.725,11680
1734091200,30.728,30.864,30.466,30.57,12671
1734105600,30.566,30.571,30.285,30.501,16526
1734120000,30.501,30.584,30.414,30.559,4741
1734307200,30.553,30.623,30.524,30.56,5324
1734321600,30.558,30.581,30.457,30.575,6489
1734336000,30.576,30.701999999999998,30.516,30.637,6912
1734350400,30.637,30.747,30.597,30.722,7684
1734364800,30.722,30.734,30.463,30.562,12275
1734379200,30.566,30.628,30.476,30.513,3383
1734393600,30.501,30.595,30.472,30.59,4488
1734408000,30.589,30.589,30.406,30.46,6421
1734422400,30.459,30.522,30.209,30.284,8674
1734436800,30.288,30.36,30.172,30.218,9717
1734451200,30.221,30.495,30.145,30.476,13252
1734465600,30.478,30.535,30.404,30.527,4904
1734480000,30.496,30.565,30.47,30.543,3757
1734494400,30.545,30.546,30.36,30.443,5550
1734508800,30.442,30.456,30.34,30.409,6531
1734523200,30.41,30.474,30.279,30.323,7477
1734537600,30.324,30.358,30.106,30.198,12608
1734552000,30.199,30.277,29.302,29.355,23318
1734566400,29.35,29.626,29.248,29.487,8375
1734580800,29.482,29.521,29.353,29.438,8259
1734595200,29.436,29.652,29.396,29.545,10460
1734609600,29.55,29.703,29.098,29.114,13684
1734624000,29.115,29.246,28.738,28.935,22763
1734638400,28.936,29.155,28.921,29.022,6417
1734652800,28.999,29.065,28.898,29.038,5917
1734667200,29.036,29.045,28.845,29.018,7491
1734681600,29.017,29.106,28.842,28.903,9230
1734696000,28.907,29.077,28.805,29.008,10716
1734710400,29.008,29.537,28.991,29.421,19804
1734724800,29.423,29.686,29.406,29.493,6745
1734912000,29.593,29.715,29.517,29.598,4736
1734926400,29.595,29.745,29.582,29.667,5978
1734940800,29.665,29.871,29.604,29.715,7774
1734955200,29.715,29.75,29.527,29.58,9016
1734969600,29.576999999999998,29.711,29.412,29.602,12299
1734984000,29.601,29.706,29.601,29.634,4186
1734998400,29.667,29.73,29.64,29.727,2729
1735012800,29.729,29.784,29.667,29.693,3695
1735027200,29.698,29.758,29.53,29.547,5570
1735041600,29.546,29.646,29.471,29.625,6746
1735056000,29.624,29.689,29.513,29.654,8131
1735070400,29.651,29.682,29.605,29.609,564
1735171200,29.663,29.745,29.644,29.673000000000002,2880
1735185600,29.674,29.719,29.56,29.568,4522
1735200000,29.567,29.673000000000002,29.498,29.67,4897
1735214400,29.669,29.84,29.647,29.773,6698
1735228800,29.776,29.866,29.57,29.649,9460
1735243200,29.648,29.81,29.646,29.776,4228
1735257600,29.677,29.839,29.667,29.798000000000002,3215
1735272000,29.797,29.89,29.739,29.802,6791
1735286400,29.801,29.872,29.628,29.632,6771
1735300800,29.631,29.694,29.336,29.458,8415
1735315200,29.457,29.584,29.329,29.38,12217
1735329600,29.377,29.441,29.312,29.348,4875
1735516800,29.42,29.472,29.317,29.427,3343
1735531200,29.427,29.475,29.337,29.458,4934
1735545600,29.463,29.523,29.311,29.418,7713
1735560000,29.417,29.514,29.087,29.092,6935
1735574400,29.095,29.266,28.793,28.966,14663
1735588800,28.967,29.042,28.917,28.937,5180
1735603200,28.945,28.999,28.896,28.965,3017
1735617600,28.965,29.02,28.809,28.826999999999998,4873
1735632000,28.826999999999998,29.0,28.786,28.975,6320
1735646400,28.977,29.021,28.782,28.879,7102
1735660800,28.88,29.011,28.772,28.836,12911
1735675200,28.84,28.922,28.801,28.887,4146
1735776000,28.959,29.303,28.936,29.208,6483
1735790400,29.212,29.361,29.203,29.347,7334
1735804800,29.345,29.393,29.162,29.294,7710
1735819200,29.294,29.443,29.177,29.305,8933
1735833600,29.306,29.588,29.264,29.501,16629
1735848000,29.502,29.583,29.375,29.555,6745
1735862400,29.546,29.632,29.484,29.535,4233
1735876800,29.535,29.637,29.503,29.565,7732
1735891200,29.566,29.767,29.53,29.69,8360
1735905600,29.689,29.865,29.671,29.855,7584
1735920000,29.854,29.891,29.538,29.561,15842
1735934400,29.563,29.708,29.55,29.603,4176
1736121600,29.654,29.746,29.616,29.63,5054
1736136000,29.63,29.707,29.404,29.496,6570
1736150400,29.495,29.797,29.495,29.764,7533
1736164800,29.765,30.339,29.725,29.88,17013
1736179200,29.883,30.162,29.559,30.039,21477
1736193600,30.04,30.066,29.864,29.938,5255
1736208000,29.938,30.083,29.871,30.04,3792
1736222400,30.04,30.167,29.96,30.121,6644
1736236800,30.123,30.226,30.052,30.193,6409
1736251200,30.191,30.38,30.114,30.364,8939
1736265600,30.364,30.372,29.982,30.117,18766
1736280000,30.116,30.128,30.008,30.033,5708
1736294400,30.043,30.149,30.032,30.109,3679
1736308800,30.109,30.131,29.98,30.106,5121
1736323200,30.106,30.213,30.0,30.208,8077
1736337600,30.208,30.245,29.996,30.151,10649
1736352000,30.151,30.342,29.806,29.982,16284
1736366400,29.982,30.147,29.93,30.107,7905
1736380800,30.104,30.15,30.021,30.084,3994
1736395200,30.084,30.182,30.018,30.133,5451
1736409600,30.132,30.288,30.06,30.249,7915
1736424000,30.249,30.472,30.239,30.315,8790
1736438400,30.315,30.42,29.999,30.15,8186
1736452800,30.15,30.182,30.066,30.096,2395
1736467200,30.11,30.203,30.069,30.193,3853
1736481600,30.193,30.31,30.173,30.263,5205
1736496000,30.263,30.377,30.171,30.306,7997
1736510400,30.31,30.434,29.848,30.322,11462
1736524800,30.322,30.652,30.257,30.406,22875
1736539200,30.406,30.447,30.298,30.398,7343
1736726400,30.426,30.493,30.24,30.283,5419
1736740800,30.283,30.379,30.091,30.185,7403
1736755200,30.186,30.374,30.006,30.011,10344
1736769600,30.011,30.05,29.56,29.714,14046
1736784000,29.714,29.846,29.495,29.663,15754
1736798400,29.661,29.694,29.538,29.602,5283
1736812800,29.621,29.753,29.589,29.625,5058
1736827200,29.625,29.701999999999998,29.544,29.625,6658
1736841600,29.626,29.866,29.506,29.703,8452
1736856000,29.703,29.911,29.657,29.763,9692
1736870400,29.763,29.969,29.647,29.794,14536
1736884800,29.791,29.912,29.735,29.883,4508
1736899200,29.894,29.9,29.747,29.748,3214
1736913600,29.748,29.883,29.73,29.851,6062
1736928000,29.851,30.136,29.82,30.101,7405
1736942400,30.101,30.321,29.861,30.307,10969
1736956800,30.309,30.621,30.158,30.587,18703
1736971200,30.586,30.745,30.541,30.626,4909
1736985600,30.663,30.762,30.553,30.721,6258
1737000000,30.721,30.732,30.595,30.633,8582
1737014400,30.633,30.908,30.633,30.829,9025
1737028800,30.828,30.885,30.515,30.776,11810
1737043200,30.777,30.968,30.633,30.884,17169
1737057600,30.882,30.899,30.756,30.785,6217
1737072000,30.788,30.822,30.722,30.795,4912
1737086400,30.799,30.835,30.593,30.621,8120
1737100800,30.621,30.712,30.458,30.485,8557
1737115200,30.487,30.661,30.135,30.19,11056
1737129600,30.19,30.459,30.126,30.329,15815
1737144000,30.329,30.372,30.123,30.321,5787
1737331200,30.288,30.341,30.117,30.181,5291
1737345600,30.181,30.435,30.119,30.37,6041
1737360000,30.369,30.427,30.263,30.267,6802
1737374400,30.269,30.403,29.988,30.244,10011
1737388800,30.25,30.621,30.247,30.479,15076
1737403200,30.479,30.557,30.428,30.471,1217
1737417600,30.524,30.637,30.197,30.46,8897
1737432000,30.452,30.728,30.452,30.638,8740
1737446400,30.638,30.679,30.335,30.472,9641
1737460800,30.472,30.633,30.43,30.508,9731
1737475200,30.508,30.825,30.499,30.747,13756
1737489600,30.747,30.846,30.729,30.841,5194
1737504000,30.801,30.901,30.726,30.812,5619
1737518400,30.811,30.94,30.729,30.922,6150
1737532800,30.922,30.935,30.758,30.926,9434
1737547200,30.926,30.948,30.678,30.801,8948
1737561600,30.8,30.837,30.56,30.815,13054
1737576000,30.815,30.901,30.79,30.799,4148
1737590400,30.797,30.855,30.659,30.678,4335
1737604800,30.679,30.729,30.573,30.638,5791
1737619200,30.638,30.71,30.409,30.549,7134
1737633600,30.546,30.608,30.089,30.245,11440
1737648000,30.245,30.495,30.098,30.463,14772
1737662400,30.463,30.483,30.389,30.43,4944
1737676800,30.43,30.679,30.425,30.66,4341
1737691200,30.66,30.824,30.66,30.804,9408
1737705600,30.804,30.943,30.736,30.834,8916
1737720000,30.834,31.021,30.799,30.925,8418
1737734400,30.926,30.985,30.538,30.687,15061
1737748800,30.688,30.718,30.552,30.604,4978
1737936000,30.507,30.614,30.308,30.324,6353
1737950400,30.324,30.393,30.148,30.247,7591
1737964800,30.247,30.491,30.104,30.451,9113
1737979200,30.45,30.602,30.328,30.4,11877
1737993600,30.4,30.46,29.698,29.987,16767
1738008000,29.987,30.237,29.977,30.194,6440
1738022400,30.228,30.236,30.052,30.097,5442
1738036800,30.096,30.146,29.991,30.08,5793
1738051200,30.079,30.122,29.874,30.1,7485
1738065600,30.102,30.294,30.082,30.181,7669
1738080000,30.181,30.451,30.078,30.371,12295
1738094400,30.376,30.485,30.334,30.393,4438
1738108800,30.42,30.469,30.396,30.418,2194
1738123200,30.418,30.485,30.338,30.35,3724
1738137600,30.358,30.529,30.28,30.424,6082
1738152000,30.422,30.691,30.409,30.586,9703
1738166400,30.586,30.98,30.582,30.74,15517
1738180800,30.74,30.897,30.578,30.806,15880
1738195200,30.839,30.89,30.796,30.824,2794
1738209600,30.823,30.899,30.804,30.835,4029
1738224000,30.835,31.066,30.811,31.034,7934
1738238400,31.034,31.375,30.959,31.368,9962
1738252800,31.369,31.725,31.305,31.57,19977
1738267200,31.57,31.661,31.43,31.631,9907
1738281600,31.619,31.674,31.385,31.42,3946
1738296000,31.42,31.595,31.087,31.428,6974
1738310400,31.428,31.641,31.373,31.615,8338
1738324800,31.615,31.704,31.506,31.646,9333
1738339200,31.646,31.673000000000002,31.314,31.505,18099
1738353600,31.505,31.521,31.168,31.302,15390
1738540800,31.362,31.434,30.687,30.947,8522
1738555200,30.947,30.96,30.676,30.927,10982
1738569600,30.927,31.263,30.876,31.14,11181
1738584000,31.14,31.413,31.114,31.292,9516
1738598400,31.292,31.668,30.957,31.47,28892
1738612800,31.465,31.623,31.44,31.562,10345
1738627200,31.578,31.606,31.473,31.594,3984
1738641600,31.594,31.627,31.352,31.463,6926
1738656000,31.462,31.692,31.382,31.634,7800
1738670400,31.634,31.9,31.58,31.867,10809
1738684800,31.867,32.335,31.834,32.329,18205
1738699200,32.329,32.373,32.046,32.099,6951
1738713600,32.141,32.196,31.936,32.052,7848
1738728000,32.052,32.316,32.036,32.29,7610
1738742400,32.291,32.473,32.17,32.464,8215
1738756800,32.464,32.539,32.041,32.115,9959
1738771200,32.118,32.532,32.09,32.516,17625
1738785600,32.516,32.535,32.202,32.304,7813
1738800000,32.322,32.416,32.288,32.378,4826
1738814400,32.378,32.404,32.194,32.287,6372
1738828800,32.288,32.352,31.789,32.044,8882
1738843200,32.044,32.122,31.904,32.019,9357
1738857600,32.019,32.224,31.743,32.219,14085
1738872000,32.219,32.27,32.162,32.207,5917
1738886400,32.203,32.273,32.187,32.259,3842
1738900800,32.258,32.302,32.134,32.141,5196
1738915200,32.141,32.407,32.129,32.324,6428
1738929600,32.324,32.344,31.944,32.243,9396
1738944000,32.243,32.644,31.891,31.998,24844
1738958400,31.998,32.064,31.779,31.791,8539
1739145600,31.719,32.024,31.707,31.895,6495
1739160000,31.891,32.08,31.836,32.007,6002
1739174400,32.007,32.306,31.97,32.301,6480
1739188800,32.301,32.333,32.061,32.11,8343
1739203200,32.11,32.249,31.906,32.008,13795
1739217600,32.008,32.12,31.971,32.038,4178
1739232000,32.05,32.234,32.027,32.09,5087
1739246400,32.093,32.212,31.631,31.967,10069
1739260800,31.967,32.041,31.67,31.742,8992
1739275200,31.742,31.81,31.25,31.528,11399
1739289600,31.528,31.957,31.501,31.906,12904
1739304000,31.906,31.958,31.793,31.799,4338
1739318400,31.839,31.845,31.665,31.766,4183
1739332800,31.766,31.934,31.732,31.791,7005
1739347200,31.791,31.936,31.713,31.733,7332
1739361600,31.733,32.008,31.514,31.993,11590
1739376000,31.995,32.358,31.844,32.345,17631
1739390400,32.345,32.355,32.149,32.206,6685
1739404800,32.233,32.327,32.165,32.224,4775
1739419200,32.223,32.382,32.18,32.311,7224
1739433600,32.311,32.394,32.197,32.272,8592
1739448000,32.272,32.336,32.041,32.059,10581
1739462400,32.056,32.251,31.992,32.152,13795
1739476800,32.152,32.412,32.097,32.332,7679
1739491200,32.316,32.484,32.286,32.465,5227
1739505600,32.465,32.652,32.382,32.652,7790
1739520000,32.652,33.288,32.631,33.268,11487
1739534400,33.268,33.385,32.983,33.056,13989
1739548800,33.058,33.277,32.252,32.403,24550
1739563200,32.406,32.44,32.06,32.124,7022
1739750400,32.205,32.337,31.91,32.325,6999
1739764800,32.323,32.478,32.134,32.135,6902
1739779200,32.135,32.464,31.978,32.443,8043
1739793600,32.443,32.491,32.187,32.228,7755
1739808000,32.228,32.399,32.206,32.346,6382
1739822400,32.345,32.423,32.315,32.35,905
1739836800,32.403,32.409,32.112,32.141,4101
1739851200,32.141,32.483,32.069,32.334,8734
1739865600,32.334,32.525,32.317,32.495,8498
1739880000,32.494,32.548,32.384,32.463,8586
1739894400,32.466,32.909,32.452,32.78,15456
1739908800,32.78,32.885,32.741,32.874,5180
1739923200,32.894,32.942,32.695,32.786,4669
1739937600,32.786,32.819,32.462,32.807,8459
1739952000,32.807,33.003,32.756,32.984,7790
1739966400,32.983,33.073,32.799,32.825,9958
1739980800,32.822,32.855,32.441,32.627,17487
1739995200,32.627,32.775,32.551,32.701,6456
1740009600,32.716,32.798,32.613,32.655,4292
1740024000,32.655,32.879,32.633,32.878,6882
1740038400,32.876,33.109,32.832,33.104,6799
1740052800,33.104,33.204,32.9,32.97,10669
1740067200,32.969,33.104,32.78,33.024,16368
1740081600,33.023,33.062,32.829,32.911,5684
1740096000,32.974,33.076,32.855,32.878,5389
1740110400,32.878,33.047,32.732,32.85,9089
1740124800,32.85,33.002,32.675,32.894,10383
1740139200,32.894,33.007,32.801,32.919,9241
1740153600,32.922,33.014,32.506,32.662,17303
1740168000,32.662,32.778,32.504,32.55,8123
1740355200,32.651,32.705,32.344,32.482,6862
1740369600,32.479,32.755,32.412,32.578,10295
1740384000,32.577,32.691,32.46,32.538,10851
1740398400,32.539,32.664,32.418,32.65,9754
1740412800,32.649,32.725,32.087,32.273,17974
1740427200,32.276,32.413,32.261,32.335,5487
1740441600,32.374,32.473,32.238,32.47,4770
1740456000,32.47,32.482,32.254,32.276,7572
1740470400,32.276,32.37,32.026,32.194,9517
1740484800,32.194,32.267,31.713,31.983,11888
1740499200,31.983,32.188,31.285,31.54,24579
1740513600,31.541,31.777,31.433,31.717,10800
1740528000,31.768,31.815,31.685,31.712,6103
1740542400,31.71,31.814,31.677,31.744,8857
1740556800,31.744,31.92,31.576999999999998,31.77,8799
1740571200,31.771,31.849,31.645,31.684,8824
1740585600,31.684,31.947,31.485,31.896,17808
1740600000,31.897,31.928,31.724,31.836,7768
1740614400,31.881,31.933,31.833,31.871,4945
1740628800,31.871,31.874,31.521,31.613,7902
1740643200,31.613,31.86,31.606,31.783,10467
1740657600,31.783,31.911,31.71,31.768,11648
1740672000,31.765,31.839,31.269,31.451,18669
1740686400,31.451,31.529,31.174,31.259,8984
1740700800,31.255,31.37,31.209,31.289,5644
1740715200,31.288,31.392,31.139,31.246,9956
1740729600,31.249,31.269,30.995,31.138,8804
1740744000,31.138,31.205,30.994,31.003,9371
1740758400,31.004,31.197,30.812,30.979,17393
1740772800,30.979,31.159,30.92,31.134,8597
1740960000,31.199,31.38,31.12,31.331,6713
1740974400,31.331,31.403,31.161,31.228,6162
1740988800,31.224,31.424,31.111,31.409,8093
1741003200,31.41,31.707,31.373,31.673000000000002,9237
1741017600,31.672,31.834,31.582,31.717,16295
1741032000,31.713,31.798000000000002,31.48,31.681,12774
1741046400,31.662,31.717,31.528,31.56,5461
1741060800,31.56,31.748,31.484,31.695,6676
1741075200,31.695,31.906,31.623,31.866,9771
1741089600,31.865,31.987,31.763,31.843,11220
1741104000,31.843,31.92,31.464,31.725,21162
1741118400,31.725,32.007,31.701999999999998,31.973,9730
1741132800,31.981,31.981,31.771,31.794,5455
1741147200,31.798000000000002,32.124,31.774,32.118,8666
1741161600,32.118,32.361,32.086,32.327,10193
1741176000,32.327,32.408,31.936,32.105,13653
1741190400,32.105,32.593,31.982,32.585,22826
1741204800,32.586,32.701,32.446,32.606,10075
1741219200,32.689,32.704,32.485,32.599,4879
1741233600,32.598,32.686,32.478,32.544,6543
1741248000,32.543,32.646,32.252,32.326,11155
1741262400,32.326,32.457,32.283,32.375,11912
1741276800,32.375,32.755,32.335,32.627,19407
1741291200,32.628,32.758,32.576,32.614,10744
1741305600,32.676,32.702,32.448,32.475,5119
1741320000,32.475,32.635,32.426,32.571,7136
1741334400,32.571,32.67,32.518,32.651,7573
1741348800,32.651,32.654,32.244,32.333,11218
1741363200,32.332,32.607,32.1,32.264,26237
1741377600,32.264,32.531,32.255,32.511,10211
1741564800,32.514,32.637,32.464,32.55,5182
1741579200,32.552,32.658,32.318,32.422,8643
1741593600,32.422,32.614,32.325,32.365,9954
1741608000,32.365,32.619,32.335,32.54,12887
1741622400,32.543,32.543,32.105,32.126,21324
1741636800,32.125,32.143,31.931,32.09,13792
1741651200,32.105,32.105,31.883,31.94,4134
1741665600,31.945,32.206,31.801,32.194,10879
1741680000,32.194,32.411,32.018,32.406,9687
1741694400,32.406,32.56,32.406,32.524,8472
1741708800,32.524,32.937,32.42,32.744,21776
1741723200,32.745,32.964,32.684,32.93,11997
1741737600,32.969,32.987,32.762,32.775,3183
1741752000,32.773,32.849,32.725,32.745,7460
1741766400,32.746,33.038,32.695,33.034,9480
1741780800,33.042,33.211,32.966,33.133,11075
1741795200,33.134,33.238,32.88,33.201,21117
1741809600,33.198,33.316,33.179,33.183,8122
1741824000,33.245,33.313,33.218,33.299,2193
1741838400,33.299,33.307,33.13,33.141,6769
1741852800,33.141,33.152,32.926,33.031,8298
1741867200,33.027,33.214,32.981,33.04,9075
1741881600,33.04,33.958,32.97,33.741,24187
1741896000,33.741,33.872,33.624,33.86,11674
1741910400,33.839,33.914,33.676,33.684,3157
1741924800,33.684,33.951,33.672,33.844,8727
1741939200,33.845,33.984,33.768,33.975,9073
1741953600,33.975,34.078,33.723,34.021,11139
1741968000,34.021,34.033,33.526,33.749,19738
1741982400,33.749,33.816,33.639,33.754,6948
1742169600,33.835,33.854,33.733,33.847,3708
1742184000,33.844,33.895,33.685,33.693,7645
1742198400,33.693,33.851,33.652,33.74,6261
1742212800,33.74,33.862,33.46,33.571,8469
1742227200,33.575,33.791,33.434,33.684,15686
1742241600,33.684,33.881,33.684,33.866,5386
1742256000,33.853,33.89,33.738,33.868,2767
1742270400,33.865,33.937,33.799,33.919,8778
1742284800,33.919,34.106,33.853,34.096,6780
1742299200,34.101,34.221,34.011,34.197,8921
1742313600,34.198,34.235,33.858,34.11,18868
1742328000,34.11,34.145,33.901,34.003,8284
1742342400,33.987,34.011,33.925,33.966,2479
1742356800,33.963,34.066,33.864,34.008,6570
1742371200,34.008,34.087,33.644,33.696,10076
1742385600,33.695,33.937,33.558,33.756,7360
1742400000,33.757,33.855,33.46,33.548,16106
1742414400,33.548,33.943,33.469,33.795,13779
1742428800,33.834,33.916,33.807,33.865,3029
1742443200,33.864,33.944,33.77,33.851,8223
1742457600,33.851,33.93,33.469,33.56,7881
1742472000,33.56,33.619,33.1,33.434,12351
1742486400,33.435,33.519,33.218,33.428,15927
1742500800,33.427,33.584,33.386,33.556,6014
1742515200,33.532,33.553,33.436,33.448,1845
1742529600,33.45,33.506,33.112,33.14,6699
1742544000,33.14,33.221,32.947,33.062,9153
1742558400,33.062,33.24,32.939,33.082,7889
1742572800,33.082,33.248,32.653,33.007,19915
1742587200,33.006,33.05,32.848,33.004,6558
1742774400,33.033,33.091,32.942,32.955,2682
1742788800,32.955,33.181,32.938,33.172,7634
1742803200,33.172,33.303,33.078,33.246,7258
1742817600,33.248,33.259,33.06,33.086,8174
1742832000,33.085,33.235,32.914,32.955,12280
1742846400,32.955,33.039,32.886,33.016,5199
1742860800,33.012,33.037,32.916,33.023,1696
1742875200,33.023,33.144,33.001,33.123,5679
1742889600,33.123,33.29,33.089,33.284,5531
1742904000,33.284,33.536,33.225,33.482,7320
1742918400,33.482,33.794,33.417,33.605,13916
1742932800,33.612,33.727,33.564,33.726,4762
1742947200,33.726,33.745,33.629,33.654,2009
1742961600,33.654,33.807,33.585,33.607,7542
1742976000,33.607,33.797,33.546,33.644,6359
1742990400,33.644,33.92,33.625,33.847,6742
1743004800,33.847,33.858,33.51,33.674,12821
1743019200,33.673,33.692,33.498,33.621,5414
1743033600,33.641,33.712,33.586,33.688,3473
1743048000,33.687,33.76,33.597,33.678,6508
1743062400,33.678,33.778,33.631,33.736,7758
1743076800,33.736,34.16,33.646,34.059,10123
1743091200,34.062,34.4,33.702,34.273,19404
1743105600,34.278,34.462,34.237,34.377,7267
1743120000,34.395,34.47,34.381,34.408,3386
1743134400,34.404,34.488,34.161,34.316,10097
1743148800,34.316,34.492,34.252,34.488,10359
1743163200,34.488,34.567,34.352,34.52,9246
1743177600,34.52,34.573,33.979,34.023,22357
1743192000,34.023,34.135,33.919,34.112,8323
1743379200,34.126,34.237,33.929,33.953,4870
1743393600,33.954,34.373,33.882,34.347,12417
1743408000,34.347,34.467,34.216,34.217,11527
1743422400,34.218,34.232,33.997,34.133,11166
1743436800,34.133,34.146,33.502,33.903,23383
1743451200,33.899,34.087,33.887,34.064,7581
1743465600,34.059,34.109,33.956,34.082,3400
1743480000,34.082,34.201,33.945,34.151,10054
1743494400,34.151,34.152,33.817,34.021,10714
1743508800,34.02,34.082,33.767,33.949,8789
1743523200,33.955,33.99,33.465,33.577,22835
1743537600,33.577,33.723,33.536,33.678,7335
1743552000,33.699,33.724,33.595,33.676,3745
1743566400,33.675,33.9,33.658,33.816,7524
1743580800,33.816,34.005,33.632,33.959,8498
1743595200,33.959,34.047,33.666,33.764,9784
1743609600,33.755,34.029,33.671,33.904,17970
1743624000,33.904,34.109,33.694,33.959,13463
1743638400,33.236,33.905,33.22,33.518,11794
1743652800,33.527,33.954,33.208,33.245,14824
1743667200,33.246,33.314,32.968,33.063,14986
1743681600,33.066,33.066,31.797,32.048,19848
1743696000,32.048,32.425,31.743,31.925,27005
1743710400,31.926,32.071,31.709,31.799,10761
1743724800,31.846,31.985,31.818,31.875,5419
1743739200,31.877,31.96,31.396,31.454,10836
1743753600,31.454,31.687,31.156,31.378,12394
1743768000,31.381,31.544,30.79,30.866,22565
1743782400,30.865,30.909,29.359,29.583,29799
1743796800,29.583,29.797,29.18,29.553,16793
1743984000,29.011,29.123,28.324,28.899,9002
1743998400,28.899,30.809,28.726,30.245,22008
1744012800,30.242,30.403,29.712,30.28,20663
1744027200,30.284,30.522,29.874,30.203,22747
1744041600,30.191,30.589,29.711,29.73,35263
1744056000,29.733,30.092,29.585,30.07,19803
1744070400,30.075,30.114,29.857,29.868,6112
1744084800,29.864,30.188,29.83,30.151,12356
1744099200,30.151,30.281,29.998,30.262,14339
1744113600,30.262,30.432,30.064,30.216,13428
1744128000,30.216,30.532,29.83,29.84,25435
1744142400,29.845,30.067,29.615,29.771,18895
1744156800,29.771,29.815,29.373,29.572,6771
1744171200,29.57,29.946,29.328,29.891,13877
1744185600,29.891,30.425,29.767,30.38,14575
1744200000,30.378,30.663,30.069,30.274,16801
1744214400,30.274,30.547,30.169,30.435,22611
1744228800,30.436,31.036,30.293,30.978,26595
1744243200,30.943,31.1,30.799,31.055,6194
1744257600,31.055,31.194,30.851,31.175,13429
1744272000,31.175,31.304,30.721,30.909,13186
1744286400,30.909,31.019,30.687,30.868,14317
1744300800,30.868,31.198,30.565,30.903,29837
1744315200,30.901,31.238,30.745,31.147,18535
1744329600,31.224,31.351,31.078,31.18,8456
1744344000,31.172,31.351,30.904,31.305,13214
1744358400,31.305,31.491,31.147,31.347,16777
1744372800,31.346,31.563,31.212,31.51,17906
1744387200,31.51,32.268,31.457,31.942,26543
1744401600,31.951999999999998,32.275,31.951999999999998,32.239,12339
1744588800,32.156,32.198,31.913,31.917,6500
1744603200,31.917,32.053,31.807,31.931,11691
1744617600,31.931,32.319,31.815,32.3,11866
1744632000,32.3,32.385,32.093,32.131,14260
1744646400,32.135,32.193,31.735,32.028,20093
1744660800,32.029,32.367,32.02,32.341,8479
1744675200,32.367,32.367,32.163,32.199,3573
1744689600,32.198,32.353,32.141,32.348,9436
1744704000,32.348,32.402,32.2,32.308,11075
1744718400,32.308,32.382,32.205,32.353,10499
1744732800,32.353,32.353,32.089,32.242,15559
1744747200,32.242,32.364,32.223,32.299,6223
1744761600,32.268,32.459,32.261,32.444,6462
1744776000,32.444,32.493,32.277,32.451,11073
1744790400,32.451,33.105,32.368,32.92,15437
1744804800,32.922,33.067,32.79,32.853,12418
1744819200,32.853,32.984,32.659,32.958,18136
1744833600,32.961,33.004,32.712,32.741,12550
1744848000,32.801,32.936,32.736,32.886,5922
1744862400,32.884,32.908,32.132,32.599,12316
1744876800,32.6,32.627,32.244,32.421,11867
1744891200,32.42,32.532,32.261,32.525,10437
1744905600,32.525,32.634,32.078,32.482,21628
1744920000,32.483,32.567,32.344,32.521,8366
1745193600,32.485,32.654,32.421,32.593,6381
1745208000,32.593,32.791,32.549,32.753,10649
1745222400,32.753,32.96,32.644,32.824,8755
1745236800,32.826,33.038,32.759,33.02,9825
1745251200,33.021,33.044,32.581,32.635,20033
1745265600,32.635,32.75,32.476,32.692,8896
1745280000,32.696,32.783,32.609,32.646,6574
1745294400,32.646,32.894,32.523,32.853,14269
1745308800,32.854,32.901,32.273,32.343,16019
1745323200,32.343,32.88,32.339,32.602,13078
1745337600,32.602,33.144,32.513,32.799,27455
1745352000,32.802,32.966,32.442,32.464,14308
1745366400,32.412,32.695,32.091,32.682,9177
1745380800,32.682,32.865,32.546,32.765,14406
1745395200,32.765,32.916,32.618,32.914,12871
1745409600,32.914,33.024,32.727,32.867,13113
1745424000,32.869,33.664,32.671,33.57,29066
1745438400,33.57,33.665,33.466,33.562,9777
1745452800,33.615,33.671,33.56,33.639,5435
1745467200,33.638,33.679,33.245,33.386,12740
1745481600,33.386,33.462,33.269,33.343,11729
1745496000,33.342,33.521,33.293,33.357,10330
1745510400,33.355,33.525,33.164,33.521,18102
1745524800,33.521,33.616,33.441,33.562,7018
1745539200,33.618,33.686,33.576,33.601,5398
1745553600,33.598,33.667,33.366,33.468,10179
1745568000,33.468,33.499,33.254,33.415,13804
1745582400,33.416,33.462,33.098,33.261,11670
1745596800,33.261,33.285,32.765,33.03,17235
1745611200,33.03,33.092,32.896,33.059,8254
1745798400,33.053,33.1,32.856,32.979,5919
1745812800,32.979,33.017,32.647,32.871,11327
1745827200,32.876,33.004,32.77,32.924,9738
1745841600,32.924,33.084,32.81,32.944,10275
1745856000,32.938,33.151,32.796,33.12,18237
1745870400,33.121,33.192,33.024,33.14,8358
1745884800,33.156,33.161,33.065,33.126,3888
1745899200,33.123,33.244,32.912,32.924,8139
1745913600,32.925,33.255,32.874,33.237,9290
1745928000,33.237,33.509,33.182,33.386,10097
1745942400,33.38,33.532,33.034,33.284,17387
1745956800,33.284,33.319,32.798,32.907,6997
1745971200,32.924,33.049,32.857,33.031,3771
1745985600,33.031,33.102,32.714,32.835,8303
1746000000,32.835,32.982,32.326,32.405,10376
1746014400,32.402,32.62,32.176,32.573,12109
1746028800,32.572,32.771,32.374,32.663,17109
1746043200,32.672,32.708,32.523,32.612,7881
1746057600,32.637,32.67,32.217,32.327,5424
1746072000,32.326,32.444,31.963,32.025,8887
1746086400,32.025,32.283,31.981,32.26,7578
1746100800,32.262,32.397,31.659,32.316,12365
1746115200,32.306,32.498,32.092,32.263,17915
1746129600,32.263,32.411,32.145,32.384,7790
1746144000,32.426,32.521,32.382,32.46,4550
1746158400,32.459,32.717,32.444,32.665,7448
1746172800,32.665,32.705,32.477,32.487,8123
1746187200,32.484,32.582,32.227,32.44,11652
1746201600,32.439,32.61,31.931,32.004,19942
1746216000,32.006,32.074,31.948,31.996,7212
1746403200,32.01,32.088,31.992,32.003,3714
1746417600,32.005,32.203,31.988,32.202,7900
1746432000,32.202,32.449,32.195,32.404,8002
1746446400,32.408,32.648,32.332,32.601,9760
1746460800,32.6,32.665,32.156,32.271,15303
1746475200,32.271,32.485,32.263,32.439,6577
1746489600,32.495,32.694,32.429,32.655,4447
1746504000,32.657,33.121,32.657,33.072,14823
1746518400,33.072,33.159,32.864,33.022,10386
1746532800,33.027,33.203,32.92,33.084,11108
1746547200,33.084,33.231,32.983,33.149,16266
1746561600,33.149,33.238,33.083,33.224,6614
1746576000,33.164,33.18,32.983,33.049,9812
1746590400,33.047,33.119,32.825,32.992,12033
1746604800,32.992,33.103,32.837,32.883,9190
1746619200,32.883,32.951,32.724,32.931,10188
1746633600,32.93,32.93,32.545,32.643,15669
1746648000,32.643,32.68,32.24,32.438,13801
1746662400,32.429,32.491,32.387,32.473,4035
1746676800,32.473,32.938,32.454,32.818,10215
1746691200,32.818,32.854,32.216,32.339,13881
1746705600,32.335,32.53,32.311,32.463,10029
1746720000,32.463,32.749,32.395,32.505,17401
1746734400,32.505,32.521,32.289,32.443,8277
1746748800,32.468,32.519,32.363,32.489,5561
1746763200,32.49,32.55,32.213,32.541,12747
1746777600,32.541,32.71,32.427,32.582,10531
1746792000,32.583,32.687,32.41,32.581,8900
1746806400,32.581,32.863,32.515,32.703,13483
1746820800,32.704,32.813,32.69,32.718,5350
1747008000,32.574,32.698,32.538,32.65,5851
1747022400,32.65,32.906,32.484,32.885,11040
1747036800,32.884,32.99,31.883,32.273,18030
1747051200,32.268,32.493,31.937,32.493,14854
1747065600,32.499,32.738,32.419,32.469,17554
1747080000,32.469,32.602,32.354,32.573,5910
1747094400,32.594,32.628,32.529,32.557,4127
1747108800,32.557,33.075,32.546,33.05,10686
1747123200,33.05,33.224,32.948,33.133,10198
1747137600,33.133,33.137,32.513,32.733,11168
1747152000,32.732,32.995,32.57,32.968,17128
1747166400,32.968,32.992,32.84,32.912,5212
1747180800,32.93,32.97,32.763,32.792,3660
1747195200,32.792,32.883,32.573,32.583,9520
1747209600,32.583,32.926,32.565,32.831,10698
1747224000,32.831,32.929,32.192,32.221,13302
1747238400,32.221,32.449,32.122,32.297,18416
1747252800,32.297,32.304,32.078,32.218,6043
1747267200,32.223,32.243,32.12,32.219,3452
1747281600,32.218,32.285,31.756,31.765,11578
1747296000,31.766,31.988,31.644,31.911,13650
1747310400,31.911,32.231,31.878,32.163,10441
1747324800,32.163,32.546,32.1,32.517,15132
1747339200,32.516,32.63,32.44,32.625,5106
1747353600,32.652,32.688,32.577,32.594,5115
1747368000,32.592,32.633,32.341,32.404,10053
1747382400,32.404,32.473,32.198,32.251,8814
1747396800,32.25,32.313,31.864,31.946,13470
1747411200,31.948,32.312,31.946,32.199,15641
1747425600,32.201,32.292,32.173,32.281,5546
1747612800,32.293,32.545,32.28,32.534,6248
1747627200,32.535,32.556,32.257,32.339,8517
1747641600,32.339,32.6,32.339,32.592,8554
1747656000,32.593,32.618,32.377,32.381,7925
1747670400,32.38,32.463,32.229,32.39,12463
1747684800,32.391,32.393,32.295,32.346,4302
1747699200,32.337,32.366,32.298,32.32,3435
1747713600,32.32,32.399,32.131,32.215,9016
1747728000,32.215,32.387,32.117,32.377,8906
1747742400,32.381,32.645,32.356,32.602,8139
1747756800,32.602,32.991,32.428,32.98,16472
1747771200,32.98,33.127,32.961,33.09,6141
1747785600,33.105,33.167,33.076,33.147,5269
1747800000,33.147,33.17,32.918,33.073,9465
1747814400,33.072,33.198,33.049,33.146,9848
1747828800,33.147,33.208,32.974,33.155,12033
1747843200,33.158,33.506,33.093,33.421,15698
1747857600,33.412,33.564,33.208,33.409,10515
1747872000,33.439,33.541,33.414,33.498,5221
1747886400,33.494,33.691,33.405,33.67,11916
1747900800,33.67,33.692,33.328,33.344,11217
1747915200,33.344,33.344,32.606,33.084,16929
1747929600,33.084,33.194,32.761,33.07,18274
1747944000,33.07,33.126,33.009,33.039,6492
1747958400,33.056,33.103,33.011,33.057,4141
1747972800,33.051,33.182,33.008,33.17,8636
1747987200,33.17,33.288,33.143,33.207,9202
1748001600,33.209,33.225,32.892,33.175,15022
1748016000,33.175,33.417,33.023,33.387,15978
1748030400,33.386,33.539,33.379,33.476,5807
1748217600,33.431,33.538,33.344,33.43,5583
1748232000,33.431,33.558,33.347,33.497,8846
1748246400,33.497,33.548,33.358,33.447,8126
1748260800,33.45,33.48,33.231,33.388,7356
1748275200,33.388,33.46,33.288,33.442,7179
1748289600,33.442,33.481,33.426,33.472,749
1748304000,33.468,33.506,33.388,33.504,3185
1748318400,33.503,33.516,33.234,33.257,7522
1748332800,33.26,33.32,32.959,33.053,13391
1748347200,33.053,33.166,32.761,32.863,11930
1748361600,32.867,33.164,32.862,33.155,13992
1748376000,33.155,33.267,33.14,33.253,4355
1748390400,33.256,33.293,33.243,33.254,2890
1748404800,33.253,33.338,33.205,33.255,7920
1748419200,33.255,33.387,33.123,33.364,8644
1748433600,33.364,33.428,33.163,33.229,7123
1748448000,33.231,33.258,32.953,32.994,11893
1748462400,32.991,33.046,32.941,32.968,5453
1748476800,32.959,33.004,32.684,32.957,8165
1748491200,32.955,33.225,32.831,33.193,10166
1748505600,33.193,33.354,33.115,33.325,7661
1748520000,33.325,33.492,33.233,33.359,10740
1748534400,33.361,33.376,33.064,33.317,14436
1748548800,33.317,33.358,33.268,33.301,5292
1748563200,33.332,33.332,33.209,33.222,3151
1748577600,33.222,33.274,32.925,32.976,8941
1748592000,32.976,33.192,32.971,33.173,9000
1748606400,33.171,33.302,32.95,33.252,10502
1748620800,33.252,33.263,32.758,32.876,18054
1748635200,32.875,33.01,32.862,32.967,6011
1748822400,33.03,33.126,32.993,33.068,5374
1748836800,33.071,33.128,32.945,33.092,8121
1748851200,33.092,33.565,33.079,33.401,11171
1748865600,33.401,33.708,33.182,33.678,11922
1748880000,33.678,34.508,33.672,34.502,20157
1748894400,34.5,34.785,34.499,34.744,7774
1748908800,34.718,34.76,34.534,34.572,5583
1748923200,34.573,34.644,33.955,34.178,13979
1748937600,34.178,34.271,34.022,34.241,11175
1748952000,34.241,34.409,34.176,34.392,9464
1748966400,34.392,34.531,34.177,34.432,14839
1748980800,34.432,34.6,34.421,34.506,5005
1748995200,34.533,34.592,34.496,34.511,3292
1749009600,34.511,34.641,34.446,34.454,7959
1749024000,34.454,34.557,34.396,34.546,8918
1749038400,34.55,34.555,34.173,34.334,10697
1749052800,34.334,34.563,34.322,34.441,14605
1749067200,34.441,34.548,34.411,34.507,5023
1749081600,34.513,34.552,34.443,34.525,3410
1749096000,34.525,34.591,34.43,34.457,8887
1749110400,34.462,34.856,34.42,34.842,8888
1749124800,34.842,36.064,34.842,35.751,22030
1749139200,35.751,36.057,35.29,35.586,28044
1749153600,35.587,35.692,35.543,35.636,7873
1749168000,35.646,35.744,35.636,35.738,4112
1749182400,35.738,36.162,35.694,36.146,11360
1749196800,36.143,36.259,35.897,36.213,13324
1749211200,36.214,36.324,35.959,36.18,13514
1749225600,36.181,36.326,35.807,35.913,22196
1749240000,35.913,36.035,35.911,35.96,6382
1749427200,36.049,36.085,35.908,35.94,5414
1749441600,35.941,36.074,35.903,36.042,10825
1749456000,36.042,36.432,36.015,36.286,12659
1749470400,36.286,36.398,36.134,36.328,11040
1749484800,36.326,36.708,36.246,36.624,16459
1749499200,36.623,36.881,36.598,36.759,5933
1749513600,36.755,36.823,36.565,36.571,3958
1749528000,36.571,36.58,36.298,36.505,12887
1749542400,36.505,36.624,36.408,36.533,13204
1749556800,36.533,36.802,36.52,36.561,11364
1749571200,36.56,36.726,36.312,36.474,16007
1749585600,36.476,36.598,36.444,36.529,5745
1749600000,36.514,36.607,36.497,36.595,4642
1749614400,36.595,36.639,36.488,36.581,8288
1749628800,36.581,36.601,36.365,36.494,9931
1749643200,36.495,36.552,36.008,36.327,16059
1749657600,36.327,36.438,36.023,36.159,21019
1749672000,36.161,36.264,36.047,36.261,10045
1749686400,36.198,36.37,36.198,36.301,6113
1749700800,36.301,36.392,36.262,36.337,9202
1749715200,36.336,36.443,35.452,35.93,15903
1749729600,35.93,36.311,35.865,36.292,16177
1749744000,36.296,36.393,36.074,36.235,19897
1749758400,36.236,36.367,36.195,36.33,5916
1749772800,36.335,36.396,35.964,36.131,8333
1749787200,36.125,36.629,36.094,36.207,17245
1749801600,36.207,36.357,35.967,36.332,15363
1749816000,36.332,36.448,36.059,36.195,15907
1749830400,36.189,36.361,36.064,36.308,18150
1749844800,36.308,36.338,36.219,36.32,7598
1750032000,36.343,36.385,36.054,36.181,6841
1750046400,36.181,36.383,36.082,36.211,11139
1750060800,36.211,36.531,36.193,36.402,12977
1750075200,36.402,36.484,36.268,36.459,10442
1750089600,36.459,36.493,36.191,36.393,16892
1750104000,36.394,36.412,36.27,36.311,6882
1750118400,36.311,36.386,36.221,36.274,5751
1750132800,36.274,36.441,36.12,36.417,10435
1750147200,36.417,36.488,36.355,36.415,9648
1750161600,36.415,37.23,36.342,36.831,16195
1750176000,36.831,37.247,36.744,37.112,18949
1750190400,37.107,37.131,36.999,37.128,8105
1750204800,37.151,37.169,37.052,37.125,4841
1750219200,37.12,37.276,37.051,37.258,10380
1750233600,37.258,37.308,37.089,37.173,11448
1750248000,37.173,37.283,36.918,37.038,10595
1750262400,37.038,37.116,36.634,36.906,15925
1750276800,36.906,36.99,36.526,36.742,14548
1750291200,36.745,36.776,36.692,36.753,4283
1750305600,36.752,36.776,36.586,36.741,8620
1750320000,36.741,36.771,36.222,36.364,13383
1750334400,36.364,36.429,36.227,36.327,10108
1750348800,36.327,36.403,36.201,36.365,10766
1750363200,36.365,36.405,36.347,36.387,1980
1750377600,36.414,36.421,36.326,36.39,3740
1750392000,36.389,36.391,35.654,35.719,12145
1750406400,35.719,36.088,35.504,36.026,12428
1750420800,36.024,36.156,35.882,36.0,10896
1750435200,36.0,36.097,35.839,36.017,14737
1750449600,36.017,36.075,35.972,35.978,6461
1750636800,35.932,36.111,35.881,36.021,7680
1750651200,36.021,36.127,35.876,36.041,11528
1750665600,36.041,36.219,35.936,36.205,11490
1750680000,36.205,36.237,35.928,36.053,10510
1750694400,36.052,36.337,36.008,36.232,15458
1750708800,36.229,36.357,36.14,36.14,7363
1750723200,36.07,36.093,35.591,36.068,7703
1750737600,36.078,36.192,35.959,36.161,10234
1750752000,36.161,36.181,35.919,36.14,14176
1750766400,36.14,36.167,35.631,35.837,11674
1750780800,35.832,35.991,35.273,35.752,17478
1750795200,35.752,35.915,35.75,35.907,4791
1750809600,35.925,35.958,35.91,35.937,3571
1750824000,35.938,35.978,35.89,35.951,7750
1750838400,35.952,36.047,35.787,35.869,8934
1750852800,35.867,35.867,35.667,35.801,7992
1750867200,35.801,36.192,35.696,36.163,12241
1750881600,36.163,36.32,36.113,36.254,6367
1750896000,36.245,36.376,36.223,36.302,4153
1750910400,36.302,36.409,36.225,36.388,10663
1750924800,36.388,36.821,36.232,36.782,10650
1750939200,36.782,36.823,36.36,36.389,13480
1750953600,36.391,36.692,36.254,36.67,16471
1750968000,36.67,36.71,36.573,36.658,6822
1750982400,36.637,36.682,36.58,36.59,4137
1750996800,36.59,36.716,36.388,36.462,12472
1751011200,36.462,36.623,36.004,36.057,15586
1751025600,36.057,36.088,35.784,35.973,15302
1751040000,35.975,36.203,35.794,36.165,19689
1751054400,36.171,36.171,35.865,35.984,7669
1751241600,36.009,36.017,35.412,35.876,7431
1751256000,35.872,36.168,35.82,36.15,9731
1751270400,36.147,36.227,36.066,36.141,8620
1751284800,36.137,36.139,35.823,35.989,8740
1751299200,35.997,36.073,35.888,36.002,11151
1751313600,36.003,36.107,35.928,36.061,4939
1751328000,36.111,36.155,36.083,36.124,3579
1751342400,36.126,36.183,35.8,36.168,10141
1751356800,36.168,36.507,36.039,36.312,12168
1751371200,36.312,36.609,36.251,36.299,12052
1751385600,36.294,36.434,36.087,36.198,16371
1751400000,36.198,36.223,35.982,36.027,4856
1751414400,36.033,36.121,35.978,36.093,3984
1751428800,36.093,36.196,35.896,36.1,8467
1751443200,36.1,36.165,35.865,36.12,10264
1751457600,36.12,36.391,36.11,36.196,9821
1751472000,36.196,36.487,36.169,36.467,12255
1751486400,36.465,36.576,36.463,36.543,3810
1751500800,36.557,36.577,36.355,36.389,3572
1751515200,36.389,36.465,36.332,36.418,5884
1751529600,36.418,37.065,36.388,37.032,10473
1751544000,37.032,37.047,36.38,36.609,13425
1751558400,36.609,36.905,36.499,36.849,14438
1751572800,36.849,36.909,36.792,36.845,2355
1751587200,36.844,36.862,36.673,36.736,2456
1751601600,36.736,36.874,36.614,36.836,6925
1751616000,36.836,36.919,36.658,36.831,8183
1751630400,36.831,36.937,36.756,36.849,6802
1751644800,36.846,36.953,36.82,36.923,6281
1751846400,37.135,37.217,36.887,36.963,4831
1751860800,36.962,36.962,36.353,36.514,11542
1751875200,36.514,36.67,36.434,36.595,11886
1751889600,36.593,36.623,36.147,36.312,12047
1751904000,36.312,36.707,36.205,36.664,10885
1751918400,36.664,36.804,36.642,36.759,6147
1751932800,36.796,36.813,36.716,36.738,3050
1751947200,36.738,36.82,36.642,36.75,7901
1751961600,36.75,36.873,36.685,36.735,8499
1751976000,36.735,36.838,36.579,36.74,8114
1751990400,36.74,36.745,36.28,36.523,15794
1752004800,36.53,36.729,36.497,36.715,8551
1752019200,36.742,36.742,36.499,36.626,3665
1752033600,36.626,36.716,36.463,36.597,9733
1752048000,36.598,36.721,36.426,36.497,10566
1752062400,36.498,36.65,36.35,36.406,8022
1752076800,36.406,36.469,36.262,36.424,11425
1752091200,36.424,36.458,36.285,36.381,5235
1752105600,36.394,36.424,36.341,36.403,3231
1752120000,36.403,36.484,36.365,36.46,6264
1752134400,36.459,36.708,36.359,36.629,7885
1752148800,36.628,36.836,36.54,36.702,12121
1752163200,36.708,36.89,36.451,36.803,20985
1752177600,36.802,37.115,36.78,36.976,7916
1752192000,37.045,37.129,36.98,36.986,5096
1752206400,36.982,37.225,36.906,37.198,12612
1752220800,37.198,37.515,37.165,37.46,16671
1752235200,37.46,37.8,37.436,37.615,13005
1752249600,37.612,38.387,37.511,38.334,21457
1752264000,38.334,38.522,38.269,38.396,8307
1752451200,38.436,38.569,38.401,38.511,7578
1752465600,38.511,39.048,38.381,39.024,15807
1752480000,39.02,39.078,38.793,38.972,12836
1752494400,38.974,39.121,38.761,38.854,13233
1752508800,38.855,38.86,38.193,38.444,19162
1752523200,38.448,38.457,38.063,38.12,8081
1752537600,38.127,38.286,38.103,38.195,3359
1752552000,38.195,38.271,37.899,38.217,10967
1752566400,38.217,38.37,38.203,38.239,10113
1752580800,38.239,38.312,38.113,38.158,10847
1752595200,38.166,38.252,37.574,37.717,21169
1752609600,37.717,37.823,37.678,37.703,6273
1752624000,37.708,37.828,37.676,37.79,3247
1752638400,37.791,37.84,37.705,37.839,8756
1752652800,37.839,38.004,37.791,37.978,7977
1752667200,37.978,38.077,37.821,37.835,9906
1752681600,37.834,38.038,37.49,37.786,24049
1752696000,37.786,37.951,37.779,37.918,6609
1752710400,37.913,37.926,37.819,37.833,2619
1752724800,37.835,38.0,37.822,37.984,7860
1752739200,37.984,38.0,37.747,37.76,9790
1752753600,37.761,37.881,37.521,37.608,10272
1752768000,37.611,38.063,37.558,37.996,14076
1752782400,37.995,38.155,37.994,38.106,4377
1752796800,38.131,38.17,38.086,38.136,2981
1752811200,38.145,38.18,38.043,38.133,10569
1752825600,38.133,38.383,38.061,38.283,10453
1752840000,38.283,38.427,38.269,38.394,9382
1752854400,38.391,38.398,38.153,38.196,14752
1752868800,38.196,38.277,38.098,38.169,4485
1753056000,38.118,38.261,38.082,38.249,2758
1753070400,38.249,38.313,38.144,38.178,6341
1753084800,38.178,38.483,38.173,38.444,9173
1753099200,38.444,38.579,38.374,38.506,9502
1753113600,38.508,38.999,38.473,38.985,18382
1753128000,38.985,39.042,38.874,38.906,5948
1753142400,38.926,38.981,38.86,38.907,2341
1753156800,38.907,38.975,38.701,38.773,7674
1753171200,38.773,38.929,38.707,38.843,9747
1753185600,38.843,39.078,38.743,39.065,8667
1753200000,39.059,39.249,38.718,39.217,19238
1753214400,39.217,39.299,39.134,39.269,5913
1753228800,39.304,39.328,39.19,39.197,3861
1753243200,39.196,39.362,39.104,39.209,10829
1753257600,39.209,39.378,39.147,39.366,11975
1753272000,39.366,39.467,39.304,39.422,10867
1753286400,39.421,39.517,39.04,39.113,23017
1753300800,39.113,39.297,39.102,39.253,8367
1753315200,39.264,39.34,39.228,39.286,2879
1753329600,39.286,39.301,38.777,39.051,12222
1753344000,39.051,39.149,38.932,39.08,11667
1753358400,39.079,39.12,38.678,38.745,11576
1753372800,38.747,39.111,38.7,38.919,16042
1753387200,38.919,39.126,38.892,39.005,5164
1753401600,39.065,39.139,39.045,39.125,2764
1753416000,39.125,39.181,38.916,38.94,9231
1753430400,38.94,39.124,38.818,38.843,9843
1753444800,38.844,38.89,38.618,38.849,9106
1753459200,38.849,38.948,37.94,38.151,23420
1753473600,38.152,38.256,38.131,38.158,5199
1753660800,38.125,38.226,38.039,38.219,4546
1753675200,38.219,38.296,38.162,38.182,8255
1753689600,38.182,38.321,38.141,38.202,9006
1753704000,38.202,38.213,37.992,38.096,8960
1753718400,38.101,38.165,37.889,38.115,16051
1753732800,38.116,38.172,38.014,38.154,4782
1753747200,38.173,38.181,38.063,38.094,2240
1753761600,38.091,38.174,38.028,38.107,7098
1753776000,38.107,38.219,37.892,38.147,9780
1753790400,38.146,38.181,37.988,38.019,8497
1753804800,38.019,38.28,37.951,38.158,15642
1753819200,38.158,38.22,38.118,38.196,4706
1753833600,38.2,38.215,38.158,38.178,2130
1753848000,38.178,38.222,37.989,38.172,6560
1753862400,38.172,38.231,38.016,38.098,7417
1753876800,38.094,38.114,37.746,37.797,11152
1753891200,37.803,37.808,37.48,37.673,17694
1753905600,37.674,37.739,36.781,37.128,19410
1753920000,37.128,37.152,37.013,37.129,4470
1753934400,37.131,37.265,36.969,37.245,11051
1753948800,37.239,37.265,36.906,36.942,11213
1753963200,36.942,36.958,36.206,36.656,15757
1753977600,36.656,36.797,36.456,36.66,17944
1753992000,36.66,36.734,36.583,36.714,5802
1754006400,36.715,36.745,36.609,36.611,3726
1754020800,36.612,36.692,36.414,36.569,9532
1754035200,36.569,36.712,36.351,36.42,11459
1754049600,36.42,37.017,36.378,37.004,13247
1754064000,37.004,37.177,36.76,36.857,21781
1754078400,36.857,37.025,36.829,37.007,6906
1754265600,37.026,37.027,36.797,36.802,4643
1754280000,36.798,37.109,36.664,37.094,9296
1754294400,37.094,37.389,37.056,37.361,9183
1754308800,37.361,37.37,37.126,37.285,8788
1754323200,37.283,37.47,37.221,37.321,11266
1754337600,37.321,37.424,37.268,37.401,3716
1754352000,37.401,37.441,37.375,37.402,2658
1754366400,37.402,37.483,37.354,37.374,6214
1754380800,37.374,37.519,37.316,37.446,8586
1754395200,37.443,37.53,37.299,37.477,8820
1754409600,37.477,37.873,37.418,37.791,13743
1754424000,37.791,37.874,37.779,37.812,4054
1754438400,37.795,37.82,37.762,37.796,2130
1754452800,37.796,37.862,37.757,37.789,6138
1754467200,37.789,37.896,37.739,37.776,7453
1754481600,37.778,37.846,37.607,37.721,8224
1754496000,37.721,37.942,37.671,37.82,12202
1754510400,37.82,37.902,37.797,37.825,5306
1754524800,37.891,37.935,37.828,37.832,3133
1754539200,37.832,38.056,37.814,38.044,7510
1754553600,38.044,38.306,37.881,38.231,11786
1754568000,38.232,38.474,38.128,38.259,15178
1754582400,38.259,38.5,38.118,38.154,20627
1754596800,38.154,38.284,37.996,38.27,7618
1754611200,38.264,38.373,38.152,38.18,7930
1754625600,38.182,38.265,37.972,38.242,11075
1754640000,38.242,38.478,38.091,38.329,12981
1754654400,38.329,38.406,38.202,38.24,13018
1754668800,38.242,38.414,38.192,38.258,15999
1754683200,38.258,38.417,37.994,38.332,12212
1754870400,38.323,38.347,38.082,38.145,4305
1754884800,38.145,38.24,37.909,38.032,10126
1754899200,38.032,38.218,37.6,37.934,13720
1754913600,37.93,37.976,37.542,37.807,13745
1754928000,37.808,37.904,37.656,37.666,14049
1754942400,37.666,37.792,37.614,37.615,5741
1754956800,37.591,37.816,37.494,37.814,3366
1754971200,37.814,37.906,37.752,37.892,7490
1754985600,37.892,37.948,37.709,37.787,9863
1755000000,37.787,37.832,37.589,37.804,13044
1755014400,37.804,38.016,37.561,37.941,21600
1755028800,37.941,37.961,37.834,37.906,4390
1755043200,37.911,37.957,37.836,37.849,2264
1755057600,37.849,38.193,37.849,38.193,6925
1755072000,38.193,38.5,38.153,38.493,8394
1755086400,38.493,38.636,38.463,38.545,9039
1755100800,38.545,38.572,38.342,38.488,12882
1755115200,38.488,38.568,38.439,38.493,4226
1755129600,38.521,38.586,38.493,38.578,2490
1755144000,38.578,38.729,38.529,38.566,8256
1755158400,38.566,38.599,38.207,38.231,12108
1755172800,38.231,38.421,38.067,38.18,12619
1755187200,38.18,38.265,37.83,37.99,21787
1755201600,37.99,38.068,37.939,38.008,5617
1755216000,38.001,38.026,37.968,38.012,2127
1755230400,38.012,38.059,37.806,38.029,6772
1755244800,38.029,38.094,37.877,37.949,8218
1755259200,37.949,37.949,37.723,37.815,11274
1755273600,37.815,37.992,37.674,37.917,14275
1755288000,37.917,38.004,37.871,37.978,4293
1755475200,37.942,38.091,37.804,38.045,4070
1755489600,38.05,38.162,37.966,38.155,8748
1755504000,38.155,38.162,37.981,38.097,9819
1755518400,38.097,38.261,38.031,38.198,8944
1755532800,38.201,38.236,37.955,37.968,11172
1755547200,37.968,38.049,37.965,38.017,4188
1755561600,38.03,38.091,37.972,38.064,3036
1755576000,38.064,38.073,37.721,37.92,8889
1755590400,37.92,38.055,37.838,38.042,8226
1755604800,38.042,38.14,38.019,38.032,6272
1755619200,38.034,38.037,37.324,37.325,19803
1755633600,37.325,37.383,37.269,37.368,6603
1755648000,37.42,37.426,37.319,37.366,2929
1755662400,37.366,37.377,37.159,37.188,10250
1755676800,37.188,37.23,36.954,37.052,9522
1755691200,37.052,37.641,36.98,37.611,10795
1755705600,37.611,37.838,37.587,37.782,13432
1755720000,37.782,37.928,37.765,37.874,6121
1755734400,37.908,37.949,37.84,37.86,2240
1755748800,37.86,37.962,37.813,37.871,6687
1755763200,37.873,37.936,37.786,37.805,8402
1755777600,37.805,37.992,37.529,37.982,11234
1755792000,37.983,38.199,37.936,38.09,16438
1755806400,38.09,38.127,38.065,38.111,4111
1755820800,38.134,38.164,38.07,38.156,2429
1755835200,38.156,38.184,38.033,38.046,6809
1755849600,38.046,38.104,37.895,38.022,8781
1755864000,38.021,38.06,37.689,37.811,10096
1755878400,37.811,39.053,37.786,38.975,28449
1755892800,38.973,39.054,38.871,38.904,6378
1756080000,38.874,38.971,38.851,38.963,3928
1756094400,38.963,38.988,38.749,38.811,8289
1756108800,38.811,38.973,38.779,38.798,6439
1756123200,38.798,38.834,38.621,38.704,7216
1756137600,38.704,38.925,38.563,38.757,12559
1756152000,38.757,38.764,38.529,38.55,6002
1756166400,38.566,38.752,38.328,38.733,8282
1756180800,38.731,38.846,38.653,38.839,9479
1756195200,38.839,38.842,38.555,38.629,9648
1756209600,38.629,38.736,38.368,38.399,12522
1756224000,38.399,38.652,38.374,38.532,15883
1756238400,38.532,38.603,38.481,38.592,5900
1756252800,38.652,38.694,38.602,38.616,3782
1756267200,38.616,38.633,38.424,38.438,7934
1756281600,38.438,38.534,38.338,38.377,9114
1756296000,38.377,38.414,38.075,38.27,11379
1756310400,38.27,38.625,38.121,38.609,16982
1756324800,38.609,38.625,38.466,38.564,6857
1756339200,38.58,38.65,38.563,38.641,3171
1756353600,38.641,38.776,38.622,38.718,9131
1756368000,38.718,38.924,38.664,38.872,10844
1756382400,38.872,39.115,38.821,38.909,12110
1756396800,38.909,39.094,38.807,39.029,19862
1756411200,39.029,39.11,39.006,39.043,6446
1756425600,39.005,39.096,38.961,39.006,3239
1756440000,39.006,39.037,38.774,38.844,6711
1756454400,38.845,38.983,38.76,38.983,10410
1756468800,38.983,39.001,38.717,38.937,12053
1756483200,38.937,39.958,38.897,39.951,28004
1756497600,39.952,39.965,39.645,39.693,13805
1756684800,39.703,39.861,39.531,39.79,5578
1756699200,39.791,40.528,39.738,40.454,22948
1756713600,40.454,40.75,40.383,40.69,20623
1756728000,40.69,40.69,40.448,40.595,20265
1756742400,40.595,40.747,40.527,40.666,18629
1756756800,40.666,40.751,40.639,40.69,3813
1756771200,40.675,40.771,40.553,40.747,6986
1756785600,40.747,40.848,40.575,40.797,23508
1756800000,40.797,40.799,40.164,40.233,22133
1756814400,40.233,40.639,40.213,40.389,22733
1756828800,40.389,40.904,40.134,40.875,35387
1756843200,40.875,40.922,40.719,40.912,10548
1756857600,40.8,40.966,40.744,40.759,8197
1756872000,40.759,40.866,40.628,40.714,19910
1756886400,40.714,40.863,40.62,40.787,19842
1756900800,40.787,40.973,40.77,40.964,23876
1756915200,40.964,41.461,40.928,41.299,39721
1756929600,41.298,41.391,41.06,41.19,17138
1756944000,41.133,41.215,40.954,41.173,7427
1756958400,41.173,41.186,40.514,40.751,23755
1756972800,40.751,40.95,40.74,40.939,21611
1756987200,40.938,41.036,40.815,40.904,24392
1757001600,40.904,40.986,40.398,40.767,30720
1757016000,40.766,40.797,40.477,40.666,9688
1757030400,40.617,40.76,40.543,40.745,5926
1757044800,40.745,40.875,40.694,40.86,14895
1757059200,40.86,40.921,40.713,40.77,17375
1757073600,40.77,41.281,40.562,41.259,21697
1757088000,41.26,41.41,40.715,40.979,47458
1757102400,40.979,41.015,40.887,40.959,14296
1757289600,40.908,40.941,40.739,40.916,6812
1757304000,40.917,41.054,40.521,40.57,16452
1757318400,40.575,41.196,40.566,41.166,15825
1757332800,41.167,41.348,41.109,41.31,13764
1757347200,41.31,41.659,41.151,41.302,25654
1757361600,41.303,41.369,41.217,41.317,7725
1757376000,41.314,41.366,41.262,41.36,3773
1757390400,41.361,41.414,41.202,41.357,13667
1757404800,41.358,41.471,41.196,41.22,17599
1757419200,41.218,41.317,41.035,41.055,15175
1757433600,41.054,41.392,40.779,40.853,28516
1757448000,40.856,40.981,40.814,40.889,7280
1757462400,40.78,40.915,40.737,40.755,4448
1757476800,40.755,41.069,40.706,41.067,11028
1757491200,41.066,41.177,40.989,41.104,12070
1757505600,41.106,41.237,40.958,41.036,14205
1757520000,41.034,41.28,40.981,41.144,18869
1757534400,41.145,41.21,41.024,41.146,5704
1757548800,41.194,41.236,41.115,41.135,3643
1757563200,41.134,41.241,41.03,41.039,13152
1757577600,41.039,41.142,40.898,41.044,14295
1757592000,41.045,41.294,40.883,41.06,15723
1757606400,41.076,41.756,41.029,41.648,21372
1757620800,41.644,41.654,41.458,41.547,7013
1757635200,41.534,41.558,41.385,41.452,3339
1757649600,41.453,42.14,41.453,42.085,13871
1757664000,42.087,42.455,41.96,42.236,10964
1757678400,42.234,42.376,41.813,41.98,13318
1757692800,41.974,42.342,41.901,42.248,20755
1757707200,42.25,42.331,42.09,42.114,6177
1757894400,42.177,42.209,42.06,42.154,3806
1757908800,42.157,42.307,41.999,42.28,10961
1757923200,42.278,42.282,42.071,42.207,10951
1757937600,42.206,42.256,42.015,42.177,12105
1757952000,42.177,42.668,42.085,42.482,19449
1757966400,42.482,42.737,42.475,42.714,7186
1757980800,42.649,42.704,42.597,42.693,3323
1757995200,42.692,42.747,42.338,42.656,12953
1758009600,42.656,42.769,42.601,42.681,10599
1758024000,42.68,42.861,42.673,42.822,12862
1758038400,42.824,42.957,42.246,42.572,23029
1758052800,42.579,42.595,42.418,42.575,6876
1758067200,42.582,42.63,42.524,42.53,3172
1758081600,42.529,42.571,41.783,41.988,14345
1758096000,41.989,42.104,41.537,41.597,13226
1758110400,41.591,41.909,41.142,41.892,15277
1758124800,41.896,42.078,41.725,41.942,14256
1758139200,41.952,42.233,41.15,41.655,27769
1758153600,41.62,41.884,41.602,41.738,5856
1758168000,41.737,41.869,41.296,41.368,13829
1758182400,41.369,41.857,41.188,41.824,15647
1758196800,41.822,41.966,41.765,41.839,12697
1758211200,41.835,41.835,41.444,41.81,22522
1758225600,41.809,41.853,41.755,41.817,7117
1758240000,41.781,41.804,41.642,41.689,3030
1758254400,41.685,42.355,41.649,42.335,13867
1758268800,42.33,42.375,41.945,42.238,11902
1758283200,42.24,42.276,41.952,42.062,9717
1758297600,42.062,42.797,42.013,42.678,19942
1758312000,42.67,43.071,42.64,43.04,8729
1758499200,43.125,43.175,43.014,43.169,5039
1758513600,43.17,43.583,43.087,43.529,12542
1758528000,43.53,43.765,43.455,43.693,13318
1758542400,43.692,43.795,43.355,43.556,13179
1758556800,43.556,43.956,43.34,43.889,20740
1758571200,43.89,44.107,43.868,44.068,7389
1758585600,44.035,44.095,43.862,43.874,3899
1758600000,43.873,44.033,43.636,43.927,12550
1758614400,43.926,44.142,43.656,44.104,13248
1758628800,44.109,44.436,44.082,44.431,13648
1758643200,44.433,44.457,44.068,44.251,21994
1758657600,44.258,44.346,43.839,44.004,12477
1758672000,44.066,44.158,43.89,44.023,4252
1758686400,44.024,44.156,43.664,44.145,11934
1758700800,44.146,44.29,44.048,44.127,11467
1758715200,44.126,44.173,43.831,44.095,12789
1758729600,44.096,44.31,43.763,43.882,24075
1758744000,43.882,43.97,43.659,43.898,9780
1758758400,43.91,43.97,43.847,43.947,3078
1758772800,43.945,44.004,43.765,43.939,9644
1758787200,43.938,44.871,43.848,44.794,14248
1758801600,44.795,45.075,44.442,44.543,18711
1758816000,44.529,44.877,44.191,44.786,27166
1758830400,44.781,45.222,44.724,45.203,11382
1758844800,45.132,45.152,44.627,45.006,6584
1758859200,45.007,45.062,44.588,44.707,11614
1758873600,44.708,45.205,44.682,45.099,13249
1758888000,45.094,45.275,44.942,45.24,13032
1758902400,45.241,46.306,45.231,46.22,28515
1758916800,46.223,46.623,46.003,46.057,16124
1759104000,46.173,46.581,46.148,46.563,6620
1759118400,46.566,47.159,45.938,46.836,21736
1759132800,46.841,47.176,46.595,46.981,20509
1759147200,46.98,47.067,46.586,46.61,20167
1759161600,46.616,47.089,46.467,47.0,23274
1759176000,46.999,47.018,46.718,46.868,10395
1759190400,46.908,46.946,46.726,46.866,4430
1759204800,46.866,47.113,46.779,47.093,15283
1759219200,47.092,47.158,46.163,46.183,21398
1759233600,46.182,46.321,45.8,46.188,17728
1759248000,46.188,46.78,45.951,46.476,22817
1759262400,46.485,46.691,46.333,46.667,8223
1759276800,46.662,46.765,46.617,46.691,4188
1759291200,46.69,47.552,46.681,47.101,15266
1759305600,47.102,47.457,46.667,47.38,16007
1759320000,47.38,47.486,47.088,47.223,17081
1759334400,47.213,47.822,47.2,47.576,24958
1759348800,47.576,47.603,47.194,47.238,10541
1759363200,47.311,47.334,47.055,47.154,5627
1759377600,47.151,47.517,46.955,47.215,9839
1759392000,47.217,47.514,47.215,47.497,12350
1759406400,47.495,47.859,47.361,47.74,13860
1759420800,47.736,48.046,45.907,46.427,30697
1759435200,46.426,46.973,46.386,46.931,10227
1759449600,46.943,46.98,46.795,46.829,4383
1759464000,46.828,46.968,46.638,46.883,10647
1759478400,46.886,47.43,46.864,47.418,10043
1759492800,47.419,47.849,47.215,47.811,13677
1759507200,47.811,48.366,47.405,48.032,26557
1759521600,48.031,48.099,47.714,47.964,13714
1759708800,48.06,48.274,47.945,48.11,9667
1759723200,48.111,48.614,48.088,48.599,11724
1759737600,48.598,48.749,48.431,48.681,15936
1759752000,48.682,48.725,48.049,48.267,16284
1759766400,48.276,48.76,48.26,48.566,23723
1759780800,48.574,48.72,48.491,48.518,9002
1759795200,48.493,48.614,48.328,48.343,6973
1759809600,48.341,48.64,48.246,48.584,9576
1759824000,48.583,48.645,47.736,48.179,17457
1759838400,48.18,48.629,48.177,48.534,12800
1759852800,48.535,48.559,47.327,47.522,28112
1759867200,47.52,47.88,47.435,47.768,10979
1759881600,47.825,48.011,47.79,47.894,4828
1759896000,47.893,48.513,47.732,48.507,13767
1759910400,48.506,48.927,48.393,48.747,15939
1759924800,48.748,49.064,48.687,49.003,16490
1759939200,49.004,49.54,48.755,49.359,24466
1759953600,49.36,49.481,48.694,48.821,15629
1759968000,48.714,49.025,48.453,48.786,8848
1759982400,48.788,49.116,48.471,49.061,17145
1759996800,49.06,49.319,48.75,49.312,15886
1760011200,49.311,50.726,49.31,50.682,16419
1760025600,50.695,51.226,48.833,48.886,33992
1760040000,48.894,49.349,48.427,49.334,21636
1760054400,49.021,49.74,48.812,49.728,6340
1760068800,49.736,49.762,48.834,49.361,19915
1760083200,49.361,50.96,49.36,50.933,18053
1760097600,50.932,51.106,49.481,49.946,21138
1760112000,49.947,50.725,49.646,49.744,35475
1760126400,49.746,50.259,49.664,50.148,24954
1760313600,49.803,50.63,48.689,50.189,12579
1760328000,50.211,51.562,50.044,51.469,14549
1760342400,51.466,51.704,51.088,51.451,15469
1760356800,51.458,51.692,50.211,51.654,15590
1760371200,51.665,52.068,51.42,51.967,25376
1760385600,51.966,52.313,51.644,52.276,14142
1760400000,52.48,52.688,51.688,52.445,7959
1760414400,52.492,53.436,52.454,53.217,16402
1760428800,53.217,53.437,49.489,51.895,26726
1760443200,51.896,51.909,50.491,50.571,22722
1760457600,50.57,51.912,50.441,51.618,31735
1760472000,51.614,51.924,51.294,51.421,17011
1760486400,51.484,52.077,51.278,51.803,9781
1760500800,51.799,52.217,51.384,52.161,18007
1760515200,52.165,53.001,51.941,52.979,14790
1760529600,52.977,53.063,52.189,52.705,16798
1760544000,52.691,52.941,52.276,52.498,31101
1760558400,52.502,53.159,52.247,53.027,19452
1760572800,52.778,53.229,52.664,52.95,10981
1760587200,52.956,53.261,52.798,53.066,19209
1760601600,53.07,53.103,52.438,52.891,22858
1760616000,52.896,53.201,52.74,52.86,17224
1760630400,52.865,54.137,52.802,53.887,34252
1760644800,53.885,54.153,53.521,54.106,26358
1760659200,54.111,54.364,53.715,53.913,14219
1760673600,53.885,54.428,53.46,54.418,23099
1760688000,54.419,54.442,53.576,53.859,29570
1760702400,53.863,54.108,52.888,53.55,26436
1760716800,53.526,53.61,50.839,50.857,37043
1760731200,50.857,51.926,50.599,51.597,25304
1760918400,51.464,51.986,51.238,51.881,14060
1760932800,51.879,52.281,51.697,52.141,21430
1760947200,52.143,52.244,51.441,52.009,25250
1760961600,52.0,52.773,51.566,52.677,22190
1760976000,52.676,52.75,51.911,52.214,33707
1760990400,52.213,52.62,52.007,52.29,20213
1761004800,52.429,52.587,52.192,52.336,9370
1761019200,52.338,52.373,51.545,51.928,21614
1761033600,51.923,52.051,49.162,49.884,30025
1761048000,49.885,50.383,49.478,49.644,29743
1761062400,49.644,49.928,47.722,48.426,36645
1761076800,48.427,48.712,47.922,48.644,23658
1761091200,48.492,48.665,47.353,48.036,14799
1761105600,48.038,48.971,47.956,48.92,24998
1761120000,48.923,49.288,48.215,48.222,26010
1761134400,48.224,48.776,47.67,48.017,33419
1761148800,48.019,48.623,47.823,48.22,33293
1761163200,48.208,48.65,47.881,48.456,21025
1761177600,48.577,48.61,47.829,48.241,14117
1761192000,48.246,48.675,48.115,48.511,19710
1761206400,48.509,49.31,48.504,49.142,24361
1761220800,49.145,49.333,48.894,49.152,20699
1761235200,49.13,49.434,48.863,49.027,28487
1761249600,49.012,49.16,48.697,48.835,17276
1761264000,48.858,48.949,48.585,48.935,6390
1761278400,48.936,48.962,48.172,48.543,18566
1761292800,48.544,48.796,47.809,48.162,20767
1761307200,48.158,48.475,47.778,48.153,18527
1761321600,48.164,48.931,48.144,48.772,25799
1761336000,48.778,48.845,48.351,48.581,17696
1761523200,48.493,48.677,47.955,48.223,12412
1761537600,48.209,48.531,47.766,47.98,17549
1761552000,47.975,48.369,47.532,47.658,16343
1761566400,47.655,47.917,47.299,47.702,17591
1761580800,47.7,47.77,46.034,46.779,29234
1761595200,46.781,46.99,46.617,46.836,17341
1761609600,46.994,47.102,46.651,47.046,9514
1761624000,47.049,47.172,46.561,46.651,18448
1761638400,46.656,46.752,45.632,45.667,23689
1761652800,45.674,46.544,45.531,46.397,21381
1761667200,46.428,47.128,46.409,47.061,27084
1761681600,47.051,47.235,46.812,47.053,17815
1761696000,47.027,47.385,46.81,47.309,9317
1761710400,47.31,47.593,47.095,47.399,15876
1761724800,47.402,48.303,47.354,48.3,17876
1761739200,48.305,48.43,48.048,48.339,17711
1761753600,48.338,48.387,47.972,48.099,23623
1761768000,48.089,48.194,47.219,47.668,27509
1761782400,47.558,47.877,47.512,47.795,9654
1761796800,47.795,47.926,47.218,47.786,19591
1761811200,47.783,47.943,47.386,47.93,20059
1761825600,47.927,48.269,47.812,47.937,19780
1761840000,47.944,48.882,47.885,48.816,25940
1761854400,48.817,48.965,48.656,48.953,15571
1761868800,48.801,49.15,48.755,48.818,7984
1761883200,48.821,49.215,48.647,48.883,19449
1761897600,48.882,49.345,48.653,48.804,21083
1761912000,48.801,49.122,48.683,49.033,16291
1761926400,49.033,49.111,48.34,48.473,27181
1761940800,48.475,48.806,48.346,48.603,17449
1762128000,48.65,48.749,48.164,48.521,14218
1762142400,48.519,48.963,48.455,48.898,17984
1762156800,48.905,49.075,48.47,48.635,18544
1762171200,48.634,48.831,48.512,48.586,17232
1762185600,48.596,48.972,48.107,48.388,25805
1762200000,48.391,48.409,47.97,48.098,14253
1762214400,48.07,48.167,47.726,48.082,12119
1762228800,48.09,48.204,47.518,47.523,19313
1762243200,47.523,48.098,47.453,47.741,18696
1762257600,47.742,47.934,47.37,47.501,18633
1762272000,47.499,47.875,46.83,47.548,22520
1762286400,47.545,47.583,47.062,47.106,15666
1762300800,47.125,47.234,46.829,47.092,11823
1762315200,47.091,47.828,47.025,47.66,17013
1762329600,47.684,47.935,47.545,47.82,11981
1762344000,47.819,48.035,47.462,47.989,17006
1762358400,47.987,48.198,47.74,48.169,22061
1762372800,48.181,48.239,47.974,48.041,12125
1762387200,47.877,48.11,47.709,47.805,7420
1762401600,47.802,48.328,47.724,48.295,12620
1762416000,48.289,48.774,48.195,48.615,15132
1762430400,48.616,48.743,48.474,48.482,14076
1762444800,48.485,48.509,47.623,48.075,28377
1762459200,48.074,48.269,47.933,48.0,16242
1762473600,48.007,48.387,48.002,48.386,9924
1762488000,48.391,48.519,48.147,48.428,13436
1762502400,48.423,48.87,48.359,48.745,13497
1762516800,48.751,48.846,48.339,48.442,18129
1762531200,48.441,48.74,47.951,48.261,28314
1762545600,48.264,48.448,48.167,48.302,14995
1762732800,48.501,49.278,48.376,48.956,13935
1762747200,48.953,49.493,48.712,49.46,18519
1762761600,49.462,49.986,49.39,49.795,19472
1762776000,49.789,50.196,49.784,49.864,21111
1762790400,49.865,50.287,49.575,50.286,29236
1762804800,50.288,50.587,50.242,50.518,13085
1762819200,50.514,50.847,50.36,50.654,10810
1762833600,50.656,51.109,50.509,50.787,16124
1762848000,50.79,50.992,50.465,50.931,18608
1762862400,50.93,51.229,50.809,51.104,18127
1762876800,51.091,51.223,50.256,50.867,31004
1762891200,50.866,51.237,50.787,51.206,13688
1762905600,51.265,51.352,50.979,51.267,11573
1762920000,51.265,51.357,50.819,51.112,18559
1762934400,51.11,51.875,51.093,51.749,20162
1762948800,51.75,51.818,51.436,51.653,18139
1762963200,51.654,53.501,51.636,53.419,38772
1762977600,53.426,53.657,53.156,53.388,20460
1762992000,53.259,53.358,52.836,53.309,16183
1763006400,53.305,54.302,53.218,53.96,25279
1763020800,53.961,54.371,53.825,54.083,23872
1763035200,54.084,54.186,52.998,53.531,24376
1763049600,53.532,53.543,52.554,53.123,37704
1763064000,53.124,53.248,52.02,52.326,27345
1763078400,52.275,53.031,52.26,52.966,14950
1763092800,52.965,53.541,52.58,52.997,21827
1763107200,53.0,53.112,52.377,52.721,27565
1763121600,52.717,52.769,50.45,50.693,35563
1763136000,50.676,51.473,50.024,51.151,39811
1763150400,51.15,51.164,50.454,50.535,25258
1763337600,50.322,51.202,50.303,50.878,15856
1763352000,50.877,51.107,50.338,50.631,24466
1763366400,50.629,51.294,50.563,51.021,23721
1763380800,51.024,51.118,50.48,50.584,23496
1763395200,50.566,50.99,50.458,50.893,33679
1763409600,50.889,50.973,49.556,50.202,26998
1763424000,50.219,50.259,49.452,49.838,16425
1763438400,49.832,50.025,49.421,49.76,22467
1763452800,49.756,50.494,49.333,50.374,23943
1763467200,50.358,50.568,49.865,50.252,22470
1763481600,50.255,50.833,50.195,50.758,37061
1763496000,50.756,51.167,50.653,50.7,21059
1763510400,50.667,50.872,50.563,50.64,11096
1763524800,50.639,51.453,50.628,51.417,19508
1763539200,51.421,52.192,51.182,52.141,20475
1763553600,52.142,52.452,51.681,51.823,24301
1763568000,51.827,52.346,50.358,50.884,41619
1763582400,50.884,51.412,50.874,51.365,24876
1763596800,51.485,51.843,51.355,51.389,14155
1763611200,51.382,51.566,50.668,51.208,22241
1763625600,51.205,51.399,50.327,50.94,24012
1763640000,50.953,51.303,50.564,51.104,23115
1763654400,51.101,51.375,50.212,50.562,40320
1763668800,50.558,50.893,50.238,50.579,28862
1763683200,50.642,50.839,50.162,50.341,14024
1763697600,50.343,50.548,49.352,49.563,23290
1763712000,49.565,49.757,49.012,49.205,28578
1763726400,49.194,49.863,48.621,49.843,30922
1763740800,49.854,50.647,49.338,50.314,40848
1763755200,50.305,50.45,49.732,49.998,24778
1763942400,50.207,50.381,49.694,49.75,13839
1763956800,49.74,50.114,49.734,49.92,19669
1763971200,49.918,50.372,49.774,50.202,19562
1763985600,50.201,50.382,49.96,50.16,20139
1764000000,50.16,50.676,49.998,50.604,27552
1764014400,50.596,51.4,50.517,51.386,16897
1764028800,51.371,51.421,50.985,51.344,9872
1764043200,51.348,51.734,51.329,51.694,13060
1764057600,51.69,51.717,50.786,51.005,20201
1764072000,51.007,51.728,50.994,51.621,21388
1764086400,51.612,51.65,50.678,51.239,33859
1764100800,51.238,51.447,51.06,51.423,17554
1764115200,51.47,51.759,51.282,51.643,9954
1764129600,51.639,52.162,51.606,51.95,17515
1764144000,51.944,52.322,51.741,52.302,16877
1764158400,52.306,52.608,52.099,52.32,21345
1764172800,52.322,53.117,51.961,53.096,28609
1764187200,53.109,53.375,52.919,53.354,16776
1764201600,53.336,53.446,52.724,52.882,11799
1764216000,52.88,53.053,52.676,52.941,15378
1764230400,52.938,53.899,52.937,53.358,20775
1764244800,53.36,53.484,52.873,53.069,16302
1764259200,53.067,53.424,53.008,53.402,13853
1764273600,53.402,53.462,53.266,53.373,1367
1764288000,53.395,53.995,53.316,53.817,7282
1764302400,53.821,54.208,53.459,54.077,6633
1764316800,54.078,54.251,52.955,53.721,3159
1764331200,53.717,54.194,53.47,54.192,4410
1764345600,54.192,56.485,53.989,56.396,38534
1764360000,56.392,56.525,56.001,56.393,5463
1764547200,56.778,57.848,56.162,57.821,21918
1764561600,57.821,57.824,56.427,56.891,25228
1764576000,56.89,57.373,56.482,57.342,21382
1764590400,57.341,57.79,57.008,57.429,24028
1764604800,57.43,58.825,56.88,58.329,41074
1764619200,58.345,58.672,57.785,57.95,22787
1764633600,57.897,57.982,56.564,57.05,16054
1764648000,57.049,57.417,56.808,57.328,19884
1764662400,57.327,57.531,56.653,56.915,18853
1764676800,56.916,57.665,56.716,57.574,18660
1764691200,57.572,58.364,57.053,58.024,39551
1764705600,58.023,58.633,57.655,58.44,19771
1764720000,58.191,58.739,58.116,58.288,11656
1764734400,58.29,58.926,57.518,57.931,20582
1764748800,57.932,58.261,57.796,58.169,21136
1764763200,58.169,58.96,57.953,58.92,19768
1764777600,58.927,58.967,57.808,58.363,35961
1764792000,58.382,58.543,58.055,58.458,15766
1764806400,58.516,58.736,58.301,58.54,11810
1764820800,58.541,58.638,57.313,57.644,21723
1764835200,57.642,57.779,56.59,57.382,23218
1764849600,57.382,57.611,57.094,57.456,19351
1764864000,57.454,57.811,56.46,57.139,33477
1764878400,57.138,57.16,56.653,57.117,16265
1764892800,57.089,57.212,56.861,57.185,11494
1764907200,57.188,58.126,56.99,58.124,19360
1764921600,58.128,58.5,57.815,58.145,19143
1764936000,58.147,58.422,57.805,58.173,17207
1764950400,58.185,59.314,57.931,58.661,46142
1764964800,58.659,58.702,58.202,58.263,22903
1765152000,58.403,58.737,57.713,57.835,17493
1765166400,57.834,58.287,57.485,58.287,21073
1765180800,58.286,58.518,58.097,58.339,20588
1765195200,58.34,58.526,58.018,58.174,20726
1765209600,58.178,58.385,57.614,58.089,36330
1765224000,58.089,58.158,57.878,58.113,14581
1765238400,58.154,58.163,57.868,58.131,9019
1765252800,58.129,58.403,57.644,57.691,18412
1765267200,57.699,58.912,57.579,58.509,22758
1765281600,58.509,58.902,58.383,58.857,21220
1765296000,58.858,60.564,58.601,60.173,42117
1765310400,60.167,60.821,60.155,60.655,18313
1765324800,60.551,61.405,60.502,61.268,14222
1765339200,61.264,61.455,60.839,61.298,20123
1765353600,61.296,61.587,60.604,60.866,21682
1765368000,60.869,61.263,60.741,60.778,21262
1765382400,60.779,61.029,60.084,60.658,35814
1765396800,60.659,61.931,60.08,61.781,34351
1765411200,61.787,62.871,61.63,62.77,18104
1765425600,62.773,62.856,61.422,61.632,25978
1765440000,61.633,62.23,61.491,62.058,21064
1765454400,62.059,62.563,61.965,62.455,23505
1765468800,62.454,64.123,62.287,63.999,46712
1765483200,63.997,64.299,63.207,63.56,25290
1765497600,63.594,63.6,62.693,63.369,15032
1765512000,63.361,63.922,63.304,63.769,20606
1765526400,63.771,64.344,63.539,64.112,24800
1765540800,64.114,64.563,63.917,64.436,31420
1765555200,64.431,64.644,60.791,61.748,57924
1765569600,61.786,62.005,61.318,61.979,28719
1765756800,61.99,62.747,61.718,62.578,16139
1765771200,62.576,63.097,62.424,63.031,21264
1765785600,63.029,63.942,62.821,63.662,23286
1765800000,63.67,64.085,63.51,63.762,23127
1765814400,63.76,64.025,62.867,63.457,49298
1765828800,63.458,64.153,63.338,63.958,26251
1765843200,64.11,64.127,63.267,63.751,15497
1765857600,63.748,63.871,62.142,62.658,30452
1765872000,62.667,63.234,62.635,62.936,23320
1765886400,62.938,63.654,62.776,63.559,24351
1765900800,63.556,63.832,62.965,63.369,46306
1765915200,63.356,63.918,63.199,63.772,26917
1765929600,63.725,65.633,63.659,65.595,17009
1765944000,65.593,66.511,65.047,66.2,31452
1765958400,66.198,66.349,65.447,65.709,28599
1765972800,65.705,66.066,65.701,65.982,25488
1765987200,65.98,66.802,65.09,66.765,55102
1766001600,66.762,66.872,65.97,66.303,33024
1766016000,66.161,66.495,65.529,66.252,15533
1766030400,66.251,66.602,66.097,66.268,21135
1766044800,66.274,66.615,65.841,65.972,22226
1766059200,65.974,66.417,65.663,66.306,23409
1766073600,66.301,66.445,64.619,65.283,53310
1766088000,65.284,65.512,65.02,65.413,27699
1766102400,65.545,65.597,64.659,64.898,13747
1766116800,64.899,65.955,64.464,65.83,20975
1766131200,65.832,66.113,65.581,66.005,22996
1766145600,66.003,66.204,65.634,65.844,23030
1766160000,65.844,67.414,65.734,67.366,43461
1766174400,67.367,67.448,66.91,67.137,21652
1766361600,67.338,68.525,67.33,68.377,16340
1766376000,68.374,69.436,68.324,68.614,26457
1766390400,68.612,69.248,68.584,68.943,21747
1766404800,68.946,69.241,68.793,68.908,21871
1766419200,68.903,69.258,68.216,68.586,39277
1766433600,68.588,69.053,68.102,69.042,16632
1766448000,69.103,69.681,68.891,69.277,16854
1766462400,69.28,69.976,69.136,69.277,23296
1766476800,69.279,69.647,69.079,69.485,20195
1766491200,69.486,70.654,69.45,70.483,22990
1766505600,70.484,71.072,68.819,70.649,48253
1766520000,70.65,71.564,70.648,71.426,23150
1766534400,71.448,72.686,71.443,72.403,17581
1766548800,72.401,72.514,71.721,72.068,25479
1766563200,72.073,72.496,71.371,72.076,22777
1766577600,72.077,72.441,71.484,71.96,25052
1766592000,71.961,72.266,70.174,71.947,49340
1766606400,71.947,72.009,71.719,71.814,2844
1766707200,73.42,75.134,72.474,74.584,24400
1766721600,74.587,75.065,74.239,75.002,27887
1766736000,74.994,75.047,74.473,74.764,20943
1766750400,74.758,75.628,73.568,74.609,32917
1766764800,74.612,76.506,74.275,76.438,52708
1766779200,76.417,79.318,76.307,79.056,38063
1766966400,81.665,83.409,74.327,76.927,30411
1766980800,76.942,80.859,76.893,79.044,34156
1766995200,79.038,79.348,74.258,75.726,43119
1767009600,75.728,76.108,72.865,73.845,32728
1767024000,73.843,73.843,70.506,71.612,57280
1767038400,71.611,73.044,70.798,72.181,26017
1767052800,72.414,73.714,71.156,73.66,23168
1767067200,73.658,75.169,73.065,75.059,25224
1767081600,75.044,75.12,73.832,74.616,27546
1767096000,74.613,76.524,74.353,76.316,30501
1767110400,76.324,77.768,75.08,77.538,50330
1767124800,77.538,78.05,75.372,76.467,31658
1767139200,76.006,76.118,74.229,75.43,18819
1767153600,75.436,75.777,70.748,70.944,33831
1767168000,70.95,72.478,70.481,71.866,33744
1767182400,71.864,72.397,71.302,72.207,30123
1767196800,72.191,73.764,71.123,71.282,47982
1767211200,71.286,71.884,70.055,71.402,31841
1767312000,72.093,73.02,71.879,72.767,15149
1767326400,72.782,73.977,72.207,73.941,21145
1767340800,73.941,74.532,73.669,74.386,21443
1767355200,74.395,74.543,73.529,73.864,22099
1767369600,73.865,74.416,71.606,71.913,48570
1767384000,71.888,72.724,71.418,72.631,29362
1767571200,73.394,76.337,72.931,75.539,24272
1767585600,75.54,75.931,74.947,75.37,26962
1767600000,75.368,76.335,75.299,76.271,23904
1767614400,76.269,76.307,74.581,75.596,30661
1767628800,75.597,77.862,75.597,76.431,45310
1767643200,76.432,76.839,75.625,76.525,24309
1767657600,76.612,76.796,75.884,76.646,16509
1767672000,76.645,79.351,76.521,78.455,27629
1767686400,78.467,79.148,77.589,77.636,27242
1767700800,77.638,79.06,77.439,78.988,27898
1767715200,78.99,81.325,78.719,81.22,42328
1767729600,81.199,81.409,79.823,81.253,28535
1767744000,81.374,82.748,79.544,80.389,23631
1767758400,80.39,81.519,78.267,79.115,32209
1767772800,79.116,80.182,78.195,79.468,29758
1767787200,79.44,79.64,77.086,77.551,32444
1767801600,77.55,78.908,76.354,78.04,45863
1767816000,78.059,78.59,77.335,78.118,28225
1767830400,78.389,79.005,77.464,78.609,18508
1767844800,78.603,78.616,75.547,76.12,32114
1767859200,76.125,76.626,75.179,76.137,30401
1767873600,76.137,76.18,74.061,74.147,30844
1767888000,74.092,76.398,73.829,76.149,48765
1767902400,76.148,77.043,75.239,76.907,29762
1767916800,76.917,77.157,75.469,76.556,18007
1767931200,76.553,77.496,76.115,77.059,27200
1767945600,77.059,78.24,76.607,77.968,25847
1767960000,77.982,78.682,77.244,78.307,27622
1767974400,78.306,80.5,78.194,79.52,48111
1767988800,79.519,80.166,79.355,79.943,26976
1768176000,80.375,83.979,80.281,82.929,29498
1768190400,82.9,84.549,82.325,84.535,30692
1768204800,84.534,84.602,83.585,84.211,27917
1768219200,84.21,85.682,83.569,85.611,28123
1768233600,85.606,86.229,83.827,85.927,47697
1768248000,85.898,86.016,84.68,84.95,29804
1768262400,85.07,85.07,83.421,83.717,25113
1768276800,83.717,86.007,83.709,85.337,29110
1768291200,85.318,86.019,84.65,85.495,26257
1768305600,85.496,87.812,85.311,87.694,26740
1768320000,87.725,89.094,86.843,87.032,50464
1768334400,87.027,87.963,85.886,86.947,39351
1768348800,87.12,89.939,87.093,89.906,21080
1768363200,89.908,91.536,89.186,89.431,33758
1768377600,89.422,90.613,89.212,90.503,31136
1768392000,90.501,92.246,89.927,91.778,36782
1768406400,91.776,92.226,89.688,90.541,58461
1768420800,90.542,93.488,90.349,92.753,43860
1768435200,92.924,93.027,85.887,88.015,33057
1768449600,88.012,90.183,86.41,88.006,43148
1768464000,88.007,90.607,87.956,90.486,32513
1768478400,90.488,91.467,87.86,88.504,39421
1768492800,88.508,91.976,87.918,91.839,55302
1768507200,91.838,93.029,91.211,92.32,40531
1768521600,92.697,92.768,90.243,91.13,28305
1768536000,91.128,91.868,89.487,91.457,33041
1768550400,91.448,91.753,89.862,91.154,28351
1768564800,91.155,91.538,87.645,88.856,35532
1768579200,88.846,89.912,86.852,88.729,57141
1768593600,88.73,89.933,88.385,89.901,38883
1768780800,91.748,94.106,89.124,93.161,35244
1768795200,93.162,93.534,92.606,93.212,30486
1768809600,93.214,93.834,92.393,93.16,27089
1768824000,93.148,93.624,92.56,93.266,25886
1768838400,93.268,94.66,93.102,94.615,28491
1768852800,94.614,94.623,94.284,94.288,5410
1768867200,94.02,94.475,92.89,93.108,21257
1768881600,93.106,94.611,92.567,94.443,32661
1768896000,94.441,95.485,93.339,94.921,36078
1768910400,94.919,95.858,94.645,95.175,33018
1768924800,95.169,95.841,93.1,94.479,55507
1768939200,94.478,95.016,93.734,94.601,39588
1768953600,94.582,95.544,93.967,94.442,23533
1768968000,94.433,94.938,93.332,94.561,34711
1768982400,94.562,95.313,94.131,95.187,32584
1768996800,95.185,95.254,93.675,94.965,31823
1769011200,94.978,95.085,92.294,93.295,58636
1769025600,93.258,93.64,90.32,93.227,47464
1769040000,92.51,92.731,90.801,92.25,26534
1769054400,92.25,93.905,91.696,93.781,30770
1769068800,93.773,94.377,93.482,93.864,29512
1769083200,93.865,93.998,92.87,93.522,30672
1769097600,93.518,96.498,93.309,96.296,52941
1769112000,96.294,96.582,95.469,96.18,39592
1769126400,96.438,99.006,96.326,98.578,24930
1769140800,98.577,99.359,98.299,99.047,27046
1769155200,99.033,99.24,97.535,98.167,32670
1769169600,98.189,99.657,97.975,99.595,33949
1769184000,99.591,101.285,98.954,100.719,54220
1769198400,100.718,102.988,100.643,102.943,40788
1769385600,104.633,108.564,103.225,107.599,37296
1769400000,107.596,109.437,106.27,107.777,45087
1769414400,107.779,110.103,107.084,109.029,42283
1769428800,109.081,110.864,108.236,109.051,42036
1769443200,109.053,117.267,108.506,117.137,63026
1769457600,117.138,117.711,101.706,103.88,64340
1769472000,104.781,110.839,104.347,110.201,37667
1769486400,110.186,111.122,107.21,109.945,48272
1769500800,109.944,113.479,109.218,112.497,46200
1769515200,112.477,113.049,110.605,111.966,45058
1769529600,111.968,111.968,104.963,106.528,63375
1769544000,106.564,112.994,105.706,112.99,52288
1769558400,111.476,114.349,110.659,113.144,35052
1769572800,113.145,116.082,112.958,115.302,40484
1769587200,115.304,115.568,112.176,112.989,43469
1769601600,113.004,114.622,111.219,114.106,44930
1769616000,114.104,115.659,111.921,114.135,58600
1769630400,114.136,117.422,110.499,116.584,56131
1769644800,116.594,119.385,115.431,117.856,41849
1769659200,117.855,118.531,116.801,118.247,47828
1769673600,118.246,120.436,115.309,117.639,51874
1769688000,117.638,119.86,116.237,119.178,43498
1769702400,119.234,121.62,106.074,114.594,68457
1769716800,114.593,117.283,111.605,116.044,59557
1769731200,116.851,118.414,112.598,113.183,36595
1769745600,113.184,114.167,107.949,109.996,55468
1769760000,109.994,110.897,95.057,97.863,60301
1769774400,97.862,104.028,96.616,97.936,58232
1769788800,97.952,101.558,84.228,85.342,68258
1769803200,85.354,87.042,70.494,84.645,60621
1769990400,82.354,87.898,76.703,84.802,45074
1770004800,84.757,84.932,72.686,76.346,61137
1770019200,76.361,82.576,71.301,81.947,59476
1770033600,81.944,84.349,79.674,81.619,49428
1770048000,81.62,82.614,75.308,79.258,60162
1770062400,79.252,81.557,76.121,79.342,46469
1770076800,80.573,85.637,79.959,84.436,35474
1770091200,84.414,84.477,81.019,83.195,52148
1770105600,83.205,87.919,82.996,86.645,45981
1770120000,86.646,89.147,85.41,88.07,41820
1770134400,88.106,89.061,82.933,83.741,61722
1770148800,83.739,85.776,82.672,85.074,52870
1770163200,85.257,87.473,83.248,87.374,28837
1770177600,87.375,88.241,86.359,87.852,29177
1770192000,87.846,90.73,86.972,89.306,33492
1770206400,89.305,91.917,88.979,91.62,32034
1770220800,91.656,92.195,83.949,84.838,57762
1770235200,84.835,88.219,83.597,87.984,37445
1770249600,88.627,90.387,86.641,86.667,29987
1770264000,86.662,86.791,73.487,77.32,55882
1770278400,77.333,81.038,76.469,78.602,44746
1770292800,78.601,79.445,74.7,76.041,56967
1770307200,76.042,77.565,72.251,76.624,83866
1770321600,76.607,77.844,70.806,71.168,53443
1770336000,71.106,71.352,64.033,70.878,58199
1770350400,70.88,75.044,70.087,74.978,53047
1770364800,74.978,75.303,71.463,74.028,44954
1770379200,74.029,76.269,73.349,75.508,37653
1770393600,75.432,77.577,74.218,77.445,62634
1770408000,77.446,78.116,76.548,77.979,32195
1770595200,79.414,81.623,78.464,80.239,36824
1770609600,80.24,82.187,79.639,82.123,36408
1770624000,82.122,82.435,80.388,80.993,34912
1770638400,81.008,81.279,78.674,79.741,37849
1770652800,79.741,83.621,79.371,82.613,59838
1770667200,82.613,83.996,81.985,83.369,38338
1770681600,83.451,83.716,80.762,82.121,28027
1770696000,82.123,82.915,80.56,81.553,34725
1770710400,81.552,82.783,80.984,82.037,28549
1770724800,82.039,82.594,81.234,81.937,28948
1770739200,81.939,82.99,79.936,80.986,61380
1770753600,80.994,81.285,80.268,80.661,34067
1770768000,81.021,81.998,80.934,81.986,18116
1770782400,81.984,82.787,81.587,82.117,23281
1770796800,82.121,84.931,81.984,84.736,26661
1770811200,84.737,86.274,83.327,84.687,40634
1770825600,84.678,85.459,82.58,84.661,65487
1770840000,84.663,84.716,83.861,84.008,34708
1770854400,84.651,84.651,81.518,83.384,25055
1770868800,83.387,84.203,82.95,84.024,24946
1770883200,84.042,84.215,82.688,83.749,25458
1770897600,83.747,83.955,81.861,83.032,28962
1770912000,83.032,83.507,74.933,75.53,77484
1770926400,75.528,76.901,74.391,75.126,52991
1770940800,74.24,77.276,73.903,76.722,28683
1770955200,76.725,77.671,75.945,76.074,29469
1770969600,76.077,79.326,76.077,78.169,33295
1770984000,78.164,79.288,76.581,78.673,37083
1770998400,78.673,79.119,75.979,77.698,67123
1771012800,77.701,78.235,76.492,77.387,37414
1771200000,75.321,77.454,74.62,77.255,19266
1771214400,77.256,77.408,74.727,75.908,24627
1771228800,75.907,77.341,75.827,76.995,17977
1771243200,76.993,77.334,76.677,76.945,16148
1771257600,76.942,77.092,75.712,76.574,17846
1771272000,76.575,76.829,76.45,76.598,2532
1771286400,76.52,76.867,73.062,75.893,20666
1771300800,75.894,76.524,72.748,73.928,29622
1771315200,73.932,75.47,73.927,74.61,26374
1771329600,74.609,75.268,72.962,72.98,28408
1771344000,72.979,74.734,71.949,72.716,72617
1771358400,72.716,74.071,72.611,73.422,37989
1771372800,73.31,73.756,72.276,73.431,17119
1771387200,73.431,76.104,73.244,75.593,22688
1771401600,75.593,76.078,75.189,75.686,21395
1771416000,75.687,76.907,75.289,76.636,23925
1771430400,76.636,78.315,76.617,78.165,49797
1771444800,78.166,78.323,76.244,77.189,35551
1771459200,77.607,77.676,76.44,77.261,16222
1771473600,77.26,78.217,76.988,77.933,17917
1771488000,77.932,79.442,77.886,78.586,20745
1771502400,78.585,78.628,77.357,78.351,25631
1771516800,78.35,79.099,77.164,77.563,62047
1771531200,77.567,78.506,77.471,78.335,33699
1771545600,78.603,78.741,77.843,78.283,15175
1771560000,78.282,78.648,77.425,78.638,17410
1771574400,78.638,81.18,78.494,80.335,21060
1771588800,80.337,80.964,79.978,80.777,25062
1771603200,80.778,82.877,79.773,82.7,66809
1771617600,82.699,84.618,82.199,84.574,43938
1771804800,85.384,87.602,85.321,86.819,27302
1771819200,86.818,87.816,86.766,87.003,23579
1771833600,86.997,87.09,85.163,86.687,25342
1771848000,86.688,87.121,85.68,85.712,25036
1771862400,85.712,88.013,85.668,86.895,58340
1771876800,86.921,89.022,86.69,88.208,33818
1771891200,88.547,88.85,84.92,86.498,31800
1771905600,86.499,88.229,86.3,88.125,30828
1771920000,88.125,88.895,87.623,88.03,33026
1771934400,88.029,88.562,86.028,86.158,34111
1771948800,86.163,88.194,85.356,87.974,66724
1771963200,87.973,88.202,86.535,87.322,40327
1771977600,86.799,88.68,86.561,88.253,20659
1771992000,88.252,91.214,88.251,90.762,33164
1772006400,90.761,91.079,90.035,90.692,30780
1772020800,90.691,90.983,89.451,90.533,32295
1772035200,90.532,91.061,89.371,90.963,53486
1772049600,90.962,91.263,88.182,89.394,40675
1772064000,89.16,90.333,87.283,89.577,31171
1772078400,89.569,89.965,87.83,89.417,32396
1772092800,89.418,89.667,86.276,87.538,36487
1772107200,87.537,87.686,85.894,87.137,37095
1772121600,87.133,87.612,85.209,86.668,73435
1772136000,86.669,88.929,86.367,88.327,41072
1772150400,88.123,89.501,87.788,89.473,24009
1772164800,89.478,90.124,89.269,90.052,31388
1772179200,90.051,90.556,89.439,89.674,32930
1772193600,89.675,92.685,89.056,92.189,39244
1772208000,92.189,94.125,90.934,93.612,72244
1772222400,93.617,93.843,92.291,93.769,46438
1772409600,95.406,96.371,91.951,92.203,50858
1772424000,92.196,94.563,92.159,94.067,46503
1772438400,94.064,96.115,93.985,95.312,45923
1772452800,95.311,95.621,92.974,93.842,45039
1772467200,93.842,93.845,86.462,87.916,92374
1772481600,87.915,90.753,87.449,89.419,52650
1772496000,89.961,91.28,88.322,88.611,31277
1772510400,88.614,90.239,86.077,86.882,49424
1772524800,86.881,87.671,82.943,84.278,61523
1772539200,84.277,84.679,77.9,82.199,74247
1772553600,82.198,83.714,79.093,82.112,88927
1772568000,82.118,84.012,81.835,82.01,61886
1772582400,82.19,84.374,81.742,84.315,33593
1772596800,84.316,85.463,83.293,84.531,51240
1772611200,84.53,86.258,83.698,86.178,42435
1772625600,86.18,86.742,84.544,84.669,44249
1772640000,84.665,85.22,82.971,83.548,71204
1772654400,83.548,83.72,82.16,83.372,39212
1772668800,83.666,85.129,83.187,84.263,23692
1772683200,84.264,85.499,82.519,82.519,38469
1772697600,82.517,84.917,80.451,84.132,51841
1772712000,84.132,84.647,81.65,82.568,41159
1772726400,82.565,83.294,81.1,81.474,80399
1772740800,81.475,82.402,80.584,82.121,54941
1772755200,82.271,84.369,81.726,84.051,25893
1772769600,84.05,84.574,83.307,83.646,30056
1772784000,83.648,84.704,82.369,82.756,35657
1772798400,82.755,84.112,81.641,82.552,47573
1772812800,82.555,84.924,82.34,84.004,85190
1772827200,84.005,84.722,83.574,84.319,44770
1773014400,83.649,83.959,80.759,81.406,38624
1773028800,81.395,83.508,79.581,82.558,60910
1773043200,82.557,84.941,82.383,83.711,55679
1773057600,83.71,84.473,82.776,83.663,44021
1773072000,83.685,85.079,83.072,84.634,72211
1773086400,84.634,86.897,83.818,86.838,43881
1773100800,86.712,87.978,86.639,86.925,22524
1773115200,86.883,89.949,86.543,88.324,51791
1773129600,88.325,89.352,88.325,88.981,38774
1773144000,88.982,89.431,87.787,88.59,36802
1773158400,88.589,89.67,88.285,89.391,55190
1773172800,89.392,89.571,86.903,88.429,46864
1773187200,88.02,89.201,87.094,89.173,15169
1773201600,89.17,89.371,87.787,88.189,30464
1773216000,88.2,88.308,86.363,87.078,38041
1773230400,87.076,87.326,85.226,85.255,35547
1773244800,85.255,86.171,84.405,85.262,56885
1773259200,85.263,86.035,84.733,85.671,23694
1773273600,85.612,85.64,83.901,85.576,20928
1773288000,85.581,85.868,84.294,84.371,34175
1773302400,84.37,87.164,84.365,86.738,31180
1773316800,86.745,87.377,86.55,87.278,27428
1773331200,87.274,87.409,84.444,85.086,73784
1773345600,85.079,85.401,82.973,83.889,47088
1773360000,83.564,85.04,83.383,85.029,11884
1773374400,85.028,85.408,83.932,84.288,32749
1773388800,84.289,84.476,81.567,82.644,46378
1773403200,82.646,84.437,82.302,84.206,34223
1773417600,84.206,84.43,79.385,80.27,73322
1773432000,80.269,81.311,79.817,80.481,47394
1773619200,79.842,81.521,79.229,81.424,26830
1773633600,81.425,81.473,78.431,80.055,52030
1773648000,80.053,80.729,78.622,79.133,43955
1773662400,79.132,80.217,77.029,80.21,38811
1773676800,80.201,81.606,79.464,80.166,67793
1773691200,80.168,81.352,80.067,80.82,39255
1773705600,80.948,81.119,80.186,80.34,11322
1773720000,80.325,82.494,79.806,82.415,27601
1773734400,82.417,82.441,80.489,80.917,32913
1773748800,80.916,81.019,79.793,80.63,29604
1773763200,80.631,81.353,78.206,79.351,64343
1773777600,79.352,79.892,78.944,79.233,30805
1773792000,79.048,79.765,78.683,79.408,9675
1773806400,79.391,80.032,78.084,78.534,35529
1773820800,78.533,80.149,78.487,79.355,33688
1773835200,79.356,80.002,77.391,77.512,42975
1773849600,77.514,77.886,75.551,77.076,67028
1773864000,77.075,77.458,74.975,75.395,51486
1773878400,75.325,76.625,74.976,76.379,20104
1773892800,76.396,76.646,75.419,75.67,33929
1773907200,75.671,75.99,69.929,71.301,59246
1773921600,71.316,71.926,66.379,67.308,62692
1773936000,67.307,71.106,65.46,70.105,90321
1773950400,70.106,72.797,70.041,72.766,54127
1773964800,73.166,73.398,71.971,72.444,20048
1773979200,72.42,74.496,72.219,73.817,47048
1773993600,73.816,73.824,71.166,73.058,50258
1774008000,73.04,73.232,71.172,71.826,49994
1774022400,71.826,72.186,68.396,69.672,83450
1774036800,69.674,70.108,67.645,67.9,57754
1774224000,67.215,69.573,64.729,66.316,40315
1774238400,66.314,67.943,64.571,66.111,72595
1774252800,66.099,66.611,60.957,64.363,86880
1774267200,64.362,69.65,63.158,69.365,75537
1774281600,69.365,70.746,67.343,68.833,94823
1774296000,68.832,70.139,68.625,69.279,58162
1774310400,68.728,70.078,67.565,68.142,32122
1774324800,68.14,68.573,66.321,66.669,61506
1774339200,66.668,70.361,65.961,69.615,62582
1774353600,69.656,70.322,68.223,68.423,51127
1774368000,68.391,70.281,67.645,69.734,75518
1774382400,69.735,71.048,68.67,70.927,59639
1774396800,71.463,74.227,71.044,73.672,30356
1774411200,73.671,74.518,73.083,73.436,48922
1774425600,73.441,73.67,72.615,73.016,46033
1774440000,73.017,73.346,71.898,72.686,44583
1774454400,72.708,73.279,71.641,72.611,71316
1774468800,72.612,72.669,70.87,71.103,49245
1774483200,71.392,71.974,70.34,71.908,23847
1774497600,71.906,72.165,71.072,71.669,40806
1774512000,71.678,71.725,67.725,68.179,55754
1774526400,68.17,68.451,66.876,67.406,45229
1774540800,67.404,69.67,67.055,67.716,71395
1774555200,67.715,68.977,66.662,68.482,57324
1774569600,68.41,69.044,67.338,67.499,21584
1774584000,67.526,69.695,67.371,69.609,39434
1774598400,69.609,70.318,68.722,68.726,41136
1774612800,68.726,69.09,67.456,67.959,39935
1774627200,67.968,71.592,67.491,70.341,73730
1774641600,70.342,70.528,69.381,69.779,48010
1774828800,69.331,69.357,67.633,68.319,35570
1774843200,68.312,70.453,68.199,70.07,52292
1774857600,70.071,71.004,69.951,70.847,41809
1774872000,70.848,71.589,70.55,71.291,37627
1774886400,71.293,71.703,69.972,70.527,61806
1774900800,70.524,70.619,69.581,69.971,41956
1774915200,70.243,70.642,68.97,70.61,24061
1774929600,70.616,73.434,70.402,72.158,53926
1774944000,72.157,73.255,71.508,73.058,42757
1774958400,73.059,73.471,72.221,72.797,38570
1774972800,72.803,75.02,72.486,74.543,58578
1774987200,74.545,75.353,74.417,75.173,42250
1775001600,75.326,75.538,74.619,75.117,22724
1775016000,75.119,75.598,73.724,74.13,41897
1775030400,74.131,75.365,73.875,74.407,37260
1775044800,74.412,75.459,74.133,74.66,34496
1775059200,74.656,75.852,74.38,75.851,52940
1775073600,75.853,76.098,74.888,75.198,33129
1775088000,74.275,80.484,71.508,75.508,16981
1775102400,75.502,75.553,71.518,71.968,63416
1775116800,71.968,72.045,69.612,71.173,48505
1775131200,71.171,71.527,70.043,70.078,34539
1775145600,70.079,73.103,69.527,72.35,67730
1775160000,72.348,73.03,72.213,72.974,33621
1775433600,72.065,72.478,71.077,72.222,26584
1775448000,72.226,73.139,71.683,72.412,30366
1775462400,72.417,73.167,71.702,73.129,27953
1775476800,73.139,73.546,72.809,73.058,27542
1775491200,73.071,73.151,72.036,72.579,62336
1775505600,72.58,73.197,72.149,72.879,33676
1775520000,71.981,73.308,70.714,72.533,12846
1775534400,72.534,73.354,71.54,73.078,43244
1775548800,73.086,73.107,71.743,72.838,38241
1775563200,72.836,73.12,71.438,71.854,32693
1775577600,71.865,72.297,69.78,71.553,54201
1775592000,71.554,73.097,71.253,73.007,42954
1775606400,73.711,77.143,73.33,76.616,46672
1775620800,76.618,76.963,75.977,76.636,32527
1775635200,76.635,77.613,76.526,76.901,34850
1775649600,76.899,77.423,76.411,77.388,28591
1775664000,77.387,77.563,74.682,75.515,53727
1775678400,75.513,75.523,73.45,74.21,38874
1775692800,74.201,74.214,73.367,73.51,18751
1775707200,73.523,74.36,72.852,74.057,27745
1775721600,74.058,74.28,73.591,74.064,27329
1775736000,74.062,74.712,73.804,74.395,21839
1775750400,74.397,76.252,74.186,75.949,50675
1775764800,75.952,76.601,75.343,75.381,31065
1775779200,75.489,75.56,74.922,75.397,15030
1775793600,75.396,75.97,74.874,75.794,31100
1775808000,75.795,76.182,74.793,74.897,27042
1775822400,74.897,76.107,74.897,75.871,22787
1775836800,75.863,76.811,75.705,76.175,47677
1775851200,76.179,76.465,75.934,76.123,24071
1776038400,73.647,74.488,72.569,74.442,29928
1776052800,74.441,74.724,73.959,74.447,32567
1776067200,74.448,74.878,74.185,74.37,29186
1776081600,74.367,74.503,73.636,73.888,28043
1776096000,73.897,75.831,73.535,75.336,57664
1776110400,75.337,75.608,74.875,75.556,30090
1776124800,75.57,76.058,75.35,75.937,13262
1776139200,75.927,77.162,75.707,77.148,30092
1776153600,77.149,78.075,76.474,78.075,28612
1776168000,78.077,78.118,77.146,77.48,27941
1776182400,77.48,79.507,77.426,79.032,53053
1776196800,79.031,79.661,78.894,79.577,28485
1776211200,79.56,79.71,79.267,79.644,14227
1776225600,79.639,80.981,79.329,79.815,37255
1776240000,79.8,79.942,78.975,79.259,34479
1776254400,79.259,79.323,78.198,78.583,31762
1776268800,78.584,80.489,78.578,79.273,53083
1776283200,79.272,79.515,78.923,78.952,25854
1776297600,79.109,80.227,79.095,80.119,9640
1776312000,80.121,80.639,79.899,80.637,27247
1776326400,80.638,80.822,79.606,79.746,30348
1776340800,79.746,79.844,78.977,79.216,23555
1776355200,79.235,79.751,78.033,78.575,65883
1776369600,78.577,78.759,78.136,78.423,36645
1776384000,78.697,78.853,78.432,78.699,9694
1776398400,78.699,79.229,77.732,79.106,30776
1776412800,79.105,79.47,78.472,79.47,26692
1776427200,79.485,81.582,79.057,81.529,29179
1776441600,81.527,83.025,81.049,82.193,66576
1776456000,82.194,82.297,80.909,80.937,36621
1776643200,79.298,79.852,78.602,79.82,31341
1776657600,79.824,80.642,79.62,79.782,39002
1776672000,79.79,80.037,79.203,79.434,45067
1776686400,79.427,79.913,79.05,79.571,32852
1776700800,79.57,80.409,79.303,79.871,60116
1776715200,79.881,80.084,79.571,79.693,25354
1776729600,79.812,80.185,79.434,79.864,15920
1776744000,79.867,79.909,78.511,78.865,31568
1776758400,78.868,79.319,78.469,78.815,34225
1776772800,78.806,79.263,78.352,78.746,31117
1776787200,78.744,79.024,76.226,76.315,74832
1776801600,76.318,77.089,75.39,76.62,63396
1776816000,76.928,77.649,76.627,77.419,17716
1776830400,77.411,78.268,77.328,77.981,31536
1776844800,77.983,78.652,77.92,78.095,36204
1776859200,78.091,78.24,77.536,77.639,31262
1776873600,77.647,78.372,77.393,77.62,62721
1776888000,77.62,78.017,77.561,77.696,33003
1776902400,77.67,78.368,76.35,78.151,23856
1776916800,78.153,78.307,75.619,76.215,52408
1776931200,76.218,76.348,75.45,75.595,46018
1776945600,75.595,76.985,74.209,76.787,46115
1776960000,76.79,76.921,75.464,76.305,58168
1776974400,76.319,76.365,74.579,75.413,59494
1776988800,75.551,75.911,75.198,75.732,20422
1777003200,75.731,75.878,74.641,74.984,43994
1777017600,74.988,75.175,73.912,74.805,41718
1777032000,74.813,76.209,74.564,75.541,44782
1777046400,75.54,76.527,75.184,76.357,73486
1777060800,76.356,76.644,75.711,75.716,37202
1777248000,75.484,75.645,74.702,75.619,15225
1777262400,75.621,76.55,75.017,76.415,36447
1777276800,76.416,76.418,75.473,75.565,36264
1777291200,75.566,75.904,75.177,75.468,28788
1777305600,75.482,75.559,74.626,75.135,59739
1777320000,75.137,75.703,74.895,75.45,27494
1777334400,75.494,76.12,75.483,75.658,9146
1777348800,75.657,75.754,74.146,74.417,27441
1777363200,74.43,74.446,72.672,73.531,47186
1777377600,73.518,73.686,72.005,73.457,44776
1777392000,73.456,73.456,72.191,73.181,68046
1777406400,73.184,73.484,72.946,73.005,27969
1777420800,73.107,73.697,72.999,73.18,10807
1777435200,73.179,73.85,72.746,73.801,31622
1777449600,73.802,73.913,72.464,72.817,38013
1777464000,72.819,73.044,71.904,72.012,32628
1777478400,72.013,72.41,71.276,71.464,57461
1777492800,71.466,71.834,70.834,71.286,40414
1777507200,71.198,72.281,71.191,72.049,13515
1777521600,72.045,72.947,71.554,71.559,38584
1777536000,71.558,73.595,71.558,73.301,39062
1777550400,73.309,73.885,73.127,73.495,39851
1777564800,73.508,73.734,72.787,73.269,58265
1777579200,73.267,73.816,73.264,73.653,23134
1777593600,74.174,74.533,74.009,74.114,14042
1777608000,74.116,74.548,73.719,73.826,17871
1777622400,73.829,74.022,72.99,73.104,27501
1777636800,73.107,75.201,72.928,74.189,24000
1777651200,74.174,76.935,74.157,76.001,57942
1777665600,76.002,76.154,75.261,75.321,22213
1777852800,75.733,75.959,75.267,75.578,18545
1777867200,75.58,75.784,74.983,75.339,26132
1777881600,75.339,75.527,74.12,74.34,30145
1777896000,74.343,74.546,72.164,73.713,45993
1777910400,73.71,74.648,72.545,72.728,68601
1777924800,72.728,73.253,72.467,72.716,28196
1777939200,72.721,72.83,72.365,72.738,10698
1777953600,72.735,73.216,72.573,72.723,21998
1777968000,72.718,73.754,72.602,73.7,29702
1777982400,73.701,73.987,73.232,73.42,29149
1777996800,73.414,74.161,72.802,73.092,43883
1778011200,73.093,73.29,72.723,72.753,17211
1778025600,72.772,74.485,72.605,74.427,23393
1778040000,74.422,75.787,74.203,75.614,43350
1778054400,75.613,77.15,75.388,76.897,35302
1778068800,76.9,77.776,75.71,76.861,50966
1778083200,76.857,77.747,76.39,76.809,56195
1778097600,76.798,77.586,76.697,77.315,26031
1778112000,77.289,77.71,77.049,77.121,13995
1778126400,77.125,78.255,76.949,77.675,32944
1778140800,77.677,79.862,77.533,79.587,36193
1778155200,79.59,81.658,79.403,81.452,35570
1778169600,81.452,82.105,79.332,79.843,68134
1778184000,79.843,80.014,78.612,79.233,56043
1778198400,78.593,79.433,78.279,79.074,20123
1778212800,79.069,80.17,79.052,79.565,41002
1778227200,79.575,80.673,79.288,80.119,46603
1778241600,80.125,81.454,79.997,81.098,39808
1778256000,81.088,81.536,79.849,80.059,61471
1778270400,80.057,80.857,80.008,80.345,26318
1778457600,79.375,80.496,79.033,79.978,19758
1778472000,79.975,81.59,79.518,80.283,50051
1778486400,80.284,80.705,79.709,80.253,44793
1778500800,80.255,83.826,79.989,83.599,36516
1778515200,83.598,85.995,83.477,85.154,65147
1778529600,85.156,86.191,84.961,86.156,30537
1778544000,86.204,87.168,85.959,85.991,18402
1778558400,85.99,87.061,85.448,85.996,44179
1778572800,85.995,86.19,83.463,84.28,44832
1778587200,84.284,84.738,83.055,84.431,40360
1778601600,84.434,85.426,83.005,84.604,78486
1778616000,84.615,86.824,84.615,86.552,38354
1778630400,86.863,87.61,86.584,87.15,19762
1778644800,87.169,87.773,85.923,86.313,43885
1778659200,86.31,86.9,85.585,86.454,39978
1778673600,86.452,87.583,85.944,86.377,40480
1778688000,86.375,89.331,86.37,88.621,66681
1778702400,88.625,89.107,87.259,87.495,36702
1778716800,87.693,88.067,87.302,88.038,13155
1778731200,88.023,88.409,86.252,86.876,50356
1778745600,86.877,87.546,86.624,86.965,39378
1778760000,86.967,87.452,86.109,86.539,38809
1778774400,86.535,86.722,83.804,84.73,66238
1778788800,84.747,84.905,83.071,83.453,36735
1778803200,83.46,83.843,81.763,82.454,22588
1778817600,82.442,82.514,80.597,80.923,56040
1778832000,80.944,80.947,77.532,78.154,67477
1778846400,78.161,79.09,76.791,77.173,53774
1778860800,77.179,77.327,75.737,76.286,81023
1778875200,76.283,77.382,75.699,75.86,37226
1779062400,75.979,76.895,73.989,75.449,34812
1779076800,75.459,75.645,73.826,75.334,64311
1779091200,75.335,76.292,74.809,76.133,50682
1779105600,76.128,77.501,75.344,77.416,46907
1779120000,77.417,78.168,76.107,76.923,73979
1779134400,76.922,77.651,76.4,77.495,30877
1779148800,77.667,78.857,77.458,77.523,19377
1779163200,77.521,77.735,75.941,76.229,46621
1779177600,76.23,76.643,75.677,75.983,47322
1779192000,75.978,76.36,75.423,76.013,41734
1779206400,76.01,76.019,73.057,74.631,71234
1779220800,74.626,74.897,73.681,73.727,27838
1779235200,73.897,74.609,73.757,74.609,22102
1779249600,74.603,74.882,73.085,73.534,56528
1779264000,73.526,75.567,73.524,75.341,47618
1779278400,75.326,75.782,75.118,75.482,34732
1779292800,75.481,76.592,74.388,75.898,75372
1779307200,75.897,76.372,75.72,75.798,28397
1779321600,75.681,76.119,75.254,76.067,20175
1779336000,76.066,76.925,75.164,75.699,45060
1779350400,75.701,75.753,74.638,75.523,51344
1779364800,75.522,75.828,74.548,74.702,48256
1779379200,74.7,76.029,74.385,76.001,65587
1779393600,76.018,77.088,75.889,76.578,41062
1779408000,76.747,76.805,76.178,76.184,12764
1779422400,76.176,76.652,75.876,76.53,35077
1779436800,76.528,77.01,75.664,75.901,40971
1779451200,75.902,76.339,75.395,76.154,35450
1779465600,76.152,76.454,74.934,75.853,57392
1779480000,75.854,76.287,75.363,75.4,27016
1779667200,77.523,78.791,76.786,78.144,20449
1779681600,78.145,78.542,77.26,77.886,41678
1779696000,77.885,78.032,77.329,77.888,30680
1779710400,77.888,78.255,77.606,77.813,22480
1779724800,77.809,78.045,77.326,78.042,28526
1779739200,78.041,78.472,77.962,78.026,4643
1779753600,78.109,78.361,77.066,77.542,20058
1779768000,77.544,77.556,75.683,76.379,36497
1779782400,76.374,76.797,75.866,76.0,36367
1779796800,76.005,76.601,75.464,76.229,37908
1779811200,76.227,76.631,75.791,76.127,49107
1779825600,76.128,77.047,75.792,76.918,16709
1779840000,77.099,77.499,76.923,77.145,12142
1779854400,77.147,77.439,76.479,76.811,27074
1779868800,76.809,76.914,74.596,75.446,41818
1779883200,75.44,75.525,73.418,74.357,44067
1779897600,74.357,75.04,73.854,74.682,55564
1779912000,74.691,74.959,74.387,74.621,18079
1779926400,74.627,74.904,74.338,74.879,13012
1779940800,74.881,74.933,71.795,71.961,46769
1779955200,71.964,73.615,71.753,73.205,39549
1779969600,73.198,74.127,72.693,74.117,37818
1779984000,74.116,75.823,73.132,75.782,60367
1779998400,75.781,75.997,75.498,75.583,23153
1780012800,75.759,76.111,75.518,75.621,10894
1780027200,75.625,76.411,75.342,75.923,35472
1780041600,75.925,75.943,74.939,75.076,31824
1780056000,75.077,75.794,75.005,75.657,28864
1780070400,75.669,76.643,74.558,75.807,60145
1780084800,75.81,75.895,75.291,75.308,23959
1780272000,74.408,75.737,74.359,75.535,17463
1780286400,75.532,76.011,74.783,75.539,37116
1780300800,75.542,75.965,75.245,75.689,32488
1780315200,75.697,76.262,75.261,75.744,30581
1780329600,75.744,75.852,73.811,74.951,60553
1780344000,74.951,75.419,74.732,74.829,20903
1780358400,74.791,75.28,74.709,74.902,13785
1780372800,74.893,75.886,74.447,75.739,38606
1780387200,75.741,76.975,75.704,76.417,33668
1780401600,76.418,76.65,75.953,76.059,25723
1780416000,76.063,76.517,75.224,75.396,44048
1780430400,75.395,75.483,74.718,75.128,20531
1780444800,75.132,75.305,74.263,75.102,17198
1780459200,75.098,75.219,73.863,74.654,31518
1780473600,74.662,74.88,73.97,74.082,36563
1780488000,74.079,74.797,73.885,74.164,33190
1780502400,74.165,74.468,73.08,73.412,56553
1780516800,73.433,73.657,72.655,72.663,26068
1780531200,72.718,73.384,72.425,73.238,18976
1780545600,73.233,73.883,72.738,73.708,37158
1780560000,73.706,73.708,72.866,73.251,35807
1780574400,73.251,74.669,73.166,74.518,36656
1780588800,74.519,75.05,73.164,73.839,54412
1780603200,73.839,74.132,73.604,73.865,19745
1780617600,73.868,74.099,73.235,73.24,15460
1780632000,73.238,73.274,72.309,72.779,45929
1780646400,72.78,72.828,71.244,72.55,39822
1780660800,72.551,73.456,71.335,71.431,34329
1780675200,71.435,71.459,68.428,69.172,84649
1780689600,69.177,69.277,67.542,67.822,52842
1780876800,67.693,68.457,66.936,68.311,27270
1780891200,68.309,68.438,66.907,67.744,56913
1780905600,67.747,67.855,66.137,66.994,54183
1780920000,66.993,68.904,66.536,68.849,48076
1780934400,68.853,68.911,67.688,68.599,72134
1780948800,68.6,68.639,67.955,68.127,36494
1780963200,68.085,68.157,67.415,67.694,16948
1780977600,67.693,68.261,67.452,67.883,41565
1780992000,67.884,68.829,67.782,68.391,40726
1781006400,68.396,68.671,68.134,68.616,30332
1781020800,68.631,69.001,64.336,64.857,98790
1781035200,64.856,65.759,64.827,65.377,59254
1781049600,65.293,65.326,64.24,64.633,24557
1781064000,64.64,65.034,63.445,63.466,54273
1781078400,63.465,65.253,63.397,63.79,53636
1781092800,63.788,65.033,63.342,64.239,63171
1781107200,64.238,65.733,64.039,64.937,89909
1781121600,64.938,65.173,63.287,63.38,53148
1781136000,62.91,63.693,61.467,63.542,40969
1781150400,63.543,64.48,62.878,63.965,62494
1781164800,63.964,64.646,63.51,64.247,47748
1781179200,64.246,64.291,62.766,63.428,41364
1781193600,63.427,64.592,63.341,63.81,80339
1781208000,63.816,67.54,63.612,67.179,66888
1781222400,67.303,67.93,67.147,67.318,25221
1781236800,67.308,67.51,66.439,66.921,43243
1781251200,66.916,67.312,65.857,66.881,51631
1781265600,66.883,67.542,66.41,66.487,42552
1781280000,66.488,68.038,66.183,67.712,80543
1781294400,67.713,68.328,67.579,68.007,34492
1781481600,69.421,70.529,69.376,70.022,25000
1781496000,70.028,70.787,69.851,70.477,43493
1781510400,70.478,70.692,69.866,70.481,37626
1781524800,70.48,71.191,70.48,71.168,26570
1781539200,71.168,71.294,70.147,70.307,43526
1781553600,70.302,70.302,69.881,69.972,21058
1781568000,70.021,70.052,69.624,69.817,10569
1781582400,69.827,69.951,69.036,69.702,28884
1781596800,69.7,70.557,69.209,70.539,31186
1781611200,70.539,71.151,70.219,71.121,24962
1781625600,71.119,71.157,69.38,70.083,57126
1781640000,70.082,70.413,69.725,70.019,24050
1781654400,69.969,70.306,69.78,70.169,10969
1781668800,70.15,70.495,69.82,70.072,31354
1781683200,70.081,70.422,69.469,69.7,29048
1781697600,69.699,70.071,69.598,69.925,24755
1781712000,69.929,70.863,69.514,70.574,49934
1781726400,70.574,71.529,66.771,67.869,72144
1781740800,67.898,69.35,67.858,69.094,20318
1781755200,69.09,69.827,68.722,68.996,38524
1781769600,68.993,69.263,68.047,68.066,38899
1781784000,68.063,68.517,66.304,66.437,42088
1781798400,66.44,67.538,65.843,66.105,63758
1781812800,66.116,66.345,65.041,65.691,29968
1781827200,65.66,65.732,65.02,65.298,16300
1781841600,65.297,65.379,63.433,63.463,36423
1781856000,63.482,65.349,63.257,65.195,36846
1781870400,65.196,65.347,64.323,65.328,31360
1781884800,65.339,65.365,64.163,64.799,30258
1782086400,64.52,66.287,64.19,66.276,21324
1782100800,66.281,67.125,65.394,65.491,38528
1782115200,65.49,66.798,65.434,66.161,32398
1782129600,66.16,66.709,66.081,66.19,24547
1782144000,66.185,66.86,65.098,65.582,61798
1782158400,65.584,65.604,64.949,65.083,24639
1782172800,65.088,65.118,64.331,64.905,12668
1782187200,64.906,65.16,62.494,62.56,58659
1782201600,62.573,63.023,61.776,62.074,60089
1782216000,62.075,62.674,61.67,61.875,33512
1782230400,61.875,62.471,61.488,62.021,53289
1782244800,62.019,62.193,61.308,61.511,24376
1782259200,61.596,61.875,60.784,61.49,27757
1782273600,61.494,61.99,60.698,61.097,54392
1782288000,61.095,62.345,60.963,61.26,35802
1782302400,61.265,61.335,58.09,58.13,43734
1782316800,58.136,59.585,57.981,58.573,70319
1782331200,58.575,58.626,55.575,57.358,57306
1782345600,57.596,57.861,57.034,57.215,23078
1782360000,57.235,57.777,56.314,57.529,54066
1782374400,57.526,57.674,56.518,57.411,46397
1782388800,57.409,58.366,56.821,58.161,42283
1782403200,58.164,58.996,56.951,58.272,74507
1782417600,58.272,58.48,57.651,57.798,38856
1782432000,57.803,58.024,57.309,57.619,19923
1782446400,57.632,57.996,55.673,56.378,46187
1782460800,56.382,58.312,56.224,57.67,48231
1782475200,57.671,58.924,57.613,58.859,38571
1782489600,58.86,59.548,57.956,59.289,69385
1782504000,59.29,59.316,58.483,58.618,31222
1782691200,59.141,59.329,58.029,58.619,27215
1782705600,58.62,59.119,58.129,58.206,51729
1782720000,58.182,58.91,57.736,57.973,44336
1782734400,57.976,58.524,57.386,58.347,36754
1782748800,58.346,58.736,57.403,58.081,52419
1782763200,58.082,58.376,57.9,58.223,21058
1782777600,58.303,58.535,57.226,57.482,15333
1782792000,57.491,57.991,56.582,57.654,43335
1782806400,57.656,59.587,57.061,58.452,45264
1782820800,58.452,59.157,58.209,58.318,27548
1782835200,58.303,60.411,58.299,59.421,55714
1782849600,59.422,59.839,58.671,58.716,20830
1782864000,58.785,58.854,58.22,58.45,12946
1782878400,58.444,58.655,57.433,57.627,37294
1782892800,57.625,57.884,57.142,57.696,29857
1782907200,57.691,59.109,57.592,58.786,27194
1782921600,58.787,60.992,58.299,60.044,55422
1782936000,60.048,60.128,59.023,59.087,22878
1782950400,59.349,59.495,58.883,59.426,13918
1782964800,59.427,60.377,59.387,60.027,37768
1782979200,60.029,60.278,59.27,60.124,34837
1782993600,60.124,61.621,59.441,61.134,37130
1783008000,61.159,62.052,60.427,60.82,68322
1783022400,60.818,60.92,60.325,60.828,29610
1783036800,60.957,61.48,60.881,61.395,16621
1783051200,61.392,62.631,61.269,62.358,35716
1783065600,62.359,62.866,62.085,62.689,27593
1783080000,62.689,62.726,61.979,62.366,18914
1783094400,62.367,62.496,61.885,62.348,28442
1783296000,62.841,63.24,62.407,62.666,23147
1783310400,62.665,63.085,61.673,61.831,43463
1783324800,61.829,62.351,61.525,61.964,25986
1783339200,61.964,62.221,61.434,61.579,22373
1783353600,61.579,62.022,61.333,61.786,42465
1783368000,61.785,62.323,61.666,62.004,17271
1783382400,62.025,62.131,61.432,61.454,12390
1783396800,61.448,61.673,60.798,60.84,36247
1783411200,60.841,61.26,60.28,60.908,32479
1783425600,60.906,61.71,60.62,61.606,25013
1783440000,61.609,61.833,60.431,60.91,47483
1783454400,60.908,61.056,59.413,59.947,27577
1783468800,59.952,60.266,59.555,60.081,17012
1783483200,60.08,60.723,59.579,60.312,38146
1783497600,60.312,61.001,58.155,58.369,44574
1783512000,58.372,59.026,58.035,58.527,48809
1783526400,58.531,58.964,57.197,57.898,63505
1783540800,57.903,58.674,57.774,58.228,26067
1783555200,58.328,58.58,58.24,58.302,15138
1783569600,58.289,58.43,57.552,57.971,40491
1783584000,57.971,59.446,57.878,59.157,36765
1783598400,59.161,59.644,58.688,59.293,29254
1783612800,59.292,60.585,59.183,60.373,51643
1783627200,60.372,60.435,59.836,59.948,18179
1783641600,59.945,60.193,59.707,60.149,9620
1783656000,60.161,60.734,59.74,60.325,32532
1783670400,60.326,60.377,59.345,59.505,29700
1783684800,59.499,59.844,59.244,59.602,23266
1783699200,59.614,60.033,58.853,59.701,45661
1783713600,59.7,59.815,59.473,59.785,14239
1783900800,58.971,59.352,58.465,58.769,19703
1783915200,58.79,59.104,57.962,58.212,40192
1783929600,58.212,58.965,57.679,58.847,34507
1783944000,58.836,58.863,58.204,58.643,29178
1783958400,58.643,58.69,57.375,57.585,56264
1783972800,57.593,57.758,57.234,57.567,33494
1783987200,57.587,57.706,57.035,57.452,17528
1784001600,57.459,57.818,56.837,57.783,36619
1784016000,57.79,58.399,57.769,57.951,32360
1784030400,57.948,59.634,57.701,58.984,35754
1784044800,58.983,59.65,58.594,58.722,51473
1784059200,58.722,58.833,58.446,58.602,16923
1784073600,58.715,58.997,58.597,58.91,11620
1784088000,58.911,59.045,58.167,58.46,33257
1784102400,58.471,58.539,57.967,58.351,35577
1784116800,58.352,58.71,57.763,58.614,30907
1784131200,58.613,58.824,56.589,56.866,65926
1784145600,56.868,58.37,56.836,57.801,35300
1784160000,57.776,57.858,57.407,57.427,13632
1784174400,57.426,57.567,56.821,57.035,39191
1784188800,57.032,57.431,56.535,57.021,39550
1784203200,57.022,57.093,55.712,55.805,37458
1784217600,55.809,56.485,55.365,56.038,72521
1784232000,56.05,56.087,55.3,55.494,34641
1784246400,55.604,55.765,55.329,55.738,15222
1784260800,55.738,55.749,54.736,55.192,43690
1784275200,55.19,55.988,54.907,55.443,46706
1784289600,55.443,55.715,54.967,55.05,31048
1784304000,55.05,56.17,54.839,55.985,69750
1784318400,55.984,56.183,55.829,55.883,31604
1784505600,55.569,56.646,55.421,56.57,20432
1784520000,56.571,57.347,56.339,56.88,43986
1784534400,56.881,57.172,56.349,56.8,38410
1784548800,56.799,57.458,56.615,56.736,33108
1784563200,56.737,57.153,56.355,56.8,49743
1784577600,56.799,56.95,56.342,56.401,25491
1784592000,56.37,56.905,56.074,56.862,17447
1784606400,56.863,57.878,56.77,57.852,41686
1784620800,57.852,59.158,57.796,58.944,34353
1784635200,58.946,59.227,58.651,58.861,27964
1784649600,58.849,59.18,58.221,58.8,44680
1784664000,58.799,58.989,58.64,58.784,17560
1784678400,58.777,59.18,58.698,59.165,13496
1784692800,59.166,59.97,59.145,59.651,35353
1784707200,59.658,59.778,59.047,59.472,32353
1784721600,59.473,59.612,58.874,59.023,26836
1784736000,59.035,60.901,58.981,60.019,44785
1784750400,60.018,60.039,59.514,59.694,22449
1784764800,59.561,59.866,59.297,59.829,16197
1784779200,59.828,60.041,59.401,59.6,37815
1784793600,59.598,59.857,58.635,58.855,37741
1784808000,58.854,58.994,57.616,57.62,36811
1784822400,57.616,58.023,57.029,57.794,52806
1784836800,57.802,57.895,57.368,57.627,23383
1784851200,57.563,57.836,57.335,57.817,8878
1784865600,57.821,57.872,57.061,57.279,33012
1784880000,57.284,58.392,57.223,58.272,36951
1784894400,58.275,58.612,58.192,58.378,27504
1784908800,58.374,58.953,57.814,58.611,52535
1784923200,58.614,58.746,58.053,58.214,19800
1785110400,59.433,60.062,59.28,59.566,19036
1785124800,59.565,59.797,59.104,59.271,34268
1785139200,59.271,59.792,59.048,59.372,28277
1785153600,59.374,59.436,58.666,58.896,23712
1785168000,58.911,59.053,58.267,58.637,49386
1785182400,58.641,58.645,58.145,58.427,24061
1785196800,58.495,58.51,57.692,57.724,14358
1785211200,57.723,57.766,57.044,57.153,35703
1785225600,57.153,57.662,56.678,57.551,32202
1785240000,57.549,57.587,56.985,57.296,30009
1785254400,57.294,57.528,56.612,57.302,45087
1785268800,57.305,57.44,56.983,57.059,18030
1785283200,57.103,57.338,56.831,57.108,14488
1785297600,57.109,57.98,56.903,57.46,39090
1785312000,57.459,58.214,57.444,57.864,27169
1785326400,57.866,57.902,56.817,57.258,24794
1785340800,57.26,57.971,56.721,57.666,46689
1785355200,57.665,59.235,57.04,57.566,64039
1785369600,58.016,58.479,57.684,57.894,21001
1785384000,57.898,58.628,57.072,57.162,41323
1785398400,57.162,57.862,56.904,57.6,42734
1785412800,57.613,58.3,57.595,57.964,35651
1785427200,57.988,58.934,57.754,58.697,55351
1785441600,58.696,59.286,58.511,58.918,21012
1785456000,59.007,59.138,58.758,58.836,10123
1785470400,58.84,59.111,58.28,58.623,23329
1785484800,58.622,58.733,57.977,58.111,30049
1785499200,58.108,58.179,57.443,57.601,26258
1785513600,57.6,57.664,57.008,57.446,47108
1785528000,57.444,57.961,57.374,57.85,19993
1785715200,58.603,58.603,57.854,57.925,20327
1785729600,57.924,58.561,57.788,58.264,32769
1785744000,58.269,58.588,57.755,58.322,31516
1785758400,58.323,58.363,57.404,57.421,27926
1785772800,57.423,57.742,56.54,57.65,41925
1785787200,57.649,58.192,57.525,58.165,18029
1785801600,58.038,58.534,57.973,58.101,8259
1785816000,58.102,59.007,57.966,58.933,30454
1785830400,58.941,59.138,58.712,58.742,26596
1785844800,58.739,59.905,58.542,59.827,30709
1785859200,59.829,59.978,59.261,59.81,40954
1785873600,59.802,60.026,59.445,59.511,19432
1785888000,59.523,59.697,59.372,59.677,8876
1785902400,59.668,60.919,59.494,60.733,26669
1785916800,60.73,61.877,60.687,61.432,30287
1785931200,61.435,62.487,61.052,61.462,27647
1785945600,61.46,62.751,61.451,62.06,51098
1785960000,62.058,62.357,61.902,61.961,22723
1785974400,62.081,62.724,61.991,62.634,13065
1785988800,62.635,62.872,61.919,62.111,34840
1786003200,62.105,62.165,61.507,62.057,28271
1786017600,62.055,62.185,61.209,61.221,27736
1786032000,61.221,61.784,60.847,61.318,48830
1786046400,61.319,61.813,61.247,61.466,23126
1786060800,61.408,61.64,61.135,61.175,11373
1786075200,61.174,62.412,61.139,62.277,28596
1786089600,62.278,64.411,62.173,64.288,36163
1786104000,64.301,65.088,63.791,64.696,35858
1786118400,64.695,64.751,63.08,63.114,64030
1786132800,63.112,63.683,63.031,63.411,32741
1786320000,63.576,64.0,63.311,63.369,14998
1786334400,63.368,63.912,62.959,63.844,33261
1786348800,63.837,64.434,63.603,64.187,26628
1786363200,64.185,64.255,63.737,63.83,22370
1786377600,63.83,65.253,63.566,64.905,52285
1786392000,64.902,66.038,64.795,65.706,26735
1786406400,65.698,66.216,65.669,65.767,11324
1786420800,65.774,66.447,65.324,65.505,35556
1786435200,65.51,65.514,64.203,64.647,38548
1786449600,64.647,65.311,64.596,64.824,30329
1786464000,64.823,65.24,64.316,64.882,51925
1786478400,64.887,64.95,64.363,64.638,24197
1786492800,64.753,65.01,64.677,64.86,11185
1786507200,64.864,65.723,64.748,65.317,30515
1786521600,65.318,66.335,64.885,66.104,30463
1786536000,66.103,66.766,65.575,66.518,33941
1786550400,66.517,66.653,65.05,65.193,68755
1786564800,65.197,65.595,65.151,65.26,25968
1786579200,65.264,66.272,65.029,65.747,11637
1786593600,65.755,66.005,64.915,65.343,33420
1786608000,65.341,65.617,64.192,64.424,37539
1786622400,64.425,65.362,64.261,65.361,25268
1786636800,65.359,65.395,64.36,64.751,57117
1786651200,64.754,64.931,64.185,64.408,23507
1786665600,64.35,64.7,63.916,64.169,14299
1786680000,64.166,64.186,63.666,63.988,29992
1786694400,63.989,64.717,63.472,64.686,29428
1786708800,64.677,65.09,64.569,65.042,24610
1786723200,65.05,65.681,64.687,64.931,45162
1786737600,64.936,64.953,64.609,64.662,18034
1786924800,64.737,65.508,64.652,65.496,10998
1786939200,65.495,66.2,65.364,65.399,33154
1786953600,65.398,65.966,65.391,65.481,26928
1786968000,65.485,65.83,65.109,65.203,22860
1786982400,65.213,66.536,65.035,66.344,41578
1786996800,66.347,66.379,65.637,65.759,20933
1787011200,65.791,66.441,65.59,66.404,10400
1787025600,66.399,66.533,65.066,65.151,31360
1787040000,65.147,65.428,64.72,64.994,25560
1787054400,64.991,65.228,64.851,65.089,21494
1787068800,65.088,65.281,63.492,63.844,54145
1787083200,63.844,63.982,63.233,63.247,21226
1787097600,63.247,63.422,62.716,62.923,15083
1787112000,62.922,63.31,62.573,62.845,30359
1787126400,62.847,63.288,62.54,63.074,29879
1787140800,63.072,65.129,63.016,64.896,31052
1787155200,64.898,66.044,64.516,65.771,59540
1787169600,65.772,66.734,65.469,66.727,29454
1787184000,66.897,67.282,66.66,66.742,14833
1787198400,66.752,67.294,66.361,67.05,33325
1787212800,67.051,67.263,66.449,66.639,31954
1787227200,66.642,66.941,65.606,66.518,37158
1787241600,66.519,68.975,66.478,68.199,65136
1787256000,68.203,68.347,67.719,68.077,25316
1787270400,68.142,68.366,67.915,67.946,10771
1787284800,67.944,69.156,67.87,68.957,29726
1787299200,68.956,69.9,68.696,69.807,32153
1787313600,69.809,69.995,69.034,69.4,33018
1787328000,69.4,69.926,68.869,69.874,56892
1787342400,69.886,69.923,68.808,69.011,26943
1787529600,68.998,69.622,68.69,69.307,21129
1787544000,69.305,69.508,68.394,68.864,41294
1787558400,68.865,69.417,68.601,68.724,41560
1787572800,68.722,69.518,68.635,69.171,35216
1787587200,69.169,69.899,68.338,68.641,64444
1787601600,68.646,68.889,68.276,68.86,30884
1787616000,68.949,69.915,68.935,69.382,17478
1787630400,69.381,69.495,67.522,67.789,48962
1787644800,67.789,68.636,67.693,67.883,40577
1787659200,67.884,68.21,67.542,68.204,31723
1787673600,68.203,68.876,67.418,68.667,55431
1787688000,68.671,69.264,68.586,68.784,22428
1787702400,68.837,69.078,68.353,68.367,14621
1787716800,68.368,69.704,68.172,68.977,39387
1787731200,68.979,69.398,68.468,68.612,33511
1787745600,68.614,68.954,68.307,68.312,30126
1787760000,68.31,68.543,67.486,67.988,60173
1787774400,67.987,68.276,67.86,68.085,26536
1787788800,68.511,69.008,68.432,68.481,13291
1787803200,68.482,69.611,68.417,68.961,31198
1787817600,68.964,69.102,68.222,68.515,31021
1787832000,68.516,68.553,67.853,67.987,26904
1787846400,67.982,69.584,67.593,69.564,51483
1787860800,69.564,69.698,68.988,69.372,26618
1787875200,69.204,69.42,68.919,69.002,12914
1787889600,69.006,69.654,68.409,68.918,35496
1787904000,68.921,70.928,68.614,70.332,37666
1787918400,70.33,70.735,70.106,70.661,29482
1787932800,70.659,71.134,66.357,66.936,93556
1787947200,66.947,67.202,66.082,66.43,45689
1788134400,65.948,66.829,65.948,66.395,20054
1788148800,66.397,66.754,65.645,66.349,45648
1788163200,66.352,67.143,66.296,66.962,30877
1788177600,66.963,67.453,66.614,66.619,25357
1788192000,66.62,66.901,66.015,66.263,56047
1788206400,66.261,66.674,66.032,66.507,22202
1788220800,66.578,66.908,66.399,66.79,10189
1788235200,66.787,66.874,66.054,66.36,32735
1788249600,66.364,67.044,64.694,64.703,44694
1788264000,64.703,65.116,64.431,64.691,45500
1788278400,64.686,65.351,64.234,64.808,65914
1788292800,64.816,64.858,63.993,64.081,32911
1788307200,64.04,64.364,63.833,63.865,13935
1788321600,63.864,64.17,63.291,63.754,39806
1788336000,63.76,64.202,63.622,63.754,37862
1788350400,63.754,64.566,63.561,64.211,36856
1788364800,64.211,65.554,64.172,64.941,54963
1788379200,64.941,65.334,64.788,65.317,21154
1788393600,65.363,65.42,65.178,65.324,8739
1788408000,65.323,66.203,65.262,66.153,30572
1788422400,66.153,66.217,65.601,65.898,39100
1788436800,65.899,66.769,65.393,66.651,36146
1788451200,66.652,67.449,65.978,66.993,61463
1788465600,66.995,67.229,66.815,66.983,21931
1788480000,67.006,67.122,66.789,67.086,7655
1788494400,67.09,67.165,66.542,66.746,24631
1788508800,66.747,67.161,66.26,67.042,27693
1788523200,67.041,67.132,65.055,65.474,34255
1788537600,65.473,66.337,64.716,66.081,61191
1788552000,66.076,66.262,65.73,66.118,22463
1788739200,66.014,66.418,65.974,66.072,9250
1788753600,66.07,66.305,65.526,65.71,29524
1788768000,65.711,66.185,65.45,65.866,32378
1788782400,65.868,65.902,65.367,65.705,19308
1788796800,65.71,66.704,65.657,66.337,22845
1788811200,66.337,66.346,66.088,66.137,2116
1788825600,66.297,66.735,66.174,66.668,16829
1788840000,66.666,67.153,66.399,67.005,34347
1788854400,67.001,67.04,65.663,65.841,42309
1788868800,65.841,66.427,65.717,66.425,33687
1788883200,66.424,66.643,65.813,66.3,51530
1788897600,66.298,66.566,65.501,65.578,28708
1788912000,65.727,66.116,65.488,66.096,13796
1788926400,66.098,66.66,65.637,66.303,31844
1788940800,66.304,66.974,66.251,66.603,31927
1788955200,66.604,66.671,65.955,66.366,32366
1788969600,66.366,68.264,66.326,67.848,67760
1788984000,67.846,68.293,67.087,67.257,28031
1788998400,67.339,67.345,67.125,67.28,11009
1789012800,67.285,67.658,67.211,67.412,34801
1789027200,67.413,67.917,66.67,66.718,31438
1789041600,66.717,66.766,63.897,64.016,50370
1789056000,64.021,65.003,63.967,64.265,67156
1789070400,64.269,64.446,63.462,63.558,32815
1789084800,63.553,63.709,63.354,63.648,15285
1789099200,63.647,63.791,63.002,63.529,40635
1789113600,63.534,64.317,63.506,64.084,35906
1789128000,64.089,65.197,62.617,65.149,39961
1789142400,65.149,65.261,64.043,64.407,67275
1789156800,64.406,64.665,64.196,64.43,26846
1789344000,64.024,64.266,63.739,63.981,20847
1789358400,63.986,64.442,63.668,63.925,38765
1789372800,63.924,64.093,63.146,63.234,39934
1789387200,63.231,63.296,62.309,62.641,42216
1789401600,62.641,63.835,62.477,63.7,57428
1789416000,63.704,63.795,62.892,63.181,19712
1789430400,63.243,63.253,62.854,63.088,11079
1789444800,63.086,63.556,62.998,63.306,30561
1789459200,63.305,63.349,62.526,62.759,37542
1789473600,62.759,63.915,62.692,63.754,28996
1789488000,63.745,63.904,63.039,63.431,53748
1789502400,63.432,63.92,63.267,63.578,21886
1789516800,63.65,63.798,63.398,63.424,10836
1789531200,63.425,64.825,63.425,64.532,36298
1789545600,64.535,64.867,64.28,64.514,31516
1789560000,64.515,64.906,64.327,64.742,25408
1789574400,64.737,64.858,64.077,64.477,46767
1789588800,64.476,64.853,62.279,62.995,71712
1789603200,62.92,63.485,62.817,63.171,18350
1789617600,63.204,64.137,63.021,63.708,37079
1789632000,63.709,64.426,63.406,63.836,31947
1789646400,63.837,65.566,63.83,65.468,36089
1789660800,65.469,66.131,65.232,65.684,51443
1789675200,65.684,65.864,65.17,65.219,21052
1789689600,65.265,65.762,65.22,65.744,11079
1789704000,65.743,66.129,65.508,66.116,30532
1789718400,66.113,67.253,66.026,67.217,32433
1789732800,67.218,67.316,66.2,66.585,35591
1789747200,66.588,66.772,65.962,66.58,50947
1789761600,66.581,66.83,66.219,66.239,22151
1789948800,66.271,66.549,66.111,66.368,15916
1789963200,66.361,67.024,66.108,66.199,32606
1789977600,66.2,66.299,65.698,66.178,32737
1789992000,66.177,66.89,65.784,66.733,29560
1790006400,66.732,66.732,65.777,65.912,46978
1790020800,65.914,66.253,65.685,65.961,17793
1790035200,66.101,66.787,66.075,66.453,14872
1790049600,66.456,66.572,65.834,65.966,31103
1790064000,65.965,66.09,64.531,65.559,40893
1790078400,65.557,65.931,65.148,65.81,42818
1790092800,65.809,66.162,65.377,66.041,50050
1790107200,66.042,67.513,65.97,67.064,34693
1790121600,67.164,67.484,67.123,67.307,12808
1790136000,67.311,67.318,66.335,66.604,27314
1790150400,66.603,66.634,65.278,65.452,27010
1790164800,65.45,65.502,64.769,65.163,28621
1790179200,65.172,65.332,64.296,64.444,51294
1790193600,64.445,64.655,64.202,64.405,25895
1790208000,64.499,64.524,63.948,64.366,12748
1790222400,64.368,64.496,63.707,64.127,30901
1790236800,64.127,64.309,63.509,63.675,39523
1790251200,63.673,63.787,63.281,63.642,40052
1790265600,63.643,64.016,63.05,63.661,57647
1790280000,63.661,64.007,63.311,63.774,35370
1790294400,63.787,63.797,63.538,63.665,12498
