time,open,high,low,close,volume
1631836800,1.3791,1.37999,1.37779,1.37846,2238
1631851200,1.3784399999999999,1.38072,1.3784100000000001,1.38065,3159
1631865600,1.38068,1.38127,1.37866,1.37955,5766
1631880000,1.37955,1.38073,1.37757,1.37976,6947
1631894400,1.37976,1.38057,1.37413,1.3746800000000001,9024
1631908800,1.37469,1.37553,1.37273,1.37279,4427
1632096000,1.37401,1.3749,1.37219,1.37253,1844
1632110400,1.37253,1.37253,1.3700999999999999,1.37051,2652
1632124800,1.37051,1.37154,1.36621,1.3673899999999999,6655
1632139200,1.36744,1.36999,1.36462,1.3670499999999999,7476
1632153600,1.36701,1.36853,1.3643399999999999,1.3643399999999999,9988
1632168000,1.36433,1.36662,1.3641,1.36567,5387
1632182400,1.36508,1.36649,1.36406,1.36538,2256
1632196800,1.36538,1.36749,1.3649,1.36742,3593
1632211200,1.36742,1.36926,1.36632,1.36847,6445
1632225600,1.36848,1.36928,1.36643,1.36685,6195
1632240000,1.36689,1.36733,1.36411,1.3661699999999999,10406
1632254400,1.36615,1.36744,1.365,1.36601,5890
1632268800,1.36569,1.36634,1.36508,1.36565,2036
1632283200,1.36565,1.36783,1.36471,1.36521,4195
1632297600,1.36521,1.36603,1.3633,1.36383,5387
1632312000,1.36383,1.36503,1.36178,1.3627099999999999,4949
1632326400,1.36274,1.36688,1.3616,1.36531,8270
1632340800,1.3653,1.36894,1.3609499999999999,1.36167,11312
1632355200,1.36165,1.3625,1.36123,1.36174,2128
1632369600,1.36174,1.36463,1.36142,1.36463,2719
1632384000,1.36463,1.36728,1.3633899999999999,1.3654899999999999,7365
1632398400,1.3655,1.3725800000000001,1.36541,1.37246,10708
1632412800,1.37234,1.3750499999999999,1.37058,1.37447,9131
1632427200,1.37452,1.37462,1.37178,1.37201,5109
1632441600,1.37202,1.37364,1.37123,1.37353,2340
1632456000,1.37352,1.37353,1.37164,1.37223,2916
1632470400,1.37223,1.37273,1.36985,1.37169,6739
1632484800,1.37169,1.37173,1.36612,1.36664,6599
1632499200,1.36658,1.36951,1.36581,1.36794,8576
1632513600,1.36794,1.36794,1.36595,1.3672,3021
1632700800,1.36638,1.36761,1.36557,1.36694,2069
1632715200,1.36695,1.3679999999999999,1.3664399999999999,1.36768,2396
1632729600,1.36768,1.3710200000000001,1.36581,1.37021,7294
1632744000,1.37021,1.37191,1.36807,1.3708,8811
1632758400,1.3708,1.3728799999999999,1.3691499999999999,1.37064,9325
1632772800,1.37062,1.3715899999999999,1.36998,1.37023,3261
1632787200,1.37002,1.37051,1.36905,1.3695300000000001,1561
1632801600,1.36955,1.37143,1.3688,1.37143,2491
1632816000,1.37143,1.37173,1.36597,1.36717,7885
1632830400,1.36722,1.3676300000000001,1.35312,1.35452,9750
1632844800,1.3545099999999999,1.35618,1.35233,1.35296,12192
1632859200,1.3529499999999999,1.3546,1.3520699999999999,1.35378,5866
1632873600,1.3533,1.3544100000000001,1.35286,1.3535,2983
1632888000,1.35352,1.35492,1.3529900000000001,1.35492,4154
1632902400,1.35492,1.3554599999999999,1.35002,1.35022,8733
1632916800,1.3502100000000001,1.3529499999999999,1.3455,1.34628,8376
1632931200,1.3462399999999999,1.34692,1.34119,1.34245,11053
1632945600,1.34244,1.34414,1.34127,1.3424800000000001,5443
1632960000,1.34247,1.34417,1.34229,1.3441100000000001,2016
1632974400,1.3441100000000001,1.34595,1.34366,1.34482,2903
1632988800,1.34481,1.34575,1.34155,1.34385,7050
1633003200,1.34385,1.34798,1.34324,1.34738,7286
1633017600,1.34738,1.3517700000000001,1.3447200000000001,1.3461,12455
1633032000,1.34611,1.34847,1.34504,1.34689,6547
1633046400,1.3471199999999999,1.34803,1.34542,1.34542,2863
1633060800,1.34545,1.34622,1.34446,1.34589,4304
1633075200,1.34589,1.34821,1.34337,1.3474,10346
1633089600,1.3474,1.35468,1.34737,1.35426,10055
1633104000,1.35436,1.3575599999999999,1.35352,1.35611,13122
1633118400,1.35611,1.35659,1.3542100000000001,1.3543,4730
1633305600,1.35538,1.35769,1.35371,1.35579,2921
1633320000,1.35579,1.35583,1.35338,1.35477,3819
1633334400,1.35477,1.35682,1.35316,1.35594,8911
1633348800,1.35594,1.36109,1.35572,1.36055,9027
1633363200,1.36055,1.36399,1.35949,1.36077,10899
1633377600,1.36075,1.3618299999999999,1.3603399999999999,1.36074,5349
1633392000,1.36053,1.36131,1.35935,1.35949,2078
1633406400,1.35949,1.36064,1.3584800000000001,1.35894,4204
1633420800,1.35894,1.3627,1.3585099999999999,1.36201,7802
1633435200,1.362,1.36426,1.36129,1.3623,7566
1633449600,1.36228,1.36479,1.36001,1.36414,10877
1633464000,1.36414,1.36445,1.36212,1.36257,4817
1633478400,1.36287,1.36313,1.36222,1.3624399999999999,1949
1633492800,1.3624399999999999,1.36294,1.35993,1.36057,4278
1633507200,1.36057,1.3615,1.35501,1.35511,9579
1633521600,1.35511,1.3590499999999999,1.35439,1.3583,10247
1633536000,1.35831,1.3590900000000001,1.355,1.35544,12248
1633550400,1.3554599999999999,1.3590900000000001,1.3553600000000001,1.3587099999999999,5709
1633564800,1.35808,1.35974,1.3578000000000001,1.35934,1955
1633579200,1.35934,1.35951,1.35777,1.35818,2716
1633593600,1.35818,1.36051,1.35707,1.3587500000000001,7648
1633608000,1.35872,1.3618000000000001,1.3580999999999999,1.35951,7690
1633622400,1.35951,1.3638,1.35853,1.36216,9473
1633636800,1.36216,1.36249,1.36124,1.3614899999999999,4513
1633651200,1.36138,1.36221,1.36105,1.36184,2555
1633665600,1.36185,1.36209,1.3602,1.36021,3820
1633680000,1.36021,1.36077,1.35835,1.35998,6424
1633694400,1.35998,1.36577,1.35976,1.36402,8034
1633708800,1.36402,1.36487,1.3611,1.36168,11044
1633723200,1.36168,1.36257,1.36097,1.36182,4441
1633910400,1.36178,1.36422,1.36048,1.36387,2311
1633924800,1.36387,1.36558,1.36343,1.36404,3561
1633939200,1.36404,1.36738,1.36317,1.36474,7584
1633953600,1.36473,1.36479,1.3611,1.36201,6967
1633968000,1.36208,1.36507,1.36096,1.36101,6640
1633982400,1.36102,1.36107,1.3584399999999999,1.35945,5387
1633996800,1.3594,1.3596,1.3582,1.3585,2308
1634011200,1.3585,1.3602400000000001,1.3580999999999999,1.35967,3011
1634025600,1.3596599999999999,1.36118,1.35691,1.36005,6541
1634040000,1.36001,1.36372,1.35954,1.36074,6890
1634054400,1.36079,1.3621699999999999,1.35697,1.35872,10213
1634068800,1.3587099999999999,1.35974,1.35767,1.35891,3548
1634083200,1.35868,1.35967,1.35758,1.3596599999999999,2411
1634097600,1.3596300000000001,1.36182,1.35952,1.36182,3766
1634112000,1.36182,1.36383,1.3602,1.36274,6921
1634126400,1.36274,1.36443,1.35876,1.35955,8494
1634140800,1.35955,1.36511,1.3594,1.36419,10705
1634155200,1.36419,1.36649,1.36317,1.366,5120
1634169600,1.3657,1.36699,1.36523,1.3667,1861
1634184000,1.3667,1.36725,1.36582,1.3664399999999999,1991
1634198400,1.3664399999999999,1.37183,1.36611,1.37124,5760
1634212800,1.37125,1.37343,1.36997,1.37161,7373
1634227200,1.3716,1.37192,1.36753,1.36853,8077
1634241600,1.36852,1.36875,1.36676,1.3673199999999999,3227
1634256000,1.36715,1.36771,1.36677,1.36769,1409
1634270400,1.36769,1.3689200000000001,1.3671,1.36864,2122
1634284800,1.36864,1.37388,1.36747,1.37215,7012
1634299200,1.37213,1.37582,1.37174,1.37339,7717
1634313600,1.37343,1.37733,1.37329,1.37582,8411
1634328000,1.37589,1.3761999999999999,1.37396,1.3744399999999999,3636
1634515200,1.37409,1.37652,1.37409,1.37433,3506
1634529600,1.37433,1.3746399999999999,1.37276,1.37305,2845
1634544000,1.37305,1.3747500000000001,1.37164,1.37198,6282
1634558400,1.37198,1.3746,1.37189,1.37329,7120
1634572800,1.37327,1.37393,1.37092,1.37331,7049
1634587200,1.37331,1.37399,1.37263,1.37274,3349
1634601600,1.37257,1.37514,1.37225,1.37514,1691
1634616000,1.37514,1.37747,1.37472,1.37692,3026
1634630400,1.37694,1.37947,1.37683,1.37938,6407
1634644800,1.37937,1.38337,1.37875,1.38134,7546
1634659200,1.38134,1.3819,1.37919,1.37967,7027
1634673600,1.37967,1.38127,1.37886,1.37914,3106
1634688000,1.3792900000000001,1.37999,1.37882,1.37989,2454
1634702400,1.37989,1.3815,1.37915,1.3807800000000001,3650
1634716800,1.3807800000000001,1.38096,1.3768500000000001,1.37785,6372
1634731200,1.3778000000000001,1.37862,1.37423,1.37819,6299
1634745600,1.37817,1.38303,1.37748,1.38294,7981
1634760000,1.38293,1.38344,1.38208,1.38232,4385
1634774400,1.38204,1.38281,1.38071,1.3827,1486
1634788800,1.3827,1.3833199999999999,1.38134,1.38159,3736
1634803200,1.3816,1.3820000000000001,1.37919,1.38039,5717
1634817600,1.38039,1.38162,1.37858,1.38077,6364
1634832000,1.38083,1.38243,1.37958,1.37988,8515
1634846400,1.3798599999999999,1.3798599999999999,1.37761,1.37934,4772
1634860800,1.37883,1.37954,1.37828,1.37904,2163
1634875200,1.37908,1.38092,1.3789500000000001,1.37985,3695
1634889600,1.37985,1.3810799999999999,1.3771200000000001,1.38103,7878
1634904000,1.38101,1.3815,1.37797,1.37874,7482
1634918400,1.37873,1.3792499999999999,1.37364,1.3755,11225
1634932800,1.3755,1.37619,1.37408,1.37599,5169
1635120000,1.37459,1.37759,1.37367,1.3771900000000001,2315
1635134400,1.3772,1.37849,1.37598,1.37829,4371
1635148800,1.37829,1.37921,1.37595,1.37705,7305
1635163200,1.37706,1.37763,1.37418,1.37483,7445
1635177600,1.37483,1.3780000000000001,1.37457,1.37589,9874
1635192000,1.37589,1.37758,1.37589,1.37674,3727
1635206400,1.37645,1.37672,1.37572,1.37596,1547
1635220800,1.37596,1.3772199999999999,1.37573,1.37614,3264
1635235200,1.37613,1.37879,1.37572,1.37842,6761
1635249600,1.37842,1.38296,1.3780000000000001,1.38057,8158
1635264000,1.3806,1.38069,1.37585,1.37602,8519
1635278400,1.37602,1.37708,1.37584,1.3765100000000001,3891
1635292800,1.37634,1.3778299999999999,1.37588,1.3768099999999999,1961
1635307200,1.37676,1.37756,1.37655,1.3774600000000001,3671
1635321600,1.3774600000000001,1.3780999999999999,1.37225,1.37236,6981
1635336000,1.37237,1.37543,1.3710499999999999,1.37386,8426
1635350400,1.37386,1.37523,1.3709500000000001,1.37474,11790
1635364800,1.37474,1.37592,1.3732,1.37406,5499
1635379200,1.37395,1.37417,1.37239,1.37282,2475
1635393600,1.37282,1.37476,1.37221,1.37452,4447
1635408000,1.37452,1.3774199999999999,1.37351,1.37501,7771
1635422400,1.37499,1.3764,1.37302,1.3759000000000001,10231
1635436800,1.37591,1.3815,1.37555,1.37921,12603
1635451200,1.37921,1.3797,1.37857,1.37961,5178
1635465600,1.37928,1.38039,1.37883,1.37949,2117
1635480000,1.37949,1.3799000000000001,1.37877,1.3788,3752
1635494400,1.37879,1.38019,1.37692,1.37717,7592
1635508800,1.3773,1.38005,1.37552,1.37589,8673
1635523200,1.37591,1.37754,1.36683,1.3673,11719
1635537600,1.36728,1.36988,1.36716,1.3693,5354
1635724800,1.36792,1.36906,1.36625,1.36746,3309
1635739200,1.36746,1.3685800000000001,1.36727,1.3674,3257
1635753600,1.36741,1.36877,1.36428,1.36579,7158
1635768000,1.36582,1.36895,1.3642,1.36856,8014
1635782400,1.36856,1.36931,1.36585,1.36602,10079
1635796800,1.36603,1.3664399999999999,1.36528,1.36639,4632
1635811200,1.36626,1.3667500000000001,1.36478,1.36506,2586
1635825600,1.36505,1.36618,1.36457,1.36597,3812
1635840000,1.36597,1.36677,1.36318,1.3632900000000001,7664
1635854400,1.3632900000000001,1.36613,1.36259,1.36613,7277
1635868800,1.36611,1.3663699999999999,1.3605800000000001,1.36066,8687
1635883200,1.36067,1.3624800000000001,1.3606099999999999,1.36144,4244
1635897600,1.36132,1.3623,1.36099,1.36188,1684
1635912000,1.36188,1.36334,1.36185,1.36304,2860
1635926400,1.36304,1.36344,1.36073,1.36203,5175
1635940800,1.36203,1.36646,1.3616,1.36575,6715
1635955200,1.36575,1.36664,1.3633199999999999,1.36631,8781
1635969600,1.36632,1.3691900000000001,1.3643,1.36868,11327
1635984000,1.36848,1.36984,1.3679999999999999,1.36805,2315
1635998400,1.36805,1.36829,1.3654899999999999,1.36569,4018
1636012800,1.36569,1.36704,1.36333,1.3644,5734
1636027200,1.3644,1.36517,1.35321,1.35446,8616
1636041600,1.35447,1.35633,1.3471199999999999,1.34913,11491
1636056000,1.34913,1.3504,1.34844,1.3498999999999999,4789
1636070400,1.34918,1.35081,1.34885,1.3498299999999999,2575
1636084800,1.34985,1.35018,1.3484,1.34958,4472
1636099200,1.34955,1.35089,1.34497,1.34508,5892
1636113600,1.34507,1.34642,1.34244,1.34462,9861
1636128000,1.34457,1.35046,1.34444,1.35041,9333
1636142400,1.35042,1.3507,1.3480400000000001,1.34955,4573
1636329600,1.3486799999999999,1.34944,1.34722,1.3473,3490
1636344000,1.34729,1.3487,1.34718,1.3486799999999999,3258
1636358400,1.3486799999999999,1.35006,1.34501,1.34897,6765
1636372800,1.34897,1.3550200000000001,1.3475,1.3541699999999999,6873
1636387200,1.3541699999999999,1.35798,1.35308,1.35575,7660
1636401600,1.35575,1.35681,1.35504,1.3566099999999999,3684
1636416000,1.35626,1.35671,1.35479,1.3554599999999999,3011
1636430400,1.3554599999999999,1.35822,1.35542,1.35768,4512
1636444800,1.35768,1.3607,1.3557000000000001,1.36001,7083
1636459200,1.36002,1.36011,1.3545,1.35569,7191
1636473600,1.35569,1.35701,1.35241,1.35649,10116
1636488000,1.35649,1.35681,1.35534,1.35594,4416
1636502400,1.3557000000000001,1.35618,1.35467,1.35507,2274
1636516800,1.35507,1.3565,1.35467,1.35518,3474
1636531200,1.35518,1.35636,1.35182,1.35351,7836
1636545600,1.35351,1.354,1.34809,1.35071,8220
1636560000,1.35064,1.3538999999999999,1.34546,1.34586,12325
1636574400,1.34584,1.34605,1.34023,1.34032,8152
1636588800,1.34032,1.34201,1.33984,1.34063,3174
1636603200,1.34063,1.34179,1.33927,1.34172,3723
1636617600,1.34172,1.34331,1.33639,1.33932,7373
1636632000,1.33927,1.34147,1.33839,1.34081,6853
1636646400,1.34082,1.34164,1.33694,1.33703,7080
1636660800,1.33703,1.33712,1.33587,1.33656,3489
1636675200,1.33686,1.33717,1.33551,1.33574,3001
1636689600,1.33574,1.3370199999999999,1.33534,1.33694,2574
1636704000,1.33694,1.34116,1.33631,1.3394599999999999,6053
1636718400,1.33945,1.34063,1.3382,1.33979,6760
1636732800,1.33979,1.34246,1.3378700000000001,1.3422,8989
1636747200,1.3422,1.34261,1.34109,1.34127,3518
1636934400,1.34164,1.34372,1.3409200000000001,1.3437000000000001,2960
1636948800,1.3437000000000001,1.34398,1.34269,1.34372,2344
1636963200,1.34371,1.34394,1.34032,1.34164,5428
1636977600,1.34141,1.3443800000000001,1.34085,1.34362,6006
1636992000,1.34362,1.3449499999999999,1.34207,1.34231,9871
1637006400,1.34231,1.34364,1.34051,1.34125,4183
1637020800,1.341,1.3427799999999999,1.34052,1.34245,3727
1637035200,1.3424800000000001,1.34384,1.34169,1.34179,3372
1637049600,1.34179,1.34728,1.34175,1.34659,7615
1637064000,1.34659,1.34663,1.34322,1.3458700000000001,7367
1637078400,1.3458,1.3458,1.34149,1.34287,9826
1637092800,1.34288,1.34433,1.34205,1.34259,4726
1637107200,1.34257,1.34366,1.34203,1.34301,2913
1637121600,1.34302,1.34341,1.33964,1.34211,4350
1637136000,1.34211,1.34733,1.34207,1.34317,9247
1637150400,1.34317,1.34823,1.34169,1.34544,7904
1637164800,1.34544,1.34941,1.3452,1.34906,8948
1637179200,1.34906,1.34965,1.34794,1.34934,4536
1637193600,1.34783,1.34969,1.34783,1.3489,2880
1637208000,1.3489,1.35038,1.34837,1.34887,3550
1637222400,1.34887,1.3513600000000001,1.34867,1.3492600000000001,6690
1637236800,1.3492600000000001,1.35005,1.34638,1.34669,7670
1637251200,1.34669,1.35006,1.34643,1.34978,9000
1637265600,1.34977,1.3504800000000001,1.34939,1.35002,3239
1637280000,1.34944,1.3504,1.34874,1.3490199999999999,2267
1637294400,1.34903,1.34911,1.34811,1.3486799999999999,2550
1637308800,1.3486799999999999,1.35096,1.3419400000000001,1.3433,8247
1637323200,1.34333,1.34571,1.34074,1.34406,12075
1637337600,1.34406,1.3475,1.34396,1.3456000000000001,11084
1637352000,1.3456000000000001,1.34589,1.34403,1.34453,3801
1637539200,1.34452,1.34496,1.34284,1.34313,3885
1637553600,1.34318,1.34466,1.34273,1.34461,3973
1637568000,1.34458,1.3449,1.34192,1.34283,8164
1637582400,1.34281,1.3449900000000001,1.3426,1.3445,8067
1637596800,1.34447,1.34448,1.339,1.33938,11403
1637611200,1.33939,1.33991,1.33846,1.33934,3833
1637625600,1.33941,1.34054,1.3391199999999999,1.33996,1816
1637640000,1.33996,1.34009,1.33823,1.3388499999999999,3213
1637654400,1.3388499999999999,1.3409499999999999,1.33745,1.33784,10403
1637668800,1.33785,1.33865,1.33425,1.33681,9040
1637683200,1.33681,1.33883,1.33525,1.33742,10866
1637697600,1.33738,1.33853,1.33658,1.33778,4241
1637712000,1.33746,1.33822,1.33671,1.3381,3492
1637726400,1.3381,1.3383099999999999,1.33695,1.33798,2987
1637740800,1.33798,1.33896,1.33521,1.33541,7972
1637755200,1.33547,1.33785,1.33401,1.33532,8471
1637769600,1.33532,1.33583,1.3319,1.33235,10778
1637784000,1.33234,1.33346,1.3316,1.33274,4500
1637798400,1.33249,1.33444,1.33224,1.3336299999999999,2072
1637812800,1.33365,1.33525,1.33341,1.33442,1937
1637827200,1.33442,1.33535,1.33285,1.3334,4862
1637841600,1.3334,1.33374,1.33054,1.33141,5208
1637856000,1.33141,1.33266,1.3308499999999999,1.3324500000000001,3948
1637870400,1.33246,1.3332,1.33181,1.3321100000000001,8920
1637884800,1.33209,1.3323,1.3299,1.33043,3508
1637899200,1.33042,1.33075,1.32991,1.33051,5002
1637913600,1.33051,1.33339,1.32786,1.33144,12279
1637928000,1.33144,1.3348900000000001,1.3306200000000001,1.33383,10482
1637942400,1.33383,1.33456,1.33074,1.3334,11274
1637956800,1.33343,1.33599,1.33148,1.3321100000000001,5951
1638144000,1.3338700000000001,1.33439,1.33252,1.33359,4574
1638158400,1.33355,1.33416,1.3327499999999999,1.33382,3680
1638172800,1.33382,1.33554,1.33193,1.33401,9118
1638187200,1.33402,1.3363,1.33195,1.33195,7769
1638201600,1.33195,1.33227,1.3287900000000001,1.33015,9073
1638216000,1.33014,1.33156,1.32877,1.33156,4447
1638230400,1.33122,1.33295,1.33063,1.33264,2927
1638244800,1.3326500000000001,1.33294,1.33121,1.33181,5150
1638259200,1.33182,1.33688,1.33072,1.33629,12093
1638273600,1.33633,1.3370199999999999,1.33284,1.33452,10257
1638288000,1.33452,1.3366799999999999,1.31949,1.32639,16635
1638302400,1.32647,1.33096,1.32534,1.33022,7340
1638316800,1.32956,1.33144,1.32881,1.32935,3919
1638331200,1.32935,1.3326799999999999,1.32927,1.33263,5432
1638345600,1.33262,1.33322,1.32761,1.33118,10805
1638360000,1.33118,1.33445,1.33011,1.33433,9228
1638374400,1.33434,1.33518,1.32985,1.33023,11374
1638388800,1.33023,1.3307,1.32618,1.32733,7006
1638403200,1.32724,1.32946,1.32653,1.32946,3050
1638417600,1.32946,1.33057,1.32861,1.32883,2901
1638432000,1.32884,1.33222,1.32765,1.33217,8486
1638446400,1.33217,1.33335,1.33074,1.33124,9872
1638460800,1.3311600000000001,1.33229,1.3299400000000001,1.33016,12528
1638475200,1.33016,1.33057,1.32895,1.32993,4646
1638489600,1.32972,1.33026,1.32843,1.32916,2647
1638504000,1.32917,1.3299,1.32834,1.32956,2206
1638518400,1.32956,1.32985,1.32683,1.32864,6270
1638532800,1.32864,1.33098,1.32545,1.32851,9408
1638547200,1.3284799999999999,1.32856,1.32088,1.32366,13473
1638561600,1.32365,1.32532,1.32276,1.32308,5649
1638748800,1.32141,1.32457,1.3214000000000001,1.32397,3294
1638763200,1.32396,1.32405,1.32294,1.32305,2623
1638777600,1.32305,1.3266499999999999,1.32226,1.32595,6734
1638792000,1.32595,1.32864,1.32493,1.32666,7736
1638806400,1.3266499999999999,1.32694,1.32308,1.3254299999999999,8951
1638820800,1.3254299999999999,1.32678,1.32471,1.32651,4518
1638835200,1.3262399999999999,1.32671,1.32547,1.32651,2714
1638849600,1.32652,1.32893,1.32641,1.3285,3385
1638864000,1.32843,1.3287900000000001,1.32464,1.32614,6379
1638878400,1.32614,1.32688,1.3219400000000001,1.32264,6818
1638892800,1.3226499999999999,1.32505,1.32092,1.32275,7853
1638907200,1.32275,1.32451,1.32216,1.32419,3421
1638921600,1.3237700000000001,1.32516,1.32325,1.32434,2614
1638936000,1.32434,1.32612,1.32434,1.32541,2987
1638950400,1.3254000000000001,1.3256299999999999,1.32321,1.32427,7583
1638964800,1.32427,1.32454,1.3161399999999999,1.32166,11227
1638979200,1.3216700000000001,1.32443,1.31894,1.32371,9571
1638993600,1.32367,1.32428,1.31912,1.31934,4225
1639008000,1.32026,1.3212,1.31936,1.32005,2315
1639022400,1.32004,1.32147,1.31935,1.32077,2607
1639036800,1.32077,1.32162,1.31931,1.32049,5844
1639051200,1.3205,1.32122,1.3170899999999999,1.32064,7492
1639065600,1.32065,1.3216700000000001,1.3185799999999999,1.32123,8753
1639080000,1.32123,1.32226,1.32076,1.3219,4434
1639094400,1.32214,1.32297,1.32131,1.32271,2373
1639108800,1.32271,1.32332,1.32166,1.3220100000000001,2950
1639123200,1.32202,1.32295,1.31969,1.3201399999999999,6918
1639137600,1.3201399999999999,1.32422,1.31873,1.32298,7641
1639152000,1.3229899999999999,1.32713,1.32042,1.32682,8470
1639166400,1.32682,1.32756,1.32558,1.3263099999999999,3065
1639353600,1.32558,1.32611,1.32498,1.32548,2799
1639368000,1.32548,1.32586,1.32464,1.32498,1813
1639382400,1.32495,1.3249900000000001,1.32215,1.32453,5138
1639396800,1.32453,1.32686,1.32383,1.32557,7953
1639411200,1.32559,1.32688,1.32126,1.32127,8450
1639425600,1.32128,1.32215,1.3207499999999999,1.3213,3182
1639440000,1.32116,1.32168,1.32012,1.3203,2122
1639454400,1.3203,1.32065,1.31912,1.32056,2308
1639468800,1.32056,1.3225,1.3197999999999999,1.32226,5595
1639483200,1.32225,1.32564,1.32183,1.32332,7663
1639497600,1.32331,1.3247900000000001,1.32225,1.32276,7172
1639512000,1.32276,1.32317,1.32195,1.32257,2902
1639526400,1.32247,1.32364,1.32232,1.32325,2181
1639540800,1.32329,1.3244500000000001,1.3227,1.32427,1863
1639555200,1.32427,1.32827,1.32367,1.32603,5837
1639569600,1.32603,1.32679,1.32463,1.32562,5815
1639584000,1.32559,1.32587,1.3206,1.32121,7847
1639598400,1.32122,1.32731,1.31721,1.3262,10575
1639612800,1.3256299999999999,1.32686,1.32496,1.32534,3420
1639627200,1.32534,1.3256000000000001,1.3241399999999999,1.32433,3058
1639641600,1.32433,1.3302800000000001,1.3241800000000001,1.32919,7098
1639656000,1.32918,1.33745,1.32586,1.33567,10652
1639670400,1.33575,1.33575,1.33072,1.33192,9556
1639684800,1.33191,1.33282,1.3302399999999999,1.33232,4407
1639699200,1.33115,1.33312,1.33115,1.33253,2762
1639713600,1.33253,1.3336700000000001,1.33191,1.3336299999999999,2818
1639728000,1.33362,1.33392,1.33064,1.33178,7167
1639742400,1.33176,1.33176,1.32808,1.32901,6481
1639756800,1.329,1.32983,1.32556,1.32614,8760
1639771200,1.32609,1.32657,1.32314,1.32365,4625
1639958400,1.32375,1.3245,1.32222,1.32276,2822
1639972800,1.32276,1.32324,1.32195,1.32225,2953
1639987200,1.32225,1.32251,1.31735,1.31852,6598
1640001600,1.31851,1.32447,1.31834,1.32394,6982
1640016000,1.32392,1.32429,1.32064,1.32108,8242
1640030400,1.3210600000000001,1.32188,1.32004,1.32077,3710
1640044800,1.32061,1.32139,1.31976,1.32118,2241
1640059200,1.32119,1.3219400000000001,1.3208,1.32176,2094
1640073600,1.32175,1.32515,1.32103,1.32476,5908
1640088000,1.32477,1.32615,1.32403,1.3254000000000001,6136
1640102400,1.3254000000000001,1.32613,1.32309,1.32488,7377
1640116800,1.32494,1.32708,1.32466,1.32683,3430
1640131200,1.32513,1.3275000000000001,1.32505,1.32718,2402
1640145600,1.32718,1.32731,1.32477,1.32488,2346
1640160000,1.32488,1.3291,1.32404,1.32857,5072
1640174400,1.32858,1.333,1.32837,1.33291,6604
1640188800,1.3329,1.33623,1.33191,1.33567,7242
1640203200,1.33567,1.33631,1.3348,1.33547,2760
1640217600,1.33486,1.3360699999999999,1.33412,1.3351,2035
1640232000,1.33511,1.3354,1.33427,1.33513,1804
1640246400,1.33513,1.34055,1.33487,1.3403800000000001,4392
1640260800,1.34037,1.34358,1.3400400000000001,1.34149,6776
1640275200,1.34147,1.3437700000000001,1.33944,1.3418,7451
1640289600,1.34179,1.34208,1.34085,1.34152,2725
1640304000,1.34046,1.34159,1.34,1.34063,4031
1640318400,1.34062,1.34115,1.33898,1.33913,6054
1640332800,1.33906,1.34147,1.33897,1.34096,7702
1640347200,1.3409499999999999,1.34195,1.34018,1.34029,7534
1640361600,1.34033,1.34128,1.33856,1.33897,5095
1640376000,1.33897,1.34067,1.33842,1.33842,2222
1640563200,1.33856,1.34096,1.33809,1.34016,2058
1640577600,1.34016,1.34154,1.33991,1.34026,1755
1640592000,1.34026,1.3418999999999999,1.33927,1.34029,3266
1640606400,1.34029,1.3428,1.33951,1.34268,3481
1640620800,1.3427,1.34437,1.34083,1.34398,3918
1640635200,1.34394,1.34452,1.3431,1.34432,2540
1640649600,1.34355,1.34427,1.34283,1.34303,2133
1640664000,1.34301,1.34394,1.34281,1.34374,1649
1640678400,1.34374,1.34467,1.34301,1.34467,3078
1640692800,1.34462,1.34615,1.34453,1.34565,2645
1640707200,1.34566,1.34595,1.34151,1.34363,5954
1640721600,1.34364,1.3437000000000001,1.3421,1.3432,2991
1640736000,1.34294,1.34368,1.34212,1.34244,1887
1640750400,1.34243,1.3437299999999999,1.3423,1.34292,1993
1640764800,1.34292,1.34306,1.34097,1.34128,3408
1640779200,1.34127,1.3463,1.34089,1.34552,4879
1640793600,1.34547,1.34994,1.34498,1.34823,6871
1640808000,1.34822,1.34903,1.34815,1.34869,2607
1640822400,1.34874,1.35049,1.34832,1.35043,1933
1640836800,1.35043,1.3505,1.34795,1.34812,1957
1640851200,1.34813,1.3483399999999999,1.34545,1.34595,3938
1640865600,1.34595,1.35169,1.34588,1.34852,5437
1640880000,1.34852,1.35219,1.34784,1.3486,6650
1640894400,1.34859,1.3513,1.34801,1.3501400000000001,2774
1640908800,1.34957,1.35065,1.34888,1.35032,1657
1640923200,1.35032,1.3505,1.34948,1.3496000000000001,1447
1640937600,1.3496000000000001,1.3519700000000001,1.34937,1.35098,3519
1640952000,1.35097,1.35165,1.34654,1.35039,5914
1640966400,1.35039,1.3550200000000001,1.3501,1.3535,7262
1640980800,1.35354,1.35438,1.35211,1.35249,2720
1641168000,1.35222,1.35341,1.35152,1.3517700000000001,2241
1641182400,1.35175,1.35176,1.34952,1.3498700000000001,2355
1641196800,1.3498700000000001,1.35283,1.3496299999999999,1.35174,4198
1641211200,1.35172,1.35249,1.34835,1.3487,5254
1641225600,1.3487,1.3492199999999999,1.3431,1.34715,7432
1641240000,1.34717,1.3485800000000001,1.34705,1.34788,3738
1641254400,1.3471899999999999,1.34851,1.34686,1.34806,2207
1641268800,1.34806,1.34806,1.34628,1.34683,2512
1641283200,1.34691,1.35137,1.34596,1.35114,5392
1641297600,1.35107,1.35153,1.3479,1.35148,6750
1641312000,1.35152,1.35575,1.3509,1.35361,8577
1641326400,1.35361,1.35378,1.3520699999999999,1.35279,3180
1641340800,1.35267,1.35401,1.3523399999999999,1.35389,2218
1641355200,1.35389,1.35402,1.35226,1.35279,2295
1641369600,1.35277,1.3554599999999999,1.3527,1.35324,4420
1641384000,1.35318,1.35559,1.35279,1.35487,6246
1641398400,1.3548499999999999,1.3590499999999999,1.35457,1.3589,7642
1641412800,1.35889,1.35984,1.35484,1.35558,6908
1641427200,1.3554,1.35576,1.35378,1.3552,2074
1641441600,1.3552,1.35524,1.35253,1.35304,3104
1641456000,1.35304,1.35307,1.34905,1.35122,6002
1641470400,1.35121,1.35464,1.35102,1.35351,7480
1641484800,1.35346,1.35591,1.35162,1.35306,9717
1641499200,1.35306,1.3538700000000001,1.35224,1.35355,3823
1641513600,1.35274,1.35528,1.35266,1.35528,1933
1641528000,1.35528,1.35531,1.35423,1.35443,1846
1641542400,1.35443,1.3557000000000001,1.35272,1.35552,4410
1641556800,1.3555,1.35651,1.35297,1.35391,6519
1641571200,1.35393,1.35837,1.35357,1.35796,9234
1641585600,1.35793,1.35974,1.35757,1.35911,2592
1641772800,1.35733,1.35975,1.35701,1.3594300000000001,3172
1641787200,1.3594300000000001,1.35965,1.35803,1.35854,2244
1641801600,1.35857,1.36037,1.35744,1.35824,5702
1641816000,1.35824,1.35974,1.35521,1.35535,6724
1641830400,1.3553600000000001,1.35709,1.3532600000000001,1.3563,8340
1641844800,1.35628,1.35806,1.35606,1.358,4758
1641859200,1.35701,1.35876,1.35651,1.35801,2671
1641873600,1.358,1.36003,1.35788,1.35969,2946
1641888000,1.35968,1.36197,1.35798,1.3609200000000001,6672
1641902400,1.36096,1.36121,1.35654,1.35736,6498
1641916800,1.35736,1.36243,1.35615,1.36168,8835
1641931200,1.36168,1.3636300000000001,1.36115,1.36346,3742
1641945600,1.36348,1.36421,1.36282,1.3633600000000001,1982
1641960000,1.36331,1.3645800000000001,1.36326,1.36417,2097
1641974400,1.36416,1.36446,1.36229,1.36272,4821
1641988800,1.36272,1.36836,1.36213,1.3677000000000001,7014
1642003200,1.3677000000000001,1.37086,1.36674,1.37074,9423
1642017600,1.37074,1.37135,1.37009,1.3703400000000001,4318
1642032000,1.37024,1.37126,1.3698299999999999,1.3707500000000001,2635
1642046400,1.3707500000000001,1.37189,1.37072,1.37101,2957
1642060800,1.3710200000000001,1.37472,1.37054,1.3737300000000001,5395
1642075200,1.3737300000000001,1.37488,1.37134,1.3738000000000001,7242
1642089600,1.37385,1.37481,1.37087,1.37127,9046
1642104000,1.37127,1.37226,1.3700700000000001,1.37084,4566
1642118400,1.37074,1.37185,1.37048,1.37124,2609
1642132800,1.37124,1.3737599999999999,1.37117,1.37328,3296
1642147200,1.37328,1.3743,1.37162,1.3734199999999999,6633
1642161600,1.3734199999999999,1.3734199999999999,1.3695,1.37006,7563
1642176000,1.37006,1.37045,1.36538,1.36555,10606
1642190400,1.36555,1.36837,1.36535,1.3679700000000001,3942
1642377600,1.36692,1.36771,1.36634,1.36673,3386
1642392000,1.36679,1.36817,1.36642,1.36738,3560
1642406400,1.3673899999999999,1.36899,1.36694,1.36795,5836
1642420800,1.36795,1.36868,1.36374,1.36518,6306
1642435200,1.36518,1.36635,1.36421,1.3651,5259
1642449600,1.3651,1.3651499999999999,1.36426,1.3642699999999999,1359
1642464000,1.36423,1.36615,1.36415,1.36592,2254
1642478400,1.36593,1.36608,1.3621400000000001,1.36344,5360
1642492800,1.36344,1.36524,1.36211,1.3626,8392
1642507200,1.3626,1.36277,1.35803,1.35996,8654
1642521600,1.35998,1.35998,1.35732,1.35774,10798
1642536000,1.35774,1.36039,1.35734,1.35982,6302
1642550400,1.35946,1.3602400000000001,1.35879,1.36011,3671
1642564800,1.36011,1.36096,1.35935,1.3608500000000001,4340
1642579200,1.3608500000000001,1.36198,1.35881,1.36135,7763
1642593600,1.36135,1.36447,1.36094,1.3629,7875
1642608000,1.36289,1.36489,1.36224,1.36257,9467
1642622400,1.3626,1.36348,1.3612600000000001,1.36143,4756
1642636800,1.36115,1.36361,1.36066,1.36285,3629
1642651200,1.36285,1.36299,1.36189,1.36237,4157
1642665600,1.36237,1.3637299999999999,1.36188,1.3627099999999999,7271
1642680000,1.3627099999999999,1.36346,1.35994,1.3632900000000001,7221
1642694400,1.36333,1.3661699999999999,1.36258,1.36263,8540
1642708800,1.36263,1.36273,1.35869,1.35975,5574
1642723200,1.3598,1.36022,1.35794,1.35958,4246
1642737600,1.35958,1.36015,1.35886,1.35927,4884
1642752000,1.35927,1.35947,1.35582,1.35687,8135
1642766400,1.35687,1.35763,1.35526,1.35728,6742
1642780800,1.35727,1.35735,1.35456,1.35569,11005
1642795200,1.35569,1.35677,1.35483,1.35525,5175
1642982400,1.3548,1.35605,1.35449,1.35605,3127
1642996800,1.35605,1.35654,1.35457,1.35461,2787
1643011200,1.35463,1.35549,1.35245,1.3525,6910
1643025600,1.35246,1.35278,1.34714,1.34733,8861
1643040000,1.34729,1.34812,1.3440400000000001,1.34555,12474
1643054400,1.34555,1.3492199999999999,1.3455300000000001,1.3491900000000001,7785
1643068800,1.34875,1.34912,1.34745,1.34825,3693
1643083200,1.34825,1.34825,1.34671,1.34764,3757
1643097600,1.34764,1.3496299999999999,1.34713,1.34824,8247
1643112000,1.34824,1.34824,1.34364,1.3467500000000001,7961
1643126400,1.3467500000000001,1.35003,1.34591,1.34974,11194
1643140800,1.34975,1.35186,1.34954,1.35049,5322
1643155200,1.34997,1.3513,1.34976,1.35127,2646
1643169600,1.35127,1.35211,1.35053,1.35083,3223
1643184000,1.35083,1.35147,1.34935,1.35097,5460
1643198400,1.35096,1.35233,1.34978,1.3508200000000001,6038
1643212800,1.35081,1.35225,1.34916,1.35223,8169
1643227200,1.35223,1.35247,1.34444,1.34646,12365
1643241600,1.34619,1.3468,1.34427,1.34508,3515
1643256000,1.34507,1.34507,1.34307,1.34324,5216
1643270400,1.34321,1.34331,1.34057,1.34268,8012
1643284800,1.34266,1.3431600000000001,1.3357999999999999,1.33799,9609
1643299200,1.3379400000000001,1.34067,1.33661,1.3372600000000001,11217
1643313600,1.33725,1.33901,1.3367,1.33815,7617
1643328000,1.33751,1.33948,1.3373599999999999,1.3394,4351
1643342400,1.3394,1.34152,1.33914,1.3412899999999999,4117
1643356800,1.3413,1.34147,1.33654,1.33819,7531
1643371200,1.3382,1.3427,1.3369900000000001,1.34268,9561
1643385600,1.34272,1.34329,1.3388499999999999,1.33886,11601
1643400000,1.33886,1.3401,1.33738,1.3395299999999999,5503
1643587200,1.33917,1.34143,1.3387,1.34135,3004
1643601600,1.34135,1.34205,1.34079,1.34176,3353
1643616000,1.34175,1.34489,1.34152,1.34451,6303
1643630400,1.34449,1.34482,1.33939,1.3443100000000001,7849
1643644800,1.34429,1.34548,1.34059,1.34366,10254
1643659200,1.34366,1.34606,1.34355,1.34453,5612
1643673600,1.34432,1.34484,1.34347,1.34387,2241
1643688000,1.34387,1.34572,1.34356,1.34522,3236
1643702400,1.34522,1.35013,1.34428,1.34982,6805
1643716800,1.34981,1.35141,1.34763,1.34955,6826
1643731200,1.34955,1.35192,1.3486,1.35061,9913
1643745600,1.3506,1.3528,1.3505099999999999,1.35246,4335
1643760000,1.35161,1.35272,1.35121,1.35259,2047
1643774400,1.35259,1.35274,1.3516599999999999,1.3520400000000001,2317
1643788800,1.3520400000000001,1.3548,1.3519700000000001,1.3541400000000001,5652
1643803200,1.35419,1.35869,1.35358,1.3560400000000001,6911
1643817600,1.35605,1.35834,1.35545,1.35777,9106
1643832000,1.35776,1.35867,1.35689,1.35727,3912
1643846400,1.35705,1.35758,1.3556599999999999,1.35649,2322
1643860800,1.35649,1.35672,1.3550900000000001,1.35532,3452
1643875200,1.35532,1.35615,1.35476,1.3558,6066
1643889600,1.3558,1.3627799999999999,1.3538000000000001,1.35821,10794
1643904000,1.35827,1.36195,1.3569200000000001,1.3608,13358
1643918400,1.3608,1.36087,1.35852,1.36001,5074
1643932800,1.35945,1.36121,1.35904,1.36042,2593
1643947200,1.36042,1.3614899999999999,1.35947,1.35965,3504
1643961600,1.3596599999999999,1.35979,1.3566,1.3569,7798
1643976000,1.3569,1.35797,1.3505099999999999,1.35122,10260
1643990400,1.35126,1.3551199999999999,1.3508,1.35349,11769
1644004800,1.35352,1.3547799999999999,1.3523800000000001,1.35285,4417
1644192000,1.35351,1.35435,1.35271,1.35331,3351
1644206400,1.35331,1.35352,1.35156,1.35208,4136
1644220800,1.35208,1.35508,1.35154,1.35162,7609
1644235200,1.3516,1.35243,1.34907,1.35221,7840
1644249600,1.3522,1.3536000000000001,1.3502100000000001,1.35169,9092
1644264000,1.35169,1.35381,1.35158,1.3535,3790
1644278400,1.35344,1.35389,1.35222,1.3535599999999999,2940
1644292800,1.35357,1.35366,1.35117,1.35181,3556
1644307200,1.3518,1.35549,1.35079,1.35517,6876
1644321600,1.35515,1.3564,1.35158,1.35386,6842
1644336000,1.35386,1.35565,1.35357,1.3544800000000001,7174
1644350400,1.35443,1.35557,1.35376,1.35474,4002
1644364800,1.35406,1.35556,1.35339,1.35555,2003
1644379200,1.35556,1.35664,1.35549,1.35556,2930
1644393600,1.35556,1.35736,1.35376,1.35691,5451
1644408000,1.3569,1.35893,1.35641,1.35795,5698
1644422400,1.35799,1.358,1.3529900000000001,1.35391,6625
1644436800,1.3538999999999999,1.35411,1.35269,1.35351,3348
1644451200,1.35339,1.35373,1.3526500000000001,1.35314,2538
1644465600,1.35314,1.35365,1.35264,1.35307,3359
1644480000,1.35309,1.35741,1.3529,1.35716,5932
1644494400,1.35716,1.35806,1.35239,1.3547,7836
1644508800,1.35466,1.36437,1.3523399999999999,1.36121,14233
1644523200,1.3612,1.36208,1.35416,1.35593,9454
1644537600,1.35568,1.35643,1.35331,1.35503,4392
1644552000,1.35503,1.35554,1.3520400000000001,1.3533,4725
1644566400,1.3533,1.35691,1.35141,1.3556,8394
1644580800,1.3556,1.3599,1.3547,1.35733,6818
1644595200,1.3573,1.3609200000000001,1.35677,1.36011,10861
1644609600,1.36008,1.36053,1.35416,1.35608,13459
1644796800,1.3554,1.35718,1.35437,1.3554,4187
1644811200,1.3554,1.35541,1.35347,1.35469,3632
1644825600,1.35469,1.35469,1.34951,1.3513,8703
1644840000,1.35131,1.35474,1.3502,1.35282,10141
1644854400,1.35278,1.35398,1.35092,1.35309,11715
1644868800,1.35309,1.35408,1.35152,1.3534,8575
1644883200,1.35191,1.35462,1.3519,1.35377,2808
1644897600,1.35375,1.35436,1.35294,1.35308,4301
1644912000,1.35302,1.3567,1.35277,1.35513,8358
1644926400,1.35515,1.35633,1.3529499999999999,1.3542399999999999,8180
1644940800,1.35425,1.35522,1.34866,1.3531900000000001,9767
1644955200,1.3531900000000001,1.35431,1.35278,1.35431,4976
1644969600,1.35321,1.35471,1.35244,1.35464,2892
1644984000,1.35464,1.35534,1.35386,1.35513,3053
1644998400,1.35513,1.35739,1.3548200000000001,1.35626,6838
1645012800,1.3562699999999999,1.35745,1.35411,1.35501,7643
1645027200,1.355,1.35917,1.35419,1.35808,8995
1645041600,1.35807,1.36009,1.35708,1.35835,8060
1645056000,1.35786,1.35945,1.35776,1.35904,3216
1645070400,1.35904,1.35976,1.35558,1.35833,6164
1645084800,1.35834,1.36084,1.3568500000000001,1.36046,10289
1645099200,1.36047,1.36286,1.3596300000000001,1.36177,8421
1645113600,1.36176,1.36381,1.36087,1.36238,10957
1645128000,1.36238,1.36316,1.36135,1.3614600000000001,4968
1645142400,1.36136,1.36206,1.3603100000000001,1.36096,4367
1645156800,1.36096,1.3614,1.3599999999999999,1.36094,3654
1645171200,1.36093,1.36428,1.36064,1.36236,6606
1645185600,1.36233,1.36285,1.36011,1.36066,7898
1645200000,1.3606500000000001,1.3612,1.35733,1.35827,10646
1645214400,1.35828,1.3606,1.35821,1.35929,4827
1645401600,1.35891,1.36166,1.35795,1.36132,4423
1645416000,1.36133,1.36245,1.36123,1.36189,4435
1645430400,1.36185,1.36383,1.3618299999999999,1.36361,6280
1645444800,1.36361,1.36385,1.35941,1.36044,7368
1645459200,1.36044,1.36182,1.35995,1.36163,7688
1645473600,1.36165,1.36177,1.35961,1.36012,3977
1645488000,1.35998,1.36014,1.35804,1.35833,4639
1645502400,1.35833,1.35985,1.35795,1.3597000000000001,4962
1645516800,1.35972,1.35975,1.35561,1.35791,10374
1645531200,1.35793,1.35892,1.35438,1.35511,11206
1645545600,1.35517,1.36048,1.35384,1.3594,10953
1645560000,1.3594,1.35976,1.35758,1.35856,8132
1645574400,1.35738,1.3604,1.35731,1.35999,3849
1645588800,1.3599700000000001,1.36029,1.35852,1.35922,4006
1645603200,1.3592,1.36205,1.35885,1.36041,8370
1645617600,1.36041,1.36132,1.3581699999999999,1.3605800000000001,9286
1645632000,1.36057,1.36067,1.35484,1.3550499999999999,10191
1645646400,1.35504,1.35535,1.35358,1.3544399999999999,6424
1645660800,1.35437,1.35493,1.35297,1.35386,4609
1645675200,1.3538700000000001,1.354,1.34862,1.34972,12332
1645689600,1.34976,1.35128,1.34331,1.3433899999999999,14547
1645704000,1.3433899999999999,1.34421,1.33561,1.33587,14786
1645718400,1.33587,1.33802,1.32729,1.33674,15479
1645732800,1.33669,1.3405,1.33596,1.3373,11974
1645747200,1.33707,1.33911,1.33679,1.33905,6145
1645761600,1.33905,1.34387,1.33895,1.34364,6866
1645776000,1.34364,1.34368,1.33708,1.33745,11399
1645790400,1.33745,1.34125,1.33677,1.33983,11736
1645804800,1.3397999999999999,1.34244,1.33666,1.33837,12236
1645819200,1.33837,1.34196,1.33837,1.34098,6133
1646006400,1.33283,1.33817,1.33193,1.33626,8835
1646020800,1.33632,1.3366799999999999,1.33414,1.33617,7184
1646035200,1.33615,1.33877,1.3351899999999999,1.33757,12249
1646049600,1.33757,1.3412600000000001,1.33756,1.3412600000000001,11746
1646064000,1.3412899999999999,1.34315,1.33866,1.33907,13330
1646078400,1.33906,1.34247,1.33903,1.3421699999999999,7336
1646092800,1.34104,1.34239,1.34073,1.3416299999999999,3114
1646107200,1.34164,1.34218,1.34051,1.34184,5581
1646121600,1.34184,1.3437299999999999,1.3413599999999999,1.3413599999999999,9718
1646136000,1.34135,1.34246,1.33825,1.34019,11257
1646150400,1.34018,1.34077,1.33043,1.3312300000000001,13427
1646164800,1.33125,1.33342,1.33023,1.33243,8595
1646179200,1.33222,1.33391,1.33174,1.3331,3227
1646193600,1.3331,1.33339,1.3302,1.3303,4513
1646208000,1.3303,1.33159,1.32715,1.3308,12396
1646222400,1.3308200000000001,1.33479,1.3304,1.33476,12448
1646236800,1.33474,1.33725,1.33099,1.33594,15423
1646251200,1.33594,1.34069,1.33593,1.3406,7132
1646265600,1.34013,1.34052,1.33774,1.33838,4467
1646280000,1.3384,1.3412,1.33775,1.34081,4507
1646294400,1.34083,1.34177,1.33691,1.33811,9588
1646308800,1.3381,1.33928,1.33627,1.33785,10431
1646323200,1.33784,1.33925,1.33176,1.33337,13956
1646337600,1.33338,1.33572,1.33287,1.3348900000000001,7168
1646352000,1.33468,1.33542,1.33165,1.3345500000000001,7698
1646366400,1.33456,1.33483,1.3333300000000001,1.33382,6894
1646380800,1.33382,1.33452,1.33025,1.33046,9505
1646395200,1.33045,1.33169,1.3220100000000001,1.32305,11713
1646409600,1.32306,1.32487,1.32027,1.3228,13114
1646424000,1.32282,1.32495,1.32172,1.32347,7409
1646611200,1.3225799999999999,1.3237999999999999,1.3185,1.32013,7805
1646625600,1.32013,1.32234,1.3188900000000001,1.32138,8306
1646640000,1.3213599999999999,1.32284,1.31561,1.31689,13207
1646654400,1.31686,1.32142,1.31413,1.3173300000000001,15108
1646668800,1.31731,1.31977,1.31019,1.31118,15810
1646683200,1.31116,1.31308,1.31025,1.31027,9235
1646697600,1.31039,1.31285,1.31014,1.31227,5860
1646712000,1.31227,1.31307,1.31068,1.31111,6316
1646726400,1.31111,1.3131599999999999,1.3082099999999999,1.31206,14383
1646740800,1.31206,1.31334,1.30854,1.3107,12353
1646755200,1.31063,1.31445,1.30897,1.31344,17415
1646769600,1.31338,1.31437,1.30925,1.31002,11132
1646784000,1.30993,1.31166,1.3088,1.31127,4821
1646798400,1.31127,1.31276,1.31061,1.3113000000000001,5609
1646812800,1.31129,1.3154,1.31048,1.31507,10422
1646827200,1.31507,1.31809,1.31371,1.31613,11110
1646841600,1.31612,1.31837,1.3147199999999999,1.31824,14195
1646856000,1.31823,1.31898,1.31601,1.3183099999999999,6481
1646870400,1.31786,1.31875,1.3143500000000001,1.31585,4505
1646884800,1.31585,1.31764,1.31509,1.31758,5439
1646899200,1.31759,1.31945,1.31468,1.31683,10867
1646913600,1.31685,1.31936,1.31415,1.31775,14095
1646928000,1.3176999999999999,1.31785,1.30917,1.30979,12355
1646942400,1.30979,1.3115,1.30815,1.30815,5921
1646956800,1.30836,1.31041,1.30756,1.30804,4044
1646971200,1.30811,1.30936,1.30693,1.3074,5490
1646985600,1.30738,1.31019,1.30512,1.30744,10834
1647000000,1.30742,1.3124799999999999,1.30705,1.30941,13363
1647014400,1.3094299999999999,1.3100100000000001,1.30422,1.30429,12820
1647028800,1.30429,1.30508,1.30275,1.30373,6543
1647216000,1.3038699999999999,1.30526,1.3029600000000001,1.30454,3905
1647230400,1.3045900000000001,1.30485,1.30095,1.30228,5859
1647244800,1.30227,1.30515,1.30134,1.30446,8273
1647259200,1.30446,1.3079,1.30192,1.3066499999999999,10691
1647273600,1.30664,1.30711,1.3032599999999999,1.30332,12626
1647288000,1.30332,1.30376,1.3001,1.30016,6846
1647302400,1.30046,1.30172,1.30011,1.30104,2747
1647316800,1.30104,1.30485,1.30003,1.30413,7458
1647331200,1.30407,1.3051300000000001,1.3018,1.30311,10631
1647345600,1.30309,1.3075999999999999,1.302,1.30701,11244
1647360000,1.30694,1.3088600000000001,1.304,1.305,12703
1647374400,1.30498,1.30545,1.3021,1.3038,6908
1647388800,1.30369,1.30505,1.30224,1.30381,3712
1647403200,1.30381,1.30572,1.30359,1.30505,5623
1647417600,1.30503,1.307,1.30358,1.30585,8259
1647432000,1.30585,1.31055,1.30528,1.30917,9871
1647446400,1.30922,1.31164,1.30745,1.3112300000000001,12862
1647460800,1.3112300000000001,1.31566,1.30435,1.3146,13115
1647475200,1.3148900000000001,1.31595,1.31259,1.3159100000000001,4518
1647489600,1.31593,1.31636,1.3134000000000001,1.31572,7482
1647504000,1.31572,1.31911,1.31483,1.31813,8370
1647518400,1.31811,1.32111,1.3088,1.30996,11434
1647532800,1.30997,1.31726,1.30926,1.3170600000000001,10586
1647547200,1.3170600000000001,1.31738,1.31455,1.31493,5406
1647561600,1.31477,1.3183500000000001,1.31423,1.31608,3758
1647576000,1.31608,1.31657,1.31512,1.31546,5827
1647590400,1.31546,1.3173,1.31311,1.31476,8103
1647604800,1.31476,1.31491,1.31203,1.31253,8674
1647619200,1.31253,1.31886,1.31107,1.31881,11025
1647633600,1.31881,1.31969,1.31737,1.31764,5483
1647820800,1.31671,1.31769,1.3155000000000001,1.31634,3599
1647835200,1.31634,1.3171,1.31532,1.31532,4890
1647849600,1.3153299999999999,1.317,1.31458,1.31497,7034
1647864000,1.31497,1.31574,1.31269,1.31528,9021
1647878400,1.31528,1.32101,1.3152300000000001,1.31981,11383
1647892800,1.31982,1.32023,1.3155299999999999,1.3167,8284
1647907200,1.31623,1.31691,1.31332,1.3137699999999999,3527
1647921600,1.31378,1.31544,1.31253,1.3134700000000001,7227
1647936000,1.31346,1.3194,1.312,1.3176999999999999,9577
1647950400,1.3176999999999999,1.32477,1.31727,1.32337,11045
1647964800,1.32341,1.32738,1.32339,1.3253,11212
1647979200,1.32532,1.3264,1.32471,1.32619,6176
1647993600,1.32625,1.32749,1.3256700000000001,1.32707,4038
1648008000,1.32707,1.32985,1.32697,1.32795,6142
1648022400,1.32795,1.32916,1.32211,1.32227,7128
1648036800,1.32227,1.32446,1.31784,1.31948,9401
1648051200,1.31948,1.3214299999999999,1.3175,1.32024,9937
1648065600,1.32024,1.32128,1.31977,1.32074,5329
1648080000,1.32023,1.32128,1.31954,1.31992,3364
1648094400,1.31992,1.32007,1.31834,1.31905,6505
1648108800,1.31905,1.32054,1.31576,1.31604,9569
1648123200,1.31606,1.3214000000000001,1.3157,1.31982,9930
1648137600,1.31982,1.3205200000000001,1.3167,1.3179,11708
1648152000,1.31791,1.31954,1.31671,1.31864,5983
1648166400,1.31824,1.31985,1.31773,1.31886,3508
1648180800,1.31886,1.32248,1.31863,1.32218,7708
1648195200,1.32219,1.32234,1.31606,1.31623,7694
1648209600,1.31624,1.3205200000000001,1.3159100000000001,1.31956,8317
1648224000,1.31958,1.32227,1.31787,1.3189899999999999,12645
1648238400,1.31897,1.31976,1.31791,1.3183099999999999,6426
1648425600,1.31772,1.31841,1.31559,1.31586,3267
1648440000,1.31583,1.31663,1.31454,1.31468,8204
1648454400,1.31466,1.3167499999999999,1.31304,1.31628,11044
1648468800,1.31624,1.31624,1.3096700000000001,1.31005,11524
1648483200,1.31005,1.31053,1.30673,1.30899,11919
1648497600,1.30898,1.30995,1.3082099999999999,1.3094000000000001,5622
1648512000,1.30914,1.31063,1.30786,1.30798,4071
1648526400,1.30798,1.3106,1.30798,1.30931,7283
1648540800,1.30931,1.31154,1.3056,1.3060100000000001,10046
1648555200,1.30599,1.31597,1.30511,1.31456,14386
1648569600,1.31455,1.3157,1.3081,1.30859,13871
1648584000,1.30857,1.31057,1.3060100000000001,1.30937,5994
1648598400,1.3082799999999999,1.31024,1.30827,1.30978,4090
1648612800,1.3098,1.31115,1.30925,1.31007,8648
1648627200,1.31006,1.31416,1.30987,1.3140399999999999,11173
1648641600,1.31405,1.31677,1.31297,1.31588,11769
1648656000,1.31588,1.31825,1.31403,1.31437,11919
1648670400,1.31437,1.31442,1.31268,1.31352,5638
1648684800,1.31324,1.31425,1.3128600000000001,1.31414,4296
1648699200,1.31416,1.3143500000000001,1.31098,1.3115700000000001,6284
1648713600,1.3115299999999999,1.31483,1.31105,1.31208,10099
1648728000,1.31209,1.31409,1.31119,1.31391,10118
1648742400,1.31386,1.31756,1.3106,1.31383,12798
1648756800,1.31381,1.31527,1.31303,1.3142,6213
1648771200,1.31354,1.31515,1.31305,1.3136999999999999,4095
1648785600,1.31371,1.31396,1.3121800000000001,1.3130600000000001,6107
1648800000,1.31307,1.31389,1.3113000000000001,1.31289,8973
1648814400,1.31289,1.31454,1.31079,1.3112,9310
1648828800,1.3112,1.31179,1.30864,1.31049,10612
1648843200,1.31045,1.31154,1.30919,1.31115,5815
1649030400,1.30972,1.31159,1.3096700000000001,1.3112,3050
1649044800,1.31118,1.312,1.31067,1.3118,4932
1649059200,1.31178,1.31369,1.31138,1.31148,8595
1649073600,1.31149,1.31238,1.30931,1.31071,9303
1649088000,1.3106900000000001,1.31291,1.30995,1.31036,9545
1649102400,1.3103799999999999,1.31203,1.30968,1.31163,5192
1649116800,1.31114,1.31174,1.31063,1.31109,2601
1649131200,1.31109,1.3124,1.31068,1.31202,4907
1649145600,1.31205,1.31449,1.31161,1.31199,8787
1649160000,1.31198,1.31424,1.31185,1.3136,8967
1649174400,1.31359,1.31668,1.30822,1.30847,11829
1649188800,1.30847,1.30958,1.30667,1.3070599999999999,6092
1649203200,1.30734,1.3079,1.30634,1.30645,2596
1649217600,1.30645,1.30777,1.30567,1.30685,5556
1649232000,1.30685,1.30986,1.3045499999999999,1.3096999999999999,9744
1649246400,1.3096999999999999,1.31081,1.30717,1.30937,9960
1649260800,1.30938,1.30996,1.30683,1.3076400000000001,11376
1649275200,1.30761,1.31019,1.30484,1.30682,10619
1649289600,1.30652,1.30808,1.30552,1.30768,3202
1649304000,1.30768,1.30834,1.30686,1.30819,5234
1649318400,1.3081800000000001,1.31064,1.30713,1.3073000000000001,9484
1649332800,1.30729,1.3094999999999999,1.30627,1.3069899999999999,10345
1649347200,1.3069899999999999,1.30842,1.30519,1.30542,11782
1649361600,1.30545,1.30762,1.3054299999999999,1.30761,6626
1649376000,1.3075,1.30857,1.30648,1.3069600000000001,3959
1649390400,1.30697,1.30771,1.3060800000000001,1.3060800000000001,4960
1649404800,1.3060800000000001,1.30739,1.30261,1.30436,8349
1649419200,1.30436,1.30522,1.3013,1.3023,8364
1649433600,1.30226,1.3034,1.29825,1.30315,10231
1649448000,1.30316,1.30395,1.30214,1.30341,5447
1649635200,1.30321,1.30397,1.30206,1.3020800000000001,3672
1649649600,1.3020800000000001,1.30319,1.3008600000000001,1.30166,6587
1649664000,1.30167,1.30354,1.29891,1.30287,10088
1649678400,1.30286,1.30567,1.30189,1.3036699999999999,9075
1649692800,1.30363,1.30467,1.30187,1.30249,10669
1649707200,1.30249,1.30386,1.30194,1.30281,5513
1649721600,1.30288,1.30379,1.30176,1.30202,3507
1649736000,1.302,1.30314,1.30044,1.30257,5334
1649750400,1.30259,1.30346,1.30008,1.30029,9478
1649764800,1.30029,1.30499,1.29941,1.3048899999999999,10032
1649779200,1.3048,1.3054000000000001,1.30163,1.30221,14088
1649793600,1.3022,1.30251,1.2999100000000001,1.30007,6611
1649808000,1.30004,1.3006,1.29874,1.29922,2678
1649822400,1.29926,1.30145,1.29919,1.30037,5358
1649836800,1.30037,1.30263,1.29733,1.30066,8872
1649851200,1.30066,1.30246,1.29915,1.29946,9909
1649865600,1.29946,1.3103,1.29926,1.30934,12550
1649880000,1.30936,1.31172,1.30887,1.31172,5773
1649894400,1.3109199999999999,1.3130600000000001,1.3097699999999999,1.31159,3246
1649908800,1.31159,1.31414,1.3113299999999999,1.31379,5251
1649923200,1.31381,1.31473,1.31263,1.31353,7750
1649937600,1.31352,1.31463,1.30945,1.30961,9914
1649952000,1.30961,1.30969,1.30335,1.30572,13816
1649966400,1.30571,1.3082500000000001,1.30564,1.30795,5165
1649980800,1.3072300000000001,1.30793,1.30435,1.30563,2738
1649995200,1.30563,1.30702,1.30449,1.3069,5118
1650009600,1.3069,1.30743,1.30485,1.3067,9052
1650024000,1.30675,1.30713,1.30566,1.30653,11233
1650038400,1.30649,1.30688,1.3058,1.30621,4995
1650052800,1.30617,1.30671,1.30538,1.30584,2354
1650240000,1.3051599999999999,1.30646,1.30353,1.30443,3467
1650254400,1.30441,1.30528,1.30185,1.30217,5142
1650268800,1.30215,1.30291,1.30064,1.30146,5152
1650283200,1.30146,1.3044799999999999,1.30099,1.30363,5578
1650297600,1.3036400000000001,1.30445,1.30046,1.30097,8290
1650312000,1.30095,1.30188,1.30049,1.30109,4820
1650326400,1.30077,1.30189,1.30012,1.3005900000000001,3114
1650340800,1.3005900000000001,1.30108,1.29893,1.29988,6392
1650355200,1.29988,1.30399,1.29878,1.30399,9507
1650369600,1.30406,1.30406,1.29969,1.30011,9651
1650384000,1.30013,1.3012000000000001,1.29804,1.30069,12126
1650398400,1.3007,1.30148,1.29919,1.30007,6797
1650412800,1.29966,1.30202,1.29905,1.30187,3718
1650427200,1.30188,1.3045200000000001,1.3011,1.30362,8122
1650441600,1.30361,1.30382,1.29962,1.30293,8679
1650456000,1.30293,1.3066,1.30227,1.30549,10321
1650470400,1.3054999999999999,1.30656,1.30343,1.3050899999999999,11585
1650484800,1.30508,1.30707,1.30492,1.30666,6380
1650499200,1.3047900000000001,1.30738,1.30445,1.30527,6404
1650513600,1.30528,1.30614,1.30422,1.30512,5779
1650528000,1.30511,1.30823,1.30483,1.30599,10385
1650542400,1.30599,1.30902,1.30243,1.3047,8713
1650556800,1.30464,1.30761,1.30222,1.30351,11714
1650571200,1.3035,1.30478,1.30229,1.30267,8683
1650585600,1.30285,1.30351,1.30161,1.30233,4191
1650600000,1.30232,1.30312,1.30109,1.3026200000000001,6769
1650614400,1.30261,1.30329,1.2882799999999999,1.28868,11029
1650628800,1.28869,1.29162,1.28623,1.28806,9828
1650643200,1.28804,1.28946,1.28286,1.28363,12563
1650657600,1.2836400000000001,1.28448,1.2823,1.2839,7229
1650844800,1.2833700000000001,1.28416,1.28167,1.28214,3806
1650859200,1.2822200000000001,1.28257,1.27921,1.27997,7705
1650873600,1.2800500000000001,1.28076,1.27288,1.2747,13182
1650888000,1.27469,1.27548,1.27053,1.27367,12737
1650902400,1.27373,1.27379,1.26973,1.27298,14232
1650916800,1.27297,1.27448,1.27218,1.27413,9108
1650931200,1.27379,1.27478,1.27163,1.27464,4517
1650945600,1.27463,1.27724,1.27359,1.27612,7824
1650960000,1.27612,1.27617,1.27111,1.27216,10744
1650974400,1.27211,1.27267,1.26702,1.26801,9979
1650988800,1.26804,1.26978,1.26002,1.26113,13697
1651003200,1.26115,1.26144,1.25712,1.25742,7673
1651017600,1.2576,1.25873,1.25599,1.25812,3554
1651032000,1.2581,1.25916,1.25743,1.25847,6994
1651046400,1.25847,1.25975,1.25359,1.25381,11120
1651060800,1.2538,1.26018,1.25271,1.25418,11320
1651075200,1.25416,1.25786,1.25026,1.2567300000000001,13941
1651089600,1.2567300000000001,1.25692,1.25353,1.2546599999999999,8097
1651104000,1.25439,1.2545600000000001,1.25266,1.25323,3507
1651118400,1.25323,1.25454,1.25084,1.25157,7755
1651132800,1.25157,1.25699,1.24912,1.2536,11959
1651147200,1.25359,1.2539799999999999,1.24215,1.24302,12715
1651161600,1.24309,1.2469999999999999,1.24115,1.2464,14434
1651176000,1.24641,1.24738,1.2447,1.24618,7184
1651190400,1.24461,1.24872,1.24362,1.2484899999999999,3198
1651204800,1.2484899999999999,1.2497099999999999,1.24657,1.24939,6284
1651219200,1.24939,1.2575,1.24937,1.25529,10455
1651233600,1.25532,1.25851,1.25324,1.2545899999999999,10834
1651248000,1.2545600000000001,1.25783,1.25302,1.25779,13652
1651262400,1.25781,1.26144,1.25693,1.2577,7312
1651449600,1.25796,1.25973,1.25671,1.25693,5763
1651464000,1.25692,1.25766,1.2546300000000001,1.2551700000000001,6560
1651478400,1.25516,1.25876,1.25397,1.25726,9252
1651492800,1.25727,1.25805,1.25349,1.2536800000000001,8532
1651507200,1.2537,1.25494,1.24933,1.24977,11866
1651521600,1.24977,1.25003,1.2473,1.24933,6985
1651536000,1.2490700000000001,1.25211,1.24831,1.25196,2977
1651550400,1.25195,1.25415,1.2509299999999999,1.25126,5089
1651564800,1.2513,1.2555399999999999,1.25054,1.25407,10711
1651579200,1.2540499999999999,1.25671,1.24928,1.25575,10642
1651593600,1.25574,1.25661,1.24872,1.24881,12502
1651608000,1.24882,1.25146,1.24704,1.2495,8037
1651622400,1.24931,1.25057,1.24836,1.24966,3256
1651636800,1.24966,1.25007,1.24818,1.24821,4141
1651651200,1.24818,1.25244,1.24673,1.2515,7970
1651665600,1.25152,1.25365,1.25021,1.2530000000000001,8322
1651680000,1.2530000000000001,1.25375,1.24674,1.24941,12041
1651694400,1.24942,1.26379,1.24522,1.2631999999999999,15274
1651708800,1.26253,1.26352,1.2600799999999999,1.26092,4796
1651723200,1.26093,1.2633,1.25415,1.2547,7371
1651737600,1.2547,1.2568,1.25173,1.25462,10606
1651752000,1.25461,1.25788,1.23618,1.23891,13213
1651766400,1.2389000000000001,1.24123,1.23261,1.2337799999999999,15258
1651780800,1.2337799999999999,1.23692,1.23252,1.23564,11031
1651795200,1.23575,1.23803,1.23545,1.23661,4790
1651809600,1.23661,1.2374,1.23335,1.23679,7982
1651824000,1.2368000000000001,1.2368000000000001,1.22761,1.234,13309
1651838400,1.23401,1.23795,1.23181,1.23231,12549
1651852800,1.23222,1.23699,1.2301,1.2357,19030
1651867200,1.2357,1.23622,1.23227,1.23365,10004
1652054400,1.23435,1.2345,1.23022,1.2303600000000001,4470
1652068800,1.23038,1.2312400000000001,1.22811,1.22832,7046
1652083200,1.22831,1.23075,1.2260900000000001,1.22703,10775
1652097600,1.22703,1.24059,1.22687,1.23898,12332
1652112000,1.23898,1.23906,1.23007,1.23479,17011
1652126400,1.23478,1.23553,1.23259,1.23279,10583
1652140800,1.23296,1.23421,1.23177,1.23308,4552
1652155200,1.23305,1.23723,1.23239,1.2365599999999999,8549
1652169600,1.2365599999999999,1.23757,1.2316799999999999,1.2337500000000001,11755
1652184000,1.2337500000000001,1.23587,1.23043,1.23192,11236
1652198400,1.23184,1.23413,1.22917,1.23105,16785
1652212800,1.23098,1.23309,1.23028,1.23173,10407
1652227200,1.2312,1.23262,1.2304599999999999,1.2317,3374
1652241600,1.23169,1.23401,1.23121,1.23358,6649
1652256000,1.23358,1.23729,1.2322899999999999,1.23729,10082
1652270400,1.23728,1.23899,1.22771,1.22875,12261
1652284800,1.22878,1.23999,1.22826,1.229,18797
1652299200,1.22899,1.22928,1.22375,1.2246,12303
1652313600,1.22475,1.22527,1.22249,1.22448,4649
1652328000,1.22447,1.22461,1.22072,1.2208,8312
1652342400,1.22082,1.22212,1.21796,1.21796,14936
1652356800,1.21796,1.22478,1.2165300000000001,1.22278,13521
1652371200,1.22277,1.22434,1.21877,1.21914,17934
1652385600,1.21915,1.21994,1.21733,1.21989,11108
1652400000,1.21943,1.22141,1.21932,1.22073,4145
1652414400,1.22073,1.2227000000000001,1.21932,1.22226,8393
1652428800,1.22227,1.22315,1.21994,1.2205300000000001,11303
1652443200,1.2205300000000001,1.22165,1.21745,1.21999,9912
1652457600,1.21999,1.22487,1.2156,1.22361,13343
1652472000,1.2236,1.22599,1.22201,1.22593,6592
1652659200,1.22389,1.22706,1.22389,1.22692,5164
1652673600,1.22693,1.22963,1.22329,1.22404,8451
1652688000,1.22403,1.22534,1.22172,1.22357,10862
1652702400,1.22357,1.22705,1.2219,1.22537,10122
1652716800,1.22539,1.22812,1.22364,1.22756,13884
1652731200,1.22747,1.23295,1.22738,1.23222,7616
1652745600,1.23166,1.2337,1.23151,1.23291,4275
1652760000,1.23293,1.23468,1.23205,1.23427,6975
1652774400,1.23427,1.24827,1.23349,1.24758,11166
1652788800,1.2476,1.24989,1.24424,1.24884,12914
1652803200,1.24889,1.24895,1.24494,1.24805,12598
1652817600,1.24805,1.24937,1.24525,1.24913,11003
1652832000,1.24846,1.25007,1.24825,1.24884,3997
1652846400,1.24885,1.2493,1.2463,1.24721,6814
1652860800,1.24722,1.2496,1.23719,1.23744,10533
1652875200,1.23743,1.24358,1.2374,1.24195,10209
1652889600,1.24194,1.24264,1.23734,1.23827,13429
1652904000,1.23828,1.23837,1.23298,1.23405,9177
1652918400,1.2342,1.2364600000000001,1.23352,1.23519,5080
1652932800,1.23528,1.2395100000000001,1.23391,1.2386300000000001,8294
1652947200,1.2386,1.24071,1.23381,1.23918,12141
1652961600,1.23917,1.24377,1.23697,1.24288,13181
1652976000,1.24291,1.2524600000000001,1.24261,1.24984,17648
1652990400,1.24986,1.25121,1.24716,1.24783,11920
1653004800,1.2462,1.24753,1.24512,1.24636,4818
1653019200,1.24637,1.24694,1.24378,1.24543,8608
1653033600,1.24543,1.24965,1.2448,1.24868,11859
1653048000,1.24868,1.24905,1.24616,1.24786,10313
1653062400,1.24783,1.2499500000000001,1.24527,1.24724,15183
1653076800,1.24724,1.2496800000000001,1.24532,1.24921,9861
1653264000,1.24759,1.25298,1.2459,1.2526,4520
1653278400,1.2526,1.2553,1.2522199999999999,1.2545899999999999,7033
1653292800,1.25461,1.25753,1.2541,1.25717,11495
1653307200,1.25716,1.2601,1.25634,1.25674,10893
1653321600,1.25674,1.25934,1.25561,1.25683,12529
1653336000,1.25685,1.25881,1.25583,1.2588,6922
1653350400,1.25789,1.25872,1.25569,1.25587,3803
1653364800,1.25587,1.25694,1.25475,1.25603,6036
1653379200,1.25603,1.25987,1.2475,1.24865,11283
1653393600,1.24865,1.25223,1.2471700000000001,1.2492,11006
1653408000,1.24913,1.2554400000000001,1.24842,1.25352,15526
1653422400,1.25348,1.25436,1.25103,1.25354,9133
1653436800,1.2530700000000001,1.2549000000000001,1.2522,1.25278,4366
1653451200,1.2528000000000001,1.2542499999999999,1.25141,1.2538,8159
1653465600,1.2538,1.25598,1.25203,1.25232,11090
1653480000,1.25232,1.25237,1.2481200000000001,1.2500499999999999,11475
1653494400,1.25008,1.25583,1.24932,1.25322,13331
1653508800,1.25322,1.25908,1.25247,1.25817,10219
1653523200,1.25692,1.26123,1.25633,1.26047,4109
1653537600,1.2604899999999999,1.26091,1.25645,1.25684,9123
1653552000,1.25685,1.25977,1.2551999999999999,1.25643,10735
1653566400,1.25643,1.26209,1.25579,1.25638,12098
1653580800,1.25638,1.25875,1.25532,1.25749,12089
1653595200,1.25752,1.26083,1.25685,1.26081,6186
1653609600,1.25807,1.2625899999999999,1.25693,1.26217,3975
1653624000,1.26219,1.26669,1.26153,1.26528,8619
1653638400,1.26526,1.26526,1.26081,1.26182,9771
1653652800,1.26184,1.2644,1.2586,1.26253,10628
1653667200,1.2625,1.26539,1.2597,1.26072,11276
1653681600,1.26071,1.26322,1.26027,1.26295,5028
1653868800,1.26126,1.26353,1.25953,1.26278,3550
1653883200,1.26278,1.26576,1.26213,1.2646600000000001,7660
1653897600,1.26464,1.26511,1.26165,1.26296,9807
1653912000,1.26297,1.26554,1.26251,1.26322,8424
1653926400,1.26323,1.2659799999999999,1.2631299999999999,1.26546,8113
1653940800,1.26546,1.2658800000000001,1.26529,1.26553,3378
1653955200,1.26504,1.26544,1.26104,1.26122,5316
1653969600,1.26124,1.26294,1.25987,1.26124,8607
1653984000,1.26123,1.26314,1.25912,1.26125,10475
1653998400,1.26129,1.26187,1.25604,1.25618,11992
1654012800,1.25625,1.26302,1.25624,1.26203,14380
1654027200,1.26197,1.26238,1.25986,1.26052,7649
1654041600,1.25999,1.26166,1.25974,1.26094,3251
1654056000,1.26093,1.26093,1.25753,1.2582499999999999,7307
1654070400,1.2582499999999999,1.26119,1.25753,1.25784,10715
1654084800,1.25785,1.26051,1.25596,1.25876,9682
1654099200,1.25882,1.25948,1.24589,1.2469999999999999,14448
1654113600,1.24701,1.2502499999999999,1.24701,1.2486,8546
1654128000,1.2483,1.24917,1.24744,1.24857,2890
1654142400,1.24857,1.24879,1.24714,1.24854,5951
1654156800,1.24854,1.25446,1.24693,1.25373,8443
1654171200,1.2537,1.25713,1.25353,1.2555,8983
1654185600,1.2555,1.25817,1.25248,1.25812,12247
1654200000,1.25813,1.25867,1.25643,1.25781,5604
1654214400,1.25752,1.25899,1.25711,1.25784,2945
1654228800,1.25784,1.25848,1.25688,1.2570299999999999,6286
1654243200,1.25702,1.25837,1.25591,1.25746,7159
1654257600,1.25745,1.25767,1.25211,1.25308,8821
1654272000,1.2537099999999999,1.25736,1.24918,1.2515,12087
1654286400,1.2515,1.2515800000000001,1.24852,1.2487,5418
1654473600,1.24871,1.25022,1.24809,1.2482199999999999,3650
1654488000,1.24823,1.25008,1.24766,1.24994,5734
1654502400,1.24994,1.25775,1.24906,1.25727,9629
1654516800,1.25731,1.25731,1.25413,1.25564,8172
1654531200,1.25564,1.2560799999999999,1.25253,1.25397,11603
1654545600,1.2539799999999999,1.25482,1.25261,1.25265,6241
1654560000,1.25282,1.25319,1.2513,1.25166,4484
1654574400,1.25168,1.25228,1.24886,1.24916,9011
1654588800,1.24916,1.25343,1.24305,1.24942,12966
1654603200,1.24942,1.25192,1.24861,1.24869,10296
1654617600,1.24862,1.25996,1.24821,1.25931,12519
1654632000,1.25934,1.25995,1.25724,1.25909,5907
1654646400,1.25892,1.25976,1.25742,1.2575,3858
1654660800,1.25742,1.2587,1.2557,1.25574,8084
1654675200,1.25572,1.25838,1.2518500000000001,1.2522,10760
1654689600,1.25218,1.25598,1.25132,1.25366,11139
1654704000,1.25367,1.2564600000000001,1.25314,1.25474,12438
1654718400,1.25475,1.25485,1.25346,1.25367,6697
1654732800,1.25347,1.25461,1.2528299999999999,1.2534399999999999,5267
1654747200,1.25345,1.25485,1.25199,1.25288,7655
1654761600,1.25286,1.25328,1.24921,1.25258,10570
1654776000,1.25259,1.2548599999999999,1.25132,1.25318,13877
1654790400,1.25317,1.25586,1.25074,1.25149,15060
1654804800,1.25148,1.25228,1.2487300000000001,1.24967,7481
1654819200,1.24935,1.25,1.2482199999999999,1.2499500000000001,3635
1654833600,1.24993,1.25015,1.24792,1.24962,6750
1654848000,1.24964,1.25177,1.24693,1.24823,11348
1654862400,1.24823,1.24842,1.23831,1.23834,12931
1654876800,1.2384,1.2414399999999999,1.23098,1.23112,15708
1654891200,1.23113,1.2323,1.23011,1.23113,8707
1655078400,1.23148,1.23201,1.2271,1.22756,6786
1655092800,1.22755,1.2292,1.22621,1.2286,9842
1655107200,1.2286,1.23006,1.22125,1.22196,14405
1655121600,1.22195,1.22229,1.21616,1.21951,14328
1655136000,1.21954,1.22005,1.21237,1.21735,16254
1655150400,1.21734,1.21867,1.21073,1.21355,12416
1655164800,1.2132,1.21611,1.2122600000000001,1.21554,5492
1655179200,1.21553,1.21961,1.21342,1.21766,11625
1655193600,1.21766,1.22078,1.21495,1.21525,14325
1655208000,1.21525,1.21593,1.20627,1.20768,15432
1655222400,1.20764,1.2083599999999999,1.19892,1.19946,18447
1655236800,1.19939,1.20312,1.19341,1.19956,11950
1655251200,1.19939,1.2019199999999999,1.19891,1.2019,6406
1655265600,1.20188,1.20414,1.19987,1.20016,9253
1655280000,1.20016,1.20896,1.19893,1.20885,15747
1655294400,1.20884,1.2125,1.20586,1.20639,15876
1655308800,1.20639,1.20969,1.2046000000000001,1.20642,14946
1655323200,1.20644,1.22044,1.20283,1.21711,16703
1655337600,1.21735,1.21896,1.21583,1.21784,5558
1655352000,1.21783,1.21857,1.21416,1.21467,8325
1655366400,1.21469,1.21551,1.2058200000000001,1.21281,15420
1655380800,1.21282,1.22466,1.20412,1.22212,18412
1655395200,1.22211,1.24065,1.22211,1.2380200000000001,19080
1655409600,1.23804,1.2398,1.23447,1.23518,13450
1655424000,1.23513,1.23603,1.23197,1.23253,6051
1655438400,1.23255,1.23314,1.22854,1.23059,11466
1655452800,1.23058,1.23428,1.22522,1.2316,14739
1655467200,1.23156,1.23352,1.22526,1.22671,14322
1655481600,1.22668,1.22681,1.21727,1.21888,16960
1655496000,1.21877,1.22327,1.21871,1.22189,9936
1655683200,1.22189,1.22318,1.22074,1.22231,6012
1655697600,1.22232,1.22537,1.21993,1.22356,10973
1655712000,1.22353,1.22531,1.22183,1.2246299999999999,12856
1655726400,1.22469,1.22802,1.22336,1.22626,10488
1655740800,1.22626,1.22626,1.22262,1.22544,9982
1655755200,1.22543,1.22599,1.22312,1.22458,2617
1655769600,1.22435,1.22713,1.22388,1.22696,4825
1655784000,1.227,1.22833,1.22621,1.22649,7279
1655798400,1.22649,1.2324,1.22448,1.23093,11180
1655812800,1.23093,1.23181,1.22515,1.22666,11978
1655827200,1.22662,1.2294100000000001,1.22486,1.22719,12089
1655841600,1.22718,1.2282,1.22616,1.22777,6838
1655856000,1.22691,1.228,1.22432,1.22461,4698
1655870400,1.22462,1.226,1.22286,1.22335,8275
1655884800,1.22338,1.22434,1.2161,1.22181,12994
1655899200,1.22178,1.22723,1.2214800000000001,1.22536,12727
1655913600,1.22539,1.23146,1.22479,1.22657,16060
1655928000,1.22656,1.22878,1.22574,1.22627,7604
1655942400,1.22608,1.2266,1.2241900000000001,1.22605,4321
1655956800,1.22606,1.22644,1.22315,1.22554,10470
1655971200,1.22554,1.22637,1.217,1.21998,13951
1655985600,1.21998,1.22583,1.21945,1.22445,12962
1656000000,1.22442,1.22945,1.22211,1.22282,17619
1656014400,1.22284,1.22725,1.222,1.22604,8675
1656028800,1.2251400000000001,1.2271,1.22408,1.225,5640
1656043200,1.225,1.2285,1.22457,1.22793,7507
1656057600,1.2279200000000001,1.22845,1.2243,1.22756,11487
1656072000,1.22754,1.2309700000000001,1.22619,1.22833,11717
1656086400,1.22833,1.23205,1.22649,1.22685,15809
1656100800,1.22685,1.22874,1.225,1.22723,6721
1656288000,1.22559,1.22967,1.22522,1.22702,6031
1656302400,1.22703,1.22907,1.22666,1.22838,9067
1656316800,1.2284,1.23324,1.22644,1.2317,10620
1656331200,1.2317,1.23189,1.22381,1.22552,10520
1656345600,1.22562,1.23131,1.22554,1.2291,14213
1656360000,1.2291,1.22918,1.22623,1.22667,7343
1656374400,1.22643,1.22799,1.2260900000000001,1.22717,4093
1656388800,1.22716,1.22835,1.22607,1.22674,8717
1656403200,1.22683,1.22912,1.22509,1.22839,11392
1656417600,1.22839,1.22847,1.2211,1.22131,12266
1656432000,1.22134,1.22256,1.21853,1.21935,14823
1656446400,1.21935,1.22001,1.21806,1.21847,8845
1656460800,1.21823,1.22034,1.21757,1.21921,5607
1656475200,1.21921,1.22129,1.2189,1.21976,7904
1656489600,1.21975,1.22112,1.21669,1.21744,13044
1656504000,1.21744,1.219,1.21418,1.21534,13495
1656518400,1.21535,1.21765,1.21058,1.21219,16449
1656532800,1.21219,1.21378,1.21137,1.21243,7703
1656547200,1.21203,1.21323,1.21186,1.21264,5057
1656561600,1.21264,1.21413,1.21076,1.21309,7959
1656576000,1.2131,1.2166,1.21247,1.21424,12057
1656590400,1.21425,1.21426,1.2092100000000001,1.21225,12859
1656604800,1.2122,1.21877,1.21217,1.21771,17700
1656619200,1.2177,1.21884,1.2163599999999999,1.21775,12514
1656633600,1.21774,1.21774,1.21493,1.21539,7259
1656648000,1.21539,1.2157,1.2111,1.21191,14267
1656662400,1.21191,1.21386,1.20932,1.2101,18780
1656676800,1.21009,1.21173,1.2004,1.20072,19969
1656691200,1.20072,1.20632,1.19758,1.20457,24787
1656705600,1.20451,1.2107,1.20369,1.20938,9239
1656892800,1.20989,1.21224,1.20961,1.21059,6663
1656907200,1.21059,1.21085,1.20845,1.20929,11541
1656921600,1.20929,1.21268,1.20909,1.21218,14386
1656936000,1.21218,1.21651,1.21082,1.21533,13200
1656950400,1.21533,1.21607,1.20959,1.21108,12554
1656964800,1.21108,1.2113,1.2097,1.21001,2654
1656979200,1.21023,1.21188,1.20984,1.21111,7516
1656993600,1.21111,1.21225,1.20979,1.21127,11543
1657008000,1.21126,1.21253,1.20429,1.20437,19385
1657022400,1.20439,1.2056499999999999,1.19596,1.19693,21151
1657036800,1.19692,1.19722,1.18986,1.19239,23802
1657051200,1.19239,1.19593,1.19169,1.19583,12889
1657065600,1.1936499999999999,1.19651,1.19333,1.1965,6981
1657080000,1.1965,1.19716,1.19269,1.19353,13129
1657094400,1.19353,1.19893,1.19109,1.196,20605
1657108800,1.196,1.1963300000000001,1.18759,1.18971,23058
1657123200,1.18969,1.19405,1.1886,1.1909399999999999,27487
1657137600,1.1909399999999999,1.19452,1.19076,1.1921599999999999,15821
1657152000,1.19157,1.1930399999999999,1.19088,1.19255,8277
1657166400,1.19258,1.19533,1.19151,1.1948,14335
1657180800,1.19482,1.19943,1.19335,1.19689,18892
1657195200,1.19689,1.20237,1.19551,1.19641,21969
1657209600,1.19639,1.20143,1.19479,1.20079,22737
1657224000,1.20083,1.20296,1.19963,1.20236,9409
1657238400,1.20223,1.2052100000000001,1.20173,1.20499,5253
1657252800,1.20499,1.20557,1.19963,1.20144,13512
1657267200,1.20146,1.20147,1.19192,1.19347,18494
1657281600,1.19347,1.20299,1.19281,1.19861,22400
1657296000,1.19866,1.20479,1.19716,1.2019,23405
1657310400,1.2019,1.20358,1.20119,1.2033800000000001,8461
1657497600,1.2013099999999999,1.20369,1.20038,1.20087,8158
1657512000,1.20089,1.20096,1.19769,1.19878,12552
1657526400,1.1987700000000001,1.19895,1.19533,1.19663,16379
1657540800,1.1966,1.19772,1.19074,1.19228,18294
1657555200,1.19228,1.19229,1.18665,1.18831,23342
1657569600,1.18831,1.19096,1.18805,1.18895,10419
1657584000,1.1886,1.19098,1.18854,1.1892800000000001,7809
1657598400,1.18929,1.18937,1.18603,1.18643,15782
1657612800,1.18643,1.18732,1.18072,1.1829399999999999,20422
1657627200,1.18293,1.1881599999999999,1.18128,1.18589,21053
1657641600,1.18588,1.19159,1.18587,1.19104,21721
1657656000,1.19106,1.19126,1.18817,1.1886700000000001,9662
1657670400,1.1884299999999999,1.189,1.1874500000000001,1.18797,5858
1657684800,1.18797,1.19192,1.187,1.19012,14053
1657699200,1.19013,1.1937,1.18766,1.18902,19631
1657713600,1.18902,1.19466,1.18272,1.18558,20599
1657728000,1.18553,1.19674,1.1843,1.19212,30033
1657742400,1.19212,1.19326,1.18866,1.18898,14576
1657756800,1.18899,1.1892800000000001,1.185,1.18576,8127
1657771200,1.18579,1.18841,1.18463,1.18605,13280
1657785600,1.18605,1.1875,1.1824,1.18419,21111
1657800000,1.18418,1.18769,1.18108,1.18118,23664
1657814400,1.18117,1.18424,1.176,1.17793,30493
1657828800,1.17798,1.18388,1.17778,1.18275,16470
1657843200,1.18212,1.18414,1.18186,1.1826699999999999,6708
1657857600,1.18268,1.18516,1.18255,1.18312,12182
1657872000,1.18312,1.18449,1.18046,1.1827,20287
1657886400,1.18268,1.1853,1.18069,1.18466,21303
1657900800,1.18468,1.18746,1.18136,1.1855,25216
1657915200,1.18553,1.18701,1.18487,1.18638,8271
1658102400,1.18664,1.18908,1.18625,1.18827,6116
1658116800,1.18828,1.19065,1.18811,1.18861,9993
1658131200,1.18861,1.19654,1.18781,1.19457,17027
1658145600,1.19457,1.19914,1.19415,1.19793,17204
1658160000,1.19792,1.20331,1.1969400000000001,1.19763,18174
1658174400,1.19763,1.19804,1.19461,1.19526,10739
1658188800,1.19476,1.19611,1.19327,1.19353,6021
1658203200,1.19352,1.19565,1.19248,1.19456,9313
1658217600,1.19458,1.20239,1.19435,1.20207,19084
1658232000,1.20208,1.204,1.19998,1.20119,19519
1658246400,1.20114,1.20453,1.20046,1.20072,19410
1658260800,1.20076,1.20105,1.19857,1.19988,8095
1658275200,1.19986,1.20173,1.19947,1.20161,5645
1658289600,1.20161,1.20373,1.20093,1.20295,9495
1658304000,1.20295,1.20343,1.19886,1.20042,19210
1658318400,1.20044,1.20319,1.19554,1.19833,20405
1658332800,1.19828,1.20063,1.19599,1.1972,20691
1658347200,1.19711,1.19795,1.19532,1.19786,10874
1658361600,1.19746,1.19825,1.19627,1.19669,5566
1658376000,1.19669,1.20001,1.19632,1.19985,11365
1658390400,1.19984,1.20035,1.19207,1.19388,19654
1658404800,1.1939,1.19926,1.19134,1.19846,22388
1658419200,1.19843,1.19916,1.18899,1.19516,27096
1658433600,1.19515,1.1997200000000001,1.19512,1.19961,8897
1658448000,1.19889,1.20032,1.19802,1.19869,6942
1658462400,1.19867,1.19903,1.19556,1.19564,9142
1658476800,1.19565,1.19897,1.19165,1.19556,16198
1658491200,1.19555,1.19761,1.19268,1.1958199999999999,18800
1658505600,1.19584,1.2064,1.1952099999999999,1.20221,21882
1658520000,1.20221,1.20242,1.19709,1.19945,9198
1658707200,1.1993,1.20105,1.19605,1.19631,5380
1658721600,1.19631,1.19957,1.19616,1.1982599999999999,9148
1658736000,1.19822,1.20294,1.19628,1.20275,15114
1658750400,1.20272,1.20827,1.20225,1.20705,14644
1658764800,1.20707,1.20865,1.20248,1.20507,15819
1658779200,1.20507,1.20593,1.20457,1.20473,5894
1658793600,1.20356,1.20633,1.20356,1.20595,5261
1658808000,1.20595,1.20902,1.20576,1.20629,6861
1658822400,1.20629,1.2071,1.20305,1.20337,11735
1658836800,1.20339,1.20345,1.19639,1.20025,15134
1658851200,1.20025,1.20537,1.19898,1.2025000000000001,17523
1658865600,1.20248,1.2042,1.20208,1.20281,7465
1658880000,1.20183,1.20532,1.20178,1.20445,5065
1658894400,1.20444,1.20593,1.20371,1.20593,7667
1658908800,1.20593,1.20745,1.20362,1.20598,13224
1658923200,1.20602,1.20875,1.20427,1.20468,12166
1658937600,1.20471,1.20584,1.20205,1.20385,14080
1658952000,1.20386,1.21861,1.20296,1.21579,16914
1658966400,1.21512,1.21703,1.21423,1.21485,5818
1658980800,1.21488,1.21866,1.21463,1.21595,10005
1658995200,1.21597,1.21915,1.21538,1.21872,15368
1659009600,1.21864,1.21864,1.21035,1.21394,18289
1659024000,1.21388,1.21661,1.21089,1.213,20960
1659038400,1.21301,1.21833,1.21294,1.21822,6395
1659052800,1.21734,1.21793,1.21625,1.21739,6528
1659067200,1.21739,1.22038,1.21628,1.2187999999999999,9483
1659081600,1.21879,1.22457,1.21553,1.21698,17163
1659096000,1.21693,1.21866,1.2106,1.2115,17422
1659110400,1.21155,1.21867,1.20629,1.21685,22488
1659124800,1.21685,1.2189,1.21518,1.21829,6126
1659312000,1.21646,1.21885,1.21569,1.21726,6818
1659326400,1.21726,1.2198,1.21679,1.21826,8895
1659340800,1.21824,1.22306,1.21741,1.22303,12479
1659355200,1.22305,1.22615,1.22187,1.22476,14287
1659369600,1.22478,1.22935,1.22353,1.2277,19938
1659384000,1.2277,1.22773,1.22412,1.22534,10155
1659398400,1.22455,1.2279200000000001,1.22426,1.22698,6727
1659412800,1.22698,1.22767,1.22442,1.22487,12588
1659427200,1.22485,1.22559,1.21859,1.21915,18490
1659441600,1.21912,1.22275,1.2191,1.22212,15875
1659456000,1.2222,1.22411,1.21801,1.22141,21915
1659470400,1.22137,1.22143,1.21589,1.21625,10467
1659484800,1.2162600000000001,1.21728,1.21347,1.21468,11302
1659499200,1.21468,1.21942,1.21456,1.21799,10741
1659513600,1.21799,1.22076,1.21572,1.2178200000000001,14166
1659528000,1.2178200000000001,1.22056,1.21668,1.21749,14561
1659542400,1.21745,1.21803,1.21003,1.21426,22270
1659556800,1.21425,1.21555,1.21378,1.21466,8527
1659571200,1.21381,1.2160199999999999,1.21353,1.21589,5100
1659585600,1.21585,1.2168,1.21444,1.21556,7401
1659600000,1.21555,1.2176,1.21284,1.2165,13190
1659614400,1.21649,1.22164,1.20657,1.2113,19113
1659628800,1.21127,1.21609,1.209,1.21458,20283
1659643200,1.21454,1.2175799999999999,1.21446,1.21584,7834
1659657600,1.21555,1.21635,1.2135,1.2138,5860
1659672000,1.2138,1.21467,1.21302,1.21405,7533
1659686400,1.21406,1.21691,1.21355,1.2144300000000001,11554
1659700800,1.2144300000000001,1.21487,1.20252,1.20269,15025
1659715200,1.20272,1.20839,1.2003300000000001,1.2077499999999999,22541
1659729600,1.20773,1.20943,1.20619,1.2066,6459
1659916800,1.2067700000000001,1.207,1.20475,1.20564,3889
1659931200,1.20563,1.20801,1.20551,1.20768,5758
1659945600,1.2076500000000001,1.2123,1.2068699999999999,1.20853,11139
1659960000,1.20853,1.21222,1.20715,1.2121,11420
1659974400,1.21209,1.21378,1.20762,1.20772,13928
1659988800,1.20771,1.20932,1.20688,1.20812,8620
1660003200,1.20841,1.20889,1.2075,1.20782,6991
1660017600,1.20781,1.20855,1.20703,1.20843,6477
1660032000,1.20843,1.21222,1.20655,1.21184,10120
1660046400,1.21183,1.21302,1.20948,1.21071,11764
1660060800,1.2107,1.21289,1.20762,1.2082600000000001,14587
1660075200,1.20828,1.20863,1.20632,1.20741,5887
1660089600,1.20749,1.20857,1.20652,1.20683,3996
1660104000,1.20683,1.20846,1.2066,1.20831,5824
1660118400,1.20831,1.21056,1.20675,1.2095,9615
1660132800,1.20952,1.22506,1.20812,1.22189,14078
1660147200,1.2219,1.22762,1.21912,1.22476,22064
1660161600,1.22481,1.22613,1.22117,1.22198,8200
1660176000,1.22176,1.22205,1.22037,1.22089,5626
1660190400,1.22089,1.22095,1.21822,1.21905,6316
1660204800,1.21905,1.22456,1.21837,1.22421,12661
1660219200,1.22421,1.22444,1.21944,1.22353,15297
1660233600,1.22353,1.22492,1.21967,1.22239,18827
1660248000,1.22244,1.22268,1.21854,1.21991,8626
1660262400,1.21975,1.22037,1.21773,1.21845,4722
1660276800,1.21845,1.2197,1.21786,1.21895,6457
1660291200,1.21894,1.22163,1.21678,1.21787,11818
1660305600,1.21787,1.21787,1.21085,1.21105,14113
1660320000,1.21113,1.2144300000000001,1.20997,1.2129,18567
1660334400,1.2129,1.21465,1.21289,1.21359,5824
1660521600,1.21255,1.21482,1.21252,1.21425,3995
1660536000,1.21425,1.21452,1.21082,1.21152,7740
1660550400,1.21152,1.21213,1.20689,1.20744,10247
1660564800,1.20744,1.21134,1.20501,1.20889,13790
1660579200,1.20891,1.21092,1.20686,1.20846,13120
1660593600,1.20848,1.20862,1.205,1.20538,5660
1660608000,1.20525,1.20588,1.20379,1.20398,6252
1660622400,1.20398,1.20604,1.20353,1.20515,5971
1660636800,1.20517,1.2058200000000001,1.20079,1.20369,12214
1660651200,1.20374,1.20574,1.2013,1.20551,12991
1660665600,1.2055,1.21177,1.20486,1.20814,14599
1660680000,1.20814,1.21044,1.20793,1.20987,6323
1660694400,1.20925,1.21082,1.20832,1.21074,6610
1660708800,1.21074,1.21225,1.2098,1.2119,7291
1660723200,1.2119,1.21426,1.20777,1.21035,12797
1660737600,1.21035,1.21142,1.20481,1.20624,13430
1660752000,1.20623,1.20954,1.2028,1.2039900000000001,15323
1660766400,1.204,1.20877,1.20354,1.20513,11409
1660780800,1.20467,1.20603,1.20416,1.20512,7127
1660795200,1.2051,1.20591,1.20305,1.2039900000000001,8145
1660809600,1.20398,1.2058,1.19951,1.20476,13060
1660824000,1.20476,1.20794,1.20354,1.20492,13491
1660838400,1.2049,1.20534,1.19358,1.19369,15433
1660852800,1.19368,1.19437,1.19227,1.19322,8432
1660867200,1.19227,1.19356,1.19052,1.19059,8444
1660881600,1.19059,1.19262,1.18941,1.1902,6802
1660896000,1.1902,1.19259,1.18795,1.18952,11303
1660910400,1.18954,1.1896200000000001,1.18154,1.1847699999999999,13890
1660924800,1.18475,1.18575,1.17921,1.18253,14010
1660939200,1.18253,1.18343,1.18109,1.18255,6414
1661126400,1.18205,1.18304,1.18054,1.1807400000000001,4818
1661140800,1.18073,1.18366,1.1806,1.18304,6824
1661155200,1.18304,1.18362,1.17823,1.18125,12655
1661169600,1.18125,1.18225,1.17893,1.18184,12767
1661184000,1.18185,1.1825700000000001,1.1742,1.1775,14913
1661198400,1.17751,1.17759,1.17517,1.17651,5782
1661212800,1.17615,1.17821,1.17574,1.17741,4462
1661227200,1.17741,1.17851,1.17634,1.17634,6471
1661241600,1.17633,1.17789,1.17173,1.17774,14802
1661256000,1.1777199999999999,1.17826,1.17458,1.17646,12501
1661270400,1.17647,1.18777,1.17571,1.18482,21174
1661284800,1.18482,1.1850100000000001,1.18166,1.1832,8220
1661299200,1.18279,1.18378,1.18125,1.18128,5209
1661313600,1.18128,1.18279,1.1799,1.18245,7929
1661328000,1.18246,1.18336,1.18006,1.18222,12008
1661342400,1.18222,1.18261,1.1757900000000001,1.17722,15184
1661356800,1.17723,1.18256,1.17557,1.1785,19591
1661371200,1.17849,1.18014,1.17808,1.17983,6523
1661385600,1.1792799999999999,1.18151,1.17832,1.1812,5465
1661400000,1.1812,1.18427,1.18036,1.18343,8289
1661414400,1.1834500000000001,1.18641,1.18252,1.18439,14119
1661428800,1.18438,1.18569,1.18089,1.18201,14738
1661443200,1.18198,1.18498,1.17927,1.18205,16534
1661457600,1.18204,1.18385,1.18176,1.18339,7062
1661472000,1.1826699999999999,1.18372,1.18057,1.1814,4365
1661486400,1.18139,1.18314,1.1807699999999999,1.1809,6195
1661500800,1.18091,1.181,1.1775,1.18009,11372
1661515200,1.18008,1.18543,1.18007,1.18535,13657
1661529600,1.18534,1.19009,1.17458,1.17533,24577
1661544000,1.17533,1.17576,1.17393,1.17397,6090
1661731200,1.17297,1.17343,1.1675200000000001,1.16785,7100
1661745600,1.16788,1.16859,1.16519,1.1654,9586
1661760000,1.16541,1.16824,1.16482,1.16582,12754
1661774400,1.1657899999999999,1.17343,1.16566,1.17168,14149
1661788800,1.17167,1.1743999999999999,1.16859,1.17219,15338
1661803200,1.17219,1.17291,1.16983,1.17038,7070
1661817600,1.17037,1.17259,1.16997,1.17163,5371
1661832000,1.17161,1.17265,1.16869,1.17049,8876
1661846400,1.17048,1.17524,1.16981,1.1738,14820
1661860800,1.17381,1.17605,1.1688,1.16985,16193
1661875200,1.16985,1.17217,1.16214,1.16507,23541
1661889600,1.1650800000000001,1.16699,1.16465,1.1653,10719
1661904000,1.16476,1.16748,1.16454,1.16665,4443
1661918400,1.16665,1.1692,1.16595,1.16841,8452
1661932800,1.1684,1.16938,1.16356,1.16412,15687
1661947200,1.16413,1.1650800000000001,1.16014,1.16372,17884
1661961600,1.16375,1.16533,1.15991,1.16249,22192
1661976000,1.16251,1.16303,1.16064,1.16207,10888
1661990400,1.16186,1.16207,1.15738,1.15833,8187
1662004800,1.15836,1.15905,1.15682,1.15775,8973
1662019200,1.15773,1.16167,1.15722,1.15972,16346
1662033600,1.15972,1.16072,1.15494,1.15642,16224
1662048000,1.15648,1.15786,1.14989,1.15336,20936
1662062400,1.15336,1.15553,1.15319,1.15427,9101
1662076800,1.15425,1.1559599999999999,1.15323,1.15504,5005
1662091200,1.15504,1.1555900000000001,1.15395,1.15502,7771
1662105600,1.15502,1.15694,1.1532,1.15548,12460
1662120000,1.1555,1.1588,1.15313,1.15393,15753
1662134400,1.1539,1.15885,1.15154,1.15238,21821
1662148800,1.15238,1.15238,1.14959,1.15135,11831
1662336000,1.14826,1.14936,1.14656,1.1479300000000001,7987
1662350400,1.14791,1.1493,1.14564,1.14645,10068
1662364800,1.1464,1.14939,1.14433,1.149,16154
1662379200,1.14901,1.15186,1.1480299999999999,1.14908,13517
1662393600,1.14914,1.15209,1.14914,1.15149,9815
1662408000,1.1515,1.15195,1.15131,1.15181,2165
1662422400,1.1514,1.15914,1.15077,1.159,6659
1662436800,1.159,1.16,1.15597,1.15626,10152
1662451200,1.15629,1.16094,1.15488,1.15738,17140
1662465600,1.15736,1.16085,1.15467,1.15471,15735
1662480000,1.15475,1.15512,1.14938,1.15304,22358
1662494400,1.15303,1.15331,1.15127,1.15183,10948
1662508800,1.15112,1.15205,1.1479,1.14801,6208
1662523200,1.14798,1.14859,1.14514,1.14781,12766
1662537600,1.14788,1.15233,1.14694,1.14962,14148
1662552000,1.14959,1.15023,1.14139,1.1431499999999999,17594
1662566400,1.14312,1.15,1.14053,1.14948,19722
1662580800,1.14948,1.15391,1.14937,1.15355,9553
1662595200,1.15224,1.1541299999999999,1.1501000000000001,1.15062,5983
1662609600,1.15065,1.15162,1.14906,1.15045,9154
1662624000,1.15045,1.15216,1.14778,1.14958,15769
1662638400,1.14955,1.15603,1.14758,1.15025,17057
1662652800,1.15018,1.15158,1.14603,1.14812,23290
1662667200,1.14812,1.15166,1.14789,1.15006,10551
1662681600,1.15008,1.1552,1.14948,1.1543,5576
1662696000,1.15431,1.15958,1.15406,1.15877,10490
1662710400,1.15876,1.16478,1.15783,1.16295,14898
1662724800,1.16287,1.16306,1.1551,1.15757,15828
1662739200,1.15754,1.16016,1.15672,1.16011,17136
1662753600,1.16011,1.16011,1.15804,1.1587,6266
1662940800,1.16273,1.1636199999999999,1.16026,1.16114,5765
1662955200,1.16115,1.16288,1.16005,1.16046,7428
1662969600,1.16046,1.16999,1.16046,1.16915,15825
1662984000,1.16912,1.1703999999999999,1.16628,1.1692,15813
1662998400,1.16921,1.17105,1.16637,1.17089,15274
1663012800,1.17089,1.1709,1.16754,1.1682299999999999,7810
1663027200,1.16787,1.17058,1.16746,1.16948,5527
1663041600,1.1694499999999999,1.1698,1.1678600000000001,1.16818,6164
1663056000,1.16816,1.17323,1.1679599999999999,1.1714,11360
1663070400,1.17141,1.1738,1.15531,1.15554,15292
1663084800,1.15544,1.15842,1.1515,1.1524,20637
1663099200,1.15236,1.15366,1.14926,1.1493,10103
1663113600,1.14892,1.15121,1.14817,1.15019,6811
1663128000,1.15019,1.15295,1.14873,1.15208,9297
1663142400,1.1521,1.1552,1.14798,1.1538,17388
1663156800,1.15374,1.15726,1.1532499999999999,1.15565,16860
1663171200,1.15565,1.15896,1.15391,1.15653,19065
1663185600,1.15655,1.15703,1.15263,1.15404,8968
1663200000,1.15381,1.15493,1.15275,1.15335,4378
1663214400,1.15334,1.15478,1.15199,1.15247,7197
1663228800,1.15247,1.15381,1.15061,1.15278,11415
1663243200,1.15277,1.15279,1.14709,1.1509,14728
1663257600,1.15089,1.15176,1.14631,1.14807,18253
1663272000,1.14808,1.14985,1.14616,1.1467,8358
1663286400,1.14655,1.14786,1.14507,1.14705,4738
1663300800,1.14705,1.14802,1.14544,1.14651,6915
1663315200,1.14651,1.14651,1.13504,1.13702,14514
1663329600,1.13708,1.14134,1.13707,1.13779,14973
1663344000,1.13781,1.14465,1.13763,1.13969,20797
1663358400,1.1397,1.14264,1.13859,1.14228,8853
1663545600,1.14114,1.14423,1.14099,1.14242,5977
1663560000,1.14242,1.14277,1.13945,1.14014,7247
1663574400,1.14014,1.14048,1.13647,1.13656,9736
1663588800,1.13657,1.13908,1.1355,1.13712,11248
1663603200,1.13714,1.14207,1.13626,1.14175,12806
1663617600,1.14173,1.14406,1.14082,1.1432,4786
1663632000,1.14279,1.14605,1.14204,1.14313,6059
1663646400,1.14307,1.14367,1.14092,1.14277,7695
1663660800,1.14276,1.14605,1.14126,1.14323,12925
1663675200,1.14322,1.14555,1.14058,1.14178,15549
1663689600,1.14175,1.1426,1.13719,1.13833,16914
1663704000,1.13834,1.13874,1.13573,1.13818,9577
1663718400,1.13694,1.13847,1.13648,1.1372,7235
1663732800,1.1372,1.13827,1.13653,1.1368,8774
1663747200,1.13684,1.13827,1.13053,1.13294,17404
1663761600,1.13294,1.13493,1.13272,1.13427,12288
1663776000,1.13426,1.13503,1.13123,1.1313900000000001,15986
1663790400,1.1314,1.1357,1.12368,1.12715,19084
1663804800,1.12619,1.12801,1.12246,1.1227800000000001,7075
1663819200,1.12279,1.12535,1.1219999999999999,1.12428,12669
1663833600,1.12425,1.13541,1.12118,1.13259,19285
1663848000,1.13255,1.1364,1.12707,1.1335600000000001,21167
1663862400,1.1333199999999999,1.13351,1.12415,1.12641,20580
1663876800,1.1264,1.12717,1.125,1.12559,9715
1663891200,1.12545,1.12733,1.1250499999999999,1.12643,5047
1663905600,1.12643,1.1268799999999999,1.12226,1.12316,9501
1663920000,1.12314,1.12447,1.11504,1.1175,15321
1663934400,1.11745,1.12094,1.10202,1.10609,22934
1663948800,1.10606,1.10964,1.08628,1.08965,22865
1663963200,1.08966,1.09041,1.08392,1.08466,14669
1664150400,1.08032,1.08455,1.03902,1.03993,12860
1664164800,1.03998,1.06029,1.03337,1.05337,24572
1664179200,1.05326,1.0789,1.05221,1.07541,25246
1664193600,1.07541,1.09302,1.06714,1.08797,24897
1664208000,1.08797,1.08907,1.06304,1.06808,27918
1664222400,1.06804,1.07204,1.06414,1.069,17049
1664236800,1.06841,1.07887,1.06515,1.077,11341
1664251200,1.07699,1.07927,1.07381,1.07691,15502
1664265600,1.07692,1.08373,1.07637,1.08067,20353
1664280000,1.08067,1.08254,1.0769,1.07708,20588
1664294400,1.0771,1.07949,1.06606,1.06756,25872
1664308800,1.06755,1.07362,1.06585,1.07296,15152
1664323200,1.07301,1.07387,1.06862,1.06923,9195
1664337600,1.0692,1.06991,1.0631,1.06497,19128
1664352000,1.06477,1.07122,1.06401,1.06895,24251
1664366400,1.06892,1.08391,1.05392,1.0672,28434
1664380800,1.067,1.08759,1.06195,1.0860400000000001,28587
1664395200,1.08605,1.09162,1.08532,1.08885,13434
1664409600,1.08817,1.08873,1.08039,1.08058,10686
1664424000,1.08053,1.08261,1.07813,1.08069,16092
1664438400,1.08076,1.08167,1.07618,1.07977,24058
1664452800,1.07965,1.08973,1.07965,1.08783,26232
1664467200,1.08789,1.11086,1.08779,1.10591,26813
1664481600,1.10588,1.11055,1.10376,1.11055,13393
1664496000,1.11173,1.12013,1.11101,1.11569,13356
1664510400,1.11569,1.11744,1.10697,1.11053,16654
1664524800,1.11053,1.12345,1.10929,1.12168,23367
1664539200,1.12197,1.12206,1.10248,1.10682,23307
1664553600,1.10684,1.11768,1.10501,1.11294,27065
1664568000,1.11294,1.11802,1.11184,1.1155,15141
1664755200,1.11652,1.11946,1.111,1.11274,9582
1664769600,1.11275,1.11627,1.1085,1.10932,13218
1664784000,1.10925,1.12806,1.10908,1.121,21689
1664798400,1.12099,1.12393,1.11685,1.12168,14914
1664812800,1.12168,1.13344,1.11996,1.12756,23867
1664827200,1.12756,1.13263,1.1265,1.13205,11314
1664841600,1.13228,1.13436,1.131,1.13302,9383
1664856000,1.13301,1.13366,1.12803,1.13207,14819
1664870400,1.13206,1.14291,1.13182,1.13787,23271
1664884800,1.13787,1.13936,1.1299,1.13852,24297
1664899200,1.13856,1.1489099999999999,1.13512,1.14543,24640
1664913600,1.14543,1.14822,1.1427,1.14745,14161
1664928000,1.14674,1.1487,1.14218,1.14388,7802
1664942400,1.14387,1.14642,1.14136,1.14327,17521
1664956800,1.14325,1.14953,1.13796,1.14222,20564
1664971200,1.14224,1.14287,1.13047,1.13212,20121
1664985600,1.13212,1.13279,1.12267,1.12906,25300
1665000000,1.12906,1.13568,1.12892,1.13267,12806
1665014400,1.13119,1.13831,1.12962,1.13632,9513
1665028800,1.1363,1.13791,1.1332200000000001,1.13662,15225
1665043200,1.13663,1.13668,1.12786,1.12885,22051
1665057600,1.12886,1.13154,1.12415,1.1266,22433
1665072000,1.12655,1.12692,1.11125,1.11438,29268
1665086400,1.11439,1.11929,1.11411,1.11612,14704
1665100800,1.1152,1.11714,1.11346,1.11484,9438
1665115200,1.11486,1.11894,1.1139000000000001,1.11534,12048
1665129600,1.11539,1.12189,1.11152,1.11927,19342
1665144000,1.11926,1.12249,1.1091199999999999,1.11325,20049
1665158400,1.1132,1.11693,1.10905,1.10976,26604
1665172800,1.10977,1.11038,1.10552,1.10865,12771
1665360000,1.10797,1.10961,1.10582,1.10877,10587
1665374400,1.10877,1.1111,1.10689,1.10802,12560
1665388800,1.10802,1.11103,1.1027,1.10545,24951
1665403200,1.10547,1.10995,1.10419,1.10733,27285
1665417600,1.10733,1.10809,1.10247,1.10267,34226
1665432000,1.10266,1.10812,1.10195,1.10594,17858
1665446400,1.10561,1.10954,1.10517,1.10874,13078
1665460800,1.10874,1.10936,1.10174,1.10227,22937
1665475200,1.10228,1.10558,1.09974,1.1044,33535
1665489600,1.1044,1.11137,1.1031,1.10875,31010
1665504000,1.10879,1.11799,1.10433,1.11614,42975
1665518400,1.11627,1.11659,1.09524,1.0973,32459
1665532800,1.09691,1.09925,1.09477,1.09698,16618
1665547200,1.09698,1.10591,1.0923,1.09953,27715
1665561600,1.09953,1.10641,1.09532,1.10357,41251
1665576000,1.10354,1.10986,1.10212,1.10468,35896
1665590400,1.10471,1.10995,1.10223,1.10625,39084
1665604800,1.1062400000000001,1.11333,1.10605,1.10961,23871
1665619200,1.10931,1.11201,1.10874,1.11117,10344
1665633600,1.11118,1.11149,1.10753,1.10888,13368
1665648000,1.10888,1.11038,1.1057,1.1103,22339
1665662400,1.11023,1.12963,1.10998,1.1216,40736
1665676800,1.12158,1.13808,1.11587,1.13283,66445
1665691200,1.13275,1.13527,1.13011,1.13308,28195
1665705600,1.1320999999999999,1.13345,1.12892,1.13069,12221
1665720000,1.13069,1.13664,1.13056,1.13209,26562
1665734400,1.13208,1.13345,1.12543,1.12747,37183
1665748800,1.12751,1.13107,1.1166,1.12605,43432
1665763200,1.12606,1.1288,1.11515,1.1161,55498
1665777600,1.1161,1.11857,1.11551,1.1177,22606
1665964800,1.12207,1.1252,1.1207799999999999,1.12243,18897
1665979200,1.12245,1.12418,1.12154,1.12256,22882
1665993600,1.12255,1.1305,1.12235,1.12671,36954
1666008000,1.12672,1.1352,1.12557,1.13381,33856
1666022400,1.13381,1.14394,1.1334,1.13896,43333
1666036800,1.13897,1.14025,1.13437,1.13622,20052
1666051200,1.13508,1.13693,1.13475,1.13527,16090
1666065600,1.13526,1.14105,1.13306,1.13885,24146
1666080000,1.13886,1.14018,1.12866,1.12942,40394
1666094400,1.1293,1.13464,1.12552,1.13268,40154
1666108800,1.1327099999999999,1.13388,1.12797,1.13122,43828
1666123200,1.13122,1.13342,1.12797,1.13197,26729
1666137600,1.13125,1.13574,1.13095,1.1341,14810
1666152000,1.1341,1.13503,1.13174,1.1325,21927
1666166400,1.13248,1.1329500000000001,1.12454,1.12626,35921
1666180800,1.12625,1.12862,1.12213,1.12454,35790
1666195200,1.12456,1.12778,1.11886,1.11936,40971
1666209600,1.11935,1.12271,1.11849,1.12182,22920
1666224000,1.12082,1.12239,1.1197300000000001,1.12089,14089
1666238400,1.12087,1.12402,1.1191200000000001,1.12213,26369
1666252800,1.1221,1.12403,1.11798,1.11842,42099
1666267200,1.11842,1.13064,1.1171,1.1255,45149
1666281600,1.12551,1.13365,1.12425,1.12545,52017
1666296000,1.12543,1.12554,1.12025,1.1232199999999999,31645
1666310400,1.1222,1.1237,1.11984,1.1206,12179
1666324800,1.12062,1.12195,1.119,1.1196,24736
1666339200,1.11959,1.12221,1.11231,1.11301,35958
1666353600,1.11302,1.11538,1.10602,1.11294,41891
1666368000,1.11295,1.12997,1.11165,1.126,78178
1666382400,1.12598,1.13145,1.12424,1.12926,30099
1666569600,1.13834,1.14091,1.13067,1.13272,32841
1666584000,1.13272,1.13535,1.12997,1.13469,28432
1666598400,1.13464,1.13824,1.13026,1.13257,43802
1666612800,1.13265,1.13485,1.12732,1.13245,39851
1666627200,1.13246,1.1344,1.12576,1.12755,47987
1666641600,1.12758,1.1296599999999999,1.12721,1.12809,15596
1666656000,1.12756,1.13256,1.12697,1.13182,16117
1666670400,1.13182,1.1324,1.1292200000000001,1.12989,27812
1666684800,1.12989,1.13323,1.1271,1.1320000000000001,31722
1666699200,1.13201,1.13642,1.13053,1.13634,27957
1666713600,1.1363,1.14995,1.1362700000000001,1.14695,42803
1666728000,1.14691,1.1488800000000001,1.14599,1.14745,18002
1666742400,1.1463700000000001,1.14753,1.1431499999999999,1.14382,15707
1666756800,1.14381,1.14682,1.14301,1.14526,22974
1666771200,1.14522,1.16061,1.14447,1.15997,39143
1666785600,1.15998,1.16199,1.15451,1.15544,41127
1666800000,1.15544,1.16388,1.15442,1.16105,47452
1666814400,1.16102,1.16338,1.15971,1.16296,20855
1666828800,1.16076,1.16451,1.16022,1.16248,21905
1666843200,1.16248,1.16398,1.16043,1.16228,25880
1666857600,1.1623,1.1636,1.15857,1.15901,35742
1666872000,1.15901,1.15957,1.15489,1.15778,42705
1666886400,1.15779,1.16342,1.15567,1.15733,54555
1666900800,1.15735,1.16016,1.15578,1.15655,21398
1666915200,1.15594,1.15738,1.15444,1.15523,17037
1666929600,1.15525,1.15945,1.15476,1.15717,29222
1666944000,1.15717,1.15728,1.1503700000000001,1.15271,37471
1666958400,1.15289,1.15748,1.15127,1.1539,33125
1666972800,1.1539,1.16001,1.15331,1.15888,43284
1666987200,1.15888,1.16235,1.15828,1.16137,14124
1667174400,1.15873,1.16132,1.15819,1.16065,12573
1667188800,1.16061,1.16115,1.15853,1.1597,15823
1667203200,1.1597,1.16068,1.15422,1.15466,24844
1667217600,1.15465,1.1567,1.15019,1.15058,27844
1667232000,1.15058,1.15282,1.14754,1.14861,35922
1667246400,1.14863,1.14898,1.146,1.14677,17166
1667260800,1.14641,1.1482,1.14617,1.1480299999999999,9715
1667275200,1.14802,1.15153,1.14734,1.15057,23107
1667289600,1.15058,1.155,1.15011,1.1529099999999999,31487
1667304000,1.1529099999999999,1.15659,1.1513,1.1550799999999999,27514
1667318400,1.1551,1.156,1.14368,1.14493,43770
1667332800,1.14491,1.14863,1.14406,1.148,16968
1667347200,1.14813,1.15069,1.1473,1.15061,19238
1667361600,1.15059,1.15267,1.14963,1.15046,23914
1667376000,1.1504699999999999,1.15244,1.14843,1.15109,24640
1667390400,1.15111,1.1516899999999999,1.1484,1.1508,27647
1667404800,1.1508,1.15156,1.1449,1.14614,29352
1667419200,1.14614,1.15647,1.13877,1.13878,43979
1667433600,1.13899,1.14022,1.13748,1.13934,14890
1667448000,1.13934,1.14218,1.13904,1.1417,20175
1667462400,1.1417,1.14184,1.1251,1.12582,29149
1667476800,1.12582,1.12787,1.11616,1.11631,39619
1667491200,1.11631,1.12302,1.11558,1.11835,43484
1667505600,1.11835,1.11887,1.11515,1.11591,20158
1667520000,1.11573,1.11886,1.11493,1.11836,13103
1667534400,1.11837,1.12395,1.11761,1.12338,20709
1667548800,1.12338,1.12422,1.11915,1.1222,31987
1667563200,1.12221,1.12752,1.11455,1.12675,38138
1667577600,1.12667,1.13371,1.12326,1.12959,57896
1667592000,1.1296,1.13817,1.1293,1.1372,26602
1667779200,1.13092,1.13436,1.13025,1.13258,18714
1667793600,1.13257,1.13498,1.13181,1.1335,20341
1667808000,1.13348,1.14705,1.129,1.14409,35900
1667822400,1.14409,1.14771,1.14263,1.14697,31921
1667836800,1.14699,1.15183,1.14411,1.15176,34404
1667851200,1.15175,1.15411,1.1509800000000001,1.15126,13645
1667865600,1.15129,1.15364,1.15042,1.15145,14725
1667880000,1.15145,1.15187,1.14797,1.14863,15542
1667894400,1.14862,1.14972,1.14442,1.1491500000000001,29095
1667908800,1.14914,1.14933,1.14295,1.14456,26065
1667923200,1.1445400000000001,1.15991,1.14443,1.15779,34069
1667937600,1.15778,1.15854,1.15127,1.15453,20869
1667952000,1.15365,1.15578,1.15223,1.15298,15568
1667966400,1.15304,1.15595,1.15302,1.15347,23167
1667980800,1.15346,1.15671,1.14372,1.14516,32867
1667995200,1.14518,1.14761,1.1405,1.14102,34512
1668009600,1.14107,1.144,1.13556,1.13788,40138
1668024000,1.13796,1.13851,1.13337,1.13563,21620
1668038400,1.13493,1.1392,1.13493,1.13869,12225
1668052800,1.1387,1.14117,1.13724,1.1407,19696
1668067200,1.14073,1.14127,1.1362700000000001,1.13659,30679
1668081600,1.13663,1.1654,1.13658,1.16073,32665
1668096000,1.16082,1.16865,1.1593,1.16436,47965
1668110400,1.16448,1.17313,1.16436,1.17151,24077
1668124800,1.16973,1.17147,1.16467,1.16503,19450
1668139200,1.16503,1.17175,1.16502,1.17084,29067
1668153600,1.17085,1.1771,1.16917,1.17558,37529
1668168000,1.17558,1.17964,1.17192,1.17801,36692
1668182400,1.17803,1.18044,1.17088,1.17988,38331
1668196800,1.17991,1.18544,1.17957,1.1832799999999999,19688
1668384000,1.18079,1.1817,1.17653,1.17886,23295
1668398400,1.17887,1.17937,1.17429,1.1747,24658
1668412800,1.17472,1.1829,1.17472,1.18003,34219
1668427200,1.17996,1.18127,1.17394,1.17577,32410
1668441600,1.17583,1.17667,1.17098,1.17577,35647
1668456000,1.1758,1.18022,1.17498,1.17526,15482
1668470400,1.17517,1.17671,1.17403,1.17486,13358
1668484800,1.17487,1.1783299999999999,1.17436,1.17761,15317
1668499200,1.17758,1.18443,1.17698,1.18231,32995
1668513600,1.18245,1.20288,1.18204,1.19666,35287
1668528000,1.19677,1.19886,1.18561,1.18922,44138
1668542400,1.18924,1.18971,1.17907,1.18662,36808
1668556800,1.186,1.18873,1.1832799999999999,1.18439,19867
1668571200,1.18443,1.18844,1.18314,1.18703,26320
1668585600,1.187,1.19024,1.18367,1.18954,31975
1668600000,1.18953,1.1942,1.18595,1.18722,32047
1668614400,1.18723,1.19056,1.18322,1.18946,38630
1668628800,1.18947,1.19249,1.18692,1.1915499999999999,24711
1668643200,1.19113,1.19192,1.18838,1.18878,14331
1668657600,1.1887,1.19043,1.18667,1.18971,22648
1668672000,1.18969,1.19576,1.18697,1.1886,28912
1668686400,1.18863,1.18885,1.17632,1.17648,39473
1668700800,1.17649,1.18438,1.1763,1.18368,38969
1668715200,1.18367,1.18681,1.18348,1.18668,17695
1668729600,1.18615,1.1901,1.1857199999999999,1.18861,16611
1668744000,1.18859,1.19314,1.18858,1.19031,20735
1668758400,1.19031,1.19508,1.18814,1.19273,30360
1668772800,1.19274,1.19412,1.18903,1.19065,25023
1668787200,1.19067,1.19379,1.18732,1.18791,34890
1668801600,1.18791,1.19007,1.18753,1.18838,17200
1668988800,1.18943,1.18964,1.1846,1.1857,16437
1669003200,1.1857,1.1857,1.18209,1.18322,16177
1669017600,1.18322,1.184,1.17929,1.18053,29750
1669032000,1.18055,1.18301,1.17846,1.1809,30660
1669046400,1.18091,1.18271,1.17785,1.17931,32546
1669060800,1.1792799999999999,1.18243,1.17912,1.18209,18888
1669075200,1.18185,1.18595,1.18163,1.18529,16471
1669089600,1.18529,1.18634,1.18337,1.18443,14878
1669104000,1.18443,1.1884000000000001,1.18245,1.18598,29569
1669118400,1.18594,1.19024,1.18463,1.18764,24740
1669132800,1.1877,1.18913,1.18551,1.18818,28212
1669147200,1.18815,1.18935,1.18743,1.18829,11835
1669161600,1.18829,1.19097,1.18759,1.18845,13238
1669176000,1.18846,1.1893799999999999,1.1872099999999999,1.18861,11281
1669190400,1.18859,1.19363,1.18743,1.1919,23684
1669204800,1.1919,1.19814,1.19048,1.19705,27217
1669219200,1.19705,1.20807,1.19658,1.20295,38895
1669233600,1.20292,1.2072,1.20191,1.20515,24472
1669248000,1.2052,1.20919,1.20455,1.20878,24743
1669262400,1.20879,1.21129,1.2079,1.20928,16658
1669276800,1.20927,1.20974,1.20594,1.20935,26580
1669291200,1.20939,1.21318,1.20866,1.21172,28821
1669305600,1.21173,1.21534,1.21161,1.21235,21737
1669320000,1.2123599999999999,1.21238,1.21105,1.21127,5819
1669334400,1.21083,1.2117499999999999,1.20963,1.21011,10464
1669348800,1.21012,1.21276,1.2095,1.21001,12363
1669363200,1.21001,1.21245,1.20724,1.20803,25774
1669377600,1.20803,1.21203,1.20581,1.20793,24477
1669392000,1.20795,1.21107,1.2063,1.20943,25513
1669406400,1.20944,1.21031,1.2068699999999999,1.20899,38679
1669593600,1.20662,1.2074799999999999,1.20304,1.20377,16879
1669608000,1.20378,1.20598,1.2025299999999999,1.20488,17406
1669622400,1.20489,1.21179,1.20464,1.20874,33574
1669636800,1.20875,1.21097,1.2059199999999999,1.20754,34403
1669651200,1.20754,1.20759,1.20008,1.20011,38726
1669665600,1.20011,1.20077,1.19401,1.19585,17482
1669680000,1.19537,1.19922,1.19461,1.19891,20266
1669694400,1.19891,1.20222,1.19828,1.20114,21555
1669708800,1.20114,1.20641,1.19797,1.19861,37273
1669723200,1.19876,1.20349,1.19785,1.19871,38236
1669737600,1.1987,1.20177,1.19531,1.19711,43027
1669752000,1.19708,1.19768,1.1945000000000001,1.19498,18705
1669766400,1.19536,1.19904,1.19416,1.19812,15661
1669780800,1.19811,1.19932,1.19705,1.19791,17804
1669795200,1.1979,1.20157,1.19483,1.20148,27631
1669809600,1.20146,1.2029,1.19852,1.19866,32331
1669824000,1.19865,1.20247,1.19,1.19425,42879
1669838400,1.19425,1.20869,1.19215,1.20578,43259
1669852800,1.20517,1.21046,1.20423,1.20832,19364
1669867200,1.20832,1.21079,1.20732,1.2101899999999999,21212
1669881600,1.2102,1.21509,1.20696,1.21503,36847
1669896000,1.21502,1.2242,1.2134800000000001,1.22144,34652
1669910400,1.22144,1.23099,1.22091,1.22594,53979
1669924800,1.22593,1.2276,1.22345,1.22546,22168
1669939200,1.2251400000000001,1.22787,1.22309,1.22418,16178
1669953600,1.2242,1.22535,1.22244,1.22287,20954
1669968000,1.22287,1.22977,1.22269,1.2274,30415
1669982400,1.22747,1.22938,1.2134,1.21849,32003
1669996800,1.21849,1.22999,1.21667,1.22771,46021
1670011200,1.22775,1.22988,1.22589,1.22899,18935
1670198400,1.22739,1.23352,1.22702,1.23241,16827
1670212800,1.23239,1.23441,1.23139,1.23342,17276
1670227200,1.23342,1.23342,1.2261,1.22835,30568
1670241600,1.22834,1.23202,1.22329,1.22623,34787
1670256000,1.22618,1.22749,1.21632,1.2181899999999999,45430
1670270400,1.2181899999999999,1.2196799999999999,1.21614,1.21929,21431
1670284800,1.21768,1.22234,1.21713,1.22081,12422
1670299200,1.22081,1.22187,1.21789,1.21928,18383
1670313600,1.21929,1.22225,1.2167,1.21776,31629
1670328000,1.21775,1.2241,1.21586,1.2202,33715
1670342400,1.22019,1.2269,1.21533,1.21753,43274
1670356800,1.21755,1.21815,1.21274,1.21316,16621
1670371200,1.21314,1.21459,1.21212,1.21434,11347
1670385600,1.21431,1.21498,1.2123,1.21288,21760
1670400000,1.2129,1.21566,1.21059,1.21294,32721
1670414400,1.21295,1.22256,1.21292,1.2217,33996
1670428800,1.22178,1.22302,1.21718,1.2224,46378
1670443200,1.22239,1.22342,1.2201,1.22092,19070
1670457600,1.2195,1.22136,1.21799,1.2184,11837
1670472000,1.2184,1.21958,1.21776,1.21877,19285
1670486400,1.21877,1.22146,1.21594,1.21719,25243
1670500800,1.21716,1.22338,1.21545,1.22128,26509
1670515200,1.22127,1.2247,1.21903,1.2233,32458
1670529600,1.2233100000000001,1.22471,1.22238,1.22383,17531
1670544000,1.22276,1.22719,1.22223,1.22682,15347
1670558400,1.22684,1.22765,1.22522,1.22588,22957
1670572800,1.22588,1.2269700000000001,1.22314,1.22471,28679
1670587200,1.22471,1.22974,1.22017,1.22696,31736
1670601600,1.22701,1.23223,1.22496,1.22864,39697
1670616000,1.22865,1.22875,1.22519,1.22602,15063
1670803200,1.22563,1.22635,1.22117,1.2221899999999999,12859
1670817600,1.22218,1.22378,1.2212,1.22269,12357
1670832000,1.22267,1.22776,1.22059,1.22739,27234
1670846400,1.22741,1.2298499999999999,1.22683,1.22929,23624
1670860800,1.22928,1.22984,1.22421,1.2282,30657
1670875200,1.22818,1.22848,1.22408,1.2264599999999999,17873
1670889600,1.22677,1.22786,1.22547,1.22754,11759
1670904000,1.22756,1.22905,1.2251400000000001,1.22811,15145
1670918400,1.2281,1.23034,1.22485,1.22741,25904
1670932800,1.22741,1.24388,1.22606,1.24101,36698
1670947200,1.24105,1.24439,1.23517,1.23665,59538
1670961600,1.23665,1.23813,1.23453,1.23669,28566
1670976000,1.23582,1.23734,1.23417,1.2351,15147
1670990400,1.2351,1.2359499999999999,1.23429,1.23544,13077
1671004800,1.23545,1.24031,1.23422,1.2393399999999999,31656
1671019200,1.2393399999999999,1.24039,1.23548,1.23712,32146
1671033600,1.23711,1.24234,1.2358500000000001,1.24189,33630
1671048000,1.24189,1.24464,1.23447,1.24268,49737
1671062400,1.24151,1.2427,1.23983,1.23997,13418
1671076800,1.24002,1.2403,1.23766,1.23925,15844
1671091200,1.23925,1.24023,1.22958,1.2339,29817
1671105600,1.2339,1.23555,1.22847,1.23169,38623
1671120000,1.23169,1.23566,1.21562,1.2159200000000001,53854
1671134400,1.21591,1.21958,1.21579,1.21779,19503
1671148800,1.21745,1.22067,1.21744,1.22011,15625
1671163200,1.22011,1.22229,1.21997,1.22056,15831
1671177600,1.22054,1.22223,1.21192,1.21445,31237
1671192000,1.21445,1.2215799999999999,1.2139199999999999,1.21885,30257
1671206400,1.21889,1.22226,1.2145,1.21793,43596
1671220800,1.21794,1.21896,1.215,1.21528,18682
1671408000,1.21457,1.21969,1.21441,1.2196500000000001,14750
1671422400,1.21966,1.22022,1.21671,1.21696,17971
1671436800,1.21695,1.22416,1.21691,1.22119,28476
1671451200,1.22119,1.22239,1.21553,1.21657,31375
1671465600,1.21657,1.2193100000000001,1.21207,1.21808,33840
1671480000,1.2180900000000001,1.21815,1.21389,1.21486,15124
1671494400,1.21467,1.21554,1.21381,1.21523,15368
1671508800,1.21523,1.22233,1.20854,1.21159,40461
1671523200,1.21159,1.2197,1.21142,1.215,43149
1671537600,1.21497,1.21821,1.20975,1.21469,35565
1671552000,1.21468,1.21685,1.21219,1.2141899999999999,43052
1671566400,1.21418,1.21877,1.2133,1.21875,17346
1671580800,1.21716,1.21925,1.21628,1.21664,17334
1671595200,1.21664,1.2172399999999999,1.21606,1.21664,15976
1671609600,1.21666,1.21826,1.21282,1.2138200000000001,26792
1671624000,1.2138200000000001,1.2164,1.20855,1.21412,30102
1671638400,1.21411,1.21428,1.20551,1.2068,34374
1671652800,1.2067700000000001,1.20971,1.20595,1.20816,17547
1671667200,1.2075,1.21146,1.20708,1.21108,14077
1671681600,1.21107,1.21346,1.21079,1.21182,14336
1671696000,1.21182,1.21473,1.20875,1.20996,25442
1671710400,1.20996,1.21089,1.20221,1.20303,32928
1671724800,1.20303,1.20439,1.1992099999999999,1.20207,35422
1671739200,1.20207,1.20467,1.20008,1.20404,18560
1671753600,1.20281,1.20458,1.20182,1.20446,19663
1671768000,1.20446,1.20577,1.20345,1.2035,15847
1671782400,1.2035,1.20747,1.20286,1.20658,23235
1671796800,1.20658,1.20901,1.20229,1.20442,27005
1671811200,1.20441,1.20859,1.20281,1.20529,38722
1671825600,1.20529,1.20544,1.2028,1.205,12520
1672099200,1.20543,1.20998,1.20524,1.20978,14078
1672113600,1.20979,1.21029,1.20787,1.20945,15426
1672128000,1.20944,1.21122,1.20519,1.20621,22532
1672142400,1.20621,1.20736,1.20201,1.20233,23658
1672156800,1.2022599999999999,1.20476,1.20021,1.20133,28611
1672171200,1.20132,1.2036,1.20109,1.20312,13510
1672185600,1.2025000000000001,1.2031,1.20079,1.20269,10257
1672200000,1.20272,1.2029,1.2002,1.20252,18568
1672214400,1.2025299999999999,1.20549,1.20175,1.20295,20996
1672228800,1.20295,1.21,1.20264,1.20843,25146
1672243200,1.20843,1.21259,1.20221,1.20436,30843
1672257600,1.20439,1.20543,1.20162,1.20186,14787
1672272000,1.2015500000000001,1.20511,1.20123,1.20403,14807
1672286400,1.20405,1.20455,1.20274,1.20378,11797
1672300800,1.2038,1.20631,1.20144,1.2055,18256
1672315200,1.20551,1.20593,1.20193,1.20493,23440
1672329600,1.20493,1.20788,1.20225,1.20681,31633
1672344000,1.20682,1.20739,1.20539,1.20545,13447
1672358400,1.20507,1.20667,1.20434,1.2059,10739
1672372800,1.20589,1.2059,1.20382,1.20439,11595
1672387200,1.20435,1.20749,1.20268,1.20317,19671
1672401600,1.20317,1.20654,1.20096,1.2052100000000001,26763
1672416000,1.20522,1.21075,1.2015500000000001,1.20978,41206
1672430400,1.20989,1.20994,1.20594,1.20924,24398
1672617600,1.20752,1.20996,1.20602,1.20817,2466
1672632000,1.20816,1.2082600000000001,1.2065,1.20671,1409
1672646400,1.20671,1.2076,1.20391,1.20454,12338
1672660800,1.20449,1.20544,1.20449,1.20504,3773
1672675200,1.20504,1.20527,1.20344,1.20453,5007
1672689600,1.20452,1.20491,1.20428,1.2046000000000001,749
1672704000,1.2045,1.20753,1.20347,1.20509,15685
1672718400,1.20504,1.2085,1.20493,1.2069,21530
1672732800,1.20691,1.20791,1.19,1.1924,35392
1672747200,1.19239,1.20101,1.19049,1.19926,31005
1672761600,1.19928,1.20575,1.19527,1.19645,38512
1672776000,1.19645,1.19913,1.19622,1.1967,15876
1672790400,1.19616,1.19962,1.1957200000000001,1.1993800000000001,15781
1672804800,1.19936,1.20011,1.19782,1.19842,14335
1672819200,1.19839,1.20862,1.19709,1.20597,34062
1672833600,1.20598,1.20874,1.20289,1.20562,29959
1672848000,1.2055500000000001,1.20762,1.20136,1.20656,41971
1672862400,1.20656,1.20728,1.20403,1.20587,27136
1672876800,1.20527,1.20777,1.20504,1.20629,15209
1672891200,1.20629,1.2063,1.20307,1.2037200000000001,16208
1672905600,1.20373,1.20504,1.19997,1.20302,24490
1672920000,1.20304,1.20382,1.19169,1.19196,31498
1672934400,1.19193,1.19285,1.18733,1.1907,43668
1672948800,1.1907,1.19353,1.18969,1.19078,22532
1672963200,1.1901,1.19285,1.18961,1.1918199999999999,30651
1672977600,1.1918199999999999,1.19358,1.18984,1.19037,16472
1672992000,1.1904,1.19262,1.18537,1.18578,28695
1673006400,1.18581,1.19298,1.1841,1.19256,33404
1673020800,1.19256,1.20848,1.18781,1.20844,51444
1673035200,1.20845,1.20993,1.20702,1.20948,17049
1673222400,1.2079900000000001,1.21284,1.20792,1.21134,15628
1673236800,1.21133,1.2158,1.21119,1.21462,17285
1673251200,1.21465,1.21738,1.21251,1.21586,33517
1673265600,1.21589,1.21883,1.21119,1.2168,29038
1673280000,1.21679,1.22098,1.216,1.21944,35250
1673294400,1.21945,1.22044,1.2175799999999999,1.2184300000000001,22882
1673308800,1.21753,1.21976,1.21639,1.21796,14936
1673323200,1.21796,1.21862,1.21566,1.2175,19730
1673337600,1.21751,1.2184599999999999,1.21394,1.21834,28883
1673352000,1.21833,1.21836,1.21097,1.21371,25459
1673366400,1.21377,1.21811,1.21349,1.21482,45544
1673380800,1.21482,1.21674,1.21417,1.21496,15539
1673395200,1.21489,1.21642,1.21397,1.21508,11083
1673409600,1.215,1.21734,1.21456,1.2168700000000001,12737
1673424000,1.2168700000000001,1.21781,1.21254,1.2132,23720
1673438400,1.2132,1.21407,1.21033,1.21058,23893
1673452800,1.21059,1.21538,1.21001,1.2121,30919
1673467200,1.2121,1.21564,1.21132,1.21486,16638
1673481600,1.21373,1.21654,1.21353,1.21587,12813
1673496000,1.21588,1.217,1.21526,1.21555,11515
1673510400,1.21555,1.2182,1.21333,1.21767,20230
1673524800,1.21767,1.22422,1.20804,1.2236,33672
1673539200,1.22357,1.22395,1.20885,1.22285,56279
1673553600,1.22285,1.22467,1.22054,1.2212,23316
1673568000,1.22153,1.22327,1.22019,1.22184,15837
1673582400,1.22184,1.22188,1.21756,1.21813,15985
1673596800,1.21817,1.22485,1.21807,1.22283,27474
1673611200,1.22279,1.22411,1.21584,1.21672,26975
1673625600,1.21675,1.22221,1.21503,1.22092,36579
1673640000,1.22092,1.22396,1.22035,1.2236799999999999,14543
1673827200,1.22137,1.22763,1.22125,1.22708,14361
1673841600,1.2271,1.22889,1.2255099999999999,1.2263,16217
1673856000,1.22633,1.22638,1.21716,1.22003,24972
1673870400,1.22003,1.22253,1.21803,1.21928,20444
1673884800,1.21928,1.22112,1.21888,1.21905,17161
1673899200,1.21906,1.2199,1.21827,1.21952,6850
1673913600,1.21936,1.22126,1.2178200000000001,1.21876,13833
1673928000,1.21876,1.22059,1.21718,1.22009,15452
1673942400,1.2201,1.22301,1.21689,1.22082,27357
1673956800,1.22082,1.22728,1.21919,1.2252399999999999,32528
1673971200,1.22522,1.23005,1.2246,1.22621,40833
1673985600,1.22621,1.2291400000000001,1.22582,1.22874,14222
1674000000,1.22779,1.22873,1.22682,1.22843,10797
1674014400,1.22841,1.22901,1.22541,1.22821,25752
1674028800,1.22821,1.23637,1.22816,1.23588,33731
1674043200,1.23588,1.24217,1.23371,1.23948,34981
1674057600,1.23949,1.24356,1.23308,1.23452,47109
1674072000,1.23453,1.23478,1.23274,1.23448,18184
1674086400,1.2343899999999999,1.23498,1.23187,1.23363,12925
1674100800,1.23363,1.23449,1.2319499999999999,1.23308,13908
1674115200,1.23309,1.23493,1.23129,1.2337,26008
1674129600,1.23369,1.23592,1.23149,1.2349,30573
1674144000,1.23487,1.23776,1.2336,1.23722,34165
1674158400,1.23723,1.23973,1.23657,1.23918,17829
1674172800,1.23894,1.23978,1.23764,1.23849,9388
1674187200,1.23849,1.2394,1.23647,1.23787,12886
1674201600,1.23785,1.23824,1.23383,1.23411,22329
1674216000,1.23408,1.23708,1.23352,1.23411,23510
1674230400,1.23411,1.23955,1.23362,1.2386300000000001,29281
1674244800,1.2386300000000001,1.24045,1.2373,1.23994,13448
1674432000,1.24002,1.24344,1.2397,1.24258,9745
1674446400,1.24257,1.24477,1.24137,1.24139,11143
1674460800,1.24138,1.24314,1.23939,1.24065,24365
1674475200,1.24061,1.24089,1.2335099999999999,1.23456,23803
1674489600,1.23456,1.23877,1.23233,1.23686,29967
1674504000,1.23686,1.23877,1.2356,1.23787,19333
1674518400,1.23737,1.23901,1.23695,1.23877,8285
1674532800,1.23877,1.23939,1.23745,1.23862,10898
1674547200,1.23861,1.24134,1.23078,1.23305,21310
1674561600,1.23304,1.23354,1.22814,1.22919,23262
1674576000,1.22917,1.23399,1.22629,1.23258,36589
1674590400,1.23259,1.2342,1.2322,1.2341,14061
1674604800,1.23258,1.23363,1.23116,1.23258,13543
1674619200,1.23259,1.2337,1.23159,1.2321900000000001,11491
1674633600,1.23218,1.2339,1.23038,1.23101,19269
1674648000,1.23101,1.23367,1.2282899999999999,1.23154,17847
1674662400,1.23153,1.23998,1.23102,1.23819,31582
1674676800,1.23821,1.24039,1.23806,1.24021,12730
1674691200,1.23962,1.24184,1.23902,1.24098,11873
1674705600,1.24095,1.24105,1.23892,1.24005,10831
1674720000,1.24004,1.24305,1.23738,1.23842,19352
1674734400,1.23843,1.24068,1.23607,1.2392400000000001,20140
1674748800,1.23923,1.24193,1.23448,1.23747,30630
1674763200,1.23747,1.24157,1.23738,1.24129,10016
1674777600,1.24048,1.24188,1.23917,1.24036,8442
1674792000,1.24034,1.24039,1.2377,1.23815,6762
1674806400,1.23815,1.23895,1.23592,1.23705,15205
1674820800,1.23705,1.23912,1.23554,1.2368000000000001,16161
1674835200,1.2368000000000001,1.23979,1.23451,1.23917,31714
1674849600,1.23918,1.23994,1.23813,1.2398,8580
1675036800,1.23857,1.24044,1.23719,1.23922,10652
1675051200,1.23921,1.24053,1.23833,1.23963,14890
1675065600,1.23962,1.23996,1.23681,1.23925,20902
1675080000,1.23925,1.24173,1.23729,1.23745,18630
1675094400,1.23746,1.23946,1.23599,1.23628,22714
1675108800,1.23623,1.23637,1.23369,1.23509,12561
1675123200,1.2347299999999999,1.23714,1.23395,1.23666,9813
1675137600,1.23666,1.23666,1.2331,1.23385,10407
1675152000,1.23387,1.23624,1.23079,1.23255,17948
1675166400,1.23254,1.23299,1.22953,1.23216,22206
1675180800,1.23216,1.23287,1.2284,1.23259,29507
1675195200,1.23258,1.23374,1.23139,1.23194,8986
1675209600,1.23183,1.23236,1.2303,1.231,8448
1675224000,1.23101,1.23194,1.23035,1.23146,7614
1675238400,1.23146,1.2328000000000001,1.23086,1.2316799999999999,16743
1675252800,1.2315800000000001,1.23443,1.23123,1.23394,17511
1675267200,1.23394,1.23469,1.22942,1.23023,25761
1675281600,1.23022,1.23943,1.2272,1.23716,41355
1675296000,1.23731,1.24013,1.23702,1.2377799999999999,12303
1675310400,1.23779,1.23956,1.23764,1.23903,10619
1675324800,1.23905,1.2397,1.23309,1.23444,21420
1675339200,1.23444,1.23909,1.22645,1.23011,35001
1675353600,1.23014,1.23261,1.22312,1.22438,39473
1675368000,1.22441,1.22549,1.22233,1.22233,26074
1675382400,1.22258,1.2229700000000001,1.22049,1.22177,10419
1675396800,1.22177,1.22196,1.2202,1.22135,10348
1675411200,1.22132,1.22518,1.21829,1.22462,21715
1675425600,1.22461,1.22653,1.2101,1.21275,28617
1675440000,1.21274,1.21479,1.20621,1.20744,45484
1675454400,1.20744,1.20757,1.20469,1.20509,16343
1675641600,1.20313,1.20569,1.20298,1.20418,12853
1675656000,1.20419,1.20675,1.20382,1.20675,12881
1675670400,1.20676,1.207,1.20347,1.20364,19918
1675684800,1.20364,1.2077499999999999,1.20213,1.2049,22667
1675699200,1.20488,1.20752,1.20054,1.20119,27095
1675713600,1.20119,1.20387,1.20079,1.20204,12831
1675728000,1.2019,1.20552,1.20128,1.2052,8525
1675742400,1.2052,1.20548,1.2035,1.20485,10217
1675756800,1.20485,1.20573,1.19866,1.2005,22207
1675771200,1.2005,1.20114,1.1961,1.19792,20984
1675785600,1.19793,1.20949,1.19673,1.20841,31156
1675800000,1.2084,1.20903,1.19869,1.20498,32521
1675814400,1.2037499999999999,1.20619,1.20318,1.20467,10667
1675828800,1.20467,1.20569,1.20402,1.20532,8685
1675843200,1.20532,1.21096,1.2038,1.21052,20606
1675857600,1.2105299999999999,1.21082,1.20752,1.2083,16775
1675872000,1.20831,1.20975,1.20543,1.20837,26267
1675886400,1.2084,1.20949,1.20597,1.20703,11988
1675900800,1.2063,1.20763,1.20564,1.20751,12900
1675915200,1.20751,1.2094,1.20737,1.2088,11491
1675929600,1.20881,1.21431,1.20855,1.21406,19435
1675944000,1.21407,1.21922,1.21306,1.21921,20233
1675958400,1.21922,1.21938,1.21308,1.2141899999999999,25812
1675972800,1.21418,1.21418,1.21109,1.21179,16600
1675987200,1.21197,1.21209,1.21,1.21096,9682
1676001600,1.21094,1.21102,1.20894,1.21009,9095
1676016000,1.21008,1.21394,1.20898,1.20995,28198
1676030400,1.2099199999999999,1.21219,1.20797,1.21122,20736
1676044800,1.21121,1.21303,1.20485,1.20488,25059
1676059200,1.20487,1.20631,1.2046999999999999,1.2058,9051
1676246400,1.20578,1.20619,1.2033,1.20478,9266
1676260800,1.20482,1.20524,1.20398,1.2045,12240
1676275200,1.2045,1.20671,1.20317,1.20379,19043
1676289600,1.20379,1.21151,1.20304,1.20878,20552
1676304000,1.20879,1.21449,1.20808,1.21352,26764
1676318400,1.21352,1.21519,1.21241,1.21391,11269
1676332800,1.2133,1.21526,1.21257,1.21405,10328
1676347200,1.21405,1.21512,1.21337,1.21462,10181
1676361600,1.21462,1.21882,1.21342,1.21881,20279
1676376000,1.21881,1.22698,1.21529,1.22099,31567
1676390400,1.22104,1.22211,1.21169,1.21711,53893
1676404800,1.21711,1.21901,1.2154099999999999,1.21768,21383
1676419200,1.21712,1.21815,1.21649,1.21661,7269
1676433600,1.21661,1.21669,1.21441,1.21494,11132
1676448000,1.21494,1.21557,1.2071,1.20962,26308
1676462400,1.20961,1.21007,1.20063,1.2014,27353
1676476800,1.2014,1.20345,1.19896,1.20046,35438
1676491200,1.20046,1.20382,1.19953,1.20332,16056
1676505600,1.2022599999999999,1.20441,1.20142,1.20393,13615
1676520000,1.20393,1.2053,1.20376,1.20456,12551
1676534400,1.20457,1.20742,1.2028,1.20546,24911
1676548800,1.20546,1.20689,1.19785,1.1987700000000001,25314
1676563200,1.19878,1.2027,1.19652,1.20169,35579
1676577600,1.20167,1.20273,1.19814,1.19878,20567
1676592000,1.19866,1.1989,1.19516,1.19536,12023
1676606400,1.19536,1.19583,1.19412,1.1948,11305
1676620800,1.19476,1.19587,1.19148,1.19424,24591
1676635200,1.19421,1.1973799999999999,1.19209,1.19701,25220
1676649600,1.197,1.20369,1.19651,1.20197,38110
1676664000,1.202,1.2049400000000001,1.20168,1.20407,14110
1676851200,1.20255,1.20362,1.20145,1.20187,17612
1676865600,1.20186,1.2045,1.20183,1.20419,14491
1676880000,1.20419,1.20569,1.20184,1.2021600000000001,21108
1676894400,1.2021600000000001,1.20415,1.20184,1.20377,17381
1676908800,1.20377,1.20428,1.20244,1.20357,11610
1676923200,1.20362,1.20422,1.20345,1.20418,6513
1676937600,1.20382,1.20441,1.20134,1.2026,14555
1676952000,1.2026,1.20366,1.20169,1.20301,11559
1676966400,1.20302,1.21137,1.19857,1.20915,30067
1676980800,1.20915,1.21299,1.20752,1.20993,28278
1676995200,1.2099199999999999,1.21476,1.20605,1.2128,35351
1677009600,1.2128,1.21285,1.20971,1.21103,15635
1677024000,1.21061,1.21353,1.21035,1.21208,15186
1677038400,1.21208,1.21249,1.20976,1.21062,11412
1677052800,1.21063,1.21285,1.20652,1.20774,23246
1677067200,1.20774,1.21201,1.2063,1.21048,25059
1677081600,1.21045,1.21136,1.20549,1.20737,29791
1677096000,1.20736,1.2082600000000001,1.20345,1.20454,24334
1677110400,1.204,1.20605,1.20362,1.20573,9252
1677124800,1.20572,1.20679,1.2052100000000001,1.20603,9609
1677139200,1.20604,1.20749,1.2014,1.20303,22882
1677153600,1.20304,1.20614,1.2019199999999999,1.20345,24236
1677168000,1.20346,1.20694,1.19918,1.19987,34347
1677182400,1.19987,1.2032,1.19961,1.2015,13900
1677196800,1.20158,1.2033,1.2006000000000001,1.20163,20904
1677211200,1.20163,1.20312,1.20127,1.20229,14397
1677225600,1.20229,1.2042,1.20005,1.20239,20348
1677240000,1.20238,1.20304,1.19455,1.19647,27213
1677254400,1.19648,1.19663,1.19278,1.19456,37038
1677268800,1.19456,1.1954500000000001,1.19384,1.1938900000000001,15318
1677456000,1.19467,1.19629,1.19383,1.19626,9849
1677470400,1.19626,1.19641,1.19343,1.19378,12816
1677484800,1.19378,1.19848,1.19223,1.19737,24714
1677499200,1.19734,1.20241,1.19641,1.20189,22679
1677513600,1.20188,1.20603,1.20133,1.20594,28983
1677528000,1.20595,1.2066,1.20479,1.2062,13939
1677542400,1.2053,1.2068,1.20483,1.20528,10800
1677556800,1.20529,1.20629,1.2038,1.2039900000000001,11438
1677571200,1.2039900000000001,1.20974,1.20271,1.20743,24530
1677585600,1.20743,1.21282,1.20729,1.21222,22499
1677600000,1.21225,1.21434,1.20801,1.20997,31433
1677614400,1.20998,1.21025,1.20212,1.2022,12394
1677628800,1.20153,1.20436,1.20115,1.2033800000000001,21374
1677643200,1.2033800000000001,1.2046999999999999,1.2016499999999999,1.20405,10958
1677657600,1.20406,1.2088700000000001,1.20391,1.20678,25004
1677672000,1.20678,1.2075,1.20077,1.20085,27572
1677686400,1.20083,1.20452,1.1965,1.20228,38319
1677700800,1.20228,1.20275,1.19929,1.2025299999999999,12835
1677715200,1.2023,1.20366,1.19978,1.20093,9402
1677729600,1.20093,1.20168,1.19842,1.1988,16234
1677744000,1.1988,1.2009400000000001,1.19553,1.19732,24398
1677758400,1.19729,1.19879,1.19252,1.19287,27416
1677772800,1.19288,1.19628,1.19253,1.19335,29807
1677787200,1.19336,1.19577,1.19251,1.19479,14814
1677801600,1.19444,1.1975,1.1939899999999999,1.19626,11439
1677816000,1.19628,1.1976499999999999,1.19577,1.19647,9632
1677830400,1.19649,1.19988,1.19649,1.19853,20194
1677844800,1.19854,1.20187,1.19742,1.20081,20293
1677859200,1.20081,1.20174,1.1962,1.20098,29234
1677873600,1.20099,1.20486,1.2008,1.20439,11528
1678060800,1.20281,1.20389,1.20239,1.20353,12331
1678075200,1.2034799999999999,1.20482,1.20249,1.20359,12333
1678089600,1.20362,1.20457,1.20219,1.20284,19310
1678104000,1.20283,1.20313,1.19926,1.2011,20229
1678118400,1.20109,1.20491,1.1999,1.20408,24344
1678132800,1.20408,1.2040899999999999,1.20133,1.20263,10541
1678147200,1.20229,1.20424,1.20169,1.2038,6394
1678161600,1.2038,1.2048,1.20327,1.20364,14499
1678176000,1.20365,1.20651,1.20052,1.20128,22045
1678190400,1.20127,1.20164,1.1975500000000001,1.19808,20530
1678204800,1.19807,1.19865,1.18452,1.18493,46215
1678219200,1.18496,1.18587,1.18212,1.18268,13948
1678233600,1.18305,1.18359,1.1823,1.18285,9284
1678248000,1.1828400000000001,1.1831800000000001,1.18098,1.18211,12026
1678262400,1.18211,1.18421,1.18152,1.1832799999999999,19335
1678276800,1.18329,1.18485,1.18185,1.18234,17442
1678291200,1.1823299999999999,1.18592,1.18023,1.18312,32677
1678305600,1.18312,1.18498,1.18249,1.18427,11572
1678320000,1.18372,1.18547,1.18317,1.18369,11215
1678334400,1.1837,1.18655,1.18356,1.18541,7912
1678348800,1.18541,1.1889,1.18381,1.18693,16497
1678363200,1.18693,1.19112,1.18656,1.19098,21227
1678377600,1.191,1.19363,1.19015,1.19249,25438
1678392000,1.19242,1.1938900000000001,1.19034,1.19218,18713
1678406400,1.19212,1.19332,1.19154,1.19247,9529
1678420800,1.19246,1.19318,1.19076,1.19236,15970
1678435200,1.19238,1.20097,1.19194,1.19878,26757
1678449600,1.1988,1.20453,1.19701,1.20184,33441
1678464000,1.20183,1.21135,1.20071,1.20594,55502
1678478400,1.20596,1.20654,1.2018,1.20315,23927
1678665600,1.20705,1.21035,1.20632,1.20734,21092
1678680000,1.20736,1.21412,1.20543,1.21162,25829
1678694400,1.21161,1.21239,1.20843,1.20998,28047
1678708800,1.20997,1.2103,1.20464,1.20976,55132
1678723200,1.20976,1.21787,1.20812,1.21581,51732
1678737600,1.2158,1.21999,1.21471,1.21834,24291
1678752000,1.21734,1.21881,1.21538,1.21618,15871
1678766400,1.21615,1.21655,1.2144300000000001,1.21554,21103
1678780800,1.21549,1.2183,1.21407,1.21662,31937
1678795200,1.2166299999999999,1.22035,1.21363,1.21919,36816
1678809600,1.21918,1.22015,1.21356,1.21547,41621
1678824000,1.21547,1.2184599999999999,1.21525,1.21569,22081
1678838400,1.21568,1.21598,1.21464,1.21546,13059
1678852800,1.21546,1.2181899999999999,1.21502,1.21638,15941
1678867200,1.21638,1.21643,1.21381,1.21595,20343
1678881600,1.21595,1.21612,1.2042,1.2079,51204
1678896000,1.20788,1.20929,1.201,1.2012,51827
1678910400,1.2012,1.20852,1.20119,1.2055,35864
1678924800,1.20536,1.2081,1.20453,1.20758,16043
1678939200,1.20756,1.20817,1.20604,1.20788,21480
1678953600,1.20787,1.21128,1.2062599999999999,1.20776,24837
1678968000,1.20776,1.20829,1.20316,1.20584,28927
1678982400,1.20586,1.21203,1.20267,1.21094,52958
1678996800,1.21094,1.21277,1.21022,1.2113,21149
1679011200,1.21028,1.21145,1.2101600000000001,1.21116,9704
1679025600,1.21115,1.21486,1.21068,1.21481,14376
1679040000,1.21485,1.21763,1.21381,1.21391,22112
1679054400,1.21389,1.21472,1.21131,1.21339,22628
1679068800,1.21342,1.21796,1.2132,1.21763,32315
1679083200,1.21762,1.22007,1.21656,1.2176,16296
1679270400,1.22033,1.22067,1.21765,1.21925,15025
1679284800,1.21925,1.21957,1.21683,1.2180900000000001,17952
1679299200,1.21808,1.22144,1.21667,1.22134,27378
1679313600,1.22134,1.22413,1.21842,1.22302,24507
1679328000,1.22301,1.2275800000000001,1.22286,1.22691,24391
1679342400,1.22691,1.22849,1.22652,1.22787,12345
1679356800,1.22738,1.22826,1.22704,1.22739,12127
1679371200,1.22739,1.22767,1.22481,1.22534,6829
1679385600,1.22533,1.22624,1.22315,1.2233,14852
1679400000,1.22329,1.2259,1.22287,1.22518,14979
1679414400,1.22519,1.22549,1.2178499999999999,1.21899,20716
1679428800,1.219,1.2220900000000001,1.21865,1.2216,9450
1679443200,1.2212,1.22275,1.2211,1.22202,8775
1679457600,1.22202,1.22365,1.22085,1.2231,10825
1679472000,1.22312,1.2285300000000001,1.22239,1.22751,16127
1679486400,1.22754,1.22973,1.22618,1.22698,14926
1679500800,1.2269700000000001,1.22718,1.2220900000000001,1.2242,14011
1679515200,1.2242,1.23349,1.22326,1.22668,37853
1679529600,1.22796,1.22922,1.2257,1.22915,13774
1679544000,1.22915,1.23244,1.22825,1.2322,12378
1679558400,1.2321900000000001,1.23435,1.2304599999999999,1.23206,19098
1679572800,1.23208,1.2337500000000001,1.22651,1.2275,21340
1679587200,1.22751,1.23304,1.2273100000000001,1.23217,21421
1679601600,1.23217,1.23217,1.22614,1.22856,22141
1679616000,1.22808,1.22923,1.22672,1.2281900000000001,9892
1679630400,1.22817,1.2286299999999999,1.22613,1.22848,14093
1679644800,1.22849,1.22884,1.22363,1.22395,18810
1679659200,1.22394,1.22552,1.21903,1.22132,28577
1679673600,1.22133,1.22317,1.21962,1.22195,26200
1679688000,1.22194,1.22343,1.22125,1.223,8867
1679875200,1.22268,1.225,1.2225,1.22305,8612
1679889600,1.22305,1.22511,1.22304,1.22377,10519
1679904000,1.22377,1.22657,1.22188,1.22626,17727
1679918400,1.22625,1.2273,1.2241,1.22433,15216
1679932800,1.22433,1.2293,1.22398,1.22826,18916
1679947200,1.22826,1.2293,1.22723,1.22878,8704
1679961600,1.22839,1.23152,1.22814,1.2309700000000001,12096
1679976000,1.23101,1.23214,1.23069,1.23151,9563
1679990400,1.23155,1.23303,1.22888,1.22959,15254
1680004800,1.22957,1.23287,1.22809,1.23133,15539
1680019200,1.23133,1.23492,1.22994,1.2344,17791
1680033600,1.23444,1.23484,1.23291,1.23393,7753
1680048000,1.23391,1.23413,1.23278,1.23362,6611
1680062400,1.23364,1.23409,1.23205,1.23288,10223
1680076800,1.23294,1.23316,1.23047,1.23251,16112
1680091200,1.23251,1.23617,1.23177,1.23314,20272
1680105600,1.2331699999999999,1.2340200000000001,1.23025,1.23087,21717
1680120000,1.23089,1.23228,1.2304599999999999,1.2317,8919
1680134400,1.23082,1.23178,1.23013,1.23048,5785
1680148800,1.23048,1.23114,1.22934,1.23114,10550
1680163200,1.23115,1.23628,1.23083,1.23549,19615
1680177600,1.23554,1.23801,1.23284,1.2377799999999999,18208
1680192000,1.23781,1.23862,1.23573,1.23859,19375
1680206400,1.23862,1.2393,1.23762,1.23875,7559
1680220800,1.23823,1.23996,1.23808,1.23991,5392
1680235200,1.2399,1.2423,1.23894,1.2395,10690
1680249600,1.23949,1.23998,1.2353399999999999,1.2366,16998
1680264000,1.2366,1.2396,1.23599,1.23909,17645
1680278400,1.23909,1.23975,1.23409,1.23478,21208
1680292800,1.23479,1.23485,1.23242,1.23302,10109
1680480000,1.23265,1.23297,1.22816,1.23065,9205
1680494400,1.23067,1.23076,1.22756,1.22809,10746
1680508800,1.22809,1.23346,1.22741,1.23326,14869
1680523200,1.23326,1.23932,1.23314,1.23857,16799
1680537600,1.23859,1.24209,1.2377799999999999,1.23963,21522
1680552000,1.23963,1.24234,1.23874,1.24172,7429
1680566400,1.24049,1.24254,1.24049,1.2410700000000001,5768
1680580800,1.24108,1.24142,1.2398500000000001,1.24105,9518
1680595200,1.24104,1.24809,1.23948,1.24752,17997
1680609600,1.24752,1.25211,1.24657,1.24708,19824
1680624000,1.24709,1.25253,1.24703,1.24941,25968
1680638400,1.24941,1.2502,1.24889,1.25012,7374
1680652800,1.25,1.25102,1.24833,1.24854,5123
1680667200,1.24856,1.25055,1.24835,1.2484899999999999,9676
1680681600,1.2485,1.25142,1.24697,1.24879,16405
1680696000,1.24879,1.2494,1.24555,1.24894,17578
1680710400,1.24895,1.25067,1.24325,1.24523,24732
1680724800,1.24523,1.24662,1.24469,1.24598,7223
1680739200,1.24584,1.2467,1.24479,1.24482,3226
1680753600,1.24485,1.24486,1.24371,1.24459,5169
1680768000,1.2446,1.24869,1.2442,1.24684,14146
1680782400,1.2468,1.24815,1.24276,1.24316,15349
1680796800,1.24314,1.24673,1.24124,1.24623,17964
1680811200,1.24623,1.24668,1.24374,1.24379,5474
1680825600,1.24402,1.24449,1.2432699999999999,1.24372,6080
1680840000,1.24373,1.24512,1.24363,1.24476,6579
1680854400,1.24477,1.24558,1.24287,1.24404,5453
1680868800,1.24404,1.24455,1.2389000000000001,1.24161,8556
1680883200,1.24161,1.24261,1.23998,1.24184,11710
1680897600,1.24184,1.24307,1.24085,1.24161,3243
1681084800,1.24211,1.24343,1.24155,1.24166,4202
1681099200,1.24166,1.24215,1.2404,1.24053,5986
1681113600,1.24053,1.24338,1.23962,1.24285,7931
1681128000,1.24285,1.24426,1.2349700000000001,1.23515,14305
1681142400,1.23515,1.23796,1.23442,1.2375,14383
1681156800,1.2375,1.2385,1.23718,1.23824,6508
1681171200,1.23808,1.24035,1.2377799999999999,1.23983,5086
1681185600,1.23983,1.24133,1.23865,1.24035,10218
1681200000,1.24035,1.24454,1.24034,1.24353,15666
1681214400,1.24346,1.24562,1.24181,1.24315,17653
1681228800,1.2432400000000001,1.24406,1.24053,1.24085,16090
1681243200,1.24087,1.24291,1.24074,1.24257,5790
1681257600,1.2424,1.24316,1.24213,1.24294,3923
1681272000,1.24294,1.244,1.24265,1.24373,7212
1681286400,1.24374,1.24461,1.2408299999999999,1.24181,12670
1681300800,1.2417799999999999,1.24699,1.23983,1.2446,17299
1681315200,1.24461,1.24845,1.24382,1.24841,23352
1681329600,1.24841,1.2495,1.2477800000000001,1.24847,8988
1681344000,1.24824,1.24954,1.24798,1.24927,4027
1681358400,1.24926,1.24962,1.24846,1.24893,7870
1681372800,1.24891,1.25207,1.24782,1.25205,15091
1681387200,1.25205,1.25353,1.25008,1.25315,17422
1681401600,1.25315,1.25374,1.25003,1.2529,19144
1681416000,1.2529,1.25354,1.25206,1.25234,7638
1681430400,1.25196,1.25285,1.25153,1.25205,4727
1681444800,1.25203,1.25468,1.25202,1.25404,6934
1681459200,1.2540499999999999,1.25419,1.25022,1.25039,11726
1681473600,1.25035,1.25244,1.24637,1.24861,18170
1681488000,1.24857,1.24917,1.2399,1.24051,25812
1681502400,1.2405,1.24186,1.24024,1.24145,8207
1681689600,1.24091,1.24165,1.23907,1.23912,4226
1681704000,1.23914,1.24123,1.23831,1.24122,7047
1681718400,1.24121,1.24284,1.2374100000000001,1.23773,13665
1681732800,1.23771,1.24382,1.23742,1.24097,17797
1681747200,1.24097,1.24161,1.23531,1.23559,21410
1681761600,1.23559,1.23787,1.2355800000000001,1.2377,4716
1681776000,1.2372,1.2379,1.23687,1.23731,3832
1681790400,1.23731,1.23877,1.23673,1.2383899999999999,7538
1681804800,1.2384,1.24431,1.2381199999999999,1.24382,15282
1681819200,1.24382,1.24498,1.24254,1.24291,14611
1681833600,1.24291,1.24429,1.24122,1.24286,17535
1681848000,1.24286,1.24319,1.24233,1.24259,5420
1681862400,1.24277,1.24322,1.24225,1.24315,3665
1681876800,1.24312,1.24343,1.24096,1.24184,6316
1681891200,1.24184,1.24725,1.24021,1.24358,20344
1681905600,1.24357,1.24491,1.23921,1.24402,18277
1681920000,1.24403,1.24742,1.24342,1.24521,16720
1681934400,1.24523,1.24546,1.24352,1.24377,7311
1681948800,1.24384,1.24402,1.24246,1.2427,6890
1681963200,1.24271,1.2435,1.24203,1.24295,7553
1681977600,1.24295,1.24522,1.24153,1.24434,15143
1681992000,1.24433,1.24607,1.24051,1.24541,16930
1682006400,1.24537,1.24678,1.24411,1.24486,16865
1682020800,1.2449,1.24525,1.24294,1.24434,7221
1682035200,1.2439,1.24432,1.24293,1.24413,3879
1682049600,1.24413,1.24463,1.24305,1.2432400000000001,7246
1682064000,1.24321,1.24335,1.23777,1.24001,14450
1682078400,1.24001,1.24136,1.2377,1.24131,13335
1682092800,1.24129,1.24313,1.23669,1.24301,22608
1682107200,1.2429999999999999,1.2448,1.24225,1.24439,6652
1682294400,1.24405,1.24519,1.2435100000000001,1.24482,2914
1682308800,1.24481,1.245,1.2431,1.2435,6697
1682323200,1.2435100000000001,1.24532,1.24104,1.24518,14644
1682337600,1.2451699999999999,1.24591,1.2426300000000001,1.2453400000000001,14852
1682352000,1.24533,1.24696,1.24326,1.24671,15476
1682366400,1.24673,1.24856,1.24654,1.2484,4733
1682380800,1.2478799999999999,1.25072,1.24783,1.24974,3092
1682395200,1.24973,1.2506599999999999,1.24805,1.2482,7567
1682409600,1.24819,1.24912,1.24556,1.24742,15771
1682424000,1.24741,1.24793,1.24201,1.24244,14061
1682438400,1.24247,1.24273,1.23866,1.23992,18353
1682452800,1.23993,1.24139,1.2395,1.24113,9994
1682467200,1.24073,1.2417799999999999,1.24038,1.24114,4725
1682481600,1.24113,1.24252,1.24026,1.24246,9104
1682496000,1.24245,1.2478799999999999,1.24212,1.2478799999999999,16932
1682510400,1.2478799999999999,1.24908,1.24593,1.24726,21775
1682524800,1.24724,1.25156,1.24593,1.24675,23686
1682539200,1.24672,1.24749,1.24537,1.24699,8090
1682553600,1.2462,1.24736,1.24619,1.24709,4436
1682568000,1.2471,1.24777,1.24628,1.24748,10683
1682582400,1.2475,1.24881,1.24565,1.24723,16906
1682596800,1.24718,1.24983,1.24358,1.24484,19654
1682611200,1.2449,1.24939,1.2441,1.24657,23174
1682625600,1.24658,1.24997,1.24618,1.24988,8438
1682640000,1.24829,1.24999,1.2482,1.24961,7002
1682654400,1.24962,1.25039,1.2477800000000001,1.24824,15596
1682668800,1.24824,1.24938,1.24499,1.24554,20127
1682683200,1.24557,1.24909,1.24464,1.2487,18692
1682697600,1.2487300000000001,1.25838,1.24851,1.25744,26935
1682712000,1.25743,1.25753,1.25574,1.25671,8308
1682899200,1.25565,1.25687,1.25506,1.2558500000000001,4321
1682913600,1.25589,1.2569,1.25537,1.25576,7105
1682928000,1.25576,1.25576,1.25177,1.25183,11914
1682942400,1.2518,1.25575,1.25144,1.2555399999999999,12643
1682956800,1.2555399999999999,1.25595,1.24804,1.2493,20700
1682971200,1.24929,1.24959,1.24838,1.24935,9020
1682985600,1.24946,1.2496800000000001,1.24836,1.24925,4795
1683000000,1.24925,1.25122,1.24917,1.2496,11179
1683014400,1.24959,1.25118,1.24632,1.24707,19524
1683028800,1.2471,1.24844,1.24533,1.24584,16983
1683043200,1.24584,1.24894,1.24354,1.24782,26940
1683057600,1.24782,1.24787,1.24672,1.24679,6597
1683072000,1.24644,1.24838,1.24644,1.24818,5672
1683086400,1.24817,1.24933,1.24766,1.24874,8585
1683100800,1.24875,1.25335,1.24814,1.25208,13020
1683115200,1.25207,1.25282,1.24842,1.2497,16745
1683129600,1.24972,1.25548,1.24948,1.2551,18317
1683144000,1.2551,1.259,1.25378,1.25635,27218
1683158400,1.25545,1.2591999999999999,1.2551700000000001,1.25772,8554
1683172800,1.25772,1.25906,1.25722,1.25827,9879
1683187200,1.25827,1.25934,1.25559,1.25584,18845
1683201600,1.2558,1.2585899999999999,1.25488,1.25518,24806
1683216000,1.2551700000000001,1.2598500000000001,1.2548,1.25953,32311
1683230400,1.25952,1.25975,1.25697,1.25724,10045
1683244800,1.25733,1.25876,1.25696,1.25843,5309
1683259200,1.25845,1.26141,1.25823,1.26067,8827
1683273600,1.26067,1.26342,1.2597,1.26078,13839
1683288000,1.26078,1.26176,1.25568,1.25692,17003
1683302400,1.25695,1.26525,1.25683,1.26475,22810
1683316800,1.26475,1.26475,1.2628,1.2631000000000001,7699
1683504000,1.2628300000000001,1.26368,1.26244,1.26343,4456
1683518400,1.26343,1.26536,1.26264,1.26517,6414
1683532800,1.26518,1.26574,1.26315,1.2637399999999999,9606
1683547200,1.26375,1.2668599999999999,1.26314,1.26467,10764
1683561600,1.26467,1.26549,1.26265,1.2639,13766
1683576000,1.26393,1.26446,1.26129,1.26192,6848
1683590400,1.26156,1.26207,1.2603900000000001,1.26092,5588
1683604800,1.26093,1.26186,1.26051,1.26128,5995
1683619200,1.26128,1.26397,1.25966,1.26086,15773
1683633600,1.26086,1.2624900000000001,1.25848,1.25861,13433
1683648000,1.25862,1.2623199999999999,1.2578,1.26112,16194
1683662400,1.26113,1.26291,1.26097,1.26214,7862
1683676800,1.26178,1.2631700000000001,1.26147,1.26282,3461
1683691200,1.2628300000000001,1.2634699999999999,1.26207,1.26216,5390
1683705600,1.26215,1.26445,1.26113,1.26224,11963
1683720000,1.26221,1.26799,1.26023,1.26735,16023
1683734400,1.26736,1.26776,1.26071,1.26201,20912
1683748800,1.26201,1.26312,1.26064,1.26254,8420
1683763200,1.26211,1.26372,1.26211,1.26368,4833
1683777600,1.2637,1.26409,1.26135,1.26177,7965
1683792000,1.26176,1.2624900000000001,1.25652,1.25831,17280
1683806400,1.25834,1.26158,1.2568,1.25855,22957
1683820800,1.2585,1.25855,1.24964,1.25129,22951
1683835200,1.25129,1.25168,1.25048,1.2513,6567
1683849600,1.25099,1.25179,1.2507,1.2517800000000001,3043
1683864000,1.2517800000000001,1.25267,1.25082,1.25247,8143
1683878400,1.25248,1.2540499999999999,1.2506,1.25324,15434
1683892800,1.25324,1.25408,1.24918,1.25057,14004
1683907200,1.2505600000000001,1.25199,1.24487,1.24516,19469
1683921600,1.24511,1.24589,1.24447,1.24481,5345
1684108800,1.24521,1.24542,1.24437,1.24501,4480
1684123200,1.24508,1.24662,1.24502,1.2462900000000001,6670
1684137600,1.24628,1.24912,1.24618,1.24884,9888
1684152000,1.24885,1.25208,1.24764,1.25074,13627
1684166400,1.25072,1.25333,1.25034,1.25332,13759
1684180800,1.25328,1.25346,1.25248,1.25268,5422
1684195200,1.25226,1.25314,1.25226,1.25302,3066
1684209600,1.25301,1.25322,1.25146,1.25269,7541
1684224000,1.25267,1.25328,1.24653,1.2522,15057
1684238400,1.25218,1.25464,1.2495,1.25132,14297
1684252800,1.25133,1.25362,1.24766,1.24852,21804
1684267200,1.24854,1.24901,1.24771,1.24834,5491
1684281600,1.24814,1.24901,1.24794,1.24859,3634
1684296000,1.24858,1.24936,1.24768,1.24781,7980
1684310400,1.24781,1.24794,1.24215,1.24273,15473
1684324800,1.24267,1.24776,1.24222,1.24696,14079
1684339200,1.24696,1.25075,1.24441,1.25042,18669
1684353600,1.25043,1.25102,1.24829,1.24858,7844
1684368000,1.24865,1.24905,1.24782,1.24842,4290
1684382400,1.24841,1.24926,1.24724,1.24741,8412
1684396800,1.2474,1.24764,1.24317,1.24375,13009
1684411200,1.24374,1.24491,1.24143,1.24244,14261
1684425600,1.24243,1.24375,1.23947,1.23959,18511
1684440000,1.23957,1.24123,1.23916,1.2408,7046
1684454400,1.2408,1.24166,1.24017,1.24132,5518
1684468800,1.24132,1.24142,1.23919,1.23965,9085
1684483200,1.23965,1.24275,1.23952,1.24087,14283
1684497600,1.24087,1.24679,1.24086,1.24484,16453
1684512000,1.24475,1.24836,1.24213,1.24665,25103
1684526400,1.2466599999999999,1.24707,1.24358,1.2446,7353
1684713600,1.24387,1.24678,1.24373,1.2466599999999999,4102
1684728000,1.2466599999999999,1.24722,1.24556,1.2456800000000001,8118
1684742400,1.2456800000000001,1.24576,1.24136,1.2441200000000001,13948
1684756800,1.24411,1.24708,1.24406,1.24597,15351
1684771200,1.24598,1.24599,1.24143,1.24206,19029
1684785600,1.24203,1.24436,1.24199,1.24374,7058
1684800000,1.24354,1.24465,1.24308,1.24392,5277
1684814400,1.24392,1.24394,1.24255,1.24358,8321
1684828800,1.24359,1.24371,1.23848,1.24093,18051
1684843200,1.24092,1.24134,1.23731,1.23791,16521
1684857600,1.23793,1.24341,1.23771,1.24155,21551
1684872000,1.24154,1.24241,1.24088,1.24159,7448
1684886400,1.24121,1.24292,1.24121,1.24253,4357
1684900800,1.24252,1.24368,1.24152,1.24346,8378
1684915200,1.24346,1.24694,1.2402199999999999,1.24223,22378
1684929600,1.24223,1.24281,1.23639,1.24027,19603
1684944000,1.24027,1.24152,1.23576,1.23714,23250
1684958400,1.23715,1.23775,1.2358,1.23657,10544
1684972800,1.2364,1.23711,1.23546,1.23638,5878
1684987200,1.23638,1.23672,1.23319,1.2341,10034
1685001600,1.23408,1.2380200000000001,1.23331,1.23676,16441
1685016000,1.23676,1.23868,1.23385,1.23407,17963
1685030400,1.23406,1.23611,1.23088,1.2309,20945
1685044800,1.2309,1.23331,1.2308,1.23209,8282
1685059200,1.23224,1.23255,1.23108,1.23226,6122
1685073600,1.23226,1.23369,1.2322,1.23357,8046
1685088000,1.23357,1.23691,1.23313,1.2353399999999999,13645
1685102400,1.2353399999999999,1.23953,1.23458,1.23712,17180
1685116800,1.23712,1.23816,1.23207,1.23433,20466
1685131200,1.23433,1.23568,1.23432,1.23498,7001
1685318400,1.2334,1.23518,1.2334,1.23462,4563
1685332800,1.23462,1.23576,1.23433,1.23552,4556
1685347200,1.23554,1.2372,1.23352,1.23467,8310
1685361600,1.23466,1.23528,1.23361,1.23465,6787
1685376000,1.23465,1.23621,1.23424,1.23597,4272
1685390400,1.23592,1.23616,1.23537,1.23554,2022
1685404800,1.23496,1.23634,1.23435,1.23607,5603
1685419200,1.23608,1.2379,1.23429,1.23569,9293
1685433600,1.23568,1.23783,1.23267,1.23761,16493
1685448000,1.23762,1.24465,1.23682,1.24231,18532
1685462400,1.2423,1.24397,1.2393,1.23978,17225
1685476800,1.23978,1.24121,1.23832,1.2412,8652
1685491200,1.24038,1.24258,1.24038,1.2422,4730
1685505600,1.2422,1.24227,1.23818,1.23922,10875
1685520000,1.2392,1.23992,1.23478,1.2352,16333
1685534400,1.23519,1.23752,1.2349700000000001,1.23639,12655
1685548800,1.23638,1.2414,1.2357,1.2386300000000001,26043
1685563200,1.23864,1.24434,1.2381,1.24428,12497
1685577600,1.24318,1.24496,1.24313,1.24387,5401
1685592000,1.24388,1.24431,1.24277,1.2432400000000001,8873
1685606400,1.24325,1.2441200000000001,1.24008,1.24309,14995
1685620800,1.24311,1.24867,1.24256,1.24841,18451
1685635200,1.24847,1.2539500000000001,1.24741,1.25326,21977
1685649600,1.25325,1.25354,1.25214,1.2526,7446
1685664000,1.2523900000000001,1.25313,1.2519,1.2524899999999999,4402
1685678400,1.2525,1.25445,1.25228,1.25292,6717
1685692800,1.25292,1.25434,1.25217,1.25362,13993
1685707200,1.2536100000000001,1.25416,1.24924,1.25135,16726
1685721600,1.25136,1.25352,1.2449,1.24496,21620
1685736000,1.24495,1.24583,1.24413,1.24497,7730
1685923200,1.2449,1.24497,1.2426,1.24314,5808
1685937600,1.24314,1.24395,1.2427,1.2432699999999999,6488
1685952000,1.2432699999999999,1.24376,1.23879,1.24078,13861
1685966400,1.24079,1.24093,1.23684,1.23756,11929
1685980800,1.23757,1.24434,1.23732,1.24353,20427
1685995200,1.24353,1.24375,1.2427,1.24344,7395
1686009600,1.24248,1.24372,1.24234,1.24347,3702
1686024000,1.24347,1.24512,1.24323,1.24498,9474
1686038400,1.245,1.2459,1.24189,1.24208,16327
1686052800,1.2421,1.24242,1.23916,1.24007,13729
1686067200,1.24006,1.24287,1.23946,1.2426599999999999,14819
1686081600,1.24268,1.24313,1.24183,1.24226,6687
1686096000,1.24215,1.24381,1.24199,1.24313,3998
1686110400,1.24314,1.24334,1.24172,1.24232,6671
1686124800,1.24232,1.24397,1.23949,1.24392,11269
1686139200,1.24396,1.24719,1.24307,1.24642,13842
1686153600,1.24642,1.24999,1.24319,1.24336,21486
1686168000,1.24338,1.24465,1.24269,1.24386,9003
1686182400,1.24311,1.24509,1.24311,1.24491,4909
1686196800,1.24493,1.24542,1.2442199999999999,1.24533,8241
1686211200,1.2453400000000001,1.2478799999999999,1.24413,1.2477800000000001,13196
1686225600,1.2477800000000001,1.24974,1.24533,1.24829,16193
1686240000,1.24828,1.25579,1.24809,1.25542,20043
1686254400,1.2554,1.25609,1.25474,1.25583,7536
1686268800,1.25529,1.25633,1.25529,1.2554699999999999,4371
1686283200,1.2554699999999999,1.2557,1.25448,1.25453,8680
1686297600,1.25453,1.25678,1.2533699999999999,1.25421,11970
1686312000,1.2542499999999999,1.25786,1.2536,1.25681,14988
1686326400,1.25682,1.25903,1.25624,1.25819,16660
1686340800,1.25819,1.25831,1.2572,1.25801,4327
1686528000,1.25602,1.25814,1.25576,1.2576,2716
1686542400,1.25756,1.2576399999999999,1.2564899999999999,1.25698,4827
1686556800,1.25699,1.25966,1.2569,1.25911,10580
1686571200,1.25911,1.25997,1.2551,1.25511,12175
1686585600,1.25512,1.25556,1.24868,1.2494399999999999,16972
1686600000,1.24945,1.25135,1.24925,1.25132,7015
1686614400,1.25089,1.25209,1.25075,1.25176,4747
1686628800,1.25176,1.25354,1.25141,1.25315,8168
1686643200,1.25316,1.2576800000000001,1.25278,1.25655,16934
1686657600,1.25655,1.26056,1.2556,1.25945,17668
1686672000,1.25943,1.2624900000000001,1.25724,1.26231,23352
1686686400,1.26227,1.26247,1.25929,1.26109,8150
1686700800,1.2606600000000001,1.26122,1.2601200000000001,1.26086,5037
1686715200,1.26086,1.2617099999999999,1.26053,1.26121,6828
1686729600,1.26121,1.26377,1.26002,1.26346,12592
1686744000,1.2634400000000001,1.26786,1.2631999999999999,1.26745,11896
1686758400,1.26743,1.26992,1.26714,1.26947,13203
1686772800,1.2695,1.2695,1.26265,1.26606,26242
1686787200,1.26554,1.2674,1.26554,1.2659099999999999,3588
1686801600,1.2659099999999999,1.26596,1.26291,1.26376,8765
1686816000,1.26376,1.26722,1.26312,1.2661,13286
1686830400,1.2661,1.26697,1.2639,1.26681,15635
1686844800,1.26677,1.2776,1.2662900000000001,1.27741,18639
1686859200,1.27742,1.27855,1.27674,1.27836,7539
1686873600,1.27803,1.27931,1.27748,1.2781799999999999,4473
1686888000,1.27817,1.27884,1.27677,1.27795,8236
1686902400,1.27793,1.28179,1.27773,1.27961,14800
1686916800,1.27961,1.28482,1.27836,1.28155,13711
1686931200,1.28155,1.28472,1.28033,1.28274,22006
1686945600,1.28274,1.28356,1.28197,1.28201,10728
1687132800,1.28162,1.2836699999999999,1.28162,1.2821,4409
1687147200,1.2821,1.2825,1.2810000000000001,1.28132,7809
1687161600,1.28132,1.2830599999999999,1.28079,1.28174,13190
1687176000,1.28174,1.28199,1.2802,1.28087,12525
1687190400,1.28087,1.2812700000000001,1.2770299999999999,1.27736,9700
1687204800,1.27736,1.27866,1.27732,1.27866,2827
1687219200,1.27799,1.2806,1.27785,1.28012,5670
1687233600,1.28013,1.28047,1.27779,1.27786,12231
1687248000,1.2778399999999999,1.2806199999999999,1.2762,1.27833,17726
1687262400,1.27834,1.27875,1.27257,1.27397,17093
1687276800,1.27394,1.27566,1.27133,1.2755,22497
1687291200,1.27551,1.27687,1.27469,1.2763200000000001,8609
1687305600,1.27561,1.27661,1.2753999999999999,1.27587,5573
1687320000,1.27589,1.27677,1.27538,1.27649,10717
1687334400,1.27649,1.28021,1.2715,1.27203,21602
1687348800,1.27202,1.27351,1.26908,1.27304,18849
1687363200,1.2730299999999999,1.27603,1.27017,1.27562,24341
1687377600,1.27562,1.27854,1.27528,1.27663,11728
1687392000,1.2760799999999999,1.27735,1.2760799999999999,1.27687,6011
1687406400,1.27686,1.27738,1.27576,1.27586,8108
1687420800,1.27586,1.2788,1.27386,1.27755,17867
1687435200,1.27755,1.2839800000000001,1.27372,1.27488,23932
1687449600,1.27484,1.27641,1.27272,1.27329,22439
1687464000,1.27329,1.2747899999999999,1.27255,1.27458,8803
1687478400,1.27435,1.27492,1.27392,1.27466,6291
1687492800,1.27467,1.27485,1.26962,1.2707600000000001,11850
1687507200,1.27078,1.2730299999999999,1.26851,1.27011,21283
1687521600,1.2701,1.2736399999999999,1.2690299999999999,1.27116,18424
1687536000,1.2711700000000001,1.27286,1.26886,1.26987,21345
1687550400,1.26987,1.27217,1.26987,1.2716,8021
1687737600,1.2707,1.27352,1.2707,1.27333,7014
1687752000,1.27333,1.2738800000000001,1.2727,1.27321,8316
1687766400,1.27321,1.27484,1.27101,1.27373,15309
1687780800,1.27371,1.2744900000000001,1.26879,1.27114,15334
1687795200,1.27111,1.27276,1.26948,1.2722,17145
1687809600,1.2722,1.27258,1.271,1.27114,6826
1687824000,1.27092,1.27157,1.27012,1.2705,6164
1687838400,1.2705,1.27367,1.27044,1.27292,10159
1687852800,1.2729300000000001,1.27582,1.27261,1.27373,14491
1687867200,1.27372,1.27441,1.27116,1.27374,16511
1687881600,1.27365,1.27592,1.27332,1.27495,21696
1687896000,1.27495,1.27573,1.2743,1.27475,8979
1687910400,1.2749,1.27519,1.2741799999999999,1.27437,6382
1687924800,1.27437,1.2746,1.27236,1.27255,10713
1687939200,1.27256,1.27376,1.2701799999999999,1.2711000000000001,14371
1687953600,1.27111,1.27151,1.26323,1.26401,17826
1687968000,1.26402,1.2650299999999999,1.26064,1.2648,21240
1687982400,1.2648,1.26536,1.2635100000000001,1.26356,7282
1687996800,1.26358,1.26457,1.2625199999999999,1.2634400000000001,4624
1688011200,1.2634400000000001,1.2646899999999999,1.26169,1.26201,9861
1688025600,1.26201,1.2654,1.26148,1.26458,15167
1688040000,1.26458,1.26666,1.26,1.26063,15530
1688054400,1.26064,1.2631299999999999,1.25907,1.26233,22519
1688068800,1.26233,1.26247,1.26087,1.26105,7817
1688083200,1.2612,1.26199,1.26065,1.2617099999999999,4830
1688097600,1.26173,1.2626,1.26102,1.26234,9555
1688112000,1.26237,1.26507,1.2599,1.2615,14403
1688126400,1.26152,1.2691,1.26106,1.26849,16188
1688140800,1.26848,1.27277,1.2681499999999999,1.27162,23736
1688155200,1.27162,1.27221,1.26923,1.26939,8520
1688342400,1.26966,1.27044,1.26874,1.2690299999999999,4587
1688356800,1.2690299999999999,1.27068,1.26884,1.27053,9827
1688371200,1.27053,1.27053,1.26583,1.26706,13278
1688385600,1.26707,1.26955,1.26615,1.2694,14231
1688400000,1.2694,1.27231,1.26735,1.26974,18866
1688414400,1.26975,1.27006,1.26806,1.26907,4031
1688428800,1.26818,1.27003,1.26818,1.26973,2862
1688443200,1.26974,1.27016,1.26846,1.26864,7979
1688457600,1.26863,1.27107,1.26834,1.2696399999999999,10869
1688472000,1.26963,1.27392,1.26933,1.2736100000000001,9454
1688486400,1.27359,1.27372,1.27165,1.27186,8351
1688500800,1.27189,1.27241,1.27121,1.27139,3297
1688515200,1.271,1.27212,1.2705600000000001,1.27136,3589
1688529600,1.27138,1.27163,1.26999,1.2705600000000001,6701
1688544000,1.2705600000000001,1.27223,1.26951,1.27122,13844
1688558400,1.27122,1.27263,1.2688,1.2715,13166
1688572800,1.2715,1.27352,1.27012,1.27074,16128
1688587200,1.27075,1.27123,1.26915,1.27037,7970
1688601600,1.26944,1.27074,1.26923,1.26972,4635
1688616000,1.26973,1.27118,1.26894,1.27036,10557
1688630400,1.27038,1.27308,1.26982,1.27106,17118
1688644800,1.27106,1.27811,1.27057,1.27463,22814
1688659200,1.27464,1.27596,1.26738,1.27272,25171
1688673600,1.27273,1.27437,1.27238,1.27394,7349
1688688000,1.2736399999999999,1.2745,1.27288,1.27318,3284
1688702400,1.27319,1.27446,1.2727,1.27402,6652
1688716800,1.27404,1.27497,1.27258,1.27347,14038
1688731200,1.27347,1.28078,1.27331,1.27806,19719
1688745600,1.27805,1.28495,1.27536,1.2849300000000001,25139
1688760000,1.28492,1.28492,1.28299,1.2838,8082
1688947200,1.28291,1.28412,1.2821500000000001,1.28253,4435
1688961600,1.28254,1.28346,1.28086,1.28103,10349
1688976000,1.28103,1.28256,1.27981,1.28185,12001
1688990400,1.2818399999999999,1.28244,1.27504,1.2753700000000001,13362
1689004800,1.2753700000000001,1.28468,1.2753700000000001,1.28461,16369
1689019200,1.2845900000000001,1.28683,1.2842799999999999,1.28602,6864
1689033600,1.2861,1.28696,1.28543,1.28688,3712
1689048000,1.28688,1.28837,1.28644,1.28784,8262
1689062400,1.28787,1.29134,1.2867199999999999,1.28857,17277
1689076800,1.2886,1.2934700000000001,1.28846,1.28968,15464
1689091200,1.28968,1.29223,1.28861,1.29223,16414
1689105600,1.29223,1.2934,1.29148,1.29306,7031
1689120000,1.29278,1.29535,1.29274,1.2946900000000001,4925
1689134400,1.2947,1.29695,1.29456,1.29663,9915
1689148800,1.29663,1.29669,1.29321,1.29324,12281
1689163200,1.2932299999999999,1.29761,1.2904,1.29482,17648
1689177600,1.29486,1.30007,1.29466,1.29963,24935
1689192000,1.29961,1.29966,1.29765,1.29893,8705
1689206400,1.29865,1.30004,1.29824,1.29916,5329
1689220800,1.29915,1.30188,1.29889,1.30061,10545
1689235200,1.30061,1.30615,1.29827,1.30426,18602
1689249600,1.30426,1.30836,1.30361,1.3083,18568
1689264000,1.30832,1.3115999999999999,1.30789,1.31136,19498
1689278400,1.31136,1.3141,1.31089,1.31349,7907
1689292800,1.31257,1.31389,1.31166,1.31206,7229
1689307200,1.31206,1.31421,1.3119100000000001,1.3130899999999999,9477
1689321600,1.3130899999999999,1.31324,1.30931,1.31208,13399
1689336000,1.31209,1.31421,1.31003,1.3113299999999999,15269
1689350400,1.31132,1.31303,1.30937,1.3113000000000001,23028
1689364800,1.31136,1.31148,1.30893,1.3091300000000001,8736
1689552000,1.30933,1.30982,1.308,1.30928,5197
1689566400,1.3093,1.30965,1.30817,1.30878,8545
1689580800,1.3087900000000001,1.3109199999999999,1.30647,1.30937,14097
1689595200,1.30937,1.31068,1.30536,1.30674,15902
1689609600,1.30679,1.30926,1.30507,1.30751,15593
1689624000,1.3075,1.30871,1.3070300000000001,1.30738,5734
1689638400,1.30737,1.30822,1.30676,1.30782,5073
1689652800,1.30782,1.30999,1.30738,1.30945,10060
1689667200,1.30945,1.31068,1.30718,1.30786,15947
1689681600,1.30786,1.31256,1.30722,1.3089,19305
1689696000,1.30891,1.30986,1.30281,1.30347,22210
1689710400,1.30346,1.30492,1.3029600000000001,1.30348,7603
1689724800,1.30361,1.30412,1.3029899999999999,1.3035999999999999,4762
1689739200,1.30363,1.30386,1.30127,1.30167,9980
1689753600,1.30165,1.30355,1.29223,1.29326,23073
1689768000,1.2932299999999999,1.29566,1.28972,1.29157,18830
1689782400,1.29158,1.2920099999999999,1.28674,1.29083,23402
1689796800,1.29085,1.29403,1.29057,1.29387,7306
1689811200,1.29353,1.2947600000000001,1.29279,1.29466,4832
1689825600,1.29466,1.29645,1.29409,1.29439,10813
1689840000,1.29439,1.29451,1.29052,1.29238,13983
1689854400,1.29239,1.29239,1.28546,1.28712,15987
1689868800,1.2871299999999999,1.28831,1.28394,1.2852700000000001,19151
1689883200,1.2852700000000001,1.2868,1.2851,1.28674,5735
1689897600,1.28654,1.2877399999999999,1.28637,1.28762,3676
1689912000,1.28763,1.2885900000000001,1.28663,1.28795,8456
1689926400,1.28795,1.29041,1.28402,1.2858,17078
1689940800,1.2858,1.28697,1.28158,1.28301,16261
1689955200,1.28297,1.2861099999999999,1.28291,1.28582,15175
1689969600,1.28582,1.28659,1.28485,1.28533,6683
1690156800,1.28457,1.2866900000000001,1.28457,1.28643,3689
1690171200,1.28643,1.28699,1.2849300000000001,1.28641,7413
1690185600,1.28641,1.28838,1.28068,1.2816,18047
1690200000,1.2816,1.28592,1.28155,1.2836699999999999,16243
1690214400,1.28366,1.28445,1.27976,1.2832,20475
1690228800,1.2832,1.28409,1.28149,1.28202,7222
1690243200,1.28186,1.28251,1.28094,1.2815400000000001,5881
1690257600,1.2815400000000001,1.2843,1.28152,1.28299,10376
1690272000,1.28299,1.28647,1.28288,1.2851,15939
1690286400,1.2851,1.2854,1.28199,1.28348,12513
1690300800,1.28348,1.28797,1.28122,1.28779,16846
1690315200,1.28778,1.29048,1.28712,1.2902,8101
1690329600,1.28882,1.29036,1.2882,1.28843,4869
1690344000,1.28844,1.28925,1.28752,1.28877,10047
1690358400,1.28878,1.29123,1.28812,1.29102,15231
1690372800,1.29102,1.29247,1.28949,1.29085,13075
1690387200,1.29085,1.29367,1.29033,1.29151,15923
1690401600,1.2915,1.2960099999999999,1.28956,1.29427,23559
1690416000,1.29399,1.2943799999999999,1.29241,1.29407,4829
1690430400,1.29406,1.2977,1.29406,1.2962099999999999,10088
1690444800,1.2962,1.29956,1.29391,1.29924,17493
1690459200,1.29924,1.29953,1.28815,1.28956,21099
1690473600,1.28953,1.29029,1.28256,1.28409,28015
1690488000,1.28409,1.28522,1.27816,1.27941,15285
1690502400,1.27911,1.28003,1.27872,1.27909,6457
1690516800,1.27909,1.28079,1.27628,1.27793,17462
1690531200,1.27795,1.28155,1.2772000000000001,1.28052,22868
1690545600,1.28053,1.28875,1.28014,1.28693,16642
1690560000,1.28691,1.28844,1.28378,1.28726,20138
1690574400,1.28725,1.28725,1.28457,1.28461,9144
1690761600,1.2842799999999999,1.28598,1.2842500000000001,1.28572,4321
1690776000,1.28573,1.28593,1.28438,1.28483,9159
1690790400,1.28483,1.28677,1.28351,1.28511,14774
1690804800,1.28512,1.28726,1.28452,1.28537,13103
1690819200,1.28537,1.28702,1.28284,1.28579,17295
1690833600,1.2858100000000001,1.2867,1.28314,1.28368,6591
1690848000,1.2837399999999999,1.28412,1.28274,1.28291,3222
1690862400,1.28291,1.2836,1.2814999999999999,1.28312,11087
1690876800,1.28314,1.28385,1.28126,1.28257,15626
1690891200,1.28256,1.28328,1.27561,1.27648,15093
1690905600,1.27652,1.27953,1.27413,1.27607,18991
1690920000,1.27606,1.27807,1.27491,1.27759,5567
1690934400,1.2772299999999999,1.28049,1.27657,1.27809,8775
1690948800,1.27809,1.27949,1.27631,1.27775,10989
1690963200,1.27775,1.27986,1.27604,1.27872,16422
1690977600,1.27871,1.27923,1.27229,1.27236,18116
1690992000,1.27234,1.27304,1.26801,1.27259,20797
1691006400,1.27259,1.27385,1.27085,1.27094,7312
1691020800,1.27087,1.27219,1.27027,1.27136,4021
1691035200,1.27128,1.27282,1.26996,1.27001,7887
1691049600,1.27003,1.2709,1.26724,1.26755,18866
1691064000,1.26756,1.2692999999999999,1.26201,1.26726,24559
1691078400,1.26724,1.2724199999999999,1.2650000000000001,1.27191,19584
1691092800,1.27192,1.27194,1.26969,1.27081,6782
1691107200,1.27062,1.27254,1.27016,1.27252,4802
1691121600,1.27253,1.27411,1.2724199999999999,1.27278,11364
1691136000,1.27278,1.27343,1.26943,1.26996,12865
1691150400,1.26994,1.2754699999999999,1.26836,1.2744900000000001,16906
1691164800,1.27448,1.27836,1.27426,1.27817,22648
1691179200,1.27816,1.27919,1.27408,1.27497,8455
1691366400,1.2749,1.2760799999999999,1.27406,1.2758099999999999,5657
1691380800,1.27582,1.27583,1.2732,1.27348,8374
1691395200,1.27349,1.27446,1.27126,1.2728,12427
1691409600,1.27276,1.27722,1.27168,1.2772000000000001,12397
1691424000,1.27721,1.2787,1.2754400000000001,1.27747,13693
1691438400,1.27747,1.27892,1.27677,1.27841,4714
1691452800,1.2784499999999999,1.27853,1.27715,1.27737,4096
1691467200,1.27736,1.27736,1.27509,1.27621,9007
1691481600,1.2762,1.2772299999999999,1.27381,1.27528,14952
1691496000,1.27527,1.27546,1.26838,1.26973,16837
1691510400,1.26973,1.27432,1.2686899999999999,1.27329,17047
1691524800,1.27329,1.27516,1.27308,1.2748,6745
1691539200,1.2732,1.275,1.2732,1.27411,5389
1691553600,1.2741,1.27594,1.27392,1.27568,8600
1691568000,1.2757100000000001,1.27823,1.27485,1.27542,13008
1691582400,1.27542,1.27553,1.27119,1.27295,12884
1691596800,1.27295,1.27515,1.27121,1.27229,15094
1691611200,1.2723,1.27378,1.2718099999999999,1.27192,6644
1691625600,1.27173,1.27212,1.27104,1.2713,3569
1691640000,1.27131,1.27234,1.27073,1.27121,7051
1691654400,1.27121,1.2769599999999999,1.27118,1.27567,12950
1691668800,1.27567,1.28186,1.27539,1.27811,15720
1691683200,1.27807,1.27857,1.27054,1.27155,24920
1691697600,1.27155,1.27167,1.26696,1.26743,13726
1691712000,1.26745,1.26816,1.26658,1.2681499999999999,3666
1691726400,1.26814,1.26908,1.26779,1.26819,6545
1691740800,1.2682,1.27231,1.26795,1.2705899999999999,14195
1691755200,1.2705899999999999,1.27386,1.26817,1.26858,16847
1691769600,1.26857,1.27286,1.26816,1.26909,20884
1691784000,1.26908,1.27024,1.26853,1.26963,6731
1691971200,1.26928,1.27008,1.26792,1.26822,4899
1691985600,1.2682,1.26861,1.26663,1.2671299999999999,8660
1692000000,1.2671299999999999,1.27074,1.26697,1.26979,14476
1692014400,1.26979,1.2714699999999999,1.2645,1.26566,14419
1692028800,1.26567,1.27063,1.2616399999999999,1.26969,19890
1692043200,1.26969,1.27014,1.26731,1.26833,6658
1692057600,1.26886,1.26886,1.26763,1.2683499999999999,3414
1692072000,1.2683499999999999,1.26932,1.26749,1.26848,8777
1692086400,1.26849,1.27203,1.2679,1.27119,17597
1692100800,1.2711700000000001,1.2730000000000001,1.2681,1.27157,19846
1692115200,1.27159,1.27523,1.27077,1.2723499999999999,25508
1692129600,1.2723499999999999,1.27254,1.26943,1.27026,8279
1692144000,1.27013,1.27036,1.2692,1.26955,4392
1692158400,1.26952,1.27072,1.26868,1.27071,10802
1692172800,1.2707,1.27661,1.2699,1.2757800000000001,14673
1692187200,1.27576,1.2766199999999999,1.2721,1.27212,11912
1692201600,1.2721,1.27604,1.27182,1.27331,17239
1692216000,1.2732999999999999,1.27499,1.27112,1.2729,13420
1692230400,1.27233,1.2732700000000001,1.27157,1.2720500000000001,4898
1692244800,1.2720500000000001,1.2723200000000001,1.2711000000000001,1.27229,10558
1692259200,1.27233,1.27435,1.27092,1.27122,13903
1692273600,1.27121,1.27834,1.27027,1.27707,19710
1692288000,1.27704,1.27872,1.27373,1.27599,20979
1692302400,1.276,1.27604,1.27268,1.27461,11237
1692316800,1.2745199999999999,1.27588,1.27406,1.27516,5477
1692331200,1.27518,1.27661,1.27426,1.2744900000000001,11059
1692345600,1.2744900000000001,1.27526,1.27069,1.27188,16073
1692360000,1.27188,1.2742200000000001,1.26892,1.27109,15828
1692374400,1.27109,1.27489,1.27075,1.2744900000000001,18104
1692388800,1.2744900000000001,1.27562,1.27275,1.2733400000000001,6661
1692576000,1.27283,1.27505,1.27283,1.27465,4329
1692590400,1.27465,1.27465,1.27299,1.27383,7507
1692604800,1.2738399999999999,1.27454,1.27103,1.27207,14553
1692619200,1.27209,1.27649,1.27203,1.27519,14257
1692633600,1.2752,1.2757399999999999,1.27227,1.27568,18541
1692648000,1.27568,1.27668,1.27507,1.27563,7502
1692662400,1.27568,1.27658,1.2744900000000001,1.27629,4658
1692676800,1.27631,1.27775,1.27576,1.27694,9301
1692691200,1.2769599999999999,1.2800500000000001,1.27688,1.2781799999999999,12795
1692705600,1.2781799999999999,1.2792,1.27413,1.2742499999999999,13521
1692720000,1.27426,1.27533,1.27184,1.27352,18130
1692734400,1.27352,1.27435,1.27279,1.27331,4889
1692748800,1.27339,1.27412,1.2723499999999999,1.27344,3732
1692763200,1.27343,1.27509,1.27332,1.27509,8248
1692777600,1.27508,1.27646,1.26714,1.26785,19838
1692792000,1.26784,1.26796,1.26145,1.26308,19403
1692806400,1.26308,1.27258,1.26306,1.2721,21405
1692820800,1.2721,1.27329,1.27085,1.27213,7316
1692835200,1.27165,1.27284,1.27095,1.27193,4972
1692849600,1.27192,1.27216,1.27058,1.27199,10449
1692864000,1.2720099999999999,1.27279,1.26914,1.26987,13215
1692878400,1.26986,1.27036,1.26264,1.26358,15652
1692892800,1.2636,1.2662900000000001,1.26208,1.26235,18311
1692907200,1.26236,1.26246,1.25909,1.25992,7718
1692921600,1.2602,1.2604899999999999,1.2585899999999999,1.25901,5237
1692936000,1.25901,1.25913,1.25598,1.2564600000000001,8138
1692950400,1.25645,1.25922,1.25606,1.25862,12354
1692964800,1.25861,1.26236,1.25816,1.26199,11326
1692979200,1.26199,1.26542,1.25478,1.25814,30126
1692993600,1.25816,1.26013,1.2575,1.25767,8097
1693180800,1.25794,1.25992,1.25701,1.25941,3294
1693195200,1.25939,1.2604199999999999,1.2592400000000001,1.25993,5893
1693209600,1.25996,1.26109,1.25689,1.25762,9485
1693224000,1.2576,1.25948,1.25654,1.25943,10079
1693238400,1.25942,1.25997,1.25727,1.25948,14175
1693252800,1.25949,1.26075,1.2592400000000001,1.25998,6462
1693267200,1.2593,1.2618800000000001,1.25901,1.26138,4294
1693281600,1.26138,1.26324,1.26135,1.26231,8380
1693296000,1.26231,1.26358,1.26054,1.26115,13664
1693310400,1.26114,1.2617099999999999,1.25626,1.25733,15489
1693324800,1.25736,1.26336,1.25627,1.26203,25476
1693339200,1.26203,1.26549,1.26202,1.26437,9529
1693353600,1.26437,1.26501,1.26324,1.2640500000000001,4610
1693368000,1.2640500000000001,1.26422,1.26221,1.26227,6897
1693382400,1.26227,1.26474,1.26189,1.2637800000000001,14655
1693396800,1.26382,1.2720799999999999,1.26356,1.27134,18825
1693411200,1.2713,1.27461,1.2702,1.2716,21995
1693425600,1.27159,1.2729,1.27066,1.2720099999999999,8334
1693440000,1.27108,1.27227,1.27099,1.27202,4454
1693454400,1.27202,1.27344,1.27188,1.27233,7864
1693468800,1.27233,1.2724199999999999,1.26942,1.26952,13244
1693483200,1.26952,1.26976,1.26633,1.2685,18866
1693497600,1.26848,1.26872,1.26526,1.26626,21426
1693512000,1.2663,1.26742,1.26606,1.26715,7787
1693526400,1.26669,1.26757,1.26582,1.2663,3945
1693540800,1.2663,1.26833,1.2658800000000001,1.26682,7348
1693555200,1.2668300000000001,1.26894,1.26399,1.26749,11984
1693569600,1.26749,1.27128,1.26639,1.26917,15702
1693584000,1.26924,1.27026,1.2577,1.25887,29471
1693598400,1.25887,1.25991,1.25846,1.25875,7303
1693785600,1.25887,1.25986,1.25862,1.25956,2498
1693800000,1.25956,1.2607300000000001,1.2588599999999999,1.26071,4260
1693814400,1.26072,1.2634,1.26053,1.26323,8938
1693828800,1.26323,1.26426,1.26213,1.2625600000000001,8283
1693843200,1.26257,1.26395,1.2615,1.2628599999999999,6630
1693857600,1.26285,1.2633,1.26269,1.2628,1716
1693872000,1.2621,1.26306,1.26159,1.263,2987
1693886400,1.263,1.26319,1.26123,1.2626,7177
1693900800,1.2626,1.2628,1.25278,1.25348,16929
1693915200,1.25347,1.25783,1.25331,1.25755,15707
1693929600,1.25756,1.25868,1.25468,1.2576800000000001,22419
1693944000,1.25769,1.25803,1.25586,1.25657,6721
1693958400,1.25651,1.25728,1.25533,1.2557,2960
1693972800,1.25572,1.25742,1.25494,1.2574,7426
1693987200,1.25748,1.25878,1.25465,1.25597,15590
1694001600,1.25597,1.25672,1.2541,1.25548,15881
1694016000,1.25545,1.2558799999999999,1.24816,1.25018,25169
1694030400,1.25018,1.25109,1.2499500000000001,1.25065,6492
1694044800,1.25,1.25065,1.24924,1.24961,3722
1694059200,1.2496,1.25061,1.24911,1.24977,7933
1694073600,1.24976,1.25081,1.24574,1.24777,15498
1694088000,1.24777,1.24879,1.24455,1.24619,15049
1694102400,1.24618,1.24897,1.24474,1.2475100000000001,17161
1694116800,1.2475100000000001,1.2487,1.24675,1.24711,6975
1694131200,1.24739,1.24933,1.2463899999999999,1.2490999999999999,3481
1694145600,1.2490999999999999,1.25014,1.24738,1.24901,7049
1694160000,1.24902,1.25099,1.24782,1.24862,12518
1694174400,1.24862,1.24981,1.24669,1.24798,14280
1694188800,1.24797,1.25143,1.24592,1.2462,17166
1694203200,1.2462,1.24697,1.2451,1.2460499999999999,7995
1694390400,1.24688,1.2494399999999999,1.24665,1.24867,5704
1694404800,1.24867,1.25203,1.24823,1.25187,7933
1694419200,1.25187,1.25304,1.251,1.25194,12235
1694433600,1.25194,1.25373,1.25009,1.2527300000000001,13625
1694448000,1.25274,1.25482,1.25207,1.25218,17166
1694462400,1.25221,1.25221,1.25072,1.25086,7095
1694476800,1.25094,1.2514,1.25034,1.2506,3397
1694491200,1.2506,1.2523,1.25008,1.25106,8027
1694505600,1.25105,1.25301,1.2462900000000001,1.24672,14848
1694520000,1.24672,1.24839,1.24594,1.24679,13905
1694534400,1.24676,1.24915,1.24613,1.24779,13992
1694548800,1.24779,1.24988,1.24758,1.24959,7422
1694563200,1.24876,1.25004,1.24836,1.24939,3933
1694577600,1.2494,1.2502,1.2481,1.24943,6806
1694592000,1.2494399999999999,1.24978,1.24413,1.24773,15467
1694606400,1.24773,1.24997,1.24337,1.24857,19642
1694620800,1.24854,1.2511700000000001,1.24716,1.24952,22748
1694635200,1.24951,1.2506,1.24809,1.24893,7173
1694649600,1.2486,1.25031,1.24811,1.2502,3839
1694664000,1.2502,1.2504,1.24851,1.2501,6992
1694678400,1.25011,1.25061,1.24791,1.24865,10881
1694692800,1.24865,1.24866,1.24138,1.24397,22192
1694707200,1.24397,1.2460499999999999,1.24006,1.24143,29641
1694721600,1.24143,1.24174,1.23964,1.24088,8354
1694736000,1.24066,1.24115,1.2399499999999999,1.24115,3366
1694750400,1.24115,1.24298,1.24014,1.24284,8796
1694764800,1.24284,1.24459,1.24161,1.24397,13184
1694779200,1.24397,1.24403,1.23903,1.23907,12448
1694793600,1.23907,1.24254,1.23849,1.23993,21685
1694808000,1.23992,1.23994,1.23787,1.23847,7400
1694995200,1.23816,1.24021,1.23803,1.23997,2677
1695009600,1.23997,1.24041,1.2386,1.23959,4711
1695024000,1.23959,1.24047,1.23701,1.23806,9937
1695038400,1.23806,1.24105,1.23772,1.23809,10107
1695052800,1.23809,1.2405,1.23729,1.23952,14294
1695067200,1.23953,1.23992,1.2374100000000001,1.23854,5132
1695081600,1.23822,1.23913,1.23791,1.23821,2926
1695096000,1.23821,1.23834,1.2375099999999999,1.23782,4656
1695110400,1.23783,1.23927,1.23699,1.2376,10646
1695124800,1.23758,1.24247,1.2371,1.2405599999999999,12286
1695139200,1.2405599999999999,1.24067,1.23821,1.2387,15110
1695153600,1.2387,1.23968,1.23858,1.23923,5251
1695168000,1.23866,1.23969,1.23841,1.23897,2746
1695182400,1.23897,1.23935,1.23822,1.23882,7224
1695196800,1.23884,1.23954,1.2333,1.23687,14290
1695211200,1.23687,1.23804,1.23576,1.23765,10457
1695225600,1.23764,1.24215,1.23755,1.2417,14886
1695240000,1.2417,1.2417,1.23319,1.23445,22158
1695254400,1.23338,1.23467,1.2310699999999999,1.23132,5136
1695268800,1.23132,1.23252,1.23042,1.23198,5614
1695283200,1.23201,1.23315,1.22946,1.23042,12846
1695297600,1.23039,1.23079,1.2230699999999999,1.22677,19243
1695312000,1.22678,1.23065,1.22574,1.22965,17743
1695326400,1.22965,1.23074,1.22883,1.2294100000000001,6800
1695340800,1.22926,1.22961,1.22813,1.2286299999999999,3437
1695355200,1.2286299999999999,1.2286299999999999,1.22728,1.22842,6555
1695369600,1.22842,1.22882,1.22359,1.22529,16951
1695384000,1.22529,1.22671,1.22328,1.22568,12118
1695398400,1.22571,1.22847,1.22503,1.2251400000000001,16161
1695412800,1.22512,1.22589,1.22304,1.22365,6313
1695600000,1.22482,1.22503,1.22337,1.22487,10106
1695614400,1.22487,1.22495,1.22365,1.22417,3619
1695628800,1.22417,1.22504,1.2218,1.22203,9964
1695643200,1.22203,1.22435,1.2212399999999999,1.22171,11100
1695657600,1.22168,1.22207,1.21938,1.22113,16541
1695672000,1.2211400000000001,1.22222,1.22054,1.22115,5929
1695686400,1.22077,1.22156,1.22037,1.22058,3579
1695700800,1.22057,1.22091,1.21936,1.22051,5290
1695715200,1.22051,1.22071,1.2167,1.21848,13272
1695729600,1.21848,1.2194099999999999,1.21699,1.21909,12683
1695744000,1.21908,1.2192,1.21593,1.21712,15607
1695758400,1.21712,1.21759,1.21522,1.21546,5450
1695772800,1.21561,1.21605,1.21408,1.21421,3790
1695787200,1.21422,1.21574,1.21398,1.2147000000000001,7182
1695801600,1.2147000000000001,1.21642,1.21357,1.21494,10880
1695816000,1.21493,1.21561,1.21311,1.21447,13302
1695830400,1.21444,1.21591,1.21167,1.21244,18722
1695844800,1.21245,1.2153,1.21102,1.21353,11714
1695859200,1.21276,1.21445,1.21276,1.21438,4509
1695873600,1.21439,1.21454,1.21299,1.21401,6506
1695888000,1.21405,1.21742,1.21198,1.21715,12473
1695902400,1.21716,1.22239,1.21708,1.21776,14873
1695916800,1.21776,1.22245,1.21752,1.21994,20492
1695931200,1.21994,1.2205,1.21877,1.22041,8647
1695945600,1.21966,1.22107,1.21944,1.22013,2743
1695960000,1.22013,1.22282,1.2199200000000001,1.22223,5773
1695974400,1.22223,1.22542,1.22198,1.22353,12203
1695988800,1.22353,1.22716,1.22318,1.22596,14743
1696003200,1.22597,1.2263,1.21803,1.22054,22593
1696017600,1.2205300000000001,1.2208,1.21859,1.22019,9384
1696204800,1.21897,1.22058,1.21803,1.21879,4311
1696219200,1.21879,1.21954,1.21861,1.21867,3517
1696233600,1.21861,1.22199,1.21754,1.21871,11358
1696248000,1.21872,1.21879,1.21482,1.21511,12311
1696262400,1.21511,1.21522,1.2107700000000001,1.21081,20848
1696276800,1.2107999999999999,1.21271,1.20861,1.20878,10107
1696291200,1.20856,1.20928,1.20777,1.20863,4606
1696305600,1.20863,1.20879,1.20608,1.20641,6832
1696320000,1.2064,1.20967,1.20612,1.20875,11529
1696334400,1.2086999999999999,1.20889,1.20522,1.20739,13564
1696348800,1.20742,1.2101600000000001,1.20532,1.20749,28647
1696363200,1.20751,1.20913,1.20689,1.20777,8856
1696377600,1.20686,1.20843,1.20686,1.20806,3794
1696392000,1.20804,1.20817,1.20602,1.20816,5060
1696406400,1.20819,1.21156,1.20371,1.21135,12814
1696420800,1.21136,1.21766,1.21126,1.21696,16456
1696435200,1.21696,1.21737,1.21062,1.21518,22309
1696449600,1.21517,1.21566,1.21304,1.2137,8525
1696464000,1.2140900000000001,1.2151399999999999,1.21309,1.21498,4149
1696478400,1.21497,1.2163,1.21491,1.21559,6545
1696492800,1.21558,1.21616,1.21159,1.21225,10710
1696507200,1.21225,1.2156,1.21075,1.21305,15094
1696521600,1.21307,1.21878,1.21258,1.21795,21743
1696536000,1.21797,1.2196,1.21696,1.21921,7673
1696550400,1.21859,1.21928,1.21808,1.21811,3623
1696564800,1.2180900000000001,1.21888,1.2175799999999999,1.21767,4493
1696579200,1.21768,1.22068,1.2164,1.21985,11325
1696593600,1.21986,1.22198,1.21058,1.21224,18881
1696608000,1.21227,1.22614,1.21167,1.22338,32017
1696622400,1.22337,1.22552,1.22308,1.22334,8161
1696809600,1.21995,1.22245,1.21944,1.22226,8652
1696824000,1.22225,1.22237,1.21919,1.21935,8459
1696838400,1.21935,1.22171,1.21637,1.2178,16664
1696852800,1.2178,1.21908,1.21629,1.21836,13396
1696867200,1.21837,1.22207,1.21836,1.21975,17559
1696881600,1.21974,1.22443,1.21973,1.2237,9307
1696896000,1.22363,1.22547,1.22312,1.22471,5622
1696910400,1.22472,1.22568,1.22244,1.22265,7848
1696924800,1.22268,1.22756,1.22116,1.22709,20780
1696939200,1.22709,1.22757,1.22353,1.22495,21358
1696953600,1.22493,1.22915,1.22384,1.2291,24746
1696968000,1.2291,1.22913,1.22635,1.22868,10231
1696982400,1.22708,1.23035,1.22708,1.2298499999999999,5191
1696996800,1.2298499999999999,1.23011,1.22873,1.22925,6599
1697011200,1.22925,1.2304,1.22695,1.22806,18969
1697025600,1.22806,1.23154,1.2268,1.2312400000000001,24009
1697040000,1.23123,1.2337500000000001,1.22885,1.22964,29266
1697054400,1.22964,1.23145,1.22751,1.23129,12303
1697068800,1.22981,1.23197,1.22972,1.2313,4312
1697083200,1.23129,1.2323,1.2310699999999999,1.2319,7115
1697097600,1.2319,1.23314,1.22926,1.22959,17003
1697112000,1.22959,1.23148,1.22516,1.22622,20553
1697126400,1.22623,1.227,1.21987,1.22012,28886
1697140800,1.22007,1.22021,1.21715,1.21739,13690
1697155200,1.2175,1.21897,1.21709,1.21873,4813
1697169600,1.21873,1.22077,1.21863,1.22033,6319
1697184000,1.22033,1.22252,1.21847,1.22139,16360
1697198400,1.22139,1.22141,1.21597,1.21885,22561
1697212800,1.21885,1.21938,1.21312,1.21366,20652
1697227200,1.21366,1.21416,1.21225,1.2137,9118
1697414400,1.2134800000000001,1.21573,1.21337,1.21469,5191
1697428800,1.2147000000000001,1.21619,1.2147000000000001,1.21601,5053
1697443200,1.21601,1.2178,1.21516,1.21597,13695
1697457600,1.21596,1.21842,1.21428,1.21763,15023
1697472000,1.21763,1.22052,1.21533,1.21997,16325
1697486400,1.21996,1.22195,1.21985,1.22172,7324
1697500800,1.22029,1.22165,1.22024,1.22095,3559
1697515200,1.22095,1.22095,1.2193,1.21964,5972
1697529600,1.21966,1.22009,1.21497,1.21547,13014
1697544000,1.21549,1.21909,1.21329,1.21406,18029
1697558400,1.21407,1.22119,1.21366,1.21915,23812
1697572800,1.21915,1.21934,1.21709,1.21833,9199
1697587200,1.21756,1.21841,1.21582,1.21627,4531
1697601600,1.21627,1.21839,1.21587,1.21805,7108
1697616000,1.21804,1.22109,1.21778,1.21997,16281
1697630400,1.21996,1.22102,1.21714,1.21763,18306
1697644800,1.21765,1.21865,1.21376,1.21528,23474
1697659200,1.2153,1.21762,1.21372,1.21399,13105
1697673600,1.21408,1.21463,1.21361,1.21416,5774
1697688000,1.21416,1.2145,1.2123599999999999,1.21255,8264
1697702400,1.21256,1.2145,1.21018,1.21068,15539
1697716800,1.21067,1.21446,1.20898,1.21412,16938
1697731200,1.21414,1.21917,1.21254,1.2174,30303
1697745600,1.2174,1.21829,1.21377,1.2141,19839
1697760000,1.21414,1.2145299999999999,1.21222,1.21256,5552
1697774400,1.21255,1.21444,1.21177,1.21342,8609
1697788800,1.21342,1.21384,1.2093099999999999,1.21239,16180
1697803200,1.21238,1.21493,1.2113800000000001,1.21405,15900
1697817600,1.21406,1.21611,1.21313,1.21542,21197
1697832000,1.21542,1.21702,1.21491,1.21637,11994
1698019200,1.21548,1.21662,1.21546,1.21624,3972
1698033600,1.21624,1.21625,1.21439,1.21494,5219
1698048000,1.21492,1.2185,1.21457,1.21617,13840
1698062400,1.21617,1.21828,1.21433,1.21644,15721
1698076800,1.21644,1.2237,1.21502,1.2234,20440
1698091200,1.2234,1.22586,1.22275,1.22466,10174
1698105600,1.22423,1.22569,1.22348,1.22549,4369
1698120000,1.22549,1.2274,1.22484,1.22652,8490
1698134400,1.22653,1.22886,1.22433,1.2263600000000001,15600
1698148800,1.2263600000000001,1.2263600000000001,1.21977,1.22036,15080
1698163200,1.22037,1.22069,1.2153100000000001,1.21584,20817
1698177600,1.21585,1.21677,1.21556,1.21589,8284
1698192000,1.21573,1.21689,1.21561,1.2166,4965
1698206400,1.2166,1.21753,1.2163599999999999,1.21752,5734
1698220800,1.21752,1.21759,1.2133099999999999,1.21383,11579
1698235200,1.2138200000000001,1.21388,1.21139,1.21305,12607
1698249600,1.21305,1.21563,1.21219,1.21272,21106
1698264000,1.21273,1.213,1.21069,1.21073,10572
1698278400,1.21096,1.21137,1.20876,1.20905,5003
1698292800,1.20905,1.20993,1.20766,1.20797,7897
1698307200,1.20797,1.2096,1.20692,1.20794,13203
1698321600,1.20794,1.21237,1.20742,1.2123599999999999,15401
1698336000,1.21251,1.21337,1.20978,1.21047,23312
1698350400,1.21046,1.21395,1.21041,1.21277,12052
1698364800,1.21249,1.21393,1.21231,1.21274,4770
1698379200,1.21274,1.2139,1.2122,1.21375,6839
1698393600,1.21375,1.21414,1.21115,1.21283,11770
1698408000,1.21279,1.21473,1.21055,1.21311,13775
1698422400,1.2131,1.21625,1.21242,1.2132,22340
1698436800,1.2132,1.2132,1.21105,1.21211,14738
1698624000,1.21149,1.21239,1.2106,1.2110400000000001,4831
1698638400,1.2110400000000001,1.21217,1.21064,1.21164,5388
1698652800,1.21164,1.21333,1.209,1.21047,9968
1698667200,1.21047,1.21447,1.21047,1.21428,13093
1698681600,1.2143,1.2165,1.21201,1.21493,20019
1698696000,1.21495,1.21744,1.2141899999999999,1.2169,7982
1698710400,1.21649,1.21693,1.2157,1.21598,4725
1698724800,1.21599,1.21603,1.21367,1.21401,9267
1698739200,1.21401,1.21737,1.21388,1.2172,11450
1698753600,1.21721,1.22004,1.21557,1.21591,15548
1698768000,1.21588,1.21591,1.21195,1.21337,23415
1698782400,1.21338,1.21554,1.2133099999999999,1.21461,9567
1698796800,1.2147000000000001,1.21545,1.2134,1.21393,4247
1698811200,1.21393,1.21483,1.2134,1.21377,6220
1698825600,1.21376,1.21611,1.21313,1.2144,10135
1698840000,1.2144,1.21545,1.21193,1.21222,17152
1698854400,1.21222,1.21642,1.20956,1.21217,25459
1698868800,1.21217,1.2156500000000001,1.20973,1.21522,22386
1698883200,1.21476,1.21939,1.21421,1.21939,6264
1698897600,1.2194099999999999,1.2196500000000001,1.21776,1.21779,8090
1698912000,1.21781,1.21853,1.21552,1.2163599999999999,11102
1698926400,1.21638,1.22251,1.21573,1.22154,18815
1698940800,1.22154,1.22254,1.21675,1.21792,23206
1698955200,1.21792,1.22095,1.21774,1.22013,9986
1698969600,1.22007,1.22073,1.21848,1.21893,4109
1698984000,1.21894,1.22044,1.2184300000000001,1.22004,6813
1698998400,1.22003,1.22138,1.21857,1.21935,9896
1699012800,1.21936,1.23179,1.2190400000000001,1.23127,18736
1699027200,1.2312400000000001,1.23866,1.22978,1.23824,30575
1699041600,1.23824,1.23895,1.2371699999999999,1.23795,11201
1699228800,1.23724,1.23776,1.23643,1.2368999999999999,5828
1699243200,1.23692,1.23816,1.23687,1.23783,5102
1699257600,1.23783,1.24234,1.23764,1.23986,11670
1699272000,1.23986,1.24285,1.23826,1.2385,13524
1699286400,1.23851,1.2401200000000001,1.23702,1.23713,15782
1699300800,1.23712,1.23727,1.23381,1.23427,8474
1699315200,1.23446,1.23471,1.2334,1.23383,4931
1699329600,1.23383,1.23415,1.23266,1.23338,7735
1699344000,1.23339,1.23367,1.23016,1.23035,12702
1699358400,1.23034,1.23128,1.22752,1.23006,14703
1699372800,1.23006,1.23116,1.22622,1.22716,18723
1699387200,1.22716,1.23069,1.22693,1.22992,9836
1699401600,1.22999,1.23025,1.22777,1.22851,5434
1699416000,1.2285300000000001,1.22961,1.2274,1.22749,7129
1699430400,1.2275,1.22786,1.22416,1.22481,12863
1699444800,1.22483,1.22689,1.22428,1.22642,12736
1699459200,1.22641,1.23011,1.2262,1.22922,19234
1699473600,1.22923,1.23013,1.22812,1.22854,12035
1699488000,1.22837,1.22925,1.22744,1.22879,5932
1699502400,1.22878,1.2294,1.22777,1.22779,6945
1699516800,1.22779,1.23085,1.22694,1.22999,14510
1699531200,1.22995,1.23048,1.22516,1.2272,15374
1699545600,1.22721,1.22953,1.2264,1.22664,19569
1699560000,1.22667,1.22683,1.2212399999999999,1.2222,21458
1699574400,1.22202,1.22281,1.2211400000000001,1.2224,8039
1699588800,1.2224,1.22289,1.22191,1.22263,6069
1699603200,1.22265,1.22376,1.22061,1.22171,13678
1699617600,1.22171,1.223,1.22001,1.22242,14323
1699632000,1.22243,1.22249,1.21871,1.22168,19995
1699646400,1.22168,1.22311,1.22125,1.22235,8335
1699833600,1.22106,1.22356,1.22066,1.22355,4394
1699848000,1.22356,1.2236,1.2223,1.22298,4099
1699862400,1.22292,1.22532,1.2227999999999999,1.22437,11216
1699876800,1.22438,1.22556,1.22354,1.22466,10930
1699891200,1.22467,1.22772,1.2229700000000001,1.22684,15695
1699905600,1.22684,1.22803,1.22618,1.22799,7025
1699920000,1.22759,1.22807,1.22665,1.2273,4966
1699934400,1.2273100000000001,1.2276,1.22651,1.22691,5242
1699948800,1.22691,1.23029,1.2268,1.2302,10978
1699963200,1.23021,1.2407,1.22759,1.24008,16405
1699977600,1.24009,1.2493,1.24005,1.24927,26140
1699992000,1.24927,1.2505899999999999,1.24836,1.2498,7154
1700006400,1.24997,1.25009,1.2479,1.24847,5910
1700020800,1.24847,1.24977,1.248,1.24886,5852
1700035200,1.24885,1.24937,1.24532,1.24628,14679
1700049600,1.2462900000000001,1.24801,1.24252,1.24425,16924
1700064000,1.24425,1.24539,1.2404,1.2422900000000001,21638
1700078400,1.24228,1.2422900000000001,1.24067,1.24153,8572
1700092800,1.24115,1.24242,1.24003,1.24036,5844
1700107200,1.24036,1.24042,1.238,1.2395100000000001,5674
1700121600,1.2395100000000001,1.24133,1.2376,1.24007,12753
1700136000,1.24008,1.24416,1.2382,1.24414,14919
1700150400,1.2441,1.24559,1.2410700000000001,1.24254,21546
1700164800,1.24254,1.24316,1.24058,1.24145,6957
1700179200,1.24092,1.24222,1.24032,1.24129,4247
1700193600,1.2413,1.24164,1.24037,1.2414,5372
1700208000,1.2414,1.24186,1.23738,1.24096,14690
1700222400,1.24096,1.24401,1.2408,1.24214,15992
1700236800,1.24214,1.24374,1.24047,1.24358,21261
1700251200,1.24358,1.24649,1.24332,1.24627,8133
1700438400,1.24471,1.24692,1.24457,1.24681,6495
1700452800,1.24681,1.24952,1.24665,1.24802,7539
1700467200,1.24803,1.25101,1.24711,1.25099,14147
1700481600,1.251,1.251,1.2461,1.24733,12730
1700496000,1.24734,1.25174,1.2462,1.2500499999999999,15125
1700510400,1.2500200000000001,1.25173,1.24983,1.2505,7864
1700524800,1.24986,1.25245,1.2494,1.25168,6563
1700539200,1.25161,1.25401,1.2512400000000001,1.25263,7585
1700553600,1.25262,1.25412,1.25196,1.25309,14106
1700568000,1.25309,1.25591,1.25271,1.25396,14165
1700582400,1.25397,1.25539,1.25266,1.25469,19272
1700596800,1.25468,1.25473,1.25173,1.25363,9846
1700611200,1.25329,1.2549299999999999,1.2523,1.25352,5251
1700625600,1.25352,1.25443,1.25236,1.25251,4966
1700640000,1.25251,1.25373,1.25065,1.25292,14504
1700654400,1.2529,1.25487,1.25091,1.25149,17259
1700668800,1.25157,1.25166,1.24489,1.24792,21554
1700683200,1.24786,1.2496800000000001,1.24781,1.24956,7123
1700697600,1.24876,1.24967,1.24867,1.24957,4100
1700712000,1.24957,1.25128,1.2495,1.25114,4780
1700726400,1.25115,1.2570000000000001,1.25012,1.2558099999999999,14044
1700740800,1.25582,1.25628,1.25326,1.25373,10298
1700755200,1.25373,1.25435,1.25251,1.25316,7528
1700769600,1.25316,1.2538,1.2530700000000001,1.2536,2185
1700784000,1.25295,1.25447,1.25243,1.25327,4757
1700798400,1.25327,1.25458,1.2524199999999999,1.25453,4854
1700812800,1.25453,1.25661,1.25262,1.2549299999999999,9794
1700827200,1.25494,1.25799,1.25461,1.25772,11906
1700841600,1.25774,1.26154,1.25756,1.26075,13816
1700856000,1.2607300000000001,1.26111,1.25941,1.26019,9556
1701043200,1.25937,1.26101,1.25913,1.26032,5040
1701057600,1.26033,1.26126,1.25908,1.26109,6422
1701072000,1.26109,1.26269,1.26038,1.26087,10916
1701086400,1.26089,1.26441,1.26019,1.26255,13591
1701100800,1.26255,1.26287,1.2600500000000001,1.26037,17931
1701115200,1.26036,1.26339,1.26019,1.26299,7461
1701129600,1.2628,1.26419,1.26203,1.26346,6071
1701144000,1.26346,1.26411,1.26218,1.26257,6264
1701158400,1.2625600000000001,1.26331,1.2606600000000001,1.26287,11511
1701172800,1.26288,1.26485,1.2608,1.26425,13375
1701187200,1.26425,1.2715,1.2635399999999999,1.26922,26555
1701201600,1.26924,1.27013,1.26728,1.26978,11110
1701216000,1.26936,1.27331,1.2690000000000001,1.27186,8413
1701230400,1.27186,1.27225,1.27058,1.2713,7917
1701244800,1.27129,1.27216,1.26738,1.26806,15199
1701259200,1.26806,1.2708599999999999,1.26739,1.26864,19569
1701273600,1.26862,1.2711000000000001,1.26647,1.26978,21344
1701288000,1.26979,1.27273,1.2690299999999999,1.2694,8075
1701302400,1.26919,1.27048,1.2687300000000001,1.26928,5616
1701316800,1.26929,1.27057,1.26905,1.26986,5920
1701331200,1.26985,1.27105,1.26482,1.26487,15431
1701345600,1.26484,1.26792,1.26223,1.2625,18614
1701360000,1.2625199999999999,1.26638,1.26032,1.2619799999999999,28821
1701374400,1.26199,1.26373,1.26122,1.26253,8846
1701388800,1.26199,1.26553,1.26129,1.2652999999999999,7664
1701403200,1.2652999999999999,1.2656399999999999,1.26329,1.2644199999999999,6361
1701417600,1.26441,1.2674699999999999,1.26288,1.26678,13356
1701432000,1.26674,1.26682,1.26272,1.26296,12978
1701446400,1.26294,1.26962,1.26138,1.26946,28363
1701460800,1.26947,1.2716,1.2692,1.27098,11413
1701648000,1.26968,1.27244,1.26672,1.26764,12100
1701662400,1.26764,1.26867,1.2671299999999999,1.26772,7278
1701676800,1.2677399999999999,1.26852,1.2656399999999999,1.26738,15243
1701691200,1.26739,1.2687599999999999,1.26528,1.26566,16431
1701705600,1.26567,1.26573,1.26037,1.26223,25238
1701720000,1.26223,1.2634400000000001,1.26052,1.26319,8364
1701734400,1.26264,1.26444,1.26237,1.26361,6744
1701748800,1.26361,1.26414,1.26277,1.26389,5724
1701763200,1.26389,1.26397,1.26059,1.26314,15080
1701777600,1.2631299999999999,1.26455,1.2616399999999999,1.26365,15203
1701792000,1.26363,1.26516,1.25821,1.2595,27983
1701806400,1.25952,1.25967,1.25772,1.25945,9002
1701820800,1.25937,1.26082,1.25853,1.26025,5419
1701835200,1.26025,1.26135,1.26,1.26108,5655
1701849600,1.26108,1.26114,1.25912,1.26001,12264
1701864000,1.26001,1.26092,1.25815,1.2598799999999999,17277
1701878400,1.2598799999999999,1.26047,1.25762,1.2581,21282
1701892800,1.25808,1.25835,1.25516,1.2558799999999999,7757
1701907200,1.25573,1.2564899999999999,1.25532,1.25593,5702
1701921600,1.25595,1.2562,1.25444,1.25499,6343
1701936000,1.25501,1.25892,1.25462,1.25861,16045
1701950400,1.2586300000000001,1.25937,1.25501,1.2583199999999999,20030
1701964800,1.2583199999999999,1.26125,1.25451,1.26027,24793
1701979200,1.26027,1.26027,1.25831,1.25908,10572
1701993600,1.25821,1.26011,1.25788,1.25905,8856
1702008000,1.25904,1.25979,1.25861,1.25878,8860
1702022400,1.25879,1.25896,1.25545,1.25571,15842
1702036800,1.2557,1.25866,1.25113,1.25452,18767
1702051200,1.25452,1.25619,1.2502,1.25455,27259
1702065600,1.25452,1.25558,1.25431,1.25481,9353
1702252800,1.25306,1.2558500000000001,1.25277,1.25458,7149
1702267200,1.25457,1.2547,1.25347,1.25416,5077
1702281600,1.2542,1.2560799999999999,1.25348,1.25536,12240
1702296000,1.25536,1.25906,1.25534,1.2581,12335
1702310400,1.2581,1.25819,1.2539799999999999,1.25403,15365
1702324800,1.25401,1.25677,1.2538,1.25541,7645
1702339200,1.25501,1.25693,1.25501,1.25651,5548
1702353600,1.25651,1.25836,1.25632,1.25757,5742
1702368000,1.25757,1.25842,1.25427,1.25654,12381
1702382400,1.25654,1.26151,1.25393,1.2543,16895
1702396800,1.25427,1.25713,1.2514,1.25452,22319
1702411200,1.25452,1.25719,1.25427,1.25647,8854
1702425600,1.25621,1.25711,1.25479,1.2558799999999999,5927
1702440000,1.2558799999999999,1.25603,1.2548,1.25571,4802
1702454400,1.25571,1.25587,1.25171,1.25261,12268
1702468800,1.25259,1.25478,1.25096,1.25393,12636
1702483200,1.25393,1.25477,1.25053,1.2508,15482
1702497600,1.2508,1.2634400000000001,1.25001,1.26157,26417
1702512000,1.26153,1.2642,1.26125,1.26407,10036
1702526400,1.2641,1.26523,1.2629000000000001,1.26353,12596
1702540800,1.26355,1.26709,1.26118,1.26677,20728
1702555200,1.26676,1.27325,1.2652,1.27271,25132
1702569600,1.27265,1.27939,1.27026,1.2784,27987
1702584000,1.27838,1.27841,1.2747899999999999,1.27644,10737
1702598400,1.27623,1.27717,1.2747,1.27546,8025
1702612800,1.27546,1.27739,1.27545,1.2759,10829
1702627200,1.2759,1.2776,1.274,1.27744,17404
1702641600,1.27744,1.2790599999999999,1.26987,1.27107,18141
1702656000,1.27107,1.27298,1.2685,1.2704900000000001,23609
1702670400,1.2704900000000001,1.27051,1.2668300000000001,1.2674400000000001,12149
1702857600,1.2668,1.2684199999999999,1.26574,1.26816,6111
1702872000,1.26816,1.26994,1.26814,1.26935,5705
1702886400,1.26935,1.27042,1.26651,1.26668,12254
1702900800,1.26669,1.26787,1.26455,1.26672,16042
1702915200,1.26673,1.26705,1.2628599999999999,1.2652999999999999,18543
1702929600,1.2652999999999999,1.26533,1.26336,1.26471,9087
1702944000,1.26368,1.26628,1.26315,1.2652700000000001,6331
1702958400,1.2652700000000001,1.26646,1.2649599999999999,1.2658,8426
1702972800,1.26578,1.27013,1.26511,1.2699,15257
1702987200,1.26989,1.27465,1.26932,1.27432,14279
1703001600,1.27433,1.27616,1.27251,1.2735699999999999,18976
1703016000,1.27356,1.27387,1.27159,1.27308,8398
1703030400,1.27236,1.2734,1.27158,1.27195,7369
1703044800,1.27195,1.27257,1.2717100000000001,1.27221,6237
1703059200,1.27221,1.27222,1.26475,1.2678099999999999,16479
1703073600,1.26783,1.26794,1.26294,1.26612,15446
1703088000,1.26612,1.2682,1.26524,1.26703,19447
1703102400,1.26702,1.2674,1.2624900000000001,1.26369,13838
1703116800,1.26399,1.26502,1.26266,1.26424,6757
1703131200,1.26424,1.26509,1.26303,1.2649599999999999,8039
1703145600,1.26497,1.26497,1.2612,1.26314,12368
1703160000,1.26314,1.26958,1.26214,1.26811,16386
1703174400,1.26811,1.26907,1.2643,1.26643,27336
1703188800,1.26642,1.26924,1.26586,1.26919,12751
1703203200,1.26829,1.26922,1.26736,1.26811,6888
1703217600,1.2681,1.26917,1.26798,1.26853,8880
1703232000,1.26854,1.27138,1.26796,1.26863,13763
1703246400,1.26861,1.27434,1.2686,1.27348,18601
1703260800,1.2735,1.27441,1.26978,1.2709,24122
1703275200,1.2709,1.27099,1.26898,1.26973,11467
1703548800,1.26877,1.27119,1.26856,1.27062,4756
1703563200,1.27062,1.27131,1.27021,1.27058,6463
1703577600,1.27058,1.27081,1.26865,1.2691,7477
1703592000,1.26909,1.27118,1.26844,1.27042,11113
1703606400,1.27042,1.272,1.2701500000000001,1.27067,10484
1703620800,1.27068,1.2730000000000001,1.27051,1.27251,7625
1703635200,1.2723,1.27299,1.27114,1.2725,4921
1703649600,1.27252,1.27326,1.272,1.27322,5097
1703664000,1.2732299999999999,1.2735400000000001,1.26987,1.27203,11036
1703678400,1.27204,1.27596,1.27101,1.2755,11711
1703692800,1.2755,1.28023,1.27441,1.27896,16791
1703707200,1.27896,1.28018,1.27833,1.27995,9643
1703721600,1.2793999999999999,1.28138,1.27885,1.28128,5037
1703736000,1.28128,1.28162,1.28014,1.2809,5901
1703750400,1.28091,1.28274,1.27908,1.27945,12624
1703764800,1.2794400000000001,1.28054,1.27382,1.27416,14486
1703779200,1.2741799999999999,1.27751,1.27289,1.2739099999999999,18182
1703793600,1.2739099999999999,1.27398,1.27123,1.2731,8779
1703808000,1.27267,1.27469,1.27203,1.27365,5465
1703822400,1.2736399999999999,1.2763499999999999,1.2732299999999999,1.27626,6998
1703836800,1.27626,1.27728,1.27003,1.27055,11103
1703851200,1.27055,1.27495,1.27042,1.27207,14514
1703865600,1.27206,1.27667,1.27011,1.27623,19991
1703880000,1.27622,1.27622,1.27331,1.2734,10396
1704153600,1.27204,1.27353,1.27176,1.2720799999999999,6783
1704168000,1.2720799999999999,1.27408,1.27096,1.27367,7256
1704182400,1.27368,1.27597,1.27173,1.27176,16350
1704196800,1.27175,1.27184,1.26213,1.26296,21400
1704211200,1.2629000000000001,1.26446,1.26106,1.26329,24627
1704225600,1.26329,1.2634699999999999,1.26157,1.26196,9090
1704240000,1.2619500000000001,1.2634,1.26136,1.26291,6391
1704254400,1.26291,1.26416,1.26263,1.26305,6342
1704268800,1.26304,1.26523,1.26244,1.2628,15379
1704283200,1.26279,1.2643,1.2618,1.26298,16294
1704297600,1.26299,1.26563,1.26155,1.26447,27307
1704312000,1.26447,1.26764,1.26307,1.26635,19322
1704326400,1.26643,1.26736,1.2659500000000001,1.26624,6141
1704340800,1.26624,1.26759,1.26567,1.26653,6363
1704355200,1.26654,1.27241,1.2665199999999999,1.27199,17276
1704369600,1.27198,1.2729599999999999,1.26703,1.26731,17232
1704384000,1.26731,1.27108,1.26647,1.26834,22645
1704398400,1.26834,1.26875,1.26737,1.26825,7436
1704412800,1.2675,1.26956,1.2675,1.2693699999999999,5942
1704427200,1.2693699999999999,1.26963,1.26737,1.26741,6371
1704441600,1.26741,1.26888,1.26571,1.26594,13175
1704456000,1.26597,1.2671299999999999,1.2610700000000001,1.26574,17504
1704470400,1.26584,1.27707,1.2655,1.27233,33614
1704484800,1.27233,1.27392,1.27101,1.27162,12419
1704672000,1.27092,1.27297,1.2708599999999999,1.27209,4270
1704686400,1.27209,1.2721,1.26979,1.27034,5698
1704700800,1.27035,1.27198,1.26732,1.2695,13006
1704715200,1.26952,1.27209,1.26932,1.27119,13739
1704729600,1.27119,1.2766899999999999,1.27092,1.2754699999999999,18487
1704744000,1.2754699999999999,1.2760500000000001,1.27397,1.2749,8286
1704758400,1.27482,1.27606,1.27402,1.27603,6949
1704772800,1.27602,1.27649,1.27378,1.27434,6485
1704787200,1.27437,1.27507,1.27243,1.27344,11412
1704801600,1.27344,1.27381,1.27071,1.27254,14280
1704816000,1.27253,1.27312,1.2689300000000001,1.27102,17962
1704830400,1.27102,1.2717399999999999,1.26918,1.271,10373
1704844800,1.27043,1.2718,1.27012,1.27106,5809
1704859200,1.27108,1.27126,1.2697,1.2701500000000001,5687
1704873600,1.27014,1.27288,1.26861,1.27256,12785
1704888000,1.27255,1.2736399999999999,1.2718,1.27244,12318
1704902400,1.27245,1.27412,1.27134,1.27338,15196
1704916800,1.27337,1.2744,1.27276,1.27413,9561
1704931200,1.27299,1.27613,1.27274,1.27606,5149
1704945600,1.27602,1.27712,1.2757800000000001,1.2763499999999999,7267
1704960000,1.27634,1.27741,1.27383,1.27397,11205
1704974400,1.27396,1.27773,1.27024,1.27107,18936
1704988800,1.27107,1.27538,1.26901,1.27204,37665
1705003200,1.27206,1.27667,1.27191,1.27618,18263
1705017600,1.2759800000000001,1.27817,1.27494,1.27801,8133
1705032000,1.27802,1.27844,1.27681,1.27725,9306
1705046400,1.27725,1.27795,1.27495,1.27525,13196
1705060800,1.27526,1.27683,1.27197,1.27552,19521
1705075200,1.27553,1.27854,1.27322,1.27394,27068
1705089600,1.2739500000000001,1.27564,1.27352,1.27493,10143
1705276800,1.27419,1.27499,1.27283,1.2742,8023
1705291200,1.2742,1.27655,1.2742,1.27528,7525
1705305600,1.27528,1.276,1.27183,1.27261,13302
1705320000,1.2726199999999999,1.27394,1.27128,1.27277,13232
1705334400,1.27279,1.2738399999999999,1.27131,1.2729300000000001,11075
1705348800,1.2729300000000001,1.27319,1.2726,1.27277,1639
1705363200,1.27282,1.27284,1.2679,1.26949,8503
1705377600,1.26948,1.2695,1.26766,1.26803,8453
1705392000,1.26804,1.2687,1.26352,1.26409,18457
1705406400,1.2640799999999999,1.26724,1.26202,1.26424,19404
1705420800,1.26423,1.26789,1.26242,1.26245,32754
1705435200,1.26247,1.26404,1.26192,1.26352,9612
1705449600,1.2636,1.2643,1.26306,1.26353,6723
1705464000,1.26353,1.26436,1.26058,1.2610000000000001,8341
1705478400,1.26101,1.26837,1.25963,1.2680500000000001,20902
1705492800,1.26802,1.2696100000000001,1.2641499999999999,1.26507,18117
1705507200,1.26508,1.26822,1.26383,1.2678099999999999,24872
1705521600,1.26782,1.26868,1.2662200000000001,1.26788,12162
1705536000,1.26763,1.26915,1.26693,1.26894,9002
1705550400,1.26894,1.26955,1.26775,1.26871,8774
1705564800,1.26872,1.27039,1.26737,1.26737,14922
1705579200,1.26737,1.26958,1.26501,1.26524,18464
1705593600,1.26524,1.26919,1.2648,1.2681200000000001,26418
1705608000,1.26813,1.27082,1.26769,1.27067,11210
1705622400,1.27064,1.27122,1.2699799999999999,1.27072,6298
1705636800,1.2707,1.27146,1.2696,1.2699,6559
1705651200,1.26989,1.27012,1.26655,1.26838,14541
1705665600,1.26838,1.26904,1.26699,1.26743,15258
1705680000,1.26743,1.26884,1.2661,1.26881,22705
1705694400,1.26883,1.27053,1.26821,1.2702,8638
1705881600,1.26926,1.27132,1.2684199999999999,1.27088,6643
1705896000,1.27088,1.27189,1.27065,1.27186,6300
1705910400,1.27186,1.27243,1.2686600000000001,1.2704900000000001,12433
1705924800,1.27044,1.27319,1.26983,1.2727,13372
1705939200,1.27271,1.2732700000000001,1.27088,1.27213,17235
1705953600,1.27213,1.27217,1.26975,1.27081,9923
1705968000,1.27047,1.27212,1.27017,1.27203,5814
1705982400,1.27204,1.27385,1.2715,1.2737,10882
1705996800,1.2737,1.27471,1.27202,1.27284,14813
1706011200,1.27284,1.27288,1.27001,1.2707899999999999,13802
1706025600,1.2707899999999999,1.2707899999999999,1.2649,1.26577,16919
1706040000,1.26579,1.26919,1.26569,1.2687599999999999,7636
1706054400,1.26741,1.26979,1.26741,1.26924,8107
1706068800,1.26924,1.27042,1.26854,1.27023,5972
1706083200,1.27023,1.2772999999999999,1.2699500000000001,1.27643,15879
1706097600,1.2764199999999999,1.27711,1.27281,1.2766600000000001,15029
1706112000,1.27667,1.27747,1.27336,1.2747899999999999,23716
1706126400,1.27478,1.27503,1.27132,1.27246,12266
1706140800,1.27191,1.2726199999999999,1.27034,1.2711999999999999,7539
1706155200,1.27118,1.27172,1.27071,1.27102,7961
1706169600,1.27102,1.27368,1.27088,1.2726,12891
1706184000,1.27261,1.2742499999999999,1.26971,1.2736,17349
1706198400,1.2736,1.2736,1.2681499999999999,1.2690000000000001,26662
1706212800,1.2690299999999999,1.27118,1.26859,1.27108,11495
1706227200,1.27003,1.27119,1.26984,1.27088,4737
1706241600,1.27084,1.27162,1.27021,1.27055,5532
1706256000,1.2705600000000001,1.27216,1.26755,1.27143,13979
1706270400,1.27145,1.27583,1.27143,1.2748599999999999,15619
1706284800,1.2748599999999999,1.27546,1.27061,1.27132,18182
1706299200,1.27128,1.27151,1.2698800000000001,1.27029,7674
1706486400,1.26971,1.27057,1.26902,1.27002,4532
1706500800,1.27002,1.2707899999999999,1.2695,1.2702,5371
1706515200,1.2702,1.2719,1.26984,1.27037,11238
1706529600,1.27037,1.27129,1.2683200000000001,1.26933,11768
1706544000,1.2693400000000001,1.2695699999999999,1.2662200000000001,1.2683200000000001,14048
1706558400,1.26834,1.2717399999999999,1.26767,1.27102,9254
1706572800,1.27055,1.2721,1.27041,1.27108,6203
1706587200,1.27108,1.2713700000000001,1.27037,1.27055,5910
1706601600,1.2705600000000001,1.27089,1.2671299999999999,1.26809,13237
1706616000,1.26809,1.26837,1.26626,1.2675,11928
1706630400,1.2675100000000001,1.26891,1.264,1.2680799999999999,20674
1706644800,1.26807,1.26999,1.26734,1.2699500000000001,7914
1706659200,1.26836,1.27003,1.26826,1.26843,7304
1706673600,1.26843,1.26843,1.26725,1.26776,8112
1706688000,1.26776,1.26973,1.26666,1.26698,13396
1706702400,1.26698,1.27125,1.26671,1.27055,17318
1706716800,1.2705600000000001,1.27505,1.27004,1.27184,28789
1706731200,1.27184,1.27392,1.26578,1.26862,30427
1706745600,1.26754,1.26884,1.26738,1.26795,7745
1706760000,1.26792,1.26977,1.26676,1.26676,8479
1706774400,1.26678,1.26741,1.26421,1.26559,15805
1706788800,1.2656,1.26857,1.26251,1.2659,20315
1706803200,1.26589,1.2739500000000001,1.26396,1.2736100000000001,28898
1706817600,1.2736,1.27557,1.27279,1.27437,12404
1706832000,1.2742200000000001,1.27548,1.2738800000000001,1.27458,6845
1706846400,1.27458,1.27542,1.2743,1.27494,8007
1706860800,1.27494,1.27676,1.2742200000000001,1.27576,13727
1706875200,1.27576,1.27721,1.26684,1.2671299999999999,17174
1706889600,1.26711,1.26734,1.2613699999999999,1.26183,26316
1706904000,1.26182,1.2643499999999999,1.26158,1.26333,10626
1707091200,1.26277,1.26318,1.2598799999999999,1.2610999999999999,10596
1707105600,1.2610999999999999,1.2614,1.25986,1.26114,10206
1707120000,1.26114,1.26295,1.26002,1.26009,13523
1707134400,1.2600799999999999,1.26033,1.25498,1.2552699999999999,13460
1707148800,1.25526,1.25616,1.2518,1.25359,18000
1707163200,1.25358,1.25439,1.2526,1.25359,8552
1707177600,1.25332,1.2548300000000001,1.25259,1.25467,5716
1707192000,1.25467,1.25569,1.25391,1.25522,9939
1707206400,1.25522,1.25654,1.25399,1.2542200000000001,14848
1707220800,1.25419,1.25721,1.25362,1.2563900000000001,15795
1707235200,1.2563900000000001,1.25995,1.25583,1.25948,21931
1707249600,1.25948,1.2603,1.25871,1.25977,12671
1707264000,1.25934,1.2612700000000001,1.25889,1.26104,6759
1707278400,1.26104,1.26123,1.2598099999999999,1.26057,8131
1707292800,1.26055,1.26373,1.25989,1.26331,14158
1707307200,1.26331,1.26399,1.26204,1.26253,11978
1707321600,1.26254,1.26418,1.2616100000000001,1.2623,21202
1707336000,1.2622900000000001,1.26343,1.26199,1.26277,9980
1707350400,1.26233,1.2636,1.2622,1.26334,6337
1707364800,1.26333,1.26386,1.26269,1.26305,7695
1707379200,1.26307,1.26366,1.26128,1.26306,15074
1707393600,1.26309,1.26345,1.25715,1.2581,16213
1707408000,1.25799,1.26228,1.25784,1.26175,19447
1707422400,1.26175,1.26292,1.26116,1.26196,9873
1707436800,1.26116,1.26214,1.26048,1.26186,4541
1707451200,1.26185,1.26224,1.26113,1.26146,5381
1707465600,1.26146,1.26349,1.26062,1.26108,12091
1707480000,1.26108,1.2635100000000001,1.25991,1.26202,16900
1707494400,1.2619799999999999,1.26431,1.26158,1.26298,17541
1707508800,1.26299,1.26375,1.2624900000000001,1.263,6264
1707696000,1.26199,1.2643900000000001,1.2619099999999999,1.26355,6109
1707710400,1.2636,1.2638,1.26263,1.26292,3177
1707724800,1.26294,1.26544,1.26175,1.26213,12154
1707739200,1.26211,1.26257,1.26062,1.26095,12562
1707753600,1.26095,1.26397,1.26094,1.26394,13454
1707768000,1.26394,1.26404,1.2621,1.26278,10497
1707782400,1.2624,1.26292,1.26181,1.26207,4744
1707796800,1.26206,1.26207,1.26088,1.2615,4996
1707811200,1.2615,1.26556,1.26146,1.26546,13264
1707825600,1.26546,1.26905,1.25897,1.25927,18608
1707840000,1.25926,1.26081,1.25757,1.25997,24954
1707854400,1.26,1.26033,1.25729,1.25915,9688
1707868800,1.2586,1.2599,1.25842,1.25969,7307
1707883200,1.25968,1.26051,1.2592400000000001,1.26025,10014
1707897600,1.26026,1.2610999999999999,1.25357,1.25392,18779
1707912000,1.25393,1.25682,1.25353,1.25572,16305
1707926400,1.25572,1.25655,1.25396,1.25645,19718
1707940800,1.25645,1.25704,1.25568,1.25651,9995
1707955200,1.25582,1.25736,1.2555,1.25627,5249
1707969600,1.25627,1.25696,1.2558500000000001,1.25651,5265
1707984000,1.25647,1.25732,1.25419,1.25545,13473
1707998400,1.25543,1.2576,1.25417,1.25698,16093
1708012800,1.25696,1.25966,1.2560799999999999,1.25864,20529
1708027200,1.25865,1.26017,1.25842,1.26006,10835
1708041600,1.25868,1.26051,1.25797,1.25882,5993
1708056000,1.2588300000000001,1.25888,1.2577099999999999,1.25823,7231
1708070400,1.2582499999999999,1.26057,1.25744,1.25858,14241
1708084800,1.25858,1.2601,1.25506,1.25666,15768
1708099200,1.2567,1.26082,1.25533,1.26077,21784
1708113600,1.2607599999999999,1.26243,1.25971,1.2600500000000001,11064
1708300800,1.25994,1.2627,1.25932,1.26143,8349
1708315200,1.26142,1.26211,1.26113,1.2619,6322
1708329600,1.2619,1.26296,1.26071,1.26148,10476
1708344000,1.26148,1.26219,1.2598099999999999,1.25996,11818
1708358400,1.25995,1.26004,1.25834,1.25913,8104
1708372800,1.25913,1.2600799999999999,1.259,1.25984,1943
1708387200,1.25872,1.2596,1.25811,1.25841,8342
1708401600,1.25843,1.25891,1.25792,1.25818,7386
1708416000,1.25818,1.2606600000000001,1.25806,1.26029,15254
1708430400,1.2603,1.26458,1.25869,1.26428,19324
1708444800,1.26427,1.26685,1.2629299999999999,1.2635100000000001,20486
1708459200,1.2635,1.2635,1.26165,1.26216,8979
1708473600,1.26186,1.2628,1.26178,1.26274,6988
1708488000,1.26274,1.26373,1.26274,1.26336,9656
1708502400,1.26337,1.26352,1.26024,1.2612,16032
1708516800,1.26119,1.26308,1.26079,1.26239,14946
1708531200,1.26237,1.26346,1.26054,1.26159,15964
1708545600,1.26159,1.26416,1.26056,1.26357,12668
1708560000,1.26324,1.2646899999999999,1.26305,1.26395,5793
1708574400,1.26395,1.26484,1.26309,1.26449,6365
1708588800,1.26449,1.27092,1.26445,1.26755,17481
1708603200,1.26756,1.26901,1.26261,1.26284,15887
1708617600,1.26284,1.2659799999999999,1.26115,1.26563,21826
1708632000,1.2656399999999999,1.26648,1.2644199999999999,1.26606,9962
1708646400,1.26541,1.26664,1.26479,1.26626,7950
1708660800,1.26626,1.26662,1.26574,1.26619,7915
1708675200,1.26619,1.26769,1.2649,1.26562,15485
1708689600,1.26563,1.2701,1.26562,1.26936,16704
1708704000,1.26935,1.27003,1.26655,1.2678099999999999,17733
1708718400,1.26782,1.26862,1.26664,1.26697,7879
1708905600,1.26712,1.26752,1.26606,1.26618,5664
1708920000,1.26618,1.26698,1.2656399999999999,1.26667,7110
1708934400,1.26667,1.2681200000000001,1.26626,1.26794,12813
1708948800,1.26795,1.26996,1.26732,1.26971,13232
1708963200,1.26972,1.26986,1.2671999999999999,1.26761,14864
1708977600,1.26763,1.26883,1.26708,1.26848,5986
1708992000,1.26784,1.26864,1.2674699999999999,1.26789,5646
1709006400,1.2679,1.2687,1.26739,1.26798,7251
1709020800,1.268,1.2697,1.2678,1.26891,11817
1709035200,1.26891,1.26953,1.26711,1.26819,15948
1709049600,1.26818,1.26952,1.26605,1.26855,17318
1709064000,1.26855,1.26942,1.26775,1.2686,8662
1709078400,1.2678099999999999,1.26864,1.26727,1.26762,6356
1709092800,1.2676,1.2678,1.26571,1.2659,6294
1709107200,1.2659,1.26624,1.26235,1.26248,12941
1709121600,1.26246,1.26577,1.26214,1.26432,16109
1709136000,1.2643499999999999,1.26736,1.26362,1.266,16850
1709150400,1.266,1.26638,1.26509,1.26607,6997
1709164800,1.26514,1.26668,1.26514,1.26592,7653
1709179200,1.26593,1.26711,1.26581,1.26665,9604
1709193600,1.26668,1.26743,1.26522,1.26664,15938
1709208000,1.26665,1.26742,1.2635100000000001,1.26525,20214
1709222400,1.26523,1.26818,1.26149,1.26174,20362
1709236800,1.26174,1.26276,1.26123,1.26242,9479
1709251200,1.26159,1.26345,1.26143,1.26342,6192
1709265600,1.26342,1.26356,1.26243,1.2626,5237
1709280000,1.26261,1.26414,1.2624900000000001,1.26301,11234
1709294400,1.26303,1.2647,1.26173,1.26305,16446
1709308800,1.26305,1.2659500000000001,1.25996,1.2656100000000001,21825
1709323200,1.2656100000000001,1.26638,1.26487,1.26551,8830
1709510400,1.26497,1.26666,1.26449,1.26597,5597
1709524800,1.26596,1.26668,1.26559,1.26624,4617
1709539200,1.26624,1.268,1.26609,1.26777,12871
1709553600,1.2677800000000001,1.26837,1.26658,1.26777,12313
1709568000,1.26777,1.27063,1.26727,1.26963,14951
1709582400,1.26962,1.26979,1.26855,1.26908,7061
1709596800,1.26858,1.26948,1.26849,1.26901,5695
1709611200,1.26901,1.26909,1.26811,1.2683200000000001,6483
1709625600,1.26833,1.26886,1.26711,1.26856,12200
1709640000,1.26856,1.26926,1.26741,1.26911,13643
1709654400,1.26912,1.27346,1.26868,1.27111,22063
1709668800,1.27111,1.2711299999999999,1.2696,1.27046,9147
1709683200,1.26984,1.2708,1.26901,1.2692700000000001,7436
1709697600,1.26928,1.27066,1.26915,1.27037,6315
1709712000,1.27037,1.27316,1.27026,1.27306,13946
1709726400,1.27306,1.27306,1.27051,1.2724199999999999,13958
1709740800,1.2724199999999999,1.27613,1.27165,1.27441,19818
1709755200,1.27442,1.2753700000000001,1.27252,1.27292,12158
1709769600,1.27312,1.27398,1.2726,1.27302,8605
1709784000,1.27299,1.27405,1.2723,1.27336,7600
1709798400,1.27336,1.27515,1.2729300000000001,1.27501,13808
1709812800,1.27501,1.27625,1.27445,1.27519,16314
1709827200,1.27518,1.27981,1.2749,1.27921,20107
1709841600,1.27921,1.28111,1.27918,1.28092,8160
1709856000,1.28027,1.28199,1.28004,1.28092,6131
1709870400,1.28092,1.2812299999999999,1.28039,1.28098,5863
1709884800,1.28098,1.28293,1.28009,1.28277,12661
1709899200,1.2827600000000001,1.28936,1.28229,1.28639,17770
1709913600,1.28638,1.28864,1.28431,1.2848899999999999,25556
1709928000,1.28488,1.28587,1.2839800000000001,1.2857,10810
1710115200,1.28522,1.28607,1.28475,1.2856,6208
1710129600,1.28559,1.2861799999999999,1.28454,1.28513,5879
1710144000,1.28513,1.28578,1.28315,1.2836400000000001,11799
1710158400,1.2836400000000001,1.28539,1.2824200000000001,1.2824200000000001,15741
1710172800,1.2824200000000001,1.283,1.27948,1.28068,17897
1710187200,1.28068,1.28133,1.27997,1.28131,11561
1710201600,1.2802799999999999,1.28221,1.28002,1.28165,4653
1710216000,1.28166,1.28226,1.28138,1.2819,7468
1710230400,1.2819,1.28235,1.27758,1.2786,10980
1710244800,1.2786,1.28076,1.27512,1.27714,18069
1710259200,1.27715,1.27893,1.27459,1.27783,25731
1710273600,1.27782,1.2795,1.2770299999999999,1.2794699999999999,12122
1710288000,1.27871,1.27981,1.27826,1.2793999999999999,5221
1710302400,1.2793999999999999,1.2799,1.27895,1.27907,8911
1710316800,1.27907,1.28007,1.2775699999999999,1.2793,14767
1710331200,1.2793,1.2808899999999999,1.27742,1.28003,15500
1710345600,1.28003,1.2806199999999999,1.27871,1.27973,18816
1710360000,1.27972,1.2811,1.27905,1.27973,9908
1710374400,1.27955,1.28044,1.27911,1.28,5996
1710388800,1.28,1.28046,1.27868,1.27917,8253
1710403200,1.27918,1.28169,1.2788,1.28073,11175
1710417600,1.28073,1.28227,1.2781500000000001,1.2795,16397
1710432000,1.27951,1.27965,1.27305,1.27482,27948
1710446400,1.27482,1.27576,1.27426,1.27519,10439
1710460800,1.27516,1.27549,1.27339,1.27365,5356
1710475200,1.2736100000000001,1.27421,1.27298,1.27389,8432
1710489600,1.27389,1.27453,1.27329,1.27385,11362
1710504000,1.27385,1.27589,1.27363,1.27484,14742
1710518400,1.27484,1.27575,1.27292,1.27304,19376
1710532800,1.2730299999999999,1.27407,1.27249,1.2735699999999999,9602
1710720000,1.27267,1.27377,1.27247,1.27312,3422
1710734400,1.27311,1.2738,1.27257,1.27313,4959
1710748800,1.27311,1.27465,1.27288,1.27453,7714
1710763200,1.27453,1.27467,1.27272,1.2735699999999999,11468
1710777600,1.27358,1.27381,1.27188,1.27263,16579
1710792000,1.27263,1.27318,1.27176,1.27275,7762
1710806400,1.27311,1.27318,1.2719,1.2720099999999999,5366
1710820800,1.272,1.27287,1.27125,1.27177,11125
1710835200,1.27176,1.27188,1.26837,1.26894,15486
1710849600,1.26894,1.27088,1.26675,1.26992,16452
1710864000,1.2699099999999999,1.27261,1.2694,1.27255,13495
1710878400,1.27255,1.27328,1.27188,1.2720799999999999,8461
1710892800,1.27217,1.27229,1.27102,1.2717399999999999,4831
1710907200,1.27169,1.27248,1.27139,1.27189,7237
1710921600,1.27187,1.27297,1.26958,1.27033,12410
1710936000,1.27033,1.27042,1.26845,1.26939,12159
1710950400,1.26938,1.27192,1.2686600000000001,1.27183,12747
1710964800,1.27183,1.27872,1.27126,1.27859,25195
1710979200,1.27854,1.27983,1.27816,1.27941,7011
1710993600,1.27942,1.28026,1.27891,1.27893,10499
1711008000,1.27895,1.2803499999999999,1.27621,1.27652,15265
1711022400,1.2766199999999999,1.27848,1.27252,1.2735400000000001,19453
1711036800,1.27355,1.27362,1.26583,1.26646,22460
1711051200,1.26646,1.26707,1.26505,1.2656,9968
1711065600,1.26579,1.26745,1.26522,1.26735,4596
1711080000,1.26734,1.2675,1.26342,1.26419,10947
1711094400,1.26419,1.26453,1.25847,1.2597800000000001,13659
1711108800,1.2597800000000001,1.26211,1.25751,1.26196,15173
1711123200,1.26196,1.2624,1.25935,1.2595,17861
1711137600,1.25949,1.26006,1.25855,1.2599,6745
1711324800,1.25948,1.26018,1.25868,1.25948,5765
1711339200,1.25949,1.26173,1.25948,1.26056,8029
1711353600,1.26057,1.2617099999999999,1.2595,1.26085,9332
1711368000,1.26086,1.26465,1.25995,1.26383,11464
1711382400,1.26382,1.26525,1.26363,1.26389,12211
1711396800,1.2639,1.26423,1.2635100000000001,1.26365,6235
1711411200,1.26368,1.26431,1.26326,1.26423,4056
1711425600,1.26424,1.26472,1.26361,1.26419,8442
1711440000,1.26418,1.2658800000000001,1.26399,1.26495,8590
1711454400,1.2649599999999999,1.26677,1.2637399999999999,1.26396,13453
1711468800,1.26396,1.26491,1.26215,1.2629299999999999,16230
1711483200,1.26292,1.26352,1.26227,1.26275,6698
1711497600,1.26288,1.26303,1.26176,1.26216,4850
1711512000,1.26214,1.26228,1.26084,1.26175,9208
1711526400,1.26175,1.26318,1.26125,1.26217,11986
1711540800,1.26218,1.26382,1.26077,1.26163,14796
1711555200,1.2616100000000001,1.26331,1.26053,1.26308,14407
1711569600,1.26307,1.2640799999999999,1.26241,1.26401,6992
1711584000,1.26309,1.26391,1.26109,1.26258,4914
1711598400,1.26258,1.2634400000000001,1.26202,1.26307,6381
1711612800,1.26308,1.26369,1.26034,1.26061,8813
1711627200,1.26061,1.26422,1.25854,1.2640500000000001,13565
1711641600,1.26403,1.26543,1.26211,1.2634,19580
1711656000,1.26338,1.2637,1.26151,1.26211,8588
1711670400,1.2622900000000001,1.26284,1.26154,1.26255,7171
1711684800,1.2625600000000001,1.26306,1.26159,1.26226,5289
1711699200,1.26227,1.26261,1.2616399999999999,1.26258,3457
1711713600,1.26258,1.26367,1.26091,1.2633,3883
1711728000,1.26331,1.26448,1.26284,1.2628599999999999,3760
1711742400,1.2628599999999999,1.26287,1.2615,1.26236,1533
1711929600,1.2624,1.26418,1.262,1.26346,6424
1711944000,1.26345,1.26386,1.26253,1.26295,6854
1711958400,1.26295,1.26314,1.26158,1.26224,7873
1711972800,1.26224,1.26243,1.26024,1.2612,8661
1711987200,1.2612,1.2613400000000001,1.25393,1.25454,16445
1712001600,1.25453,1.25513,1.25418,1.2551,7766
1712016000,1.25505,1.2554,1.25409,1.25469,5397
1712030400,1.25469,1.25489,1.2540499999999999,1.25444,5693
1712044800,1.25444,1.2564600000000001,1.25392,1.25617,12854
1712059200,1.25618,1.2576399999999999,1.25541,1.25566,12675
1712073600,1.25564,1.25775,1.2551999999999999,1.25714,17780
1712088000,1.25715,1.25784,1.2566,1.25774,5629
1712102400,1.25765,1.25814,1.25698,1.25724,5635
1712116800,1.25724,1.25828,1.25666,1.25785,6673
1712131200,1.25785,1.2582499999999999,1.2562,1.2577,10145
1712145600,1.25769,1.25881,1.25671,1.25728,14782
1712160000,1.25729,1.26508,1.25672,1.26456,22398
1712174400,1.26457,1.26556,1.26395,1.26519,9006
1712188800,1.26479,1.26559,1.2644199999999999,1.26521,4702
1712203200,1.26521,1.26554,1.26463,1.26519,5272
1712217600,1.2652,1.26696,1.26505,1.2663,10749
1712232000,1.2662900000000001,1.26696,1.26474,1.26684,11632
1712246400,1.26684,1.26834,1.26613,1.26657,13455
1712260800,1.26657,1.26699,1.26348,1.26429,13404
1712275200,1.26363,1.26483,1.26342,1.2647,7204
1712289600,1.2647,1.26474,1.26211,1.26253,8912
1712304000,1.26253,1.26403,1.26138,1.26367,10882
1712318400,1.26366,1.26447,1.25821,1.2594699999999999,15182
1712332800,1.25946,1.26352,1.25739,1.2634400000000001,24382
1712347200,1.26345,1.2640500000000001,1.26311,1.26375,9899
1712534400,1.2624,1.2634,1.26143,1.2616,4766
1712548800,1.26159,1.26395,1.26155,1.26291,10884
1712563200,1.2629299999999999,1.2634400000000001,1.26183,1.26216,11758
1712577600,1.26216,1.26359,1.26131,1.26262,11140
1712592000,1.26262,1.2656,1.26262,1.26484,16780
1712606400,1.26484,1.2664,1.26465,1.26545,8564
1712620800,1.26517,1.26597,1.26446,1.26536,4997
1712635200,1.26538,1.26615,1.2652,1.26563,8224
1712649600,1.26563,1.26642,1.26483,1.26603,8607
1712664000,1.26604,1.27033,1.2656800000000001,1.26965,13039
1712678400,1.26966,1.27093,1.26663,1.26695,18871
1712692800,1.26694,1.26797,1.2662499999999999,1.26779,9142
1712707200,1.26784,1.26784,1.26665,1.26749,3902
1712721600,1.26749,1.26785,1.26685,1.26772,7272
1712736000,1.26772,1.26946,1.26727,1.26943,9240
1712750400,1.26943,1.27077,1.2595100000000001,1.26111,15531
1712764800,1.26111,1.2612,1.25198,1.2533699999999999,29880
1712779200,1.2533699999999999,1.25535,1.2521499999999999,1.2539799999999999,17586
1712793600,1.25332,1.25415,1.25292,1.25369,7986
1712808000,1.2537099999999999,1.25495,1.25357,1.25471,8655
1712822400,1.25473,1.25695,1.25322,1.25501,15785
1712836800,1.25504,1.25722,1.25236,1.25667,19635
1712851200,1.25667,1.25783,1.25105,1.2536800000000001,25186
1712865600,1.25367,1.25635,1.25329,1.25531,11798
1712880000,1.2555100000000001,1.25567,1.25492,1.25549,4817
1712894400,1.25549,1.25587,1.25365,1.25373,7398
1712908800,1.25373,1.25441,1.25052,1.25077,13147
1712923200,1.25078,1.25115,1.24508,1.2454,17498
1712937600,1.24539,1.24659,1.24264,1.24488,29002
1712952000,1.24489,1.24618,1.24424,1.24498,13607
1713139200,1.24362,1.2463,1.24325,1.24519,8966
1713153600,1.24519,1.24645,1.24404,1.24602,14996
1713168000,1.24603,1.24871,1.24576,1.24815,16014
1713182400,1.24816,1.24983,1.24508,1.2479,16474
1713196800,1.24796,1.24959,1.24445,1.24572,24191
1713211200,1.24571,1.24622,1.24354,1.24442,14727
1713225600,1.24404,1.24493,1.24346,1.24373,5715
1713240000,1.24372,1.24386,1.242,1.24329,11042
1713254400,1.24329,1.24485,1.24081,1.24365,16060
1713268800,1.24366,1.2471700000000001,1.24365,1.24603,15686
1713283200,1.24604,1.24673,1.24269,1.24352,26587
1713297600,1.24354,1.24508,1.24051,1.24252,21542
1713312000,1.24258,1.2432400000000001,1.24226,1.24291,6105
1713326400,1.24289,1.24397,1.24246,1.24292,9308
1713340800,1.24292,1.24816,1.24166,1.24711,17303
1713355200,1.24711,1.24765,1.24458,1.24502,13959
1713369600,1.24503,1.2469000000000001,1.24238,1.24284,25521
1713384000,1.24284,1.24652,1.2426300000000001,1.24545,16844
1713398400,1.24524,1.24583,1.2447,1.24526,6684
1713412800,1.24525,1.24712,1.24489,1.24701,8948
1713427200,1.24702,1.24844,1.24621,1.2474,12884
1713441600,1.2474,1.2482,1.24468,1.24584,15104
1713456000,1.24585,1.2468,1.2436,1.24482,23120
1713470400,1.24482,1.24499,1.24332,1.24352,14428
1713484800,1.24373,1.24395,1.24259,1.2427,5789
1713499200,1.2427,1.24294,1.23886,1.24191,26772
1713513600,1.2419,1.24514,1.24029,1.24402,19792
1713528000,1.24403,1.24632,1.24291,1.24486,17051
1713542400,1.24484,1.2468,1.23723,1.23896,23077
1713556800,1.23896,1.2393399999999999,1.23664,1.2370700000000001,14695
1713744000,1.23706,1.23845,1.23644,1.23723,6641
1713758400,1.23723,1.23919,1.23722,1.23859,7525
1713772800,1.2386,1.2387,1.23505,1.23655,12983
1713787200,1.23653,1.23668,1.23089,1.23111,16761
1713801600,1.23112,1.23467,1.22992,1.23466,16191
1713816000,1.23466,1.23616,1.23451,1.23518,8274
1713830400,1.23466,1.23555,1.23466,1.23542,3385
1713844800,1.23542,1.23583,1.23472,1.23513,8400
1713859200,1.23512,1.23883,1.23312,1.23698,14970
1713873600,1.23698,1.24062,1.23453,1.23912,15030
1713888000,1.2391,1.24581,1.23807,1.24444,23543
1713902400,1.2444600000000001,1.24581,1.24443,1.24501,9026
1713916800,1.24423,1.24598,1.24403,1.24583,5238
1713931200,1.24582,1.24643,1.24526,1.24546,8042
1713945600,1.24546,1.24567,1.24223,1.24261,10230
1713960000,1.2426300000000001,1.2447300000000001,1.24248,1.24413,12229
1713974400,1.24413,1.24549,1.2426300000000001,1.2446,18058
1713988800,1.24461,1.24696,1.2445599999999999,1.24632,8940
1714003200,1.24547,1.24646,1.24518,1.24616,4862
1714017600,1.24617,1.24682,1.2454,1.2467,9399
1714032000,1.2467,1.25229,1.24662,1.25209,13382
1714046400,1.25209,1.25251,1.24663,1.24779,16559
1714060800,1.24786,1.25168,1.24564,1.25145,27135
1714075200,1.25148,1.25225,1.25035,1.25121,13299
1714089600,1.25143,1.2515399999999999,1.24996,1.25047,5498
1714104000,1.25047,1.25084,1.24936,1.2500499999999999,8289
1714118400,1.2500499999999999,1.25408,1.24967,1.25268,15365
1714132800,1.25268,1.25403,1.24963,1.2508,18417
1714147200,1.25082,1.25177,1.24488,1.24868,22097
1714161600,1.24869,1.25037,1.2485,1.24922,7894
1714348800,1.24748,1.25166,1.24705,1.2515,4515
1714363200,1.2515,1.2548,1.25121,1.25419,12049
1714377600,1.25419,1.25473,1.25121,1.25184,18625
1714392000,1.25184,1.25437,1.25072,1.25294,13103
1714406400,1.25293,1.25691,1.25141,1.25628,16079
1714420800,1.25628,1.25692,1.25516,1.25613,8347
1714435200,1.25562,1.2563900000000001,1.2552699999999999,1.2554699999999999,3503
1714449600,1.25546,1.2558,1.25419,1.25452,6749
1714464000,1.25453,1.2546,1.25236,1.2539,10397
1714478400,1.25396,1.2554400000000001,1.2502,1.2518099999999999,17637
1714492800,1.25184,1.25399,1.25009,1.25069,27863
1714507200,1.25067,1.25119,1.24895,1.24915,10445
1714521600,1.24854,1.24966,1.24809,1.24856,5609
1714536000,1.24856,1.24892,1.2472,1.24773,4444
1714550400,1.24773,1.24978,1.24659,1.24976,8633
1714564800,1.24976,1.24981,1.24758,1.24875,11516
1714579200,1.2487,1.24981,1.24772,1.24803,20153
1714593600,1.24805,1.25498,1.24783,1.25288,30673
1714608000,1.25169,1.254,1.25136,1.25271,7852
1714622400,1.25271,1.25391,1.25202,1.25336,9057
1714636800,1.25336,1.25442,1.25115,1.25207,17856
1714651200,1.25207,1.25324,1.25048,1.25146,18450
1714665600,1.25149,1.25213,1.24714,1.25159,26758
1714680000,1.25159,1.25387,1.25138,1.2536,11908
1714694400,1.25236,1.25452,1.25201,1.25437,5629
1714708800,1.25435,1.25567,1.25421,1.25473,8046
1714723200,1.25473,1.25624,1.2539,1.25592,12680
1714737600,1.25593,1.26334,1.25511,1.26056,18875
1714752000,1.26052,1.26099,1.25291,1.25424,33523
1714766400,1.25426,1.25543,1.2539,1.25462,9685
1714953600,1.25377,1.25528,1.25377,1.25503,4587
1714968000,1.25503,1.25565,1.2542900000000001,1.25433,6419
1714982400,1.2543,1.25817,1.25418,1.25811,9593
1714996800,1.2581,1.2594,1.25717,1.25909,11300
1715011200,1.25909,1.25918,1.2557800000000001,1.25635,12226
1715025600,1.25635,1.25692,1.25575,1.25624,6500
1715040000,1.25592,1.25689,1.25556,1.25682,4829
1715054400,1.25683,1.25706,1.25487,1.25526,7529
1715068800,1.2552699999999999,1.2556,1.25314,1.2539500000000001,12427
1715083200,1.25394,1.25545,1.25291,1.25532,11850
1715097600,1.25534,1.25644,1.25254,1.25264,13678
1715112000,1.25266,1.2527,1.25007,1.25087,8684
1715126400,1.25026,1.25119,1.24946,1.24955,4403
1715140800,1.24956,1.24969,1.24838,1.24867,9381
1715155200,1.24867,1.24928,1.24675,1.2475,10958
1715169600,1.2475,1.25007,1.24738,1.24796,12147
1715184000,1.24796,1.25046,1.24729,1.24976,14532
1715198400,1.24975,1.25016,1.24924,1.24966,6720
1715212800,1.24908,1.2500200000000001,1.2486,1.24898,3897
1715227200,1.24897,1.25016,1.24878,1.24916,8767
1715241600,1.24916,1.24931,1.2469999999999999,1.24729,9080
1715256000,1.24729,1.25112,1.24457,1.25022,19821
1715270400,1.25022,1.25223,1.24879,1.25139,17561
1715284800,1.2514,1.25266,1.25115,1.25236,7794
1715299200,1.25164,1.25296,1.25143,1.25198,4485
1715313600,1.25198,1.25245,1.25119,1.25149,7493
1715328000,1.2515,1.2541,1.25143,1.25321,14435
1715342400,1.25325,1.25357,1.2515800000000001,1.25221,13402
1715356800,1.25221,1.25372,1.25023,1.25343,17784
1715371200,1.25343,1.25356,1.25227,1.25237,6781
1715558400,1.25119,1.25274,1.2511700000000001,1.2521,4590
1715572800,1.25211,1.25284,1.25171,1.25244,10767
1715587200,1.25244,1.25353,1.25173,1.25329,12438
1715601600,1.25329,1.25573,1.25257,1.25556,13888
1715616000,1.25557,1.25685,1.2546599999999999,1.2561,18341
1715630400,1.2561,1.25634,1.2552699999999999,1.2559,8861
1715644800,1.25582,1.2562,1.25533,1.25572,4383
1715659200,1.25572,1.25594,1.25528,1.2554,9778
1715673600,1.25541,1.25632,1.25092,1.25284,15542
1715688000,1.25282,1.25645,1.25198,1.2553,17521
1715702400,1.25529,1.25926,1.25485,1.2585,21182
1715716800,1.2585,1.2591999999999999,1.25812,1.25904,6501
1715731200,1.2582499999999999,1.25915,1.2582499999999999,1.25882,3549
1715745600,1.25882,1.25993,1.25874,1.2593,5411
1715760000,1.25931,1.26138,1.25866,1.26122,11523
1715774400,1.26122,1.26701,1.26029,1.26448,18143
1715788800,1.26448,1.26768,1.26141,1.2674,24455
1715803200,1.2674,1.2686,1.26716,1.26848,8798
1715817600,1.2679,1.27005,1.26772,1.26992,5267
1715832000,1.26992,1.26992,1.26831,1.26874,10142
1715846400,1.26875,1.26885,1.26691,1.26743,12354
1715860800,1.26743,1.26753,1.26522,1.26544,14108
1715875200,1.26544,1.26799,1.26432,1.26729,16242
1715889600,1.26728,1.26767,1.26671,1.26696,6823
1715904000,1.26676,1.26724,1.26612,1.26646,4093
1715918400,1.26645,1.26651,1.26521,1.2655,7844
1715932800,1.26551,1.26696,1.26447,1.26491,11100
1715947200,1.26492,1.26613,1.26452,1.26594,10128
1715961600,1.2659500000000001,1.27085,1.2659500000000001,1.27008,15534
1715976000,1.27008,1.27115,1.27,1.27003,6363
1716163200,1.26905,1.27082,1.26863,1.27048,3695
1716177600,1.2704900000000001,1.27109,1.27002,1.2707899999999999,6764
1716192000,1.27078,1.27089,1.26888,1.27047,11279
1716206400,1.27047,1.27055,1.26922,1.2696100000000001,11702
1716220800,1.26958,1.27182,1.2695699999999999,1.27177,14330
1716235200,1.27177,1.27253,1.27042,1.27057,5633
1716249600,1.27012,1.2711299999999999,1.27012,1.27092,3235
1716264000,1.27091,1.27116,1.26969,1.27099,7627
1716278400,1.271,1.2720500000000001,1.27037,1.27108,11010
1716292800,1.27108,1.27236,1.27058,1.2707600000000001,11386
1716307200,1.2707600000000001,1.27265,1.26861,1.27072,20104
1716321600,1.2707,1.27156,1.2701500000000001,1.27077,6450
1716336000,1.27041,1.2716,1.27039,1.27133,3268
1716350400,1.27127,1.27228,1.27087,1.27095,8195
1716364800,1.27095,1.27611,1.2707600000000001,1.27282,13828
1716379200,1.27282,1.27338,1.27,1.27264,14863
1716393600,1.27263,1.27475,1.27209,1.27438,17733
1716408000,1.27437,1.27502,1.27101,1.2717800000000001,13919
1716422400,1.27148,1.27241,1.27148,1.27198,5170
1716436800,1.27198,1.27317,1.27168,1.27257,7110
1716451200,1.27257,1.2738399999999999,1.2716,1.2720500000000001,15149
1716465600,1.27204,1.27445,1.27048,1.27318,15026
1716480000,1.27319,1.27464,1.27005,1.27123,25403
1716494400,1.27122,1.27124,1.26852,1.2698,12852
1716508800,1.26907,1.2699500000000001,1.2689300000000001,1.26942,4864
1716523200,1.26941,1.26978,1.26872,1.26917,6251
1716537600,1.26916,1.2707,1.2674,1.27047,12910
1716552000,1.27045,1.27248,1.27031,1.27204,12899
1716566400,1.27204,1.27507,1.2717399999999999,1.27338,18942
1716580800,1.27337,1.2746,1.2732,1.27358,7249
1716768000,1.27317,1.2743,1.27317,1.27381,2940
1716782400,1.27382,1.27433,1.27378,1.2742200000000001,3605
1716796800,1.2742200000000001,1.2747,1.27338,1.2741799999999999,7001
1716811200,1.2741799999999999,1.27583,1.27416,1.27565,9063
1716825600,1.27565,1.27774,1.27546,1.27694,8441
1716840000,1.27695,1.27716,1.27674,1.27684,3638
1716854400,1.27692,1.27759,1.2765900000000001,1.27711,3997
1716868800,1.27711,1.27831,1.27702,1.27746,7656
1716883200,1.27746,1.27808,1.27623,1.27687,11080
1716897600,1.27687,1.27942,1.27636,1.27921,11759
1716912000,1.27921,1.28004,1.27705,1.27763,18739
1716926400,1.2776,1.27778,1.27538,1.27607,11546
1716940800,1.27596,1.2764,1.2752,1.27538,5934
1716955200,1.27539,1.27594,1.27464,1.27518,8367
1716969600,1.27518,1.27715,1.27485,1.27556,14783
1716984000,1.27557,1.27644,1.27353,1.27443,14970
1716998400,1.27447,1.27458,1.27048,1.27165,21782
1717012800,1.27165,1.27169,1.26989,1.27001,10019
1717027200,1.27017,1.2705899999999999,1.26901,1.26932,5742
1717041600,1.26933,1.27027,1.26898,1.26952,8638
1717056000,1.26951,1.27148,1.26807,1.2711999999999999,14974
1717070400,1.2711999999999999,1.27277,1.2703,1.2724199999999999,15483
1717084800,1.2724199999999999,1.2747,1.27176,1.2741,19750
1717099200,1.2741,1.27437,1.2726,1.27321,8471
1717113600,1.27282,1.27337,1.27263,1.27302,5687
1717128000,1.27302,1.2732,1.27149,1.2721,8758
1717142400,1.27211,1.27233,1.26999,1.27094,13619
1717156800,1.27094,1.27504,1.27068,1.27464,17332
1717171200,1.27464,1.27658,1.2717399999999999,1.2729599999999999,24734
1717185600,1.2729599999999999,1.27465,1.27241,1.2742200000000001,10327
1717372800,1.27336,1.27554,1.27289,1.27536,4901
1717387200,1.27535,1.27557,1.27377,1.27431,7308
1717401600,1.2743,1.27433,1.27038,1.27043,15625
1717416000,1.27044,1.2735699999999999,1.26941,1.27308,17115
1717430400,1.27309,1.27939,1.27297,1.27789,24228
1717444800,1.27787,1.28065,1.27751,1.28063,10289
1717459200,1.2803200000000001,1.28174,1.27994,1.28117,5040
1717473600,1.28117,1.28124,1.28037,1.28092,6779
1717488000,1.28092,1.28124,1.27733,1.27765,17249
1717502400,1.27765,1.27786,1.27427,1.27646,20708
1717516800,1.27646,1.27915,1.27587,1.27863,25373
1717531200,1.27863,1.2797,1.2767,1.27694,12560
1717545600,1.2763499999999999,1.27772,1.2763499999999999,1.27753,4894
1717560000,1.27752,1.27806,1.27697,1.27738,8347
1717574400,1.27738,1.27826,1.27644,1.27746,12001
1717588800,1.27746,1.27943,1.27665,1.27922,12668
1717603200,1.27922,1.27951,1.2755,1.27774,23172
1717617600,1.27774,1.27943,1.27742,1.27885,8008
1717632000,1.27863,1.2803200000000001,1.27824,1.28021,4027
1717646400,1.28021,1.2809,1.27941,1.2795,7465
1717660800,1.27951,1.28,1.27753,1.27869,10902
1717675200,1.27869,1.2791299999999999,1.27661,1.2778399999999999,14855
1717689600,1.2778399999999999,1.27888,1.27622,1.27782,17774
1717704000,1.2778100000000001,1.27956,1.27777,1.2791000000000001,8270
1717718400,1.2789,1.27943,1.27853,1.27882,4236
1717732800,1.27882,1.27916,1.27833,1.27905,7779
1717747200,1.27905,1.28021,1.2781500000000001,1.2788300000000001,12114
1717761600,1.2788300000000001,1.28133,1.27248,1.27376,17033
1717776000,1.27375,1.27407,1.27158,1.27241,24154
1717790400,1.2723900000000001,1.2726899999999999,1.27177,1.27219,9463
1717977600,1.27251,1.27306,1.2711700000000001,1.27241,5838
1717992000,1.2724,1.27263,1.27102,1.27161,5673
1718006400,1.27161,1.27245,1.27054,1.27073,14255
1718020800,1.27074,1.27295,1.26878,1.27125,14251
1718035200,1.27125,1.27369,1.27037,1.27285,14424
1718049600,1.27285,1.27369,1.27241,1.27307,9043
1718064000,1.27275,1.27336,1.27195,1.27276,5428
1718078400,1.27276,1.2738800000000001,1.27244,1.27345,7655
1718092800,1.27344,1.274,1.27136,1.27244,12437
1718107200,1.27244,1.27493,1.27227,1.27441,16042
1718121600,1.2744,1.27475,1.27057,1.27288,17708
1718136000,1.2729,1.2751299999999999,1.27267,1.27377,8482
1718150400,1.2733400000000001,1.27411,1.27326,1.27335,2695
1718164800,1.27335,1.27451,1.27328,1.2739,5608
1718179200,1.2739,1.27597,1.27367,1.2757399999999999,11442
1718193600,1.2757399999999999,1.28577,1.2748599999999999,1.28528,10323
1718208000,1.28528,1.28603,1.28258,1.28456,14022
1718222400,1.28456,1.28484,1.2791000000000001,1.2797100000000001,15499
1718236800,1.27978,1.2799,1.27918,1.27949,3778
1718251200,1.27948,1.27991,1.27798,1.27799,5382
1718265600,1.27799,1.27989,1.2772299999999999,1.27985,8119
1718280000,1.27983,1.28072,1.27615,1.2784200000000001,9888
1718294400,1.27844,1.27929,1.27381,1.27453,13636
1718308800,1.2745199999999999,1.27671,1.27451,1.27623,7218
1718323200,1.27542,1.27627,1.2747899999999999,1.27505,3096
1718337600,1.27506,1.27633,1.27487,1.2749,5534
1718352000,1.27491,1.27529,1.27197,1.27216,11132
1718366400,1.27216,1.27227,1.26697,1.26901,14310
1718380800,1.2690299999999999,1.26956,1.26567,1.26863,12729
1718395200,1.26863,1.26924,1.26782,1.2686600000000001,5823
1718582400,1.26819,1.26883,1.26733,1.2683900000000001,3503
1718596800,1.2683900000000001,1.26864,1.26764,1.26831,3928
1718611200,1.26831,1.2684199999999999,1.2661,1.26741,9050
1718625600,1.26743,1.2677399999999999,1.26587,1.26668,7864
1718640000,1.26669,1.26978,1.26638,1.26962,9494
1718654400,1.26962,1.27094,1.26951,1.27043,4915
1718668800,1.27038,1.27149,1.26997,1.27097,3133
1718683200,1.27097,1.27108,1.2692700000000001,1.26939,5494
1718697600,1.26938,1.27017,1.26726,1.268,9571
1718712000,1.26797,1.26941,1.26689,1.26911,10709
1718726400,1.26911,1.27207,1.26852,1.2702200000000001,12081
1718740800,1.2702200000000001,1.27102,1.2698,1.27081,6392
1718755200,1.27004,1.2711999999999999,1.27004,1.27037,3811
1718769600,1.27037,1.27132,1.27029,1.2705899999999999,4074
1718784000,1.27057,1.27326,1.27,1.2732299999999999,8498
1718798400,1.27322,1.27398,1.27152,1.27195,8015
1718812800,1.27199,1.27335,1.27166,1.27204,5832
1718827200,1.27204,1.27217,1.27139,1.27193,1295
1718841600,1.27125,1.27237,1.27125,1.27152,3737
1718856000,1.27153,1.27188,1.27098,1.27131,4584
1718870400,1.27131,1.27148,1.26953,1.26969,7882
1718884800,1.26969,1.2707600000000001,1.26749,1.2677800000000001,10520
1718899200,1.26776,1.26874,1.2659,1.26632,10579
1718913600,1.26634,1.26821,1.26545,1.26562,6801
1718928000,1.2656,1.26615,1.26546,1.26559,3127
1718942400,1.26558,1.2665,1.26546,1.26618,3740
1718956800,1.26617,1.26732,1.26307,1.2654,9556
1718971200,1.26541,1.26605,1.2631000000000001,1.26485,8491
1718985600,1.26486,1.26509,1.26218,1.26387,12285
1719000000,1.26385,1.26512,1.26352,1.26406,4987
1719187200,1.26334,1.2645,1.26324,1.26399,2993
1719201600,1.26399,1.2645,1.26325,1.26449,4860
1719216000,1.2645,1.26657,1.26445,1.26574,7799
1719230400,1.26572,1.26716,1.2656800000000001,1.2665,9539
1719244800,1.2665199999999999,1.26978,1.2665199999999999,1.26794,12953
1719259200,1.26794,1.26935,1.26728,1.26861,7987
1719273600,1.26782,1.26889,1.26782,1.2686,4180
1719288000,1.26861,1.2696399999999999,1.26831,1.26943,6695
1719302400,1.26942,1.27019,1.26826,1.27007,8379
1719316800,1.27007,1.2702200000000001,1.26749,1.26798,10518
1719331200,1.26799,1.26874,1.26701,1.26784,13186
1719345600,1.26783,1.26958,1.26768,1.26859,6332
1719360000,1.26776,1.26881,1.26768,1.26845,3121
1719374400,1.26845,1.26931,1.26836,1.26854,6044
1719388800,1.26854,1.26877,1.26614,1.2665600000000001,9864
1719403200,1.26655,1.26739,1.26393,1.26449,12461
1719417600,1.26446,1.26511,1.26179,1.26257,16052
1719432000,1.26257,1.2638,1.26154,1.26205,8003
1719446400,1.2623199999999999,1.26237,1.26126,1.26145,4487
1719460800,1.26144,1.26361,1.26142,1.26357,5512
1719475200,1.26358,1.26472,1.26262,1.26349,11582
1719489600,1.26352,1.26609,1.26342,1.2655,15931
1719504000,1.26549,1.26703,1.26436,1.26508,19739
1719518400,1.26508,1.26532,1.26375,1.26403,9682
1719532800,1.26395,1.26465,1.26282,1.2628599999999999,5450
1719547200,1.2628599999999999,1.2637800000000001,1.26216,1.2623,9803
1719561600,1.2623,1.26497,1.26226,1.26352,13220
1719576000,1.2635100000000001,1.2662900000000001,1.26307,1.2650000000000001,16762
1719590400,1.26499,1.26513,1.26194,1.26418,25874
1719604800,1.26418,1.2654,1.26306,1.26434,11034
1719792000,1.26538,1.26559,1.26363,1.26525,5670
1719806400,1.26524,1.26655,1.2650000000000001,1.2656800000000001,6924
1719820800,1.2656800000000001,1.26892,1.26563,1.26737,16575
1719835200,1.26736,1.268,1.26578,1.26651,14351
1719849600,1.2665199999999999,1.27097,1.26361,1.2648,23080
1719864000,1.26481,1.26516,1.2633,1.26516,8174
1719878400,1.26395,1.26531,1.26383,1.26409,4721
1719892800,1.26409,1.26421,1.2631700000000001,1.26328,6362
1719907200,1.26327,1.26395,1.26153,1.26285,14497
1719921600,1.26284,1.26689,1.26269,1.26641,14154
1719936000,1.26642,1.26848,1.26612,1.26682,21431
1719950400,1.26682,1.26877,1.26668,1.26853,7257
1719964800,1.2675100000000001,1.26931,1.26687,1.26883,3734
1719979200,1.26882,1.26884,1.2681,1.26867,5978
1719993600,1.2686600000000001,1.27016,1.2678,1.2695400000000001,11427
1720008000,1.2695400000000001,1.27221,1.26917,1.27185,12424
1720022400,1.27185,1.27771,1.2718099999999999,1.27538,21177
1720036800,1.27538,1.27539,1.2733400000000001,1.27426,6183
1720051200,1.2741500000000001,1.2751000000000001,1.27369,1.27505,4062
1720065600,1.27506,1.27535,1.27409,1.27433,6090
1720080000,1.27431,1.27625,1.27407,1.27553,12597
1720094400,1.27553,1.27636,1.27468,1.27491,11448
1720108800,1.27492,1.27673,1.27469,1.27606,8510
1720123200,1.2760500000000001,1.27624,1.27585,1.27589,1281
1720137600,1.2759,1.27671,1.27539,1.2764,4950
1720152000,1.2764,1.27724,1.27614,1.27702,7988
1720166400,1.27702,1.27813,1.2763,1.27792,10914
1720180800,1.27792,1.28108,1.2762,1.2802799999999999,16425
1720195200,1.2802799999999999,1.2814,1.27867,1.27982,23697
1720209600,1.27982,1.28169,1.27977,1.28144,7018
1720396800,1.27959,1.28156,1.2787600000000001,1.28048,5519
1720411200,1.28047,1.28187,1.28025,1.28141,5859
1720425600,1.28142,1.28213,1.27995,1.2819,15295
1720440000,1.28189,1.28399,1.28131,1.28379,14504
1720454400,1.2838,1.28456,1.28196,1.28211,14163
1720468800,1.2821,1.28224,1.28058,1.2805900000000001,6856
1720483200,1.2805,1.28164,1.2800799999999999,1.2808,4187
1720497600,1.28081,1.28088,1.27983,1.2808,7205
1720512000,1.28081,1.28122,1.27958,1.28054,11991
1720526400,1.28054,1.2824900000000001,1.27933,1.2806,13580
1720540800,1.28061,1.28212,1.27772,1.27831,21202
1720555200,1.27831,1.27902,1.27813,1.27873,8565
1720569600,1.27817,1.27915,1.27808,1.27855,4103
1720584000,1.27855,1.27945,1.2784,1.27941,6742
1720598400,1.27943,1.28018,1.2788300000000001,1.27966,11595
1720612800,1.27966,1.28125,1.27964,1.28082,12644
1720627200,1.28082,1.28467,1.2805900000000001,1.2846,16560
1720641600,1.2846,1.2848,1.28345,1.28477,6687
1720656000,1.28484,1.28583,1.28473,1.2854700000000001,2869
1720670400,1.2854700000000001,1.28638,1.2849300000000001,1.28574,5433
1720684800,1.28574,1.28754,1.28548,1.28751,12494
1720699200,1.28751,1.29492,1.28683,1.29314,18239
1720713600,1.29319,1.29483,1.29036,1.29105,27565
1720728000,1.29107,1.29147,1.28985,1.29121,12226
1720742400,1.29086,1.2924,1.29065,1.2909,8012
1720756800,1.29089,1.29124,1.29017,1.29109,8769
1720771200,1.29109,1.29459,1.29023,1.29459,14633
1720785600,1.2946,1.29685,1.29322,1.2965,18327
1720800000,1.2965200000000001,1.2990599999999999,1.29575,1.2987,23567
1720814400,1.2987,1.2990300000000001,1.29804,1.29865,7590
1721001600,1.29664,1.29798,1.29618,1.2966,7648
1721016000,1.2965900000000001,1.29749,1.29617,1.2974700000000001,5779
1721030400,1.2974700000000001,1.29894,1.29633,1.29887,13910
1721044800,1.29888,1.29911,1.2967,1.29768,16121
1721059200,1.29769,1.29946,1.29673,1.29772,20304
1721073600,1.29772,1.29773,1.29616,1.29679,13021
1721088000,1.29669,1.29697,1.29614,1.29647,5625
1721102400,1.29648,1.29668,1.29612,1.29629,8396
1721116800,1.2962799999999999,1.29726,1.2951,1.29632,15148
1721131200,1.29632,1.29796,1.29379,1.29467,18546
1721145600,1.2947199999999999,1.29583,1.29407,1.29543,18809
1721160000,1.29543,1.29765,1.29529,1.29742,9652
1721174400,1.2965900000000001,1.29779,1.2965200000000001,1.29691,6110
1721188800,1.29691,1.29783,1.29664,1.2968,6466
1721203200,1.2968,1.30301,1.2965900000000001,1.30283,20591
1721217600,1.30284,1.30444,1.30218,1.30321,16597
1721232000,1.30321,1.3035999999999999,1.29987,1.30038,22970
1721246400,1.30038,1.30118,1.30002,1.30075,12450
1721260800,1.3005,1.30107,1.30019,1.30035,6407
1721275200,1.30036,1.30071,1.29989,1.30016,9947
1721289600,1.30015,1.30125,1.29828,1.29857,18464
1721304000,1.29858,1.29963,1.29742,1.29812,16391
1721318400,1.2981099999999999,1.29848,1.29681,1.29714,22901
1721332800,1.29714,1.2972000000000001,1.29401,1.29437,13736
1721347200,1.2949899999999999,1.29507,1.2937,1.2944499999999999,6659
1721361600,1.29447,1.29466,1.29338,1.29385,8290
1721376000,1.2938399999999999,1.2941500000000001,1.2913999999999999,1.2917,17902
1721390400,1.2916699999999999,1.29285,1.29009,1.29199,15108
1721404800,1.29199,1.29264,1.2911299999999999,1.2913999999999999,19364
1721419200,1.2913999999999999,1.29184,1.29064,1.2910599999999999,10321
1721606400,1.29119,1.29392,1.29083,1.29285,7262
1721620800,1.29284,1.29298,1.29118,1.29173,7214
1721635200,1.29172,1.29319,1.29097,1.29274,17932
1721649600,1.29274,1.29421,1.29135,1.29163,15876
1721664000,1.29165,1.29195,1.29051,1.29177,18181
1721678400,1.29177,1.29317,1.29177,1.29315,9063
1721692800,1.2932000000000001,1.2934700000000001,1.29241,1.29281,5761
1721707200,1.2928,1.29336,1.29244,1.29277,7229
1721721600,1.29277,1.29285,1.2909,1.29233,15456
1721736000,1.29234,1.29254,1.28875,1.29056,16916
1721750400,1.29055,1.29175,1.2904200000000001,1.29098,17320
1721764800,1.29098,1.29129,1.29,1.2907199999999999,8221
1721779200,1.29037,1.29082,1.2895400000000001,1.28969,5103
1721793600,1.28969,1.28998,1.28837,1.28872,8379
1721808000,1.28876,1.29014,1.28772,1.28965,16743
1721822400,1.28965,1.29297,1.28883,1.2928,16559
1721836800,1.29285,1.29373,1.29143,1.29261,20581
1721851200,1.29261,1.29272,1.28992,1.29067,11228
1721865600,1.29017,1.2909,1.28919,1.2895699999999999,7853
1721880000,1.2895699999999999,1.28983,1.2885900000000001,1.28887,10255
1721894400,1.28887,1.29134,1.2873999999999999,1.28858,20346
1721908800,1.28857,1.2894,1.28553,1.28748,19921
1721923200,1.28747,1.28917,1.28631,1.28831,27452
1721937600,1.28834,1.28897,1.28495,1.28508,13406
1721952000,1.28516,1.28606,1.28487,1.28566,5661
1721966400,1.28564,1.28657,1.28536,1.28635,6204
1721980800,1.28635,1.28727,1.28568,1.28654,13566
1721995200,1.2865,1.2873700000000001,1.28551,1.28663,14837
1722009600,1.28663,1.28749,1.28497,1.28741,19443
1722024000,1.28743,1.28778,1.28655,1.28664,9951
1722211200,1.28586,1.28878,1.28586,1.28846,6389
1722225600,1.28847,1.28879,1.2873700000000001,1.28747,8110
1722240000,1.28748,1.28778,1.28078,1.28128,15342
1722254400,1.28128,1.28464,1.2806600000000001,1.28378,15895
1722268800,1.28379,1.28596,1.2823,1.28541,17179
1722283200,1.28541,1.28677,1.28538,1.2861500000000001,10143
1722297600,1.28563,1.28659,1.28509,1.28534,5501
1722312000,1.28533,1.2859,1.28449,1.28574,7225
1722326400,1.28573,1.28639,1.28433,1.28592,12918
1722340800,1.2859,1.2864200000000001,1.28285,1.28287,12107
1722355200,1.28287,1.2844,1.28198,1.28334,22092
1722369600,1.28334,1.28389,1.28268,1.28365,11712
1722384000,1.28265,1.28423,1.28262,1.2840500000000001,8380
1722398400,1.2840500000000001,1.28526,1.28351,1.28456,13573
1722412800,1.28457,1.2847,1.28209,1.28293,20440
1722427200,1.28294,1.28543,1.28207,1.28476,18145
1722441600,1.28476,1.28541,1.28221,1.28362,23941
1722456000,1.28362,1.28641,1.2821,1.28534,21847
1722470400,1.28531,1.2863,1.28487,1.28533,7152
1722484800,1.28534,1.28604,1.28477,1.285,10242
1722499200,1.28501,1.2852999999999999,1.2776100000000001,1.27789,19850
1722513600,1.27789,1.28233,1.2748599999999999,1.28102,21326
1722528000,1.28102,1.28392,1.27515,1.27539,25573
1722542400,1.2753999999999999,1.27579,1.27267,1.27377,15148
1722556800,1.27382,1.2743,1.27204,1.2723499999999999,10670
1722571200,1.2723499999999999,1.2729300000000001,1.27125,1.27245,11723
1722585600,1.27248,1.27394,1.2707,1.27352,21132
1722600000,1.27351,1.28085,1.27329,1.28019,22138
1722614400,1.28016,1.28397,1.27836,1.27884,36576
1722628800,1.27885,1.2812299999999999,1.27882,1.28048,14387
1722816000,1.28003,1.28084,1.27798,1.27837,13504
1722830400,1.27838,1.28049,1.27779,1.28004,20465
1722844800,1.2800500000000001,1.28168,1.271,1.27622,40644
1722859200,1.27622,1.27777,1.2727,1.27521,31716
1722873600,1.2752,1.27957,1.27482,1.2766199999999999,47846
1722888000,1.27658,1.2778399999999999,1.27441,1.27755,18955
1722902400,1.27654,1.28027,1.27595,1.28026,15940
1722916800,1.28027,1.28029,1.2772000000000001,1.2772700000000001,19683
1722931200,1.2772700000000001,1.27785,1.2729599999999999,1.27319,29756
1722945600,1.27318,1.27318,1.26723,1.26791,27337
1722960000,1.26792,1.27263,1.26785,1.27048,32000
1722974400,1.27047,1.27093,1.26844,1.26905,18440
1722988800,1.26837,1.27033,1.2680500000000001,1.27024,11743
1723003200,1.27024,1.27179,1.26932,1.27039,19661
1723017600,1.27038,1.2716,1.26872,1.2701500000000001,24508
1723032000,1.27016,1.2735699999999999,1.26971,1.27222,17912
1723046400,1.27219,1.27257,1.27042,1.27073,23570
1723060800,1.27072,1.27094,1.26831,1.26895,17245
1723075200,1.2686600000000001,1.26944,1.2678,1.2681,7819
1723089600,1.26809,1.27023,1.2680500000000001,1.26955,12014
1723104000,1.26955,1.27134,1.26899,1.27002,21051
1723118400,1.27003,1.27041,1.26647,1.26753,23020
1723132800,1.26753,1.27433,1.26753,1.2742200000000001,29089
1723147200,1.2742200000000001,1.27522,1.27342,1.27467,15130
1723161600,1.27411,1.27492,1.27378,1.27406,7739
1723176000,1.27406,1.27602,1.27405,1.27494,8536
1723190400,1.27493,1.27717,1.2747600000000001,1.27649,14958
1723204800,1.27649,1.27682,1.2726,1.2737,16075
1723219200,1.27372,1.27737,1.2731,1.27577,21427
1723233600,1.27577,1.27698,1.27538,1.2758,10879
1723420800,1.27591,1.27604,1.27465,1.27567,4624
1723435200,1.27567,1.27631,1.27561,1.2763,5768
1723449600,1.27629,1.27819,1.27596,1.27636,13922
1723464000,1.27636,1.27751,1.27526,1.27636,12868
1723478400,1.27636,1.27938,1.27567,1.2757800000000001,23865
1723492800,1.2757800000000001,1.27709,1.27552,1.27645,12179
1723507200,1.2764,1.27706,1.27588,1.2766199999999999,4306
1723521600,1.2766199999999999,1.2778800000000001,1.2764,1.27786,5138
1723536000,1.27787,1.28128,1.2776,1.27977,15767
1723550400,1.27976,1.2812299999999999,1.2779099999999999,1.2807,18661
1723564800,1.2807,1.28467,1.27997,1.28449,21888
1723579200,1.28449,1.28728,1.28433,1.28643,15894
1723593600,1.28568,1.28673,1.28558,1.28632,4268
1723608000,1.28631,1.28682,1.28537,1.28583,8830
1723622400,1.28583,1.28626,1.2815699999999999,1.2841,16296
1723636800,1.28411,1.28592,1.28263,1.28394,16685
1723651200,1.28391,1.28637,1.28329,1.28378,21739
1723665600,1.28378,1.28378,1.28208,1.28273,11168
1723680000,1.28259,1.28316,1.28224,1.2827,4161
1723694400,1.28269,1.2840500000000001,1.28193,1.28399,7520
1723708800,1.2839800000000001,1.28579,1.28377,1.28436,12249
1723723200,1.2843499999999999,1.28694,1.28098,1.28176,15032
1723737600,1.28177,1.28714,1.27985,1.28514,23705
1723752000,1.28514,1.28643,1.28478,1.2852999999999999,8893
1723766400,1.2848899999999999,1.28637,1.28481,1.28623,4616
1723780800,1.28623,1.2875,1.28601,1.28727,5603
1723795200,1.28727,1.2891,1.28702,1.28852,10180
1723809600,1.28852,1.29138,1.28847,1.28969,10711
1723824000,1.28968,1.29215,1.28814,1.29205,15547
1723838400,1.29205,1.29457,1.29205,1.29441,8799
1724025600,1.2932299999999999,1.29528,1.29315,1.2945,5083
1724040000,1.29449,1.29602,1.29437,1.29529,6667
1724054400,1.2953000000000001,1.29753,1.29525,1.29715,15964
1724068800,1.29717,1.29721,1.29422,1.2950599999999999,13709
1724083200,1.29505,1.29968,1.294,1.29816,17809
1724097600,1.2981500000000001,1.29961,1.29788,1.29898,10606
1724112000,1.29855,1.2993700000000001,1.29831,1.29856,4625
1724126400,1.29857,1.29928,1.29767,1.29794,10078
1724140800,1.29792,1.30126,1.29739,1.30005,14543
1724155200,1.30006,1.30297,1.29913,1.30268,15852
1724169600,1.30268,1.3052000000000001,1.3012299999999999,1.30249,23566
1724184000,1.30248,1.3035700000000001,1.30173,1.30339,11048
1724198400,1.3034,1.30382,1.30254,1.30344,6305
1724212800,1.30344,1.30361,1.30225,1.3026,8533
1724227200,1.3026,1.30312,1.30106,1.30124,16061
1724241600,1.30122,1.3047900000000001,1.30122,1.30447,13598
1724256000,1.30451,1.30911,1.30348,1.3089,29398
1724270400,1.30891,1.3119100000000001,1.30844,1.30901,12386
1724284800,1.30853,1.30968,1.30837,1.30895,4263
1724299200,1.30896,1.3091,1.30811,1.30835,4914
1724313600,1.30834,1.3128600000000001,1.3081,1.31136,12823
1724328000,1.31137,1.3127499999999999,1.30951,1.31185,16011
1724342400,1.31185,1.31296,1.30814,1.3086,21598
1724356800,1.30859,1.30946,1.30761,1.30919,11585
1724371200,1.30868,1.31013,1.30867,1.30982,4374
1724385600,1.30982,1.31095,1.30964,1.3109199999999999,5753
1724400000,1.31091,1.3131,1.3106900000000001,1.31308,10590
1724414400,1.31308,1.31363,1.31105,1.31193,13079
1724428800,1.31192,1.32301,1.3108,1.31907,33006
1724443200,1.31906,1.32207,1.3188900000000001,1.32177,14657
1724630400,1.32127,1.3219400000000001,1.32034,1.32142,5962
1724644800,1.32142,1.32221,1.31985,1.32005,4789
1724659200,1.32004,1.32096,1.31895,1.31975,10922
1724673600,1.31976,1.32054,1.31795,1.32013,12956
1724688000,1.32012,1.32094,1.3180100000000001,1.31985,19799
1724702400,1.3198400000000001,1.32071,1.31815,1.3186200000000001,9394
1724716800,1.31836,1.31927,1.31799,1.31811,4457
1724731200,1.31809,1.3195000000000001,1.31806,1.3192599999999999,5027
1724745600,1.3192599999999999,1.3223099999999999,1.31912,1.3217400000000001,12655
1724760000,1.32172,1.32467,1.32035,1.32128,16203
1724774400,1.32127,1.32422,1.32124,1.32327,20889
1724788800,1.3232599999999999,1.3265799999999999,1.3231600000000001,1.3262800000000001,10389
1724803200,1.32535,1.32621,1.32498,1.3259400000000001,4474
1724817600,1.32595,1.32605,1.32398,1.32412,6464
1724832000,1.32413,1.3244,1.32168,1.32298,13306
1724846400,1.32297,1.32393,1.31988,1.321,17077
1724860800,1.32099,1.32306,1.31737,1.31854,24082
1724875200,1.31854,1.3191,1.31674,1.31904,11889
1724889600,1.31906,1.32078,1.31884,1.32062,4600
1724904000,1.32063,1.32121,1.31968,1.32119,5075
1724918400,1.3212,1.32267,1.3168,1.31882,16497
1724932800,1.31881,1.3202,1.3153299999999999,1.31604,19843
1724947200,1.31605,1.31904,1.31452,1.31823,25220
1724961600,1.31823,1.31893,1.31631,1.31695,12434
1724976000,1.3165200000000001,1.3171,1.31598,1.31676,4685
1724990400,1.3167499999999999,1.3171,1.31599,1.31642,6471
1725004800,1.31644,1.31998,1.31637,1.31826,12224
1725019200,1.31826,1.31893,1.31432,1.31549,16620
1725033600,1.3155299999999999,1.31639,1.31094,1.31189,28815
1725048000,1.3119,1.31359,1.31121,1.31292,12235
1725235200,1.31293,1.3137699999999999,1.31195,1.31335,3248
1725249600,1.31334,1.3136999999999999,1.31198,1.31257,3951
1725264000,1.31257,1.31457,1.31222,1.3134700000000001,9694
1725278400,1.31346,1.31476,1.31269,1.31423,9398
1725292800,1.31423,1.31547,1.31353,1.31416,9227
1725307200,1.31415,1.31473,1.31415,1.31454,1415
1725321600,1.31416,1.31493,1.31337,1.31369,3701
1725336000,1.31371,1.31468,1.3122500000000001,1.31247,7133
1725350400,1.31246,1.31395,1.31085,1.31219,15505
1725364800,1.3122099999999999,1.3139,1.31097,1.31304,16705
1725379200,1.31304,1.31461,1.3088199999999999,1.3103,26190
1725393600,1.3103099999999999,1.31167,1.30875,1.31159,11008
1725408000,1.3111,1.31149,1.3102,1.3103799999999999,5590
1725422400,1.31039,1.31183,1.31012,1.31172,6510
1725436800,1.31172,1.31274,1.31006,1.31206,13942
1725451200,1.31207,1.31268,1.31063,1.31233,13028
1725465600,1.31234,1.31752,1.31207,1.31504,25171
1725480000,1.315,1.31527,1.31269,1.3147199999999999,11857
1725494400,1.31413,1.3148900000000001,1.3139,1.31433,6200
1725508800,1.31434,1.31562,1.31434,1.3147199999999999,5880
1725523200,1.3147199999999999,1.31714,1.31369,1.31693,12493
1725537600,1.31693,1.31798,1.31534,1.3161,15399
1725552000,1.31616,1.31785,1.3151,1.31728,24824
1725566400,1.31728,1.31852,1.31639,1.3182,12714
1725580800,1.31763,1.31818,1.31742,1.31779,2704
1725595200,1.3178,1.31795,1.31725,1.31783,4665
1725609600,1.31783,1.31929,1.31659,1.3167200000000001,13507
1725624000,1.31671,1.32385,1.31474,1.32098,19130
1725638400,1.32098,1.32165,1.31097,1.31201,41320
1725652800,1.31201,1.31392,1.31127,1.31295,17722
1725840000,1.31159,1.3141,1.31159,1.31299,5055
1725854400,1.31299,1.3143,1.3119,1.31192,5671
1725868800,1.3119100000000001,1.31193,1.30827,1.3087900000000001,13432
1725883200,1.3088,1.30998,1.30724,1.30831,13872
1725897600,1.3083,1.31006,1.30675,1.30971,19819
1725912000,1.30972,1.31018,1.30715,1.30725,13315
1725926400,1.30715,1.30765,1.30578,1.30625,3176
1725940800,1.30624,1.30772,1.30614,1.30766,4182
1725955200,1.30765,1.31075,1.30732,1.3085200000000001,13469
1725969600,1.30853,1.31045,1.30682,1.3070300000000001,15256
1725984000,1.3069600000000001,1.30755,1.30492,1.30681,22382
1725998400,1.3068,1.30864,1.30656,1.30793,12738
1726012800,1.30716,1.30846,1.30693,1.30718,4248
1726027200,1.3072,1.3102,1.30702,1.31018,7661
1726041600,1.31019,1.31113,1.30774,1.3082799999999999,14604
1726056000,1.30829,1.3097699999999999,1.30467,1.30613,18379
1726070400,1.30615,1.3073000000000001,1.3001800000000001,1.3036400000000001,27128
1726084800,1.3036400000000001,1.30498,1.30352,1.30439,15026
1726099200,1.30406,1.30458,1.30337,1.30338,3454
1726113600,1.30338,1.3048600000000001,1.3032,1.30485,6142
1726128000,1.30485,1.30565,1.30325,1.30469,12090
1726142400,1.30469,1.30621,1.30373,1.30538,17294
1726156800,1.30538,1.30945,1.30499,1.30919,24304
1726171200,1.30919,1.31268,1.30851,1.31257,19789
1726185600,1.31237,1.31455,1.31222,1.31449,4148
1726200000,1.3145,1.31508,1.3137400000000001,1.31471,8347
1726214400,1.3147,1.31494,1.31241,1.31432,13615
1726228800,1.31432,1.31522,1.31143,1.3137400000000001,18131
1726243200,1.31375,1.31575,1.3123,1.31308,21939
1726257600,1.3130899999999999,1.31342,1.31176,1.3123,12889
1726444800,1.312,1.31433,1.31181,1.3141,4315
1726459200,1.31405,1.31629,1.31383,1.3153000000000001,5138
1726473600,1.31531,1.31927,1.31525,1.31879,11636
1726488000,1.3188,1.32088,1.31821,1.3197999999999999,16098
1726502400,1.31985,1.3214000000000001,1.3191,1.32067,19280
1726516800,1.32067,1.32179,1.3197,1.3216700000000001,10854
1726531200,1.32132,1.3216999999999999,1.31999,1.32015,3613
1726545600,1.32015,1.32114,1.31998,1.32029,4908
1726560000,1.32028,1.32297,1.3198400000000001,1.32279,11488
1726574400,1.32279,1.3228900000000001,1.31993,1.32102,17317
1726588800,1.32102,1.32125,1.3152,1.31579,24650
1726603200,1.31578,1.31691,1.31456,1.31575,15889
1726617600,1.3153299999999999,1.3170899999999999,1.31517,1.31685,4549
1726632000,1.31686,1.31721,1.31577,1.31588,6028
1726646400,1.3158400000000001,1.32117,1.31561,1.32055,13585
1726660800,1.32055,1.32272,1.32043,1.32182,14360
1726675200,1.32182,1.32537,1.31948,1.32101,19645
1726689600,1.32102,1.32976,1.31752,1.32119,42638
1726704000,1.3202099999999999,1.3218,1.3168,1.3171,9000
1726718400,1.3170899999999999,1.32135,1.31531,1.32086,13395
1726732800,1.32087,1.32649,1.32085,1.32632,19944
1726747200,1.32635,1.33142,1.32398,1.32398,25183
1726761600,1.32398,1.32891,1.3219699999999999,1.3281,29256
1726776000,1.32809,1.32892,1.32736,1.3284799999999999,16780
1726790400,1.32804,1.3284,1.32714,1.32775,4433
1726804800,1.32775,1.33015,1.32744,1.32924,7849
1726819200,1.32924,1.33403,1.32867,1.33007,19857
1726833600,1.33008,1.33229,1.32806,1.33205,16371
1726848000,1.33205,1.33314,1.32679,1.33259,28971
1726862400,1.33258,1.3327,1.3306200000000001,1.33215,19570
1727049600,1.33109,1.33229,1.33067,1.33106,4736
1727064000,1.33106,1.33198,1.33066,1.33159,5249
1727078400,1.33159,1.332,1.32481,1.32712,19190
1727092800,1.32712,1.33293,1.32709,1.3327200000000001,17819
1727107200,1.3327200000000001,1.33593,1.3312599999999999,1.3343099999999999,26669
1727121600,1.3343099999999999,1.33541,1.3336999999999999,1.33487,13233
1727136000,1.33392,1.33541,1.33376,1.3344,4857
1727150400,1.3344,1.3357999999999999,1.33399,1.3357700000000001,9273
1727164800,1.33578,1.33811,1.33315,1.33769,19214
1727179200,1.33766,1.33898,1.3358400000000001,1.33867,16812
1727193600,1.33868,1.33988,1.33677,1.33902,24157
1727208000,1.33901,1.3415300000000001,1.33872,1.34146,13184
1727222400,1.34097,1.34295,1.34094,1.34233,4302
1727236800,1.34233,1.34246,1.34104,1.34172,8632
1727251200,1.34171,1.34182,1.33754,1.33791,18115
1727265600,1.33791,1.33962,1.33635,1.33954,19406
1727280000,1.33955,1.34122,1.33274,1.33324,28362
1727294400,1.33325,1.3332600000000001,1.3312300000000001,1.33206,19495
1727308800,1.33161,1.33285,1.3312300000000001,1.33276,5143
1727323200,1.33276,1.33426,1.33206,1.3339400000000001,7185
1727337600,1.3339400000000001,1.3357700000000001,1.33339,1.3351,17756
1727352000,1.33511,1.3389,1.33491,1.3372,21659
1727366400,1.33721,1.34341,1.33505,1.34093,33175
1727380800,1.3409200000000001,1.34253,1.34082,1.3413300000000001,17609
1727395200,1.34091,1.34158,1.33971,1.33983,4751
1727409600,1.33982,1.3401399999999999,1.33803,1.3385099999999999,8775
1727424000,1.3385099999999999,1.33966,1.33596,1.33738,23005
1727438400,1.33739,1.3426,1.33703,1.34243,19507
1727452800,1.34241,1.34274,1.33795,1.33832,28983
1727467200,1.33833,1.33881,1.33703,1.33718,18807
1727654400,1.33663,1.33843,1.33663,1.33826,4889
1727668800,1.33827,1.33894,1.3373300000000001,1.33879,8227
1727683200,1.3388200000000001,1.34229,1.3374,1.34177,16800
1727697600,1.34175,1.34176,1.33811,1.33859,14812
1727712000,1.33861,1.34169,1.33596,1.34016,27264
1727726400,1.34018,1.3408,1.33497,1.33743,20560
1727740800,1.33697,1.3382399999999999,1.33677,1.33749,5700
1727755200,1.3375,1.3389199999999999,1.33682,1.33802,8914
1727769600,1.33802,1.3384800000000001,1.33259,1.33317,19676
1727784000,1.33316,1.33386,1.33109,1.33183,20610
1727798400,1.33182,1.33273,1.32455,1.32544,35362
1727812800,1.32546,1.32901,1.3237,1.3283800000000001,24244
1727827200,1.32824,1.32862,1.3271899999999999,1.32766,4133
1727841600,1.32767,1.32957,1.32673,1.32693,8558
1727856000,1.3269199999999999,1.33054,1.326,1.32965,17725
1727870400,1.32964,1.32974,1.3273,1.3274,18030
1727884800,1.32742,1.32831,1.32456,1.32709,25846
1727899200,1.3271,1.3275000000000001,1.32581,1.32682,14665
1727913600,1.32609,1.32706,1.32535,1.32614,7076
1727928000,1.32615,1.3262800000000001,1.3243,1.3244,9665
1727942400,1.3244,1.3246,1.31053,1.3115999999999999,25902
1727956800,1.3115999999999999,1.31285,1.30925,1.31136,23412
1727971200,1.31135,1.3131599999999999,1.30917,1.31251,32412
1727985600,1.3125200000000001,1.3131599999999999,1.31122,1.31222,14676
1728000000,1.31165,1.31338,1.31137,1.31308,4657
1728014400,1.3130899999999999,1.31356,1.3123,1.31273,9157
1728028800,1.31274,1.31674,1.31266,1.31565,16705
1728043200,1.31565,1.31746,1.30752,1.30789,19487
1728057600,1.30785,1.3119,1.3069600000000001,1.3115,31568
1728072000,1.31149,1.31293,1.31141,1.31207,15779
1728259200,1.31113,1.3127900000000001,1.31071,1.31222,7096
1728273600,1.31222,1.31344,1.31164,1.31164,9378
1728288000,1.31165,1.31224,1.3086,1.30885,19402
1728302400,1.30885,1.30895,1.30591,1.3078400000000001,20341
1728316800,1.30777,1.30938,1.30682,1.30895,24143
1728331200,1.30893,1.30964,1.30688,1.3081800000000001,12509
1728345600,1.30736,1.31,1.3072599999999999,1.31,5609
1728360000,1.31,1.3103500000000001,1.30847,1.30899,13326
1728374400,1.30899,1.31037,1.3064,1.30994,19133
1728388800,1.30994,1.31132,1.30899,1.31007,16249
1728403200,1.30999,1.31121,1.30808,1.3088,21261
1728417600,1.3087900000000001,1.3105,1.30758,1.31048,14968
1728432000,1.30994,1.31044,1.30922,1.30998,3586
1728446400,1.30997,1.3102,1.30811,1.30841,11744
1728460800,1.30842,1.31017,1.30553,1.30774,20357
1728475200,1.30777,1.30952,1.3075999999999999,1.30824,14152
1728489600,1.30824,1.30887,1.30653,1.30682,18949
1728504000,1.30682,1.30758,1.30597,1.30729,11199
1728518400,1.30653,1.30725,1.30623,1.30687,5175
1728532800,1.30686,1.30778,1.3066900000000001,1.30719,9668
1728547200,1.30719,1.30888,1.30675,1.30738,14265
1728561600,1.30738,1.30935,1.30138,1.30758,19013
1728576000,1.30759,1.30847,1.30251,1.30351,29081
1728590400,1.30352,1.30641,1.30216,1.30588,13441
1728604800,1.30481,1.3063799999999999,1.30468,1.3063799999999999,5274
1728619200,1.30639,1.30666,1.3048199999999999,1.30491,6032
1728633600,1.30491,1.30808,1.30414,1.30732,11513
1728648000,1.30725,1.30814,1.30514,1.30648,13765
1728662400,1.30648,1.3083,1.30565,1.30722,18690
1728676800,1.30722,1.3078,1.30628,1.30652,6877
1728864000,1.3057,1.30647,1.30405,1.3050899999999999,4124
1728878400,1.30508,1.30625,1.30422,1.3059,9038
1728892800,1.3059,1.30716,1.30559,1.30663,12467
1728907200,1.30661,1.30674,1.30307,1.30338,13455
1728921600,1.30337,1.306,1.30297,1.30514,17464
1728936000,1.3051300000000001,1.30613,1.30413,1.30584,8938
1728950400,1.30534,1.30674,1.3053,1.30656,3874
1728964800,1.30655,1.30687,1.30474,1.30498,8655
1728979200,1.30497,1.30863,1.30352,1.30763,16797
1728993600,1.3076400000000001,1.3096700000000001,1.30681,1.30881,14525
1729008000,1.3088199999999999,1.31026,1.30685,1.30693,20458
1729022400,1.30695,1.30738,1.3060399999999999,1.3072300000000001,10474
1729036800,1.30693,1.30737,1.30596,1.30644,5198
1729051200,1.30645,1.3077,1.30632,1.30736,7704
1729065600,1.30736,1.30765,1.29822,1.30036,20488
1729080000,1.30035,1.30375,1.30006,1.3014999999999999,14685
1729094400,1.30151,1.3031,1.29947,1.30041,17207
1729108800,1.30042,1.30054,1.29768,1.29895,8584
1729123200,1.29829,1.2996699999999999,1.29827,1.29871,6315
1729137600,1.29868,1.30011,1.29804,1.2983500000000001,10567
1729152000,1.2983500000000001,1.29961,1.29734,1.2977699999999999,13991
1729166400,1.2977699999999999,1.30229,1.29757,1.30084,17596
1729180800,1.30085,1.30187,1.29794,1.30101,26316
1729195200,1.30102,1.3014999999999999,1.30044,1.30107,10956
1729209600,1.30042,1.30192,1.30042,1.30136,4282
1729224000,1.30135,1.3026200000000001,1.30135,1.30214,9416
1729238400,1.30215,1.3071,1.30197,1.3041,15754
1729252800,1.3041,1.30546,1.30338,1.30487,14571
1729267200,1.30485,1.3066499999999999,1.30198,1.30439,17688
1729281600,1.30439,1.30503,1.3038,1.3048600000000001,12874
1729468800,1.30439,1.30576,1.3039,1.3042799999999999,5729
1729483200,1.30427,1.30529,1.30384,1.30402,7952
1729497600,1.30402,1.30445,1.30119,1.3026200000000001,12075
1729512000,1.30261,1.30335,1.3013,1.30292,13665
1729526400,1.30291,1.30318,1.29783,1.29867,17327
1729540800,1.29867,1.29913,1.29767,1.29837,10698
1729555200,1.29786,1.29875,1.29761,1.29804,4885
1729569600,1.29803,1.29999,1.29802,1.29996,11013
1729584000,1.29995,1.30148,1.29862,1.29888,13348
1729598400,1.29887,1.2992,1.29554,1.29557,14280
1729612800,1.29556,1.29827,1.29443,1.29746,19167
1729627200,1.29746,1.29855,1.29727,1.29853,9825
1729641600,1.29722,1.29891,1.2965499999999999,1.29766,5522
1729656000,1.29767,1.29915,1.29711,1.29887,11221
1729670400,1.29885,1.29947,1.29619,1.2984,13615
1729684800,1.29841,1.2987,1.29447,1.29528,14341
1729699200,1.29528,1.29615,1.29223,1.29283,18187
1729713600,1.29282,1.29337,1.29071,1.29224,12260
1729728000,1.29154,1.29267,1.29089,1.2925900000000001,5584
1729742400,1.2925900000000001,1.29303,1.29178,1.29303,10476
1729756800,1.29303,1.29724,1.29257,1.2961,17122
1729771200,1.29609,1.2982,1.29546,1.29739,15605
1729785600,1.2974,1.29875,1.29477,1.29592,20184
1729800000,1.29592,1.29776,1.29585,1.2973,11035
1729814400,1.29696,1.29763,1.2965,1.2968199999999999,5472
1729828800,1.2968199999999999,1.29727,1.29596,1.29643,9845
1729843200,1.29643,1.29793,1.29554,1.2975400000000001,13639
1729857600,1.29755,1.29962,1.29738,1.29918,11076
1729872000,1.29917,1.29982,1.29714,1.29761,16907
1729886400,1.29761,1.29771,1.29579,1.2959399999999999,13905
1730073600,1.29543,1.29653,1.29528,1.29531,6421
1730088000,1.29529,1.2959,1.29412,1.29461,10179
1730102400,1.2946,1.2977699999999999,1.29394,1.29755,12145
1730116800,1.2975400000000001,1.2997,1.29657,1.2987600000000001,14203
1730131200,1.2987600000000001,1.30011,1.2978,1.29793,16952
1730145600,1.29793,1.29821,1.29675,1.297,10776
1730160000,1.29676,1.2977,1.29647,1.29721,3702
1730174400,1.29721,1.29746,1.29578,1.29612,12730
1730188800,1.29613,1.29895,1.29603,1.2984,13388
1730203200,1.2984,1.29924,1.2969,1.29772,14991
1730217600,1.29773,1.30114,1.29669,1.29988,25480
1730232000,1.29988,1.30146,1.29923,1.30133,12543
1730246400,1.3014000000000001,1.30168,1.30038,1.3013,5336
1730260800,1.3013,1.302,1.2995999999999999,1.29982,9380
1730275200,1.29982,1.3024499999999999,1.29956,1.30175,14016
1730289600,1.30175,1.30268,1.29364,1.29489,21775
1730304000,1.29491,1.3042799999999999,1.29462,1.2998,29462
1730318400,1.29979,1.29995,1.29608,1.2962099999999999,14941
1730332800,1.2960099999999999,1.29671,1.29487,1.29491,5556
1730347200,1.29489,1.29586,1.29422,1.29496,9956
1730361600,1.29493,1.29988,1.2947600000000001,1.298,14169
1730376000,1.29799,1.29993,1.29576,1.29779,18922
1730390400,1.29778,1.2998,1.28433,1.28635,33979
1730404800,1.28634,1.2898800000000001,1.28549,1.28975,16883
1730419200,1.2899,1.29027,1.28885,1.2894700000000001,4708
1730433600,1.2894700000000001,1.2902,1.28882,1.28974,10416
1730448000,1.28975,1.29181,1.28842,1.29039,12682
1730462400,1.29043,1.29668,1.29038,1.29534,17354
1730476800,1.29531,1.29801,1.2943500000000001,1.29559,27005
1730491200,1.2955999999999999,1.29572,1.29158,1.2919,15748
1730678400,1.29642,1.2979,1.29495,1.29748,8238
1730692800,1.29748,1.29988,1.2971599999999999,1.29924,9953
1730707200,1.29924,1.29959,1.29449,1.2971300000000001,16580
1730721600,1.29712,1.29826,1.2951,1.2969300000000001,16374
1730736000,1.29695,1.29931,1.29339,1.29561,23902
1730750400,1.29561,1.29612,1.29414,1.29565,12058
1730764800,1.29511,1.29593,1.2947899999999999,1.29552,4991
1730779200,1.29552,1.29632,1.29525,1.29596,7759
1730793600,1.29596,1.29844,1.29573,1.29817,9931
1730808000,1.29817,1.29939,1.2978399999999999,1.29825,11573
1730822400,1.29826,1.30343,1.2980800000000001,1.30331,22255
1730836800,1.30331,1.30419,1.30159,1.30416,11191
1730851200,1.30298,1.30475,1.29485,1.29665,24565
1730865600,1.29663,1.29692,1.28626,1.28883,41811
1730880000,1.28882,1.2923200000000001,1.28461,1.29007,38395
1730894400,1.29,1.29093,1.28403,1.28641,33334
1730908800,1.28644,1.29083,1.28336,1.28892,36157
1730923200,1.28892,1.2919100000000001,1.28792,1.2880099999999999,18343
1730937600,1.2872,1.2891599999999999,1.28712,1.28892,7778
1730952000,1.2889300000000001,1.29341,1.2888600000000001,1.29303,9493
1730966400,1.293,1.2946900000000001,1.2907,1.29073,20724
1730980800,1.29074,1.2974700000000001,1.2895699999999999,1.29718,24315
1730995200,1.29718,1.3009,1.29642,1.29895,26931
1731009600,1.2989600000000001,1.29914,1.2948,1.29848,24580
1731024000,1.2984499999999999,1.29887,1.29641,1.29729,7272
1731038400,1.2973,1.29762,1.29613,1.29698,10790
1731052800,1.29698,1.29741,1.29348,1.2959800000000001,20540
1731067200,1.2959800000000001,1.29762,1.29275,1.29413,19096
1731081600,1.29413,1.2948,1.28833,1.28968,27717
1731096000,1.2897,1.2925,1.2896,1.29182,12074
1731283200,1.2897,1.29254,1.2897,1.29177,8333
1731297600,1.29177,1.2923,1.29007,1.2915,7162
1731312000,1.29149,1.2922,1.28826,1.28999,16615
1731326400,1.28993,1.29065,1.28556,1.28666,16496
1731340800,1.28666,1.28777,1.28574,1.28638,17756
1731355200,1.28638,1.28691,1.28567,1.28689,7205
1731369600,1.28641,1.2873299999999999,1.28574,1.2861099999999999,6727
1731384000,1.2861099999999999,1.2861099999999999,1.283,1.28329,12856
1731398400,1.28325,1.28325,1.2792,1.28234,21869
1731412800,1.28232,1.2831299999999999,1.28043,1.28097,20102
1731427200,1.28097,1.28108,1.27187,1.27331,28374
1731441600,1.27331,1.27506,1.2732299999999999,1.27474,13455
1731456000,1.2748,1.27531,1.27307,1.27498,8582
1731470400,1.27499,1.2754400000000001,1.2737,1.2743,10382
1731484800,1.27431,1.27555,1.27295,1.2751000000000001,16397
1731499200,1.27511,1.2768,1.27343,1.27541,20622
1731513600,1.27541,1.27563,1.2686,1.27097,34786
1731528000,1.27098,1.27199,1.26997,1.27088,13888
1731542400,1.27078,1.27111,1.26916,1.2693699999999999,8521
1731556800,1.2693699999999999,1.26939,1.26727,1.26871,9887
1731571200,1.26871,1.2695,1.2655,1.26565,18108
1731585600,1.26566,1.26792,1.26294,1.26569,24159
1731600000,1.26569,1.27199,1.26558,1.27031,30101
1731614400,1.27035,1.27047,1.26468,1.26665,19488
1731628800,1.2663,1.26718,1.2656100000000001,1.2665,10275
1731643200,1.2664900000000001,1.26822,1.2664900000000001,1.26748,12155
1731657600,1.2674699999999999,1.2690299999999999,1.26484,1.26521,19109
1731672000,1.2652,1.26968,1.264,1.26499,20632
1731686400,1.26497,1.26541,1.2614,1.26268,33783
1731700800,1.26269,1.2631700000000001,1.25968,1.26148,17888
1731888000,1.26186,1.26421,1.26026,1.2635100000000001,11761
1731902400,1.2635,1.26399,1.26201,1.26298,10558
1731916800,1.26297,1.2640500000000001,1.26128,1.26294,18011
1731931200,1.26294,1.26318,1.26133,1.26247,17663
1731945600,1.26247,1.2668300000000001,1.26184,1.26654,22133
1731960000,1.26655,1.26862,1.26641,1.26777,11648
1731974400,1.26708,1.26789,1.26654,1.26769,7289
1731988800,1.26768,1.26891,1.26668,1.26688,10086
1732003200,1.26689,1.26795,1.26129,1.26272,22811
1732017600,1.26271,1.26532,1.26246,1.26352,22613
1732032000,1.26352,1.26819,1.26273,1.26708,26217
1732046400,1.26708,1.26849,1.26612,1.26817,11275
1732060800,1.26757,1.26951,1.26753,1.2689300000000001,6948
1732075200,1.26894,1.26935,1.26793,1.26834,7221
1732089600,1.2683499999999999,1.2714400000000001,1.26636,1.26688,19395
1732104000,1.26689,1.2675100000000001,1.26484,1.26737,18363
1732118400,1.26738,1.26743,1.26304,1.26538,25000
1732132800,1.26538,1.26545,1.2641200000000001,1.2652700000000001,11386
1732147200,1.26488,1.26589,1.26477,1.26545,5557
1732161600,1.26547,1.26599,1.26492,1.26498,7028
1732176000,1.26499,1.26576,1.26226,1.26321,21005
1732190400,1.26321,1.26573,1.2625199999999999,1.26471,18926
1732204800,1.2647300000000001,1.26524,1.25758,1.25998,30476
1732219200,1.25996,1.26052,1.25866,1.25871,11202
1732233600,1.25897,1.2594,1.2583,1.25878,8390
1732248000,1.25878,1.25938,1.2566,1.25684,10434
1732262400,1.25683,1.25815,1.24923,1.25116,27938
1732276800,1.25116,1.25403,1.24869,1.252,23474
1732291200,1.25201,1.25374,1.25068,1.25299,26803
1732305600,1.25299,1.25349,1.25217,1.2530999999999999,12675
1732492800,1.25869,1.2604600000000001,1.25678,1.25937,11334
1732507200,1.25936,1.26067,1.2588300000000001,1.25941,9756
1732521600,1.2594,1.26048,1.25481,1.2573400000000001,20365
1732536000,1.25738,1.26131,1.25513,1.26111,21174
1732550400,1.26111,1.2612999999999999,1.25412,1.2554,27031
1732564800,1.25539,1.25783,1.25535,1.25648,12743
1732579200,1.25661,1.25728,1.25065,1.25264,19938
1732593600,1.25265,1.25624,1.2524,1.25481,14473
1732608000,1.25481,1.25782,1.25375,1.25712,23237
1732622400,1.25711,1.26162,1.25708,1.25821,21700
1732636800,1.2582,1.25878,1.25309,1.25369,28242
1732651200,1.2536800000000001,1.25685,1.25245,1.25682,15383
1732665600,1.2567599999999999,1.25797,1.25667,1.25745,9774
1732680000,1.25745,1.25754,1.25664,1.25678,9829
1732694400,1.25678,1.2616100000000001,1.25667,1.26038,21292
1732708800,1.26037,1.26624,1.25975,1.26623,20754
1732723200,1.26624,1.26942,1.26328,1.26742,29522
1732737600,1.26741,1.26822,1.26694,1.26797,11281
1732752000,1.26757,1.26827,1.26648,1.26725,8986
1732766400,1.26725,1.2675,1.26586,1.26637,10675
1732780800,1.26637,1.26681,1.26447,1.26507,19014
1732795200,1.26508,1.26738,1.26471,1.26636,13408
1732809600,1.26637,1.26898,1.26608,1.26872,12574
1732824000,1.26875,1.26906,1.2684,1.2687,1566
1732838400,1.26799,1.27114,1.26745,1.27017,9239
1732852800,1.27017,1.27165,1.27012,1.27063,11307
1732867200,1.27062,1.27495,1.26899,1.26925,19230
1732881600,1.26926,1.27029,1.26769,1.2685,18379
1732896000,1.26851,1.27241,1.26714,1.27238,24634
1732910400,1.2723900000000001,1.27454,1.27231,1.2735400000000001,15608
1733097600,1.27238,1.2732700000000001,1.26858,1.26904,12828
1733112000,1.26904,1.26943,1.26798,1.26861,12708
1733126400,1.26861,1.27085,1.26785,1.27031,23128
1733140800,1.27031,1.27223,1.2662,1.26846,22551
1733155200,1.26855,1.26918,1.2616800000000001,1.26441,29845
1733169600,1.2644199999999999,1.26703,1.2640500000000001,1.26507,13347
1733184000,1.26484,1.2659799999999999,1.26423,1.2646,8117
1733198400,1.2646,1.2650000000000001,1.2638,1.26471,9800
1733212800,1.26471,1.26967,1.26427,1.2677100000000001,15786
1733227200,1.26772,1.2683,1.2643,1.26692,14956
1733241600,1.26694,1.26923,1.26363,1.26913,22293
1733256000,1.26914,1.26994,1.2665199999999999,1.26699,11449
1733270400,1.26697,1.2678,1.2659500000000001,1.2667,7595
1733284800,1.2667,1.26948,1.26514,1.26906,11679
1733299200,1.26905,1.27014,1.26298,1.26759,18274
1733313600,1.26763,1.26856,1.26605,1.26702,17967
1733328000,1.26703,1.27212,1.2662200000000001,1.27163,22905
1733342400,1.27163,1.27191,1.2686600000000001,1.2695400000000001,12076
1733356800,1.27014,1.27077,1.26925,1.26965,6326
1733371200,1.26965,1.27164,1.2694,1.27141,8076
1733385600,1.2713999999999999,1.27402,1.27118,1.27215,12046
1733400000,1.27209,1.27515,1.2713700000000001,1.27512,15880
1733414400,1.27515,1.27705,1.2732999999999999,1.27462,20405
1733428800,1.27462,1.27595,1.27316,1.27572,10599
1733443200,1.27519,1.27614,1.2739500000000001,1.27441,8641
1733457600,1.27443,1.2753700000000001,1.2741799999999999,1.27444,8053
1733472000,1.27443,1.27739,1.27409,1.27591,12433
1733486400,1.27591,1.2811,1.27495,1.27945,16069
1733500800,1.2794400000000001,1.27985,1.2720799999999999,1.27275,25156
1733515200,1.27272,1.27413,1.2723200000000001,1.27387,8196
1733702400,1.27332,1.27502,1.27314,1.27382,6833
1733716800,1.27382,1.27435,1.27167,1.27196,8301
1733731200,1.27197,1.27786,1.27197,1.27683,13945
1733745600,1.27685,1.27843,1.27509,1.27782,13600
1733760000,1.2778100000000001,1.27987,1.27633,1.27702,15757
1733774400,1.2770000000000001,1.27712,1.27428,1.2748,8175
1733788800,1.2745199999999999,1.27512,1.27389,1.27472,7467
1733803200,1.27472,1.27546,1.2735,1.27541,10978
1733817600,1.27541,1.27631,1.27365,1.27541,12856
1733832000,1.27539,1.27655,1.27434,1.27503,16743
1733846400,1.27503,1.27623,1.27236,1.27455,21315
1733860800,1.27454,1.27776,1.27443,1.27708,10249
1733875200,1.27652,1.27797,1.27652,1.2778,7909
1733889600,1.2778,1.27814,1.27626,1.27655,7679
1733904000,1.27656,1.27713,1.2726899999999999,1.27294,19018
1733918400,1.2729300000000001,1.27812,1.27128,1.2770000000000001,20916
1733932800,1.27694,1.2775699999999999,1.2733400000000001,1.2743,26467
1733947200,1.27431,1.2757,1.27324,1.27493,12355
1733961600,1.27464,1.27713,1.27445,1.27678,7804
1733976000,1.27679,1.27701,1.27606,1.2764199999999999,7826
1733990400,1.27643,1.2787600000000001,1.27543,1.27588,16026
1734004800,1.27587,1.27641,1.2719,1.27288,21129
1734019200,1.27292,1.27362,1.26707,1.27029,31162
1734033600,1.2703,1.27035,1.26662,1.26714,13337
1734048000,1.26693,1.2679,1.26636,1.2665899999999999,8476
1734062400,1.2666,1.26691,1.26567,1.26636,7710
1734076800,1.26637,1.2664900000000001,1.26184,1.26396,16977
1734091200,1.26401,1.26682,1.26331,1.26645,17040
1734105600,1.26646,1.26653,1.26077,1.26204,21310
1734120000,1.26205,1.2628,1.2612999999999999,1.26214,9859
1734307200,1.26098,1.26358,1.2606899999999999,1.26352,7430
1734321600,1.26353,1.26392,1.2628300000000001,1.2636,6122
1734336000,1.26357,1.26714,1.26291,1.26533,14319
1734350400,1.26533,1.26641,1.26414,1.26636,13953
1734364800,1.26635,1.26979,1.26348,1.26819,22167
1734379200,1.26818,1.26985,1.26772,1.26855,8369
1734393600,1.26777,1.26981,1.26762,1.26892,7038
1734408000,1.26892,1.26977,1.26721,1.26743,6942
1734422400,1.26742,1.27065,1.2665600000000001,1.26864,16370
1734436800,1.26865,1.27078,1.26703,1.2702,17826
1734451200,1.2702200000000001,1.27283,1.2683900000000001,1.27194,22092
1734465600,1.27195,1.2728,1.27024,1.27121,9841
1734480000,1.27007,1.27136,1.27007,1.27103,6143
1734494400,1.27104,1.27118,1.26946,1.27019,7630
1734508800,1.2701799999999999,1.2725,1.26795,1.26875,15619
1734523200,1.26877,1.27221,1.26865,1.26906,17424
1734537600,1.26906,1.27093,1.26833,1.27047,19159
1734552000,1.27048,1.2718099999999999,1.2562,1.25705,32598
1734566400,1.25666,1.25899,1.25629,1.25895,14354
1734580800,1.25895,1.25962,1.2581,1.25851,11659
1734595200,1.2585,1.26665,1.25826,1.26604,23013
1734609600,1.26602,1.26604,1.25835,1.25918,23397
1734624000,1.25913,1.26022,1.25075,1.251,29643
1734638400,1.251,1.25308,1.24947,1.2500499999999999,14244
1734652800,1.24986,1.25072,1.24862,1.24895,7510
1734667200,1.24894,1.24904,1.24747,1.24866,8613
1734681600,1.24867,1.25174,1.24771,1.25028,20104
1734696000,1.2502900000000001,1.25592,1.24952,1.25538,18632
1734710400,1.25538,1.26138,1.25372,1.2603,28210
1734724800,1.26029,1.2608,1.2564600000000001,1.25672,11899
1734912000,1.25605,1.2583,1.25565,1.25808,8756
1734926400,1.25809,1.2588,1.25756,1.25774,7082
1734940800,1.25775,1.2582900000000001,1.25552,1.25689,11846
1734955200,1.25689,1.25719,1.2511999999999999,1.25252,13412
1734969600,1.25256,1.2538,1.25095,1.25205,18529
1734984000,1.25206,1.25387,1.25206,1.25349,10860
1734998400,1.25376,1.25379,1.25245,1.25314,5000
1735012800,1.25316,1.25417,1.25272,1.25378,6526
1735027200,1.25377,1.25446,1.25277,1.25335,8344
1735041600,1.2533400000000001,1.25674,1.2526,1.25654,12129
1735056000,1.25653,1.25744,1.25183,1.25189,15444
1735070400,1.25189,1.25488,1.2518799999999999,1.25365,4028
1735171200,1.25369,1.25487,1.2536800000000001,1.25411,5172
1735185600,1.2541,1.25478,1.25376,1.25441,5547
1735200000,1.25441,1.25449,1.25213,1.25305,7314
1735214400,1.25306,1.2534399999999999,1.25138,1.25234,9216
1735228800,1.25234,1.25247,1.25007,1.25153,14890
1735243200,1.25152,1.2536,1.25152,1.25257,10550
1735257600,1.25208,1.25318,1.25166,1.25226,6856
1735272000,1.25226,1.25286,1.25179,1.252,7464
1735286400,1.25199,1.25342,1.25047,1.25083,10890
1735300800,1.25083,1.25739,1.25083,1.25736,14101
1735315200,1.25739,1.25922,1.2553,1.25601,22052
1735329600,1.25599,1.25831,1.25596,1.25747,11937
1735516800,1.25724,1.25878,1.2558,1.258,3707
1735531200,1.25799,1.25848,1.25747,1.25813,3838
1735545600,1.25814,1.25888,1.25611,1.2576800000000001,10177
1735560000,1.25767,1.26068,1.25528,1.25539,14841
1735574400,1.25539,1.25677,1.25062,1.25442,25081
1735588800,1.25443,1.25586,1.25406,1.25495,11113
1735603200,1.25365,1.25594,1.25352,1.25577,5406
1735617600,1.25577,1.25597,1.25441,1.25506,4777
1735632000,1.25506,1.25688,1.25415,1.25541,11436
1735646400,1.2554,1.25541,1.25196,1.25289,16628
1735660800,1.25293,1.25541,1.2505,1.25182,25358
1735675200,1.2518,1.25271,1.25052,1.25136,11231
1735776000,1.25103,1.25221,1.2507,1.25197,7158
1735790400,1.25198,1.25403,1.25198,1.25322,5537
1735804800,1.25322,1.25339,1.24798,1.2482,14456
1735819200,1.2482,1.24917,1.2396099999999999,1.24039,21111
1735833600,1.2404,1.2411,1.2352,1.23719,28295
1735848000,1.23719,1.2385,1.23635,1.23795,12253
1735862400,1.23712,1.23899,1.23684,1.2385,5755
1735876800,1.23849,1.23973,1.23837,1.2395,5757
1735891200,1.2395,1.24164,1.23867,1.2405599999999999,13552
1735905600,1.2405599999999999,1.24161,1.23861,1.24011,14278
1735920000,1.24011,1.24289,1.23876,1.24181,20904
1735934400,1.2418,1.24337,1.24151,1.24214,9021
1736121600,1.24222,1.24384,1.24101,1.24349,8869
1736136000,1.24348,1.24436,1.24314,1.24359,6586
1736150400,1.24359,1.24914,1.24353,1.24752,14749
1736164800,1.24753,1.25506,1.24549,1.2534100000000001,28803
1736179200,1.2534,1.2537,1.24683,1.2517800000000001,29938
1736193600,1.2517800000000001,1.25231,1.25023,1.2519,9733
1736208000,1.25128,1.25231,1.2503600000000001,1.2519,7573
1736222400,1.2519,1.25423,1.25162,1.25374,7849
1736236800,1.25374,1.25756,1.25314,1.25629,16892
1736251200,1.25628,1.25685,1.25236,1.2542,17051
1736265600,1.25421,1.2544,1.24797,1.24999,25335
1736280000,1.24998,1.25035,1.24746,1.24746,9288
1736294400,1.24728,1.24851,1.24726,1.2484899999999999,6602
1736308800,1.2484899999999999,1.24889,1.24776,1.24879,7046
1736323200,1.24879,1.2494,1.244,1.245,14303
1736337600,1.245,1.2452,1.23205,1.23561,23636
1736352000,1.2355800000000001,1.23685,1.23238,1.23455,19826
1736366400,1.23454,1.2376800000000001,1.23453,1.23589,11312
1736380800,1.23573,1.23638,1.23474,1.23589,5692
1736395200,1.23589,1.23649,1.23284,1.23312,7007
1736409600,1.23312,1.23316,1.22379,1.22816,19825
1736424000,1.22816,1.2322899999999999,1.22511,1.2300200000000001,17634
1736438400,1.23001,1.2316799999999999,1.22867,1.2301,15512
1736452800,1.23007,1.23149,1.22962,1.23072,5717
1736467200,1.23027,1.23103,1.22936,1.23034,5371
1736481600,1.23034,1.23074,1.22739,1.22755,7466
1736496000,1.22755,1.23078,1.22666,1.2302,12853
1736510400,1.23021,1.23215,1.21911,1.22312,18129
1736524800,1.22311,1.22623,1.21949,1.22216,31619
1736539200,1.22216,1.22227,1.22016,1.22036,11864
1736726400,1.21962,1.22099,1.21885,1.21909,6976
1736740800,1.21909,1.21927,1.21257,1.21467,7892
1736755200,1.21467,1.21711,1.21012,1.21063,17843
1736769600,1.21062,1.21533,1.20996,1.21416,18602
1736784000,1.21413,1.21743,1.2132,1.21735,20166
1736798400,1.21741,1.2197,1.21632,1.21966,9865
1736812800,1.21971,1.22498,1.21964,1.22109,9957
1736827200,1.22108,1.2217500000000001,1.21915,1.22021,8406
1736841600,1.22028,1.22456,1.2175799999999999,1.21777,17817
1736856000,1.21778,1.21928,1.21369,1.2153100000000001,16754
1736870400,1.21532,1.2212399999999999,1.21403,1.21851,23147
1736884800,1.21851,1.22125,1.21832,1.22109,9290
1736899200,1.22102,1.22141,1.21989,1.21993,5238
1736913600,1.21994,1.22073,1.2192,1.21991,6310
1736928000,1.21991,1.22409,1.21543,1.22181,16357
1736942400,1.22181,1.23059,1.22009,1.2297500000000001,15439
1736956800,1.22987,1.23054,1.21928,1.22145,23715
1736971200,1.22146,1.22446,1.22125,1.22384,7750
1736985600,1.22327,1.22477,1.22266,1.22282,8409
1737000000,1.22287,1.22332,1.22064,1.22085,7372
1737014400,1.22085,1.22262,1.21891,1.21972,14324
1737028800,1.21972,1.22122,1.21744,1.2196799999999999,16264
1737043200,1.2196799999999999,1.22601,1.21762,1.22364,26029
1737057600,1.22364,1.22461,1.22268,1.22351,9431
1737072000,1.2235,1.2240199999999999,1.22289,1.22323,4280
1737086400,1.2233100000000001,1.22439,1.22121,1.22171,5794
1737100800,1.2217,1.22174,1.21599,1.21959,14577
1737115200,1.21961,1.22166,1.21753,1.21817,14487
1737129600,1.21818,1.22275,1.21606,1.21728,23032
1737144000,1.21728,1.21864,1.21634,1.2164,10019
1737331200,1.21707,1.21944,1.21601,1.21917,5992
1737345600,1.21917,1.22147,1.21853,1.22101,5169
1737360000,1.22101,1.22214,1.21652,1.21775,12978
1737374400,1.21779,1.2299,1.21779,1.22984,15580
1737388800,1.22976,1.2326,1.2254,1.22818,23079
1737403200,1.22818,1.23441,1.22787,1.23204,9071
1737417600,1.2319499999999999,1.23449,1.22476,1.22749,17099
1737432000,1.22749,1.23113,1.22722,1.22759,10938
1737446400,1.22757,1.22862,1.22343,1.22482,16018
1737460800,1.2248,1.22808,1.22287,1.22783,18014
1737475200,1.22801,1.2335,1.22698,1.23255,22798
1737489600,1.2325599999999999,1.23564,1.2322899999999999,1.23512,9684
1737504000,1.23433,1.23537,1.23222,1.23322,9568
1737518400,1.23322,1.23475,1.2328000000000001,1.23432,5768
1737532800,1.23431,1.23649,1.23113,1.2364,16420
1737547200,1.23643,1.23758,1.23355,1.23451,15582
1737561600,1.23449,1.23479,1.2307,1.23215,19619
1737576000,1.23216,1.23309,1.23102,1.23122,8112
1737590400,1.23141,1.23231,1.23072,1.23102,5380
1737604800,1.23102,1.23209,1.23014,1.23114,6201
1737619200,1.23114,1.23208,1.22931,1.23167,13214
1737633600,1.2317,1.23305,1.22995,1.23227,15939
1737648000,1.23227,1.23752,1.22995,1.23719,24662
1737662400,1.23721,1.23722,1.23465,1.23485,10810
1737676800,1.23489,1.23583,1.23449,1.23543,4794
1737691200,1.23543,1.24039,1.2354,1.23991,12188
1737705600,1.23993,1.24475,1.23763,1.24275,19605
1737720000,1.24275,1.24355,1.24002,1.2414,13735
1737734400,1.24139,1.25016,1.2409,1.24874,19718
1737748800,1.24874,1.24952,1.24773,1.2484,9271
1737936000,1.24658,1.24729,1.24472,1.24486,8224
1737950400,1.24486,1.24626,1.24419,1.24466,9091
1737964800,1.24465,1.24862,1.24255,1.2486,18130
1737979200,1.24862,1.2523,1.24854,1.2502499999999999,19132
1737993600,1.25024,1.25112,1.24669,1.24746,22184
1738008000,1.24742,1.24997,1.24695,1.24992,12238
1738022400,1.24918,1.24966,1.24362,1.24498,13719
1738036800,1.24493,1.24543,1.2434,1.2445,10805
1738051200,1.24449,1.24556,1.24259,1.2448,15398
1738065600,1.2448,1.2451699999999999,1.24143,1.24237,14299
1738080000,1.24236,1.24469,1.24214,1.24283,17995
1738094400,1.24288,1.24452,1.2422,1.24405,9652
1738108800,1.2436099999999999,1.2447,1.24352,1.24359,6005
1738123200,1.24359,1.24551,1.24341,1.24538,6714
1738137600,1.24553,1.2463,1.24155,1.2420200000000001,14268
1738152000,1.2420200000000001,1.2428,1.23928,1.23974,16453
1738166400,1.23974,1.24488,1.23962,1.24418,22327
1738180800,1.24419,1.24576,1.24118,1.24503,22527
1738195200,1.24343,1.24596,1.24341,1.24494,6916
1738209600,1.24494,1.24552,1.24416,1.24479,7521
1738224000,1.24479,1.24623,1.24315,1.2443,13613
1738238400,1.2443,1.2471,1.24244,1.2466599999999999,17218
1738252800,1.24659,1.2476099999999999,1.24352,1.24441,22414
1738267200,1.24442,1.24638,1.24072,1.24169,13548
1738281600,1.24129,1.24311,1.24067,1.24184,7218
1738296000,1.24185,1.24273,1.24136,1.24204,6779
1738310400,1.24204,1.24395,1.24004,1.24212,14050
1738324800,1.24213,1.24314,1.24054,1.2413,14899
1738339200,1.24138,1.24714,1.23872,1.24535,24460
1738353600,1.24537,1.24609,1.23857,1.23904,23521
1738540800,1.2309,1.23239,1.22643,1.22877,21088
1738555200,1.22877,1.2288000000000001,1.2248999999999999,1.2276799999999999,16126
1738569600,1.22769,1.23227,1.22726,1.22923,21250
1738584000,1.22923,1.23747,1.22916,1.23644,19925
1738598400,1.23647,1.24358,1.23358,1.23935,37466
1738612800,1.2393399999999999,1.2454399999999999,1.23817,1.24444,18013
1738627200,1.24352,1.24537,1.24087,1.2421,9787
1738641600,1.2421,1.24271,1.23788,1.23974,12293
1738656000,1.23974,1.24366,1.23929,1.24247,17135
1738670400,1.24243,1.24342,1.23956,1.24282,15863
1738684800,1.24283,1.2493,1.24279,1.24821,24217
1738699200,1.2482,1.24901,1.24743,1.2482,10580
1738713600,1.24741,1.24895,1.24699,1.24701,7676
1738728000,1.2469999999999999,1.24821,1.24628,1.24672,8570
1738742400,1.24672,1.25285,1.24654,1.25174,15331
1738756800,1.25174,1.25495,1.2511700000000001,1.25145,16051
1738771200,1.25148,1.2536399999999999,1.25012,1.25087,19352
1738785600,1.25085,1.25139,1.24978,1.25016,9162
1738800000,1.25039,1.25095,1.24981,1.25074,5036
1738814400,1.25071,1.25088,1.24827,1.24835,5656
1738828800,1.24834,1.24909,1.24174,1.24252,10804
1738843200,1.24253,1.24312,1.23603,1.23832,16772
1738857600,1.23834,1.24452,1.23815,1.24415,16561
1738872000,1.24417,1.24554,1.24328,1.24364,9415
1738886400,1.2431,1.2443,1.24223,1.24314,4812
1738900800,1.24314,1.24396,1.24197,1.24213,5887
1738915200,1.24213,1.24683,1.2419,1.24593,9298
1738929600,1.24593,1.2490999999999999,1.242,1.24302,12324
1738944000,1.2429999999999999,1.24665,1.2376,1.24025,25060
1738958400,1.24025,1.24227,1.23983,1.23991,10129
1739145600,1.23686,1.24003,1.23676,1.23827,8597
1739160000,1.23828,1.24087,1.238,1.24005,6646
1739174400,1.24006,1.24206,1.23906,1.24084,11252
1739188800,1.24082,1.24218,1.23792,1.23903,10983
1739203200,1.23904,1.2394,1.2371,1.2380200000000001,12798
1739217600,1.2380200000000001,1.23811,1.23627,1.23657,6927
1739232000,1.23654,1.23694,1.2353399999999999,1.23594,5604
1739246400,1.23594,1.2363,1.23449,1.23612,5845
1739260800,1.23611,1.23781,1.23323,1.23655,10018
1739275200,1.23655,1.23987,1.23559,1.23978,10794
1739289600,1.23979,1.2426,1.23966,1.24233,12688
1739304000,1.24233,1.24546,1.24207,1.24458,8993
1739318400,1.24345,1.24536,1.2432699999999999,1.245,5741
1739332800,1.245,1.24584,1.24407,1.2445,7518
1739347200,1.2445,1.24655,1.24347,1.24463,10454
1739361600,1.24469,1.24616,1.23738,1.23886,13444
1739376000,1.2388,1.24833,1.2377799999999999,1.24774,22270
1739390400,1.24775,1.24826,1.24347,1.24408,11361
1739404800,1.24383,1.2457799999999999,1.24354,1.24564,6511
1739419200,1.24564,1.24956,1.24519,1.2490999999999999,8012
1739433600,1.24909,1.25172,1.24718,1.24912,13901
1739448000,1.24912,1.25052,1.24526,1.24706,14839
1739462400,1.24707,1.25427,1.2461,1.25216,19546
1739476800,1.25217,1.25678,1.2477,1.25678,14561
1739491200,1.25543,1.25715,1.25499,1.25633,7186
1739505600,1.25633,1.25656,1.2549299999999999,1.25535,6222
1739520000,1.25535,1.25959,1.2551700000000001,1.25875,14085
1739534400,1.25875,1.26089,1.25718,1.2603,13493
1739548800,1.2603,1.26299,1.26007,1.26089,15647
1739563200,1.2609,1.2610299999999999,1.25833,1.25845,6976
1739750400,1.2582900000000001,1.2600500000000001,1.25782,1.25996,7795
1739764800,1.25997,1.25998,1.2583,1.25881,8448
1739779200,1.2588,1.26044,1.25833,1.2591,11498
1739793600,1.2591,1.26079,1.25876,1.2593,9794
1739808000,1.2593,1.26263,1.25851,1.26223,7977
1739822400,1.26224,1.2634400000000001,1.26185,1.26248,3196
1739836800,1.2616,1.26236,1.25996,1.26055,5558
1739851200,1.26055,1.26123,1.25928,1.2597800000000001,8172
1739865600,1.2597800000000001,1.26227,1.25926,1.26071,12131
1739880000,1.2608,1.26094,1.25821,1.25922,11115
1739894400,1.25923,1.26204,1.25889,1.26,13166
1739908800,1.26,1.26106,1.2592400000000001,1.26097,6854
1739923200,1.26113,1.26385,1.26071,1.26131,7603
1739937600,1.26131,1.26242,1.26082,1.26241,6894
1739952000,1.26241,1.26358,1.26031,1.26044,11356
1739966400,1.26044,1.26054,1.25751,1.2591,11993
1739980800,1.25909,1.26064,1.2563,1.25725,14822
1739995200,1.25726,1.25904,1.25661,1.25861,8894
1740009600,1.25777,1.25942,1.25776,1.2582900000000001,6006
1740024000,1.2582900000000001,1.25992,1.25808,1.25936,7951
1740038400,1.25936,1.26154,1.25888,1.26136,11295
1740052800,1.26135,1.26227,1.25969,1.26129,12739
1740067200,1.2612700000000001,1.266,1.26054,1.26522,17061
1740081600,1.26516,1.2671000000000001,1.26484,1.26693,7670
1740096000,1.2665899999999999,1.26738,1.26535,1.26559,7076
1740110400,1.26559,1.2674,1.26556,1.26597,8489
1740124800,1.26597,1.26784,1.26419,1.26499,12966
1740139200,1.26499,1.26562,1.26365,1.26456,9153
1740153600,1.26457,1.26675,1.26299,1.26445,15725
1740168000,1.26444,1.2645,1.26247,1.26291,10497
1740355200,1.263,1.26796,1.26289,1.2678,8951
1740369600,1.2678,1.2690299999999999,1.26706,1.26742,9054
1740384000,1.26743,1.2674400000000001,1.26254,1.2637800000000001,13702
1740398400,1.2637800000000001,1.26504,1.2626,1.26448,11296
1740412800,1.26447,1.26497,1.26119,1.264,16719
1740427200,1.264,1.2650299999999999,1.26178,1.26253,9058
1740441600,1.2622499999999999,1.26285,1.26155,1.26228,6183
1740456000,1.26228,1.2638099999999999,1.2621,1.26369,7427
1740470400,1.26369,1.26389,1.26055,1.26238,12965
1740484800,1.26238,1.26775,1.26152,1.26703,13552
1740499200,1.26705,1.2677,1.26403,1.2662900000000001,18322
1740513600,1.2662900000000001,1.2677,1.26596,1.2666,10344
1740528000,1.26632,1.26779,1.26601,1.26642,6134
1740542400,1.26643,1.26665,1.26353,1.26383,7693
1740556800,1.26382,1.26644,1.26356,1.26533,11829
1740571200,1.26533,1.26645,1.26397,1.2653699999999999,11279
1740585600,1.26536,1.27157,1.26513,1.26844,19132
1740600000,1.2684199999999999,1.26963,1.26696,1.2674400000000001,11709
1740614400,1.26725,1.2683900000000001,1.26605,1.26644,6084
1740628800,1.26644,1.26663,1.26501,1.26545,8558
1740643200,1.26545,1.26786,1.26538,1.26784,11361
1740657600,1.26784,1.26886,1.26284,1.26323,14562
1740672000,1.26319,1.26448,1.26087,1.26125,19157
1740686400,1.26126,1.2629299999999999,1.2597800000000001,1.25987,10549
1740700800,1.25974,1.26102,1.2594,1.25942,6884
1740715200,1.25941,1.2600500000000001,1.25804,1.25855,8305
1740729600,1.25854,1.26068,1.25726,1.25949,12119
1740744000,1.25948,1.26101,1.25834,1.26022,11044
1740758400,1.26024,1.26217,1.25803,1.25897,18385
1740772800,1.25897,1.25908,1.2559,1.2578,13490
1740960000,1.25783,1.26135,1.25776,1.26085,8960
1740974400,1.26085,1.26133,1.25964,1.26048,7814
1740988800,1.2604899999999999,1.26297,1.2582,1.26284,12592
1741003200,1.26285,1.26884,1.26285,1.26792,16497
1741017600,1.26793,1.27175,1.26722,1.2716,19028
1741032000,1.27159,1.2724199999999999,1.26797,1.2698800000000001,15396
1741046400,1.2694,1.27094,1.26875,1.26968,9101
1741060800,1.26968,1.26993,1.26784,1.26952,10705
1741075200,1.26952,1.2741,1.26883,1.27245,15339
1741089600,1.27243,1.27536,1.27042,1.2722,15773
1741104000,1.27219,1.2745600000000001,1.26993,1.27435,22961
1741118400,1.27435,1.27994,1.2741,1.27936,19147
1741132800,1.27899,1.27968,1.27759,1.2777,9770
1741147200,1.27774,1.27966,1.27674,1.27954,11859
1741161600,1.27951,1.2854,1.27869,1.28356,17182
1741176000,1.28357,1.28426,1.28033,1.2822200000000001,16782
1741190400,1.2822200000000001,1.28809,1.28194,1.28791,25131
1741204800,1.28791,1.29005,1.28644,1.28949,14402
1741219200,1.28919,1.29073,1.28867,1.2904499999999999,9492
1741233600,1.29047,1.29081,1.2883,1.2901799999999999,9547
1741248000,1.2901799999999999,1.29234,1.28685,1.28763,18377
1741262400,1.28762,1.28974,1.28654,1.28966,17446
1741276800,1.28968,1.29183,1.28802,1.28876,25094
1741291200,1.28876,1.29029,1.2870300000000001,1.28818,13746
1741305600,1.28731,1.2889300000000001,1.28731,1.28833,6416
1741320000,1.28833,1.2892299999999999,1.2876699999999999,1.28843,8650
1741334400,1.28842,1.29443,1.28795,1.2938100000000001,13456
1741348800,1.2938100000000001,1.29421,1.29021,1.29024,16158
1741363200,1.29023,1.29366,1.28943,1.2907,23822
1741377600,1.2907,1.2929300000000001,1.28963,1.29221,12878
1741564800,1.29115,1.2943500000000001,1.29024,1.29379,7897
1741579200,1.29379,1.29457,1.2907199999999999,1.29074,7956
1741593600,1.29074,1.29226,1.28739,1.2877399999999999,13286
1741608000,1.2877399999999999,1.29455,1.28744,1.29335,17647
1741622400,1.29325,1.29462,1.28852,1.28945,19592
1741636800,1.28943,1.28946,1.28613,1.28725,12790
1741651200,1.28732,1.28885,1.28721,1.28856,6269
1741665600,1.28856,1.28978,1.28759,1.28944,12079
1741680000,1.28944,1.29371,1.28731,1.29297,15863
1741694400,1.29297,1.29513,1.29189,1.2944499999999999,14958
1741708800,1.29444,1.29562,1.29177,1.2937,21461
1741723200,1.2937,1.29656,1.29334,1.29496,14239
1741737600,1.29398,1.29501,1.29308,1.2935699999999999,4641
1741752000,1.29359,1.29432,1.29189,1.29233,9037
1741766400,1.29236,1.29419,1.29131,1.2941799999999999,12715
1741780800,1.29419,1.29878,1.29292,1.29426,15672
1741795200,1.29427,1.29824,1.29242,1.2972299999999999,18791
1741809600,1.29724,1.29803,1.29596,1.29604,9594
1741824000,1.29544,1.2968,1.29543,1.29666,3400
1741838400,1.29667,1.29729,1.29541,1.2962,7625
1741852800,1.29618,1.29657,1.2941099999999999,1.2947600000000001,12312
1741867200,1.2947199999999999,1.29661,1.29264,1.2932299999999999,14785
1741881600,1.2932299999999999,1.2959800000000001,1.29206,1.29464,17750
1741896000,1.29466,1.29552,1.29361,1.29543,8361
1741910400,1.2943799999999999,1.29585,1.29421,1.2944499999999999,4478
1741924800,1.2944499999999999,1.29487,1.29353,1.2940800000000001,9036
1741939200,1.2940800000000001,1.29493,1.2917100000000001,1.29324,11299
1741953600,1.29328,1.29536,1.29199,1.29416,15505
1741968000,1.29416,1.29454,1.2910599999999999,1.29249,16313
1741982400,1.29249,1.2938,1.29242,1.2937,6468
1742169600,1.29208,1.29355,1.2920099999999999,1.29291,4693
1742184000,1.29291,1.29447,1.29281,1.29345,5767
1742198400,1.29345,1.29458,1.29279,1.29417,8117
1742212800,1.29417,1.29771,1.29405,1.2971300000000001,11152
1742227200,1.2971599999999999,1.29948,1.29672,1.2990599999999999,12712
1742241600,1.29907,1.29985,1.29851,1.29902,7879
1742256000,1.2989899999999999,1.29911,1.29818,1.29829,2862
1742270400,1.2983,1.29867,1.29703,1.29769,5984
1742284800,1.29769,1.30047,1.29673,1.29965,8929
1742299200,1.29965,1.30034,1.29512,1.29694,12029
1742313600,1.29694,1.29989,1.29535,1.29988,16419
1742328000,1.29988,1.30094,1.29968,1.3002500000000001,7797
1742342400,1.29986,1.30039,1.2993700000000001,1.2995999999999999,3478
1742356800,1.2995999999999999,1.30027,1.29859,1.2987199999999999,4662
1742371200,1.2987199999999999,1.2990599999999999,1.29572,1.29735,11041
1742385600,1.29736,1.29821,1.29569,1.2966,11107
1742400000,1.2966199999999999,1.29758,1.29548,1.29738,11968
1742414400,1.29738,1.30108,1.29554,1.30034,15359
1742428800,1.29943,1.30145,1.2993700000000001,1.3009,3982
1742443200,1.3009,1.3013,1.3,1.30017,6407
1742457600,1.30017,1.3001800000000001,1.29623,1.29719,9441
1742472000,1.29718,1.29793,1.29358,1.2951,14580
1742486400,1.2951,1.29736,1.2935699999999999,1.29649,14250
1742500800,1.29649,1.297,1.2955999999999999,1.2965499999999999,7083
1742515200,1.29645,1.29702,1.29587,1.29639,3403
1742529600,1.29639,1.29678,1.29373,1.29395,5911
1742544000,1.29395,1.29449,1.2922,1.29402,10031
1742558400,1.29402,1.2955,1.29321,1.29364,10830
1742572800,1.29364,1.29388,1.28874,1.29204,15570
1742587200,1.29204,1.2929300000000001,1.29088,1.29136,6986
1742774400,1.2894999999999999,1.29339,1.28933,1.29334,4601
1742788800,1.29334,1.29346,1.29109,1.29163,6980
1742803200,1.29163,1.29574,1.29125,1.29528,10159
1742817600,1.2953000000000001,1.29738,1.29395,1.29433,12648
1742832000,1.29433,1.29495,1.28951,1.29033,16846
1742846400,1.29033,1.2929599999999999,1.29002,1.2922500000000001,7966
1742860800,1.29214,1.29238,1.2916,1.2917,2757
1742875200,1.2917,1.29283,1.2911299999999999,1.2923200000000001,6188
1742889600,1.2923200000000001,1.29278,1.29016,1.29124,9452
1742904000,1.29121,1.29604,1.29109,1.29547,12385
1742918400,1.29547,1.29604,1.29328,1.29568,14807
1742932800,1.29572,1.29666,1.29391,1.29429,7500
1742947200,1.29393,1.29488,1.29331,1.29332,3338
1742961600,1.29331,1.29457,1.29266,1.29346,5926
1742976000,1.29346,1.29429,1.28861,1.29068,10854
1742990400,1.29064,1.2913000000000001,1.28831,1.2892700000000001,12357
1743004800,1.28929,1.2909,1.28741,1.28955,14929
1743019200,1.28955,1.2897,1.2879,1.28883,8657
1743033600,1.28864,1.28904,1.28707,1.2889,5500
1743048000,1.2889,1.29254,1.28888,1.29206,7233
1743062400,1.29207,1.29291,1.29012,1.2923200000000001,11631
1743076800,1.29231,1.29647,1.29109,1.2944499999999999,11991
1743091200,1.29447,1.29918,1.29223,1.29566,16190
1743105600,1.29571,1.29665,1.29454,1.29489,7134
1743120000,1.29426,1.29516,1.29403,1.29484,3155
1743134400,1.29481,1.29528,1.29404,1.2941099999999999,5059
1743148800,1.2941099999999999,1.29679,1.29373,1.29462,8849
1743163200,1.29462,1.2956400000000001,1.29213,1.2943500000000001,10517
1743177600,1.2943799999999999,1.29676,1.29336,1.29434,15798
1743192000,1.2943500000000001,1.2947600000000001,1.2928899999999999,1.29423,6961
1743379200,1.29337,1.29593,1.2922,1.29593,6016
1743393600,1.29592,1.29714,1.29547,1.29566,7121
1743408000,1.29566,1.29724,1.29351,1.29441,11957
1743422400,1.2944,1.2959,1.29177,1.29321,10330
1743436800,1.29321,1.2941,1.2886,1.29064,16769
1743451200,1.29061,1.2924,1.29044,1.29196,6818
1743465600,1.29121,1.29269,1.29121,1.2926,3582
1743480000,1.2926,1.29405,1.29172,1.29371,6880
1743494400,1.29372,1.2937400000000001,1.29022,1.29257,10926
1743508800,1.29257,1.29379,1.28853,1.2889599999999999,13412
1743523200,1.28897,1.2929599999999999,1.28789,1.29263,16575
1743537600,1.29263,1.29326,1.2907899999999999,1.29246,7887
1743552000,1.29182,1.29328,1.29097,1.29104,4311
1743566400,1.29104,1.29304,1.29057,1.29181,5964
1743580800,1.29181,1.29244,1.29,1.29204,8687
1743595200,1.29204,1.29498,1.2919399999999999,1.29431,10498
1743609600,1.29425,1.29787,1.29337,1.29704,14693
1743624000,1.29704,1.30246,1.29526,1.30012,13595
1743638400,1.29851,1.30568,1.2971300000000001,1.30399,15699
1743652800,1.304,1.30768,1.30368,1.30584,13513
1743667200,1.30585,1.31683,1.30575,1.3162,20289
1743681600,1.31622,1.3207,1.31373,1.31576,24529
1743696000,1.31578,1.3195700000000001,1.3103799999999999,1.31048,24642
1743710400,1.31043,1.31084,1.30795,1.30965,11797
1743724800,1.30941,1.3108,1.30831,1.3101,9026
1743739200,1.3101,1.31093,1.30803,1.3097400000000001,13018
1743753600,1.30973,1.31135,1.29748,1.29824,20578
1743768000,1.29831,1.30492,1.2962,1.3001,32725
1743782400,1.30011,1.30173,1.28878,1.28945,34234
1743796800,1.2894700000000001,1.29141,1.28532,1.28845,19739
1743984000,1.28312,1.29315,1.28193,1.29091,20247
1743998400,1.29092,1.29155,1.28498,1.29021,17904
1744012800,1.29021,1.29336,1.2865,1.28707,26119
1744027200,1.28707,1.28765,1.28036,1.28369,27315
1744041600,1.2837100000000001,1.28465,1.27099,1.27297,32338
1744056000,1.2730299999999999,1.2778,1.2708,1.272,19212
1744070400,1.27167,1.27651,1.27151,1.27512,7512
1744084800,1.27512,1.27914,1.2751000000000001,1.27857,12841
1744099200,1.27857,1.27959,1.27453,1.27525,19394
1744113600,1.27525,1.27958,1.2724199999999999,1.27756,20492
1744128000,1.27753,1.27933,1.27436,1.27724,25230
1744142400,1.27721,1.28141,1.2754699999999999,1.27651,18946
1744156800,1.27582,1.28152,1.27528,1.28145,10416
1744171200,1.28145,1.28566,1.2812999999999999,1.28553,19615
1744185600,1.28549,1.28638,1.27863,1.2825,24694
1744200000,1.28248,1.28368,1.27702,1.28033,23588
1744214400,1.28034,1.28144,1.27512,1.2765,22390
1744228800,1.27647,1.28372,1.27432,1.28248,27854
1744243200,1.28046,1.28463,1.28046,1.28438,10666
1744257600,1.28438,1.28602,1.28217,1.2859099999999999,13280
1744272000,1.2859099999999999,1.28812,1.28448,1.28689,20361
1744286400,1.2869,1.29565,1.2860800000000001,1.29246,22263
1744300800,1.29249,1.29785,1.28918,1.29539,26665
1744315200,1.29538,1.2995700000000001,1.29311,1.29701,19019
1744329600,1.29634,1.30473,1.29616,1.30164,14142
1744344000,1.30165,1.30467,1.29943,1.3020800000000001,20514
1744358400,1.3021,1.31333,1.29848,1.31086,25282
1744372800,1.31082,1.31448,1.30562,1.3122500000000001,24770
1744387200,1.3122500000000001,1.3134000000000001,1.3030300000000001,1.3050899999999999,27893
1744401600,1.3050899999999999,1.30831,1.30437,1.30724,15780
1744588800,1.3082500000000001,1.3106,1.30632,1.3096999999999999,10468
1744603200,1.30973,1.3128199999999999,1.30951,1.3104,14017
1744617600,1.3104,1.31872,1.30961,1.3170899999999999,16852
1744632000,1.3170899999999999,1.32007,1.3141,1.31454,15438
1744646400,1.31457,1.31922,1.31226,1.31661,21220
1744660800,1.31662,1.31993,1.31659,1.3185799999999999,11659
1744675200,1.31805,1.31976,1.31637,1.31732,6094
1744689600,1.31731,1.32175,1.3169,1.3211300000000001,8522
1744704000,1.3211300000000001,1.32382,1.3184,1.32298,15022
1744718400,1.3228900000000001,1.32515,1.32184,1.3223,14062
1744732800,1.3223099999999999,1.3246,1.3205,1.32119,18867
1744747200,1.32119,1.32342,1.32059,1.32313,8734
1744761600,1.32203,1.32537,1.32149,1.32462,7041
1744776000,1.32463,1.3266499999999999,1.32427,1.32641,8906
1744790400,1.32643,1.32908,1.32568,1.32889,15774
1744804800,1.3289,1.32918,1.3250199999999999,1.32595,14784
1744819200,1.32596,1.32712,1.3226200000000001,1.32334,15886
1744833600,1.3232300000000001,1.32492,1.32119,1.32385,13094
1744848000,1.32342,1.32453,1.32108,1.32118,6641
1744862400,1.32118,1.32294,1.32025,1.32094,8171
1744876800,1.32094,1.32473,1.32032,1.32394,13436
1744891200,1.32393,1.325,1.32171,1.32492,14452
1744905600,1.32491,1.32729,1.32271,1.32577,18522
1744920000,1.32577,1.32724,1.32467,1.32642,8730
1744934400,1.32596,1.32837,1.32496,1.32809,11301
1744948800,1.32806,1.32834,1.32641,1.32687,39384
1744963200,1.3269,1.32786,1.32577,1.32706,36350
1744977600,1.3272599999999999,1.3280699999999999,1.32652,1.32766,32016
1744992000,1.3276,1.32857,1.32704,1.32842,27561
1745006400,1.3283800000000001,1.32984,1.3278400000000001,1.32916,16981
1745193600,1.3272599999999999,1.33554,1.3268,1.3346,7541
1745208000,1.3346,1.33864,1.3342,1.33827,8780
1745222400,1.33827,1.34158,1.33718,1.34146,11749
1745236800,1.34146,1.3421699999999999,1.33789,1.34039,11786
1745251200,1.34037,1.34086,1.33748,1.33786,13709
1745265600,1.33786,1.33843,1.33625,1.33796,7815
1745280000,1.33684,1.33846,1.3361399999999999,1.33703,6321
1745294400,1.33703,1.34097,1.337,1.34021,7803
1745308800,1.34021,1.34233,1.33684,1.33871,15537
1745323200,1.3387,1.33903,1.33552,1.33713,13423
1745337600,1.33717,1.33901,1.33425,1.33459,14997
1745352000,1.33457,1.33542,1.33255,1.33282,8129
1745366400,1.33274,1.33338,1.32334,1.33056,12352
1745380800,1.3305500000000001,1.33173,1.32869,1.3305,9136
1745395200,1.3305,1.33281,1.3273,1.33194,14839
1745409600,1.33194,1.33386,1.32903,1.33037,14378
1745424000,1.33037,1.33192,1.32498,1.32605,20880
1745438400,1.3260399999999999,1.32772,1.32497,1.32548,8807
1745452800,1.32512,1.3279,1.32456,1.32766,5623
1745467200,1.32767,1.32862,1.32649,1.32698,6496
1745481600,1.32698,1.33095,1.32644,1.33011,11740
1745496000,1.33013,1.33205,1.32957,1.33012,11638
1745510400,1.3302,1.3332,1.32898,1.33283,14278
1745524800,1.33283,1.33483,1.33149,1.33444,6107
1745539200,1.33314,1.33401,1.33056,1.33068,4728
1745553600,1.33068,1.33175,1.32792,1.32868,7653
1745568000,1.32868,1.33136,1.32738,1.3302100000000001,11830
1745582400,1.33025,1.33258,1.32869,1.33226,9104
1745596800,1.33227,1.3332,1.32976,1.33188,11114
1745611200,1.33188,1.33321,1.33093,1.33125,5473
1745798400,1.32985,1.33114,1.32878,1.32999,4238
1745812800,1.32999,1.3315000000000001,1.32798,1.33149,4733
1745827200,1.33149,1.3333599999999999,1.32878,1.33289,10807
1745841600,1.33291,1.3354300000000001,1.33291,1.3342399999999999,10261
1745856000,1.33425,1.34202,1.33409,1.34127,14231
1745870400,1.34127,1.34429,1.34109,1.34424,6527
1745884800,1.34296,1.34437,1.34245,1.34257,4446
1745899200,1.34257,1.34421,1.33935,1.33958,7708
1745913600,1.33958,1.34256,1.33958,1.34108,10622
1745928000,1.34108,1.34139,1.33801,1.34091,9181
1745942400,1.34091,1.34207,1.33879,1.34071,13188
1745956800,1.34071,1.34106,1.33928,1.34066,5826
1745971200,1.33963,1.34144,1.33948,1.34019,3994
1745985600,1.34019,1.34112,1.3382,1.33905,6644
1746000000,1.33905,1.34061,1.33628,1.33669,9833
1746014400,1.33671,1.33738,1.3342800000000001,1.33518,12604
1746028800,1.33518,1.33585,1.33088,1.33463,16517
1746043200,1.33463,1.3357700000000001,1.33188,1.33259,7650
1746057600,1.33287,1.33301,1.33161,1.3318699999999999,4003
1746072000,1.3318699999999999,1.3319,1.32924,1.3293300000000001,5132
1746086400,1.32932,1.33328,1.32745,1.33247,10353
1746100800,1.33246,1.3345099999999999,1.33118,1.33158,11253
1746115200,1.3315299999999999,1.3326799999999999,1.32616,1.32804,14875
1746129600,1.32804,1.32865,1.3260100000000001,1.32802,6122
1746144000,1.32727,1.32896,1.32682,1.3279,4669
1746158400,1.32793,1.33132,1.32752,1.33075,6979
1746172800,1.33075,1.33215,1.32821,1.32916,11191
1746187200,1.32904,1.33155,1.32593,1.32904,13725
1746201600,1.32904,1.33305,1.3276,1.32835,17285
1746216000,1.32834,1.32937,1.3262800000000001,1.32671,7155
1746403200,1.32608,1.32762,1.32599,1.32708,3586
1746417600,1.32715,1.33003,1.3271,1.32951,5887
1746432000,1.32951,1.33064,1.32751,1.3281399999999999,10684
1746446400,1.32817,1.33352,1.32817,1.33304,10799
1746460800,1.33305,1.3336299999999999,1.32698,1.32735,12701
1746475200,1.32735,1.32992,1.32717,1.32941,5465
1746489600,1.32883,1.32982,1.3267,1.3269199999999999,3350
1746504000,1.32686,1.33052,1.32599,1.3302100000000001,7644
1746518400,1.3302100000000001,1.3333300000000001,1.32852,1.33147,11965
1746532800,1.33147,1.34021,1.33077,1.33961,11671
1746547200,1.33962,1.3397000000000001,1.33515,1.3357999999999999,12994
1746561600,1.33581,1.33864,1.33563,1.33701,6813
1746576000,1.3364,1.3378700000000001,1.33331,1.3351600000000001,7827
1746590400,1.3351600000000001,1.3362,1.33352,1.33419,7858
1746604800,1.33419,1.3367,1.33355,1.33358,11196
1746619200,1.33357,1.33678,1.33224,1.3366500000000001,9873
1746633600,1.3366500000000001,1.33769,1.33324,1.33478,11651
1746648000,1.33478,1.33528,1.32795,1.32907,11548
1746662400,1.32852,1.3306499999999999,1.32852,1.32953,4297
1746676800,1.32953,1.3356,1.32932,1.33317,7504
1746691200,1.33317,1.33325,1.32608,1.3265799999999999,13887
1746705600,1.3265799999999999,1.33418,1.32391,1.33236,13116
1746720000,1.33236,1.33447,1.32615,1.32657,15008
1746734400,1.32657,1.3267,1.32361,1.3247900000000001,7550
1746748800,1.32428,1.3250899999999999,1.32192,1.32394,3549
1746763200,1.32392,1.3242,1.32118,1.32364,7572
1746777600,1.32364,1.32709,1.32232,1.32698,10462
1746792000,1.32698,1.32868,1.32616,1.32851,11085
1746806400,1.32851,1.33224,1.32837,1.33068,11602
1746820800,1.33066,1.3318699999999999,1.32958,1.32962,4572
1747008000,1.326,1.32951,1.32577,1.32886,6110
1747022400,1.32887,1.3294000000000001,1.32748,1.32859,7499
1747036800,1.32859,1.3299,1.3159399999999999,1.31941,18029
1747051200,1.31941,1.3204099999999999,1.31395,1.31958,16540
1747065600,1.31958,1.32148,1.3176700000000001,1.31776,16141
1747080000,1.31776,1.31846,1.31619,1.31761,8482
1747094400,1.31653,1.31849,1.3164,1.31782,5726
1747108800,1.31782,1.32007,1.31746,1.32007,8463
1747123200,1.32007,1.3216700000000001,1.31891,1.32115,12953
1747137600,1.3211300000000001,1.32442,1.3201800000000001,1.3243,12281
1747152000,1.3243,1.32944,1.32209,1.32922,16943
1747166400,1.32922,1.3316,1.3287,1.33057,7927
1747180800,1.33026,1.3316,1.32989,1.33132,4054
1747195200,1.33132,1.33196,1.32977,1.33037,9430
1747209600,1.33037,1.3358400000000001,1.32905,1.33468,14271
1747224000,1.33475,1.336,1.33159,1.3324799999999999,14864
1747238400,1.3324799999999999,1.33288,1.32704,1.32822,17936
1747252800,1.32821,1.3288,1.3253,1.32596,9059
1747267200,1.32562,1.32744,1.32504,1.3272300000000001,4798
1747281600,1.32722,1.32863,1.3271899999999999,1.32741,7464
1747296000,1.32741,1.33049,1.3262,1.32895,13077
1747310400,1.32894,1.33087,1.32667,1.33052,14043
1747324800,1.33051,1.33191,1.32634,1.32888,18626
1747339200,1.32888,1.33083,1.32862,1.33036,7566
1747353600,1.32969,1.33171,1.3294000000000001,1.33138,4404
1747368000,1.33138,1.33193,1.33061,1.33181,7643
1747382400,1.33181,1.33324,1.3301,1.33042,10712
1747396800,1.33042,1.33087,1.32731,1.3283,11529
1747411200,1.32833,1.3299,1.3250199999999999,1.32683,15111
1747425600,1.32687,1.32832,1.32672,1.32817,7969
1747612800,1.32717,1.33134,1.32654,1.33127,5092
1747627200,1.33128,1.3314,1.3289900000000001,1.32988,6744
1747641600,1.32988,1.33725,1.32924,1.33673,13506
1747656000,1.33673,1.3403399999999999,1.33624,1.33708,14863
1747670400,1.33708,1.33755,1.33453,1.33545,15787
1747684800,1.33545,1.3364099999999999,1.33446,1.33615,7828
1747699200,1.3351199999999999,1.3361100000000001,1.33442,1.33558,4958
1747713600,1.33558,1.33735,1.33463,1.33637,8262
1747728000,1.33633,1.3394599999999999,1.33633,1.3373300000000001,14064
1747742400,1.33732,1.33837,1.3335,1.33398,11816
1747756800,1.33398,1.33739,1.33344,1.33711,15575
1747771200,1.33711,1.33935,1.33694,1.33915,7731
1747785600,1.33804,1.34115,1.33759,1.34085,4142
1747800000,1.34085,1.34353,1.33984,1.34299,8039
1747814400,1.34299,1.34686,1.33905,1.33986,14230
1747828800,1.33986,1.3437700000000001,1.3388499999999999,1.34222,14989
1747843200,1.34231,1.3451,1.34142,1.34466,15511
1747857600,1.34466,1.34523,1.34127,1.34191,11207
1747872000,1.34137,1.34311,1.34045,1.34246,5493
1747886400,1.34244,1.34408,1.34162,1.34286,8316
1747900800,1.34286,1.34403,1.34013,1.34022,13555
1747915200,1.34021,1.34261,1.33904,1.3412600000000001,13091
1747929600,1.34128,1.34362,1.34039,1.34176,15853
1747944000,1.34175,1.34296,1.34032,1.34167,7669
1747958400,1.34066,1.34353,1.34066,1.34317,3952
1747972800,1.34313,1.3455,1.34292,1.34517,5777
1747987200,1.34515,1.34914,1.34435,1.34877,10256
1748001600,1.34877,1.35332,1.34735,1.3517700000000001,16919
1748016000,1.35176,1.35233,1.3480400000000001,1.35214,14717
1748030400,1.35215,1.35389,1.3521,1.35331,6967
1748217600,1.3522,1.35608,1.35208,1.35608,5762
1748232000,1.35608,1.35928,1.3553,1.35821,8244
1748246400,1.35822,1.35925,1.35576,1.35639,9394
1748260800,1.35642,1.35679,1.3550900000000001,1.35554,6861
1748275200,1.35554,1.35681,1.35522,1.35639,5851
1748289600,1.35638,1.35648,1.35574,1.35629,3788
1748304000,1.35558,1.35847,1.35507,1.35822,4512
1748318400,1.35823,1.35864,1.35534,1.35549,6336
1748332800,1.35551,1.3573,1.35214,1.35366,14412
1748347200,1.35365,1.3562,1.35334,1.35617,11160
1748361600,1.35617,1.35646,1.35,1.3507,14225
1748376000,1.35072,1.3515,1.35016,1.35077,6151
1748390400,1.3502,1.35221,1.3502,1.35147,3808
1748404800,1.35147,1.35161,1.34703,1.34721,9320
1748419200,1.34721,1.35107,1.34608,1.35089,11149
1748433600,1.3509,1.3519,1.34656,1.34689,10238
1748448000,1.34689,1.34889,1.34497,1.34744,15486
1748462400,1.34744,1.34792,1.3461699999999999,1.34683,7766
1748476800,1.34632,1.34707,1.3415,1.3428,10290
1748491200,1.3428,1.34464,1.34186,1.34397,9136
1748505600,1.34397,1.34744,1.3426,1.34598,12115
1748520000,1.34604,1.35047,1.34579,1.35011,12994
1748534400,1.35011,1.3507,1.34762,1.34927,16428
1748548800,1.34927,1.35043,1.34869,1.34945,8161
1748563200,1.34808,1.35093,1.34806,1.3496299999999999,6502
1748577600,1.3496299999999999,1.35107,1.3467799999999999,1.34713,7901
1748592000,1.34713,1.34853,1.34551,1.3465799999999999,11569
1748606400,1.3465500000000001,1.34991,1.34622,1.34923,13105
1748620800,1.34923,1.34939,1.34477,1.34606,17616
1748635200,1.34609,1.34763,1.34545,1.34562,8600
1748822400,1.34609,1.34917,1.34483,1.3488,4409
1748836800,1.34879,1.35052,1.34729,1.34885,7024
1748851200,1.34885,1.35571,1.34877,1.35429,12352
1748865600,1.35429,1.35552,1.35267,1.3542399999999999,12626
1748880000,1.35425,1.35594,1.35182,1.35222,17476
1748894400,1.35218,1.35494,1.35169,1.35468,7781
1748908800,1.35361,1.35589,1.35327,1.35474,4121
1748923200,1.35474,1.35474,1.3514599999999999,1.35232,7471
1748937600,1.35233,1.35372,1.35049,1.35149,10485
1748952000,1.35149,1.3526099999999999,1.34914,1.35034,11046
1748966400,1.35034,1.35332,1.34959,1.35181,16498
1748980800,1.35181,1.3529,1.35133,1.35193,5864
1748995200,1.351,1.3532600000000001,1.35098,1.35264,4276
1749009600,1.35264,1.3544100000000001,1.35103,1.35119,7292
1749024000,1.35119,1.35452,1.35006,1.35397,11453
1749038400,1.354,1.3544,1.3511,1.35427,11868
1749052800,1.35429,1.35796,1.35312,1.35711,15516
1749067200,1.3571,1.35736,1.35449,1.35528,7189
1749081600,1.35537,1.35593,1.35454,1.35593,4401
1749096000,1.35593,1.35653,1.35402,1.35469,7939
1749110400,1.35472,1.3574,1.35422,1.35669,9254
1749124800,1.3566799999999999,1.3594,1.35601,1.3578700000000001,13254
1749139200,1.3578700000000001,1.3616,1.35707,1.35863,20631
1749153600,1.35862,1.35892,1.35663,1.3573,9912
1749168000,1.35673,1.35842,1.35654,1.35786,3885
1749182400,1.35786,1.35836,1.35651,1.35747,6382
1749196800,1.35744,1.35748,1.35343,1.35379,9380
1749211200,1.35378,1.35636,1.3517000000000001,1.35359,12616
1749225600,1.35355,1.3547799999999999,1.35072,1.35188,18549
1749240000,1.3519,1.3534,1.35155,1.3525,7073
1749427200,1.3524,1.35394,1.35208,1.35309,2864
1749441600,1.35309,1.35652,1.35309,1.3553899999999999,4818
1749456000,1.3553899999999999,1.35777,1.35484,1.3573,7998
1749470400,1.35731,1.35811,1.35335,1.35361,9787
1749484800,1.35357,1.35641,1.35242,1.35582,11573
1749499200,1.35582,1.35655,1.3548,1.3548,5700
1749513600,1.35418,1.3564,1.35406,1.3554,4932
1749528000,1.35542,1.35601,1.35191,1.35377,8544
1749542400,1.35377,1.35456,1.34559,1.34874,13081
1749556800,1.34874,1.35123,1.3479700000000001,1.3507,10304
1749571200,1.3507,1.3536299999999999,1.34974,1.34981,12142
1749585600,1.34991,1.35079,1.349,1.34986,6447
1749600000,1.3492,1.35098,1.34876,1.34918,6436
1749614400,1.34918,1.34954,1.3474,1.34821,6973
1749628800,1.34822,1.34959,1.34641,1.34942,9090
1749643200,1.34941,1.35495,1.34847,1.35184,12520
1749657600,1.35184,1.35577,1.3501400000000001,1.35493,14273
1749672000,1.35493,1.35669,1.35358,1.35466,7787
1749686400,1.35374,1.35879,1.35374,1.3583,5447
1749700800,1.3583,1.3593,1.3566799999999999,1.35822,8437
1749715200,1.3581699999999999,1.35895,1.35224,1.3566,12841
1749729600,1.3566,1.3618999999999999,1.3559700000000001,1.36099,15811
1749744000,1.36099,1.36233,1.35819,1.35914,16406
1749758400,1.35913,1.36148,1.35837,1.36147,5915
1749772800,1.3603399999999999,1.36321,1.35585,1.35701,8791
1749787200,1.35701,1.35714,1.3529900000000001,1.3534,12851
1749801600,1.3534,1.35702,1.35213,1.35591,15034
1749816000,1.35591,1.35626,1.35229,1.3534,14276
1749830400,1.3534,1.36029,1.35161,1.35944,13003
1749844800,1.3594300000000001,1.3594300000000001,1.35583,1.35682,9483
1750032000,1.35506,1.35608,1.35334,1.35494,6219
1750046400,1.3549,1.35579,1.35343,1.35469,6995
1750060800,1.35469,1.35922,1.35469,1.35785,11967
1750075200,1.35786,1.35906,1.35735,1.35822,10658
1750089600,1.35822,1.36219,1.35822,1.36084,14835
1750104000,1.36082,1.36107,1.35721,1.35797,7420
1750118400,1.35614,1.35794,1.35575,1.3566799999999999,7035
1750132800,1.3566799999999999,1.3578999999999999,1.35586,1.35727,7555
1750147200,1.35727,1.3578299999999999,1.35479,1.35479,10545
1750161600,1.35477,1.35733,1.35413,1.35474,11142
1750176000,1.35474,1.35645,1.3466,1.3471199999999999,16110
1750190400,1.34713,1.3474300000000001,1.34146,1.34253,12406
1750204800,1.3419400000000001,1.3437999999999999,1.34161,1.34311,7375
1750219200,1.3431199999999999,1.3447200000000001,1.3426,1.34435,9155
1750233600,1.3443399999999999,1.34763,1.34375,1.3452600000000001,11365
1750248000,1.34528,1.3468200000000001,1.3437700000000001,1.34469,10237
1750262400,1.3446799999999999,1.34753,1.34348,1.34567,15818
1750276800,1.34564,1.34762,1.3400400000000001,1.34191,18211
1750291200,1.34162,1.34273,1.34077,1.34149,7630
1750305600,1.34149,1.34154,1.33865,1.34109,10302
1750320000,1.34109,1.34281,1.33823,1.34271,11534
1750334400,1.34271,1.34488,1.3404099999999999,1.3440699999999999,12239
1750348800,1.3440400000000001,1.34452,1.34169,1.34249,9862
1750363200,1.34249,1.34697,1.34243,1.34686,4073
1750377600,1.3452,1.34903,1.34464,1.34877,6849
1750392000,1.34877,1.34995,1.34762,1.3495300000000001,9854
1750406400,1.3495300000000001,1.35008,1.34622,1.34907,11928
1750420800,1.34907,1.35108,1.3485,1.35012,11341
1750435200,1.35016,1.35058,1.34532,1.34701,14925
1750449600,1.34701,1.3476,1.34401,1.34467,8046
1750636800,1.33959,1.34416,1.33959,1.34215,8177
1750651200,1.34215,1.34379,1.3403,1.3409,9525
1750665600,1.34091,1.34485,1.34091,1.34143,14563
1750680000,1.3414,1.34168,1.337,1.3391600000000001,15048
1750694400,1.33915,1.35056,1.33868,1.3492,18477
1750708800,1.34921,1.35305,1.34897,1.35251,9467
1750723200,1.35152,1.35547,1.35062,1.3548,9065
1750737600,1.35481,1.35724,1.3535599999999999,1.35647,10123
1750752000,1.35647,1.36032,1.35591,1.36003,15715
1750766400,1.36003,1.36262,1.35944,1.36008,11237
1750780800,1.36008,1.36477,1.35906,1.3625099999999999,16420
1750795200,1.3625099999999999,1.36385,1.3612,1.36155,7783
1750809600,1.36112,1.36191,1.36059,1.36169,4844
1750824000,1.36172,1.36288,1.36107,1.36159,8435
1750838400,1.36159,1.36333,1.36059,1.36213,10985
1750852800,1.3620700000000001,1.3621699999999999,1.35903,1.35964,10730
1750867200,1.35965,1.3643,1.3593899999999999,1.36402,11689
1750881600,1.36402,1.36712,1.36362,1.36639,8300
1750896000,1.36532,1.3695300000000001,1.36509,1.36893,5157
1750910400,1.36893,1.37242,1.3676599999999999,1.37004,8785
1750924800,1.37004,1.37645,1.36962,1.37493,14180
1750939200,1.37492,1.37533,1.36993,1.37182,14180
1750953600,1.37182,1.37702,1.37069,1.37546,18309
1750968000,1.37544,1.3762699999999999,1.37223,1.37275,10357
1750982400,1.37264,1.37352,1.37157,1.37304,5105
1750996800,1.37302,1.37497,1.37223,1.3722400000000001,7671
1751011200,1.3722699999999999,1.37501,1.37199,1.37429,11989
1751025600,1.3743400000000001,1.3752499999999999,1.3719700000000001,1.37404,12783
1751040000,1.37404,1.37467,1.37029,1.37074,15417
1751054400,1.3707500000000001,1.37186,1.36826,1.37183,9575
1751241600,1.3701699999999999,1.37284,1.36989,1.37138,5544
1751256000,1.3714,1.37302,1.37108,1.37294,6066
1751270400,1.37294,1.3740700000000001,1.36928,1.36995,11811
1751284800,1.36995,1.37116,1.36846,1.36932,11008
1751299200,1.36932,1.3722699999999999,1.3673600000000001,1.3713899999999999,15718
1751313600,1.3713899999999999,1.37343,1.37031,1.3731,7289
1751328000,1.37209,1.37412,1.37165,1.3740700000000001,5191
1751342400,1.3740700000000001,1.37483,1.37236,1.37409,7171
1751356800,1.37409,1.37833,1.37318,1.37736,12692
1751371200,1.37737,1.37884,1.3740299999999999,1.37412,14018
1751385600,1.37412,1.37431,1.37033,1.37241,16588
1751400000,1.37242,1.3749799999999999,1.37206,1.37459,7482
1751414400,1.3740999999999999,1.37489,1.37405,1.37479,3980
1751428800,1.37479,1.3752499999999999,1.3731499999999999,1.37438,5431
1751443200,1.3743699999999999,1.37454,1.36938,1.36977,10872
1751457600,1.3697599999999999,1.37126,1.35884,1.36075,16734
1751472000,1.36075,1.36321,1.35625,1.36308,16248
1751486400,1.36307,1.3644,1.36265,1.36323,7188
1751500800,1.36343,1.36651,1.36319,1.36468,4869
1751515200,1.36468,1.36535,1.36228,1.3629,6801
1751529600,1.3629,1.36754,1.3625099999999999,1.3664,10764
1751544000,1.36639,1.36677,1.35852,1.3614899999999999,14576
1751558400,1.3614899999999999,1.3674,1.36114,1.36499,17956
1751572800,1.36498,1.36529,1.36387,1.36524,3383
1751587200,1.36538,1.36684,1.3643,1.36633,3746
1751601600,1.36633,1.36743,1.36448,1.36737,6702
1751616000,1.3674,1.36812,1.36565,1.36638,10884
1751630400,1.3663699999999999,1.36643,1.36346,1.36351,10409
1751644800,1.36351,1.36534,1.36349,1.36464,8780
1751659200,1.36465,1.36555,1.36403,1.3641,23462
1751846400,1.36414,1.3657599999999999,1.36414,1.36469,5237
1751860800,1.36468,1.36468,1.3615300000000001,1.36168,8160
1751875200,1.36168,1.36261,1.3578999999999999,1.35803,13189
1751889600,1.35803,1.3620999999999999,1.35748,1.36171,10888
1751904000,1.36172,1.36476,1.35938,1.35948,13858
1751918400,1.35948,1.36167,1.35887,1.35993,9639
1751932800,1.36002,1.36365,1.35979,1.36286,6247
1751947200,1.36283,1.3642400000000001,1.36172,1.3631,7965
1751961600,1.3631,1.36462,1.36096,1.3612,12006
1751976000,1.3612,1.36144,1.35628,1.35779,11750
1751990400,1.35779,1.35816,1.35255,1.35782,18516
1752004800,1.35784,1.35971,1.35769,1.3590499999999999,9818
1752019200,1.35888,1.3594300000000001,1.35742,1.35859,4588
1752033600,1.35859,1.35926,1.35638,1.35853,9251
1752048000,1.35853,1.3606,1.3578999999999999,1.36005,11585
1752062400,1.36008,1.36124,1.35737,1.36079,10735
1752076800,1.36079,1.36193,1.35784,1.35836,11259
1752091200,1.35834,1.36005,1.358,1.35869,4829
1752105600,1.35839,1.36132,1.3578000000000001,1.3609200000000001,5174
1752120000,1.36084,1.3611900000000001,1.35992,1.36047,7047
1752134400,1.36047,1.36193,1.36019,1.36057,8659
1752148800,1.36057,1.36162,1.35569,1.35602,9174
1752163200,1.35602,1.35725,1.3532899999999999,1.35637,14474
1752177600,1.35635,1.35831,1.35605,1.35799,7070
1752192000,1.35699,1.35852,1.35447,1.35549,6546
1752206400,1.3555,1.35696,1.3548,1.35562,10072
1752220800,1.35562,1.35642,1.35282,1.35354,12091
1752235200,1.35354,1.35526,1.34958,1.35039,12360
1752249600,1.35038,1.35196,1.34809,1.35061,13486
1752264000,1.35061,1.3517000000000001,1.34835,1.34925,5916
1752451200,1.34848,1.3504,1.34776,1.34982,6954
1752465600,1.34982,1.3502399999999999,1.34713,1.34759,7864
1752480000,1.34759,1.34891,1.34511,1.34754,10501
1752494400,1.34754,1.34933,1.347,1.34774,9195
1752508800,1.34774,1.34843,1.3427,1.34349,13131
1752523200,1.34349,1.34408,1.34243,1.34254,4468
1752537600,1.343,1.3440400000000001,1.34209,1.34351,5643
1752552000,1.34352,1.3439,1.34261,1.34315,6368
1752566400,1.34314,1.34535,1.34274,1.34464,9550
1752580800,1.34464,1.34665,1.34314,1.34479,11345
1752595200,1.34479,1.34504,1.33799,1.33867,18504
1752609600,1.33866,1.33928,1.33784,1.33809,7304
1752624000,1.33826,1.33986,1.33768,1.33931,4178
1752638400,1.33928,1.34001,1.33822,1.33963,7281
1752652800,1.33963,1.34164,1.3388499999999999,1.33907,10881
1752667200,1.33907,1.34123,1.33825,1.33921,12160
1752681600,1.33921,1.3485800000000001,1.33646,1.34218,26627
1752696000,1.34216,1.34403,1.34046,1.34205,9831
1752710400,1.3415300000000001,1.34231,1.3395299999999999,1.33996,5854
1752724800,1.33999,1.3405,1.33839,1.3395299999999999,8217
1752739200,1.33954,1.34106,1.33739,1.34106,13438
1752753600,1.34111,1.34137,1.33795,1.3400699999999999,11210
1752768000,1.34005,1.34203,1.33927,1.34,13074
1752782400,1.34,1.34196,1.33988,1.34152,5198
1752796800,1.3413300000000001,1.34376,1.34112,1.34314,5392
1752811200,1.34314,1.34403,1.34233,1.34235,6751
1752825600,1.34235,1.34424,1.34101,1.34368,8899
1752840000,1.34368,1.34723,1.34347,1.34576,9113
1752854400,1.34576,1.34748,1.34164,1.34186,13541
1752868800,1.34186,1.34213,1.34054,1.34077,5832
1753056000,1.34128,1.34245,1.34023,1.34035,5970
1753070400,1.3403100000000001,1.3419400000000001,1.34017,1.34184,6110
1753084800,1.34183,1.3465799999999999,1.34167,1.34518,9915
1753099200,1.34518,1.34833,1.34445,1.34795,9519
1753113600,1.34795,1.35104,1.34665,1.34942,13101
1753128000,1.34942,1.3495599999999999,1.34827,1.349,6558
1753142400,1.34879,1.34915,1.34785,1.3483100000000001,4606
1753156800,1.34832,1.34874,1.34732,1.34764,6581
1753171200,1.34764,1.34921,1.3461400000000001,1.34896,9758
1753185600,1.34896,1.34994,1.3475,1.34809,9493
1753200000,1.34808,1.35325,1.3470900000000001,1.3529499999999999,16055
1753214400,1.3529499999999999,1.35324,1.35187,1.35312,7743
1753228800,1.35289,1.35347,1.35164,1.35267,6492
1753243200,1.35267,1.35348,1.35155,1.35271,10170
1753257600,1.35271,1.35486,1.35147,1.35416,10705
1753272000,1.35415,1.3548200000000001,1.3529499999999999,1.35454,9940
1753286400,1.35454,1.35762,1.35233,1.35611,15412
1753300800,1.35611,1.35835,1.35567,1.35803,8371
1753315200,1.35754,1.3587099999999999,1.35703,1.35735,4884
1753329600,1.35735,1.35887,1.35733,1.35796,8702
1753344000,1.35796,1.35818,1.3542399999999999,1.35436,11437
1753358400,1.35436,1.3553899999999999,1.35312,1.3535,10892
1753372800,1.3535,1.35625,1.3504399999999999,1.35108,17077
1753387200,1.35108,1.35273,1.35025,1.35041,8522
1753401600,1.35097,1.35118,1.35015,1.35068,5090
1753416000,1.35068,1.3512,1.34857,1.3491,8163
1753430400,1.3491,1.3504399999999999,1.34591,1.34627,13196
1753444800,1.34627,1.34641,1.34232,1.34333,10636
1753459200,1.34333,1.34433,1.34162,1.34207,15640
1753473600,1.34207,1.3437700000000001,1.34195,1.34295,6759
1753660800,1.3425099999999999,1.34489,1.3425,1.3443100000000001,6530
1753675200,1.34432,1.34528,1.34292,1.34361,8203
1753689600,1.34361,1.34365,1.34055,1.34205,12878
1753704000,1.34206,1.34381,1.34022,1.34376,13115
1753718400,1.34376,1.34396,1.3376000000000001,1.33784,13902
1753732800,1.33784,1.33799,1.33509,1.33537,6665
1753747200,1.3354300000000001,1.33616,1.3344,1.3345,4766
1753761600,1.3345,1.3357999999999999,1.33362,1.33493,8513
1753776000,1.33493,1.33537,1.33149,1.33415,13838
1753790400,1.33415,1.33616,1.33151,1.33151,12800
1753804800,1.3315000000000001,1.33474,1.33073,1.3338,16285
1753819200,1.3338,1.33637,1.33352,1.33487,9471
1753833600,1.33459,1.3366,1.33385,1.33655,4656
1753848000,1.33655,1.3369,1.3348900000000001,1.33504,8657
1753862400,1.33505,1.33686,1.33412,1.3367200000000001,10602
1753876800,1.3366799999999999,1.33856,1.33069,1.3308900000000001,14087
1753891200,1.3308900000000001,1.33135,1.32695,1.32815,15505
1753905600,1.32815,1.33129,1.32273,1.3238400000000001,19051
1753920000,1.32348,1.32588,1.32243,1.3250899999999999,6178
1753934400,1.32508,1.32698,1.32412,1.3269,10216
1753948800,1.3268900000000001,1.32816,1.32391,1.32495,12804
1753963200,1.32496,1.3249900000000001,1.32083,1.32163,13624
1753977600,1.32163,1.32389,1.31852,1.32225,17934
1753992000,1.32221,1.32269,1.31988,1.3205,10650
1754006400,1.32028,1.32129,1.31978,1.32099,6884
1754020800,1.32098,1.32127,1.31894,1.31988,9943
1754035200,1.31988,1.32128,1.31598,1.31601,11031
1754049600,1.31601,1.3303,1.31391,1.32843,15481
1754064000,1.3284799999999999,1.33102,1.3242099999999999,1.3245,27022
1754078400,1.3244799999999999,1.32918,1.32154,1.32825,12992
1754265600,1.32742,1.32929,1.32577,1.32613,8041
1754280000,1.32613,1.32895,1.32532,1.3277700000000001,8945
1754294400,1.3277700000000001,1.3290899999999999,1.32641,1.32776,12436
1754308800,1.32771,1.33138,1.32703,1.32975,14058
1754323200,1.32975,1.33305,1.32773,1.32851,17840
1754337600,1.32852,1.3287499999999999,1.32718,1.3287499999999999,8883
1754352000,1.32831,1.33026,1.32755,1.32988,5000
1754366400,1.32988,1.32993,1.32752,1.32853,7349
1754380800,1.32853,1.32953,1.3259,1.32796,11337
1754395200,1.32798,1.32948,1.32659,1.3281399999999999,12366
1754409600,1.3281399999999999,1.33159,1.32682,1.3309,18251
1754424000,1.33093,1.33152,1.32885,1.3298,10339
1754438400,1.32934,1.33056,1.32886,1.33006,4065
1754452800,1.33006,1.33136,1.32944,1.33114,5875
1754467200,1.33113,1.33114,1.3281100000000001,1.32837,9511
1754481600,1.32833,1.33298,1.3283,1.33169,12005
1754496000,1.33169,1.33619,1.33124,1.33468,16101
1754510400,1.33468,1.33681,1.33446,1.33554,9040
1754524800,1.33532,1.33603,1.33434,1.33474,4447
1754539200,1.33474,1.33686,1.3345500000000001,1.33677,6090
1754553600,1.33677,1.33798,1.33629,1.3369,10356
1754568000,1.33689,1.34363,1.33647,1.34205,14805
1754582400,1.34205,1.34342,1.33904,1.34295,16975
1754596800,1.34295,1.34478,1.3403100000000001,1.3444099999999999,11644
1754611200,1.34409,1.3452600000000001,1.3427799999999999,1.34478,4954
1754625600,1.3448,1.345,1.34341,1.34351,5531
1754640000,1.34352,1.34508,1.34239,1.34342,10098
1754654400,1.34342,1.3453,1.34175,1.34228,12064
1754668800,1.34228,1.3454,1.34228,1.34473,13491
1754683200,1.34473,1.34584,1.34425,1.34447,9331
1754870400,1.3441,1.3450199999999999,1.3427,1.34422,3098
1754884800,1.34422,1.3468,1.3440400000000001,1.3465799999999999,4371
1754899200,1.3465799999999999,1.34763,1.34476,1.34642,8347
1754913600,1.3464,1.34687,1.34119,1.34227,10066
1754928000,1.34227,1.34264,1.3399,1.34242,12569
1754942400,1.34244,1.34369,1.34168,1.34335,7964
1754956800,1.34281,1.34368,1.34189,1.34298,4529
1754971200,1.34298,1.34389,1.34236,1.34382,5843
1754985600,1.34382,1.34711,1.34199,1.34687,13624
1755000000,1.34687,1.35094,1.34461,1.34853,16634
1755014400,1.34854,1.35235,1.34626,1.35148,26739
1755028800,1.35149,1.35152,1.34877,1.34957,10077
1755043200,1.34982,1.35057,1.34904,1.35022,4266
1755057600,1.35022,1.3507799999999999,1.34923,1.35046,5717
1755072000,1.35046,1.35628,1.3498999999999999,1.3557000000000001,10670
1755086400,1.3557000000000001,1.35795,1.35561,1.35602,12751
1755100800,1.35602,1.3584800000000001,1.35535,1.3573,14644
1755115200,1.3573,1.35801,1.3562699999999999,1.3578999999999999,8202
1755129600,1.35699,1.35873,1.35633,1.35854,4020
1755144000,1.35854,1.35916,1.35703,1.3575599999999999,7608
1755158400,1.3575599999999999,1.3590900000000001,1.3562699999999999,1.3572,12457
1755172800,1.3571900000000001,1.35945,1.35456,1.35527,15554
1755187200,1.35527,1.35569,1.35203,1.35228,18422
1755201600,1.35228,1.35391,1.35227,1.35293,8176
1755216000,1.35293,1.3535,1.35218,1.35341,3328
1755230400,1.35341,1.35508,1.35302,1.35473,5841
1755244800,1.35473,1.3559700000000001,1.35423,1.35459,8052
1755259200,1.35459,1.3569200000000001,1.3545,1.35609,10914
1755273600,1.35609,1.35746,1.35535,1.3557000000000001,15853
1755288000,1.35569,1.35589,1.35495,1.3555,6654
1755475200,1.35501,1.35633,1.3547799999999999,1.35529,3503
1755489600,1.35528,1.35649,1.3548499999999999,1.35626,4557
1755504000,1.35626,1.35639,1.35304,1.3546,9080
1755518400,1.3546,1.35501,1.35347,1.35437,10096
1755532800,1.35437,1.35461,1.35065,1.35089,13430
1755547200,1.35089,1.35155,1.35013,1.35019,7064
1755561600,1.35019,1.35135,1.34984,1.35023,4194
1755576000,1.35023,1.3506,1.34864,1.35049,6762
1755590400,1.35049,1.35225,1.3496000000000001,1.3519700000000001,9453
1755604800,1.3519700000000001,1.3531,1.35031,1.35096,9938
1755619200,1.35096,1.35154,1.34849,1.34891,13384
1755633600,1.34891,1.34954,1.34774,1.34909,6279
1755648000,1.34849,1.34928,1.3474300000000001,1.34796,6501
1755662400,1.34796,1.34829,1.3461699999999999,1.34742,8096
1755676800,1.34742,1.3509,1.34713,1.35006,12143
1755691200,1.35006,1.3505,1.34715,1.34887,10223
1755705600,1.34887,1.34914,1.34471,1.34605,14950
1755720000,1.34604,1.34702,1.34479,1.34562,7779
1755734400,1.3455599999999999,1.34665,1.34469,1.34567,4907
1755748800,1.34566,1.34646,1.34478,1.34516,5796
1755763200,1.3452,1.34717,1.3435000000000001,1.34657,10392
1755777600,1.34657,1.34826,1.34415,1.34461,12787
1755792000,1.34461,1.34593,1.34052,1.34186,20152
1755806400,1.34186,1.34265,1.34108,1.3412899999999999,7237
1755820800,1.3408,1.34199,1.3408,1.34196,4136
1755835200,1.34196,1.34228,1.33927,1.33936,7067
1755849600,1.33936,1.34145,1.33903,1.3413300000000001,9749
1755864000,1.3413300000000001,1.34204,1.3406799999999999,1.3412899999999999,11915
1755878400,1.3412899999999999,1.3544,1.34121,1.35254,30146
1755892800,1.35254,1.35439,1.35171,1.35253,11042
1756080000,1.3514599999999999,1.35249,1.34946,1.34971,5335
1756094400,1.34971,1.35149,1.34894,1.3511199999999999,5516
1756108800,1.3511199999999999,1.35271,1.3502,1.3503,8620
1756123200,1.3503,1.35202,1.34836,1.3504399999999999,9177
1756137600,1.3504399999999999,1.35127,1.34843,1.34879,15372
1756152000,1.34879,1.34898,1.34455,1.34528,9030
1756166400,1.34549,1.34901,1.34462,1.34806,8749
1756180800,1.34806,1.34824,1.3449900000000001,1.34565,9624
1756195200,1.34565,1.34692,1.34345,1.34632,16433
1756209600,1.34632,1.3492899999999999,1.34609,1.34791,14468
1756224000,1.34785,1.34925,1.347,1.3477299999999999,17573
1756238400,1.3477299999999999,1.34854,1.34677,1.3477000000000001,7252
1756252800,1.34769,1.34824,1.34681,1.3471199999999999,4640
1756267200,1.3471199999999999,1.3474599999999999,1.34463,1.34483,8485
1756281600,1.34483,1.3465500000000001,1.34301,1.34448,11464
1756296000,1.34448,1.3449499999999999,1.3416000000000001,1.34413,12075
1756310400,1.34413,1.34972,1.34356,1.3496000000000001,16792
1756324800,1.3496000000000001,1.35015,1.349,1.34976,8463
1756339200,1.34918,1.35057,1.3486500000000001,1.3504399999999999,5659
1756353600,1.3504399999999999,1.35182,1.35005,1.35039,8806
1756368000,1.35039,1.3513,1.34829,1.34986,12016
1756382400,1.34986,1.3526099999999999,1.34974,1.35031,14518
1756396800,1.35031,1.3527,1.34886,1.35219,18266
1756411200,1.35219,1.35306,1.35066,1.35097,8424
1756425600,1.35074,1.35113,1.35023,1.35084,5854
1756440000,1.35084,1.3511199999999999,1.34937,1.35025,9401
1756454400,1.35025,1.35032,1.34693,1.34769,12124
1756468800,1.34769,1.34787,1.34461,1.34601,14315
1756483200,1.34601,1.35159,1.34462,1.3507799999999999,19802
1756497600,1.3507799999999999,1.35163,1.3498700000000001,1.35026,7923
1756684800,1.34933,1.35191,1.3492600000000001,1.3517700000000001,5143
1756699200,1.3517700000000001,1.35288,1.35049,1.35181,9465
1756713600,1.3518,1.35403,1.3514599999999999,1.35351,12351
1756728000,1.35351,1.3537,1.3522,1.35324,12448
1756742400,1.35328,1.35495,1.35307,1.35416,12276
1756756800,1.35416,1.35495,1.35393,1.35462,3091
1756771200,1.35431,1.35491,1.35348,1.35372,5390
1756785600,1.35372,1.35413,1.35224,1.35272,9888
1756800000,1.35272,1.35334,1.33752,1.3413,22105
1756814400,1.3413,1.34173,1.334,1.33515,22312
1756828800,1.33515,1.34184,1.3342,1.33923,20579
1756843200,1.33923,1.33951,1.33746,1.33939,8683
1756857600,1.33884,1.33955,1.33716,1.33755,5280
1756872000,1.33755,1.33776,1.33601,1.33692,8161
1756886400,1.33692,1.34089,1.33327,1.3407,14621
1756900800,1.34067,1.34291,1.33948,1.34243,14291
1756915200,1.34243,1.34537,1.341,1.34496,19570
1756929600,1.34496,1.34583,1.3434,1.3440400000000001,8491
1756944000,1.34389,1.34439,1.34334,1.34418,5650
1756958400,1.34418,1.3449499999999999,1.3425099999999999,1.34268,7298
1756972800,1.34268,1.34565,1.34161,1.34538,10426
1756987200,1.34538,1.3458700000000001,1.3421699999999999,1.3440699999999999,13981
1757001600,1.34409,1.34466,1.3417,1.34212,16391
1757016000,1.34212,1.34367,1.34184,1.3435000000000001,6581
1757030400,1.34259,1.34501,1.3418999999999999,1.34489,5195
1757044800,1.34489,1.3457,1.3446500000000001,1.345,7480
1757059200,1.345,1.34717,1.3449,1.34697,9947
1757073600,1.34697,1.35327,1.3457,1.3520699999999999,16957
1757088000,1.3520699999999999,1.35544,1.35045,1.35257,27303
1757102400,1.35257,1.3525800000000001,1.35003,1.35059,9788
1757289600,1.34958,1.35,1.3482,1.34958,5318
1757304000,1.3496000000000001,1.35053,1.34864,1.34961,7657
1757318400,1.3496000000000001,1.35259,1.34952,1.35122,10777
1757332800,1.3512,1.35488,1.3501699999999999,1.35427,10954
1757347200,1.35433,1.35562,1.35275,1.35374,13513
1757361600,1.35372,1.3554599999999999,1.35269,1.35453,6445
1757376000,1.3543,1.3562,1.35408,1.35582,4561
1757390400,1.35579,1.3575,1.35524,1.35731,7745
1757404800,1.3572899999999999,1.35821,1.35572,1.3572899999999999,11566
1757419200,1.35731,1.3590200000000001,1.35453,1.35541,10469
1757433600,1.35542,1.35743,1.35223,1.35343,17066
1757448000,1.35341,1.3538299999999999,1.35176,1.35257,6467
1757462400,1.35137,1.35304,1.35137,1.35217,5107
1757476800,1.35217,1.35422,1.3514,1.3541400000000001,8333
1757491200,1.3541400000000001,1.35431,1.35125,1.35272,10344
1757505600,1.35271,1.35629,1.35229,1.3529900000000001,12446
1757520000,1.35301,1.35612,1.35253,1.35359,13674
1757534400,1.3536000000000001,1.35415,1.35211,1.35274,6078
1757548800,1.3529900000000001,1.35397,1.35179,1.35272,4284
1757563200,1.35271,1.35336,1.35217,1.3526799999999999,6513
1757577600,1.35269,1.35269,1.35031,1.35144,11847
1757592000,1.35145,1.35488,1.34893,1.35447,16774
1757606400,1.3544800000000001,1.35788,1.35395,1.35775,20240
1757620800,1.35776,1.35827,1.35681,1.3576,10091
1757635200,1.35714,1.35803,1.35629,1.35723,4708
1757649600,1.35724,1.35733,1.35517,1.35561,7915
1757664000,1.35559,1.35748,1.35304,1.35334,11942
1757678400,1.35335,1.35625,1.35237,1.35429,12639
1757692800,1.35427,1.3569200000000001,1.35374,1.35599,13196
1757707200,1.3559999999999999,1.35704,1.35545,1.35592,6691
1757894400,1.35445,1.35613,1.35382,1.35556,4906
1757908800,1.35555,1.35706,1.35522,1.35667,6151
1757923200,1.35669,1.35987,1.35528,1.35815,10148
1757937600,1.35815,1.36199,1.35781,1.36143,11012
1757952000,1.36144,1.3617,1.35843,1.35985,12793
1757966400,1.35986,1.36109,1.35941,1.3597000000000001,8144
1757980800,1.35891,1.36053,1.35891,1.36014,4318
1757995200,1.36016,1.36246,1.35975,1.36155,7957
1758009600,1.3615599999999999,1.36426,1.36139,1.36262,11369
1758024000,1.36261,1.36493,1.36231,1.36405,13352
1758038400,1.36403,1.36716,1.36384,1.3657599999999999,15611
1758052800,1.36575,1.36674,1.36414,1.36453,8856
1758067200,1.36453,1.36587,1.3637000000000001,1.36448,5006
1758081600,1.36449,1.36477,1.36389,1.36417,6173
1758096000,1.36418,1.3652,1.36294,1.36398,9040
1758110400,1.3639700000000001,1.3656,1.36381,1.36539,8546
1758124800,1.36541,1.36694,1.36481,1.36648,10577
1758139200,1.36647,1.37262,1.36193,1.36249,24732
1758153600,1.36239,1.36351,1.36163,1.3626800000000001,6948
1758168000,1.3626800000000001,1.36304,1.36042,1.36063,8974
1758182400,1.36064,1.3648,1.35858,1.36392,12862
1758196800,1.36399,1.36601,1.3594300000000001,1.35944,14218
1758211200,1.35938,1.35955,1.35337,1.35525,20263
1758225600,1.35524,1.3563,1.35439,1.35484,7683
1758240000,1.35494,1.35564,1.35334,1.35484,6689
1758254400,1.35483,1.35593,1.35306,1.3544,10470
1758268800,1.35439,1.35513,1.34822,1.34992,14534
1758283200,1.34991,1.35101,1.34628,1.3468200000000001,11614
1758297600,1.3468499999999999,1.3498,1.3468,1.3482,14693
1758312000,1.34819,1.34847,1.34661,1.34687,6397
1758499200,1.34598,1.34726,1.34569,1.34669,6335
1758513600,1.3467,1.3474300000000001,1.34525,1.34602,8000
1758528000,1.34603,1.3503,1.34586,1.34955,11419
1758542400,1.3495599999999999,1.35157,1.34897,1.35079,10519
1758556800,1.3507799999999999,1.35198,1.3492,1.35081,12021
1758571200,1.35086,1.35191,1.35068,1.3514300000000001,4770
1758585600,1.35054,1.35203,1.3496000000000001,1.35202,4259
1758600000,1.3519999999999999,1.35267,1.35029,1.35068,6958
1758614400,1.35069,1.35277,1.34869,1.35035,12923
1758628800,1.35039,1.35289,1.34966,1.35243,11237
1758643200,1.35245,1.35362,1.35057,1.3520400000000001,15453
1758657600,1.35201,1.35267,1.35126,1.3523,8146
1758672000,1.35179,1.35277,1.3504399999999999,1.35145,5799
1758686400,1.3514599999999999,1.3516,1.3504800000000001,1.35086,7898
1758700800,1.3508499999999999,1.35119,1.3473,1.3483399999999999,10307
1758715200,1.34843,1.34872,1.34358,1.34451,11312
1758729600,1.3445,1.34574,1.3426,1.34425,15928
1758744000,1.34424,1.3455300000000001,1.3442,1.34447,6395
1758758400,1.34455,1.34574,1.34356,1.3456299999999999,6085
1758772800,1.34566,1.34643,1.34486,1.34626,7269
1758787200,1.34623,1.34667,1.34341,1.34523,10644
1758801600,1.3453,1.34591,1.33722,1.33834,13127
1758816000,1.33833,1.33941,1.33357,1.33389,19388
1758830400,1.33384,1.3346,1.33232,1.3345,7969
1758844800,1.33379,1.3345500000000001,1.33288,1.3345,6005
1758859200,1.33449,1.33551,1.33389,1.3354,6345
1758873600,1.33544,1.3370199999999999,1.33447,1.33646,9249
1758888000,1.3364500000000001,1.33769,1.3342800000000001,1.33766,10841
1758902400,1.33768,1.34127,1.33751,1.33978,15420
1758916800,1.33981,1.34111,1.33974,1.3403100000000001,5300
1759104000,1.33887,1.34246,1.33854,1.34236,4817
1759118400,1.34234,1.34413,1.34159,1.34374,6952
1759132800,1.3437299999999999,1.3450199999999999,1.34311,1.34355,9485
1759147200,1.34354,1.34564,1.34244,1.34513,9951
1759161600,1.34512,1.3452,1.3415599999999999,1.34308,12851
1759176000,1.34314,1.34386,1.34228,1.34304,5244
1759190400,1.3425099999999999,1.34375,1.34183,1.34246,4435
1759204800,1.34247,1.34386,1.34203,1.34378,6937
1759219200,1.3437999999999999,1.3452,1.3428200000000001,1.34455,11486
1759233600,1.34457,1.34516,1.34246,1.34421,9478
1759248000,1.34426,1.34669,1.34134,1.34586,15253
1759262400,1.3458700000000001,1.34636,1.3439,1.34405,6958
1759276800,1.3441,1.34518,1.34357,1.3440699999999999,5361
1759291200,1.34406,1.34636,1.34344,1.3463,5997
1759305600,1.34634,1.34799,1.34534,1.34672,13798
1759320000,1.34673,1.35215,1.34574,1.35124,14743
1759334400,1.35125,1.35273,1.3465099999999999,1.34738,17416
1759348800,1.3473899999999999,1.34888,1.3468499999999999,1.34731,6482
1759363200,1.3474300000000001,1.3483100000000001,1.34669,1.34691,4141
1759377600,1.34695,1.34869,1.34672,1.34752,5796
1759392000,1.34751,1.35098,1.3468499999999999,1.35043,10775
1759406400,1.35043,1.35077,1.34637,1.34656,10643
1759420800,1.3466,1.34684,1.34006,1.34389,15105
1759435200,1.3439,1.34519,1.34356,1.34408,5737
1759449600,1.34368,1.34541,1.34272,1.34444,3178
1759464000,1.34444,1.3450199999999999,1.34328,1.34351,6247
1759478400,1.3435000000000001,1.34667,1.34287,1.34578,9685
1759492800,1.34571,1.34596,1.34367,1.34581,9746
1759507200,1.34583,1.34846,1.34505,1.34774,14843
1759521600,1.3477299999999999,1.34857,1.34627,1.34787,6360
1759708800,1.34334,1.34437,1.34229,1.34398,9547
1759723200,1.34408,1.34578,1.34354,1.34467,6201
1759737600,1.34466,1.34642,1.34181,1.34358,14184
1759752000,1.34342,1.34403,1.3416299999999999,1.34374,12539
1759766400,1.34376,1.34837,1.34372,1.3475,13226
1759780800,1.34751,1.3489499999999999,1.34751,1.34849,5751
1759795200,1.34778,1.34866,1.3474599999999999,1.3482,3449
1759809600,1.34821,1.34821,1.34673,1.34695,4775
1759824000,1.3468499999999999,1.34706,1.34292,1.34367,10974
1759838400,1.34368,1.34439,1.33917,1.3414,11469
1759852800,1.34139,1.3454,1.34094,1.34424,14529
1759867200,1.34425,1.34518,1.34155,1.34246,7351
1759881600,1.34259,1.3428,1.34115,1.3415300000000001,4851
1759896000,1.3415,1.3415,1.33901,1.33935,8312
1759910400,1.33932,1.34257,1.3384,1.34083,11431
1759924800,1.34084,1.34272,1.34003,1.34191,11627
1759939200,1.34192,1.34382,1.33718,1.33872,13507
1759953600,1.33874,1.34056,1.33707,1.3403100000000001,7334
1759968000,1.34036,1.34128,1.33947,1.34096,3965
1759982400,1.34093,1.34189,1.34063,1.34124,5128
1759996800,1.34123,1.3416299999999999,1.33425,1.33612,12505
1760011200,1.33613,1.33898,1.33581,1.33841,12846
1760025600,1.33842,1.33948,1.3290600000000001,1.32937,19673
1760040000,1.3293599999999999,1.3305500000000001,1.32792,1.33033,8935
1760054400,1.3296299999999999,1.3306,1.32877,1.33044,4152
1760068800,1.33047,1.33137,1.32998,1.33086,5993
1760083200,1.3308499999999999,1.3314300000000001,1.32792,1.3308,12338
1760097600,1.33078,1.33088,1.32615,1.3279,12262
1760112000,1.32789,1.33704,1.32681,1.33448,21156
1760126400,1.33445,1.33547,1.33312,1.3351899999999999,10318
1760313600,1.33429,1.33541,1.33239,1.33504,8913
1760328000,1.33525,1.33627,1.33446,1.33564,8021
1760342400,1.33563,1.3366,1.3314599999999999,1.33258,13229
1760356800,1.33259,1.33524,1.3324500000000001,1.33332,12017
1760371200,1.33328,1.33384,1.33191,1.33297,13706
1760385600,1.3329900000000001,1.334,1.33263,1.33304,5865
1760400000,1.33303,1.33382,1.3325,1.33356,5900
1760414400,1.33357,1.33522,1.33346,1.3351899999999999,9185
1760428800,1.33518,1.3351899999999999,1.32522,1.32839,17613
1760443200,1.32837,1.32837,1.3248199999999999,1.32612,15126
1760457600,1.32611,1.33295,1.32605,1.33175,20431
1760472000,1.33172,1.3332,1.3312,1.33189,9629
1760486400,1.33175,1.33308,1.33134,1.33283,5830
1760500800,1.33284,1.33537,1.33251,1.3348499999999999,8156
1760515200,1.33496,1.3373300000000001,1.33411,1.33456,12729
1760529600,1.3345500000000001,1.33666,1.33359,1.33457,12438
1760544000,1.33449,1.3403,1.33347,1.33906,17707
1760558400,1.33907,1.34073,1.337,1.3401,9629
1760572800,1.33987,1.3428,1.33875,1.3421699999999999,6205
1760587200,1.34216,1.34419,1.34122,1.34137,8239
1760601600,1.34137,1.3443,1.34036,1.34379,13664
1760616000,1.3437999999999999,1.34489,1.34214,1.34476,13071
1760630400,1.34475,1.34542,1.34115,1.34267,19900
1760644800,1.34268,1.34476,1.34193,1.34353,13123
1760659200,1.34325,1.34518,1.34264,1.34469,6841
1760673600,1.3446799999999999,1.34535,1.34306,1.34518,10173
1760688000,1.34519,1.3471199999999999,1.34107,1.34238,15826
1760702400,1.34239,1.34429,1.34082,1.34121,14935
1760716800,1.3412,1.34307,1.33908,1.34168,19615
1760731200,1.34167,1.34386,1.34105,1.3425,11206
1760918400,1.3422,1.3434599999999999,1.34135,1.3434,5432
1760932800,1.3433899999999999,1.34429,1.34264,1.34357,7026
1760947200,1.34353,1.34409,1.34053,1.34276,11652
1760961600,1.34279,1.34385,1.33996,1.3425500000000001,13668
1760976000,1.34257,1.34271,1.34018,1.34157,15264
1760990400,1.34151,1.34162,1.33998,1.34053,8054
1761004800,1.3401,1.3416000000000001,1.33994,1.3414,5045
1761019200,1.34139,1.34139,1.33871,1.33917,7580
1761033600,1.33915,1.33972,1.3372,1.3379699999999999,14621
1761048000,1.33803,1.33945,1.33656,1.33862,14601
1761062400,1.33861,1.33974,1.3360699999999999,1.3372899999999999,19234
1761076800,1.3373,1.33765,1.33647,1.33653,9805
1761091200,1.3369,1.33741,1.33606,1.33704,6224
1761105600,1.33705,1.33799,1.33676,1.3378999999999999,7346
1761120000,1.33791,1.33869,1.33124,1.33206,15707
1761134400,1.33202,1.33401,1.3305500000000001,1.33233,14418
1761148800,1.3324099999999999,1.3376000000000001,1.33159,1.33708,17794
1761163200,1.33707,1.3372,1.33521,1.33579,9465
1761177600,1.33442,1.33596,1.3338999999999999,1.3345500000000001,5382
1761192000,1.33456,1.33472,1.33293,1.33386,6072
1761206400,1.33386,1.33571,1.33376,1.33494,9403
1761220800,1.33491,1.33545,1.33261,1.33432,9870
1761235200,1.33433,1.33477,1.33109,1.33122,15285
1761249600,1.3312,1.33276,1.33076,1.33274,7299
1761264000,1.33201,1.33323,1.33188,1.3329900000000001,4768
1761278400,1.333,1.33312,1.33173,1.33209,5928
1761292800,1.33208,1.3333300000000001,1.33006,1.33205,12190
1761307200,1.33199,1.33627,1.32999,1.33454,13839
1761321600,1.33459,1.33591,1.3287200000000001,1.32953,17738
1761336000,1.32951,1.33173,1.32951,1.3309,7511
1761523200,1.33151,1.3328,1.33103,1.3323800000000001,7004
1761537600,1.33236,1.33355,1.3313,1.33157,6174
1761552000,1.33158,1.33344,1.33103,1.33264,9378
1761566400,1.3326799999999999,1.33528,1.33229,1.33476,11871
1761580800,1.33477,1.3351600000000001,1.33172,1.33348,13171
1761595200,1.33351,1.33388,1.33242,1.33379,6406
1761609600,1.33328,1.33534,1.33328,1.33499,4927
1761624000,1.33496,1.33669,1.33475,1.33662,7447
1761638400,1.33663,1.33696,1.33011,1.33071,11711
1761652800,1.33071,1.33282,1.32796,1.32836,13490
1761667200,1.3284099999999999,1.32907,1.32474,1.32895,16167
1761681600,1.32898,1.3289900000000001,1.32696,1.32749,7077
1761696000,1.3269199999999999,1.32804,1.32678,1.32721,4970
1761710400,1.3271899999999999,1.3274,1.32489,1.32505,7207
1761724800,1.32504,1.32511,1.32081,1.32081,11799
1761739200,1.3208199999999999,1.32281,1.31966,1.32034,13915
1761753600,1.32035,1.3247,1.31942,1.32276,17361
1761768000,1.3227,1.32314,1.3140100000000001,1.31922,20144
1761782400,1.31852,1.32073,1.31773,1.32032,6588
1761796800,1.32032,1.32177,1.31962,1.32161,11101
1761811200,1.32163,1.32186,1.31848,1.32074,13059
1761825600,1.3207,1.32092,1.31354,1.31373,14428
1761840000,1.31366,1.3180100000000001,1.31162,1.31555,17739
1761854400,1.31556,1.3159,1.31388,1.31537,9113
1761868800,1.31461,1.31612,1.31459,1.31586,5782
1761883200,1.31585,1.31647,1.3149600000000001,1.31566,6720
1761897600,1.31567,1.3157,1.31249,1.3140800000000001,9542
1761912000,1.31405,1.31477,1.31041,1.31061,12104
1761926400,1.3106200000000001,1.3143,1.30966,1.31278,16609
1761940800,1.3127900000000001,1.31485,1.31227,1.3143099999999999,8648
1762128000,1.31273,1.3140800000000001,1.31242,1.3134700000000001,6502
1762142400,1.3135,1.31455,1.31326,1.31415,5074
1762156800,1.31415,1.31487,1.31173,1.3125,9026
1762171200,1.31249,1.3146499999999999,1.31202,1.31262,9713
1762185600,1.31263,1.31619,1.31085,1.31448,13551
1762200000,1.31447,1.31478,1.31344,1.31399,6457
1762214400,1.3134299999999999,1.3139,1.31181,1.31241,6587
1762228800,1.31238,1.31333,1.31171,1.31212,7016
1762243200,1.31213,1.31388,1.30588,1.30626,12513
1762257600,1.30624,1.30789,1.30525,1.30573,10519
1762272000,1.30569,1.30647,1.30257,1.30285,13004
1762286400,1.30283,1.30285,1.30097,1.30192,6386
1762300800,1.3022,1.30257,1.30097,1.3014999999999999,6457
1762315200,1.30161,1.30297,1.30136,1.30214,5916
1762329600,1.30212,1.30532,1.30191,1.30396,9060
1762344000,1.3039399999999999,1.30468,1.3011300000000001,1.30256,10469
1762358400,1.30255,1.30491,1.30133,1.30386,13650
1762372800,1.3038699999999999,1.30539,1.30375,1.30515,6343
1762387200,1.3045900000000001,1.30651,1.30447,1.30629,4421
1762401600,1.3063,1.30656,1.3057,1.30602,3881
1762416000,1.30596,1.30892,1.30526,1.308,10024
1762430400,1.30801,1.3124799999999999,1.30589,1.31078,12508
1762444800,1.31077,1.31247,1.30802,1.31217,15623
1762459200,1.31219,1.31425,1.31196,1.31373,8794
1762473600,1.31222,1.31417,1.31222,1.3125,5808
1762488000,1.3125200000000001,1.31304,1.31149,1.31188,5198
1762502400,1.31193,1.3127499999999999,1.30946,1.30976,8788
1762516800,1.30975,1.3137699999999999,1.30959,1.3130600000000001,12157
1762531200,1.31305,1.31744,1.31272,1.31701,14845
1762545600,1.3170600000000001,1.31745,1.31515,1.3158699999999999,8389
1762732800,1.31552,1.31577,1.31355,1.3151,7153
1762747200,1.31508,1.31597,1.3142,1.31548,6077
1762761600,1.31547,1.31842,1.31387,1.31728,13038
1762776000,1.31727,1.31906,1.31515,1.31744,12599
1762790400,1.3174299999999999,1.3179400000000001,1.31451,1.3177699999999999,15889
1762804800,1.31778,1.31848,1.31723,1.31738,8137
1762819200,1.31667,1.31772,1.31573,1.31642,6147
1762833600,1.31641,1.3171599999999999,1.31608,1.31658,6456
1762848000,1.31657,1.31711,1.31162,1.31291,14403
1762862400,1.31292,1.31782,1.31207,1.31714,13900
1762876800,1.31715,1.3184,1.3158400000000001,1.3174299999999999,15862
1762891200,1.3174000000000001,1.31779,1.31474,1.31509,8852
1762905600,1.31484,1.31537,1.31371,1.31385,5056
1762920000,1.31386,1.31436,1.31283,1.31331,5640
1762934400,1.31331,1.31551,1.3115,1.31159,12101
1762948800,1.31161,1.31398,1.30952,1.31049,13705
1762963200,1.31047,1.31396,1.30842,1.31387,16060
1762977600,1.31388,1.3143799999999999,1.31237,1.3128600000000001,8530
1762992000,1.31283,1.31314,1.31105,1.31235,6253
1763006400,1.31236,1.31284,1.31143,1.31168,6888
1763020800,1.31167,1.3170600000000001,1.31003,1.3155700000000001,14847
1763035200,1.31556,1.31839,1.3143,1.31688,15376
1763049600,1.31689,1.32153,1.3165200000000001,1.32115,19372
1763064000,1.32116,1.32141,1.31841,1.31891,12243
1763078400,1.31859,1.31916,1.31354,1.3146499999999999,8177
1763092800,1.31474,1.3159100000000001,1.31383,1.31478,7432
1763107200,1.31479,1.32001,1.31079,1.31552,15755
1763121600,1.31547,1.31808,1.31219,1.31669,14387
1763136000,1.31671,1.3178,1.31247,1.31608,17839
1763150400,1.31605,1.31735,1.31495,1.31732,7704
1763337600,1.31519,1.31714,1.31482,1.31554,5680
1763352000,1.3155299999999999,1.3155700000000001,1.31411,1.3143,4332
1763366400,1.31432,1.31803,1.31354,1.31642,11110
1763380800,1.31643,1.3193,1.31488,1.31727,13720
1763395200,1.31719,1.3179,1.31608,1.31701,14572
1763409600,1.317,1.3170600000000001,1.31446,1.31544,10323
1763424000,1.3155299999999999,1.31565,1.3145,1.3151,6640
1763438400,1.31509,1.31638,1.31446,1.31606,9072
1763452800,1.31604,1.31768,1.31476,1.31524,14622
1763467200,1.31527,1.31605,1.31335,1.31541,14084
1763481600,1.3154,1.31711,1.31349,1.31405,18224
1763496000,1.31406,1.31568,1.31393,1.31457,10191
1763510400,1.31471,1.31487,1.31312,1.31323,5861
1763524800,1.31324,1.3146499999999999,1.31288,1.31458,7282
1763539200,1.3146,1.31545,1.31176,1.31266,13087
1763553600,1.31265,1.31297,1.30923,1.31189,13738
1763568000,1.31188,1.3122,1.30565,1.3068,17557
1763582400,1.30681,1.30765,1.30433,1.30571,12729
1763596800,1.30557,1.30621,1.30451,1.3046,5817
1763611200,1.3045900000000001,1.30619,1.30374,1.30524,6532
1763625600,1.30522,1.3079399999999999,1.30492,1.3078699999999999,12439
1763640000,1.30798,1.30991,1.30466,1.30954,15278
1763654400,1.30955,1.31238,1.30657,1.30678,22534
1763668800,1.30676,1.30872,1.3066499999999999,1.30713,10391
1763683200,1.30661,1.30872,1.30646,1.3081800000000001,7911
1763697600,1.3082500000000001,1.30955,1.30748,1.3088600000000001,8035
1763712000,1.3088899999999999,1.31027,1.30588,1.3061099999999999,16418
1763726400,1.3060399999999999,1.30949,1.30384,1.3084,18472
1763740800,1.30839,1.31071,1.30693,1.31003,20780
1763755200,1.3100399999999999,1.31094,1.30911,1.31014,10534
1763942400,1.30941,1.30995,1.30854,1.30885,6362
1763956800,1.30888,1.31067,1.30887,1.31023,8932
1763971200,1.31021,1.31113,1.3087900000000001,1.30894,13638
1763985600,1.30893,1.31176,1.3087900000000001,1.31053,13070
1764000000,1.31048,1.31074,1.30804,1.31005,15505
1764014400,1.3100399999999999,1.31165,1.30997,1.31055,7380
1764028800,1.3103500000000001,1.31158,1.31018,1.31076,6296
1764043200,1.31075,1.31155,1.3094999999999999,1.3101099999999999,6956
1764057600,1.31009,1.3138,1.3098,1.31349,11106
1764072000,1.3134299999999999,1.31589,1.31089,1.31536,14992
1764086400,1.31535,1.3204099999999999,1.31528,1.32005,19320
1764100800,1.32007,1.32141,1.31531,1.31663,11720
1764115200,1.31637,1.31875,1.31574,1.31786,8745
1764129600,1.31785,1.31971,1.31768,1.31912,9618
1764144000,1.31911,1.31978,1.31651,1.31738,15570
1764158400,1.31737,1.32229,1.3124,1.3192300000000001,21396
1764172800,1.31924,1.32375,1.31848,1.3225799999999999,18903
1764187200,1.3225799999999999,1.32425,1.32234,1.32403,8177
1764201600,1.32376,1.3260399999999999,1.32364,1.3256700000000001,7238
1764216000,1.32575,1.32679,1.32478,1.32586,9071
1764230400,1.3259,1.32639,1.32097,1.32137,11187
1764244800,1.32138,1.32489,1.32119,1.32429,10409
1764259200,1.32431,1.32549,1.32287,1.32378,7801
1764273600,1.32381,1.32402,1.32333,1.32381,4537
1764288000,1.32365,1.32443,1.32287,1.32327,6827
1764302400,1.3232599999999999,1.32444,1.32253,1.32322,18249
1764316800,1.32331,1.32335,1.32008,1.32081,28884
1764331200,1.3208,1.32277,1.32009,1.3225,34612
1764345600,1.32252,1.3254299999999999,1.32064,1.32363,17652
1764360000,1.32369,1.32466,1.323,1.32343,8629
1764547200,1.32221,1.3248199999999999,1.32159,1.32376,10806
1764561600,1.3237700000000001,1.32398,1.32182,1.32206,9647
1764576000,1.32203,1.32362,1.32051,1.32328,13901
1764590400,1.32325,1.32752,1.32177,1.3265799999999999,15442
1764604800,1.32656,1.32659,1.32211,1.32242,18381
1764619200,1.32243,1.32277,1.32078,1.32131,8731
1764633600,1.32138,1.32139,1.32026,1.32119,3820
1764648000,1.32118,1.32215,1.32105,1.32141,5253
1764662400,1.3214000000000001,1.32206,1.32008,1.32104,11078
1764676800,1.32104,1.32119,1.31807,1.32066,12170
1764691200,1.32065,1.3213300000000001,1.31793,1.31937,16598
1764705600,1.31937,1.32142,1.31901,1.32139,7769
1764720000,1.32037,1.32268,1.31946,1.3226200000000001,5686
1764734400,1.32264,1.32378,1.32242,1.32365,5261
1764748800,1.32366,1.32843,1.3235299999999999,1.32786,11362
1764763200,1.32788,1.33148,1.3274,1.32991,11579
1764777600,1.3299,1.33475,1.3292,1.3342399999999999,16577
1764792000,1.33422,1.33532,1.33384,1.33523,8568
1764806400,1.3348499999999999,1.33514,1.33345,1.33398,5423
1764820800,1.33401,1.33401,1.33273,1.33378,7385
1764835200,1.33379,1.33587,1.33314,1.33456,10025
1764849600,1.33457,1.33635,1.33213,1.33419,13808
1764864000,1.3342,1.33847,1.33403,1.33429,15391
1764878400,1.33429,1.33511,1.33244,1.3327200000000001,7713
1764892800,1.3320699999999999,1.33331,1.33194,1.3332899999999999,6811
1764907200,1.33331,1.33454,1.3324500000000001,1.33449,6348
1764921600,1.3345,1.33623,1.33418,1.3345500000000001,10981
1764936000,1.33456,1.33556,1.33278,1.33506,11745
1764950400,1.33507,1.33616,1.33158,1.33304,18798
1764964800,1.33303,1.33405,1.33256,1.33271,9770
1765152000,1.33175,1.33379,1.3314300000000001,1.33365,7607
1765166400,1.33366,1.3342,1.33344,1.33369,5274
1765180800,1.3336999999999999,1.33463,1.33134,1.33167,12175
1765195200,1.33168,1.33291,1.33136,1.33196,12583
1765209600,1.33209,1.33381,1.3305500000000001,1.33232,19021
1765224000,1.33237,1.33305,1.3318699999999999,1.33239,8146
1765238400,1.3318699999999999,1.33328,1.33149,1.33324,4838
1765252800,1.33323,1.3336700000000001,1.33257,1.33332,6394
1765267200,1.33331,1.33558,1.33231,1.33465,12911
1765281600,1.33464,1.33487,1.33099,1.33145,15571
1765296000,1.33141,1.33203,1.32868,1.32974,19990
1765310400,1.32973,1.33068,1.3290600000000001,1.32995,9268
1765324800,1.32951,1.33041,1.32951,1.32984,4464
1765339200,1.32983,1.33096,1.32975,1.33066,5759
1765353600,1.3306499999999999,1.3326799999999999,1.33051,1.33127,11866
1765368000,1.3312599999999999,1.33316,1.33012,1.3330199999999999,13445
1765382400,1.33305,1.33472,1.3314599999999999,1.3345500000000001,17182
1765396800,1.33456,1.33884,1.33242,1.33829,21241
1765411200,1.33752,1.33917,1.33732,1.33817,6618
1765425600,1.33816,1.3387,1.3361,1.33612,7315
1765440000,1.33613,1.3378999999999999,1.33542,1.33717,14098
1765454400,1.33716,1.34152,1.33677,1.3407200000000001,15739
1765468800,1.34074,1.34381,1.3406799999999999,1.34209,20355
1765483200,1.34208,1.34246,1.3382100000000001,1.33913,10281
1765497600,1.33871,1.33996,1.3385799999999999,1.3392,6421
1765512000,1.3391899999999999,1.33964,1.33879,1.33949,4600
1765526400,1.3395000000000001,1.33987,1.33731,1.33825,12934
1765540800,1.3382399999999999,1.33832,1.33644,1.33693,12614
1765555200,1.33688,1.33781,1.3342,1.3373,20058
1765569600,1.3372899999999999,1.33766,1.33562,1.3366799999999999,10971
1765756800,1.33689,1.33737,1.3354300000000001,1.3373,5766
1765771200,1.33727,1.33742,1.33545,1.3364,7272
1765785600,1.33639,1.33883,1.3357,1.33876,11847
1765800000,1.33875,1.33961,1.33743,1.33869,11123
1765814400,1.33866,1.34013,1.3365,1.3367499999999999,20366
1765828800,1.33674,1.33766,1.33592,1.3372,9615
1765843200,1.33657,1.3383099999999999,1.3361100000000001,1.33678,7272
1765857600,1.33679,1.3373599999999999,1.33605,1.3362,9552
1765872000,1.33617,1.34154,1.33547,1.34101,13877
1765886400,1.34098,1.3456000000000001,1.34064,1.3425500000000001,18126
1765900800,1.34257,1.34473,1.34037,1.34235,23695
1765915200,1.34236,1.34358,1.33995,1.3424800000000001,14164
1765929600,1.34198,1.34265,1.34177,1.34245,5798
1765944000,1.34244,1.34244,1.33801,1.3382800000000001,7107
1765958400,1.33829,1.33897,1.33114,1.33254,17254
1765972800,1.33253,1.33588,1.332,1.3356,15993
1765987200,1.33561,1.34064,1.3348200000000001,1.3387,21815
1766001600,1.33869,1.33945,1.33722,1.33782,11182
1766016000,1.33712,1.33789,1.33612,1.33644,5910
1766030400,1.3364500000000001,1.3373300000000001,1.33613,1.3369,6377
1766044800,1.33689,1.33749,1.33405,1.33484,13383
1766059200,1.33481,1.34424,1.33402,1.34277,18704
1766073600,1.34273,1.34461,1.33703,1.33807,24992
1766088000,1.33809,1.33905,1.33747,1.33817,10637
1766102400,1.33769,1.33868,1.33723,1.3382100000000001,6238
1766116800,1.33819,1.3386,1.33693,1.33756,7932
1766131200,1.33753,1.33874,1.33626,1.33814,14828
1766145600,1.33815,1.33864,1.33568,1.33717,15091
1766160000,1.33719,1.33869,1.33566,1.33771,18724
1766174400,1.3377,1.33939,1.33724,1.33749,9945
1766361600,1.3376299999999999,1.33974,1.3371,1.33957,16559
1766376000,1.33956,1.3401,1.33914,1.33968,5014
1766390400,1.33965,1.34244,1.3391199999999999,1.34243,11758
1766404800,1.34242,1.34439,1.34239,1.34376,14525
1766419200,1.3437700000000001,1.34772,1.34314,1.34705,16552
1766433600,1.34705,1.34706,1.34535,1.34599,8850
1766448000,1.34562,1.34829,1.34547,1.34769,5355
1766462400,1.34768,1.34934,1.34763,1.34886,6847
1766476800,1.34888,1.35184,1.34793,1.35053,14078
1766491200,1.35054,1.35186,1.34941,1.34945,16089
1766505600,1.34946,1.35001,1.34706,1.34731,17793
1766520000,1.34732,1.35228,1.3471600000000001,1.35223,8363
1766534400,1.35137,1.3531900000000001,1.35027,1.35288,7338
1766548800,1.35289,1.3534,1.3509,1.35187,7532
1766563200,1.35185,1.35277,1.3502399999999999,1.35218,12534
1766577600,1.35217,1.3523800000000001,1.35008,1.35043,13254
1766592000,1.35039,1.35107,1.34918,1.34971,15284
1766606400,1.3497,1.35062,1.34944,1.35,13579
1766707200,1.3522,1.35225,1.3495300000000001,1.35125,11446
1766721600,1.35124,1.35187,1.34862,1.34944,7865
1766736000,1.34943,1.34999,1.3477000000000001,1.3485,12391
1766750400,1.34849,1.35271,1.34833,1.3516599999999999,12010
1766764800,1.3517299999999999,1.35256,1.3481,1.34947,18051
1766779200,1.34954,1.35062,1.34896,1.3495599999999999,10589
1766966400,1.3483,1.35117,1.34822,1.35089,7551
1766980800,1.35088,1.35096,1.34835,1.34907,7071
1766995200,1.34908,1.3507799999999999,1.34734,1.349,15430
1767009600,1.34898,1.3510900000000001,1.34689,1.34934,17704
1767024000,1.34934,1.35126,1.34812,1.34856,22249
1767038400,1.34855,1.35154,1.34842,1.35083,10035
1767052800,1.3504399999999999,1.35102,1.34966,1.3508200000000001,6820
1767067200,1.35083,1.3517000000000001,1.34991,1.35147,6378
1767081600,1.35148,1.35216,1.35,1.3514,12775
1767096000,1.3513899999999999,1.35303,1.34867,1.34875,14404
1767110400,1.34874,1.34876,1.34493,1.34694,17709
1767124800,1.34683,1.3474599999999999,1.34607,1.34674,8485
1767139200,1.3459400000000001,1.3467500000000001,1.34581,1.34606,4940
1767153600,1.34603,1.3465099999999999,1.34569,1.34605,6544
1767168000,1.34604,1.34652,1.34256,1.34371,11960
1767182400,1.3437700000000001,1.34766,1.34322,1.34542,16251
1767196800,1.34543,1.34602,1.34015,1.34519,21540
1767211200,1.34518,1.3483399999999999,1.3446799999999999,1.34738,9637
1767312000,1.34634,1.34877,1.3459400000000001,1.34875,4484
1767326400,1.34876,1.34909,1.34694,1.34711,4677
1767340800,1.3470900000000001,1.34714,1.34488,1.34548,13099
1767355200,1.34549,1.34595,1.34336,1.34572,14281
1767369600,1.34574,1.35018,1.3453300000000001,1.34627,17977
1767384000,1.34626,1.34664,1.3446,1.3459400000000001,9171
1767571200,1.34451,1.34561,1.34365,1.3439999999999999,9055
1767585600,1.34401,1.34424,1.34139,1.34276,9085
1767600000,1.34275,1.34432,1.34171,1.34425,14598
1767614400,1.34423,1.34741,1.34247,1.3452600000000001,17784
1767628800,1.34525,1.35388,1.34504,1.35325,21883
1767643200,1.35323,1.35481,1.35284,1.35402,9048
1767657600,1.35381,1.35459,1.3528,1.35458,6430
1767672000,1.35459,1.35618,1.35413,1.35493,7560
1767686400,1.35492,1.35675,1.3535300000000001,1.35354,15574
1767700800,1.35355,1.35396,1.35063,1.35236,16203
1767715200,1.35235,1.35342,1.34913,1.35099,20017
1767729600,1.35098,1.35118,1.34921,1.35018,8079
1767744000,1.34939,1.35094,1.34913,1.35056,6401
1767758400,1.35055,1.3516599999999999,1.35028,1.35083,7929
1767772800,1.3508200000000001,1.35165,1.3485,1.34941,13729
1767787200,1.34942,1.3505099999999999,1.34814,1.34943,15876
1767801600,1.34942,1.35019,1.34677,1.34729,20289
1767816000,1.3473,1.34733,1.34564,1.3458999999999999,8972
1767830400,1.3455599999999999,1.34604,1.34527,1.34555,4777
1767844800,1.34557,1.3465099999999999,1.34504,1.34578,6900
1767859200,1.34577,1.3461699999999999,1.34317,1.34381,13658
1767873600,1.3437999999999999,1.34504,1.34155,1.3423,14754
1767888000,1.34229,1.34467,1.34172,1.34359,19354
1767902400,1.34351,1.34447,1.34191,1.3443,8641
1767916800,1.34247,1.3440699999999999,1.34247,1.3427799999999999,5735
1767931200,1.34277,1.34378,1.34242,1.343,7746
1767945600,1.34299,1.3434300000000001,1.34048,1.341,14499
1767960000,1.3410199999999999,1.34508,1.33976,1.34352,18494
1767974400,1.34353,1.3443100000000001,1.33924,1.34028,23988
1767988800,1.34027,1.34141,1.33958,1.33969,9186
1768176000,1.33938,1.34406,1.33903,1.34273,8507
1768190400,1.34271,1.3436,1.34161,1.34334,6914
1768204800,1.34333,1.34688,1.34292,1.34536,14899
1768219200,1.34535,1.34857,1.34476,1.34815,15294
1768233600,1.34814,1.3483,1.3455,1.3464,17350
1768248000,1.34639,1.34695,1.34569,1.34674,7130
1768262400,1.34619,1.34765,1.34569,1.34701,6620
1768276800,1.34702,1.34783,1.34692,1.3472,7497
1768291200,1.34723,1.34853,1.34623,1.3480400000000001,12351
1768305600,1.34805,1.34946,1.34516,1.3475,15167
1768320000,1.34748,1.34772,1.3424800000000001,1.34335,19671
1768334400,1.34334,1.34408,1.3424,1.3424800000000001,9173
1768348800,1.34207,1.34281,1.3418700000000001,1.3422399999999999,4854
1768363200,1.34226,1.3447200000000001,1.34209,1.34352,6193
1768377600,1.34351,1.34584,1.34337,1.34565,12901
1768392000,1.34564,1.34585,1.34386,1.34446,14165
1768406400,1.34445,1.34638,1.343,1.3431600000000001,19648
1768420800,1.34315,1.3441100000000001,1.34243,1.34396,9067
1768435200,1.34395,1.3444,1.34272,1.34352,6579
1768449600,1.3435000000000001,1.3435000000000001,1.34229,1.34265,5732
1768464000,1.34264,1.34448,1.34231,1.34364,12881
1768478400,1.34365,1.34384,1.33684,1.33724,13826
1768492800,1.33725,1.33939,1.33624,1.33873,16420
1768507200,1.33874,1.33936,1.33742,1.33798,7962
1768521600,1.33725,1.33836,1.3370199999999999,1.3379400000000001,6106
1768536000,1.33793,1.3391,1.33786,1.33826,4903
1768550400,1.3382399999999999,1.3405,1.33768,1.33968,10229
1768564800,1.33967,1.3412899999999999,1.33883,1.34032,11560
1768579200,1.3403100000000001,1.34048,1.33658,1.33785,18024
1768593600,1.33782,1.33866,1.3373300000000001,1.33743,7778
1768780800,1.33432,1.34087,1.33392,1.3391600000000001,12731
1768795200,1.33917,1.34058,1.33812,1.33947,9736
1768809600,1.3394599999999999,1.34154,1.33839,1.34056,13757
1768824000,1.34058,1.34165,1.34017,1.34135,10389
1768838400,1.3413300000000001,1.3434599999999999,1.34103,1.34311,9651
1768852800,1.3431,1.34335,1.34218,1.34257,2769
1768867200,1.34218,1.34263,1.3409900000000001,1.34234,4897
1768881600,1.34235,1.34496,1.34196,1.3441100000000001,5435
1768896000,1.3441,1.34913,1.34254,1.34748,18805
1768910400,1.34747,1.34849,1.34393,1.34524,21021
1768924800,1.34523,1.34769,1.34405,1.34562,21988
1768939200,1.34561,1.34573,1.3425099999999999,1.3440400000000001,10694
1768953600,1.34393,1.3456299999999999,1.3433,1.34516,6936
1768968000,1.34517,1.34543,1.34329,1.3437299999999999,6227
1768982400,1.34372,1.34487,1.34082,1.34101,12936
1768996800,1.341,1.3443800000000001,1.3401,1.34415,15718
1769011200,1.34416,1.3458999999999999,1.3416299999999999,1.3427799999999999,24196
1769025600,1.34277,1.34318,1.34096,1.34291,13472
1769040000,1.34205,1.34315,1.34165,1.343,6949
1769054400,1.34301,1.34391,1.34223,1.34288,5388
1769068800,1.34287,1.34462,1.3409499999999999,1.34437,11811
1769083200,1.34436,1.3452600000000001,1.3401399999999999,1.34228,18396
1769097600,1.34228,1.34986,1.3422100000000001,1.34921,19024
1769112000,1.3492,1.35066,1.3485800000000001,1.35025,7896
1769126400,1.34844,1.3508200000000001,1.34843,1.34974,6878
1769140800,1.34973,1.35002,1.34881,1.34982,5892
1769155200,1.34977,1.35344,1.34819,1.35296,17329
1769169600,1.35297,1.35365,1.3513899999999999,1.3525,14343
1769184000,1.3525,1.36224,1.35203,1.36082,19503
1769198400,1.36081,1.3645,1.35917,1.3642400000000001,15561
1769385600,1.36589,1.36809,1.3643100000000001,1.36608,12538
1769400000,1.3660700000000001,1.36794,1.3653,1.36665,9554
1769414400,1.36666,1.36769,1.36426,1.36717,17898
1769428800,1.3672,1.36753,1.3643,1.3661400000000001,15886
1769443200,1.3661400000000001,1.3712900000000001,1.3658000000000001,1.36878,18724
1769457600,1.36878,1.37012,1.3674,1.3678,12150
1769472000,1.36734,1.36825,1.3669799999999999,1.3679299999999999,6842
1769486400,1.36792,1.37004,1.36711,1.36779,8945
1769500800,1.3678,1.36997,1.3663699999999999,1.3699,16821
1769515200,1.3698299999999999,1.37484,1.36828,1.3734899999999999,21887
1769529600,1.3735,1.37907,1.3731,1.3787099999999999,26464
1769544000,1.3787099999999999,1.38685,1.3774,1.38523,19746
1769558400,1.38353,1.3845399999999999,1.37988,1.38,12557
1769572800,1.37999,1.38101,1.37887,1.3804699999999999,11503
1769587200,1.3804699999999999,1.38307,1.37748,1.3787,19054
1769601600,1.3787,1.37996,1.37649,1.377,18948
1769616000,1.377,1.3801,1.37493,1.37892,26476
1769630400,1.37893,1.38107,1.37521,1.38101,18944
1769644800,1.37938,1.38346,1.37873,1.3803,16429
1769659200,1.38029,1.38437,1.3792900000000001,1.38376,11611
1769673600,1.38374,1.38475,1.37999,1.38033,18348
1769688000,1.38034,1.38177,1.37804,1.38058,17904
1769702400,1.38066,1.38338,1.37422,1.37981,34293
1769716800,1.37977,1.38132,1.3788,1.38117,16342
1769731200,1.37962,1.38143,1.37579,1.37608,12588
1769745600,1.37609,1.37673,1.37313,1.37557,16097
1769760000,1.3755,1.37828,1.37248,1.37336,23635
1769774400,1.37334,1.37876,1.3732,1.3744100000000001,23528
1769788800,1.37443,1.37576,1.36999,1.37084,31760
1769803200,1.37082,1.3718,1.36791,1.36828,23548
1769990400,1.36869,1.37056,1.3662,1.36934,18573
1770004800,1.36939,1.36994,1.36601,1.36719,15833
1770019200,1.3672,1.37104,1.36612,1.37088,22482
1770033600,1.37087,1.37152,1.3649,1.36513,20148
1770048000,1.36511,1.36767,1.36229,1.36596,26959
1770062400,1.36597,1.3668,1.36435,1.36656,12037
1770076800,1.36618,1.36859,1.36581,1.36859,6589
1770091200,1.3685800000000001,1.36938,1.3671,1.36894,9619
1770105600,1.36895,1.37062,1.36664,1.3666800000000001,17901
1770120000,1.3667099999999999,1.36895,1.36503,1.36697,17593
1770134400,1.3669799999999999,1.37067,1.36561,1.3695599999999999,23025
1770148800,1.36954,1.3702,1.36727,1.36991,12544
1770163200,1.36932,1.3709799999999999,1.36873,1.37064,7192
1770177600,1.37065,1.37194,1.36964,1.37148,7353
1770192000,1.37149,1.37331,1.3700700000000001,1.37088,12637
1770206400,1.37086,1.37286,1.36945,1.37128,14513
1770220800,1.3712900000000001,1.37172,1.3643,1.36459,27754
1770235200,1.3645800000000001,1.36633,1.36421,1.3649499999999999,12630
1770249600,1.3651900000000001,1.3655599999999999,1.36425,1.36477,7490
1770264000,1.36478,1.36481,1.36158,1.36198,9630
1770278400,1.36197,1.36322,1.35564,1.35654,16748
1770292800,1.35653,1.3615,1.35403,1.35853,24583
1770307200,1.35852,1.35888,1.35175,1.3551,29429
1770321600,1.35511,1.35569,1.35244,1.35291,10408
1770336000,1.3526099999999999,1.35426,1.35083,1.35396,8705
1770350400,1.35398,1.35693,1.35396,1.3569,7169
1770364800,1.35687,1.3581699999999999,1.35577,1.35768,15345
1770379200,1.35767,1.35961,1.35715,1.35883,12988
1770393600,1.35882,1.36232,1.35872,1.36182,17756
1770408000,1.36181,1.36226,1.36071,1.36082,9151
1770595200,1.35903,1.362,1.35877,1.36011,9603
1770609600,1.36009,1.36166,1.3590200000000001,1.36139,4803
1770624000,1.36137,1.36287,1.35863,1.36007,16528
1770638400,1.36007,1.36697,1.35931,1.36505,18579
1770652800,1.36506,1.36909,1.36211,1.36717,19809
1770667200,1.36716,1.37001,1.3664100000000001,1.36984,10421
1770681600,1.36813,1.36966,1.36719,1.36843,6188
1770696000,1.36847,1.3696,1.36743,1.36778,6895
1770710400,1.36771,1.36841,1.36633,1.3668,12094
1770724800,1.36681,1.36925,1.36575,1.36812,15220
1770739200,1.36811,1.36963,1.36432,1.36532,19802
1770753600,1.36533,1.36572,1.36382,1.3639299999999999,10782
1770768000,1.36463,1.36489,1.36311,1.3644,6974
1770782400,1.36444,1.3669799999999999,1.36442,1.36693,6109
1770796800,1.36694,1.36987,1.36642,1.36955,11428
1770811200,1.36954,1.37119,1.36093,1.36415,18637
1770825600,1.36414,1.36699,1.36264,1.36575,28661
1770840000,1.3657599999999999,1.36588,1.36184,1.36272,11807
1770854400,1.3621699999999999,1.36398,1.3615300000000001,1.36398,6414
1770868800,1.3639700000000001,1.36418,1.36172,1.36216,7739
1770883200,1.36216,1.36537,1.36044,1.3648799999999999,13592
1770897600,1.36487,1.36518,1.36216,1.36498,12998
1770912000,1.36499,1.36713,1.36159,1.36186,26094
1770926400,1.3618700000000001,1.36261,1.36045,1.36219,14515
1770940800,1.3614600000000001,1.36267,1.3611900000000001,1.36166,5800
1770955200,1.36168,1.36237,1.35994,1.36035,6100
1770969600,1.36036,1.36294,1.3590200000000001,1.36226,12998
1770984000,1.36226,1.3645,1.35987,1.36333,16293
1770998400,1.36333,1.36591,1.36067,1.36481,24550
1771012800,1.36484,1.36578,1.36409,1.36502,11785
1771200000,1.36381,1.3648799999999999,1.36351,1.3643100000000001,7992
1771214400,1.36429,1.3645399999999999,1.36348,1.36389,4179
1771228800,1.36389,1.36619,1.36353,1.36446,8848
1771243200,1.36445,1.36517,1.36286,1.3632900000000001,8233
1771257600,1.36328,1.36402,1.36256,1.3627,7262
1771272000,1.3627,1.36331,1.36245,1.36272,2901
1771286400,1.36311,1.36323,1.36132,1.36164,5681
1771300800,1.36163,1.36201,1.36029,1.3607,5408
1771315200,1.36072,1.36147,1.35521,1.3591199999999999,11290
1771329600,1.35911,1.36059,1.35242,1.35246,13766
1771344000,1.35244,1.35498,1.34955,1.35466,21234
1771358400,1.35467,1.3568500000000001,1.35409,1.35664,9521
1771372800,1.35518,1.35725,1.35517,1.35585,5419
1771387200,1.35587,1.35591,1.35495,1.35586,3878
1771401600,1.35588,1.35791,1.35522,1.35746,10242
1771416000,1.35746,1.3582,1.35519,1.3552,10455
1771430400,1.35521,1.35584,1.35122,1.35217,16336
1771444800,1.35214,1.3525,1.34933,1.34952,10968
1771459200,1.34909,1.3501,1.34882,1.34964,5005
1771473600,1.3496299999999999,1.34972,1.34802,1.34871,4107
1771488000,1.34872,1.35167,1.34848,1.3504,10203
1771502400,1.3504399999999999,1.35073,1.34488,1.34668,14046
1771516800,1.34668,1.34738,1.3433899999999999,1.34521,21647
1771531200,1.34525,1.34728,1.3447,1.34674,9938
1771545600,1.34603,1.3470900000000001,1.34412,1.3446799999999999,5778
1771560000,1.3447,1.34483,1.3435000000000001,1.34451,5413
1771574400,1.34449,1.34791,1.3436,1.34666,13224
1771588800,1.34667,1.34971,1.34616,1.34863,14723
1771603200,1.34857,1.35149,1.34604,1.34894,28869
1771617600,1.3489499999999999,1.35067,1.34812,1.3484099999999999,15867
1771804800,1.34885,1.3533,1.34748,1.35192,10052
1771819200,1.35191,1.35286,1.35102,1.35201,5575
1771833600,1.3519700000000001,1.3535,1.35054,1.3508200000000001,12166
1771848000,1.3508,1.35126,1.34755,1.35059,13577
1771862400,1.35058,1.35248,1.34842,1.3495599999999999,20655
1771876800,1.3495599999999999,1.3501400000000001,1.34853,1.3492899999999999,9378
1771891200,1.34904,1.34994,1.34776,1.3490199999999999,11749
1771905600,1.34901,1.35012,1.34789,1.34884,5580
1771920000,1.34885,1.35025,1.34697,1.34996,14016
1771934400,1.34997,1.35057,1.34765,1.34859,12156
1771948800,1.34854,1.35364,1.34796,1.35181,17321
1771963200,1.35182,1.35199,1.34917,1.3492199999999999,8666
1771977600,1.34864,1.35066,1.3486,1.35027,5291
1771992000,1.35026,1.35246,1.35025,1.35215,8197
1772006400,1.35215,1.35338,1.35095,1.35175,12936
1772020800,1.3517299999999999,1.35352,1.34907,1.35081,12166
1772035200,1.3508,1.3565800000000001,1.35063,1.35556,16861
1772049600,1.35557,1.35602,1.35477,1.35577,6556
1772064000,1.35534,1.35736,1.35476,1.35733,6585
1772078400,1.35734,1.35751,1.35494,1.3560400000000001,6649
1772092800,1.35605,1.35623,1.35187,1.35274,13011
1772107200,1.35274,1.35565,1.35235,1.3536299999999999,11278
1772121600,1.35359,1.3553600000000001,1.34487,1.34508,21513
1772136000,1.34509,1.34928,1.34451,1.34846,10530
1772150400,1.34798,1.34936,1.34754,1.34764,7192
1772164800,1.34764,1.35008,1.34764,1.34894,6616
1772179200,1.34886,1.3508200000000001,1.34612,1.34844,13512
1772193600,1.34846,1.34863,1.34394,1.34443,16309
1772208000,1.34446,1.34766,1.34409,1.34598,23653
1772222400,1.34599,1.34905,1.34596,1.34774,10661
1772409600,1.34027,1.34537,1.34006,1.34507,15780
1772424000,1.34504,1.34557,1.34142,1.34148,10242
1772438400,1.34149,1.34154,1.33139,1.33724,24874
1772452800,1.33723,1.34263,1.33722,1.33826,21776
1772467200,1.33817,1.34253,1.33596,1.34152,28706
1772481600,1.34149,1.3431600000000001,1.33859,1.3405,14488
1772496000,1.34055,1.3425,1.33948,1.3409499999999999,9367
1772510400,1.34093,1.3412,1.33608,1.33631,14118
1772524800,1.3363,1.33663,1.3280699999999999,1.32977,24869
1772539200,1.32976,1.33271,1.32625,1.33011,29645
1772553600,1.3301,1.33374,1.32531,1.33231,38470
1772568000,1.33231,1.3369900000000001,1.33226,1.33562,22073
1772582400,1.33549,1.33636,1.33033,1.33254,13310
1772596800,1.33253,1.33414,1.33108,1.33175,16160
1772611200,1.33172,1.33761,1.33052,1.33605,23243
1772625600,1.33605,1.3403399999999999,1.33483,1.33626,25970
1772640000,1.33612,1.33846,1.33463,1.33608,28072
1772654400,1.3361,1.33805,1.33467,1.33723,11166
1772668800,1.33698,1.33866,1.33639,1.33671,11271
1772683200,1.3366799999999999,1.33716,1.33135,1.33141,13525
1772697600,1.33139,1.33766,1.3305799999999999,1.33547,25406
1772712000,1.33548,1.3373599999999999,1.33322,1.33454,21697
1772726400,1.33442,1.33599,1.32973,1.33297,30634
1772740800,1.33296,1.3365,1.33176,1.3357999999999999,21887
1772755200,1.33415,1.33714,1.33258,1.33651,9868
1772769600,1.3365,1.3372600000000001,1.33551,1.33561,9274
1772784000,1.3356,1.33792,1.33175,1.3323800000000001,19234
1772798400,1.3323800000000001,1.33874,1.33111,1.33386,27040
1772812800,1.33385,1.3409499999999999,1.33254,1.33867,37630
1772827200,1.33866,1.34062,1.33779,1.33982,22196
1773014400,1.33325,1.3349199999999999,1.32965,1.3299699999999999,15834
1773028800,1.32991,1.33104,1.32828,1.32976,18913
1773043200,1.32975,1.33508,1.3296000000000001,1.3318699999999999,28921
1773057600,1.33194,1.33633,1.33136,1.33523,29455
1773072000,1.33525,1.34086,1.33457,1.33905,32234
1773086400,1.33903,1.34457,1.3382100000000001,1.34396,23324
1773100800,1.34408,1.34466,1.34182,1.34352,11136
1773115200,1.3434599999999999,1.34388,1.34132,1.34246,14938
1773129600,1.34244,1.34832,1.34244,1.34592,19451
1773144000,1.34591,1.3468499999999999,1.34303,1.34414,24609
1773158400,1.34413,1.34729,1.34376,1.34627,27636
1773172800,1.34626,1.34808,1.34118,1.34171,26173
1773187200,1.34201,1.34372,1.34101,1.34306,7911
1773201600,1.34305,1.34572,1.34259,1.34543,9425
1773216000,1.34542,1.34565,1.34097,1.34266,17467
1773230400,1.3427,1.34494,1.3394599999999999,1.33992,24343
1773244800,1.33989,1.34433,1.33932,1.34101,31045
1773259200,1.3410199999999999,1.34223,1.33981,1.34108,14770
1773273600,1.3409499999999999,1.34114,1.33694,1.33823,8636
1773288000,1.33822,1.3397000000000001,1.33608,1.33625,10135
1773302400,1.33624,1.33975,1.33613,1.33785,16556
1773316800,1.3378700000000001,1.34096,1.33677,1.33781,19286
1773331200,1.33781,1.3391600000000001,1.33376,1.33477,33363
1773345600,1.33476,1.33613,1.33399,1.33483,18082
1773360000,1.33349,1.33647,1.33349,1.33632,7057
1773374400,1.33633,1.33695,1.33295,1.33314,7393
1773388800,1.33315,1.33374,1.32551,1.32605,17248
1773403200,1.32612,1.32855,1.32452,1.3271,24523
1773417600,1.32712,1.32894,1.32302,1.3243800000000001,31503
1773432000,1.32437,1.32529,1.32179,1.32206,17154
1773619200,1.3231,1.32641,1.32189,1.32632,9266
1773633600,1.32635,1.32656,1.32469,1.3251,8606
1773648000,1.32511,1.32565,1.32302,1.3252,14197
1773662400,1.32519,1.329,1.3241100000000001,1.32776,19256
1773676800,1.3278699999999999,1.33172,1.3278400000000001,1.33033,23630
1773691200,1.33039,1.33395,1.33,1.33208,16815
1773705600,1.33163,1.33192,1.32995,1.33025,5020
1773720000,1.33019,1.3315299999999999,1.32955,1.33114,8679
1773734400,1.33112,1.33312,1.32733,1.33289,16609
1773748800,1.33288,1.33396,1.33114,1.33322,18498
1773763200,1.3332600000000001,1.336,1.33325,1.33473,25975
1773777600,1.33473,1.33644,1.33442,1.33552,11576
1773792000,1.33525,1.33632,1.33486,1.33515,9477
1773806400,1.33521,1.33649,1.33503,1.33635,6228
1773820800,1.33636,1.33745,1.33412,1.33501,11033
1773835200,1.335,1.3371,1.3312300000000001,1.3314599999999999,19685
1773849600,1.33152,1.3336999999999999,1.33027,1.33354,27387
1773864000,1.33354,1.33504,1.3252,1.3253599999999999,22513
1773878400,1.32579,1.32854,1.3251,1.32854,7276
1773892800,1.32851,1.3298,1.32682,1.32724,9044
1773907200,1.32721,1.32771,1.32458,1.32532,19191
1773921600,1.32532,1.33099,1.32532,1.32991,28230
1773936000,1.32982,1.33894,1.3281100000000001,1.33692,39013
1773950400,1.33694,1.34671,1.33687,1.34304,23954
1773964800,1.34281,1.34422,1.34154,1.3424,6460
1773979200,1.34243,1.34291,1.34018,1.34027,7222
1773993600,1.34029,1.34367,1.3397999999999999,1.34169,13873
1774008000,1.34164,1.3418,1.33633,1.3381,23101
1774022400,1.3381,1.33826,1.32986,1.33229,32785
1774036800,1.3323,1.33531,1.3316,1.3342399999999999,22530
1774224000,1.3305500000000001,1.33392,1.32977,1.33194,10061
1774238400,1.33193,1.3343099999999999,1.33129,1.33239,14543
1774252800,1.3323800000000001,1.33311,1.32813,1.33086,22574
1774267200,1.33087,1.3433899999999999,1.32568,1.3429,41412
1774281600,1.34294,1.34792,1.33773,1.3400699999999999,44194
1774296000,1.3400699999999999,1.34579,1.3394,1.34265,22846
1774310400,1.34357,1.34365,1.33932,1.3401,10147
1774324800,1.3400699999999999,1.34087,1.33861,1.33936,15609
1774339200,1.33939,1.34452,1.33853,1.33901,22803
1774353600,1.33901,1.3415,1.3378700000000001,1.33927,23935
1774368000,1.33927,1.34252,1.33648,1.33829,32986
1774382400,1.33829,1.3431899999999999,1.3351899999999999,1.34091,27340
1774396800,1.3403800000000001,1.34361,1.34003,1.34286,11217
1774411200,1.34287,1.34328,1.3391199999999999,1.33917,11376
1774425600,1.33918,1.34242,1.3369900000000001,1.34074,16995
1774440000,1.34074,1.34271,1.33894,1.33938,20168
1774454400,1.33937,1.3401,1.33586,1.33785,28543
1774468800,1.33786,1.33924,1.33578,1.33606,15459
1774483200,1.33622,1.33689,1.33539,1.33589,5489
1774497600,1.3359,1.33677,1.33481,1.33653,7001
1774512000,1.33654,1.3367,1.33364,1.33528,14802
1774526400,1.33526,1.33613,1.33217,1.33303,17445
1774540800,1.33303,1.3378,1.33301,1.33371,27714
1774555200,1.3336999999999999,1.33682,1.33099,1.33263,17065
1774569600,1.33283,1.33404,1.33217,1.3333599999999999,7920
1774584000,1.33337,1.33464,1.33318,1.3342800000000001,8533
1774598400,1.33427,1.33473,1.3309199999999999,1.33136,15138
1774612800,1.33129,1.33178,1.32718,1.32817,18888
1774627200,1.3281800000000001,1.33325,1.32736,1.32763,27127
1774641600,1.32762,1.32881,1.32596,1.3269,16663
1774828800,1.32551,1.32663,1.3232300000000001,1.32522,10342
1774843200,1.32523,1.32772,1.32453,1.32677,12058
1774857600,1.32678,1.32825,1.3232599999999999,1.32346,13868
1774872000,1.32348,1.3253300000000001,1.3220399999999999,1.3228,16865
1774886400,1.3228,1.32338,1.31735,1.31903,25610
1774900800,1.31904,1.31969,1.3174000000000001,1.31827,14832
1774915200,1.31814,1.32028,1.31588,1.32004,8988
1774929600,1.32003,1.32241,1.3195999999999999,1.3197,11503
1774944000,1.31969,1.32192,1.31908,1.32119,15040
1774958400,1.32121,1.32487,1.31918,1.3237,18789
1774972800,1.32369,1.32638,1.31719,1.32153,32388
1774987200,1.32154,1.3247900000000001,1.32152,1.32246,22976
1775001600,1.32264,1.32544,1.3219,1.32463,6149
1775016000,1.32467,1.3247200000000001,1.3219400000000001,1.32427,10739
1775030400,1.32428,1.33008,1.32415,1.32887,21067
1775044800,1.32883,1.3326500000000001,1.32773,1.33057,20137
1775059200,1.33057,1.33389,1.32932,1.3338700000000001,27957
1775073600,1.3338700000000001,1.33461,1.32926,1.33046,16327
1775088000,1.33042,1.3314599999999999,1.3289,1.3312,8593
1775102400,1.33112,1.33201,1.32294,1.32356,22339
1775116800,1.3235700000000001,1.32379,1.31959,1.32013,17479
1775131200,1.3201399999999999,1.32186,1.31814,1.32142,17117
1775145600,1.3215,1.32512,1.32019,1.32311,29557
1775160000,1.32308,1.32422,1.32206,1.32251,14213
1775174400,1.3223,1.32376,1.32132,1.32346,3955
1775188800,1.32344,1.32348,1.32215,1.32268,2763
1775203200,1.32267,1.32426,1.32219,1.3238400000000001,3920
1775217600,1.32383,1.3239,1.3201399999999999,1.32126,6321
1775232000,1.32127,1.32198,1.31933,1.3197,8756
1775246400,1.31972,1.32056,1.31852,1.31886,6172
1775433600,1.31863,1.31982,1.31772,1.31969,8549
1775448000,1.31971,1.32178,1.31905,1.32125,10308
1775462400,1.32124,1.3259,1.32091,1.32491,13731
1775476800,1.3250199999999999,1.32557,1.3232599999999999,1.32454,14269
1775491200,1.32456,1.32683,1.32237,1.32346,21753
1775505600,1.32347,1.32443,1.32178,1.32345,13219
1775520000,1.3233,1.32422,1.32291,1.32309,6575
1775534400,1.32307,1.3235299999999999,1.32112,1.32327,10225
1775548800,1.32327,1.32851,1.32184,1.32831,17574
1775563200,1.32828,1.3284099999999999,1.32364,1.3250600000000001,21821
1775577600,1.3250899999999999,1.32664,1.32358,1.32503,27400
1775592000,1.3250199999999999,1.3300100000000001,1.3247,1.32951,19117
1775606400,1.32843,1.34104,1.3280699999999999,1.33876,23416
1775620800,1.33877,1.34172,1.33857,1.34158,18741
1775635200,1.34165,1.34456,1.34064,1.34277,23404
1775649600,1.3427799999999999,1.34842,1.34199,1.34732,19687
1775664000,1.34729,1.34821,1.3419699999999999,1.34245,28453
1775678400,1.34245,1.3428,1.33807,1.33954,18493
1775692800,1.3396,1.3403,1.3384800000000001,1.3390900000000001,6941
1775707200,1.3391,1.34062,1.33809,1.33991,10197
1775721600,1.33993,1.34073,1.33808,1.34033,14177
1775736000,1.34032,1.34302,1.33956,1.3416000000000001,14703
1775750400,1.34164,1.3455599999999999,1.3403800000000001,1.34447,23870
1775764800,1.34447,1.34583,1.34294,1.34338,14713
1775779200,1.34315,1.34368,1.34205,1.3424800000000001,5810
1775793600,1.3425099999999999,1.3431899999999999,1.34202,1.34214,6917
1775808000,1.34215,1.34283,1.34103,1.34207,10457
1775822400,1.34211,1.3467799999999999,1.3417,1.34582,14201
1775836800,1.34583,1.34791,1.34477,1.34561,21485
1775851200,1.34561,1.3472,1.3453,1.3467799999999999,11446
1776038400,1.3388900000000001,1.34078,1.33806,1.34021,9376
1776052800,1.34026,1.34093,1.33979,1.34049,9080
1776067200,1.34051,1.34338,1.3401399999999999,1.3427799999999999,13428
1776081600,1.34279,1.34426,1.34157,1.34358,13838
1776096000,1.34359,1.34822,1.34344,1.3473899999999999,23503
1776110400,1.34741,1.35084,1.34738,1.35063,12675
1776124800,1.35008,1.35164,1.34934,1.3514300000000001,5474
1776139200,1.3514300000000001,1.35212,1.35032,1.3519,7681
1776153600,1.35189,1.35392,1.35106,1.35376,13654
1776168000,1.35376,1.3589,1.35338,1.35868,14263
1776182400,1.35867,1.35886,1.35581,1.35673,20426
1776196800,1.35675,1.3572899999999999,1.35603,1.3567,11443
1776211200,1.3568799999999999,1.35791,1.35574,1.35733,6862
1776225600,1.35732,1.35774,1.35571,1.35671,9010
1776240000,1.35672,1.3578299999999999,1.35554,1.35641,13069
1776254400,1.3564,1.35696,1.35434,1.35549,18477
1776268800,1.3555,1.35789,1.35527,1.35731,21095
1776283200,1.35727,1.35765,1.35589,1.3563399999999999,12477
1776297600,1.35605,1.35748,1.35535,1.35737,5140
1776312000,1.35733,1.35946,1.3560699999999999,1.35765,9964
1776326400,1.35764,1.35815,1.35471,1.35503,14573
1776340800,1.3550200000000001,1.35534,1.35314,1.35467,14945
1776355200,1.35467,1.35548,1.35163,1.35286,25486
1776369600,1.35288,1.35349,1.35213,1.35262,14413
1776384000,1.35219,1.35366,1.35186,1.35206,6690
1776398400,1.35205,1.35273,1.3514,1.35221,8262
1776412800,1.35221,1.3534,1.35045,1.35309,13655
1776427200,1.3531,1.35855,1.35191,1.35833,17499
1776441600,1.35833,1.35991,1.3544100000000001,1.3553600000000001,35248
1776456000,1.3553600000000001,1.35545,1.35127,1.35151,19137
1776643200,1.34854,1.3496000000000001,1.34728,1.3495300000000001,10731
1776657600,1.34954,1.35084,1.34891,1.3504800000000001,10687
1776672000,1.3504800000000001,1.35186,1.34817,1.34974,19577
1776686400,1.34973,1.35276,1.34967,1.35161,17840
1776700800,1.35164,1.35443,1.35067,1.35379,28200
1776715200,1.3538000000000001,1.3544,1.35298,1.3536000000000001,14638
1776729600,1.35316,1.35392,1.35209,1.35242,6348
1776744000,1.35241,1.35291,1.35144,1.35149,8791
1776758400,1.3515,1.35296,1.34825,1.35035,19315
1776772800,1.35033,1.35235,1.34955,1.3514599999999999,16757
1776787200,1.3515,1.35396,1.34969,1.34978,26550
1776801600,1.34977,1.35256,1.3474599999999999,1.3504399999999999,26679
1776816000,1.35007,1.35202,1.34939,1.35097,8133
1776830400,1.35096,1.35148,1.35031,1.35072,9882
1776844800,1.35073,1.35341,1.35063,1.35287,15845
1776859200,1.35286,1.35354,1.3492199999999999,1.3494,17637
1776873600,1.34944,1.35243,1.3491900000000001,1.3504399999999999,26078
1776888000,1.35043,1.35165,1.34984,1.3501699999999999,13850
1776902400,1.35026,1.351,1.34789,1.35086,9363
1776916800,1.3508499999999999,1.35102,1.34824,1.34904,13538
1776931200,1.34905,1.3507500000000001,1.34814,1.35046,15861
1776945600,1.35046,1.3513,1.3483,1.34875,21439
1776960000,1.34874,1.35181,1.34782,1.34918,25100
1776974400,1.3491900000000001,1.34935,1.34474,1.34628,26358
1776988800,1.34688,1.3471600000000001,1.34579,1.34679,5290
1777003200,1.3468,1.34729,1.34534,1.34629,9623
1777017600,1.34628,1.3484099999999999,1.34596,1.34764,14095
1777032000,1.34765,1.35046,1.34742,1.35013,20733
1777046400,1.35018,1.35214,1.34863,1.35209,26866
1777060800,1.35209,1.35365,1.35169,1.35362,13074
1777248000,1.34996,1.35225,1.3498299999999999,1.35212,5190
1777262400,1.35217,1.35484,1.35217,1.35408,9637
1777276800,1.35407,1.35575,1.35243,1.3553899999999999,14646
1777291200,1.3554,1.35759,1.35474,1.35487,16940
1777305600,1.35486,1.35641,1.35372,1.35432,24535
1777320000,1.35433,1.35446,1.35302,1.35335,13075
1777334400,1.35381,1.35409,1.35291,1.3532199999999999,4942
1777348800,1.3532,1.35361,1.3520699999999999,1.35301,8823
1777363200,1.35302,1.35311,1.35019,1.35052,16621
1777377600,1.3505099999999999,1.35053,1.34629,1.34925,21892
1777392000,1.34924,1.35165,1.34809,1.35145,27336
1777406400,1.3514599999999999,1.35222,1.3507799999999999,1.35194,13990
1777420800,1.35147,1.35277,1.35071,1.35247,3337
1777435200,1.35243,1.35253,1.35099,1.35128,9377
1777449600,1.35129,1.35133,1.34946,1.34994,15140
1777464000,1.34994,1.35137,1.34957,1.35003,17876
1777478400,1.35002,1.35072,1.34711,1.3481,27996
1777492800,1.34811,1.3492899999999999,1.34573,1.3473899999999999,23680
1777507200,1.34762,1.34955,1.34686,1.34845,9801
1777521600,1.3484099999999999,1.3486500000000001,1.34547,1.34607,16288
1777536000,1.34608,1.35001,1.3454,1.34846,24980
1777550400,1.34844,1.35351,1.34788,1.35125,35620
1777564800,1.35123,1.35937,1.35046,1.35777,35931
1777579200,1.35776,1.36118,1.35762,1.36041,19372
1777593600,1.36017,1.3609200000000001,1.35982,1.36035,5370
1777608000,1.36037,1.3611900000000001,1.35957,1.35971,8783
1777622400,1.3597000000000001,1.36225,1.35867,1.36081,17515
1777636800,1.36084,1.3643100000000001,1.35913,1.36295,17975
1777651200,1.36293,1.36578,1.35984,1.35986,29477
1777665600,1.35985,1.36017,1.3568,1.3572199999999999,17342
1777852800,1.35925,1.36036,1.35747,1.35866,6177
1777867200,1.35865,1.36012,1.35763,1.3587799999999999,12437
1777881600,1.35877,1.35984,1.35591,1.35605,16539
1777896000,1.35606,1.35663,1.35232,1.35569,22012
1777910400,1.3556599999999999,1.3569200000000001,1.35122,1.35188,31691
1777924800,1.35189,1.35423,1.35186,1.35304,17600
1777939200,1.35301,1.35347,1.3517299999999999,1.35247,5829
1777953600,1.35246,1.3532,1.35148,1.35156,9068
1777968000,1.35157,1.35501,1.35134,1.3542100000000001,16976
1777982400,1.35418,1.35511,1.35305,1.35437,19844
1777996800,1.35436,1.35781,1.35434,1.35559,24850
1778011200,1.3556,1.35589,1.35385,1.35398,13803
1778025600,1.35377,1.35797,1.35344,1.35747,10810
1778040000,1.3574899999999999,1.35954,1.35629,1.35893,16195
1778054400,1.3589,1.36342,1.3580999999999999,1.36259,21254
1778068800,1.36257,1.3643100000000001,1.36077,1.36116,29144
1778083200,1.36116,1.36193,1.35782,1.35832,29250
1778097600,1.35833,1.35993,1.35812,1.35904,15256
1778112000,1.35904,1.35992,1.35839,1.3592,7085
1778126400,1.35922,1.36081,1.35903,1.35975,11762
1778140800,1.3597299999999999,1.36243,1.3590900000000001,1.36221,19441
1778155200,1.3622,1.363,1.3609200000000001,1.36234,20559
1778169600,1.36234,1.36322,1.35901,1.35942,28660
1778184000,1.35941,1.35949,1.35514,1.35541,23145
1778198400,1.3547799999999999,1.3561,1.35468,1.3550900000000001,7902
1778212800,1.35508,1.35683,1.35491,1.3565,11937
1778227200,1.35651,1.3614899999999999,1.3565,1.36134,16331
1778241600,1.36137,1.3624,1.35998,1.36137,19109
1778256000,1.36136,1.36307,1.36059,1.36171,24510
1778270400,1.36169,1.3636300000000001,1.36159,1.36353,12900
1778457600,1.35504,1.36009,1.35501,1.35987,7199
1778472000,1.35986,1.3600400000000001,1.3578700000000001,1.35807,9579
1778486400,1.35806,1.36142,1.35799,1.36076,14018
1778500800,1.36076,1.3615300000000001,1.35855,1.36109,18681
1778515200,1.36111,1.36529,1.36107,1.36408,22683
1778529600,1.3641,1.3645100000000001,1.3607,1.36091,15692
1778544000,1.36087,1.36098,1.35926,1.3593600000000001,4986
1778558400,1.35935,1.35955,1.35795,1.35845,10946
1778572800,1.35846,1.35858,1.35019,1.35301,22182
1778587200,1.3529900000000001,1.3553,1.35131,1.35372,23960
1778601600,1.35372,1.35427,1.35001,1.35179,30919
1778616000,1.3518,1.3544,1.3516,1.35373,16140
1778630400,1.35321,1.35423,1.3527,1.35365,5537
1778644800,1.35366,1.3546,1.35283,1.35341,10225
1778659200,1.35339,1.3551,1.35187,1.35243,17971
1778673600,1.35245,1.35245,1.34846,1.34901,22487
1778688000,1.34903,1.35291,1.34903,1.3515,25787
1778702400,1.35151,1.35264,1.35107,1.3523,14922
1778716800,1.35174,1.35324,1.35153,1.35293,4811
1778731200,1.35294,1.35323,1.3520400000000001,1.35277,9266
1778745600,1.35278,1.35323,1.35031,1.35196,16261
1778760000,1.3519700000000001,1.35206,1.34954,1.35076,18168
1778774400,1.35076,1.35127,1.34317,1.34429,26285
1778788800,1.34429,1.34461,1.33947,1.33998,15760
1778803200,1.33997,1.34039,1.33741,1.33803,6962
1778817600,1.33802,1.3382,1.33627,1.33633,12262
1778832000,1.33635,1.33755,1.33349,1.3345500000000001,24557
1778846400,1.3345799999999999,1.33933,1.3328,1.33533,25401
1778860800,1.33536,1.33629,1.3316,1.3330600000000001,33602
1778875200,1.33303,1.33383,1.33149,1.33157,16612
1779062400,1.33176,1.33229,1.33047,1.33083,9394
1779076800,1.33088,1.33194,1.3302100000000001,1.33155,14699
1779091200,1.33156,1.3384,1.3313,1.3377,20806
1779105600,1.33768,1.3403,1.33462,1.33952,23361
1779120000,1.33952,1.34494,1.338,1.34293,30646
1779134400,1.34294,1.3439,1.34001,1.3433899999999999,21318
1779148800,1.3431,1.3437299999999999,1.34185,1.3418999999999999,6631
1779163200,1.34189,1.3425,1.34056,1.3406,13738
1779177600,1.34061,1.34178,1.3388900000000001,1.33923,20766
1779192000,1.33922,1.34192,1.3387,1.34078,20858
1779206400,1.34071,1.34074,1.33781,1.33989,31293
1779220800,1.33989,1.34119,1.33962,1.3397700000000001,15119
1779235200,1.33957,1.3403800000000001,1.33869,1.3389,8672
1779249600,1.33888,1.34061,1.33776,1.33905,18468
1779264000,1.33904,1.34067,1.3372899999999999,1.33819,21210
1779278400,1.33818,1.34076,1.33801,1.33975,18215
1779292800,1.33974,1.34631,1.3383,1.34416,34564
1779307200,1.34417,1.34508,1.34321,1.34347,18360
1779321600,1.3434,1.34393,1.34281,1.34368,6973
1779336000,1.34369,1.34453,1.34189,1.3431199999999999,12795
1779350400,1.34313,1.34545,1.34155,1.34355,20750
1779364800,1.34353,1.34463,1.34116,1.3413599999999999,23670
1779379200,1.34138,1.34208,1.3392,1.34081,28757
1779393600,1.34083,1.34491,1.34052,1.34332,23135
1779408000,1.34249,1.34342,1.34205,1.34254,7375
1779422400,1.34253,1.3431899999999999,1.34227,1.34303,10684
1779436800,1.34304,1.34383,1.34131,1.34261,15475
1779451200,1.3426,1.3437000000000001,1.3416299999999999,1.34365,16491
1779465600,1.34363,1.34627,1.3418,1.34442,25350
1779480000,1.34445,1.34534,1.3431600000000001,1.3434300000000001,15498
1779667200,1.34478,1.3488,1.34387,1.34787,7995
1779681600,1.34788,1.34901,1.34738,1.34827,9637
1779696000,1.34826,1.34937,1.34704,1.34935,12498
1779710400,1.34934,1.35064,1.34872,1.35007,9184
1779724800,1.35008,1.3505099999999999,1.34924,1.35039,11195
1779739200,1.35038,1.3509,1.35031,1.35065,5065
1779753600,1.3501699999999999,1.3505,1.34877,1.34944,6823
1779768000,1.34943,1.34949,1.34803,1.3480699999999999,10437
1779782400,1.3480699999999999,1.34848,1.34646,1.34747,16315
1779796800,1.34749,1.34894,1.34656,1.34668,17217
1779811200,1.34667,1.34701,1.34344,1.34412,24074
1779825600,1.34413,1.34536,1.34381,1.34475,10899
1779840000,1.34435,1.34589,1.3443399999999999,1.34554,6132
1779854400,1.3455300000000001,1.34583,1.34455,1.3454,10699
1779868800,1.34538,1.34567,1.3441100000000001,1.34464,14024
1779883200,1.3446,1.34564,1.34301,1.34397,17922
1779897600,1.34399,1.34577,1.34162,1.34307,26043
1779912000,1.3430900000000001,1.34328,1.34171,1.34284,12606
1779926400,1.3422399999999999,1.34307,1.34093,1.34134,7098
1779940800,1.34135,1.34138,1.3367200000000001,1.33775,14900
1779955200,1.33774,1.34113,1.33751,1.34017,17070
1779969600,1.34017,1.3425,1.33863,1.34207,17501
1779984000,1.34211,1.3451,1.34073,1.34464,27716
1779998400,1.3446500000000001,1.3448,1.34362,1.3443,13429
1780012800,1.34416,1.34487,1.34382,1.34409,5575
1780027200,1.34408,1.34505,1.34301,1.34381,11350
1780041600,1.34384,1.34446,1.34083,1.34115,15447
1780056000,1.34115,1.34344,1.3409200000000001,1.3434,17430
1780070400,1.34341,1.34853,1.34294,1.34668,28075
1780084800,1.34669,1.34707,1.34544,1.34555,15435
1780272000,1.34478,1.34586,1.34448,1.34514,11855
1780286400,1.34513,1.34593,1.34485,1.3457,10088
1780300800,1.34571,1.34759,1.34552,1.34707,14172
1780315200,1.34706,1.34749,1.34552,1.34636,16860
1780329600,1.34635,1.34636,1.3406500000000001,1.34605,27583
1780344000,1.3461,1.34697,1.3453300000000001,1.34554,13751
1780358400,1.34541,1.34619,1.34493,1.34536,7765
1780372800,1.34538,1.34646,1.34505,1.34637,10494
1780387200,1.34637,1.34814,1.34605,1.34633,15237
1780401600,1.34634,1.34774,1.34605,1.34718,13472
1780416000,1.3472,1.34803,1.34612,1.3466,18375
1780430400,1.34661,1.34721,1.3452899999999999,1.34662,11306
1780444800,1.34642,1.34672,1.3450199999999999,1.3465799999999999,7101
1780459200,1.34659,1.34717,1.34581,1.3459699999999999,9074
1780473600,1.34596,1.34633,1.34367,1.34426,15877
1780488000,1.34427,1.34596,1.34273,1.3432,16084
1780502400,1.3432,1.34394,1.34154,1.34227,25002
1780516800,1.3423,1.34286,1.34121,1.34184,11684
1780531200,1.34158,1.34318,1.3409499999999999,1.34253,8058
1780545600,1.34252,1.3431,1.34169,1.34308,10128
1780560000,1.34307,1.34352,1.34113,1.343,15719
1780574400,1.34299,1.34623,1.34297,1.34558,18701
1780588800,1.34557,1.34572,1.34298,1.34348,21759
1780603200,1.34345,1.34362,1.342,1.34233,9960
1780617600,1.3425500000000001,1.34279,1.34175,1.34232,6569
1780632000,1.34231,1.34314,1.34159,1.34292,10354
1780646400,1.34293,1.34579,1.34237,1.34554,13391
1780660800,1.3455,1.3483100000000001,1.3404,1.34043,18437
1780675200,1.34044,1.34219,1.33406,1.33559,32215
1780689600,1.33559,1.33567,1.33301,1.3335,18816
1780876800,1.33232,1.3349,1.33121,1.3348900000000001,7700
1780891200,1.33488,1.33503,1.33182,1.3339400000000001,14533
1780905600,1.33396,1.33487,1.33197,1.33212,22083
1780920000,1.33213,1.33696,1.3305799999999999,1.33505,23297
1780934400,1.33511,1.3365,1.3335,1.33432,26789
1780948800,1.3343099999999999,1.33523,1.33374,1.33383,14063
1780963200,1.33391,1.33442,1.3330600000000001,1.33362,6760
1780977600,1.3336299999999999,1.33625,1.33351,1.33602,10675
1780992000,1.33603,1.3382399999999999,1.33555,1.3379699999999999,17119
1781006400,1.33798,1.34073,1.33789,1.34033,13068
1781020800,1.34039,1.34105,1.33581,1.33715,32847
1781035200,1.33721,1.33907,1.33708,1.33793,17985
1781049600,1.33691,1.33801,1.33632,1.33785,8080
1781064000,1.33786,1.33904,1.33718,1.3382100000000001,13292
1781078400,1.3382,1.33969,1.33796,1.33861,17234
1781092800,1.33861,1.34086,1.33759,1.33891,23200
1781107200,1.3389199999999999,1.34233,1.33711,1.3389199999999999,32844
1781121600,1.33893,1.33964,1.33667,1.3367200000000001,19525
1781136000,1.3367200000000001,1.33708,1.33497,1.33705,14630
1781150400,1.3370600000000001,1.3391600000000001,1.33693,1.33835,12905
1781164800,1.33834,1.33913,1.33608,1.33631,14856
1781179200,1.3363399999999999,1.33692,1.33404,1.33612,18351
1781193600,1.3361100000000001,1.3362,1.33244,1.3333,28415
1781208000,1.3332899999999999,1.34328,1.33263,1.3414,28287
1781222400,1.3413599999999999,1.34263,1.34,1.34084,8833
1781236800,1.34083,1.34177,1.33996,1.34108,14035
1781251200,1.34111,1.34192,1.33833,1.3413300000000001,22165
1781265600,1.34134,1.34257,1.33894,1.33933,20815
1781280000,1.33934,1.3424,1.33902,1.34152,29958
1781294400,1.3415300000000001,1.34214,1.34015,1.3403399999999999,12122
1781481600,1.3397700000000001,1.34609,1.3397700000000001,1.34439,10928
1781496000,1.34437,1.34509,1.34328,1.345,9042
1781510400,1.34501,1.34598,1.34182,1.34227,14908
1781524800,1.34228,1.3433899999999999,1.34167,1.34296,15295
1781539200,1.34297,1.34443,1.34237,1.34293,17559
1781553600,1.34292,1.3431,1.34058,1.34098,11734
1781568000,1.34093,1.34164,1.3403399999999999,1.34135,7377
1781582400,1.34134,1.3418,1.33906,1.33971,9135
1781596800,1.3397299999999999,1.3424,1.33905,1.34237,13581
1781611200,1.34238,1.3431199999999999,1.34074,1.34158,13552
1781625600,1.3416000000000001,1.34428,1.34027,1.34291,20519
1781640000,1.34292,1.34325,1.34216,1.34245,10435
1781654400,1.34266,1.34321,1.34176,1.34305,8312
1781668800,1.34302,1.34336,1.34245,1.34307,5746
1781683200,1.34306,1.34352,1.34079,1.34169,11613
1781697600,1.34168,1.34196,1.33995,1.34151,12212
1781712000,1.3415,1.34181,1.33846,1.33964,18235
1781726400,1.33964,1.3403399999999999,1.3262,1.32948,33137
1781740800,1.32876,1.33174,1.32752,1.33063,8299
1781755200,1.33064,1.33193,1.33059,1.33142,10302
1781769600,1.3314300000000001,1.3324799999999999,1.32412,1.32452,19305
1781784000,1.32452,1.32498,1.3205,1.32331,23364
1781798400,1.32333,1.32534,1.32111,1.32211,29345
1781812800,1.32214,1.32302,1.31927,1.32023,15717
1781827200,1.32031,1.3211,1.31967,1.32091,5876
1781841600,1.32092,1.32107,1.31681,1.31698,10326
1781856000,1.31699,1.32327,1.31628,1.32321,17387
1781870400,1.3232300000000001,1.32404,1.3222800000000001,1.3235000000000001,15510
1781884800,1.32354,1.32363,1.3213599999999999,1.32281,14749
1781899200,1.32282,1.32388,1.32179,1.3225799999999999,12660
1782086400,1.31833,1.32222,1.31798,1.3222,7430
1782100800,1.32229,1.32339,1.32036,1.32073,10969
1782115200,1.32076,1.3220399999999999,1.31833,1.32056,17586
1782129600,1.32061,1.3273,1.3205200000000001,1.32611,20127
1782144000,1.32611,1.32673,1.32378,1.32442,26655
1782158400,1.32443,1.32516,1.32402,1.32487,10217
1782172800,1.3247,1.32537,1.32391,1.3245,5477
1782187200,1.32449,1.32496,1.32338,1.32367,12080
1782201600,1.32368,1.32496,1.32123,1.32203,19807
1782216000,1.32202,1.32315,1.32066,1.32115,16831
1782230400,1.32116,1.32219,1.31849,1.31868,22888
1782244800,1.31867,1.32028,1.31821,1.32016,9213
1782259200,1.31893,1.32037,1.31888,1.3199100000000001,7863
1782273600,1.3199100000000001,1.32043,1.31869,1.31931,14049
1782288000,1.31932,1.32089,1.3171,1.31927,17574
1782302400,1.31925,1.3195299999999999,1.31415,1.31503,19934
1782316800,1.31503,1.31788,1.314,1.31704,24637
1782331200,1.31704,1.31721,1.3153299999999999,1.31661,14718
1782345600,1.31644,1.3167,1.31488,1.3163,6586
1782360000,1.31633,1.31853,1.31623,1.31819,12899
1782374400,1.31818,1.31966,1.31673,1.31904,15704
1782388800,1.31905,1.31971,1.31508,1.3176,17324
1782403200,1.31765,1.3219,1.31732,1.32055,29088
1782417600,1.32056,1.32061,1.3191899999999999,1.3191899999999999,15298
1782432000,1.31927,1.31972,1.31841,1.31928,7597
1782446400,1.31929,1.32017,1.31802,1.32009,13153
1782460800,1.3201100000000001,1.32219,1.31908,1.32165,18435
1782475200,1.32163,1.32283,1.31997,1.32104,20428
1782489600,1.32105,1.32317,1.31972,1.32058,23385
1782504000,1.32059,1.32095,1.31909,1.31914,12069
1782691200,1.31967,1.3201100000000001,1.31878,1.31986,7062
1782705600,1.3198400000000001,1.32096,1.31955,1.3198699999999999,10498
1782720000,1.31985,1.32278,1.3198400000000001,1.32069,14392
1782734400,1.32076,1.32402,1.3206,1.32335,15383
1782748800,1.32336,1.32584,1.32275,1.3254299999999999,21525
1782763200,1.32544,1.3262,1.3250600000000001,1.32589,8068
1782777600,1.32505,1.32618,1.3239,1.3244799999999999,5572
1782792000,1.3245,1.32476,1.32283,1.32285,12041
1782806400,1.32283,1.32469,1.32212,1.32302,16734
1782820800,1.32303,1.32396,1.32117,1.32153,17668
1782835200,1.32153,1.32766,1.32132,1.32508,22246
1782849600,1.32512,1.32656,1.325,1.326,11028
1782864000,1.32564,1.3260100000000001,1.3244,1.32452,4989
1782878400,1.32453,1.32455,1.3231600000000001,1.3241399999999999,11605
1782892800,1.32415,1.32525,1.32284,1.32466,14556
1782907200,1.32467,1.32566,1.32338,1.32368,16922
1782921600,1.32369,1.32918,1.32187,1.3281,30180
1782936000,1.32813,1.32854,1.32683,1.32737,10856
1782950400,1.32721,1.32833,1.32617,1.32781,6354
1782964800,1.3277999999999999,1.32946,1.32768,1.32891,10587
1782979200,1.3289,1.33627,1.32859,1.3357,20845
1782993600,1.33569,1.3382800000000001,1.32968,1.33643,22994
1783008000,1.33652,1.33846,1.33486,1.33526,34849
1783022400,1.33525,1.33536,1.33375,1.33483,13828
1783036800,1.3343099999999999,1.33494,1.33346,1.33475,5859
1783051200,1.33477,1.33662,1.33462,1.33646,11587
1783065600,1.3364500000000001,1.33811,1.33569,1.33601,14776
1783080000,1.33602,1.33639,1.3349,1.33558,12368
1783094400,1.33558,1.33586,1.33456,1.33545,11805
1783108800,1.33544,1.33582,1.3346,1.33491,20026
1783296000,1.33388,1.33566,1.33382,1.33527,8985
1783310400,1.33526,1.33539,1.33388,1.33425,13184
1783324800,1.33427,1.335,1.33284,1.33377,16744
1783339200,1.33376,1.3351600000000001,1.33311,1.3342100000000001,14871
1783353600,1.33422,1.33766,1.33408,1.33756,17318
1783368000,1.33755,1.33966,1.33748,1.33891,7241
1783382400,1.3379699999999999,1.34012,1.3379699999999999,1.33879,6233
1783396800,1.3388,1.34017,1.33878,1.3388900000000001,11371
1783411200,1.33891,1.33936,1.33747,1.33915,13805
1783425600,1.33915,1.33941,1.33692,1.3385099999999999,13852
1783440000,1.33852,1.33867,1.33608,1.3371,20315
1783454400,1.33711,1.33762,1.3348499999999999,1.33569,13280
1783468800,1.33483,1.33574,1.33427,1.33525,7260
1783483200,1.33525,1.3359,1.33418,1.33534,12870
1783497600,1.33533,1.33701,1.33374,1.33396,20746
1783512000,1.33395,1.33569,1.33221,1.3341,24146
1783526400,1.33405,1.3385799999999999,1.33403,1.3384800000000001,26873
1783540800,1.3384800000000001,1.341,1.33846,1.33871,15794
1783555200,1.33894,1.34037,1.33802,1.33975,5145
1783569600,1.33976,1.34002,1.33863,1.33989,9726
1783584000,1.3399,1.3430900000000001,1.33985,1.34125,14494
1783598400,1.34124,1.3415599999999999,1.33803,1.33846,14262
1783612800,1.33844,1.34118,1.33844,1.34096,17733
1783627200,1.3409499999999999,1.34191,1.34045,1.34081,11329
1783641600,1.34047,1.34246,1.3391600000000001,1.3422399999999999,4480
1783656000,1.34223,1.34516,1.3419400000000001,1.34305,11927
1783670400,1.34304,1.34357,1.34083,1.34097,14917
1783684800,1.34097,1.34376,1.34088,1.34211,15072
1783699200,1.34211,1.34231,1.3392,1.3411,22543
1783713600,1.34107,1.3412600000000001,1.33923,1.33956,14021
1783900800,1.3384800000000001,1.33871,1.33682,1.33761,10355
1783915200,1.33759,1.3384800000000001,1.33662,1.33839,16020
1783929600,1.33841,1.34114,1.3374,1.33945,21442
1783944000,1.33944,1.34023,1.33814,1.33989,19734
1783958400,1.33993,1.34021,1.33574,1.33631,26792
1783972800,1.3363399999999999,1.33663,1.3342,1.3344,15897
1783987200,1.33472,1.3357299999999999,1.33418,1.3351600000000001,8978
1784001600,1.33515,1.33637,1.33506,1.3359,15680
1784016000,1.33591,1.33765,1.33511,1.33745,18786
1784030400,1.33744,1.34425,1.33659,1.34091,22061
1784044800,1.34096,1.34228,1.33753,1.3388900000000001,33655
1784059200,1.33888,1.33911,1.33677,1.33905,14650
1784073600,1.33853,1.34036,1.33687,1.34027,5923
1784088000,1.34028,1.34089,1.33979,1.34024,9853
1784102400,1.34026,1.34199,1.33907,1.3396,15341
1784116800,1.33967,1.34301,1.33806,1.3428200000000001,17657
1784131200,1.3428200000000001,1.35281,1.34218,1.3526,25853
1784145600,1.3526099999999999,1.35579,1.35259,1.35375,17389
1784160000,1.35256,1.3544,1.35253,1.35334,6497
1784174400,1.35337,1.35378,1.35194,1.35325,11026
1784188800,1.35324,1.35422,1.35186,1.35208,15847
1784203200,1.35208,1.35211,1.34936,1.34973,18969
1784217600,1.34974,1.35171,1.3465099999999999,1.34657,23838
1784232000,1.3465799999999999,1.34792,1.34595,1.34787,13001
1784246400,1.34762,1.3477999999999999,1.34694,1.34768,5061
1784260800,1.34767,1.34795,1.3457,1.34589,11827
1784275200,1.3458999999999999,1.3480400000000001,1.34419,1.34428,18379
1784289600,1.34427,1.3446500000000001,1.34259,1.3431600000000001,20172
1784304000,1.3431600000000001,1.34557,1.34281,1.3455599999999999,24839
1784318400,1.34557,1.3459699999999999,1.34507,1.34546,12072
1784505600,1.34416,1.34517,1.34331,1.34505,7131
1784520000,1.34506,1.34677,1.34483,1.34661,10590
1784534400,1.34662,1.34809,1.34576,1.34695,13906
1784548800,1.34695,1.3477999999999999,1.34482,1.34546,17368
1784563200,1.34547,1.34588,1.34124,1.34202,18994
1784577600,1.34203,1.34393,1.34183,1.34297,11726
1784592000,1.34294,1.3434599999999999,1.3418700000000001,1.3430900000000001,5404
1784606400,1.3431,1.34406,1.3429,1.34399,10212
1784620800,1.3439999999999999,1.34554,1.34271,1.34291,12707
1784635200,1.34292,1.34338,1.33816,1.33888,14655
1784649600,1.33888,1.3399,1.33597,1.33823,20044
1784664000,1.33825,1.33871,1.33746,1.3377,10829
1784678400,1.33708,1.33869,1.33695,1.33846,6185
1784692800,1.33847,1.33894,1.33792,1.33836,9070
1784707200,1.3384,1.33952,1.3369,1.33735,16411
1784721600,1.3372899999999999,1.33746,1.33549,1.33589,16392
1784736000,1.33586,1.33907,1.33586,1.3372600000000001,20022
1784750400,1.33724,1.33769,1.33682,1.33749,11278
1784764800,1.33744,1.33814,1.33661,1.33809,5009
1784779200,1.3381,1.33932,1.33799,1.33866,12025
1784793600,1.33867,1.3391,1.33608,1.33682,15279
1784808000,1.33684,1.33774,1.33348,1.33425,18516
1784822400,1.33423,1.33445,1.32986,1.33236,28831
1784836800,1.33237,1.33244,1.33111,1.33148,13349
1784851200,1.33118,1.3323800000000001,1.3307,1.3323800000000001,5314
1784865600,1.3324,1.33263,1.33061,1.33101,10099
1784880000,1.33102,1.33441,1.33083,1.3321100000000001,13928
1784894400,1.3321100000000001,1.33284,1.33054,1.33099,16314
1784908800,1.33098,1.33486,1.33057,1.33324,20696
1784923200,1.33323,1.3332600000000001,1.33162,1.33193,11843
1785110400,1.33219,1.33628,1.3320400000000001,1.33509,9072
1785124800,1.3351,1.33632,1.33496,1.33504,12114
1785139200,1.33507,1.33608,1.3330600000000001,1.33378,16613
1785153600,1.33378,1.33409,1.33042,1.33134,17208
1785168000,1.33135,1.33208,1.32989,1.3302800000000001,23125
1785182400,1.3303,1.33033,1.32839,1.32865,13732
1785196800,1.32892,1.32938,1.32853,1.32928,5478
1785211200,1.32929,1.3304,1.32892,1.32939,10000
1785225600,1.3294000000000001,1.3305,1.32853,1.3302399999999999,14005
1785240000,1.33025,1.3303099999999999,1.32733,1.32977,14806
1785254400,1.32979,1.3311,1.32853,1.33008,21699
1785268800,1.33009,1.3305500000000001,1.32859,1.32864,11965
1785283200,1.32885,1.3294000000000001,1.32806,1.32919,6850
1785297600,1.3292,1.3301,1.32816,1.32977,12842
1785312000,1.32978,1.3308900000000001,1.32945,1.33057,13875
1785326400,1.33056,1.33057,1.3278400000000001,1.32836,16145
1785340800,1.3284,1.33042,1.32794,1.32887,18966
1785355200,1.32886,1.33872,1.32839,1.33628,31717
1785369600,1.33597,1.33753,1.33491,1.33551,9332
1785384000,1.33552,1.3359,1.33415,1.33442,10313
1785398400,1.33443,1.33621,1.3333,1.33558,18000
1785412800,1.33559,1.3406799999999999,1.33557,1.33713,23595
1785427200,1.33715,1.34701,1.33671,1.34646,36669
1785441600,1.34642,1.34767,1.34541,1.34663,17253
1785456000,1.34642,1.34706,1.3452899999999999,1.34582,8399
1785470400,1.34585,1.34627,1.34418,1.34456,14690
1785484800,1.34457,1.34639,1.34353,1.34593,19492
1785499200,1.3458999999999999,1.3467500000000001,1.34141,1.34206,21141
1785513600,1.34207,1.34725,1.34001,1.34644,30817
1785528000,1.34644,1.34943,1.34642,1.3491,22430
1785715200,1.34894,1.35058,1.34763,1.34874,14434
1785729600,1.34875,1.34911,1.34634,1.3472,14395
1785744000,1.3471899999999999,1.3477700000000001,1.34527,1.34546,16675
1785758400,1.3454,1.3471199999999999,1.34477,1.3464,16860
1785772800,1.34644,1.34668,1.34222,1.34253,22237
1785787200,1.34252,1.3434300000000001,1.3417,1.34295,13047
1785801600,1.34267,1.34328,1.34193,1.34243,6221
1785816000,1.34241,1.34327,1.342,1.34259,11691
1785830400,1.3426,1.34423,1.34192,1.34421,15286
1785844800,1.3442,1.34545,1.34357,1.34428,17441
1785859200,1.34429,1.34558,1.34374,1.34461,18882
1785873600,1.34462,1.3454,1.34393,1.34513,13927
1785888000,1.3445,1.34561,1.34393,1.34506,6087
1785902400,1.34508,1.34596,1.3443800000000001,1.34547,11383
1785916800,1.34546,1.34702,1.34508,1.34566,16137
1785931200,1.34565,1.34837,1.34548,1.34698,16162
1785945600,1.34698,1.34859,1.3457,1.34596,22299
1785960000,1.3459699999999999,1.3473,1.34548,1.34663,12746
1785974400,1.34637,1.3470900000000001,1.34559,1.34666,6498
1785988800,1.34665,1.34724,1.34577,1.34602,10787
1786003200,1.34601,1.34656,1.34544,1.34641,15043
1786017600,1.3464,1.34715,1.34517,1.34691,15762
1786032000,1.34696,1.34792,1.3449499999999999,1.34559,20460
1786046400,1.34559,1.34591,1.34481,1.34521,12553
1786060800,1.34521,1.3455300000000001,1.34389,1.34497,5503
1786075200,1.34498,1.3456000000000001,1.34485,1.34532,9621
1786089600,1.3453300000000001,1.34578,1.34425,1.34428,15082
1786104000,1.34428,1.35079,1.3434,1.34999,18418
1786118400,1.34999,1.35087,1.34826,1.34961,26422
1786132800,1.3496000000000001,1.35034,1.3489,1.34908,14907
1786320000,1.34891,1.34943,1.34786,1.34903,7880
1786334400,1.3490199999999999,1.34913,1.34828,1.34881,9577
1786348800,1.34881,1.35054,1.3486799999999999,1.35031,14972
1786363200,1.35031,1.35066,1.3489900000000001,1.34947,16274
1786377600,1.34948,1.35303,1.34945,1.3513600000000001,18984
1786392000,1.35138,1.35147,1.3505,1.35058,11192
1786406400,1.3498299999999999,1.3515,1.3498299999999999,1.35106,4357
1786420800,1.3510499999999999,1.3515,1.35022,1.35115,10161
1786435200,1.35114,1.35156,1.34944,1.3504,15436
1786449600,1.35039,1.35062,1.34914,1.34989,16779
1786464000,1.3498999999999999,1.35151,1.34968,1.35057,17842
1786478400,1.35057,1.3509,1.34962,1.35072,10792
1786492800,1.35025,1.35113,1.3501,1.35076,4670
1786507200,1.3507500000000001,1.3509,1.35015,1.35071,9285
1786521600,1.35072,1.35124,1.3502100000000001,1.35103,11807
1786536000,1.35104,1.3544100000000001,1.35067,1.35374,19929
1786550400,1.35377,1.3541,1.34944,1.3497,24168
1786564800,1.34971,1.3501400000000001,1.34875,1.34942,11935
1786579200,1.34908,1.35004,1.34863,1.34975,5823
1786593600,1.34974,1.34993,1.34863,1.34952,10687
1786608000,1.3495300000000001,1.34975,1.34742,1.34786,14855
1786622400,1.34786,1.35094,1.34749,1.35087,15557
1786636800,1.35091,1.35127,1.34827,1.34855,21903
1786651200,1.34855,1.34889,1.34794,1.34864,10055
1786665600,1.34826,1.34979,1.34801,1.34975,6344
1786680000,1.34974,1.34997,1.34884,1.34971,11234
1786694400,1.34972,1.3527,1.34965,1.35224,13927
1786708800,1.35221,1.3550499999999999,1.35194,1.35382,16304
1786723200,1.3538299999999999,1.35615,1.35342,1.3538999999999999,23724
1786737600,1.35391,1.35393,1.35269,1.3532899999999999,9854
1786924800,1.35277,1.35558,1.35276,1.3554599999999999,7348
1786939200,1.35547,1.35564,1.35462,1.3551,10995
1786953600,1.35511,1.35712,1.35488,1.3553600000000001,16313
1786968000,1.35537,1.35649,1.35513,1.35606,15916
1786982400,1.35608,1.35686,1.355,1.35585,18072
1786996800,1.35587,1.3559700000000001,1.3535599999999999,1.35429,10881
1787011200,1.3543,1.3554,1.3535300000000001,1.35501,6247
1787025600,1.35503,1.35534,1.35306,1.35351,12258
1787040000,1.3535,1.35422,1.35193,1.35318,15476
1787054400,1.3531900000000001,1.35341,1.3519700000000001,1.35315,15500
1787068800,1.35314,1.35508,1.35281,1.35404,20875
1787083200,1.35403,1.3541,1.35282,1.35312,10065
1787097600,1.35302,1.3541699999999999,1.3526099999999999,1.3529,7287
1787112000,1.35287,1.35435,1.35233,1.35416,13556
1787126400,1.35415,1.35657,1.35392,1.35532,16842
1787140800,1.35531,1.3603,1.35474,1.35946,19130
1787155200,1.35947,1.36303,1.35947,1.36098,30472
1787169600,1.36101,1.36155,1.35891,1.36066,16818
1787184000,1.35995,1.36104,1.3596,1.35994,7756
1787198400,1.35993,1.36161,1.35944,1.36071,15090
1787212800,1.36073,1.3637299999999999,1.35998,1.36353,18576
1787227200,1.36353,1.36592,1.36202,1.3642,20440
1787241600,1.36421,1.36527,1.36233,1.36303,28309
1787256000,1.36304,1.36323,1.36206,1.3630200000000001,11660
1787270400,1.36272,1.36464,1.36234,1.36377,6911
1787284800,1.36378,1.36551,1.3636599999999999,1.36432,13141
1787299200,1.3643100000000001,1.3665,1.3635,1.36645,17513
1787313600,1.36649,1.36754,1.36351,1.3643100000000001,22271
1787328000,1.36435,1.3647,1.3618299999999999,1.36418,24154
1787342400,1.3642,1.36535,1.3639299999999999,1.36429,11396
1787529600,1.36235,1.36557,1.36232,1.3654600000000001,7881
1787544000,1.36547,1.36559,1.36408,1.36469,14253
1787558400,1.36471,1.36489,1.36208,1.36212,18595
1787572800,1.36212,1.36471,1.36212,1.36426,18966
1787587200,1.36425,1.36496,1.36284,1.36344,22748
1787601600,1.36346,1.36367,1.36246,1.36301,11173
1787616000,1.36313,1.36404,1.36253,1.36392,5973
1787630400,1.3639299999999999,1.36395,1.36233,1.36261,12127
1787644800,1.36262,1.36444,1.3621699999999999,1.36412,15678
1787659200,1.36413,1.3649499999999999,1.36258,1.36355,17968
1787673600,1.36356,1.36529,1.3627500000000001,1.36345,21357
1787688000,1.36346,1.3654600000000001,1.3633199999999999,1.3649,9767
1787702400,1.36465,1.36499,1.36369,1.3645100000000001,5946
1787716800,1.3645,1.36475,1.36316,1.36326,11287
1787731200,1.36327,1.36405,1.3624800000000001,1.36285,13742
1787745600,1.36286,1.36354,1.36067,1.3607,14545
1787760000,1.36071,1.36087,1.35828,1.35903,21151
1787774400,1.35904,1.3596,1.35885,1.35944,8993
1787788800,1.35907,1.35985,1.35842,1.35922,9626
1787803200,1.35924,1.35949,1.35864,1.35877,10761
1787817600,1.35879,1.35967,1.35795,1.35798,14421
1787832000,1.35799,1.35838,1.35705,1.35742,17004
1787846400,1.35743,1.36025,1.35731,1.35931,21328
1787860800,1.3593199999999999,1.35967,1.35831,1.35923,8946
1787875200,1.35842,1.35981,1.35812,1.35958,5168
1787889600,1.35957,1.3598,1.35872,1.35883,8886
1787904000,1.35883,1.35946,1.35803,1.35874,13122
1787918400,1.35873,1.35918,1.35733,1.35836,14260
1787932800,1.35836,1.35982,1.3529,1.35371,32730
1787947200,1.35371,1.35403,1.35269,1.35323,12698
1788134400,1.35276,1.3547,1.35271,1.3545,8427
1788148800,1.3545099999999999,1.3547,1.35366,1.35445,13732
1788163200,1.35446,1.35555,1.35364,1.35401,15815
1788177600,1.35402,1.35467,1.3535599999999999,1.35381,14460
1788192000,1.35382,1.35653,1.3535599999999999,1.35486,22398
1788206400,1.3548499999999999,1.35532,1.35457,1.35479,8589
1788220800,1.35474,1.35594,1.3537,1.35524,7827
1788235200,1.35525,1.35532,1.35378,1.35426,13089
1788249600,1.3542399999999999,1.35494,1.35284,1.35411,16129
1788264000,1.35413,1.35483,1.3529,1.35297,18021
1788278400,1.35293,1.35521,1.35142,1.3514599999999999,22340
1788292800,1.35147,1.35209,1.35059,1.35142,12008
1788307200,1.35135,1.35187,1.35065,1.35067,7054
1788321600,1.35066,1.35083,1.3496000000000001,1.34965,12798
1788336000,1.34966,1.35145,1.34893,1.35009,20120
1788350400,1.35008,1.35067,1.3474300000000001,1.34749,21118
1788364800,1.3475,1.3513600000000001,1.34748,1.3494,27576
1788379200,1.34942,1.34955,1.34833,1.34872,13660
1788393600,1.3483800000000001,1.34897,1.3479,1.34878,6837
1788408000,1.34877,1.3498299999999999,1.34805,1.34935,14305
1788422400,1.34936,1.3507,1.34832,1.34998,22624
1788436800,1.35,1.35217,1.3484099999999999,1.35182,26160
1788451200,1.35183,1.3548,1.35003,1.3544,29132
1788465600,1.3544,1.35467,1.35222,1.35262,13243
1788480000,1.3521,1.35336,1.35198,1.353,7903
1788494400,1.35302,1.35374,1.35263,1.35317,13380
1788508800,1.35316,1.35489,1.35293,1.35327,16588
1788523200,1.3532600000000001,1.35386,1.34819,1.35038,22835
1788537600,1.35039,1.35253,1.34946,1.35199,30613
1788552000,1.35198,1.35217,1.35104,1.35148,12655
1788739200,1.35086,1.3522,1.35086,1.3519700000000001,7230
1788753600,1.35198,1.35201,1.3505099999999999,1.3511600000000001,10700
1788768000,1.35114,1.3545,1.35094,1.35355,17038
1788782400,1.35354,1.35437,1.35287,1.35374,14415
1788796800,1.35375,1.35476,1.3535300000000001,1.35463,11793
1788811200,1.35463,1.35466,1.3538700000000001,1.354,3245
1788825600,1.35376,1.35488,1.35365,1.35422,8165
1788840000,1.35423,1.35496,1.35333,1.35395,13316
1788854400,1.35395,1.35527,1.35219,1.35254,17956
1788868800,1.35254,1.35555,1.35211,1.3553899999999999,19728
1788883200,1.35541,1.35616,1.35302,1.3536000000000001,21198
1788897600,1.3536299999999999,1.35504,1.35354,1.35403,12027
1788912000,1.35341,1.35479,1.35317,1.3547799999999999,6957
1788926400,1.3547799999999999,1.3550499999999999,1.3541,1.35503,11837
1788940800,1.3550200000000001,1.35679,1.35416,1.35427,17380
1788955200,1.35426,1.35662,1.35301,1.35504,18529
1788969600,1.3550900000000001,1.35648,1.35345,1.35513,26236
1788984000,1.35514,1.35606,1.3541,1.35468,12308
1788998400,1.35454,1.35526,1.35419,1.35454,8150
1789012800,1.35455,1.35602,1.3544800000000001,1.3553,11427
1789027200,1.35531,1.35592,1.35468,1.35567,13602
1789041600,1.3556599999999999,1.35574,1.34909,1.35106,22402
1789056000,1.35107,1.35341,1.3496000000000001,1.35235,29610
1789070400,1.35235,1.35304,1.35041,1.35099,16934
1789084800,1.35097,1.35158,1.3493,1.35155,7769
1789099200,1.35155,1.35164,1.34954,1.35027,15086
1789113600,1.35026,1.3526500000000001,1.35016,1.35055,20651
1789128000,1.35055,1.35239,1.34761,1.35239,25351
1789142400,1.35239,1.35347,1.35135,1.3523100000000001,31057
1789156800,1.35232,1.35284,1.35172,1.35267,14691
1789344000,1.35151,1.35284,1.35068,1.35178,13692
1789358400,1.35179,1.35196,1.35011,1.35033,13334
1789372800,1.35034,1.35062,1.34794,1.34832,18191
1789387200,1.3483100000000001,1.34961,1.34664,1.34688,19755
1789401600,1.34689,1.35088,1.34638,1.35053,24913
1789416000,1.35053,1.35137,1.3495599999999999,1.34997,12821
1789430400,1.3498999999999999,1.35045,1.34943,1.3495300000000001,7704
1789444800,1.34954,1.3496299999999999,1.34823,1.34837,11293
1789459200,1.3484,1.34864,1.3464,1.3474,15884
1789473600,1.34741,1.34896,1.3468,1.3482,15289
1789488000,1.34819,1.34966,1.34696,1.34808,21083
1789502400,1.3481,1.34823,1.34706,1.34741,12472
1789516800,1.34681,1.34789,1.3466,1.34694,7532
1789531200,1.34693,1.34856,1.3465099999999999,1.34844,9910
1789545600,1.34845,1.34948,1.34664,1.34703,15813
1789560000,1.34701,1.34732,1.34413,1.34572,15913
1789574400,1.3457,1.34631,1.34419,1.34445,20057
1789588800,1.34446,1.34575,1.33721,1.33802,28739
1789603200,1.33735,1.33869,1.33718,1.33722,7168
1789617600,1.33721,1.33811,1.33691,1.33807,11159
1789632000,1.33807,1.34019,1.33775,1.33948,16087
1789646400,1.33949,1.34062,1.33497,1.33863,21336
1789660800,1.33862,1.3388,1.33362,1.33483,23135
1789675200,1.33484,1.33591,1.3345,1.33567,11223
1789689600,1.33542,1.33619,1.33422,1.3361100000000001,6234
1789704000,1.3361,1.33757,1.33557,1.33687,12625
1789718400,1.33687,1.33747,1.33591,1.3370600000000001,16026
1789732800,1.3370199999999999,1.33727,1.33353,1.33484,19557
1789747200,1.33484,1.33857,1.33391,1.33819,21992
1789761600,1.3382100000000001,1.33981,1.3382100000000001,1.33933,13378
1789948800,1.33817,1.3394,1.33782,1.33876,9173
1789963200,1.33877,1.33931,1.3373599999999999,1.33781,10415
1789977600,1.3378,1.33886,1.33682,1.33827,12886
1789992000,1.3382800000000001,1.34002,1.33793,1.3391,15075
1790006400,1.3390900000000001,1.33941,1.3366799999999999,1.33692,19557
1790020800,1.33691,1.33743,1.33648,1.3367,10935
1790035200,1.33592,1.33756,1.33586,1.3374,6620
1790049600,1.33741,1.3387,1.33618,1.33865,11431
1790064000,1.33865,1.33869,1.3326,1.33571,20088
1790078400,1.3357299999999999,1.33734,1.33471,1.33549,21605
1790092800,1.3355000000000001,1.33662,1.33212,1.33308,24735
1790107200,1.33307,1.33493,1.33229,1.3343099999999999,15876
1790121600,1.33409,1.3346,1.33352,1.33375,6022
1790136000,1.33374,1.33376,1.33149,1.33159,10738
1790150400,1.33158,1.33223,1.3293300000000001,1.33008,15924
1790164800,1.33007,1.33026,1.32629,1.32755,19223
1790179200,1.32756,1.32887,1.3229899999999999,1.32335,29520
1790193600,1.32334,1.32545,1.32232,1.32402,15762
1790208000,1.32378,1.3244,1.32229,1.3229,7383
1790222400,1.3228900000000001,1.32446,1.3224,1.32415,13830
1790236800,1.32416,1.32559,1.32303,1.32373,20852
1790251200,1.32373,1.32416,1.32145,1.32312,21866
1790265600,1.32313,1.32399,1.32092,1.32288,28650
1790280000,1.3228900000000001,1.32355,1.3204099999999999,1.32183,18459
1790294400,1.32141,1.32198,1.32088,1.3214000000000001,9138
1790308800,1.3214000000000001,1.32234,1.321,1.32126,10495
1790323200,1.32126,1.32405,1.32121,1.32331,16619
1790337600,1.32331,1.32595,1.32306,1.32569,18385
1790352000,1.32571,1.32636,1.32291,1.32419,29257
1790366400,1.3242,1.32542,1.32399,1.32442,13455
