time,open,high,low,close,volume
1632240000,1.2776,1.28483,1.27726,1.27931,11765
1632254400,1.27931,1.28248,1.27905,1.28105,6821
1632268800,1.28103,1.2826,1.28088,1.28209,2561
1632283200,1.28209,1.28227,1.27762,1.2798,5475
1632297600,1.2798,1.2809599999999999,1.2770000000000001,1.2801,5520
1632312000,1.28009,1.28015,1.27733,1.27952,4574
1632326400,1.2795,1.28165,1.27252,1.2732,8696
1632340800,1.27321,1.27898,1.26979,1.27774,11122
1632355200,1.2772700000000001,1.27956,1.2766600000000001,1.27933,1837
1632369600,1.27933,1.27954,1.27528,1.27551,3559
1632384000,1.27554,1.27604,1.26497,1.26693,5856
1632398400,1.26693,1.26859,1.26504,1.26552,8319
1632412800,1.2656399999999999,1.26823,1.26332,1.26471,9705
1632427200,1.26471,1.2664,1.26383,1.2656399999999999,3958
1632441600,1.26542,1.2662499999999999,1.2641200000000001,1.26458,2055
1632456000,1.26455,1.26736,1.26441,1.26721,3249
1632470400,1.26721,1.26973,1.26632,1.26752,5494
1632484800,1.26752,1.27304,1.26688,1.27249,5883
1632499200,1.2725,1.27301,1.26523,1.26628,8629
1632513600,1.26628,1.267,1.26411,1.26555,3931
1632700800,1.26486,1.26574,1.26369,1.26402,1770
1632715200,1.26402,1.26402,1.26115,1.26292,2816
1632729600,1.26292,1.26539,1.26102,1.26538,5551
1632744000,1.26538,1.26725,1.26402,1.26577,7110
1632758400,1.26578,1.26672,1.26209,1.26219,9615
1632772800,1.26216,1.263,1.2616,1.26285,3415
1632787200,1.26248,1.26386,1.2623199999999999,1.2633,1662
1632801600,1.26323,1.2635,1.26001,1.26001,3075
1632816000,1.26001,1.26513,1.25936,1.2634,7177
1632830400,1.2634,1.26803,1.26284,1.26694,9031
1632844800,1.26693,1.2707,1.26492,1.26949,14737
1632859200,1.26949,1.27024,1.26677,1.2681,8349
1632873600,1.26859,1.26878,1.26682,1.26813,2056
1632888000,1.26813,1.2699799999999999,1.26738,1.26761,4762
1632902400,1.26762,1.27011,1.2669000000000001,1.2687599999999999,8260
1632916800,1.2687599999999999,1.27185,1.2674400000000001,1.2713700000000001,7224
1632931200,1.2713700000000001,1.2765,1.2702499999999999,1.27593,12285
1632945600,1.27593,1.27741,1.27421,1.27575,6675
1632960000,1.27553,1.2763,1.27413,1.27448,2610
1632974400,1.2744900000000001,1.27505,1.2732700000000001,1.27352,4520
1632988800,1.2735699999999999,1.2741500000000001,1.27106,1.27194,7068
1633003200,1.27196,1.27557,1.27175,1.2736,7054
1633017600,1.2736,1.27466,1.26298,1.2687,14977
1633032000,1.26872,1.27058,1.26479,1.26821,8843
1633046400,1.26783,1.27013,1.26748,1.2701,2633
1633060800,1.27006,1.27238,1.2696100000000001,1.27158,5653
1633075200,1.27158,1.2738800000000001,1.26997,1.27003,9941
1633089600,1.27,1.2709,1.26523,1.26837,8583
1633104000,1.26828,1.26858,1.2644199999999999,1.26449,12711
1633118400,1.26448,1.2648,1.26277,1.26398,5483
1633305600,1.26422,1.26457,1.2613699999999999,1.26431,3199
1633320000,1.26431,1.26545,1.26177,1.26194,4411
1633334400,1.26194,1.2646,1.26149,1.26213,8230
1633348800,1.26209,1.26277,1.25927,1.25982,7707
1633363200,1.2598,1.2601,1.25579,1.25785,11957
1633377600,1.25786,1.25901,1.25719,1.25891,7463
1633392000,1.2589000000000001,1.26043,1.25838,1.2604,2801
1633406400,1.2604,1.2623199999999999,1.26011,1.2619,4765
1633420800,1.2619,1.26297,1.25881,1.25929,6873
1633435200,1.25929,1.26057,1.25814,1.25916,6036
1633449600,1.2591700000000001,1.26019,1.2546300000000001,1.25757,9527
1633464000,1.25757,1.2585,1.25695,1.25779,4542
1633478400,1.25774,1.25913,1.25729,1.25855,2622
1633492800,1.25854,1.2613699999999999,1.25812,1.2604199999999999,5508
1633507200,1.2604199999999999,1.26458,1.25914,1.2635,8530
1633521600,1.2635100000000001,1.26478,1.2606,1.26235,8422
1633536000,1.26227,1.26455,1.26052,1.26173,12741
1633550400,1.2617,1.2617,1.25839,1.25898,6425
1633564800,1.25911,1.2594,1.25717,1.2580200000000001,2496
1633579200,1.2580200000000001,1.25915,1.2574100000000001,1.25876,3067
1633593600,1.25876,1.25993,1.25636,1.25879,6320
1633608000,1.2588,1.259,1.2570000000000001,1.25783,5863
1633622400,1.2578,1.25942,1.25403,1.25571,8419
1633636800,1.25572,1.25641,1.25408,1.2549000000000001,4230
1633651200,1.25478,1.25622,1.25449,1.25449,2144
1633665600,1.25449,1.2558,1.25329,1.2557,3368
1633680000,1.2557,1.25587,1.2542900000000001,1.25457,5596
1633694400,1.25457,1.25485,1.249,1.25008,5805
1633708800,1.2500200000000001,1.2519,1.24515,1.24762,12125
1633723200,1.24763,1.2484,1.2457799999999999,1.2474,5550
1633910400,1.2475,1.24866,1.24622,1.24679,2134
1633924800,1.24679,1.24702,1.24504,1.24609,2660
1633939200,1.24609,1.24668,1.24461,1.24488,5476
1633953600,1.24487,1.24743,1.24485,1.24679,4720
1633968000,1.24679,1.2475,1.24486,1.24655,5362
1633982400,1.24655,1.24913,1.24654,1.24804,3636
1633996800,1.24803,1.24956,1.24703,1.24951,1818
1634011200,1.24951,1.24981,1.24829,1.24859,2442
1634025600,1.24858,1.24899,1.24609,1.2465600000000001,4892
1634040000,1.2465600000000001,1.24858,1.24508,1.2476,5180
1634054400,1.24758,1.24824,1.24342,1.24579,10561
1634068800,1.24579,1.24725,1.2451699999999999,1.2463899999999999,4490
1634083200,1.24585,1.24785,1.24558,1.24658,2145
1634097600,1.24657,1.24712,1.245,1.245,2439
1634112000,1.245,1.24643,1.2435100000000001,1.24432,4957
1634126400,1.24432,1.24707,1.24349,1.24645,6779
1634140800,1.24645,1.24669,1.2432400000000001,1.24397,9104
1634155200,1.24397,1.24466,1.24304,1.24434,4662
1634169600,1.2442,1.24452,1.24241,1.24257,1497
1634184000,1.24257,1.24379,1.2423899999999999,1.2425,1733
1634198400,1.2425,1.24273,1.23841,1.23875,4805
1634212800,1.23878,1.23882,1.23723,1.23819,4861
1634227200,1.23819,1.2391,1.23546,1.23657,7579
1634241600,1.23657,1.23787,1.23616,1.23691,3781
1634256000,1.23674,1.23816,1.2358,1.23697,1745
1634270400,1.23699,1.23727,1.23543,1.23547,3559
1634284800,1.23547,1.23574,1.23364,1.23464,4421
1634299200,1.23464,1.23854,1.23403,1.23844,5088
1634313600,1.23834,1.2397,1.23548,1.23933,8188
1634328000,1.23932,1.23933,1.23616,1.2361900000000001,3650
1634515200,1.23732,1.23843,1.23484,1.23831,2463
1634529600,1.23832,1.23963,1.23732,1.23945,3452
1634544000,1.23945,1.24093,1.23826,1.24023,5174
1634558400,1.24027,1.24034,1.23784,1.23952,5835
1634572800,1.23952,1.23998,1.23509,1.23671,7528
1634587200,1.23671,1.23845,1.23665,1.23772,3341
1634601600,1.23763,1.23827,1.23632,1.23637,1727
1634616000,1.23637,1.23686,1.23417,1.23491,2926
1634630400,1.23491,1.23495,1.232,1.23206,5840
1634644800,1.23207,1.23617,1.23112,1.23551,5808
1634659200,1.23551,1.2374100000000001,1.23472,1.23559,7966
1634673600,1.23559,1.23691,1.23493,1.23634,3615
1634688000,1.2361,1.2368000000000001,1.23522,1.23523,1751
1634702400,1.23526,1.23621,1.2336,1.23371,3344
1634716800,1.2337,1.2357,1.23357,1.23469,4700
1634731200,1.23472,1.23594,1.23347,1.23488,4772
1634745600,1.23488,1.23624,1.2315,1.23198,6633
1634760000,1.23198,1.23274,1.23072,1.23164,4572
1634774400,1.2317,1.23257,1.23104,1.23156,1562
1634788800,1.23156,1.23225,1.22881,1.23192,3433
1634803200,1.23189,1.23441,1.23166,1.23347,5687
1634817600,1.23348,1.23454,1.23263,1.23271,5071
1634832000,1.23268,1.23652,1.23127,1.2363,7360
1634846400,1.23633,1.23835,1.23618,1.23698,4115
1634860800,1.23671,1.2375,1.23617,1.23629,2086
1634875200,1.23629,1.23634,1.23428,1.23528,3174
1634889600,1.23526,1.23575,1.23304,1.23343,5539
1634904000,1.23343,1.23442,1.23205,1.23333,4831
1634918400,1.23339,1.23899,1.23246,1.23709,10179
1634932800,1.23705,1.23788,1.23616,1.23678,4767
1635120000,1.23662,1.23794,1.23577,1.23614,1739
1635134400,1.2361,1.23692,1.2343,1.23484,3328
1635148800,1.23484,1.23659,1.23381,1.23474,5405
1635163200,1.23474,1.23742,1.23456,1.23713,4788
1635177600,1.23712,1.23999,1.23601,1.23952,7568
1635192000,1.23952,1.2396,1.2381,1.23836,3104
1635206400,1.23759,1.23859,1.2374,1.23806,1953
1635220800,1.23807,1.2385,1.23679,1.23729,2966
1635235200,1.23728,1.23935,1.23709,1.23721,4699
1635249600,1.23724,1.2375,1.2349999999999999,1.23517,4268
1635264000,1.23516,1.2396099999999999,1.23502,1.23911,7627
1635278400,1.23911,1.23931,1.23792,1.23887,3310
1635292800,1.23843,1.23947,1.23828,1.2389999999999999,2078
1635307200,1.2389999999999999,1.23983,1.23856,1.23876,2364
1635321600,1.23878,1.24192,1.2382900000000001,1.24183,4679
1635336000,1.24183,1.24306,1.24021,1.24279,5920
1635350400,1.24279,1.24314,1.23006,1.233,11211
1635364800,1.23299,1.2365,1.23165,1.23607,5105
1635379200,1.23567,1.23722,1.23533,1.23699,2031
1635393600,1.23697,1.2379,1.23677,1.23748,3106
1635408000,1.23748,1.23823,1.2364600000000001,1.23701,5441
1635422400,1.23701,1.23734,1.23509,1.23678,6421
1635436800,1.23678,1.23714,1.23301,1.23553,10752
1635451200,1.23553,1.23571,1.23383,1.23437,4074
1635465600,1.23444,1.23598,1.23407,1.23564,2358
1635480000,1.23564,1.23625,1.23437,1.2352,3300
1635494400,1.2352,1.23634,1.23348,1.23569,4834
1635508800,1.23566,1.23928,1.23278,1.23823,6548
1635523200,1.23824,1.2408,1.23715,1.23955,10879
1635537600,1.23954,1.23969,1.23704,1.2383,4619
1635724800,1.23826,1.23899,1.23729,1.2387299999999999,2013
1635739200,1.23876,1.23923,1.23764,1.23895,2773
1635753600,1.2389000000000001,1.2403,1.23794,1.23886,4466
1635768000,1.23886,1.23928,1.23693,1.23804,4916
1635782400,1.23805,1.23941,1.23518,1.23581,7562
1635796800,1.23578,1.23742,1.23543,1.23703,4285
1635811200,1.23654,1.23795,1.2363,1.23753,1838
1635825600,1.23752,1.23854,1.23722,1.23831,3413
1635840000,1.23831,1.2406,1.23795,1.24053,4788
1635854400,1.24054,1.24177,1.23948,1.23964,5304
1635868800,1.23965,1.24244,1.2387299999999999,1.24154,6829
1635883200,1.24154,1.24173,1.2398500000000001,1.24099,3286
1635897600,1.241,1.24191,1.23998,1.24143,1181
1635912000,1.24143,1.24217,1.24049,1.24183,2161
1635926400,1.24183,1.2423,1.24053,1.24114,3278
1635940800,1.24114,1.24218,1.24068,1.2418,4700
1635955200,1.24181,1.24574,1.24102,1.2414100000000001,8060
1635969600,1.2414100000000001,1.24336,1.23821,1.23927,9864
1635984000,1.23891,1.2393399999999999,1.23771,1.23878,1712
1635998400,1.23878,1.24021,1.23878,1.24005,2143
1636012800,1.24005,1.24096,1.23918,1.24025,4564
1636027200,1.24024,1.2434,1.2402,1.24279,5778
1636041600,1.24278,1.24713,1.24118,1.24642,9987
1636056000,1.24642,1.24694,1.24549,1.24604,4206
1636070400,1.24558,1.24628,1.24512,1.24547,1797
1636084800,1.24547,1.24692,1.24532,1.24574,4255
1636099200,1.24574,1.24692,1.24552,1.24671,3726
1636113600,1.24674,1.24795,1.24407,1.24527,5458
1636128000,1.24533,1.24716,1.24359,1.24411,8886
1636142400,1.24411,1.24617,1.24384,1.24561,5005
1636329600,1.24492,1.24603,1.2444600000000001,1.24584,1895
1636344000,1.24584,1.24597,1.24477,1.24499,1984
1636358400,1.24498,1.24653,1.24395,1.245,4197
1636372800,1.245,1.24588,1.24358,1.24574,4460
1636387200,1.2457,1.2464,1.24401,1.24555,6897
1636401600,1.24555,1.24584,1.24405,1.24405,2857
1636416000,1.2442199999999999,1.2456800000000001,1.24379,1.24487,2434
1636430400,1.24487,1.24591,1.24337,1.24397,2563
1636444800,1.24397,1.2446,1.24285,1.24345,4107
1636459200,1.24345,1.2451,1.24307,1.24404,4762
1636473600,1.24404,1.24856,1.24323,1.24399,9211
1636488000,1.24399,1.24506,1.24337,1.24371,4468
1636502400,1.24382,1.24428,1.24316,1.2432,2725
1636516800,1.2432,1.24454,1.24316,1.2441200000000001,2617
1636531200,1.2441200000000001,1.24421,1.2411699999999999,1.24204,4517
1636545600,1.24204,1.24589,1.2414399999999999,1.24174,5709
1636560000,1.24175,1.24637,1.23869,1.2456800000000001,9896
1636574400,1.2456800000000001,1.25033,1.24552,1.24973,7454
1636588800,1.24939,1.24947,1.24766,1.24916,3083
1636603200,1.24916,1.25137,1.24868,1.2509700000000001,3205
1636617600,1.2509700000000001,1.25353,1.2503,1.25323,5046
1636632000,1.25325,1.25844,1.2524199999999999,1.25573,7268
1636646400,1.25575,1.25961,1.2556,1.25927,7603
1636660800,1.25927,1.25965,1.2579,1.25815,3473
1636675200,1.25724,1.25952,1.25724,1.25943,2537
1636689600,1.25943,1.26,1.25823,1.25836,2043
1636704000,1.25841,1.26044,1.25695,1.25965,4729
1636718400,1.25965,1.2598099999999999,1.2581,1.25881,4620
1636732800,1.25882,1.25912,1.2546599999999999,1.2559,7190
1636747200,1.25586,1.25611,1.25411,1.25495,2691
1636934400,1.25407,1.2556,1.254,1.25444,1922
1636948800,1.25444,1.25444,1.25284,1.25302,2178
1636963200,1.25302,1.25374,1.25244,1.25295,3982
1636977600,1.25295,1.25325,1.25207,1.2528000000000001,3598
1636992000,1.25279,1.2533,1.25013,1.25241,7137
1637006400,1.25245,1.25245,1.25046,1.25096,3482
1637020800,1.25109,1.25173,1.24928,1.2496,2355
1637035200,1.2496,1.25226,1.24936,1.25204,2545
1637049600,1.25202,1.25349,1.25137,1.25269,4636
1637064000,1.25269,1.25439,1.25227,1.25312,4602
1637078400,1.25313,1.25656,1.25313,1.25594,7336
1637092800,1.25595,1.2568,1.25522,1.25621,3556
1637107200,1.25557,1.25705,1.25481,1.2561,2509
1637121600,1.2561,1.25861,1.2558099999999999,1.25721,2831
1637136000,1.25721,1.25727,1.2540200000000001,1.25656,6210
1637150400,1.25657,1.2594699999999999,1.25481,1.25889,5684
1637164800,1.25884,1.26045,1.25736,1.26024,7637
1637179200,1.26025,1.2622499999999999,1.2591999999999999,1.26068,5120
1637193600,1.26113,1.26241,1.26043,1.26231,2688
1637208000,1.26231,1.26231,1.26104,1.26108,3565
1637222400,1.26108,1.2619099999999999,1.2599,1.26067,4661
1637236800,1.26067,1.26211,1.25928,1.26211,5434
1637251200,1.26211,1.26468,1.2597,1.26031,8483
1637265600,1.26031,1.26119,1.25957,1.2599,3650
1637280000,1.2595399999999999,1.26047,1.2595,1.25977,2353
1637294400,1.25975,1.26023,1.25941,1.25957,1921
1637308800,1.25957,1.26459,1.25845,1.26437,5156
1637323200,1.26436,1.26621,1.26321,1.26422,8083
1637337600,1.26424,1.26463,1.2610700000000001,1.26372,8625
1637352000,1.26372,1.26618,1.26343,1.26436,4108
1637539200,1.26402,1.26578,1.26392,1.26518,2948
1637553600,1.26516,1.26532,1.2637399999999999,1.26403,2459
1637568000,1.26403,1.2650000000000001,1.263,1.26414,5583
1637582400,1.26413,1.26468,1.26279,1.26436,4718
1637596800,1.26441,1.26973,1.2643900000000001,1.2696100000000001,9462
1637611200,1.2696100000000001,1.2705199999999999,1.26904,1.27009,4213
1637625600,1.26992,1.27043,1.26892,1.26996,2116
1637640000,1.26996,1.27163,1.26982,1.27141,3119
1637654400,1.2713999999999999,1.2741500000000001,1.27033,1.27287,8108
1637668800,1.27287,1.27446,1.27213,1.2730299999999999,7406
1637683200,1.27302,1.27302,1.26984,1.27092,9802
1637697600,1.27093,1.27134,1.266,1.26691,5784
1637712000,1.2668599999999999,1.2684199999999999,1.26672,1.26742,3166
1637726400,1.26742,1.26933,1.26739,1.26802,3364
1637740800,1.26802,1.26888,1.26647,1.26807,6531
1637755200,1.26807,1.27098,1.2677100000000001,1.27019,6582
1637769600,1.27019,1.27024,1.26512,1.26682,9817
1637784000,1.26682,1.26755,1.26575,1.26642,4335
1637798400,1.2658,1.26643,1.26485,1.26575,1914
1637812800,1.26574,1.26596,1.2650000000000001,1.26526,2016
1637827200,1.26526,1.26685,1.26404,1.26655,3398
1637841600,1.26655,1.2677,1.26584,1.2669000000000001,3947
1637856000,1.2669000000000001,1.26705,1.2645,1.26491,3264
1637870400,1.26493,1.2652700000000001,1.2647,1.26483,3370
1637884800,1.26462,1.26848,1.26462,1.26823,3643
1637899200,1.26822,1.27197,1.26821,1.27162,4460
1637913600,1.27162,1.27744,1.2713999999999999,1.27629,10394
1637928000,1.27629,1.27705,1.27379,1.27694,9992
1637942400,1.27697,1.27995,1.27507,1.27768,12423
1637956800,1.27766,1.2793999999999999,1.2751299999999999,1.2787,5165
1638144000,1.2755,1.27648,1.2720799999999999,1.2739099999999999,5652
1638158400,1.27393,1.27546,1.27366,1.27491,4785
1638172800,1.27491,1.27599,1.27318,1.27442,8334
1638187200,1.27442,1.27542,1.27283,1.2736100000000001,7020
1638201600,1.2736,1.27931,1.2729300000000001,1.2772999999999999,8774
1638216000,1.2772999999999999,1.27741,1.27368,1.27375,4145
1638230400,1.27414,1.2747600000000001,1.27302,1.27376,3001
1638244800,1.27377,1.27927,1.27321,1.27922,5258
1638259200,1.27922,1.28121,1.2781799999999999,1.2787,10363
1638273600,1.27865,1.27955,1.27623,1.27672,8508
1638288000,1.27672,1.28368,1.27508,1.28183,15594
1638302400,1.28178,1.28275,1.27718,1.27813,7353
1638316800,1.27785,1.27857,1.27556,1.27583,4395
1638331200,1.2758099999999999,1.27589,1.27309,1.2732999999999999,3944
1638345600,1.2732999999999999,1.27748,1.2726600000000001,1.27434,8018
1638360000,1.27434,1.27619,1.27339,1.27345,6447
1638374400,1.27346,1.28038,1.27134,1.28037,10492
1638388800,1.28037,1.28298,1.27961,1.28196,9131
1638403200,1.2812700000000001,1.28285,1.27999,1.28003,4131
1638417600,1.28003,1.28124,1.27972,1.2802,3891
1638432000,1.28019,1.28054,1.27782,1.27835,7597
1638446400,1.27838,1.28292,1.2782499999999999,1.28134,8302
1638460800,1.28135,1.2837399999999999,1.2801,1.28159,14262
1638475200,1.2816,1.28349,1.2803200000000001,1.28048,6879
1638489600,1.28027,1.28356,1.28007,1.28272,3037
1638504000,1.28273,1.2832,1.28049,1.28105,2938
1638518400,1.28103,1.2836,1.2802799999999999,1.28254,5558
1638532800,1.2825199999999999,1.28451,1.27559,1.27636,7337
1638547200,1.27633,1.2846,1.27436,1.28376,14973
1638561600,1.28381,1.2854,1.2821,1.2849300000000001,7842
1638748800,1.28294,1.2842500000000001,1.28175,1.28239,4270
1638763200,1.28239,1.28302,1.28182,1.28247,2908
1638777600,1.28246,1.28352,1.27951,1.28016,6366
1638792000,1.28014,1.28103,1.27834,1.27949,5482
1638806400,1.27951,1.2806600000000001,1.27732,1.27737,9667
1638820800,1.27736,1.2782,1.27533,1.27553,4268
1638835200,1.27558,1.27671,1.27463,1.27466,3025
1638849600,1.27467,1.2755,1.27281,1.27288,3387
1638864000,1.27289,1.2735,1.27051,1.27055,5138
1638878400,1.27055,1.27068,1.26642,1.26727,5936
1638892800,1.2673,1.26858,1.2635100000000001,1.2658800000000001,7343
1638907200,1.2659,1.2667,1.2635399999999999,1.26393,4076
1638921600,1.26397,1.2647,1.2633,1.26425,3122
1638936000,1.26425,1.26478,1.26323,1.26463,3745
1638950400,1.26463,1.2664,1.26186,1.26217,5934
1638964800,1.26219,1.26452,1.26145,1.26214,9717
1638979200,1.26217,1.26664,1.26068,1.26438,10248
1638993600,1.2644199999999999,1.26593,1.26431,1.2651,3883
1639008000,1.26474,1.26671,1.26472,1.2667,2258
1639022400,1.2667,1.26702,1.2651,1.26687,2825
1639036800,1.26687,1.26799,1.26517,1.26782,4474
1639051200,1.26782,1.26984,1.26706,1.2692700000000001,5817
1639065600,1.2692700000000001,1.27157,1.2681,1.26897,8112
1639080000,1.26897,1.27215,1.26861,1.2711000000000001,5677
1639094400,1.2707600000000001,1.27186,1.2699500000000001,1.2704,2522
1639108800,1.2704,1.27168,1.2692999999999999,1.27167,2291
1639123200,1.27167,1.27225,1.27078,1.27193,4432
1639137600,1.27193,1.27241,1.26793,1.2693699999999999,5105
1639152000,1.26942,1.27392,1.2690299999999999,1.27104,9118
1639166400,1.27104,1.2732700000000001,1.27065,1.27238,3331
1639353600,1.27263,1.2730299999999999,1.27058,1.27095,2271
1639368000,1.27095,1.27233,1.27081,1.27193,2097
1639382400,1.27197,1.27515,1.2718,1.27492,4362
1639396800,1.27492,1.27745,1.27467,1.27715,5467
1639411200,1.2772299999999999,1.282,1.27709,1.2788599999999999,9872
1639425600,1.2788599999999999,1.28212,1.2783,1.2806899999999999,4101
1639440000,1.28072,1.28223,1.28018,1.28172,2185
1639454400,1.28173,1.28272,1.28155,1.2816100000000001,2443
1639468800,1.2816100000000001,1.28232,1.2797100000000001,1.28205,4776
1639483200,1.28205,1.28354,1.28064,1.2833,6230
1639497600,1.28335,1.28595,1.28178,1.28513,8551
1639512000,1.28512,1.28648,1.2846600000000001,1.28638,4573
1639526400,1.28587,1.28677,1.28473,1.2848600000000001,2583
1639540800,1.2848899999999999,1.28556,1.28452,1.28533,2324
1639555200,1.2852999999999999,1.28738,1.28484,1.28686,3840
1639569600,1.28688,1.2885900000000001,1.2864200000000001,1.28762,4474
1639584000,1.28762,1.29202,1.2873999999999999,1.29022,8451
1639598400,1.2902,1.29373,1.28319,1.28323,11235
1639612800,1.28297,1.28565,1.28297,1.28524,3275
1639627200,1.2852299999999999,1.28578,1.28441,1.28448,2855
1639641600,1.28448,1.2846600000000001,1.27856,1.2788599999999999,5632
1639656000,1.2788599999999999,1.27951,1.27646,1.27679,7393
1639670400,1.27673,1.2811,1.27637,1.27777,10554
1639684800,1.27777,1.2802799999999999,1.27674,1.27738,7351
1639699200,1.2772000000000001,1.27901,1.27713,1.27882,3136
1639713600,1.27882,1.28102,1.27855,1.27965,3756
1639728000,1.27965,1.28002,1.2778800000000001,1.2791000000000001,6198
1639742400,1.27912,1.2834699999999999,1.27895,1.28316,6278
1639756800,1.28316,1.28509,1.28121,1.28482,11524
1639771200,1.28485,1.29017,1.28444,1.28951,6154
1639958400,1.2886,1.29022,1.28808,1.28965,4456
1639972800,1.28965,1.29162,1.28929,1.29097,3727
1639987200,1.29098,1.2936,1.29068,1.29271,8182
1640001600,1.29272,1.29409,1.2911000000000001,1.29397,7561
1640016000,1.29394,1.29638,1.29295,1.29383,9975
1640030400,1.29383,1.29498,1.29345,1.29446,5913
1640044800,1.29372,1.2944200000000001,1.29143,1.2923499999999999,3529
1640059200,1.29234,1.29295,1.29195,1.29245,3786
1640073600,1.29246,1.29461,1.29242,1.29383,5703
1640088000,1.29383,1.2938399999999999,1.2919399999999999,1.29321,4863
1640102400,1.29321,1.29419,1.29212,1.29309,8052
1640116800,1.29309,1.29365,1.29122,1.29136,3888
1640131200,1.2912,1.29243,1.29063,1.29089,2455
1640145600,1.29089,1.29206,1.29062,1.29143,4633
1640160000,1.29142,1.29187,1.29043,1.2906,5743
1640174400,1.29058,1.2917100000000001,1.2902,1.29105,4612
1640188800,1.29105,1.2917100000000001,1.28368,1.28562,7420
1640203200,1.28562,1.28664,1.28327,1.28359,4192
1640217600,1.2838,1.28528,1.28341,1.28487,2222
1640232000,1.2848600000000001,1.28535,1.2833700000000001,1.28359,1340
1640246400,1.28358,1.2840799999999999,1.28166,1.2817,2942
1640260800,1.2817,1.28361,1.28108,1.28342,4197
1640275200,1.2833999999999999,1.2842,1.27979,1.28037,7437
1640289600,1.28039,1.2816100000000001,1.2799800000000001,1.2808,2970
1640304000,1.28051,1.2833999999999999,1.28018,1.28163,6478
1640318400,1.28163,1.28261,1.28159,1.28231,7199
1640332800,1.28231,1.2830300000000001,1.2806600000000001,1.2809,5206
1640347200,1.2809,1.28202,1.27858,1.28134,6609
1640361600,1.28133,1.2821,1.28044,1.28153,8439
1640376000,1.28153,1.28219,1.28091,1.28101,2083
1640563200,1.28052,1.2818100000000001,1.2804,1.28125,2465
1640577600,1.28125,1.28187,1.28038,1.2818,3718
1640592000,1.28177,1.28325,1.28165,1.2830599999999999,2967
1640606400,1.28308,1.28477,1.28199,1.28201,3864
1640620800,1.28201,1.28221,1.27789,1.27946,4062
1640635200,1.27946,1.2802799999999999,1.27843,1.2784499999999999,2160
1640649600,1.27861,1.27978,1.27741,1.27969,1879
1640664000,1.2797,1.2799,1.27869,1.27869,1471
1640678400,1.27867,1.28031,1.27824,1.27957,2271
1640692800,1.27957,1.28006,1.2782499999999999,1.27878,2249
1640707200,1.27878,1.28243,1.27866,1.28202,5819
1640721600,1.28201,1.28317,1.28079,1.2815699999999999,3700
1640736000,1.28142,1.28331,1.28095,1.28293,1591
1640750400,1.28296,1.2830300000000001,1.2815400000000001,1.28199,1634
1640764800,1.28192,1.28302,1.28101,1.2827600000000001,2594
1640779200,1.2827600000000001,1.28348,1.2806600000000001,1.2815699999999999,4022
1640793600,1.28155,1.28213,1.27881,1.28021,7081
1640808000,1.28022,1.28042,1.27896,1.27941,3180
1640822400,1.27859,1.27927,1.27702,1.27708,1720
1640836800,1.27711,1.28023,1.27709,1.28023,1629
1640851200,1.28018,1.2812700000000001,1.27953,1.28063,3413
1640865600,1.28063,1.2810000000000001,1.27711,1.27898,3828
1640880000,1.27898,1.28085,1.27738,1.27819,6014
1640894400,1.27821,1.27888,1.2734,1.2738399999999999,3137
1640908800,1.27397,1.27489,1.2736100000000001,1.27448,1814
1640923200,1.27448,1.27507,1.27256,1.27309,1717
1640937600,1.27309,1.27377,1.27159,1.27189,3099
1640952000,1.27189,1.27426,1.2704,1.27046,5073
1640966400,1.2705600000000001,1.2707600000000001,1.26207,1.26484,9521
1640980800,1.26484,1.26579,1.26323,1.26427,3109
1641168000,1.26341,1.26643,1.26277,1.26619,2452
1641182400,1.26618,1.26855,1.26613,1.26795,2286
1641196800,1.26795,1.26862,1.26667,1.268,2936
1641211200,1.26804,1.27196,1.26745,1.27162,3527
1641225600,1.2716,1.2779,1.27148,1.27553,8157
1641240000,1.27551,1.27583,1.27436,1.27453,3103
1641254400,1.2746,1.27551,1.27372,1.27528,2135
1641268800,1.27528,1.2753999999999999,1.27233,1.2723499999999999,1770
1641283200,1.2723499999999999,1.27488,1.2723499999999999,1.2745600000000001,3287
1641297600,1.27458,1.2765900000000001,1.27265,1.27288,4426
1641312000,1.27286,1.27311,1.26671,1.26928,7084
1641326400,1.26936,1.27195,1.26926,1.2704900000000001,3470
1641340800,1.2701500000000001,1.27103,1.26923,1.271,2326
1641355200,1.271,1.27257,1.2708,1.2724199999999999,2189
1641369600,1.2724199999999999,1.2724199999999999,1.27071,1.2713,3571
1641384000,1.27131,1.274,1.2705899999999999,1.2707899999999999,4608
1641398400,1.2708,1.2721,1.26915,1.27078,6248
1641412800,1.27078,1.27663,1.26963,1.27603,6783
1641427200,1.27515,1.27746,1.2747899999999999,1.27656,2531
1641441600,1.27656,1.27978,1.27655,1.2788599999999999,2797
1641456000,1.27884,1.2814,1.2782,1.27851,4872
1641470400,1.27851,1.27865,1.27555,1.2763900000000001,6363
1641484800,1.2764,1.27862,1.27066,1.27185,10611
1641499200,1.27185,1.27398,1.27157,1.2726600000000001,4920
1641513600,1.2724,1.27306,1.27066,1.2708599999999999,2032
1641528000,1.27084,1.27236,1.27082,1.27104,2334
1641542400,1.27104,1.27308,1.2708599999999999,1.2713700000000001,4900
1641556800,1.2713700000000001,1.27273,1.26789,1.27229,5486
1641571200,1.27229,1.27265,1.2642,1.2647599999999999,9676
1641585600,1.2647599999999999,1.26519,1.26321,1.26432,3708
1641772800,1.2641200000000001,1.2656399999999999,1.26358,1.26382,2734
1641787200,1.26382,1.26495,1.26345,1.26429,2277
1641801600,1.26428,1.2652999999999999,1.26154,1.2624,5749
1641816000,1.2624,1.26678,1.2610299999999999,1.26639,5293
1641830400,1.26637,1.26963,1.2663,1.26938,10077
1641844800,1.26939,1.26977,1.26701,1.26745,4963
1641859200,1.26704,1.26777,1.26593,1.26666,2464
1641873600,1.26666,1.26692,1.26455,1.2649,2991
1641888000,1.2649,1.2665899999999999,1.26306,1.26404,5893
1641902400,1.2640500000000001,1.2659,1.26336,1.26492,4782
1641916800,1.26492,1.26636,1.25861,1.25878,9445
1641931200,1.25878,1.25923,1.25672,1.25722,3714
1641945600,1.25726,1.25796,1.2560799999999999,1.25672,2265
1641960000,1.25672,1.2568,1.25461,1.25538,1989
1641974400,1.25538,1.25765,1.25468,1.25481,4274
1641988800,1.25481,1.25571,1.25134,1.2518,5577
1642003200,1.25179,1.25331,1.24956,1.24983,8874
1642017600,1.24983,1.25096,1.24974,1.25053,4915
1642032000,1.25027,1.25102,1.24975,1.25079,2436
1642046400,1.25079,1.25098,1.24949,1.25077,2483
1642060800,1.25077,1.25077,1.24658,1.2482199999999999,4370
1642075200,1.2482199999999999,1.24876,1.24612,1.24615,4258
1642089600,1.24615,1.2503199999999999,1.24533,1.24921,8071
1642104000,1.2492,1.25199,1.24835,1.25184,4726
1642118400,1.25052,1.25255,1.2502900000000001,1.25192,3498
1642132800,1.25192,1.25218,1.24893,1.24902,2996
1642147200,1.24902,1.25048,1.24709,1.24816,5768
1642161600,1.24816,1.25351,1.24768,1.25268,5463
1642176000,1.25269,1.25655,1.25096,1.25641,10778
1642190400,1.25641,1.25704,1.2542,1.25455,5036
1642377600,1.25357,1.2557,1.2528000000000001,1.2548,4138
1642392000,1.25469,1.25487,1.25343,1.25423,2854
1642406400,1.25423,1.25479,1.251,1.25106,5160
1642420800,1.25105,1.25362,1.2500200000000001,1.25291,4689
1642435200,1.25288,1.2536100000000001,1.25037,1.25121,5210
1642449600,1.25121,1.2524,1.25118,1.25175,1166
1642464000,1.25123,1.25194,1.24881,1.24905,2087
1642478400,1.24905,1.2533699999999999,1.24862,1.2518099999999999,5232
1642492800,1.2518099999999999,1.25293,1.24982,1.25245,7313
1642507200,1.25245,1.25258,1.24953,1.25076,6797
1642521600,1.25076,1.25635,1.25065,1.25558,10653
1642536000,1.25558,1.2560799999999999,1.25035,1.25125,5755
1642550400,1.25125,1.25146,1.24933,1.25001,4217
1642564800,1.25001,1.25107,1.2487,1.25019,4692
1642579200,1.25019,1.2524600000000001,1.24786,1.24809,7967
1642593600,1.2481,1.24834,1.2450700000000001,1.2478799999999999,6265
1642608000,1.24789,1.2518799999999999,1.24774,1.2488,10852
1642622400,1.2488,1.25152,1.24847,1.25145,5446
1642636800,1.25118,1.25165,1.24935,1.25065,4651
1642651200,1.25064,1.2511700000000001,1.2492,1.24938,3221
1642665600,1.24938,1.24977,1.24831,1.24875,6355
1642680000,1.24874,1.24974,1.24764,1.24787,6455
1642694400,1.24782,1.24899,1.24533,1.24622,8480
1642708800,1.24617,1.25152,1.24577,1.25022,6835
1642723200,1.25003,1.25377,1.24985,1.25218,5174
1642737600,1.2521900000000001,1.25367,1.25137,1.2517800000000001,5690
1642752000,1.2517800000000001,1.2535,1.25091,1.25248,7694
1642766400,1.2524899999999999,1.25322,1.2505899999999999,1.2517800000000001,7881
1642780800,1.25177,1.25562,1.25146,1.25534,13495
1642795200,1.25533,1.25876,1.25446,1.25852,7642
1642982400,1.25778,1.25815,1.25617,1.25638,3762
1642996800,1.25638,1.25688,1.2554400000000001,1.25674,3301
1643011200,1.2567300000000001,1.26026,1.25665,1.25969,6368
1643025600,1.25969,1.26475,1.25958,1.26475,9388
1643040000,1.26475,1.27017,1.26341,1.26736,16429
1643054400,1.26741,1.26759,1.26228,1.26361,11874
1643068800,1.26339,1.26482,1.26186,1.2639,4730
1643083200,1.26395,1.26583,1.2635,1.26366,5152
1643097600,1.26366,1.26507,1.26281,1.26358,9669
1643112000,1.26358,1.26544,1.26275,1.26423,8489
1643126400,1.26422,1.26693,1.26205,1.26274,14530
1643140800,1.26272,1.26321,1.25976,1.26288,8762
1643155200,1.26251,1.26307,1.26136,1.26139,4711
1643169600,1.2613699999999999,1.26139,1.25995,1.26053,3635
1643184000,1.26054,1.26087,1.2570000000000001,1.25748,6966
1643198400,1.25747,1.25813,1.25595,1.25772,6067
1643212800,1.25773,1.2644,1.25644,1.25842,12013
1643227200,1.25842,1.26883,1.2579799999999999,1.26634,14302
1643241600,1.2659500000000001,1.26996,1.2656,1.26973,5270
1643256000,1.26977,1.27168,1.26906,1.27075,6973
1643270400,1.27082,1.2726899999999999,1.26664,1.267,9461
1643284800,1.267,1.27188,1.2663,1.26731,9934
1643299200,1.26733,1.27383,1.26504,1.27311,13878
1643313600,1.27309,1.27478,1.27182,1.27413,9918
1643328000,1.27387,1.27478,1.27277,1.27309,3889
1643342400,1.27307,1.27353,1.27129,1.27173,5423
1643356800,1.27173,1.27787,1.27146,1.27782,8009
1643371200,1.2778,1.27968,1.27494,1.27587,10142
1643385600,1.27586,1.27826,1.2748,1.2782499999999999,13773
1643400000,1.27824,1.27951,1.2761,1.2765900000000001,7154
1643587200,1.27634,1.27769,1.27455,1.27458,3255
1643601600,1.27458,1.27492,1.27314,1.27318,3042
1643616000,1.27317,1.27351,1.27203,1.27325,6697
1643630400,1.27325,1.2775400000000001,1.27299,1.27393,7674
1643644800,1.27397,1.27661,1.2682,1.26976,11979
1643659200,1.26975,1.27183,1.26899,1.2705199999999999,6443
1643673600,1.27023,1.27227,1.27023,1.2713700000000001,1925
1643688000,1.2713700000000001,1.27199,1.26938,1.26965,3105
1643702400,1.26966,1.27057,1.26555,1.26724,6860
1643716800,1.26724,1.27062,1.26684,1.26912,5971
1643731200,1.26912,1.27264,1.2677,1.26915,12132
1643745600,1.26918,1.2703,1.2681,1.26825,4974
1643760000,1.2683200000000001,1.26923,1.26792,1.26819,2122
1643774400,1.2682,1.2695,1.26754,1.26868,1908
1643788800,1.26868,1.26993,1.26768,1.2686,4552
1643803200,1.26855,1.2693400000000001,1.2650299999999999,1.26691,5848
1643817600,1.26693,1.2705899999999999,1.26654,1.26821,10490
1643832000,1.26821,1.2687599999999999,1.26526,1.26712,4715
1643846400,1.26679,1.26877,1.2666,1.26826,2160
1643860800,1.26826,1.26854,1.2673,1.2684,2322
1643875200,1.26838,1.27101,1.26788,1.27095,4994
1643889600,1.27095,1.27153,1.26827,1.2690000000000001,8689
1643904000,1.26897,1.26953,1.26613,1.2675,12744
1643918400,1.2675100000000001,1.2693400000000001,1.26581,1.26773,6383
1643932800,1.26755,1.2685,1.26681,1.268,2679
1643947200,1.26799,1.26826,1.2663,1.26803,2982
1643961600,1.26802,1.27158,1.26793,1.27125,6443
1643976000,1.27124,1.27856,1.27107,1.27775,9148
1643990400,1.27774,1.27877,1.27525,1.27621,12090
1644004800,1.27617,1.27661,1.27426,1.27611,5510
1644192000,1.27455,1.27563,1.27342,1.27403,3558
1644206400,1.27403,1.27525,1.27272,1.27304,3670
1644220800,1.27305,1.2742,1.27084,1.2733400000000001,7309
1644235200,1.2733400000000001,1.27398,1.2702499999999999,1.27115,6017
1644249600,1.27115,1.27281,1.26712,1.26878,9851
1644264000,1.26878,1.26881,1.26579,1.26685,4313
1644278400,1.26676,1.26775,1.26603,1.2673,2689
1644292800,1.2673,1.27013,1.26727,1.26942,3021
1644307200,1.26942,1.26992,1.26729,1.26836,6118
1644321600,1.26838,1.2717,1.26838,1.27075,6017
1644336000,1.27078,1.2721,1.26965,1.27072,7945
1644350400,1.2707,1.27185,1.26965,1.27035,4608
1644364800,1.27035,1.27154,1.2701500000000001,1.27031,1746
1644379200,1.27031,1.2707899999999999,1.26888,1.26945,2255
1644393600,1.26945,1.27143,1.26909,1.2695,4531
1644408000,1.2695,1.26976,1.26821,1.26904,4185
1644422400,1.26908,1.27001,1.26657,1.26694,6533
1644436800,1.26694,1.26846,1.26654,1.26708,3328
1644451200,1.2671000000000001,1.26864,1.26689,1.26823,2039
1644465600,1.26823,1.26865,1.26711,1.26766,2166
1644480000,1.26758,1.26793,1.26655,1.26753,4145
1644494400,1.26752,1.2714699999999999,1.26654,1.2703,5788
1644508800,1.27035,1.27191,1.26364,1.2665,12551
1644523200,1.26653,1.2728,1.26621,1.27219,9842
1644537600,1.27179,1.27506,1.27133,1.27399,3315
1644552000,1.27399,1.27525,1.27243,1.27417,3705
1644566400,1.2741799999999999,1.27539,1.27198,1.27295,6731
1644580800,1.27295,1.2732299999999999,1.26939,1.27104,5886
1644595200,1.27104,1.27161,1.2671000000000001,1.26714,9833
1644609600,1.26715,1.27467,1.26694,1.27329,14157
1644796800,1.2732700000000001,1.27419,1.27203,1.27412,4178
1644811200,1.27407,1.2745600000000001,1.2726600000000001,1.27314,3441
1644825600,1.27313,1.2784,1.27295,1.27707,8660
1644840000,1.27701,1.27827,1.27383,1.27551,9446
1644854400,1.27555,1.27616,1.27214,1.27291,11753
1644868800,1.27291,1.2751299999999999,1.27199,1.27251,8734
1644883200,1.27257,1.2739500000000001,1.27219,1.2736100000000001,3081
1644897600,1.27363,1.27532,1.27318,1.27478,3248
1644912000,1.27478,1.27499,1.27026,1.27027,7304
1644926400,1.27027,1.27299,1.27011,1.27222,7439
1644940800,1.27228,1.27744,1.27104,1.27442,8811
1644955200,1.27441,1.27493,1.27152,1.27159,4350
1644969600,1.272,1.27257,1.27154,1.27156,1981
1644984000,1.27159,1.27223,1.27104,1.2716,2052
1644998400,1.2716,1.27176,1.26788,1.26826,5785
1645012800,1.26827,1.2690000000000001,1.26639,1.2680500000000001,6354
1645027200,1.2680500000000001,1.27041,1.26734,1.26845,8920
1645041600,1.26845,1.27006,1.2673,1.26891,8421
1645056000,1.26855,1.26996,1.268,1.26955,2647
1645070400,1.26955,1.27342,1.26889,1.27038,6499
1645084800,1.27043,1.27255,1.26943,1.27078,9431
1645099200,1.27078,1.2714699999999999,1.26931,1.2708300000000001,6809
1645113600,1.2708599999999999,1.2711700000000001,1.26745,1.26871,11229
1645128000,1.26871,1.27102,1.26817,1.27087,5241
1645142400,1.27068,1.27173,1.26946,1.2698,3759
1645156800,1.26979,1.27046,1.2688,1.26935,2961
1645171200,1.26935,1.26984,1.26736,1.2680500000000001,5506
1645185600,1.26806,1.27101,1.268,1.27097,6033
1645200000,1.27096,1.27556,1.26949,1.27556,10658
1645214400,1.27556,1.27606,1.2737,1.27545,6043
1645401600,1.27447,1.2761,1.27316,1.27371,4311
1645416000,1.2737,1.27394,1.27219,1.2724,2827
1645430400,1.2724,1.27401,1.27221,1.27371,6163
1645444800,1.27371,1.27565,1.2734,1.27401,6720
1645459200,1.27406,1.27525,1.27335,1.27499,7487
1645473600,1.27498,1.27591,1.2744900000000001,1.27524,2173
1645488000,1.2751000000000001,1.2765900000000001,1.27441,1.27595,4275
1645502400,1.27595,1.2769,1.27406,1.2742,4280
1645516800,1.27419,1.27665,1.27308,1.27432,9311
1645531200,1.27431,1.27431,1.27233,1.27259,8580
1645545600,1.27263,1.27508,1.27189,1.27493,9438
1645560000,1.27494,1.27828,1.27462,1.27706,9150
1645574400,1.27705,1.27705,1.27492,1.27505,2717
1645588800,1.27505,1.27606,1.27435,1.27466,2738
1645603200,1.27462,1.27554,1.27053,1.27105,5535
1645617600,1.27106,1.27173,1.26821,1.2683200000000001,6005
1645632000,1.26833,1.27375,1.2682,1.27172,10364
1645646400,1.27176,1.2747899999999999,1.2717399999999999,1.27355,6317
1645660800,1.27341,1.27569,1.27273,1.27411,5080
1645675200,1.27412,1.27925,1.27392,1.27772,12360
1645689600,1.27773,1.28217,1.27743,1.2821500000000001,14343
1645704000,1.2821500000000001,1.28474,1.28054,1.2822,13547
1645718400,1.28225,1.28778,1.28176,1.28393,16398
1645732800,1.28396,1.2849599999999999,1.27911,1.28179,12476
1645747200,1.28094,1.2815699999999999,1.27909,1.27936,6239
1645761600,1.27934,1.2802,1.27715,1.2779099999999999,5284
1645776000,1.27786,1.28207,1.27786,1.28086,9523
1645790400,1.28084,1.28177,1.2753700000000001,1.27577,9724
1645804800,1.2757800000000001,1.27955,1.2735,1.27529,11666
1645819200,1.27529,1.27531,1.26952,1.27002,7333
1646006400,1.2765,1.27813,1.27035,1.27808,7545
1646020800,1.27808,1.28098,1.27786,1.27866,5403
1646035200,1.27866,1.2790300000000001,1.27618,1.27691,10592
1646049600,1.27691,1.27704,1.27223,1.27308,9615
1646064000,1.27308,1.27365,1.26601,1.2687599999999999,11723
1646078400,1.26877,1.27053,1.26689,1.26727,7827
1646092800,1.26697,1.26769,1.26658,1.26749,2605
1646107200,1.26749,1.26845,1.26679,1.26801,2860
1646121600,1.26801,1.2681200000000001,1.2653699999999999,1.26694,6784
1646136000,1.26697,1.26939,1.26647,1.2671299999999999,8523
1646150400,1.26716,1.2729300000000001,1.26548,1.27257,13135
1646164800,1.27259,1.27499,1.2723900000000001,1.27419,8617
1646179200,1.27344,1.27439,1.27166,1.27215,3171
1646193600,1.27215,1.27301,1.2714400000000001,1.27212,3471
1646208000,1.27211,1.2745,1.27031,1.2709,9568
1646222400,1.27093,1.27194,1.26843,1.26906,8782
1646236800,1.26905,1.27078,1.26491,1.2665,13648
1646251200,1.2665,1.2668,1.2628300000000001,1.26322,6485
1646265600,1.26287,1.26546,1.26285,1.26478,2998
1646280000,1.2647599999999999,1.26547,1.2624900000000001,1.2628599999999999,3009
1646294400,1.26287,1.26297,1.25871,1.2625199999999999,7079
1646308800,1.2625199999999999,1.26444,1.26203,1.26401,7481
1646323200,1.26398,1.26926,1.26267,1.2677800000000001,13191
1646337600,1.26779,1.2691,1.2668,1.26787,7096
1646352000,1.26742,1.27222,1.267,1.26862,6792
1646366400,1.26861,1.27024,1.2681,1.26931,5660
1646380800,1.26931,1.27317,1.26881,1.27311,8196
1646395200,1.27312,1.27907,1.27151,1.27712,9910
1646409600,1.2771,1.2792,1.27257,1.2730299999999999,13138
1646424000,1.27302,1.2746,1.27133,1.27351,7055
1646611200,1.2728,1.27564,1.27131,1.27223,7070
1646625600,1.27223,1.27295,1.27016,1.27116,6648
1646640000,1.27116,1.27294,1.26856,1.27122,10708
1646654400,1.2711700000000001,1.27413,1.27021,1.27371,12292
1646668800,1.27372,1.27935,1.27292,1.27888,14165
1646683200,1.27891,1.28208,1.27766,1.28177,8492
1646697600,1.2818399999999999,1.28186,1.27979,1.28081,4038
1646712000,1.28077,1.28295,1.27961,1.28247,5501
1646726400,1.28247,1.2836699999999999,1.2806600000000001,1.28294,10622
1646740800,1.28294,1.28436,1.28067,1.28265,9140
1646755200,1.28277,1.2900800000000001,1.28203,1.2883200000000001,16080
1646769600,1.28831,1.28967,1.28605,1.28891,10213
1646784000,1.28887,1.28945,1.28685,1.28721,3690
1646798400,1.28721,1.28925,1.28675,1.28821,4268
1646812800,1.28821,1.2882500000000001,1.28255,1.28262,8972
1646827200,1.28262,1.28446,1.2806199999999999,1.28243,9131
1646841600,1.28243,1.28372,1.28036,1.28164,12246
1646856000,1.28165,1.28353,1.28064,1.2806600000000001,6614
1646870400,1.28048,1.28419,1.27912,1.283,3440
1646884800,1.283,1.2832,1.28077,1.28167,3206
1646899200,1.28165,1.28319,1.27942,1.28163,7967
1646913600,1.28162,1.28326,1.278,1.27855,9543
1646928000,1.27854,1.28058,1.2758099999999999,1.27744,11067
1646942400,1.27744,1.27767,1.27507,1.27702,4954
1646956800,1.27691,1.2784900000000001,1.27534,1.2784499999999999,2914
1646971200,1.2784499999999999,1.2793999999999999,1.27774,1.2787600000000001,4196
1646985600,1.27878,1.27894,1.27595,1.27719,8038
1647000000,1.27719,1.27777,1.27149,1.27167,9802
1647014400,1.27167,1.27314,1.26942,1.27314,9917
1647028800,1.27316,1.27501,1.27072,1.27489,5379
1647216000,1.27281,1.27472,1.27257,1.27399,3547
1647230400,1.27397,1.27894,1.2739099999999999,1.27673,4385
1647244800,1.27674,1.2788,1.27523,1.2757,6294
1647259200,1.2757100000000001,1.27783,1.27446,1.27463,6854
1647273600,1.27463,1.27868,1.27381,1.27817,9308
1647288000,1.27817,1.28265,1.2778,1.2825199999999999,5612
1647302400,1.28165,1.2827,1.28142,1.28255,2030
1647316800,1.28255,1.28534,1.28185,1.28228,5187
1647331200,1.28232,1.2857,1.28202,1.28525,7844
1647345600,1.28529,1.2871299999999999,1.28255,1.28289,6303
1647360000,1.28291,1.28311,1.27801,1.2781799999999999,9814
1647374400,1.27811,1.2794400000000001,1.27614,1.27667,5603
1647388800,1.27631,1.27755,1.27565,1.27726,2444
1647403200,1.27726,1.27756,1.27552,1.27559,3401
1647417600,1.27553,1.27556,1.27197,1.27233,6012
1647432000,1.27231,1.2726,1.26875,1.26921,5726
1647446400,1.26918,1.27463,1.26913,1.2724199999999999,9357
1647460800,1.2724199999999999,1.2778100000000001,1.2677399999999999,1.26787,11611
1647475200,1.26779,1.26922,1.26692,1.26698,2936
1647489600,1.267,1.2699,1.26698,1.2677,4590
1647504000,1.2677,1.26881,1.26541,1.26582,5059
1647518400,1.2658,1.26737,1.2652,1.26687,6815
1647532800,1.26687,1.26791,1.263,1.26377,8105
1647547200,1.2637399999999999,1.2649599999999999,1.2612999999999999,1.26228,4481
1647561600,1.26265,1.26356,1.26142,1.26289,2650
1647576000,1.26289,1.26299,1.2612700000000001,1.26173,3162
1647590400,1.26174,1.26192,1.2595399999999999,1.26135,5324
1647604800,1.26135,1.26373,1.25989,1.26295,5280
1647619200,1.26295,1.2646600000000001,1.26122,1.26204,8400
1647633600,1.26204,1.2622200000000001,1.2589000000000001,1.26038,4023
1647820800,1.2596,1.2613400000000001,1.2596,1.26019,2089
1647835200,1.26019,1.26097,1.25914,1.26061,2916
1647849600,1.26061,1.26154,1.25898,1.25909,3987
1647864000,1.25909,1.2622,1.25908,1.26013,4808
1647878400,1.2601200000000001,1.26057,1.25651,1.25785,8828
1647892800,1.25787,1.26119,1.25787,1.2593,6663
1647907200,1.25836,1.26031,1.25827,1.2601200000000001,1911
1647921600,1.2601200000000001,1.26026,1.2570999999999999,1.25866,4351
1647936000,1.25866,1.26241,1.2584,1.26213,5286
1647950400,1.26213,1.2622499999999999,1.25739,1.25823,6100
1647964800,1.25821,1.26175,1.25754,1.25965,7851
1647979200,1.25964,1.25998,1.25672,1.25681,4053
1647993600,1.25731,1.25867,1.25645,1.25803,2111
1648008000,1.25803,1.2583199999999999,1.25655,1.2582200000000001,3068
1648022400,1.2582200000000001,1.25908,1.25702,1.25864,3721
1648036800,1.25867,1.26056,1.2582,1.26016,4844
1648051200,1.26016,1.26034,1.25421,1.25568,7957
1648065600,1.25561,1.25699,1.2554,1.25625,3888
1648080000,1.25597,1.2576,1.25556,1.25682,1985
1648094400,1.25682,1.25843,1.25629,1.25793,3456
1648108800,1.25793,1.2582200000000001,1.25591,1.25731,4004
1648123200,1.25726,1.2586300000000001,1.25521,1.25656,5440
1648137600,1.25656,1.2576399999999999,1.251,1.25495,8943
1648152000,1.25495,1.25534,1.25207,1.25323,4132
1648166400,1.25263,1.25439,1.25176,1.2540200000000001,2306
1648180800,1.2540200000000001,1.2540499999999999,1.25248,1.25262,3377
1648195200,1.25262,1.25523,1.25245,1.2551700000000001,3654
1648209600,1.2551700000000001,1.2553,1.25218,1.25294,3727
1648224000,1.25296,1.25332,1.24856,1.24862,8730
1648238400,1.2486,1.2493,1.24655,1.2476099999999999,4389
1648425600,1.24809,1.24993,1.24763,1.2495,2390
1648440000,1.24955,1.24999,1.24821,1.2493400000000001,3947
1648454400,1.24933,1.25042,1.24785,1.24845,5380
1648468800,1.24846,1.2506,1.24734,1.25046,5790
1648483200,1.25046,1.25929,1.25046,1.25426,8752
1648497600,1.25426,1.25505,1.25203,1.2521200000000001,4163
1648512000,1.25177,1.2530000000000001,1.25152,1.25272,2173
1648526400,1.2527,1.25271,1.2512400000000001,1.25191,2907
1648540800,1.2519,1.25199,1.24936,1.2511,4891
1648555200,1.25111,1.25299,1.24697,1.25107,8394
1648569600,1.25109,1.25285,1.2497099999999999,1.2515399999999999,9102
1648584000,1.2515399999999999,1.25217,1.24819,1.25034,3834
1648598400,1.24969,1.25087,1.2492,1.25023,2241
1648612800,1.25016,1.25047,1.24891,1.249,3040
1648627200,1.249,1.2494,1.24757,1.24803,5264
1648641600,1.24801,1.24881,1.2466599999999999,1.2466599999999999,4760
1648656000,1.2466599999999999,1.25024,1.24299,1.24691,7967
1648670400,1.24693,1.24874,1.24663,1.24821,3379
1648684800,1.24797,1.25039,1.24766,1.24952,2748
1648699200,1.24956,1.25198,1.24899,1.25194,2853
1648713600,1.25194,1.25294,1.2498,1.2523900000000001,4156
1648728000,1.2523900000000001,1.25333,1.25004,1.25079,4945
1648742400,1.25084,1.25268,1.24803,1.24821,8356
1648756800,1.24821,1.251,1.24642,1.25074,4445
1648771200,1.2502900000000001,1.25106,1.24965,1.25045,2241
1648785600,1.25048,1.25084,1.24922,1.24962,2524
1648800000,1.24959,1.25268,1.24951,1.24997,4190
1648814400,1.24998,1.25091,1.24805,1.25033,4543
1648828800,1.25035,1.25316,1.24918,1.25292,7293
1648843200,1.25292,1.2539500000000001,1.25068,1.25157,4250
1649030400,1.2511700000000001,1.25288,1.25115,1.2518,1347
1649044800,1.2518099999999999,1.2519,1.25098,1.25105,1916
1649059200,1.25105,1.25111,1.24848,1.2496,3662
1649073600,1.24961,1.25049,1.24878,1.24927,3589
1649088000,1.24927,1.25028,1.24682,1.24967,5440
1649102400,1.24967,1.2502499999999999,1.24798,1.24844,2656
1649116800,1.2484,1.24927,1.24838,1.24856,1458
1649131200,1.24855,1.24916,1.24792,1.24804,2079
1649145600,1.24804,1.24839,1.24526,1.24545,3803
1649160000,1.24546,1.24687,1.24316,1.24317,4375
1649174400,1.24316,1.24743,1.24029,1.24676,8064
1649188800,1.24676,1.24981,1.24486,1.24904,4363
1649203200,1.2485,1.2496,1.24827,1.24937,1936
1649217600,1.24936,1.2504,1.24854,1.25006,3237
1649232000,1.2500499999999999,1.2509700000000001,1.24899,1.24937,4760
1649246400,1.24937,1.2504,1.24794,1.24914,4495
1649260800,1.24915,1.25211,1.24805,1.2504,6939
1649275200,1.25046,1.2558500000000001,1.24897,1.2545899999999999,8293
1649289600,1.2542,1.25681,1.25369,1.2559,2245
1649304000,1.2559,1.25685,1.25518,1.25586,3063
1649318400,1.25587,1.25659,1.25383,1.25644,5300
1649332800,1.25644,1.25743,1.25397,1.25701,5052
1649347200,1.2570000000000001,1.26116,1.25632,1.25979,8413
1649361600,1.2597800000000001,1.25979,1.25753,1.25888,4854
1649376000,1.2588,1.25948,1.25808,1.2588599999999999,1969
1649390400,1.2588599999999999,1.25942,1.25782,1.25903,2267
1649404800,1.25902,1.2598799999999999,1.2576,1.2591999999999999,4303
1649419200,1.2591999999999999,1.25997,1.2582200000000001,1.25967,4032
1649433600,1.25968,1.2619,1.2574,1.2582200000000001,7159
1649448000,1.25824,1.25945,1.25647,1.25739,3996
1649635200,1.25475,1.25984,1.25475,1.25983,1797
1649649600,1.25983,1.26175,1.25852,1.25976,3463
1649664000,1.25974,1.26173,1.25902,1.2598500000000001,5577
1649678400,1.25987,1.26097,1.25729,1.25958,4762
1649692800,1.25959,1.2637399999999999,1.25939,1.26339,7523
1649707200,1.26338,1.26409,1.262,1.2634400000000001,4268
1649721600,1.26298,1.26536,1.26248,1.26515,1789
1649736000,1.26516,1.26563,1.26414,1.26441,2840
1649750400,1.2644199999999999,1.26617,1.26324,1.2653699999999999,4786
1649764800,1.26538,1.26612,1.25815,1.2591999999999999,5238
1649779200,1.2592400000000001,1.26197,1.25923,1.2612,9533
1649793600,1.2612,1.26452,1.26052,1.2642,4893
1649808000,1.26436,1.2644199999999999,1.26321,1.26398,1485
1649822400,1.2639,1.26394,1.2610700000000001,1.26268,2761
1649836800,1.26268,1.26491,1.26116,1.26432,5150
1649851200,1.26432,1.26646,1.26384,1.26646,5910
1649865600,1.26645,1.26762,1.25837,1.25867,8964
1649880000,1.25869,1.25869,1.25552,1.25613,4239
1649894400,1.2563,1.25696,1.2555,1.25681,2334
1649908800,1.25681,1.25694,1.25439,1.25496,2984
1649923200,1.25495,1.25667,1.25414,1.25441,4054
1649937600,1.25441,1.25815,1.25214,1.25806,6968
1649952000,1.25806,1.26421,1.25756,1.26218,8915
1649966400,1.26211,1.26263,1.25872,1.2603900000000001,3459
1649980800,1.26041,1.26211,1.25986,1.2619500000000001,3162
1649995200,1.2619500000000001,1.26205,1.2598099999999999,1.26043,5674
1650009600,1.26043,1.26105,1.25903,1.25965,8828
1650024000,1.25965,1.26081,1.25915,1.26053,6658
1650038400,1.26052,1.2616,1.2605,1.26063,4180
1650052800,1.26062,1.26125,1.26031,1.26117,1593
1650240000,1.26088,1.26291,1.26067,1.26276,2251
1650254400,1.2628,1.26438,1.26201,1.2640500000000001,2668
1650268800,1.2640500000000001,1.2643,1.2629000000000001,1.2638,2557
1650283200,1.26379,1.26441,1.26132,1.2624,3247
1650297600,1.2624,1.26288,1.26034,1.26163,6564
1650312000,1.26163,1.26263,1.26054,1.26114,4717
1650326400,1.26068,1.2616100000000001,1.25923,1.26056,2400
1650340800,1.26056,1.26145,1.2577099999999999,1.2579799999999999,3630
1650355200,1.2579799999999999,1.2591999999999999,1.25683,1.25855,6222
1650369600,1.2585600000000001,1.26357,1.2585600000000001,1.26341,4672
1650384000,1.26339,1.26462,1.2607300000000001,1.26218,8809
1650398400,1.26219,1.26285,1.26157,1.26165,4632
1650412800,1.26165,1.2619,1.2601200000000001,1.26057,2460
1650427200,1.26057,1.26245,1.25835,1.25836,4090
1650441600,1.25836,1.25896,1.25626,1.2564,4811
1650456000,1.2564,1.25645,1.25163,1.25245,6646
1650470400,1.25247,1.2528000000000001,1.24723,1.2499500000000001,9031
1650484800,1.24994,1.25092,1.24842,1.24954,5715
1650499200,1.24942,1.25009,1.24838,1.24953,2268
1650513600,1.24952,1.24973,1.24793,1.24862,3794
1650528000,1.24862,1.24914,1.2459,1.24729,6162
1650542400,1.24728,1.25003,1.24684,1.24951,4678
1650556800,1.24953,1.25509,1.24745,1.25498,8487
1650571200,1.25498,1.25902,1.2541,1.25836,8062
1650585600,1.25804,1.26007,1.25682,1.25945,2763
1650600000,1.25945,1.26075,1.25869,1.25935,4525
1650614400,1.25935,1.26688,1.25902,1.26688,6255
1650628800,1.26687,1.26841,1.26539,1.26755,6091
1650643200,1.26755,1.27258,1.26695,1.27134,9896
1650657600,1.27133,1.2726199999999999,1.27024,1.27138,6220
1650844800,1.27192,1.27295,1.26968,1.27271,3185
1650859200,1.2726600000000001,1.27429,1.27254,1.27352,3792
1650873600,1.27351,1.27565,1.2719,1.2729300000000001,7278
1650888000,1.27295,1.27686,1.27267,1.27606,7694
1650902400,1.27603,1.27772,1.27501,1.2762,9632
1650916800,1.2762,1.27714,1.27152,1.27379,7779
1650931200,1.2734,1.27453,1.27289,1.27307,2655
1650945600,1.27308,1.2742200000000001,1.26846,1.26878,5274
1650960000,1.26868,1.27475,1.26868,1.2736100000000001,6514
1650974400,1.2736100000000001,1.27793,1.27316,1.27769,5493
1650988800,1.27776,1.28277,1.27714,1.2785,9444
1651003200,1.2785,1.2825,1.2784,1.28234,5898
1651017600,1.28291,1.28293,1.2802799999999999,1.2808899999999999,2345
1651032000,1.2809,1.2812000000000001,1.27848,1.2785,4737
1651046400,1.27847,1.2846,1.2778100000000001,1.28458,7064
1651060800,1.28458,1.28477,1.28173,1.28359,7377
1651075200,1.28359,1.28541,1.27961,1.2810000000000001,11560
1651089600,1.28101,1.28348,1.2800500000000001,1.28176,7721
1651104000,1.28133,1.28297,1.28109,1.28226,2352
1651118400,1.28227,1.28439,1.28101,1.28331,5203
1651132800,1.2833,1.28578,1.27982,1.28179,7545
1651147200,1.28178,1.28799,1.28128,1.28674,7502
1651161600,1.28682,1.28694,1.2799800000000001,1.2803499999999999,10973
1651176000,1.28033,1.2812299999999999,1.27909,1.2805900000000001,6324
1651190400,1.28052,1.2812999999999999,1.27821,1.27821,2465
1651204800,1.27821,1.27936,1.2757800000000001,1.27592,4231
1651219200,1.27592,1.27603,1.27249,1.27498,7242
1651233600,1.27497,1.2751299999999999,1.27187,1.2720799999999999,7078
1651248000,1.27209,1.28255,1.27199,1.28163,11390
1651262400,1.28163,1.28606,1.27969,1.28556,6999
1651449600,1.28282,1.28625,1.28246,1.28576,3637
1651464000,1.28576,1.28744,1.28488,1.28644,4294
1651478400,1.28644,1.28799,1.285,1.28779,6128
1651492800,1.28779,1.29058,1.2861,1.29021,5065
1651507200,1.29021,1.2913999999999999,1.28768,1.2901500000000001,11553
1651521600,1.2901500000000001,1.29138,1.28718,1.28773,8064
1651536000,1.2876699999999999,1.28812,1.28386,1.28397,2913
1651550400,1.28397,1.2865,1.28361,1.2865,4609
1651564800,1.2865,1.2882500000000001,1.2849300000000001,1.28728,6586
1651579200,1.28728,1.28935,1.28465,1.28495,6460
1651593600,1.2849599999999999,1.28686,1.28254,1.28556,10291
1651608000,1.28555,1.28638,1.2831000000000001,1.2837399999999999,7341
1651622400,1.28372,1.28403,1.2825,1.28297,2176
1651636800,1.28297,1.2833,1.2816100000000001,1.28324,3408
1651651200,1.28324,1.2842500000000001,1.28083,1.28111,4878
1651665600,1.28111,1.28198,1.28042,1.2812700000000001,3919
1651680000,1.28128,1.28533,1.2811,1.2811,8404
1651694400,1.28108,1.28463,1.27302,1.27367,14596
1651708800,1.27299,1.27489,1.2729300000000001,1.27381,3086
1651723200,1.27382,1.2742200000000001,1.2713700000000001,1.27244,5546
1651737600,1.27244,1.27649,1.27197,1.27556,6978
1651752000,1.27557,1.27719,1.2737,1.27671,7897
1651766400,1.27673,1.286,1.27539,1.28382,14522
1651780800,1.28373,1.2868,1.2824200000000001,1.2837,11085
1651795200,1.2830300000000001,1.28382,1.28142,1.28341,2814
1651809600,1.28341,1.28566,1.28269,1.28362,6957
1651824000,1.28361,1.2867199999999999,1.2824,1.28439,8909
1651838400,1.2844,1.28678,1.28138,1.28675,9464
1651852800,1.28674,1.28959,1.28468,1.28792,17068
1651867200,1.28791,1.29126,1.28717,1.29062,9878
1652054400,1.29041,1.29398,1.29021,1.29396,3940
1652068800,1.29395,1.29477,1.29273,1.29456,5332
1652083200,1.29456,1.2949899999999999,1.29256,1.29324,7608
1652097600,1.29328,1.29541,1.29082,1.2916699999999999,9250
1652112000,1.29168,1.29936,1.29138,1.29654,16074
1652126400,1.29657,1.30154,1.29646,1.30139,9779
1652140800,1.30144,1.30322,1.30065,1.30249,4206
1652155200,1.30255,1.3037,1.2991,1.2999100000000001,8122
1652169600,1.2999399999999999,1.30215,1.29866,1.29922,9370
1652184000,1.29917,1.30108,1.2977400000000001,1.29839,8115
1652198400,1.2984499999999999,1.30487,1.29618,1.3045900000000001,15686
1652212800,1.3045900000000001,1.30523,1.30053,1.30294,10504
1652227200,1.30255,1.30349,1.30203,1.30289,2846
1652241600,1.30286,1.30317,1.30045,1.30058,4369
1652256000,1.30058,1.3014299999999999,1.2965900000000001,1.29671,7095
1652270400,1.29671,1.30393,1.29543,1.30344,8624
1652284800,1.30344,1.30366,1.29211,1.29739,17695
1652299200,1.29741,1.30066,1.29639,1.2993299999999999,11342
1652313600,1.29891,1.30051,1.2983500000000001,1.2988,4748
1652328000,1.29881,1.30196,1.29769,1.30191,6766
1652342400,1.30191,1.30377,1.3006,1.30273,10565
1652356800,1.30274,1.30477,1.30004,1.3014700000000001,9682
1652371200,1.30157,1.3064,1.3001800000000001,1.30392,17400
1652385600,1.30395,1.3076699999999999,1.30379,1.3046,11870
1652400000,1.30432,1.3048600000000001,1.30109,1.30205,3701
1652414400,1.3021,1.30268,1.29952,1.2997,6311
1652428800,1.2997,1.30246,1.29921,1.30058,8077
1652443200,1.30058,1.3020800000000001,1.29941,1.30137,6002
1652457600,1.30137,1.3014000000000001,1.29147,1.29292,11403
1652472000,1.29291,1.29616,1.2907,1.29084,7476
1652659200,1.29172,1.29193,1.29012,1.29051,4077
1652673600,1.2905,1.29817,1.28951,1.29656,7414
1652688000,1.29656,1.29739,1.29205,1.2923,8813
1652702400,1.29229,1.29423,1.2917100000000001,1.29231,6855
1652716800,1.29231,1.29298,1.28761,1.28838,12974
1652731200,1.28842,1.28847,1.28365,1.28482,7231
1652745600,1.28448,1.28538,1.2828,1.28353,3082
1652760000,1.28353,1.28437,1.28194,1.28293,5311
1652774400,1.28293,1.28326,1.28074,1.28113,7023
1652788800,1.28113,1.28414,1.28067,1.28309,7879
1652803200,1.2830300000000001,1.28543,1.28208,1.28255,10872
1652817600,1.28255,1.28587,1.2809,1.28094,8920
1652832000,1.28098,1.28128,1.27951,1.2806,2981
1652846400,1.2805900000000001,1.28417,1.28055,1.2836699999999999,5772
1652860800,1.28366,1.28517,1.28087,1.28473,7643
1652875200,1.28472,1.28512,1.28049,1.2821500000000001,6720
1652889600,1.2821500000000001,1.28573,1.28124,1.28278,12269
1652904000,1.2827600000000001,1.28958,1.28266,1.2889599999999999,8873
1652918400,1.28881,1.28928,1.2861500000000001,1.28643,5004
1652932800,1.2864200000000001,1.28739,1.28183,1.28251,7687
1652947200,1.2825,1.28595,1.2821500000000001,1.28385,10043
1652961600,1.28386,1.28465,1.28011,1.28192,10188
1652976000,1.28196,1.28286,1.2783,1.28201,16958
1652990400,1.282,1.2829,1.27887,1.28201,11456
1653004800,1.28206,1.28297,1.28116,1.2821500000000001,3428
1653019200,1.2821500000000001,1.2834699999999999,1.28073,1.28118,5955
1653033600,1.28119,1.28179,1.27863,1.2788,9404
1653048000,1.27881,1.28023,1.27767,1.2795,7622
1653062400,1.27951,1.28524,1.27885,1.28417,14286
1653076800,1.28418,1.28681,1.28282,1.28331,10740
1653264000,1.28369,1.28419,1.28003,1.28022,4069
1653278400,1.28024,1.28126,1.27922,1.28022,5435
1653292800,1.28019,1.28064,1.27785,1.27993,9044
1653307200,1.27992,1.28041,1.27733,1.27935,7704
1653321600,1.27935,1.28041,1.2767,1.27935,12103
1653336000,1.27933,1.2808,1.2770000000000001,1.2770299999999999,5835
1653350400,1.27685,1.2803200000000001,1.27637,1.28012,3252
1653364800,1.28011,1.2812999999999999,1.2792,1.2809300000000001,5178
1653379200,1.28097,1.2812999999999999,1.27794,1.28065,8361
1653393600,1.2806600000000001,1.28083,1.2781500000000001,1.279,7188
1653408000,1.279,1.28727,1.27898,1.2839,14757
1653422400,1.28393,1.2848600000000001,1.2803499999999999,1.28201,9850
1653436800,1.2818100000000001,1.28322,1.28134,1.2826,3213
1653451200,1.2826,1.28346,1.28104,1.28217,6010
1653465600,1.28216,1.28443,1.2818800000000001,1.28424,8097
1653480000,1.2842500000000001,1.28851,1.28321,1.2859099999999999,9365
1653494400,1.28594,1.28689,1.28122,1.28433,13447
1653508800,1.28437,1.28495,1.28027,1.28169,9974
1653523200,1.28141,1.2822200000000001,1.28015,1.28058,3499
1653537600,1.2805900000000001,1.28418,1.28041,1.28393,7273
1653552000,1.28392,1.28488,1.28104,1.28254,8065
1653566400,1.28254,1.28333,1.28102,1.28239,7223
1653580800,1.28239,1.28343,1.27729,1.27884,11627
1653595200,1.27884,1.27884,1.27687,1.27702,6087
1653609600,1.27704,1.27835,1.27686,1.27756,3105
1653624000,1.2775699999999999,1.27782,1.27471,1.2747600000000001,5861
1653638400,1.27475,1.27631,1.27386,1.274,7442
1653652800,1.274,1.27529,1.27281,1.27339,7452
1653667200,1.27339,1.27654,1.27295,1.27467,9681
1653681600,1.27467,1.27492,1.2718,1.2720099999999999,4828
1653868800,1.27231,1.2729,1.27162,1.27179,3174
1653883200,1.27179,1.27215,1.27012,1.2702499999999999,5305
1653897600,1.27026,1.27082,1.26884,1.26926,6662
1653912000,1.2692700000000001,1.26938,1.26725,1.26798,5326
1653926400,1.26799,1.26799,1.26509,1.2653400000000001,6330
1653940800,1.2652999999999999,1.2662499999999999,1.2652,1.26541,1732
1653955200,1.26535,1.26803,1.26526,1.26766,3109
1653969600,1.26767,1.26851,1.26613,1.26698,6248
1653984000,1.267,1.26807,1.26555,1.26705,7615
1653998400,1.26705,1.26867,1.26604,1.26803,8202
1654012800,1.26799,1.26799,1.2629299999999999,1.26327,13067
1654027200,1.26327,1.2654,1.26304,1.26509,8191
1654041600,1.2646,1.26514,1.26357,1.26477,2709
1654056000,1.26481,1.26727,1.26392,1.26667,5855
1654070400,1.26666,1.26719,1.26486,1.26552,7614
1654084800,1.26549,1.26556,1.26185,1.262,6060
1654099200,1.26196,1.26768,1.2607599999999999,1.26525,13112
1654113600,1.26531,1.26654,1.26233,1.26585,8319
1654128000,1.2656100000000001,1.26754,1.26549,1.2663,2664
1654142400,1.26628,1.26761,1.2661,1.26694,4948
1654156800,1.26695,1.26861,1.26506,1.2652,5874
1654171200,1.26521,1.26616,1.26321,1.2641,6281
1654185600,1.2641,1.26532,1.2570000000000001,1.25714,12007
1654200000,1.25712,1.25796,1.25644,1.25683,5689
1654214400,1.25699,1.25759,1.2558,1.25727,2906
1654228800,1.25725,1.25787,1.25661,1.25738,3799
1654243200,1.2573699999999999,1.2575,1.25563,1.25621,5527
1654257600,1.25621,1.2585899999999999,1.2555100000000001,1.25781,7521
1654272000,1.25718,1.2592400000000001,1.25511,1.25769,12424
1654286400,1.2576800000000001,1.25955,1.25732,1.25943,6282
1654473600,1.25939,1.25939,1.25788,1.25884,2771
1654488000,1.25884,1.2601200000000001,1.25789,1.25792,4305
1654502400,1.25792,1.2585899999999999,1.25582,1.25586,6631
1654516800,1.25586,1.25682,1.25442,1.2545,5412
1654531200,1.25451,1.25854,1.25351,1.25714,10578
1654545600,1.25718,1.25826,1.25561,1.25826,6082
1654560000,1.25742,1.25973,1.25742,1.25923,3001
1654574400,1.25925,1.26029,1.2569,1.25969,6792
1654588800,1.25965,1.26184,1.25867,1.25976,8467
1654603200,1.25976,1.2612700000000001,1.25786,1.26036,7456
1654617600,1.2604,1.26044,1.25354,1.25375,11632
1654632000,1.25374,1.25457,1.25237,1.25327,5435
1654646400,1.25293,1.2541,1.25275,1.2536,2659
1654660800,1.25362,1.25518,1.25254,1.25516,5966
1654675200,1.25514,1.25556,1.25322,1.2555,7492
1654689600,1.2555,1.25584,1.25353,1.25421,6690
1654704000,1.25421,1.25446,1.25179,1.2533400000000001,10950
1654718400,1.2533400000000001,1.25654,1.2533400000000001,1.25565,7217
1654732800,1.25556,1.25622,1.2548599999999999,1.25606,2883
1654747200,1.25602,1.25704,1.25538,1.25575,4962
1654761600,1.25575,1.2580200000000001,1.2554,1.25621,6559
1654776000,1.25621,1.25884,1.25495,1.25803,8598
1654790400,1.25803,1.2676,1.25769,1.26555,13778
1654804800,1.26556,1.2705199999999999,1.26545,1.26983,7088
1654819200,1.26982,1.27097,1.26962,1.2698,2704
1654833600,1.2698,1.2707899999999999,1.26944,1.27017,5344
1654848000,1.27017,1.27193,1.26814,1.27189,8261
1654862400,1.2719,1.27755,1.2716,1.27741,8996
1654876800,1.2774,1.28128,1.27565,1.27779,14537
1654891200,1.27777,1.27855,1.27523,1.27819,8523
1655078400,1.2778100000000001,1.28048,1.27755,1.27994,4246
1655092800,1.27994,1.28193,1.27982,1.28151,7368
1655107200,1.28151,1.2846600000000001,1.28039,1.28454,10658
1655121600,1.28456,1.28678,1.28262,1.28349,10999
1655136000,1.28351,1.28811,1.28318,1.28606,14857
1655150400,1.28606,1.29003,1.28422,1.28961,11928
1655164800,1.28935,1.2898,1.28809,1.28857,4340
1655179200,1.28858,1.29005,1.28682,1.28816,8983
1655193600,1.28813,1.29123,1.28662,1.2910300000000001,11681
1655208000,1.29101,1.29414,1.29095,1.29327,11752
1655222400,1.2932299999999999,1.29538,1.29031,1.29527,16501
1655236800,1.2953000000000001,1.29749,1.29346,1.29565,10869
1655251200,1.29484,1.29599,1.29428,1.29464,4570
1655265600,1.29465,1.29696,1.29324,1.29666,7704
1655280000,1.29663,1.29731,1.29439,1.29464,12134
1655294400,1.29464,1.296,1.29158,1.29547,10868
1655308800,1.2955,1.29763,1.29223,1.29735,12998
1655323200,1.29737,1.2995700000000001,1.28632,1.2892299999999999,15390
1655337600,1.28872,1.28956,1.28625,1.28697,4793
1655352000,1.28696,1.28958,1.28609,1.28908,6951
1655366400,1.28908,1.29584,1.28895,1.29249,11900
1655380800,1.2925,1.29513,1.29166,1.29205,12539
1655395200,1.29208,1.29705,1.28926,1.2904200000000001,15479
1655409600,1.29041,1.29501,1.28877,1.29475,11668
1655424000,1.29507,1.29703,1.29394,1.29648,4660
1655438400,1.29648,1.29664,1.2941099999999999,1.29466,9235
1655452800,1.29466,1.29885,1.29434,1.2971,11023
1655467200,1.29711,1.30088,1.29633,1.3008199999999999,9834
1655481600,1.30087,1.30788,1.3005200000000001,1.3051,15170
1655496000,1.30511,1.3056,1.30141,1.3026499999999999,9418
1655683200,1.30292,1.3035700000000001,1.29961,1.30061,4760
1655697600,1.30061,1.30257,1.29956,1.30056,9149
1655712000,1.3005900000000001,1.30119,1.29864,1.2996699999999999,9602
1655726400,1.29965,1.30065,1.29855,1.29973,6543
1655740800,1.29973,1.30132,1.29787,1.29883,7267
1655755200,1.29883,1.3000099999999999,1.29814,1.29831,1850
1655769600,1.29796,1.29859,1.29596,1.2962099999999999,3197
1655784000,1.29619,1.29645,1.29394,1.29464,5185
1655798400,1.29462,1.2955999999999999,1.29061,1.29112,8217
1655812800,1.2911000000000001,1.2962799999999999,1.29108,1.29477,7268
1655827200,1.29489,1.29492,1.29085,1.2916699999999999,10393
1655841600,1.29168,1.29308,1.29109,1.29157,6304
1655856000,1.2918,1.29509,1.29154,1.29461,3072
1655870400,1.29462,1.29748,1.29397,1.29676,5869
1655884800,1.29676,1.29965,1.29635,1.29853,9361
1655899200,1.29858,1.29908,1.29587,1.29587,8932
1655913600,1.29588,1.29687,1.29175,1.29436,14048
1655928000,1.2943500000000001,1.29487,1.29122,1.29478,6715
1655942400,1.29457,1.29646,1.29437,1.29448,3856
1655956800,1.29448,1.2984499999999999,1.29364,1.29583,8089
1655971200,1.29583,1.2987199999999999,1.29473,1.29782,9347
1655985600,1.29782,1.2983500000000001,1.29543,1.29585,8577
1656000000,1.29589,1.30074,1.29409,1.30044,14637
1656014400,1.30043,1.30175,1.29821,1.29947,7528
1656028800,1.29889,1.30022,1.29801,1.29895,3102
1656043200,1.29895,1.29944,1.29798,1.29812,5643
1656057600,1.29816,1.29932,1.29672,1.29683,7420
1656072000,1.29685,1.29839,1.29588,1.29709,6395
1656086400,1.2971,1.29786,1.29004,1.2917399999999999,12276
1656100800,1.29173,1.29348,1.28907,1.28938,5608
1656288000,1.28913,1.29165,1.28847,1.2913299999999999,3454
1656302400,1.2913299999999999,1.2913299999999999,1.2870300000000001,1.28709,5818
1656316800,1.28709,1.28913,1.28644,1.2871000000000001,7531
1656331200,1.28708,1.29144,1.28704,1.29019,6806
1656345600,1.29017,1.29154,1.28704,1.28709,11539
1656360000,1.28709,1.28885,1.28686,1.28744,7163
1656374400,1.28744,1.28787,1.28582,1.2864200000000001,2445
1656388800,1.28641,1.2877399999999999,1.28553,1.28619,6051
1656403200,1.2861500000000001,1.28637,1.28193,1.28236,7655
1656417600,1.28234,1.2852700000000001,1.28212,1.28436,7058
1656432000,1.28437,1.28946,1.2836,1.2863,11799
1656446400,1.2863,1.2881,1.28502,1.2873700000000001,7186
1656460800,1.28736,1.28778,1.28628,1.28748,3046
1656475200,1.28746,1.28779,1.286,1.28675,6639
1656489600,1.2867199999999999,1.28867,1.2858399999999999,1.28728,8230
1656504000,1.28728,1.28906,1.28441,1.2858,7779
1656518400,1.2858,1.28998,1.28488,1.28863,13788
1656532800,1.28863,1.29001,1.2875,1.28949,6345
1656547200,1.28899,1.2898,1.28833,1.28928,3453
1656561600,1.28928,1.2907600000000001,1.2878,1.2889,5607
1656576000,1.28898,1.2919,1.2889300000000001,1.29141,8369
1656590400,1.29141,1.29335,1.28958,1.29046,8267
1656604800,1.2904900000000001,1.29258,1.2864,1.28711,15067
1656619200,1.28711,1.28874,1.2861,1.2875,11679
1656633600,1.28735,1.28846,1.28666,1.28778,4110
1656648000,1.28779,1.29239,1.28729,1.29231,9402
1656662400,1.29231,1.2938100000000001,1.29104,1.29139,12786
1656676800,1.29139,1.29568,1.29064,1.29515,11783
1656691200,1.29515,1.2966199999999999,1.29052,1.29162,20055
1656705600,1.29163,1.2920099999999999,1.2883200000000001,1.2884,7849
1656892800,1.28776,1.28936,1.28736,1.28834,3627
1656907200,1.28834,1.29025,1.2883,1.28932,7897
1656921600,1.28929,1.28938,1.28616,1.28657,8713
1656936000,1.28658,1.28738,1.28369,1.28578,7659
1656950400,1.28578,1.28944,1.28567,1.28686,8095
1656964800,1.28686,1.28695,1.28521,1.2859099999999999,1772
1656979200,1.28577,1.28616,1.28461,1.28504,4761
1656993600,1.28504,1.28686,1.28458,1.28515,9365
1657008000,1.2852299999999999,1.29237,1.2843200000000001,1.29231,13026
1657022400,1.29229,1.2999100000000001,1.2913000000000001,1.29942,14713
1657036800,1.29943,1.30834,1.29943,1.3072599999999999,21884
1657051200,1.3072599999999999,1.3075,1.3024,1.30315,12458
1657065600,1.30267,1.30375,1.30158,1.30237,4732
1657080000,1.30236,1.30477,1.3014299999999999,1.30416,10585
1657094400,1.30416,1.30644,1.3011599999999999,1.30349,15852
1657108800,1.30349,1.30515,1.30173,1.30258,14881
1657123200,1.3026200000000001,1.30779,1.30142,1.30646,23377
1657137600,1.30647,1.30677,1.30232,1.30378,13903
1657152000,1.30355,1.30502,1.30284,1.3036699999999999,4527
1657166400,1.30366,1.30556,1.30118,1.30151,10188
1657180800,1.3014999999999999,1.30266,1.29917,1.3011300000000001,12525
1657195200,1.3011599999999999,1.3019,1.29796,1.30039,11791
1657209600,1.30039,1.3020399999999999,1.29629,1.29844,15436
1657224000,1.29848,1.29926,1.29675,1.2968600000000001,6933
1657238400,1.2968,1.2975400000000001,1.29539,1.29539,4246
1657252800,1.29539,1.30172,1.29535,1.29975,9510
1657267200,1.29974,1.3024200000000001,1.29911,1.30166,11400
1657281600,1.30167,1.30349,1.29792,1.30124,13503
1657296000,1.30124,1.30124,1.2936,1.29696,20468
1657310400,1.29694,1.29773,1.29369,1.2937400000000001,8211
1657497600,1.29454,1.29602,1.29412,1.29524,4224
1657512000,1.29524,1.2980800000000001,1.29519,1.29728,8304
1657526400,1.29729,1.30029,1.2971599999999999,1.29907,10781
1657540800,1.2991,1.3026499999999999,1.29825,1.3021,10555
1657555200,1.3021,1.3051599999999999,1.2977400000000001,1.29912,19195
1657569600,1.29909,1.30112,1.29751,1.3004,8498
1657584000,1.30032,1.30132,1.29912,1.30105,3898
1657598400,1.30104,1.3033299999999999,1.30104,1.30232,11524
1657612800,1.30232,1.30487,1.30187,1.3036400000000001,14542
1657627200,1.3036400000000001,1.30506,1.30179,1.30339,13630
1657641600,1.30341,1.3045200000000001,1.2991,1.29948,20070
1657656000,1.29949,1.3032599999999999,1.29841,1.30234,8786
1657670400,1.30213,1.30348,1.29989,1.30301,4265
1657684800,1.30301,1.30301,1.30008,1.30124,9053
1657699200,1.3012299999999999,1.3030300000000001,1.30034,1.30127,12842
1657713600,1.30126,1.30603,1.29762,1.30232,12473
1657728000,1.30239,1.30401,1.29363,1.29485,27903
1657742400,1.29485,1.29806,1.29428,1.29782,10320
1657756800,1.2971300000000001,1.30061,1.29684,1.30014,5325
1657771200,1.30014,1.30044,1.2971,1.29802,9255
1657785600,1.29801,1.30626,1.29759,1.30591,15522
1657800000,1.30595,1.3167900000000001,1.30561,1.31659,17597
1657814400,1.31661,1.32233,1.30905,1.31335,27882
1657828800,1.31332,1.31396,1.30996,1.31119,12922
1657843200,1.3115299999999999,1.31294,1.31059,1.31213,4517
1657857600,1.31215,1.31259,1.30935,1.311,9412
1657872000,1.311,1.31353,1.3106200000000001,1.31113,13061
1657886400,1.31115,1.31139,1.3045200000000001,1.30505,14053
1657900800,1.30504,1.30741,1.30134,1.30343,21449
1657915200,1.30342,1.30406,1.3018100000000001,1.3027199999999999,6111
1658102400,1.3017400000000001,1.30248,1.30053,1.30162,3894
1658116800,1.3016,1.3017400000000001,1.29865,1.29988,7877
1658131200,1.29988,1.30016,1.2969300000000001,1.29841,12163
1658145600,1.2984200000000001,1.29901,1.29527,1.29544,11479
1658160000,1.29548,1.29614,1.28982,1.29458,16874
1658174400,1.29457,1.2983,1.29341,1.2981500000000001,10844
1658188800,1.29728,1.2989600000000001,1.29694,1.29865,4114
1658203200,1.29865,1.29865,1.2965,1.29728,9515
1658217600,1.29726,1.29741,1.2934700000000001,1.29532,15860
1658232000,1.2953000000000001,1.29599,1.2929300000000001,1.29432,13149
1658246400,1.29436,1.2949,1.28759,1.28848,19560
1658260800,1.28847,1.2897,1.28675,1.2869,8755
1658275200,1.2871299999999999,1.28757,1.2860800000000001,1.28636,3608
1658289600,1.28636,1.28717,1.2855699999999999,1.28636,6163
1658304000,1.28635,1.28821,1.28616,1.28678,12837
1658318400,1.28678,1.29068,1.28546,1.28853,14061
1658332800,1.28854,1.28999,1.2867600000000001,1.28778,19126
1658347200,1.2878,1.29065,1.2873299999999999,1.28851,11770
1658361600,1.28811,1.2897,1.28757,1.28803,3398
1658376000,1.28805,1.28884,1.2862,1.2862,8833
1658390400,1.2862,1.29156,1.28597,1.29066,13702
1658404800,1.29066,1.29309,1.28879,1.28961,15432
1658419200,1.28961,1.29368,1.28784,1.28796,24158
1658433600,1.28796,1.28945,1.28656,1.28658,9040
1658448000,1.28658,1.28861,1.2865,1.28785,3302
1658462400,1.28785,1.28973,1.28748,1.28963,6161
1658476800,1.28962,1.28966,1.28683,1.28747,12485
1658491200,1.28747,1.28748,1.2852700000000001,1.2864,11187
1658505600,1.2864,1.28821,1.2822200000000001,1.28762,20708
1658520000,1.28761,1.29277,1.28756,1.29144,10334
1658707200,1.29172,1.29446,1.2912,1.2943500000000001,4089
1658721600,1.29439,1.29465,1.2923499999999999,1.2928600000000001,7831
1658736000,1.29291,1.2943500000000001,1.28887,1.28955,11318
1658750400,1.28952,1.28972,1.28484,1.28544,10813
1658764800,1.28544,1.2877399999999999,1.28422,1.2854999999999999,17225
1658779200,1.2854999999999999,1.28556,1.2834699999999999,1.28464,7115
1658793600,1.28406,1.28543,1.28406,1.28506,3120
1658808000,1.28506,1.28521,1.28247,1.28392,5500
1658822400,1.28392,1.284,1.28163,1.28307,8986
1658836800,1.2831000000000001,1.28885,1.28298,1.28699,11668
1658851200,1.28699,1.2898100000000001,1.2858800000000001,1.2882500000000001,17442
1658865600,1.2882500000000001,1.29009,1.2873700000000001,1.28863,7669
1658880000,1.28863,1.28884,1.28623,1.28659,4005
1658894400,1.28663,1.28756,1.28592,1.28598,6694
1658908800,1.28599,1.28668,1.28506,1.28545,8620
1658923200,1.28546,1.2866900000000001,1.2846899999999999,1.2866,9419
1658937600,1.2866,1.28995,1.28627,1.28911,14727
1658952000,1.28911,1.2911299999999999,1.28081,1.2821,17268
1658966400,1.28232,1.28341,1.28125,1.2830300000000001,3064
1658980800,1.28302,1.28365,1.28187,1.28292,7353
1658995200,1.28291,1.28311,1.2795,1.2799800000000001,11278
1659009600,1.2800099999999999,1.2835,1.27972,1.28238,13984
1659024000,1.2824,1.28695,1.28126,1.28391,19355
1659038400,1.28392,1.28433,1.28036,1.28038,7577
1659052800,1.28049,1.2812299999999999,1.28018,1.28054,4322
1659067200,1.28054,1.28159,1.27956,1.28072,7455
1659081600,1.28073,1.2819,1.2788300000000001,1.28164,12590
1659096000,1.28164,1.28548,1.28139,1.2842,12693
1659110400,1.28417,1.28543,1.27989,1.28116,20304
1659124800,1.28117,1.28305,1.27902,1.27979,6915
1659312000,1.28074,1.28209,1.2797399999999999,1.28065,4258
1659326400,1.28065,1.2812000000000001,1.27943,1.28078,6390
1659340800,1.28078,1.28107,1.27797,1.2784900000000001,9345
1659355200,1.2784900000000001,1.27872,1.27671,1.27851,9615
1659369600,1.27851,1.28384,1.27844,1.28217,17831
1659384000,1.2821799999999999,1.28558,1.2821799999999999,1.28381,9504
1659398400,1.28395,1.28559,1.28354,1.28444,4986
1659412800,1.28448,1.28633,1.28414,1.2858399999999999,9612
1659427200,1.28582,1.2878,1.28534,1.286,13535
1659441600,1.28603,1.28756,1.2846600000000001,1.28616,11021
1659456000,1.28614,1.28871,1.28346,1.28355,23100
1659470400,1.28359,1.28819,1.28336,1.28782,12725
1659484800,1.28741,1.28914,1.28714,1.28851,5167
1659499200,1.28851,1.28851,1.28543,1.28572,8047
1659513600,1.28572,1.28717,1.285,1.28589,10346
1659528000,1.2858800000000001,1.28644,1.28322,1.28366,9754
1659542400,1.28372,1.28846,1.28343,1.2855400000000001,19785
1659556800,1.28553,1.2858,1.28345,1.28391,7634
1659571200,1.28382,1.28555,1.28378,1.2841,3233
1659585600,1.28411,1.28508,1.28336,1.28422,5425
1659600000,1.28422,1.28546,1.28366,1.2849,9512
1659614400,1.28491,1.28522,1.28179,1.28379,11761
1659628800,1.28382,1.28759,1.28382,1.28694,18209
1659643200,1.28695,1.28724,1.2842799999999999,1.28639,7765
1659657600,1.28596,1.2873700000000001,1.28576,1.28714,3131
1659672000,1.28714,1.28787,1.2867,1.28681,5961
1659686400,1.28681,1.28872,1.28636,1.28821,7515
1659700800,1.28821,1.29633,1.28789,1.29603,10589
1659715200,1.29606,1.29847,1.2922,1.29265,20177
1659729600,1.29267,1.29404,1.29181,1.29331,5648
1659916800,1.29319,1.29501,1.29298,1.29452,3491
1659931200,1.29453,1.29481,1.29279,1.29288,4959
1659945600,1.2928899999999999,1.2931,1.28883,1.29087,7778
1659960000,1.29087,1.29135,1.28506,1.28524,6735
1659974400,1.28528,1.28673,1.28386,1.28504,11685
1659988800,1.28504,1.28686,1.28461,1.28553,8748
1660003200,1.28513,1.2866,1.28508,1.28605,2916
1660017600,1.28601,1.28742,1.28481,1.2854700000000001,4561
1660032000,1.28549,1.28726,1.28515,1.28517,6988
1660046400,1.28517,1.28665,1.28433,1.28635,8404
1660060800,1.28639,1.29001,1.28568,1.28951,15662
1660075200,1.28949,1.2898800000000001,1.28792,1.2885900000000001,6749
1660089600,1.28877,1.28952,1.28787,1.2892299999999999,2573
1660104000,1.28924,1.28933,1.2883200000000001,1.2886199999999999,3728
1660118400,1.28863,1.28952,1.2865,1.2866900000000001,6430
1660132800,1.28664,1.28926,1.2818100000000001,1.28332,10277
1660147200,1.28331,1.2842500000000001,1.2751000000000001,1.27637,17900
1660161600,1.2763499999999999,1.27863,1.27588,1.27762,6652
1660176000,1.27705,1.27821,1.27705,1.27775,2847
1660190400,1.27778,1.27899,1.27772,1.27896,4385
1660204800,1.27896,1.27916,1.2757,1.27588,8338
1660219200,1.27588,1.27763,1.27567,1.2759800000000001,9949
1660233600,1.27603,1.27704,1.27276,1.27377,16340
1660248000,1.27377,1.2776,1.27333,1.27604,8939
1660262400,1.27618,1.2772000000000001,1.27584,1.2766600000000001,2951
1660276800,1.27665,1.27687,1.27482,1.27536,4333
1660291200,1.2753700000000001,1.27558,1.2739099999999999,1.27556,7829
1660305600,1.27557,1.27896,1.2751299999999999,1.27826,9488
1660320000,1.27824,1.28026,1.27768,1.27808,15811
1660334400,1.27808,1.27823,1.2768,1.27725,4950
1660521600,1.27695,1.2781500000000001,1.27683,1.27745,2704
1660536000,1.27745,1.27964,1.27721,1.27961,4481
1660550400,1.2796,1.2870300000000001,1.27928,1.28702,7588
1660564800,1.28702,1.29338,1.28699,1.2921,11296
1660579200,1.29207,1.29335,1.28871,1.28955,10998
1660593600,1.2895400000000001,1.29146,1.28877,1.29035,4843
1660608000,1.2904900000000001,1.29215,1.28962,1.29187,2708
1660622400,1.29187,1.29187,1.2892299999999999,1.28938,5243
1660636800,1.28935,1.2928600000000001,1.28884,1.29029,8865
1660651200,1.29028,1.292,1.28806,1.28873,9950
1660665600,1.28873,1.28934,1.28545,1.28626,13362
1660680000,1.28626,1.28651,1.28309,1.2845,7064
1660694400,1.28403,1.28509,1.28377,1.28464,2877
1660708800,1.28464,1.2859,1.28357,1.28383,5890
1660723200,1.28383,1.28827,1.28273,1.28769,9114
1660737600,1.2876699999999999,1.29184,1.28694,1.2912,10800
1660752000,1.29126,1.29364,1.28993,1.29169,15679
1660766400,1.29166,1.29185,1.2878,1.29064,10559
1660780800,1.29083,1.2922799999999999,1.29053,1.29209,2941
1660795200,1.29211,1.29287,1.2913700000000001,1.2922500000000001,5192
1660809600,1.2923,1.29464,1.29043,1.29085,9112
1660824000,1.29085,1.29093,1.28805,1.2892299999999999,10326
1660838400,1.28921,1.29627,1.2886,1.29617,14689
1660852800,1.29617,1.29666,1.2929300000000001,1.29454,7271
1660867200,1.29441,1.2962799999999999,1.29423,1.29599,2954
1660881600,1.29599,1.29667,1.29468,1.29611,4920
1660896000,1.29613,1.2981,1.29571,1.29751,8711
1660910400,1.2974999999999999,1.30036,1.29712,1.2978,9612
1660924800,1.2978399999999999,1.3008899999999999,1.29708,1.2982,12223
1660939200,1.29819,1.29989,1.29803,1.2993000000000001,5520
1661126400,1.29862,1.30051,1.29857,1.3002799999999999,2881
1661140800,1.3003,1.30035,1.29855,1.29895,5218
1661155200,1.29898,1.30189,1.2988,1.29951,8983
1661169600,1.29951,1.30027,1.29712,1.29925,9255
1661184000,1.29925,1.3048600000000001,1.29925,1.3045499999999999,13357
1661198400,1.30454,1.30606,1.30422,1.30542,6133
1661212800,1.30529,1.30549,1.30365,1.3050899999999999,3435
1661227200,1.30512,1.3051300000000001,1.30246,1.30347,4615
1661241600,1.30349,1.30631,1.30057,1.30172,10312
1661256000,1.30172,1.30352,1.30126,1.30256,8978
1661270400,1.30257,1.30305,1.29334,1.2947899999999999,17997
1661284800,1.29478,1.29675,1.29456,1.29539,7415
1661299200,1.29532,1.29724,1.29524,1.29709,2630
1661313600,1.29708,1.29861,1.29638,1.29733,5112
1661328000,1.2973,1.29847,1.29604,1.2962799999999999,8332
1661342400,1.29629,1.30128,1.29563,1.30077,10590
1661356800,1.30074,1.3018399999999999,1.29588,1.29806,15898
1661371200,1.29804,1.2983500000000001,1.29607,1.2968199999999999,5761
1661385600,1.29666,1.29757,1.2955,1.29583,2697
1661400000,1.29584,1.2962500000000001,1.29353,1.29389,4792
1661414400,1.29389,1.29485,1.28999,1.29005,9356
1661428800,1.29006,1.29474,1.28949,1.29358,9334
1661443200,1.29364,1.29568,1.29115,1.29422,14034
1661457600,1.2941799999999999,1.2944499999999999,1.29236,1.29253,5848
1661472000,1.2925499999999999,1.29552,1.29199,1.29527,2546
1661486400,1.29526,1.2955999999999999,1.2943799999999999,1.29555,3966
1661500800,1.29556,1.2959,1.29439,1.29502,6458
1661515200,1.29502,1.29531,1.29148,1.29154,8547
1661529600,1.29154,1.30277,1.29039,1.30203,20772
1661544000,1.30206,1.303,1.30156,1.30281,4331
1661731200,1.30298,1.30684,1.3029600000000001,1.30625,5049
1661745600,1.30624,1.30732,1.3051,1.30705,5659
1661760000,1.30704,1.30758,1.30591,1.30754,8849
1661774400,1.30755,1.30755,1.30103,1.30218,9196
1661788800,1.30218,1.3029600000000001,1.29904,1.29966,13274
1661803200,1.29966,1.30124,1.29923,1.3011300000000001,6837
1661817600,1.30035,1.30151,1.30008,1.30061,2520
1661832000,1.30063,1.30252,1.2996699999999999,1.3008,5793
1661846400,1.3008,1.30142,1.29718,1.29752,9391
1661860800,1.29753,1.30197,1.29719,1.30196,9254
1661875200,1.30196,1.31073,1.30109,1.31007,19962
1661889600,1.3100800000000001,1.31081,1.30887,1.30923,8983
1661904000,1.3091300000000001,1.30945,1.30815,1.30885,2889
1661918400,1.3088600000000001,1.30966,1.3067199999999999,1.30702,5247
1661932800,1.30702,1.31084,1.3063,1.31067,9651
1661947200,1.3107,1.31315,1.3097699999999999,1.31118,11841
1661961600,1.31119,1.31406,1.3072599999999999,1.3094299999999999,19284
1661976000,1.30944,1.31379,1.30936,1.31356,9992
1661990400,1.3132,1.31668,1.31202,1.31599,3969
1662004800,1.31598,1.3171300000000001,1.31498,1.31647,5816
1662019200,1.3164799999999999,1.31944,1.31524,1.31924,10337
1662033600,1.31924,1.31924,1.31514,1.3158699999999999,10335
1662048000,1.31582,1.32078,1.31534,1.31691,18559
1662062400,1.31691,1.31707,1.31405,1.31541,9870
1662076800,1.31577,1.31593,1.314,1.31478,2830
1662091200,1.31478,1.31633,1.31453,1.31539,4431
1662105600,1.3154,1.31697,1.31336,1.3139,7548
1662120000,1.3139,1.31567,1.31128,1.31277,10664
1662134400,1.3127900000000001,1.31393,1.30745,1.31303,20367
1662148800,1.31304,1.31484,1.3119,1.31257,9994
1662336000,1.31285,1.3153000000000001,1.31272,1.31481,4078
1662350400,1.3148,1.3162099999999999,1.31384,1.31498,7218
1662364800,1.31501,1.31735,1.31429,1.31644,8985
1662379200,1.31644,1.31654,1.31375,1.31402,8861
1662393600,1.31398,1.31456,1.31292,1.31366,6004
1662408000,1.3136700000000001,1.3147,1.31352,1.31422,895
1662422400,1.31398,1.31455,1.30962,1.3098,3620
1662436800,1.3097699999999999,1.31242,1.3096999999999999,1.31229,5811
1662451200,1.31229,1.3131300000000001,1.3101,1.31198,9342
1662465600,1.31197,1.31423,1.3112300000000001,1.31344,8799
1662480000,1.31342,1.31702,1.31137,1.3140399999999999,18704
1662494400,1.3140399999999999,1.31592,1.314,1.31504,9636
1662508800,1.31531,1.318,1.3148900000000001,1.31747,3777
1662523200,1.31748,1.31999,1.31748,1.31845,8561
1662537600,1.31842,1.32053,1.3164500000000001,1.31744,10095
1662552000,1.31744,1.31982,1.31502,1.31907,11438
1662566400,1.31909,1.32087,1.31556,1.31566,18295
1662580800,1.31566,1.31579,1.31103,1.31195,9421
1662595200,1.31199,1.3136700000000001,1.31104,1.31348,2678
1662609600,1.3134700000000001,1.31383,1.3121399999999999,1.31251,6930
1662624000,1.3125,1.31481,1.3105,1.31341,8884
1662638400,1.31342,1.3149899999999999,1.31093,1.31483,11175
1662652800,1.3148900000000001,1.31593,1.3109199999999999,1.31132,19237
1662667200,1.31129,1.31171,1.30771,1.30892,10204
1662681600,1.30876,1.30939,1.30517,1.30552,2637
1662696000,1.30556,1.30645,1.30226,1.30232,5735
1662710400,1.3023500000000001,1.30368,1.29861,1.2990599999999999,8834
1662724800,1.29905,1.30401,1.29818,1.30274,10540
1662739200,1.30281,1.3054700000000001,1.30232,1.30274,16418
1662753600,1.30274,1.30377,1.3020800000000001,1.30212,6176
1662940800,1.30406,1.3044,1.30172,1.302,2782
1662955200,1.302,1.30363,1.30115,1.30338,2944
1662969600,1.30338,1.30339,1.29779,1.29807,8695
1662984000,1.2980800000000001,1.30066,1.29801,1.29878,8845
1662998400,1.29884,1.29921,1.29638,1.29706,13123
1663012800,1.29709,1.29907,1.29636,1.29821,6263
1663027200,1.29836,1.29888,1.29748,1.29805,2474
1663041600,1.29809,1.29934,1.29792,1.29905,3648
1663056000,1.29905,1.29939,1.2969300000000001,1.29744,6692
1663070400,1.29746,1.30747,1.29536,1.30717,11114
1663084800,1.30718,1.31392,1.30617,1.31348,18756
1663099200,1.31355,1.31742,1.3122099999999999,1.31731,9459
1663113600,1.31542,1.31812,1.31542,1.3168,3788
1663128000,1.31681,1.31771,1.3157,1.3162,6144
1663142400,1.31619,1.31943,1.31478,1.31642,10205
1663156800,1.31641,1.32059,1.3152,1.31824,11333
1663171200,1.31824,1.31904,1.31387,1.31464,15726
1663185600,1.31464,1.3189899999999999,1.31415,1.31676,8878
1663200000,1.3164799999999999,1.31702,1.31532,1.31664,2646
1663214400,1.31665,1.31752,1.31541,1.317,5373
1663228800,1.317,1.31842,1.3155299999999999,1.31575,8324
1663243200,1.31573,1.3191899999999999,1.3157,1.31724,10341
1663257600,1.31724,1.3213599999999999,1.31669,1.31992,17959
1663272000,1.3199100000000001,1.32398,1.3182,1.32295,9147
1663286400,1.32269,1.32516,1.32256,1.32396,2846
1663300800,1.32396,1.32469,1.32281,1.32396,4658
1663315200,1.32396,1.32951,1.32395,1.32882,7304
1663329600,1.32881,1.3307,1.32636,1.33067,8753
1663344000,1.33067,1.33074,1.32618,1.32783,19852
1663358400,1.3278400000000001,1.32998,1.32659,1.32671,9566
1663545600,1.32613,1.32773,1.3249900000000001,1.32581,2971
1663560000,1.32589,1.32907,1.32557,1.32796,4563
1663574400,1.32796,1.33185,1.32795,1.33181,7132
1663588800,1.33183,1.33239,1.3296000000000001,1.33136,9375
1663603200,1.33136,1.33438,1.3271,1.32774,17310
1663617600,1.32773,1.32857,1.32452,1.3250899999999999,8945
1663632000,1.3249,1.32532,1.32271,1.32501,3314
1663646400,1.32501,1.32622,1.32444,1.3254000000000001,4090
1663660800,1.32541,1.32887,1.3239,1.3284,8157
1663675200,1.3284,1.33243,1.3274,1.33203,9568
1663689600,1.33209,1.33537,1.3312,1.33434,14333
1663704000,1.33437,1.3375,1.33422,1.33667,8190
1663718400,1.33616,1.33716,1.33574,1.33684,3459
1663732800,1.33682,1.33762,1.3362,1.33756,6682
1663747200,1.33752,1.33938,1.33588,1.3386,12443
1663761600,1.3386,1.33934,1.33596,1.3385,9384
1663776000,1.3384800000000001,1.34091,1.3373300000000001,1.33987,14301
1663790400,1.33987,1.34671,1.33575,1.3465799999999999,17374
1663804800,1.34626,1.35144,1.34543,1.3513,4407
1663819200,1.35129,1.35325,1.34973,1.35015,8439
1663833600,1.35015,1.3544100000000001,1.34146,1.34427,13586
1663848000,1.34427,1.34875,1.34089,1.34256,14879
1663862400,1.34261,1.35128,1.3425099999999999,1.34849,20026
1663876800,1.3485,1.35,1.34592,1.3488,9117
1663891200,1.3486099999999999,1.34883,1.34677,1.3472,2611
1663905600,1.34723,1.34967,1.34684,1.34932,5544
1663920000,1.34931,1.3533,1.34762,1.35294,10184
1663934400,1.35294,1.35514,1.35006,1.3526,15566
1663948800,1.35263,1.35885,1.3514300000000001,1.35736,17918
1663963200,1.35735,1.3612,1.35683,1.35947,12113
1664150400,1.35992,1.3623,1.3569,1.36057,6623
1664164800,1.36051,1.36376,1.3559,1.36328,11723
1664179200,1.36333,1.36384,1.35673,1.35891,15194
1664193600,1.35888,1.36959,1.3584100000000001,1.36326,16523
1664208000,1.36325,1.3808,1.36237,1.375,21330
1664222400,1.375,1.37971,1.37218,1.3738000000000001,13749
1664236800,1.37316,1.37413,1.36866,1.36874,6031
1664251200,1.36872,1.37093,1.36795,1.36923,12824
1664265600,1.36923,1.3697,1.36396,1.3695599999999999,15278
1664280000,1.36957,1.37199,1.3670499999999999,1.3719700000000001,14378
1664294400,1.37195,1.37755,1.36728,1.37621,22815
1664308800,1.37628,1.37701,1.37073,1.37266,12609
1664323200,1.37223,1.37429,1.37145,1.37394,4545
1664337600,1.37394,1.37875,1.37343,1.3772,9757
1664352000,1.37724,1.38008,1.37581,1.37924,17089
1664366400,1.37921,1.38326,1.37086,1.37113,22487
1664380800,1.37113,1.37347,1.36206,1.36385,23539
1664395200,1.3638,1.36411,1.36026,1.3603,10674
1664409600,1.36091,1.36531,1.3604,1.36501,4749
1664424000,1.36503,1.36708,1.36345,1.36544,7464
1664438400,1.36542,1.37555,1.36532,1.37331,17617
1664452800,1.37334,1.37334,1.3657,1.37107,20496
1664467200,1.37108,1.37553,1.36558,1.3707799999999999,23179
1664481600,1.37079,1.37368,1.36841,1.36878,12602
1664496000,1.36755,1.36909,1.36659,1.36782,5632
1664510400,1.36783,1.37236,1.36757,1.37184,9637
1664524800,1.37184,1.3719000000000001,1.36582,1.36684,15806
1664539200,1.36661,1.37503,1.36657,1.3727,17682
1664553600,1.37269,1.37855,1.36874,1.37847,21422
1664568000,1.37845,1.38352,1.37777,1.38347,12314
1664755200,1.38093,1.3824100000000001,1.3778000000000001,1.37965,6670
1664769600,1.37961,1.37962,1.37363,1.37711,9453
1664784000,1.3771499999999999,1.37859,1.37304,1.37501,15736
1664798400,1.37501,1.37832,1.36933,1.37064,14872
1664812800,1.37059,1.37119,1.3634,1.36479,20617
1664827200,1.36478,1.36606,1.36204,1.36245,9601
1664841600,1.36208,1.36428,1.36204,1.36348,5653
1664856000,1.36348,1.36529,1.35968,1.36074,9839
1664870400,1.36079,1.36221,1.35679,1.3615599999999999,15232
1664884800,1.36155,1.36643,1.3611,1.3643,16189
1664899200,1.36432,1.36552,1.3522,1.35594,18452
1664913600,1.3559,1.3566099999999999,1.3503,1.3508499999999999,11042
1664928000,1.35113,1.35308,1.3504,1.35239,4401
1664942400,1.35239,1.3543,1.35086,1.35361,9246
1664956800,1.35361,1.3584399999999999,1.35033,1.35651,12591
1664971200,1.3565,1.36311,1.3562,1.36177,14412
1664985600,1.36179,1.36957,1.36045,1.3647,19600
1665000000,1.36468,1.36501,1.35904,1.36177,11154
1665014400,1.36107,1.3620999999999999,1.35798,1.35934,5140
1665028800,1.3593600000000001,1.36075,1.35644,1.35694,8824
1665043200,1.3569200000000001,1.36555,1.35671,1.3654,14753
1665057600,1.36539,1.3685100000000001,1.36394,1.3674,15155
1665072000,1.3674,1.37449,1.36725,1.37333,22097
1665086400,1.37333,1.37551,1.3728,1.3747500000000001,12155
1665100800,1.3744,1.37506,1.37381,1.3746,4565
1665115200,1.37458,1.37496,1.37243,1.37492,7067
1665129600,1.37492,1.37603,1.37154,1.37246,12577
1665144000,1.37243,1.37605,1.37035,1.37338,13824
1665158400,1.3734,1.37445,1.36756,1.37074,23213
1665172800,1.37074,1.3753600000000001,1.36996,1.37401,10713
1665360000,1.37247,1.37541,1.37187,1.3732,6509
1665374400,1.3732,1.37425,1.37161,1.37321,7997
1665388800,1.37323,1.37614,1.37265,1.37459,18618
1665403200,1.37459,1.37461,1.37027,1.37065,21435
1665417600,1.37065,1.37723,1.37032,1.3772199999999999,25835
1665432000,1.37724,1.37819,1.37418,1.37785,14958
1665446400,1.37733,1.37951,1.37705,1.37767,5766
1665460800,1.37771,1.38496,1.37687,1.38449,13712
1665475200,1.3845100000000001,1.3854899999999999,1.38159,1.38392,25660
1665489600,1.38385,1.38501,1.3759700000000001,1.37763,25489
1665504000,1.3776,1.38389,1.3714,1.3737,36123
1665518400,1.3737,1.38225,1.3725399999999999,1.37944,24874
1665532800,1.37939,1.38094,1.37808,1.37894,6846
1665547200,1.37894,1.3829799999999999,1.3783400000000001,1.38032,13484
1665561600,1.38033,1.38239,1.3774899999999999,1.37924,27388
1665576000,1.3792499999999999,1.3826800000000001,1.37599,1.38073,23249
1665590400,1.38071,1.38307,1.37694,1.38066,32364
1665604800,1.38066,1.38254,1.37743,1.38191,19950
1665619200,1.38069,1.3822999999999999,1.38002,1.38071,4234
1665633600,1.38071,1.3824100000000001,1.38045,1.38209,6376
1665648000,1.3820700000000001,1.38365,1.38041,1.38053,15854
1665662400,1.38057,1.39776,1.37772,1.39228,27664
1665676800,1.39233,1.39698,1.37328,1.37591,54924
1665691200,1.37589,1.37632,1.3706800000000001,1.3750200000000001,20810
1665705600,1.37539,1.37691,1.37429,1.37644,5777
1665720000,1.37645,1.37645,1.3709500000000001,1.37244,12449
1665734400,1.37249,1.37923,1.37036,1.37863,25187
1665748800,1.3786100000000001,1.38266,1.37374,1.37453,29811
1665763200,1.37454,1.38901,1.37414,1.3881700000000001,47603
1665777600,1.3881700000000001,1.3898,1.38713,1.388,21533
1665964800,1.38723,1.3878599999999999,1.38402,1.38548,6825
1665979200,1.3854600000000001,1.38589,1.3820999999999999,1.38339,9928
1665993600,1.38337,1.38421,1.38011,1.38272,25046
1666008000,1.3827,1.38287,1.37534,1.37573,22436
1666022400,1.37578,1.37604,1.3700700000000001,1.37119,29007
1666036800,1.37122,1.3736,1.36986,1.3714,16408
1666051200,1.37117,1.37199,1.3703,1.37164,6283
1666065600,1.37165,1.37368,1.36572,1.36706,11971
1666080000,1.3670499999999999,1.37517,1.36633,1.37517,21658
1666094400,1.37517,1.37792,1.36989,1.3705,24223
1666108800,1.37045,1.3810799999999999,1.36933,1.37805,34471
1666123200,1.3780700000000001,1.3799299999999999,1.37318,1.37353,21507
1666137600,1.37348,1.37408,1.37181,1.3727800000000001,6821
1666152000,1.37282,1.37531,1.37188,1.37488,8337
1666166400,1.37489,1.37852,1.3744100000000001,1.37669,17006
1666180800,1.37669,1.38001,1.37238,1.37633,21106
1666195200,1.37633,1.38089,1.37399,1.37926,31085
1666209600,1.37926,1.38095,1.37594,1.37639,16338
1666224000,1.37586,1.37826,1.37582,1.37731,5739
1666238400,1.37731,1.38065,1.37634,1.37731,13891
1666252800,1.37731,1.37794,1.37442,1.37645,20845
1666267200,1.37644,1.37644,1.3696,1.37273,23804
1666281600,1.37273,1.37363,1.36505,1.37229,35187
1666296000,1.37229,1.37884,1.37212,1.37675,23901
1666310400,1.37621,1.37904,1.37607,1.37799,7193
1666324800,1.37795,1.37967,1.37686,1.37808,11363
1666339200,1.37808,1.38305,1.37659,1.38221,16432
1666353600,1.38218,1.38544,1.3793,1.38029,23157
1666368000,1.38033,1.38056,1.36548,1.36662,60688
1666382400,1.36661,1.36811,1.36295,1.36459,17181
1666569600,1.36283,1.36749,1.3606099999999999,1.36691,19252
1666584000,1.36689,1.36961,1.36624,1.36792,15067
1666598400,1.36795,1.37463,1.36713,1.373,25697
1666612800,1.37299,1.37542,1.36833,1.37157,26338
1666627200,1.37155,1.37741,1.36869,1.3716,41122
1666641600,1.37158,1.37433,1.37039,1.3706,13255
1666656000,1.37042,1.37097,1.36789,1.36873,6904
1666670400,1.36878,1.3715899999999999,1.36801,1.37046,14408
1666684800,1.37047,1.37225,1.36937,1.3719000000000001,17243
1666699200,1.37187,1.3747500000000001,1.37043,1.3706,18345
1666713600,1.37064,1.37091,1.36039,1.36358,30473
1666728000,1.36357,1.3643100000000001,1.36011,1.36067,13797
1666742400,1.36076,1.3639000000000001,1.36037,1.36356,7081
1666756800,1.36358,1.3638,1.35953,1.36028,11849
1666771200,1.3602699999999999,1.36108,1.35172,1.3519700000000001,20194
1666785600,1.35196,1.35739,1.35076,1.35655,23070
1666800000,1.35655,1.36506,1.3532899999999999,1.35617,34916
1666814400,1.35619,1.35804,1.35469,1.3553,20144
1666828800,1.3556300000000001,1.35691,1.35439,1.35664,6984
1666843200,1.35664,1.358,1.3545099999999999,1.35483,12735
1666857600,1.35476,1.3593,1.35382,1.35786,20355
1666872000,1.35785,1.36264,1.3576,1.35813,27068
1666886400,1.35813,1.35971,1.34949,1.35397,40651
1666900800,1.35395,1.35793,1.35181,1.35667,19020
1666915200,1.35591,1.35694,1.35552,1.35613,6442
1666929600,1.35612,1.35623,1.35248,1.35347,14765
1666944000,1.35348,1.36163,1.3533,1.36069,17439
1666958400,1.36055,1.363,1.3582,1.3617,21124
1666972800,1.36169,1.36346,1.359,1.36221,31074
1666987200,1.3622,1.3627,1.36012,1.36054,8423
1667174400,1.36098,1.36222,1.3593899999999999,1.36155,5431
1667188800,1.3615599999999999,1.36296,1.36068,1.3615599999999999,8415
1667203200,1.36155,1.36589,1.36112,1.36467,11228
1667217600,1.36468,1.36802,1.36299,1.36758,15928
1667232000,1.3676,1.36852,1.3627,1.36438,26932
1667246400,1.36438,1.36531,1.36168,1.36202,14079
1667260800,1.36167,1.36257,1.36104,1.3615300000000001,3787
1667275200,1.36154,1.36203,1.35773,1.35836,9831
1667289600,1.3584,1.35852,1.35415,1.35551,15471
1667304000,1.3555,1.3574,1.35302,1.35443,14817
1667318400,1.35443,1.36686,1.35343,1.36533,35477
1667332800,1.36532,1.36559,1.3615599999999999,1.36333,10971
1667347200,1.36218,1.36357,1.36114,1.36169,5901
1667361600,1.3617,1.36205,1.35904,1.36045,10625
1667376000,1.36039,1.36134,1.3587500000000001,1.35917,11512
1667390400,1.35918,1.36301,1.35863,1.36017,15611
1667404800,1.36015,1.36499,1.35929,1.36354,22565
1667419200,1.36355,1.37128,1.3548200000000001,1.37128,34814
1667433600,1.37091,1.37244,1.3689200000000001,1.3707099999999999,5856
1667448000,1.3707500000000001,1.3709799999999999,1.36825,1.3689,9558
1667462400,1.3689,1.37596,1.3685,1.37555,15835
1667476800,1.37553,1.38049,1.37451,1.3795,24858
1667491200,1.37952,1.38082,1.3715899999999999,1.37307,38833
1667505600,1.37305,1.37496,1.37211,1.37462,13882
1667520000,1.373,1.37511,1.37206,1.37391,4079
1667534400,1.37391,1.37439,1.36719,1.3672900000000001,10873
1667548800,1.36724,1.36746,1.36384,1.3651499999999999,18371
1667563200,1.36513,1.36578,1.35125,1.35205,24686
1667577600,1.35209,1.35714,1.34689,1.35153,43365
1667592000,1.35153,1.3519999999999999,1.34713,1.3480699999999999,20303
1667779200,1.35293,1.35446,1.34979,1.35274,11896
1667793600,1.35271,1.35393,1.35076,1.35267,12612
1667808000,1.3526799999999999,1.35528,1.34656,1.34889,20853
1667822400,1.34891,1.34981,1.3465099999999999,1.34859,21069
1667836800,1.3485800000000001,1.35271,1.34795,1.34964,28377
1667851200,1.34964,1.35007,1.34828,1.34909,11553
1667865600,1.34933,1.35042,1.34755,1.35003,7393
1667880000,1.35005,1.3526799999999999,1.34973,1.35209,9450
1667894400,1.35214,1.3526799999999999,1.34965,1.34972,15933
1667908800,1.34972,1.35056,1.34799,1.34952,17038
1667923200,1.34951,1.35074,1.33874,1.33992,26943
1667937600,1.33992,1.3474300000000001,1.33951,1.34272,21117
1667952000,1.34264,1.34478,1.34135,1.34453,11240
1667966400,1.34453,1.34496,1.34213,1.34447,15487
1667980800,1.34447,1.34559,1.3413,1.34474,21606
1667995200,1.3446799999999999,1.34668,1.34292,1.34477,21490
1668009600,1.34475,1.34936,1.34107,1.3474300000000001,33483
1668024000,1.34741,1.35416,1.34689,1.35247,22247
1668038400,1.35282,1.35332,1.35153,1.3529499999999999,7943
1668052800,1.35296,1.35481,1.3523100000000001,1.35302,11829
1668067200,1.35301,1.35617,1.35106,1.35399,20850
1668081600,1.35396,1.35711,1.33688,1.34009,26076
1668096000,1.34009,1.34229,1.33332,1.33947,40149
1668110400,1.33948,1.3395299999999999,1.33084,1.33198,19058
1668124800,1.33198,1.33609,1.33163,1.3355299999999999,11322
1668139200,1.3355299999999999,1.33558,1.33027,1.33048,14662
1668153600,1.3305,1.3324500000000001,1.3284099999999999,1.32999,26724
1668168000,1.32999,1.33176,1.3262800000000001,1.3265500000000001,25854
1668182400,1.32654,1.33049,1.32565,1.32646,30982
1668196800,1.32645,1.3265500000000001,1.32358,1.32515,15015
1668384000,1.32757,1.33047,1.3239,1.32623,16332
1668398400,1.32617,1.32819,1.3247,1.32813,15386
1668412800,1.3281100000000001,1.32939,1.32485,1.32831,20696
1668427200,1.32836,1.33044,1.32727,1.3283800000000001,19725
1668441600,1.32836,1.33095,1.32616,1.32981,29160
1668456000,1.32981,1.33145,1.32827,1.33135,14027
1668470400,1.33113,1.3326,1.33044,1.3316,7273
1668484800,1.33161,1.3320699999999999,1.32925,1.32941,9714
1668499200,1.32943,1.32964,1.3250199999999999,1.3274599999999999,19854
1668513600,1.3274,1.33038,1.32259,1.32585,25159
1668528000,1.32583,1.3336299999999999,1.32526,1.32736,39232
1668542400,1.32733,1.3328,1.3264,1.32775,33905
1668556800,1.32761,1.33039,1.3268499999999999,1.32949,14269
1668571200,1.32947,1.33061,1.32713,1.32737,19732
1668585600,1.32738,1.32808,1.32301,1.32393,23691
1668600000,1.3239,1.3281,1.32278,1.3268900000000001,22562
1668614400,1.32687,1.33467,1.32671,1.33195,31271
1668628800,1.33195,1.3339699999999999,1.33169,1.33301,17231
1668643200,1.3324,1.3353,1.33201,1.33479,6917
1668657600,1.3348,1.33616,1.33408,1.33518,11170
1668672000,1.3351899999999999,1.3357700000000001,1.33047,1.33467,17161
1668686400,1.33467,1.3401,1.3343,1.3391600000000001,23301
1668700800,1.33921,1.33972,1.33227,1.33304,24238
1668715200,1.33305,1.33392,1.3321100000000001,1.33249,13181
1668729600,1.33253,1.33301,1.3306,1.33142,6113
1668744000,1.33142,1.33259,1.3300100000000001,1.33167,11192
1668758400,1.33167,1.33476,1.33109,1.3338999999999999,17190
1668772800,1.3338999999999999,1.33636,1.33162,1.33633,17721
1668787200,1.33633,1.34089,1.33619,1.34042,22733
1668801600,1.34042,1.34069,1.33784,1.339,9549
1668988800,1.3368,1.34172,1.3368,1.34078,6951
1669003200,1.34079,1.34238,1.3404099999999999,1.3412,9632
1669017600,1.34121,1.34418,1.34067,1.34387,17378
1669032000,1.34386,1.3443399999999999,1.34171,1.34301,15628
1669046400,1.34301,1.3495,1.34168,1.34503,23801
1669060800,1.34504,1.34559,1.3431,1.3452600000000001,12641
1669075200,1.3449499999999999,1.34541,1.342,1.34283,7501
1669089600,1.34284,1.34378,1.34242,1.34322,9364
1669104000,1.34323,1.3443800000000001,1.33942,1.34035,17689
1669118400,1.34035,1.341,1.3385099999999999,1.3406,14759
1669132800,1.34062,1.34184,1.3382800000000001,1.33876,19148
1669147200,1.33881,1.33923,1.33649,1.3369,7278
1669161600,1.33715,1.33785,1.33567,1.3373,5099
1669176000,1.33731,1.33957,1.33711,1.33951,5688
1669190400,1.33948,1.33956,1.3363,1.3387,11974
1669204800,1.3387,1.34402,1.33866,1.34119,14709
1669219200,1.34121,1.34213,1.33642,1.34052,28497
1669233600,1.34051,1.34081,1.33447,1.33545,18546
1669248000,1.33529,1.33548,1.3336999999999999,1.3342100000000001,5686
1669262400,1.33418,1.33457,1.3328,1.3345500000000001,7429
1669276800,1.33456,1.33619,1.3333,1.33478,12039
1669291200,1.33478,1.33585,1.33364,1.33467,13026
1669305600,1.33468,1.33513,1.33164,1.33372,10064
1669320000,1.33372,1.33427,1.33334,1.33369,2098
1669334400,1.33369,1.33494,1.33334,1.33401,5124
1669348800,1.33402,1.3341,1.3317,1.3325,6965
1669363200,1.3325,1.33698,1.3324799999999999,1.33635,12961
1669377600,1.3363800000000001,1.33857,1.33372,1.33847,12150
1669392000,1.33847,1.33984,1.33633,1.33811,15584
1669406400,1.33812,1.33878,1.3368,1.3376000000000001,8464
1669593600,1.33924,1.34734,1.3389,1.34646,8988
1669608000,1.34644,1.34687,1.34345,1.34576,11517
1669622400,1.34575,1.34593,1.34271,1.3444099999999999,17799
1669636800,1.3444099999999999,1.34535,1.34131,1.3444,16856
1669651200,1.34439,1.34676,1.3421699999999999,1.34452,25561
1669665600,1.34451,1.3504800000000001,1.34415,1.34938,12027
1669680000,1.3479,1.34964,1.34601,1.34611,8186
1669694400,1.3461,1.34662,1.34237,1.34311,9981
1669708800,1.3430900000000001,1.34626,1.34083,1.34543,20443
1669723200,1.34542,1.3557000000000001,1.34381,1.35504,21229
1669737600,1.3550499999999999,1.36456,1.35367,1.35962,30326
1669752000,1.35964,1.3604,1.35689,1.358,12922
1669766400,1.35768,1.35935,1.35712,1.35803,7948
1669780800,1.35805,1.35861,1.35622,1.35757,7942
1669795200,1.35754,1.3577,1.35284,1.35305,14860
1669809600,1.35302,1.35486,1.34962,1.35222,17019
1669824000,1.35222,1.35781,1.34889,1.35341,28616
1669838400,1.35341,1.3566500000000001,1.34256,1.34318,29925
1669852800,1.34198,1.34277,1.3402,1.34165,12238
1669867200,1.34165,1.3427,1.33949,1.33983,11882
1669881600,1.33983,1.34359,1.3395000000000001,1.3424,18579
1669896000,1.34241,1.34508,1.3406,1.34317,18784
1669910400,1.3431899999999999,1.34666,1.3407,1.34151,33338
1669924800,1.3415300000000001,1.34708,1.34053,1.34292,15668
1669939200,1.34287,1.3452600000000001,1.34204,1.3445,6837
1669953600,1.34449,1.34519,1.34308,1.34383,8969
1669968000,1.34382,1.34532,1.34204,1.34341,16634
1669982400,1.3434,1.35212,1.3422100000000001,1.34795,20482
1669996800,1.34792,1.34894,1.34426,1.34735,30684
1670011200,1.34734,1.34944,1.34539,1.34634,11076
1670198400,1.34633,1.34737,1.34067,1.34096,8717
1670212800,1.34096,1.34175,1.3385,1.34047,7053
1670227200,1.34046,1.34475,1.34045,1.34181,15515
1670241600,1.34183,1.34392,1.3394300000000001,1.3423,17049
1670256000,1.34231,1.35852,1.3422,1.35774,29922
1670270400,1.35773,1.3605,1.35683,1.35877,13007
1670284800,1.35889,1.3594,1.35705,1.35818,7285
1670299200,1.35818,1.35999,1.35707,1.35849,9666
1670313600,1.35849,1.36195,1.3580999999999999,1.3608,16901
1670328000,1.36083,1.36416,1.36029,1.36259,13859
1670342400,1.36256,1.36727,1.36135,1.36559,24738
1670356800,1.3656,1.36756,1.36469,1.36494,11526
1670371200,1.3654600000000001,1.36586,1.36408,1.36428,6529
1670385600,1.36429,1.36559,1.36311,1.36499,9454
1670400000,1.36496,1.36999,1.36478,1.36895,17107
1670414400,1.36894,1.36988,1.36337,1.36405,18501
1670428800,1.36405,1.36584,1.3587799999999999,1.36326,33517
1670443200,1.36328,1.36613,1.36201,1.36532,12409
1670457600,1.36412,1.3688799999999999,1.36378,1.3675899999999999,7612
1670472000,1.3675899999999999,1.3688799999999999,1.36699,1.36746,6937
1670486400,1.36749,1.36863,1.36466,1.36746,13204
1670500800,1.36745,1.3675,1.3572,1.35793,15215
1670515200,1.35794,1.3606099999999999,1.3561,1.35731,25321
1670529600,1.3573,1.35951,1.35621,1.35928,13362
1670544000,1.3592,1.36062,1.3568799999999999,1.3573,6460
1670558400,1.3572600000000001,1.35942,1.35706,1.35918,10265
1670572800,1.3592,1.36419,1.3584,1.3637299999999999,12815
1670587200,1.3637000000000001,1.36911,1.3603399999999999,1.3646099999999999,16868
1670601600,1.36459,1.3660999999999999,1.36015,1.36233,27529
1670616000,1.36234,1.36506,1.36176,1.36471,9432
1670803200,1.3632,1.36747,1.36265,1.36682,7021
1670817600,1.36686,1.36742,1.36514,1.36528,6131
1670832000,1.36532,1.36685,1.3636,1.36605,11826
1670846400,1.36605,1.3677000000000001,1.36502,1.36691,10228
1670860800,1.3669,1.36829,1.36316,1.36535,19422
1670875200,1.36533,1.36643,1.36182,1.36333,12440
1670889600,1.3633899999999999,1.36369,1.36232,1.363,6508
1670904000,1.36301,1.36437,1.36124,1.36188,9354
1670918400,1.36188,1.36259,1.36029,1.36228,12525
1670932800,1.36225,1.3632900000000001,1.35216,1.35418,21599
1670947200,1.35418,1.35651,1.35228,1.35455,40836
1670961600,1.35453,1.3563,1.35228,1.35439,18950
1670976000,1.3543,1.35698,1.35366,1.35596,7396
1670990400,1.35595,1.35739,1.35595,1.35682,6015
1671004800,1.35683,1.3568799999999999,1.35314,1.35378,17726
1671019200,1.35374,1.35793,1.353,1.35709,14313
1671033600,1.35712,1.35845,1.35504,1.35569,21457
1671048000,1.35568,1.36123,1.35181,1.35442,40555
1671062400,1.35425,1.3571,1.3535300000000001,1.35651,5928
1671076800,1.35651,1.35737,1.35545,1.35596,6460
1671091200,1.3559700000000001,1.35896,1.35548,1.35739,15318
1671105600,1.35739,1.36321,1.35654,1.3625099999999999,17380
1671120000,1.36258,1.36652,1.35894,1.3664,33796
1671134400,1.36635,1.3674,1.36459,1.36648,17361
1671148800,1.36569,1.36623,1.36347,1.36383,9459
1671163200,1.36385,1.36414,1.36174,1.36298,11553
1671177600,1.36298,1.36724,1.36182,1.36703,15225
1671192000,1.36704,1.36876,1.36417,1.36747,16462
1671206400,1.36745,1.3705,1.36518,1.3703699999999999,28546
1671220800,1.3703699999999999,1.37048,1.36811,1.3695300000000001,14118
1671408000,1.36788,1.36901,1.36448,1.36506,9682
1671422400,1.36507,1.36789,1.3645399999999999,1.36753,8860
1671436800,1.36753,1.3675899999999999,1.36294,1.36462,14937
1671451200,1.36462,1.36633,1.36353,1.36548,12444
1671465600,1.36547,1.3694600000000001,1.3623,1.36322,22894
1671480000,1.36322,1.36696,1.36283,1.36507,12819
1671494400,1.36448,1.36568,1.36321,1.36343,6928
1671508800,1.36343,1.37042,1.36147,1.3685100000000001,24270
1671523200,1.3685100000000001,1.36943,1.36131,1.36147,25016
1671537600,1.3614899999999999,1.36398,1.36049,1.3632900000000001,18809
1671552000,1.36331,1.36584,1.35798,1.36266,30094
1671566400,1.36266,1.36307,1.36047,1.36087,11427
1671580800,1.3602,1.36121,1.3589,1.36046,9730
1671595200,1.36045,1.3620999999999999,1.3593600000000001,1.36041,10506
1671609600,1.3604,1.36256,1.3601,1.3618700000000001,18345
1671624000,1.36189,1.36378,1.3594,1.36032,18106
1671638400,1.36032,1.3637299999999999,1.35946,1.36072,22983
1671652800,1.3607,1.3620999999999999,1.35892,1.36107,11914
1671667200,1.36051,1.36197,1.35957,1.35976,7823
1671681600,1.35974,1.36007,1.3581400000000001,1.35897,8475
1671696000,1.35898,1.3594300000000001,1.35707,1.35879,10847
1671710400,1.35879,1.36392,1.35879,1.36356,16558
1671724800,1.36356,1.36757,1.3622,1.36748,24364
1671739200,1.3675,1.36845,1.3637000000000001,1.36475,15263
1671753600,1.36558,1.36584,1.36349,1.3636,7725
1671768000,1.36355,1.36374,1.3624,1.3635,7440
1671782400,1.3635,1.36355,1.3603100000000001,1.36054,11960
1671796800,1.36054,1.36125,1.3575,1.3597000000000001,13435
1671811200,1.35971,1.3647,1.35626,1.3584100000000001,27317
1671825600,1.3584,1.36103,1.35771,1.35919,11807
1672099200,1.35786,1.35796,1.35484,1.35492,6723
1672113600,1.35492,1.3568500000000001,1.3547799999999999,1.35513,6453
1672128000,1.35513,1.35541,1.35272,1.35278,8382
1672142400,1.35278,1.35473,1.35061,1.35212,9240
1672156800,1.35212,1.35254,1.3484,1.34964,17794
1672171200,1.34964,1.35393,1.34935,1.35226,9491
1672185600,1.35073,1.35397,1.35029,1.35304,7971
1672200000,1.35303,1.35371,1.3524,1.35307,7856
1672214400,1.35306,1.354,1.35099,1.35374,12332
1672228800,1.3537,1.35392,1.34853,1.35121,11804
1672243200,1.3512,1.35993,1.3493,1.35728,22771
1672257600,1.35727,1.3611900000000001,1.3562699999999999,1.3606,13540
1672272000,1.3602,1.36044,1.3588,1.35969,6349
1672286400,1.35969,1.3597299999999999,1.35779,1.35853,6855
1672300800,1.3585,1.3608500000000001,1.35822,1.35866,9553
1672315200,1.35868,1.36042,1.35701,1.3572,11885
1672329600,1.3571900000000001,1.35835,1.35397,1.35468,20015
1672344000,1.35469,1.35621,1.35379,1.35463,8117
1672358400,1.35513,1.35589,1.35418,1.3550200000000001,4676
1672372800,1.35501,1.35596,1.35423,1.35483,6826
1672387200,1.35483,1.35628,1.35267,1.3548,10798
1672401600,1.35484,1.35545,1.35137,1.3538999999999999,14317
1672416000,1.35391,1.35815,1.3526799999999999,1.35296,28125
1672430400,1.35293,1.35679,1.35254,1.35513,16266
1672617600,1.35514,1.35516,1.35236,1.3525800000000001,495
1672632000,1.35288,1.35571,1.35242,1.35438,511
1672646400,1.35472,1.35644,1.35332,1.35584,13569
1672660800,1.35584,1.35796,1.35559,1.35751,27220
1672675200,1.3575,1.35795,1.3562699999999999,1.35686,6359
1672689600,1.35684,1.35834,1.3563,1.35672,649
1672704000,1.35672,1.3618700000000001,1.3554599999999999,1.36102,11343
1672718400,1.3609499999999999,1.36189,1.35411,1.3562,11193
1672732800,1.35621,1.36377,1.35225,1.36135,22979
1672747200,1.36136,1.36781,1.36132,1.36679,16842
1672761600,1.36677,1.3679700000000001,1.36016,1.36665,31706
1672776000,1.36666,1.36849,1.36559,1.3667500000000001,15757
1672790400,1.36653,1.36801,1.36399,1.36414,7765
1672804800,1.36411,1.36497,1.36266,1.3646099999999999,8075
1672819200,1.3646,1.3658000000000001,1.35425,1.35562,19243
1672833600,1.35561,1.35577,1.35137,1.35138,18586
1672848000,1.3514,1.35577,1.34762,1.3487,33458
1672862400,1.34871,1.3513600000000001,1.34755,1.34765,20592
1672876800,1.34771,1.34939,1.34702,1.34867,8006
1672891200,1.3487,1.35165,1.3487,1.34968,10156
1672905600,1.34968,1.35269,1.34891,1.35049,15573
1672920000,1.3504800000000001,1.35382,1.34887,1.35348,20005
1672934400,1.35347,1.35951,1.35314,1.35793,35635
1672948800,1.35795,1.3583,1.35508,1.35698,17807
1672963200,1.35677,1.35706,1.35463,1.3553,6136
1672977600,1.35531,1.35778,1.35376,1.35718,8565
1672992000,1.3571900000000001,1.36284,1.35629,1.3615300000000001,16120
1673006400,1.3615300000000001,1.3664399999999999,1.35391,1.35403,24424
1673020800,1.35404,1.3566799999999999,1.3439999999999999,1.34432,36757
1673035200,1.34436,1.34521,1.34332,1.3443800000000001,12631
1673222400,1.3440400000000001,1.3444,1.34149,1.34164,9302
1673236800,1.34166,1.34179,1.33951,1.33992,8643
1673251200,1.33993,1.34191,1.3384,1.33917,19146
1673265600,1.33917,1.33994,1.3357,1.33761,17753
1673280000,1.3376299999999999,1.34155,1.33585,1.33685,23209
1673294400,1.33684,1.3394,1.33646,1.33887,13707
1673308800,1.33816,1.3406,1.33762,1.33783,8037
1673323200,1.33784,1.341,1.3376000000000001,1.33806,11095
1673337600,1.33803,1.34057,1.33761,1.3383,17389
1673352000,1.3383,1.34279,1.33791,1.34044,15613
1673366400,1.34043,1.34454,1.33816,1.34359,33276
1673380800,1.34359,1.34388,1.34167,1.34242,10303
1673395200,1.34244,1.34418,1.34097,1.34348,7782
1673409600,1.34349,1.34401,1.34119,1.34226,7347
1673424000,1.34227,1.3435000000000001,1.34111,1.34218,12597
1673438400,1.34215,1.34451,1.34124,1.34134,12297
1673452800,1.3413,1.3441,1.34042,1.34338,20974
1673467200,1.34336,1.34351,1.34146,1.34237,9637
1673481600,1.34113,1.34376,1.34113,1.34262,8361
1673496000,1.3426,1.3432,1.34212,1.34295,8380
1673510400,1.34295,1.34485,1.342,1.34238,12523
1673524800,1.3424,1.34588,1.33476,1.33542,23380
1673539200,1.33542,1.3443,1.33515,1.33542,42605
1673553600,1.33538,1.33701,1.3345,1.33663,17240
1673568000,1.33612,1.33917,1.33502,1.33791,9089
1673582400,1.3378999999999999,1.33959,1.33775,1.33883,6619
1673596800,1.33881,1.3390900000000001,1.33213,1.33474,14856
1673611200,1.33474,1.34311,1.3336700000000001,1.34269,20205
1673625600,1.34268,1.34394,1.33928,1.33998,28617
1673640000,1.33997,1.3409900000000001,1.33862,1.33929,8981
1673827200,1.33839,1.3400699999999999,1.33603,1.33616,9424
1673841600,1.33615,1.33717,1.33524,1.33673,8604
1673856000,1.33673,1.34181,1.33653,1.33942,14860
1673870400,1.33942,1.34028,1.33768,1.33963,10455
1673884800,1.33966,1.34006,1.33862,1.33908,9591
1673899200,1.33908,1.34158,1.3388900000000001,1.34081,2611
1673913600,1.3400699999999999,1.34114,1.33932,1.34056,6839
1673928000,1.34056,1.34218,1.33934,1.34062,8811
1673942400,1.34061,1.34284,1.33955,1.34267,14326
1673956800,1.34268,1.34369,1.33954,1.34086,18452
1673971200,1.34081,1.34081,1.33689,1.33945,27922
1673985600,1.33948,1.34024,1.33709,1.33881,10110
1674000000,1.33891,1.33969,1.33827,1.33876,5244
1674014400,1.33876,1.3409200000000001,1.33751,1.33777,15089
1674028800,1.33775,1.33823,1.33504,1.33581,21750
1674043200,1.33579,1.33939,1.33552,1.33902,19482
1674057600,1.339,1.34818,1.33648,1.34768,36890
1674072000,1.34764,1.35002,1.3472,1.3489499999999999,13669
1674086400,1.34945,1.35182,1.3481,1.35103,7059
1674100800,1.351,1.35129,1.3490199999999999,1.35007,8230
1674115200,1.35006,1.35203,1.34896,1.35134,13743
1674129600,1.35134,1.35196,1.34759,1.34765,17576
1674144000,1.34766,1.34967,1.34536,1.34666,24570
1674158400,1.34667,1.34765,1.34464,1.3465099999999999,13014
1674172800,1.34629,1.3467500000000001,1.34484,1.3453,4756
1674187200,1.3452899999999999,1.34702,1.34454,1.34599,5755
1674201600,1.34598,1.34765,1.34418,1.3468499999999999,13074
1674216000,1.3468499999999999,1.34848,1.34613,1.34742,15610
1674230400,1.3474300000000001,1.34972,1.3403399999999999,1.3406500000000001,20700
1674244800,1.3406500000000001,1.3419400000000001,1.33732,1.33805,10080
1674432000,1.33783,1.33816,1.33555,1.3367499999999999,4980
1674446400,1.3368,1.33798,1.33662,1.3378700000000001,5722
1674460800,1.33789,1.33842,1.3342,1.3351600000000001,16901
1674475200,1.33515,1.34008,1.33499,1.33959,13917
1674489600,1.3396,1.34176,1.33697,1.3376299999999999,25703
1674504000,1.33765,1.33949,1.33654,1.33671,12013
1674518400,1.33669,1.33737,1.33521,1.3354599999999999,5746
1674532800,1.33542,1.3369,1.33506,1.336,4909
1674547200,1.33601,1.33799,1.33464,1.33684,12955
1674561600,1.33684,1.3392,1.33517,1.33819,12825
1674576000,1.3382,1.34138,1.33535,1.3361,27075
1674590400,1.3361,1.33749,1.33537,1.33656,9614
1674604800,1.33602,1.33802,1.33602,1.33637,8214
1674619200,1.3363399999999999,1.33637,1.33478,1.33575,6083
1674633600,1.33576,1.33778,1.33432,1.33761,13163
1674648000,1.33765,1.33845,1.33637,1.33676,11821
1674662400,1.3367499999999999,1.34283,1.3339699999999999,1.34101,28084
1674676800,1.3410199999999999,1.3410199999999999,1.33761,1.33877,12440
1674691200,1.33867,1.34077,1.33802,1.3399,5496
1674705600,1.3399,1.34053,1.33932,1.33934,6993
1674720000,1.33937,1.34079,1.3370199999999999,1.34022,12732
1674734400,1.34022,1.34037,1.33488,1.33552,13254
1674748800,1.33552,1.33732,1.3303,1.33583,27461
1674763200,1.33583,1.33618,1.33194,1.33198,9160
1674777600,1.33212,1.33259,1.33125,1.33209,4095
1674792000,1.33205,1.33432,1.33201,1.33348,4617
1674806400,1.33346,1.33465,1.3316,1.33174,9905
1674820800,1.33174,1.33291,1.33071,1.33288,10681
1674835200,1.33288,1.3342100000000001,1.33006,1.33037,21130
1674849600,1.33041,1.3315299999999999,1.33004,1.33086,7708
1675036800,1.33106,1.33164,1.32995,1.33084,4940
1675051200,1.33087,1.33304,1.33084,1.33296,7309
1675065600,1.33297,1.33533,1.33251,1.33298,12270
1675080000,1.33296,1.3348499999999999,1.33155,1.33446,11484
1675094400,1.33449,1.3365,1.3322,1.33589,24047
1675108800,1.33589,1.3389199999999999,1.33566,1.33864,12047
1675123200,1.3378999999999999,1.33925,1.33725,1.33838,5329
1675137600,1.33839,1.34205,1.33835,1.34193,6435
1675152000,1.34193,1.34569,1.3406,1.34463,11391
1675166400,1.34463,1.3471600000000001,1.34064,1.3409200000000001,15166
1675180800,1.34091,1.34188,1.33127,1.33218,26294
1675195200,1.33218,1.33232,1.32987,1.33012,9224
1675209600,1.33063,1.33128,1.32984,1.33086,4045
1675224000,1.33086,1.3324799999999999,1.33046,1.33247,4634
1675238400,1.3324500000000001,1.3324799999999999,1.32884,1.33081,9773
1675252800,1.3308,1.33182,1.32954,1.33108,13045
1675267200,1.33108,1.33476,1.32918,1.3345099999999999,23558
1675281600,1.3345799999999999,1.3379699999999999,1.3266200000000001,1.32885,34745
1675296000,1.32858,1.32921,1.32632,1.32834,8280
1675310400,1.32839,1.32897,1.32744,1.32864,6498
1675324800,1.32863,1.32934,1.32619,1.32796,12451
1675339200,1.32795,1.33061,1.32698,1.32932,19584
1675353600,1.32932,1.33472,1.32832,1.33182,32786
1675368000,1.3317999999999999,1.33304,1.3303,1.33138,18180
1675382400,1.33136,1.3326799999999999,1.3311600000000001,1.33252,5827
1675396800,1.33253,1.334,1.33209,1.3327200000000001,7481
1675411200,1.3327200000000001,1.33742,1.33223,1.33469,13041
1675425600,1.33468,1.34214,1.33423,1.34097,19294
1675440000,1.34097,1.34257,1.33518,1.33931,38405
1675454400,1.33934,1.34091,1.33837,1.34043,16629
1675641600,1.34114,1.34201,1.33981,1.3407200000000001,6942
1675656000,1.3407,1.34106,1.3397000000000001,1.33983,7291
1675670400,1.33983,1.34371,1.33962,1.34357,13127
1675684800,1.34359,1.34471,1.34122,1.34292,15007
1675699200,1.34295,1.34754,1.34242,1.34452,25853
1675713600,1.34452,1.34516,1.34243,1.3446500000000001,11744
1675728000,1.34452,1.34476,1.34219,1.34245,4857
1675742400,1.34239,1.34314,1.34008,1.34211,6780
1675756800,1.3421,1.34432,1.3405,1.34115,14338
1675771200,1.34115,1.34543,1.3407200000000001,1.34475,13743
1675785600,1.3448,1.34687,1.33841,1.33896,26592
1675800000,1.33898,1.34591,1.3379400000000001,1.33965,30747
1675814400,1.33862,1.34035,1.33849,1.33998,5238
1675828800,1.33999,1.34073,1.33898,1.33926,6562
1675843200,1.33927,1.33975,1.33597,1.33689,12963
1675857600,1.33689,1.3416299999999999,1.33646,1.34089,10626
1675872000,1.34088,1.3444099999999999,1.34052,1.34304,26174
1675886400,1.34303,1.34504,1.34211,1.34477,12572
1675900800,1.34394,1.34593,1.34379,1.3449499999999999,4543
1675915200,1.3449499999999999,1.3449499999999999,1.34296,1.34341,5551
1675929600,1.3434,1.34351,1.34005,1.3404099999999999,11598
1675944000,1.3404,1.34124,1.33724,1.33783,10662
1675958400,1.33781,1.34558,1.33724,1.3446500000000001,21804
1675972800,1.34466,1.3463,1.3441100000000001,1.34539,12849
1675987200,1.34454,1.34602,1.34427,1.34539,4567
1676001600,1.34538,1.34721,1.34521,1.34579,6830
1676016000,1.34578,1.34582,1.34132,1.34369,18586
1676030400,1.34369,1.34538,1.33613,1.3376299999999999,15838
1676044800,1.3376299999999999,1.33817,1.33448,1.3360699999999999,29497
1676059200,1.33608,1.33651,1.33378,1.33432,10029
1676246400,1.33447,1.33796,1.33408,1.33622,5240
1676260800,1.33622,1.3378999999999999,1.33591,1.33731,7116
1676275200,1.33732,1.33738,1.3351600000000001,1.33648,12952
1676289600,1.33648,1.33716,1.3325,1.33575,10897
1676304000,1.33575,1.33724,1.33263,1.33331,17650
1676318400,1.33331,1.3342399999999999,1.3326,1.33323,8164
1676332800,1.33307,1.33535,1.33307,1.33473,3964
1676347200,1.33473,1.33525,1.3329900000000001,1.33364,4895
1676361600,1.3336299999999999,1.33495,1.33271,1.33355,10609
1676376000,1.33355,1.33749,1.32736,1.3324799999999999,20902
1676390400,1.33246,1.33903,1.33047,1.33517,41827
1676404800,1.33517,1.33623,1.33339,1.33371,13017
1676419200,1.3334,1.33472,1.33304,1.33454,6528
1676433600,1.3345500000000001,1.3367499999999999,1.33447,1.3363399999999999,6489
1676448000,1.33633,1.34024,1.33601,1.3395299999999999,15151
1676462400,1.3395299999999999,1.34331,1.33907,1.3422,17789
1676476800,1.3422100000000001,1.34401,1.33934,1.34227,26749
1676491200,1.34225,1.34299,1.3387,1.33934,8777
1676505600,1.33812,1.34076,1.33773,1.3382,7091
1676520000,1.33823,1.33864,1.3370600000000001,1.3382800000000001,5546
1676534400,1.33829,1.33952,1.3357299999999999,1.33807,11927
1676548800,1.33809,1.3432,1.33717,1.34223,14525
1676563200,1.3422399999999999,1.34795,1.3415,1.3432,27041
1676577600,1.34322,1.34608,1.34228,1.34565,11686
1676592000,1.34507,1.34829,1.34443,1.34796,5297
1676606400,1.3479700000000001,1.3489499999999999,1.34772,1.34867,5263
1676620800,1.34866,1.35223,1.34839,1.35041,12437
1676635200,1.35039,1.35372,1.34893,1.34975,14972
1676649600,1.34976,1.35226,1.34686,1.3485,25476
1676664000,1.34851,1.34912,1.34665,1.34745,10198
1676851200,1.34754,1.34945,1.34638,1.34871,5073
1676865600,1.34871,1.3489200000000001,1.34674,1.34679,6212
1676880000,1.3468,1.3473899999999999,1.34558,1.34649,9387
1676894400,1.34649,1.3470900000000001,1.34498,1.3454,9200
1676908800,1.3454,1.34589,1.34412,1.3451,6396
1676923200,1.34508,1.34549,1.34496,1.34538,2524
1676937600,1.3446799999999999,1.34806,1.34427,1.3471600000000001,4938
1676952000,1.34717,1.34781,1.34627,1.34677,5935
1676966400,1.34677,1.34921,1.34413,1.3454,16117
1676980800,1.34536,1.35013,1.34442,1.34965,15681
1676995200,1.34965,1.35307,1.34878,1.35196,27052
1677009600,1.35193,1.35489,1.35154,1.3538299999999999,11152
1677024000,1.3529900000000001,1.3544399999999999,1.3526799999999999,1.35404,5794
1677038400,1.35403,1.35468,1.353,1.3543,5867
1677052800,1.3543,1.35601,1.35293,1.35525,11746
1677067200,1.35524,1.35592,1.35142,1.3531900000000001,11591
1677081600,1.35321,1.35587,1.3524,1.353,19141
1677096000,1.35301,1.3568,1.35221,1.35506,17600
1677110400,1.35473,1.35522,1.35247,1.35267,4625
1677124800,1.35266,1.35313,1.35175,1.35264,4461
1677139200,1.35263,1.3544100000000001,1.35194,1.35404,9706
1677153600,1.35404,1.35519,1.35223,1.35465,12133
1677168000,1.35465,1.35811,1.35158,1.35643,23365
1677182400,1.35643,1.35681,1.35346,1.3547500000000001,9550
1677196800,1.35401,1.35471,1.35269,1.35375,6735
1677211200,1.35376,1.35461,1.35269,1.35443,5797
1677225600,1.35442,1.3578299999999999,1.3542,1.35682,10009
1677240000,1.35686,1.36282,1.3563100000000001,1.36261,15618
1677254400,1.36262,1.36652,1.3607,1.36161,32708
1677268800,1.3616,1.36289,1.35968,1.36066,13413
1677456000,1.36075,1.36075,1.35922,1.3593600000000001,6355
1677470400,1.35941,1.36223,1.35925,1.36212,6397
1677484800,1.3620999999999999,1.36242,1.35869,1.35967,12020
1677499200,1.35967,1.36083,1.35579,1.3568,12140
1677513600,1.3568,1.35884,1.35336,1.35703,20125
1677528000,1.35703,1.35827,1.35655,1.35741,9221
1677542400,1.35715,1.35804,1.35648,1.35789,3591
1677556800,1.35788,1.35924,1.35712,1.35892,5276
1677571200,1.35895,1.3605800000000001,1.35766,1.35893,11608
1677585600,1.35893,1.35913,1.35606,1.35852,11113
1677600000,1.3585,1.36193,1.3575,1.36165,26425
1677614400,1.36165,1.3648,1.36112,1.36463,8672
1677628800,1.3637000000000001,1.36591,1.36307,1.36335,6994
1677643200,1.3633600000000001,1.36377,1.36143,1.36195,8458
1677657600,1.36194,1.36209,1.35901,1.36044,16834
1677672000,1.36045,1.36313,1.35842,1.3631199999999999,15667
1677686400,1.3631199999999999,1.36534,1.35937,1.35994,29677
1677700800,1.3599700000000001,1.36173,1.35901,1.3591199999999999,9101
1677715200,1.35898,1.36264,1.35822,1.36097,5626
1677729600,1.36097,1.36218,1.3599,1.36158,7523
1677744000,1.3616,1.36337,1.35971,1.36105,13128
1677758400,1.36109,1.36414,1.36008,1.36308,16011
1677772800,1.36308,1.36317,1.35968,1.36245,21511
1677787200,1.3624,1.36318,1.35888,1.35956,12922
1677801600,1.3593600000000001,1.36014,1.35762,1.35837,6217
1677816000,1.35838,1.35911,1.35798,1.35857,8022
1677830400,1.35857,1.35862,1.35549,1.35626,13369
1677844800,1.3562699999999999,1.36188,1.35612,1.3615300000000001,11817
1677859200,1.3615300000000001,1.36444,1.35959,1.35976,22365
1677873600,1.35975,1.36107,1.3583,1.35955,6698
1678060800,1.35976,1.36142,1.35897,1.36039,5347
1678075200,1.3604,1.36098,1.35837,1.35959,6258
1678089600,1.35959,1.36029,1.35818,1.35998,10864
1678104000,1.3599700000000001,1.36285,1.3597000000000001,1.3617,10581
1678118400,1.36169,1.36279,1.35967,1.3608500000000001,15349
1678132800,1.36087,1.3624,1.36075,1.3611,7151
1678147200,1.3611900000000001,1.36182,1.36042,1.36056,3683
1678161600,1.36057,1.36189,1.35994,1.36115,5993
1678176000,1.36115,1.3634,1.36054,1.36315,12565
1678190400,1.36314,1.36527,1.36235,1.3649,9798
1678204800,1.3648799999999999,1.3743400000000001,1.3645100000000001,1.37351,34751
1678219200,1.37351,1.37608,1.37316,1.37531,11232
1678233600,1.3747500000000001,1.37564,1.37412,1.37548,6079
1678248000,1.37551,1.37733,1.37521,1.37622,5339
1678262400,1.37623,1.37669,1.3752,1.37589,10697
1678276800,1.37589,1.37705,1.37447,1.3764,11202
1678291200,1.37641,1.3796,1.37447,1.37953,27651
1678305600,1.37952,1.38148,1.379,1.3801999999999999,8407
1678320000,1.37955,1.3816899999999999,1.37942,1.38123,4508
1678334400,1.38123,1.3813900000000001,1.37944,1.37987,4136
1678348800,1.37988,1.38071,1.37892,1.38058,9114
1678363200,1.38057,1.38144,1.37806,1.37811,12537
1678377600,1.37812,1.3798,1.37526,1.37939,19746
1678392000,1.37944,1.38371,1.37894,1.38278,16095
1678406400,1.38232,1.3835899999999999,1.38212,1.38345,5637
1678420800,1.38343,1.3848099999999999,1.38311,1.38406,10073
1678435200,1.38406,1.38617,1.38269,1.3836,16006
1678449600,1.3836,1.38442,1.37665,1.37851,22208
1678464000,1.37851,1.3812,1.37612,1.37975,51867
1678478400,1.37975,1.38472,1.37908,1.38267,22078
1678665600,1.38007,1.38156,1.3757,1.3761999999999999,15282
1678680000,1.37618,1.37867,1.37109,1.37271,17994
1678694400,1.37271,1.37522,1.37151,1.37388,20531
1678708800,1.37389,1.38016,1.37365,1.37684,47629
1678723200,1.3768500000000001,1.37908,1.3677000000000001,1.37245,47399
1678737600,1.37244,1.37404,1.37083,1.37276,23552
1678752000,1.37263,1.3748,1.37183,1.37422,7107
1678766400,1.37422,1.37484,1.37242,1.37307,12634
1678780800,1.37308,1.37369,1.37022,1.37241,22661
1678795200,1.3724,1.37503,1.36604,1.36625,28508
1678809600,1.3663,1.36879,1.3651499999999999,1.36838,29890
1678824000,1.36838,1.36988,1.36686,1.36864,21733
1678838400,1.3678,1.36958,1.3678,1.36927,3818
1678852800,1.36928,1.36932,1.36597,1.36779,10317
1678867200,1.36778,1.37046,1.3676599999999999,1.36937,15446
1678881600,1.36935,1.37824,1.36871,1.3758,34751
1678896000,1.37581,1.38141,1.3747099999999999,1.38028,42078
1678910400,1.38029,1.38029,1.374,1.37661,29138
1678924800,1.3754,1.37699,1.37392,1.3744100000000001,8424
1678939200,1.37442,1.37613,1.37404,1.37524,17669
1678953600,1.37522,1.37663,1.37215,1.37417,17870
1678968000,1.37417,1.3769,1.37264,1.37423,21525
1678982400,1.37423,1.37876,1.37274,1.37344,40850
1678996800,1.37344,1.37426,1.37131,1.3718,13915
1679011200,1.37135,1.37364,1.3712,1.37305,4667
1679025600,1.37306,1.37318,1.36844,1.36849,8933
1679040000,1.36848,1.37112,1.36775,1.3698299999999999,12754
1679054400,1.36981,1.3729,1.36904,1.37247,16549
1679068800,1.37244,1.37732,1.37206,1.37372,27856
1679083200,1.37369,1.37401,1.3713899999999999,1.3734899999999999,13953
1679270400,1.37198,1.37247,1.3685800000000001,1.3691200000000001,7398
1679284800,1.36913,1.37259,1.3689,1.37208,11351
1679299200,1.37207,1.3747099999999999,1.37059,1.37164,20009
1679313600,1.3716300000000001,1.37398,1.36774,1.36838,19557
1679328000,1.3684,1.36967,1.36514,1.36746,23553
1679342400,1.36745,1.36772,1.3654899999999999,1.36647,8930
1679356800,1.36628,1.3677000000000001,1.3660700000000001,1.3677000000000001,4869
1679371200,1.3677000000000001,1.36906,1.36722,1.36886,6029
1679385600,1.36886,1.36988,1.36673,1.36771,11445
1679400000,1.36771,1.36807,1.36532,1.36685,11155
1679414400,1.36686,1.37371,1.36439,1.37304,20149
1679428800,1.37302,1.37337,1.37106,1.3712900000000001,6822
1679443200,1.37121,1.37183,1.37083,1.3710499999999999,3326
1679457600,1.3710499999999999,1.37118,1.36975,1.36987,4761
1679472000,1.36986,1.37189,1.36977,1.37089,8009
1679486400,1.3709,1.37145,1.36935,1.37035,9311
1679500800,1.37035,1.37355,1.37004,1.37318,13547
1679515200,1.3732,1.37442,1.36564,1.37274,31070
1679529600,1.37321,1.37323,1.3704100000000001,1.37057,5642
1679544000,1.37057,1.3715,1.36628,1.36667,8084
1679558400,1.3666800000000001,1.36795,1.36601,1.36693,12166
1679572800,1.36691,1.3685800000000001,1.3639299999999999,1.36761,12684
1679587200,1.36762,1.36825,1.36304,1.36638,17172
1679601600,1.3664100000000001,1.37332,1.36639,1.3712,19391
1679616000,1.37142,1.3727,1.37064,1.3715,5499
1679630400,1.37154,1.37364,1.37131,1.37183,7235
1679644800,1.37182,1.37606,1.37094,1.37515,12794
1679659200,1.37513,1.38043,1.37408,1.37973,21053
1679673600,1.37972,1.38001,1.37397,1.37459,26866
1679688000,1.37459,1.37531,1.37306,1.37401,9105
1679875200,1.37291,1.3739,1.3726,1.37332,7677
1679889600,1.37338,1.37439,1.37235,1.37311,6283
1679904000,1.3731200000000001,1.37449,1.37172,1.37244,13858
1679918400,1.37246,1.37345,1.36999,1.3713199999999999,10844
1679932800,1.3713199999999999,1.37162,1.36648,1.3666800000000001,15585
1679947200,1.36673,1.36688,1.36494,1.36597,6761
1679961600,1.3660700000000001,1.36648,1.36409,1.36439,4590
1679976000,1.36437,1.3648799999999999,1.36344,1.3639700000000001,7740
1679990400,1.3639700000000001,1.3682699999999999,1.36315,1.36812,9911
1680004800,1.36814,1.3694899999999999,1.36457,1.3658000000000001,9418
1680019200,1.36578,1.36674,1.36037,1.36046,14422
1680033600,1.36047,1.36184,1.35918,1.35978,6454
1680048000,1.35964,1.36016,1.35893,1.35916,4220
1680062400,1.35915,1.36053,1.35873,1.36009,5870
1680076800,1.3601,1.36166,1.35994,1.36063,8054
1680091200,1.36064,1.36072,1.35715,1.3587,9510
1680105600,1.35869,1.36049,1.35595,1.35742,13154
1680120000,1.35743,1.35775,1.35561,1.35564,5966
1680134400,1.35578,1.35715,1.35561,1.35694,3197
1680148800,1.35693,1.35811,1.35666,1.35673,4395
1680163200,1.35676,1.3568500000000001,1.35332,1.35354,11079
1680177600,1.35354,1.3556599999999999,1.35301,1.35412,9836
1680192000,1.35412,1.3546,1.35241,1.35284,13269
1680206400,1.35285,1.35413,1.35159,1.3522,5612
1680220800,1.35199,1.35254,1.35169,1.35192,2680
1680235200,1.35191,1.35271,1.3507500000000001,1.35259,5059
1680249600,1.35259,1.35644,1.35249,1.35556,12410
1680264000,1.35553,1.35589,1.35327,1.35459,10721
1680278400,1.35458,1.35461,1.35203,1.35224,13996
1680292800,1.35222,1.35415,1.35126,1.3514,7095
1680480000,1.34925,1.35244,1.34879,1.3504,7592
1680494400,1.35043,1.35256,1.3502100000000001,1.35248,5675
1680508800,1.35251,1.35364,1.34863,1.3491,9744
1680523200,1.34912,1.34913,1.3447200000000001,1.34711,11413
1680537600,1.3470900000000001,1.34737,1.3422,1.34242,17373
1680552000,1.34242,1.34384,1.34114,1.3437700000000001,7585
1680566400,1.34252,1.34378,1.3421699999999999,1.34324,3733
1680580800,1.34323,1.3444099999999999,1.34261,1.3434300000000001,6114
1680595200,1.34342,1.34424,1.34151,1.34241,11480
1680609600,1.34241,1.3456299999999999,1.34105,1.3451,10601
1680624000,1.3451,1.34674,1.34062,1.3455599999999999,20345
1680638400,1.34554,1.3459699999999999,1.3444,1.34443,6407
1680652800,1.34416,1.3447,1.34259,1.34371,2899
1680667200,1.3437000000000001,1.34505,1.34254,1.3447,5601
1680681600,1.3447,1.34766,1.34442,1.34717,10212
1680696000,1.34718,1.3483100000000001,1.3445,1.3449,11351
1680710400,1.34486,1.34811,1.34249,1.3475,17813
1680724800,1.34751,1.34796,1.3452600000000001,1.3456299999999999,5523
1680739200,1.34512,1.34665,1.3446799999999999,1.34656,2347
1680753600,1.34656,1.34893,1.34656,1.3486500000000001,4307
1680768000,1.3486500000000001,1.34889,1.34582,1.34794,9240
1680782400,1.34794,1.3489200000000001,1.34582,1.3479,9349
1680796800,1.3479,1.35057,1.34633,1.34754,14244
1680811200,1.34754,1.34911,1.34671,1.3490199999999999,4136
1680825600,1.34822,1.34984,1.3477000000000001,1.3492899999999999,1560
1680840000,1.3492899999999999,1.34939,1.3485800000000001,1.34882,2279
1680854400,1.34883,1.35137,1.34855,1.35096,2530
1680868800,1.35099,1.35308,1.34989,1.35072,5026
1680883200,1.35071,1.35179,1.34979,1.3509,8322
1680897600,1.3509,1.3519,1.35031,1.35125,8593
1681084800,1.35158,1.35172,1.35005,1.3510499999999999,4729
1681099200,1.35104,1.35161,1.35056,1.35142,5048
1681113600,1.3514300000000001,1.35194,1.3489,1.34978,7115
1681128000,1.34977,1.35464,1.34845,1.3544100000000001,8778
1681142400,1.3544100000000001,1.3553600000000001,1.3523800000000001,1.35263,11533
1681156800,1.35262,1.35285,1.3502100000000001,1.35071,4573
1681171200,1.35061,1.3508499999999999,1.34974,1.35019,2530
1681185600,1.3501699999999999,1.35128,1.34888,1.34951,7139
1681200000,1.34951,1.35057,1.34811,1.35001,9394
1681214400,1.35001,1.35142,1.3492199999999999,1.35059,9578
1681228800,1.35058,1.3516,1.34692,1.34844,11809
1681243200,1.34843,1.34873,1.34619,1.3464800000000001,4403
1681257600,1.34635,1.34701,1.34589,1.34609,2589
1681272000,1.3461400000000001,1.34662,1.34523,1.34555,3661
1681286400,1.34555,1.34706,1.34488,1.3468200000000001,7367
1681300800,1.34683,1.34889,1.34325,1.34532,11592
1681315200,1.34532,1.34787,1.3433,1.34338,21501
1681329600,1.34337,1.34457,1.3427799999999999,1.34413,9707
1681344000,1.34412,1.3448,1.34368,1.34394,3135
1681358400,1.34394,1.3446500000000001,1.34275,1.34283,6474
1681372800,1.34281,1.34388,1.33985,1.34052,10433
1681387200,1.34053,1.3407,1.33865,1.3391600000000001,11158
1681401600,1.33915,1.33936,1.3343,1.33447,13408
1681416000,1.33448,1.33476,1.3333300000000001,1.33389,5529
1681430400,1.33343,1.33435,1.33271,1.3333599999999999,2675
1681444800,1.3333599999999999,1.33346,1.33169,1.3323,4482
1681459200,1.33225,1.33341,1.33168,1.33279,7776
1681473600,1.33279,1.33495,1.3301,1.334,12345
1681488000,1.33404,1.33955,1.33247,1.33869,21531
1681502400,1.33871,1.33883,1.33581,1.33581,9055
1681689600,1.33656,1.3372899999999999,1.33533,1.3372899999999999,3238
1681704000,1.33727,1.3376000000000001,1.33571,1.33574,4064
1681718400,1.33575,1.33688,1.33425,1.33644,8676
1681732800,1.33642,1.3388200000000001,1.33569,1.33868,8912
1681747200,1.33867,1.34199,1.33839,1.34043,15383
1681761600,1.34044,1.3408,1.33904,1.3391199999999999,5264
1681776000,1.33929,1.33964,1.33807,1.33928,2315
1681790400,1.33926,1.33968,1.33793,1.33876,5187
1681804800,1.33876,1.33901,1.33632,1.33667,7965
1681819200,1.3366500000000001,1.33884,1.33594,1.3379699999999999,8467
1681833600,1.33799,1.33975,1.337,1.33852,13191
1681848000,1.33852,1.33995,1.3383099999999999,1.33886,5055
1681862400,1.33887,1.33935,1.33849,1.3387,2394
1681876800,1.3387,1.34053,1.33849,1.33971,3603
1681891200,1.33971,1.3425500000000001,1.33948,1.3422,11203
1681905600,1.3422,1.34537,1.34177,1.34376,12951
1681920000,1.34375,1.34567,1.34222,1.34452,11105
1681934400,1.34451,1.3467,1.34425,1.34586,5003
1681948800,1.34545,1.3471199999999999,1.34507,1.3461699999999999,2907
1681963200,1.3461699999999999,1.34733,1.34583,1.34697,3487
1681977600,1.34696,1.34763,1.3451,1.3473,7769
1681992000,1.3473,1.34893,1.34633,1.34702,9509
1682006400,1.34705,1.34843,1.34485,1.34626,13145
1682020800,1.34625,1.34835,1.346,1.34765,6570
1682035200,1.34722,1.34847,1.34721,1.34752,2216
1682049600,1.34748,1.35034,1.34748,1.3502100000000001,3943
1682064000,1.35018,1.35339,1.34994,1.35171,8542
1682078400,1.3517299999999999,1.35374,1.35137,1.3529200000000001,9047
1682092800,1.3529,1.35636,1.3523100000000001,1.3542100000000001,15470
1682107200,1.35422,1.35497,1.3535300000000001,1.35399,5545
1682294400,1.35263,1.35469,1.3526,1.35403,2406
1682308800,1.354,1.3557299999999999,1.35375,1.35559,4021
1682323200,1.35558,1.35672,1.35305,1.35308,6864
1682337600,1.35306,1.35503,1.35223,1.35352,8100
1682352000,1.35352,1.35562,1.35249,1.3541,10770
1682366400,1.35409,1.3548200000000001,1.35339,1.35423,4650
1682380800,1.35399,1.35411,1.35281,1.35321,2599
1682395200,1.35323,1.3550499999999999,1.35245,1.3547799999999999,5110
1682409600,1.35477,1.35891,1.3544,1.3566799999999999,8792
1682424000,1.3566799999999999,1.36014,1.35652,1.35865,8379
1682438400,1.35865,1.36371,1.3584,1.36333,13240
1682452800,1.36333,1.36477,1.36245,1.36259,9306
1682467200,1.36259,1.3627,1.36167,1.36232,3429
1682481600,1.36233,1.36428,1.36219,1.3632900000000001,5068
1682496000,1.3632900000000001,1.36359,1.36141,1.36234,10815
1682510400,1.36235,1.36376,1.36079,1.36266,13527
1682524800,1.36267,1.36356,1.35992,1.36135,17178
1682539200,1.36135,1.36508,1.36093,1.3636,8641
1682553600,1.3633600000000001,1.36394,1.36221,1.36365,3034
1682568000,1.36365,1.36453,1.36315,1.36315,4499
1682582400,1.36317,1.36384,1.3615300000000001,1.3628,10692
1682596800,1.36282,1.36399,1.3613,1.36234,12599
1682611200,1.36234,1.3639700000000001,1.3591,1.36155,16664
1682625600,1.3615599999999999,1.36171,1.35889,1.35924,6172
1682640000,1.35922,1.36071,1.35881,1.36018,3509
1682654400,1.36022,1.36091,1.3593899999999999,1.36083,7981
1682668800,1.36084,1.36652,1.3602,1.36605,13410
1682683200,1.36602,1.36676,1.3633199999999999,1.3638,11425
1682697600,1.36379,1.36455,1.35507,1.35521,17362
1682712000,1.35521,1.3557000000000001,1.3536000000000001,1.35431,6153
1682899200,1.35361,1.35639,1.35352,1.35556,4020
1682913600,1.35556,1.35614,1.35481,1.3554,5251
1682928000,1.3554,1.35698,1.35497,1.35698,7217
1682942400,1.35698,1.35831,1.35537,1.3554,9039
1682956800,1.35538,1.35642,1.35302,1.35323,16680
1682971200,1.3532199999999999,1.3551,1.35306,1.35437,7343
1682985600,1.3541699999999999,1.35561,1.35341,1.35533,3457
1683000000,1.35533,1.35535,1.35311,1.35365,7660
1683014400,1.35365,1.35761,1.35282,1.3568500000000001,12660
1683028800,1.35681,1.36012,1.3565,1.36011,11151
1683043200,1.36011,1.36376,1.35883,1.36303,21944
1683057600,1.36303,1.36333,1.36175,1.36246,7786
1683072000,1.36236,1.36314,1.36177,1.36216,3149
1683086400,1.3621699999999999,1.36259,1.36082,1.3614899999999999,5645
1683100800,1.36148,1.36267,1.36025,1.36198,8441
1683115200,1.36197,1.3639299999999999,1.36124,1.36361,11581
1683129600,1.36361,1.36376,1.3597299999999999,1.36013,14759
1683144000,1.36013,1.3627,1.35816,1.36161,21196
1683158400,1.3614600000000001,1.36326,1.36026,1.3624399999999999,5594
1683172800,1.3624399999999999,1.36289,1.3583,1.35866,7786
1683187200,1.35867,1.3618299999999999,1.35823,1.36174,12020
1683201600,1.36171,1.36227,1.35944,1.36047,13869
1683216000,1.36049,1.36103,1.35402,1.35402,25175
1683230400,1.35394,1.35457,1.3519,1.35374,9232
1683244800,1.35364,1.35394,1.3519,1.35221,3719
1683259200,1.3522,1.3526099999999999,1.35049,1.35067,6782
1683273600,1.35071,1.35152,1.34903,1.34993,9434
1683288000,1.34993,1.35135,1.34714,1.3473,13769
1683302400,1.3473,1.3483800000000001,1.34049,1.34052,20026
1683316800,1.3405,1.34118,1.33712,1.3375,6227
1683504000,1.33808,1.33875,1.3370600000000001,1.3382100000000001,2949
1683518400,1.3382100000000001,1.3385799999999999,1.33679,1.33698,5976
1683532800,1.3369900000000001,1.33737,1.33483,1.3351199999999999,8332
1683547200,1.3351199999999999,1.33548,1.33222,1.3324799999999999,7817
1683561600,1.33249,1.33636,1.33149,1.3358400000000001,10976
1683576000,1.3358400000000001,1.3383,1.33575,1.3373,6129
1683590400,1.33635,1.3376000000000001,1.33606,1.3373599999999999,2528
1683604800,1.3373599999999999,1.33762,1.3365,1.33683,4120
1683619200,1.33684,1.3384800000000001,1.33662,1.33751,8892
1683633600,1.33755,1.33974,1.3367499999999999,1.33967,8539
1683648000,1.33965,1.34061,1.33859,1.33925,12942
1683662400,1.33925,1.33927,1.33721,1.33859,5571
1683676800,1.33796,1.33869,1.3374,1.3378700000000001,3247
1683691200,1.3378700000000001,1.3384800000000001,1.33739,1.33823,6371
1683705600,1.3382399999999999,1.33976,1.33697,1.33934,9612
1683720000,1.33934,1.33967,1.3335,1.33398,14664
1683734400,1.33399,1.33839,1.33358,1.33822,19336
1683748800,1.3382399999999999,1.34145,1.33703,1.33713,8690
1683763200,1.33674,1.33749,1.33653,1.33674,3437
1683777600,1.33674,1.33857,1.33628,1.33804,5404
1683792000,1.33804,1.342,1.33752,1.3409499999999999,12293
1683806400,1.3409200000000001,1.34395,1.3396,1.3437700000000001,14231
1683820800,1.34378,1.34944,1.34378,1.3483100000000001,18603
1683835200,1.34829,1.34955,1.34822,1.34885,6636
1683849600,1.34867,1.34959,1.34748,1.34864,2468
1683864000,1.34863,1.3492600000000001,1.34827,1.3484099999999999,5619
1683878400,1.3484099999999999,1.35002,1.34796,1.34903,10092
1683892800,1.34903,1.35063,1.3483,1.34974,8625
1683907200,1.34976,1.35596,1.3483800000000001,1.3556599999999999,14061
1683921600,1.35565,1.35652,1.35439,1.35561,7384
1684108800,1.35381,1.35677,1.35381,1.35616,3546
1684123200,1.35612,1.3563,1.35449,1.3545,5849
1684137600,1.3545,1.35469,1.35053,1.35174,9432
1684152000,1.35174,1.35213,1.34957,1.35064,8716
1684166400,1.35065,1.35182,1.34595,1.34612,11379
1684180800,1.34612,1.34748,1.34592,1.34669,5493
1684195200,1.34665,1.34701,1.34599,1.3463,3166
1684209600,1.34629,1.34821,1.34616,1.34688,5370
1684224000,1.34687,1.34936,1.34494,1.34557,10178
1684238400,1.34558,1.34693,1.34145,1.34168,12429
1684252800,1.34169,1.34714,1.3404,1.3461400000000001,19088
1684267200,1.34612,1.34827,1.34599,1.3479700000000001,6674
1684281600,1.34653,1.3480400000000001,1.34644,1.34735,2666
1684296000,1.34735,1.3485,1.34622,1.34774,6598
1684310400,1.34775,1.35357,1.34775,1.35073,11188
1684324800,1.35071,1.35118,1.34661,1.34706,11992
1684339200,1.34706,1.35012,1.34424,1.34478,15197
1684353600,1.34476,1.34568,1.3437000000000001,1.34552,7504
1684368000,1.34536,1.34683,1.34452,1.34619,3104
1684382400,1.34619,1.34723,1.34519,1.3469,6648
1684396800,1.3469,1.3479999999999999,1.3461699999999999,1.34758,9472
1684411200,1.3476,1.34853,1.34634,1.34823,9048
1684425600,1.34823,1.35221,1.34761,1.35193,16959
1684440000,1.35192,1.35244,1.34952,1.35007,8287
1684454400,1.35006,1.35041,1.34867,1.34965,4480
1684468800,1.34965,1.35129,1.3485,1.34958,7218
1684483200,1.34959,1.34976,1.34729,1.34757,11160
1684497600,1.34758,1.34946,1.34697,1.3471,11398
1684512000,1.34715,1.35236,1.34686,1.34981,20474
1684526400,1.34981,1.35185,1.34935,1.34976,5956
1684713600,1.3497,1.35049,1.34877,1.34891,3658
1684728000,1.3489,1.35023,1.3485,1.3497,9240
1684742400,1.34969,1.3517299999999999,1.34931,1.34932,10487
1684756800,1.34934,1.3513600000000001,1.34901,1.3505099999999999,8919
1684771200,1.3505099999999999,1.35188,1.3497,1.3508200000000001,11969
1684785600,1.35083,1.3511199999999999,1.35018,1.35054,5860
1684800000,1.34981,1.35076,1.3492199999999999,1.34965,4303
1684814400,1.34967,1.35003,1.34853,1.34979,7534
1684828800,1.3498,1.3536000000000001,1.34876,1.35298,12521
1684843200,1.353,1.3548499999999999,1.3498,1.35055,11192
1684857600,1.35054,1.35195,1.34845,1.3505,15817
1684872000,1.35049,1.3512,1.34921,1.35023,7421
1684886400,1.35027,1.35053,1.34924,1.34994,2739
1684900800,1.34994,1.35106,1.3495599999999999,1.35016,6913
1684915200,1.35016,1.35473,1.34968,1.35392,13658
1684929600,1.35391,1.3559,1.35315,1.35447,11652
1684944000,1.35446,1.3602699999999999,1.354,1.35933,19159
1684958400,1.35933,1.36056,1.35835,1.35933,9156
1684972800,1.3590200000000001,1.36011,1.35855,1.35969,3695
1684987200,1.3597000000000001,1.3612600000000001,1.3592,1.36083,6601
1685001600,1.36083,1.36129,1.35899,1.35955,10437
1685016000,1.35956,1.36111,1.35862,1.36071,11413
1685030400,1.36074,1.36447,1.3599999999999999,1.36377,17043
1685044800,1.36376,1.36444,1.36199,1.36425,7329
1685059200,1.36348,1.36545,1.36348,1.36502,3094
1685073600,1.36502,1.36533,1.36317,1.3634,6729
1685088000,1.36341,1.36417,1.36125,1.36286,10108
1685102400,1.36286,1.36338,1.36007,1.3627799999999999,10280
1685116800,1.3627799999999999,1.36464,1.36118,1.36185,15575
1685131200,1.36184,1.36281,1.36115,1.36158,5604
1685318400,1.36068,1.36161,1.36005,1.36078,2465
1685332800,1.36079,1.36118,1.35951,1.35985,3921
1685347200,1.35984,1.36016,1.35839,1.35899,7994
1685361600,1.35899,1.36103,1.3586,1.36078,4077
1685376000,1.36077,1.3612199999999999,1.35829,1.35845,4378
1685390400,1.35845,1.35948,1.35838,1.35898,975
1685404800,1.35864,1.36048,1.35828,1.3587099999999999,3406
1685419200,1.35867,1.36072,1.35674,1.35959,7460
1685433600,1.35959,1.36079,1.35788,1.35849,10433
1685448000,1.35849,1.35942,1.3567,1.35904,10788
1685462400,1.3590499999999999,1.36134,1.35845,1.35931,15163
1685476800,1.35931,1.36131,1.35931,1.35984,6049
1685491200,1.35998,1.36083,1.35958,1.36053,1946
1685505600,1.36053,1.36411,1.3604,1.3639700000000001,5663
1685520000,1.36395,1.3649499999999999,1.36254,1.36436,12861
1685534400,1.36437,1.36514,1.36297,1.36383,9148
1685548800,1.36379,1.36438,1.35727,1.36041,20477
1685563200,1.36041,1.361,1.3569200000000001,1.35707,8891
1685577600,1.35687,1.3578299999999999,1.3563100000000001,1.35774,3190
1685592000,1.35774,1.35828,1.35605,1.3566500000000001,6833
1685606400,1.35663,1.3585,1.35646,1.35765,9812
1685620800,1.35765,1.35789,1.35343,1.35374,11722
1685635200,1.35375,1.35498,1.34365,1.34403,19957
1685649600,1.34403,1.34584,1.3437999999999999,1.3449200000000001,6925
1685664000,1.34467,1.34503,1.34406,1.34486,3393
1685678400,1.34486,1.345,1.34277,1.34352,6240
1685692800,1.34352,1.34384,1.34066,1.34112,10708
1685707200,1.34111,1.34444,1.3407499999999999,1.3429,12911
1685721600,1.34291,1.34509,1.34123,1.34415,19457
1685736000,1.34415,1.34478,1.34219,1.34292,5964
1685923200,1.34138,1.34337,1.34135,1.34301,3487
1685937600,1.34301,1.34408,1.34226,1.34388,6859
1685952000,1.34389,1.34429,1.34227,1.34365,11006
1685966400,1.34363,1.34519,1.34334,1.34371,8019
1685980800,1.34371,1.34616,1.34172,1.34192,15807
1685995200,1.34192,1.34464,1.34189,1.34444,6382
1686009600,1.34451,1.34503,1.34313,1.34414,2636
1686024000,1.34414,1.34422,1.34128,1.34142,7316
1686038400,1.34141,1.34265,1.33898,1.3425099999999999,14185
1686052800,1.3425099999999999,1.34403,1.34146,1.34367,10380
1686067200,1.34372,1.34521,1.3401100000000001,1.34094,14235
1686081600,1.34094,1.34179,1.33995,1.34009,5348
1686096000,1.3401100000000001,1.34035,1.33878,1.3392,4056
1686110400,1.3392,1.34113,1.3388,1.34042,6179
1686124800,1.3404099999999999,1.34265,1.33874,1.33884,8311
1686139200,1.33883,1.34125,1.33752,1.34012,9884
1686153600,1.34016,1.34113,1.33208,1.33679,20185
1686168000,1.33677,1.33924,1.33676,1.33714,6561
1686182400,1.33697,1.33757,1.33569,1.33601,3356
1686196800,1.33601,1.3368,1.33504,1.33624,5844
1686211200,1.33625,1.33653,1.33338,1.3335,9373
1686225600,1.33348,1.33647,1.33348,1.33536,10972
1686240000,1.33539,1.33883,1.33452,1.33533,17251
1686254400,1.33532,1.33637,1.33494,1.33555,6130
1686268800,1.33498,1.33684,1.33488,1.33684,3366
1686283200,1.33685,1.33712,1.3361,1.33679,4637
1686297600,1.3368,1.33695,1.33322,1.33357,9054
1686312000,1.33357,1.3363800000000001,1.33165,1.33545,11242
1686326400,1.33545,1.33693,1.33129,1.3345799999999999,15613
1686340800,1.3345799999999999,1.33547,1.33395,1.33395,5449
1686528000,1.3334,1.33471,1.33327,1.3342100000000001,2792
1686542400,1.3342100000000001,1.33581,1.3342100000000001,1.33534,4030
1686556800,1.33534,1.33535,1.33163,1.33167,7964
1686571200,1.33167,1.33433,1.33145,1.3339400000000001,11567
1686585600,1.3339400000000001,1.33835,1.33382,1.33801,13665
1686600000,1.338,1.33833,1.33631,1.33642,6025
1686614400,1.33664,1.33697,1.33601,1.33663,3109
1686628800,1.33662,1.33782,1.33545,1.33629,5026
1686643200,1.33629,1.3369,1.33413,1.3351199999999999,10923
1686657600,1.33511,1.33587,1.3318699999999999,1.33256,13217
1686672000,1.33253,1.33348,1.32857,1.3290199999999999,17992
1686686400,1.32903,1.33167,1.3288,1.33131,8747
1686700800,1.33125,1.33194,1.33101,1.33144,2257
1686715200,1.33142,1.33161,1.33039,1.33087,4491
1686729600,1.3308499999999999,1.3317999999999999,1.32847,1.3289,8420
1686744000,1.3289,1.33091,1.3285,1.3306,9949
1686758400,1.33061,1.33071,1.32717,1.32799,12281
1686772800,1.32803,1.33527,1.32803,1.33239,23024
1686787200,1.33206,1.3332,1.33178,1.33314,3192
1686801600,1.33315,1.33544,1.3330600000000001,1.33393,5460
1686816000,1.33393,1.3351,1.33197,1.3327499999999999,7627
1686830400,1.3327499999999999,1.33399,1.33192,1.3326,9777
1686844800,1.3326,1.33266,1.32277,1.32335,15024
1686859200,1.32335,1.32364,1.32096,1.32202,6916
1686873600,1.32153,1.32276,1.32148,1.32267,2744
1686888000,1.32269,1.32394,1.32213,1.32345,6013
1686902400,1.32344,1.3237700000000001,1.32111,1.32211,12295
1686916800,1.32209,1.32331,1.32026,1.32157,9419
1686931200,1.32158,1.32211,1.31881,1.3193,17207
1686945600,1.31928,1.3201800000000001,1.31772,1.31963,8672
1687132800,1.31901,1.32126,1.31812,1.32107,3407
1687147200,1.32107,1.32288,1.32068,1.32177,5613
1687161600,1.32178,1.32191,1.3179,1.3195000000000001,8819
1687176000,1.3195000000000001,1.32095,1.31869,1.31916,8362
1687190400,1.31915,1.32173,1.31852,1.32153,7024
1687204800,1.32152,1.32185,1.32083,1.32088,1396
1687219200,1.32071,1.32126,1.32051,1.32088,4134
1687233600,1.3209,1.3231600000000001,1.32067,1.32304,6955
1687248000,1.32307,1.32389,1.32088,1.32176,11634
1687262400,1.32175,1.32466,1.32101,1.32356,12539
1687276800,1.32355,1.32697,1.32254,1.3237,18196
1687291200,1.3237,1.32404,1.32236,1.32329,8922
1687305600,1.3231600000000001,1.32343,1.322,1.32279,3618
1687320000,1.32279,1.32302,1.3209,1.32127,9068
1687334400,1.32125,1.32456,1.3211,1.32334,11783
1687348800,1.32333,1.32373,1.32065,1.32125,14163
1687363200,1.32127,1.3221,1.31665,1.31685,20962
1687377600,1.31685,1.31726,1.31568,1.31626,7876
1687392000,1.31619,1.31638,1.31552,1.31555,3344
1687406400,1.31556,1.31649,1.31511,1.3164799999999999,5700
1687420800,1.3164799999999999,1.31681,1.31385,1.31464,12230
1687435200,1.31464,1.31699,1.31409,1.31639,12569
1687449600,1.31641,1.31792,1.31498,1.31565,17440
1687464000,1.31563,1.31677,1.31449,1.3151,8648
1687478400,1.31516,1.31538,1.31429,1.31447,3463
1687492800,1.31446,1.3195299999999999,1.31444,1.31911,7702
1687507200,1.31911,1.32065,1.31762,1.32051,14040
1687521600,1.32053,1.32257,1.31955,1.32169,12929
1687536000,1.32168,1.3219699999999999,1.31844,1.31982,17766
1687550400,1.3197999999999999,1.3202,1.31784,1.31806,7173
1687737600,1.31791,1.31798,1.31608,1.31662,3813
1687752000,1.31662,1.31729,1.31531,1.31625,7851
1687766400,1.31625,1.31697,1.31383,1.31678,12142
1687780800,1.31683,1.31707,1.31356,1.31544,9311
1687795200,1.31544,1.3176700000000001,1.31388,1.31456,14799
1687809600,1.31459,1.31561,1.31384,1.31546,7188
1687824000,1.31439,1.31547,1.31439,1.3153000000000001,4111
1687838400,1.3153000000000001,1.31547,1.31211,1.313,10115
1687852800,1.313,1.31389,1.31164,1.31371,12138
1687867200,1.31371,1.31773,1.3136999999999999,1.3161100000000001,12569
1687881600,1.3161100000000001,1.31893,1.3152,1.31841,18617
1687896000,1.31841,1.3191,1.31745,1.319,6481
1687910400,1.31915,1.32035,1.31886,1.32013,3871
1687924800,1.32013,1.32175,1.31982,1.32166,8108
1687939200,1.32165,1.32345,1.32049,1.32216,9445
1687953600,1.32216,1.32756,1.32117,1.32722,11963
1687968000,1.32722,1.32762,1.32394,1.32492,21719
1687982400,1.32492,1.3259,1.3246,1.3256999999999999,7103
1687996800,1.32539,1.32598,1.32489,1.32519,4046
1688011200,1.32519,1.32754,1.32424,1.32727,6935
1688025600,1.32729,1.3278699999999999,1.3259,1.32636,10923
1688040000,1.32635,1.32851,1.32522,1.3277700000000001,11915
1688054400,1.32769,1.3285,1.32397,1.32501,17454
1688068800,1.325,1.32581,1.32388,1.32545,6984
1688083200,1.32404,1.32582,1.32404,1.32545,4008
1688097600,1.32545,1.32606,1.32402,1.32458,6465
1688112000,1.32456,1.32682,1.32424,1.32573,10788
1688126400,1.32576,1.32836,1.32505,1.3268900000000001,11641
1688140800,1.3268900000000001,1.32712,1.32064,1.3229,17850
1688155200,1.32288,1.32504,1.32198,1.32471,7936
1688342400,1.32375,1.32575,1.32366,1.3256299999999999,2930
1688356800,1.3256299999999999,1.32573,1.3237999999999999,1.32401,6805
1688371200,1.32401,1.32732,1.32401,1.3265,10960
1688385600,1.32651,1.3269,1.3244099999999999,1.32513,10456
1688400000,1.32514,1.32621,1.32301,1.32512,12708
1688414400,1.32511,1.32564,1.3247900000000001,1.325,1638
1688428800,1.32459,1.32508,1.3243800000000001,1.32489,2325
1688443200,1.32489,1.32569,1.32431,1.32519,6979
1688457600,1.32519,1.32555,1.3228900000000001,1.32376,8816
1688472000,1.32376,1.32402,1.32063,1.32065,6908
1688486400,1.32066,1.32245,1.32028,1.32189,6081
1688500800,1.32189,1.32276,1.32173,1.32232,1697
1688515200,1.32188,1.32256,1.32182,1.32224,2292
1688529600,1.32223,1.32364,1.32209,1.32364,5362
1688544000,1.32364,1.32734,1.32257,1.32725,11509
1688558400,1.32724,1.3293,1.32633,1.3278400000000001,11282
1688572800,1.32783,1.32806,1.32427,1.32742,16279
1688587200,1.32741,1.32863,1.32675,1.32819,6622
1688601600,1.32782,1.32897,1.32758,1.3288,3167
1688616000,1.3288,1.3306,1.32793,1.32951,6727
1688630400,1.3295,1.33056,1.32815,1.32965,12047
1688644800,1.32966,1.3329,1.32748,1.33205,16016
1688659200,1.3320400000000001,1.33697,1.3303099999999999,1.33597,21963
1688673600,1.33596,1.33723,1.33539,1.33693,6457
1688688000,1.33613,1.3373300000000001,1.33563,1.33693,3867
1688702400,1.33693,1.33694,1.33593,1.3363800000000001,6970
1688716800,1.33637,1.33869,1.3357700000000001,1.33746,10911
1688731200,1.33746,1.33752,1.33168,1.3332899999999999,13352
1688745600,1.33331,1.33483,1.32672,1.32683,19805
1688760000,1.32684,1.32803,1.32657,1.32764,6139
1688947200,1.3268900000000001,1.32864,1.32688,1.32837,4806
1688961600,1.32839,1.32949,1.32722,1.32923,7573
1688976000,1.32925,1.33025,1.32738,1.32793,11064
1688990400,1.32793,1.33022,1.32779,1.33,11499
1689004800,1.32999,1.3304,1.32682,1.32865,16606
1689019200,1.32865,1.32889,1.32734,1.32798,6495
1689033600,1.32742,1.32806,1.32641,1.32657,2814
1689048000,1.3265799999999999,1.32718,1.32529,1.32632,6936
1689062400,1.32636,1.32805,1.3244500000000001,1.32763,14151
1689076800,1.32763,1.32858,1.3262,1.32826,13486
1689091200,1.32824,1.32895,1.32453,1.32487,14913
1689105600,1.32487,1.3256299999999999,1.323,1.3231,6828
1689120000,1.32288,1.32331,1.32154,1.32183,3829
1689134400,1.32186,1.32192,1.31993,1.32047,8497
1689148800,1.3204799999999999,1.32275,1.32035,1.32117,10016
1689163200,1.32123,1.32322,1.31961,1.32221,13959
1689177600,1.32216,1.32336,1.31433,1.31886,24491
1689192000,1.31882,1.3199,1.31815,1.31857,9272
1689206400,1.31795,1.31876,1.3175,1.31861,4225
1689220800,1.31861,1.31944,1.3166,1.31765,7595
1689235200,1.3176700000000001,1.31857,1.31522,1.31601,13269
1689249600,1.31601,1.31749,1.31501,1.3158699999999999,14375
1689264000,1.3158699999999999,1.31749,1.31064,1.3119100000000001,18738
1689278400,1.31192,1.31272,1.31033,1.31095,8175
1689292800,1.31079,1.31151,1.31051,1.31128,4601
1689307200,1.31128,1.31155,1.30922,1.30988,8456
1689321600,1.3099,1.31383,1.30987,1.31195,11015
1689336000,1.31195,1.31291,1.3106,1.31166,10560
1689350400,1.31165,1.322,1.31148,1.32156,20150
1689364800,1.3216,1.32268,1.32032,1.32184,6760
1689552000,1.32087,1.32321,1.32078,1.32245,2665
1689566400,1.32245,1.3231899999999999,1.32189,1.3219400000000001,5575
1689580800,1.3219400000000001,1.32249,1.32115,1.3220399999999999,8461
1689595200,1.3220399999999999,1.32241,1.32043,1.32103,11544
1689609600,1.32102,1.32158,1.31607,1.31763,14793
1689624000,1.31764,1.32027,1.31757,1.3198699999999999,5694
1689638400,1.31945,1.32044,1.31853,1.31976,2932
1689652800,1.31976,1.3201800000000001,1.31843,1.31905,7671
1689667200,1.31906,1.3213,1.31842,1.32124,10075
1689681600,1.32124,1.32259,1.31848,1.32202,13167
1689696000,1.32202,1.32429,1.3167,1.31878,20593
1689710400,1.31878,1.31941,1.31676,1.31681,6752
1689724800,1.31671,1.31729,1.31617,1.31693,3270
1689739200,1.31693,1.31792,1.31653,1.31768,7587
1689753600,1.31769,1.31844,1.31627,1.31726,12019
1689768000,1.31726,1.31931,1.31661,1.3182,11028
1689782400,1.31821,1.31871,1.31556,1.31724,22362
1689796800,1.31724,1.31754,1.31579,1.3164500000000001,8949
1689811200,1.31646,1.3168,1.3152599999999999,1.31562,2916
1689825600,1.31565,1.31573,1.31328,1.31452,11002
1689840000,1.31452,1.31563,1.31229,1.31238,11353
1689854400,1.31238,1.31529,1.31193,1.31482,12307
1689868800,1.31483,1.31947,1.31448,1.318,19995
1689883200,1.3180100000000001,1.31822,1.31646,1.31726,8224
1689897600,1.31708,1.31783,1.31665,1.31697,3842
1689912000,1.31699,1.31792,1.31617,1.3168,6973
1689926400,1.3168,1.31825,1.31527,1.31775,11561
1689940800,1.31775,1.3211,1.31536,1.32104,12264
1689955200,1.32104,1.32263,1.31969,1.32118,16735
1689969600,1.32118,1.32239,1.3204500000000001,1.3223,6770
1690156800,1.32147,1.32272,1.321,1.32172,2806
1690171200,1.32172,1.32285,1.32144,1.32175,7815
1690185600,1.32175,1.32215,1.3195299999999999,1.31999,11271
1690200000,1.31999,1.3204799999999999,1.31817,1.31945,12108
1690214400,1.31947,1.32039,1.3152,1.31539,19643
1690228800,1.31539,1.31741,1.3149899999999999,1.31685,6998
1690243200,1.3166,1.3177400000000001,1.31617,1.31712,3852
1690257600,1.3171300000000001,1.3171599999999999,1.3152599999999999,1.31627,8178
1690272000,1.3163,1.31691,1.31464,1.3162099999999999,11562
1690286400,1.31622,1.31942,1.3161399999999999,1.3186200000000001,11968
1690300800,1.3186499999999999,1.32094,1.3176,1.31875,15651
1690315200,1.31874,1.31891,1.31661,1.31728,5824
1690329600,1.3167,1.31901,1.31661,1.3189199999999999,4460
1690344000,1.31893,1.32022,1.31821,1.31905,7515
1690358400,1.31905,1.31996,1.3171599999999999,1.31973,10042
1690372800,1.31973,1.32355,1.31956,1.3231600000000001,10703
1690387200,1.3231600000000001,1.32346,1.3198699999999999,1.32227,17853
1690401600,1.3222800000000001,1.3237700000000001,1.31925,1.32054,19916
1690416000,1.32073,1.32098,1.31861,1.31866,4222
1690430400,1.31866,1.31877,1.31626,1.31717,9291
1690444800,1.3171599999999999,1.31868,1.31619,1.31637,10884
1690459200,1.31635,1.3187,1.31576,1.31741,14219
1690473600,1.31742,1.32006,1.31738,1.31905,19744
1690488000,1.31904,1.32429,1.31841,1.32247,13925
1690502400,1.3220100000000001,1.32329,1.32158,1.32329,4318
1690516800,1.3233,1.32486,1.3220100000000001,1.32404,13019
1690531200,1.32404,1.3247499999999999,1.32182,1.3241100000000001,15016
1690545600,1.3241100000000001,1.32428,1.32004,1.32175,13644
1690560000,1.32177,1.32425,1.32175,1.32301,18080
1690574400,1.32302,1.32493,1.32295,1.32461,7682
1690761600,1.32312,1.32541,1.32312,1.32477,4303
1690776000,1.32476,1.32617,1.324,1.32527,8733
1690790400,1.32528,1.32575,1.3229600000000001,1.32337,10269
1690804800,1.32337,1.32369,1.3205,1.32094,8024
1690819200,1.32094,1.32118,1.31508,1.31647,14088
1690833600,1.3165,1.31921,1.31607,1.31873,7554
1690848000,1.31846,1.3195299999999999,1.31785,1.3194,3242
1690862400,1.31938,1.32303,1.3192599999999999,1.32198,7413
1690876800,1.32203,1.32599,1.3214299999999999,1.32534,11079
1690891200,1.32537,1.32984,1.32508,1.32939,12444
1690905600,1.3294000000000001,1.32998,1.3265799999999999,1.32961,16488
1690920000,1.32962,1.32999,1.3277999999999999,1.32821,6955
1690934400,1.3277,1.3281399999999999,1.32616,1.32773,5559
1690948800,1.32773,1.32983,1.32708,1.32948,10041
1690963200,1.32948,1.33163,1.32883,1.3311899999999999,11298
1690977600,1.3311899999999999,1.33223,1.3302100000000001,1.33154,12794
1690992000,1.33158,1.33486,1.33102,1.33295,18292
1691006400,1.33293,1.33526,1.3327200000000001,1.33515,7931
1691020800,1.33364,1.33506,1.33347,1.3348200000000001,3029
1691035200,1.33484,1.33585,1.33343,1.33583,7690
1691049600,1.33583,1.3378,1.33457,1.33765,11908
1691064000,1.33764,1.33771,1.33472,1.33531,14454
1691078400,1.3353,1.33725,1.33286,1.3333599999999999,20633
1691092800,1.33335,1.33602,1.33315,1.33567,7239
1691107200,1.33491,1.33558,1.3338999999999999,1.3338999999999999,2812
1691121600,1.3338999999999999,1.33559,1.33343,1.33537,8778
1691136000,1.33537,1.3370199999999999,1.33444,1.33678,10854
1691150400,1.33678,1.33937,1.33561,1.3364500000000001,14798
1691164800,1.33646,1.33725,1.3319,1.33217,20171
1691179200,1.33217,1.33904,1.3321,1.33822,9614
1691366400,1.3364099999999999,1.33827,1.33631,1.33692,4031
1691380800,1.33695,1.3384800000000001,1.33677,1.33771,7540
1691395200,1.33771,1.33925,1.337,1.33843,9836
1691409600,1.33844,1.33991,1.3358400000000001,1.33596,7817
1691424000,1.33594,1.33867,1.33557,1.33698,14350
1691438400,1.33698,1.33723,1.3361100000000001,1.33681,6321
1691452800,1.33667,1.33757,1.33591,1.33738,3055
1691467200,1.33737,1.33984,1.3373599999999999,1.33922,8464
1691481600,1.33924,1.34369,1.33911,1.34231,10461
1691496000,1.34229,1.35018,1.34206,1.34852,12384
1691510400,1.34855,1.34971,1.34353,1.34439,17786
1691524800,1.34439,1.34456,1.34101,1.34183,7997
1691539200,1.34198,1.34292,1.34105,1.3429,3658
1691553600,1.3429,1.3431,1.34108,1.3416299999999999,6504
1691568000,1.34162,1.3424,1.34039,1.34173,9377
1691582400,1.34172,1.34538,1.34074,1.34445,10586
1691596800,1.34445,1.3449200000000001,1.3416000000000001,1.34331,18222
1691611200,1.3433,1.34331,1.34076,1.34227,7855
1691625600,1.34134,1.34236,1.34118,1.34182,2637
1691640000,1.34182,1.34239,1.34078,1.34185,5324
1691654400,1.34188,1.3419699999999999,1.33866,1.34073,9014
1691668800,1.34073,1.3412,1.33718,1.33903,12555
1691683200,1.33906,1.3419699999999999,1.33766,1.34179,23324
1691697600,1.34179,1.34497,1.34151,1.34475,13196
1691712000,1.3434599999999999,1.3448,1.34336,1.3437000000000001,3473
1691726400,1.34369,1.34452,1.34268,1.34442,6936
1691740800,1.34442,1.34566,1.34298,1.34454,10271
1691755200,1.34454,1.34659,1.34314,1.34592,12743
1691769600,1.34592,1.34646,1.34122,1.34437,19331
1691784000,1.34436,1.34514,1.34371,1.34453,6436
1691971200,1.34336,1.34509,1.34327,1.34493,4586
1691985600,1.34494,1.34696,1.34451,1.3463,7688
1692000000,1.3463,1.34668,1.34418,1.34497,11676
1692014400,1.34497,1.34657,1.34378,1.34573,12059
1692028800,1.34574,1.34798,1.3444,1.3456299999999999,18334
1692043200,1.34562,1.34723,1.34501,1.34608,8187
1692057600,1.34576,1.34671,1.34555,1.34606,2446
1692072000,1.34608,1.34699,1.34423,1.34458,8494
1692086400,1.34456,1.34949,1.34388,1.34835,12083
1692100800,1.34835,1.35004,1.34478,1.34662,15459
1692115200,1.34665,1.34935,1.34454,1.34852,22634
1692129600,1.34852,1.35015,1.3483100000000001,1.3498,7651
1692144000,1.34989,1.35029,1.3489200000000001,1.3496299999999999,3786
1692158400,1.34966,1.35095,1.34913,1.34976,6848
1692172800,1.34976,1.35098,1.34751,1.34801,12148
1692187200,1.34803,1.35064,1.3475,1.3506,12720
1692201600,1.35061,1.353,1.34812,1.35288,22786
1692216000,1.35289,1.35447,1.3517700000000001,1.35303,14186
1692230400,1.35316,1.3549,1.35211,1.35454,4744
1692244800,1.35456,1.35521,1.35275,1.35287,10307
1692259200,1.35289,1.35465,1.35176,1.35277,13791
1692273600,1.35278,1.35345,1.34969,1.35062,15260
1692288000,1.35065,1.353,1.34959,1.35206,19065
1692302400,1.3520400000000001,1.35517,1.35187,1.3546,9559
1692316800,1.3531,1.3548200000000001,1.35309,1.35384,3600
1692331200,1.35385,1.35495,1.35243,1.3547500000000001,9481
1692345600,1.3547500000000001,1.35555,1.35338,1.35426,15194
1692360000,1.35426,1.35747,1.35317,1.35696,13623
1692374400,1.35697,1.35714,1.35354,1.35366,21250
1692388800,1.35366,1.3555,1.35332,1.35488,7825
1692576000,1.35433,1.355,1.35371,1.35429,3867
1692590400,1.3543,1.35547,1.35344,1.35429,7462
1692604800,1.35429,1.3549,1.35286,1.35311,11832
1692619200,1.35311,1.35315,1.34959,1.3508499999999999,13338
1692633600,1.35086,1.35728,1.3508499999999999,1.35571,20209
1692648000,1.35569,1.35589,1.35407,1.3544800000000001,8569
1692662400,1.35443,1.35541,1.35382,1.35472,3386
1692676800,1.35472,1.3551199999999999,1.35344,1.35449,9024
1692691200,1.35449,1.35504,1.35245,1.35304,13088
1692705600,1.35304,1.35375,1.35128,1.35354,11775
1692720000,1.35355,1.35649,1.3525,1.35529,18124
1692734400,1.3553,1.35638,1.35513,1.3552,7869
1692748800,1.3544,1.3553899999999999,1.35407,1.35474,3005
1692763200,1.3547799999999999,1.355,1.35324,1.35385,7408
1692777600,1.3538700000000001,1.35606,1.35354,1.3550499999999999,12386
1692792000,1.35506,1.35972,1.35489,1.35935,13622
1692806400,1.35935,1.3604,1.35227,1.35273,17410
1692820800,1.35269,1.35429,1.35201,1.35246,8128
1692835200,1.35225,1.35285,1.35145,1.35217,3942
1692849600,1.35215,1.35333,1.35128,1.35132,7904
1692864000,1.35132,1.35411,1.35097,1.35317,11991
1692878400,1.35317,1.35601,1.35286,1.3556599999999999,11985
1692892800,1.35569,1.35874,1.35494,1.35645,20816
1692907200,1.35648,1.35889,1.35605,1.35824,8820
1692921600,1.35734,1.35877,1.3572199999999999,1.35825,3714
1692936000,1.35824,1.3601,1.35797,1.3600400000000001,5336
1692950400,1.3600400000000001,1.36022,1.35795,1.35799,10879
1692964800,1.35801,1.35933,1.35689,1.3590200000000001,8816
1692979200,1.3590200000000001,1.36399,1.3572899999999999,1.36155,25258
1692993600,1.36155,1.36295,1.35883,1.36042,10300
1693180800,1.35886,1.36005,1.35854,1.3596300000000001,3498
1693195200,1.3596300000000001,1.35967,1.35829,1.35923,7377
1693209600,1.35923,1.36045,1.35836,1.36007,7196
1693224000,1.36007,1.36062,1.35886,1.35989,8532
1693238400,1.3599,1.36117,1.357,1.35921,16362
1693252800,1.35921,1.3609499999999999,1.35894,1.35992,7927
1693267200,1.35934,1.36048,1.35893,1.36038,4064
1693281600,1.36038,1.36056,1.35861,1.35938,6775
1693296000,1.3593899999999999,1.36129,1.3588,1.36124,10882
1693310400,1.36124,1.36372,1.35986,1.36326,11477
1693324800,1.36325,1.36368,1.35782,1.3585099999999999,18911
1693339200,1.3585,1.3585,1.35493,1.35501,9159
1693353600,1.3551199999999999,1.35707,1.35499,1.35633,2796
1693368000,1.35633,1.35768,1.35605,1.35738,8175
1693382400,1.35737,1.35766,1.3557299999999999,1.35642,14119
1693396800,1.35642,1.35673,1.35321,1.35386,13556
1693411200,1.35388,1.35499,1.35128,1.3532199999999999,18384
1693425600,1.3532199999999999,1.35476,1.35237,1.35327,7957
1693440000,1.35263,1.35369,1.35211,1.35337,4339
1693454400,1.35336,1.35406,1.3520400000000001,1.35374,6250
1693468800,1.35374,1.3548200000000001,1.35306,1.35419,9067
1693483200,1.35419,1.35576,1.35224,1.35275,12460
1693497600,1.35276,1.35549,1.35144,1.35453,19025
1693512000,1.35453,1.35458,1.35039,1.35084,7192
1693526400,1.35128,1.35159,1.3504800000000001,1.35103,3403
1693540800,1.35102,1.35151,1.34887,1.35087,6601
1693555200,1.35087,1.35213,1.34939,1.35098,8203
1693569600,1.35099,1.35554,1.34949,1.35433,12486
1693584000,1.35434,1.3612600000000001,1.35333,1.3603100000000001,24617
1693598400,1.3603100000000001,1.36039,1.35903,1.35917,6123
1693785600,1.35876,1.35985,1.35843,1.35935,2267
1693800000,1.35935,1.35981,1.3583,1.35837,6482
1693814400,1.3584,1.36014,1.35751,1.3596300000000001,7823
1693828800,1.3596300000000001,1.3604,1.3591,1.35993,4639
1693843200,1.3599,1.36047,1.35885,1.3595,4918
1693857600,1.3595,1.35955,1.35921,1.35929,979
1693872000,1.3590200000000001,1.36046,1.3585099999999999,1.36008,3093
1693886400,1.36008,1.36188,1.35972,1.36142,5962
1693900800,1.36143,1.36693,1.36118,1.3661400000000001,13620
1693915200,1.36615,1.36626,1.3630900000000001,1.36357,12480
1693929600,1.36356,1.36429,1.3599,1.36123,18758
1693944000,1.36123,1.36446,1.36123,1.3639000000000001,6377
1693958400,1.36331,1.36493,1.3627500000000001,1.36465,2741
1693972800,1.36465,1.36568,1.36401,1.36401,6006
1693987200,1.36402,1.36717,1.36261,1.36526,11293
1694001600,1.36526,1.3661699999999999,1.36399,1.36513,9066
1694016000,1.36513,1.36761,1.3622,1.36615,20504
1694030400,1.36618,1.36664,1.36347,1.36352,6119
1694044800,1.36358,1.36481,1.36319,1.3644,2878
1694059200,1.3644,1.36532,1.36355,1.36513,5418
1694073600,1.36516,1.36551,1.36318,1.36447,11035
1694088000,1.36446,1.36654,1.36381,1.36525,11927
1694102400,1.36526,1.3694,1.36452,1.36899,15159
1694116800,1.36898,1.36901,1.36733,1.36839,5946
1694131200,1.36788,1.36867,1.36758,1.36798,2406
1694145600,1.36798,1.36894,1.36657,1.36685,4404
1694160000,1.36685,1.36728,1.3652199999999999,1.36685,9095
1694174400,1.36684,1.3676,1.36076,1.36231,12615
1694188800,1.36232,1.36439,1.36093,1.36283,15705
1694203200,1.36284,1.36466,1.36252,1.36405,6559
1694390400,1.36308,1.36368,1.36238,1.363,5881
1694404800,1.36301,1.3633199999999999,1.36012,1.36015,8712
1694419200,1.36014,1.36074,1.35872,1.36012,10248
1694433600,1.36012,1.36017,1.35713,1.35723,9185
1694448000,1.35723,1.36012,1.3560699999999999,1.35728,14229
1694462400,1.35731,1.35863,1.35666,1.35743,4458
1694476800,1.35708,1.3587500000000001,1.35679,1.35842,3660
1694491200,1.35847,1.3593199999999999,1.35718,1.3583,7398
1694505600,1.35833,1.35895,1.3573,1.3582,9436
1694520000,1.3582,1.3589,1.35589,1.35779,10602
1694534400,1.35782,1.35859,1.35435,1.35575,13721
1694548800,1.35574,1.35629,1.35484,1.35498,6267
1694563200,1.3550200000000001,1.35569,1.35477,1.35525,3089
1694577600,1.35525,1.35669,1.35471,1.35541,9156
1694592000,1.35542,1.35746,1.355,1.35595,12789
1694606400,1.35594,1.35868,1.35456,1.35528,17685
1694620800,1.3553,1.35651,1.3520699999999999,1.35464,20322
1694635200,1.35465,1.35696,1.35428,1.35506,9211
1694649600,1.3547799999999999,1.35538,1.35314,1.35327,3298
1694664000,1.35327,1.35499,1.35304,1.35338,7532
1694678400,1.3534,1.35428,1.35263,1.35304,9389
1694692800,1.35305,1.35427,1.3514300000000001,1.3523399999999999,15467
1694707200,1.35237,1.35355,1.34932,1.34951,21520
1694721600,1.34951,1.35186,1.3495,1.35062,7228
1694736000,1.35066,1.35174,1.35029,1.35134,2948
1694750400,1.35133,1.35163,1.34937,1.3496000000000001,8358
1694764800,1.34957,1.35144,1.34948,1.3508200000000001,11595
1694779200,1.35083,1.3541699999999999,1.35016,1.35394,10679
1694793600,1.35399,1.35498,1.35023,1.35184,19676
1694808000,1.35185,1.3534,1.35153,1.35247,8869
1694995200,1.35169,1.3526500000000001,1.35169,1.35188,2360
1695009600,1.35188,1.3528,1.35102,1.35113,5996
1695024000,1.35113,1.35187,1.34955,1.3511,9531
1695038400,1.3511,1.35162,1.34975,1.35006,7078
1695052800,1.35006,1.35149,1.34717,1.3479999999999999,15405
1695067200,1.3479999999999999,1.34968,1.34752,1.34839,5364
1695081600,1.34855,1.34889,1.34774,1.34823,4571
1695096000,1.34824,1.34884,1.34762,1.3477299999999999,5533
1695110400,1.3477299999999999,1.34839,1.3442,1.34516,9901
1695124800,1.3452,1.3458700000000001,1.3378999999999999,1.3399,12122
1695139200,1.3399,1.34475,1.33837,1.34443,17716
1695153600,1.34444,1.34479,1.3436,1.34464,6656
1695168000,1.34419,1.34491,1.34418,1.3446,4297
1695182400,1.34462,1.34644,1.34444,1.3458999999999999,5570
1695196800,1.3458999999999999,1.34626,1.34393,1.34463,8861
1695211200,1.34463,1.3447200000000001,1.34231,1.34379,8174
1695225600,1.34379,1.34386,1.33956,1.34039,14382
1695240000,1.34039,1.3477299999999999,1.3403800000000001,1.34612,19227
1695254400,1.34471,1.34852,1.34471,1.34832,4410
1695268800,1.34832,1.35007,1.34749,1.34897,6613
1695283200,1.34896,1.3501400000000001,1.34836,1.34949,9906
1695297600,1.34949,1.35196,1.3491,1.3504800000000001,13174
1695312000,1.35047,1.35235,1.34686,1.34763,18035
1695326400,1.34763,1.34886,1.34604,1.34835,7449
1695340800,1.3475,1.34817,1.34666,1.34764,3077
1695355200,1.34765,1.34811,1.34596,1.34635,5825
1695369600,1.34635,1.3483800000000001,1.34589,1.34628,11351
1695384000,1.34628,1.34641,1.34234,1.34457,9141
1695398400,1.34452,1.3477700000000001,1.34352,1.3471,13908
1695412800,1.34711,1.34915,1.34662,1.3482,7544
1695600000,1.34707,1.34818,1.3465,1.34745,5721
1695614400,1.34745,1.3489499999999999,1.34715,1.34814,6120
1695628800,1.34814,1.3489499999999999,1.34722,1.3484099999999999,7387
1695643200,1.3484,1.3484099999999999,1.34539,1.34659,7294
1695657600,1.3466,1.34918,1.34612,1.3468,14699
1695672000,1.3468,1.34757,1.3453,1.3453300000000001,6629
1695686400,1.34519,1.3461,1.34487,1.34596,2618
1695700800,1.3459400000000001,1.34801,1.3453300000000001,1.34754,5359
1695715200,1.34754,1.34997,1.34733,1.3490199999999999,11266
1695729600,1.3490199999999999,1.3511600000000001,1.34821,1.34999,12316
1695744000,1.34999,1.35156,1.34862,1.3510499999999999,18376
1695758400,1.3510499999999999,1.35279,1.3508499999999999,1.35168,9023
1695772800,1.35131,1.3525,1.3504,1.35215,4121
1695787200,1.35215,1.35242,1.35012,1.35188,8863
1695801600,1.35189,1.35254,1.35114,1.35192,7923
1695816000,1.35191,1.35376,1.35101,1.35127,10366
1695830400,1.35131,1.35217,1.35019,1.35171,16842
1695844800,1.35169,1.35429,1.3495,1.35002,11537
1695859200,1.34997,1.3504800000000001,1.34908,1.3491,3182
1695873600,1.3491,1.35004,1.34824,1.3489900000000001,7996
1695888000,1.3489900000000001,1.35137,1.3486500000000001,1.34971,10608
1695902400,1.34973,1.35064,1.34757,1.3495599999999999,12863
1695916800,1.34958,1.35046,1.34705,1.34845,22839
1695931200,1.34845,1.3516,1.34832,1.34857,10830
1695945600,1.34851,1.35067,1.3480400000000001,1.35034,3226
1695960000,1.35033,1.35053,1.34754,1.34803,7662
1695974400,1.3480400000000001,1.34836,1.3442,1.3450199999999999,9384
1695988800,1.34506,1.34521,1.34166,1.34287,11952
1696003200,1.3428499999999999,1.35486,1.3428200000000001,1.35446,24950
1696017600,1.3544800000000001,1.3584800000000001,1.35447,1.35684,12723
1696204800,1.3568,1.35813,1.3556300000000001,1.3574899999999999,4639
1696219200,1.35751,1.35883,1.35699,1.35882,5009
1696233600,1.35887,1.3600400000000001,1.35613,1.35945,8693
1696248000,1.35945,1.3627500000000001,1.35934,1.36253,11977
1696262400,1.36254,1.36795,1.36225,1.36776,24555
1696276800,1.36777,1.36779,1.36552,1.36735,10085
1696291200,1.36595,1.36863,1.36595,1.36804,4193
1696305600,1.36806,1.37119,1.36779,1.37099,8042
1696320000,1.371,1.3716,1.36855,1.36972,11077
1696334400,1.36972,1.3728,1.3694899999999999,1.3706800000000001,13553
1696348800,1.37067,1.37356,1.36825,1.37152,30981
1696363200,1.37152,1.37235,1.36977,1.37084,11658
1696377600,1.37063,1.37134,1.36985,1.37025,3346
1696392000,1.37025,1.37196,1.36954,1.36974,7999
1696406400,1.36972,1.37236,1.36941,1.36951,14354
1696420800,1.36951,1.37208,1.369,1.37185,14720
1696435200,1.37186,1.37792,1.37131,1.37363,26216
1696449600,1.37362,1.3761,1.37337,1.37438,11580
1696464000,1.37453,1.37555,1.37325,1.37397,4244
1696478400,1.374,1.374,1.37103,1.37157,5951
1696492800,1.37157,1.37839,1.37152,1.37836,11424
1696507200,1.3783699999999999,1.37852,1.3749799999999999,1.3755600000000001,14227
1696521600,1.3755600000000001,1.37635,1.37222,1.3725,26850
1696536000,1.37249,1.37296,1.37039,1.3704399999999999,10523
1696550400,1.3705,1.37138,1.37008,1.37089,3767
1696564800,1.3709,1.37145,1.37024,1.3714,5768
1696579200,1.3714,1.37275,1.3695300000000001,1.3710200000000001,10551
1696593600,1.37103,1.37447,1.3697300000000001,1.3713899999999999,16694
1696608000,1.3713899999999999,1.37293,1.36518,1.3670499999999999,35007
1696622400,1.3670499999999999,1.36741,1.36436,1.36618,9690
1696809600,1.36733,1.36791,1.36403,1.36406,7795
1696824000,1.36407,1.36626,1.36398,1.36616,8401
1696838400,1.36616,1.36762,1.36436,1.36612,12634
1696852800,1.36611,1.36703,1.36456,1.36471,14291
1696867200,1.36472,1.36475,1.36125,1.36212,22386
1696881600,1.36212,1.3622,1.35808,1.35886,11078
1696896000,1.359,1.35941,1.35748,1.35782,5687
1696910400,1.35782,1.35864,1.35689,1.3584800000000001,9017
1696924800,1.3584800000000001,1.36169,1.35774,1.35852,17787
1696939200,1.35852,1.36067,1.35852,1.35958,16900
1696953600,1.35958,1.36077,1.35761,1.35801,24284
1696968000,1.35804,1.35994,1.3575599999999999,1.35827,12783
1696982400,1.35831,1.3586,1.35711,1.35806,3398
1696996800,1.35808,1.35948,1.35786,1.35907,5453
1697011200,1.3590900000000001,1.36007,1.35816,1.35951,13253
1697025600,1.35954,1.36151,1.3584800000000001,1.3588,17174
1697040000,1.35882,1.36193,1.35794,1.36063,28140
1697054400,1.3606099999999999,1.36236,1.35915,1.35917,10920
1697068800,1.35896,1.35976,1.35858,1.35877,3988
1697083200,1.35877,1.3597000000000001,1.35825,1.35866,5976
1697097600,1.35866,1.35952,1.3578000000000001,1.35925,12387
1697112000,1.35924,1.36094,1.3582,1.36008,14983
1697126400,1.36008,1.3676300000000001,1.35958,1.36685,28313
1697140800,1.36685,1.37002,1.36665,1.36914,15402
1697155200,1.36847,1.3694,1.36795,1.36816,4536
1697169600,1.36816,1.36883,1.36777,1.36868,7299
1697184000,1.36868,1.36889,1.36598,1.36689,9684
1697198400,1.36692,1.36884,1.36587,1.3661400000000001,17159
1697212800,1.3661400000000001,1.36814,1.36361,1.36542,21137
1697227200,1.36543,1.3670900000000001,1.36507,1.36595,9166
1697414400,1.36496,1.36571,1.36395,1.36513,5391
1697428800,1.3651200000000001,1.36517,1.36378,1.3642,5735
1697443200,1.36421,1.36552,1.36324,1.36455,9884
1697457600,1.3645800000000001,1.36486,1.3612600000000001,1.36142,10260
1697472000,1.36142,1.3638,1.36077,1.3608,16652
1697486400,1.3608,1.36208,1.3606,1.36099,7713
1697500800,1.36086,1.36173,1.36037,1.36142,3537
1697515200,1.36142,1.36323,1.36142,1.36317,5021
1697529600,1.36317,1.36443,1.36174,1.36423,8547
1697544000,1.36423,1.37025,1.36247,1.36848,13615
1697558400,1.36847,1.36909,1.36208,1.36406,23514
1697572800,1.36406,1.36581,1.3633600000000001,1.36472,10386
1697587200,1.3645,1.36581,1.36411,1.36575,2892
1697601600,1.3657599999999999,1.3657599999999999,1.36301,1.3636300000000001,7318
1697616000,1.36364,1.36399,1.3624399999999999,1.36327,12619
1697630400,1.36327,1.36664,1.36167,1.36628,14444
1697644800,1.36627,1.37114,1.3645800000000001,1.3700999999999999,24486
1697659200,1.37012,1.3716,1.36772,1.3715899999999999,13837
1697673600,1.37116,1.3721700000000001,1.37084,1.37169,4562
1697688000,1.37168,1.37353,1.3709,1.37292,7296
1697702400,1.37293,1.37367,1.3716599999999999,1.37364,13636
1697716800,1.37364,1.37408,1.3713600000000001,1.37311,13568
1697731200,1.37308,1.37351,1.36846,1.3691,28938
1697745600,1.36911,1.37223,1.36789,1.3719000000000001,19317
1697760000,1.3717,1.3726,1.37109,1.37238,3921
1697774400,1.3724,1.37339,1.37042,1.3712900000000001,7249
1697788800,1.37128,1.3728799999999999,1.36872,1.36924,13085
1697803200,1.36924,1.37088,1.36818,1.36862,13003
1697817600,1.3686099999999999,1.3704399999999999,1.36693,1.36931,21759
1697832000,1.36931,1.37137,1.3688,1.37099,12856
1698019200,1.37045,1.3716300000000001,1.36845,1.37108,4397
1698033600,1.37109,1.37207,1.37062,1.3716300000000001,7108
1698048000,1.3716300000000001,1.37353,1.37082,1.3711,10394
1698062400,1.3711,1.37366,1.37018,1.37094,15341
1698076800,1.37094,1.37348,1.3672,1.3672,24660
1698091200,1.3672,1.3697599999999999,1.36672,1.36905,12597
1698105600,1.36905,1.36927,1.36832,1.3685800000000001,4739
1698120000,1.3686,1.36913,1.36672,1.36734,8996
1698134400,1.36734,1.36993,1.3660999999999999,1.36894,13336
1698148800,1.36893,1.3709799999999999,1.36813,1.3705,12867
1698163200,1.3705,1.37548,1.3703400000000001,1.37514,23450
1698177600,1.37509,1.37515,1.37257,1.37415,8167
1698192000,1.37333,1.37462,1.37313,1.37378,6052
1698206400,1.37378,1.37447,1.37299,1.37416,6105
1698220800,1.37416,1.37663,1.37402,1.37609,11293
1698235200,1.37609,1.37835,1.37519,1.37711,11949
1698249600,1.37713,1.38098,1.37606,1.37858,23385
1698264000,1.3786,1.38006,1.37802,1.37988,12253
1698278400,1.37939,1.38126,1.37884,1.38097,4232
1698292800,1.38095,1.38179,1.38018,1.38159,7599
1698307200,1.3816,1.3820000000000001,1.3793199999999999,1.37961,14663
1698321600,1.37962,1.38253,1.3789500000000001,1.38137,15451
1698336000,1.38135,1.3844,1.3805399999999999,1.38408,25336
1698350400,1.38407,1.3841999999999999,1.38122,1.38318,13934
1698364800,1.3827,1.38312,1.3814600000000001,1.38247,4175
1698379200,1.38246,1.38304,1.3804,1.38053,7533
1698393600,1.3805399999999999,1.38252,1.38005,1.38018,11410
1698408000,1.38018,1.3836,1.3795899999999999,1.38226,12310
1698422400,1.38228,1.38738,1.38157,1.3865,24767
1698436800,1.3865,1.38801,1.38615,1.38746,11887
1698624000,1.3860999999999999,1.3873,1.38535,1.3859,4156
1698638400,1.38589,1.3866100000000001,1.385,1.38629,6222
1698652800,1.3862999999999999,1.38649,1.38518,1.38618,7627
1698667200,1.38618,1.38619,1.3826100000000001,1.3835600000000001,11491
1698681600,1.38357,1.38575,1.38127,1.38431,21716
1698696000,1.38431,1.38507,1.3816,1.38259,9535
1698710400,1.3826399999999999,1.3835899999999999,1.3817599999999999,1.38345,3279
1698724800,1.38345,1.38518,1.38327,1.38487,9169
1698739200,1.38486,1.38493,1.38197,1.3820700000000001,9249
1698753600,1.3820700000000001,1.38497,1.38133,1.38492,13447
1698768000,1.38492,1.38919,1.3849,1.38885,23174
1698782400,1.38883,1.38899,1.38609,1.3875600000000001,10729
1698796800,1.38706,1.38864,1.38631,1.3881999999999999,3736
1698811200,1.38821,1.38891,1.38747,1.388,8573
1698825600,1.38803,1.38886,1.38635,1.38848,8979
1698840000,1.38848,1.38918,1.38635,1.38712,14703
1698854400,1.38712,1.38919,1.38408,1.38871,23274
1698868800,1.38871,1.38988,1.38532,1.38536,19522
1698883200,1.3854199999999999,1.38554,1.38287,1.38293,4703
1698897600,1.38294,1.3836,1.38243,1.38353,6555
1698912000,1.38353,1.38517,1.38309,1.38328,10250
1698926400,1.38327,1.38333,1.37896,1.37896,15264
1698940800,1.37897,1.3805399999999999,1.3769,1.37816,21682
1698955200,1.37817,1.37824,1.37354,1.3738000000000001,9305
1698969600,1.3737,1.37601,1.37357,1.37571,2809
1698984000,1.37572,1.3759700000000001,1.37369,1.37394,6124
1698998400,1.37393,1.37452,1.37276,1.37443,7884
1699012800,1.37443,1.3755,1.3691900000000001,1.36939,14415
1699027200,1.36939,1.37076,1.36558,1.36559,28204
1699041600,1.36558,1.36833,1.36542,1.36642,9378
1699228800,1.36598,1.36665,1.3654,1.36565,5037
1699243200,1.36565,1.36565,1.36463,1.36494,5623
1699257600,1.36494,1.36558,1.3629,1.36422,11723
1699272000,1.36419,1.36647,1.36353,1.36622,10240
1699286400,1.36622,1.36845,1.36558,1.3673,16874
1699300800,1.3672900000000001,1.37027,1.36695,1.37008,8335
1699315200,1.36916,1.37073,1.36816,1.37049,4955
1699329600,1.3705,1.3725399999999999,1.37003,1.37201,7186
1699344000,1.37201,1.37499,1.37184,1.37491,10627
1699358400,1.37494,1.37601,1.37354,1.37527,12326
1699372800,1.37526,1.37826,1.37458,1.37774,19292
1699387200,1.37772,1.37785,1.37472,1.3765,8565
1699401600,1.37606,1.37743,1.37589,1.3768799999999999,4545
1699416000,1.3768799999999999,1.37793,1.37543,1.37781,7386
1699430400,1.37781,1.37884,1.37671,1.37877,12366
1699444800,1.37877,1.3799299999999999,1.3767800000000001,1.37934,13347
1699459200,1.37934,1.38145,1.3776,1.38057,22105
1699473600,1.38055,1.38127,1.37903,1.37908,10847
1699488000,1.37927,1.37974,1.37823,1.37878,4732
1699502400,1.3788,1.37955,1.37833,1.37943,6879
1699516800,1.37943,1.38067,1.37816,1.37897,10736
1699531200,1.37897,1.3798599999999999,1.37717,1.37816,14290
1699545600,1.37815,1.3787,1.37462,1.37699,19591
1699560000,1.37699,1.38159,1.37668,1.3808,17922
1699574400,1.3807,1.38144,1.38013,1.3803,5852
1699588800,1.3803,1.38077,1.37951,1.37989,9854
1699603200,1.37991,1.3814600000000001,1.37907,1.38069,11342
1699617600,1.38069,1.3823400000000001,1.38069,1.38218,11597
1699632000,1.38216,1.38545,1.38076,1.38097,18103
1699646400,1.38099,1.3817,1.37943,1.37995,7433
1699833600,1.37901,1.38143,1.37838,1.3808500000000001,5819
1699848000,1.38084,1.38197,1.38056,1.38133,6296
1699862400,1.38133,1.38152,1.37948,1.3808,9170
1699876800,1.38079,1.38315,1.38003,1.38236,11242
1699891200,1.38236,1.38285,1.3777,1.37912,16929
1699905600,1.37913,1.38082,1.3789,1.3807,6446
1699920000,1.3793,1.38059,1.37894,1.38031,4649
1699934400,1.38031,1.38216,1.38014,1.38189,4579
1699948800,1.38189,1.38278,1.38077,1.38199,8841
1699963200,1.38198,1.38433,1.3756,1.3761999999999999,14961
1699977600,1.37626,1.37631,1.37066,1.37137,23727
1699992000,1.37138,1.37169,1.36844,1.36921,8039
1700006400,1.36913,1.371,1.36823,1.37031,4832
1700020800,1.37027,1.37028,1.36808,1.36881,5622
1700035200,1.36884,1.3704100000000001,1.36767,1.36969,11659
1700049600,1.3697,1.3700999999999999,1.3659,1.36818,14537
1700064000,1.36813,1.36957,1.36544,1.36661,20357
1700078400,1.36663,1.36874,1.36653,1.36837,8183
1700092800,1.36804,1.37013,1.3676300000000001,1.36987,6165
1700107200,1.36988,1.37127,1.36981,1.36989,7779
1700121600,1.36989,1.37058,1.3686099999999999,1.3697599999999999,10887
1700136000,1.36977,1.37353,1.3696,1.3712,14516
1700150400,1.37121,1.37769,1.3710200000000001,1.376,25640
1700164800,1.37599,1.37691,1.37526,1.37538,9081
1700179200,1.37516,1.37578,1.37473,1.37508,4805
1700193600,1.3751,1.37572,1.3747099999999999,1.37512,5301
1700208000,1.3751,1.37708,1.3733,1.37427,11166
1700222400,1.37427,1.3744100000000001,1.37113,1.37219,14552
1700236800,1.3721999999999999,1.3746399999999999,1.37081,1.37253,22368
1700251200,1.3725,1.3728099999999999,1.37094,1.3715600000000001,6827
1700438400,1.37077,1.37272,1.37077,1.37179,5903
1700452800,1.37179,1.37196,1.3689200000000001,1.37058,9147
1700467200,1.37057,1.37176,1.36963,1.36998,11716
1700481600,1.36998,1.37262,1.36993,1.37137,12128
1700496000,1.3713600000000001,1.37492,1.37086,1.37262,16497
1700510400,1.37263,1.37316,1.37117,1.3725399999999999,7032
1700524800,1.37195,1.37294,1.37111,1.37151,5867
1700539200,1.37153,1.37244,1.37048,1.37238,8120
1700553600,1.37239,1.37311,1.37114,1.37284,13664
1700568000,1.37284,1.37303,1.3694899999999999,1.37076,12637
1700582400,1.37074,1.37113,1.36807,1.36932,19005
1700596800,1.36931,1.37051,1.36925,1.3700999999999999,9547
1700611200,1.36972,1.3703,1.36902,1.3703,4979
1700625600,1.37031,1.37113,1.36979,1.37106,5894
1700640000,1.37106,1.37284,1.37054,1.37113,13253
1700654400,1.37113,1.37443,1.36984,1.3731200000000001,15954
1700668800,1.37313,1.3765399999999999,1.37081,1.37084,23406
1700683200,1.37084,1.3712,1.36856,1.36868,9341
1700697600,1.36856,1.36932,1.36847,1.36867,3991
1700712000,1.36867,1.36876,1.3664,1.36653,5478
1700726400,1.36653,1.3688799999999999,1.36507,1.36839,12761
1700740800,1.3684,1.37109,1.36757,1.37042,10095
1700755200,1.37042,1.37097,1.36911,1.36974,7483
1700769600,1.36975,1.37016,1.36899,1.36958,1548
1700784000,1.36923,1.37003,1.36904,1.36964,4374
1700798400,1.36965,1.37115,1.36959,1.36969,5069
1700812800,1.3697,1.37065,1.36807,1.36927,9023
1700827200,1.36927,1.36944,1.36536,1.36593,10991
1700841600,1.36593,1.36613,1.3593600000000001,1.36096,16036
1700856000,1.36098,1.3642400000000001,1.36064,1.36346,7783
1701043200,1.36346,1.36403,1.36242,1.3631,4634
1701057600,1.3630900000000001,1.36609,1.36307,1.36517,7599
1701072000,1.36517,1.36543,1.36219,1.36509,11540
1701086400,1.36511,1.36589,1.36223,1.36423,12745
1701100800,1.36422,1.36534,1.36299,1.36409,18182
1701115200,1.36409,1.36439,1.36133,1.36155,7557
1701129600,1.36193,1.36196,1.36013,1.36074,5137
1701144000,1.36074,1.36089,1.35987,1.3606500000000001,6954
1701158400,1.36066,1.36076,1.35859,1.35859,9552
1701172800,1.35858,1.36134,1.35737,1.35957,14569
1701187200,1.35956,1.36064,1.35602,1.35765,24527
1701201600,1.35765,1.35877,1.35612,1.35727,9839
1701216000,1.35728,1.3574899999999999,1.3541400000000001,1.35456,7829
1701230400,1.35456,1.35521,1.35409,1.35483,6631
1701244800,1.3548499999999999,1.35826,1.35431,1.35771,12911
1701259200,1.35773,1.35941,1.35654,1.3594,15519
1701273600,1.3594,1.3614600000000001,1.3566099999999999,1.35843,23454
1701288000,1.35842,1.35996,1.35711,1.3587,10245
1701302400,1.35879,1.3593899999999999,1.35827,1.35926,5501
1701316800,1.35927,1.35935,1.35738,1.35788,6567
1701331200,1.3578999999999999,1.36077,1.35672,1.36059,12846
1701345600,1.3606,1.36253,1.35882,1.36206,16400
1701360000,1.36204,1.36264,1.3552,1.3584399999999999,29971
1701374400,1.35845,1.35849,1.3559999999999999,1.3561,9625
1701388800,1.35575,1.35637,1.35354,1.35371,7143
1701403200,1.35372,1.3550499999999999,1.35346,1.35376,7089
1701417600,1.35377,1.355,1.35176,1.35185,13238
1701432000,1.35185,1.3551,1.35165,1.35281,12901
1701446400,1.35282,1.3529900000000001,1.3486799999999999,1.34955,27889
1701460800,1.3495599999999999,1.35138,1.3491900000000001,1.3495300000000001,10964
1701648000,1.3501,1.35119,1.34796,1.35089,7507
1701662400,1.3509,1.3523800000000001,1.35069,1.3521,8232
1701676800,1.35212,1.3547799999999999,1.3514599999999999,1.35389,13651
1701691200,1.35389,1.35514,1.3525,1.35398,16708
1701705600,1.35397,1.35622,1.35171,1.35313,25448
1701720000,1.35313,1.35541,1.35311,1.3537,9301
1701734400,1.35344,1.35553,1.35304,1.3548499999999999,5847
1701748800,1.3548499999999999,1.35656,1.35466,1.35555,5374
1701763200,1.35554,1.35679,1.35495,1.3553600000000001,12160
1701777600,1.35534,1.35918,1.35531,1.35865,14938
1701792000,1.35865,1.35888,1.35559,1.35713,27335
1701806400,1.35714,1.35942,1.3569,1.35915,8092
1701820800,1.35858,1.35945,1.3569200000000001,1.35727,6880
1701835200,1.35728,1.35775,1.35676,1.35738,6012
1701849600,1.35738,1.35867,1.35583,1.3584100000000001,9518
1701864000,1.3584,1.35886,1.35518,1.3562400000000001,12018
1701878400,1.35626,1.35893,1.35486,1.35821,21092
1701892800,1.35823,1.35962,1.35652,1.35956,9085
1701907200,1.35866,1.35958,1.35859,1.35922,6098
1701921600,1.35923,1.36077,1.3589,1.36067,6102
1701936000,1.36067,1.36078,1.35837,1.35873,11811
1701950400,1.35872,1.36121,1.35853,1.35907,15154
1701964800,1.35907,1.36192,1.35864,1.3590499999999999,21721
1701979200,1.35908,1.36036,1.35833,1.35989,9082
1701993600,1.35929,1.36006,1.3572899999999999,1.35808,6059
1702008000,1.35808,1.35835,1.35708,1.35793,5914
1702022400,1.35793,1.35926,1.35755,1.35794,11340
1702036800,1.35795,1.3601,1.3564,1.35869,18270
1702051200,1.35868,1.36091,1.35504,1.35981,26580
1702065600,1.35981,1.36041,1.3581699999999999,1.35883,8820
1702252800,1.35855,1.35981,1.3578700000000001,1.35965,6194
1702267200,1.3596599999999999,1.36044,1.35948,1.35962,6842
1702281600,1.3596300000000001,1.35984,1.35801,1.35931,10183
1702296000,1.35928,1.35992,1.35684,1.35754,12260
1702310400,1.35751,1.35886,1.35503,1.35765,17526
1702324800,1.35764,1.35795,1.35626,1.3574,8108
1702339200,1.35672,1.35797,1.3564,1.35672,5140
1702353600,1.35672,1.35676,1.35519,1.35538,4819
1702368000,1.35538,1.35731,1.3548499999999999,1.3566500000000001,8852
1702382400,1.3566500000000001,1.35896,1.35445,1.35873,13090
1702396800,1.35873,1.36186,1.3583,1.36096,20569
1702411200,1.36094,1.36107,1.35881,1.359,9446
1702425600,1.35884,1.35951,1.35847,1.35893,4626
1702440000,1.35893,1.35996,1.35886,1.3591,5991
1702454400,1.35911,1.36082,1.35884,1.35928,10093
1702468800,1.3593,1.35946,1.35579,1.35585,11517
1702483200,1.35584,1.35892,1.355,1.35834,15895
1702497600,1.35834,1.35914,1.34947,1.35157,20399
1702512000,1.35128,1.35154,1.3483100000000001,1.3484099999999999,8039
1702526400,1.3484099999999999,1.34849,1.34558,1.34693,9081
1702540800,1.34695,1.34817,1.34497,1.34527,15052
1702555200,1.3452600000000001,1.34644,1.34259,1.34297,18065
1702569600,1.34299,1.3443399999999999,1.3394,1.3409,21756
1702584000,1.3409,1.3425799999999999,1.34025,1.34077,8586
1702598400,1.34023,1.34147,1.34008,1.34044,7170
1702612800,1.3404099999999999,1.34044,1.33873,1.33957,8654
1702627200,1.33957,1.33972,1.3373,1.33752,11327
1702641600,1.33753,1.34035,1.33734,1.34022,14885
1702656000,1.34017,1.34036,1.33499,1.33664,22052
1702670400,1.33664,1.33834,1.3364099999999999,1.33749,11521
1702857600,1.3369,1.3388499999999999,1.33683,1.33861,5431
1702872000,1.33861,1.33861,1.33707,1.33741,5422
1702886400,1.3374,1.3382800000000001,1.33658,1.33746,9956
1702900800,1.33748,1.3384,1.33496,1.33637,11445
1702915200,1.3363800000000001,1.34089,1.33616,1.33911,18238
1702929600,1.33907,1.3401,1.33896,1.33989,7432
1702944000,1.33931,1.33999,1.33887,1.33926,5119
1702958400,1.33926,1.34002,1.3388,1.3396,7410
1702972800,1.3396,1.34003,1.33837,1.33866,9933
1702987200,1.33866,1.3391,1.33355,1.33479,13070
1703001600,1.33477,1.33625,1.3332899999999999,1.3341,18014
1703016000,1.33411,1.335,1.3333,1.3333300000000001,7933
1703030400,1.33315,1.33484,1.33313,1.33445,7033
1703044800,1.33445,1.33509,1.33409,1.33487,6052
1703059200,1.33488,1.33531,1.33287,1.33297,10246
1703073600,1.33297,1.33507,1.33251,1.33408,10473
1703088000,1.33407,1.33448,1.33152,1.33195,14802
1703102400,1.33196,1.3370199999999999,1.33113,1.33685,12849
1703116800,1.33692,1.33707,1.33501,1.33524,4075
1703131200,1.33524,1.336,1.3348499999999999,1.33506,4158
1703145600,1.33506,1.33595,1.33385,1.33484,9105
1703160000,1.3348499999999999,1.33578,1.33276,1.3330899999999999,13546
1703174400,1.3331,1.3338,1.32911,1.33112,27377
1703188800,1.33112,1.33228,1.32754,1.32823,13628
1703203200,1.32828,1.32844,1.3274599999999999,1.32836,5842
1703217600,1.32834,1.32926,1.3279,1.32922,6462
1703232000,1.32923,1.32925,1.32698,1.32783,9961
1703246400,1.32783,1.32912,1.32642,1.32644,13578
1703260800,1.32644,1.32739,1.32188,1.3260399999999999,21608
1703275200,1.3260399999999999,1.32847,1.32556,1.32666,10538
1703548800,1.32546,1.32617,1.3251,1.32551,2953
1703563200,1.32551,1.32571,1.32486,1.32507,3859
1703577600,1.32507,1.32619,1.3244799999999999,1.32534,6189
1703592000,1.3253599999999999,1.32565,1.32096,1.3214299999999999,8096
1703606400,1.3214299999999999,1.32153,1.32016,1.32117,10969
1703620800,1.32114,1.32139,1.31961,1.31961,7747
1703635200,1.31948,1.32098,1.3192300000000001,1.3199100000000001,4095
1703649600,1.3199100000000001,1.32,1.3186,1.31893,4059
1703664000,1.31891,1.32089,1.31844,1.3203,7810
1703678400,1.3203,1.3208,1.3193,1.31977,7765
1703692800,1.31977,1.32127,1.31772,1.32105,14407
1703707200,1.32105,1.32192,1.32046,1.3208,9111
1703721600,1.32057,1.32085,1.31952,1.31954,4166
1703736000,1.31954,1.32059,1.31922,1.32006,4881
1703750400,1.32007,1.32172,1.31885,1.32124,8847
1703764800,1.32123,1.32322,1.32042,1.3212,12259
1703779200,1.32119,1.32164,1.31824,1.32158,17323
1703793600,1.32158,1.32354,1.32142,1.32283,10299
1703808000,1.32222,1.32328,1.32196,1.32256,6246
1703822400,1.32257,1.32325,1.32221,1.32243,5443
1703836800,1.32244,1.32538,1.32244,1.32508,8552
1703851200,1.32508,1.32651,1.32485,1.32562,12060
1703865600,1.32561,1.32613,1.31779,1.32066,20453
1703880000,1.32067,1.32548,1.32067,1.32526,11071
1704153600,1.32309,1.32495,1.32283,1.3241399999999999,3987
1704168000,1.3241399999999999,1.32574,1.3235700000000001,1.3235999999999999,5382
1704182400,1.32359,1.32557,1.32281,1.32532,11889
1704196800,1.3253300000000001,1.33088,1.32478,1.3299400000000001,15336
1704211200,1.3299400000000001,1.33285,1.32992,1.33047,23055
1704225600,1.33047,1.3334,1.33047,1.33227,9004
1704240000,1.332,1.33297,1.33161,1.33264,4882
1704254400,1.33263,1.33318,1.3324500000000001,1.3327200000000001,7145
1704268800,1.33273,1.33339,1.3321,1.33254,13654
1704283200,1.33254,1.33642,1.33232,1.3362,14796
1704297600,1.3362,1.33674,1.3336999999999999,1.3361,21670
1704312000,1.33609,1.33719,1.33474,1.33522,14512
1704326400,1.33503,1.33531,1.33438,1.33465,4485
1704340800,1.33465,1.33549,1.33353,1.33398,4269
1704355200,1.33399,1.33406,1.33169,1.33236,12102
1704369600,1.33237,1.33615,1.33167,1.33566,13403
1704384000,1.33566,1.33658,1.33414,1.33545,20576
1704398400,1.33545,1.3361399999999999,1.3345799999999999,1.33483,9376
1704412800,1.33466,1.33587,1.3341,1.33502,4922
1704427200,1.33501,1.33673,1.33459,1.33621,5061
1704441600,1.33621,1.33732,1.3354599999999999,1.33727,10695
1704456000,1.33727,1.33987,1.33568,1.33592,15607
1704470400,1.33593,1.33683,1.3287,1.33412,30036
1704484800,1.33413,1.33685,1.33378,1.33626,10695
1704672000,1.3349199999999999,1.33652,1.33443,1.33542,5265
1704686400,1.33542,1.3378999999999999,1.33541,1.33737,4601
1704700800,1.3373599999999999,1.33942,1.3359,1.33789,13263
1704715200,1.33786,1.33985,1.33759,1.33955,12900
1704729600,1.33955,1.34047,1.33587,1.3366500000000001,18871
1704744000,1.3366500000000001,1.33731,1.3346,1.33483,7978
1704758400,1.33454,1.33536,1.33435,1.33484,4906
1704772800,1.3348499999999999,1.33636,1.334,1.33624,5141
1704787200,1.33624,1.3369,1.3349,1.33534,9612
1704801600,1.33534,1.33783,1.33511,1.33711,11892
1704816000,1.33711,1.34146,1.3367,1.33908,19068
1704830400,1.3391,1.3403399999999999,1.3384,1.33893,11818
1704844800,1.3388900000000001,1.33937,1.33808,1.33817,6567
1704859200,1.33817,1.3384800000000001,1.33768,1.33813,4635
1704873600,1.33814,1.3394300000000001,1.33657,1.33708,9015
1704888000,1.33707,1.33898,1.3365,1.33844,10607
1704902400,1.33843,1.3388,1.33723,1.33798,16851
1704916800,1.33798,1.33907,1.33757,1.33785,8700
1704931200,1.33719,1.33808,1.33639,1.33652,4950
1704945600,1.33647,1.33666,1.33565,1.33589,5674
1704960000,1.33589,1.3376299999999999,1.33552,1.33707,7482
1704974400,1.33707,1.34104,1.33501,1.34026,15429
1704988800,1.34024,1.34426,1.33691,1.34259,32625
1705003200,1.34259,1.3427799999999999,1.3391,1.33947,12543
1705017600,1.339,1.3395299999999999,1.33704,1.33718,5852
1705032000,1.33716,1.3385799999999999,1.3369900000000001,1.33785,7175
1705046400,1.33786,1.33836,1.33473,1.33562,9964
1705060800,1.33562,1.33859,1.33531,1.3355000000000001,15638
1705075200,1.3355000000000001,1.34108,1.33429,1.34021,26111
1705089600,1.34024,1.34114,1.33954,1.3405,8549
1705276800,1.33956,1.34141,1.33931,1.33944,7070
1705291200,1.3394300000000001,1.33997,1.33816,1.33989,7024
1705305600,1.33989,1.3415599999999999,1.33896,1.3415,9715
1705320000,1.34151,1.34307,1.34093,1.34297,10718
1705334400,1.34296,1.34481,1.34277,1.34387,8168
1705348800,1.34387,1.34389,1.3424800000000001,1.34261,1435
1705363200,1.3425,1.34572,1.34225,1.34545,5977
1705377600,1.34544,1.34778,1.34544,1.34769,6978
1705392000,1.34768,1.34992,1.3471199999999999,1.3497,11647
1705406400,1.3497,1.35002,1.34448,1.34628,14100
1705420800,1.34629,1.34942,1.34566,1.3489499999999999,25590
1705435200,1.3489499999999999,1.35018,1.34833,1.34935,10067
1705449600,1.34882,1.3495599999999999,1.3483800000000001,1.34882,6278
1705464000,1.34882,1.3510900000000001,1.34798,1.35088,6609
1705478400,1.35089,1.35304,1.3506,1.35178,13736
1705492800,1.3518,1.35272,1.35101,1.35199,16820
1705507200,1.35199,1.35418,1.35041,1.35271,21711
1705521600,1.3527,1.35355,1.35065,1.35068,10039
1705536000,1.35028,1.3508499999999999,1.34887,1.34908,5309
1705550400,1.34908,1.34989,1.3483,1.34927,5997
1705564800,1.34927,1.35037,1.34802,1.34934,10652
1705579200,1.34936,1.35267,1.34822,1.35187,13957
1705593600,1.35187,1.35192,1.34891,1.3507799999999999,22727
1705608000,1.35079,1.35175,1.34862,1.3486799999999999,11304
1705622400,1.34826,1.34917,1.34813,1.3486,5725
1705636800,1.34864,1.34975,1.34813,1.34969,6293
1705651200,1.34968,1.3502,1.34656,1.34661,12644
1705665600,1.34661,1.34798,1.34545,1.34763,10718
1705680000,1.34764,1.3494,1.34582,1.3461,24093
1705694400,1.3461,1.3465799999999999,1.34271,1.34298,10286
1705881600,1.3426,1.34379,1.3421,1.3428499999999999,6964
1705896000,1.3428499999999999,1.34413,1.34242,1.34383,5622
1705910400,1.34384,1.34447,1.34234,1.3426,11938
1705924800,1.34261,1.3443100000000001,1.34148,1.34369,10421
1705939200,1.34369,1.3461400000000001,1.34256,1.3451,16096
1705953600,1.34512,1.34823,1.3451,1.34793,7034
1705968000,1.34754,1.3486,1.34713,1.3479999999999999,4811
1705982400,1.3479999999999999,1.34852,1.34578,1.34598,10642
1705996800,1.34599,1.34827,1.3453,1.34762,11517
1706011200,1.34763,1.34818,1.34644,1.3476,10362
1706025600,1.34761,1.34917,1.34666,1.3483100000000001,16628
1706040000,1.3483100000000001,1.3486500000000001,1.34585,1.34596,6886
1706054400,1.34551,1.34663,1.34545,1.34653,4483
1706068800,1.34653,1.3477299999999999,1.34652,1.34687,5669
1706083200,1.34688,1.3471199999999999,1.34375,1.34422,12270
1706097600,1.34423,1.34601,1.34307,1.34322,12493
1706112000,1.34324,1.34945,1.34297,1.34803,21888
1706126400,1.34803,1.35284,1.34793,1.3523800000000001,10150
1706140800,1.3516599999999999,1.35342,1.3516599999999999,1.35243,5873
1706155200,1.35241,1.35256,1.35144,1.35227,6180
1706169600,1.35227,1.35296,1.35046,1.35063,10874
1706184000,1.35062,1.35182,1.34878,1.34905,12976
1706198400,1.3490199999999999,1.35196,1.3485,1.34961,23112
1706212800,1.34961,1.35042,1.3467799999999999,1.34695,11637
1706227200,1.34724,1.34826,1.34679,1.34717,4814
1706241600,1.34717,1.34726,1.34628,1.34649,6979
1706256000,1.34647,1.34829,1.34549,1.3456000000000001,12288
1706270400,1.3456000000000001,1.3456299999999999,1.34138,1.34274,13692
1706284800,1.34273,1.34674,1.34186,1.34629,19036
1706299200,1.34629,1.3465099999999999,1.34432,1.34511,10412
1706486400,1.34554,1.3458999999999999,1.34447,1.34479,5363
1706500800,1.34478,1.3456299999999999,1.34448,1.34478,6508
1706515200,1.34478,1.34486,1.34294,1.34354,9347
1706529600,1.34355,1.34462,1.34253,1.34381,10170
1706544000,1.34381,1.3465099999999999,1.34325,1.3446500000000001,14836
1706558400,1.3446500000000001,1.34538,1.3409499999999999,1.3414,9351
1706572800,1.3412,1.34159,1.3401399999999999,1.34073,5405
1706587200,1.34073,1.34114,1.3401399999999999,1.34079,4607
1706601600,1.34081,1.3415300000000001,1.34002,1.34044,10801
1706616000,1.34043,1.34387,1.33986,1.34374,12022
1706630400,1.3437299999999999,1.34461,1.34056,1.34134,21170
1706644800,1.34135,1.34164,1.3395299999999999,1.33974,9348
1706659200,1.33983,1.34114,1.33958,1.34114,5368
1706673600,1.34115,1.34239,1.34112,1.3418,6943
1706688000,1.34182,1.34249,1.341,1.34226,12419
1706702400,1.34226,1.34371,1.3392,1.33964,14739
1706716800,1.33964,1.33996,1.33585,1.33927,24306
1706731200,1.33926,1.34462,1.33694,1.34348,28856
1706745600,1.34337,1.34399,1.34222,1.3433,6043
1706760000,1.3433,1.34479,1.3419400000000001,1.34477,9303
1706774400,1.34477,1.34639,1.34424,1.3446,14325
1706788800,1.34459,1.34623,1.34359,1.3441100000000001,17225
1706803200,1.3441100000000001,1.3453300000000001,1.33674,1.33818,30093
1706817600,1.33819,1.33924,1.33701,1.33846,15968
1706832000,1.33796,1.33861,1.33718,1.3374,4677
1706846400,1.33739,1.33785,1.33691,1.33758,8142
1706860800,1.33757,1.33819,1.33674,1.3369,12331
1706875200,1.3369,1.34353,1.33657,1.34351,15745
1706889600,1.34349,1.34755,1.34345,1.34667,27929
1706904000,1.34668,1.34698,1.3454,1.34626,12158
1707091200,1.34593,1.3489200000000001,1.34571,1.34729,10201
1707105600,1.3473,1.3479999999999999,1.34692,1.34706,7637
1707120000,1.34705,1.3489200000000001,1.34664,1.34867,13279
1707134400,1.34867,1.35147,1.34816,1.35123,12977
1707148800,1.35122,1.3544,1.35019,1.35275,22328
1707163200,1.35274,1.35433,1.35227,1.35427,13147
1707177600,1.35359,1.35437,1.35202,1.35224,6263
1707192000,1.35223,1.35251,1.35086,1.35127,9146
1707206400,1.35129,1.35346,1.35052,1.3534,11707
1707220800,1.3534,1.35429,1.3521,1.35345,14096
1707235200,1.35346,1.35398,1.34826,1.34872,26693
1707249600,1.34873,1.34947,1.3476,1.34924,12046
1707264000,1.34847,1.34925,1.34767,1.34778,6962
1707278400,1.34775,1.34883,1.34738,1.34846,9387
1707292800,1.34846,1.3489900000000001,1.34696,1.3471,14242
1707307200,1.3471199999999999,1.34856,1.34549,1.34661,14975
1707321600,1.3466,1.34814,1.3459699999999999,1.34734,23250
1707336000,1.34734,1.34794,1.34598,1.34625,10873
1707350400,1.34622,1.3465099999999999,1.34532,1.34546,5512
1707364800,1.34546,1.34583,1.34483,1.34544,8527
1707379200,1.34544,1.34697,1.34475,1.34633,12073
1707393600,1.34633,1.34927,1.34606,1.34867,17569
1707408000,1.3486799999999999,1.34875,1.34601,1.34653,22888
1707422400,1.34653,1.34663,1.3452,1.34583,10240
1707436800,1.34522,1.34633,1.3452,1.34622,5256
1707451200,1.34622,1.34659,1.34583,1.3464800000000001,6364
1707465600,1.3464800000000001,1.3465099999999999,1.3449499999999999,1.34573,12082
1707480000,1.34573,1.34605,1.34124,1.3437999999999999,16321
1707494400,1.3437999999999999,1.34818,1.34307,1.34697,20254
1707508800,1.34697,1.34706,1.34525,1.3458700000000001,8562
1707696000,1.3459699999999999,1.34657,1.34523,1.34586,4329
1707710400,1.34583,1.34643,1.34577,1.34611,3576
1707724800,1.34612,1.34684,1.345,1.3465500000000001,12880
1707739200,1.34653,1.3475,1.3461699999999999,1.34728,11962
1707753600,1.34728,1.34731,1.34338,1.3436,18060
1707768000,1.34361,1.3458999999999999,1.34301,1.34509,11278
1707782400,1.3449200000000001,1.34566,1.34475,1.34525,3188
1707796800,1.34525,1.3461,1.34525,1.34575,4830
1707811200,1.34576,1.34629,1.3446799999999999,1.3451,10794
1707825600,1.3451,1.35286,1.34349,1.35235,15857
1707840000,1.35233,1.3578299999999999,1.3519999999999999,1.35686,27591
1707854400,1.35687,1.3586,1.35626,1.35642,13887
1707868800,1.35611,1.35721,1.35554,1.35645,5854
1707883200,1.35645,1.35683,1.35558,1.35576,4582
1707897600,1.35576,1.35613,1.35411,1.3543,12625
1707912000,1.3543,1.3554,1.35305,1.3550900000000001,15172
1707926400,1.3550900000000001,1.3563100000000001,1.35434,1.35477,26367
1707940800,1.35474,1.35533,1.35402,1.3542,10611
1707955200,1.35371,1.3547,1.35355,1.35453,3986
1707969600,1.35454,1.35517,1.35395,1.35443,4724
1707984000,1.3544399999999999,1.35457,1.35289,1.35367,10745
1707998400,1.35368,1.35425,1.35108,1.3517299999999999,15718
1708012800,1.35172,1.3524,1.34753,1.34884,22635
1708027200,1.34884,1.34887,1.34632,1.34634,10949
1708041600,1.34631,1.34827,1.34606,1.34778,5616
1708056000,1.3477700000000001,1.3486,1.3477700000000001,1.34825,5059
1708070400,1.34827,1.34856,1.34756,1.34805,10359
1708084800,1.34801,1.35074,1.3472,1.3495300000000001,13566
1708099200,1.3495300000000001,1.35057,1.34687,1.3475,23948
1708113600,1.3475,1.3492,1.34692,1.34856,10386
1708300800,1.34766,1.34879,1.34677,1.34781,5760
1708315200,1.34782,1.3483800000000001,1.34753,1.34775,6293
1708329600,1.34775,1.34794,1.3470900000000001,1.34738,11782
1708344000,1.34738,1.34811,1.34713,1.34801,9301
1708358400,1.34801,1.34967,1.34768,1.34905,9220
1708372800,1.34905,1.34915,1.34882,1.3489499999999999,1942
1708387200,1.34874,1.35055,1.34843,1.3504800000000001,6314
1708401600,1.35049,1.35114,1.35035,1.3507799999999999,11017
1708416000,1.3508,1.35107,1.34898,1.34927,13609
1708430400,1.34928,1.35253,1.3472,1.35142,20970
1708444800,1.3514300000000001,1.35297,1.34977,1.3519999999999999,23272
1708459200,1.35199,1.3528,1.3516599999999999,1.3524,11005
1708473600,1.3523100000000001,1.35286,1.3518,1.35184,5753
1708488000,1.35184,1.35188,1.35049,1.35088,8408
1708502400,1.35089,1.35362,1.3507500000000001,1.35266,16362
1708516800,1.3526500000000001,1.35335,1.35192,1.35236,16328
1708531200,1.35236,1.35282,1.35015,1.35086,21705
1708545600,1.35086,1.35206,1.34937,1.35057,14147
1708560000,1.3492600000000001,1.35046,1.3483,1.34875,6092
1708574400,1.34875,1.34959,1.34753,1.34784,6219
1708588800,1.34785,1.34809,1.3440699999999999,1.34517,14180
1708603200,1.34519,1.35071,1.34508,1.35052,16567
1708617600,1.35052,1.35077,1.34824,1.34918,23673
1708632000,1.34918,1.3498999999999999,1.34796,1.3480699999999999,12371
1708646400,1.34799,1.34949,1.34767,1.34826,8253
1708660800,1.34826,1.3486099999999999,1.34775,1.34806,10919
1708675200,1.3480699999999999,1.35018,1.34722,1.34968,13660
1708689600,1.34971,1.34988,1.34615,1.34639,17203
1708704000,1.3464,1.35175,1.34638,1.34968,22274
1708718400,1.34968,1.35076,1.34906,1.35061,9542
1708905600,1.3491900000000001,1.35193,1.3491900000000001,1.35132,6014
1708920000,1.35133,1.35176,1.35065,1.351,5000
1708934400,1.351,1.35285,1.3508200000000001,1.35224,9638
1708948800,1.35224,1.35248,1.35008,1.3502100000000001,12645
1708963200,1.35022,1.35256,1.34999,1.35172,14661
1708977600,1.35172,1.35212,1.34997,1.35058,7848
1708992000,1.35047,1.35101,1.34998,1.35071,5752
1709006400,1.35071,1.3513899999999999,1.34998,1.35018,7660
1709020800,1.3501699999999999,1.3503,1.3490199999999999,1.34925,13936
1709035200,1.34925,1.35052,1.34843,1.34989,13982
1709049600,1.34989,1.3538999999999999,1.34943,1.35229,19361
1709064000,1.35229,1.35361,1.35161,1.35285,8723
1709078400,1.35246,1.3538000000000001,1.3521,1.35339,5391
1709092800,1.35339,1.35501,1.35328,1.3547799999999999,4710
1709107200,1.35479,1.35876,1.3544800000000001,1.35876,11602
1709121600,1.35876,1.3605800000000001,1.3569,1.35792,14607
1709136000,1.35792,1.35803,1.35589,1.35703,17685
1709150400,1.35704,1.35831,1.35662,1.35776,10498
1709164800,1.35777,1.3585,1.35733,1.35804,5869
1709179200,1.35802,1.35806,1.3569,1.35738,7747
1709193600,1.35741,1.35859,1.35706,1.3585099999999999,15242
1709208000,1.3585099999999999,1.35974,1.35577,1.35653,17913
1709222400,1.35653,1.3584800000000001,1.35407,1.35782,22936
1709236800,1.35782,1.35812,1.35676,1.35792,10186
1709251200,1.35679,1.35818,1.35636,1.35659,6316
1709265600,1.35659,1.35724,1.3561,1.35702,5223
1709280000,1.35702,1.3592,1.35652,1.35767,10919
1709294400,1.35767,1.35857,1.35687,1.35853,12783
1709308800,1.35853,1.36015,1.3545,1.3553600000000001,21045
1709323200,1.3553600000000001,1.35621,1.3552,1.35584,11194
1709510400,1.35467,1.35635,1.35452,1.35614,5907
1709524800,1.35614,1.3566,1.35561,1.35641,6149
1709539200,1.35643,1.35724,1.35561,1.3562400000000001,12031
1709553600,1.35623,1.35838,1.35577,1.35669,15736
1709568000,1.3566799999999999,1.35769,1.35564,1.3571,17799
1709582400,1.35712,1.35815,1.3568,1.35733,8624
1709596800,1.35709,1.35796,1.35702,1.35724,5844
1709611200,1.35724,1.3586,1.35709,1.3585099999999999,5520
1709625600,1.35852,1.36051,1.35821,1.35882,10404
1709640000,1.35881,1.35979,1.35791,1.35884,11291
1709654400,1.35884,1.35904,1.35554,1.35764,20440
1709668800,1.35764,1.35998,1.35745,1.35922,13840
1709683200,1.3592,1.35999,1.35831,1.35861,5254
1709697600,1.35861,1.35893,1.35796,1.35831,7341
1709712000,1.3583,1.35944,1.35796,1.3580999999999999,14338
1709726400,1.35809,1.35893,1.35648,1.3565800000000001,16420
1709740800,1.3565800000000001,1.35687,1.35034,1.35052,23467
1709755200,1.35057,1.35233,1.34985,1.35141,13481
1709769600,1.35095,1.35226,1.35077,1.35157,5073
1709784000,1.35155,1.35255,1.35029,1.35115,7030
1709798400,1.35115,1.3516,1.35037,1.35069,10916
1709812800,1.35068,1.35089,1.34816,1.3486,13558
1709827200,1.3486099999999999,1.34962,1.34607,1.34705,20918
1709841600,1.34705,1.34705,1.3454,1.34585,10376
1709856000,1.3454,1.34603,1.34466,1.34504,5836
1709870400,1.34503,1.34565,1.34448,1.34454,4473
1709884800,1.34454,1.34496,1.34318,1.34368,12729
1709899200,1.34372,1.34697,1.3419699999999999,1.3447200000000001,15908
1709913600,1.34471,1.34849,1.34356,1.34821,28536
1709928000,1.34821,1.34978,1.34813,1.34843,11987
1710115200,1.34805,1.34913,1.34768,1.34794,5296
1710129600,1.34794,1.34881,1.34738,1.34864,8264
1710144000,1.34864,1.34928,1.34715,1.34802,10709
1710158400,1.34802,1.35088,1.34691,1.35083,14348
1710172800,1.35083,1.35098,1.34788,1.34805,21106
1710187200,1.34805,1.34917,1.34774,1.34829,7871
1710201600,1.34843,1.34846,1.34759,1.34805,3594
1710216000,1.34806,1.34821,1.34718,1.34747,6385
1710230400,1.34747,1.34796,1.34702,1.3473600000000001,9004
1710244800,1.3473899999999999,1.3511600000000001,1.34666,1.34937,17175
1710259200,1.34938,1.35253,1.34907,1.3501,26312
1710273600,1.35009,1.35098,1.34896,1.34909,9846
1710288000,1.34917,1.34945,1.34885,1.34927,3108
1710302400,1.3492899999999999,1.34974,1.349,1.34948,12721
1710316800,1.34948,1.34982,1.34852,1.3488,12450
1710331200,1.3488,1.3497,1.34813,1.34914,14661
1710345600,1.34915,1.3493,1.34588,1.34684,19052
1710360000,1.34684,1.34733,1.34601,1.34713,7918
1710374400,1.34623,1.3473,1.34623,1.34681,3328
1710388800,1.34681,1.34786,1.34638,1.34756,4990
1710403200,1.34759,1.34813,1.34671,1.34715,9150
1710417600,1.3471600000000001,1.34798,1.34591,1.3477700000000001,13377
1710432000,1.34779,1.35342,1.34711,1.3523399999999999,21092
1710446400,1.3523399999999999,1.35411,1.3523100000000001,1.3534,12652
1710460800,1.35321,1.35422,1.35266,1.35406,6210
1710475200,1.35406,1.35431,1.35337,1.35379,8246
1710489600,1.35379,1.35499,1.35317,1.3548200000000001,13013
1710504000,1.35481,1.3548499999999999,1.35245,1.3529900000000001,12056
1710518400,1.3529900000000001,1.35454,1.35098,1.3545,21239
1710532800,1.3545,1.35518,1.3536299999999999,1.35397,8095
1710720000,1.35323,1.35506,1.3526099999999999,1.35445,3488
1710734400,1.35446,1.3550499999999999,1.35337,1.3537,5753
1710748800,1.35369,1.35406,1.35205,1.35277,6557
1710763200,1.35278,1.35454,1.35236,1.35333,10458
1710777600,1.35334,1.35516,1.35304,1.35453,15592
1710792000,1.35453,1.3546,1.35286,1.35347,8665
1710806400,1.35284,1.35434,1.35278,1.35428,4107
1710820800,1.35427,1.35523,1.35345,1.35498,8059
1710835200,1.355,1.35764,1.35489,1.35711,11674
1710849600,1.3571,1.36091,1.3565,1.36063,14182
1710864000,1.36062,1.36133,1.35611,1.35616,17399
1710878400,1.35615,1.35709,1.3552,1.3566099999999999,8207
1710892800,1.3560400000000001,1.35819,1.35564,1.35751,3972
1710907200,1.3575,1.35791,1.35681,1.35782,5996
1710921600,1.3578299999999999,1.35982,1.3573,1.35921,6956
1710936000,1.35922,1.36047,1.35834,1.35846,11212
1710950400,1.35845,1.35933,1.3550499999999999,1.35508,12997
1710964800,1.35508,1.35579,1.34817,1.34906,22569
1710979200,1.3491,1.34951,1.34702,1.3471600000000001,6111
1710993600,1.3471600000000001,1.34722,1.3462399999999999,1.34659,11658
1711008000,1.3465799999999999,1.34972,1.34555,1.34967,11538
1711022400,1.34965,1.3513899999999999,1.34818,1.35077,13498
1711036800,1.3507799999999999,1.3541400000000001,1.3497,1.35293,21282
1711051200,1.35291,1.35396,1.35251,1.35289,8326
1711065600,1.3528,1.35311,1.3519,1.35229,3182
1711080000,1.35232,1.35635,1.35215,1.35605,7931
1711094400,1.35605,1.3574,1.35541,1.35689,9331
1711108800,1.35689,1.35886,1.35626,1.35653,12023
1711123200,1.35654,1.3607,1.3562,1.36022,15557
1711137600,1.36023,1.36141,1.3600400000000001,1.3606,5955
1711324800,1.3598,1.36143,1.3597000000000001,1.3612,3438
1711339200,1.3611900000000001,1.36125,1.35853,1.35995,11931
1711353600,1.35995,1.36067,1.35876,1.35915,8939
1711368000,1.35914,1.35967,1.35822,1.35917,11578
1711382400,1.35918,1.35923,1.35701,1.35811,12810
1711396800,1.35811,1.35886,1.35792,1.3586,5040
1711411200,1.35831,1.3587500000000001,1.35777,1.35792,2510
1711425600,1.35792,1.35869,1.3572600000000001,1.35827,6787
1711440000,1.35828,1.35906,1.35738,1.35784,7461
1711454400,1.35785,1.35798,1.35549,1.35557,10726
1711468800,1.35557,1.35803,1.35524,1.3577,14900
1711483200,1.35771,1.35882,1.35707,1.35837,7595
1711497600,1.3584800000000001,1.35907,1.35698,1.35886,5206
1711512000,1.35886,1.35995,1.35864,1.35904,7252
1711526400,1.35904,1.3608,1.35885,1.36054,8909
1711540800,1.36054,1.36064,1.35855,1.36033,13074
1711555200,1.3603399999999999,1.36059,1.35704,1.35843,14541
1711569600,1.35846,1.3590900000000001,1.3565,1.3568500000000001,7058
1711584000,1.35657,1.35913,1.3564,1.35835,4059
1711598400,1.35835,1.3587799999999999,1.357,1.35754,6075
1711612800,1.35757,1.36052,1.35743,1.3604,8038
1711627200,1.36038,1.36135,1.3569499999999999,1.35708,10166
1711641600,1.35708,1.35739,1.35247,1.35366,14937
1711656000,1.35366,1.35503,1.35315,1.35407,9085
1711670400,1.35305,1.354,1.35305,1.35376,5890
1711684800,1.35376,1.35534,1.3533,1.35518,4234
1711699200,1.35518,1.35613,1.35489,1.35506,3633
1711713600,1.35508,1.35559,1.3535599999999999,1.35415,3132
1711728000,1.35415,1.35472,1.35335,1.3541,3498
1711742400,1.35411,1.35468,1.35354,1.35415,2054
1711929600,1.35264,1.3545,1.35145,1.3523100000000001,7891
1711944000,1.35232,1.3532899999999999,1.3521,1.35287,6414
1711958400,1.35291,1.35351,1.35241,1.35289,6400
1711972800,1.35288,1.35699,1.35252,1.3559,9456
1711987200,1.35589,1.3584800000000001,1.35445,1.35764,14197
1712001600,1.35766,1.35865,1.3569200000000001,1.35696,6172
1712016000,1.35687,1.35778,1.35659,1.35744,3593
1712030400,1.35743,1.35828,1.35694,1.35798,6150
1712044800,1.35799,1.35842,1.35582,1.35641,9135
1712059200,1.35641,1.35736,1.3556,1.35713,9945
1712073600,1.35713,1.35835,1.35615,1.35712,18090
1712088000,1.35711,1.35773,1.35641,1.35657,7836
1712102400,1.35626,1.35705,1.35589,1.35705,3399
1712116800,1.35706,1.35747,1.35601,1.35679,5916
1712131200,1.35679,1.35888,1.3566500000000001,1.35802,9752
1712145600,1.35802,1.35811,1.35625,1.35679,10088
1712160000,1.35681,1.3572600000000001,1.35113,1.35302,20551
1712174400,1.35303,1.3538000000000001,1.3523,1.3525800000000001,8697
1712188800,1.3522,1.35285,1.3516599999999999,1.35178,4080
1712203200,1.35175,1.35221,1.35114,1.35154,5153
1712217600,1.35154,1.35154,1.35029,1.3504399999999999,8516
1712232000,1.35045,1.35056,1.34815,1.3486099999999999,8679
1712246400,1.3485800000000001,1.35018,1.34779,1.35007,11451
1712260800,1.35008,1.35585,1.34999,1.35431,14688
1712275200,1.35382,1.3551199999999999,1.35354,1.35473,7701
1712289600,1.35471,1.35778,1.35462,1.35709,8244
1712304000,1.35711,1.35725,1.35576,1.35615,12102
1712318400,1.35616,1.36322,1.35499,1.36281,16014
1712332800,1.36281,1.36475,1.35744,1.35849,22543
1712347200,1.3584800000000001,1.35937,1.35807,1.35894,9871
1712534400,1.35873,1.36164,1.35853,1.36113,3561
1712548800,1.36115,1.36125,1.35836,1.36015,8450
1712563200,1.36015,1.36057,1.35877,1.3598,11564
1712577600,1.35982,1.36011,1.35798,1.35828,10235
1712592000,1.35827,1.35998,1.3569200000000001,1.3583,19959
1712606400,1.3583,1.3585,1.35703,1.35705,7076
1712620800,1.35712,1.35763,1.35683,1.35728,3537
1712635200,1.3572600000000001,1.35847,1.35697,1.35776,8190
1712649600,1.35778,1.35831,1.35702,1.35732,10127
1712664000,1.35733,1.35794,1.3559999999999999,1.35652,14029
1712678400,1.35653,1.35984,1.35467,1.35847,22658
1712692800,1.35847,1.35904,1.3568,1.35712,10607
1712707200,1.35682,1.35743,1.35663,1.3566799999999999,3426
1712721600,1.35669,1.3572600000000001,1.35616,1.35694,7461
1712736000,1.35699,1.35713,1.35582,1.35635,10503
1712750400,1.35635,1.36513,1.35558,1.3648500000000001,16018
1712764800,1.3648,1.37008,1.36376,1.36889,33259
1712779200,1.36889,1.37027,1.36701,1.36815,18881
1712793600,1.36737,1.36936,1.36734,1.36877,5798
1712808000,1.36876,1.36901,1.3676300000000001,1.36767,13558
1712822400,1.36767,1.3695,1.3673199999999999,1.3685399999999999,12461
1712836800,1.3685399999999999,1.36963,1.36605,1.36697,17516
1712851200,1.36696,1.37257,1.36632,1.3703,29607
1712865600,1.37031,1.3707099999999999,1.36737,1.36883,11399
1712880000,1.36866,1.3692199999999999,1.3682400000000001,1.36856,3322
1712894400,1.3685800000000001,1.37085,1.36816,1.37083,7395
1712908800,1.37083,1.37367,1.3704,1.37364,13925
1712923200,1.37364,1.37711,1.37318,1.37635,15963
1712937600,1.37634,1.37754,1.37411,1.37731,29983
1712952000,1.37732,1.37869,1.37644,1.37707,13579
1713139200,1.37745,1.37789,1.3753600000000001,1.37672,6580
1713153600,1.37671,1.37814,1.37539,1.37542,11527
1713168000,1.37542,1.37596,1.37335,1.37382,20961
1713182400,1.37382,1.376,1.37339,1.3737,18496
1713196800,1.37365,1.37729,1.37249,1.3761700000000001,22123
1713211200,1.3761700000000001,1.37935,1.37574,1.37894,12657
1713225600,1.37882,1.37951,1.3783,1.37948,4301
1713240000,1.37949,1.38138,1.37918,1.37978,11954
1713254400,1.37978,1.3811,1.3789500000000001,1.37973,17185
1713268800,1.37974,1.38225,1.3774,1.38175,18913
1713283200,1.38175,1.38458,1.3812,1.38223,27351
1713297600,1.38222,1.38458,1.38015,1.38309,20648
1713312000,1.38192,1.38288,1.38145,1.38226,5013
1713326400,1.38226,1.38253,1.38092,1.38205,10412
1713340800,1.38205,1.38376,1.38009,1.38069,15965
1713355200,1.38067,1.38156,1.38009,1.38084,12857
1713369600,1.3808500000000001,1.38185,1.37827,1.3805,29799
1713384000,1.3805,1.38069,1.37595,1.37724,17314
1713398400,1.3771,1.37754,1.37604,1.37695,4272
1713412800,1.37694,1.37717,1.3749799999999999,1.3753199999999999,9130
1713427200,1.37531,1.3759700000000001,1.37417,1.37541,15656
1713441600,1.37541,1.37669,1.37494,1.3755,14173
1713456000,1.37547,1.3771499999999999,1.37456,1.37644,26431
1713470400,1.37645,1.37813,1.37641,1.37698,13019
1713484800,1.37672,1.37816,1.37648,1.3779,5544
1713499200,1.37791,1.38042,1.37671,1.3778000000000001,27294
1713513600,1.3778000000000001,1.37896,1.37461,1.3761700000000001,18651
1713528000,1.3761700000000001,1.37755,1.37438,1.37573,17595
1713542400,1.37574,1.37677,1.37232,1.37415,27660
1713556800,1.37415,1.37574,1.37371,1.37486,15433
1713744000,1.3740700000000001,1.37527,1.37266,1.3740999999999999,5360
1713758400,1.3740999999999999,1.37416,1.37148,1.3727800000000001,9130
1713772800,1.3727800000000001,1.37391,1.37186,1.3729,13590
1713787200,1.37291,1.37303,1.37152,1.37272,13085
1713801600,1.37272,1.37496,1.37101,1.37106,19216
1713816000,1.3710499999999999,1.37106,1.36865,1.3698299999999999,10254
1713830400,1.3694,1.37025,1.36901,1.3693,4582
1713844800,1.3693,1.37046,1.36897,1.36984,9177
1713859200,1.36984,1.37083,1.36884,1.37082,12459
1713873600,1.37082,1.37142,1.36927,1.36934,12718
1713888000,1.36934,1.3704399999999999,1.36558,1.3667799999999999,23377
1713902400,1.3667799999999999,1.36687,1.36581,1.3661699999999999,9597
1713916800,1.36582,1.36647,1.3655,1.36586,4146
1713931200,1.36587,1.36659,1.36545,1.3665,8031
1713945600,1.3665,1.36826,1.36599,1.36803,11372
1713960000,1.36801,1.37149,1.36755,1.37116,10943
1713974400,1.37117,1.37286,1.36969,1.37167,20926
1713988800,1.37167,1.37184,1.36943,1.37032,11875
1714003200,1.36972,1.37072,1.36937,1.36975,3761
1714017600,1.36975,1.37045,1.36893,1.3691,6070
1714032000,1.3691,1.3693,1.36707,1.36723,12121
1714046400,1.36724,1.37125,1.36629,1.37076,13090
1714060800,1.37072,1.37307,1.36765,1.3679700000000001,26122
1714075200,1.36796,1.36817,1.36497,1.36565,12905
1714089600,1.3651,1.3661699999999999,1.36502,1.36587,5330
1714104000,1.36587,1.36626,1.36509,1.36525,9738
1714118400,1.36525,1.36537,1.3636599999999999,1.36452,13547
1714132800,1.36452,1.3664399999999999,1.36324,1.3651200000000001,14744
1714147200,1.3651200000000001,1.36954,1.36486,1.36728,20387
1714161600,1.3672900000000001,1.3674,1.36534,1.36679,6644
1714348800,1.3667,1.3667799999999999,1.3651,1.36526,2247
1714363200,1.36527,1.36582,1.36314,1.36386,9649
1714377600,1.36386,1.36631,1.3636599999999999,1.36575,11104
1714392000,1.3657599999999999,1.36681,1.3645800000000001,1.366,8105
1714406400,1.36598,1.36767,1.36435,1.36508,11727
1714420800,1.36507,1.36724,1.36475,1.36601,7522
1714435200,1.36618,1.3672,1.36552,1.36677,3733
1714449600,1.36676,1.36835,1.36623,1.36808,4639
1714464000,1.36811,1.37008,1.3681,1.36964,7776
1714478400,1.36961,1.37361,1.36737,1.37323,13092
1714492800,1.3732,1.37609,1.3719000000000001,1.37552,23339
1714507200,1.37553,1.3774,1.37506,1.37728,8632
1714521600,1.3765100000000001,1.3783,1.37604,1.37794,4390
1714536000,1.37796,1.37824,1.37734,1.37789,3928
1714550400,1.37792,1.37827,1.3768500000000001,1.37721,5850
1714564800,1.3772,1.37761,1.37581,1.37619,9215
1714579200,1.37619,1.3773900000000001,1.37487,1.3767,17798
1714593600,1.3767,1.37738,1.37031,1.37352,28639
1714608000,1.37263,1.37393,1.37211,1.3732199999999999,4079
1714622400,1.3732199999999999,1.37368,1.3716300000000001,1.37229,6420
1714636800,1.37229,1.37248,1.37047,1.37172,11849
1714651200,1.37172,1.3728500000000001,1.37042,1.37194,12283
1714665600,1.3719299999999999,1.37292,1.36857,1.36899,21896
1714680000,1.36899,1.36917,1.36694,1.36731,9380
1714694400,1.36712,1.36753,1.36618,1.36633,4387
1714708800,1.36633,1.3667,1.36551,1.36661,6689
1714723200,1.36661,1.36754,1.3657599999999999,1.36631,9045
1714737600,1.3663,1.36683,1.36093,1.3627500000000001,13714
1714752000,1.36279,1.36916,1.3620999999999999,1.3685100000000001,30607
1714766400,1.3685100000000001,1.36893,1.36792,1.36855,7359
1714953600,1.36761,1.36971,1.3675,1.3687,2750
1714968000,1.36871,1.36881,1.3674,1.36865,5260
1714982400,1.36864,1.3688799999999999,1.36723,1.36786,7353
1714996800,1.36786,1.36802,1.36593,1.36608,6717
1715011200,1.36608,1.36689,1.36477,1.36633,9689
1715025600,1.36633,1.36716,1.3657,1.3664,4507
1715040000,1.36569,1.36727,1.36568,1.36632,3076
1715054400,1.36633,1.36825,1.36604,1.36781,5526
1715068800,1.36782,1.36905,1.3674,1.36783,8130
1715083200,1.36783,1.36887,1.36719,1.3673600000000001,7415
1715097600,1.3673600000000001,1.37171,1.36691,1.37126,12153
1715112000,1.37125,1.37412,1.37119,1.37255,7104
1715126400,1.37162,1.37386,1.37148,1.37378,3088
1715140800,1.37378,1.37545,1.37372,1.3753,5670
1715155200,1.37533,1.37605,1.37497,1.3756,8002
1715169600,1.3756,1.37626,1.37448,1.37508,7651
1715184000,1.37509,1.37512,1.37172,1.37268,12589
1715198400,1.37267,1.3735,1.37253,1.3725800000000001,5122
1715212800,1.3719000000000001,1.3734199999999999,1.37174,1.37317,3187
1715227200,1.37317,1.37345,1.37203,1.37265,4383
1715241600,1.37263,1.37378,1.37242,1.37318,6181
1715256000,1.37317,1.37355,1.37052,1.3707,9572
1715270400,1.3707,1.37215,1.36803,1.3686099999999999,12213
1715284800,1.3686099999999999,1.3689,1.36744,1.3676300000000001,6069
1715299200,1.36743,1.3682400000000001,1.36719,1.36805,3187
1715313600,1.36805,1.36903,1.3674,1.36869,5147
1715328000,1.36869,1.3687,1.3677000000000001,1.3682699999999999,9222
1715342400,1.3682699999999999,1.36889,1.36304,1.3649,10107
1715356800,1.36489,1.36735,1.36352,1.36694,16222
1715371200,1.36693,1.36767,1.36664,1.36715,5384
1715558400,1.36679,1.36826,1.3664,1.36805,3567
1715572800,1.36804,1.36896,1.36794,1.36833,6242
1715587200,1.36832,1.36848,1.36715,1.36721,9973
1715601600,1.3672,1.36815,1.3664399999999999,1.36728,9574
1715616000,1.3672900000000001,1.36845,1.36606,1.36735,14780
1715630400,1.36735,1.36795,1.3665,1.3667,6988
1715644800,1.36669,1.36741,1.3665,1.36716,3143
1715659200,1.36715,1.3685100000000001,1.36688,1.36791,7007
1715673600,1.3679000000000001,1.36823,1.36744,1.36775,8575
1715688000,1.36773,1.36907,1.3642400000000001,1.36473,12723
1715702400,1.36474,1.36622,1.36328,1.36604,17392
1715716800,1.36604,1.36648,1.36464,1.36497,6053
1715731200,1.36444,1.36548,1.36444,1.36502,3626
1715745600,1.36502,1.3652199999999999,1.36374,1.36443,4968
1715760000,1.36443,1.3645,1.36247,1.36259,6771
1715774400,1.36259,1.36364,1.35903,1.36212,11940
1715788800,1.36213,1.3660700000000001,1.35946,1.36005,20022
1715803200,1.3600400000000001,1.36079,1.35954,1.3602400000000001,7745
1715817600,1.35979,1.3606500000000001,1.35899,1.35908,4045
1715832000,1.35908,1.36121,1.35904,1.36079,8271
1715846400,1.36079,1.36256,1.3606099999999999,1.36231,8533
1715860800,1.36231,1.36347,1.36175,1.36306,9429
1715875200,1.36307,1.36411,1.36072,1.36165,14503
1715889600,1.36165,1.36213,1.36113,1.36181,6441
1715904000,1.3611900000000001,1.3623,1.36074,1.36215,3433
1715918400,1.36215,1.36315,1.36194,1.36252,6250
1715932800,1.36252,1.36415,1.36163,1.36368,7391
1715947200,1.36369,1.36438,1.36269,1.36269,7207
1715961600,1.3626800000000001,1.36295,1.36012,1.36141,13856
1715976000,1.36141,1.36212,1.36063,1.36107,7033
1716163200,1.36143,1.36145,1.36042,1.36081,3648
1716177600,1.36083,1.3612199999999999,1.35999,1.36026,7583
1716192000,1.36026,1.3618700000000001,1.36013,1.36112,8577
1716206400,1.36112,1.36352,1.36098,1.36322,8573
1716220800,1.36322,1.36327,1.3596,1.36167,13517
1716235200,1.36167,1.36263,1.36121,1.36243,7005
1716249600,1.36228,1.36293,1.36225,1.36277,2955
1716264000,1.36277,1.36439,1.36265,1.36356,8236
1716278400,1.36356,1.36383,1.3624800000000001,1.3630200000000001,9080
1716292800,1.3630200000000001,1.36646,1.36147,1.3658299999999999,10140
1716307200,1.3658299999999999,1.36753,1.3637000000000001,1.36483,18920
1716321600,1.36484,1.36562,1.36473,1.3654600000000001,7103
1716336000,1.365,1.3651,1.36277,1.36378,3921
1716350400,1.36378,1.36444,1.36237,1.3643399999999999,7669
1716364800,1.36432,1.36633,1.36369,1.366,9776
1716379200,1.36601,1.36782,1.36489,1.36753,11053
1716393600,1.36753,1.3677000000000001,1.3657599999999999,1.36623,16911
1716408000,1.36623,1.3698299999999999,1.36565,1.36932,12690
1716422400,1.36896,1.3694,1.36844,1.36891,3593
1716436800,1.36891,1.36962,1.36783,1.36819,7841
1716451200,1.36819,1.36863,1.36754,1.36771,10492
1716465600,1.36772,1.36792,1.36645,1.36669,10584
1716480000,1.36666,1.37094,1.36565,1.37091,24783
1716494400,1.37091,1.3743400000000001,1.37088,1.37305,14067
1716508800,1.37262,1.37372,1.37262,1.37329,4338
1716523200,1.37329,1.37384,1.3726099999999999,1.3734199999999999,7006
1716537600,1.3734199999999999,1.3738299999999999,1.3719299999999999,1.37219,9725
1716552000,1.3721999999999999,1.37271,1.37077,1.37128,10283
1716566400,1.3712900000000001,1.37142,1.36529,1.36565,18753
1716580800,1.36564,1.36682,1.36477,1.3666,8206
1716768000,1.36649,1.3670900000000001,1.36587,1.36667,3265
1716782400,1.3666800000000001,1.36688,1.36624,1.36654,4487
1716796800,1.36656,1.36672,1.3658000000000001,1.36603,5379
1716811200,1.36602,1.36639,1.3651,1.3652,6763
1716825600,1.3652,1.3652,1.36298,1.36333,7080
1716840000,1.36333,1.36345,1.36303,1.3632900000000001,2245
1716854400,1.36293,1.36354,1.36234,1.3627500000000001,4049
1716868800,1.3627500000000001,1.36279,1.36147,1.3620999999999999,6687
1716883200,1.36209,1.36308,1.3618999999999999,1.36276,8538
1716897600,1.3627500000000001,1.36319,1.3615,1.36197,10055
1716912000,1.36201,1.36504,1.36182,1.36345,18647
1716926400,1.36345,1.36537,1.3632900000000001,1.36465,12187
1716940800,1.36432,1.36589,1.36396,1.36559,5040
1716955200,1.36558,1.36649,1.36484,1.36629,8069
1716969600,1.36628,1.3672900000000001,1.36504,1.36598,11741
1716984000,1.36598,1.36799,1.36579,1.36796,11875
1716998400,1.36794,1.37174,1.3677000000000001,1.37059,22226
1717012800,1.37059,1.37191,1.37026,1.37188,10415
1717027200,1.37153,1.37243,1.37097,1.37203,4008
1717041600,1.37203,1.37277,1.37126,1.37242,8174
1717056000,1.37242,1.37347,1.37121,1.37151,13178
1717070400,1.37153,1.37253,1.36926,1.36968,13831
1717084800,1.36968,1.37025,1.366,1.36642,20087
1717099200,1.36642,1.36889,1.36621,1.36791,9372
1717113600,1.36796,1.3686,1.36771,1.36818,5008
1717128000,1.36818,1.36896,1.36704,1.3671,9713
1717142400,1.3671,1.36771,1.36531,1.36588,10878
1717156800,1.36588,1.36609,1.36273,1.36353,14976
1717171200,1.36353,1.36535,1.36189,1.3642400000000001,25914
1717185600,1.36425,1.3643100000000001,1.36222,1.36259,11845
1717372800,1.36257,1.36331,1.36056,1.36084,4818
1717387200,1.36083,1.36316,1.36074,1.36276,6492
1717401600,1.36277,1.3658299999999999,1.36258,1.36548,12696
1717416000,1.36547,1.36686,1.36195,1.36239,14030
1717430400,1.36238,1.3646,1.3602699999999999,1.36428,25881
1717444800,1.36429,1.36544,1.36283,1.36291,12317
1717459200,1.3627799999999999,1.363,1.36205,1.36261,5181
1717473600,1.36261,1.3642,1.36255,1.36388,7365
1717488000,1.36389,1.3683,1.36377,1.36798,14753
1717502400,1.36799,1.36988,1.36723,1.3678,16949
1717516800,1.36782,1.36947,1.36687,1.3684,27461
1717531200,1.3684,1.3689200000000001,1.3670200000000001,1.36762,14434
1717545600,1.36738,1.3679000000000001,1.36711,1.36755,3630
1717560000,1.36756,1.36802,1.36667,1.3673,5834
1717574400,1.36727,1.36838,1.3669,1.36796,10638
1717588800,1.36796,1.36904,1.3667099999999999,1.36691,12387
1717603200,1.36693,1.37414,1.36654,1.36999,25278
1717617600,1.36998,1.3704,1.3685100000000001,1.36941,8923
1717632000,1.36932,1.36951,1.3679700000000001,1.36804,4232
1717646400,1.36806,1.36806,1.36659,1.36784,7891
1717660800,1.36783,1.3695,1.36764,1.36934,9880
1717675200,1.36934,1.37054,1.3686099999999999,1.37009,11905
1717689600,1.3700999999999999,1.37099,1.36814,1.36837,18980
1717704000,1.36837,1.36863,1.3664100000000001,1.36743,9880
1717718400,1.36646,1.3670499999999999,1.36623,1.36677,3226
1717732800,1.36676,1.36718,1.3663,1.36651,7988
1717747200,1.3665,1.3688,1.36648,1.36834,13709
1717761600,1.36834,1.37374,1.36688,1.3721,17381
1717776000,1.37212,1.37587,1.37085,1.37452,24300
1717790400,1.37451,1.37675,1.37431,1.37653,12510
1717977600,1.37606,1.37682,1.37554,1.37635,5805
1717992000,1.37636,1.37733,1.37605,1.37663,6738
1718006400,1.37663,1.37787,1.37574,1.3777300000000001,13012
1718020800,1.37774,1.37809,1.3759000000000001,1.37689,12565
1718035200,1.37689,1.37815,1.37535,1.37638,17316
1718049600,1.37638,1.37692,1.37547,1.3757,10641
1718064000,1.3755899999999999,1.3765,1.37552,1.37633,4802
1718078400,1.37633,1.3769,1.37611,1.37653,7669
1718092800,1.37653,1.37707,1.37549,1.37677,11632
1718107200,1.3767800000000001,1.37842,1.37646,1.37727,15860
1718121600,1.37727,1.37915,1.3759700000000001,1.37608,19459
1718136000,1.37607,1.37655,1.3748,1.37578,10347
1718150400,1.37584,1.37602,1.37524,1.37596,3000
1718164800,1.37595,1.37605,1.3747,1.37527,5995
1718179200,1.37526,1.37544,1.37408,1.37499,7974
1718193600,1.375,1.3751,1.36836,1.36903,9176
1718208000,1.36903,1.36992,1.36796,1.3684,14918
1718222400,1.36838,1.37341,1.3683100000000001,1.37222,15994
1718236800,1.37206,1.37305,1.37119,1.3728099999999999,3466
1718251200,1.3728099999999999,1.37423,1.37259,1.37423,5440
1718265600,1.37424,1.37485,1.37348,1.3735,7801
1718280000,1.3735,1.37519,1.37142,1.37331,9938
1718294400,1.37331,1.37631,1.3721999999999999,1.37509,15618
1718308800,1.3751,1.3752499999999999,1.37343,1.3738299999999999,7199
1718323200,1.37408,1.3749,1.37348,1.37485,3335
1718337600,1.37485,1.37489,1.37338,1.37423,6989
1718352000,1.37424,1.37577,1.37366,1.37574,10411
1718366400,1.37575,1.37713,1.37487,1.37649,12678
1718380800,1.37648,1.37789,1.37275,1.37305,14073
1718395200,1.37307,1.37458,1.37271,1.37334,6192
1718582400,1.3731900000000001,1.3738299999999999,1.3725800000000001,1.37357,3952
1718596800,1.37357,1.3745,1.37355,1.37416,4483
1718611200,1.37417,1.3752,1.37351,1.37415,8930
1718625600,1.37415,1.37544,1.3737599999999999,1.37482,8294
1718640000,1.37483,1.37642,1.37399,1.37405,11212
1718654400,1.37405,1.37405,1.37207,1.37243,6427
1718668800,1.3723,1.37231,1.37097,1.37189,3018
1718683200,1.3719000000000001,1.37415,1.37184,1.37402,5416
1718697600,1.37404,1.37565,1.37284,1.37519,7328
1718712000,1.3752,1.3755899999999999,1.3727800000000001,1.37337,8397
1718726400,1.3733,1.37367,1.3709,1.37194,12092
1718740800,1.37194,1.3726099999999999,1.37137,1.37175,6869
1718755200,1.37151,1.37209,1.37142,1.37199,2295
1718769600,1.3719999999999999,1.37228,1.37118,1.3722400000000001,3244
1718784000,1.3722400000000001,1.3726,1.37135,1.37165,7111
1718798400,1.3716599999999999,1.37186,1.37053,1.37054,6524
1718812800,1.37052,1.37144,1.36978,1.3712900000000001,5296
1718827200,1.3712900000000001,1.37146,1.37049,1.37062,1363
1718841600,1.3700999999999999,1.3714,1.3700999999999999,1.37134,2700
1718856000,1.37134,1.37174,1.37091,1.3713199999999999,5405
1718870400,1.37133,1.37208,1.3705,1.37194,6089
1718884800,1.37196,1.37205,1.36993,1.37004,7798
1718899200,1.37003,1.37089,1.3687,1.36996,11657
1718913600,1.36997,1.37089,1.3682,1.36898,7502
1718928000,1.3685399999999999,1.36917,1.36839,1.36886,2659
1718942400,1.36887,1.36906,1.36777,1.36781,4223
1718956800,1.3678,1.3697599999999999,1.36744,1.36896,7216
1718971200,1.36896,1.37047,1.3686099999999999,1.36997,8037
1718985600,1.36997,1.37181,1.3692199999999999,1.37054,12586
1719000000,1.37054,1.3707799999999999,1.36923,1.36927,6432
1719187200,1.3692,1.3703699999999999,1.36914,1.36977,3756
1719201600,1.3697599999999999,1.37081,1.36936,1.36941,5016
1719216000,1.36938,1.3694,1.36743,1.36768,6374
1719230400,1.3677000000000001,1.36886,1.3669799999999999,1.36839,7809
1719244800,1.36838,1.36839,1.3651,1.3654899999999999,12718
1719259200,1.36552,1.36665,1.36498,1.36592,7782
1719273600,1.3654,1.36592,1.36539,1.3654899999999999,3208
1719288000,1.3654899999999999,1.36572,1.36405,1.36449,4376
1719302400,1.3645100000000001,1.36559,1.36407,1.36494,7574
1719316800,1.36494,1.36804,1.362,1.36545,9957
1719331200,1.36544,1.36712,1.36395,1.36645,14237
1719345600,1.36645,1.36684,1.36494,1.36585,6970
1719360000,1.36537,1.3667099999999999,1.36516,1.36636,3377
1719374400,1.3663699999999999,1.3664,1.36503,1.36571,6262
1719388800,1.36571,1.36746,1.3655,1.36727,7408
1719403200,1.36726,1.36955,1.36629,1.36867,10623
1719417600,1.36867,1.37038,1.36794,1.37003,14982
1719432000,1.37005,1.3707500000000001,1.3691900000000001,1.37003,8196
1719446400,1.3698299999999999,1.37121,1.36932,1.37089,3716
1719460800,1.37089,1.37094,1.36917,1.36924,5454
1719475200,1.36924,1.36964,1.36821,1.3684,9972
1719489600,1.36838,1.36966,1.36755,1.36843,12514
1719504000,1.36845,1.37,1.36811,1.36893,18425
1719518400,1.36894,1.36989,1.36806,1.36989,10892
1719532800,1.36981,1.37194,1.36935,1.37189,4748
1719547200,1.3719000000000001,1.3734,1.3713,1.37302,10814
1719561600,1.37303,1.37308,1.37062,1.3707799999999999,11288
1719576000,1.37077,1.37106,1.36848,1.37003,14110
1719590400,1.37004,1.37173,1.36731,1.36751,24494
1719604800,1.36752,1.36951,1.36551,1.36765,13895
1719792000,1.36688,1.36776,1.3664,1.3674,4442
1719806400,1.36742,1.36784,1.36652,1.3673,5508
1719820800,1.36731,1.36816,1.36631,1.36725,11406
1719835200,1.36724,1.37088,1.36724,1.3703699999999999,10981
1719849600,1.37035,1.37488,1.36822,1.37371,21301
1719864000,1.37372,1.37473,1.37335,1.37365,9038
1719878400,1.3734899999999999,1.37417,1.37324,1.37406,4472
1719892800,1.3740700000000001,1.37553,1.37372,1.37517,5871
1719907200,1.37517,1.37547,1.37294,1.37311,12103
1719921600,1.37308,1.37367,1.37165,1.37209,11189
1719936000,1.37211,1.37255,1.36879,1.3695,22802
1719950400,1.36951,1.3695599999999999,1.3667099999999999,1.3679000000000001,8433
1719964800,1.3675899999999999,1.3679000000000001,1.36712,1.36765,4108
1719979200,1.3676599999999999,1.36841,1.36754,1.36799,3974
1719993600,1.36801,1.36865,1.36677,1.36769,8554
1720008000,1.3677000000000001,1.36808,1.36516,1.36579,9679
1720022400,1.36577,1.36577,1.36171,1.36308,21016
1720036800,1.36308,1.36419,1.36299,1.36383,5395
1720051200,1.3629,1.36404,1.36288,1.36296,2530
1720065600,1.36296,1.36389,1.36256,1.36356,5141
1720080000,1.36357,1.3637000000000001,1.36195,1.36232,6594
1720094400,1.36231,1.36283,1.3612,1.3612600000000001,6767
1720108800,1.3612600000000001,1.36204,1.36082,1.36083,7075
1720123200,1.36083,1.36134,1.36079,1.36123,1064
1720137600,1.36109,1.36165,1.36052,1.36086,3609
1720152000,1.36086,1.36135,1.36056,1.36067,4941
1720166400,1.36066,1.36115,1.36023,1.36044,7652
1720180800,1.36044,1.36317,1.36036,1.3622,12575
1720195200,1.36221,1.36531,1.36174,1.3637000000000001,23160
1720209600,1.3637000000000001,1.36437,1.36267,1.36414,8721
1720396800,1.36429,1.36462,1.3639000000000001,1.36439,4605
1720411200,1.3644,1.36471,1.36281,1.36374,6605
1720425600,1.36374,1.3645800000000001,1.36285,1.36364,10391
1720440000,1.36365,1.36426,1.36247,1.36253,10466
1720454400,1.36255,1.36409,1.36238,1.36294,17266
1720468800,1.36294,1.36429,1.3629,1.36349,6530
1720483200,1.363,1.36395,1.3628,1.3637299999999999,3691
1720497600,1.36374,1.36469,1.3630499999999999,1.36323,6948
1720512000,1.36323,1.36448,1.36283,1.36403,9233
1720526400,1.36402,1.36456,1.36353,1.36388,9756
1720540800,1.36388,1.3648,1.3633600000000001,1.36348,19884
1720555200,1.36348,1.36379,1.36279,1.36345,8480
1720569600,1.3634,1.36354,1.36276,1.36344,2823
1720584000,1.36345,1.36378,1.36293,1.36316,5874
1720598400,1.36315,1.3642699999999999,1.36301,1.36369,8333
1720612800,1.3637000000000001,1.3639299999999999,1.36202,1.36221,8986
1720627200,1.36221,1.36319,1.36078,1.3614899999999999,17030
1720641600,1.36148,1.36258,1.36112,1.36219,7171
1720656000,1.36174,1.3621400000000001,1.36138,1.36211,2567
1720670400,1.36211,1.36239,1.36138,1.3621400000000001,4304
1720684800,1.3621400000000001,1.36351,1.36178,1.36307,8433
1720699200,1.36307,1.3639000000000001,1.35886,1.3606099999999999,14665
1720713600,1.36057,1.36352,1.35953,1.3631199999999999,32358
1720728000,1.36313,1.36477,1.36286,1.36317,13745
1720742400,1.36297,1.36349,1.36223,1.36319,6967
1720756800,1.3632,1.36344,1.3618299999999999,1.36202,7628
1720771200,1.36201,1.36299,1.36124,1.36133,10083
1720785600,1.36132,1.36387,1.3611,1.36325,14668
1720800000,1.36321,1.3639299999999999,1.36121,1.36224,25089
1720814400,1.36224,1.36369,1.3621699999999999,1.36341,9011
1721001600,1.36428,1.3657599999999999,1.36258,1.36555,6499
1721016000,1.3655599999999999,1.36586,1.36497,1.36564,5551
1721030400,1.36565,1.3664,1.3633,1.36338,10561
1721044800,1.36338,1.36532,1.36311,1.3646099999999999,13081
1721059200,1.3646,1.36744,1.3643399999999999,1.3666800000000001,21598
1721073600,1.36666,1.36889,1.36665,1.3682,13450
1721088000,1.36796,1.3682,1.36741,1.36803,5125
1721102400,1.36802,1.36847,1.36773,1.36839,6971
1721116800,1.3684,1.3694600000000001,1.36837,1.36847,11042
1721131200,1.36846,1.37073,1.36631,1.36994,15175
1721145600,1.36988,1.3707799999999999,1.36817,1.36825,21259
1721160000,1.36826,1.36839,1.3669,1.36747,8045
1721174400,1.36712,1.3681,1.36685,1.36785,4887
1721188800,1.36785,1.36823,1.3669,1.36748,6838
1721203200,1.36749,1.36859,1.36627,1.36639,16759
1721217600,1.36639,1.36786,1.36566,1.36715,15479
1721232000,1.36716,1.3701400000000001,1.36613,1.36932,26145
1721246400,1.36933,1.36964,1.36834,1.36845,11328
1721260800,1.3682,1.36853,1.3676599999999999,1.36822,5385
1721275200,1.36823,1.36884,1.36768,1.36802,9602
1721289600,1.36801,1.36807,1.36704,1.36745,15301
1721304000,1.36747,1.36836,1.36727,1.36809,12907
1721318400,1.36808,1.37011,1.36775,1.36932,23969
1721332800,1.36933,1.37184,1.36914,1.37053,15062
1721347200,1.37032,1.37145,1.37001,1.37073,5980
1721361600,1.37072,1.3709799999999999,1.37025,1.37066,8572
1721376000,1.37066,1.37179,1.37028,1.37167,14472
1721390400,1.37168,1.37252,1.37072,1.37237,14463
1721404800,1.37236,1.37477,1.37165,1.37314,24007
1721419200,1.37314,1.37352,1.3722699999999999,1.37328,12245
1721606400,1.3715600000000001,1.37229,1.37051,1.37131,6225
1721620800,1.37131,1.37333,1.37124,1.3732,9896
1721635200,1.37321,1.37459,1.37296,1.37416,13180
1721649600,1.37417,1.37547,1.37365,1.3750499999999999,12259
1721664000,1.3750499999999999,1.37748,1.3747,1.37485,21002
1721678400,1.37482,1.37584,1.3743699999999999,1.3757,7875
1721692800,1.3755600000000001,1.37675,1.3752499999999999,1.3765,4718
1721707200,1.3765100000000001,1.37656,1.3756300000000001,1.37646,8189
1721721600,1.37646,1.37733,1.37623,1.37666,11744
1721736000,1.37666,1.37682,1.37524,1.37583,11570
1721750400,1.37584,1.3774899999999999,1.37574,1.37669,17562
1721764800,1.3767,1.37856,1.37642,1.37852,8840
1721779200,1.37814,1.37876,1.37794,1.37824,3801
1721793600,1.37823,1.37997,1.37805,1.37965,8424
1721808000,1.37964,1.37971,1.37886,1.3793199999999999,13671
1721822400,1.3793199999999999,1.37971,1.37802,1.37814,12128
1721836800,1.37812,1.38076,1.37741,1.37918,23929
1721851200,1.37917,1.38162,1.3787099999999999,1.38083,12228
1721865600,1.38041,1.38182,1.38023,1.38133,6808
1721880000,1.38133,1.38216,1.38106,1.38191,10154
1721894400,1.38191,1.38377,1.38166,1.3827099999999999,18996
1721908800,1.3827099999999999,1.38492,1.3826100000000001,1.3835600000000001,20371
1721923200,1.38357,1.38403,1.38003,1.38037,28059
1721937600,1.38036,1.38279,1.3796300000000001,1.38242,15495
1721952000,1.38208,1.3826100000000001,1.3814,1.3818,4856
1721966400,1.3818,1.3820999999999999,1.381,1.38124,6488
1721980800,1.38124,1.38188,1.3807800000000001,1.38089,10747
1721995200,1.38091,1.38312,1.38089,1.38221,12325
1722009600,1.3822,1.38489,1.3807,1.3822,23594
1722024000,1.38219,1.38398,1.38193,1.38328,12256
1722211200,1.3829500000000001,1.38331,1.38162,1.3819,5128
1722225600,1.38189,1.3826800000000001,1.3817300000000001,1.38257,7700
1722240000,1.38256,1.38449,1.38199,1.3842400000000001,11297
1722254400,1.3842400000000001,1.3848500000000001,1.38287,1.38411,11122
1722268800,1.38411,1.38649,1.38361,1.38587,20009
1722283200,1.38586,1.38619,1.3847,1.38522,10624
1722297600,1.38479,1.38586,1.38475,1.38536,4587
1722312000,1.3854,1.3863699999999999,1.38418,1.38439,7527
1722326400,1.3844,1.38497,1.3838,1.3843,11261
1722340800,1.3843,1.38643,1.3841,1.38631,9822
1722355200,1.38631,1.38638,1.38391,1.3845100000000001,24795
1722369600,1.3845,1.38567,1.38394,1.38503,13844
1722384000,1.3845399999999999,1.38532,1.38441,1.38518,5036
1722398400,1.38518,1.38585,1.38388,1.38441,11735
1722412800,1.38441,1.38502,1.38339,1.38446,14047
1722427200,1.38448,1.3847800000000001,1.38067,1.38106,15723
1722441600,1.38105,1.38209,1.37872,1.3808099999999999,22521
1722456000,1.3808099999999999,1.38225,1.3790200000000001,1.3804699999999999,23431
1722470400,1.38015,1.38125,1.38008,1.38099,4952
1722484800,1.38099,1.38198,1.38004,1.3807800000000001,10617
1722499200,1.38077,1.38365,1.38029,1.38327,15600
1722513600,1.38328,1.38336,1.38116,1.38135,15847
1722528000,1.38134,1.38615,1.3795,1.38544,30527
1722542400,1.38543,1.3889,1.38535,1.3875600000000001,18115
1722556800,1.38712,1.38884,1.3869500000000001,1.38801,8931
1722571200,1.38801,1.38836,1.38555,1.38595,11029
1722585600,1.38595,1.38811,1.38528,1.3874900000000001,19361
1722600000,1.3874900000000001,1.38862,1.3845,1.3856899999999999,21937
1722614400,1.38571,1.38624,1.38341,1.38617,40514
1722628800,1.38617,1.38748,1.3856600000000001,1.38744,19236
1722816000,1.38648,1.38865,1.38632,1.38784,14151
1722830400,1.38784,1.38848,1.38596,1.38764,21272
1722844800,1.38764,1.39467,1.38638,1.38796,37462
1722859200,1.38796,1.38849,1.38194,1.38345,31463
1722873600,1.38346,1.3848799999999999,1.38094,1.38418,45841
1722888000,1.3841999999999999,1.38476,1.38194,1.38309,20266
1722902400,1.3816899999999999,1.3826100000000001,1.3792900000000001,1.37946,12846
1722916800,1.37941,1.38216,1.37934,1.38206,20825
1722931200,1.38206,1.38437,1.3813900000000001,1.38346,26158
1722945600,1.38346,1.38558,1.38301,1.38409,24108
1722960000,1.38408,1.38426,1.3776,1.37787,37954
1722974400,1.37788,1.37869,1.37565,1.37869,22137
1722988800,1.3783400000000001,1.37909,1.37748,1.37774,10521
1723003200,1.3777300000000001,1.37839,1.37656,1.37727,18377
1723017600,1.37729,1.37801,1.375,1.3753199999999999,17977
1723032000,1.37533,1.37585,1.3737,1.37414,16581
1723046400,1.37415,1.37473,1.37207,1.37324,26727
1723060800,1.37323,1.3759299999999999,1.37269,1.37588,21708
1723075200,1.37577,1.37613,1.37432,1.37446,9355
1723089600,1.37445,1.3747,1.37262,1.37333,13157
1723104000,1.37333,1.3744399999999999,1.37273,1.37323,16853
1723118400,1.37324,1.37588,1.373,1.37545,18719
1723132800,1.37542,1.37656,1.37363,1.3740700000000001,29776
1723147200,1.37408,1.3749799999999999,1.3728799999999999,1.37337,14832
1723161600,1.37291,1.37439,1.37284,1.37415,5796
1723176000,1.37416,1.37425,1.37223,1.3738000000000001,9530
1723190400,1.37379,1.3740999999999999,1.37178,1.37321,12967
1723204800,1.3732199999999999,1.37519,1.37313,1.37365,12921
1723219200,1.37364,1.37423,1.37209,1.37265,25063
1723233600,1.37265,1.37363,1.3724,1.3728799999999999,13443
1723420800,1.3721,1.37409,1.3719000000000001,1.37359,3861
1723435200,1.37361,1.37386,1.3728,1.3732,4604
1723449600,1.3732,1.37347,1.37184,1.3723,8662
1723464000,1.37231,1.37399,1.37181,1.37364,9522
1723478400,1.37363,1.37477,1.37246,1.37439,21954
1723492800,1.3744,1.37462,1.37343,1.3742,12940
1723507200,1.37404,1.37473,1.37384,1.37456,3147
1723521600,1.37455,1.37461,1.37351,1.37375,6055
1723536000,1.37375,1.37454,1.37262,1.37335,9089
1723550400,1.37335,1.37417,1.37242,1.3728099999999999,11701
1723564800,1.37277,1.37401,1.37183,1.3719299999999999,21873
1723579200,1.37192,1.37221,1.37058,1.37061,12824
1723593600,1.37029,1.37108,1.37009,1.37088,4588
1723608000,1.37088,1.37203,1.37042,1.37173,7978
1723622400,1.37172,1.3721,1.37061,1.37086,9180
1723636800,1.37085,1.37215,1.36997,1.37185,11862
1723651200,1.37185,1.37206,1.36886,1.37122,22580
1723665600,1.37121,1.37243,1.37113,1.37152,12282
1723680000,1.37114,1.37194,1.37112,1.3717,3402
1723694400,1.3717,1.37259,1.37088,1.37104,8970
1723708800,1.3710200000000001,1.37133,1.37022,1.37092,6036
1723723200,1.37093,1.37275,1.36977,1.37259,10801
1723737600,1.3726,1.3738000000000001,1.3695,1.37103,22543
1723752000,1.3710200000000001,1.3738299999999999,1.37087,1.37303,10638
1723766400,1.37274,1.3735,1.37244,1.37303,3505
1723780800,1.37302,1.37347,1.37214,1.37249,5146
1723795200,1.3725,1.37286,1.37164,1.3721999999999999,6910
1723809600,1.37221,1.3737,1.37161,1.37259,10513
1723824000,1.3725800000000001,1.3728099999999999,1.36945,1.36955,18254
1723838400,1.36954,1.37004,1.3679999999999999,1.3681,8315
1724025600,1.36775,1.36835,1.36679,1.36721,3974
1724040000,1.36721,1.36723,1.36613,1.36651,5476
1724054400,1.36651,1.3676,1.36626,1.36741,8544
1724068800,1.36742,1.36848,1.36717,1.36724,7436
1724083200,1.36723,1.36773,1.36357,1.36494,18463
1724097600,1.36493,1.36534,1.36295,1.3633199999999999,10043
1724112000,1.36315,1.36372,1.36297,1.36362,4259
1724126400,1.36361,1.36414,1.3628,1.36365,7073
1724140800,1.3636599999999999,1.36409,1.3614899999999999,1.36167,8790
1724155200,1.36166,1.36333,1.36049,1.36204,10409
1724169600,1.36203,1.36405,1.36202,1.36307,22276
1724184000,1.3630900000000001,1.36338,1.36163,1.36195,11799
1724198400,1.36182,1.36234,1.36136,1.36167,4573
1724212800,1.36168,1.36233,1.36136,1.36147,5070
1724227200,1.36148,1.36233,1.36057,1.36117,9081
1724241600,1.36116,1.36118,1.3590900000000001,1.35985,8835
1724256000,1.35984,1.36115,1.3575599999999999,1.359,25475
1724270400,1.35899,1.36015,1.35764,1.35953,11215
1724284800,1.35891,1.35942,1.35826,1.3587099999999999,2955
1724299200,1.3587,1.35924,1.35853,1.35876,4373
1724313600,1.35877,1.35895,1.35713,1.35777,7227
1724328000,1.35778,1.35948,1.35754,1.35779,10712
1724342400,1.3578000000000001,1.36188,1.35779,1.36023,20373
1724356800,1.36023,1.36147,1.36016,1.36129,10846
1724371200,1.36143,1.36151,1.35991,1.3602,3299
1724385600,1.3602,1.36025,1.35925,1.3593899999999999,4801
1724400000,1.35938,1.35965,1.35856,1.35885,7423
1724414400,1.35885,1.35925,1.35797,1.35811,8237
1724428800,1.35811,1.3586,1.35008,1.35122,28705
1724443200,1.35123,1.35156,1.34986,1.3508499999999999,13048
1724630400,1.34999,1.35152,1.3498999999999999,1.35053,4846
1724644800,1.35053,1.3513600000000001,1.34989,1.35118,5958
1724659200,1.35119,1.35129,1.3502,1.35041,9153
1724673600,1.35042,1.3513,1.3489900000000001,1.3492,10390
1724688000,1.3491900000000001,1.3496000000000001,1.3463,1.34703,16732
1724702400,1.34703,1.34897,1.34659,1.34872,8315
1724716800,1.34747,1.34881,1.34747,1.3486500000000001,3904
1724731200,1.3486500000000001,1.34878,1.34778,1.34799,4890
1724745600,1.34799,1.34852,1.34689,1.34731,9022
1724760000,1.34732,1.34808,1.34627,1.34742,11697
1724774400,1.34742,1.34756,1.34504,1.34634,18932
1724788800,1.34633,1.34637,1.34426,1.34435,8661
1724803200,1.34385,1.34491,1.34385,1.34455,4206
1724817600,1.34457,1.34543,1.3443,1.3454,5889
1724832000,1.3454,1.34683,1.34496,1.3459699999999999,12189
1724846400,1.34598,1.34786,1.3457,1.34706,12502
1724860800,1.34706,1.34774,1.34491,1.34695,19882
1724875200,1.34695,1.3488,1.3466,1.34784,12130
1724889600,1.34768,1.34796,1.34659,1.3468,4186
1724904000,1.3468,1.34734,1.34601,1.34612,5523
1724918400,1.34612,1.34747,1.34534,1.34671,12099
1724932800,1.34671,1.3477700000000001,1.3449900000000001,1.34733,13883
1724947200,1.34728,1.34908,1.34589,1.34703,20527
1724961600,1.34702,1.34862,1.34613,1.3485800000000001,12065
1724976000,1.34825,1.3489499999999999,1.34809,1.34839,4046
1724990400,1.3484,1.34904,1.34801,1.34889,5332
1725004800,1.3489,1.34904,1.34689,1.34765,8314
1725019200,1.34766,1.34889,1.34653,1.3483100000000001,12831
1725033600,1.34827,1.35095,1.34667,1.35023,28071
1725048000,1.3502100000000001,1.35045,1.34727,1.34921,12876
1725235200,1.34854,1.34938,1.34832,1.34888,3262
1725249600,1.34886,1.35041,1.34859,1.3498299999999999,5230
1725264000,1.34982,1.34993,1.34851,1.3489,9066
1725278400,1.3489,1.35009,1.34883,1.34906,7776
1725292800,1.34906,1.35052,1.3488,1.34939,7985
1725307200,1.34941,1.34947,1.3489900000000001,1.34945,1187
1725321600,1.3490199999999999,1.35025,1.3490199999999999,1.3498299999999999,2518
1725336000,1.34982,1.35296,1.34964,1.35266,7433
1725350400,1.35266,1.35308,1.3504399999999999,1.35114,10730
1725364800,1.35114,1.35496,1.35098,1.3544100000000001,14087
1725379200,1.3544100000000001,1.3562400000000001,1.3534,1.35499,25372
1725393600,1.355,1.35564,1.3542,1.35506,11793
1725408000,1.35516,1.35562,1.35408,1.3554300000000001,5081
1725422400,1.3554300000000001,1.3554300000000001,1.35327,1.35346,7053
1725436800,1.35348,1.35629,1.3532899999999999,1.3562400000000001,12125
1725451200,1.3562400000000001,1.35653,1.35483,1.35523,12011
1725465600,1.35525,1.35557,1.34996,1.35113,26223
1725480000,1.35118,1.3526099999999999,1.35069,1.3507,13492
1725494400,1.3504800000000001,1.35131,1.35041,1.35081,3030
1725508800,1.3508200000000001,1.35118,1.35036,1.35103,4939
1725523200,1.35101,1.35167,1.35034,1.35055,10480
1725537600,1.35055,1.35236,1.35034,1.35152,15252
1725552000,1.35151,1.35251,1.35053,1.35152,22910
1725566400,1.35152,1.35182,1.35018,1.35019,13707
1725580800,1.34984,1.3504399999999999,1.3496299999999999,1.34988,2726
1725595200,1.34988,1.35046,1.34921,1.34933,6878
1725609600,1.34936,1.35053,1.34855,1.35023,12215
1725624000,1.35022,1.35046,1.34656,1.35012,16761
1725638400,1.3501699999999999,1.35823,1.34971,1.35689,37232
1725652800,1.3569,1.35769,1.3556599999999999,1.35713,17662
1725840000,1.35618,1.35701,1.35575,1.35651,5587
1725854400,1.35651,1.35654,1.35521,1.35614,7228
1725868800,1.35615,1.3573,1.35613,1.35697,11883
1725883200,1.35699,1.35705,1.35596,1.35684,12213
1725897600,1.35684,1.35769,1.35462,1.35492,19501
1725912000,1.35491,1.35644,1.35474,1.35588,12865
1725926400,1.3557299999999999,1.35728,1.3553,1.35693,3162
1725940800,1.35693,1.3572600000000001,1.35622,1.35648,6015
1725955200,1.35648,1.3576,1.35615,1.35733,11701
1725969600,1.35734,1.3578999999999999,1.35643,1.35724,12623
1725984000,1.35724,1.36154,1.35689,1.36074,22854
1725998400,1.36075,1.3613,1.3600400000000001,1.36099,14340
1726012800,1.36098,1.36163,1.36072,1.36141,4029
1726027200,1.36141,1.36164,1.35998,1.36003,9236
1726041600,1.3600400000000001,1.3601,1.3584800000000001,1.35856,11610
1726056000,1.35855,1.36036,1.35733,1.35961,16212
1726070400,1.35962,1.36229,1.35794,1.3584399999999999,27650
1726084800,1.35843,1.3585099999999999,1.35666,1.3573,15250
1726099200,1.35715,1.35808,1.35703,1.35796,3251
1726113600,1.35796,1.35853,1.35711,1.35711,7092
1726128000,1.3571,1.35805,1.35647,1.35773,10756
1726142400,1.35773,1.35898,1.35687,1.35861,13764
1726156800,1.3586,1.36045,1.35793,1.35914,23113
1726171200,1.35913,1.35968,1.3576,1.35798,15534
1726185600,1.35766,1.35825,1.35663,1.35664,3492
1726200000,1.35663,1.35771,1.3565,1.35759,6783
1726214400,1.3576,1.3584,1.35711,1.35763,10677
1726228800,1.35762,1.35946,1.3566099999999999,1.35766,12203
1726243200,1.35766,1.35941,1.35694,1.35927,18943
1726257600,1.35927,1.3599999999999999,1.3584,1.35891,11334
1726444800,1.3587500000000001,1.3593899999999999,1.35757,1.35759,3921
1726459200,1.35761,1.3581699999999999,1.35666,1.3571,4796
1726473600,1.35711,1.35807,1.35686,1.3575,10176
1726488000,1.3574899999999999,1.3587500000000001,1.3572899999999999,1.35872,14179
1726502400,1.35873,1.36074,1.35806,1.35961,19556
1726516800,1.35961,1.35984,1.3584,1.35862,11327
1726531200,1.35796,1.35938,1.35796,1.35933,3400
1726545600,1.3593199999999999,1.35981,1.3587,1.35955,4279
1726560000,1.35955,1.35964,1.35809,1.35837,9070
1726574400,1.35838,1.36167,1.35799,1.36054,13760
1726588800,1.36053,1.3607,1.35836,1.35978,21993
1726603200,1.35978,1.36048,1.35903,1.35982,14818
1726617600,1.35933,1.35967,1.35866,1.35868,3096
1726632000,1.35868,1.35942,1.35843,1.3593,6852
1726646400,1.3593199999999999,1.35934,1.3584,1.35885,11351
1726660800,1.35884,1.35929,1.35813,1.35896,12901
1726675200,1.35895,1.36075,1.35765,1.35954,19667
1726689600,1.35956,1.36227,1.35403,1.3605800000000001,35323
1726704000,1.3601,1.36357,1.35982,1.36352,7746
1726718400,1.36352,1.36471,1.35964,1.35983,13263
1726732800,1.35983,1.35993,1.35434,1.3545099999999999,17240
1726747200,1.3545,1.35694,1.3532899999999999,1.3569200000000001,19667
1726761600,1.35691,1.36005,1.35493,1.35524,26889
1726776000,1.35525,1.3565,1.35468,1.3559,15518
1726790400,1.3551199999999999,1.35656,1.3551,1.35639,3233
1726804800,1.35639,1.3568500000000001,1.3554,1.3560400000000001,8722
1726819200,1.35603,1.35757,1.35547,1.35684,14508
1726833600,1.35684,1.35764,1.35416,1.35454,13414
1726848000,1.35454,1.35897,1.35453,1.3554300000000001,26531
1726862400,1.35544,1.35742,1.35529,1.3566799999999999,16218
1727049600,1.35551,1.35691,1.35548,1.35633,3495
1727064000,1.35633,1.35669,1.3556300000000001,1.35584,6531
1727078400,1.35584,1.3582,1.35549,1.35714,14504
1727092800,1.35714,1.35715,1.35373,1.35377,12596
1727107200,1.35376,1.35385,1.34897,1.35019,23537
1727121600,1.35018,1.3541,1.3487,1.35401,10546
1727136000,1.35341,1.35373,1.35214,1.35301,3867
1727150400,1.3529900000000001,1.353,1.35123,1.3514300000000001,9349
1727164800,1.3514,1.3529499999999999,1.35073,1.3512,15246
1727179200,1.35121,1.35147,1.34976,1.34998,12630
1727193600,1.34997,1.35018,1.34528,1.34572,22351
1727208000,1.34574,1.34583,1.34306,1.34314,10306
1727222400,1.3431600000000001,1.34349,1.34192,1.34229,4255
1727236800,1.34229,1.34323,1.34205,1.34289,9127
1727251200,1.3429,1.34389,1.34242,1.34286,11523
1727265600,1.34286,1.34552,1.34286,1.3449200000000001,11605
1727280000,1.3449200000000001,1.34753,1.34324,1.34749,22731
1727294400,1.3475,1.34873,1.347,1.34853,13937
1727308800,1.34806,1.3486799999999999,1.34721,1.34731,4339
1727323200,1.3473,1.34763,1.34646,1.34714,7550
1727337600,1.34715,1.3477299999999999,1.34629,1.34668,14476
1727352000,1.34669,1.34787,1.34574,1.34633,16920
1727366400,1.3463,1.3489499999999999,1.346,1.34813,28796
1727380800,1.34815,1.34824,1.34672,1.34681,14797
1727395200,1.34652,1.34863,1.3464,1.34847,5205
1727409600,1.34848,1.34928,1.34805,1.34901,9128
1727424000,1.349,1.34951,1.34823,1.34826,15543
1727438400,1.34825,1.34863,1.34635,1.34729,16835
1727452800,1.34729,1.3516,1.34672,1.3511,26309
1727467200,1.35111,1.3526500000000001,1.35094,1.3519,18017
1727654400,1.35062,1.35171,1.35056,1.35147,4801
1727668800,1.35147,1.35191,1.35026,1.3508200000000001,10285
1727683200,1.3508200000000001,1.35224,1.35008,1.35159,13741
1727697600,1.35158,1.35273,1.35066,1.35071,13279
1727712000,1.3507,1.35196,1.34896,1.35069,24455
1727726400,1.35068,1.35377,1.3503,1.35248,20275
1727740800,1.3516599999999999,1.35337,1.3516599999999999,1.3529900000000001,4699
1727755200,1.3529900000000001,1.35321,1.3519700000000001,1.3523,7924
1727769600,1.35229,1.35384,1.35157,1.35358,14797
1727784000,1.35357,1.35393,1.35162,1.35233,16193
1727798400,1.35233,1.35251,1.3488,1.35023,33418
1727812800,1.3502399999999999,1.35209,1.3480699999999999,1.3489200000000001,19417
1727827200,1.3490199999999999,1.3497,1.34833,1.34881,5260
1727841600,1.34877,1.34877,1.34759,1.34837,10111
1727856000,1.3483800000000001,1.34911,1.34772,1.34877,14868
1727870400,1.34876,1.34928,1.34756,1.34918,14078
1727884800,1.34917,1.34955,1.34722,1.34907,23075
1727899200,1.34906,1.35096,1.34891,1.35025,10337
1727913600,1.34894,1.35151,1.34894,1.35099,4277
1727928000,1.35097,1.35246,1.3507799999999999,1.35246,9027
1727942400,1.35246,1.35306,1.35066,1.35254,15180
1727956800,1.35254,1.3544800000000001,1.35185,1.3534,16194
1727971200,1.35339,1.35531,1.35172,1.35317,28332
1727985600,1.35316,1.35594,1.35313,1.35577,13937
1728000000,1.35495,1.35557,1.35406,1.35461,3769
1728014400,1.35461,1.35584,1.35447,1.35547,9339
1728028800,1.35548,1.35672,1.3550200000000001,1.35589,11534
1728043200,1.3559,1.35886,1.3550499999999999,1.3580999999999999,14324
1728057600,1.35811,1.3590900000000001,1.35648,1.35779,27005
1728072000,1.3578000000000001,1.3581400000000001,1.35712,1.35764,11861
1728259200,1.35638,1.3584800000000001,1.35622,1.35811,5629
1728273600,1.35812,1.35837,1.35721,1.35823,9758
1728288000,1.35824,1.35956,1.35784,1.35924,11813
1728302400,1.35926,1.35985,1.35786,1.35928,12779
1728316800,1.35927,1.36194,1.359,1.36074,20309
1728331200,1.36073,1.3639299999999999,1.36029,1.36196,11851
1728345600,1.36196,1.36252,1.3611,1.36142,4894
1728360000,1.36142,1.36341,1.36123,1.36206,15330
1728374400,1.3620700000000001,1.36476,1.36174,1.36408,14565
1728388800,1.36409,1.36483,1.36359,1.36453,10920
1728403200,1.3645399999999999,1.36751,1.36379,1.36639,19546
1728417600,1.36639,1.36685,1.36459,1.36466,10703
1728432000,1.36449,1.36571,1.3642699999999999,1.36533,2621
1728446400,1.36531,1.3664,1.365,1.3660999999999999,10876
1728460800,1.3660999999999999,1.36741,1.36468,1.36704,14326
1728475200,1.36703,1.36863,1.36643,1.3683100000000001,10289
1728489600,1.36833,1.36948,1.3673199999999999,1.3693,16048
1728504000,1.36929,1.37187,1.36917,1.37115,9704
1728518400,1.36911,1.37134,1.36911,1.37115,4322
1728532800,1.37115,1.37148,1.3704399999999999,1.37057,9807
1728547200,1.37057,1.3734600000000001,1.37045,1.37343,9170
1728561600,1.3734199999999999,1.37545,1.37287,1.37411,13460
1728576000,1.37411,1.37683,1.37358,1.37645,24211
1728590400,1.37645,1.37753,1.37394,1.37426,11378
1728604800,1.37354,1.37511,1.37354,1.37479,3846
1728619200,1.37478,1.37592,1.3746,1.37533,5150
1728633600,1.37534,1.37683,1.37511,1.37641,7511
1728648000,1.3764,1.37831,1.37249,1.37491,12054
1728662400,1.37491,1.3777300000000001,1.37422,1.37584,17539
1728676800,1.37585,1.37637,1.37551,1.37636,5852
1728864000,1.37547,1.37867,1.37527,1.37794,4264
1728878400,1.37795,1.37893,1.3772,1.37766,9273
1728892800,1.37766,1.37885,1.37704,1.37865,8752
1728907200,1.37865,1.37979,1.37835,1.3795899999999999,8673
1728921600,1.37961,1.38007,1.37804,1.37947,15133
1728936000,1.37947,1.3805100000000001,1.37908,1.37961,8765
1728950400,1.3786,1.38032,1.37818,1.37962,3405
1728964800,1.37964,1.38073,1.37954,1.3805100000000001,6287
1728979200,1.3805100000000001,1.38151,1.38031,1.38059,9874
1728993600,1.38057,1.38384,1.3804400000000001,1.3825,11176
1729008000,1.38251,1.38254,1.37904,1.37994,19185
1729022400,1.37994,1.38113,1.37697,1.3771499999999999,9459
1729036800,1.3774600000000001,1.37901,1.37717,1.37866,5072
1729051200,1.37867,1.3787,1.37723,1.3777,8101
1729065600,1.37769,1.37928,1.3774,1.37899,11143
1729080000,1.37899,1.37911,1.37737,1.37799,10156
1729094400,1.37799,1.37848,1.37653,1.37656,15443
1729108800,1.37656,1.3768099999999999,1.37497,1.37501,8174
1729123200,1.37509,1.37587,1.37494,1.37542,3585
1729137600,1.37542,1.37656,1.3747,1.37645,9177
1729152000,1.37643,1.37853,1.37602,1.37812,10241
1729166400,1.37812,1.37931,1.3774199999999999,1.37805,10753
1729180800,1.37805,1.37969,1.37711,1.37889,20304
1729195200,1.37889,1.38013,1.37877,1.37943,9361
1729209600,1.37873,1.38,1.37867,1.37974,3953
1729224000,1.37974,1.3798599999999999,1.37856,1.37943,10514
1729238400,1.37942,1.38,1.37877,1.37941,11168
1729252800,1.37941,1.37968,1.37852,1.37953,9842
1729267200,1.37955,1.381,1.37882,1.3795899999999999,14321
1729281600,1.37958,1.38148,1.37957,1.38036,11004
1729468800,1.3798599999999999,1.38097,1.37974,1.38073,3923
1729483200,1.38073,1.38117,1.38011,1.381,10308
1729497600,1.38098,1.38213,1.38072,1.38144,11577
1729512000,1.38143,1.38262,1.38114,1.38193,10489
1729526400,1.38192,1.38496,1.38188,1.38433,14506
1729540800,1.38434,1.38442,1.38288,1.38307,8223
1729555200,1.3827099999999999,1.38377,1.38246,1.38349,4198
1729569600,1.38349,1.38358,1.3827,1.3829099999999999,9736
1729584000,1.38292,1.38346,1.38213,1.38341,10380
1729598400,1.38342,1.38365,1.3826100000000001,1.38281,11733
1729612800,1.38281,1.38326,1.38136,1.38293,16157
1729627200,1.38293,1.38314,1.3815,1.38157,8998
1729641600,1.38141,1.38256,1.38137,1.38254,3565
1729656000,1.38253,1.38289,1.38159,1.38199,12141
1729670400,1.3820000000000001,1.38269,1.3817,1.38252,12750
1729684800,1.38252,1.38476,1.38221,1.3845399999999999,11643
1729699200,1.38453,1.3862700000000001,1.3829,1.38407,17447
1729713600,1.38408,1.38498,1.38348,1.38369,11936
1729728000,1.38366,1.3841999999999999,1.38239,1.3824100000000001,3756
1729742400,1.38242,1.38303,1.38221,1.3822999999999999,8084
1729756800,1.38231,1.38289,1.38133,1.38154,11105
1729771200,1.38154,1.38263,1.38124,1.38251,11064
1729785600,1.38251,1.38684,1.38171,1.3862999999999999,18044
1729800000,1.38631,1.38635,1.38458,1.38544,11199
1729814400,1.38496,1.38555,1.38465,1.38509,4461
1729828800,1.3851,1.3856,1.38472,1.38541,9357
1729843200,1.38541,1.38562,1.38442,1.3849,10399
1729857600,1.38491,1.3853,1.3839299999999999,1.38403,8666
1729872000,1.38404,1.38876,1.38379,1.38811,15562
1729886400,1.38811,1.3897300000000001,1.38784,1.38938,10944
1730073600,1.38819,1.38979,1.38807,1.38964,3933
1730088000,1.38965,1.3906,1.38933,1.38985,8706
1730102400,1.38984,1.3901,1.38852,1.3887399999999999,8394
1730116800,1.38873,1.38993,1.3886,1.38927,8444
1730131200,1.38927,1.39082,1.38818,1.38992,14442
1730145600,1.38992,1.39001,1.38862,1.38887,7914
1730160000,1.38838,1.38953,1.38838,1.38903,3193
1730174400,1.38903,1.38994,1.38863,1.38983,8150
1730188800,1.38982,1.38998,1.38771,1.38803,10066
1730203200,1.38803,1.3903400000000001,1.38761,1.39021,10828
1730217600,1.39022,1.39293,1.3881999999999999,1.39219,22506
1730232000,1.3921999999999999,1.39258,1.39131,1.39175,10499
1730246400,1.39049,1.3918300000000001,1.39043,1.39126,3919
1730260800,1.39127,1.3924699999999999,1.39081,1.39202,9562
1730275200,1.39203,1.39223,1.39025,1.3906800000000001,10364
1730289600,1.39067,1.39363,1.39044,1.3933900000000001,14107
1730304000,1.3933900000000001,1.39402,1.39055,1.39166,22699
1730318400,1.39167,1.39185,1.38947,1.3902700000000001,11099
1730332800,1.39044,1.3918300000000001,1.38988,1.39151,4039
1730347200,1.3915199999999999,1.39208,1.39085,1.39196,8934
1730361600,1.392,1.39212,1.3909799999999999,1.39192,11287
1730376000,1.39193,1.39272,1.39018,1.39049,12670
1730390400,1.39049,1.39449,1.3890500000000001,1.39298,24317
1730404800,1.39297,1.3937,1.39067,1.3933200000000001,14171
1730419200,1.39296,1.39374,1.39265,1.39309,3555
1730433600,1.3931,1.39341,1.3925,1.3927800000000001,9759
1730448000,1.3927800000000001,1.39422,1.39267,1.3931,9355
1730462400,1.39302,1.3936899999999999,1.39024,1.3911,12265
1730476800,1.3911,1.39446,1.39062,1.39432,21953
1730491200,1.39431,1.39585,1.3940299999999999,1.3953,11542
1730678400,1.3921000000000001,1.39269,1.39042,1.39054,8376
1730692800,1.39054,1.39087,1.38914,1.39005,9597
1730707200,1.39005,1.39222,1.38982,1.39124,12078
1730721600,1.39123,1.39176,1.38927,1.39044,11295
1730736000,1.39046,1.3906399999999999,1.38747,1.38903,20878
1730750400,1.38903,1.39033,1.38896,1.39025,12291
1730764800,1.38995,1.39066,1.38979,1.3900299999999999,4816
1730779200,1.39004,1.39033,1.38946,1.38964,8287
1730793600,1.38965,1.38977,1.388,1.38837,8179
1730808000,1.38837,1.38864,1.38743,1.38815,7380
1730822400,1.38815,1.38823,1.3841,1.3846,17482
1730836800,1.38459,1.38482,1.38253,1.3826800000000001,8706
1730851200,1.3817300000000001,1.38998,1.38168,1.38852,18349
1730865600,1.38853,1.39358,1.38837,1.39168,29962
1730880000,1.39168,1.39379,1.38867,1.39024,25270
1730894400,1.39029,1.39463,1.38843,1.39374,21739
1730908800,1.39374,1.3958300000000001,1.39148,1.3940299999999999,25861
1730923200,1.39405,1.39423,1.39243,1.39395,11432
1730937600,1.39355,1.39479,1.3931,1.3931,6643
1730952000,1.3931,1.39311,1.38873,1.38902,8830
1730966400,1.38903,1.38938,1.38697,1.38913,13482
1730980800,1.3891200000000001,1.38974,1.387,1.388,14422
1730995200,1.388,1.38841,1.38495,1.385,19189
1731009600,1.38501,1.38776,1.38419,1.38608,18534
1731024000,1.38529,1.38779,1.38529,1.38736,6366
1731038400,1.38735,1.38855,1.38711,1.38804,7470
1731052800,1.38804,1.38998,1.3879000000000001,1.38869,13811
1731067200,1.38868,1.39199,1.38829,1.39155,13063
1731081600,1.39155,1.3927800000000001,1.38925,1.39178,20087
1731096000,1.39177,1.39254,1.39042,1.39109,8558
1731283200,1.3909,1.3915199999999999,1.39047,1.39138,6228
1731297600,1.39138,1.39265,1.39114,1.39177,6051
1731312000,1.39177,1.39344,1.39106,1.39265,10749
1731326400,1.39266,1.39505,1.39218,1.39451,10173
1731340800,1.39451,1.39482,1.39143,1.39241,13678
1731355200,1.39243,1.3930799999999999,1.39221,1.39245,6850
1731369600,1.39184,1.39322,1.39168,1.39322,6576
1731384000,1.39322,1.39485,1.39322,1.39476,9816
1731398400,1.3948,1.39619,1.3945699999999999,1.39606,13305
1731412800,1.39608,1.3967100000000001,1.39255,1.39257,14214
1731427200,1.39257,1.39594,1.3925,1.39531,19138
1731441600,1.3953,1.39574,1.39381,1.3942,9200
1731456000,1.39348,1.39526,1.39347,1.39448,6893
1731470400,1.39446,1.39564,1.39441,1.3955899999999999,7422
1731484800,1.3955899999999999,1.39618,1.39448,1.39477,11003
1731499200,1.39477,1.39622,1.39298,1.39474,15548
1731513600,1.39475,1.39989,1.39472,1.39828,26160
1731528000,1.39828,1.40025,1.39802,1.39968,9165
1731542400,1.3992200000000001,1.4002,1.39879,1.40019,6422
1731556800,1.40019,1.40197,1.39996,1.40134,8525
1731571200,1.4013499999999999,1.40161,1.39933,1.4003700000000001,12689
1731585600,1.40036,1.40201,1.39973,1.4013900000000001,17422
1731600000,1.40141,1.40357,1.40032,1.4028100000000001,21889
1731614400,1.40279,1.40644,1.4026399999999999,1.40563,14761
1731628800,1.40543,1.40713,1.40515,1.40659,7291
1731643200,1.40659,1.40669,1.40534,1.40629,7908
1731657600,1.4062999999999999,1.4068399999999999,1.40391,1.40492,13101
1731672000,1.40493,1.40653,1.4032499999999999,1.40619,15388
1731686400,1.40621,1.41056,1.40575,1.40812,26283
1731700800,1.40812,1.41008,1.4075,1.4093499999999999,12482
1731888000,1.40865,1.40904,1.40695,1.40744,9144
1731902400,1.4074499999999999,1.40889,1.40698,1.40861,8998
1731916800,1.40862,1.41025,1.40828,1.40875,12697
1731931200,1.40875,1.41014,1.40782,1.40828,11501
1731945600,1.40828,1.40839,1.4010099999999999,1.40134,15848
1731960000,1.40133,1.40234,1.4003999999999999,1.40161,8520
1731974400,1.40133,1.4029099999999999,1.40107,1.4020000000000001,5287
1731988800,1.4020000000000001,1.40243,1.4009,1.40216,7138
1732003200,1.40215,1.40364,1.40031,1.4028100000000001,17850
1732017600,1.4028100000000001,1.40309,1.3975,1.40057,14955
1732032000,1.40057,1.40114,1.39679,1.39783,21863
1732046400,1.39782,1.39848,1.39551,1.3956,9220
1732060800,1.39563,1.3963,1.39506,1.39597,5239
1732075200,1.39596,1.3967,1.39558,1.39592,6482
1732089600,1.39593,1.3980000000000001,1.39503,1.39784,12118
1732104000,1.39784,1.39997,1.3975,1.39874,11626
1732118400,1.39873,1.40143,1.39812,1.39893,16906
1732132800,1.39892,1.39964,1.39743,1.39759,8825
1732147200,1.39745,1.39754,1.39651,1.39715,4656
1732161600,1.39714,1.3973499999999999,1.3963700000000001,1.3971,7016
1732176000,1.39709,1.3978,1.3954900000000001,1.39755,14494
1732190400,1.39755,1.39768,1.39542,1.39627,13792
1732204800,1.39627,1.39691,1.39309,1.39562,22497
1732219200,1.39564,1.39751,1.3953,1.39727,8476
1732233600,1.39666,1.39843,1.39625,1.39679,6000
1732248000,1.3968,1.39856,1.39646,1.39839,8362
1732262400,1.39839,1.40206,1.39573,1.40039,18246
1732276800,1.4003999999999999,1.40121,1.39668,1.39725,18411
1732291200,1.39725,1.39933,1.39622,1.39763,21177
1732305600,1.39763,1.39877,1.3970799999999999,1.39805,8386
1732492800,1.39459,1.39505,1.39273,1.39379,7448
1732507200,1.39378,1.39496,1.39327,1.39455,8140
1732521600,1.39455,1.3976,1.3937300000000001,1.3956,14901
1732536000,1.39561,1.3984,1.39509,1.39561,13535
1732550400,1.3956,1.4007,1.39537,1.39941,20207
1732564800,1.39942,1.3995199999999999,1.39699,1.39883,10297
1732579200,1.3979,1.41777,1.3978,1.4137,18456
1732593600,1.4137,1.41451,1.40853,1.41077,10369
1732608000,1.41077,1.4144999999999999,1.40955,1.40957,15445
1732622400,1.40957,1.41212,1.4075,1.41166,16672
1732636800,1.41165,1.41281,1.4053499999999999,1.40807,23679
1732651200,1.40807,1.4092,1.40543,1.40543,11419
1732665600,1.40507,1.40617,1.4043999999999999,1.40609,8018
1732680000,1.4061,1.40777,1.4055900000000001,1.40755,8654
1732694400,1.40754,1.40761,1.40337,1.40492,16236
1732708800,1.40492,1.40653,1.40412,1.40428,14753
1732723200,1.40428,1.4064999999999999,1.40088,1.40277,22721
1732737600,1.40277,1.40355,1.4021,1.40297,9522
1732752000,1.40233,1.40289,1.4006,1.40121,6287
1732766400,1.4012,1.4026,1.4007800000000001,1.40216,7138
1732780800,1.40216,1.4031500000000001,1.40068,1.40073,12285
1732795200,1.40077,1.4013900000000001,1.39982,1.40096,8257
1732809600,1.40095,1.4020000000000001,1.4003,1.4007399999999999,8116
1732824000,1.40075,1.40156,1.40038,1.40123,1983
1732838400,1.40095,1.40145,1.39934,1.39998,6259
1732852800,1.39997,1.4001299999999999,1.3980299999999999,1.39947,7830
1732867200,1.39948,1.40126,1.39804,1.39991,12206
1732881600,1.39991,1.40425,1.39957,1.40275,12973
1732896000,1.40276,1.40454,1.3998300000000001,1.39987,18616
1732910400,1.39984,1.40103,1.39849,1.40014,25807
1733097600,1.39893,1.4035199999999999,1.39887,1.40331,9379
1733112000,1.40331,1.40411,1.40253,1.40313,10541
1733126400,1.40313,1.40491,1.40167,1.40297,17412
1733140800,1.40297,1.40475,1.40182,1.40346,15655
1733155200,1.40343,1.40894,1.40275,1.40555,24953
1733169600,1.40554,1.4058899999999999,1.4037600000000001,1.40419,11483
1733184000,1.40433,1.40583,1.40393,1.40536,5334
1733198400,1.40536,1.40639,1.4043700000000001,1.40446,6863
1733212800,1.40446,1.40493,1.40089,1.40202,12443
1733227200,1.40202,1.40484,1.4018,1.40391,12110
1733241600,1.40391,1.40757,1.4026,1.40523,20182
1733256000,1.40523,1.40721,1.40472,1.40666,9580
1733270400,1.40602,1.40799,1.40602,1.40711,5743
1733284800,1.40711,1.40829,1.40602,1.4062999999999999,7829
1733299200,1.40629,1.4082,1.4055,1.40686,11210
1733313600,1.40686,1.40695,1.40516,1.40662,11429
1733328000,1.40662,1.40796,1.40516,1.40656,18624
1733342400,1.40655,1.40738,1.40573,1.40712,10044
1733356800,1.4065699999999999,1.40793,1.4065699999999999,1.40713,4552
1733371200,1.40713,1.40736,1.40652,1.40682,4890
1733385600,1.40682,1.40733,1.40546,1.40604,8429
1733400000,1.40605,1.40634,1.40346,1.4035,10998
1733414400,1.4035,1.4060000000000001,1.40102,1.40526,17129
1733428800,1.40526,1.40665,1.40156,1.40177,8558
1733443200,1.40172,1.40427,1.40141,1.40409,5912
1733457600,1.40409,1.4043,1.40262,1.4033,5778
1733472000,1.4033,1.40439,1.4026399999999999,1.4038599999999999,8110
1733486400,1.40385,1.40943,1.40362,1.40911,13326
1733500800,1.4091,1.4157199999999999,1.4086,1.4154200000000001,24315
1733515200,1.41544,1.41644,1.41471,1.41536,9334
1733702400,1.4154499999999999,1.41644,1.41476,1.41528,4752
1733716800,1.41528,1.41731,1.41475,1.4169,5032
1733731200,1.41689,1.41748,1.41367,1.41426,9764
1733745600,1.41425,1.4142700000000001,1.40931,1.41013,8929
1733760000,1.41012,1.41365,1.4099300000000001,1.41358,15476
1733774400,1.4135900000000001,1.41733,1.4135900000000001,1.41685,9074
1733788800,1.41678,1.41852,1.4167,1.41745,4483
1733803200,1.41745,1.41894,1.41686,1.4176,7834
1733817600,1.4176,1.41948,1.41672,1.41765,9298
1733832000,1.41765,1.41767,1.41574,1.41626,11602
1733846400,1.41626,1.41943,1.41567,1.41672,18710
1733860800,1.41673,1.41787,1.41554,1.41785,8324
1733875200,1.41733,1.41803,1.41648,1.41655,4415
1733889600,1.41654,1.4169399999999999,1.41589,1.41665,6031
1733904000,1.41665,1.41913,1.41631,1.41844,13884
1733918400,1.41845,1.41934,1.41584,1.41692,15153
1733932800,1.4169100000000001,1.4193500000000001,1.41196,1.41594,24933
1733947200,1.41593,1.41702,1.41468,1.4159,11608
1733961600,1.41537,1.41596,1.41357,1.41482,6137
1733976000,1.4148100000000001,1.41551,1.41442,1.41456,6058
1733990400,1.4145699999999999,1.41513,1.41311,1.41367,12230
1734004800,1.41368,1.41748,1.41333,1.4169100000000001,15898
1734019200,1.41687,1.41997,1.4162,1.41914,24698
1734033600,1.4192,1.42276,1.41855,1.42207,11962
1734048000,1.42137,1.42392,1.42102,1.4234200000000001,7110
1734062400,1.4234200000000001,1.42436,1.4233500000000001,1.42357,6725
1734076800,1.42357,1.42394,1.42222,1.42225,11142
1734091200,1.42224,1.4228,1.42093,1.42119,11735
1734105600,1.42119,1.42448,1.42093,1.42312,19857
1734120000,1.42313,1.42404,1.42231,1.4234499999999999,8069
1734307200,1.42305,1.42365,1.42173,1.42187,5581
1734321600,1.42185,1.42295,1.42165,1.42251,5833
1734336000,1.42253,1.42321,1.42191,1.4231099999999999,9632
1734350400,1.4231099999999999,1.42538,1.42286,1.42497,9156
1734364800,1.42495,1.42702,1.4222299999999999,1.4228,19213
1734379200,1.4228100000000001,1.42505,1.42244,1.42419,8444
1734393600,1.42355,1.42424,1.4231500000000001,1.4241,5283
1734408000,1.4241,1.42653,1.42408,1.42633,5622
1734422400,1.42634,1.42902,1.42575,1.42778,10405
1734436800,1.42775,1.42972,1.42672,1.4274499999999999,13102
1734451200,1.4274499999999999,1.43234,1.4270399999999999,1.4311,20802
1734465600,1.4311099999999999,1.43156,1.43038,1.43092,9241
1734480000,1.4307699999999999,1.43156,1.4307400000000001,1.43139,3988
1734494400,1.43137,1.43293,1.43113,1.43255,5597
1734508800,1.43255,1.43314,1.4317,1.4329,9392
1734523200,1.4329100000000001,1.43306,1.43076,1.43122,9403
1734537600,1.43122,1.4339,1.43044,1.4332799999999999,16322
1734552000,1.43327,1.44474,1.4316200000000001,1.44474,27057
1734566400,1.44418,1.44671,1.44296,1.44303,9883
1734580800,1.44302,1.44432,1.44273,1.44393,8523
1734595200,1.44393,1.44415,1.43889,1.43934,15220
1734609600,1.4393099999999999,1.43973,1.43576,1.43768,17191
1734624000,1.4377,1.43803,1.43439,1.43791,26354
1734638400,1.43791,1.43987,1.43646,1.43983,12905
1734652800,1.43926,1.4421,1.43871,1.44194,7659
1734667200,1.44195,1.44352,1.4415,1.44154,8205
1734681600,1.4415499999999999,1.44196,1.43705,1.43863,14401
1734696000,1.43865,1.43933,1.43693,1.43929,14281
1734710400,1.4393099999999999,1.4396499999999999,1.43351,1.43493,25848
1734724800,1.43494,1.43756,1.43493,1.43699,11368
1734912000,1.43616,1.43695,1.43527,1.43546,5206
1734926400,1.43545,1.43613,1.43488,1.43604,5265
1734940800,1.43603,1.43896,1.4359199999999999,1.43833,9081
1734955200,1.43832,1.44325,1.4382,1.44314,10847
1734969600,1.44314,1.4433099999999999,1.43715,1.43774,18690
1734984000,1.43774,1.43801,1.43666,1.43719,9563
1734998400,1.43659,1.43839,1.43634,1.4379,3680
1735012800,1.43788,1.43866,1.43729,1.43833,5202
1735027200,1.43833,1.4398900000000001,1.43727,1.43961,6032
1735041600,1.43961,1.44197,1.43872,1.43875,7415
1735056000,1.43875,1.43924,1.4363299999999999,1.43756,13542
1735070400,1.43756,1.43756,1.4344700000000001,1.4356900000000001,5435
1735171200,1.43547,1.4363299999999999,1.4350399999999999,1.43568,4537
1735185600,1.4356900000000001,1.43678,1.43498,1.43676,5547
1735200000,1.43676,1.44043,1.43656,1.43944,6020
1735214400,1.43943,1.4403000000000001,1.43807,1.43953,6078
1735228800,1.43952,1.44196,1.43915,1.44177,11118
1735243200,1.44177,1.44203,1.44039,1.44067,6699
1735257600,1.44006,1.44154,1.43995,1.44127,4004
1735272000,1.44127,1.44149,1.44066,1.44088,4423
1735286400,1.44089,1.44104,1.43954,1.44029,7770
1735300800,1.4403000000000001,1.44112,1.43747,1.43937,8672
1735315200,1.43936,1.44493,1.43911,1.44373,19235
1735329600,1.44374,1.44376,1.44081,1.44142,9178
1735516800,1.44123,1.44149,1.43983,1.43993,2575
1735531200,1.43993,1.44017,1.43913,1.43927,4016
1735545600,1.4392800000000001,1.44103,1.4385,1.43914,7666
1735560000,1.43915,1.4408,1.43724,1.44079,12201
1735574400,1.44078,1.44326,1.43553,1.43585,22090
1735588800,1.43585,1.43632,1.43442,1.43499,10804
1735603200,1.4351,1.43616,1.43414,1.43431,4296
1735617600,1.43431,1.43514,1.43376,1.43482,4832
1735632000,1.4348,1.43793,1.43468,1.4369399999999999,8003
1735646400,1.4369399999999999,1.44078,1.43659,1.4402,11115
1735660800,1.44019,1.44092,1.4363299999999999,1.43896,23155
1735675200,1.43896,1.43955,1.43716,1.43805,8948
1735776000,1.43826,1.43858,1.43686,1.43729,5847
1735790400,1.43729,1.43798,1.43705,1.43706,5970
1735804800,1.43706,1.4422,1.43704,1.44143,10779
1735819200,1.44142,1.44321,1.44093,1.4421,13285
1735833600,1.4421,1.4442,1.4392,1.4403000000000001,26218
1735848000,1.44029,1.44197,1.4396200000000001,1.44043,10461
1735862400,1.43995,1.4408,1.43888,1.43909,6431
1735876800,1.4391,1.4395,1.43829,1.43922,5466
1735891200,1.43924,1.4403000000000001,1.43841,1.43898,12123
1735905600,1.43898,1.44191,1.43887,1.44136,11441
1735920000,1.44135,1.44618,1.4408699999999999,1.44571,20369
1735934400,1.4457,1.4463300000000001,1.44395,1.44473,9629
1736121600,1.44404,1.44502,1.4397199999999999,1.44,7099
1736136000,1.4399899999999999,1.44063,1.43878,1.43892,7195
1736150400,1.43893,1.43993,1.43583,1.43741,13135
1736164800,1.4374,1.43801,1.42991,1.43051,23677
1736179200,1.4304999999999999,1.43788,1.42793,1.43636,28019
1736193600,1.43636,1.43731,1.4328,1.43308,11710
1736208000,1.43269,1.43497,1.43252,1.43358,5673
1736222400,1.43359,1.4337,1.43115,1.43145,6211
1736236800,1.43146,1.43214,1.4301599999999999,1.43021,12430
1736251200,1.4302000000000001,1.4323000000000001,1.42974,1.43208,11599
1736265600,1.43207,1.43655,1.4317,1.43444,22722
1736280000,1.43444,1.43647,1.43378,1.43641,9857
1736294400,1.4359199999999999,1.43675,1.43476,1.4349,5674
1736308800,1.4349,1.4352,1.43419,1.43425,5011
1736323200,1.43424,1.43693,1.43388,1.43642,11227
1736337600,1.43642,1.44096,1.43624,1.43952,17433
1736352000,1.43949,1.44065,1.4374799999999999,1.4390800000000001,19740
1736366400,1.43907,1.43934,1.43699,1.43711,11469
1736380800,1.43736,1.43862,1.43713,1.4377499999999999,5237
1736395200,1.43776,1.4381,1.43649,1.43738,6440
1736409600,1.4374,1.44048,1.43709,1.43846,11467
1736424000,1.4384700000000001,1.43987,1.43805,1.43949,10708
1736438400,1.4395,1.44041,1.43878,1.4396,10225
1736452800,1.43961,1.4399899999999999,1.43875,1.43917,3988
1736467200,1.43932,1.44025,1.43925,1.44008,4817
1736481600,1.44008,1.44177,1.43997,1.44167,5184
1736496000,1.44168,1.44218,1.43949,1.44105,10496
1736510400,1.44105,1.44369,1.4380899999999999,1.4403000000000001,13801
1736524800,1.4403000000000001,1.44427,1.43753,1.4415,25785
1736539200,1.4415,1.44371,1.44144,1.44212,11487
1736726400,1.44194,1.44282,1.44115,1.44225,6306
1736740800,1.44224,1.4447,1.44165,1.44343,7159
1736755200,1.44343,1.4443,1.44143,1.44356,13532
1736769600,1.44357,1.444,1.43918,1.4408,13618
1736784000,1.44081,1.44273,1.4396499999999999,1.44083,19429
1736798400,1.44082,1.44192,1.4375200000000001,1.4375200000000001,8913
1736812800,1.43701,1.43849,1.43427,1.43761,8173
1736827200,1.43761,1.43875,1.43704,1.43829,7071
1736841600,1.43829,1.43842,1.43578,1.4376,13472
1736856000,1.4376,1.43977,1.43634,1.4396200000000001,13919
1736870400,1.43964,1.44101,1.4350399999999999,1.43672,21492
1736884800,1.43673,1.4369,1.43457,1.4346,9116
1736899200,1.43451,1.43568,1.43451,1.43554,4255
1736913600,1.43554,1.43627,1.43496,1.43624,4730
1736928000,1.43624,1.43641,1.43288,1.43468,9968
1736942400,1.43469,1.43667,1.4302000000000001,1.4308100000000001,12373
1736956800,1.4307400000000001,1.43581,1.43024,1.4337,21735
1736971200,1.43368,1.43402,1.43266,1.4337,6888
1736985600,1.43277,1.43421,1.4322,1.4341599999999999,6539
1737000000,1.43415,1.43669,1.43397,1.43667,6280
1737014400,1.43664,1.43839,1.43527,1.43715,10434
1737028800,1.43713,1.4393099999999999,1.43685,1.43795,12187
1737043200,1.43794,1.44007,1.43674,1.43862,22017
1737057600,1.43862,1.44031,1.43827,1.43899,7941
1737072000,1.43862,1.44028,1.4385,1.4399899999999999,3872
1737086400,1.43998,1.4405700000000001,1.43889,1.44024,5043
1737100800,1.44024,1.4417499999999999,1.4402,1.44131,9304
1737115200,1.4413,1.44405,1.44063,1.4436200000000001,10717
1737129600,1.44361,1.4464000000000001,1.43822,1.44384,21503
1737144000,1.44383,1.4481600000000001,1.44378,1.44811,9562
1737331200,1.44607,1.4485299999999999,1.44539,1.44554,4942
1737345600,1.44554,1.4457900000000001,1.44433,1.445,5444
1737360000,1.445,1.44784,1.4442599999999999,1.44775,9316
1737374400,1.44772,1.44772,1.4310800000000001,1.43122,14304
1737388800,1.43132,1.4380899999999999,1.42611,1.43372,20178
1737403200,1.43372,1.4350100000000001,1.42829,1.4310800000000001,6818
1737417600,1.43064,1.45157,1.42893,1.44409,15963
1737432000,1.44395,1.44445,1.43934,1.4432800000000001,12234
1737446400,1.4433099999999999,1.4457499999999999,1.44149,1.44241,12306
1737460800,1.44239,1.44565,1.44058,1.44476,14371
1737475200,1.44471,1.44492,1.43173,1.43347,21910
1737489600,1.4334500000000001,1.43442,1.43121,1.43151,8999
1737504000,1.43198,1.43499,1.43166,1.43371,8488
1737518400,1.43371,1.4344000000000001,1.43276,1.43371,6566
1737532800,1.43373,1.4354,1.43213,1.43275,12280
1737547200,1.43273,1.43704,1.43005,1.4353500000000001,13065
1737561600,1.43534,1.4391,1.43525,1.43656,17442
1737576000,1.43656,1.43903,1.43533,1.43773,8263
1737590400,1.43681,1.44041,1.43669,1.43943,6176
1737604800,1.43943,1.4404,1.43814,1.43925,6702
1737619200,1.43925,1.44021,1.43838,1.43896,11077
1737633600,1.43896,1.44134,1.43864,1.44038,11897
1737648000,1.44038,1.44041,1.43343,1.43391,21810
1737662400,1.4338899999999999,1.4380899999999999,1.4338899999999999,1.43798,9207
1737676800,1.43796,1.4384000000000001,1.43723,1.43751,4218
1737691200,1.43751,1.43751,1.4320599999999999,1.43309,11178
1737705600,1.43309,1.43487,1.43145,1.43253,16477
1737720000,1.43253,1.43497,1.43193,1.43241,12585
1737734400,1.43236,1.43417,1.43167,1.43372,19065
1737748800,1.43372,1.43492,1.4334,1.43428,7905
1737936000,1.43637,1.43873,1.43616,1.43835,7451
1737950400,1.43835,1.44013,1.43662,1.43844,9156
1737964800,1.4384299999999999,1.44003,1.4365,1.43686,15901
1737979200,1.43686,1.437,1.43333,1.43577,20108
1737993600,1.43578,1.43985,1.43564,1.43982,20553
1738008000,1.43982,1.44011,1.43661,1.43693,11264
1738022400,1.43696,1.4415499999999999,1.43664,1.43968,11244
1738036800,1.4397,1.44055,1.43876,1.43985,8130
1738051200,1.43985,1.44124,1.43888,1.43974,12912
1738065600,1.43976,1.44199,1.43939,1.44021,11833
1738080000,1.44022,1.44022,1.4368699999999999,1.43971,16939
1738094400,1.43966,1.44131,1.43842,1.43973,9105
1738108800,1.43917,1.44092,1.43892,1.44028,6055
1738123200,1.44028,1.44032,1.43917,1.43976,5304
1738137600,1.43967,1.4433500000000001,1.4392800000000001,1.4429400000000001,11361
1738152000,1.4429400000000001,1.44703,1.44181,1.44645,12354
1738166400,1.44645,1.44714,1.44038,1.44215,20061
1738180800,1.44215,1.44458,1.44082,1.44193,17831
1738195200,1.44122,1.44208,1.43924,1.44138,5700
1738209600,1.4414,1.4425,1.44075,1.44241,6060
1738224000,1.44241,1.4436,1.44022,1.441,9959
1738238400,1.44101,1.44231,1.44046,1.4409100000000001,13089
1738252800,1.4409100000000001,1.44225,1.4399600000000001,1.44149,17213
1738267200,1.44149,1.45946,1.43997,1.4489,14462
1738281600,1.44836,1.45103,1.44779,1.44836,8752
1738296000,1.44835,1.44895,1.44721,1.44777,6874
1738310400,1.44777,1.4491399999999999,1.44309,1.44784,12734
1738324800,1.4479199999999999,1.44973,1.44597,1.44881,13235
1738339200,1.44881,1.45503,1.43695,1.44006,24792
1738353600,1.44002,1.4559,1.4390399999999999,1.45395,25343
1738540800,1.47193,1.4751,1.4671,1.4748299999999999,22973
1738555200,1.47482,1.47931,1.47252,1.47279,16824
1738569600,1.47278,1.4752,1.46746,1.4693100000000001,19238
1738584000,1.4693100000000001,1.47037,1.4586999999999999,1.46676,17885
1738598400,1.46677,1.4703,1.45213,1.45792,32671
1738612800,1.45792,1.4593,1.43886,1.44204,17400
1738627200,1.44146,1.4462,1.43863,1.4448699999999999,11538
1738641600,1.4448699999999999,1.45025,1.44482,1.44864,11586
1738656000,1.44864,1.44882,1.44241,1.44251,15049
1738670400,1.44251,1.44416,1.4381300000000001,1.43831,13366
1738684800,1.43831,1.4393,1.4309,1.43404,20703
1738699200,1.43412,1.43463,1.43011,1.43224,9748
1738713600,1.4323299999999999,1.4338899999999999,1.4313,1.43344,6972
1738728000,1.43347,1.43444,1.43182,1.43385,7693
1738742400,1.43385,1.43437,1.4279600000000001,1.42854,13311
1738756800,1.42854,1.4295900000000001,1.4270100000000001,1.4292500000000001,12241
1738771200,1.4292500000000001,1.43006,1.42696,1.4292099999999999,19397
1738785600,1.42922,1.4328,1.42865,1.43174,7735
1738800000,1.43136,1.43277,1.43115,1.43145,5336
1738814400,1.43146,1.43513,1.4314200000000001,1.43481,5091
1738828800,1.43481,1.43665,1.43405,1.43597,10065
1738843200,1.43595,1.43644,1.43414,1.43419,12934
1738857600,1.43414,1.43493,1.43033,1.43107,14821
1738872000,1.43109,1.43191,1.43012,1.4304999999999999,8151
1738886400,1.43039,1.43186,1.43019,1.43057,4558
1738900800,1.43057,1.43266,1.43011,1.4325,4951
1738915200,1.43249,1.43259,1.43046,1.43118,7680
1738929600,1.43119,1.4344999999999999,1.42854,1.43049,13009
1738944000,1.43051,1.43396,1.42798,1.4293,28567
1738958400,1.42932,1.43012,1.42736,1.42953,10729
1739145600,1.43494,1.43763,1.43234,1.43489,9390
1739160000,1.43489,1.43583,1.43357,1.43445,6787
1739174400,1.4344299999999999,1.43591,1.43152,1.4326400000000001,11059
1739188800,1.4326400000000001,1.43449,1.4326400000000001,1.4337,9858
1739203200,1.43369,1.43435,1.4313500000000001,1.43198,12985
1739217600,1.43198,1.43228,1.43053,1.43164,6232
1739232000,1.43134,1.43399,1.43123,1.4334799999999999,5507
1739246400,1.43347,1.43407,1.4329,1.4333,4655
1739260800,1.43331,1.43402,1.43245,1.43338,8575
1739275200,1.43338,1.43456,1.43082,1.43103,9877
1739289600,1.4310800000000001,1.43271,1.43,1.4307,14109
1739304000,1.4307,1.43086,1.42791,1.42879,8881
1739318400,1.4280300000000001,1.42961,1.4280300000000001,1.42881,3505
1739332800,1.42881,1.4298199999999999,1.42795,1.42964,4963
1739347200,1.42964,1.43132,1.4285999999999999,1.4308100000000001,8997
1739361600,1.4308100000000001,1.43395,1.42893,1.4329,13247
1739376000,1.43298,1.43423,1.42556,1.42621,24473
1739390400,1.4262299999999999,1.43045,1.42592,1.4304000000000001,11094
1739404800,1.43021,1.43038,1.42873,1.42885,4192
1739419200,1.42885,1.42909,1.42557,1.42587,7263
1739433600,1.42587,1.43,1.4255,1.42915,11878
1739448000,1.42915,1.43039,1.42697,1.42855,13215
1739462400,1.42853,1.42899,1.42108,1.4243999999999999,17666
1739476800,1.4243999999999999,1.42632,1.41829,1.41891,13649
1739491200,1.4191099999999999,1.42013,1.41821,1.41895,6424
1739505600,1.41895,1.41919,1.41771,1.41873,5948
1739520000,1.41872,1.41891,1.41566,1.41677,12179
1739534400,1.41678,1.4191500000000001,1.41552,1.41646,12275
1739548800,1.41646,1.41785,1.41509,1.41648,15213
1739563200,1.41648,1.41775,1.41571,1.41767,6826
1739750400,1.4163999999999999,1.41902,1.41594,1.41609,7350
1739764800,1.41609,1.41753,1.41609,1.41739,7655
1739779200,1.4174,1.4194,1.41712,1.419,9439
1739793600,1.41905,1.4193799999999999,1.41812,1.41887,7720
1739808000,1.41887,1.41927,1.41791,1.41829,6321
1739822400,1.41829,1.41885,1.41814,1.41824,3741
1739836800,1.41742,1.4206400000000001,1.41733,1.41998,4968
1739851200,1.41997,1.42087,1.41882,1.42041,7718
1739865600,1.42041,1.42079,1.41811,1.41912,10508
1739880000,1.41909,1.4212799999999999,1.41794,1.42048,10290
1739894400,1.42046,1.42114,1.41827,1.41931,12749
1739908800,1.41931,1.41941,1.41831,1.41912,6627
1739923200,1.4188399999999999,1.41986,1.41845,1.41845,6460
1739937600,1.41845,1.41926,1.4179599999999999,1.418,6739
1739952000,1.418,1.42,1.4175499999999999,1.41994,8638
1739966400,1.41994,1.42215,1.41955,1.41986,10170
1739980800,1.41986,1.42405,1.41919,1.4236900000000001,15442
1739995200,1.4236900000000001,1.42453,1.42236,1.4233799999999999,9195
1740009600,1.42296,1.42439,1.42239,1.42419,6166
1740024000,1.42419,1.4245,1.42203,1.42266,9080
1740038400,1.42266,1.42305,1.4210099999999999,1.42113,10419
1740052800,1.42113,1.42231,1.41964,1.42065,11684
1740067200,1.4206400000000001,1.42135,1.41768,1.4186,17314
1740081600,1.41864,1.41895,1.41661,1.41772,7935
1740096000,1.41736,1.4188100000000001,1.41687,1.4186,6870
1740110400,1.4186,1.41863,1.41681,1.41788,9169
1740124800,1.41788,1.41993,1.41768,1.41967,12169
1740139200,1.41968,1.4200300000000001,1.41733,1.41766,10428
1740153600,1.41766,1.42198,1.417,1.42179,16957
1740168000,1.42179,1.42363,1.42171,1.42294,11988
1740355200,1.42188,1.42252,1.41939,1.41965,8687
1740369600,1.41965,1.41973,1.41818,1.41939,8907
1740384000,1.4193799999999999,1.42163,1.41838,1.42116,12689
1740398400,1.42117,1.42233,1.4206699999999999,1.42165,10628
1740412800,1.42165,1.42446,1.42083,1.42243,18598
1740427200,1.42244,1.4268,1.42068,1.4259,10432
1740441600,1.42543,1.42794,1.42519,1.42629,6620
1740456000,1.42629,1.42661,1.4239600000000001,1.4245,7467
1740470400,1.4245,1.42746,1.42443,1.42675,12614
1740484800,1.4267400000000001,1.42717,1.42432,1.4262000000000001,12545
1740499200,1.42621,1.4316499999999999,1.42515,1.42927,22192
1740513600,1.42927,1.43164,1.428,1.43133,12277
1740528000,1.4309,1.43137,1.42941,1.43044,6505
1740542400,1.43044,1.43327,1.43021,1.43311,7742
1740556800,1.43311,1.43333,1.43168,1.4332,11115
1740571200,1.4332,1.43571,1.43293,1.43516,10607
1740585600,1.43516,1.43654,1.42992,1.43177,21688
1740600000,1.4318,1.43683,1.4301,1.43405,13782
1740614400,1.4336,1.43551,1.43351,1.43478,6378
1740628800,1.4348,1.43631,1.4344700000000001,1.4353799999999999,8358
1740643200,1.43539,1.43557,1.4322,1.43275,11262
1740657600,1.43272,1.44346,1.43259,1.44258,14041
1740672000,1.44258,1.44424,1.4402599999999999,1.4429,23186
1740686400,1.44289,1.44489,1.44187,1.44411,10999
1740700800,1.4436499999999999,1.44475,1.44292,1.44437,8361
1740715200,1.44439,1.44526,1.44367,1.44402,9817
1740729600,1.44402,1.44528,1.44285,1.44372,12723
1740744000,1.44371,1.44417,1.44035,1.4415200000000001,12457
1740758400,1.4415200000000001,1.4447999999999999,1.43995,1.44394,22767
1740772800,1.44395,1.4470399999999999,1.4433500000000001,1.44623,13781
1740960000,1.44428,1.44486,1.44302,1.44342,9539
1740974400,1.44342,1.44531,1.44303,1.44443,7387
1740988800,1.44445,1.4453,1.44252,1.44269,11292
1741003200,1.44269,1.44397,1.44006,1.44112,14220
1741017600,1.44112,1.44189,1.4369100000000001,1.44132,18534
1741032000,1.44133,1.45417,1.44039,1.44881,19935
1741046400,1.44787,1.4504299999999999,1.44776,1.44929,10371
1741060800,1.4493,1.45214,1.44852,1.4492,14277
1741075200,1.4492,1.4503,1.44095,1.44252,17367
1741089600,1.44252,1.44596,1.44065,1.44481,17583
1741104000,1.44481,1.4543,1.44393,1.45279,30309
1741118400,1.45279,1.45417,1.43711,1.44017,22549
1741132800,1.43892,1.44411,1.43832,1.44284,10346
1741147200,1.44284,1.44498,1.44196,1.4422,13281
1741161600,1.4422,1.44307,1.43769,1.43819,17550
1741176000,1.43819,1.44356,1.4377499999999999,1.4380899999999999,17514
1741190400,1.4380899999999999,1.44195,1.43393,1.4357,30722
1741204800,1.4357,1.43772,1.43297,1.43324,16379
1741219200,1.4334799999999999,1.43533,1.43126,1.43143,8567
1741233600,1.4314,1.4340600000000001,1.43093,1.4337,9830
1741248000,1.4337,1.43622,1.43256,1.43462,19495
1741262400,1.43462,1.43766,1.4341,1.43634,18004
1741276800,1.4363299999999999,1.43705,1.42394,1.43037,28472
1741291200,1.43037,1.4318,1.42834,1.42976,14342
1741305600,1.42881,1.43061,1.42878,1.4300899999999999,6394
1741320000,1.43008,1.4313,1.42931,1.43125,8438
1741334400,1.43125,1.43194,1.42792,1.42999,13752
1741348800,1.43,1.43713,1.4298199999999999,1.43711,16294
1741363200,1.43708,1.44262,1.43366,1.43911,30047
1741377600,1.43911,1.44069,1.43594,1.43758,13884
1741564800,1.43537,1.4386999999999999,1.43537,1.43637,8793
1741579200,1.43637,1.43699,1.43543,1.43663,8884
1741593600,1.43663,1.43822,1.43573,1.43802,13761
1741608000,1.43803,1.44237,1.4353,1.4417900000000001,17491
1741622400,1.44188,1.44406,1.44092,1.44334,21242
1741636800,1.4433500000000001,1.44724,1.44306,1.4442599999999999,15044
1741651200,1.44349,1.44421,1.44203,1.44299,6321
1741665600,1.44299,1.44471,1.44161,1.44272,12682
1741680000,1.44272,1.44461,1.44097,1.44159,15993
1741694400,1.44159,1.44263,1.43934,1.44132,14997
1741708800,1.44137,1.45208,1.44014,1.4483,28546
1741723200,1.44831,1.45045,1.43789,1.44321,19043
1741737600,1.44299,1.44393,1.44218,1.4429,4426
1741752000,1.4429,1.4451,1.44272,1.44497,8048
1741766400,1.44496,1.44849,1.44333,1.44344,12839
1741780800,1.4434,1.44438,1.43656,1.43966,14767
1741795200,1.43963,1.443,1.4375200000000001,1.43884,21464
1741809600,1.43885,1.43927,1.43532,1.43652,12118
1741824000,1.43662,1.43689,1.43589,1.4362599999999999,4103
1741838400,1.4362599999999999,1.43936,1.43604,1.43878,9447
1741852800,1.43879,1.44045,1.43791,1.4388,13971
1741867200,1.43883,1.4402,1.43645,1.43979,15989
1741881600,1.4398,1.44254,1.43784,1.4421300000000001,23271
1741896000,1.4421300000000001,1.4451399999999999,1.44188,1.44354,13177
1741910400,1.44394,1.44439,1.44255,1.44321,4920
1741924800,1.4432,1.44414,1.44271,1.44289,10423
1741939200,1.44289,1.44354,1.44122,1.44138,12794
1741953600,1.44137,1.4436499999999999,1.44052,1.4408699999999999,16261
1741968000,1.44088,1.44132,1.43701,1.43741,20713
1741982400,1.43746,1.4384700000000001,1.43548,1.43589,9728
1742169600,1.43679,1.43763,1.43579,1.43699,5352
1742184000,1.43701,1.43785,1.43659,1.43732,8795
1742198400,1.43732,1.43803,1.436,1.43628,10461
1742212800,1.43629,1.4364,1.43381,1.43396,11296
1742227200,1.43397,1.43458,1.42823,1.42934,16408
1742241600,1.42934,1.42941,1.42752,1.4291,8315
1742256000,1.4286699999999999,1.42997,1.42862,1.42943,3689
1742270400,1.42945,1.43075,1.42885,1.43026,6806
1742284800,1.43026,1.43076,1.42722,1.42775,7848
1742299200,1.42776,1.4298199999999999,1.42592,1.42901,11049
1742313600,1.42902,1.43193,1.4271099999999999,1.43094,18566
1742328000,1.43094,1.43188,1.42919,1.4298899999999999,9431
1742342400,1.42932,1.4302000000000001,1.4292500000000001,1.42978,3718
1742356800,1.42978,1.43132,1.42977,1.43106,5683
1742371200,1.43106,1.43313,1.43072,1.43221,10842
1742385600,1.43221,1.43349,1.43146,1.43232,10424
1742400000,1.4323000000000001,1.43376,1.43094,1.43315,13058
1742414400,1.43314,1.43488,1.4308100000000001,1.43277,16411
1742428800,1.43221,1.43331,1.43149,1.43228,4828
1742443200,1.43228,1.4335200000000001,1.432,1.43299,7785
1742457600,1.43299,1.43551,1.43298,1.43541,8291
1742472000,1.43541,1.43907,1.4351099999999999,1.43852,13227
1742486400,1.43853,1.44014,1.4318,1.43329,16618
1742500800,1.43331,1.43361,1.43126,1.43258,8238
1742515200,1.43205,1.4326400000000001,1.4317,1.43209,3945
1742529600,1.43209,1.43337,1.43146,1.43324,6830
1742544000,1.43323,1.43437,1.43136,1.4329399999999999,9418
1742558400,1.4329399999999999,1.43575,1.43273,1.43574,10664
1742572800,1.43575,1.43729,1.43365,1.43404,16611
1742587200,1.43403,1.4352800000000001,1.43322,1.43506,9176
1742774400,1.43494,1.43512,1.43266,1.4332,4108
1742788800,1.4332099999999999,1.43506,1.43312,1.43442,7006
1742803200,1.43442,1.43484,1.43243,1.43341,8952
1742817600,1.43339,1.43463,1.4315,1.43357,9558
1742832000,1.43357,1.43439,1.4289100000000001,1.4316900000000001,16772
1742846400,1.43168,1.43274,1.43065,1.4317199999999999,10211
1742860800,1.4316900000000001,1.43272,1.4312,1.43205,3195
1742875200,1.43205,1.43241,1.43109,1.43239,6105
1742889600,1.43239,1.43327,1.43158,1.43247,8923
1742904000,1.43247,1.43268,1.42804,1.4280599999999999,10447
1742918400,1.42807,1.43139,1.4270800000000001,1.42999,13943
1742932800,1.42991,1.43082,1.42722,1.4278,8492
1742947200,1.42771,1.42873,1.42722,1.42866,3880
1742961600,1.42868,1.4298199999999999,1.427,1.42746,7675
1742976000,1.42746,1.42779,1.42462,1.42513,9640
1742990400,1.42513,1.42721,1.42447,1.42683,9722
1743004800,1.42675,1.4271,1.42349,1.42655,15317
1743019200,1.42655,1.42973,1.42629,1.42706,10229
1743033600,1.42634,1.43164,1.42633,1.42872,7457
1743048000,1.42871,1.42873,1.42594,1.42651,8060
1743062400,1.42651,1.43058,1.42625,1.42835,11969
1743076800,1.42835,1.42975,1.42757,1.42968,11557
1743091200,1.42968,1.43288,1.4292099999999999,1.43153,17547
1743105600,1.43151,1.43214,1.42995,1.43052,8042
1743120000,1.42964,1.43158,1.42964,1.43106,3395
1743134400,1.4311,1.43156,1.43076,1.43131,6613
1743148800,1.43131,1.43324,1.4310399999999999,1.43213,8767
1743163200,1.43213,1.4332799999999999,1.43083,1.43113,8942
1743177600,1.43114,1.43263,1.42761,1.42935,20046
1743192000,1.42935,1.43241,1.42924,1.4317199999999999,9963
1743379200,1.4300899999999999,1.43293,1.42993,1.43088,8965
1743393600,1.43086,1.43202,1.4299,1.43155,9212
1743408000,1.43155,1.43484,1.43093,1.43482,12353
1743422400,1.43484,1.43808,1.4340899999999999,1.43784,9998
1743436800,1.43784,1.43953,1.43602,1.43757,18288
1743451200,1.43756,1.43954,1.43713,1.43864,9740
1743465600,1.43842,1.4396200000000001,1.43826,1.43913,4348
1743480000,1.43913,1.44002,1.43726,1.43738,8008
1743494400,1.43737,1.44038,1.43733,1.43815,10322
1743508800,1.43815,1.44042,1.43661,1.4395,11733
1743523200,1.43949,1.4414799999999999,1.43053,1.43204,21080
1743537600,1.4320300000000001,1.43439,1.42975,1.42991,10794
1743552000,1.42971,1.43075,1.42888,1.43046,5107
1743566400,1.43046,1.43076,1.42923,1.43059,6698
1743580800,1.43059,1.43174,1.4293,1.43032,9158
1743595200,1.43032,1.43323,1.42992,1.43211,9538
1743609600,1.43212,1.43344,1.42957,1.43204,16848
1743624000,1.43204,1.43655,1.42587,1.4295499999999999,16596
1743638400,1.423,1.43188,1.42151,1.42542,19341
1743652800,1.42541,1.42585,1.4237600000000001,1.42556,16732
1743667200,1.42556,1.42556,1.41168,1.41313,20643
1743681600,1.4131,1.41596,1.40692,1.40819,23480
1743696000,1.40815,1.40906,1.40272,1.4061,31309
1743710400,1.40611,1.41042,1.40605,1.4087100000000001,13060
1743724800,1.40862,1.40972,1.40612,1.4064,8205
1743739200,1.40642,1.41032,1.40536,1.41012,14142
1743753600,1.41012,1.4163700000000001,1.4082,1.4132,19770
1743768000,1.41318,1.42421,1.4131,1.42083,35054
1743782400,1.42083,1.42362,1.4178600000000001,1.42108,38557
1743796800,1.42108,1.42588,1.42013,1.4218600000000001,26541
1743984000,1.42357,1.4268,1.42054,1.42303,24763
1743998400,1.42303,1.42535,1.42124,1.4216,24804
1744012800,1.42158,1.4268399999999999,1.41957,1.4250099999999999,32423
1744027200,1.42497,1.42961,1.42375,1.42469,31642
1744041600,1.4247,1.4267699999999999,1.41788,1.42286,43662
1744056000,1.42286,1.42543,1.4184999999999999,1.42442,25933
1744070400,1.42393,1.42458,1.42009,1.42158,11302
1744084800,1.4216,1.42198,1.4157899999999999,1.41639,16505
1744099200,1.41639,1.41925,1.41498,1.41783,21100
1744113600,1.41784,1.4203700000000001,1.41528,1.41639,21960
1744128000,1.41641,1.42232,1.4142700000000001,1.42022,33197
1744142400,1.42027,1.42716,1.41952,1.42675,26291
1744156800,1.42596,1.42736,1.42421,1.42426,12808
1744171200,1.42426,1.42474,1.42058,1.42207,21764
1744185600,1.42207,1.42488,1.4193,1.4203299999999999,28397
1744200000,1.4203299999999999,1.42211,1.41563,1.4173499999999999,28443
1744214400,1.4173,1.42119,1.4132,1.41774,29231
1744228800,1.41774,1.41862,1.40747,1.40888,34825
1744243200,1.40823,1.41103,1.4075,1.41002,13913
1744257600,1.41003,1.41096,1.40712,1.4072200000000001,18406
1744272000,1.4072200000000001,1.40948,1.4052,1.4076,20438
1744286400,1.40766,1.40884,1.404,1.4073,22478
1744300800,1.40729,1.40754,1.39878,1.39991,34163
1744315200,1.4,1.40073,1.39512,1.39788,26811
1744329600,1.39767,1.39856,1.39099,1.3949099999999999,16768
1744344000,1.3949099999999999,1.3970500000000001,1.39075,1.39645,25391
1744358400,1.39645,1.39845,1.38806,1.39039,27108
1744372800,1.39044,1.3933499999999999,1.3839299999999999,1.3856600000000001,26139
1744387200,1.38565,1.3933200000000001,1.38422,1.39035,34430
1744401600,1.3902700000000001,1.39195,1.38641,1.38653,16828
1744588800,1.3854,1.3884400000000001,1.38518,1.38726,13135
1744603200,1.38726,1.38742,1.3848799999999999,1.38647,15733
1744617600,1.38647,1.38764,1.38284,1.38394,16530
1744632000,1.38394,1.38895,1.38347,1.3881999999999999,12712
1744646400,1.38821,1.39109,1.38619,1.3904,22929
1744660800,1.3904,1.39052,1.3862999999999999,1.38778,11542
1744675200,1.38667,1.3908800000000001,1.38638,1.38945,7188
1744689600,1.38949,1.38974,1.38506,1.3854899999999999,9910
1744704000,1.3854899999999999,1.3878300000000001,1.38499,1.38558,14041
1744718400,1.3856,1.39155,1.38499,1.3900299999999999,13340
1744732800,1.39004,1.39699,1.38679,1.39696,18008
1744747200,1.39697,1.39775,1.39557,1.3958599999999999,9659
1744761600,1.3948800000000001,1.39654,1.39473,1.39512,7996
1744776000,1.39512,1.39512,1.39345,1.39365,9439
1744790400,1.39365,1.39424,1.39041,1.39132,14328
1744804800,1.39131,1.39302,1.39036,1.39171,12749
1744819200,1.39171,1.39291,1.38673,1.3877,18557
1744833600,1.38771,1.38985,1.38572,1.38594,14340
1744848000,1.38531,1.38687,1.38531,1.38679,6044
1744862400,1.38679,1.38918,1.38678,1.38907,9115
1744876800,1.3890799999999999,1.38962,1.3865,1.38773,11081
1744891200,1.38775,1.39059,1.38682,1.38724,11403
1744905600,1.38728,1.38792,1.38438,1.38449,17103
1744920000,1.38449,1.38506,1.38278,1.38357,8697
1744934400,1.38339,1.3849,1.38276,1.38458,8313
1744948800,1.38459,1.38642,1.38455,1.38632,40701
1744963200,1.38631,1.38676,1.38439,1.38623,28914
1744977600,1.38625,1.38686,1.38445,1.3859,24551
1744992000,1.3859,1.38692,1.38436,1.38519,13696
1745006400,1.3852,1.38521,1.38314,1.38436,11534
1745193600,1.38437,1.38437,1.38055,1.38186,7992
1745208000,1.38187,1.3822,1.3794,1.37972,11150
1745222400,1.37972,1.3802699999999999,1.37909,1.37928,9095
1745236800,1.37928,1.38148,1.37808,1.3793,9181
1745251200,1.3793,1.3841700000000001,1.37848,1.3838300000000001,13436
1745265600,1.3838300000000001,1.38492,1.38257,1.38365,9544
1745280000,1.38367,1.38457,1.3828,1.38382,5719
1745294400,1.38382,1.38382,1.37997,1.38045,8579
1745308800,1.38045,1.38211,1.37927,1.38179,12598
1745323200,1.38181,1.38612,1.38168,1.38464,10684
1745337600,1.38464,1.38574,1.37968,1.38072,14089
1745352000,1.38072,1.38327,1.37994,1.3811499999999999,10329
1745366400,1.38101,1.38605,1.381,1.38283,11847
1745380800,1.38283,1.38469,1.38196,1.38334,9459
1745395200,1.3833199999999999,1.38395,1.38083,1.38113,11163
1745409600,1.38113,1.38412,1.37981,1.38347,10914
1745424000,1.38346,1.38987,1.38226,1.3894,20513
1745438400,1.3894,1.39045,1.38768,1.38772,10030
1745452800,1.3875899999999999,1.38869,1.38679,1.3869799999999999,6786
1745467200,1.38697,1.38745,1.38626,1.38677,9263
1745481600,1.38677,1.38748,1.38398,1.38501,11766
1745496000,1.38501,1.38706,1.38403,1.38605,9861
1745510400,1.38604,1.38987,1.38499,1.3879000000000001,14660
1745524800,1.3879000000000001,1.3884400000000001,1.38418,1.3848099999999999,7839
1745539200,1.38503,1.38654,1.38445,1.38641,5340
1745553600,1.38641,1.38769,1.38575,1.38757,8075
1745568000,1.38757,1.38904,1.38582,1.38871,9273
1745582400,1.3887,1.38924,1.38624,1.38728,9365
1745596800,1.38728,1.3875899999999999,1.38496,1.38604,12047
1745611200,1.38604,1.38758,1.38492,1.38543,7914
1745798400,1.38593,1.38774,1.38457,1.38737,4803
1745812800,1.38737,1.3884699999999999,1.38652,1.38654,6957
1745827200,1.38654,1.38925,1.38625,1.3884699999999999,9447
1745841600,1.3884699999999999,1.38848,1.38547,1.3869,8180
1745856000,1.3869,1.38724,1.3825,1.38472,14866
1745870400,1.38472,1.3857599999999999,1.38161,1.38301,7264
1745884800,1.38252,1.38397,1.38252,1.38367,4497
1745899200,1.38368,1.38665,1.3808099999999999,1.38626,9042
1745913600,1.38626,1.38716,1.38162,1.38293,9998
1745928000,1.38293,1.38518,1.38274,1.3832499999999999,9674
1745942400,1.38326,1.38673,1.3829099999999999,1.3854,13487
1745956800,1.3853900000000001,1.38602,1.38266,1.3832499999999999,6603
1745971200,1.38255,1.38348,1.38238,1.38306,3963
1745985600,1.38309,1.3846,1.38199,1.38333,7002
1746000000,1.38333,1.38433,1.3817,1.38431,8630
1746014400,1.38431,1.38537,1.3824,1.38497,9883
1746028800,1.38496,1.38553,1.3802699999999999,1.381,16679
1746043200,1.381,1.38114,1.37697,1.37936,9445
1746057600,1.37917,1.3801,1.37866,1.37878,5449
1746072000,1.37879,1.38005,1.3784,1.37941,6010
1746086400,1.37941,1.38174,1.37926,1.38153,7107
1746100800,1.38153,1.38249,1.38076,1.38194,8051
1746115200,1.38199,1.38622,1.3796,1.38534,13591
1746129600,1.38534,1.38611,1.3835,1.38497,7128
1746144000,1.38507,1.38554,1.38407,1.38409,4800
1746158400,1.38409,1.38428,1.3815,1.38214,7953
1746172800,1.38214,1.38341,1.38029,1.3830200000000001,7858
1746187200,1.3830200000000001,1.38387,1.38048,1.38242,10282
1746201600,1.38243,1.38288,1.376,1.37915,16258
1746216000,1.37915,1.38197,1.37915,1.38171,7792
1746403200,1.37943,1.38286,1.37904,1.38198,4798
1746417600,1.38194,1.38197,1.37936,1.37979,7474
1746432000,1.37979,1.38185,1.37881,1.381,7649
1746446400,1.381,1.38148,1.37866,1.38118,8255
1746460800,1.38119,1.38294,1.37992,1.38123,12590
1746475200,1.38123,1.38231,1.38076,1.38229,4587
1746489600,1.3817599999999999,1.38398,1.38159,1.38389,3892
1746504000,1.3839000000000001,1.38449,1.38136,1.38148,8515
1746518400,1.3814899999999999,1.38308,1.38072,1.38197,8588
1746532800,1.38199,1.38326,1.37946,1.38015,8328
1746547200,1.38014,1.3809,1.3750200000000001,1.37717,13156
1746561600,1.37717,1.37862,1.3762400000000001,1.37743,8522
1746576000,1.37674,1.3780700000000001,1.37628,1.37717,8483
1746590400,1.37717,1.3798300000000001,1.37702,1.3795600000000001,9893
1746604800,1.3795600000000001,1.37972,1.37811,1.3793,8265
1746619200,1.3793199999999999,1.38065,1.3785,1.38016,8735
1746633600,1.38015,1.38062,1.37728,1.37855,12385
1746648000,1.37856,1.38378,1.37842,1.38348,13069
1746662400,1.38369,1.38392,1.38222,1.38257,4169
1746676800,1.38257,1.38315,1.38134,1.3829500000000001,8833
1746691200,1.3829500000000001,1.38831,1.38293,1.38656,10436
1746705600,1.38656,1.38983,1.38648,1.38887,10529
1746720000,1.38886,1.3930799999999999,1.38686,1.39207,14552
1746734400,1.39207,1.39329,1.39147,1.39206,6725
1746748800,1.39161,1.39317,1.39155,1.39261,4467
1746763200,1.39262,1.39424,1.39158,1.39167,8700
1746777600,1.39167,1.39259,1.3909799999999999,1.39114,7463
1746792000,1.39116,1.39212,1.39056,1.39151,7078
1746806400,1.39151,1.39444,1.3906399999999999,1.39349,12234
1746820800,1.39349,1.3939,1.39198,1.39378,6202
1747008000,1.3896899999999999,1.39384,1.3896899999999999,1.39364,5970
1747022400,1.39364,1.39408,1.39194,1.39258,8984
1747036800,1.39258,1.39804,1.39141,1.3957600000000001,13794
1747051200,1.3957600000000001,1.3997600000000001,1.39547,1.39974,11053
1747065600,1.39974,1.40115,1.39781,1.4004699999999999,12989
1747080000,1.4004699999999999,1.40155,1.39718,1.39744,7258
1747094400,1.39731,1.39858,1.3970099999999999,1.39824,4396
1747108800,1.39824,1.39874,1.39578,1.39602,8425
1747123200,1.39602,1.39911,1.39594,1.3989099999999999,9622
1747137600,1.3989,1.40005,1.39743,1.39789,8999
1747152000,1.39794,1.40161,1.39526,1.39551,16127
1747166400,1.39551,1.39564,1.3930799999999999,1.3935,7494
1747180800,1.39331,1.39394,1.39268,1.39323,4281
1747195200,1.39322,1.39389,1.39192,1.39267,8509
1747209600,1.39267,1.39363,1.3907,1.3913,10964
1747224000,1.39126,1.39465,1.39016,1.39446,10834
1747238400,1.39446,1.39846,1.39377,1.3973,14917
1747252800,1.3973,1.3985699999999999,1.3966,1.39826,7353
1747267200,1.39712,1.39807,1.39635,1.39709,3444
1747281600,1.39709,1.39724,1.39585,1.39702,7359
1747296000,1.39702,1.39885,1.39682,1.39825,10026
1747310400,1.3982299999999999,1.39939,1.39673,1.39821,9384
1747324800,1.39822,1.4004699999999999,1.39763,1.39869,12018
1747339200,1.39869,1.39883,1.39554,1.39597,6732
1747353600,1.39504,1.39629,1.39499,1.39527,4348
1747368000,1.39528,1.39568,1.39406,1.3942999999999999,7123
1747382400,1.3942999999999999,1.39609,1.39349,1.39535,7686
1747396800,1.39535,1.39731,1.3952499999999999,1.39585,7887
1747411200,1.39585,1.3995199999999999,1.3949099999999999,1.39858,10855
1747425600,1.3985699999999999,1.39955,1.39618,1.39628,5813
1747612800,1.39621,1.39662,1.3951,1.3958,5411
1747627200,1.3958,1.39727,1.39577,1.3971,6711
1747641600,1.3971,1.39719,1.39484,1.39529,9491
1747656000,1.39529,1.3954,1.3938,1.39421,8843
1747670400,1.39421,1.39526,1.3917,1.39499,12093
1747684800,1.39499,1.39651,1.39467,1.3952,5009
1747699200,1.39352,1.39646,1.3930500000000001,1.39618,4774
1747713600,1.39618,1.3968099999999999,1.39564,1.39635,9495
1747728000,1.3963700000000001,1.3963700000000001,1.3932,1.3942,9771
1747742400,1.39419,1.39608,1.39203,1.39263,8048
1747756800,1.39262,1.39553,1.39172,1.39295,12035
1747771200,1.39295,1.39358,1.3908800000000001,1.3916,6147
1747785600,1.39112,1.3918300000000001,1.38989,1.39026,3859
1747800000,1.39026,1.39108,1.38861,1.389,7620
1747814400,1.38898,1.38982,1.38784,1.38937,8794
1747828800,1.38937,1.3894199999999999,1.3868,1.38706,8554
1747843200,1.38696,1.38769,1.38154,1.38179,13025
1747857600,1.38181,1.38651,1.38138,1.38612,9658
1747872000,1.38491,1.38716,1.38491,1.38583,4148
1747886400,1.38581,1.38613,1.3846,1.3847,7444
1747900800,1.38467,1.38761,1.38466,1.3875199999999999,9038
1747915200,1.3875199999999999,1.3885,1.38615,1.38782,9333
1747929600,1.38781,1.38887,1.3854899999999999,1.38666,12946
1747944000,1.38666,1.38728,1.38556,1.38563,6131
1747958400,1.38506,1.38621,1.38491,1.38506,3215
1747972800,1.38507,1.38517,1.38251,1.38273,5636
1747987200,1.38274,1.38319,1.38091,1.38167,7365
1748001600,1.38166,1.38339,1.37938,1.3797,11884
1748016000,1.3797,1.3810799999999999,1.37303,1.37343,13294
1748030400,1.37343,1.37369,1.3709,1.37295,7353
1748217600,1.3719700000000001,1.3738299999999999,1.3717,1.37187,5593
1748232000,1.37188,1.37223,1.369,1.37051,7132
1748246400,1.37051,1.37144,1.3686,1.37142,7476
1748260800,1.37141,1.37257,1.37104,1.37257,5116
1748275200,1.37257,1.37351,1.37195,1.37338,5098
1748289600,1.37332,1.37391,1.37316,1.37354,2550
1748304000,1.37324,1.3738000000000001,1.37219,1.37238,3326
1748318400,1.37239,1.37451,1.3721700000000001,1.3744399999999999,6437
1748332800,1.37445,1.37684,1.37324,1.37629,9736
1748347200,1.37629,1.37744,1.37578,1.37631,8175
1748361600,1.37632,1.37796,1.37545,1.37767,12039
1748376000,1.37767,1.38357,1.37726,1.38077,7333
1748390400,1.38073,1.38177,1.38011,1.3805100000000001,3135
1748404800,1.3805100000000001,1.38345,1.38041,1.3834,9287
1748419200,1.3834,1.38384,1.38135,1.38175,7202
1748433600,1.3817300000000001,1.38394,1.38116,1.3838300000000001,7353
1748448000,1.3838300000000001,1.3844400000000001,1.38087,1.38222,13604
1748462400,1.38222,1.38373,1.38181,1.3836300000000001,5917
1748476800,1.38314,1.3860700000000001,1.38306,1.38543,8072
1748491200,1.3854199999999999,1.38614,1.38406,1.38427,9406
1748505600,1.3843,1.3857,1.38165,1.38324,9493
1748520000,1.38324,1.38353,1.37958,1.37958,9460
1748534400,1.3795899999999999,1.38272,1.37847,1.38045,13760
1748548800,1.38045,1.3811499999999999,1.3796599999999999,1.3809,6216
1748563200,1.37995,1.3817599999999999,1.37979,1.38106,5042
1748577600,1.38106,1.38257,1.38021,1.3820999999999999,7999
1748592000,1.3820999999999999,1.38297,1.38109,1.38179,7663
1748606400,1.38178,1.38205,1.37867,1.37938,9583
1748620800,1.37938,1.3798300000000001,1.37389,1.37565,14804
1748635200,1.37565,1.3761,1.3714,1.3738299999999999,7616
1748822400,1.37369,1.37387,1.3712900000000001,1.37174,4890
1748836800,1.37174,1.37286,1.37039,1.37223,6870
1748851200,1.37223,1.37239,1.36742,1.3694899999999999,8739
1748865600,1.3695,1.37107,1.36853,1.3696,9596
1748880000,1.3696,1.37141,1.3689200000000001,1.37112,13655
1748894400,1.37113,1.37236,1.37006,1.37114,6135
1748908800,1.37062,1.37257,1.37062,1.37201,3601
1748923200,1.37201,1.37351,1.37188,1.37326,5881
1748937600,1.37323,1.37391,1.37229,1.37298,7752
1748952000,1.37298,1.37426,1.37222,1.37299,8759
1748966400,1.37299,1.3734600000000001,1.37011,1.37253,11273
1748980800,1.37253,1.37264,1.3713,1.37203,5299
1748995200,1.37135,1.37232,1.37113,1.37133,3093
1749009600,1.37133,1.37238,1.37056,1.37226,7143
1749024000,1.37226,1.37316,1.3707,1.37085,8125
1749038400,1.37085,1.37196,1.36939,1.36995,8799
1749052800,1.36996,1.371,1.36548,1.36552,13392
1749067200,1.36552,1.36855,1.36523,1.36738,5730
1749081600,1.36721,1.36826,1.36703,1.36723,4929
1749096000,1.36723,1.36841,1.36693,1.36783,7143
1749110400,1.36783,1.3683100000000001,1.36593,1.36646,7362
1749124800,1.36646,1.36672,1.36483,1.3655,8809
1749139200,1.3655,1.36753,1.36344,1.36669,15060
1749153600,1.3667,1.36733,1.36563,1.3673199999999999,7013
1749168000,1.36742,1.36751,1.36606,1.36649,2959
1749182400,1.36649,1.3670499999999999,1.36599,1.3661400000000001,5473
1749196800,1.36618,1.36808,1.3660999999999999,1.36807,7009
1749211200,1.36807,1.37027,1.36662,1.36814,9388
1749225600,1.36818,1.37043,1.36691,1.36992,15150
1749240000,1.36992,1.37032,1.369,1.36996,6245
1749427200,1.36923,1.37,1.36889,1.3692199999999999,3719
1749441600,1.3692199999999999,1.36923,1.36767,1.36842,4950
1749456000,1.36842,1.36891,1.3669799999999999,1.36778,6002
1749470400,1.36777,1.3691,1.36693,1.36882,6569
1749484800,1.36884,1.37072,1.3670499999999999,1.36743,9409
1749499200,1.36743,1.36997,1.3672,1.36997,5289
1749513600,1.36849,1.37054,1.36849,1.36986,3767
1749528000,1.36986,1.37155,1.36944,1.3706800000000001,8048
1749542400,1.37067,1.37286,1.37042,1.37067,8802
1749556800,1.37065,1.37086,1.3684,1.3691,6593
1749571200,1.3691200000000001,1.36935,1.3667799999999999,1.36832,9953
1749585600,1.36832,1.36928,1.36697,1.36711,6131
1749600000,1.36658,1.36747,1.36625,1.36724,5191
1749614400,1.36723,1.36835,1.36701,1.36809,6564
1749628800,1.36809,1.3684,1.3674,1.36819,6308
1749643200,1.3682,1.36901,1.36499,1.3663,9743
1749657600,1.3663,1.36783,1.36537,1.36564,11154
1749672000,1.36564,1.36742,1.36497,1.36708,7340
1749686400,1.3669,1.3672900000000001,1.3660700000000001,1.3664100000000001,3396
1749700800,1.3664100000000001,1.36728,1.36548,1.36563,6109
1749715200,1.36565,1.3675,1.36447,1.36563,7890
1749729600,1.36563,1.36613,1.36178,1.36182,10216
1749744000,1.3618700000000001,1.3627,1.36049,1.3607,10294
1749758400,1.36073,1.3614600000000001,1.35996,1.36037,4962
1749772800,1.35998,1.36342,1.35922,1.36267,6727
1749787200,1.36266,1.36496,1.3617,1.36493,11911
1749801600,1.36494,1.36516,1.36123,1.36158,10863
1749816000,1.36158,1.36504,1.36132,1.36158,9925
1749830400,1.36164,1.36325,1.3566,1.35855,13397
1749844800,1.35856,1.36009,1.35782,1.35838,9881
1750032000,1.35829,1.35968,1.35761,1.35901,11802
1750046400,1.35901,1.36071,1.35883,1.36017,9033
1750060800,1.36017,1.36017,1.35689,1.3572199999999999,9383
1750075200,1.3572199999999999,1.35744,1.35582,1.35596,7607
1750089600,1.35596,1.35648,1.35396,1.35551,12108
1750104000,1.35551,1.358,1.35533,1.35681,6107
1750118400,1.35643,1.3582,1.35641,1.35761,5175
1750132800,1.35761,1.3580999999999999,1.3568799999999999,1.35727,7916
1750147200,1.35727,1.35832,1.35633,1.35694,7691
1750161600,1.35694,1.35836,1.35564,1.35827,8131
1750176000,1.35827,1.362,1.3574,1.36133,11340
1750190400,1.36132,1.3693,1.3609200000000001,1.36722,10088
1750204800,1.36657,1.3691200000000001,1.36563,1.36756,4873
1750219200,1.36755,1.36775,1.36566,1.36581,7856
1750233600,1.36582,1.36719,1.36511,1.3666,8608
1750248000,1.3666,1.36701,1.36342,1.36471,7605
1750262400,1.36471,1.36959,1.36445,1.3676300000000001,12738
1750276800,1.36767,1.3703,1.3654899999999999,1.3691499999999999,15064
1750291200,1.36872,1.3700999999999999,1.36805,1.37005,4534
1750305600,1.37005,1.37214,1.37004,1.37073,6806
1750320000,1.37073,1.373,1.37067,1.37083,8664
1750334400,1.37083,1.37218,1.37028,1.3718,7679
1750348800,1.37185,1.37463,1.37115,1.37316,7990
1750363200,1.37316,1.37317,1.36961,1.36982,3852
1750377600,1.37032,1.37039,1.36873,1.3691499999999999,4329
1750392000,1.36917,1.3702,1.36884,1.36903,6704
1750406400,1.36903,1.37106,1.3689200000000001,1.36967,8075
1750420800,1.36967,1.37238,1.3692,1.37185,7521
1750435200,1.37178,1.3746399999999999,1.37119,1.37298,10907
1750449600,1.37298,1.3746399999999999,1.37199,1.37293,7233
1750636800,1.37535,1.37603,1.3738000000000001,1.3752,7561
1750651200,1.3752,1.37667,1.37497,1.37591,9970
1750665600,1.37591,1.37795,1.37426,1.37789,10551
1750680000,1.37789,1.37979,1.3778299999999999,1.37822,10800
1750694400,1.37823,1.37851,1.3725,1.37706,16999
1750708800,1.37704,1.37751,1.37265,1.37355,9854
1750723200,1.37302,1.3738000000000001,1.37221,1.37283,7532
1750737600,1.37283,1.3731499999999999,1.37172,1.37183,8279
1750752000,1.37184,1.37308,1.3709799999999999,1.37165,10117
1750766400,1.37165,1.37213,1.37058,1.37065,7375
1750780800,1.37066,1.37212,1.36783,1.3707799999999999,12379
1750795200,1.3707799999999999,1.37299,1.3705,1.37235,6226
1750809600,1.37088,1.37283,1.37067,1.37231,4440
1750824000,1.37231,1.37348,1.37175,1.37325,6376
1750838400,1.37326,1.37375,1.37212,1.37231,7028
1750852800,1.37231,1.37465,1.37231,1.37392,6200
1750867200,1.37392,1.37544,1.37266,1.3738000000000001,9830
1750881600,1.37381,1.37446,1.37161,1.37259,7217
1750896000,1.37185,1.37241,1.3707799999999999,1.37143,3490
1750910400,1.37143,1.3722699999999999,1.37009,1.37182,7185
1750924800,1.37182,1.3723,1.36794,1.36853,9642
1750939200,1.36857,1.3694600000000001,1.36708,1.36711,9394
1750953600,1.36711,1.36731,1.36175,1.36273,13684
1750968000,1.36273,1.3645100000000001,1.36174,1.3639299999999999,7723
1750982400,1.36445,1.36465,1.3637299999999999,1.36403,4500
1750996800,1.36403,1.36497,1.36345,1.36496,6009
1751011200,1.3649499999999999,1.3649499999999999,1.36274,1.3642,8391
1751025600,1.36419,1.36629,1.36407,1.3642400000000001,8877
1751040000,1.3642400000000001,1.36776,1.36405,1.3672900000000001,11846
1751054400,1.3672900000000001,1.3759000000000001,1.36724,1.36856,13486
1751241600,1.3673899999999999,1.36995,1.3673899999999999,1.3694,5868
1751256000,1.36935,1.36954,1.36574,1.36722,8844
1751270400,1.36721,1.36798,1.36533,1.36753,10643
1751284800,1.36753,1.36825,1.3658000000000001,1.36658,8031
1751299200,1.36659,1.36781,1.36174,1.36262,13986
1751313600,1.36262,1.36437,1.3599700000000001,1.3606099999999999,7196
1751328000,1.36062,1.36099,1.36017,1.36035,3830
1751342400,1.36036,1.36184,1.3602699999999999,1.36068,6371
1751356800,1.36068,1.36115,1.35927,1.35985,8530
1751371200,1.35984,1.36272,1.35908,1.3626800000000001,9142
1751385600,1.3626800000000001,1.36673,1.36224,1.36604,13954
1751400000,1.36603,1.36635,1.36413,1.3645,5527
1751414400,1.36435,1.36482,1.36395,1.36398,3066
1751428800,1.36398,1.36528,1.36379,1.36484,5225
1751443200,1.36484,1.36589,1.3644,1.36504,6684
1751457600,1.36503,1.36571,1.36303,1.36502,9848
1751472000,1.36504,1.3654600000000001,1.36054,1.36064,11991
1751486400,1.36067,1.36068,1.35835,1.35903,5871
1751500800,1.3589,1.35891,1.35797,1.3582,3225
1751515200,1.3582,1.35984,1.35791,1.35972,5721
1751529600,1.35971,1.36011,1.3586,1.35877,6526
1751544000,1.35877,1.36239,1.35784,1.36165,9398
1751558400,1.36165,1.36197,1.35562,1.35611,15529
1751572800,1.35609,1.35893,1.3557299999999999,1.35828,4109
1751587200,1.35804,1.3587099999999999,1.35701,1.35727,5557
1751601600,1.35727,1.35813,1.35723,1.35745,5891
1751616000,1.35745,1.35962,1.35667,1.35914,7581
1751630400,1.35914,1.36046,1.35856,1.36044,7122
1751644800,1.36044,1.36124,1.35988,1.36078,7153
1751659200,1.36079,1.36169,1.35977,1.35994,15380
1751846400,1.35969,1.36089,1.35901,1.3608500000000001,5061
1751860800,1.3608500000000001,1.36349,1.3608500000000001,1.36344,7474
1751875200,1.36344,1.36846,1.363,1.3682699999999999,8208
1751889600,1.3682699999999999,1.3685399999999999,1.36467,1.36476,8434
1751904000,1.36476,1.36738,1.36307,1.36716,11614
1751918400,1.36716,1.36834,1.36592,1.36799,8035
1751932800,1.36749,1.36816,1.3655,1.3655599999999999,4930
1751947200,1.36557,1.36646,1.3638,1.36528,6666
1751961600,1.36528,1.36621,1.36384,1.36459,8639
1751976000,1.3646,1.36625,1.36442,1.36568,7247
1751990400,1.36568,1.36944,1.36555,1.36806,13484
1752004800,1.36806,1.36904,1.36618,1.36643,7466
1752019200,1.36582,1.36776,1.3656,1.36738,3443
1752033600,1.36738,1.36891,1.3669,1.36792,7182
1752048000,1.36791,1.36942,1.36653,1.3685,8523
1752062400,1.3685,1.37101,1.36815,1.36889,7478
1752076800,1.36889,1.37046,1.36762,1.3695300000000001,9679
1752091200,1.3695300000000001,1.36972,1.36843,1.36889,4490
1752105600,1.36828,1.36886,1.36737,1.36778,3461
1752120000,1.36784,1.36865,1.3676599999999999,1.36817,4600
1752134400,1.36817,1.36862,1.36636,1.36771,5808
1752148800,1.36771,1.3694899999999999,1.36685,1.36916,6232
1752163200,1.36916,1.37083,1.36716,1.3683100000000001,10720
1752177600,1.36833,1.36834,1.3655300000000001,1.36563,4524
1752192000,1.36532,1.37311,1.36516,1.36911,6713
1752206400,1.36911,1.37063,1.36803,1.36959,8966
1752220800,1.3696,1.37054,1.3685100000000001,1.37008,8382
1752235200,1.37008,1.37045,1.36471,1.36785,9494
1752249600,1.36784,1.37118,1.3676,1.36805,11803
1752264000,1.36805,1.36954,1.36695,1.36886,5908
1752451200,1.36975,1.36995,1.36749,1.36832,5995
1752465600,1.36833,1.37016,1.36799,1.36982,7018
1752480000,1.36984,1.37024,1.36757,1.3682699999999999,7139
1752494400,1.3682699999999999,1.36924,1.36695,1.36895,6691
1752508800,1.36895,1.37005,1.36714,1.36931,10623
1752523200,1.36931,1.37081,1.36907,1.37052,4439
1752537600,1.36955,1.3709,1.36903,1.37002,3765
1752552000,1.37002,1.37036,1.36939,1.36994,6829
1752566400,1.36994,1.3703,1.36834,1.3685399999999999,6401
1752580800,1.36853,1.36941,1.3670900000000001,1.36743,8030
1752595200,1.36743,1.37299,1.3673,1.37243,14821
1752609600,1.37243,1.3728799999999999,1.37118,1.37213,5115
1752624000,1.37185,1.37215,1.37087,1.37124,4938
1752638400,1.37125,1.3721999999999999,1.3709,1.37153,4599
1752652800,1.37153,1.37223,1.37062,1.37198,6930
1752667200,1.37198,1.37289,1.37112,1.3725,7554
1752681600,1.3725,1.3755600000000001,1.36796,1.36893,20285
1752696000,1.36893,1.37036,1.36803,1.36842,6923
1752710400,1.36829,1.37055,1.36808,1.37005,3743
1752724800,1.37004,1.3719999999999999,1.36991,1.37141,6815
1752739200,1.37141,1.37478,1.3709799999999999,1.37431,8738
1752753600,1.37431,1.3774199999999999,1.37423,1.37588,8885
1752768000,1.3759000000000001,1.3765399999999999,1.37411,1.37523,9788
1752782400,1.37523,1.3755600000000001,1.37423,1.37518,4755
1752796800,1.37482,1.37518,1.37299,1.37352,3345
1752811200,1.37352,1.37423,1.37303,1.37404,5226
1752825600,1.37404,1.37427,1.3724,1.37263,5898
1752840000,1.37259,1.37309,1.3701699999999999,1.37035,6971
1752854400,1.37035,1.37277,1.36954,1.37255,10687
1752868800,1.3725399999999999,1.37356,1.3723,1.37277,5098
1753056000,1.37069,1.37306,1.37059,1.37301,5460
1753070400,1.37304,1.37343,1.37214,1.37235,5520
1753084800,1.37235,1.37299,1.37141,1.37212,6524
1753099200,1.37212,1.37286,1.36957,1.36994,6790
1753113600,1.36994,1.37172,1.36784,1.3686099999999999,9277
1753128000,1.3686099999999999,1.36921,1.36772,1.36828,4163
1753142400,1.36799,1.36873,1.36748,1.36871,2815
1753156800,1.3687,1.36907,1.36826,1.36884,4179
1753171200,1.36884,1.36952,1.36792,1.36816,5540
1753185600,1.36816,1.3684,1.36646,1.36795,6830
1753200000,1.36795,1.36796,1.36053,1.36139,12038
1753214400,1.36139,1.36205,1.3602,1.36026,4999
1753228800,1.36003,1.36073,1.3594,1.35947,3933
1753243200,1.35947,1.36032,1.3593199999999999,1.35995,6640
1753257600,1.35995,1.36107,1.35832,1.35834,8184
1753272000,1.35834,1.3603100000000001,1.35752,1.3603,6753
1753286400,1.3603,1.36289,1.35947,1.36167,11312
1753300800,1.36167,1.36212,1.35945,1.35987,5673
1753315200,1.35925,1.3608500000000001,1.3591,1.3605800000000001,3787
1753329600,1.3605800000000001,1.36077,1.3596300000000001,1.36028,7031
1753344000,1.36028,1.36135,1.35982,1.3605,7770
1753358400,1.3605,1.36224,1.36049,1.36176,7217
1753372800,1.36176,1.36462,1.36106,1.3636599999999999,11023
1753387200,1.3636599999999999,1.36542,1.363,1.3651900000000001,4997
1753401600,1.36388,1.36497,1.36349,1.36416,5474
1753416000,1.36416,1.36664,1.36385,1.36589,8239
1753430400,1.36588,1.3679999999999999,1.36475,1.36764,8940
1753444800,1.3676300000000001,1.3688799999999999,1.3666800000000001,1.36853,8408
1753459200,1.36853,1.37255,1.3681,1.37161,14086
1753473600,1.37161,1.37169,1.36994,1.37003,4516
1753660800,1.37009,1.37027,1.36909,1.36934,5387
1753675200,1.36933,1.3706,1.36886,1.3696,6413
1753689600,1.36958,1.37421,1.36951,1.37292,10423
1753704000,1.37291,1.37345,1.37151,1.37176,10685
1753718400,1.37175,1.3729,1.37104,1.3719000000000001,12008
1753732800,1.3719000000000001,1.374,1.37174,1.37381,4651
1753747200,1.3734600000000001,1.3743,1.37325,1.37416,3314
1753761600,1.37417,1.37419,1.37305,1.3731499999999999,6345
1753776000,1.3731499999999999,1.37606,1.37314,1.3744,9422
1753790400,1.3744,1.37784,1.37389,1.37784,8852
1753804800,1.37784,1.37882,1.37494,1.37775,12090
1753819200,1.37775,1.37821,1.37619,1.37724,5628
1753833600,1.3768500000000001,1.37756,1.37619,1.37629,3221
1753848000,1.37629,1.3772199999999999,1.37584,1.37691,6803
1753862400,1.37691,1.37769,1.3763,1.37731,7250
1753876800,1.37731,1.38064,1.37716,1.3804699999999999,8625
1753891200,1.3804699999999999,1.3819,1.37994,1.3808799999999999,12205
1753905600,1.3809,1.3845,1.37972,1.38338,13633
1753920000,1.38269,1.38328,1.38215,1.3830200000000001,5010
1753934400,1.3830200000000001,1.38436,1.38157,1.38159,9466
1753948800,1.3816,1.38461,1.38131,1.38398,9488
1753963200,1.38397,1.38535,1.3832499999999999,1.38333,9755
1753977600,1.38333,1.38524,1.3824,1.38482,13036
1753992000,1.38483,1.3857300000000001,1.38378,1.38522,7727
1754006400,1.38479,1.38704,1.38388,1.38471,6476
1754020800,1.38474,1.3862,1.38439,1.38538,10224
1754035200,1.3853900000000001,1.38758,1.38504,1.3875600000000001,8508
1754049600,1.38755,1.38791,1.3785,1.37964,11462
1754064000,1.37964,1.37998,1.37629,1.37952,20473
1754078400,1.37952,1.3817300000000001,1.37704,1.3776,10762
1754265600,1.37623,1.37938,1.37623,1.37909,6479
1754280000,1.37911,1.37949,1.37701,1.37741,9012
1754294400,1.37741,1.37878,1.37669,1.37836,9396
1754308800,1.3783699999999999,1.37899,1.3766,1.3773,9509
1754323200,1.37729,1.37833,1.37581,1.37751,12595
1754337600,1.37752,1.37851,1.3771900000000001,1.37774,6062
1754352000,1.37735,1.3780299999999999,1.37629,1.37682,3939
1754366400,1.3768,1.37915,1.37669,1.3786399999999999,5842
1754380800,1.3786399999999999,1.38095,1.37736,1.38065,7572
1754395200,1.38066,1.38102,1.37909,1.37976,7986
1754409600,1.37976,1.37997,1.37696,1.37779,13927
1754424000,1.37779,1.37887,1.37702,1.37709,6532
1754438400,1.37734,1.37778,1.37659,1.3774199999999999,3550
1754452800,1.3774199999999999,1.37796,1.3765,1.37708,5630
1754467200,1.37707,1.37751,1.3763,1.37686,6299
1754481600,1.37686,1.37698,1.3743699999999999,1.37473,7849
1754496000,1.37473,1.37588,1.37388,1.37438,11766
1754510400,1.3743699999999999,1.37478,1.3734899999999999,1.3738299999999999,6384
1754524800,1.37368,1.37449,1.37358,1.37439,3879
1754539200,1.37439,1.37463,1.37289,1.37307,5617
1754553600,1.37307,1.37362,1.37213,1.37324,7124
1754568000,1.37324,1.37447,1.37212,1.37375,8668
1754582400,1.37374,1.37735,1.37303,1.37526,11913
1754596800,1.37527,1.37676,1.37387,1.37427,8019
1754611200,1.37439,1.3746800000000001,1.37316,1.37381,4279
1754625600,1.37382,1.3749,1.37335,1.3740999999999999,5032
1754640000,1.3740999999999999,1.37494,1.37271,1.37362,6784
1754654400,1.37362,1.3762699999999999,1.37256,1.37581,7544
1754668800,1.37579,1.37583,1.37426,1.3752,9229
1754683200,1.3752,1.37633,1.37422,1.37548,6271
1754870400,1.37491,1.376,1.37481,1.37584,2839
1754884800,1.37584,1.37609,1.37448,1.37509,5198
1754899200,1.37508,1.3773900000000001,1.37491,1.37643,6325
1754913600,1.37644,1.37947,1.3763,1.37886,6946
1754928000,1.37888,1.37954,1.37737,1.37838,10109
1754942400,1.37838,1.3787,1.37741,1.37766,5822
1754956800,1.37777,1.37804,1.37734,1.37793,4102
1754971200,1.37793,1.37845,1.37716,1.37743,6644
1754985600,1.37743,1.37924,1.37736,1.3789,9213
1755000000,1.3789,1.38062,1.37634,1.37797,11936
1755014400,1.37797,1.37936,1.37538,1.37621,20616
1755028800,1.37621,1.37843,1.37619,1.37734,7572
1755043200,1.37713,1.37806,1.37652,1.37784,4503
1755057600,1.37784,1.37819,1.37731,1.3776,6255
1755072000,1.37759,1.37817,1.37539,1.37633,8135
1755086400,1.37632,1.3771200000000001,1.37514,1.37703,7623
1755100800,1.37703,1.3775,1.37558,1.37703,11126
1755115200,1.37703,1.37736,1.37558,1.37609,6305
1755129600,1.37565,1.37613,1.37497,1.37516,3706
1755144000,1.37516,1.37644,1.37443,1.3758,7370
1755158400,1.3758,1.37836,1.37565,1.37817,9289
1755172800,1.37817,1.38012,1.37701,1.37962,9896
1755187200,1.37962,1.38175,1.37896,1.38147,16906
1755201600,1.38147,1.38196,1.3805100000000001,1.3817599999999999,7450
1755216000,1.3814199999999999,1.38153,1.381,1.38117,4384
1755230400,1.38117,1.38148,1.38012,1.38023,5760
1755244800,1.38023,1.38069,1.3791,1.37972,6097
1755259200,1.37972,1.3801999999999999,1.37873,1.37933,7614
1755273600,1.37933,1.38134,1.37881,1.38098,12675
1755288000,1.38098,1.3818,1.3807,1.3817599999999999,5994
1755475200,1.38116,1.38171,1.38057,1.38075,4028
1755489600,1.38075,1.38099,1.3798300000000001,1.38011,5339
1755504000,1.38011,1.38097,1.3792,1.37935,7215
1755518400,1.37936,1.37987,1.37828,1.3791,7582
1755532800,1.3791,1.38312,1.37907,1.38122,11092
1755547200,1.38122,1.38144,1.37989,1.37996,6027
1755561600,1.37991,1.38107,1.3796,1.38091,4076
1755576000,1.38091,1.38182,1.38061,1.38093,8370
1755590400,1.38093,1.38218,1.3801,1.38189,7625
1755604800,1.38189,1.38378,1.38053,1.3833199999999999,7876
1755619200,1.3833199999999999,1.38635,1.38327,1.38624,11744
1755633600,1.38624,1.38694,1.38534,1.38693,5748
1755648000,1.38608,1.38724,1.38558,1.38693,7756
1755662400,1.38693,1.38832,1.38649,1.38697,8376
1755676800,1.3869799999999999,1.3881299999999999,1.38683,1.38794,8361
1755691200,1.38794,1.38798,1.38534,1.38578,7346
1755705600,1.38578,1.3879299999999999,1.3857,1.38687,12368
1755720000,1.38689,1.388,1.38628,1.38748,6667
1755734400,1.38692,1.38814,1.38659,1.3878599999999999,3922
1755748800,1.3878599999999999,1.38828,1.38724,1.3879299999999999,6178
1755763200,1.38792,1.3885399999999999,1.38737,1.3878300000000001,6980
1755777600,1.3878300000000001,1.38955,1.38735,1.38945,8113
1755792000,1.38945,1.39076,1.38896,1.3896899999999999,13779
1755806400,1.3896899999999999,1.39123,1.38909,1.39113,6115
1755820800,1.3908,1.3908800000000001,1.38991,1.39074,3869
1755835200,1.39074,1.39153,1.39035,1.39148,5315
1755849600,1.39148,1.39171,1.39078,1.39081,5652
1755864000,1.39081,1.39188,1.39078,1.39165,6611
1755878400,1.39165,1.3924400000000001,1.38299,1.38319,22725
1755892800,1.3832,1.38324,1.3814199999999999,1.38242,7906
1756080000,1.38141,1.38401,1.38127,1.3835600000000001,3924
1756094400,1.3835600000000001,1.38441,1.38315,1.38344,4682
1756108800,1.38344,1.38377,1.38208,1.38272,6038
1756123200,1.38272,1.38358,1.38171,1.38226,6637
1756137600,1.38226,1.3838300000000001,1.38165,1.38339,10458
1756152000,1.38339,1.38638,1.38326,1.38598,7235
1756166400,1.38555,1.38638,1.38413,1.3845100000000001,6246
1756180800,1.3845100000000001,1.38601,1.3844699999999999,1.3854199999999999,6920
1756195200,1.3854199999999999,1.38677,1.38501,1.3857599999999999,9488
1756209600,1.3857599999999999,1.38577,1.38399,1.38453,8146
1756224000,1.38453,1.38543,1.3822,1.38294,12460
1756238400,1.38294,1.38416,1.38283,1.38379,6238
1756252800,1.38369,1.38379,1.3829500000000001,1.38331,3077
1756267200,1.38331,1.38437,1.3828,1.38429,5149
1756281600,1.38429,1.3856899999999999,1.38339,1.38482,6683
1756296000,1.38482,1.38565,1.38428,1.3850500000000001,8138
1756310400,1.3850500000000001,1.3857599999999999,1.37977,1.37978,13705
1756324800,1.37978,1.38011,1.37827,1.37891,8122
1756339200,1.37862,1.37896,1.37786,1.3782,3063
1756353600,1.3782,1.37831,1.37691,1.37815,5366
1756368000,1.37814,1.37878,1.3774600000000001,1.3776,7928
1756382400,1.3776,1.37763,1.37524,1.37606,10068
1756396800,1.37606,1.37851,1.37458,1.37477,14378
1756411200,1.37477,1.37562,1.3740999999999999,1.37466,5552
1756425600,1.37449,1.3753,1.3743699999999999,1.37461,3893
1756440000,1.37461,1.3757,1.37447,1.37528,6275
1756454400,1.37528,1.37573,1.37369,1.37406,6098
1756468800,1.37406,1.3779,1.37396,1.377,9632
1756483200,1.377,1.3779,1.37265,1.3731499999999999,14762
1756497600,1.3731499999999999,1.37465,1.37273,1.37369,6539
1756684800,1.3722699999999999,1.37429,1.3722699999999999,1.37358,3037
1756699200,1.37358,1.37448,1.37325,1.3738299999999999,6008
1756713600,1.3738299999999999,1.37524,1.37338,1.37395,7626
1756728000,1.37395,1.37523,1.37335,1.37521,7022
1756742400,1.37519,1.37618,1.37433,1.37547,8566
1756756800,1.37547,1.37565,1.3749,1.37493,2239
1756771200,1.37476,1.37531,1.37426,1.37477,3778
1756785600,1.37477,1.37592,1.37455,1.37574,6468
1756800000,1.37574,1.37836,1.37453,1.37696,11711
1756814400,1.37696,1.3814600000000001,1.37667,1.3808500000000001,13230
1756828800,1.3808500000000001,1.38095,1.37728,1.37733,17320
1756843200,1.37733,1.37923,1.3771900000000001,1.37835,7704
1756857600,1.37771,1.37921,1.37741,1.37903,3559
1756872000,1.37903,1.37967,1.37836,1.3792,6479
1756886400,1.3792,1.38076,1.37877,1.38008,9675
1756900800,1.38008,1.38058,1.37934,1.37989,9474
1756915200,1.3799000000000001,1.38049,1.37828,1.37867,14280
1756929600,1.37867,1.38016,1.37855,1.37928,7061
1756944000,1.37908,1.37987,1.3789799999999999,1.3798,3273
1756958400,1.3798,1.3808,1.37943,1.38074,5738
1756972800,1.38074,1.38151,1.38069,1.38101,7607
1756987200,1.38101,1.38272,1.3801999999999999,1.38155,8708
1757001600,1.38155,1.38452,1.38062,1.3832,12367
1757016000,1.3832,1.38366,1.38154,1.38162,5606
1757030400,1.38167,1.38205,1.38089,1.38098,3218
1757044800,1.38098,1.38114,1.38038,1.38098,4179
1757059200,1.38098,1.3810799999999999,1.37896,1.37919,6574
1757073600,1.37919,1.38171,1.37564,1.38042,10392
1757088000,1.38042,1.38399,1.37957,1.38339,18743
1757102400,1.38339,1.3853900000000001,1.38221,1.38251,8501
1757289600,1.383,1.38443,1.38289,1.3838,4076
1757304000,1.38379,1.3841700000000001,1.38289,1.38334,6157
1757318400,1.38333,1.38339,1.3811499999999999,1.38164,7705
1757332800,1.38165,1.38247,1.37885,1.3792900000000001,6859
1757347200,1.37928,1.38335,1.3788,1.38257,9202
1757361600,1.38257,1.38315,1.38025,1.38035,5655
1757376000,1.3795600000000001,1.38048,1.37947,1.38043,3712
1757390400,1.3804400000000001,1.38111,1.37978,1.38045,4595
1757404800,1.38046,1.38127,1.3793199999999999,1.37977,7449
1757419200,1.37976,1.3827099999999999,1.37941,1.38228,5978
1757433600,1.38227,1.38425,1.38045,1.38321,10994
1757448000,1.38323,1.38595,1.38304,1.38431,5220
1757462400,1.3841700000000001,1.38574,1.38355,1.38559,3334
1757476800,1.38557,1.38632,1.3841,1.38411,5432
1757491200,1.3841700000000001,1.38602,1.38388,1.38523,7268
1757505600,1.38524,1.3862,1.38378,1.38533,7877
1757520000,1.38531,1.38601,1.38304,1.3857,11104
1757534400,1.3856899999999999,1.38697,1.3852,1.3862999999999999,5394
1757548800,1.38563,1.38697,1.38563,1.38696,2598
1757563200,1.3869500000000001,1.38734,1.38645,1.38714,4287
1757577600,1.38715,1.3881700000000001,1.38714,1.38809,6705
1757592000,1.3881000000000001,1.38892,1.38556,1.3857300000000001,9300
1757606400,1.38574,1.38676,1.3826,1.3832900000000001,11735
1757620800,1.38328,1.38428,1.3829500000000001,1.38316,5634
1757635200,1.38277,1.38411,1.38262,1.38381,2640
1757649600,1.38379,1.3848099999999999,1.38361,1.3842400000000001,3493
1757664000,1.38425,1.38492,1.38324,1.3847800000000001,5097
1757678400,1.38477,1.3860700000000001,1.38345,1.38431,5860
1757692800,1.38432,1.38633,1.38345,1.38497,8395
1757707200,1.38498,1.38535,1.38381,1.38439,4636
1757894400,1.38343,1.3844,1.38277,1.38419,2235
1757908800,1.38418,1.38455,1.38342,1.38349,3098
1757923200,1.38347,1.38414,1.38305,1.38346,4961
1757937600,1.38345,1.38347,1.3815,1.38253,5311
1757952000,1.38252,1.3841999999999999,1.37934,1.37999,7771
1757966400,1.37999,1.38015,1.37666,1.37759,6208
1757980800,1.37718,1.37808,1.3771200000000001,1.3774,2573
1757995200,1.3773900000000001,1.37767,1.37633,1.37717,3482
1758009600,1.37713,1.37768,1.37621,1.37755,5379
1758024000,1.37754,1.37755,1.37461,1.37575,7156
1758038400,1.37574,1.37629,1.37367,1.37414,11089
1758052800,1.37415,1.37548,1.37335,1.37371,5510
1758067200,1.37336,1.37446,1.37336,1.3743,2463
1758081600,1.37427,1.37544,1.37421,1.37508,3012
1758096000,1.37506,1.37618,1.37481,1.37561,4745
1758110400,1.37561,1.37589,1.37486,1.3753199999999999,4794
1758124800,1.37531,1.37693,1.37472,1.37601,8574
1758139200,1.37602,1.3787099999999999,1.37265,1.37728,19600
1758153600,1.37723,1.37789,1.37666,1.3767800000000001,3351
1758168000,1.37676,1.3787099999999999,1.37655,1.37856,4930
1758182400,1.37855,1.37999,1.37741,1.3780999999999999,8397
1758196800,1.37808,1.3789500000000001,1.37669,1.3786100000000001,8112
1758211200,1.3787099999999999,1.38096,1.37862,1.38023,12141
1758225600,1.38022,1.3803,1.3787,1.38016,4918
1758240000,1.37947,1.37996,1.37901,1.37957,3089
1758254400,1.3795600000000001,1.38045,1.37883,1.37974,5022
1758268800,1.37973,1.38199,1.37945,1.3808500000000001,7683
1758283200,1.38087,1.38251,1.38052,1.38185,6123
1758297600,1.38186,1.38196,1.37689,1.37768,10574
1758312000,1.37767,1.37915,1.37686,1.37814,4594
1758499200,1.3772199999999999,1.3795600000000001,1.3772199999999999,1.37876,3018
1758513600,1.37874,1.37998,1.37827,1.37982,4413
1758528000,1.37984,1.38098,1.37914,1.3805399999999999,5883
1758542400,1.38053,1.3814,1.37973,1.37976,5316
1758556800,1.37977,1.38286,1.37926,1.38275,7981
1758571200,1.38273,1.38314,1.38166,1.3822999999999999,4240
1758585600,1.38151,1.3832,1.3814199999999999,1.38275,1995
1758600000,1.38277,1.38314,1.38235,1.38299,4308
1758614400,1.38304,1.38441,1.38225,1.38318,5655
1758628800,1.38313,1.38327,1.38171,1.38174,5648
1758643200,1.3817300000000001,1.38397,1.3811499999999999,1.3829,9166
1758657600,1.3829099999999999,1.38498,1.38262,1.3835,6362
1758672000,1.38303,1.38466,1.3828,1.38428,3339
1758686400,1.38428,1.38493,1.38387,1.38445,4747
1758700800,1.3844699999999999,1.38641,1.38428,1.38604,5453
1758715200,1.38604,1.3879000000000001,1.38588,1.38762,6142
1758729600,1.38763,1.3906399999999999,1.38723,1.39062,10263
1758744000,1.39063,1.39069,1.38941,1.38961,5392
1758758400,1.38929,1.38989,1.38893,1.38922,2412
1758772800,1.38923,1.38958,1.3885100000000001,1.38869,2912
1758787200,1.38868,1.39021,1.38865,1.38933,5312
1758801600,1.38929,1.39128,1.38898,1.39063,7149
1758816000,1.3906399999999999,1.39368,1.3904,1.39353,11323
1758830400,1.39355,1.39493,1.39351,1.39416,6040
1758844800,1.39245,1.3945400000000001,1.39155,1.39385,2922
1758859200,1.39387,1.39444,1.3934199999999999,1.39352,3137
1758873600,1.39351,1.39479,1.39349,1.39467,4996
1758888000,1.3947,1.39584,1.3933900000000001,1.39353,6613
1758902400,1.39354,1.3952200000000001,1.39318,1.39367,10825
1758916800,1.3936600000000001,1.3943699999999999,1.3934199999999999,1.39401,5358
1759104000,1.39246,1.3947,1.39245,1.3927399999999999,2284
1759118400,1.3927,1.39346,1.39193,1.39215,3576
1759132800,1.39216,1.39294,1.39155,1.39173,5555
1759147200,1.39174,1.39395,1.39158,1.39284,5970
1759161600,1.39283,1.39392,1.39031,1.39127,9041
1759176000,1.39131,1.39227,1.3909099999999999,1.39151,4161
1759190400,1.39073,1.39241,1.39073,1.3921299999999999,2566
1759204800,1.39211,1.39221,1.3912499999999999,1.39139,3983
1759219200,1.39142,1.3924,1.39063,1.39105,6577
1759233600,1.39104,1.3925,1.39081,1.39189,5470
1759248000,1.39191,1.39356,1.38962,1.3921299999999999,10252
1759262400,1.3921299999999999,1.39255,1.39137,1.39212,4600
1759276800,1.3917,1.39282,1.3909099999999999,1.39269,3322
1759291200,1.39268,1.39327,1.39143,1.39144,2600
1759305600,1.39143,1.3928,1.3907,1.39182,7425
1759320000,1.3918300000000001,1.39368,1.39146,1.39289,8668
1759334400,1.3929,1.39569,1.39228,1.3948,11098
1759348800,1.39478,1.39493,1.39343,1.39374,4652
1759363200,1.39303,1.39474,1.39299,1.39439,2200
1759377600,1.3944,1.39471,1.39347,1.39453,2686
1759392000,1.39452,1.39485,1.39323,1.3936899999999999,5477
1759406400,1.3937,1.39527,1.3933499999999999,1.39462,5687
1759420800,1.3946,1.3986100000000001,1.39402,1.39669,9711
1759435200,1.39668,1.3972,1.39599,1.39679,4394
1759449600,1.39654,1.39668,1.39603,1.39643,1953
1759464000,1.39642,1.39692,1.3961000000000001,1.3968,3096
1759478400,1.3968099999999999,1.3968099999999999,1.3957600000000001,1.39611,4790
1759492800,1.39612,1.3969,1.39506,1.39507,5313
1759507200,1.39505,1.39631,1.3939599999999999,1.39473,8855
1759521600,1.39474,1.3961000000000001,1.39463,1.39492,5226
1759708800,1.39466,1.39676,1.39446,1.39567,4240
1759723200,1.39562,1.39612,1.39452,1.39526,3382
1759737600,1.39527,1.39585,1.39417,1.39505,6762
1759752000,1.39506,1.39642,1.39484,1.39616,6386
1759766400,1.3961700000000001,1.39675,1.39458,1.3949099999999999,7384
1759780800,1.3949099999999999,1.39541,1.39399,1.39408,3673
1759795200,1.39394,1.3951,1.3939300000000001,1.3948800000000001,2143
1759809600,1.39489,1.39527,1.3944,1.39483,2522
1759824000,1.39484,1.3961999999999999,1.39472,1.39564,5445
1759838400,1.39564,1.39625,1.39475,1.39537,5748
1759852800,1.3954,1.39569,1.39387,1.39519,9343
1759867200,1.39517,1.39603,1.39455,1.39501,5255
1759881600,1.3944,1.3959,1.3944,1.39561,2601
1759896000,1.3955899999999999,1.39682,1.39513,1.39641,4563
1759910400,1.39643,1.39709,1.39512,1.39541,5867
1759924800,1.39534,1.39589,1.3937599999999999,1.39381,6127
1759939200,1.39382,1.39607,1.39317,1.39584,8421
1759953600,1.3958599999999999,1.39626,1.3949099999999999,1.3951500000000001,5100
1759968000,1.3948800000000001,1.3955899999999999,1.3946100000000001,1.3949099999999999,2288
1759982400,1.39492,1.39492,1.39347,1.39356,3317
1759996800,1.39355,1.39636,1.39334,1.39537,6592
1760011200,1.39536,1.39557,1.3942700000000001,1.3945,6862
1760025600,1.39447,1.40246,1.39387,1.40225,12749
1760040000,1.40229,1.4034,1.40138,1.4022000000000001,6534
1760054400,1.40161,1.40256,1.40092,1.40172,2669
1760068800,1.40171,1.40209,1.40136,1.40154,3234
1760083200,1.40155,1.4034,1.4013200000000001,1.40168,6477
1760097600,1.40168,1.4022700000000001,1.3976,1.39836,7480
1760112000,1.39835,1.4010799999999999,1.39822,1.4009,15745
1760126400,1.401,1.40175,1.3994,1.4001299999999999,8775
1760313600,1.39896,1.40041,1.39858,1.39931,5399
1760328000,1.3991799999999999,1.39963,1.3982999999999999,1.39929,4542
1760342400,1.39928,1.40106,1.39883,1.40011,7949
1760356800,1.40012,1.40163,1.39971,1.40128,6434
1760371200,1.40129,1.4034,1.40125,1.40306,9358
1760385600,1.40305,1.40391,1.40268,1.40362,5308
1760400000,1.40287,1.40434,1.40278,1.40373,3537
1760414400,1.40374,1.4046699999999999,1.40329,1.40429,5528
1760428800,1.40432,1.40663,1.40409,1.40584,10722
1760443200,1.40585,1.40798,1.40579,1.40713,9157
1760457600,1.40714,1.40746,1.40298,1.40427,14710
1760472000,1.40429,1.40518,1.40324,1.4044400000000001,8186
1760486400,1.40369,1.40483,1.40364,1.4044699999999999,3565
1760500800,1.4045,1.40454,1.40314,1.40365,5159
1760515200,1.40366,1.40449,1.40275,1.4043,7846
1760529600,1.40429,1.4054,1.40339,1.4051,8658
1760544000,1.40507,1.40534,1.40265,1.4034200000000001,12992
1760558400,1.40338,1.40597,1.40338,1.40424,7465
1760572800,1.40394,1.4048,1.40357,1.40391,3907
1760587200,1.40392,1.40393,1.4022299999999999,1.40341,5716
1760601600,1.4034200000000001,1.40402,1.40269,1.4038,7833
1760616000,1.4038,1.40579,1.40357,1.40516,8529
1760630400,1.40514,1.40607,1.40355,1.4044699999999999,14619
1760644800,1.40446,1.40605,1.40381,1.40514,10256
1760659200,1.40511,1.40529,1.4039,1.40401,3605
1760673600,1.40399,1.40517,1.40363,1.40401,4995
1760688000,1.404,1.40671,1.40357,1.40506,10964
1760702400,1.40506,1.40525,1.40272,1.40394,11050
1760716800,1.40395,1.40536,1.40337,1.40394,14516
1760731200,1.40399,1.40422,1.40077,1.40211,8534
1760918400,1.40118,1.40197,1.4009800000000001,1.40131,3446
1760932800,1.4013,1.40153,1.40053,1.40114,3744
1760947200,1.40115,1.40329,1.401,1.4032200000000001,7376
1760961600,1.40321,1.40493,1.40265,1.40451,8509
1760976000,1.40452,1.40509,1.4025699999999999,1.40293,10051
1760990400,1.40292,1.40385,1.40265,1.4038,5334
1761004800,1.40314,1.40363,1.40294,1.40314,2267
1761019200,1.4032200000000001,1.4053,1.4031500000000001,1.4049,3645
1761033600,1.40488,1.40658,1.40487,1.4061,9176
1761048000,1.40605,1.40611,1.4014,1.40275,10970
1761062400,1.40272,1.40438,1.4003,1.4016899999999999,14567
1761076800,1.4017,1.40237,1.40116,1.40235,6753
1761091200,1.4019300000000001,1.40234,1.40113,1.4013900000000001,3551
1761105600,1.40138,1.40148,1.40004,1.40012,3816
1761120000,1.40011,1.40114,1.39935,1.40076,8620
1761134400,1.40077,1.4032200000000001,1.40072,1.4022999999999999,9943
1761148800,1.40231,1.40269,1.39757,1.39789,13453
1761163200,1.39788,1.39969,1.39786,1.39969,7232
1761177600,1.39909,1.39942,1.39871,1.39901,3091
1761192000,1.39899,1.4004699999999999,1.39885,1.39982,4181
1761206400,1.39985,1.39995,1.39867,1.39946,6672
1761220800,1.39947,1.39995,1.39889,1.39937,6992
1761235200,1.39938,1.4003,1.3979599999999999,1.39982,10022
1761249600,1.3998300000000001,1.40033,1.39856,1.39908,5481
1761264000,1.3988800000000001,1.39913,1.39718,1.39881,2810
1761278400,1.3988,1.40283,1.39872,1.40113,4517
1761292800,1.40114,1.40217,1.40039,1.4020000000000001,7557
1761307200,1.40204,1.40323,1.39973,1.40197,8949
1761321600,1.4019599999999999,1.40389,1.40057,1.40073,12545
1761336000,1.4007399999999999,1.40109,1.39919,1.40006,5331
1761523200,1.40031,1.40088,1.39851,1.3985400000000001,4910
1761537600,1.39855,1.39927,1.39782,1.399,4604
1761552000,1.39901,1.3991799999999999,1.39728,1.39778,7649
1761566400,1.39775,1.39853,1.3970099999999999,1.39819,7966
1761580800,1.39818,1.40083,1.39788,1.39964,9673
1761595200,1.39961,1.4001299999999999,1.39856,1.39878,4884
1761609600,1.3988399999999999,1.39941,1.39825,1.39853,3149
1761624000,1.3985400000000001,1.39929,1.39818,1.39828,5274
1761638400,1.3982700000000001,1.40042,1.39824,1.4003700000000001,7030
1761652800,1.40035,1.40054,1.3992,1.40004,7990
1761667200,1.39999,1.40023,1.39353,1.39416,12052
1761681600,1.39415,1.3948800000000001,1.39331,1.39433,5275
1761696000,1.39435,1.39473,1.39333,1.39388,4197
1761710400,1.39387,1.39432,1.39318,1.39423,4719
1761724800,1.39424,1.39462,1.39238,1.3946100000000001,6537
1761739200,1.3946,1.39496,1.393,1.39307,7396
1761753600,1.39306,1.39316,1.38879,1.3897599999999999,11424
1761768000,1.38981,1.39548,1.38924,1.39474,14871
1761782400,1.39406,1.3946,1.39348,1.39364,3367
1761796800,1.39363,1.39432,1.39268,1.39284,7356
1761811200,1.3929,1.39506,1.39282,1.39452,8672
1761825600,1.3945400000000001,1.4001299999999999,1.3943699999999999,1.40011,9549
1761840000,1.40019,1.40143,1.39774,1.39828,14510
1761854400,1.3982700000000001,1.39903,1.39775,1.39846,7718
1761868800,1.39832,1.39863,1.39799,1.39811,3066
1761883200,1.39812,1.39907,1.39789,1.39866,4891
1761897600,1.39865,1.40111,1.39865,1.40021,6202
1761912000,1.40022,1.40343,1.40022,1.40283,8125
1761926400,1.40287,1.40353,1.40012,1.40187,13678
1761940800,1.40186,1.40266,1.40061,1.4009,8214
1762128000,1.39984,1.40235,1.39984,1.40208,4570
1762142400,1.40207,1.40214,1.40083,1.40103,3677
1762156800,1.40104,1.40404,1.40086,1.40392,6290
1762171200,1.40392,1.40628,1.40348,1.40613,6824
1762185600,1.40614,1.40759,1.40466,1.40516,11153
1762200000,1.40515,1.40602,1.40485,1.40565,6014
1762214400,1.40543,1.40701,1.40522,1.40659,3623
1762228800,1.40658,1.40703,1.40606,1.4068,5330
1762243200,1.40679,1.40738,1.40539,1.40713,7924
1762257600,1.40714,1.40832,1.40669,1.4080300000000001,7092
1762272000,1.40805,1.4097,1.40778,1.40926,11148
1762286400,1.40929,1.41067,1.40911,1.41036,7704
1762300800,1.4099300000000001,1.41192,1.40956,1.4114,5589
1762315200,1.41138,1.4118,1.41077,1.41104,5677
1762329600,1.41105,1.4126699999999999,1.41076,1.4126400000000001,6293
1762344000,1.41263,1.41387,1.41254,1.41337,8341
1762358400,1.41338,1.41404,1.41052,1.4116900000000001,12861
1762372800,1.4117,1.4119,1.4104999999999999,1.41072,6428
1762387200,1.41062,1.4109,1.40998,1.41039,5169
1762401600,1.4104,1.4104999999999999,1.40997,1.41026,5271
1762416000,1.41033,1.4104700000000001,1.40899,1.4099,7419
1762430400,1.40992,1.41002,1.40902,1.40976,9256
1762444800,1.40975,1.41399,1.40963,1.41174,14963
1762459200,1.41174,1.41248,1.41049,1.4116,7537
1762473600,1.4111,1.4126,1.41106,1.41239,5595
1762488000,1.41235,1.41261,1.41195,1.41238,3567
1762502400,1.41239,1.4123999999999999,1.41134,1.41168,5000
1762516800,1.4116900000000001,1.4119,1.40553,1.40653,8570
1762531200,1.40652,1.40851,1.4052,1.4055,13481
1762545600,1.40551,1.40582,1.4027,1.40446,7575
1762732800,1.40495,1.40503,1.40262,1.40302,7776
1762747200,1.40304,1.4035,1.4020000000000001,1.40255,9170
1762761600,1.40256,1.40328,1.40008,1.40115,8735
1762776000,1.40114,1.40218,1.40009,1.40115,7936
1762790400,1.40116,1.40362,1.40115,1.40168,13141
1762804800,1.4016600000000001,1.40201,1.4013,1.40195,7392
1762819200,1.40172,1.40334,1.40137,1.4031,4254
1762833600,1.40307,1.4038300000000001,1.4028399999999999,1.40347,4129
1762848000,1.4034900000000001,1.4041000000000001,1.40258,1.40337,6876
1762862400,1.40336,1.40364,1.4003999999999999,1.40061,8656
1762876800,1.4006,1.4016199999999999,1.40021,1.40022,11764
1762891200,1.40023,1.40155,1.40018,1.40155,6680
1762905600,1.40133,1.40206,1.40086,1.40182,4307
1762920000,1.40184,1.4020000000000001,1.40086,1.40104,5201
1762934400,1.40104,1.40194,1.40028,1.40185,8271
1762948800,1.40184,1.40215,1.40065,1.40161,9047
1762963200,1.40158,1.40216,1.39931,1.39969,13287
1762977600,1.3997,1.4009,1.39898,1.40072,7636
1762992000,1.4003,1.40163,1.40023,1.4009,5127
1763006400,1.40089,1.40119,1.40028,1.4010799999999999,4052
1763020800,1.4011,1.40131,1.39852,1.39912,8328
1763035200,1.39913,1.40092,1.39899,1.40079,8633
1763049600,1.40077,1.40258,1.39973,1.40231,14541
1763064000,1.40232,1.40378,1.4020299999999999,1.40353,10071
1763078400,1.40298,1.40443,1.40195,1.40224,5386
1763092800,1.40225,1.40302,1.40177,1.40249,5118
1763107200,1.4025,1.40452,1.40239,1.4035199999999999,9655
1763121600,1.40354,1.40453,1.40141,1.40255,11516
1763136000,1.4025699999999999,1.40338,1.40144,1.4025699999999999,14843
1763150400,1.40256,1.40328,1.40137,1.40212,9911
1763337600,1.40156,1.40323,1.40147,1.40316,5189
1763352000,1.40317,1.4039,1.40282,1.403,5357
1763366400,1.40296,1.40324,1.40161,1.40279,7972
1763380800,1.4028,1.40401,1.4022000000000001,1.40377,9423
1763395200,1.4037899999999999,1.40417,1.40237,1.40266,14419
1763409600,1.40265,1.40579,1.40256,1.40541,9753
1763424000,1.40466,1.40567,1.40405,1.40504,6318
1763438400,1.4050500000000001,1.40622,1.4047100000000001,1.40496,7662
1763452800,1.40494,1.40557,1.40348,1.40361,9497
1763467200,1.40364,1.40389,1.40068,1.40109,9795
1763481600,1.4011,1.40211,1.39775,1.39788,16372
1763496000,1.39787,1.39898,1.39712,1.39897,9112
1763510400,1.39826,1.39984,1.39822,1.3997600000000001,4863
1763524800,1.39972,1.40011,1.39928,1.3995,5702
1763539200,1.3994900000000001,1.40056,1.39883,1.39995,8024
1763553600,1.39996,1.40199,1.39987,1.40167,10062
1763568000,1.40168,1.40651,1.40066,1.40561,15877
1763582400,1.4056,1.40605,1.40432,1.40481,10298
1763596800,1.40462,1.40555,1.40415,1.40547,4045
1763611200,1.40548,1.4061,1.40507,1.40598,4819
1763625600,1.40599,1.4062700000000001,1.40502,1.40504,7781
1763640000,1.4050500000000001,1.40692,1.40398,1.40497,10599
1763654400,1.4049800000000001,1.41071,1.40433,1.41013,18935
1763668800,1.41018,1.41049,1.40899,1.40974,11558
1763683200,1.40894,1.40977,1.40835,1.40888,7702
1763697600,1.40879,1.40939,1.40862,1.40918,5772
1763712000,1.40917,1.4105699999999999,1.4082,1.40926,9802
1763726400,1.4092799999999999,1.41133,1.40814,1.40889,13000
1763740800,1.4089,1.41308,1.40879,1.40933,16634
1763755200,1.4093200000000001,1.41036,1.40891,1.4098899999999999,10131
1763942400,1.40914,1.41045,1.40914,1.40998,5119
1763956800,1.40997,1.41007,1.40918,1.40942,4386
1763971200,1.40943,1.4114900000000001,1.40913,1.41139,7626
1763985600,1.4114,1.41181,1.40971,1.41022,8431
1764000000,1.41021,1.41187,1.40983,1.41123,11808
1764014400,1.41122,1.41134,1.4102700000000001,1.41049,5538
1764028800,1.41062,1.4114499999999999,1.4102299999999999,1.41083,3664
1764043200,1.41082,1.41211,1.41058,1.41174,3974
1764057600,1.41175,1.41239,1.41132,1.41153,6764
1764072000,1.41154,1.41249,1.41021,1.41067,10293
1764086400,1.41068,1.41192,1.40906,1.40944,14444
1764100800,1.40941,1.41039,1.40895,1.40972,7931
1764115200,1.40922,1.4104999999999999,1.40801,1.40853,6635
1764129600,1.40855,1.40861,1.40706,1.40737,6876
1764144000,1.40739,1.40838,1.40677,1.40823,8013
1764158400,1.40822,1.40994,1.40782,1.40961,11996
1764172800,1.4096,1.41009,1.40424,1.40445,13466
1764187200,1.40443,1.40461,1.40346,1.40414,7493
1764201600,1.40426,1.4043999999999999,1.40343,1.40346,4842
1764216000,1.40343,1.4037,1.40285,1.4033,4834
1764230400,1.4032499999999999,1.4049,1.40298,1.4048,7770
1764244800,1.40482,1.40497,1.40393,1.40448,6367
1764259200,1.4044699999999999,1.40464,1.40283,1.40299,5214
1764273600,1.403,1.40329,1.40276,1.40277,2726
1764288000,1.4031,1.4034200000000001,1.40245,1.40337,4741
1764302400,1.40338,1.40412,1.4026399999999999,1.40351,24369
1764316800,1.4034900000000001,1.4044699999999999,1.40334,1.40394,21769
1764331200,1.40395,1.4050799999999999,1.3992,1.3997,20802
1764345600,1.39969,1.39989,1.39379,1.39746,12967
1764360000,1.39745,1.3982,1.39611,1.39696,10207
1764547200,1.39706,1.39802,1.3964400000000001,1.39716,5130
1764561600,1.39715,1.39899,1.39713,1.39866,4912
1764576000,1.3986399999999999,1.3991500000000001,1.39702,1.3985,7838
1764590400,1.39852,1.39872,1.39545,1.39632,6996
1764604800,1.39629,1.39852,1.39558,1.39822,10798
1764619200,1.39822,1.4001299999999999,1.39817,1.39971,5733
1764633600,1.3996,1.4007399999999999,1.39929,1.40011,2382
1764648000,1.4001000000000001,1.4003,1.39957,1.39978,2581
1764662400,1.3997899999999999,1.40096,1.3992499999999999,1.4008,5085
1764676800,1.40079,1.40145,1.3997,1.39973,5764
1764691200,1.39974,1.39984,1.39754,1.3986,10376
1764705600,1.39862,1.3987,1.3967800000000001,1.39747,5266
1764720000,1.3967399999999999,1.39753,1.39625,1.39657,3373
1764734400,1.39659,1.39744,1.3965,1.39721,2517
1764748800,1.39722,1.3973499999999999,1.39547,1.3955199999999999,5986
1764763200,1.3955,1.39553,1.39385,1.39458,6667
1764777600,1.3945699999999999,1.39693,1.39411,1.39442,11590
1764792000,1.39441,1.39545,1.39418,1.3949,5359
1764806400,1.39428,1.39628,1.39421,1.39616,3181
1764820800,1.39619,1.39685,1.3958,1.39611,4354
1764835200,1.39609,1.39711,1.39573,1.39598,6694
1764849600,1.39597,1.39771,1.3957899999999999,1.39675,8058
1764864000,1.3967399999999999,1.39685,1.39254,1.39456,10611
1764878400,1.39455,1.39602,1.39444,1.39567,6969
1764892800,1.39538,1.39605,1.39496,1.39509,2095
1764907200,1.39508,1.3957600000000001,1.3949,1.39492,2419
1764921600,1.39493,1.39509,1.3940299999999999,1.39438,4904
1764936000,1.39438,1.39523,1.38849,1.38876,7029
1764950400,1.38877,1.38933,1.38335,1.3835,15228
1764964800,1.38349,1.38459,1.38208,1.38222,8455
1765152000,1.38236,1.38353,1.38212,1.3824100000000001,6139
1765166400,1.3824,1.38266,1.3819,1.38199,3298
1765180800,1.3820000000000001,1.3829099999999999,1.38135,1.3824,7622
1765195200,1.38239,1.38273,1.37997,1.38102,8913
1765209600,1.38101,1.38527,1.38,1.38416,14652
1765224000,1.38415,1.38596,1.38398,1.38564,7949
1765238400,1.38527,1.38551,1.38467,1.38489,3781
1765252800,1.38487,1.38526,1.3844400000000001,1.38495,4863
1765267200,1.38496,1.3857599999999999,1.38387,1.38395,8012
1765281600,1.38395,1.38497,1.38378,1.38403,9117
1765296000,1.38404,1.3857599999999999,1.38235,1.38551,15097
1765310400,1.3854899999999999,1.38608,1.38436,1.38474,6459
1765324800,1.38442,1.38548,1.3841999999999999,1.38541,4549
1765339200,1.3854199999999999,1.38574,1.3852,1.38532,3852
1765353600,1.38531,1.38588,1.38452,1.38555,7283
1765368000,1.38556,1.38568,1.38378,1.38445,8607
1765382400,1.3844400000000001,1.38719,1.38257,1.38304,12853
1765396800,1.38303,1.38408,1.3783699999999999,1.37912,16329
1765411200,1.37887,1.37992,1.37847,1.37947,5773
1765425600,1.37946,1.38177,1.37921,1.38125,6925
1765440000,1.38124,1.38227,1.38067,1.38071,9547
1765454400,1.3807,1.3810799999999999,1.3780700000000001,1.37865,10546
1765468800,1.37866,1.37877,1.3756599999999999,1.37727,15592
1765483200,1.37728,1.37809,1.37668,1.37718,8709
1765497600,1.37692,1.3777,1.37668,1.37734,6256
1765512000,1.37735,1.37791,1.37709,1.37721,4055
1765526400,1.3772199999999999,1.37751,1.37548,1.37608,7802
1765540800,1.37609,1.37697,1.37541,1.37614,8657
1765555200,1.37615,1.37946,1.37533,1.37664,16998
1765569600,1.37662,1.37745,1.376,1.3768099999999999,9602
1765756800,1.37618,1.37734,1.37603,1.37607,5832
1765771200,1.37609,1.37704,1.376,1.3765,6621
1765785600,1.3765100000000001,1.3768500000000001,1.37577,1.37652,7847
1765800000,1.37652,1.37769,1.37476,1.37687,8386
1765814400,1.37697,1.3776,1.37547,1.3774899999999999,15965
1765828800,1.37748,1.37884,1.37666,1.37689,9329
1765843200,1.37666,1.37813,1.3765100000000001,1.3778000000000001,5376
1765857600,1.37779,1.37798,1.37649,1.37698,6084
1765872000,1.37699,1.3778299999999999,1.37637,1.37754,7990
1765886400,1.37755,1.37801,1.37372,1.37534,10588
1765900800,1.37535,1.37635,1.37304,1.3746,17202
1765915200,1.37459,1.37615,1.37375,1.37512,11136
1765929600,1.37533,1.3764,1.3750200000000001,1.37596,5107
1765944000,1.37592,1.3778000000000001,1.37592,1.37747,5238
1765958400,1.37744,1.37856,1.37713,1.3777,8696
1765972800,1.37772,1.3795600000000001,1.37737,1.37771,9529
1765987200,1.3777300000000001,1.3798,1.3761999999999999,1.37829,16311
1766001600,1.3783,1.37923,1.37756,1.37875,9753
1766016000,1.37825,1.3789,1.37782,1.37862,4355
1766030400,1.37858,1.37885,1.37767,1.37772,5219
1766044800,1.3777300000000001,1.37836,1.3768,1.3782,8708
1766059200,1.37823,1.37961,1.37609,1.37766,11925
1766073600,1.37767,1.37811,1.3756,1.37723,19286
1766088000,1.3772199999999999,1.37836,1.3766,1.37799,10122
1766102400,1.3772199999999999,1.37811,1.377,1.37785,4665
1766116800,1.37787,1.37892,1.37753,1.37888,5244
1766131200,1.37887,1.37969,1.3786,1.37941,8401
1766145600,1.37939,1.3801,1.37804,1.37823,9088
1766160000,1.37824,1.37878,1.37549,1.37791,12963
1766174400,1.37793,1.38057,1.37729,1.38032,7931
1766361600,1.37886,1.38021,1.37883,1.37985,8339
1766376000,1.37984,1.37987,1.37918,1.3792200000000001,3347
1766390400,1.37921,1.3796,1.37695,1.3771499999999999,7282
1766404800,1.37716,1.37733,1.37547,1.37551,8434
1766419200,1.37548,1.37642,1.37359,1.3738000000000001,12613
1766433600,1.37381,1.37539,1.37357,1.37453,7091
1766448000,1.37449,1.3751,1.37391,1.3740700000000001,4046
1766462400,1.37408,1.37408,1.37332,1.37394,4818
1766476800,1.37395,1.3743,1.37048,1.37049,8029
1766491200,1.3705,1.3711,1.3688,1.36989,10392
1766505600,1.36987,1.37269,1.3696,1.37091,14100
1766520000,1.37089,1.37131,1.36856,1.36856,7370
1766534400,1.36881,1.3691,1.36772,1.36773,5274
1766548800,1.36769,1.36842,1.36745,1.36798,4685
1766563200,1.36799,1.36879,1.36725,1.36745,7160
1766577600,1.36747,1.3685800000000001,1.3666,1.36751,7751
1766592000,1.36752,1.3679999999999999,1.3665,1.3670499999999999,12293
1766606400,1.36711,1.3678,1.36674,1.3673,4970
1766707200,1.3669,1.36768,1.36683,1.36757,6103
1766721600,1.3676,1.36818,1.3669799999999999,1.36755,5778
1766736000,1.36753,1.3682400000000001,1.36659,1.3682400000000001,8107
1766750400,1.3682699999999999,1.3685,1.36491,1.36542,6999
1766764800,1.36543,1.3673199999999999,1.3642400000000001,1.36684,11685
1766779200,1.36685,1.36747,1.36665,1.3673199999999999,8903
1766966400,1.3657599999999999,1.36735,1.3657599999999999,1.36623,5116
1766980800,1.36622,1.3673899999999999,1.36573,1.36738,4355
1766995200,1.36737,1.36968,1.3671,1.36875,9842
1767009600,1.36876,1.37011,1.36801,1.36874,10591
1767024000,1.36875,1.36981,1.3663,1.36904,16442
1767038400,1.36905,1.36982,1.36823,1.36893,7389
1767052800,1.36882,1.36952,1.36843,1.36845,3759
1767067200,1.36844,1.36905,1.36828,1.36862,3805
1767081600,1.3686099999999999,1.36916,1.36787,1.36845,7286
1767096000,1.36846,1.37081,1.36823,1.3703699999999999,8904
1767110400,1.37036,1.37089,1.36795,1.3686099999999999,12876
1767124800,1.36859,1.36993,1.36829,1.36968,6547
1767139200,1.36927,1.36989,1.3691900000000001,1.36959,3630
1767153600,1.3696,1.37042,1.36954,1.37012,4293
1767168000,1.37013,1.371,1.36993,1.3703,7131
1767182400,1.37031,1.37125,1.36882,1.36977,9304
1767196800,1.36978,1.37267,1.3692199999999999,1.37206,15885
1767211200,1.37207,1.37279,1.37145,1.37208,7417
1767312000,1.37131,1.37225,1.37067,1.37081,2962
1767326400,1.37077,1.37175,1.37043,1.3716300000000001,4160
1767340800,1.3716300000000001,1.3721999999999999,1.37002,1.37211,8274
1767355200,1.37208,1.37413,1.37174,1.37397,7995
1767369600,1.37398,1.37472,1.37208,1.37401,15374
1767384000,1.37402,1.37477,1.37268,1.37298,8129
1767571200,1.37336,1.37485,1.37313,1.37469,7436
1767585600,1.3746800000000001,1.3777599999999999,1.37459,1.3768500000000001,7796
1767600000,1.37684,1.37886,1.37644,1.37778,9596
1767614400,1.37779,1.38153,1.37621,1.37987,11780
1767628800,1.37988,1.37998,1.37451,1.37613,18576
1767643200,1.37611,1.37725,1.3755,1.37701,8775
1767657600,1.37676,1.37762,1.37641,1.37642,4778
1767672000,1.37641,1.377,1.37601,1.37638,5074
1767686400,1.37637,1.377,1.37514,1.3768099999999999,9682
1767700800,1.3768099999999999,1.37853,1.37602,1.37714,9914
1767715200,1.3771499999999999,1.37967,1.3756599999999999,1.379,16120
1767729600,1.3790200000000001,1.38153,1.37885,1.3814899999999999,7266
1767744000,1.38103,1.38253,1.38074,1.38199,5514
1767758400,1.3820000000000001,1.3820299999999999,1.38101,1.38133,5739
1767772800,1.38131,1.38269,1.3811499999999999,1.38135,7181
1767787200,1.38136,1.3814199999999999,1.37944,1.37957,8522
1767801600,1.37958,1.3832499999999999,1.3790200000000001,1.38311,14848
1767816000,1.3831,1.38616,1.38297,1.38598,8315
1767830400,1.38555,1.3866,1.38531,1.3863400000000001,3983
1767844800,1.38633,1.387,1.38582,1.38672,5388
1767859200,1.3867099999999999,1.3888099999999999,1.38669,1.38787,9101
1767873600,1.3878599999999999,1.38819,1.38535,1.38633,9348
1767888000,1.3863400000000001,1.38754,1.38506,1.3868800000000001,15315
1767902400,1.38689,1.38767,1.3854600000000001,1.38614,8796
1767916800,1.38613,1.38726,1.38606,1.3872200000000001,3858
1767931200,1.38721,1.38762,1.38678,1.38703,4751
1767945600,1.38702,1.3879299999999999,1.38647,1.38743,7264
1767960000,1.38738,1.38882,1.3867099999999999,1.38778,10444
1767974400,1.38777,1.3906100000000001,1.38742,1.39014,18399
1767988800,1.39014,1.39194,1.39008,1.39174,7625
1768176000,1.39075,1.39172,1.38832,1.38937,7724
1768190400,1.3893900000000001,1.38987,1.38873,1.3890500000000001,6137
1768204800,1.3890799999999999,1.38937,1.38672,1.38804,10152
1768219200,1.38805,1.3884400000000001,1.38682,1.38706,10427
1768233600,1.38709,1.38946,1.38686,1.3872200000000001,13721
1768248000,1.38721,1.38797,1.38679,1.38757,7756
1768262400,1.3874900000000001,1.38839,1.38713,1.38805,5090
1768276800,1.38804,1.38808,1.38672,1.38716,5833
1768291200,1.38717,1.3887800000000001,1.38692,1.38758,8072
1768305600,1.38757,1.38843,1.3854199999999999,1.38709,10225
1768320000,1.3871,1.38981,1.38629,1.38945,16346
1768334400,1.38946,1.38971,1.38802,1.38867,8832
1768348800,1.38861,1.38974,1.38818,1.38954,4023
1768363200,1.38953,1.38979,1.38828,1.38868,5146
1768377600,1.38867,1.38967,1.388,1.38916,8436
1768392000,1.38917,1.3893900000000001,1.38705,1.38787,8722
1768406400,1.3878599999999999,1.3884699999999999,1.3866100000000001,1.38781,13900
1768420800,1.38784,1.38862,1.38711,1.38834,9556
1768435200,1.38757,1.38928,1.38753,1.38893,4697
1768449600,1.38894,1.3902700000000001,1.38884,1.39001,4304
1768464000,1.39002,1.39077,1.38964,1.39048,6498
1768478400,1.3905,1.39135,1.38963,1.3911,7634
1768492800,1.39111,1.39196,1.38898,1.3897,12271
1768507200,1.3896899999999999,1.38993,1.38848,1.38919,7482
1768521600,1.38876,1.3898,1.38841,1.38954,4996
1768536000,1.38955,1.3897,1.38845,1.3891499999999999,4916
1768550400,1.38914,1.38975,1.38882,1.38951,7067
1768564800,1.38952,1.39004,1.3884400000000001,1.38995,8758
1768579200,1.38998,1.39283,1.38901,1.3924400000000001,15403
1768593600,1.39246,1.39287,1.39136,1.39171,8314
1768780800,1.39066,1.39169,1.38903,1.3897,8494
1768795200,1.3896899999999999,1.39025,1.38894,1.38927,6730
1768809600,1.38929,1.38982,1.38843,1.38864,9064
1768824000,1.38865,1.38933,1.3878,1.38836,7150
1768838400,1.38838,1.38845,1.38597,1.38665,7859
1768852800,1.38666,1.38735,1.38635,1.38679,2763
1768867200,1.38613,1.38789,1.38613,1.38685,4542
1768881600,1.38684,1.38733,1.3844699999999999,1.38526,4991
1768896000,1.38527,1.38652,1.3824,1.38276,11903
1768910400,1.38276,1.38381,1.38144,1.3828,12594
1768924800,1.38292,1.38409,1.38181,1.38312,16771
1768939200,1.38313,1.38427,1.38251,1.3835,8772
1768953600,1.38315,1.38405,1.38236,1.38265,5035
1768968000,1.3826399999999999,1.38404,1.38257,1.38367,4674
1768982400,1.38367,1.38428,1.38282,1.38407,8190
1768996800,1.38407,1.3841999999999999,1.3791,1.37939,10146
1769011200,1.37938,1.38287,1.37855,1.3816,19877
1769025600,1.38161,1.38399,1.38159,1.38314,12640
1769040000,1.38323,1.3844699999999999,1.3826100000000001,1.38267,5767
1769054400,1.38266,1.38312,1.38165,1.3820999999999999,6103
1769068800,1.38208,1.38304,1.3814899999999999,1.38254,9336
1769083200,1.38255,1.3833199999999999,1.38036,1.3808099999999999,10093
1769097600,1.38082,1.38208,1.37845,1.37855,14261
1769112000,1.37857,1.37931,1.37828,1.37877,7421
1769126400,1.3783400000000001,1.37927,1.37817,1.37878,5280
1769140800,1.37879,1.37962,1.37835,1.37889,4581
1769155200,1.37891,1.37996,1.37838,1.37923,9891
1769169600,1.37924,1.37957,1.37589,1.3765800000000001,8711
1769184000,1.3766,1.37701,1.37038,1.37135,15051
1769198400,1.37134,1.37257,1.36935,1.3702,12115
1769385600,1.36943,1.37093,1.36779,1.36842,12002
1769400000,1.36843,1.36897,1.36751,1.36807,7857
1769414400,1.36808,1.36965,1.36744,1.36765,12414
1769428800,1.36762,1.37128,1.36714,1.37033,10103
1769443200,1.37032,1.37117,1.36755,1.37032,16097
1769457600,1.37033,1.37199,1.36995,1.3709799999999999,10797
1769472000,1.37072,1.37203,1.37033,1.37182,4904
1769486400,1.37184,1.37392,1.37084,1.3735,6145
1769500800,1.37348,1.37391,1.37061,1.37077,8769
1769515200,1.3707799999999999,1.37142,1.36575,1.36711,12125
1769529600,1.36712,1.36731,1.3591199999999999,1.35981,19513
1769544000,1.3598,1.36232,1.35587,1.35732,14975
1769558400,1.35779,1.36132,1.3566,1.3612199999999999,12437
1769572800,1.36121,1.36147,1.3584100000000001,1.35849,9206
1769587200,1.3584399999999999,1.35864,1.3560699999999999,1.35644,15013
1769601600,1.35643,1.35775,1.3551,1.35579,12907
1769616000,1.35578,1.35914,1.35354,1.35734,21944
1769630400,1.35735,1.36078,1.3546,1.35555,16979
1769644800,1.35557,1.35701,1.35308,1.35515,10841
1769659200,1.35516,1.35581,1.35161,1.3526099999999999,9743
1769673600,1.35262,1.35406,1.35093,1.35351,13974
1769688000,1.35351,1.3562400000000001,1.35068,1.3519999999999999,13717
1769702400,1.35192,1.35778,1.34918,1.35149,33663
1769716800,1.3515,1.35214,1.34845,1.34898,16415
1769731200,1.34867,1.3529,1.34814,1.35285,10639
1769745600,1.35286,1.35455,1.35096,1.35172,14123
1769760000,1.3517299999999999,1.35532,1.35072,1.3545099999999999,17700
1769774400,1.35454,1.35556,1.34931,1.35462,19040
1769788800,1.35456,1.35888,1.35115,1.3583,29336
1769803200,1.35831,1.36227,1.35713,1.36189,23004
1769990400,1.36036,1.36578,1.3603399999999999,1.36256,17687
1770004800,1.3625099999999999,1.3672,1.36196,1.3662,15405
1770019200,1.36621,1.36748,1.36269,1.36315,18836
1770033600,1.36316,1.36665,1.3624800000000001,1.36631,17423
1770048000,1.3663699999999999,1.36933,1.3637299999999999,1.3685,25600
1770062400,1.3685100000000001,1.37024,1.36672,1.3679999999999999,13912
1770076800,1.36743,1.36836,1.36588,1.3660999999999999,5895
1770091200,1.36611,1.36803,1.3654899999999999,1.36648,11059
1770105600,1.36646,1.36853,1.36513,1.36841,15667
1770120000,1.36837,1.36859,1.36465,1.3666,13240
1770134400,1.36658,1.36805,1.36362,1.36491,22402
1770148800,1.3649200000000001,1.36588,1.36323,1.36403,15132
1770163200,1.36349,1.36455,1.3633199999999999,1.36377,5694
1770177600,1.36376,1.36507,1.36324,1.36347,6989
1770192000,1.36346,1.3649200000000001,1.36285,1.3647,11438
1770206400,1.36471,1.36741,1.36442,1.36491,12495
1770220800,1.3648799999999999,1.36832,1.36483,1.36723,26028
1770235200,1.36723,1.36839,1.36573,1.36622,13901
1770249600,1.36624,1.36717,1.36574,1.36676,6300
1770264000,1.3667500000000001,1.36929,1.36663,1.36844,12891
1770278400,1.36843,1.36997,1.36767,1.36994,12619
1770292800,1.36995,1.36998,1.36622,1.3667799999999999,15791
1770307200,1.36679,1.36939,1.3652,1.36738,26381
1770321600,1.3673899999999999,1.37099,1.36695,1.37094,12677
1770336000,1.3695599999999999,1.37245,1.36952,1.3704100000000001,9058
1770350400,1.37042,1.37051,1.36884,1.36905,8430
1770364800,1.36904,1.36947,1.36779,1.3683,10769
1770379200,1.3683100000000001,1.36907,1.36466,1.36566,9834
1770393600,1.36567,1.36577,1.36243,1.36444,15887
1770408000,1.36444,1.366,1.36398,1.36584,8205
1770595200,1.36663,1.36735,1.36507,1.36602,8642
1770609600,1.36601,1.36674,1.36524,1.3655,6257
1770624000,1.3654899999999999,1.3657599999999999,1.36333,1.36441,11514
1770638400,1.36442,1.3655599999999999,1.36023,1.36033,12504
1770652800,1.36032,1.3608,1.35674,1.35704,14694
1770667200,1.35704,1.3575,1.35525,1.3556599999999999,8808
1770681600,1.35606,1.35681,1.35557,1.35585,5343
1770696000,1.35587,1.35589,1.35481,1.35567,5310
1770710400,1.35568,1.3568500000000001,1.3553899999999999,1.3564,7620
1770724800,1.35641,1.35764,1.3548499999999999,1.35489,8394
1770739200,1.35486,1.35541,1.3523100000000001,1.35426,16407
1770753600,1.35428,1.35579,1.3541400000000001,1.35498,7871
1770768000,1.3542399999999999,1.35552,1.35396,1.35398,5538
1770782400,1.35397,1.35398,1.35171,1.3521,5426
1770796800,1.3520699999999999,1.35315,1.35089,1.35114,8100
1770811200,1.35115,1.36072,1.35041,1.35835,14729
1770825600,1.35836,1.36188,1.35516,1.35552,23523
1770840000,1.35553,1.35839,1.35504,1.35744,9376
1770854400,1.35653,1.3584800000000001,1.3559999999999999,1.35689,5560
1770868800,1.3568799999999999,1.35859,1.35648,1.358,6340
1770883200,1.35801,1.35964,1.3563,1.35639,10060
1770897600,1.35639,1.35823,1.35553,1.3566799999999999,9258
1770912000,1.35667,1.36357,1.35592,1.36257,23700
1770926400,1.36255,1.36344,1.36057,1.36078,13398
1770940800,1.36127,1.3617,1.36057,1.36141,5604
1770955200,1.36142,1.3627099999999999,1.36105,1.36254,6035
1770969600,1.36255,1.36375,1.3597299999999999,1.36046,10089
1770984000,1.36045,1.36355,1.36002,1.36019,13308
1770998400,1.3602699999999999,1.36362,1.35933,1.36042,21771
1771012800,1.36035,1.36256,1.35986,1.36166,10072
1771200000,1.36026,1.36254,1.3601,1.36145,5972
1771214400,1.36147,1.36192,1.36102,1.36166,4122
1771228800,1.36168,1.36198,1.3603399999999999,1.36182,7211
1771243200,1.3618299999999999,1.36331,1.3609499999999999,1.36266,6167
1771257600,1.36265,1.36386,1.36188,1.36383,5598
1771272000,1.36384,1.36386,1.3633600000000001,1.36377,1639
1771286400,1.36316,1.3644,1.3628,1.3642400000000001,4190
1771300800,1.36428,1.36476,1.36367,1.36407,5281
1771315200,1.36407,1.36531,1.3638,1.36438,8686
1771329600,1.36439,1.36712,1.36367,1.36711,10231
1771344000,1.3671,1.36928,1.36459,1.36484,21713
1771358400,1.3648500000000001,1.36506,1.3632900000000001,1.36371,8724
1771372800,1.36338,1.36479,1.36319,1.36456,4225
1771387200,1.36455,1.3654600000000001,1.36441,1.36523,3733
1771401600,1.36524,1.36682,1.36493,1.36555,7024
1771416000,1.3655599999999999,1.36686,1.3637000000000001,1.36681,8710
1771430400,1.36682,1.36876,1.36593,1.3679700000000001,15642
1771444800,1.3679700000000001,1.37001,1.36776,1.36964,10569
1771459200,1.36929,1.37011,1.36891,1.36895,3445
1771473600,1.36895,1.3704399999999999,1.36867,1.3701699999999999,3375
1771488000,1.37018,1.37023,1.36713,1.3673600000000001,7624
1771502400,1.3673600000000001,1.37065,1.36676,1.36857,11339
1771516800,1.36857,1.37146,1.36756,1.3696,20660
1771531200,1.3696,1.37073,1.3679700000000001,1.36798,9299
1771545600,1.3679700000000001,1.37021,1.36777,1.36977,5221
1771560000,1.3697599999999999,1.37027,1.3684,1.3685800000000001,5941
1771574400,1.36859,1.37027,1.3681,1.36895,9680
1771588800,1.36894,1.36984,1.36808,1.3689,11499
1771603200,1.36891,1.3711,1.36696,1.3686099999999999,27440
1771617600,1.36862,1.36932,1.36691,1.3679299999999999,14251
1771804800,1.3664100000000001,1.3679000000000001,1.36483,1.36643,9510
1771819200,1.36646,1.36743,1.36602,1.36691,7275
1771833600,1.3669,1.3673600000000001,1.36619,1.36704,9251
1771848000,1.3670499999999999,1.37001,1.36704,1.36781,11353
1771862400,1.36779,1.36965,1.36674,1.36899,21333
1771876800,1.369,1.37038,1.36874,1.36985,8362
1771891200,1.36872,1.37175,1.36872,1.37062,5575
1771905600,1.37063,1.37096,1.36961,1.36987,5198
1771920000,1.36988,1.3708,1.3696,1.36979,9619
1771934400,1.3698000000000001,1.37174,1.3696,1.37143,9216
1771948800,1.37142,1.37249,1.37006,1.37051,15168
1771963200,1.37053,1.37067,1.36944,1.36995,7182
1771977600,1.36971,1.37057,1.36929,1.36992,4677
1771992000,1.36994,1.36995,1.3675899999999999,1.36771,7607
1772006400,1.36774,1.36971,1.3674,1.3692,9035
1772020800,1.3691900000000001,1.37065,1.36847,1.37005,8718
1772035200,1.37004,1.37046,1.36746,1.36836,14753
1772049600,1.36837,1.3685800000000001,1.36734,1.36744,6884
1772064000,1.36774,1.36774,1.3661400000000001,1.36621,4711
1772078400,1.36621,1.36754,1.36591,1.36653,5306
1772092800,1.36651,1.36788,1.36595,1.36776,9037
1772107200,1.36777,1.36913,1.36722,1.36871,8549
1772121600,1.36877,1.37123,1.3679299999999999,1.36991,19045
1772136000,1.36992,1.37026,1.36779,1.36814,8082
1772150400,1.36761,1.36825,1.3673199999999999,1.36798,5561
1772164800,1.36796,1.36796,1.36628,1.36638,5032
1772179200,1.3663699999999999,1.36775,1.3662,1.36691,8159
1772193600,1.36689,1.36847,1.36616,1.36745,11419
1772208000,1.36743,1.36751,1.36249,1.36301,20159
1772222400,1.3630200000000001,1.36516,1.36257,1.36478,9496
1772409600,1.3644,1.36735,1.36304,1.36463,15539
1772424000,1.36465,1.36593,1.36408,1.36591,10294
1772438400,1.36591,1.36867,1.36419,1.36526,18154
1772452800,1.36526,1.36852,1.36405,1.36839,15152
1772467200,1.3684,1.37186,1.36654,1.3702,23080
1772481600,1.37021,1.37115,1.36599,1.36785,13414
1772496000,1.36751,1.36774,1.36612,1.36689,7965
1772510400,1.3669,1.36799,1.36604,1.3676300000000001,12688
1772524800,1.36762,1.37106,1.3667099999999999,1.37002,20006
1772539200,1.37001,1.37222,1.36822,1.37081,22768
1772553600,1.37079,1.37528,1.36588,1.36764,35251
1772568000,1.3676300000000001,1.36852,1.36532,1.36813,17882
1772582400,1.36688,1.36998,1.36688,1.36893,12309
1772596800,1.36896,1.36948,1.36773,1.36891,15788
1772611200,1.36895,1.3695,1.36482,1.36753,17915
1772625600,1.36754,1.3679000000000001,1.3644,1.36712,19536
1772640000,1.36725,1.36904,1.36514,1.36636,20927
1772654400,1.36635,1.3672900000000001,1.36267,1.3642,10076
1772668800,1.3639299999999999,1.36466,1.36304,1.3645100000000001,7686
1772683200,1.36452,1.36639,1.36402,1.36635,11604
1772697600,1.36633,1.36706,1.36277,1.36464,20945
1772712000,1.36466,1.36507,1.36152,1.36481,14948
1772726400,1.3648799999999999,1.37161,1.36348,1.3701400000000001,26617
1772740800,1.37015,1.37052,1.36651,1.36743,19766
1772755200,1.36738,1.36764,1.36565,1.36574,7464
1772769600,1.36575,1.36645,1.36532,1.3664,8299
1772784000,1.3664100000000001,1.36726,1.36445,1.36693,13735
1772798400,1.36694,1.36718,1.36286,1.36487,18465
1772812800,1.3649,1.36744,1.3595,1.35987,31387
1772827200,1.35988,1.36011,1.35649,1.35672,17603
1773014400,1.35968,1.3606500000000001,1.35515,1.35989,14211
1773028800,1.35988,1.3606099999999999,1.3551199999999999,1.35528,17759
1773043200,1.35529,1.35811,1.35447,1.35743,23393
1773057600,1.35742,1.35782,1.35254,1.35682,22017
1773072000,1.35681,1.3590499999999999,1.35531,1.35703,26310
1773086400,1.35702,1.35981,1.35601,1.35893,18750
1773100800,1.35803,1.35949,1.3572600000000001,1.35913,9111
1773115200,1.35914,1.36015,1.35889,1.35894,10406
1773129600,1.35893,1.35925,1.35655,1.35838,12247
1773144000,1.35839,1.35854,1.3542,1.35494,15865
1773158400,1.35493,1.358,1.35462,1.35706,20093
1773172800,1.35706,1.35855,1.3565800000000001,1.3581699999999999,18955
1773187200,1.35779,1.3585099999999999,1.35705,1.35791,5258
1773201600,1.35792,1.35807,1.35553,1.3559,7399
1773216000,1.3559,1.35733,1.35547,1.3564,11766
1773230400,1.35641,1.35931,1.35598,1.3592,15589
1773244800,1.35922,1.36049,1.35734,1.35835,21672
1773259200,1.35834,1.35953,1.35745,1.35921,12357
1773273600,1.35885,1.36045,1.35824,1.35872,6929
1773288000,1.35873,1.35929,1.3578299999999999,1.3592,9816
1773302400,1.35919,1.3594300000000001,1.35765,1.3587500000000001,11339
1773316800,1.35877,1.36043,1.35838,1.36007,11365
1773331200,1.36006,1.36338,1.35944,1.3628,23930
1773345600,1.36281,1.36425,1.36189,1.36338,13831
1773360000,1.36355,1.3646,1.36227,1.36261,4630
1773374400,1.3626,1.36471,1.3620700000000001,1.36449,7916
1773388800,1.36447,1.36718,1.3643,1.36633,10908
1773403200,1.3663699999999999,1.37032,1.36548,1.3702,15526
1773417600,1.37023,1.37414,1.36806,1.37335,24295
1773432000,1.37334,1.37388,1.37184,1.37289,14187
1773619200,1.37144,1.37256,1.37063,1.3707,6882
1773633600,1.37069,1.37167,1.37046,1.3716599999999999,7134
1773648000,1.37167,1.37228,1.36978,1.36985,9623
1773662400,1.36984,1.3704399999999999,1.3673600000000001,1.36921,11045
1773676800,1.36914,1.36916,1.3653,1.36786,16230
1773691200,1.36782,1.36869,1.36688,1.36839,11890
1773705600,1.36849,1.36905,1.36775,1.36865,2880
1773720000,1.36864,1.36899,1.36801,1.36846,6243
1773734400,1.36847,1.37013,1.36832,1.36893,9996
1773748800,1.36893,1.37097,1.36864,1.37027,9686
1773763200,1.37026,1.37221,1.36803,1.37006,17609
1773777600,1.3700700000000001,1.3701400000000001,1.36886,1.36894,7611
1773792000,1.36898,1.36964,1.36877,1.36925,5149
1773806400,1.36926,1.37015,1.36871,1.37,4952
1773820800,1.36999,1.37127,1.36951,1.36965,7500
1773835200,1.36966,1.37084,1.3688,1.37082,13323
1773849600,1.37081,1.37239,1.36877,1.3698000000000001,19497
1773864000,1.3698000000000001,1.37372,1.36918,1.37332,15980
1773878400,1.37309,1.37377,1.37187,1.37198,5007
1773892800,1.3719700000000001,1.37298,1.3714,1.37276,7361
1773907200,1.37277,1.37474,1.37214,1.37445,11829
1773921600,1.3744,1.37481,1.3726,1.37263,16172
1773936000,1.37264,1.3740299999999999,1.37055,1.37283,28623
1773950400,1.3728,1.37446,1.37046,1.3744399999999999,16629
1773964800,1.37326,1.37426,1.37294,1.37374,4575
1773979200,1.37371,1.3739,1.37249,1.3732,7321
1773993600,1.3731900000000001,1.37408,1.3712900000000001,1.3716300000000001,10209
1774008000,1.3716300000000001,1.3729,1.36994,1.37142,14919
1774022400,1.37142,1.37477,1.3704100000000001,1.37141,23483
1774036800,1.3714,1.37286,1.37039,1.37215,18685
1774224000,1.37115,1.37324,1.37048,1.37202,9084
1774238400,1.3719999999999999,1.37204,1.3700700000000001,1.37161,13257
1774252800,1.37161,1.37394,1.37149,1.3734,15717
1774267200,1.37339,1.37546,1.36838,1.36974,28732
1774281600,1.36971,1.37291,1.367,1.37242,32225
1774296000,1.37242,1.37355,1.3713199999999999,1.37291,14319
1774310400,1.37214,1.37426,1.37162,1.37422,7243
1774324800,1.37423,1.3759299999999999,1.37397,1.37565,12730
1774339200,1.3756599999999999,1.37615,1.37255,1.3747500000000001,18948
1774353600,1.3747099999999999,1.3756599999999999,1.3728500000000001,1.37438,15992
1774368000,1.37439,1.37748,1.37297,1.37725,24701
1774382400,1.37727,1.37852,1.37414,1.37644,17879
1774396800,1.37609,1.37665,1.37499,1.37561,7325
1774411200,1.37565,1.37743,1.37545,1.3773,10527
1774425600,1.37729,1.37869,1.3771499999999999,1.37866,11269
1774440000,1.37865,1.37998,1.37847,1.37859,11567
1774454400,1.37852,1.38096,1.37727,1.38091,18984
1774468800,1.38091,1.38195,1.3799299999999999,1.38119,11080
1774483200,1.38043,1.38246,1.3802699999999999,1.38228,3517
1774497600,1.38227,1.38316,1.38166,1.3820299999999999,6655
1774512000,1.38201,1.3838300000000001,1.38174,1.38316,10046
1774526400,1.38317,1.38496,1.38245,1.38352,9875
1774540800,1.38351,1.3857599999999999,1.38211,1.38431,16733
1774555200,1.38433,1.38657,1.38361,1.3862999999999999,11648
1774569600,1.38585,1.38616,1.3845,1.38587,5381
1774584000,1.38588,1.3860700000000001,1.3845100000000001,1.38517,7246
1774598400,1.38518,1.38562,1.38458,1.3851200000000001,8860
1774612800,1.38511,1.38704,1.38469,1.38684,10748
1774627200,1.38684,1.38839,1.38506,1.38802,16691
1774641600,1.38803,1.38953,1.3875899999999999,1.38913,9626
1774828800,1.38753,1.39029,1.38753,1.38871,9281
1774843200,1.38871,1.38951,1.38859,1.38933,7682
1774857600,1.38932,1.39188,1.3886,1.3918300000000001,8635
1774872000,1.39182,1.39263,1.39072,1.39256,10183
1774886400,1.3925100000000001,1.3945400000000001,1.39148,1.3924,15120
1774900800,1.39239,1.3931,1.39169,1.39277,9529
1774915200,1.39214,1.39357,1.39165,1.39219,6337
1774929600,1.39221,1.39322,1.39164,1.3931,10588
1774944000,1.39309,1.39417,1.39257,1.39399,9922
1774958400,1.39398,1.39448,1.39309,1.3939599999999999,10349
1774972800,1.39397,1.39666,1.39241,1.3934199999999999,19270
1774987200,1.39337,1.3939599999999999,1.3905699999999999,1.39138,14410
1775001600,1.39092,1.3918300000000001,1.38968,1.38987,3702
1775016000,1.38983,1.39121,1.38981,1.39092,7634
1775030400,1.3909,1.39114,1.38866,1.38901,13153
1775044800,1.38899,1.38988,1.38834,1.38952,12456
1775059200,1.38949,1.39047,1.38737,1.38747,16180
1775073600,1.38746,1.38957,1.3872,1.38771,10079
1775088000,1.3872200000000001,1.38794,1.38706,1.38723,7997
1775102400,1.38724,1.3915,1.3869099999999999,1.39115,15170
1775116800,1.39113,1.39215,1.3906,1.39206,10842
1775131200,1.39205,1.3933200000000001,1.39066,1.3918599999999999,8996
1775145600,1.3918300000000001,1.39264,1.39085,1.39137,16284
1775160000,1.39139,1.39226,1.39097,1.39191,7213
1775174400,1.39177,1.39222,1.39111,1.39207,2018
1775188800,1.39208,1.39257,1.39203,1.3925100000000001,1963
1775203200,1.3925,1.39266,1.39184,1.39198,2785
1775217600,1.39199,1.39425,1.39177,1.39398,4174
1775232000,1.39399,1.39492,1.3935,1.39419,7141
1775246400,1.3942,1.39482,1.39306,1.39336,10783
1775433600,1.39316,1.39478,1.39309,1.39442,5021
1775448000,1.39443,1.39476,1.39353,1.3938,5922
1775462400,1.39381,1.39423,1.39161,1.39221,6530
1775476800,1.3921999999999999,1.39289,1.39093,1.39113,8124
1775491200,1.39114,1.39238,1.39022,1.3917,13808
1775505600,1.39169,1.39236,1.39097,1.39105,8868
1775520000,1.39089,1.39188,1.3902,1.39187,4677
1775534400,1.3918599999999999,1.39298,1.39153,1.39175,7818
1775548800,1.39175,1.39266,1.39092,1.39105,9642
1775563200,1.39106,1.39288,1.3906399999999999,1.39145,9859
1775577600,1.39143,1.39252,1.38907,1.39017,14276
1775592000,1.39018,1.3905699999999999,1.38867,1.38873,9765
1775606400,1.3887800000000001,1.39013,1.38343,1.38493,16530
1775620800,1.38492,1.38502,1.3832200000000001,1.38341,11053
1775635200,1.38342,1.3866100000000001,1.3823699999999999,1.38659,13177
1775649600,1.3866,1.38745,1.38351,1.38413,12049
1775664000,1.38413,1.3869099999999999,1.38394,1.38422,16826
1775678400,1.38422,1.38608,1.38352,1.38446,11641
1775692800,1.38384,1.38555,1.38377,1.38532,4327
1775707200,1.38533,1.38592,1.38449,1.38493,6675
1775721600,1.38494,1.38604,1.38453,1.38493,8181
1775736000,1.38494,1.38572,1.38305,1.38346,7944
1775750400,1.38349,1.38349,1.3804400000000001,1.38171,14417
1775764800,1.3817,1.38245,1.38092,1.38172,7389
1775779200,1.38137,1.38266,1.381,1.38243,3116
1775793600,1.38242,1.38274,1.38182,1.3825,4165
1775808000,1.38249,1.38439,1.38235,1.38371,5235
1775822400,1.3837,1.38414,1.38095,1.38201,8700
1775836800,1.38206,1.3838599999999999,1.3799000000000001,1.38338,12582
1775851200,1.3834,1.38426,1.38216,1.38401,7012
1776038400,1.38582,1.38776,1.38521,1.38626,6341
1776052800,1.38625,1.38673,1.38577,1.38593,6901
1776067200,1.38592,1.38636,1.3841999999999999,1.3842400000000001,8151
1776081600,1.38422,1.38519,1.38345,1.38421,8434
1776096000,1.38422,1.38426,1.37969,1.37975,14787
1776110400,1.37975,1.37994,1.37859,1.37904,7245
1776124800,1.37913,1.37913,1.37845,1.37857,3181
1776139200,1.37858,1.37899,1.37815,1.37829,4693
1776153600,1.3783,1.37885,1.37614,1.37631,7999
1776168000,1.37632,1.37666,1.37369,1.37371,9259
1776182400,1.37381,1.37632,1.37308,1.37615,12024
1776196800,1.37616,1.37781,1.37567,1.37662,6359
1776211200,1.3767,1.37704,1.37594,1.37674,4155
1776225600,1.37673,1.3782,1.37647,1.37751,5189
1776240000,1.37752,1.37763,1.3761,1.3766,7097
1776254400,1.37661,1.37884,1.3765,1.37743,10354
1776268800,1.37744,1.3776,1.37334,1.3734,13976
1776283200,1.37341,1.3742,1.37265,1.3740299999999999,7709
1776297600,1.3732199999999999,1.37394,1.37267,1.37282,3163
1776312000,1.37283,1.3734199999999999,1.3713,1.37185,7250
1776326400,1.37186,1.37344,1.37142,1.37284,10018
1776340800,1.37283,1.37381,1.37202,1.3723,10498
1776355200,1.37229,1.37249,1.3701699999999999,1.37028,15722
1776369600,1.37027,1.37087,1.36952,1.37031,8368
1776384000,1.37023,1.37062,1.36979,1.3700700000000001,2864
1776398400,1.37005,1.37036,1.36874,1.36877,4185
1776412800,1.36876,1.3688799999999999,1.36699,1.36725,7172
1776427200,1.36724,1.36836,1.36602,1.36609,10298
1776441600,1.36608,1.36761,1.36494,1.36677,21163
1776456000,1.3667799999999999,1.36947,1.36677,1.3686,12879
1776643200,1.36749,1.37096,1.36749,1.3695,5973
1776657600,1.3694899999999999,1.37024,1.36925,1.36947,6711
1776672000,1.36947,1.37029,1.36872,1.36931,9144
1776686400,1.3693,1.37005,1.36828,1.3692,8525
1776700800,1.36917,1.36985,1.36396,1.36449,16223
1776715200,1.36448,1.36508,1.3635,1.3645,7386
1776729600,1.36428,1.36498,1.36382,1.36432,3922
1776744000,1.3643100000000001,1.36511,1.36409,1.36481,5284
1776758400,1.3648,1.3663699999999999,1.3643100000000001,1.3657599999999999,9164
1776772800,1.36577,1.36622,1.3651,1.36511,9266
1776787200,1.3651200000000001,1.3659,1.3631,1.36588,15336
1776801600,1.36589,1.36767,1.36494,1.3660700000000001,18402
1776816000,1.36623,1.36639,1.36542,1.36561,4245
1776830400,1.3656,1.36635,1.36558,1.36564,6067
1776844800,1.36563,1.36608,1.36433,1.36468,9132
1776859200,1.36469,1.36721,1.36447,1.3667799999999999,9319
1776873600,1.36677,1.36694,1.36462,1.36573,14757
1776888000,1.36575,1.36745,1.36543,1.36721,8573
1776902400,1.36693,1.36792,1.3664100000000001,1.36656,6091
1776916800,1.36655,1.36769,1.36649,1.36711,10774
1776931200,1.36712,1.36742,1.36602,1.3663699999999999,8997
1776945600,1.36638,1.36844,1.36623,1.36799,10754
1776960000,1.36798,1.3695300000000001,1.36672,1.36934,14240
1776974400,1.36933,1.37141,1.36891,1.36987,16640
1776988800,1.3701699999999999,1.3704,1.369,1.36981,4282
1777003200,1.3698000000000001,1.37143,1.36965,1.37097,8934
1777017600,1.3709799999999999,1.3713600000000001,1.36868,1.3689200000000001,10004
1777032000,1.36891,1.36918,1.36782,1.36811,11355
1777046400,1.3681,1.36993,1.36725,1.36737,14755
1777060800,1.36737,1.36743,1.36628,1.36638,8359
1777248000,1.3667099999999999,1.36812,1.3664399999999999,1.3669799999999999,4767
1777262400,1.36696,1.36696,1.36608,1.3664100000000001,6798
1777276800,1.3664,1.36672,1.36107,1.36169,8529
1777291200,1.36168,1.36176,1.3597299999999999,1.36025,9542
1777305600,1.36026,1.3622,1.35986,1.36172,12090
1777320000,1.36173,1.36358,1.3614899999999999,1.3624100000000001,6757
1777334400,1.36257,1.36273,1.3612600000000001,1.3625,3487
1777348800,1.36253,1.36406,1.36243,1.3633199999999999,7548
1777363200,1.3633199999999999,1.36484,1.3630200000000001,1.36469,11798
1777377600,1.36468,1.36795,1.3645,1.36746,13349
1777392000,1.36745,1.36916,1.3663699999999999,1.36812,15822
1777406400,1.36812,1.36874,1.3673899999999999,1.36837,8340
1777420800,1.36744,1.3683,1.36699,1.36806,2845
1777435200,1.36807,1.36894,1.36786,1.36855,7664
1777449600,1.36856,1.36921,1.36762,1.36845,9491
1777464000,1.36844,1.36931,1.36727,1.3677000000000001,9614
1777478400,1.36768,1.37106,1.36674,1.36756,18072
1777492800,1.36757,1.3691900000000001,1.36722,1.36821,16495
1777507200,1.36874,1.36875,1.3667,1.36757,6038
1777521600,1.3675899999999999,1.3688799999999999,1.3674,1.3686,11410
1777536000,1.36859,1.36887,1.3664100000000001,1.3671,13935
1777550400,1.3670900000000001,1.3676300000000001,1.3647,1.3671,20775
1777564800,1.3671,1.36713,1.3603399999999999,1.36123,21425
1777579200,1.36124,1.3615300000000001,1.35799,1.35802,11564
1777593600,1.35794,1.35855,1.3572,1.35793,4970
1777608000,1.35794,1.35868,1.3572600000000001,1.35865,7068
1777622400,1.35866,1.35879,1.35702,1.35725,11730
1777636800,1.35723,1.35805,1.355,1.35639,10879
1777651200,1.35642,1.3588,1.3554,1.35877,15980
1777665600,1.35881,1.35933,1.35839,1.35889,10577
1777852800,1.35808,1.35895,1.35747,1.35881,4477
1777867200,1.35882,1.35958,1.35838,1.35899,9831
1777881600,1.359,1.36077,1.35879,1.36014,10056
1777896000,1.36013,1.36193,1.35978,1.36168,11982
1777910400,1.36169,1.36193,1.36011,1.36158,17147
1777924800,1.36157,1.3626,1.36036,1.36205,8988
1777939200,1.36193,1.3627099999999999,1.36165,1.36261,3729
1777953600,1.36263,1.36282,1.36189,1.3628,6303
1777968000,1.36282,1.36299,1.36117,1.3617,10478
1777982400,1.36173,1.3627099999999999,1.3604,1.36225,10578
1777996800,1.36225,1.36225,1.36067,1.36199,12368
1778011200,1.36198,1.36263,1.3616,1.3618000000000001,5959
1778025600,1.36116,1.36216,1.35962,1.35972,7722
1778040000,1.3597299999999999,1.3603399999999999,1.3583,1.3587,10291
1778054400,1.35869,1.35994,1.35778,1.35849,12893
1778068800,1.35853,1.36136,1.35829,1.36108,15198
1778083200,1.36109,1.36357,1.36069,1.36344,15944
1778097600,1.36346,1.36412,1.36286,1.36331,7850
1778112000,1.3621699999999999,1.36418,1.3621699999999999,1.36382,4517
1778126400,1.36381,1.36415,1.36277,1.36352,7235
1778140800,1.36354,1.36435,1.36232,1.36258,10012
1778155200,1.36259,1.36354,1.36201,1.36343,9856
1778169600,1.36346,1.3645,1.36284,1.36313,14397
1778184000,1.3631199999999999,1.3659,1.36265,1.3658299999999999,12649
1778198400,1.36597,1.36649,1.36539,1.36598,5119
1778212800,1.36597,1.3664,1.36545,1.36558,8721
1778227200,1.36559,1.36592,1.365,1.36511,8433
1778241600,1.36509,1.3693,1.36425,1.36904,11193
1778256000,1.36909,1.37101,1.36769,1.36893,14363
1778270400,1.36894,1.36898,1.36701,1.36731,6554
1778457600,1.36782,1.36917,1.36762,1.36833,5199
1778472000,1.3683100000000001,1.36948,1.36821,1.36939,9327
1778486400,1.3694,1.36941,1.36665,1.3669,9117
1778500800,1.36691,1.36823,1.3660700000000001,1.3667099999999999,9842
1778515200,1.3667,1.367,1.36482,1.36638,12759
1778529600,1.36639,1.36817,1.36623,1.36776,6619
1778544000,1.36744,1.3688500000000001,1.3670200000000001,1.36881,3608
1778558400,1.3688,1.36942,1.36868,1.36925,8505
1778572800,1.36926,1.37097,1.36836,1.37046,13842
1778587200,1.37046,1.37124,1.36984,1.37013,12521
1778601600,1.37012,1.37243,1.36984,1.37131,18734
1778616000,1.37135,1.3715600000000001,1.36934,1.3695300000000001,8300
1778630400,1.36926,1.36995,1.36923,1.3694600000000001,4319
1778644800,1.36945,1.36978,1.3684,1.36947,8404
1778659200,1.36947,1.37107,1.36935,1.36996,10388
1778673600,1.36997,1.37086,1.36896,1.3696,12142
1778688000,1.36958,1.37118,1.36923,1.37053,15339
1778702400,1.37056,1.37186,1.37023,1.3704,8624
1778716800,1.37064,1.37077,1.3701400000000001,1.37056,4116
1778731200,1.37057,1.37092,1.37021,1.37047,7679
1778745600,1.37046,1.3715899999999999,1.37013,1.37053,10668
1778760000,1.37054,1.37274,1.3704100000000001,1.37247,9815
1778774400,1.37248,1.37377,1.37134,1.37222,16329
1778788800,1.3721999999999999,1.37302,1.37172,1.37177,9023
1778803200,1.37185,1.37371,1.3715,1.37354,4498
1778817600,1.37355,1.37467,1.37352,1.37462,10958
1778832000,1.37461,1.37571,1.3739,1.37481,15231
1778846400,1.37479,1.37596,1.37345,1.3753600000000001,14907
1778860800,1.37535,1.3767,1.37331,1.37347,20053
1778875200,1.3734899999999999,1.37586,1.37308,1.37518,10563
1779062400,1.37425,1.37635,1.37417,1.37605,7264
1779076800,1.37606,1.3763,1.37499,1.37535,12497
1779091200,1.37534,1.37561,1.37332,1.37369,11868
1779105600,1.3737,1.3753600000000001,1.37321,1.37391,12455
1779120000,1.37392,1.37515,1.37343,1.37412,16903
1779134400,1.37413,1.37504,1.37356,1.37395,11098
1779148800,1.37364,1.37482,1.37356,1.37478,4869
1779163200,1.3748,1.3753199999999999,1.37435,1.37523,11578
1779177600,1.37522,1.37605,1.3743,1.376,12785
1779192000,1.37601,1.3773900000000001,1.3742,1.37649,12546
1779206400,1.3765100000000001,1.3771900000000001,1.37467,1.37491,18305
1779220800,1.3749,1.3753199999999999,1.37432,1.3745,9086
1779235200,1.37431,1.37582,1.37421,1.37577,5683
1779249600,1.37581,1.37608,1.37516,1.37594,15308
1779264000,1.3759299999999999,1.37725,1.37558,1.37724,12422
1779278400,1.37724,1.37785,1.37527,1.3761700000000001,9649
1779292800,1.3761999999999999,1.3776,1.37309,1.37476,20792
1779307200,1.37474,1.37553,1.37402,1.37429,10430
1779321600,1.3743,1.37514,1.37359,1.37493,3771
1779336000,1.37492,1.37662,1.37456,1.37628,10142
1779350400,1.3762699999999999,1.37766,1.37594,1.37677,13483
1779364800,1.37676,1.37751,1.37605,1.3775,12837
1779379200,1.37753,1.38,1.37733,1.37856,17144
1779393600,1.37854,1.37881,1.37673,1.37787,14702
1779408000,1.3772199999999999,1.37878,1.37706,1.3783400000000001,3861
1779422400,1.3784,1.37924,1.37831,1.37889,7662
1779436800,1.3789,1.37953,1.37835,1.37847,10032
1779451200,1.37848,1.38069,1.37839,1.38035,9747
1779465600,1.38036,1.38223,1.37909,1.38082,14711
1779480000,1.3808,1.38238,1.38041,1.38208,7909
1779667200,1.38014,1.3811499999999999,1.37982,1.38034,5106
1779681600,1.38035,1.38106,1.3795600000000001,1.3806,5728
1779696000,1.3806,1.38204,1.38037,1.38126,7953
1779710400,1.38124,1.3818,1.38046,1.38067,5595
1779724800,1.3807,1.38105,1.37948,1.38029,7538
1779739200,1.38028,1.3805100000000001,1.37988,1.38015,2091
1779753600,1.38006,1.38087,1.37962,1.38035,4067
1779768000,1.38036,1.3811,1.3802400000000001,1.3811,8120
1779782400,1.38111,1.3815,1.37988,1.3803,11065
1779796800,1.38029,1.38211,1.37992,1.38179,9838
1779811200,1.38179,1.38187,1.37997,1.38121,16153
1779825600,1.38122,1.38196,1.38083,1.38134,7844
1779840000,1.38082,1.38128,1.38035,1.38073,4349
1779854400,1.38073,1.3814600000000001,1.38064,1.38091,8817
1779868800,1.38092,1.38293,1.3808099999999999,1.38282,10380
1779883200,1.38283,1.38396,1.38202,1.38279,11370
1779897600,1.3828,1.3852,1.38229,1.38262,17478
1779912000,1.38263,1.38406,1.38262,1.38391,8689
1779926400,1.38366,1.38495,1.38338,1.38476,5150
1779940800,1.38474,1.38696,1.38469,1.38614,9571
1779955200,1.38615,1.38648,1.38453,1.38601,12158
1779969600,1.3860000000000001,1.38699,1.384,1.38437,13062
1779984000,1.38431,1.38519,1.37892,1.37915,20323
1779998400,1.37914,1.37921,1.37738,1.37815,9472
1780012800,1.37756,1.37855,1.37743,1.3784100000000001,4846
1780027200,1.37842,1.37916,1.37781,1.37891,8314
1780041600,1.3789,1.38075,1.37845,1.38056,11059
1780056000,1.38055,1.38294,1.37995,1.3818,12135
1780070400,1.38179,1.38208,1.37702,1.37991,21951
1780084800,1.37989,1.3801,1.37846,1.37945,11194
1780272000,1.37919,1.38065,1.3787,1.3804400000000001,7636
1780286400,1.38045,1.38136,1.38042,1.3808099999999999,10690
1780300800,1.3808,1.38199,1.38016,1.3815,10579
1780315200,1.3815,1.38382,1.38119,1.3826100000000001,11575
1780329600,1.38263,1.38493,1.38263,1.38283,20385
1780344000,1.38282,1.38429,1.38274,1.38407,7818
1780358400,1.38411,1.3845399999999999,1.38308,1.3844699999999999,3638
1780372800,1.38446,1.3848099999999999,1.3842400000000001,1.3844400000000001,6783
1780387200,1.38443,1.38483,1.38354,1.38475,9943
1780401600,1.38474,1.38541,1.38357,1.3837,10048
1780416000,1.38369,1.38435,1.3814899999999999,1.3832900000000001,16041
1780430400,1.3833,1.38405,1.38292,1.3839000000000001,7226
1780444800,1.38351,1.38468,1.38284,1.38406,3978
1780459200,1.38405,1.38503,1.3836300000000001,1.3848500000000001,6871
1780473600,1.38484,1.38593,1.38461,1.38572,12331
1780488000,1.38572,1.38697,1.38471,1.38674,11850
1780502400,1.38673,1.38982,1.38631,1.3894199999999999,18917
1780516800,1.3894,1.38993,1.38893,1.38952,7650
1780531200,1.3893499999999999,1.38997,1.3887399999999999,1.3893900000000001,5312
1780545600,1.3894199999999999,1.39044,1.38929,1.39033,8372
1780560000,1.3903400000000001,1.3925100000000001,1.39015,1.39165,11866
1780574400,1.39166,1.39167,1.38872,1.3890799999999999,14469
1780588800,1.38909,1.39047,1.38809,1.38965,16879
1780603200,1.3896600000000001,1.39114,1.38951,1.3908800000000001,8190
1780617600,1.38923,1.39097,1.3891,1.39065,4485
1780632000,1.39066,1.3912200000000001,1.39004,1.39036,7015
1780646400,1.39035,1.39089,1.38826,1.38887,10364
1780660800,1.38888,1.38954,1.38658,1.38945,13780
1780675200,1.38946,1.39441,1.3888,1.39362,22378
1780689600,1.39361,1.39504,1.3935,1.39407,11847
1780876800,1.39302,1.39521,1.39276,1.39384,6996
1780891200,1.39382,1.3952200000000001,1.39379,1.39433,11040
1780905600,1.39432,1.39523,1.39359,1.39511,15792
1780920000,1.39512,1.39536,1.39261,1.39313,14737
1780934400,1.39311,1.39538,1.39267,1.39536,19008
1780948800,1.39535,1.3961000000000001,1.39456,1.39533,10711
1780963200,1.39477,1.39592,1.39362,1.39526,7251
1780977600,1.39524,1.3955899999999999,1.39423,1.39442,9894
1780992000,1.39443,1.39474,1.39301,1.39378,12830
1781006400,1.39377,1.39386,1.39189,1.39214,10446
1781020800,1.39215,1.39691,1.39202,1.39608,23917
1781035200,1.39607,1.39623,1.39453,1.395,14912
1781049600,1.39465,1.39571,1.39429,1.39485,6013
1781064000,1.39484,1.39543,1.39449,1.39477,10044
1781078400,1.39478,1.39492,1.39294,1.3932,12769
1781092800,1.39321,1.39368,1.39209,1.39364,14690
1781107200,1.39363,1.39383,1.38992,1.39311,24853
1781121600,1.39311,1.39501,1.39253,1.39438,14037
1781136000,1.3939300000000001,1.39502,1.39391,1.3940299999999999,8313
1781150400,1.39401,1.39406,1.3931499999999999,1.39382,10222
1781164800,1.39381,1.39765,1.39352,1.39763,11058
1781179200,1.39764,1.3989500000000001,1.39733,1.3985400000000001,14315
1781193600,1.39851,1.40239,1.39845,1.40061,21288
1781208000,1.40064,1.40155,1.39533,1.3967,21302
1781222400,1.39607,1.39781,1.39512,1.3977,6969
1781236800,1.3976899999999999,1.39801,1.39709,1.39736,12950
1781251200,1.39737,1.39959,1.3972,1.39836,17451
1781265600,1.39837,1.39937,1.39749,1.39829,16498
1781280000,1.3982999999999999,1.39877,1.3959,1.39723,24326
1781294400,1.39722,1.39896,1.39696,1.39883,10518
1781481600,1.39841,1.39848,1.39546,1.39706,8507
1781496000,1.39707,1.39765,1.39607,1.3961000000000001,9268
1781510400,1.39609,1.39808,1.39504,1.39743,12944
1781524800,1.3974199999999999,1.39838,1.39666,1.3973200000000001,10971
1781539200,1.3973,1.3992499999999999,1.3970099999999999,1.39813,13933
1781553600,1.39812,1.39939,1.3980299999999999,1.39906,8896
1781568000,1.39791,1.3995600000000001,1.39791,1.39913,3900
1781582400,1.39914,1.40165,1.3989500000000001,1.40115,9559
1781596800,1.40114,1.40183,1.4001700000000001,1.40029,10961
1781611200,1.4003,1.40155,1.3992,1.40124,9996
1781625600,1.40125,1.40157,1.3980000000000001,1.39855,14445
1781640000,1.39856,1.40025,1.39838,1.3994900000000001,7004
1781654400,1.3989500000000001,1.39984,1.3988399999999999,1.39929,5433
1781668800,1.39928,1.4001700000000001,1.3992499999999999,1.39971,5596
1781683200,1.39972,1.40075,1.3995600000000001,1.39994,8537
1781697600,1.39994,1.40168,1.39954,1.40118,8485
1781712000,1.40121,1.40366,1.4004400000000001,1.40308,12611
1781726400,1.40309,1.41228,1.40245,1.41022,24861
1781740800,1.40968,1.41037,1.40923,1.40971,6478
1781755200,1.40972,1.41093,1.40949,1.41015,8832
1781769600,1.41016,1.41222,1.40981,1.41214,11145
1781784000,1.4121299999999999,1.4134,1.41103,1.41171,15873
1781798400,1.41173,1.41465,1.41114,1.4137,19571
1781812800,1.41368,1.41444,1.41287,1.41358,10647
1781827200,1.41247,1.41424,1.41243,1.41385,3769
1781841600,1.41384,1.4158,1.4138,1.41573,7232
1781856000,1.41574,1.41594,1.41347,1.41347,12091
1781870400,1.41347,1.41567,1.41345,1.41531,9937
1781884800,1.4153,1.4183,1.41528,1.41766,8542
1781899200,1.41765,1.41779,1.41652,1.41663,6766
1782086400,1.41596,1.4178600000000001,1.41564,1.4172,4130
1782100800,1.41714,1.4190800000000001,1.4167100000000001,1.4188399999999999,8730
1782115200,1.41882,1.41933,1.41719,1.41794,12906
1782129600,1.41792,1.41794,1.41439,1.41559,11886
1782144000,1.4156,1.41779,1.41475,1.41642,19024
1782158400,1.41643,1.41681,1.41538,1.4160300000000001,7159
1782172800,1.41581,1.41647,1.4149,1.4159,5007
1782187200,1.41587,1.41749,1.41575,1.41739,9650
1782201600,1.4174,1.41861,1.41675,1.41817,13265
1782216000,1.4181599999999999,1.41916,1.41773,1.4187,11809
1782230400,1.41871,1.42078,1.41689,1.42077,17381
1782244800,1.42079,1.4217,1.42056,1.42077,8844
1782259200,1.42014,1.42156,1.42014,1.42107,4519
1782273600,1.42106,1.4224,1.42059,1.42147,8891
1782288000,1.42148,1.42386,1.42116,1.42285,10915
1782302400,1.42285,1.4245,1.42212,1.4239899999999999,12806
1782316800,1.424,1.42479,1.4215200000000001,1.4218600000000001,18303
1782331200,1.42188,1.42412,1.42176,1.42328,10766
1782345600,1.42197,1.4243299999999999,1.42197,1.42365,3959
1782360000,1.42364,1.4237199999999999,1.42273,1.42303,8661
1782374400,1.42302,1.4243000000000001,1.42225,1.4228399999999999,10424
1782388800,1.42283,1.4248,1.4221300000000001,1.42361,11748
1782403200,1.42362,1.42383,1.41774,1.419,22124
1782417600,1.41902,1.42025,1.41879,1.41989,10910
1782432000,1.4198,1.42027,1.41888,1.4197600000000001,5842
1782446400,1.41977,1.42095,1.41903,1.41914,11523
1782460800,1.4191500000000001,1.42008,1.41812,1.41861,12748
1782475200,1.41862,1.41906,1.41741,1.41776,12919
1782489600,1.41771,1.42004,1.4169,1.41922,19552
1782504000,1.41921,1.41957,1.41778,1.41925,8748
1782691200,1.41849,1.41983,1.41819,1.41919,4515
1782705600,1.41919,1.4197199999999999,1.4181599999999999,1.41923,8661
1782720000,1.41922,1.41992,1.4175,1.4196900000000001,9740
1782734400,1.41968,1.4209800000000001,1.4188399999999999,1.42045,10209
1782748800,1.42042,1.42177,1.41958,1.42023,15810
1782763200,1.42022,1.42115,1.41959,1.42114,6894
1782777600,1.42076,1.4223,1.4199899999999999,1.42165,5148
1782792000,1.42166,1.42366,1.4214,1.42366,7646
1782806400,1.42367,1.42395,1.42236,1.42328,11167
1782820800,1.42329,1.42475,1.42237,1.4227699999999999,10328
1782835200,1.42278,1.4228,1.41833,1.42077,16958
1782849600,1.42075,1.42124,1.4178,1.41966,9108
1782864000,1.41952,1.42147,1.41903,1.4213,2987
1782878400,1.42131,1.42217,1.42114,1.42143,8142
1782892800,1.42142,1.42248,1.4209,1.42219,8977
1782907200,1.42219,1.42344,1.42131,1.42319,9536
1782921600,1.42318,1.4235,1.41917,1.42088,21531
1782936000,1.42089,1.42184,1.42062,1.4215200000000001,6808
1782950400,1.42103,1.42242,1.42019,1.42185,2945
1782964800,1.4218600000000001,1.42206,1.42079,1.42143,7144
1782979200,1.42142,1.42185,1.41858,1.41902,13993
1782993600,1.41905,1.4218899999999999,1.41501,1.41753,17277
1783008000,1.4175200000000001,1.41902,1.41616,1.41791,23823
1783022400,1.41792,1.41869,1.4175,1.41819,9474
1783036800,1.4181599999999999,1.41974,1.41754,1.41853,4110
1783051200,1.41852,1.4188399999999999,1.41639,1.41654,8752
1783065600,1.41654,1.4181599999999999,1.41594,1.41801,10952
1783080000,1.41803,1.42045,1.4178899999999999,1.42021,8669
1783094400,1.42022,1.42066,1.41917,1.4202,8262
1783108800,1.42017,1.42069,1.41962,1.42023,17398
1783296000,1.41871,1.42115,1.41865,1.42053,4761
1783310400,1.42054,1.42134,1.4203299999999999,1.42076,8443
1783324800,1.42077,1.42283,1.42052,1.42278,10399
1783339200,1.42278,1.42386,1.42126,1.42351,10626
1783353600,1.4235,1.4236900000000001,1.42107,1.42163,13144
1783368000,1.42165,1.4218,1.42034,1.42059,7212
1783382400,1.41957,1.42134,1.41957,1.42132,3559
1783396800,1.42133,1.42187,1.42083,1.42178,7265
1783411200,1.42177,1.42219,1.4209,1.42133,9749
1783425600,1.42134,1.42229,1.42028,1.4219300000000001,9377
1783440000,1.42194,1.42262,1.41878,1.41921,14764
1783454400,1.41922,1.42062,1.41835,1.42005,9702
1783468800,1.41916,1.42081,1.41883,1.42017,5076
1783483200,1.42019,1.42087,1.4191500000000001,1.41927,10015
1783497600,1.41927,1.41931,1.41584,1.41638,15737
1783512000,1.41639,1.41901,1.4154900000000001,1.4187,16246
1783526400,1.41868,1.41961,1.41642,1.4174,20491
1783540800,1.41733,1.4178,1.41611,1.41733,10711
1783555200,1.41587,1.41756,1.41587,1.41635,3301
1783569600,1.41636,1.41685,1.41616,1.41639,7611
1783584000,1.41638,1.41882,1.41527,1.41882,11066
1783598400,1.4188100000000001,1.41896,1.41627,1.41766,11674
1783612800,1.41767,1.41821,1.41585,1.41646,14702
1783627200,1.41648,1.4173,1.41601,1.4167399999999999,6434
1783641600,1.41651,1.4172500000000001,1.416,1.4161000000000001,3395
1783656000,1.41611,1.41628,1.41358,1.41558,9143
1783670400,1.41556,1.4169100000000001,1.41533,1.41687,11144
1783684800,1.41687,1.41715,1.41401,1.41446,12015
1783699200,1.41446,1.41695,1.41174,1.41241,18749
1783713600,1.41243,1.41597,1.41226,1.4155,8186
1783900800,1.41495,1.41714,1.41494,1.41692,5249
1783915200,1.4169100000000001,1.41746,1.41532,1.41539,10826
1783929600,1.4154,1.41649,1.41323,1.4135499999999999,14851
1783944000,1.41354,1.41434,1.41249,1.41343,14000
1783958400,1.41344,1.41551,1.4131,1.41487,19555
1783972800,1.41486,1.41601,1.4145400000000001,1.41575,9341
1783987200,1.4145400000000001,1.41553,1.41446,1.41477,5917
1784001600,1.41479,1.41486,1.41285,1.41319,10448
1784016000,1.41319,1.41353,1.40902,1.40924,12556
1784030400,1.40923,1.41158,1.40544,1.40735,18515
1784044800,1.40736,1.40747,1.40476,1.40598,25335
1784059200,1.40597,1.4074499999999999,1.40577,1.4059,10287
1784073600,1.40604,1.40652,1.4046699999999999,1.4047,3784
1784088000,1.4047100000000001,1.405,1.40393,1.40492,8141
1784102400,1.4049,1.4058899999999999,1.40433,1.4055,10833
1784116800,1.40549,1.40772,1.40523,1.40536,12112
1784131200,1.40533,1.40678,1.40456,1.40487,15462
1784145600,1.40488,1.40492,1.40247,1.40381,9019
1784160000,1.40299,1.4043999999999999,1.40283,1.40387,4505
1784174400,1.40388,1.40537,1.40374,1.40469,5840
1784188800,1.40468,1.40514,1.4040300000000001,1.40418,7891
1784203200,1.40418,1.40479,1.40197,1.40286,9525
1784217600,1.40287,1.40512,1.40104,1.40504,13558
1784232000,1.40504,1.40581,1.40409,1.40412,6328
1784246400,1.40424,1.40426,1.40335,1.4034200000000001,2955
1784260800,1.40343,1.40411,1.40294,1.40372,7390
1784275200,1.40373,1.404,1.40259,1.40311,9593
1784289600,1.40311,1.40399,1.40199,1.40253,9504
1784304000,1.40252,1.4026399999999999,1.40055,1.40097,14034
1784318400,1.4009800000000001,1.40213,1.40083,1.40176,6082
1784505600,1.40066,1.40233,1.40056,1.40124,4025
1784520000,1.40126,1.40131,1.40039,1.40051,5099
1784534400,1.40051,1.40259,1.40031,1.40225,6033
1784548800,1.40226,1.4052,1.40187,1.40453,8437
1784563200,1.40454,1.4066100000000001,1.40393,1.40571,10217
1784577600,1.4056899999999999,1.40719,1.4053200000000001,1.40692,5575
1784592000,1.40762,1.40852,1.40693,1.40743,3975
1784606400,1.4074200000000001,1.4081000000000001,1.40714,1.40716,5761
1784620800,1.40709,1.4077600000000001,1.40579,1.4066,6829
1784635200,1.4066100000000001,1.4081299999999999,1.40541,1.40757,8885
1784649600,1.4075199999999999,1.41045,1.40744,1.40979,11852
1784664000,1.40978,1.41107,1.4095,1.41065,4854
1784678400,1.41067,1.41113,1.41011,1.41048,3293
1784692800,1.4104700000000001,1.4108,1.4099,1.4104999999999999,5311
1784707200,1.41049,1.41063,1.40823,1.4094,7176
1784721600,1.40938,1.4104999999999999,1.40809,1.40913,8705
1784736000,1.40915,1.40947,1.40764,1.4093200000000001,10780
1784750400,1.40933,1.40948,1.40805,1.40862,4130
1784764800,1.40805,1.40895,1.40782,1.40795,3428
1784779200,1.40794,1.40794,1.4061,1.40648,6658
1784793600,1.40647,1.4077600000000001,1.40565,1.40759,9253
1784808000,1.40761,1.40911,1.40711,1.40827,11734
1784822400,1.40828,1.4099599999999999,1.40697,1.40769,19643
1784836800,1.40769,1.40893,1.40753,1.40843,7854
1784851200,1.40811,1.4086699999999999,1.40708,1.40708,5079
1784865600,1.40702,1.40838,1.40679,1.40818,10868
1784880000,1.40819,1.40845,1.40662,1.40788,12335
1784894400,1.40788,1.41064,1.40728,1.41062,10755
1784908800,1.41063,1.41148,1.40743,1.40849,15110
1784923200,1.40849,1.41036,1.40849,1.40946,6933
1785110400,1.4085,1.40914,1.40733,1.4081299999999999,6150
1785124800,1.4081299999999999,1.40868,1.40703,1.40836,8116
1785139200,1.40834,1.41024,1.40808,1.40988,10512
1785153600,1.40987,1.41089,1.40976,1.41085,9307
1785168000,1.4108399999999999,1.41182,1.4099300000000001,1.41122,15879
1785182400,1.41123,1.4126400000000001,1.41123,1.41243,6826
1785196800,1.41195,1.41287,1.41167,1.4117,3415
1785211200,1.41167,1.41226,1.4111,1.4119,7559
1785225600,1.41187,1.41268,1.41099,1.4111099999999999,10746
1785240000,1.4111,1.41177,1.41041,1.41134,9482
1785254400,1.41133,1.41133,1.4086,1.40884,13933
1785268800,1.40883,1.41113,1.4088,1.41067,6500
1785283200,1.41032,1.41096,1.40957,1.41009,4288
1785297600,1.4101,1.41055,1.4088,1.4090500000000001,9929
1785312000,1.4090500000000001,1.41005,1.40845,1.40982,10799
1785326400,1.40981,1.41063,1.4090799999999999,1.4092799999999999,11402
1785340800,1.40926,1.41008,1.40773,1.40953,12265
1785355200,1.40952,1.40978,1.40233,1.40475,22040
1785369600,1.40426,1.4047399999999999,1.40308,1.40436,5673
1785384000,1.40435,1.4055900000000001,1.40396,1.40553,7652
1785398400,1.40552,1.40678,1.40485,1.40578,11240
1785412800,1.40577,1.40581,1.40367,1.40555,14206
1785427200,1.40555,1.40588,1.39951,1.39951,25730
1785441600,1.3994900000000001,1.4010500000000001,1.39907,1.40093,10077
1785456000,1.40113,1.40148,1.40023,1.40147,5424
1785470400,1.40145,1.40235,1.40092,1.40195,9445
1785484800,1.40195,1.4022700000000001,1.40073,1.40094,13864
1785499200,1.40097,1.40497,1.40035,1.40363,12709
1785513600,1.40364,1.40586,1.40157,1.40299,23440
1785528000,1.40298,1.40308,1.40096,1.4010500000000001,13232
1785715200,1.40041,1.40215,1.40029,1.40212,8806
1785729600,1.40213,1.40353,1.40195,1.40332,8794
1785744000,1.40332,1.40445,1.40273,1.40415,10340
1785758400,1.40416,1.40455,1.40271,1.40392,11394
1785772800,1.4039,1.40494,1.40338,1.40433,14759
1785787200,1.40434,1.40534,1.4042,1.40456,6494
1785801600,1.40441,1.4048,1.40385,1.40433,5084
1785816000,1.4043700000000001,1.40479,1.40395,1.4044400000000001,9791
1785830400,1.4044400000000001,1.40653,1.4039,1.40391,11348
1785844800,1.4039,1.40644,1.4035,1.40631,12040
1785859200,1.40634,1.40802,1.40516,1.40763,15033
1785873600,1.40764,1.40785,1.40614,1.40628,7672
1785888000,1.40622,1.40686,1.4059300000000001,1.40674,4423
1785902400,1.40673,1.40756,1.40638,1.40731,8972
1785916800,1.4073,1.408,1.4065400000000001,1.40689,10338
1785931200,1.4069,1.407,1.40407,1.40513,12350
1785945600,1.40512,1.4055900000000001,1.40144,1.40263,16089
1785960000,1.40256,1.40285,1.40049,1.40104,6303
1785974400,1.40103,1.40131,1.4006,1.4007800000000001,3873
1785988800,1.40077,1.40158,1.40024,1.4014199999999999,6581
1786003200,1.40141,1.40178,1.40064,1.4010099999999999,8290
1786017600,1.40102,1.40121,1.39905,1.40068,7505
1786032000,1.40066,1.40378,1.40053,1.40221,12647
1786046400,1.40221,1.40234,1.40115,1.40124,5192
1786060800,1.40116,1.4019599999999999,1.40073,1.40186,3140
1786075200,1.40185,1.40212,1.40127,1.40192,6576
1786089600,1.40191,1.4029,1.40186,1.40228,7317
1786104000,1.4022700000000001,1.40234,1.3942700000000001,1.39479,13140
1786118400,1.3948,1.39584,1.39254,1.39349,16876
1786132800,1.3935,1.39531,1.39314,1.39438,7319
1786320000,1.39431,1.39533,1.39404,1.39496,4010
1786334400,1.3949500000000001,1.39639,1.3949500000000001,1.39606,7219
1786348800,1.39605,1.39628,1.3933200000000001,1.3940299999999999,9238
1786363200,1.39404,1.3951,1.3937300000000001,1.39482,9097
1786377600,1.39482,1.39573,1.39265,1.39338,11033
1786392000,1.39337,1.39468,1.39327,1.39401,5724
1786406400,1.3937,1.39408,1.39295,1.39324,3530
1786420800,1.39325,1.39377,1.3929,1.39306,8037
1786435200,1.39307,1.3946,1.3927800000000001,1.3934,9699
1786449600,1.3933900000000001,1.39415,1.39291,1.3933900000000001,10182
1786464000,1.39338,1.3939,1.39164,1.39166,10641
1786478400,1.39162,1.39264,1.3915199999999999,1.3925,5781
1786492800,1.3921700000000001,1.39245,1.3918300000000001,1.39228,2877
1786507200,1.39227,1.39314,1.39225,1.39304,5129
1786521600,1.39304,1.39343,1.3928099999999999,1.39309,7602
1786536000,1.3931,1.39379,1.39112,1.39116,11400
1786550400,1.39113,1.39418,1.39081,1.39412,12281
1786564800,1.39411,1.39468,1.3937599999999999,1.39401,4985
1786579200,1.39392,1.39429,1.39359,1.39391,3836
1786593600,1.39392,1.3951,1.39387,1.39453,7113
1786608000,1.39452,1.39582,1.39441,1.39535,9022
1786622400,1.39536,1.3955899999999999,1.3930799999999999,1.39316,9288
1786636800,1.3931499999999999,1.39539,1.39295,1.39314,13493
1786651200,1.3931499999999999,1.39388,1.39277,1.39303,5686
1786665600,1.39299,1.39336,1.39209,1.3921299999999999,3703
1786680000,1.39212,1.39304,1.3918,1.39187,7042
1786694400,1.39188,1.3919000000000001,1.3886,1.38919,9845
1786708800,1.38918,1.38925,1.3866800000000001,1.38811,11101
1786723200,1.38812,1.38834,1.38639,1.38727,14529
1786737600,1.38726,1.38808,1.3871,1.3872,5990
1786924800,1.38682,1.38751,1.38636,1.38665,3545
1786939200,1.3866399999999999,1.38718,1.38618,1.38639,7095
1786953600,1.38638,1.38669,1.38522,1.38579,8517
1786968000,1.38577,1.3867099999999999,1.38504,1.38513,8484
1786982400,1.3851,1.38742,1.38446,1.3869099999999999,11566
1786996800,1.38692,1.38776,1.38663,1.3874900000000001,6161
1787011200,1.38645,1.38763,1.38645,1.387,3136
1787025600,1.38701,1.38776,1.3866,1.3876,7258
1787040000,1.38761,1.3878599999999999,1.38635,1.38673,8527
1787054400,1.3867099999999999,1.3878,1.38616,1.38739,7899
1787068800,1.38741,1.38977,1.38669,1.3896899999999999,12343
1787083200,1.3896899999999999,1.391,1.38933,1.38971,6034
1787097600,1.38889,1.39022,1.38889,1.39021,4724
1787112000,1.39022,1.3908,1.38716,1.38807,9910
1787126400,1.38808,1.3884,1.387,1.3878,10660
1787140800,1.38779,1.3878599999999999,1.3857,1.38606,11020
1787155200,1.3860700000000001,1.3860700000000001,1.38031,1.38125,22951
1787169600,1.38125,1.38263,1.38072,1.38076,10963
1787184000,1.3805399999999999,1.38109,1.3803,1.38096,4258
1787198400,1.38097,1.38125,1.37933,1.3802699999999999,9477
1787212800,1.38026,1.38035,1.37699,1.37704,11978
1787227200,1.37703,1.37863,1.37554,1.37782,14554
1787241600,1.3778000000000001,1.37954,1.37657,1.37913,17483
1787256000,1.37912,1.37948,1.37856,1.37885,7462
1787270400,1.37876,1.37882,1.37762,1.37778,3861
1787284800,1.3777599999999999,1.37806,1.37604,1.37662,6456
1787299200,1.37663,1.37684,1.37463,1.37465,9513
1787313600,1.37466,1.37514,1.3732,1.37458,13074
1787328000,1.37458,1.37775,1.37436,1.3765399999999999,15484
1787342400,1.3765399999999999,1.37692,1.37553,1.37668,6108
1787529600,1.38109,1.3814,1.37826,1.37872,5495
1787544000,1.37873,1.37987,1.37872,1.37946,8107
1787558400,1.37948,1.38439,1.37938,1.3842400000000001,11705
1787572800,1.38425,1.38504,1.3829,1.38352,11813
1787587200,1.38353,1.38483,1.38212,1.3848,15904
1787601600,1.3847800000000001,1.38599,1.38435,1.38449,6983
1787616000,1.38378,1.38486,1.3835600000000001,1.3845399999999999,3296
1787630400,1.38455,1.38602,1.38445,1.38593,5669
1787644800,1.38593,1.3866800000000001,1.38556,1.38606,8701
1787659200,1.38605,1.38644,1.38511,1.38513,10864
1787673600,1.38514,1.38558,1.38258,1.3838300000000001,14846
1787688000,1.38384,1.3841,1.3825,1.38362,6960
1787702400,1.38348,1.38433,1.38313,1.3842400000000001,3085
1787716800,1.38423,1.38655,1.3841700000000001,1.38646,6384
1787731200,1.38644,1.38673,1.38557,1.38658,7438
1787745600,1.38659,1.38741,1.38529,1.3872,8882
1787760000,1.38717,1.38929,1.38659,1.38777,14631
1787774400,1.38776,1.38806,1.38711,1.38747,5707
1787788800,1.38744,1.38812,1.3871,1.38735,3739
1787803200,1.3873199999999999,1.38853,1.3873199999999999,1.38821,5597
1787817600,1.38822,1.38909,1.38775,1.38816,8012
1787832000,1.3881700000000001,1.3887800000000001,1.3866800000000001,1.38727,11169
1787846400,1.38727,1.38738,1.38524,1.38567,14366
1787860800,1.38565,1.3862,1.38521,1.38572,5663
1787875200,1.38516,1.38558,1.3848,1.38491,2458
1787889600,1.38491,1.38554,1.3847800000000001,1.38525,4502
1787904000,1.38524,1.38584,1.3847,1.38555,6707
1787918400,1.38554,1.3860299999999999,1.38446,1.38535,8711
1787932800,1.38535,1.39082,1.38425,1.39019,21033
1787947200,1.39019,1.39097,1.38992,1.39062,7642
1788134400,1.3906,1.39112,1.38964,1.38991,4853
1788148800,1.38987,1.3903400000000001,1.38888,1.389,8881
1788163200,1.38901,1.39016,1.38884,1.38985,9359
1788177600,1.38982,1.38992,1.38799,1.38805,10607
1788192000,1.38804,1.38834,1.38562,1.38599,13945
1788206400,1.3860000000000001,1.38624,1.38524,1.38563,6070
1788220800,1.38523,1.38586,1.3845100000000001,1.3854,3867
1788235200,1.38541,1.38702,1.38536,1.38666,6596
1788249600,1.38666,1.38765,1.38593,1.38709,9094
1788264000,1.38705,1.38879,1.38658,1.38831,11259
1788278400,1.3883,1.39066,1.38801,1.39049,13725
1788292800,1.39048,1.3906399999999999,1.38918,1.38971,6583
1788307200,1.38895,1.39017,1.38895,1.38989,4080
1788321600,1.3899,1.39219,1.38963,1.39215,9871
1788336000,1.39216,1.3936600000000001,1.39104,1.39359,12672
1788350400,1.3936,1.39397,1.39104,1.39165,13063
1788364800,1.39166,1.39194,1.38377,1.38462,20828
1788379200,1.38461,1.38489,1.3835,1.38441,7563
1788393600,1.38387,1.38476,1.38351,1.3839000000000001,3806
1788408000,1.38387,1.38407,1.38265,1.38318,9353
1788422400,1.38319,1.38368,1.38036,1.38068,13232
1788436800,1.38067,1.38137,1.37838,1.37919,15106
1788451200,1.37918,1.38071,1.3765100000000001,1.37708,18014
1788465600,1.37709,1.37958,1.37706,1.37909,7225
1788480000,1.37865,1.37952,1.37833,1.3789500000000001,3837
1788494400,1.37894,1.37953,1.37846,1.37914,6242
1788508800,1.37913,1.3806,1.37882,1.38007,7797
1788523200,1.38008,1.38719,1.37886,1.38667,12820
1788537600,1.38665,1.38716,1.38305,1.38365,19034
1788552000,1.38364,1.38414,1.38272,1.38374,5965
1788739200,1.38256,1.38384,1.38243,1.38313,3437
1788753600,1.38312,1.38415,1.38303,1.3835,6086
1788768000,1.38351,1.38379,1.38189,1.38258,8892
1788782400,1.38259,1.38274,1.38098,1.38126,7451
1788796800,1.38125,1.38191,1.38048,1.38101,5478
1788811200,1.38101,1.3817599999999999,1.381,1.38132,1129
1788825600,1.3811200000000001,1.3816,1.38022,1.3808099999999999,5042
1788840000,1.3808,1.38116,1.37997,1.38031,8911
1788854400,1.3803,1.38033,1.37755,1.38021,11705
1788868800,1.38021,1.38147,1.37891,1.37891,11811
1788883200,1.37893,1.3793199999999999,1.37596,1.37884,14392
1788897600,1.3788,1.37915,1.37764,1.37818,8594
1788912000,1.37823,1.37877,1.37741,1.37744,3344
1788926400,1.37743,1.37827,1.37726,1.37729,6186
1788940800,1.3773,1.37796,1.37666,1.3779,8554
1788955200,1.37791,1.37867,1.37659,1.37784,9821
1788969600,1.37782,1.38204,1.37778,1.38063,15370
1788984000,1.38064,1.38122,1.38013,1.38049,5715
1788998400,1.3805100000000001,1.38089,1.37955,1.38082,2831
1789012800,1.3808099999999999,1.38117,1.3804,1.38087,4974
1789027200,1.38086,1.3811499999999999,1.38029,1.3805100000000001,6134
1789041600,1.3805,1.38347,1.38011,1.3826,11400
1789056000,1.38259,1.38326,1.3804400000000001,1.38175,17398
1789070400,1.3817599999999999,1.38394,1.38131,1.38343,7132
1789084800,1.3829799999999999,1.38373,1.38242,1.38349,3959
1789099200,1.38349,1.38464,1.3834,1.38402,8519
1789113600,1.38403,1.38472,1.38345,1.38465,11178
1789128000,1.38463,1.3881000000000001,1.38416,1.38625,14491
1789142400,1.38624,1.38838,1.38595,1.38636,21084
1789156800,1.38635,1.38728,1.3860700000000001,1.3872,9435
1789344000,1.3865,1.3872499999999999,1.38647,1.38672,4477
1789358400,1.3867099999999999,1.3875,1.3867099999999999,1.38746,7311
1789372800,1.38747,1.3897599999999999,1.38713,1.38972,8078
1789387200,1.38971,1.39169,1.38858,1.39163,9464
1789401600,1.39164,1.39295,1.3900000000000001,1.39028,13540
1789416000,1.39028,1.39065,1.38972,1.39004,6035
1789430400,1.39007,1.3905,1.3897,1.39031,3567
1789444800,1.3902999999999999,1.39158,1.39028,1.39134,6192
1789459200,1.39133,1.39142,1.38982,1.39049,7997
1789473600,1.3905,1.39291,1.39023,1.39255,7608
1789488000,1.39253,1.39279,1.39067,1.39116,10785
1789502400,1.39115,1.3924699999999999,1.39105,1.39224,5122
1789516800,1.39142,1.3930799999999999,1.39109,1.39295,3016
1789531200,1.39296,1.3936600000000001,1.39275,1.39289,4478
1789545600,1.39288,1.39382,1.39208,1.39287,6969
1789560000,1.39287,1.39438,1.39237,1.3936,6969
1789574400,1.39361,1.39421,1.39292,1.39398,9823
1789588800,1.39399,1.39947,1.39208,1.39887,18839
1789603200,1.39878,1.3994900000000001,1.39859,1.39931,4119
1789617600,1.3993,1.39982,1.39886,1.39893,6834
1789632000,1.39892,1.39964,1.39811,1.3989099999999999,7293
1789646400,1.39889,1.4001299999999999,1.39802,1.3982700000000001,9793
1789660800,1.39828,1.39975,1.39737,1.39855,11361
1789675200,1.39856,1.3993,1.39851,1.39911,5614
1789689600,1.39879,1.39934,1.39853,1.39886,3041
1789704000,1.39885,1.39905,1.39761,1.39825,6292
1789718400,1.39826,1.40038,1.3981,1.40003,8034
1789732800,1.40004,1.40143,1.39964,1.40052,8142
1789747200,1.40053,1.4014,1.39995,1.40004,12004
1789761600,1.40005,1.40005,1.3981,1.39821,6457
1789948800,1.39819,1.3996,1.39785,1.3996,2831
1789963200,1.39961,1.40065,1.39941,1.4005,5022
1789977600,1.40049,1.40231,1.40043,1.4014199999999999,6876
1789992000,1.40141,1.4022700000000001,1.39962,1.39964,7126
1790006400,1.39965,1.40319,1.39965,1.40311,9219
1790020800,1.40312,1.4039,1.40279,1.40344,4791
1790035200,1.40323,1.40339,1.40252,1.40311,2359
1790049600,1.40312,1.40433,1.40248,1.40251,5597
1790064000,1.40252,1.40497,1.40248,1.40394,10074
1790078400,1.40395,1.40479,1.40276,1.40478,10965
1790092800,1.40479,1.40788,1.40449,1.40707,11305
1790107200,1.40692,1.40838,1.40604,1.40628,7867
1790121600,1.4059,1.40699,1.40573,1.40672,2716
1790136000,1.40673,1.40856,1.40672,1.40832,6137
1790150400,1.40833,1.40916,1.40778,1.40812,8184
1790164800,1.40811,1.40942,1.40778,1.4084400000000001,8680
1790179200,1.40845,1.41061,1.40817,1.41042,14865
1790193600,1.41041,1.41095,1.4091,1.41042,9743
1790208000,1.40882,1.41123,1.40882,1.41074,3201
1790222400,1.41073,1.41135,1.41,1.41039,6961
1790236800,1.41038,1.41098,1.40968,1.4105699999999999,10066
1790251200,1.41058,1.41242,1.41033,1.41223,9638
1790265600,1.41224,1.41495,1.4121299999999999,1.41343,12897
1790280000,1.41343,1.41464,1.41321,1.41378,8032
1790294400,1.41279,1.41474,1.41279,1.41452,3015
