time,open,high,low,close,volume
1632240000,0.92354,0.92488,0.92252,0.92339,6422
1632254400,0.92339,0.9244,0.92307,0.92353,2362
1632268800,0.92315,0.92431,0.92279,0.92422,1092
1632283200,0.92422,0.92488,0.92375,0.92472,2344
1632297600,0.92472,0.92504,0.92223,0.92231,3804
1632312000,0.9223,0.92285,0.9217,0.92236,4045
1632326400,0.92237,0.92331,0.92161,0.92304,4986
1632340800,0.92304,0.9273,0.92156,0.92635,9410
1632355200,0.92492,0.92736,0.92464,0.92686,1097
1632369600,0.92686,0.92734,0.92602,0.9261,2086
1632384000,0.9261,0.92626,0.9229,0.92381,4979
1632398400,0.92381,0.92553,0.92292,0.92356,6095
1632412800,0.92356,0.92484,0.92174,0.92346,6245
1632427200,0.92345,0.92524,0.92274,0.92444,2210
1632441600,0.92411,0.92506,0.92386,0.92418,1546
1632456000,0.92418,0.92516,0.92418,0.92506,1377
1632470400,0.92506,0.92607,0.92382,0.92405,4144
1632484800,0.92402,0.92523,0.92224,0.92516,4131
1632499200,0.92516,0.92576,0.92403,0.92486,5600
1632513600,0.92487,0.92531,0.92418,0.9244,2012
1632700800,0.92409,0.92515,0.92347,0.92512,1605
1632715200,0.92512,0.92562,0.92463,0.92554,1724
1632729600,0.92554,0.92905,0.92553,0.92834,5472
1632744000,0.92834,0.92861,0.926,0.92681,6568
1632758400,0.9268,0.92833,0.92489,0.92579,6832
1632772800,0.92579,0.92615,0.92511,0.92575,2736
1632787200,0.9258,0.92661,0.92532,0.92645,942
1632801600,0.92644,0.92698,0.92598,0.92628,1564
1632816000,0.9263,0.92949,0.92601,0.92784,5621
1632830400,0.92784,0.92944,0.92677,0.92846,7550
1632844800,0.92854,0.93017,0.92659,0.92889,9212
1632859200,0.92889,0.93008,0.92889,0.92931,3376
1632873600,0.92928,0.92986,0.92795,0.92977,1507
1632888000,0.92977,0.9299,0.92806,0.92931,2248
1632902400,0.92932,0.9307,0.9285,0.92946,6824
1632916800,0.92946,0.9303,0.928,0.93017,7641
1632931200,0.93016,0.93499,0.92965,0.93497,7908
1632945600,0.93498,0.93553,0.93431,0.93467,3592
1632960000,0.93388,0.9348,0.93352,0.93385,1119
1632974400,0.93385,0.9342,0.93305,0.93334,1851
1632988800,0.93334,0.93504,0.93284,0.93442,5342
1633003200,0.93441,0.93683,0.93363,0.93369,6389
1633017600,0.93368,0.93563,0.93212,0.93408,9896
1633032000,0.93411,0.93438,0.93152,0.93173,4005
1633046400,0.93164,0.93331,0.93068,0.93309,1531
1633060800,0.93309,0.93329,0.93133,0.93153,2160
1633075200,0.93153,0.93231,0.93001,0.93191,5543
1633089600,0.93191,0.93373,0.92835,0.92842,6968
1633104000,0.92841,0.93089,0.92814,0.92979,8954
1633118400,0.9298,0.931,0.92949,0.93049,2468
1633305600,0.9294,0.93026,0.92873,0.93005,1744
1633320000,0.93005,0.93108,0.92991,0.93087,1634
1633334400,0.93083,0.93104,0.92893,0.92903,4970
1633348800,0.92902,0.92918,0.92422,0.92498,4958
1633363200,0.92499,0.92538,0.92305,0.92455,6676
1633377600,0.92455,0.92508,0.92413,0.92454,2726
1633392000,0.92452,0.92556,0.92401,0.92545,1245
1633406400,0.92545,0.92666,0.92534,0.92663,1998
1633420800,0.92663,0.92704,0.92589,0.92649,5769
1633435200,0.92649,0.92751,0.92608,0.92751,4327
1633449600,0.92752,0.92882,0.92617,0.92767,6667
1633464000,0.92768,0.92838,0.92735,0.92827,2215
1633478400,0.92794,0.92913,0.92757,0.92887,1143
1633492800,0.92887,0.92974,0.92855,0.92964,2246
1633507200,0.92964,0.9307,0.92908,0.93012,5906
1633521600,0.93012,0.93076,0.92833,0.92865,7425
1633536000,0.92861,0.92924,0.92719,0.92824,7481
1633550400,0.92824,0.92843,0.92715,0.92735,3341
1633564800,0.92724,0.92794,0.92679,0.92791,1551
1633579200,0.92792,0.92841,0.9274,0.92749,1430
1633593600,0.92749,0.92836,0.92632,0.92709,4208
1633608000,0.92711,0.92756,0.92528,0.92728,5319
1633622400,0.92727,0.92851,0.92595,0.92841,6588
1633636800,0.92841,0.92923,0.92759,0.92891,3673
1633651200,0.92764,0.92938,0.92726,0.92893,1178
1633665600,0.92893,0.92996,0.92882,0.9299,1938
1633680000,0.92989,0.93056,0.92941,0.93028,3803
1633694400,0.93029,0.93043,0.92591,0.92659,5941
1633708800,0.92656,0.9291,0.9261,0.92749,7771
1633723200,0.9275,0.92781,0.92628,0.92712,2515
1633910400,0.9269,0.92794,0.92617,0.92747,1271
1633924800,0.92747,0.92879,0.92725,0.9282,1967
1633939200,0.92821,0.92844,0.92595,0.9265,4783
1633953600,0.9265,0.92822,0.92611,0.92721,4569
1633968000,0.92721,0.92744,0.92503,0.92739,4337
1633982400,0.92739,0.92799,0.92709,0.92773,2131
1633996800,0.92763,0.92796,0.9273,0.92774,866
1634011200,0.92774,0.92791,0.92733,0.92788,1087
1634025600,0.92786,0.92793,0.9257,0.92781,3790
1634040000,0.92779,0.93089,0.92689,0.93026,5260
1634054400,0.93025,0.93123,0.92889,0.93121,6608
1634068800,0.93121,0.93132,0.93025,0.93066,2913
1634083200,0.92991,0.93084,0.92908,0.92995,1571
1634097600,0.92995,0.93003,0.92881,0.92931,1504
1634112000,0.92931,0.92985,0.92817,0.92852,3951
1634126400,0.92857,0.92987,0.927,0.92911,5840
1634140800,0.92911,0.92968,0.92519,0.92524,7884
1634155200,0.92524,0.92525,0.92353,0.92408,3998
1634169600,0.92379,0.9242,0.92336,0.92341,1092
1634184000,0.92341,0.9244,0.92324,0.92336,1641
1634198400,0.92336,0.9235,0.91988,0.92032,4231
1634212800,0.92032,0.92196,0.91945,0.92101,5601
1634227200,0.92101,0.92403,0.92096,0.92371,6042
1634241600,0.92374,0.9241,0.92295,0.92356,2339
1634256000,0.92327,0.92458,0.92239,0.92435,1418
1634270400,0.92435,0.92435,0.92283,0.9229,1738
1634284800,0.9229,0.92388,0.92249,0.92316,5069
1634299200,0.92318,0.92641,0.92287,0.92608,5990
1634313600,0.92605,0.92607,0.92247,0.92402,7082
1634328000,0.92402,0.92418,0.92218,0.9231,2195
1634515200,0.92314,0.92443,0.92257,0.92434,2136
1634529600,0.92434,0.92519,0.92362,0.92508,1805
1634544000,0.92509,0.92643,0.92466,0.92636,4661
1634558400,0.92638,0.92732,0.92269,0.92396,5980
1634572800,0.924,0.92471,0.92233,0.92243,5873
1634587200,0.92244,0.9238,0.9224,0.92375,2052
1634601600,0.92383,0.92391,0.9227,0.92273,1304
1634616000,0.92273,0.9228,0.92061,0.9212,1982
1634630400,0.92119,0.92127,0.91895,0.91935,5670
1634644800,0.91935,0.92004,0.91849,0.91993,6256
1634659200,0.91993,0.92321,0.91907,0.92277,6530
1634673600,0.92277,0.92327,0.92217,0.923,2477
1634688000,0.92287,0.92418,0.92175,0.92412,1315
1634702400,0.92412,0.92437,0.92328,0.92371,2258
1634716800,0.92371,0.92523,0.92344,0.92472,5194
1634731200,0.92471,0.92481,0.92166,0.92202,4958
1634745600,0.92202,0.9221,0.91888,0.91897,6605
1634760000,0.91897,0.91949,0.91862,0.91889,3250
1634774400,0.9187,0.91908,0.91856,0.91889,1126
1634788800,0.91889,0.91949,0.9185,0.91894,2244
1634803200,0.91894,0.92062,0.91856,0.91957,5170
1634817600,0.91961,0.91964,0.91738,0.91786,5216
1634832000,0.91785,0.9188,0.91705,0.91805,7265
1634846400,0.9181,0.91897,0.91787,0.91831,2739
1634860800,0.91818,0.91857,0.91781,0.91831,1086
1634875200,0.91831,0.91845,0.91755,0.91791,1742
1634889600,0.91791,0.91823,0.91651,0.9171,4443
1634904000,0.91709,0.91775,0.91624,0.91633,5475
1634918400,0.91633,0.91751,0.9151,0.91663,8278
1634932800,0.91663,0.91748,0.91588,0.91604,2846
1635120000,0.91618,0.91694,0.91511,0.91614,1571
1635134400,0.91614,0.91715,0.915,0.91515,2154
1635148800,0.91515,0.91799,0.91515,0.91744,4906
1635163200,0.91744,0.92025,0.91715,0.9199,6089
1635177600,0.9199,0.91999,0.91772,0.91989,6580
1635192000,0.9199,0.91995,0.919,0.91989,1970
1635206400,0.91985,0.92072,0.91804,0.92063,1189
1635220800,0.92062,0.9209,0.92045,0.92068,1402
1635235200,0.92067,0.92263,0.92008,0.92138,4464
1635249600,0.92139,0.92157,0.9187,0.91954,5588
1635264000,0.91954,0.92096,0.91898,0.92045,6328
1635278400,0.92045,0.92053,0.9195,0.91974,2163
1635292800,0.91977,0.92003,0.91916,0.91984,1292
1635307200,0.91982,0.91994,0.919,0.91913,1272
1635321600,0.91912,0.91995,0.9172,0.91816,4414
1635336000,0.91816,0.92038,0.91731,0.91772,6515
1635350400,0.91773,0.91871,0.91645,0.91777,8343
1635364800,0.91778,0.91832,0.91674,0.91808,3294
1635379200,0.9181,0.919,0.91674,0.91866,1394
1635393600,0.91866,0.91899,0.91736,0.9184,1876
1635408000,0.9184,0.91939,0.91663,0.91857,5970
1635422400,0.91858,0.91945,0.91667,0.91684,7978
1635436800,0.91681,0.91704,0.91159,0.91227,10505
1635451200,0.91227,0.91286,0.91153,0.91188,3450
1635465600,0.91149,0.91194,0.91116,0.91125,1795
1635480000,0.91125,0.91226,0.91082,0.91225,2005
1635494400,0.91224,0.91248,0.91025,0.91177,4855
1635508800,0.91168,0.91293,0.91058,0.91188,6539
1635523200,0.91188,0.91758,0.91134,0.9168,10508
1635537600,0.9168,0.91681,0.91501,0.91512,3406
1635724800,0.91572,0.91654,0.91402,0.91621,1509
1635739200,0.91621,0.91716,0.91576,0.91679,2044
1635753600,0.91679,0.91714,0.91502,0.91619,4603
1635768000,0.91619,0.91622,0.91256,0.91269,5477
1635782400,0.91268,0.91315,0.91049,0.91102,6580
1635796800,0.91103,0.91103,0.90883,0.90919,2967
1635811200,0.90905,0.9104,0.90852,0.91019,1980
1635825600,0.91019,0.9109,0.90908,0.90928,2143
1635840000,0.90929,0.91176,0.90906,0.91167,3900
1635854400,0.91167,0.91373,0.91125,0.9129,5481
1635868800,0.91291,0.91502,0.9127,0.91467,7018
1635883200,0.91467,0.91477,0.91383,0.91461,2568
1635897600,0.9141,0.9151,0.91378,0.91454,944
1635912000,0.91454,0.91482,0.91356,0.91379,1284
1635926400,0.91379,0.91455,0.91223,0.91261,2920
1635940800,0.91259,0.91283,0.91057,0.91194,5112
1635955200,0.91194,0.91383,0.91189,0.91314,7160
1635969600,0.91314,0.91409,0.91048,0.91172,9103
1635984000,0.9118,0.91194,0.91114,0.91175,1950
1635998400,0.91175,0.9125,0.91159,0.9122,1539
1636012800,0.9122,0.91435,0.91211,0.9128,4651
1636027200,0.91279,0.91401,0.91229,0.91281,6497
1636041600,0.91278,0.91449,0.91192,0.91322,8929
1636056000,0.91322,0.91322,0.9121,0.91248,3330
1636070400,0.91249,0.91312,0.91247,0.91264,1255
1636084800,0.91263,0.91353,0.91205,0.91249,2371
1636099200,0.91249,0.91388,0.91222,0.91352,3174
1636113600,0.91353,0.91749,0.91346,0.91698,6316
1636128000,0.91698,0.91717,0.91164,0.91186,9397
1636142400,0.91186,0.91276,0.91124,0.91212,3218
1636329600,0.9127,0.91347,0.91174,0.91344,1726
1636344000,0.91344,0.91385,0.913,0.91343,1282
1636358400,0.91343,0.91501,0.91287,0.91483,4913
1636372800,0.91483,0.91568,0.91409,0.9154,4707
1636387200,0.91541,0.91576,0.91291,0.91365,5776
1636401600,0.91364,0.91382,0.91295,0.91354,1879
1636416000,0.91304,0.91399,0.91288,0.91359,1576
1636430400,0.91359,0.91363,0.91168,0.91207,2410
1636444800,0.91206,0.91389,0.91168,0.91284,5296
1636459200,0.91284,0.91538,0.91244,0.91313,5916
1636473600,0.91313,0.91458,0.91098,0.91112,8067
1636488000,0.91112,0.91164,0.91018,0.91106,2706
1636502400,0.91121,0.91189,0.91045,0.91145,1847
1636516800,0.91145,0.91296,0.91133,0.91289,1903
1636531200,0.91289,0.9138,0.91163,0.91233,5259
1636545600,0.91235,0.91499,0.91172,0.91289,7204
1636560000,0.91294,0.91748,0.91187,0.9168,10583
1636574400,0.9168,0.91862,0.91653,0.91823,5839
1636588800,0.9179,0.91878,0.91714,0.91846,1873
1636603200,0.91847,0.91901,0.91813,0.91878,2172
1636617600,0.91878,0.92122,0.91789,0.92092,4922
1636632000,0.92092,0.92245,0.91977,0.92192,6050
1636646400,0.92188,0.92231,0.92001,0.92104,5428
1636660800,0.92109,0.922,0.92094,0.92096,2358
1636675200,0.92052,0.92276,0.92051,0.92269,2241
1636689600,0.92269,0.92297,0.922,0.922,1663
1636704000,0.922,0.92242,0.92092,0.9222,4400
1636718400,0.9222,0.92352,0.92217,0.92278,5144
1636732800,0.92278,0.92379,0.92022,0.9208,7545
1636747200,0.92081,0.92134,0.92042,0.92117,2504
1636934400,0.921,0.92136,0.91902,0.91905,1455
1636948800,0.91905,0.91998,0.91872,0.91955,2104
1636963200,0.91955,0.92136,0.91937,0.92024,4755
1636977600,0.92023,0.92104,0.91965,0.92028,5099
1636992000,0.92028,0.92418,0.91991,0.92351,7674
1637006400,0.92352,0.92572,0.92326,0.92501,3648
1637020800,0.92506,0.92579,0.92432,0.92467,2074
1637035200,0.92466,0.92482,0.92371,0.92474,1928
1637049600,0.92473,0.92779,0.92458,0.92724,4750
1637064000,0.92722,0.92874,0.92583,0.92708,6251
1637078400,0.92709,0.93092,0.92682,0.93077,8321
1637092800,0.93073,0.93118,0.92967,0.93027,4137
1637107200,0.93024,0.93077,0.92959,0.93021,2660
1637121600,0.93021,0.93296,0.93021,0.93221,3233
1637136000,0.9322,0.93224,0.9303,0.93163,5770
1637150400,0.93156,0.93201,0.92984,0.93188,5426
1637164800,0.93187,0.93201,0.92762,0.92835,7423
1637179200,0.92836,0.92895,0.92761,0.92805,4040
1637193600,0.92792,0.92879,0.92748,0.9282,2406
1637208000,0.92818,0.92873,0.92699,0.92862,3032
1637222400,0.9286,0.92919,0.92678,0.92717,5256
1637236800,0.92717,0.92776,0.92567,0.92739,6793
1637251200,0.92739,0.92799,0.92508,0.92556,7911
1637265600,0.92556,0.92581,0.92525,0.92554,2710
1637280000,0.92574,0.92682,0.9251,0.9268,1994
1637294400,0.92679,0.92702,0.92601,0.92638,1610
1637308800,0.92639,0.92861,0.92501,0.92573,6328
1637323200,0.92573,0.92904,0.92536,0.92675,9463
1637337600,0.92672,0.9286,0.92567,0.92825,8965
1637352000,0.92825,0.92899,0.92802,0.92886,3873
1637539200,0.92767,0.93017,0.92738,0.92981,3718
1637553600,0.92981,0.92997,0.92873,0.9291,2281
1637568000,0.92909,0.93041,0.92749,0.92821,5542
1637582400,0.92823,0.92899,0.92669,0.92712,5876
1637596800,0.92714,0.93199,0.92712,0.9319,8564
1637611200,0.9319,0.93347,0.9315,0.93308,2990
1637625600,0.93006,0.93293,0.93006,0.93232,2371
1637640000,0.93232,0.93353,0.93221,0.93299,1622
1637654400,0.93297,0.93299,0.93013,0.93204,8301
1637668800,0.93204,0.93367,0.93033,0.9333,7720
1637683200,0.93331,0.93443,0.93179,0.93301,8153
1637697600,0.93302,0.93375,0.93298,0.93331,3722
1637712000,0.93171,0.93448,0.93171,0.93397,1593
1637726400,0.93397,0.93451,0.93332,0.93358,1838
1637740800,0.93359,0.9359,0.93284,0.93563,6040
1637755200,0.9356,0.93687,0.93502,0.93545,7422
1637769600,0.93543,0.93736,0.93481,0.93517,9323
1637784000,0.93518,0.93522,0.93339,0.93405,3153
1637798400,0.93384,0.93426,0.93282,0.934,1773
1637812800,0.934,0.93401,0.93354,0.93373,1421
1637827200,0.93373,0.93379,0.93243,0.93359,3794
1637841600,0.93361,0.93452,0.93304,0.93374,4164
1637856000,0.93376,0.93615,0.93366,0.9357,3180
1637870400,0.9357,0.93598,0.93568,0.93575,4310
1637884800,0.93578,0.93596,0.93336,0.93398,2844
1637899200,0.93398,0.93447,0.9316,0.9319,3074
1637913600,0.9319,0.93224,0.92634,0.92647,10858
1637928000,0.92647,0.92738,0.92467,0.92548,9926
1637942400,0.92552,0.92667,0.92192,0.9226,10436
1637956800,0.92263,0.92344,0.92135,0.92268,3556
1638144000,0.92257,0.92588,0.92098,0.92582,3696
1638158400,0.92583,0.92634,0.92508,0.92523,3103
1638172800,0.92525,0.92729,0.92387,0.92478,8306
1638187200,0.92478,0.9263,0.9234,0.92613,7009
1638201600,0.92614,0.92639,0.92437,0.92457,7759
1638216000,0.92457,0.92476,0.92279,0.92279,3610
1638230400,0.92269,0.92354,0.92265,0.92277,1715
1638244800,0.92276,0.92284,0.92093,0.92113,3383
1638259200,0.92111,0.92201,0.918,0.91815,8421
1638273600,0.91811,0.91965,0.91681,0.91776,7275
1638288000,0.91778,0.92667,0.91573,0.92032,13359
1638302400,0.92024,0.92048,0.91796,0.9183,4565
1638316800,0.91831,0.92131,0.91813,0.9213,2847
1638331200,0.9213,0.92179,0.92013,0.92023,2407
1638345600,0.9202,0.92127,0.91732,0.91939,7986
1638360000,0.91939,0.92178,0.9183,0.91924,6330
1638374400,0.91924,0.92067,0.91692,0.91917,8847
1638388800,0.9192,0.92097,0.91866,0.92049,4748
1638403200,0.91902,0.92081,0.91867,0.91967,2837
1638417600,0.91967,0.92133,0.91882,0.9212,2057
1638432000,0.92119,0.92216,0.92029,0.92054,6434
1638446400,0.92052,0.92058,0.91781,0.9189,6638
1638460800,0.91886,0.92122,0.91788,0.92068,9020
1638475200,0.92068,0.92106,0.9199,0.92036,2943
1638489600,0.92,0.92062,0.91898,0.92001,1742
1638504000,0.92002,0.92083,0.91997,0.92056,1632
1638518400,0.92058,0.92176,0.92023,0.9206,4339
1638532800,0.9206,0.92084,0.91693,0.91933,6668
1638547200,0.91933,0.92112,0.91789,0.91809,10856
1638561600,0.91809,0.91857,0.91656,0.91795,4516
1638748800,0.91718,0.92017,0.9165,0.91994,2175
1638763200,0.91994,0.92077,0.91979,0.92075,1707
1638777600,0.92074,0.92275,0.92051,0.92257,4449
1638792000,0.92257,0.92318,0.92099,0.92245,5536
1638806400,0.92244,0.92648,0.92147,0.92638,7496
1638820800,0.92638,0.92689,0.92531,0.92544,2851
1638835200,0.92481,0.92574,0.92468,0.92516,1409
1638849600,0.92516,0.92516,0.92402,0.92489,1636
1638864000,0.92492,0.92539,0.92308,0.9235,4716
1638878400,0.92349,0.9275,0.9233,0.9266,6083
1638892800,0.92658,0.92699,0.92483,0.92647,6422
1638907200,0.92647,0.9266,0.92435,0.92477,2569
1638921600,0.9248,0.92512,0.92368,0.92403,1512
1638936000,0.92402,0.92419,0.9234,0.92352,1484
1638950400,0.92352,0.92525,0.92295,0.92419,4659
1638964800,0.92419,0.92516,0.92248,0.92256,8325
1638979200,0.92256,0.9239,0.9206,0.92067,6686
1638993600,0.92068,0.92107,0.91953,0.92051,2947
1639008000,0.91909,0.92131,0.91909,0.92124,1381
1639022400,0.92123,0.92149,0.92032,0.92101,1566
1639036800,0.92103,0.92182,0.92018,0.92173,4507
1639051200,0.92172,0.92406,0.92117,0.92358,5613
1639065600,0.92359,0.92649,0.92283,0.92497,6616
1639080000,0.92498,0.92563,0.92348,0.92381,3624
1639094400,0.92336,0.9241,0.92264,0.92344,1172
1639108800,0.92344,0.9242,0.92342,0.92416,1459
1639123200,0.92416,0.92525,0.923,0.92381,4680
1639137600,0.92381,0.92533,0.92222,0.92321,5045
1639152000,0.92325,0.92382,0.9199,0.92036,7004
1639166400,0.92036,0.92108,0.92002,0.92067,1998
1639353600,0.92083,0.92188,0.9199,0.92164,1474
1639368000,0.92164,0.92209,0.92151,0.92203,1221
1639382400,0.92203,0.92563,0.92193,0.92485,3512
1639396800,0.92486,0.92486,0.92216,0.92295,4894
1639411200,0.92296,0.92338,0.92059,0.92168,5883
1639425600,0.92168,0.92273,0.92132,0.92234,1926
1639440000,0.92242,0.92346,0.92225,0.92283,1546
1639454400,0.92283,0.92359,0.92283,0.92318,1540
1639468800,0.92318,0.92374,0.92034,0.9206,3361
1639483200,0.92059,0.92061,0.91884,0.91952,5603
1639497600,0.91952,0.92439,0.91949,0.92286,5965
1639512000,0.92286,0.9245,0.92277,0.92419,2564
1639526400,0.92275,0.92427,0.92273,0.92366,1047
1639540800,0.92365,0.92433,0.92344,0.92394,1281
1639555200,0.92394,0.92496,0.92337,0.92423,3109
1639569600,0.92423,0.9252,0.9242,0.9245,4342
1639584000,0.92449,0.92699,0.92442,0.92665,6519
1639598400,0.92662,0.92943,0.92396,0.92446,8338
1639612800,0.92429,0.92541,0.92279,0.92494,3861
1639627200,0.92494,0.92564,0.92385,0.92512,2133
1639641600,0.92514,0.92539,0.92207,0.924,4140
1639656000,0.924,0.92554,0.92039,0.92059,7026
1639670400,0.92059,0.92284,0.91991,0.92058,7564
1639684800,0.92062,0.9207,0.91896,0.91937,3057
1639699200,0.91902,0.9197,0.91841,0.91949,2115
1639713600,0.91949,0.91974,0.91801,0.91809,2572
1639728000,0.91808,0.91982,0.91745,0.91798,4545
1639742400,0.91803,0.92098,0.91774,0.92078,4836
1639756800,0.92077,0.92384,0.9201,0.92363,6201
1639771200,0.92364,0.92462,0.92323,0.92419,3067
1639958400,0.92392,0.92443,0.92325,0.92406,1901
1639972800,0.92406,0.92433,0.92318,0.92326,1643
1639987200,0.92326,0.92505,0.92245,0.924,4642
1640001600,0.92399,0.92433,0.92146,0.92199,5225
1640016000,0.92199,0.92217,0.91925,0.92126,5961
1640030400,0.92126,0.92246,0.92114,0.92146,2547
1640044800,0.92022,0.92193,0.91974,0.92161,1224
1640059200,0.92161,0.92213,0.92132,0.92202,1580
1640073600,0.92202,0.92212,0.91951,0.92068,4689
1640088000,0.92069,0.9229,0.9205,0.92274,5284
1640102400,0.92274,0.92542,0.9225,0.92506,6254
1640116800,0.92503,0.92524,0.92359,0.92359,2534
1640131200,0.92282,0.92377,0.92257,0.92371,1221
1640145600,0.92371,0.92488,0.92369,0.92429,1125
1640160000,0.92427,0.92522,0.92401,0.92443,3499
1640174400,0.92444,0.92471,0.92191,0.92201,4879
1640188800,0.92204,0.92245,0.91957,0.91985,5647
1640203200,0.91987,0.92045,0.91901,0.91951,2261
1640217600,0.9194,0.9198,0.91895,0.91903,1383
1640232000,0.91904,0.9195,0.9188,0.91912,831
1640246400,0.9191,0.92191,0.91897,0.92027,2813
1640260800,0.92029,0.92134,0.91914,0.92045,4978
1640275200,0.92048,0.92126,0.91764,0.91764,6091
1640289600,0.91764,0.91854,0.91754,0.91829,1619
1640304000,0.91776,0.91835,0.91732,0.9175,3016
1640318400,0.91751,0.91805,0.91667,0.91709,3602
1640332800,0.91706,0.91834,0.91692,0.91729,3736
1640347200,0.91729,0.91956,0.91699,0.91844,3487
1640361600,0.91844,0.91954,0.91811,0.91907,4143
1640376000,0.91907,0.91962,0.91701,0.91701,1395
1640563200,0.91706,0.91959,0.91706,0.91923,1455
1640577600,0.91923,0.91982,0.91917,0.91956,720
1640592000,0.91957,0.91999,0.91844,0.91962,3001
1640606400,0.91962,0.91988,0.91804,0.9192,3062
1640620800,0.91917,0.91943,0.91723,0.91778,3096
1640635200,0.91781,0.91801,0.91723,0.91756,1750
1640649600,0.91735,0.9178,0.91654,0.91777,1014
1640664000,0.91777,0.91781,0.91726,0.91742,1039
1640678400,0.91742,0.91814,0.91639,0.91639,2586
1640692800,0.91638,0.91683,0.91597,0.9166,3184
1640707200,0.91659,0.91904,0.91622,0.91689,4412
1640721600,0.91689,0.91774,0.91689,0.9172,1769
1640736000,0.91735,0.91766,0.91648,0.91757,1130
1640750400,0.91758,0.91764,0.91694,0.9175,1119
1640764800,0.9175,0.91959,0.91718,0.91922,2717
1640779200,0.91922,0.92013,0.91669,0.91699,4624
1640793600,0.91699,0.91737,0.91269,0.91506,5508
1640808000,0.91506,0.9157,0.91423,0.91469,2152
1640822400,0.91457,0.91515,0.9139,0.91504,1110
1640836800,0.91505,0.9163,0.91496,0.9162,1281
1640851200,0.91612,0.91811,0.91593,0.91788,3377
1640865600,0.91788,0.91794,0.91355,0.91619,4872
1640880000,0.91619,0.91691,0.91321,0.91433,5253
1640894400,0.91433,0.91534,0.91375,0.9139,1795
1640908800,0.91319,0.91412,0.91314,0.91403,1132
1640923200,0.91402,0.91455,0.91356,0.91449,724
1640937600,0.91449,0.91477,0.91255,0.91261,2782
1640952000,0.91261,0.91365,0.91091,0.91143,4881
1640966400,0.91148,0.9143,0.9102,0.91132,6288
1640980800,0.91132,0.91234,0.91116,0.91184,1920
1641168000,0.9103,0.91372,0.91025,0.91301,2018
1641182400,0.913,0.91491,0.913,0.91473,1380
1641196800,0.91472,0.91474,0.91173,0.91191,3457
1641211200,0.912,0.91518,0.9116,0.91479,4795
1641225600,0.9148,0.92002,0.91464,0.91921,7048
1641240000,0.91921,0.91925,0.91804,0.91881,2477
1641254400,0.9186,0.91895,0.91731,0.9176,1446
1641268800,0.9176,0.91903,0.91738,0.918,1679
1641283200,0.918,0.9193,0.91747,0.91781,4075
1641297600,0.91781,0.91908,0.91716,0.91743,5125
1641312000,0.91744,0.91757,0.91366,0.91547,6207
1641326400,0.91547,0.917,0.91542,0.9163,2802
1641340800,0.91565,0.91684,0.9153,0.91632,1680
1641355200,0.91632,0.91666,0.91587,0.91605,1497
1641369600,0.91605,0.91613,0.91412,0.91583,3455
1641384000,0.91584,0.91696,0.91482,0.91556,5586
1641398400,0.91556,0.91647,0.91456,0.91612,5311
1641412800,0.91612,0.91834,0.91547,0.91734,4599
1641427200,0.91642,0.91836,0.91642,0.91698,1860
1641441600,0.91698,0.91829,0.91693,0.9178,2239
1641456000,0.91779,0.91993,0.91778,0.91867,4441
1641470400,0.91866,0.9195,0.91724,0.91844,5794
1641484800,0.91845,0.92076,0.91681,0.92045,7723
1641499200,0.92048,0.9224,0.92041,0.92129,3159
1641513600,0.92085,0.92181,0.92064,0.921,1308
1641528000,0.921,0.92152,0.92091,0.92112,1132
1641542400,0.92112,0.92173,0.92015,0.92123,3457
1641556800,0.92126,0.92324,0.92065,0.92274,5401
1641571200,0.92274,0.9231,0.91869,0.91878,7772
1641585600,0.91878,0.91912,0.91821,0.91837,2000
1641772800,0.91863,0.91929,0.918,0.91901,1443
1641787200,0.91901,0.92081,0.91882,0.92046,1479
1641801600,0.92046,0.92164,0.91946,0.92098,5062
1641816000,0.92099,0.92542,0.92053,0.92528,6346
1641830400,0.92528,0.92673,0.9247,0.9262,7980
1641844800,0.92621,0.92753,0.92603,0.92715,3283
1641859200,0.9273,0.92732,0.92636,0.92695,1537
1641873600,0.92695,0.92714,0.92588,0.92628,1282
1641888000,0.92628,0.92665,0.9242,0.92622,4816
1641902400,0.92622,0.92723,0.92576,0.92719,5945
1641916800,0.92719,0.92781,0.92348,0.92479,7439
1641931200,0.92479,0.92488,0.92329,0.92348,2837
1641945600,0.92326,0.92365,0.92291,0.92348,1012
1641960000,0.92348,0.92355,0.92316,0.92335,924
1641974400,0.92331,0.92443,0.92314,0.92323,4206
1641988800,0.92323,0.9238,0.91883,0.91925,6495
1642003200,0.91918,0.92061,0.91301,0.91331,8699
1642017600,0.91331,0.91439,0.91326,0.91426,3729
1642032000,0.91429,0.91479,0.91369,0.9146,1555
1642046400,0.9146,0.91482,0.9141,0.91479,1603
1642060800,0.91479,0.91484,0.91169,0.91253,5215
1642075200,0.91253,0.91365,0.91058,0.91058,6278
1642089600,0.91055,0.91112,0.9092,0.91051,7529
1642104000,0.91049,0.91149,0.91015,0.91125,3155
1642118400,0.91109,0.91168,0.91042,0.91074,1906
1642132800,0.91071,0.91087,0.90954,0.90978,2086
1642147200,0.90978,0.91102,0.90945,0.91101,5055
1642161600,0.91101,0.91188,0.91016,0.91136,6079
1642176000,0.91135,0.91419,0.9102,0.91409,8791
1642190400,0.91409,0.91414,0.91326,0.9138,3154
1642377600,0.91242,0.91588,0.91225,0.9155,1994
1642392000,0.9155,0.91556,0.91411,0.91438,1638
1642406400,0.91437,0.91494,0.9122,0.91358,4206
1642420800,0.91357,0.91564,0.91283,0.91408,5322
1642435200,0.91406,0.91464,0.91314,0.91405,4287
1642449600,0.91406,0.91444,0.91388,0.91424,855
1642464000,0.91317,0.91436,0.91286,0.91335,1399
1642478400,0.91334,0.91664,0.91321,0.91546,3102
1642492800,0.91546,0.9158,0.91405,0.91471,6753
1642507200,0.91472,0.91645,0.9139,0.91505,6706
1642521600,0.91505,0.91758,0.91503,0.91737,7719
1642536000,0.91737,0.91792,0.91656,0.91726,3880
1642550400,0.91736,0.91776,0.91668,0.91706,2073
1642564800,0.91706,0.91731,0.91561,0.91572,2154
1642579200,0.91572,0.9165,0.91501,0.91579,4532
1642593600,0.91579,0.91646,0.91445,0.91631,5057
1642608000,0.91631,0.91699,0.91487,0.91573,7072
1642622400,0.91573,0.91625,0.91493,0.91572,3248
1642636800,0.91566,0.91597,0.91421,0.91455,2372
1642651200,0.91455,0.91583,0.91449,0.9156,2289
1642665600,0.91562,0.91586,0.91392,0.91549,4562
1642680000,0.9155,0.91617,0.91446,0.91487,6011
1642694400,0.91481,0.91687,0.91414,0.91684,7598
1642708800,0.91684,0.91812,0.91662,0.91726,4090
1642723200,0.91676,0.91747,0.91588,0.9159,2348
1642737600,0.9159,0.9164,0.91486,0.91526,2421
1642752000,0.91525,0.91551,0.91169,0.9124,5462
1642766400,0.9124,0.91335,0.91173,0.9119,4921
1642780800,0.91189,0.91258,0.9108,0.91155,7308
1642795200,0.91155,0.91233,0.91113,0.91199,3219
1642982400,0.91133,0.91337,0.91087,0.91316,1739
1642996800,0.91316,0.91415,0.91309,0.91397,1657
1643011200,0.91393,0.91431,0.91091,0.91162,5111
1643025600,0.91162,0.9139,0.91096,0.91358,6876
1643040000,0.91359,0.91587,0.91297,0.91311,9299
1643054400,0.91312,0.91452,0.91251,0.91408,4232
1643068800,0.91261,0.9151,0.91261,0.91503,1855
1643083200,0.91503,0.91615,0.91481,0.91607,1613
1643097600,0.91608,0.91965,0.91589,0.91919,5105
1643112000,0.91919,0.92036,0.91847,0.91854,6026
1643126400,0.91854,0.91985,0.91764,0.91931,6374
1643140800,0.9193,0.91939,0.91796,0.91799,3155
1643155200,0.91677,0.91815,0.91653,0.91796,1562
1643169600,0.91796,0.91798,0.91714,0.91746,1304
1643184000,0.91745,0.92067,0.91735,0.92021,3887
1643198400,0.92021,0.92101,0.91977,0.92036,5267
1643212800,0.92036,0.92162,0.91887,0.92089,6022
1643227200,0.92089,0.92464,0.92002,0.92416,9096
1643241600,0.92322,0.92454,0.9227,0.92417,2694
1643256000,0.92417,0.92488,0.92374,0.92453,2447
1643270400,0.92453,0.92744,0.92431,0.92733,5794
1643284800,0.92742,0.93224,0.92737,0.9316,7639
1643299200,0.93163,0.93379,0.92993,0.93145,8754
1643313600,0.93145,0.93169,0.93056,0.931,3938
1643328000,0.93059,0.93166,0.93045,0.93067,1730
1643342400,0.93069,0.93069,0.92967,0.92976,1330
1643356800,0.92976,0.93226,0.92965,0.93105,4912
1643371200,0.93106,0.93295,0.92979,0.93014,7379
1643385600,0.93012,0.93203,0.92902,0.93122,8532
1643400000,0.93121,0.93154,0.93069,0.93104,3274
1643587200,0.93037,0.9319,0.93035,0.93119,1755
1643601600,0.93119,0.93161,0.9308,0.9309,1625
1643616000,0.93091,0.93264,0.93059,0.9318,4519
1643630400,0.9318,0.9343,0.92976,0.92988,6064
1643644800,0.92988,0.93178,0.92949,0.92996,8173
1643659200,0.92996,0.93,0.92516,0.92687,3952
1643673600,0.92692,0.92772,0.92635,0.92728,1329
1643688000,0.92727,0.92746,0.92503,0.9254,1618
1643702400,0.9254,0.92596,0.92243,0.92283,5114
1643716800,0.92283,0.92338,0.92041,0.92163,5408
1643731200,0.92165,0.92367,0.92116,0.92201,8149
1643745600,0.92201,0.92227,0.92089,0.92102,3492
1643760000,0.92098,0.92142,0.92062,0.921,1287
1643774400,0.92099,0.92144,0.9209,0.92101,1135
1643788800,0.921,0.92222,0.91917,0.91998,4390
1643803200,0.92001,0.92026,0.91782,0.91991,6344
1643817600,0.91988,0.92023,0.91792,0.91805,7193
1643832000,0.91806,0.91918,0.91791,0.91897,2935
1643846400,0.91813,0.91983,0.91813,0.91931,1823
1643860800,0.91931,0.91988,0.91883,0.91958,1677
1643875200,0.91958,0.92246,0.91951,0.92238,4478
1643889600,0.92237,0.92358,0.9192,0.91978,8841
1643904000,0.91974,0.92181,0.91771,0.91944,12318
1643918400,0.91948,0.92156,0.91924,0.92032,3969
1643932800,0.91933,0.92077,0.91933,0.91954,1679
1643947200,0.91954,0.92025,0.9193,0.92024,1921
1643961600,0.92024,0.9227,0.91981,0.92122,6760
1643976000,0.92123,0.92562,0.92114,0.92459,8838
1643990400,0.92458,0.92588,0.92331,0.92501,10066
1644004800,0.92502,0.92573,0.92459,0.92551,3224
1644192000,0.92505,0.92576,0.92381,0.92576,2072
1644206400,0.92573,0.92619,0.92507,0.92538,1835
1644220800,0.92538,0.9257,0.92395,0.92488,5587
1644235200,0.92488,0.92512,0.92283,0.92365,6443
1644249600,0.92367,0.92497,0.92215,0.92471,7229
1644264000,0.92471,0.92473,0.92307,0.92355,2544
1644278400,0.92368,0.92396,0.92299,0.92394,1867
1644292800,0.92394,0.92541,0.9239,0.92538,2019
1644307200,0.92538,0.9263,0.92328,0.92364,5990
1644321600,0.92365,0.9247,0.9226,0.92383,5568
1644336000,0.92392,0.92519,0.92372,0.92471,5640
1644350400,0.92477,0.92566,0.92432,0.92515,2744
1644364800,0.92423,0.92546,0.92423,0.92472,1449
1644379200,0.92472,0.92497,0.92398,0.92493,1782
1644393600,0.92492,0.9252,0.92307,0.92361,4605
1644408000,0.9236,0.92396,0.92221,0.92262,4952
1644422400,0.92262,0.92393,0.92235,0.92336,6015
1644436800,0.92336,0.92469,0.92302,0.92424,2910
1644451200,0.92426,0.92477,0.92394,0.92419,1422
1644465600,0.92418,0.9247,0.92366,0.92445,1356
1644480000,0.92445,0.9245,0.92304,0.92351,4696
1644494400,0.92352,0.92894,0.92319,0.92747,6563
1644508800,0.92757,0.92972,0.92268,0.92427,11327
1644523200,0.92428,0.92731,0.92366,0.92531,6235
1644537600,0.92489,0.92706,0.92468,0.92612,2050
1644552000,0.92612,0.92795,0.92585,0.92723,1766
1644566400,0.92723,0.92871,0.92676,0.92768,6219
1644580800,0.92768,0.9282,0.92464,0.9269,5931
1644595200,0.92695,0.92714,0.92504,0.92577,8194
1644609600,0.92579,0.92762,0.92383,0.92437,11160
1644796800,0.92458,0.9253,0.9239,0.9248,2930
1644811200,0.9248,0.92633,0.9248,0.92532,2491
1644825600,0.92532,0.92604,0.92378,0.92426,6912
1644840000,0.92426,0.9265,0.92385,0.92562,8214
1644854400,0.92563,0.92725,0.92466,0.92551,8317
1644868800,0.92549,0.926,0.92444,0.92444,5702
1644883200,0.924,0.92468,0.92352,0.9237,1889
1644897600,0.9237,0.92429,0.92357,0.92393,2312
1644912000,0.92393,0.92693,0.92336,0.92521,6685
1644926400,0.92521,0.92551,0.92272,0.92328,7289
1644940800,0.92328,0.92736,0.92266,0.92623,8216
1644955200,0.92623,0.92623,0.92513,0.92515,2586
1644969600,0.92491,0.92596,0.92467,0.92535,1215
1644984000,0.92537,0.92564,0.92516,0.92533,1231
1644998400,0.92534,0.92608,0.9242,0.9244,5320
1645012800,0.9244,0.92584,0.92354,0.92384,6090
1645027200,0.92384,0.92421,0.92154,0.92188,6448
1645041600,0.9219,0.92239,0.92064,0.92212,5267
1645056000,0.92157,0.92215,0.92111,0.92123,1674
1645070400,0.92123,0.92289,0.92118,0.92134,5218
1645084800,0.92131,0.9229,0.92086,0.92141,7980
1645099200,0.92138,0.92214,0.91954,0.92011,6950
1645113600,0.92013,0.92118,0.91886,0.92039,9072
1645128000,0.92038,0.92059,0.91985,0.92013,3466
1645142400,0.91969,0.92129,0.91938,0.92104,2680
1645156800,0.92107,0.92148,0.92067,0.92125,2238
1645171200,0.92125,0.92182,0.92036,0.92055,4767
1645185600,0.92055,0.92181,0.91963,0.92058,5911
1645200000,0.92058,0.92177,0.91915,0.9211,8403
1645214400,0.9211,0.92154,0.92072,0.92124,3258
1645401600,0.92061,0.92169,0.9199,0.92033,2582
1645416000,0.92033,0.92035,0.91951,0.9201,1622
1645430400,0.9201,0.9205,0.9178,0.91786,4069
1645444800,0.91785,0.91794,0.91603,0.91703,5013
1645459200,0.91705,0.91747,0.91502,0.91542,4955
1645473600,0.91543,0.91652,0.91524,0.91587,2199
1645488000,0.91539,0.91693,0.91536,0.91659,3691
1645502400,0.91659,0.91671,0.91573,0.916,2367
1645516800,0.91598,0.91898,0.91514,0.91859,7095
1645531200,0.9186,0.91984,0.9177,0.91975,8096
1645545600,0.91978,0.92278,0.91929,0.92082,7771
1645560000,0.92083,0.92187,0.92058,0.92164,4493
1645574400,0.92047,0.92161,0.92035,0.92083,1217
1645588800,0.9208,0.92132,0.92042,0.92061,1376
1645603200,0.9206,0.92188,0.92002,0.92016,5056
1645617600,0.92019,0.92052,0.91832,0.91848,5563
1645632000,0.91848,0.91851,0.9168,0.91808,6226
1645646400,0.91808,0.91857,0.91775,0.91836,2938
1645660800,0.91757,0.91879,0.91726,0.91863,2824
1645675200,0.91863,0.91923,0.91726,0.91843,8041
1645689600,0.9184,0.92158,0.9174,0.92136,11538
1645704000,0.92135,0.92475,0.92124,0.9233,12822
1645718400,0.9233,0.9289,0.92186,0.92572,13001
1645732800,0.92578,0.92638,0.92432,0.92542,9378
1645747200,0.92422,0.92594,0.92419,0.92445,3648
1645761600,0.92445,0.92468,0.92287,0.92291,3339
1645776000,0.92292,0.92661,0.92292,0.92625,7888
1645790400,0.92625,0.9275,0.92558,0.92706,8872
1645804800,0.92706,0.92842,0.92632,0.92778,8184
1645819200,0.92779,0.92779,0.92533,0.92536,3597
1646006400,0.92661,0.92782,0.92339,0.92686,6967
1646020800,0.92683,0.92746,0.92605,0.92606,4028
1646035200,0.92607,0.92663,0.92219,0.92261,8100
1646049600,0.92262,0.92382,0.91855,0.9188,9138
1646064000,0.91879,0.91987,0.9172,0.91877,9546
1646078400,0.91876,0.9188,0.91664,0.91681,4460
1646092800,0.91673,0.91918,0.91651,0.91916,1996
1646107200,0.91916,0.91946,0.91804,0.91836,2251
1646121600,0.91836,0.91856,0.91501,0.91649,5940
1646136000,0.91645,0.92051,0.9158,0.91904,9122
1646150400,0.91904,0.92029,0.91802,0.9197,10432
1646164800,0.9197,0.9201,0.91783,0.91887,6365
1646179200,0.91805,0.91969,0.91774,0.91946,1493
1646193600,0.91946,0.92043,0.91914,0.91915,2204
1646208000,0.91915,0.92056,0.91665,0.91711,8296
1646222400,0.91711,0.92086,0.91693,0.91987,7476
1646236800,0.91987,0.92398,0.91982,0.9222,11378
1646251200,0.92221,0.92234,0.92011,0.92033,4544
1646265600,0.92015,0.92155,0.91995,0.92115,2444
1646280000,0.92115,0.92166,0.92007,0.92032,2413
1646294400,0.92031,0.92089,0.91896,0.91985,4898
1646308800,0.91986,0.9207,0.91867,0.92,6366
1646323200,0.92001,0.92096,0.91792,0.91983,9320
1646337600,0.91985,0.91996,0.91748,0.91748,4480
1646352000,0.91704,0.9195,0.91698,0.91927,5434
1646366400,0.91928,0.91956,0.91809,0.91897,4277
1646380800,0.91893,0.91968,0.91793,0.91886,5515
1646395200,0.91886,0.92093,0.91667,0.92006,8986
1646409600,0.92006,0.92103,0.91748,0.91859,9874
1646424000,0.91862,0.9195,0.91636,0.91693,3697
1646611200,0.9169,0.92161,0.91653,0.92084,5167
1646625600,0.92084,0.92143,0.91973,0.92055,4533
1646640000,0.92054,0.92491,0.91992,0.92454,8210
1646654400,0.92455,0.92588,0.92297,0.92461,10198
1646668800,0.92461,0.92721,0.92368,0.92653,11466
1646683200,0.92655,0.92685,0.92517,0.9255,7030
1646697600,0.92552,0.92616,0.92532,0.92571,2796
1646712000,0.92571,0.9263,0.92492,0.92603,3340
1646726400,0.92603,0.92899,0.92487,0.92873,9238
1646740800,0.92873,0.92934,0.92526,0.92822,8974
1646755200,0.92825,0.93067,0.92681,0.92883,12649
1646769600,0.92886,0.92959,0.92828,0.92908,6957
1646784000,0.92708,0.93029,0.92708,0.92949,2515
1646798400,0.92947,0.92974,0.92775,0.92835,2652
1646812800,0.92836,0.92925,0.92747,0.92781,6201
1646827200,0.9278,0.92859,0.92733,0.92803,7245
1646841600,0.92803,0.92888,0.92505,0.92586,10825
1646856000,0.92587,0.92712,0.92568,0.92659,4876
1646870400,0.92624,0.92838,0.92561,0.9279,2612
1646884800,0.9279,0.92831,0.92761,0.92764,2417
1646899200,0.92764,0.92777,0.92592,0.92682,6877
1646913600,0.92677,0.93025,0.92551,0.93014,10470
1646928000,0.93013,0.93095,0.92694,0.93046,10036
1646942400,0.93046,0.93077,0.92994,0.93029,3687
1646956800,0.92897,0.9308,0.92897,0.93047,2050
1646971200,0.93047,0.93093,0.92949,0.93068,3935
1646985600,0.93068,0.93208,0.92949,0.93184,6506
1647000000,0.93184,0.932,0.92955,0.93144,8625
1647014400,0.93144,0.93469,0.93124,0.93404,8433
1647028800,0.93404,0.93498,0.9334,0.93486,3812
1647216000,0.93387,0.93635,0.93299,0.93575,2300
1647230400,0.93573,0.93634,0.93528,0.93544,2994
1647244800,0.93544,0.93637,0.93508,0.9356,5073
1647259200,0.93563,0.93619,0.93203,0.9351,7168
1647273600,0.9351,0.93665,0.93402,0.93636,7457
1647288000,0.93636,0.93864,0.93588,0.93862,3918
1647302400,0.93789,0.93879,0.93753,0.93873,1572
1647316800,0.93874,0.93975,0.9381,0.93934,3818
1647331200,0.93933,0.94102,0.93719,0.93827,6525
1647345600,0.93827,0.93957,0.93784,0.93915,6879
1647360000,0.93918,0.94318,0.93831,0.94198,9252
1647374400,0.94196,0.94286,0.94039,0.94163,4276
1647388800,0.94078,0.94174,0.93998,0.94083,2045
1647403200,0.94084,0.94104,0.93924,0.94009,2862
1647417600,0.94009,0.94113,0.93901,0.94004,5171
1647432000,0.94004,0.94118,0.93904,0.94058,6306
1647446400,0.94059,0.94254,0.93913,0.94224,8470
1647460800,0.94225,0.94603,0.9398,0.94055,9803
1647475200,0.94023,0.94302,0.93956,0.94011,3094
1647489600,0.94012,0.94103,0.93947,0.93984,3582
1647504000,0.93984,0.94177,0.93951,0.94057,4836
1647518400,0.94057,0.94088,0.93919,0.94053,6934
1647532800,0.94053,0.94053,0.93388,0.93398,5996
1647547200,0.93399,0.93763,0.9336,0.93696,3558
1647561600,0.93711,0.93738,0.93534,0.93669,2042
1647576000,0.93668,0.93715,0.93584,0.93642,3007
1647590400,0.93642,0.93825,0.93531,0.93534,4394
1647604800,0.93534,0.93665,0.93329,0.93628,5918
1647619200,0.93628,0.93732,0.93155,0.93234,7748
1647633600,0.93234,0.93331,0.93139,0.9317,3265
1647820800,0.93141,0.93322,0.93126,0.93208,1458
1647835200,0.93209,0.93345,0.93179,0.9333,1688
1647849600,0.93328,0.93523,0.93013,0.93016,3771
1647864000,0.93016,0.93157,0.92956,0.93102,5253
1647878400,0.93102,0.93168,0.92941,0.93147,6709
1647892800,0.93145,0.93377,0.93143,0.93362,4919
1647907200,0.93354,0.93629,0.93321,0.93579,1906
1647921600,0.93581,0.93663,0.93495,0.9363,3564
1647936000,0.9363,0.93756,0.93399,0.93399,4821
1647950400,0.93399,0.93679,0.93211,0.93249,7111
1647964800,0.93252,0.93316,0.93138,0.93301,7533
1647979200,0.933,0.93351,0.93256,0.93285,3240
1647993600,0.933,0.93432,0.93216,0.93401,2617
1648008000,0.93401,0.93503,0.93277,0.93472,3821
1648022400,0.93472,0.93558,0.93366,0.93461,4147
1648036800,0.93461,0.93576,0.93387,0.93444,6375
1648051200,0.93445,0.93527,0.93079,0.93141,7075
1648065600,0.93142,0.93189,0.93011,0.9305,3488
1648080000,0.93018,0.93145,0.9296,0.9313,2200
1648094400,0.9313,0.93235,0.93115,0.93201,2973
1648108800,0.93201,0.93447,0.9318,0.9339,4829
1648123200,0.93389,0.9341,0.93021,0.93058,6738
1648137600,0.93057,0.93232,0.93036,0.93194,8137
1648152000,0.93194,0.932,0.93018,0.93019,3609
1648166400,0.93002,0.93022,0.92761,0.92775,2378
1648180800,0.92775,0.92801,0.92602,0.92705,4551
1648195200,0.92706,0.92783,0.92641,0.92713,4548
1648209600,0.92713,0.92781,0.92606,0.92733,5091
1648224000,0.92732,0.93097,0.92709,0.93041,8940
1648238400,0.93037,0.93135,0.93021,0.93043,3469
1648425600,0.93004,0.93183,0.92984,0.93183,2248
1648440000,0.93183,0.93406,0.93161,0.9338,4830
1648454400,0.9338,0.93813,0.93359,0.93617,7370
1648468800,0.93624,0.93719,0.93423,0.93525,8875
1648483200,0.93529,0.93666,0.93353,0.93378,8625
1648497600,0.93379,0.93604,0.93334,0.93473,4049
1648512000,0.93362,0.93564,0.93326,0.93506,3001
1648526400,0.93505,0.9351,0.93263,0.93388,4837
1648540800,0.93387,0.93737,0.93288,0.93691,6350
1648555200,0.93691,0.9374,0.93205,0.93281,10035
1648569600,0.93272,0.93319,0.92977,0.93218,10042
1648584000,0.93217,0.93282,0.93061,0.93071,4014
1648598400,0.93051,0.93135,0.93007,0.93014,3127
1648612800,0.93014,0.93018,0.92765,0.92849,6267
1648627200,0.9285,0.92905,0.92511,0.92537,7485
1648641600,0.92536,0.92725,0.92428,0.92618,7743
1648656000,0.92619,0.92675,0.92201,0.92278,8023
1648670400,0.92278,0.92352,0.92231,0.92322,3115
1648684800,0.92264,0.92385,0.92236,0.92255,3035
1648699200,0.92256,0.92495,0.9223,0.92483,4342
1648713600,0.92483,0.9259,0.92291,0.92465,6697
1648728000,0.92468,0.9254,0.92334,0.92464,7448
1648742400,0.92467,0.9253,0.9195,0.92223,10155
1648756800,0.92223,0.92425,0.92123,0.92287,4184
1648771200,0.92221,0.92439,0.92165,0.92424,2431
1648785600,0.92424,0.92496,0.92378,0.92455,3767
1648800000,0.92454,0.92456,0.92208,0.92392,6497
1648814400,0.92395,0.92581,0.92366,0.92574,6517
1648828800,0.92574,0.92799,0.92496,0.92586,7687
1648843200,0.92583,0.926,0.9247,0.92567,3257
1649030400,0.92521,0.92649,0.92435,0.92551,2141
1649044800,0.92551,0.92675,0.92551,0.92646,3082
1649059200,0.92646,0.92709,0.92469,0.92688,5685
1649073600,0.92688,0.9281,0.925,0.92562,5272
1649088000,0.92564,0.9269,0.9245,0.9265,6549
1649102400,0.92649,0.92688,0.92608,0.9265,3441
1649116800,0.92626,0.92671,0.92542,0.92574,2178
1649131200,0.92572,0.92677,0.92564,0.92645,2816
1649145600,0.92645,0.92666,0.92506,0.92631,5550
1649160000,0.92632,0.92633,0.92439,0.92474,5576
1649174400,0.92474,0.92972,0.92374,0.92963,8114
1649188800,0.92964,0.92982,0.92885,0.92948,3424
1649203200,0.92946,0.93108,0.92898,0.93084,2183
1649217600,0.93084,0.93154,0.9298,0.93106,3730
1649232000,0.93108,0.93499,0.93067,0.93249,6947
1649246400,0.93249,0.93386,0.93219,0.93301,6385
1649260800,0.933,0.93395,0.93194,0.93262,7158
1649275200,0.93262,0.93443,0.93055,0.93311,7081
1649289600,0.93286,0.93343,0.93142,0.93219,2249
1649304000,0.93219,0.93298,0.93183,0.93281,3242
1649318400,0.93281,0.93328,0.93175,0.93298,5914
1649332800,0.93297,0.93478,0.93255,0.93348,6684
1649347200,0.93345,0.9344,0.93204,0.93422,7662
1649361600,0.93423,0.93453,0.93297,0.93409,3894
1649376000,0.93342,0.93478,0.93314,0.93442,2563
1649390400,0.93442,0.93532,0.93402,0.93523,2757
1649404800,0.93524,0.93533,0.93398,0.93516,5391
1649419200,0.93516,0.93625,0.93453,0.93625,5541
1649433600,0.93625,0.93738,0.93271,0.93364,7279
1649448000,0.93365,0.93432,0.93347,0.93412,2945
1649635200,0.93093,0.93502,0.93053,0.93496,2440
1649649600,0.93495,0.93646,0.9342,0.93555,4205
1649664000,0.93554,0.93718,0.93413,0.93446,5938
1649678400,0.93443,0.93482,0.93288,0.93311,5321
1649692800,0.93305,0.93435,0.93036,0.93096,7166
1649707200,0.93096,0.93168,0.93061,0.93114,3495
1649721600,0.93059,0.93225,0.93052,0.93172,1675
1649736000,0.93172,0.93223,0.9305,0.93112,2954
1649750400,0.93112,0.93448,0.93068,0.93308,6631
1649764800,0.93309,0.93336,0.92899,0.92912,6251
1649779200,0.92913,0.93186,0.92867,0.93132,9579
1649793600,0.93132,0.93286,0.93111,0.93286,4641
1649808000,0.93264,0.9338,0.93206,0.9336,1561
1649822400,0.9336,0.93363,0.93214,0.93278,2527
1649836800,0.93276,0.9343,0.9314,0.93177,5902
1649851200,0.93177,0.93562,0.93157,0.9356,6330
1649865600,0.93562,0.93563,0.93246,0.93396,8812
1649880000,0.9339,0.93515,0.93358,0.93469,4462
1649894400,0.93286,0.93526,0.93286,0.93495,2217
1649908800,0.93493,0.93532,0.93242,0.93277,3107
1649923200,0.93278,0.93508,0.93248,0.93507,5274
1649937600,0.93509,0.93771,0.93417,0.93747,7177
1649952000,0.93747,0.94335,0.93744,0.94298,11352
1649966400,0.94296,0.94327,0.94217,0.94233,3711
1649980800,0.94184,0.94332,0.94118,0.94264,2413
1649995200,0.94261,0.94427,0.94226,0.94284,4886
1650009600,0.94285,0.94366,0.94118,0.94228,9329
1650024000,0.94228,0.94253,0.94176,0.94191,4627
1650038400,0.9419,0.94341,0.94173,0.94261,4633
1650052800,0.94261,0.94365,0.94196,0.94276,900
1650240000,0.94137,0.94374,0.94094,0.94309,2799
1650254400,0.94309,0.9445,0.94226,0.94441,3680
1650268800,0.9444,0.94487,0.94317,0.9447,3588
1650283200,0.9447,0.9447,0.94211,0.94344,3581
1650297600,0.94345,0.94534,0.94256,0.94465,5810
1650312000,0.94465,0.94483,0.94409,0.9448,3812
1650326400,0.94325,0.9462,0.94302,0.94553,2516
1650340800,0.94554,0.94662,0.94495,0.9459,4531
1650355200,0.9459,0.94654,0.94415,0.94607,6963
1650369600,0.94607,0.9492,0.94338,0.94466,7073
1650384000,0.9446,0.94973,0.94459,0.94933,8650
1650398400,0.94933,0.95235,0.94878,0.95232,4422
1650412800,0.95161,0.95308,0.95138,0.95274,2744
1650427200,0.95274,0.95362,0.95071,0.95082,7050
1650441600,0.95085,0.95149,0.94802,0.94804,5802
1650456000,0.94807,0.94898,0.94545,0.94831,7239
1650470400,0.9483,0.94924,0.946,0.94886,8655
1650484800,0.94893,0.94915,0.94762,0.94857,5191
1650499200,0.94849,0.94998,0.94832,0.94973,2786
1650513600,0.94973,0.95145,0.94949,0.95066,4532
1650528000,0.95066,0.95079,0.94572,0.94838,7964
1650542400,0.94836,0.95,0.94708,0.94896,6736
1650556800,0.94897,0.95531,0.94877,0.95399,8872
1650571200,0.95406,0.9543,0.95225,0.95351,7057
1650585600,0.95313,0.95471,0.95292,0.9545,2299
1650600000,0.95449,0.95451,0.95307,0.95347,4720
1650614400,0.95346,0.95592,0.95288,0.95555,7618
1650628800,0.95559,0.95607,0.95438,0.95538,6518
1650643200,0.9554,0.95929,0.95433,0.95805,9099
1650657600,0.9581,0.95817,0.95621,0.95668,4442
1650844800,0.95573,0.95751,0.95535,0.95649,3074
1650859200,0.95646,0.9583,0.9563,0.95806,4918
1650873600,0.95805,0.95974,0.95619,0.9587,8949
1650888000,0.95872,0.95918,0.9547,0.95531,7481
1650902400,0.95531,0.95896,0.95526,0.95885,9956
1650916800,0.95885,0.95964,0.95828,0.95954,5328
1650931200,0.95826,0.9593,0.957,0.9575,3612
1650945600,0.95752,0.95904,0.95705,0.95859,6131
1650960000,0.95858,0.96033,0.95823,0.95971,6986
1650974400,0.95966,0.95987,0.95674,0.95715,6704
1650988800,0.95713,0.96133,0.95647,0.96099,8432
1651003200,0.96099,0.96264,0.96081,0.96255,4288
1651017600,0.96196,0.9632,0.96156,0.96268,2611
1651032000,0.9626,0.96389,0.96168,0.96269,4267
1651046400,0.9627,0.96567,0.96244,0.96561,7577
1651060800,0.96562,0.96964,0.96325,0.96889,8095
1651075200,0.96892,0.97012,0.96781,0.96816,9490
1651089600,0.96818,0.96925,0.96745,0.96904,5045
1651104000,0.96647,0.96996,0.96517,0.96953,2564
1651118400,0.96953,0.9718,0.9689,0.97088,5684
1651132800,0.97088,0.97205,0.96805,0.97143,9925
1651147200,0.97144,0.97591,0.9702,0.97571,9564
1651161600,0.9757,0.97585,0.97049,0.97057,10931
1651176000,0.97059,0.97232,0.97047,0.97198,5540
1651190400,0.97103,0.97225,0.97098,0.97106,1918
1651204800,0.97109,0.97218,0.96998,0.97097,3861
1651219200,0.97092,0.97158,0.96797,0.96859,7784
1651233600,0.96859,0.9736,0.96842,0.97242,8130
1651248000,0.97243,0.97365,0.96711,0.97222,10022
1651262400,0.97224,0.97352,0.96992,0.97346,5257
1651449600,0.96843,0.97479,0.96843,0.97472,2657
1651464000,0.97472,0.97498,0.97343,0.97478,3815
1651478400,0.97479,0.97499,0.97144,0.97145,4672
1651492800,0.97145,0.97627,0.97145,0.97605,3382
1651507200,0.97604,0.97849,0.97518,0.97794,5064
1651521600,0.97794,0.97893,0.97736,0.97765,3286
1651536000,0.97758,0.97836,0.9763,0.97675,1468
1651550400,0.97675,0.97907,0.97665,0.97906,2057
1651564800,0.97906,0.97916,0.97736,0.97878,4273
1651579200,0.97879,0.97942,0.97204,0.97355,5452
1651593600,0.97354,0.97996,0.97288,0.9791,6152
1651608000,0.97913,0.97984,0.97791,0.97887,3785
1651622400,0.97764,0.97937,0.97702,0.97895,1565
1651636800,0.97894,0.97994,0.97852,0.97973,2502
1651651200,0.97974,0.98061,0.97813,0.98061,4014
1651665600,0.98061,0.98187,0.97911,0.98011,4285
1651680000,0.98012,0.98389,0.98003,0.9833,5992
1651694400,0.98331,0.98523,0.97208,0.97248,10734
1651708800,0.972,0.97483,0.97195,0.9733,2982
1651723200,0.97328,0.97367,0.97097,0.97309,3755
1651737600,0.97311,0.97987,0.97272,0.97824,6356
1651752000,0.97827,0.98273,0.97537,0.98258,7779
1651766400,0.98261,0.98882,0.98163,0.98755,10197
1651780800,0.98759,0.98899,0.98456,0.985,5171
1651795200,0.98442,0.98604,0.98404,0.98556,2886
1651809600,0.98555,0.98839,0.98548,0.9864,4222
1651824000,0.9864,0.98808,0.98314,0.98456,7476
1651838400,0.98457,0.98797,0.98284,0.98686,7533
1651852800,0.98685,0.98879,0.98275,0.98649,9819
1651867200,0.98649,0.98922,0.98601,0.98852,4775
1652054400,0.9859,0.99078,0.98562,0.99064,3090
1652068800,0.99062,0.99233,0.98997,0.99218,4588
1652083200,0.99218,0.99459,0.99168,0.99364,6975
1652097600,0.99363,0.99392,0.9893,0.99012,6945
1652112000,0.99012,0.99657,0.98983,0.99217,8682
1652126400,0.99221,0.99406,0.99209,0.99387,5095
1652140800,0.99368,0.99386,0.99223,0.99274,2859
1652155200,0.99275,0.99293,0.99121,0.99169,4456
1652169600,0.99169,0.99394,0.99099,0.99326,7509
1652184000,0.99326,0.99749,0.99075,0.99121,7189
1652198400,0.99137,0.99541,0.99057,0.99516,8643
1652212800,0.99516,0.99646,0.99467,0.99602,3752
1652227200,0.99534,0.9964,0.99502,0.9957,2051
1652241600,0.9957,0.99589,0.99456,0.99464,3006
1652256000,0.99466,0.9952,0.98773,0.98861,7281
1652270400,0.9886,0.9962,0.9872,0.99556,7924
1652284800,0.99565,0.99585,0.98739,0.99181,12900
1652299200,0.9918,0.99451,0.99133,0.99388,7702
1652313600,0.99386,0.99515,0.9909,0.99415,2605
1652328000,0.99419,0.9959,0.99387,0.99587,4222
1652342400,0.99587,0.99685,0.9932,0.99652,8202
1652356800,0.99652,0.9976,0.99467,0.99675,8120
1652371200,0.99677,1.00373,0.99596,1.00366,10795
1652385600,1.00362,1.00492,1.00292,1.00292,6668
1652400000,1.00249,1.00355,1.00237,1.00283,2792
1652414400,1.00283,1.00414,1.00171,1.00254,5286
1652428800,1.00253,1.00302,0.99938,1.00018,7401
1652443200,1.00016,1.00174,0.99921,1.0014,6880
1652457600,1.00141,1.0047,1.00045,1.00209,8826
1652472000,1.00206,1.00349,1.00161,1.00204,4090
1652659200,1.00015,1.00313,0.99815,1.00254,2115
1652673600,1.00253,1.0033,1.00175,1.00308,4654
1652688000,1.00309,1.00585,1.00226,1.0046,5747
1652702400,1.0046,1.00645,1.0033,1.00446,5733
1652716800,1.00451,1.00611,1.00241,1.00248,6651
1652731200,1.00252,1.00336,1.00078,1.00185,3369
1652745600,1.00053,1.00227,1.00052,1.00169,2624
1652760000,1.00165,1.00237,1.00138,1.00179,3637
1652774400,1.00179,1.00182,0.99577,0.99637,6621
1652788800,0.99636,0.99741,0.99182,0.99228,7952
1652803200,0.99223,0.99398,0.99189,0.99353,7464
1652817600,0.99348,0.9959,0.99243,0.99361,6488
1652832000,0.99293,0.9944,0.99237,0.99278,2414
1652846400,0.99278,0.99477,0.99278,0.9945,3900
1652860800,0.99452,0.99846,0.99373,0.99736,6088
1652875200,0.99736,0.99776,0.99547,0.99713,6067
1652889600,0.99713,0.99747,0.98623,0.98731,8536
1652904000,0.98728,0.9887,0.98607,0.9881,4547
1652918400,0.9875,0.98852,0.98588,0.98695,3582
1652932800,0.98691,0.98744,0.98528,0.9859,4794
1652947200,0.98589,0.9866,0.97585,0.97631,7573
1652961600,0.97638,0.97809,0.97198,0.97385,7636
1652976000,0.97379,0.97392,0.97095,0.97132,10917
1652990400,0.97136,0.97284,0.96971,0.97269,5324
1653004800,0.96955,0.97339,0.96912,0.97295,2468
1653019200,0.97294,0.97358,0.97051,0.97093,4803
1653033600,0.97094,0.97458,0.9694,0.97275,7792
1653048000,0.97275,0.97364,0.97001,0.97357,7061
1653062400,0.97356,0.97587,0.97314,0.97464,8960
1653076800,0.97463,0.97642,0.97414,0.97459,5119
1653264000,0.97387,0.97513,0.97293,0.97363,2568
1653278400,0.97365,0.97398,0.97127,0.97193,3037
1653292800,0.972,0.97284,0.96894,0.96896,6577
1653307200,0.96896,0.96924,0.96296,0.96516,7757
1653321600,0.96517,0.96659,0.96408,0.96636,6979
1653336000,0.96636,0.96692,0.96532,0.96557,3823
1653350400,0.9655,0.96688,0.96515,0.96673,2052
1653364800,0.96673,0.96701,0.96617,0.9667,3370
1653379200,0.96671,0.96676,0.96106,0.96308,7810
1653393600,0.96308,0.96656,0.96239,0.96373,7336
1653408000,0.96373,0.96388,0.95742,0.96053,9556
1653422400,0.96054,0.9611,0.95986,0.96063,4182
1653436800,0.95863,0.96151,0.95858,0.96119,1973
1653451200,0.96114,0.96292,0.96088,0.96227,5048
1653465600,0.96227,0.96305,0.96131,0.96276,7047
1653480000,0.96277,0.96423,0.96073,0.96198,7836
1653494400,0.96191,0.96383,0.96133,0.96383,7257
1653508800,0.96383,0.96387,0.96086,0.96211,5493
1653523200,0.96063,0.96197,0.95971,0.96143,2309
1653537600,0.96143,0.96247,0.96116,0.9624,4272
1653552000,0.9624,0.96327,0.95909,0.95969,6099
1653566400,0.9597,0.9616,0.95828,0.96096,7504
1653580800,0.96097,0.96138,0.95914,0.96067,7233
1653595200,0.96068,0.9608,0.95879,0.95886,3716
1653609600,0.95859,0.95915,0.95829,0.95838,2004
1653624000,0.95838,0.9586,0.95653,0.95772,3914
1653638400,0.95771,0.96023,0.95747,0.95872,6002
1653652800,0.95869,0.95986,0.95489,0.95798,6588
1653667200,0.95791,0.95853,0.95449,0.95779,7147
1653681600,0.95779,0.95848,0.95714,0.95723,2859
1653868800,0.95504,0.95831,0.95419,0.95786,3052
1653883200,0.95786,0.9581,0.95561,0.95639,4557
1653897600,0.95639,0.95893,0.9554,0.95663,5298
1653912000,0.95663,0.96063,0.95654,0.96012,5935
1653926400,0.96019,0.96031,0.95683,0.95753,4788
1653940800,0.95754,0.9578,0.95705,0.95734,1485
1653955200,0.95544,0.96123,0.9548,0.96109,2452
1653969600,0.9611,0.96138,0.95926,0.96003,4710
1653984000,0.96003,0.96164,0.95892,0.96086,5763
1653998400,0.96084,0.96204,0.95794,0.96134,7413
1654012800,0.96126,0.96129,0.95681,0.9584,9997
1654027200,0.95842,0.9599,0.95697,0.95929,3813
1654041600,0.95741,0.96008,0.95701,0.96006,2715
1654056000,0.96005,0.96172,0.96004,0.96142,4407
1654070400,0.96142,0.96186,0.95894,0.96145,5555
1654084800,0.96145,0.96275,0.96014,0.96037,5535
1654099200,0.96035,0.9659,0.95965,0.96355,9398
1654113600,0.96355,0.96376,0.96227,0.96329,3876
1654128000,0.96138,0.96353,0.96138,0.96279,2441
1654142400,0.9628,0.96364,0.96245,0.96286,3537
1654156800,0.96285,0.96356,0.95753,0.96078,6389
1654171200,0.9608,0.96125,0.95807,0.95899,6189
1654185600,0.95897,0.96148,0.95826,0.95874,7817
1654200000,0.95874,0.95914,0.95752,0.95752,3482
1654214400,0.95726,0.95805,0.95677,0.95708,1993
1654228800,0.95708,0.95797,0.95704,0.95796,2846
1654243200,0.95797,0.95839,0.95568,0.95824,4144
1654257600,0.95824,0.96428,0.9581,0.9629,6517
1654272000,0.96264,0.96386,0.96014,0.96236,7656
1654286400,0.96243,0.96304,0.96208,0.96287,2895
1654473600,0.96152,0.96334,0.96079,0.96284,2606
1654488000,0.96284,0.96285,0.9613,0.96161,2421
1654502400,0.96156,0.96238,0.96056,0.96078,4692
1654516800,0.96078,0.96337,0.96055,0.96304,3638
1654531200,0.96304,0.96994,0.96295,0.96964,7612
1654545600,0.96962,0.97143,0.9695,0.97062,3450
1654560000,0.97051,0.97187,0.97005,0.97168,2272
1654574400,0.97167,0.97247,0.97055,0.97192,4387
1654588800,0.9719,0.97587,0.97165,0.97584,6446
1654603200,0.97585,0.9779,0.9754,0.97655,5955
1654617600,0.9767,0.97701,0.97202,0.97332,8077
1654632000,0.97331,0.97413,0.97159,0.97267,3284
1654646400,0.97203,0.97417,0.97113,0.97415,1984
1654660800,0.97415,0.97527,0.97381,0.97527,4100
1654675200,0.97528,0.97889,0.97368,0.97885,5796
1654689600,0.97886,0.97888,0.97533,0.97735,6955
1654704000,0.97735,0.9776,0.97302,0.97573,7676
1654718400,0.97576,0.97882,0.97575,0.97848,3027
1654732800,0.97695,0.97932,0.97693,0.97893,2094
1654747200,0.97893,0.9791,0.97689,0.97784,3220
1654761600,0.97785,0.9801,0.97698,0.97871,5570
1654776000,0.97871,0.97915,0.97517,0.97517,9097
1654790400,0.97519,0.97967,0.97238,0.97808,10851
1654804800,0.97809,0.98175,0.97765,0.98023,4039
1654819200,0.97979,0.98086,0.97939,0.97941,2973
1654833600,0.97942,0.98,0.9789,0.97955,3744
1654848000,0.97954,0.97955,0.97662,0.97906,7104
1654862400,0.97907,0.98665,0.97878,0.98623,8284
1654876800,0.98616,0.98981,0.98477,0.98877,10996
1654891200,0.9888,0.98893,0.98724,0.98726,4339
1655078400,0.98752,0.98997,0.98709,0.98961,3769
1655092800,0.98961,0.99,0.98839,0.98895,5440
1655107200,0.98895,0.99238,0.98818,0.99141,7644
1655121600,0.99141,0.99454,0.99024,0.99174,9562
1655136000,0.99173,0.99787,0.99139,0.99585,10547
1655150400,0.99584,0.99945,0.99463,0.99717,8079
1655164800,0.99684,0.99771,0.99544,0.99574,3124
1655179200,0.99574,0.99775,0.99487,0.99599,7203
1655193600,0.99598,0.99689,0.98736,0.98895,8907
1655208000,0.98895,0.99539,0.98863,0.99508,10575
1655222400,0.99512,1.0028,0.9937,1.00262,12355
1655236800,1.00264,1.00369,1.00012,1.00152,6963
1655251200,1.001,1.00202,0.99891,0.99965,4846
1655265600,0.99965,1.0009,0.99863,1.00082,6361
1655280000,1.00083,1.00197,0.99712,0.99714,11145
1655294400,0.99715,1.00095,0.9961,1.00054,11499
1655308800,1.00054,1.003,0.9991,1.00293,10355
1655323200,1.00292,1.00497,0.99312,0.99424,14059
1655337600,0.99376,0.99624,0.99322,0.99517,4465
1655352000,0.99515,0.99816,0.99487,0.99576,5916
1655366400,0.99577,0.99893,0.9785,0.9799,12039
1655380800,0.97991,0.98174,0.97209,0.97491,13026
1655395200,0.97489,0.97496,0.96439,0.96548,13753
1655409600,0.96547,0.96659,0.96307,0.96658,7828
1655424000,0.96576,0.96871,0.96528,0.96838,5039
1655438400,0.96834,0.97116,0.96808,0.96899,8107
1655452800,0.96898,0.96977,0.9634,0.96553,11467
1655467200,0.96549,0.96741,0.96202,0.96322,9903
1655481600,0.96326,0.97326,0.96296,0.9715,12696
1655496000,0.97149,0.97164,0.96924,0.96962,6837
1655683200,0.96941,0.97121,0.96846,0.96952,3510
1655697600,0.96952,0.96972,0.96592,0.96695,6145
1655712000,0.96695,0.96731,0.96436,0.96543,7932
1655726400,0.9654,0.96668,0.96218,0.96577,7205
1655740800,0.96577,0.96824,0.96551,0.96729,7385
1655755200,0.96729,0.96902,0.96727,0.96765,3506
1655769600,0.9675,0.96793,0.96583,0.96618,3211
1655784000,0.96617,0.96743,0.96574,0.96697,4218
1655798400,0.96693,0.96758,0.96389,0.96486,7684
1655812800,0.96486,0.96837,0.96478,0.96802,8974
1655827200,0.96807,0.96811,0.96324,0.96594,9311
1655841600,0.96597,0.96719,0.96509,0.96623,5611
1655856000,0.96544,0.96798,0.96509,0.96766,3881
1655870400,0.96766,0.96805,0.96578,0.96768,5825
1655884800,0.96766,0.96898,0.96618,0.9677,9055
1655899200,0.96771,0.96811,0.96289,0.96324,9346
1655913600,0.96323,0.96387,0.95806,0.96226,12319
1655928000,0.96224,0.96235,0.96028,0.96119,4743
1655942400,0.96056,0.96197,0.96049,0.96054,3323
1655956800,0.96054,0.96245,0.95985,0.96147,7244
1655971200,0.96148,0.96786,0.96036,0.96771,9861
1655985600,0.96772,0.96772,0.96268,0.96344,9782
1656000000,0.96344,0.96344,0.95675,0.96058,13856
1656014400,0.96059,0.96193,0.95987,0.9615,5967
1656028800,0.95875,0.96272,0.95875,0.9617,2701
1656043200,0.9617,0.96204,0.96006,0.96037,5271
1656057600,0.96037,0.96327,0.95865,0.95972,8048
1656072000,0.95974,0.95985,0.95456,0.95581,9002
1656086400,0.95575,0.95875,0.95217,0.9583,12622
1656100800,0.95831,0.96017,0.95777,0.9586,4745
1656288000,0.95514,0.95831,0.95514,0.95754,3753
1656302400,0.95753,0.95819,0.95642,0.95697,6021
1656316800,0.95697,0.95852,0.95589,0.95809,7256
1656331200,0.95809,0.96202,0.95706,0.96023,8723
1656345600,0.96014,0.96017,0.95429,0.95498,10061
1656360000,0.95499,0.9566,0.95461,0.95625,4715
1656374400,0.95585,0.95673,0.95527,0.95594,2606
1656388800,0.95594,0.95642,0.95512,0.95638,4415
1656403200,0.95637,0.9568,0.9538,0.9541,7924
1656417600,0.95417,0.95846,0.95341,0.95797,9107
1656432000,0.95799,0.9587,0.95584,0.95659,10636
1656446400,0.95659,0.95797,0.95562,0.9573,5448
1656460800,0.95674,0.95743,0.95637,0.95687,2449
1656475200,0.95689,0.95715,0.95505,0.95696,5668
1656489600,0.95696,0.95781,0.95459,0.9554,9485
1656504000,0.9554,0.95545,0.94952,0.95255,10367
1656518400,0.95251,0.95507,0.95187,0.95496,11752
1656532800,0.95498,0.9554,0.95413,0.9547,4092
1656547200,0.95509,0.95552,0.95404,0.9545,3499
1656561600,0.95454,0.95524,0.95369,0.95424,5009
1656576000,0.95425,0.95746,0.95297,0.95579,9046
1656590400,0.95579,0.96052,0.95552,0.95801,9649
1656604800,0.95808,0.95942,0.95348,0.9537,11990
1656619200,0.95369,0.95512,0.95354,0.95482,6250
1656633600,0.95485,0.95573,0.95399,0.95556,4076
1656648000,0.95557,0.95734,0.95488,0.95668,7903
1656662400,0.95672,0.95971,0.9547,0.95809,13426
1656676800,0.95809,0.96261,0.95692,0.96261,13476
1656691200,0.96261,0.96416,0.96015,0.96192,18613
1656705600,0.96191,0.96225,0.95922,0.95965,5889
1656892800,0.96007,0.96049,0.95804,0.95842,6956
1656907200,0.95842,0.95956,0.95817,0.95929,6404
1656921600,0.95929,0.96058,0.95615,0.95989,9080
1656936000,0.95989,0.96104,0.95887,0.96072,9383
1656950400,0.96072,0.96174,0.95984,0.96115,8743
1656964800,0.96115,0.96161,0.96071,0.96117,1902
1656979200,0.96074,0.96114,0.9603,0.96082,3857
1656993600,0.96082,0.96143,0.96032,0.96041,6761
1657008000,0.96042,0.96471,0.95928,0.96439,13328
1657022400,0.96436,0.96747,0.96296,0.96617,15323
1657036800,0.9662,0.97046,0.96584,0.96954,16972
1657051200,0.96954,0.96997,0.96793,0.96848,8778
1657065600,0.96789,0.96893,0.96759,0.96812,4842
1657080000,0.96811,0.96893,0.96718,0.96841,8709
1657094400,0.96841,0.96991,0.96714,0.96915,14556
1657108800,0.96913,0.97255,0.96872,0.97138,15733
1657123200,0.97138,0.97436,0.96881,0.97134,19416
1657137600,0.97134,0.9728,0.96975,0.97071,11727
1657152000,0.96937,0.97082,0.96929,0.97008,4665
1657166400,0.97008,0.97034,0.96848,0.96875,10067
1657180800,0.96875,0.97202,0.96816,0.97145,13123
1657195200,0.97146,0.97417,0.97088,0.97409,15397
1657209600,0.97409,0.97431,0.97194,0.97399,15368
1657224000,0.97399,0.97485,0.97362,0.97403,6432
1657238400,0.97277,0.97434,0.97263,0.97282,4530
1657252800,0.97281,0.97465,0.97229,0.97385,9876
1657267200,0.97385,0.97974,0.97327,0.97708,13626
1657281600,0.97708,0.97925,0.97463,0.97785,15436
1657296000,0.97783,0.97929,0.97524,0.97819,18748
1657310400,0.97816,0.97893,0.97608,0.9765,6774
1657497600,0.97592,0.9789,0.97577,0.97886,6413
1657512000,0.97888,0.97973,0.97761,0.97825,7664
1657526400,0.97825,0.98014,0.97805,0.97935,12134
1657540800,0.97935,0.98243,0.9788,0.98145,12008
1657555200,0.98146,0.98431,0.97905,0.98004,16907
1657569600,0.98006,0.98334,0.97868,0.98297,7068
1657584000,0.98224,0.98341,0.98165,0.98211,4211
1657598400,0.98211,0.98438,0.98195,0.98357,11274
1657612800,0.98356,0.98527,0.98326,0.98468,16237
1657627200,0.98468,0.98586,0.98271,0.98291,17247
1657641600,0.9829,0.98375,0.98037,0.98136,15027
1657656000,0.98134,0.98243,0.98095,0.98158,7383
1657670400,0.98175,0.98266,0.98125,0.98233,3464
1657684800,0.98225,0.98299,0.98115,0.98202,8119
1657699200,0.98202,0.98252,0.97756,0.97875,13943
1657713600,0.97875,0.98198,0.97566,0.98057,15135
1657728000,0.98056,0.9827,0.97625,0.97736,23045
1657742400,0.97737,0.97949,0.97674,0.97893,10453
1657756800,0.97744,0.9817,0.97724,0.98137,4395
1657771200,0.98134,0.98262,0.98107,0.98214,9297
1657785600,0.98214,0.98626,0.98171,0.98446,14436
1657800000,0.9845,0.98517,0.98261,0.98506,15854
1657814400,0.98501,0.98857,0.98223,0.98525,21931
1657828800,0.98527,0.98527,0.98244,0.98348,13919
1657843200,0.98277,0.98389,0.9821,0.98251,4398
1657857600,0.98251,0.98323,0.98102,0.98263,6850
1657872000,0.98263,0.98413,0.98013,0.98024,12094
1657886400,0.98028,0.98095,0.97706,0.97748,13989
1657900800,0.97746,0.98201,0.97706,0.9778,17789
1657915200,0.97776,0.97853,0.9764,0.97648,5660
1658102400,0.9765,0.97697,0.97467,0.97506,3960
1658116800,0.97504,0.97623,0.97367,0.97609,7081
1658131200,0.97609,0.97697,0.97372,0.97451,13254
1658145600,0.97451,0.97898,0.97319,0.97753,12611
1658160000,0.97755,0.97835,0.97309,0.97627,14426
1658174400,0.97627,0.97765,0.97558,0.97727,7842
1658188800,0.97722,0.97831,0.97662,0.97828,3610
1658203200,0.97828,0.97865,0.9765,0.97733,6495
1658217600,0.97733,0.97736,0.96948,0.97002,14693
1658232000,0.97001,0.97104,0.96722,0.96782,15390
1658246400,0.96784,0.96935,0.96541,0.96832,15488
1658260800,0.96832,0.96946,0.96793,0.96891,7700
1658275200,0.9676,0.96921,0.96691,0.96824,4376
1658289600,0.96824,0.96872,0.96778,0.96857,5481
1658304000,0.96857,0.97025,0.96761,0.9696,12650
1658318400,0.96964,0.97166,0.96798,0.96994,14637
1658332800,0.96995,0.97359,0.96849,0.97306,15175
1658347200,0.97308,0.97358,0.97142,0.97144,9016
1658361600,0.97032,0.97196,0.97029,0.97163,6485
1658376000,0.97163,0.97199,0.96947,0.96969,8840
1658390400,0.96969,0.97391,0.96948,0.97239,13120
1658404800,0.97241,0.97333,0.967,0.96717,16372
1658419200,0.96719,0.97261,0.96677,0.96965,20272
1658433600,0.96966,0.96989,0.96647,0.96663,7438
1658448000,0.96658,0.96722,0.96581,0.96715,4293
1658462400,0.96716,0.96898,0.96682,0.96894,5511
1658476800,0.96894,0.9704,0.96685,0.96798,12949
1658491200,0.96799,0.96803,0.96441,0.96604,14524
1658505600,0.96604,0.96645,0.95998,0.96075,17665
1658520000,0.96074,0.96406,0.96033,0.96218,7346
1658707200,0.96236,0.96456,0.9606,0.96431,4309
1658721600,0.96431,0.96431,0.96207,0.96297,7197
1658736000,0.96297,0.966,0.9629,0.96351,12853
1658750400,0.96352,0.96496,0.96179,0.96383,12643
1658764800,0.96381,0.96577,0.96345,0.96517,12049
1658779200,0.96517,0.9653,0.96399,0.96469,4873
1658793600,0.96389,0.96472,0.96339,0.96354,2218
1658808000,0.96354,0.96433,0.96226,0.96433,5002
1658822400,0.96433,0.96554,0.96308,0.96411,9342
1658836800,0.96411,0.96675,0.9635,0.96391,13853
1658851200,0.96391,0.96472,0.96155,0.96248,11250
1658865600,0.96248,0.96364,0.96204,0.96309,5494
1658880000,0.96221,0.96296,0.96169,0.9622,3006
1658894400,0.96225,0.96261,0.9615,0.96166,5779
1658908800,0.96166,0.96379,0.96075,0.96129,9234
1658923200,0.96129,0.9628,0.96044,0.96201,10817
1658937600,0.96196,0.96592,0.96036,0.96557,11570
1658952000,0.96557,0.96574,0.95836,0.95936,16256
1658966400,0.95913,0.95987,0.95786,0.95935,6560
1658980800,0.95935,0.95957,0.9572,0.95899,10055
1658995200,0.95899,0.96045,0.95737,0.9574,12279
1659009600,0.95744,0.96319,0.95663,0.95735,16417
1659024000,0.95736,0.959,0.95568,0.95652,17016
1659038400,0.95652,0.95697,0.95445,0.95461,6148
1659052800,0.95566,0.95596,0.95365,0.95412,4538
1659067200,0.95412,0.95454,0.95142,0.95247,8605
1659081600,0.95245,0.95321,0.9502,0.95251,14281
1659096000,0.95253,0.95712,0.95145,0.95697,14813
1659110400,0.95698,0.9594,0.95075,0.95222,18193
1659124800,0.95222,0.95334,0.9509,0.95134,6046
1659312000,0.952,0.95339,0.9511,0.9516,4930
1659326400,0.9516,0.95182,0.95009,0.9511,8865
1659340800,0.95109,0.95188,0.94949,0.9496,11027
1659355200,0.94959,0.95045,0.94825,0.94963,12008
1659369600,0.94962,0.95137,0.94822,0.94946,14680
1659384000,0.94947,0.95161,0.94947,0.94996,5619
1659398400,0.94894,0.95069,0.94705,0.94837,5882
1659412800,0.94837,0.95043,0.94794,0.94969,10330
1659427200,0.94969,0.95335,0.94952,0.95158,13714
1659441600,0.95163,0.95305,0.95049,0.95228,12997
1659456000,0.95224,0.95595,0.95209,0.95394,19484
1659470400,0.95395,0.95747,0.95379,0.95732,8840
1659484800,0.95727,0.95903,0.95659,0.95848,5498
1659499200,0.95848,0.95855,0.95422,0.95489,7587
1659513600,0.95489,0.95944,0.95482,0.95922,11463
1659528000,0.95922,0.96029,0.957,0.95962,13096
1659542400,0.95966,0.96512,0.9596,0.96266,17843
1659556800,0.96266,0.96301,0.96017,0.96036,6929
1659571200,0.96035,0.96171,0.96017,0.96052,4188
1659585600,0.96054,0.9614,0.96017,0.96102,6340
1659600000,0.96102,0.96229,0.96061,0.96089,9687
1659614400,0.9609,0.96114,0.95799,0.9589,12670
1659628800,0.95891,0.96064,0.95512,0.95565,14673
1659643200,0.95569,0.95592,0.95437,0.95496,5430
1659657600,0.95422,0.95568,0.95389,0.95556,5859
1659672000,0.95555,0.95668,0.95519,0.9565,6146
1659686400,0.9565,0.95743,0.95551,0.95571,8260
1659700800,0.9557,0.96249,0.95378,0.96215,11939
1659715200,0.96221,0.96498,0.96138,0.96221,18598
1659729600,0.96226,0.96239,0.96114,0.96177,4584
1659916800,0.96135,0.96348,0.96118,0.96271,3434
1659931200,0.96271,0.96291,0.96109,0.96116,5822
1659945600,0.96116,0.96157,0.95694,0.95822,9742
1659960000,0.95822,0.9592,0.95644,0.95744,9499
1659974400,0.95743,0.95782,0.9522,0.95522,11412
1659988800,0.95522,0.95651,0.95456,0.95535,5623
1660003200,0.9552,0.9556,0.95486,0.95544,2983
1660017600,0.95545,0.95554,0.95501,0.95511,4773
1660032000,0.95511,0.95531,0.95181,0.95187,7553
1660046400,0.95186,0.95495,0.95163,0.95185,10505
1660060800,0.95188,0.95363,0.95112,0.95355,9456
1660075200,0.95355,0.95463,0.95339,0.95381,4099
1660089600,0.95347,0.9545,0.95296,0.95424,2523
1660104000,0.95424,0.95425,0.95324,0.95368,3542
1660118400,0.95368,0.95408,0.95092,0.95168,7458
1660132800,0.95169,0.9519,0.94071,0.94296,12961
1660147200,0.94295,0.94375,0.93935,0.94062,18190
1660161600,0.94057,0.94306,0.94004,0.94284,6833
1660176000,0.94217,0.94286,0.94205,0.94269,3581
1660190400,0.94269,0.94448,0.94268,0.94413,7190
1660204800,0.94412,0.94459,0.93913,0.93914,9981
1660219200,0.93915,0.94177,0.9382,0.93842,12299
1660233600,0.93845,0.94081,0.93704,0.93951,14406
1660248000,0.93949,0.94235,0.93938,0.94111,6289
1660262400,0.94109,0.94257,0.94074,0.9418,3357
1660276800,0.94177,0.94248,0.94109,0.94162,5435
1660291200,0.94162,0.94267,0.94079,0.9408,8403
1660305600,0.94081,0.94337,0.94081,0.94164,10439
1660320000,0.94164,0.94504,0.94086,0.94191,14137
1660334400,0.94189,0.94254,0.9413,0.94139,3816
1660521600,0.94098,0.94216,0.94059,0.94114,2515
1660536000,0.94114,0.94262,0.94103,0.94236,4803
1660550400,0.94236,0.94615,0.94195,0.94572,8069
1660564800,0.9457,0.94674,0.94207,0.94387,11943
1660579200,0.94384,0.94568,0.94188,0.94523,10499
1660593600,0.94523,0.94711,0.9452,0.94639,4630
1660608000,0.94505,0.94654,0.94505,0.94642,3826
1660622400,0.94642,0.94693,0.94542,0.94654,4740
1660636800,0.94654,0.94922,0.9455,0.94866,10647
1660651200,0.94863,0.95141,0.94847,0.9503,12852
1660665600,0.9503,0.95131,0.94824,0.95057,10828
1660680000,0.95058,0.9507,0.9491,0.94944,6270
1660694400,0.94949,0.95012,0.94861,0.94922,4503
1660708800,0.94922,0.94974,0.94828,0.94903,4761
1660723200,0.94903,0.95221,0.94883,0.95094,11142
1660737600,0.95092,0.95387,0.95,0.95222,12919
1660752000,0.95222,0.95434,0.95116,0.95329,12009
1660766400,0.95326,0.95362,0.94978,0.95146,9144
1660780800,0.95147,0.95191,0.94977,0.95017,3486
1660795200,0.95018,0.95223,0.95007,0.95196,5891
1660809600,0.95196,0.95412,0.95124,0.95352,10687
1660824000,0.95354,0.95444,0.95012,0.95122,12736
1660838400,0.95122,0.95677,0.95055,0.95662,13687
1660852800,0.95663,0.95712,0.95555,0.95692,6060
1660867200,0.95565,0.95818,0.95553,0.9577,4034
1660881600,0.9577,0.95925,0.95708,0.95891,5100
1660896000,0.95891,0.95919,0.95667,0.95715,10120
1660910400,0.95715,0.95749,0.95531,0.95616,10900
1660924800,0.95618,0.9598,0.95588,0.95932,10858
1660939200,0.95932,0.95935,0.95822,0.95883,4406
1661126400,0.95777,0.95983,0.95768,0.95978,3780
1661140800,0.95978,0.95984,0.95841,0.95897,5357
1661155200,0.95898,0.96052,0.95799,0.95915,11241
1661169600,0.95912,0.96019,0.95738,0.95829,11120
1661184000,0.95829,0.96586,0.95824,0.96433,12567
1661198400,0.96433,0.96503,0.96406,0.96451,5142
1661212800,0.96272,0.96545,0.96268,0.96409,4444
1661227200,0.96409,0.96433,0.96352,0.96432,6574
1661241600,0.96435,0.96677,0.96377,0.96642,12732
1661256000,0.96645,0.96924,0.96574,0.96909,10695
1661270400,0.96909,0.96921,0.96031,0.96302,14986
1661284800,0.96305,0.96493,0.96299,0.964,5661
1661299200,0.96323,0.96558,0.96318,0.96547,2498
1661313600,0.96545,0.96596,0.96454,0.96469,4759
1661328000,0.96475,0.9663,0.96214,0.96214,8141
1661342400,0.96213,0.96725,0.96075,0.96631,11482
1661356800,0.9663,0.96876,0.96453,0.96687,12255
1661371200,0.96685,0.96723,0.96598,0.96664,4036
1661385600,0.96526,0.96709,0.96526,0.96591,3389
1661400000,0.96591,0.96618,0.96248,0.96316,5460
1661414400,0.96312,0.96445,0.96129,0.96224,9385
1661428800,0.96222,0.9655,0.96159,0.96447,9834
1661443200,0.96446,0.96543,0.96265,0.96461,10025
1661457600,0.96461,0.96464,0.96293,0.96336,4924
1661472000,0.96222,0.96439,0.96221,0.96424,1802
1661486400,0.96423,0.96471,0.96369,0.96439,2901
1661500800,0.96439,0.966,0.96373,0.96475,6363
1661515200,0.96478,0.96483,0.96199,0.962,8280
1661529600,0.96201,0.96576,0.95777,0.96515,17107
1661544000,0.96515,0.96645,0.96488,0.96631,2756
1661731200,0.9653,0.96915,0.96518,0.96885,4091
1661745600,0.96878,0.9699,0.96818,0.96984,4590
1661760000,0.96985,0.97075,0.96864,0.96919,8364
1661774400,0.96921,0.96949,0.96594,0.96732,10025
1661788800,0.96735,0.97001,0.96615,0.9682,10446
1661803200,0.96815,0.96889,0.96757,0.96815,4410
1661817600,0.96803,0.96823,0.96661,0.96695,2271
1661832000,0.96699,0.96849,0.96656,0.96751,4789
1661846400,0.96752,0.97232,0.96688,0.96991,10281
1661860800,0.96989,0.9723,0.9689,0.97217,10991
1661875200,0.97217,0.97619,0.97087,0.97393,14377
1661889600,0.97394,0.97447,0.97289,0.9743,5910
1661904000,0.97323,0.97441,0.97307,0.97333,2939
1661918400,0.97332,0.97417,0.97266,0.97313,3656
1661932800,0.97314,0.9784,0.97266,0.97703,8702
1661947200,0.97703,0.98072,0.97656,0.97866,11381
1661961600,0.97864,0.98018,0.97342,0.97516,13900
1661976000,0.97516,0.97845,0.97471,0.97789,5850
1661990400,0.97606,0.98076,0.9758,0.98024,3898
1662004800,0.98023,0.98091,0.97956,0.98,5284
1662019200,0.98,0.9807,0.97442,0.97594,10253
1662033600,0.97588,0.98245,0.97534,0.98046,10827
1662048000,0.98043,0.98608,0.97866,0.98292,15682
1662062400,0.98295,0.98324,0.98087,0.98166,5608
1662076800,0.98158,0.98198,0.98067,0.98099,2160
1662091200,0.98098,0.98134,0.98068,0.9809,3719
1662105600,0.9809,0.98117,0.97869,0.97999,6300
1662120000,0.97998,0.98588,0.97951,0.98397,11023
1662134400,0.98404,0.98438,0.97836,0.98196,13924
1662148800,0.98194,0.98206,0.98009,0.98122,7138
1662336000,0.98149,0.98338,0.98074,0.98224,4734
1662350400,0.98226,0.98336,0.9815,0.98244,5418
1662364800,0.98245,0.98369,0.9815,0.98344,9482
1662379200,0.98344,0.98373,0.97955,0.98128,9305
1662393600,0.98128,0.98183,0.9797,0.98029,7820
1662408000,0.98028,0.9806,0.97949,0.97979,2474
1662422400,0.9791,0.9799,0.97654,0.97662,4107
1662436800,0.97662,0.97988,0.97653,0.97957,6768
1662451200,0.97957,0.98174,0.97839,0.98037,13583
1662465600,0.98037,0.98329,0.97949,0.98329,12193
1662480000,0.9833,0.98616,0.98186,0.9847,15168
1662494400,0.9847,0.98539,0.98423,0.98426,6647
1662508800,0.98167,0.98617,0.98159,0.98518,3961
1662523200,0.98518,0.98694,0.98463,0.98525,6525
1662537600,0.98519,0.98574,0.98172,0.98282,8902
1662552000,0.9828,0.98652,0.98232,0.98516,10267
1662566400,0.98514,0.98612,0.97941,0.97948,11509
1662580800,0.97951,0.97959,0.97609,0.97629,5378
1662595200,0.97652,0.97807,0.97606,0.97798,2472
1662609600,0.97796,0.97819,0.97658,0.97738,4354
1662624000,0.97738,0.97753,0.97413,0.97548,9573
1662638400,0.97553,0.97574,0.97083,0.97262,12454
1662652800,0.97275,0.97583,0.97089,0.97213,18265
1662667200,0.97211,0.97247,0.97018,0.97018,6928
1662681600,0.97006,0.9704,0.96656,0.96715,2908
1662696000,0.96715,0.96725,0.96403,0.96444,6557
1662710400,0.96446,0.96547,0.95622,0.95692,10281
1662724800,0.95694,0.9627,0.95472,0.96007,11236
1662739200,0.96006,0.96221,0.95915,0.95992,11685
1662753600,0.9599,0.96151,0.9599,0.96054,4678
1662940800,0.95808,0.96095,0.95808,0.9595,4551
1662955200,0.95948,0.96046,0.95779,0.96009,5214
1662969600,0.96008,0.9608,0.95325,0.95446,11856
1662984000,0.95447,0.95699,0.95135,0.95333,12079
1662998400,0.95332,0.95498,0.95088,0.95137,11155
1663012800,0.95132,0.95457,0.95113,0.95365,5339
1663027200,0.95299,0.95368,0.95195,0.95213,3024
1663041600,0.95214,0.95289,0.9517,0.95215,4565
1663056000,0.95215,0.95269,0.94974,0.95094,7601
1663070400,0.95094,0.9605,0.94794,0.96045,11836
1663084800,0.96049,0.96331,0.95904,0.95955,15168
1663099200,0.95958,0.96185,0.95815,0.96184,6250
1663113600,0.96156,0.96253,0.96021,0.96071,4750
1663128000,0.96067,0.96195,0.96001,0.96092,6201
1663142400,0.96088,0.96275,0.95888,0.96058,12453
1663156800,0.96062,0.96314,0.96009,0.96083,12826
1663171200,0.96089,0.96236,0.95939,0.96129,12453
1663185600,0.96129,0.96365,0.9612,0.96231,4981
1663200000,0.96115,0.96305,0.96112,0.96246,2166
1663214400,0.96247,0.96359,0.96187,0.96332,3279
1663228800,0.96332,0.9642,0.96053,0.96067,6666
1663243200,0.96064,0.96127,0.95563,0.95678,9918
1663257600,0.95679,0.96167,0.95578,0.96037,10959
1663272000,0.96036,0.96148,0.95909,0.96145,4714
1663286400,0.96131,0.96211,0.96016,0.96071,2560
1663300800,0.9607,0.96249,0.95999,0.96177,5255
1663315200,0.96179,0.96526,0.96174,0.96438,9934
1663329600,0.96434,0.96463,0.9604,0.9634,10201
1663344000,0.96338,0.96611,0.96085,0.96527,14205
1663358400,0.96528,0.96552,0.96424,0.96428,5477
1663545600,0.96302,0.96468,0.96258,0.96429,3266
1663560000,0.96427,0.96636,0.96399,0.96622,3371
1663574400,0.96622,0.96952,0.96611,0.96693,7171
1663588800,0.96705,0.96749,0.96469,0.96679,8491
1663603200,0.96678,0.96784,0.96451,0.96525,8627
1663617600,0.96525,0.96622,0.96412,0.96414,2638
1663632000,0.96411,0.96465,0.96262,0.96435,2593
1663646400,0.96435,0.96565,0.96405,0.96553,4236
1663660800,0.96555,0.96634,0.96231,0.96605,10391
1663675200,0.96605,0.96822,0.96489,0.96712,12435
1663689600,0.96713,0.96796,0.9626,0.96365,11090
1663704000,0.96364,0.96446,0.96289,0.96419,5185
1663718400,0.96367,0.96484,0.96264,0.96401,3299
1663732800,0.96398,0.96502,0.96349,0.96491,3886
1663747200,0.9649,0.96832,0.963,0.96442,12296
1663761600,0.96438,0.96529,0.96244,0.96367,8534
1663776000,0.96367,0.96649,0.96267,0.96634,11425
1663790400,0.96631,0.96995,0.96198,0.96661,15841
1663804800,0.96582,0.96935,0.96555,0.96878,4876
1663819200,0.96878,0.96878,0.96394,0.96561,8141
1663833600,0.96562,0.97995,0.96203,0.97415,17256
1663848000,0.97417,0.98496,0.97241,0.97679,18537
1663862400,0.97692,0.98294,0.97621,0.97975,16770
1663876800,0.97976,0.97977,0.97629,0.97712,7891
1663891200,0.97696,0.97734,0.97555,0.97656,3184
1663905600,0.97657,0.97903,0.97613,0.97832,5634
1663920000,0.97832,0.98183,0.9772,0.98159,9968
1663934400,0.98158,0.98317,0.97849,0.97941,15965
1663948800,0.97939,0.98212,0.97563,0.98053,16163
1663963200,0.98054,0.98398,0.98005,0.98136,9441
1664150400,0.98218,0.985,0.97896,0.98454,7035
1664164800,0.98455,0.98501,0.98131,0.98486,11644
1664179200,0.98486,0.98737,0.98037,0.98514,16209
1664193600,0.98525,0.99243,0.98466,0.98693,17067
1664208000,0.98695,0.99585,0.98536,0.99477,20585
1664222400,0.99479,0.99655,0.99214,0.99316,13208
1664236800,0.99373,0.99431,0.99079,0.99095,5522
1664251200,0.99096,0.99291,0.99072,0.99154,7179
1664265600,0.99152,0.99187,0.9867,0.9867,14488
1664280000,0.9868,0.9906,0.98488,0.98908,14487
1664294400,0.98906,0.9915,0.98659,0.99047,18224
1664308800,0.99047,0.99237,0.99035,0.99203,8299
1664323200,0.99106,0.99361,0.98844,0.99346,5081
1664337600,0.99348,0.99533,0.9931,0.99496,10076
1664352000,0.99499,0.99657,0.99003,0.99344,15735
1664366400,0.99342,0.99411,0.98397,0.98623,21652
1664380800,0.98637,0.98723,0.97458,0.97672,21130
1664395200,0.97673,0.97746,0.97502,0.97603,10539
1664409600,0.97571,0.97805,0.97464,0.97803,5307
1664424000,0.97801,0.97973,0.97702,0.97928,6805
1664438400,0.97924,0.98558,0.97907,0.98288,15562
1664452800,0.9829,0.9844,0.97817,0.98425,17397
1664467200,0.98425,0.98553,0.97837,0.98052,19539
1664481600,0.98053,0.9811,0.97538,0.97547,7943
1664496000,0.97451,0.9759,0.97381,0.97457,6776
1664510400,0.97457,0.97656,0.974,0.97644,7959
1664524800,0.97644,0.97902,0.97432,0.97648,15710
1664539200,0.97631,0.98173,0.97531,0.97956,17375
1664553600,0.97952,0.98682,0.97772,0.98371,20100
1664568000,0.98375,0.98769,0.98363,0.98728,10183
1664755200,0.98462,0.98687,0.98379,0.98585,6252
1664769600,0.98584,0.98664,0.98346,0.98659,7063
1664784000,0.98661,0.98892,0.98318,0.98807,15101
1664798400,0.98807,0.99177,0.98761,0.98919,14205
1664812800,0.9892,0.99409,0.98723,0.99181,18517
1664827200,0.99182,0.99499,0.99173,0.99236,8919
1664841600,0.99112,0.99299,0.99086,0.99266,4507
1664856000,0.99263,0.99415,0.98978,0.9913,8652
1664870400,0.99128,0.9926,0.98671,0.98778,15200
1664884800,0.98779,0.98949,0.98524,0.9862,15178
1664899200,0.98619,0.9875,0.97847,0.98006,17001
1664913600,0.98005,0.98099,0.97859,0.97949,8005
1664928000,0.97981,0.98043,0.97849,0.97967,3906
1664942400,0.97967,0.98083,0.97878,0.98028,8124
1664956800,0.98029,0.98383,0.97926,0.98137,12405
1664971200,0.98138,0.98548,0.98051,0.98279,11314
1664985600,0.9828,0.98887,0.9822,0.98444,16492
1665000000,0.98446,0.98485,0.98135,0.98344,7116
1665014400,0.98233,0.98323,0.98002,0.98085,4587
1665028800,0.9808,0.98222,0.97983,0.98058,7552
1665043200,0.98057,0.9826,0.97804,0.98226,13584
1665057600,0.98223,0.98563,0.9817,0.98558,13335
1665072000,0.98558,0.99136,0.98542,0.98983,17448
1665086400,0.98985,0.99124,0.98874,0.99057,8057
1665100800,0.98889,0.99065,0.98734,0.99024,4105
1665115200,0.99017,0.99091,0.98927,0.99006,6254
1665129600,0.99005,0.99133,0.9878,0.99047,11615
1665144000,0.99049,0.99534,0.98951,0.99343,12177
1665158400,0.99345,0.99495,0.99105,0.99325,17490
1665172800,0.99326,0.99502,0.99297,0.99441,6374
1665360000,0.99314,0.99509,0.99302,0.99407,4521
1665374400,0.99406,0.99452,0.99319,0.99411,6219
1665388800,0.9941,0.99908,0.99377,0.99736,12437
1665403200,0.99737,0.99942,0.99665,0.99792,12989
1665417600,0.99793,1.00054,0.99746,1.00041,16470
1665432000,1.00043,1.00106,0.99882,0.9997,8541
1665446400,0.99926,1.00032,0.99861,0.99864,5053
1665460800,0.99864,1.00209,0.99855,1.00187,9404
1665475200,1.00187,1.00205,0.99837,0.99993,17956
1665489600,0.99988,0.99999,0.9946,0.99722,17160
1665504000,0.9972,0.99911,0.99156,0.99211,22011
1665518400,0.99206,0.99793,0.99192,0.99696,13152
1665532800,0.99698,0.99846,0.99621,0.99733,7091
1665547200,0.99732,0.99884,0.99517,0.99649,11512
1665561600,0.99648,0.99693,0.99308,0.99567,19400
1665576000,0.99566,0.99682,0.99444,0.99518,17287
1665590400,0.99518,1.00039,0.99483,0.99865,20102
1665604800,0.99866,0.9991,0.99568,0.99762,10772
1665619200,0.99788,0.9983,0.99587,0.99675,3683
1665633600,0.99674,0.99828,0.99655,0.99759,7087
1665648000,0.99758,1.0004,0.99728,0.99859,10501
1665662400,0.99863,1.00708,0.99595,1.0045,21362
1665676800,1.00454,1.00737,0.99696,0.99994,37247
1665691200,0.99993,1.00131,0.9971,1.00127,11683
1665705600,0.99859,1.00195,0.99853,1.00144,5903
1665720000,1.0014,1.00142,0.99808,0.99922,10025
1665734400,0.99922,1.00091,0.99647,1.0008,16016
1665748800,1.00079,1.00471,0.99943,0.99966,18708
1665763200,0.99965,1.00593,0.99836,1.00564,29685
1665777600,1.00565,1.00662,1.00449,1.0054400000000001,11114
1665964800,1.00429,1.00497,1.00267,1.00336,6773
1665979200,1.00332,1.00453,1.0032,1.00384,9071
1665993600,1.00384,1.00388,0.99921,1.00263,16430
1666008000,1.00264,1.00282,0.99755,0.99836,15150
1666022400,0.99838,0.9985,0.99433,0.996,17316
1666036800,0.99598,0.99662,0.99524,0.99586,7019
1666051200,0.99575,0.99608,0.99451,0.99501,6107
1666065600,0.99503,0.99606,0.99213,0.99336,10062
1666080000,0.99336,0.99668,0.99188,0.99667,16683
1666094400,0.99667,0.99746,0.99311,0.99347,16496
1666108800,0.99346,0.99787,0.99298,0.99591,18282
1666123200,0.99592,0.99701,0.99375,0.99418,8878
1666137600,0.99425,0.99474,0.9928,0.99424,8309
1666152000,0.99424,0.99541,0.9935,0.99513,7805
1666166400,0.99515,0.99994,0.99507,0.99984,15717
1666180800,0.99985,1.00453,0.99928,1.00367,17606
1666195200,1.00367,1.00541,1.00209,1.0053,18820
1666209600,1.00535,1.00628,1.00439,1.00459,8126
1666224000,1.00375,1.00566,1.00301,1.00505,4291
1666238400,1.00506,1.0064,1.00425,1.00483,7773
1666252800,1.00483,1.00684,1.00367,1.00625,16672
1666267200,1.00623,1.00624,1.00061,1.00392,17404
1666281600,1.00389,1.00477,0.99945,1.00232,21979
1666296000,1.00231,1.00502,1.00216,1.00285,9325
1666310400,1.00313,1.00522,1.0026,1.00475,4861
1666324800,1.00474,1.00642,1.00456,1.00605,7205
1666339200,1.00606,1.01,1.00362,1.00982,14877
1666353600,1.00982,1.01477,1.00818,1.0099,17726
1666368000,1.00993,1.0113,0.99613,0.99942,52681
1666382400,0.99944,1.00115,0.99725,0.99779,16485
1666569600,0.99589,1.0016,0.9944,0.99919,19482
1666584000,0.99919,0.99999,0.99763,0.99802,13107
1666598400,0.99803,1.00194,0.9965,1.00109,23586
1666612800,1.00111,1.00312,0.99944,1.00123,22978
1666627200,1.00121,1.00294,0.99691,1.00189,27866
1666641600,1.00186,1.00205,1.00048,1.00063,6957
1666656000,1.00063,1.00064,0.99829,0.99854,7048
1666670400,0.99853,1.00058,0.99809,1.00047,11414
1666684800,1.00047,1.00297,1.0003,1.00282,15545
1666699200,1.00282,1.00314,1.00173,1.00273,16487
1666713600,1.00275,1.00303,0.99398,0.99677,26239
1666728000,0.99677,0.99718,0.99428,0.99455,10848
1666742400,0.99491,0.99625,0.99402,0.99595,7510
1666756800,0.99595,0.99621,0.99424,0.9947,8865
1666771200,0.9947,0.99508,0.98588,0.98628,18026
1666785600,0.98638,0.99288,0.98543,0.99163,20200
1666800000,0.99162,0.99186,0.98524,0.98688,23804
1666814400,0.98688,0.98778,0.98545,0.98619,10255
1666828800,0.98555,0.98652,0.98413,0.9856,10157
1666843200,0.98561,0.98699,0.98464,0.9862,8670
1666857600,0.9862,0.98862,0.98503,0.98787,17390
1666872000,0.98786,0.9927,0.98738,0.98956,23887
1666886400,0.98955,0.99153,0.98691,0.99062,30901
1666900800,0.99053,0.99235,0.98897,0.99083,9989
1666915200,0.99037,0.99136,0.98991,0.99096,7293
1666929600,0.99096,0.99111,0.98827,0.98921,10957
1666944000,0.98922,0.99613,0.98899,0.99521,19455
1666958400,0.99518,0.99797,0.9935,0.9965,19494
1666972800,0.99651,0.99788,0.99408,0.99653,23281
1666987200,0.99652,0.99729,0.99541,0.99605,7146
1667174400,0.99591,0.99808,0.99538,0.99685,9287
1667188800,0.99685,0.99752,0.99616,0.99662,6744
1667203200,0.99663,1.00127,0.99651,1.00041,11285
1667217600,1.00039,1.00165,0.99829,1.00152,14130
1667232000,1.00154,1.00325,0.9995,1.00144,20247
1667246400,1.00144,1.00216,1.00044,1.00193,8779
1667260800,1.00018,1.00209,0.99999,1.00164,6459
1667275200,1.00165,1.00172,0.99949,1.00042,8668
1667289600,1.00043,1.00054,0.99424,0.99451,13375
1667304000,0.99442,0.9952,0.9915,0.99289,14433
1667318400,0.99284,1.00127,0.99237,1.00049,27530
1667332800,1.00048,1.00076,0.99871,1.00027,7689
1667347200,0.99812,1.00089,0.99803,0.99851,8415
1667361600,0.99852,0.9992,0.99748,0.99883,6926
1667376000,0.99882,0.99965,0.99745,0.9975,11070
1667390400,0.9975,0.998,0.99473,0.99484,15798
1667404800,0.99483,0.99978,0.99428,0.99893,16215
1667419200,0.99894,1.00408,0.99108,1.00354,31042
1667433600,1.00307,1.00403,1.0004,1.00231,7085
1667448000,1.00233,1.0026,1.00069,1.00173,7798
1667462400,1.00173,1.01155,1.00167,1.01098,16031
1667476800,1.01095,1.01447,1.01043,1.01435,18892
1667491200,1.01435,1.01474,1.00903,1.0128,25067
1667505600,1.01284,1.01368,1.01185,1.01359,6502
1667520000,1.01246,1.01447,1.01218,1.01281,6020
1667534400,1.0128,1.01297,1.00877,1.00884,7189
1667548800,1.00884,1.01163,1.00826,1.01072,13398
1667563200,1.01071,1.01095,1.00071,1.00109,18838
1667577600,1.0011,1.00229,0.99412,0.99752,31820
1667592000,0.99752,0.9977,0.99318,0.99429,10737
1667779200,0.99763,0.99846,0.99499,0.99686,10284
1667793600,0.99684,0.99733,0.99443,0.99543,6315
1667808000,0.99543,0.99698,0.99073,0.99186,16916
1667822400,0.99187,0.99196,0.98759,0.98869,16562
1667836800,0.98868,0.99138,0.98767,0.98878,20745
1667851200,0.98877,0.98902,0.98751,0.98851,5944
1667865600,0.98833,0.99,0.98773,0.98956,5129
1667880000,0.98956,0.99218,0.98955,0.99211,4546
1667894400,0.99211,0.99232,0.98864,0.98894,13651
1667908800,0.98894,0.99269,0.98848,0.99039,12600
1667923200,0.99039,0.99074,0.98368,0.98459,19213
1667937600,0.98458,0.98774,0.98377,0.98566,11915
1667952000,0.98547,0.98677,0.98428,0.9866,5752
1667966400,0.98656,0.98723,0.98438,0.98675,7544
1667980800,0.98674,0.9874,0.98249,0.98624,15267
1667995200,0.98624,0.98644,0.98129,0.98479,18383
1668009600,0.98477,0.98586,0.98003,0.98397,22734
1668024000,0.98394,0.9866,0.98357,0.98398,12098
1668038400,0.9843,0.98475,0.98279,0.98374,6988
1668052800,0.98373,0.98481,0.98253,0.98278,8185
1668067200,0.98282,0.98798,0.98249,0.98788,16833
1668081600,0.98788,0.98991,0.97332,0.97614,24432
1668096000,0.97611,0.9763,0.96593,0.96941,34528
1668110400,0.96922,0.96937,0.96304,0.96374,13659
1668124800,0.96328,0.96805,0.96304,0.96803,11226
1668139200,0.96804,0.9682,0.96403,0.9646,12896
1668153600,0.96458,0.96535,0.95895,0.95924,21093
1668168000,0.95926,0.96141,0.94506,0.94865,24358
1668182400,0.94864,0.95459,0.9419,0.94235,24848
1668196800,0.94233,0.94278,0.93974,0.94114,11079
1668384000,0.94164,0.94489,0.94115,0.94445,12344
1668398400,0.94443,0.9485,0.94395,0.94796,9616
1668412800,0.94795,0.94797,0.94247,0.94586,18892
1668427200,0.94587,0.94891,0.94392,0.94574,19548
1668441600,0.94571,0.94783,0.94064,0.94239,21350
1668456000,0.94237,0.94334,0.9405,0.94288,7309
1668470400,0.94401,0.94488,0.94177,0.94443,9391
1668484800,0.94443,0.94538,0.94351,0.94413,6701
1668499200,0.94413,0.94431,0.938,0.93971,19022
1668513600,0.93949,0.9425,0.93565,0.9398,25369
1668528000,0.93969,0.94658,0.93932,0.94413,31448
1668542400,0.9441,0.9475,0.94178,0.94466,24887
1668556800,0.94287,0.94566,0.94237,0.94506,8807
1668571200,0.94506,0.94693,0.94318,0.94413,13282
1668585600,0.94415,0.94506,0.94037,0.94064,19570
1668600000,0.94056,0.94318,0.93859,0.94195,20037
1668614400,0.94194,0.94481,0.94041,0.94388,20629
1668628800,0.94387,0.94568,0.94338,0.9449,10026
1668643200,0.94438,0.9456,0.94371,0.94546,4951
1668657600,0.94547,0.94682,0.9452,0.94534,7315
1668672000,0.94535,0.94793,0.94328,0.94733,13024
1668686400,0.94732,0.95233,0.94689,0.95207,20671
1668700800,0.95209,0.95574,0.95083,0.9528,20318
1668715200,0.9528,0.95293,0.95106,0.95201,7856
1668729600,0.95207,0.95306,0.95071,0.95157,9402
1668744000,0.95158,0.9526,0.95064,0.95171,6647
1668758400,0.95171,0.95313,0.94981,0.95084,14232
1668772800,0.95084,0.95388,0.95068,0.95314,12665
1668787200,0.95314,0.95475,0.95023,0.95311,16291
1668801600,0.9531,0.9549,0.95307,0.9546,6717
1668988800,0.95359,0.95527,0.95298,0.95429,11552
1669003200,0.95428,0.95627,0.95423,0.95564,8021
1669017600,0.95565,0.95934,0.95527,0.95919,15260
1669032000,0.95918,0.95975,0.95702,0.95785,15774
1669046400,0.95782,0.95944,0.95613,0.95893,15931
1669060800,0.95897,0.95983,0.9585,0.95921,7514
1669075200,0.95851,0.95877,0.9562,0.95695,7534
1669089600,0.95697,0.95782,0.95621,0.95736,6828
1669104000,0.95741,0.95822,0.95529,0.95548,14822
1669118400,0.95551,0.95576,0.95092,0.95178,14691
1669132800,0.95164,0.95408,0.95124,0.95205,14206
1669147200,0.95207,0.95265,0.95131,0.95196,6162
1669161600,0.95149,0.95218,0.95035,0.9513,6825
1669176000,0.9513,0.95207,0.95027,0.95073,5720
1669190400,0.95071,0.95301,0.94886,0.95127,11811
1669204800,0.95127,0.95331,0.9481,0.94922,13983
1669219200,0.9492,0.94927,0.94211,0.9443,21762
1669233600,0.94432,0.94472,0.94118,0.94242,14963
1669248000,0.9421,0.94228,0.93984,0.94001,10207
1669262400,0.93999,0.94074,0.93872,0.93962,6989
1669276800,0.93963,0.94419,0.9392,0.94343,12905
1669291200,0.94342,0.94455,0.94135,0.94174,15137
1669305600,0.94169,0.94404,0.94143,0.94323,9759
1669320000,0.94323,0.94365,0.94285,0.94329,4352
1669334400,0.94307,0.94465,0.9422,0.94382,7842
1669348800,0.94382,0.94423,0.94224,0.94392,4852
1669363200,0.94396,0.94599,0.94261,0.94509,12478
1669377600,0.94508,0.94954,0.94286,0.94871,13944
1669392000,0.9487,0.94999,0.94478,0.94509,15328
1669406400,0.94511,0.94679,0.94403,0.94582,11774
1669593600,0.94546,0.94798,0.94546,0.94655,9229
1669608000,0.94656,0.94745,0.94561,0.94674,8575
1669622400,0.94674,0.94721,0.94049,0.94263,17454
1669636800,0.94261,0.94516,0.94061,0.94296,18802
1669651200,0.94296,0.94781,0.94296,0.94778,22295
1669665600,0.94779,0.94978,0.9475,0.94883,8788
1669680000,0.94871,0.95012,0.94804,0.94818,6422
1669694400,0.94818,0.94925,0.94604,0.9463,8715
1669708800,0.94629,0.95243,0.9462,0.95182,20191
1669723200,0.95181,0.95389,0.94841,0.95269,17122
1669737600,0.95268,0.95454,0.95008,0.95224,20441
1669752000,0.95226,0.95447,0.95218,0.95406,9202
1669766400,0.95167,0.95467,0.95163,0.95281,7821
1669780800,0.9528,0.9537,0.95178,0.95292,5343
1669795200,0.95291,0.95474,0.9499,0.95037,13510
1669809600,0.95035,0.95197,0.94824,0.95174,15579
1669824000,0.95174,0.95446,0.94749,0.95142,26876
1669838400,0.95143,0.95304,0.94313,0.94542,26638
1669852800,0.94496,0.94549,0.94151,0.94318,11846
1669867200,0.94317,0.94386,0.94248,0.94276,9567
1669881600,0.94276,0.9453,0.9413,0.94387,17911
1669896000,0.94383,0.94604,0.93958,0.94115,19658
1669910400,0.94116,0.94162,0.9367,0.93802,31650
1669924800,0.93805,0.93836,0.93652,0.93693,11144
1669939200,0.93695,0.93834,0.93596,0.93769,7768
1669953600,0.93769,0.93856,0.93711,0.93775,7419
1669968000,0.93776,0.93779,0.9336,0.93513,18015
1669982400,0.93512,0.94392,0.93263,0.94146,21413
1669996800,0.94146,0.94366,0.93638,0.93757,29829
1670011200,0.93754,0.93935,0.93667,0.93682,9935
1670198400,0.93705,0.93833,0.93502,0.93555,10543
1670212800,0.93555,0.93588,0.93432,0.9347,6927
1670227200,0.9347,0.93695,0.93302,0.93414,13612
1670241600,0.93413,0.93681,0.93387,0.93653,13320
1670256000,0.93652,0.94262,0.93627,0.94253,24461
1670270400,0.94254,0.94352,0.94155,0.9426,9485
1670284800,0.94095,0.9426,0.94058,0.94145,6000
1670299200,0.94145,0.94352,0.94117,0.9429,9264
1670313600,0.94289,0.94559,0.94205,0.94331,15632
1670328000,0.94335,0.94354,0.93809,0.93874,14755
1670342400,0.93872,0.94241,0.93807,0.9417,19743
1670356800,0.94171,0.94271,0.94145,0.942,7682
1670371200,0.94132,0.94327,0.94085,0.94194,5778
1670385600,0.94193,0.94286,0.94154,0.94228,6218
1670400000,0.94229,0.94374,0.94057,0.94165,14783
1670414400,0.94165,0.9429,0.93655,0.93709,16764
1670428800,0.93708,0.94103,0.93633,0.94042,23240
1670443200,0.94041,0.94095,0.93912,0.94083,8152
1670457600,0.94002,0.9424,0.93975,0.94181,6377
1670472000,0.94181,0.9425,0.94139,0.94182,7464
1670486400,0.94181,0.9425,0.93932,0.94243,12304
1670500800,0.94243,0.94265,0.93842,0.93929,13676
1670515200,0.93928,0.93964,0.93433,0.93687,16869
1670529600,0.93687,0.93794,0.93578,0.93622,7952
1670544000,0.93624,0.93672,0.93345,0.93365,5933
1670558400,0.93363,0.93479,0.93303,0.93379,6864
1670572800,0.93379,0.93495,0.93247,0.9342,12363
1670587200,0.93417,0.93815,0.9322,0.93432,17080
1670601600,0.93429,0.93568,0.93119,0.9331,20670
1670616000,0.9331,0.935,0.93269,0.9344,7676
1670803200,0.93327,0.93666,0.93264,0.93637,5851
1670817600,0.93639,0.93669,0.93582,0.93641,3297
1670832000,0.9364,0.93689,0.93251,0.93279,12088
1670846400,0.93278,0.93365,0.93132,0.93269,10014
1670860800,0.93269,0.93676,0.93224,0.93582,14977
1670875200,0.93583,0.93797,0.93574,0.93592,9263
1670889600,0.9355,0.93625,0.93525,0.93543,3502
1670904000,0.93545,0.93681,0.93507,0.93532,4992
1670918400,0.93528,0.93749,0.9339,0.93643,11626
1670932800,0.93644,0.93735,0.92443,0.92578,22128
1670947200,0.92578,0.92963,0.92314,0.92957,33175
1670961600,0.92956,0.92992,0.92822,0.9287,12541
1670976000,0.92725,0.92956,0.92725,0.92861,7345
1670990400,0.92861,0.92974,0.92856,0.92905,6213
1671004800,0.92906,0.92959,0.92674,0.92689,13419
1671019200,0.92687,0.92847,0.92602,0.92662,14905
1671033600,0.92663,0.92784,0.92266,0.92492,17489
1671048000,0.92491,0.92743,0.92146,0.92421,36603
1671062400,0.92227,0.92554,0.92227,0.92526,6514
1671076800,0.92525,0.92633,0.92493,0.92539,5605
1671091200,0.92539,0.93042,0.92455,0.92877,17114
1671105600,0.92877,0.92985,0.92628,0.92691,20724
1671120000,0.92686,0.93116,0.9232,0.93089,29938
1671134400,0.93089,0.9317,0.92797,0.92836,9583
1671148800,0.92808,0.92872,0.92657,0.9272,5049
1671163200,0.92721,0.92729,0.92536,0.92704,6944
1671177600,0.92705,0.92994,0.92601,0.92985,13627
1671192000,0.92981,0.93069,0.92843,0.93048,13131
1671206400,0.93048,0.93357,0.92911,0.93212,22642
1671220800,0.93212,0.9342,0.93163,0.93396,9009
1671408000,0.93308,0.9347,0.93193,0.93202,6009
1671422400,0.93202,0.93291,0.93159,0.93278,4991
1671436800,0.9328,0.93306,0.9284,0.93045,11337
1671451200,0.93042,0.93273,0.92997,0.93236,11690
1671465600,0.93234,0.93405,0.92911,0.92954,16757
1671480000,0.92954,0.93069,0.92906,0.9291,7372
1671494400,0.92854,0.93073,0.92809,0.92988,9800
1671508800,0.92987,0.93016,0.92547,0.9289,23468
1671523200,0.92885,0.92988,0.92489,0.92585,21713
1671537600,0.92586,0.92995,0.92538,0.92857,16725
1671552000,0.92856,0.93,0.92417,0.92665,22160
1671566400,0.92664,0.92788,0.92597,0.926,8371
1671580800,0.92586,0.92812,0.92551,0.92773,8871
1671595200,0.92773,0.9287,0.92734,0.92827,5272
1671609600,0.92827,0.92892,0.92512,0.92632,12589
1671624000,0.92634,0.92739,0.92385,0.92489,13998
1671638400,0.92491,0.92815,0.92392,0.92707,18868
1671652800,0.92707,0.92767,0.92543,0.92674,7232
1671667200,0.92657,0.92681,0.92498,0.92508,4944
1671681600,0.92509,0.92524,0.92356,0.92403,5669
1671696000,0.92403,0.92475,0.92264,0.92318,9379
1671710400,0.92318,0.92914,0.92286,0.92881,14344
1671724800,0.92882,0.93161,0.9275,0.93119,19498
1671739200,0.93119,0.93212,0.93055,0.93095,8392
1671753600,0.93065,0.93218,0.93058,0.93188,17955
1671768000,0.93188,0.9319,0.93144,0.93174,10221
1671782400,0.93173,0.93269,0.9303,0.93126,10002
1671796800,0.93125,0.93155,0.92841,0.93117,14960
1671811200,0.93118,0.93416,0.93061,0.93291,20012
1671825600,0.9329,0.93444,0.93282,0.93303,8451
1672099200,0.93117,0.93304,0.93035,0.93057,8479
1672113600,0.93057,0.9318,0.93003,0.93032,6924
1672128000,0.93032,0.93213,0.92838,0.9284,9159
1672142400,0.92846,0.93082,0.92696,0.93069,10267
1672156800,0.93069,0.93162,0.92711,0.93003,15602
1672171200,0.93007,0.93013,0.92865,0.92938,8312
1672185600,0.92825,0.93065,0.92811,0.92939,4841
1672200000,0.92939,0.93051,0.9292,0.92923,5069
1672214400,0.92925,0.93071,0.92755,0.93016,8860
1672228800,0.93017,0.93058,0.92585,0.92617,10832
1672243200,0.92616,0.92886,0.9245,0.92626,15257
1672257600,0.92625,0.92946,0.92574,0.92891,6293
1672272000,0.92769,0.92859,0.92672,0.92707,5588
1672286400,0.92709,0.92754,0.92674,0.92725,3229
1672300800,0.92723,0.92877,0.92283,0.92342,7730
1672315200,0.92342,0.92608,0.92237,0.92348,11056
1672329600,0.92349,0.92551,0.92103,0.92269,16389
1672344000,0.92267,0.92335,0.92158,0.92315,5878
1672358400,0.92253,0.92352,0.92216,0.92299,4243
1672372800,0.92299,0.92388,0.92263,0.9238,4872
1672387200,0.92381,0.92502,0.92295,0.92311,10496
1672401600,0.92312,0.92479,0.92113,0.92364,14993
1672416000,0.92365,0.92679,0.92003,0.92181,24858
1672430400,0.92173,0.92537,0.92159,0.92474,12983
1672617600,0.92359,0.92821,0.92297,0.92397,1775
1672632000,0.92403,0.92459,0.92261,0.92381,468
1672646400,0.92387,0.92553,0.92109,0.92451,5875
1672660800,0.9245,0.92465,0.92354,0.92419,18587
1672675200,0.92419,0.92593,0.92415,0.9256,5107
1672689600,0.92561,0.92571,0.92347,0.92431,1561
1672704000,0.92491,0.92667,0.92298,0.92448,9912
1672718400,0.92448,0.92479,0.92309,0.92462,6944
1672732800,0.92462,0.9382,0.92422,0.93701,21537
1672747200,0.93701,0.93985,0.93486,0.9357,14886
1672761600,0.93571,0.93919,0.93177,0.93706,20546
1672776000,0.93707,0.93759,0.93484,0.93593,8629
1672790400,0.93657,0.93665,0.93318,0.93337,9335
1672804800,0.93338,0.93438,0.93246,0.93393,7273
1672819200,0.93392,0.9341,0.9253,0.92719,18229
1672833600,0.92718,0.92907,0.92634,0.92742,14135
1672848000,0.92743,0.93146,0.92667,0.92892,25146
1672862400,0.92892,0.93092,0.92863,0.92974,14711
1672876800,0.92981,0.93013,0.92797,0.92833,7106
1672891200,0.92835,0.93076,0.92835,0.93015,7115
1672905600,0.93014,0.93079,0.92608,0.92657,13567
1672920000,0.92649,0.93351,0.92605,0.93345,16277
1672934400,0.93346,0.93779,0.93278,0.93613,26336
1672948800,0.93615,0.93685,0.93473,0.93615,9166
1672963200,0.93582,0.9364,0.93509,0.9361,9011
1672977600,0.93611,0.9378,0.93524,0.93755,8885
1672992000,0.93755,0.94051,0.93648,0.93999,14219
1673006400,0.93994,0.94085,0.93448,0.9351,19093
1673020800,0.93509,0.93996,0.92807,0.92825,30302
1673035200,0.92824,0.92865,0.92703,0.92804,8286
1673222400,0.9275,0.92798,0.92625,0.92659,8095
1673236800,0.9266,0.92663,0.9252,0.92561,7216
1673251200,0.92559,0.92577,0.92164,0.92446,14048
1673265600,0.92445,0.92518,0.91881,0.91923,13706
1673280000,0.91923,0.92073,0.91668,0.9196,17681
1673294400,0.91959,0.92159,0.91939,0.92133,9063
1673308800,0.92043,0.92217,0.92036,0.92066,8262
1673323200,0.92065,0.92228,0.92058,0.92097,7126
1673337600,0.92097,0.92238,0.91951,0.91986,13409
1673352000,0.91984,0.9252,0.91978,0.92439,11766
1673366400,0.92438,0.92438,0.92049,0.92284,22368
1673380800,0.92284,0.92357,0.92223,0.92285,5480
1673395200,0.92194,0.92356,0.92135,0.92311,7310
1673409600,0.92312,0.92335,0.92096,0.9214,5897
1673424000,0.92141,0.9235,0.92046,0.92314,11832
1673438400,0.92314,0.92959,0.92205,0.92906,12997
1673452800,0.92905,0.93177,0.92813,0.93136,16440
1673467200,0.93136,0.93317,0.93011,0.93127,9899
1673481600,0.93029,0.9316,0.92996,0.93152,9571
1673496000,0.93154,0.93176,0.93058,0.93149,7758
1673510400,0.93149,0.93483,0.93048,0.93111,12025
1673524800,0.93111,0.93618,0.92659,0.92769,21871
1673539200,0.92768,0.93436,0.92739,0.92806,37179
1673553600,0.92805,0.92953,0.92678,0.92747,11729
1673568000,0.92711,0.92859,0.92574,0.92802,6583
1673582400,0.92801,0.93081,0.92798,0.93047,5787
1673596800,0.93043,0.93158,0.9271,0.92851,15262
1673611200,0.92849,0.93094,0.92678,0.93082,15598
1673625600,0.93073,0.93167,0.92556,0.92647,21264
1673640000,0.92644,0.92724,0.92565,0.92624,6681
1673827200,0.92651,0.92737,0.92305,0.92315,9185
1673841600,0.92315,0.92426,0.92187,0.92397,6958
1673856000,0.92396,0.92882,0.92394,0.92497,14200
1673870400,0.92497,0.92777,0.92457,0.92541,13093
1673884800,0.92544,0.92776,0.9252,0.92603,10017
1673899200,0.92602,0.92697,0.92584,0.92631,3070
1673913600,0.92557,0.92664,0.92428,0.92641,9344
1673928000,0.92642,0.9276,0.92426,0.92432,8220
1673942400,0.92431,0.92606,0.92255,0.92331,14050
1673956800,0.9233,0.92392,0.92002,0.92088,17157
1673971200,0.92087,0.92323,0.91873,0.92239,22512
1673985600,0.92238,0.92288,0.92157,0.92194,7249
1674000000,0.92139,0.92296,0.92117,0.92191,5490
1674014400,0.92192,0.92459,0.92168,0.92279,14842
1674028800,0.92278,0.92346,0.91286,0.91295,22532
1674043200,0.91293,0.91493,0.91129,0.91218,21356
1674057600,0.91219,0.91721,0.90851,0.91585,30433
1674072000,0.91582,0.91693,0.91531,0.91632,9855
1674086400,0.91561,0.91751,0.91522,0.91717,8347
1674100800,0.91716,0.9176,0.91531,0.91647,8721
1674115200,0.91646,0.9171,0.91487,0.91626,14655
1674129600,0.91625,0.91894,0.91563,0.91797,18736
1674144000,0.91799,0.91847,0.91517,0.91608,19376
1674158400,0.91608,0.91694,0.91471,0.91613,9391
1674172800,0.91503,0.91637,0.91503,0.91622,4857
1674187200,0.91623,0.91752,0.91556,0.91652,5794
1674201600,0.91653,0.9215,0.91411,0.92042,14708
1674216000,0.92043,0.92335,0.9186,0.9232,15082
1674230400,0.92319,0.92345,0.91949,0.92216,16098
1674244800,0.92212,0.92252,0.91974,0.92029,8018
1674432000,0.91862,0.91999,0.91738,0.91816,8652
1674446400,0.91815,0.91832,0.91701,0.91796,4875
1674460800,0.91795,0.91924,0.91597,0.91771,14870
1674475200,0.91773,0.92293,0.91624,0.92222,16598
1674489600,0.92223,0.92409,0.92114,0.92331,19315
1674504000,0.92331,0.92345,0.92156,0.9217,9870
1674518400,0.92189,0.92203,0.92077,0.92114,5794
1674532800,0.92114,0.92205,0.92097,0.92153,4539
1674547200,0.92154,0.9225,0.91919,0.92187,12782
1674561600,0.92191,0.92686,0.92119,0.92606,13057
1674576000,0.92611,0.92793,0.92238,0.92259,22213
1674590400,0.92258,0.92356,0.92209,0.9225,5895
1674604800,0.92225,0.92303,0.92164,0.92226,7388
1674619200,0.92225,0.92329,0.92172,0.92285,4940
1674633600,0.92286,0.92451,0.92212,0.92309,13037
1674648000,0.92312,0.92399,0.92049,0.92238,12843
1674662400,0.92237,0.92302,0.91724,0.91966,18332
1674676800,0.91966,0.91966,0.91759,0.91772,6193
1674691200,0.91777,0.91798,0.91687,0.91718,5628
1674705600,0.91721,0.91784,0.91696,0.91714,4711
1674720000,0.91715,0.91973,0.91611,0.91949,13557
1674734400,0.9195,0.91987,0.91643,0.91644,15543
1674748800,0.9164,0.92252,0.91581,0.92152,20071
1674763200,0.92153,0.92158,0.91959,0.92028,5563
1674777600,0.91861,0.92057,0.91853,0.92044,6806
1674792000,0.92044,0.92228,0.92032,0.92175,4806
1674806400,0.92175,0.92285,0.92013,0.92101,10244
1674820800,0.92101,0.92311,0.92032,0.92189,13651
1674835200,0.92189,0.92399,0.92054,0.9216,18798
1674849600,0.9216,0.92216,0.92073,0.92102,6063
1675036800,0.92064,0.92198,0.91999,0.9212,5441
1675051200,0.92121,0.92181,0.9201,0.92077,8746
1675065600,0.92077,0.92309,0.91925,0.91934,11528
1675080000,0.91932,0.92262,0.91818,0.92247,12308
1675094400,0.92248,0.92389,0.92202,0.92348,15018
1675108800,0.92353,0.92562,0.92337,0.925,7394
1675123200,0.92414,0.92566,0.92385,0.92399,5062
1675137600,0.92399,0.92578,0.92392,0.92575,5186
1675152000,0.92571,0.9288,0.92465,0.92671,13429
1675166400,0.92672,0.92878,0.92321,0.92366,14897
1675180800,0.92366,0.92406,0.91651,0.91754,20525
1675195200,0.91756,0.91779,0.91504,0.91606,6453
1675209600,0.91605,0.91675,0.91569,0.91668,3830
1675224000,0.91668,0.91725,0.91587,0.91622,3473
1675238400,0.91622,0.91702,0.91519,0.91599,9573
1675252800,0.91598,0.91649,0.9143,0.91524,11693
1675267200,0.91523,0.91724,0.91365,0.91604,15134
1675281600,0.91598,0.91829,0.90699,0.90871,27268
1675296000,0.9084,0.90868,0.90592,0.90742,9633
1675310400,0.90744,0.90751,0.90654,0.90715,5934
1675324800,0.90713,0.91,0.9067,0.90782,11220
1675339200,0.90783,0.91068,0.9078,0.91027,20734
1675353600,0.91029,0.91356,0.90901,0.91343,26274
1675368000,0.91341,0.91393,0.9122,0.9132,12563
1675382400,0.91237,0.91469,0.91176,0.91419,4448
1675396800,0.91418,0.9147,0.91384,0.91425,4570
1675411200,0.91423,0.91679,0.91261,0.9129,11503
1675425600,0.91293,0.92337,0.9126,0.92291,16074
1675440000,0.92293,0.92692,0.92219,0.92441,30429
1675454400,0.92441,0.92642,0.92437,0.92613,8925
1675641600,0.92727,0.92756,0.92525,0.92671,8217
1675656000,0.92672,0.92687,0.92493,0.92501,8007
1675670400,0.925,0.92679,0.92272,0.92362,12982
1675684800,0.9236,0.92723,0.9236,0.92593,11240
1675699200,0.92594,0.92908,0.92555,0.92858,16938
1675713600,0.92857,0.92889,0.92688,0.92825,6835
1675728000,0.92768,0.92822,0.92631,0.92649,5475
1675742400,0.92648,0.92731,0.92624,0.92658,9175
1675756800,0.92658,0.929,0.92425,0.92614,14027
1675771200,0.9261,0.9274,0.92456,0.9256,12708
1675785600,0.92561,0.92729,0.91914,0.91971,23086
1675800000,0.91976,0.92493,0.91924,0.922,23994
1675814400,0.92182,0.92221,0.92098,0.92213,4680
1675828800,0.92214,0.92234,0.92149,0.92167,5863
1675843200,0.92166,0.92225,0.9178,0.91804,12616
1675857600,0.91803,0.92121,0.91789,0.91972,10407
1675872000,0.91971,0.92171,0.91867,0.92003,18851
1675886400,0.92002,0.92117,0.91901,0.92088,8524
1675900800,0.92053,0.92187,0.91987,0.92061,6514
1675915200,0.92062,0.92069,0.91896,0.91944,5515
1675929600,0.91943,0.91996,0.91718,0.91835,11243
1675944000,0.91835,0.92014,0.91607,0.91607,10906
1675958400,0.91606,0.9211,0.91604,0.9202,15916
1675972800,0.9202,0.92284,0.92007,0.9222,10314
1675987200,0.9215,0.92319,0.92106,0.92252,4986
1676001600,0.92257,0.92373,0.92238,0.9228,6397
1676016000,0.92282,0.92438,0.91979,0.92297,19469
1676030400,0.92296,0.92438,0.92218,0.92317,13104
1676044800,0.92316,0.92506,0.92224,0.92479,19340
1676059200,0.92478,0.92529,0.92353,0.92372,5375
1676246400,0.92315,0.92596,0.92263,0.92518,6014
1676260800,0.9251,0.92584,0.92495,0.9254,6503
1676275200,0.92541,0.92548,0.92188,0.92325,13113
1676289600,0.92325,0.92346,0.92072,0.92301,10312
1676304000,0.92301,0.9234,0.91991,0.92026,13564
1676318400,0.92026,0.92061,0.91911,0.91937,4990
1676332800,0.91956,0.91958,0.91789,0.91838,6506
1676347200,0.91838,0.91882,0.91773,0.91786,7077
1676361600,0.91786,0.91863,0.91577,0.91635,11614
1676376000,0.91636,0.9204,0.91368,0.91782,21527
1676390400,0.91774,0.92341,0.91664,0.92191,38677
1676404800,0.92191,0.92232,0.92024,0.92163,11240
1676419200,0.92017,0.92206,0.92017,0.92192,5210
1676433600,0.92193,0.92392,0.92186,0.92375,6258
1676448000,0.92375,0.92481,0.92227,0.92234,16170
1676462400,0.92234,0.92617,0.92157,0.9244,17480
1676476800,0.9244,0.92626,0.92348,0.92537,21305
1676491200,0.92538,0.9259,0.9236,0.92387,7858
1676505600,0.92379,0.92405,0.92209,0.92233,8480
1676520000,0.92236,0.92278,0.92173,0.92233,7847
1676534400,0.92232,0.92337,0.92169,0.92246,10547
1676548800,0.92247,0.92612,0.92139,0.92473,13952
1676563200,0.92476,0.92718,0.92385,0.92421,20514
1676577600,0.9242,0.9261,0.92366,0.9257,9741
1676592000,0.92491,0.92844,0.92474,0.92827,5378
1676606400,0.92828,0.92938,0.92789,0.92914,8663
1676620800,0.92914,0.93233,0.92897,0.93233,13015
1676635200,0.93235,0.93321,0.92911,0.93007,14437
1676649600,0.93007,0.93115,0.92537,0.92655,20518
1676664000,0.92657,0.92677,0.92402,0.92421,7259
1676851200,0.92545,0.92599,0.92376,0.92569,4672
1676865600,0.92569,0.92575,0.92411,0.92436,8318
1676880000,0.92438,0.92467,0.92204,0.92379,11921
1676894400,0.92379,0.92448,0.92221,0.92406,11548
1676908800,0.92406,0.92412,0.9225,0.92316,8521
1676923200,0.92316,0.92337,0.92289,0.92311,3259
1676937600,0.92283,0.92443,0.92248,0.92352,6194
1676952000,0.92352,0.92442,0.92346,0.92374,4522
1676966400,0.92373,0.92718,0.9232,0.9244,12494
1676980800,0.92433,0.92576,0.92373,0.92533,12467
1676995200,0.92534,0.92818,0.92474,0.92648,21789
1677009600,0.92646,0.92826,0.92624,0.92781,7196
1677024000,0.92657,0.9277,0.92631,0.9268,6853
1677038400,0.9268,0.92707,0.92617,0.92637,9268
1677052800,0.92638,0.9287,0.92527,0.92755,10810
1677067200,0.92754,0.92873,0.92635,0.92724,12112
1677081600,0.92726,0.93046,0.92597,0.92945,17041
1677096000,0.92944,0.93185,0.9288,0.93134,13025
1677110400,0.92989,0.9314,0.9298,0.9299,4333
1677124800,0.9299,0.93024,0.92906,0.92958,2811
1677139200,0.92957,0.93343,0.92902,0.9331,9741
1677153600,0.9331,0.93434,0.93144,0.93342,13965
1677168000,0.93342,0.93486,0.93194,0.93424,18364
1677182400,0.93423,0.93459,0.93287,0.93382,6920
1677196800,0.93246,0.93424,0.93239,0.93388,8062
1677211200,0.93388,0.93422,0.93304,0.93401,5452
1677225600,0.93399,0.93647,0.93371,0.93461,10130
1677240000,0.93461,0.93804,0.93408,0.93708,14263
1677254400,0.93703,0.94062,0.93701,0.94007,22826
1677268800,0.94005,0.94122,0.93948,0.94098,6951
1677456000,0.93957,0.94083,0.93937,0.94011,4310
1677470400,0.94014,0.94187,0.94001,0.9416,4647
1677484800,0.9416,0.94289,0.94061,0.94114,11672
1677499200,0.94115,0.94156,0.93694,0.93729,10632
1677513600,0.93727,0.93849,0.93441,0.93663,13766
1677528000,0.93662,0.93698,0.93527,0.93573,4950
1677542400,0.93499,0.93663,0.93485,0.93661,3377
1677556800,0.93661,0.93721,0.93575,0.93687,4284
1677571200,0.9369,0.93886,0.93607,0.93778,10974
1677585600,0.93778,0.93891,0.93549,0.93562,8952
1677600000,0.93562,0.93833,0.93413,0.93729,19072
1677614400,0.9373,0.9423,0.93723,0.94208,6977
1677628800,0.94136,0.94282,0.94119,0.94123,4625
1677643200,0.94125,0.94152,0.94012,0.94068,3901
1677657600,0.94068,0.94072,0.93686,0.93743,14003
1677672000,0.93745,0.93874,0.93502,0.93781,12365
1677686400,0.93784,0.94116,0.93696,0.93991,21295
1677700800,0.9399,0.94136,0.93953,0.93963,6051
1677715200,0.93897,0.94172,0.93897,0.94136,4770
1677729600,0.94136,0.94305,0.94114,0.94274,5432
1677744000,0.94274,0.944,0.94116,0.94138,11766
1677758400,0.94142,0.94343,0.93956,0.94297,14237
1677772800,0.94295,0.94399,0.94081,0.9435,16631
1677787200,0.94348,0.94378,0.94105,0.94221,7991
1677801600,0.94097,0.94214,0.94075,0.94122,5098
1677816000,0.94122,0.94155,0.94043,0.94078,4543
1677830400,0.94079,0.9408,0.93683,0.93782,10033
1677844800,0.93781,0.93984,0.93704,0.93776,10372
1677859200,0.93775,0.94078,0.93698,0.93768,18741
1677873600,0.93768,0.93829,0.93589,0.9362,6013
1678060800,0.93613,0.93728,0.93608,0.93635,5147
1678075200,0.93636,0.93694,0.93533,0.93574,5046
1678089600,0.93571,0.93655,0.93127,0.93418,10957
1678104000,0.93417,0.93596,0.93316,0.93437,12502
1678118400,0.93437,0.93491,0.93051,0.93152,13981
1678132800,0.93152,0.93271,0.93077,0.93086,5221
1678147200,0.93157,0.93157,0.93052,0.93071,3069
1678161600,0.93072,0.9308,0.92951,0.92996,4953
1678176000,0.93,0.93281,0.92856,0.93267,10099
1678190400,0.93268,0.93465,0.93204,0.93442,10462
1678204800,0.93442,0.94169,0.93417,0.94111,29821
1678219200,0.94111,0.94245,0.93975,0.94204,9120
1678233600,0.94092,0.9426,0.94053,0.94238,4086
1678248000,0.94239,0.94387,0.94226,0.94328,5016
1678262400,0.94326,0.94337,0.94152,0.94263,9385
1678276800,0.94263,0.94343,0.9413,0.94199,10369
1678291200,0.94198,0.94358,0.93882,0.94131,21607
1678305600,0.94127,0.94214,0.9408,0.94137,6246
1678320000,0.94012,0.94177,0.94003,0.94138,3618
1678334400,0.94138,0.94145,0.93976,0.94006,3291
1678348800,0.94006,0.94039,0.93714,0.93715,8330
1678363200,0.93714,0.93935,0.93667,0.93729,11371
1678377600,0.9373,0.93844,0.93543,0.93634,13302
1678392000,0.93637,0.93688,0.93236,0.93237,10428
1678406400,0.93301,0.93329,0.93145,0.93192,9702
1678420800,0.93191,0.93258,0.92814,0.93046,9864
1678435200,0.93046,0.93165,0.92868,0.93027,13027
1678449600,0.93028,0.93052,0.92301,0.92534,18424
1678464000,0.92534,0.92617,0.91745,0.91878,36215
1678478400,0.91884,0.92199,0.91844,0.92138,12830
1678665600,0.91849,0.92047,0.91464,0.91909,11445
1678680000,0.91909,0.92025,0.91518,0.91698,16963
1678694400,0.91701,0.91765,0.9144,0.91565,18247
1678708800,0.91565,0.91597,0.90929,0.90973,40430
1678723200,0.90979,0.91272,0.90711,0.91097,35679
1678737600,0.91097,0.91242,0.90941,0.91185,17308
1678752000,0.91179,0.91271,0.91098,0.91233,7222
1678766400,0.91234,0.91451,0.91208,0.91414,8249
1678780800,0.91415,0.91443,0.9105,0.91211,21015
1678795200,0.91215,0.91389,0.90952,0.91098,23833
1678809600,0.91098,0.91644,0.91055,0.91509,29070
1678824000,0.91507,0.91511,0.91218,0.91397,15824
1678838400,0.91331,0.91485,0.91243,0.91425,13584
1678852800,0.91425,0.9144,0.91229,0.91391,11188
1678867200,0.91391,0.91606,0.91387,0.91525,15090
1678881600,0.91525,0.92571,0.91468,0.92165,34870
1678896000,0.92165,0.92851,0.92035,0.9279,40646
1678910400,0.92791,0.93377,0.92632,0.93336,29828
1678924800,0.933,0.93398,0.92978,0.93169,16416
1678939200,0.93168,0.93203,0.92976,0.93011,17052
1678953600,0.93011,0.93064,0.9229,0.9262,19289
1678968000,0.9262,0.93033,0.92515,0.92651,20540
1678982400,0.9265,0.93222,0.92623,0.92923,42235
1678996800,0.92924,0.93197,0.92846,0.92935,18469
1679011200,0.92935,0.92998,0.92881,0.92917,8745
1679025600,0.92916,0.9293,0.92642,0.92645,15170
1679040000,0.92644,0.92712,0.92404,0.92513,17688
1679054400,0.92512,0.92864,0.92395,0.9279,17540
1679068800,0.92787,0.92931,0.9263,0.92862,23050
1679083200,0.9286,0.92897,0.92495,0.92602,15922
1679270400,0.92585,0.92793,0.92514,0.92654,7572
1679284800,0.92655,0.92712,0.92536,0.92593,12007
1679299200,0.92593,0.93122,0.92449,0.92856,20840
1679313600,0.92852,0.93071,0.92537,0.92737,20474
1679328000,0.92738,0.92746,0.92402,0.92611,17979
1679342400,0.9261,0.92942,0.92582,0.92912,7362
1679356800,0.92693,0.9293,0.92693,0.92864,17716
1679371200,0.92863,0.92975,0.92848,0.92971,21007
1679385600,0.92971,0.93168,0.92808,0.92809,14695
1679400000,0.9281,0.92887,0.92331,0.92419,11766
1679414400,0.9242,0.92549,0.92094,0.92253,14759
1679428800,0.92255,0.92333,0.92219,0.9224,7915
1679443200,0.92219,0.92251,0.92119,0.92229,8590
1679457600,0.92229,0.92301,0.92204,0.92289,11424
1679472000,0.92288,0.92451,0.92118,0.92233,13750
1679486400,0.92231,0.92361,0.92063,0.92289,12725
1679500800,0.92288,0.92456,0.92183,0.92321,10599
1679515200,0.9232,0.92419,0.91472,0.91744,27040
1679529600,0.91752,0.91752,0.9158,0.9158,5173
1679544000,0.91579,0.9173,0.9145,0.91521,10341
1679558400,0.91521,0.91668,0.91181,0.91391,18597
1679572800,0.91388,0.91807,0.91311,0.91671,14504
1679587200,0.91674,0.91676,0.91268,0.91389,14828
1679601600,0.91388,0.91659,0.91364,0.91652,13466
1679616000,0.91577,0.91726,0.91577,0.91631,10801
1679630400,0.91631,0.9179,0.91559,0.9156,9438
1679644800,0.9156,0.91926,0.91548,0.91744,16150
1679659200,0.91745,0.92168,0.91697,0.91907,21027
1679673600,0.91904,0.92013,0.91732,0.91845,19628
1679688000,0.91845,0.92029,0.91826,0.91978,7298
1679875200,0.91765,0.91991,0.91756,0.91991,8666
1679889600,0.91991,0.91994,0.91796,0.91863,7866
1679904000,0.91863,0.91973,0.91571,0.91616,14899
1679918400,0.91616,0.91778,0.91563,0.91754,12741
1679932800,0.91754,0.91762,0.91554,0.91617,12634
1679947200,0.91616,0.91691,0.91542,0.91568,5675
1679961600,0.91555,0.91587,0.91418,0.91458,11495
1679976000,0.91456,0.91489,0.91364,0.9142,6864
1679990400,0.9142,0.91806,0.91401,0.91721,10410
1680004800,0.91724,0.9188,0.9167,0.91813,9691
1680019200,0.91814,0.92225,0.91808,0.91935,11722
1680033600,0.91937,0.92006,0.91864,0.91959,4841
1680048000,0.91951,0.9209,0.91907,0.91968,3517
1680062400,0.9197,0.92096,0.91961,0.92063,5477
1680076800,0.9206,0.92229,0.91935,0.91987,10957
1680091200,0.91988,0.92041,0.91648,0.91912,12102
1680105600,0.91911,0.92126,0.9184,0.92054,14743
1680120000,0.92054,0.92062,0.91828,0.91834,4949
1680134400,0.91875,0.91955,0.91812,0.91928,4179
1680148800,0.91928,0.92002,0.91869,0.91889,5392
1680163200,0.91886,0.91898,0.91577,0.91615,14041
1680177600,0.91611,0.91661,0.91284,0.91308,10588
1680192000,0.91309,0.91457,0.91259,0.91388,12734
1680206400,0.91385,0.91453,0.91346,0.91351,5199
1680220800,0.91251,0.91417,0.91251,0.9134,6105
1680235200,0.9134,0.91411,0.91242,0.91388,7582
1680249600,0.91388,0.91645,0.91339,0.91612,12562
1680264000,0.91609,0.91774,0.91431,0.91454,12580
1680278400,0.91453,0.9151,0.91156,0.91379,14762
1680292800,0.91376,0.9154,0.91361,0.91516,7090
1680480000,0.91568,0.91825,0.91377,0.91678,8585
1680494400,0.91677,0.91856,0.91631,0.91848,6062
1680508800,0.91848,0.91958,0.91703,0.9176,11927
1680523200,0.9176,0.91764,0.91432,0.91557,12157
1680537600,0.91557,0.91568,0.91152,0.91335,15550
1680552000,0.91335,0.91403,0.91227,0.91264,5764
1680566400,0.91231,0.91309,0.91217,0.91291,6467
1680580800,0.91292,0.91396,0.91283,0.91319,4956
1680595200,0.91319,0.91428,0.91002,0.91177,12690
1680609600,0.91176,0.91407,0.91072,0.91344,12514
1680624000,0.91344,0.91347,0.9055,0.90627,17658
1680638400,0.90627,0.90645,0.90563,0.90606,3658
1680652800,0.90573,0.90596,0.90537,0.90572,3265
1680667200,0.9057,0.906,0.90532,0.90587,5680
1680681600,0.90587,0.90601,0.90407,0.90467,9197
1680696000,0.90467,0.90583,0.90299,0.90351,11358
1680710400,0.90351,0.90759,0.90055,0.90729,16400
1680724800,0.90729,0.90758,0.90573,0.9066,3985
1680739200,0.90579,0.90697,0.90532,0.90686,3983
1680753600,0.90685,0.90747,0.90674,0.90713,3796
1680768000,0.90716,0.90749,0.90364,0.90444,10657
1680782400,0.90443,0.90635,0.90416,0.90615,10438
1680796800,0.90615,0.9067,0.90359,0.904,10406
1680811200,0.904,0.90494,0.90375,0.90451,3958
1680825600,0.90441,0.90485,0.90423,0.90463,5267
1680840000,0.90464,0.90471,0.90411,0.90466,5576
1680854400,0.90468,0.90491,0.90341,0.90393,4601
1680868800,0.90393,0.90808,0.90356,0.90628,6803
1680883200,0.90625,0.9068,0.90341,0.90489,5413
1680897600,0.90499,0.90527,0.90354,0.90479,6966
1681084800,0.90424,0.90573,0.90368,0.90571,5908
1681099200,0.90571,0.90632,0.90532,0.90622,4855
1681113600,0.90623,0.90671,0.90507,0.90553,5893
1681128000,0.90553,0.91032,0.9054,0.91018,9817
1681142400,0.91018,0.91202,0.90961,0.91034,10279
1681156800,0.91035,0.91035,0.90927,0.9095,6857
1681171200,0.90791,0.90958,0.90791,0.90852,5315
1681185600,0.90851,0.90902,0.90774,0.908,3847
1681200000,0.90799,0.90799,0.90372,0.90412,8086
1681214400,0.90411,0.90556,0.90371,0.90515,8923
1681228800,0.90508,0.90593,0.90316,0.9046,9324
1681243200,0.9046,0.90485,0.90276,0.90311,3391
1681257600,0.90328,0.90339,0.90247,0.90254,3414
1681272000,0.90255,0.90314,0.90184,0.90259,3735
1681286400,0.90259,0.90348,0.9017,0.90297,6719
1681300800,0.903,0.90305,0.89674,0.89783,11091
1681315200,0.89783,0.89823,0.89436,0.89539,14418
1681329600,0.8954,0.89661,0.89493,0.89623,6173
1681344000,0.89527,0.89633,0.89527,0.89545,3346
1681358400,0.89545,0.89709,0.89544,0.897,3100
1681372800,0.89694,0.89748,0.89037,0.89152,8901
1681387200,0.89153,0.8919,0.88701,0.8874,11543
1681401600,0.88737,0.89001,0.88596,0.88742,13152
1681416000,0.8874,0.88946,0.8874,0.88944,3389
1681430400,0.88938,0.88963,0.88847,0.88893,2445
1681444800,0.88892,0.88913,0.88737,0.88772,5046
1681459200,0.88771,0.88884,0.88707,0.88819,7037
1681473600,0.88819,0.89269,0.88668,0.89166,11869
1681488000,0.89167,0.89588,0.89092,0.89537,16030
1681502400,0.89538,0.89559,0.89372,0.89391,5246
1681689600,0.89433,0.89555,0.89369,0.89554,3452
1681704000,0.89553,0.89595,0.89406,0.89409,4009
1681718400,0.89409,0.89502,0.89218,0.89496,8352
1681732800,0.89497,0.89569,0.89311,0.89556,8701
1681747200,0.89556,0.89963,0.89546,0.89949,11978
1681761600,0.8995,0.89957,0.89831,0.89846,4276
1681776000,0.89791,0.89876,0.89788,0.89832,3628
1681790400,0.89831,0.89858,0.89706,0.8977,5195
1681804800,0.8977,0.89848,0.89576,0.89591,9535
1681819200,0.89592,0.89763,0.89543,0.89753,8090
1681833600,0.89749,0.89868,0.89692,0.89694,10703
1681848000,0.89694,0.89723,0.89629,0.89634,3485
1681862400,0.89611,0.89655,0.8958,0.89595,2100
1681876800,0.89595,0.89741,0.89594,0.89711,3857
1681891200,0.89708,0.89907,0.89596,0.89829,12065
1681905600,0.89831,0.90029,0.89782,0.89801,10675
1681920000,0.898,0.89864,0.89585,0.89739,9623
1681934400,0.89739,0.89797,0.89724,0.89754,4346
1681948800,0.89749,0.89798,0.89709,0.89784,2547
1681963200,0.89783,0.89831,0.89656,0.89656,3678
1681977600,0.89656,0.8971,0.89488,0.89578,9116
1681992000,0.89579,0.89682,0.89227,0.89296,11024
1682006400,0.89297,0.89462,0.892,0.89421,12597
1682020800,0.89419,0.89427,0.89236,0.89244,5038
1682035200,0.89227,0.8933,0.89209,0.89277,3497
1682049600,0.89277,0.89346,0.89238,0.89335,3261
1682064000,0.89331,0.89533,0.89302,0.89354,9511
1682078400,0.89356,0.89446,0.89126,0.89138,9991
1682092800,0.89139,0.89542,0.89075,0.89271,14957
1682107200,0.89276,0.89336,0.89194,0.89213,4960
1682294400,0.89244,0.89264,0.89164,0.89178,2423
1682308800,0.89177,0.89279,0.89157,0.89222,3414
1682323200,0.89222,0.89261,0.88923,0.88925,7737
1682337600,0.88926,0.89078,0.88829,0.88883,9013
1682352000,0.88883,0.88992,0.88793,0.8885,10477
1682366400,0.8885,0.88857,0.88759,0.88767,3937
1682380800,0.88778,0.88794,0.88662,0.8871,2802
1682395200,0.88711,0.88737,0.88632,0.88733,3066
1682409600,0.88733,0.88923,0.8861,0.88647,8782
1682424000,0.88648,0.88884,0.88605,0.88844,10189
1682438400,0.88845,0.89273,0.88839,0.89245,12617
1682452800,0.89242,0.89259,0.89143,0.892,5889
1682467200,0.89124,0.89231,0.89111,0.89198,3829
1682481600,0.892,0.89258,0.89083,0.89094,4590
1682496000,0.89094,0.89187,0.88949,0.88981,9879
1682510400,0.88979,0.89009,0.88781,0.88871,11275
1682524800,0.88871,0.89169,0.88517,0.89155,16215
1682539200,0.89164,0.89202,0.89068,0.89119,5559
1682553600,0.89055,0.89123,0.89018,0.89053,4405
1682568000,0.89053,0.89115,0.89052,0.89091,5678
1682582400,0.89091,0.89303,0.89028,0.8924,9892
1682596800,0.89246,0.89759,0.89186,0.89623,13323
1682611200,0.89623,0.89761,0.89493,0.89552,14684
1682625600,0.89552,0.89577,0.89362,0.89433,4259
1682640000,0.89498,0.89499,0.89313,0.89357,2937
1682654400,0.89358,0.89493,0.89311,0.89473,8125
1682668800,0.89473,0.8975,0.89332,0.8956,14049
1682683200,0.89559,0.89719,0.89476,0.89481,12356
1682697600,0.8948,0.89511,0.8896,0.89224,18691
1682712000,0.89224,0.89481,0.89224,0.89463,5586
1682899200,0.89238,0.89538,0.89233,0.89499,3754
1682913600,0.89498,0.89521,0.8938,0.89414,3684
1682928000,0.89414,0.89492,0.89272,0.89438,8347
1682942400,0.89438,0.89466,0.8915,0.89172,9975
1682956800,0.89172,0.89663,0.89153,0.89599,14729
1682971200,0.89599,0.89665,0.89535,0.89579,4267
1682985600,0.89537,0.89605,0.89505,0.89568,3689
1683000000,0.89568,0.89592,0.89419,0.8958,4423
1683014400,0.89581,0.89863,0.89491,0.89825,12509
1683028800,0.89825,0.89949,0.8967,0.89866,10162
1683043200,0.89865,0.89916,0.8927,0.8931,16061
1683057600,0.89308,0.89357,0.89236,0.89323,3797
1683072000,0.89314,0.89314,0.89179,0.89181,4505
1683086400,0.89182,0.89206,0.89071,0.89141,2889
1683100800,0.8914,0.89158,0.88709,0.8878,8452
1683115200,0.88782,0.89057,0.88714,0.88855,11168
1683129600,0.88852,0.88909,0.8863,0.88687,12316
1683144000,0.88687,0.88773,0.88322,0.88473,19444
1683158400,0.88412,0.88511,0.88198,0.88285,6487
1683172800,0.88283,0.88331,0.88227,0.8831,5259
1683187200,0.88309,0.88816,0.88239,0.8879,10739
1683201600,0.88789,0.88906,0.8842,0.88862,16817
1683216000,0.88864,0.88912,0.88383,0.88498,25423
1683230400,0.88502,0.88616,0.88452,0.88578,6235
1683244800,0.8852,0.88598,0.885,0.8853,3180
1683259200,0.88526,0.88526,0.88383,0.88402,3344
1683273600,0.88404,0.89313,0.88343,0.89183,11350
1683288000,0.89181,0.89734,0.89104,0.89558,14826
1683302400,0.89558,0.89571,0.89034,0.89066,15848
1683316800,0.89065,0.89161,0.89009,0.89054,4846
1683504000,0.89038,0.89123,0.88977,0.89021,4569
1683518400,0.89024,0.89067,0.88867,0.88886,4048
1683532800,0.88884,0.8896,0.88676,0.88846,7424
1683547200,0.88847,0.88983,0.888,0.88905,7977
1683561600,0.88904,0.89018,0.88817,0.88819,8506
1683576000,0.88819,0.89004,0.88783,0.88962,3537
1683590400,0.88949,0.89077,0.88821,0.89049,3905
1683604800,0.8905,0.89061,0.88922,0.88965,2861
1683619200,0.88965,0.89273,0.88884,0.89213,8682
1683633600,0.89212,0.89374,0.89116,0.89363,8354
1683648000,0.89362,0.89427,0.89061,0.89151,9636
1683662400,0.89151,0.8916,0.88963,0.89058,5119
1683676800,0.88967,0.89055,0.88967,0.88998,2207
1683691200,0.88997,0.89005,0.88961,0.88989,2543
1683705600,0.88992,0.89071,0.88862,0.89062,8650
1683720000,0.89064,0.89274,0.8868,0.88721,12550
1683734400,0.88718,0.89124,0.88694,0.89068,16737
1683748800,0.89069,0.89093,0.88882,0.88965,5513
1683763200,0.88872,0.88945,0.88859,0.88893,2301
1683777600,0.88892,0.89104,0.88866,0.89044,3462
1683792000,0.89046,0.89501,0.89013,0.89469,12040
1683806400,0.89469,0.89488,0.89135,0.89186,15898
1683820800,0.89186,0.89578,0.89183,0.89402,13009
1683835200,0.89403,0.89458,0.89381,0.89407,3465
1683849600,0.89394,0.89427,0.8933,0.8935,3228
1683864000,0.89351,0.8937,0.89249,0.89268,3658
1683878400,0.89269,0.89293,0.88969,0.89178,9414
1683892800,0.89177,0.895,0.89131,0.89339,9704
1683907200,0.8934,0.89855,0.89281,0.89805,14392
1683921600,0.89806,0.89875,0.89753,0.89821,4744
1684108800,0.89639,0.89875,0.89636,0.89838,4632
1684123200,0.89836,0.89839,0.89727,0.8977,4842
1684137600,0.89771,0.89774,0.89608,0.89704,8289
1684152000,0.89704,0.89764,0.89459,0.89612,9284
1684166400,0.89614,0.89647,0.89424,0.89424,8926
1684180800,0.89425,0.89561,0.89424,0.89556,3833
1684195200,0.89543,0.89578,0.89481,0.89485,5314
1684209600,0.89487,0.89572,0.89481,0.89488,4177
1684224000,0.89488,0.89624,0.89224,0.89281,7590
1684238400,0.89283,0.89561,0.89198,0.89459,12713
1684252800,0.8946,0.89704,0.89404,0.89609,13634
1684267200,0.89609,0.89663,0.89561,0.89636,3732
1684281600,0.89603,0.89659,0.89583,0.89589,2479
1684296000,0.89588,0.89646,0.8949,0.89587,3051
1684310400,0.89587,0.90076,0.89576,0.90021,9596
1684324800,0.90023,0.90114,0.89843,0.9006,10786
1684339200,0.90063,0.90254,0.89802,0.89823,12514
1684353600,0.89822,0.89889,0.89781,0.89845,4424
1684368000,0.89807,0.8989,0.89797,0.89845,2665
1684382400,0.89846,0.89919,0.89802,0.89914,3420
1684396800,0.89913,0.90106,0.89834,0.90043,10106
1684411200,0.90042,0.9023,0.89994,0.90201,9631
1684425600,0.90201,0.90625,0.90117,0.90538,12053
1684440000,0.90537,0.90572,0.90461,0.90499,4339
1684454400,0.90512,0.90532,0.9042,0.90461,4295
1684468800,0.90461,0.90586,0.90441,0.90499,4547
1684483200,0.90499,0.9051,0.90197,0.90296,9559
1684497600,0.90295,0.90362,0.90035,0.90185,9942
1684512000,0.90188,0.90315,0.89745,0.8988,16104
1684526400,0.89878,0.90048,0.89803,0.89929,3958
1684713600,0.89846,0.89898,0.8978,0.89792,3044
1684728000,0.8979,0.89834,0.89699,0.89822,6954
1684742400,0.89822,0.89974,0.89543,0.89564,10310
1684756800,0.89562,0.89718,0.89408,0.89689,11266
1684771200,0.89688,0.89938,0.8961,0.89816,14845
1684785600,0.89817,0.89832,0.8969,0.89777,5206
1684800000,0.89782,0.89857,0.89742,0.89813,3222
1684814400,0.89813,0.89909,0.89809,0.89846,4368
1684828800,0.89846,0.90045,0.89788,0.89929,10124
1684843200,0.8993,0.90294,0.89922,0.90285,9791
1684857600,0.90285,0.90285,0.89853,0.90163,14837
1684872000,0.90163,0.90207,0.90111,0.90133,5564
1684886400,0.90127,0.90173,0.90064,0.90107,2688
1684900800,0.90107,0.90151,0.9007,0.90091,6445
1684915200,0.9009,0.90231,0.90048,0.90199,13640
1684929600,0.90199,0.90372,0.90164,0.90259,12161
1684944000,0.90256,0.90669,0.90228,0.90588,14287
1684958400,0.90588,0.90605,0.90376,0.90499,7747
1684972800,0.90405,0.90533,0.90405,0.90435,4202
1684987200,0.90436,0.90645,0.90389,0.90631,5464
1685001600,0.90631,0.90685,0.90455,0.90577,10116
1685016000,0.90579,0.90691,0.90376,0.90637,11057
1685030400,0.90638,0.90732,0.90453,0.90716,13317
1685044800,0.90715,0.90716,0.90574,0.90588,5474
1685059200,0.9054,0.90569,0.90448,0.90521,4581
1685073600,0.90521,0.90525,0.90431,0.90457,5711
1685088000,0.90456,0.90546,0.90184,0.90391,10696
1685102400,0.90391,0.90437,0.90201,0.90357,11852
1685116800,0.90359,0.90743,0.90309,0.90546,13047
1685131200,0.90545,0.90551,0.90458,0.90494,3470
1685318400,0.90552,0.90619,0.90442,0.90585,3219
1685332800,0.90585,0.90598,0.90484,0.90486,3459
1685347200,0.90486,0.90521,0.90313,0.90332,6496
1685361600,0.90331,0.90434,0.90272,0.90342,6361
1685376000,0.90342,0.90428,0.90328,0.90383,5015
1685390400,0.90382,0.90451,0.90372,0.90435,1848
1685404800,0.90356,0.90475,0.90312,0.90386,3443
1685419200,0.90386,0.90452,0.90309,0.90404,4201
1685433600,0.90404,0.9084,0.90404,0.90476,12503
1685448000,0.90482,0.90561,0.90141,0.9031,13774
1685462400,0.9031,0.90637,0.90242,0.90635,12545
1685476800,0.90635,0.90692,0.90558,0.90578,5174
1685491200,0.90566,0.9067,0.90555,0.90571,2426
1685505600,0.90571,0.90855,0.90554,0.90823,4486
1685520000,0.90822,0.9119,0.90765,0.91125,10888
1685534400,0.91123,0.91153,0.90984,0.9107,8286
1685548800,0.9107,0.91474,0.90959,0.9143,17368
1685563200,0.91428,0.91447,0.91036,0.91051,8277
1685577600,0.91038,0.91084,0.90992,0.91051,3109
1685592000,0.91052,0.91118,0.91032,0.91093,4281
1685606400,0.91092,0.91138,0.90999,0.91009,9201
1685620800,0.91007,0.91113,0.9075,0.90867,11899
1685635200,0.90864,0.91014,0.90667,0.90702,15080
1685649600,0.90703,0.90735,0.90537,0.90569,4629
1685664000,0.90597,0.90639,0.905,0.90523,4212
1685678400,0.90522,0.90549,0.9042,0.90467,4710
1685692800,0.90467,0.90519,0.90346,0.90439,8458
1685707200,0.90438,0.90858,0.90425,0.90734,13279
1685721600,0.90731,0.90898,0.9047,0.90855,15134
1685736000,0.90854,0.90915,0.90803,0.90887,5582
1685923200,0.90766,0.9105,0.90763,0.91017,2752
1685937600,0.91017,0.91055,0.90948,0.90998,6230
1685952000,0.90997,0.91193,0.90945,0.91077,10022
1685966400,0.91077,0.91193,0.9097,0.91129,8198
1685980800,0.91129,0.9115,0.90522,0.90577,13923
1685995200,0.90577,0.90641,0.90523,0.90603,4813
1686009600,0.90514,0.9066,0.90501,0.90583,3499
1686024000,0.90583,0.90599,0.90488,0.90489,4013
1686038400,0.90488,0.90732,0.90333,0.90609,12024
1686052800,0.90609,0.90967,0.90588,0.90879,9773
1686067200,0.90879,0.9098,0.9072,0.90766,9633
1686081600,0.90767,0.90795,0.90738,0.90763,2682
1686096000,0.90758,0.90768,0.9063,0.90666,1847
1686110400,0.90665,0.90767,0.90632,0.90702,4634
1686124800,0.90702,0.90873,0.90637,0.90637,7926
1686139200,0.90635,0.90692,0.905,0.90602,9170
1686153600,0.90603,0.90989,0.90429,0.90972,13035
1686168000,0.9097,0.91069,0.90938,0.91011,4452
1686182400,0.9094,0.91011,0.90902,0.90918,3259
1686196800,0.90918,0.90978,0.90894,0.90931,3339
1686211200,0.90931,0.91075,0.90809,0.90864,7344
1686225600,0.90864,0.91003,0.90249,0.90283,11630
1686240000,0.90285,0.90296,0.8997,0.90018,13454
1686254400,0.90019,0.90036,0.89896,0.89917,5056
1686268800,0.8988,0.89933,0.89857,0.89919,2908
1686283200,0.8992,0.89974,0.89896,0.89963,3469
1686297600,0.89963,0.90162,0.89845,0.90046,8772
1686312000,0.90046,0.90244,0.8998,0.90105,9935
1686326400,0.90105,0.90325,0.90047,0.90304,9755
1686340800,0.90304,0.90391,0.90242,0.90292,3213
1686528000,0.90171,0.90393,0.90171,0.90367,2059
1686542400,0.9037,0.90456,0.90344,0.90429,3645
1686556800,0.90429,0.9045,0.90155,0.90235,7492
1686571200,0.90234,0.90626,0.90204,0.9059,8366
1686585600,0.90592,0.91091,0.90567,0.91049,9587
1686600000,0.91048,0.91064,0.90848,0.90863,4830
1686614400,0.9086,0.90892,0.90817,0.90892,3009
1686628800,0.90892,0.90893,0.90678,0.9068,3985
1686643200,0.9068,0.90682,0.90355,0.90467,9209
1686657600,0.90467,0.90672,0.90316,0.90476,11583
1686672000,0.90483,0.90733,0.9032,0.90379,14207
1686686400,0.90379,0.90623,0.90351,0.90513,5656
1686700800,0.9048,0.90567,0.90465,0.90532,2734
1686715200,0.90533,0.90544,0.90431,0.90492,2106
1686729600,0.90492,0.90601,0.90374,0.90421,6007
1686744000,0.90422,0.90428,0.8988,0.8989,8069
1686758400,0.89889,0.89972,0.8965,0.89671,8178
1686772800,0.89669,0.90292,0.89652,0.90121,18168
1686787200,0.9011,0.9011,0.90001,0.90074,2241
1686801600,0.90074,0.90391,0.90073,0.90389,4081
1686816000,0.90389,0.90559,0.90246,0.90318,8125
1686830400,0.90318,0.90318,0.89858,0.89951,10767
1686844800,0.89958,0.89965,0.89083,0.89135,12559
1686859200,0.89137,0.89199,0.89071,0.89163,3868
1686873600,0.89164,0.89211,0.89124,0.89201,4097
1686888000,0.89202,0.89239,0.89137,0.89228,5467
1686902400,0.89226,0.8923,0.89013,0.89081,11001
1686916800,0.89081,0.89285,0.8904,0.89274,9487
1686931200,0.89271,0.89489,0.89121,0.89373,14200
1686945600,0.89373,0.89469,0.89289,0.89381,5891
1687132800,0.89363,0.89472,0.89326,0.89445,9226
1687147200,0.89445,0.89481,0.89387,0.89421,3311
1687161600,0.89423,0.89495,0.89331,0.89465,8719
1687176000,0.89466,0.89699,0.89412,0.89537,8272
1687190400,0.89536,0.89748,0.89504,0.8963,7896
1687204800,0.8963,0.89637,0.89581,0.89585,2504
1687219200,0.89539,0.89656,0.89504,0.89611,4478
1687233600,0.8961,0.89723,0.8959,0.8972,7334
1687248000,0.89722,0.89862,0.89537,0.89684,12310
1687262400,0.89685,0.89836,0.89637,0.89747,11184
1687276800,0.89747,0.9001,0.8974,0.8982,14204
1687291200,0.89819,0.89855,0.89762,0.89781,4868
1687305600,0.89731,0.89825,0.89731,0.89809,3471
1687320000,0.89809,0.8989,0.89801,0.89836,6705
1687334400,0.89834,0.89942,0.89682,0.89685,12464
1687348800,0.89684,0.89913,0.89665,0.89787,11806
1687363200,0.89791,0.89978,0.89345,0.89403,15458
1687377600,0.89406,0.89439,0.89195,0.893,6899
1687392000,0.89293,0.89305,0.89218,0.89251,3103
1687406400,0.89251,0.89271,0.89193,0.89271,4282
1687420800,0.89272,0.89544,0.8906,0.894,14411
1687435200,0.89402,0.89541,0.89213,0.89541,16095
1687449600,0.89545,0.89707,0.89419,0.8969,14630
1687464000,0.8969,0.89726,0.89479,0.89504,8404
1687478400,0.89447,0.89549,0.89394,0.89515,7401
1687492800,0.89516,0.89756,0.89507,0.89711,6276
1687507200,0.89711,0.90129,0.89685,0.9004,14559
1687521600,0.9004,0.90101,0.89566,0.89609,11834
1687536000,0.8961,0.89857,0.89455,0.89809,15524
1687550400,0.89808,0.89811,0.89661,0.89668,6744
1687737600,0.89611,0.8963,0.89512,0.89604,4779
1687752000,0.89606,0.89657,0.8954,0.89593,5228
1687766400,0.89593,0.89683,0.89466,0.89516,10452
1687780800,0.89517,0.89538,0.89113,0.89276,9495
1687795200,0.89278,0.89543,0.89272,0.89486,11674
1687809600,0.89486,0.89573,0.89468,0.89573,3869
1687824000,0.8952,0.89654,0.8943,0.89646,5839
1687838400,0.89646,0.89653,0.89395,0.89502,7755
1687852800,0.89503,0.89601,0.89375,0.89471,9785
1687867200,0.89471,0.89558,0.89237,0.89311,11539
1687881600,0.89311,0.89703,0.89296,0.89351,15369
1687896000,0.89352,0.89377,0.89293,0.89371,4552
1687910400,0.89262,0.89382,0.89262,0.89365,4143
1687924800,0.89365,0.89483,0.89356,0.89428,6452
1687939200,0.89428,0.89546,0.89371,0.89477,10696
1687953600,0.89477,0.89869,0.89457,0.89857,11594
1687968000,0.89857,0.89869,0.89591,0.89645,15846
1687982400,0.89645,0.89708,0.89569,0.89705,5073
1687996800,0.89677,0.89758,0.89612,0.89715,3123
1688011200,0.89715,0.89866,0.89653,0.89851,5345
1688025600,0.89851,0.89896,0.89666,0.89685,10251
1688040000,0.89683,0.89875,0.89431,0.89829,11621
1688054400,0.89825,0.90015,0.89677,0.89892,16258
1688068800,0.89892,0.89991,0.89864,0.89953,5587
1688083200,0.89905,0.89956,0.89868,0.89873,3828
1688097600,0.89872,0.89922,0.89828,0.8986,6126
1688112000,0.89862,0.90154,0.89807,0.90117,10820
1688126400,0.90116,0.90166,0.8977,0.8978,11273
1688140800,0.89782,0.89791,0.89352,0.89468,16210
1688155200,0.89468,0.8957,0.89413,0.89495,6503
1688342400,0.89396,0.89571,0.89365,0.8956,2406
1688356800,0.89561,0.89567,0.89454,0.89456,5033
1688371200,0.89456,0.89924,0.89404,0.89891,10710
1688385600,0.8989,0.90039,0.89802,0.89826,9995
1688400000,0.89827,0.89851,0.89522,0.89613,12801
1688414400,0.89611,0.89669,0.89598,0.89627,2707
1688428800,0.89615,0.89648,0.89553,0.89634,2692
1688443200,0.89634,0.89697,0.89566,0.89697,4943
1688457600,0.89696,0.8973,0.89516,0.89577,7430
1688472000,0.89575,0.89629,0.89454,0.89525,6828
1688486400,0.89525,0.89648,0.89497,0.89633,5309
1688500800,0.89634,0.89748,0.896,0.89709,4457
1688515200,0.89682,0.8972,0.89616,0.89654,3250
1688529600,0.89654,0.89771,0.89649,0.89753,3336
1688544000,0.89754,0.89875,0.8962,0.898,10247
1688558400,0.89799,0.89945,0.89703,0.89751,9452
1688572800,0.89751,0.89884,0.89621,0.89837,10382
1688587200,0.89837,0.89904,0.89773,0.89874,6323
1688601600,0.89767,0.899,0.89767,0.89872,2903
1688616000,0.89873,0.89908,0.89793,0.89846,4835
1688630400,0.89846,0.89922,0.89652,0.8975,10833
1688644800,0.8975,0.89851,0.89509,0.89761,14231
1688659200,0.89759,0.89977,0.89581,0.89636,19315
1688673600,0.89636,0.89649,0.89525,0.89534,6453
1688688000,0.89519,0.89674,0.89489,0.89648,3810
1688702400,0.89648,0.89651,0.89552,0.89584,4177
1688716800,0.89586,0.8965,0.89487,0.89576,9249
1688731200,0.89576,0.89699,0.89206,0.89314,14499
1688745600,0.89314,0.89465,0.88785,0.88795,16581
1688760000,0.88795,0.88931,0.88758,0.88916,4346
1688947200,0.88809,0.88995,0.88776,0.88955,3352
1688961600,0.88956,0.89081,0.88914,0.89078,5171
1688976000,0.89078,0.89155,0.88919,0.88939,8510
1688990400,0.88937,0.89177,0.8887,0.89149,9316
1689004800,0.89149,0.89149,0.8863,0.88651,11341
1689019200,0.88651,0.88669,0.88518,0.88527,3767
1689033600,0.88546,0.8856,0.88473,0.88503,2667
1689048000,0.88503,0.88505,0.88392,0.88426,4483
1689062400,0.88427,0.88482,0.88104,0.88175,11042
1689076800,0.88175,0.8837,0.88126,0.88331,8894
1689091200,0.88331,0.88348,0.87985,0.87994,10433
1689105600,0.87994,0.88018,0.87939,0.87942,4372
1689120000,0.87929,0.87952,0.87792,0.87835,3826
1689134400,0.87835,0.87857,0.8774,0.87746,6622
1689148800,0.87747,0.87919,0.87641,0.87795,10420
1689163200,0.87796,0.87889,0.87345,0.8748,13469
1689177600,0.87477,0.87488,0.86591,0.86769,18406
1689192000,0.86772,0.8685,0.86675,0.86746,6017
1689206400,0.86684,0.86734,0.86607,0.86671,3893
1689220800,0.86677,0.86708,0.86508,0.86589,5352
1689235200,0.8659,0.86693,0.86153,0.86303,12280
1689249600,0.86305,0.8641,0.86163,0.86221,12597
1689264000,0.86219,0.86274,0.85823,0.8586,15139
1689278400,0.8586,0.8591,0.85821,0.85882,5296
1689292800,0.85961,0.85961,0.85815,0.8588,4002
1689307200,0.8588,0.85893,0.85694,0.85771,6140
1689321600,0.85772,0.85979,0.85657,0.85748,10457
1689336000,0.85747,0.86178,0.85691,0.86082,10106
1689350400,0.86082,0.86312,0.85975,0.86141,15682
1689364800,0.86138,0.86249,0.86136,0.86186,4278
1689552000,0.86055,0.86249,0.85967,0.86173,2933
1689566400,0.86171,0.86189,0.86091,0.86102,4052
1689580800,0.86103,0.86123,0.8578,0.85902,8709
1689595200,0.85905,0.86144,0.8579,0.86043,8623
1689609600,0.86042,0.86305,0.85987,0.86047,9128
1689624000,0.86047,0.86079,0.85968,0.86038,3025
1689638400,0.85995,0.86071,0.85941,0.86005,2882
1689652800,0.86005,0.8602,0.85843,0.85859,5243
1689667200,0.8586,0.86042,0.85676,0.85921,11227
1689681600,0.85923,0.85981,0.85544,0.85744,14706
1689696000,0.85741,0.85954,0.85661,0.85944,18459
1689710400,0.85944,0.85963,0.8571,0.85771,4540
1689724800,0.85752,0.85805,0.85682,0.85737,3224
1689739200,0.85737,0.85847,0.85726,0.85821,5874
1689753600,0.8582,0.85992,0.85667,0.85899,13233
1689768000,0.85897,0.85926,0.85711,0.85778,11360
1689782400,0.85777,0.86133,0.85709,0.8596,16271
1689796800,0.8596,0.8599,0.85828,0.8584,5820
1689811200,0.85843,0.85876,0.85712,0.85724,3710
1689825600,0.8572,0.85736,0.85608,0.85643,6466
1689840000,0.85645,0.85875,0.85604,0.85812,11607
1689854400,0.85816,0.86288,0.85764,0.8624,12580
1689868800,0.86242,0.86799,0.86149,0.86751,15217
1689883200,0.8675,0.86841,0.86648,0.86663,4854
1689897600,0.86653,0.86666,0.86559,0.86576,3129
1689912000,0.86577,0.86662,0.8656,0.86626,4749
1689926400,0.86625,0.86723,0.86489,0.86633,12342
1689940800,0.86633,0.86691,0.86451,0.86496,12731
1689955200,0.86498,0.86639,0.86407,0.86564,12410
1689969600,0.86564,0.86622,0.86541,0.86585,3528
1690156800,0.86513,0.86639,0.86454,0.86609,2520
1690171200,0.86609,0.86686,0.86558,0.8667,4494
1690185600,0.8667,0.86835,0.8648,0.8677,13764
1690200000,0.86771,0.86787,0.86372,0.86484,11187
1690214400,0.86485,0.86764,0.86391,0.86748,14929
1690228800,0.86748,0.86995,0.86741,0.86941,5247
1690243200,0.86977,0.87004,0.86891,0.86946,3178
1690257600,0.86946,0.86948,0.86846,0.86947,4831
1690272000,0.86948,0.86967,0.86754,0.86804,11516
1690286400,0.86804,0.86977,0.86748,0.86789,9514
1690300800,0.86788,0.86923,0.86369,0.86466,10644
1690315200,0.86466,0.86564,0.86386,0.86389,4256
1690329600,0.86447,0.86555,0.86318,0.86533,3111
1690344000,0.86533,0.86562,0.86437,0.86498,4575
1690358400,0.86498,0.86514,0.86131,0.86255,11188
1690372800,0.86255,0.86398,0.86105,0.86256,9415
1690387200,0.86256,0.86395,0.86201,0.86319,12031
1690401600,0.86321,0.86401,0.8597,0.86071,17715
1690416000,0.86013,0.86177,0.85978,0.8608,2921
1690430400,0.86081,0.86082,0.858,0.85984,6340
1690444800,0.85984,0.86124,0.85557,0.85592,12652
1690459200,0.85591,0.86253,0.85522,0.86158,16755
1690473600,0.8616,0.86944,0.86127,0.86793,22331
1690488000,0.86789,0.86983,0.86606,0.86923,12792
1690502400,0.86813,0.86951,0.86783,0.86944,3787
1690516800,0.86944,0.87001,0.86855,0.86881,13388
1690531200,0.86881,0.87362,0.86823,0.87111,20263
1690545600,0.87112,0.87192,0.86649,0.86828,15107
1690560000,0.86828,0.86972,0.86606,0.86821,17989
1690574400,0.86821,0.87055,0.86821,0.87052,6178
1690761600,0.86803,0.87025,0.86803,0.86979,3360
1690776000,0.86978,0.87189,0.86962,0.87187,5402
1690790400,0.87192,0.87194,0.86914,0.87046,11764
1690804800,0.87047,0.87296,0.86945,0.87143,9223
1690819200,0.87144,0.8725,0.86654,0.86945,14428
1690833600,0.86944,0.87236,0.86909,0.87171,5214
1690848000,0.87063,0.87246,0.87013,0.87243,2588
1690862400,0.87243,0.87318,0.87194,0.87239,4597
1690876800,0.87242,0.87543,0.87123,0.87492,11374
1690891200,0.8749,0.87775,0.8748,0.87735,12915
1690905600,0.87735,0.87752,0.87419,0.87581,15579
1690920000,0.87582,0.87673,0.87485,0.87516,5723
1690934400,0.87447,0.87516,0.8712,0.87295,8149
1690948800,0.87295,0.87565,0.87258,0.87523,7526
1690963200,0.87523,0.87853,0.87382,0.87707,14331
1690977600,0.87707,0.8803,0.87626,0.87943,14735
1690992000,0.87943,0.88059,0.87626,0.87627,14745
1691006400,0.87628,0.87803,0.87574,0.87768,4165
1691020800,0.87685,0.87769,0.87675,0.87744,3285
1691035200,0.87747,0.87874,0.87666,0.87869,6450
1691049600,0.87868,0.87984,0.87714,0.87718,15136
1691064000,0.87717,0.87745,0.87369,0.87511,16965
1691078400,0.87514,0.87735,0.87328,0.87382,17312
1691092800,0.87383,0.87554,0.87358,0.87434,5441
1691107200,0.87437,0.87465,0.87367,0.87397,4363
1691121600,0.87397,0.87458,0.87302,0.87449,6170
1691136000,0.87449,0.87791,0.87373,0.87758,9845
1691150400,0.87758,0.87823,0.8724,0.87293,13653
1691164800,0.87295,0.87313,0.86991,0.87102,16879
1691179200,0.87102,0.87344,0.8707,0.87268,4380
1691366400,0.87105,0.87457,0.87105,0.8738,4592
1691380800,0.87381,0.87532,0.87375,0.87444,4170
1691395200,0.87443,0.87685,0.87376,0.87573,9294
1691409600,0.87573,0.87734,0.87477,0.87484,7945
1691424000,0.87485,0.87575,0.87334,0.87392,9771
1691438400,0.87392,0.87429,0.87276,0.87287,3711
1691452800,0.87289,0.87391,0.87239,0.87354,2860
1691467200,0.87356,0.8747,0.87342,0.87364,5799
1691481600,0.87365,0.87554,0.87199,0.87375,11822
1691496000,0.87375,0.87782,0.87363,0.87755,12371
1691510400,0.87755,0.87828,0.875,0.87578,12095
1691524800,0.87578,0.87627,0.87513,0.87579,3768
1691539200,0.87577,0.87616,0.87469,0.8753,4208
1691553600,0.87529,0.87541,0.87427,0.87457,5445
1691568000,0.87459,0.87515,0.87314,0.87477,9240
1691582400,0.87476,0.87825,0.87463,0.8765,8873
1691596800,0.8765,0.87737,0.875,0.87683,11304
1691611200,0.87682,0.87753,0.87576,0.87704,4380
1691625600,0.87589,0.87745,0.87589,0.87711,3338
1691640000,0.87711,0.87765,0.87627,0.87694,3802
1691654400,0.87696,0.87713,0.87226,0.87327,9626
1691668800,0.87328,0.87388,0.86899,0.87184,13315
1691683200,0.87186,0.87523,0.87159,0.87386,19443
1691697600,0.87386,0.87724,0.87379,0.87683,8603
1691712000,0.87542,0.87713,0.87542,0.87644,3652
1691726400,0.87643,0.87653,0.87572,0.87639,5131
1691740800,0.87639,0.87765,0.87587,0.87655,9807
1691755200,0.87655,0.87743,0.87336,0.87664,11267
1691769600,0.87666,0.87806,0.87495,0.8773,15627
1691784000,0.87731,0.87744,0.8759,0.87648,4753
1691971200,0.87625,0.87771,0.87501,0.87746,3153
1691985600,0.87746,0.87791,0.87702,0.87736,5103
1692000000,0.87736,0.87771,0.8755,0.87689,10170
1692014400,0.87689,0.88105,0.87617,0.88066,11177
1692028800,0.88065,0.88275,0.87622,0.87696,14497
1692043200,0.87696,0.8791,0.87659,0.87823,4529
1692057600,0.87732,0.87865,0.87712,0.87803,3954
1692072000,0.87801,0.87842,0.87668,0.8776,6768
1692086400,0.87762,0.87831,0.87528,0.87586,12251
1692100800,0.87586,0.87962,0.87439,0.87698,15880
1692115200,0.87698,0.87835,0.87545,0.8783,18070
1692129600,0.8783,0.87888,0.8772,0.87854,5112
1692144000,0.87785,0.87908,0.87763,0.87892,5100
1692158400,0.87893,0.87913,0.87786,0.87814,5536
1692172800,0.87814,0.87903,0.87742,0.87794,11223
1692187200,0.87794,0.88126,0.87787,0.88121,10877
1692201600,0.88124,0.8814,0.87809,0.87934,14882
1692216000,0.87933,0.88066,0.87798,0.87995,7740
1692230400,0.87979,0.88073,0.87932,0.8805,6789
1692244800,0.8805,0.88092,0.87998,0.88028,5472
1692259200,0.88029,0.88092,0.87917,0.87929,10008
1692273600,0.8793,0.87982,0.876,0.87696,15067
1692288000,0.87696,0.87982,0.87607,0.87913,16164
1692302400,0.87911,0.88035,0.87814,0.87855,6918
1692316800,0.87706,0.8789,0.87703,0.87788,4800
1692331200,0.87789,0.87867,0.87735,0.87866,5440
1692345600,0.87863,0.8806,0.87795,0.88038,10704
1692360000,0.88038,0.88249,0.87939,0.88141,9937
1692374400,0.88142,0.88195,0.87923,0.88174,12804
1692388800,0.88174,0.88275,0.88095,0.88261,4864
1692576000,0.88125,0.88258,0.88125,0.88156,2972
1692590400,0.88157,0.8828,0.88154,0.88211,4661
1692604800,0.8821,0.88245,0.87914,0.88028,9387
1692619200,0.88028,0.88054,0.87874,0.87924,11506
1692633600,0.87925,0.88143,0.8785,0.87862,12171
1692648000,0.87862,0.87896,0.878,0.87854,3612
1692662400,0.8784,0.8791,0.8781,0.87825,3789
1692676800,0.87825,0.87832,0.87718,0.87795,6574
1692691200,0.87797,0.87824,0.87671,0.87757,9523
1692705600,0.87757,0.87981,0.87647,0.87941,11050
1692720000,0.8794,0.88093,0.87897,0.8797,13824
1692734400,0.8797,0.88068,0.87949,0.88046,3098
1692748800,0.8797,0.88055,0.87966,0.88047,3444
1692763200,0.88047,0.88074,0.87956,0.8796,5094
1692777600,0.87958,0.88149,0.87787,0.88038,13851
1692792000,0.88038,0.88171,0.87978,0.88121,10469
1692806400,0.88121,0.88125,0.87747,0.87834,17883
1692820800,0.87835,0.87907,0.87738,0.87792,5046
1692835200,0.87756,0.87797,0.87669,0.87696,4246
1692849600,0.87698,0.87802,0.8765,0.87731,6483
1692864000,0.87731,0.87989,0.87598,0.8793,10850
1692878400,0.8793,0.88387,0.87898,0.88298,12421
1692892800,0.88298,0.88332,0.88068,0.88321,14805
1692907200,0.8832,0.88517,0.88304,0.88453,4863
1692921600,0.88386,0.88548,0.88345,0.88527,4936
1692936000,0.88527,0.88654,0.88512,0.88631,4542
1692950400,0.88632,0.88687,0.88504,0.88555,10027
1692964800,0.88555,0.8862,0.88437,0.8846,9399
1692979200,0.88464,0.8876,0.88213,0.88543,21873
1692993600,0.88542,0.88542,0.88342,0.88453,6899
1693180800,0.88449,0.88515,0.88345,0.88408,3936
1693195200,0.8841,0.8842,0.88305,0.88319,4308
1693209600,0.88319,0.88444,0.88179,0.88423,8972
1693224000,0.88424,0.88501,0.88281,0.88376,9435
1693238400,0.88375,0.88534,0.88307,0.88387,10481
1693252800,0.88386,0.88438,0.88351,0.88383,4138
1693267200,0.88357,0.88376,0.88278,0.88327,4621
1693281600,0.88327,0.88347,0.88258,0.88342,3929
1693296000,0.88341,0.88506,0.88307,0.88469,7937
1693310400,0.8847,0.8857,0.8838,0.88501,9159
1693324800,0.88501,0.88589,0.87875,0.87897,19893
1693339200,0.87897,0.8795,0.87745,0.87838,5990
1693353600,0.87765,0.87903,0.87765,0.87854,8705
1693368000,0.87854,0.87962,0.87845,0.87962,6082
1693382400,0.87963,0.88032,0.8784,0.87952,11896
1693396800,0.87951,0.88005,0.87617,0.87667,15423
1693411200,0.8767,0.87871,0.87447,0.87841,13619
1693425600,0.87841,0.87882,0.87762,0.8785,3904
1693440000,0.8782,0.87866,0.87744,0.87783,2925
1693454400,0.87783,0.87862,0.87709,0.87857,4488
1693468800,0.87857,0.88085,0.87843,0.88077,10238
1693483200,0.88077,0.88285,0.88068,0.88107,13092
1693497600,0.88109,0.88457,0.8808,0.8829,15449
1693512000,0.88289,0.88361,0.88235,0.88327,4941
1693526400,0.88253,0.88397,0.88245,0.88356,4735
1693540800,0.88356,0.88388,0.88227,0.8832,4558
1693555200,0.88321,0.88434,0.88123,0.8827,9137
1693569600,0.88271,0.88366,0.8796,0.88087,13125
1693584000,0.88088,0.88635,0.87948,0.88581,21898
1693598400,0.8858,0.88612,0.88506,0.88574,4451
1693785600,0.88514,0.88578,0.88489,0.88517,2395
1693800000,0.88517,0.88533,0.88403,0.88479,4076
1693814400,0.8848,0.88481,0.88323,0.88417,8620
1693828800,0.88417,0.88488,0.88345,0.88449,7152
1693843200,0.88449,0.88543,0.8841,0.88429,4005
1693857600,0.88429,0.8849,0.88365,0.88435,1481
1693872000,0.88422,0.88501,0.8838,0.88452,2590
1693886400,0.88453,0.88566,0.88446,0.88499,3954
1693900800,0.88499,0.88806,0.88491,0.88786,10198
1693915200,0.88786,0.8903,0.8873,0.88795,10467
1693929600,0.88794,0.88953,0.88761,0.88879,14552
1693944000,0.88878,0.88996,0.88873,0.88952,3423
1693958400,0.88875,0.88997,0.88829,0.88979,2468
1693972800,0.88979,0.89027,0.88847,0.88877,3471
1693987200,0.88875,0.89035,0.88809,0.88978,8756
1694001600,0.88978,0.89061,0.88923,0.89045,7769
1694016000,0.89046,0.89444,0.89046,0.89222,14668
1694030400,0.89224,0.89234,0.891,0.89108,3964
1694044800,0.8911,0.89178,0.89067,0.89161,4487
1694059200,0.89163,0.89181,0.89083,0.89172,3319
1694073600,0.89172,0.89235,0.89122,0.89195,8248
1694088000,0.89195,0.89368,0.89139,0.89338,8791
1694102400,0.89337,0.89403,0.8923,0.89292,10694
1694116800,0.89292,0.89315,0.89203,0.89264,3736
1694131200,0.89201,0.89286,0.89095,0.89123,5277
1694145600,0.89123,0.89194,0.89053,0.89111,4511
1694160000,0.8911,0.89136,0.88946,0.89076,8407
1694174400,0.89077,0.89213,0.89063,0.892,8026
1694188800,0.892,0.89346,0.88989,0.89289,9808
1694203200,0.89289,0.89364,0.89237,0.89295,4593
1694390400,0.89134,0.89259,0.89072,0.89187,7490
1694404800,0.89187,0.89222,0.89015,0.89033,5279
1694419200,0.89034,0.8919,0.88965,0.89147,9580
1694433600,0.89148,0.89217,0.89099,0.8914,8503
1694448000,0.8914,0.89225,0.89019,0.89038,9164
1694462400,0.89038,0.89142,0.89024,0.89096,4383
1694476800,0.89064,0.89179,0.89009,0.89155,5246
1694491200,0.89155,0.892,0.89044,0.89127,3327
1694505600,0.89127,0.8919,0.89013,0.89165,8493
1694520000,0.89167,0.89294,0.89116,0.89294,7463
1694534400,0.89294,0.8934,0.89072,0.89164,7564
1694548800,0.89164,0.89212,0.89072,0.89119,4690
1694563200,0.89078,0.89154,0.89007,0.8913,4624
1694577600,0.8913,0.89242,0.89082,0.89103,3312
1694592000,0.89101,0.89327,0.89087,0.89298,8248
1694606400,0.89297,0.89517,0.89113,0.89239,13386
1694620800,0.89241,0.89399,0.89149,0.89232,13408
1694635200,0.89234,0.89369,0.89209,0.89369,3972
1694649600,0.89312,0.89357,0.89208,0.89222,3351
1694664000,0.89222,0.89294,0.892,0.89225,3572
1694678400,0.89225,0.89388,0.89144,0.89343,6558
1694692800,0.89343,0.89701,0.8927,0.89492,15319
1694707200,0.89492,0.89607,0.89299,0.896,18505
1694721600,0.89597,0.89704,0.89539,0.89547,4725
1694736000,0.89484,0.89632,0.89467,0.89547,5742
1694750400,0.89547,0.8961,0.89499,0.89518,5436
1694764800,0.89518,0.89636,0.89456,0.89552,8099
1694779200,0.89553,0.89736,0.89505,0.89694,7155
1694793600,0.89693,0.89773,0.89522,0.89644,13099
1694808000,0.89643,0.89774,0.8962,0.8974,4533
1694995200,0.89569,0.89755,0.8956,0.89665,1750
1695009600,0.89666,0.89769,0.8963,0.89698,2876
1695024000,0.897,0.8971,0.89553,0.89626,6676
1695038400,0.89626,0.89788,0.89536,0.89777,5805
1695052800,0.89777,0.89824,0.89613,0.89682,8510
1695067200,0.89682,0.89801,0.89633,0.89698,3484
1695081600,0.89646,0.89734,0.89636,0.89703,3658
1695096000,0.89703,0.89784,0.89692,0.8973,2902
1695110400,0.89731,0.89831,0.89477,0.89629,6839
1695124800,0.89626,0.89711,0.89503,0.89643,7664
1695139200,0.89642,0.89839,0.8963,0.89809,8384
1695153600,0.89809,0.89831,0.89744,0.8977,3086
1695168000,0.89759,0.89788,0.89679,0.89755,2713
1695182400,0.89756,0.89821,0.89742,0.8981,2366
1695196800,0.8981,0.8984,0.89642,0.89725,8759
1695211200,0.89728,0.89772,0.89607,0.89674,6187
1695225600,0.89671,0.89682,0.89316,0.89356,10230
1695240000,0.89356,0.89954,0.89348,0.89867,16670
1695254400,0.89815,0.90048,0.89796,0.90042,10171
1695268800,0.90043,0.90086,0.8996,0.8999,3869
1695283200,0.89991,0.9074,0.89851,0.9071,12141
1695297600,0.90711,0.90782,0.90416,0.90424,15117
1695312000,0.9042,0.90616,0.90202,0.90417,14161
1695326400,0.90417,0.90473,0.90296,0.90449,4745
1695340800,0.9033,0.90527,0.9033,0.90481,3002
1695355200,0.9048,0.90527,0.90427,0.90454,4775
1695369600,0.90456,0.90694,0.90426,0.90614,12340
1695384000,0.90615,0.907,0.90454,0.90534,7608
1695398400,0.90536,0.90657,0.90445,0.90638,10057
1695412800,0.90639,0.9075,0.90617,0.90707,4129
1695600000,0.9056,0.90758,0.9055,0.90705,5387
1695614400,0.90705,0.90817,0.907,0.90799,2791
1695628800,0.908,0.91051,0.90737,0.90978,9673
1695643200,0.90977,0.91124,0.90859,0.91034,9041
1695657600,0.91035,0.91354,0.91021,0.91201,11145
1695672000,0.91201,0.91252,0.91117,0.91193,3771
1695686400,0.91152,0.91301,0.91098,0.9127,3809
1695700800,0.9127,0.91358,0.91207,0.9122,4005
1695715200,0.9122,0.91503,0.9121,0.91243,10665
1695729600,0.91243,0.9132,0.91185,0.9122,9368
1695744000,0.9122,0.91471,0.91217,0.91461,12097
1695758400,0.91461,0.91588,0.914,0.91582,5000
1695772800,0.91387,0.9167,0.91387,0.91632,3947
1695787200,0.91633,0.91746,0.91561,0.9171,3965
1695801600,0.91712,0.91767,0.91541,0.91662,7904
1695816000,0.91662,0.91933,0.91599,0.91779,10072
1695830400,0.91779,0.92067,0.917,0.92045,13353
1695844800,0.92046,0.92249,0.9197,0.92116,8506
1695859200,0.9199,0.92095,0.91975,0.92048,3949
1695873600,0.92048,0.92163,0.92037,0.92075,3703
1695888000,0.92075,0.92159,0.91842,0.91851,10193
1695902400,0.91849,0.9198,0.91637,0.91957,13733
1695916800,0.91957,0.91958,0.91471,0.91636,18245
1695931200,0.91635,0.91714,0.91482,0.91483,6794
1695945600,0.91545,0.91552,0.91453,0.91502,3586
1695960000,0.91502,0.91532,0.91317,0.91346,4586
1695974400,0.91345,0.91368,0.90907,0.90973,11383
1695988800,0.90973,0.91316,0.90948,0.91137,13296
1696003200,0.91137,0.91634,0.9105,0.91448,18117
1696017600,0.91448,0.91611,0.91448,0.91516,7164
1696204800,0.91452,0.91612,0.91437,0.916,3473
1696219200,0.916,0.91634,0.91513,0.91577,3099
1696233600,0.9158,0.91665,0.91101,0.91149,9813
1696248000,0.91149,0.91616,0.9114,0.91585,11154
1696262400,0.91588,0.91945,0.91581,0.9185,16210
1696276800,0.9185,0.9185,0.91656,0.91814,6409
1696291200,0.91765,0.91911,0.91724,0.91846,5194
1696305600,0.91846,0.91944,0.91827,0.91933,6163
1696320000,0.91933,0.92187,0.91874,0.91979,11662
1696334400,0.91978,0.92377,0.91978,0.92228,12277
1696348800,0.92227,0.92441,0.92006,0.92148,26109
1696363200,0.9215,0.92168,0.92023,0.92094,8487
1696377600,0.921,0.9215,0.92019,0.92097,5881
1696392000,0.92098,0.92254,0.92093,0.92139,8405
1696406400,0.9214,0.9232,0.91817,0.91861,13167
1696420800,0.91857,0.9194,0.91438,0.91502,17148
1696435200,0.91502,0.91949,0.91464,0.91601,18141
1696449600,0.91602,0.91744,0.91548,0.91711,8790
1696464000,0.91694,0.91728,0.91478,0.91493,4250
1696478400,0.91493,0.91493,0.91341,0.91411,6372
1696492800,0.91414,0.91809,0.91371,0.9178,10304
1696507200,0.91783,0.91822,0.91396,0.91591,14406
1696521600,0.91591,0.91695,0.91308,0.91363,16504
1696536000,0.91363,0.91424,0.91211,0.91241,7264
1696550400,0.91204,0.91329,0.91194,0.91319,3324
1696564800,0.9132,0.91359,0.9127,0.91348,5430
1696579200,0.91346,0.91455,0.91206,0.91289,10202
1696593600,0.91289,0.91757,0.91091,0.91667,14990
1696608000,0.91667,0.91729,0.90728,0.91009,26839
1696622400,0.9101,0.91039,0.9087,0.91,6084
1696809600,0.90874,0.9102,0.90791,0.90798,7622
1696824000,0.908,0.91065,0.90796,0.91038,7515
1696838400,0.91037,0.91233,0.90903,0.91055,13901
1696852800,0.91055,0.91082,0.90825,0.90863,11782
1696867200,0.90864,0.90867,0.90628,0.90811,15356
1696881600,0.90809,0.90812,0.90493,0.90658,7288
1696896000,0.90525,0.90647,0.90438,0.9054,6524
1696910400,0.9054,0.90637,0.90444,0.9062,7128
1696924800,0.90621,0.90728,0.9035,0.90409,16639
1696939200,0.9041,0.90772,0.90338,0.90682,18118
1696953600,0.90684,0.90826,0.9037,0.90393,20544
1696968000,0.90394,0.9055,0.9038,0.90462,8880
1696982400,0.90465,0.90492,0.90367,0.90417,3845
1696996800,0.90417,0.90496,0.90381,0.90494,5371
1697011200,0.90494,0.90543,0.9026,0.90272,16107
1697025600,0.90274,0.90479,0.90181,0.90193,18795
1697040000,0.90195,0.90336,0.90016,0.90272,21925
1697054400,0.90272,0.90468,0.90173,0.90194,9185
1697068800,0.90129,0.90205,0.90073,0.9011,5792
1697083200,0.9011,0.90117,0.90019,0.90054,6239
1697097600,0.90054,0.9016,0.89864,0.89998,10587
1697112000,0.89998,0.9039,0.89938,0.90271,17102
1697126400,0.90273,0.90715,0.90221,0.90698,21581
1697140800,0.90698,0.90879,0.90695,0.90852,10946
1697155200,0.90864,0.90872,0.90708,0.90723,4520
1697169600,0.90723,0.90753,0.9065,0.9065,6246
1697184000,0.90651,0.90811,0.90563,0.9065,16413
1697198400,0.90653,0.90847,0.9047,0.90527,18320
1697212800,0.90527,0.90639,0.90064,0.90128,20065
1697227200,0.90127,0.90259,0.90019,0.90247,7344
1697414400,0.90085,0.90287,0.90044,0.90234,5341
1697428800,0.90234,0.90236,0.90128,0.90152,4395
1697443200,0.90153,0.90419,0.90108,0.90274,10439
1697457600,0.90274,0.90315,0.90069,0.9011,9914
1697472000,0.9011,0.90336,0.90025,0.9006,11940
1697486400,0.9006,0.90101,0.89952,0.90017,4893
1697500800,0.89968,0.9005,0.89937,0.90023,4820
1697515200,0.90023,0.90122,0.90021,0.90113,3578
1697529600,0.90113,0.90303,0.90074,0.90258,7863
1697544000,0.90258,0.90321,0.89944,0.90225,12901
1697558400,0.90227,0.90274,0.89897,0.90067,18082
1697572800,0.90067,0.90133,0.89962,0.90028,6525
1697587200,0.89968,0.90086,0.89915,0.9006,4916
1697601600,0.9006,0.90072,0.89877,0.89919,6131
1697616000,0.89921,0.90003,0.89732,0.89904,12131
1697630400,0.89904,0.89972,0.89745,0.89867,13411
1697644800,0.89864,0.8994,0.89543,0.89848,18891
1697659200,0.89848,0.89925,0.89721,0.89905,8669
1697673600,0.89895,0.89912,0.89819,0.89885,4098
1697688000,0.89885,0.89944,0.89833,0.89897,4985
1697702400,0.89896,0.90016,0.89739,0.89943,11902
1697716800,0.89943,0.89946,0.89592,0.89645,12483
1697731200,0.89645,0.89758,0.89277,0.89334,23046
1697745600,0.89334,0.89378,0.89085,0.8916,14953
1697760000,0.89124,0.89289,0.89062,0.8923,4955
1697774400,0.89231,0.89291,0.89144,0.89287,6605
1697788800,0.89286,0.89349,0.89021,0.89153,11681
1697803200,0.89156,0.89323,0.89079,0.89273,12266
1697817600,0.89271,0.89344,0.89067,0.89207,15493
1697832000,0.89207,0.89269,0.89094,0.89231,9618
1698019200,0.89108,0.89364,0.8907,0.89348,7362
1698033600,0.89348,0.89487,0.89346,0.89452,3923
1698048000,0.89453,0.89567,0.89197,0.89242,11268
1698062400,0.89242,0.89355,0.89127,0.89343,11763
1698076800,0.89343,0.89481,0.89116,0.8914,14653
1698091200,0.8914,0.89219,0.89055,0.89091,6255
1698105600,0.8904,0.89118,0.8902,0.8908,4665
1698120000,0.8908,0.89126,0.88994,0.8906,6052
1698134400,0.8906,0.89227,0.88877,0.89156,12611
1698148800,0.89159,0.89423,0.89156,0.89383,10437
1698163200,0.89388,0.89521,0.89275,0.89367,16035
1698177600,0.89368,0.89394,0.89281,0.89313,5041
1698192000,0.89295,0.89352,0.89237,0.893,5317
1698206400,0.893,0.89329,0.89251,0.89264,3561
1698220800,0.89263,0.89522,0.89203,0.89509,8398
1698235200,0.8951,0.89645,0.89497,0.89529,8362
1698249600,0.89529,0.89684,0.89423,0.89632,14314
1698264000,0.89632,0.89689,0.89595,0.89686,6767
1698278400,0.89671,0.89736,0.89608,0.89709,6080
1698292800,0.89709,0.89826,0.89685,0.89813,6992
1698307200,0.89813,0.89984,0.89784,0.89958,11594
1698321600,0.89958,0.89993,0.89672,0.89672,14623
1698336000,0.8967,0.90045,0.8963,0.90013,18140
1698350400,0.90015,0.90024,0.89859,0.899,8516
1698364800,0.8979,0.89926,0.89737,0.89921,7177
1698379200,0.89923,0.89953,0.89802,0.8986,4916
1698393600,0.8986,0.90114,0.89834,0.90052,10211
1698408000,0.90051,0.90249,0.89925,0.90144,12422
1698422400,0.90144,0.90344,0.90037,0.90301,18058
1698436800,0.90302,0.90345,0.901,0.90211,8144
1698624000,0.90099,0.90329,0.90026,0.90302,3584
1698638400,0.90302,0.90346,0.90279,0.90317,3381
1698652800,0.90316,0.90408,0.90208,0.90255,7827
1698667200,0.90252,0.90486,0.90206,0.90206,10301
1698681600,0.90207,0.90293,0.90073,0.90229,15180
1698696000,0.90227,0.9031,0.90135,0.90207,5259
1698710400,0.90167,0.90233,0.90113,0.90187,3106
1698724800,0.90188,0.90314,0.90164,0.90233,6354
1698739200,0.90234,0.90276,0.901,0.90116,9396
1698753600,0.90116,0.90489,0.90093,0.90474,13846
1698768000,0.90477,0.91042,0.90421,0.90947,19832
1698782400,0.90947,0.91061,0.90795,0.9103,7284
1698796800,0.90896,0.9107,0.90877,0.91015,4648
1698811200,0.91016,0.91066,0.90937,0.90986,5230
1698825600,0.90986,0.9101,0.90841,0.90985,8543
1698840000,0.90986,0.9101,0.90708,0.9081,12860
1698854400,0.90811,0.9106,0.90689,0.9104,18073
1698868800,0.91038,0.91119,0.90731,0.90762,17932
1698883200,0.90783,0.90785,0.90466,0.90473,6898
1698897600,0.90473,0.90519,0.90246,0.90331,6074
1698912000,0.90331,0.90563,0.90309,0.90514,9910
1698926400,0.90513,0.90553,0.90221,0.9023,14965
1698940800,0.90229,0.90685,0.90177,0.90599,16575
1698955200,0.90599,0.90624,0.90464,0.90597,6541
1698969600,0.90601,0.90618,0.90547,0.90574,4273
1698984000,0.90573,0.90616,0.90529,0.90543,3610
1698998400,0.90542,0.90688,0.90491,0.90686,6244
1699012800,0.90686,0.90738,0.89885,0.89914,14179
1699027200,0.89912,0.90137,0.89701,0.8971,24668
1699041600,0.8971,0.8995,0.89648,0.89947,7378
1699228800,0.89852,0.8996,0.89804,0.89809,5940
1699243200,0.89809,0.89822,0.89666,0.89704,5072
1699257600,0.89705,0.89809,0.8953,0.89616,10437
1699272000,0.89617,0.89879,0.89583,0.89821,9840
1699286400,0.8982,0.89861,0.89676,0.89781,10113
1699300800,0.89781,0.89943,0.89778,0.89929,5538
1699315200,0.89926,0.89941,0.8982,0.89917,5809
1699329600,0.89917,0.90061,0.89903,0.90029,5189
1699344000,0.90029,0.90114,0.89899,0.9002,9587
1699358400,0.9002,0.90156,0.89938,0.90066,11262
1699372800,0.90065,0.90184,0.8992,0.90132,13451
1699387200,0.90132,0.90138,0.89964,0.90013,7747
1699401600,0.89898,0.90108,0.8987,0.90057,4780
1699416000,0.90056,0.90105,0.89985,0.90105,5464
1699430400,0.90106,0.90238,0.90098,0.90202,10719
1699444800,0.90202,0.90238,0.89936,0.9002,10352
1699459200,0.9002,0.90056,0.89765,0.89929,14941
1699473600,0.89928,0.89996,0.89865,0.89926,7542
1699488000,0.89935,0.89969,0.89837,0.89887,4194
1699502400,0.89887,0.89983,0.89886,0.89966,2800
1699516800,0.89967,0.901,0.89917,0.90053,11116
1699531200,0.90053,0.90157,0.89994,0.90011,9880
1699545600,0.9001,0.90066,0.89911,0.90049,13079
1699560000,0.90049,0.90408,0.9,0.90296,15214
1699574400,0.90269,0.9037,0.90216,0.9032,3810
1699588800,0.9032,0.90371,0.90295,0.90343,3216
1699603200,0.90343,0.90457,0.902,0.90226,8699
1699617600,0.90226,0.9028,0.90017,0.90152,10613
1699632000,0.9015,0.90377,0.90124,0.90238,14406
1699646400,0.90237,0.90305,0.90189,0.90248,5437
1699833600,0.90185,0.90262,0.9015,0.90213,3055
1699848000,0.90213,0.90266,0.90203,0.90229,2692
1699862400,0.9023,0.90247,0.90108,0.90208,7178
1699876800,0.90208,0.9052,0.90196,0.90407,8014
1699891200,0.90406,0.90451,0.90069,0.90195,12156
1699905600,0.90195,0.90241,0.90127,0.90161,4323
1699920000,0.90098,0.90224,0.90071,0.90208,3113
1699934400,0.90208,0.90262,0.90174,0.90247,2903
1699948800,0.90246,0.90258,0.90094,0.90147,6539
1699963200,0.90146,0.90271,0.89467,0.89623,13101
1699977600,0.89623,0.89625,0.89021,0.89026,18384
1699992000,0.89026,0.8903,0.88795,0.88907,5168
1700006400,0.88836,0.89027,0.88791,0.88949,5401
1700020800,0.88947,0.88954,0.88824,0.88875,3693
1700035200,0.88877,0.88933,0.88675,0.8891,10309
1700049600,0.8891,0.88917,0.88542,0.8875,10941
1700064000,0.88749,0.88927,0.88602,0.88748,15048
1700078400,0.88748,0.88883,0.88741,0.88803,5292
1700092800,0.88754,0.88834,0.8866,0.88796,4231
1700107200,0.88798,0.88884,0.88794,0.88849,3496
1700121600,0.88849,0.88967,0.88788,0.88919,8683
1700136000,0.88919,0.88997,0.88718,0.88729,11896
1700150400,0.88728,0.88855,0.88541,0.8879,17060
1700164800,0.8879,0.88911,0.88755,0.88862,4631
1700179200,0.88827,0.88897,0.88767,0.88886,3499
1700193600,0.88886,0.88913,0.88807,0.8888,4374
1700208000,0.8888,0.8894,0.88724,0.88765,11277
1700222400,0.88765,0.88808,0.88618,0.88698,10407
1700236800,0.88699,0.88838,0.88609,0.88641,14341
1700251200,0.88641,0.88658,0.8852,0.88566,5935
1700438400,0.88488,0.88655,0.88488,0.88496,5571
1700452800,0.88496,0.88507,0.88301,0.88373,6542
1700467200,0.88374,0.88488,0.88258,0.88266,10562
1700481600,0.88266,0.8855,0.88265,0.88484,8293
1700496000,0.88484,0.88522,0.88314,0.88484,10155
1700510400,0.88484,0.8851,0.88366,0.88509,6014
1700524800,0.88444,0.88486,0.88327,0.88383,6252
1700539200,0.88383,0.88414,0.88265,0.88338,5525
1700553600,0.88338,0.88457,0.88273,0.88413,11567
1700568000,0.88413,0.88441,0.88223,0.88274,9057
1700582400,0.88273,0.88377,0.88192,0.88352,14060
1700596800,0.88352,0.88481,0.88344,0.88358,6951
1700611200,0.88341,0.88376,0.8828,0.88348,5675
1700625600,0.88348,0.88404,0.88292,0.88385,6509
1700640000,0.88387,0.88622,0.88313,0.88444,10183
1700654400,0.88444,0.88481,0.88198,0.88419,12772
1700668800,0.88417,0.88743,0.88403,0.88458,14887
1700683200,0.8846,0.88483,0.88355,0.88393,4653
1700697600,0.88389,0.88451,0.8831,0.8832,4605
1700712000,0.8832,0.8832,0.88247,0.88258,4022
1700726400,0.88258,0.88389,0.88167,0.88281,11458
1700740800,0.88281,0.88493,0.88229,0.88394,7884
1700755200,0.88395,0.88489,0.88287,0.88373,5480
1700769600,0.88373,0.88453,0.88352,0.88424,3166
1700784000,0.88408,0.88457,0.88255,0.88419,6968
1700798400,0.8842,0.88485,0.8829,0.883,3003
1700812800,0.883,0.88452,0.883,0.88432,8646
1700827200,0.88432,0.88432,0.88241,0.88276,7495
1700841600,0.88276,0.88313,0.88108,0.88146,8022
1700856000,0.88148,0.88229,0.88081,0.88181,9531
1701043200,0.88161,0.88278,0.88133,0.88175,4650
1701057600,0.88175,0.88271,0.88166,0.88183,5142
1701072000,0.88183,0.88204,0.88012,0.88145,9590
1701086400,0.88147,0.88155,0.87937,0.88002,10374
1701100800,0.88004,0.88174,0.87999,0.88139,13171
1701115200,0.88139,0.88157,0.88005,0.8803,5824
1701129600,0.88032,0.88055,0.87958,0.87995,8834
1701144000,0.87995,0.88046,0.8795,0.88039,5213
1701158400,0.88039,0.88165,0.87986,0.87992,8938
1701172800,0.87992,0.88187,0.879,0.87906,10598
1701187200,0.87905,0.87973,0.8761,0.8776,19563
1701201600,0.8776,0.87887,0.87744,0.87796,7052
1701216000,0.87745,0.87793,0.87567,0.87647,8192
1701230400,0.87647,0.87709,0.87615,0.87643,5270
1701244800,0.87643,0.87837,0.87588,0.87665,11798
1701259200,0.87667,0.87772,0.87538,0.87645,13967
1701273600,0.87642,0.87718,0.87321,0.87446,17880
1701288000,0.87446,0.87466,0.87198,0.87374,5768
1701302400,0.87409,0.8743,0.87208,0.87306,4568
1701316800,0.87306,0.87345,0.87164,0.873,4949
1701331200,0.87302,0.87548,0.87186,0.87478,11654
1701345600,0.87478,0.8761,0.87318,0.87525,13948
1701360000,0.87523,0.87705,0.86848,0.87485,25376
1701374400,0.87485,0.87652,0.87393,0.87516,7414
1701388800,0.87521,0.87542,0.87351,0.87408,6723
1701403200,0.87408,0.87505,0.87366,0.87412,4371
1701417600,0.87415,0.87494,0.87309,0.87382,11104
1701432000,0.87383,0.87672,0.87343,0.87641,10057
1701446400,0.8764,0.8768,0.86973,0.87037,25060
1701460800,0.87038,0.8705,0.86788,0.86927,7883
1701648000,0.86868,0.8709,0.86664,0.87036,10837
1701662400,0.87036,0.87088,0.86942,0.8707,4940
1701676800,0.8707,0.87549,0.87016,0.8724,13633
1701691200,0.8724,0.87385,0.87153,0.87279,11526
1701705600,0.87279,0.87529,0.87118,0.87266,20590
1701720000,0.87264,0.87378,0.8725,0.87275,5026
1701734400,0.87239,0.87282,0.8714,0.87235,6009
1701748800,0.87235,0.87296,0.8718,0.87184,4544
1701763200,0.87183,0.87479,0.87179,0.87358,12792
1701777600,0.87359,0.87446,0.87254,0.87319,12443
1701792000,0.87319,0.87659,0.87284,0.8748,21942
1701806400,0.87481,0.87602,0.87467,0.8749,5606
1701820800,0.87469,0.87523,0.87364,0.8749,7369
1701835200,0.8749,0.87539,0.87451,0.87461,5079
1701849600,0.87461,0.87597,0.8738,0.8742,10916
1701864000,0.87419,0.87542,0.87306,0.87331,13659
1701878400,0.87332,0.87476,0.87288,0.87465,15259
1701892800,0.87467,0.87566,0.87359,0.87484,5475
1701907200,0.87468,0.87491,0.87403,0.87481,5755
1701921600,0.87481,0.87618,0.8744,0.87569,4975
1701936000,0.87568,0.87592,0.87297,0.87339,12156
1701950400,0.87339,0.87794,0.87287,0.87525,18101
1701964800,0.87526,0.87819,0.8728,0.8738,21547
1701979200,0.87381,0.87586,0.87331,0.87494,7247
1701993600,0.87538,0.87552,0.87433,0.87519,9789
1702008000,0.87519,0.87562,0.87469,0.87527,9773
1702022400,0.87529,0.87639,0.87408,0.87519,11521
1702036800,0.87519,0.88068,0.87442,0.87947,15833
1702051200,0.87948,0.88204,0.87701,0.88064,24266
1702065600,0.88063,0.88104,0.87961,0.88004,6965
1702252800,0.8801,0.88044,0.87876,0.87925,6530
1702267200,0.87924,0.88016,0.87905,0.87994,3919
1702281600,0.87994,0.88048,0.87846,0.87894,10538
1702296000,0.87894,0.88158,0.87887,0.8802,10519
1702310400,0.88021,0.88138,0.87874,0.88,13374
1702324800,0.88,0.88011,0.87788,0.87847,5449
1702339200,0.87842,0.87865,0.87753,0.87784,4862
1702353600,0.87784,0.87806,0.87639,0.87663,3313
1702368000,0.87663,0.87817,0.87544,0.87769,10781
1702382400,0.8777,0.87772,0.87214,0.87699,15049
1702396800,0.877,0.87805,0.87435,0.87616,19122
1702411200,0.87616,0.87631,0.87509,0.87536,5680
1702425600,0.87455,0.87576,0.87417,0.87545,7795
1702440000,0.87545,0.87583,0.87527,0.87548,6945
1702454400,0.87548,0.87674,0.8753,0.876,9838
1702468800,0.876,0.87704,0.87497,0.87531,10709
1702483200,0.87531,0.87778,0.87491,0.87712,12364
1702497600,0.87712,0.87798,0.869,0.87165,24727
1702512000,0.87087,0.87135,0.8688,0.86892,10140
1702526400,0.86892,0.86926,0.86651,0.86788,8059
1702540800,0.86787,0.87318,0.86761,0.87099,21387
1702555200,0.87097,0.87156,0.86688,0.86965,19503
1702569600,0.86969,0.87068,0.863,0.86379,22933
1702584000,0.86378,0.86756,0.86378,0.86754,7539
1702598400,0.86664,0.86813,0.86585,0.86709,10443
1702612800,0.86709,0.86724,0.86517,0.867,6838
1702627200,0.867,0.86845,0.86617,0.86669,14112
1702641600,0.86668,0.86984,0.86569,0.86924,14964
1702656000,0.86922,0.86936,0.86643,0.86856,19114
1702670400,0.86859,0.87111,0.86843,0.87014,10137
1702857600,0.86927,0.87112,0.86882,0.87071,8797
1702872000,0.87071,0.87071,0.86895,0.86922,4807
1702886400,0.86922,0.86979,0.86795,0.86874,9684
1702900800,0.86874,0.86923,0.86664,0.86762,11490
1702915200,0.86761,0.86915,0.86714,0.86774,14661
1702929600,0.86774,0.86865,0.86708,0.86714,6453
1702944000,0.8668,0.86759,0.86672,0.8673,6439
1702958400,0.86729,0.86768,0.86618,0.86625,6561
1702972800,0.86626,0.86744,0.86512,0.86611,13593
1702987200,0.86611,0.86664,0.86282,0.86371,13787
1703001600,0.86369,0.86462,0.85926,0.86178,17685
1703016000,0.8618,0.862,0.86065,0.86101,5292
1703030400,0.85972,0.86116,0.85948,0.86097,6332
1703044800,0.86097,0.86149,0.86091,0.86131,4504
1703059200,0.86131,0.86224,0.86013,0.86144,11920
1703073600,0.86144,0.86508,0.8613,0.862,11324
1703088000,0.86199,0.86271,0.86045,0.86165,13560
1703102400,0.86165,0.86402,0.86132,0.86267,8235
1703116800,0.86258,0.86286,0.86165,0.8618,4888
1703131200,0.8618,0.8624,0.86113,0.86141,6419
1703145600,0.86141,0.86325,0.8613,0.862,11651
1703160000,0.862,0.86231,0.85621,0.85797,15042
1703174400,0.85797,0.85917,0.85626,0.85812,23368
1703188800,0.85812,0.85884,0.85598,0.85603,9619
1703203200,0.85634,0.85653,0.85564,0.85641,8066
1703217600,0.8564,0.85733,0.85623,0.85719,6064
1703232000,0.8572,0.85726,0.855,0.85565,13664
1703246400,0.85565,0.85647,0.85296,0.85311,19321
1703260800,0.85304,0.85686,0.85137,0.85589,21461
1703275200,0.85589,0.85733,0.85523,0.85574,9030
1703548800,0.85457,0.85662,0.85441,0.85578,5170
1703563200,0.85578,0.85598,0.85483,0.85491,6720
1703577600,0.85492,0.85798,0.85438,0.85744,7013
1703592000,0.85744,0.85783,0.85445,0.85551,8641
1703606400,0.85551,0.85581,0.85377,0.85517,11578
1703620800,0.85517,0.8552,0.8531,0.85355,7402
1703635200,0.85362,0.8545,0.85303,0.8539,5037
1703649600,0.8539,0.85414,0.85328,0.85369,4548
1703664000,0.85369,0.85488,0.8516,0.85189,9182
1703678400,0.8519,0.85365,0.8515,0.8516,8426
1703692800,0.85155,0.85159,0.84085,0.8436,16950
1703707200,0.84361,0.84396,0.84212,0.84311,8225
1703721600,0.84238,0.84363,0.84049,0.84061,5713
1703736000,0.84061,0.84117,0.83935,0.84038,6289
1703750400,0.8404,0.84085,0.83374,0.83526,14988
1703764800,0.83524,0.83968,0.83524,0.83943,13579
1703779200,0.83944,0.84105,0.83324,0.8408,18567
1703793600,0.84079,0.84506,0.8405,0.84485,9766
1703808000,0.84415,0.84479,0.84213,0.84244,7511
1703822400,0.84244,0.84355,0.84229,0.84313,7899
1703836800,0.84313,0.84321,0.83958,0.8402,12950
1703851200,0.84022,0.84024,0.83564,0.84013,16212
1703865600,0.84012,0.84321,0.83617,0.83914,22712
1703880000,0.83913,0.8419,0.83913,0.84131,8412
1704153600,0.83969,0.84263,0.83875,0.84262,5671
1704168000,0.84261,0.84555,0.84252,0.84388,5902
1704182400,0.84389,0.84709,0.84327,0.84623,14436
1704196800,0.84623,0.85033,0.84607,0.84938,18188
1704211200,0.84939,0.8503,0.84636,0.85016,21143
1704225600,0.85016,0.85065,0.84898,0.85042,9114
1704240000,0.84965,0.85039,0.84905,0.84955,4706
1704254400,0.84955,0.85023,0.84889,0.84991,4472
1704268800,0.84992,0.85218,0.84922,0.85143,13351
1704283200,0.85142,0.8554,0.85127,0.85277,15693
1704297600,0.85277,0.85472,0.85065,0.85167,23564
1704312000,0.85167,0.85311,0.8491,0.84919,15156
1704326400,0.84926,0.85055,0.84853,0.85037,7107
1704340800,0.85039,0.85041,0.84822,0.84976,6553
1704355200,0.84976,0.8512,0.84769,0.84941,17083
1704369600,0.8494,0.85285,0.84868,0.85133,16573
1704384000,0.85133,0.85237,0.84859,0.85142,17511
1704398400,0.85141,0.85205,0.84971,0.84995,8031
1704412800,0.8497,0.8505,0.84868,0.84919,6190
1704427200,0.8492,0.85082,0.84899,0.85046,5273
1704441600,0.85046,0.85339,0.85037,0.85295,14174
1704456000,0.85294,0.85766,0.85204,0.85278,18695
1704470400,0.85278,0.85279,0.84551,0.8499,27913
1704484800,0.84992,0.85072,0.84848,0.85053,10698
1704672000,0.8488,0.8513,0.8488,0.85021,5105
1704686400,0.85021,0.85209,0.85021,0.85165,4966
1704700800,0.85166,0.85206,0.84866,0.85079,15898
1704715200,0.85079,0.85171,0.84914,0.84983,13320
1704729600,0.84985,0.84999,0.846,0.84705,14499
1704744000,0.84706,0.84822,0.84683,0.84821,6319
1704758400,0.84786,0.84832,0.84649,0.84653,5773
1704772800,0.84652,0.84786,0.84639,0.84771,5644
1704787200,0.84771,0.85031,0.84715,0.84968,12844
1704801600,0.84968,0.85201,0.84917,0.84993,13184
1704816000,0.84991,0.85316,0.84959,0.8516,16186
1704830400,0.8516,0.85285,0.85102,0.85241,6373
1704844800,0.85255,0.85271,0.85136,0.85217,5038
1704859200,0.85217,0.85252,0.85186,0.85222,4244
1704873600,0.85222,0.8535,0.8514,0.85212,11563
1704888000,0.85214,0.85324,0.85123,0.85257,9945
1704902400,0.85257,0.85311,0.85072,0.85101,13586
1704916800,0.85102,0.8522,0.85069,0.8508,8268
1704931200,0.85088,0.85111,0.84937,0.84942,3457
1704945600,0.84942,0.85005,0.84907,0.84994,3449
1704960000,0.84994,0.85105,0.84905,0.85085,10161
1704974400,0.85083,0.85506,0.84831,0.85476,15871
1704988800,0.85475,0.85658,0.85107,0.85546,29163
1705003200,0.85546,0.8556,0.8518,0.85206,10700
1705017600,0.85194,0.85244,0.85085,0.85149,11758
1705032000,0.8515,0.85231,0.85142,0.85228,5174
1705046400,0.85227,0.85394,0.85148,0.85372,10551
1705060800,0.85372,0.85508,0.85141,0.85252,16069
1705075200,0.85251,0.85358,0.84883,0.85339,22093
1705089600,0.85342,0.85353,0.85195,0.85266,6527
1705276800,0.85203,0.85405,0.85175,0.85302,4337
1705291200,0.85303,0.85304,0.8522,0.85272,3410
1705305600,0.85272,0.8543,0.85216,0.85393,9535
1705320000,0.85392,0.85476,0.85336,0.85374,10440
1705334400,0.85375,0.85611,0.85365,0.856,9238
1705348800,0.856,0.8562,0.85563,0.85565,1751
1705363200,0.85538,0.85766,0.85511,0.85695,10287
1705377600,0.85695,0.85934,0.85695,0.85913,5377
1705392000,0.85913,0.86162,0.85829,0.8605,15380
1705406400,0.86049,0.86132,0.85925,0.86091,16066
1705420800,0.86093,0.86192,0.85913,0.86183,24964
1705435200,0.86183,0.86194,0.86065,0.86153,9180
1705449600,0.86065,0.86217,0.86042,0.8613,8957
1705464000,0.86129,0.86275,0.86072,0.8625,5568
1705478400,0.8625,0.86344,0.86136,0.86187,16654
1705492800,0.86191,0.86726,0.86073,0.86616,17603
1705507200,0.86616,0.8685,0.86512,0.8654,20925
1705521600,0.86541,0.86643,0.86425,0.86449,8194
1705536000,0.86429,0.8648,0.86329,0.86396,6595
1705550400,0.86397,0.86506,0.86339,0.86473,4303
1705564800,0.86474,0.8664,0.86372,0.86427,15367
1705579200,0.86426,0.86898,0.86415,0.86875,15242
1705593600,0.86874,0.86905,0.86705,0.86875,24575
1705608000,0.86875,0.86939,0.86774,0.86807,9051
1705622400,0.86822,0.86862,0.86716,0.86809,7686
1705636800,0.8681,0.86883,0.86777,0.86868,5553
1705651200,0.86869,0.86936,0.86762,0.86846,12154
1705665600,0.86846,0.8694,0.86776,0.86906,11460
1705680000,0.86906,0.87043,0.86787,0.86909,17526
1705694400,0.86909,0.86969,0.86785,0.86805,7053
1705881600,0.86813,0.86902,0.86694,0.86795,8953
1705896000,0.86795,0.86854,0.86763,0.8682,4458
1705910400,0.8682,0.86914,0.86656,0.86774,14567
1705924800,0.86775,0.86895,0.86707,0.8674,12733
1705939200,0.86741,0.87003,0.86739,0.86848,12440
1705953600,0.86848,0.86979,0.86846,0.86904,6494
1705968000,0.8691,0.86934,0.86796,0.86798,5361
1705982400,0.86798,0.86821,0.86553,0.86563,8728
1705996800,0.86563,0.86877,0.86497,0.86812,16018
1706011200,0.86813,0.86965,0.86793,0.86866,11640
1706025600,0.86866,0.8728,0.86866,0.87139,16197
1706040000,0.8714,0.8719,0.86998,0.87027,5443
1706054400,0.87034,0.87042,0.86918,0.86938,4005
1706068800,0.86938,0.86994,0.86895,0.86913,4760
1706083200,0.86915,0.86952,0.86491,0.86509,14517
1706097600,0.8651,0.86564,0.86078,0.86108,14337
1706112000,0.86108,0.86445,0.86062,0.86217,21460
1706126400,0.86219,0.86389,0.86202,0.8629,9927
1706140800,0.86254,0.86489,0.86204,0.86418,6023
1706155200,0.86418,0.86478,0.86369,0.86463,7002
1706169600,0.86461,0.86471,0.8626,0.86342,12887
1706184000,0.86342,0.86691,0.86287,0.86502,15633
1706198400,0.86501,0.86846,0.86473,0.86747,24236
1706212800,0.86748,0.868,0.8666,0.86694,9850
1706227200,0.86704,0.86763,0.86613,0.86669,6948
1706241600,0.86669,0.86724,0.86635,0.86662,5933
1706256000,0.86662,0.86851,0.86442,0.86508,12403
1706270400,0.86508,0.86508,0.86186,0.86329,15175
1706284800,0.86331,0.86435,0.86158,0.86374,18141
1706299200,0.86375,0.8649,0.86347,0.86393,6788
1706486400,0.86464,0.86507,0.86313,0.86344,4159
1706500800,0.86344,0.8639,0.86296,0.86388,3537
1706515200,0.86388,0.86389,0.86067,0.86192,13100
1706529600,0.86191,0.86351,0.86154,0.86319,10198
1706544000,0.86317,0.86493,0.86259,0.8639,11776
1706558400,0.86389,0.8644,0.86063,0.86126,8754
1706572800,0.86092,0.86173,0.86058,0.86142,9167
1706587200,0.86143,0.86188,0.8611,0.86169,4187
1706601600,0.86169,0.86389,0.86073,0.86304,13534
1706616000,0.86303,0.86372,0.8621,0.86222,12585
1706630400,0.86223,0.86429,0.86078,0.86256,17956
1706644800,0.86256,0.86307,0.86146,0.86182,7348
1706659200,0.86148,0.86231,0.86112,0.8623,6235
1706673600,0.86231,0.8636,0.86231,0.86285,5555
1706688000,0.86286,0.86423,0.86184,0.86281,13498
1706702400,0.86281,0.86432,0.86062,0.86133,15513
1706716800,0.86133,0.86167,0.85506,0.85966,26168
1706731200,0.85967,0.86432,0.85794,0.86133,27450
1706745600,0.86074,0.86343,0.86022,0.86317,6874
1706760000,0.86317,0.86362,0.86182,0.86355,7626
1706774400,0.86356,0.86494,0.86247,0.86274,15437
1706788800,0.86274,0.86389,0.86116,0.86253,18949
1706803200,0.86253,0.86396,0.85706,0.85854,26935
1706817600,0.85852,0.85916,0.85725,0.85787,12037
1706832000,0.85743,0.85779,0.85671,0.85741,5523
1706846400,0.85741,0.85773,0.85647,0.85733,7723
1706860800,0.85733,0.85766,0.85566,0.85634,12829
1706875200,0.85634,0.86411,0.8553,0.86358,16659
1706889600,0.8636,0.86806,0.86287,0.86755,26405
1706904000,0.86756,0.86775,0.86606,0.86677,9349
1707091200,0.86621,0.86869,0.86513,0.86743,9146
1707105600,0.86748,0.86813,0.86733,0.86772,6037
1707120000,0.86772,0.87042,0.86706,0.87026,15573
1707134400,0.87029,0.87108,0.86882,0.87097,14547
1707148800,0.87097,0.87184,0.86973,0.87013,17896
1707163200,0.87013,0.87106,0.86953,0.8707,6873
1707177600,0.87061,0.87082,0.87017,0.8705,4431
1707192000,0.8705,0.87066,0.86932,0.86955,9967
1707206400,0.86956,0.87277,0.86898,0.87271,16141
1707220800,0.8727,0.8735,0.87152,0.87301,14464
1707235200,0.87302,0.8741,0.86989,0.87016,22037
1707249600,0.87016,0.87077,0.86953,0.86974,10749
1707264000,0.86977,0.86986,0.86876,0.86917,7068
1707278400,0.86918,0.86985,0.86917,0.86952,6199
1707292800,0.86952,0.87194,0.86882,0.87128,12625
1707307200,0.87128,0.87297,0.87087,0.87135,13635
1707321600,0.87134,0.87446,0.8704,0.87385,22418
1707336000,0.87384,0.87532,0.87321,0.87444,10171
1707350400,0.87357,0.87456,0.87314,0.87321,5643
1707364800,0.87322,0.87344,0.87244,0.87307,5675
1707379200,0.87308,0.87401,0.87238,0.87281,12199
1707393600,0.87281,0.87601,0.87247,0.87596,15799
1707408000,0.876,0.87606,0.87345,0.87433,17271
1707422400,0.87434,0.87462,0.87342,0.87359,9788
1707436800,0.87302,0.87395,0.8729,0.87374,5624
1707451200,0.87374,0.87451,0.87351,0.87438,5432
1707465600,0.87438,0.87619,0.87394,0.87575,12487
1707480000,0.87577,0.87616,0.87309,0.87474,15059
1707494400,0.87477,0.87541,0.87365,0.87491,18009
1707508800,0.87491,0.87554,0.87446,0.87455,5808
1707696000,0.87451,0.87455,0.874,0.87433,5203
1707710400,0.87433,0.87476,0.87413,0.87448,7137
1707724800,0.8745,0.87557,0.87261,0.87552,14156
1707739200,0.87553,0.87724,0.87484,0.87689,13355
1707753600,0.87689,0.87727,0.87517,0.87518,13663
1707768000,0.87519,0.87615,0.87503,0.87567,7556
1707782400,0.8749,0.87623,0.87476,0.87609,5367
1707796800,0.8761,0.8767,0.87593,0.87608,6839
1707811200,0.87608,0.88171,0.87548,0.87961,16616
1707825600,0.87959,0.88607,0.87728,0.88565,17465
1707840000,0.88564,0.88761,0.88436,0.88714,25192
1707854400,0.88714,0.88806,0.88641,0.88708,7729
1707868800,0.88697,0.88752,0.88634,0.88683,6566
1707883200,0.88683,0.88693,0.88594,0.8861,5405
1707897600,0.8861,0.88856,0.88568,0.88729,14187
1707912000,0.88729,0.88822,0.88577,0.88649,12582
1707926400,0.88648,0.88744,0.88483,0.88515,16288
1707940800,0.88515,0.88596,0.88473,0.88572,6743
1707955200,0.8851,0.88581,0.88488,0.88554,5910
1707969600,0.88554,0.88568,0.88483,0.88505,7891
1707984000,0.88505,0.88518,0.88251,0.88321,13380
1707998400,0.88321,0.88361,0.87983,0.88113,14578
1708012800,0.88115,0.88165,0.87828,0.88048,22027
1708027200,0.88048,0.88064,0.87894,0.87988,9141
1708041600,0.87954,0.88103,0.87901,0.88056,5494
1708056000,0.88056,0.88144,0.88054,0.88103,4777
1708070400,0.88102,0.88166,0.88049,0.88109,9725
1708084800,0.88109,0.8839,0.88021,0.8825,12529
1708099200,0.8825,0.88345,0.88015,0.88075,17796
1708113600,0.88076,0.88133,0.87976,0.88096,8436
1708300800,0.88011,0.88106,0.87965,0.88071,6817
1708315200,0.88071,0.88161,0.8805,0.88089,7693
1708329600,0.88089,0.88169,0.88011,0.88118,11489
1708344000,0.88118,0.88137,0.87995,0.88112,10795
1708358400,0.88112,0.88281,0.88096,0.88281,7473
1708372800,0.88281,0.88281,0.88196,0.88236,3624
1708387200,0.88165,0.88324,0.88165,0.88306,7157
1708401600,0.88306,0.88335,0.88248,0.88289,5993
1708416000,0.8829,0.88377,0.88145,0.8817,10338
1708430400,0.8817,0.88257,0.87951,0.87975,13976
1708444800,0.87975,0.88131,0.87856,0.88121,18153
1708459200,0.88122,0.88209,0.88109,0.88191,8175
1708473600,0.88159,0.88203,0.88092,0.88143,5362
1708488000,0.88143,0.88149,0.88044,0.88068,4193
1708502400,0.88069,0.88184,0.88029,0.88057,11598
1708516800,0.88057,0.88088,0.87958,0.88,11227
1708531200,0.87998,0.88118,0.87928,0.88051,13467
1708545600,0.88051,0.88112,0.87879,0.87962,10904
1708560000,0.87887,0.87961,0.87821,0.87886,6784
1708574400,0.87887,0.87938,0.87762,0.87806,5546
1708588800,0.87807,0.87811,0.87421,0.87707,14647
1708603200,0.87708,0.88045,0.87693,0.88025,15560
1708617600,0.88024,0.88212,0.88013,0.88153,19371
1708632000,0.88152,0.88175,0.87996,0.88028,10695
1708646400,0.88021,0.88086,0.87962,0.88037,5179
1708660800,0.88037,0.88098,0.88012,0.88084,3285
1708675200,0.88084,0.88194,0.88022,0.88164,10089
1708689600,0.88163,0.88167,0.87812,0.8798,13022
1708704000,0.87984,0.88178,0.87959,0.88058,14928
1708718400,0.88057,0.88145,0.88028,0.88125,5291
1708905600,0.87942,0.882,0.87937,0.8816,5336
1708920000,0.8816,0.8822,0.88075,0.88093,6302
1708934400,0.88092,0.88133,0.87977,0.87977,9924
1708948800,0.87976,0.88026,0.87878,0.87928,10372
1708963200,0.87927,0.88138,0.87908,0.8808,15867
1708977600,0.8808,0.88127,0.87993,0.88002,10728
1708992000,0.87982,0.88071,0.87928,0.88021,5869
1709006400,0.88021,0.88036,0.87915,0.87981,7713
1709020800,0.87979,0.88018,0.87845,0.87963,13197
1709035200,0.87963,0.88079,0.87847,0.87983,13514
1709049600,0.87982,0.88103,0.87865,0.87977,14122
1709064000,0.87977,0.8802,0.87845,0.87856,10115
1709078400,0.87884,0.87963,0.87811,0.87918,6583
1709092800,0.87918,0.88051,0.87912,0.88022,6104
1709107200,0.88023,0.88154,0.88007,0.88137,10097
1709121600,0.88137,0.88144,0.87938,0.88011,13276
1709136000,0.88013,0.88067,0.87838,0.8791,12810
1709150400,0.8791,0.87932,0.87856,0.87888,7813
1709164800,0.87863,0.87903,0.87817,0.87865,4906
1709179200,0.87864,0.87881,0.87804,0.87829,9184
1709193600,0.87833,0.87933,0.87793,0.87803,11412
1709208000,0.87803,0.881,0.87794,0.87914,17279
1709222400,0.87915,0.8844,0.8779,0.88384,18645
1709236800,0.88383,0.88466,0.88322,0.88454,7506
1709251200,0.88454,0.88487,0.88391,0.88421,5003
1709265600,0.88418,0.88491,0.88392,0.88486,6317
1709280000,0.88487,0.88701,0.88453,0.8851,15099
1709294400,0.88506,0.88787,0.88473,0.88783,12392
1709308800,0.88784,0.88925,0.88371,0.88398,20235
1709323200,0.88399,0.88477,0.88294,0.88302,10296
1709510400,0.88273,0.8838,0.8826,0.8835,7113
1709524800,0.88351,0.8837,0.88248,0.88309,5911
1709539200,0.88307,0.88338,0.88054,0.88252,11513
1709553600,0.88253,0.88639,0.8825,0.88444,11546
1709568000,0.88443,0.88611,0.8839,0.88433,13739
1709582400,0.88433,0.88518,0.88385,0.88488,5268
1709596800,0.88414,0.88572,0.88389,0.88549,6903
1709611200,0.88549,0.88568,0.88487,0.88557,3981
1709625600,0.88558,0.88653,0.88504,0.88578,13389
1709640000,0.8858,0.88663,0.88504,0.88533,8800
1709654400,0.88533,0.88545,0.88253,0.88362,18315
1709668800,0.88362,0.88405,0.88298,0.88329,10580
1709683200,0.88297,0.88522,0.88293,0.88489,7244
1709697600,0.88488,0.88492,0.88406,0.88439,7119
1709712000,0.88439,0.88554,0.88368,0.88445,10779
1709726400,0.88446,0.88556,0.88354,0.88361,13901
1709740800,0.88361,0.88386,0.88039,0.88189,17827
1709755200,0.88191,0.88261,0.88139,0.88211,10291
1709769600,0.88211,0.88231,0.88117,0.88174,7738
1709784000,0.88174,0.8822,0.88087,0.88175,6475
1709798400,0.88176,0.88197,0.88066,0.88077,11046
1709812800,0.8808,0.88134,0.87848,0.87934,13527
1709827200,0.87934,0.88037,0.87746,0.87865,18300
1709841600,0.87866,0.87866,0.87724,0.87756,10907
1709856000,0.87696,0.87768,0.87665,0.87731,7207
1709870400,0.87731,0.87772,0.87701,0.87727,5384
1709884800,0.87727,0.87765,0.87574,0.87645,11207
1709899200,0.87646,0.87823,0.87295,0.87509,14753
1709913600,0.8751,0.877,0.87427,0.87671,24052
1709928000,0.87671,0.87785,0.87662,0.8774,6436
1710115200,0.87583,0.87809,0.87527,0.87726,4754
1710129600,0.87726,0.87795,0.87672,0.8777,6881
1710144000,0.8777,0.87795,0.87546,0.87591,10952
1710158400,0.87592,0.87774,0.87548,0.87772,12451
1710172800,0.87774,0.87946,0.8775,0.87834,13293
1710187200,0.87834,0.87878,0.87738,0.87748,7434
1710201600,0.87755,0.87777,0.87694,0.87736,6689
1710216000,0.87736,0.87758,0.87691,0.87706,10814
1710230400,0.87706,0.87738,0.8761,0.87652,9101
1710244800,0.87652,0.87923,0.87468,0.87728,15871
1710259200,0.87727,0.87948,0.87722,0.87804,22533
1710273600,0.87804,0.87865,0.87709,0.87717,14462
1710288000,0.87698,0.87764,0.87662,0.87737,5845
1710302400,0.87737,0.87793,0.87722,0.87778,8491
1710316800,0.87778,0.87858,0.87744,0.87852,11735
1710331200,0.87852,0.87886,0.87708,0.87743,12798
1710345600,0.87744,0.87834,0.87661,0.87777,16326
1710360000,0.87778,0.87897,0.87683,0.87889,10000
1710374400,0.87881,0.87881,0.87817,0.87846,5438
1710388800,0.87845,0.8797,0.87816,0.87928,10578
1710403200,0.87931,0.88024,0.87923,0.87995,10513
1710417600,0.87994,0.87999,0.87818,0.87964,12031
1710432000,0.87964,0.88382,0.87947,0.88316,20588
1710446400,0.88316,0.88409,0.88293,0.88375,6961
1710460800,0.88376,0.8849,0.88288,0.8848,5099
1710475200,0.88482,0.88504,0.88446,0.88472,5844
1710489600,0.88473,0.88525,0.88387,0.88421,12326
1710504000,0.88421,0.88422,0.88191,0.88268,13409
1710518400,0.88268,0.88415,0.88196,0.88408,14579
1710532800,0.88405,0.88453,0.88337,0.88352,5989
1710720000,0.88297,0.88384,0.88242,0.88359,7074
1710734400,0.88358,0.88391,0.88276,0.88353,6290
1710748800,0.88353,0.88423,0.88327,0.88358,11541
1710763200,0.88358,0.88447,0.88214,0.8837,11218
1710777600,0.88371,0.88702,0.88371,0.88693,14865
1710792000,0.88692,0.88844,0.88657,0.8877,7200
1710806400,0.8864,0.88839,0.8864,0.88838,6366
1710820800,0.88837,0.88872,0.8877,0.8883,11174
1710835200,0.8883,0.88985,0.887,0.88729,14804
1710849600,0.88729,0.88953,0.88702,0.88702,14781
1710864000,0.88702,0.88875,0.88668,0.88808,12353
1710878400,0.88808,0.88835,0.88745,0.88809,5744
1710892800,0.88794,0.88899,0.88727,0.88862,7353
1710907200,0.88861,0.88924,0.88846,0.88923,5168
1710921600,0.88924,0.89046,0.88861,0.89011,11562
1710936000,0.89011,0.89188,0.89006,0.89048,11645
1710950400,0.89049,0.89163,0.89023,0.89077,10720
1710964800,0.89076,0.89165,0.88587,0.88676,25712
1710979200,0.8861,0.88677,0.88499,0.88507,11931
1710993600,0.88508,0.8854,0.88391,0.88532,9719
1711008000,0.88534,0.89741,0.88446,0.89484,17929
1711022400,0.89474,0.89682,0.89234,0.89466,21480
1711036800,0.89465,0.89939,0.89463,0.89822,22770
1711051200,0.89822,0.89879,0.89745,0.89752,7789
1711065600,0.89767,0.89795,0.897,0.89748,5669
1711080000,0.89749,0.89946,0.89738,0.89909,10174
1711094400,0.89908,0.90198,0.89811,0.90102,11858
1711108800,0.90102,0.90124,0.89838,0.89845,15738
1711123200,0.89844,0.89901,0.89691,0.89871,16037
1711137600,0.89872,0.89898,0.89652,0.89726,7158
1711324800,0.89664,0.89842,0.89652,0.89832,6857
1711339200,0.89832,0.89836,0.89694,0.8977,11715
1711353600,0.8977,0.89868,0.89698,0.8983,9362
1711368000,0.8983,0.89862,0.8972,0.8976,9363
1711382400,0.89762,0.89903,0.89688,0.89901,10217
1711396800,0.89901,0.89955,0.89848,0.89948,4441
1711411200,0.89914,0.89987,0.89829,0.89937,6998
1711425600,0.89936,0.90057,0.89901,0.90042,6856
1711440000,0.90043,0.90176,0.89953,0.90094,10726
1711454400,0.90094,0.90391,0.90012,0.90333,13434
1711468800,0.90333,0.90433,0.90202,0.90366,14006
1711483200,0.90365,0.90413,0.90304,0.90392,5850
1711497600,0.90367,0.90397,0.90285,0.90357,4798
1711512000,0.90357,0.90422,0.90326,0.90388,6089
1711526400,0.90387,0.90628,0.90369,0.90529,10207
1711540800,0.90525,0.90707,0.90377,0.90676,14867
1711555200,0.90675,0.90714,0.9047,0.90486,11001
1711569600,0.90486,0.90598,0.90368,0.90373,6251
1711584000,0.90395,0.90643,0.90315,0.90567,6433
1711598400,0.90568,0.90593,0.90431,0.90487,8425
1711612800,0.90488,0.90647,0.90457,0.90606,12206
1711627200,0.9061,0.90641,0.90352,0.90359,13876
1711641600,0.90359,0.90375,0.89993,0.9008,18295
1711656000,0.9008,0.90225,0.90048,0.90156,7044
1711670400,0.90141,0.90239,0.90067,0.90195,16409
1711684800,0.90195,0.90277,0.90155,0.90203,3092
1711699200,0.90203,0.90273,0.90065,0.90123,8503
1711713600,0.90136,0.90204,0.90078,0.90121,14375
1711728000,0.90121,0.90226,0.90091,0.90216,15905
1711742400,0.90207,0.90253,0.90081,0.90101,4783
1711929600,0.90108,0.90234,0.90064,0.90189,7226
1711944000,0.90186,0.90237,0.90142,0.90184,8698
1711958400,0.90186,0.90207,0.9005,0.90086,8084
1711972800,0.90086,0.90289,0.90062,0.90221,9006
1711987200,0.90221,0.90568,0.90201,0.90493,15036
1712001600,0.90491,0.9053,0.90411,0.90429,6702
1712016000,0.90446,0.90561,0.90345,0.9052,7008
1712030400,0.90523,0.90641,0.90508,0.90632,5208
1712044800,0.90635,0.90894,0.90612,0.90848,10985
1712059200,0.90849,0.90907,0.90734,0.90798,12718
1712073600,0.90799,0.90819,0.90533,0.90709,18094
1712088000,0.90709,0.90871,0.90705,0.90798,5312
1712102400,0.90755,0.90819,0.90711,0.90813,5879
1712116800,0.90814,0.90853,0.90768,0.9082,5693
1712131200,0.9082,0.90954,0.90792,0.90822,9342
1712145600,0.90822,0.90924,0.90759,0.90894,10833
1712160000,0.90893,0.90902,0.90295,0.90383,18492
1712174400,0.90385,0.90431,0.90279,0.90282,7155
1712188800,0.90288,0.90327,0.90238,0.9027,4665
1712203200,0.90271,0.90345,0.90265,0.90341,4687
1712217600,0.90341,0.90741,0.90262,0.90587,12064
1712232000,0.90586,0.90748,0.90479,0.90481,9233
1712246400,0.90481,0.90565,0.90381,0.90449,12256
1712260800,0.90448,0.90501,0.90084,0.90123,12979
1712275200,0.90079,0.90216,0.90028,0.90139,8458
1712289600,0.9014,0.90277,0.90128,0.90261,7542
1712304000,0.90261,0.9045,0.90153,0.90344,11684
1712318400,0.90344,0.90707,0.90263,0.90536,13065
1712332800,0.90534,0.9061,0.89976,0.90137,20095
1712347200,0.90135,0.90261,0.90098,0.90223,8968
1712534400,0.90106,0.90405,0.90021,0.90398,10252
1712548800,0.90401,0.90419,0.90234,0.904,12836
1712563200,0.90399,0.90592,0.90296,0.90565,14565
1712577600,0.90565,0.90654,0.90474,0.90488,10840
1712592000,0.90486,0.90619,0.90398,0.90561,13842
1712606400,0.90561,0.9059,0.90429,0.9056,5718
1712620800,0.9047,0.90563,0.90427,0.9055,7514
1712635200,0.90551,0.90561,0.90471,0.90485,5303
1712649600,0.90485,0.90523,0.90404,0.90449,7443
1712664000,0.9045,0.90457,0.90168,0.90194,13891
1712678400,0.90193,0.90388,0.90125,0.90343,14682
1712692800,0.90343,0.90412,0.90329,0.90351,6431
1712707200,0.9028,0.90358,0.90244,0.90334,6445
1712721600,0.90335,0.90405,0.90316,0.90382,5662
1712736000,0.90385,0.90428,0.90291,0.90367,9141
1712750400,0.90366,0.90978,0.90244,0.90898,16010
1712764800,0.90895,0.91422,0.90895,0.91414,24839
1712779200,0.91413,0.91472,0.91143,0.91274,15823
1712793600,0.91281,0.91356,0.91212,0.91314,9138
1712808000,0.91314,0.91325,0.91228,0.91252,6475
1712822400,0.91251,0.91464,0.91228,0.9138,14291
1712836800,0.9138,0.91404,0.90743,0.90882,20772
1712851200,0.90882,0.91237,0.90879,0.91047,22043
1712865600,0.91048,0.9106,0.90861,0.90988,9484
1712880000,0.90973,0.91045,0.90898,0.90966,6027
1712894400,0.90968,0.91123,0.90932,0.9112,9648
1712908800,0.91119,0.91308,0.91065,0.91266,14530
1712923200,0.91266,0.91369,0.91068,0.91137,16361
1712937600,0.91137,0.91273,0.91033,0.91247,25487
1712952000,0.91246,0.91443,0.91209,0.91438,8998
1713139200,0.91187,0.91435,0.91132,0.91425,14258
1713153600,0.91425,0.91475,0.91315,0.91418,10069
1713168000,0.91418,0.91437,0.91211,0.91287,13634
1713182400,0.91287,0.91512,0.91217,0.91343,14988
1713196800,0.91341,0.91519,0.91273,0.91335,19222
1713211200,0.91335,0.91347,0.91185,0.91188,12688
1713225600,0.91148,0.91283,0.91092,0.91281,6401
1713240000,0.91281,0.91366,0.91241,0.91281,9360
1713254400,0.91279,0.91418,0.91171,0.91333,14869
1713268800,0.91335,0.9135,0.91111,0.91196,15165
1713283200,0.91196,0.91371,0.91176,0.91244,19090
1713297600,0.91244,0.91396,0.91188,0.91297,15741
1713312000,0.91228,0.91308,0.91213,0.91229,6319
1713326400,0.91229,0.91258,0.91181,0.91235,7247
1713340800,0.91235,0.91323,0.90933,0.90993,13335
1713355200,0.90994,0.91181,0.90975,0.91165,12621
1713369600,0.91167,0.91313,0.91054,0.91093,17526
1713384000,0.91093,0.91111,0.90955,0.91068,12780
1713398400,0.91067,0.91099,0.91009,0.91043,5879
1713412800,0.91043,0.91091,0.90956,0.91007,7955
1713427200,0.91008,0.9102,0.9081,0.90859,11928
1713441600,0.90861,0.91026,0.90819,0.90955,12104
1713456000,0.90956,0.91217,0.90933,0.91177,15597
1713470400,0.91177,0.91255,0.91128,0.91249,6935
1713484800,0.91213,0.91309,0.91181,0.91195,6983
1713499200,0.91196,0.91198,0.9011,0.90824,31577
1713513600,0.90823,0.90947,0.90698,0.90845,22782
1713528000,0.90843,0.90947,0.90714,0.90795,15536
1713542400,0.90796,0.91011,0.90742,0.90992,17653
1713556800,0.90993,0.9106,0.90931,0.91013,8343
1713744000,0.90946,0.91128,0.90919,0.911,9510
1713758400,0.91101,0.91229,0.91014,0.91165,9848
1713772800,0.91166,0.91221,0.90982,0.91086,12463
1713787200,0.91088,0.91193,0.9105,0.91119,13005
1713801600,0.91119,0.91239,0.91055,0.91164,12547
1713816000,0.91164,0.91203,0.91068,0.91187,5709
1713830400,0.91167,0.91209,0.91092,0.91145,13567
1713844800,0.91145,0.9123,0.91125,0.91225,6733
1713859200,0.91227,0.91299,0.90992,0.91184,11401
1713873600,0.91184,0.91248,0.91068,0.91138,11075
1713888000,0.91139,0.9124,0.90867,0.91165,17917
1713902400,0.91165,0.91199,0.91057,0.91187,6718
1713916800,0.91186,0.912,0.91093,0.91153,4794
1713931200,0.91153,0.91187,0.9113,0.9117,6811
1713945600,0.91169,0.9147,0.91162,0.91428,10529
1713960000,0.91428,0.9153,0.91328,0.9133,9049
1713974400,0.9133,0.91434,0.91201,0.9139,14191
1713988800,0.91391,0.91524,0.91308,0.91524,6542
1714003200,0.91498,0.91509,0.91396,0.91441,6122
1714017600,0.9144,0.91485,0.91398,0.91443,5792
1714032000,0.91442,0.91447,0.9125,0.91257,9663
1714046400,0.91258,0.91555,0.91188,0.91518,13506
1714060800,0.91517,0.91565,0.91269,0.91289,17789
1714075200,0.91291,0.91302,0.9117,0.9123,9103
1714089600,0.91182,0.91321,0.91142,0.91281,7613
1714104000,0.91281,0.91343,0.91256,0.91317,6841
1714118400,0.91316,0.91333,0.90957,0.91156,13997
1714132800,0.91156,0.91338,0.91038,0.91296,15359
1714147200,0.91295,0.91501,0.91199,0.9139,18065
1714161600,0.91389,0.91475,0.91307,0.91443,5305
1714348800,0.91359,0.91423,0.91268,0.91312,5039
1714363200,0.91312,0.91523,0.9101,0.91068,13293
1714377600,0.91069,0.91305,0.90965,0.91159,17930
1714392000,0.91159,0.91231,0.91106,0.91207,10114
1714406400,0.91208,0.91325,0.90878,0.90979,13683
1714420800,0.90976,0.91074,0.90962,0.91051,6540
1714435200,0.90989,0.91134,0.90933,0.91106,7104
1714449600,0.91105,0.91192,0.91078,0.91131,6536
1714464000,0.91132,0.91371,0.91124,0.91237,10813
1714478400,0.91236,0.91544,0.91045,0.91483,13766
1714492800,0.91483,0.91846,0.9129,0.91771,20222
1714507200,0.91766,0.9195,0.91725,0.91935,6133
1714521600,0.91909,0.92,0.91783,0.91997,5735
1714536000,0.91994,0.92159,0.91972,0.92122,3695
1714550400,0.92122,0.92242,0.92065,0.92105,7834
1714564800,0.92104,0.92123,0.91918,0.91966,8514
1714579200,0.91967,0.92021,0.91867,0.9201,11896
1714593600,0.9201,0.92077,0.91454,0.91503,25190
1714608000,0.9162,0.91709,0.91495,0.9168,10040
1714622400,0.91681,0.91732,0.91617,0.91636,7182
1714636800,0.91637,0.91663,0.90983,0.91265,15292
1714651200,0.91265,0.91291,0.91085,0.91211,12917
1714665600,0.91211,0.9138,0.91099,0.91151,16594
1714680000,0.91151,0.91195,0.90975,0.91071,6793
1714694400,0.91032,0.91049,0.90941,0.90953,5819
1714708800,0.90954,0.90975,0.9088,0.9095,5091
1714723200,0.90951,0.90958,0.907,0.90783,9161
1714737600,0.90783,0.90792,0.90056,0.903,13964
1714752000,0.90304,0.90619,0.90196,0.9057,24873
1714766400,0.90568,0.90594,0.90463,0.90493,5443
1714953600,0.90485,0.90608,0.90412,0.90562,4373
1714968000,0.90561,0.90623,0.90503,0.90601,5517
1714982400,0.90603,0.90635,0.90418,0.90468,7589
1714996800,0.90469,0.906,0.90374,0.90379,8009
1715011200,0.90379,0.90631,0.90357,0.90607,7369
1715025600,0.90605,0.9066,0.90579,0.90615,3805
1715040000,0.90558,0.90694,0.90498,0.90606,5123
1715054400,0.90608,0.90765,0.90582,0.90711,4601
1715068800,0.90711,0.90802,0.90601,0.90778,8028
1715083200,0.90777,0.90862,0.90652,0.90662,7761
1715097600,0.90661,0.90799,0.90578,0.90766,8789
1715112000,0.90765,0.90935,0.90753,0.90837,4696
1715126400,0.90789,0.90877,0.90789,0.90868,3925
1715140800,0.9087,0.90932,0.90844,0.90914,4114
1715155200,0.90915,0.90959,0.9083,0.90832,6893
1715169600,0.90832,0.90925,0.90784,0.90839,7227
1715184000,0.90841,0.90893,0.9073,0.90809,8645
1715198400,0.90806,0.90825,0.90759,0.90803,3191
1715212800,0.90719,0.90846,0.90719,0.90845,3911
1715227200,0.90845,0.90854,0.90796,0.90839,4016
1715241600,0.90838,0.90946,0.90822,0.90944,6513
1715256000,0.90945,0.90987,0.90643,0.90727,9966
1715270400,0.90727,0.90823,0.90601,0.90672,10157
1715284800,0.90671,0.90682,0.90558,0.90591,4001
1715299200,0.90551,0.90655,0.90516,0.90631,5151
1715313600,0.90632,0.907,0.90594,0.90661,4308
1715328000,0.90663,0.90705,0.90558,0.90631,7531
1715342400,0.90629,0.90788,0.90591,0.90753,7500
1715356800,0.90754,0.90854,0.90595,0.90607,10639
1715371200,0.90607,0.90653,0.90559,0.90649,3696
1715558400,0.90589,0.90665,0.90514,0.90642,3307
1715572800,0.90641,0.90696,0.90631,0.90687,4806
1715587200,0.90689,0.90703,0.9062,0.90648,8560
1715601600,0.90647,0.90754,0.90533,0.90553,10753
1715616000,0.90552,0.90771,0.90453,0.90732,13228
1715630400,0.90733,0.90872,0.90731,0.90824,6036
1715644800,0.90779,0.90861,0.90779,0.90834,5604
1715659200,0.90836,0.90883,0.90821,0.90862,5394
1715673600,0.90861,0.90876,0.90741,0.90748,7493
1715688000,0.90749,0.91021,0.90705,0.90739,12269
1715702400,0.9074,0.90784,0.90548,0.90654,15485
1715716800,0.90653,0.90695,0.90638,0.90649,4810
1715731200,0.90572,0.90705,0.90569,0.90654,7288
1715745600,0.90654,0.90661,0.90581,0.90615,3859
1715760000,0.90614,0.90618,0.90443,0.90497,8737
1715774400,0.90497,0.90578,0.90146,0.90354,14211
1715788800,0.90354,0.90632,0.90273,0.90293,19074
1715803200,0.90294,0.90355,0.90195,0.90224,7383
1715817600,0.90207,0.90244,0.8988,0.89895,9367
1715832000,0.89894,0.90075,0.89891,0.90066,8798
1715846400,0.90065,0.90222,0.8998,0.90207,9961
1715860800,0.90207,0.90444,0.90164,0.90439,10595
1715875200,0.90439,0.90571,0.90393,0.90467,11524
1715889600,0.90465,0.90626,0.90435,0.90612,5103
1715904000,0.90546,0.90725,0.90473,0.9068,5713
1715918400,0.90679,0.90735,0.90665,0.90725,5662
1715932800,0.90725,0.9098,0.9064,0.90895,8663
1715947200,0.90895,0.90977,0.90849,0.90873,7800
1715961600,0.90872,0.90905,0.90671,0.90798,11433
1715976000,0.90797,0.90912,0.9075,0.90908,4703
1716163200,0.9087,0.90943,0.90778,0.90921,3732
1716177600,0.90921,0.90971,0.90897,0.90924,5181
1716192000,0.90923,0.90999,0.90863,0.90889,7394
1716206400,0.9089,0.91085,0.90854,0.91053,7934
1716220800,0.91054,0.91058,0.90789,0.90931,10227
1716235200,0.90932,0.91086,0.90913,0.91058,5703
1716249600,0.91001,0.9107,0.90929,0.91066,6524
1716264000,0.91067,0.91162,0.9106,0.91075,5378
1716278400,0.91075,0.91087,0.90957,0.90998,7929
1716292800,0.90997,0.91009,0.90869,0.90996,8922
1716307200,0.90995,0.91131,0.90897,0.91061,16914
1716321600,0.91061,0.91141,0.91057,0.91095,5930
1716336000,0.91099,0.91129,0.91056,0.9111,4242
1716350400,0.91112,0.9116,0.91067,0.9115,5825
1716364800,0.91151,0.91344,0.91089,0.91277,9137
1716379200,0.91278,0.91581,0.91272,0.91434,10281
1716393600,0.91434,0.9146,0.91326,0.91378,12389
1716408000,0.91378,0.91573,0.91375,0.91571,9637
1716422400,0.9155,0.9155,0.91426,0.91515,5548
1716436800,0.91515,0.91533,0.91428,0.91462,5813
1716451200,0.91462,0.91539,0.91396,0.9146,11141
1716465600,0.9146,0.91462,0.91263,0.91341,9801
1716480000,0.9134,0.91519,0.91262,0.91484,20357
1716494400,0.91483,0.91521,0.91416,0.91444,8794
1716508800,0.91396,0.91512,0.91367,0.91468,12605
1716523200,0.91468,0.91544,0.91448,0.91522,4412
1716537600,0.91523,0.91555,0.91428,0.91483,7213
1716552000,0.91484,0.9158,0.91428,0.91466,8330
1716566400,0.91466,0.91513,0.91337,0.91425,11116
1716580800,0.91424,0.91478,0.91379,0.91472,4668
1716768000,0.91355,0.91462,0.91342,0.91452,2794
1716782400,0.91452,0.91461,0.91401,0.91439,4257
1716796800,0.91438,0.91536,0.91418,0.91449,5575
1716811200,0.91451,0.9153,0.91332,0.91473,7428
1716825600,0.91472,0.91481,0.91322,0.91353,7730
1716840000,0.91353,0.9137,0.91339,0.91363,3367
1716854400,0.91341,0.9139,0.9126,0.91291,9140
1716868800,0.91292,0.91296,0.91168,0.91204,6585
1716883200,0.91205,0.91247,0.911,0.91201,8755
1716897600,0.91202,0.91215,0.90853,0.90998,10479
1716912000,0.90999,0.91167,0.90931,0.91097,15058
1716926400,0.91096,0.91246,0.91095,0.91242,8719
1716940800,0.91214,0.91269,0.91119,0.91238,9839
1716955200,0.91241,0.91274,0.91183,0.91249,5214
1716969600,0.91249,0.91319,0.91174,0.91272,10157
1716984000,0.91272,0.91434,0.91126,0.91165,11428
1716998400,0.91166,0.91402,0.91161,0.91357,14716
1717012800,0.91359,0.91395,0.91311,0.91316,8080
1717027200,0.91282,0.91365,0.9128,0.9135,5236
1717041600,0.9135,0.91408,0.9127,0.91293,7417
1717056000,0.91295,0.91309,0.90697,0.90705,15164
1717070400,0.90704,0.90772,0.90479,0.90497,14782
1717084800,0.90497,0.90565,0.90309,0.90386,14965
1717099200,0.90385,0.90398,0.90308,0.90329,6002
1717113600,0.90322,0.90361,0.90238,0.90282,5661
1717128000,0.90281,0.90427,0.90258,0.90396,8075
1717142400,0.90397,0.906,0.90388,0.90598,11119
1717156800,0.90598,0.90691,0.90284,0.90316,13991
1717171200,0.90316,0.90405,0.90022,0.90326,18809
1717185600,0.90328,0.90342,0.90209,0.90234,7196
1717372800,0.90243,0.90272,0.90078,0.90102,5945
1717387200,0.90099,0.90165,0.90048,0.9014,6193
1717401600,0.90143,0.9031,0.90095,0.9027,10903
1717416000,0.90269,0.90355,0.9004,0.90109,11830
1717430400,0.9011,0.90127,0.89502,0.89551,17953
1717444800,0.89551,0.89637,0.8951,0.89576,7318
1717459200,0.89498,0.89587,0.89462,0.89519,6170
1717473600,0.89521,0.89606,0.8952,0.89566,5323
1717488000,0.89566,0.89718,0.89334,0.89513,14990
1717502400,0.89514,0.89594,0.89221,0.89332,16429
1717516800,0.89332,0.89374,0.88908,0.88924,19093
1717531200,0.88927,0.89022,0.88842,0.89012,7012
1717545600,0.88975,0.89074,0.8896,0.89047,5969
1717560000,0.89047,0.89106,0.8902,0.89096,3627
1717574400,0.89096,0.89313,0.89084,0.89217,8033
1717588800,0.89217,0.89295,0.89167,0.89194,8054
1717603200,0.89195,0.89487,0.89132,0.89381,15062
1717617600,0.89382,0.89432,0.89298,0.89353,4184
1717632000,0.89303,0.8936,0.89138,0.89143,4824
1717646400,0.89143,0.89143,0.89032,0.89107,4945
1717660800,0.89107,0.89306,0.89078,0.89202,6991
1717675200,0.89203,0.89211,0.89023,0.89173,10273
1717689600,0.89174,0.89292,0.89113,0.89153,11084
1717704000,0.89151,0.89189,0.88924,0.88929,4786
1717718400,0.88894,0.89039,0.88888,0.89022,6016
1717732800,0.89021,0.89063,0.88954,0.88983,4553
1717747200,0.88982,0.89021,0.88808,0.88937,8300
1717761600,0.88938,0.89583,0.88884,0.8953,13087
1717776000,0.89531,0.89728,0.89514,0.89611,16748
1717790400,0.89611,0.89679,0.89608,0.8966,4943
1717977600,0.89614,0.89767,0.89556,0.89669,6597
1717992000,0.89667,0.89791,0.89648,0.89739,4890
1718006400,0.8974,0.89828,0.89661,0.89692,9843
1718020800,0.89692,0.89707,0.89543,0.89679,8537
1718035200,0.89679,0.8975,0.89601,0.89676,9087
1718049600,0.89675,0.89689,0.89614,0.89653,4655
1718064000,0.89606,0.89708,0.89563,0.89694,4549
1718078400,0.89695,0.89706,0.89643,0.89663,3214
1718092800,0.89663,0.89735,0.89589,0.89679,6525
1718107200,0.8968,0.89744,0.89605,0.89717,10594
1718121600,0.89718,0.8993,0.8971,0.89841,9741
1718136000,0.89841,0.89854,0.89677,0.89764,4933
1718150400,0.89751,0.89832,0.89721,0.89825,4354
1718164800,0.89826,0.89832,0.89742,0.89784,4606
1718179200,0.89784,0.8979,0.89644,0.89661,5561
1718193600,0.89667,0.89688,0.88931,0.89045,8026
1718208000,0.8905,0.89288,0.89025,0.89129,11305
1718222400,0.89128,0.89494,0.89048,0.8944,10989
1718236800,0.89362,0.89464,0.8932,0.894,3305
1718251200,0.89401,0.89546,0.89386,0.89544,3271
1718265600,0.89543,0.89603,0.89483,0.89542,5260
1718280000,0.89542,0.8967,0.89322,0.89466,8345
1718294400,0.89467,0.89591,0.89317,0.89464,10681
1718308800,0.89464,0.89466,0.89337,0.8938,4522
1718323200,0.89348,0.89419,0.89319,0.89395,3147
1718337600,0.89394,0.89435,0.89319,0.8942,5110
1718352000,0.89421,0.89477,0.89115,0.89211,9609
1718366400,0.89212,0.8944,0.8916,0.89237,10735
1718380800,0.89237,0.89269,0.88969,0.89056,10313
1718395200,0.89057,0.89064,0.88945,0.89025,3333
1718582400,0.88979,0.89094,0.88882,0.8905,3851
1718596800,0.8905,0.89091,0.89033,0.89042,4219
1718611200,0.8904,0.89189,0.89027,0.89182,8105
1718625600,0.8918,0.89321,0.89169,0.89292,7704
1718640000,0.89288,0.8929,0.89082,0.89093,7338
1718654400,0.89093,0.891,0.88959,0.88963,3095
1718668800,0.88932,0.88977,0.88798,0.88817,3468
1718683200,0.88815,0.88968,0.88809,0.88964,4018
1718697600,0.88964,0.88998,0.88859,0.88889,6572
1718712000,0.88888,0.88897,0.88509,0.88524,8036
1718726400,0.88522,0.88535,0.88265,0.88402,9712
1718740800,0.88402,0.88466,0.88359,0.88415,4121
1718755200,0.88357,0.88445,0.88354,0.88417,4994
1718769600,0.88419,0.88442,0.8838,0.8843,3110
1718784000,0.88431,0.88478,0.88337,0.88424,6167
1718798400,0.88424,0.88541,0.8837,0.88407,6091
1718812800,0.88407,0.88441,0.88359,0.88424,3764
1718827200,0.88423,0.88475,0.88421,0.88439,1283
1718841600,0.88412,0.88448,0.88342,0.88401,3455
1718856000,0.88402,0.88407,0.88341,0.88383,3258
1718870400,0.88382,0.89113,0.88321,0.8894,8343
1718884800,0.88941,0.89188,0.88901,0.89174,9912
1718899200,0.89173,0.89258,0.89011,0.89126,8474
1718913600,0.8912,0.89143,0.89031,0.89132,3874
1718928000,0.89087,0.89196,0.89087,0.89192,3598
1718942400,0.89191,0.89204,0.89107,0.89108,3917
1718956800,0.89109,0.89255,0.89046,0.892,8020
1718971200,0.89201,0.89291,0.89167,0.89253,6173
1718985600,0.89254,0.89442,0.89225,0.89431,8925
1719000000,0.89434,0.89443,0.89398,0.89421,2692
1719187200,0.89306,0.89451,0.89303,0.8938,3505
1719201600,0.89381,0.89408,0.89319,0.89359,3598
1719216000,0.89358,0.89414,0.89308,0.89391,5437
1719230400,0.8939,0.89412,0.89214,0.89249,7360
1719244800,0.89248,0.89412,0.89218,0.89398,8022
1719259200,0.89401,0.89416,0.8927,0.89285,3363
1719273600,0.89239,0.89329,0.89175,0.89185,3599
1719288000,0.89186,0.89254,0.89166,0.89189,3943
1719302400,0.89188,0.89383,0.89127,0.89359,5745
1719316800,0.89363,0.89421,0.89272,0.89418,5980
1719331200,0.89413,0.89496,0.89374,0.89494,6578
1719345600,0.89494,0.89524,0.89424,0.89465,2753
1719360000,0.89438,0.89567,0.89435,0.89535,3509
1719374400,0.89534,0.89536,0.89461,0.89502,4248
1719388800,0.89505,0.89721,0.89499,0.89714,5046
1719403200,0.89713,0.89829,0.8958,0.89624,7106
1719417600,0.89621,0.89775,0.89529,0.89755,9956
1719432000,0.89755,0.89767,0.89684,0.89739,3423
1719446400,0.89675,0.89748,0.89675,0.89729,4039
1719460800,0.89729,0.89737,0.89662,0.89669,4108
1719475200,0.89666,0.898,0.89648,0.89767,6388
1719489600,0.89761,0.89798,0.89601,0.89629,9518
1719504000,0.89626,0.89841,0.89571,0.89805,11191
1719518400,0.89805,0.89882,0.89781,0.89881,4910
1719532800,0.89862,0.89952,0.89793,0.89951,3856
1719547200,0.89951,0.9,0.8991,0.89948,6312
1719561600,0.89947,0.90018,0.89856,0.89946,7703
1719576000,0.89946,0.9004,0.89851,0.89938,11033
1719590400,0.89939,0.90096,0.89791,0.89846,16473
1719604800,0.89845,0.89884,0.89791,0.89864,4620
1719792000,0.89725,0.90046,0.89705,0.89948,7605
1719806400,0.89949,0.89985,0.89887,0.89958,5227
1719820800,0.89958,0.90079,0.8984,0.90024,10181
1719835200,0.90025,0.90243,0.89962,0.90234,8739
1719849600,0.90233,0.90444,0.89989,0.90352,12774
1719864000,0.9035,0.904,0.90275,0.90282,3631
1719878400,0.9025,0.90358,0.9023,0.9033,4649
1719892800,0.90329,0.90408,0.90303,0.90398,3680
1719907200,0.90397,0.90469,0.90349,0.9042,7562
1719921600,0.90422,0.90432,0.90357,0.90424,6688
1719936000,0.90423,0.90495,0.90314,0.90446,13503
1719950400,0.90448,0.90478,0.90363,0.90393,3597
1719964800,0.90353,0.90395,0.90328,0.9038,3510
1719979200,0.90381,0.90435,0.90378,0.9042,3451
1719993600,0.90421,0.90502,0.90339,0.90362,6630
1720008000,0.90366,0.90381,0.90256,0.90264,8360
1720022400,0.90263,0.90283,0.89852,0.90069,14870
1720036800,0.9007,0.90187,0.90066,0.90138,3591
1720051200,0.90058,0.90173,0.90013,0.90064,5586
1720065600,0.90064,0.90116,0.90029,0.90105,3901
1720080000,0.90103,0.90394,0.90001,0.90131,10296
1720094400,0.9013,0.90132,0.89913,0.89995,7573
1720108800,0.89995,0.90054,0.89938,0.89985,6198
1720123200,0.89985,0.90003,0.89967,0.90001,2195
1720137600,0.89993,0.90032,0.8995,0.89972,2930
1720152000,0.89973,0.89981,0.89826,0.89848,4755
1720166400,0.89849,0.89897,0.89789,0.89829,6290
1720180800,0.8983,0.90055,0.89733,0.89798,11485
1720195200,0.89798,0.89908,0.89698,0.89755,15729
1720209600,0.89756,0.89757,0.89537,0.89571,4239
1720396800,0.8956,0.89567,0.89432,0.8955,5786
1720411200,0.8955,0.89571,0.89489,0.89501,4679
1720425600,0.89501,0.89568,0.89445,0.89546,9064
1720440000,0.89546,0.89671,0.89521,0.89621,8192
1720454400,0.89622,0.89727,0.89559,0.89715,9029
1720468800,0.89714,0.89766,0.89674,0.89763,2630
1720483200,0.89747,0.89828,0.89678,0.89819,3159
1720497600,0.89818,0.89904,0.89798,0.89822,3995
1720512000,0.89822,0.89877,0.89786,0.8985,6200
1720526400,0.89851,0.89853,0.89735,0.89805,7656
1720540800,0.89805,0.8986,0.89682,0.89774,13366
1720555200,0.89774,0.89797,0.89725,0.89764,4810
1720569600,0.89723,0.89802,0.89719,0.89797,3932
1720584000,0.89798,0.89819,0.89719,0.89729,3568
1720598400,0.8973,0.89761,0.89637,0.89733,5937
1720612800,0.89733,0.89839,0.89731,0.89811,6366
1720627200,0.89812,0.89971,0.89806,0.89918,9325
1720641600,0.89918,0.90007,0.89896,0.89953,3443
1720656000,0.89896,0.89948,0.8988,0.89902,2405
1720670400,0.89903,0.8993,0.89855,0.89924,3388
1720684800,0.89923,0.89976,0.89828,0.89838,6525
1720699200,0.89838,0.89867,0.8918,0.89324,12638
1720713600,0.89323,0.89437,0.89151,0.89431,21735
1720728000,0.89431,0.89657,0.89412,0.8963,6939
1720742400,0.89543,0.89703,0.89487,0.896,10536
1720756800,0.896,0.89696,0.89598,0.89624,5042
1720771200,0.89622,0.89624,0.89543,0.89578,7876
1720785600,0.89578,0.89637,0.8942,0.89473,11628
1720800000,0.89471,0.8952,0.89323,0.89464,17079
1720814400,0.89462,0.89495,0.89401,0.89445,3192
1721001600,0.89366,0.89715,0.89362,0.89624,6315
1721016000,0.89624,0.89675,0.89552,0.89559,4648
1721030400,0.89561,0.89598,0.89384,0.89396,8544
1721044800,0.89396,0.89498,0.8934,0.89421,9853
1721059200,0.89422,0.89545,0.89351,0.89471,12056
1721073600,0.89472,0.89598,0.89469,0.89574,6328
1721088000,0.89555,0.89584,0.89494,0.89569,3071
1721102400,0.89568,0.89598,0.89521,0.89531,3104
1721116800,0.89531,0.89554,0.89449,0.89521,7873
1721131200,0.8952,0.89789,0.89496,0.89716,10297
1721145600,0.89717,0.89728,0.89505,0.89509,10130
1721160000,0.89509,0.89513,0.89348,0.89383,4452
1721174400,0.89351,0.8942,0.89328,0.89412,3425
1721188800,0.89413,0.89445,0.89367,0.89372,3196
1721203200,0.89372,0.89411,0.88716,0.88739,13340
1721217600,0.8874,0.88904,0.88521,0.88604,14736
1721232000,0.88604,0.8865,0.88358,0.88439,14868
1721246400,0.8844,0.885,0.8827,0.88353,5912
1721260800,0.88322,0.88372,0.88196,0.88362,6587
1721275200,0.88363,0.88475,0.88363,0.88461,7053
1721289600,0.88461,0.88471,0.88263,0.88426,11395
1721304000,0.88425,0.88448,0.88314,0.88344,9845
1721318400,0.88344,0.88644,0.88331,0.88596,12641
1721332800,0.88597,0.88785,0.88587,0.88777,6054
1721347200,0.88589,0.88823,0.88563,0.88796,5857
1721361600,0.88796,0.88933,0.88785,0.88932,5537
1721376000,0.88932,0.88961,0.88742,0.8883,10196
1721390400,0.88829,0.88997,0.88763,0.88982,8485
1721404800,0.88982,0.88983,0.88811,0.88852,10190
1721419200,0.88855,0.88947,0.88848,0.88886,3573
1721606400,0.88762,0.8889,0.88743,0.88815,5716
1721620800,0.88814,0.88894,0.88812,0.88857,4599
1721635200,0.88857,0.88899,0.88706,0.88777,10573
1721649600,0.88777,0.88934,0.88733,0.88888,9476
1721664000,0.88888,0.89022,0.88863,0.8896,9888
1721678400,0.88959,0.88979,0.88924,0.88959,3134
1721692800,0.88926,0.88985,0.8884,0.8893,5908
1721707200,0.88931,0.88961,0.88881,0.88902,4953
1721721600,0.88901,0.89054,0.88887,0.89004,9422
1721736000,0.89004,0.89201,0.89001,0.89136,8949
1721750400,0.89136,0.89238,0.89072,0.8916,8625
1721764800,0.89158,0.89164,0.89102,0.89132,4744
1721779200,0.89102,0.89208,0.89044,0.89185,2897
1721793600,0.89186,0.89213,0.89092,0.89119,7462
1721808000,0.89119,0.89131,0.88895,0.8891,11434
1721822400,0.88911,0.88922,0.88449,0.88474,10828
1721836800,0.88474,0.88499,0.88284,0.88417,15891
1721851200,0.88417,0.88605,0.88396,0.88526,6504
1721865600,0.88454,0.88539,0.88435,0.88445,7929
1721880000,0.88445,0.88448,0.88265,0.88293,9237
1721894400,0.88295,0.88334,0.87956,0.88069,15710
1721908800,0.88069,0.88104,0.87768,0.88079,18374
1721923200,0.88079,0.88205,0.8786,0.88018,18133
1721937600,0.88019,0.88162,0.87962,0.88154,7138
1721952000,0.8806,0.88165,0.88021,0.88118,6324
1721966400,0.88119,0.88136,0.88021,0.88098,7136
1721980800,0.88097,0.88419,0.88067,0.88338,9491
1721995200,0.88339,0.88442,0.88205,0.88266,10634
1722009600,0.8827,0.88342,0.88193,0.88308,13285
1722024000,0.88309,0.88388,0.88292,0.88383,3967
1722211200,0.88317,0.88461,0.88211,0.8831,5743
1722225600,0.88309,0.88353,0.88199,0.88312,7981
1722240000,0.88311,0.88549,0.88282,0.88518,11498
1722254400,0.88517,0.88555,0.8841,0.88483,8731
1722268800,0.88484,0.88713,0.8847,0.88616,9567
1722283200,0.88616,0.88642,0.88571,0.88611,3507
1722297600,0.88594,0.88646,0.88565,0.88629,3811
1722312000,0.88629,0.88689,0.8862,0.88668,5106
1722326400,0.88669,0.88754,0.88531,0.88607,9774
1722340800,0.88607,0.88669,0.8854,0.88623,8409
1722355200,0.88624,0.88634,0.88309,0.88315,17050
1722369600,0.88315,0.88417,0.88252,0.88267,7378
1722384000,0.88254,0.88311,0.88134,0.88175,8641
1722398400,0.88174,0.88303,0.88066,0.88102,11406
1722412800,0.88101,0.88279,0.88027,0.88118,16267
1722427200,0.88116,0.88191,0.8782,0.87862,13896
1722441600,0.87861,0.8808,0.87701,0.88045,16819
1722456000,0.88044,0.88184,0.87721,0.87806,16451
1722470400,0.87753,0.87839,0.87724,0.87742,6979
1722484800,0.87743,0.87757,0.87593,0.877,11712
1722499200,0.87701,0.87749,0.87536,0.87569,14716
1722513600,0.87573,0.87769,0.87457,0.87614,14162
1722528000,0.87616,0.87696,0.87268,0.87389,20325
1722542400,0.87389,0.87417,0.87258,0.87331,7215
1722556800,0.87253,0.87338,0.87189,0.87249,7673
1722571200,0.87249,0.87329,0.87175,0.87182,8061
1722585600,0.87184,0.87277,0.87067,0.87173,16152
1722600000,0.87173,0.87181,0.86316,0.86419,18315
1722614400,0.86421,0.86636,0.85767,0.85986,33893
1722628800,0.85985,0.85994,0.85737,0.85795,9867
1722816000,0.85773,0.8596,0.85359,0.8546,18979
1722830400,0.85458,0.8558,0.84872,0.84918,25912
1722844800,0.84918,0.85338,0.84474,0.85013,36923
1722859200,0.85013,0.85123,0.84321,0.84443,25185
1722873600,0.84445,0.85529,0.84425,0.85342,37806
1722888000,0.85343,0.85424,0.84976,0.8521,20101
1722902400,0.8523,0.85553,0.85145,0.85437,15879
1722916800,0.85436,0.85647,0.85367,0.8561,19563
1722931200,0.85611,0.85717,0.85326,0.85432,26048
1722945600,0.85431,0.85552,0.85222,0.85301,23667
1722960000,0.85299,0.8542,0.85009,0.85357,26987
1722974400,0.85359,0.85397,0.85144,0.85155,11476
1722988800,0.8505,0.85415,0.8505,0.8535,10751
1723003200,0.85352,0.85922,0.85299,0.85885,20849
1723017600,0.85884,0.85934,0.85461,0.85874,21404
1723032000,0.85874,0.86404,0.85859,0.86111,14865
1723046400,0.86111,0.8662,0.86081,0.86303,22500
1723060800,0.86303,0.86344,0.86079,0.86172,14347
1723075200,0.86153,0.86301,0.85724,0.85852,15100
1723089600,0.85856,0.86097,0.85848,0.85911,17064
1723104000,0.85912,0.86032,0.85793,0.85839,18212
1723118400,0.85839,0.86289,0.85595,0.86203,20321
1723132800,0.86193,0.8674,0.86165,0.86614,25058
1723147200,0.86614,0.86703,0.86532,0.86676,10188
1723161600,0.86597,0.86703,0.86516,0.86626,14690
1723176000,0.86626,0.86671,0.86501,0.86529,12320
1723190400,0.86528,0.86717,0.86477,0.86543,13381
1723204800,0.86542,0.86578,0.86372,0.86469,13825
1723219200,0.86469,0.86505,0.86319,0.86445,13183
1723233600,0.86443,0.86537,0.86432,0.86521,5245
1723420800,0.86377,0.86622,0.86347,0.86503,5094
1723435200,0.86502,0.86679,0.86457,0.86668,6454
1723449600,0.86669,0.86934,0.86647,0.86849,13120
1723464000,0.86848,0.86961,0.86777,0.86908,10641
1723478400,0.86907,0.87116,0.86596,0.86676,20553
1723492800,0.86674,0.86675,0.86444,0.86533,9887
1723507200,0.86472,0.86654,0.86452,0.86628,9229
1723521600,0.86628,0.86788,0.86557,0.8673,6576
1723536000,0.86731,0.8679,0.86622,0.86728,12031
1723550400,0.86729,0.86798,0.86572,0.86661,14524
1723564800,0.86662,0.86673,0.86416,0.86485,17141
1723579200,0.86484,0.86555,0.86367,0.86469,8928
1723593600,0.86479,0.86547,0.86403,0.86545,8680
1723608000,0.86546,0.86587,0.86375,0.86462,12321
1723622400,0.86462,0.86546,0.8622,0.86245,12515
1723636800,0.86245,0.86604,0.86172,0.86513,14820
1723651200,0.86512,0.86571,0.86192,0.86474,18712
1723665600,0.86473,0.86554,0.86469,0.86497,4902
1723680000,0.86438,0.86546,0.8643,0.865,6210
1723694400,0.86501,0.86633,0.86497,0.86534,7727
1723708800,0.86532,0.86634,0.86469,0.86615,8978
1723723200,0.86615,0.87375,0.86598,0.87303,13227
1723737600,0.87303,0.87485,0.87055,0.87217,19595
1723752000,0.87218,0.87295,0.87176,0.87265,5174
1723766400,0.87253,0.87283,0.8715,0.87193,5969
1723780800,0.87193,0.87213,0.87096,0.8711,6613
1723795200,0.87111,0.87147,0.86816,0.86865,8262
1723809600,0.86867,0.86924,0.86641,0.86682,12078
1723824000,0.86683,0.86965,0.86659,0.86842,15220
1723838400,0.8684,0.86842,0.86594,0.86618,5080
1724025600,0.86527,0.86774,0.86437,0.86682,8137
1724040000,0.86682,0.86717,0.86331,0.86389,10985
1724054400,0.8639,0.86476,0.86158,0.86458,16615
1724068800,0.86458,0.86562,0.8638,0.86536,11221
1724083200,0.86535,0.86633,0.86264,0.86301,14115
1724097600,0.86301,0.86329,0.86225,0.86278,5066
1724112000,0.8623,0.86307,0.86174,0.86206,6424
1724126400,0.86206,0.86233,0.86045,0.86202,12172
1724140800,0.86203,0.8625,0.85882,0.86005,12367
1724155200,0.86005,0.86044,0.85902,0.85909,10837
1724169600,0.8591,0.85934,0.8558,0.85614,17518
1724184000,0.85614,0.85648,0.85397,0.85409,5794
1724198400,0.85381,0.85422,0.85206,0.85351,8770
1724212800,0.8535,0.85436,0.85334,0.85418,9557
1724227200,0.85417,0.85611,0.8534,0.85521,10997
1724241600,0.85521,0.85593,0.85377,0.854,9285
1724256000,0.85399,0.85568,0.8507,0.85131,25240
1724270400,0.85132,0.85229,0.84951,0.85188,8810
1724284800,0.85144,0.85186,0.85044,0.85177,6197
1724299200,0.85177,0.85249,0.85103,0.85139,6067
1724313600,0.85138,0.85153,0.84888,0.85123,11484
1724328000,0.85124,0.85321,0.85064,0.85131,12827
1724342400,0.8513,0.8534,0.85058,0.85202,17972
1724356800,0.85201,0.85267,0.85145,0.85219,6539
1724371200,0.85137,0.85225,0.8512,0.8516,7339
1724385600,0.85161,0.85217,0.85037,0.85173,7326
1724400000,0.85172,0.85235,0.85045,0.85192,10061
1724414400,0.85192,0.8527,0.85161,0.85222,8322
1724428800,0.85223,0.85416,0.84704,0.84975,25273
1724443200,0.84976,0.84981,0.84707,0.84766,8275
1724630400,0.84716,0.84825,0.84556,0.84636,8957
1724644800,0.84637,0.84743,0.84562,0.84717,8435
1724659200,0.84717,0.84786,0.84569,0.84582,9960
1724673600,0.84583,0.84855,0.84555,0.84743,10625
1724688000,0.84743,0.84845,0.84628,0.84728,14206
1724702400,0.84727,0.84775,0.8467,0.84726,5393
1724716800,0.84638,0.84775,0.84544,0.84759,5604
1724731200,0.8476,0.84788,0.8467,0.84704,5743
1724745600,0.84705,0.84843,0.8467,0.84758,10511
1724760000,0.84757,0.84766,0.84504,0.84531,11855
1724774400,0.8453,0.84556,0.84213,0.84316,16727
1724788800,0.84317,0.84328,0.84087,0.84141,6381
1724803200,0.8413,0.84215,0.84091,0.84176,6246
1724817600,0.84176,0.84366,0.84164,0.84342,7421
1724832000,0.84342,0.84463,0.84275,0.84307,11625
1724846400,0.84306,0.84502,0.84214,0.84446,12662
1724860800,0.84447,0.84518,0.84113,0.84299,15367
1724875200,0.84298,0.84325,0.84155,0.84216,7259
1724889600,0.84183,0.84224,0.84103,0.84159,6339
1724904000,0.8416,0.84175,0.84021,0.84057,6758
1724918400,0.84056,0.84603,0.83999,0.84444,14151
1724932800,0.84444,0.84787,0.84319,0.84686,15379
1724947200,0.84686,0.84934,0.84629,0.84677,17638
1724961600,0.84678,0.84734,0.84595,0.84719,6383
1724976000,0.84654,0.84748,0.84647,0.84706,6248
1724990400,0.84706,0.84782,0.84667,0.84768,6606
1725004800,0.84768,0.84869,0.84706,0.84859,9964
1725019200,0.84859,0.85076,0.8479,0.85007,12610
1725033600,0.85007,0.85103,0.84746,0.85081,20361
1725048000,0.85082,0.85091,0.84958,0.84993,5969
1725235200,0.84904,0.851,0.84822,0.85001,5523
1725249600,0.85002,0.8504,0.84922,0.84988,5827
1725264000,0.84987,0.85047,0.84849,0.84986,9702
1725278400,0.84987,0.85154,0.84941,0.85118,7220
1725292800,0.85117,0.8537,0.85085,0.8514,7386
1725307200,0.85141,0.85165,0.85121,0.85162,2964
1725321600,0.85102,0.85266,0.85092,0.8525,4333
1725336000,0.85251,0.85293,0.85178,0.85272,8511
1725350400,0.85273,0.85375,0.85107,0.85258,14432
1725364800,0.85257,0.85339,0.85066,0.8508,12147
1725379200,0.8508,0.85106,0.8478,0.85064,21435
1725393600,0.85064,0.85109,0.8499,0.85051,6847
1725408000,0.85012,0.85067,0.84836,0.84844,8145
1725422400,0.84844,0.84939,0.84825,0.84843,10100
1725436800,0.84844,0.84919,0.84717,0.84869,14731
1725451200,0.84868,0.85184,0.84856,0.85107,10787
1725465600,0.85108,0.85123,0.84712,0.84794,21240
1725480000,0.84795,0.84815,0.84628,0.84634,6469
1725494400,0.84586,0.84717,0.84552,0.84684,6145
1725508800,0.84684,0.84719,0.84585,0.84662,7913
1725523200,0.84661,0.84731,0.8455,0.84615,12752
1725537600,0.84614,0.84669,0.84336,0.84611,15098
1725552000,0.8461,0.84909,0.84484,0.84546,22618
1725566400,0.84545,0.84555,0.84361,0.84404,7890
1725580800,0.84371,0.84424,0.84314,0.84326,5204
1725595200,0.84324,0.84374,0.84261,0.8428,6697
1725609600,0.8428,0.84282,0.84039,0.84095,14534
1725624000,0.84096,0.84644,0.83744,0.84385,17767
1725638400,0.84382,0.84757,0.84029,0.84362,38825
1725652800,0.84363,0.84446,0.84248,0.8432,10904
1725840000,0.84425,0.84461,0.84209,0.84444,8556
1725854400,0.84444,0.84635,0.84409,0.84613,9513
1725868800,0.84612,0.84849,0.84545,0.84827,14050
1725883200,0.84827,0.84942,0.84731,0.84884,10666
1725897600,0.84885,0.84895,0.84693,0.84823,14959
1725912000,0.84822,0.84935,0.84766,0.84932,7216
1725926400,0.8481,0.84977,0.8481,0.84973,5308
1725940800,0.84973,0.84985,0.84836,0.84838,5682
1725955200,0.84839,0.849,0.84788,0.8481,10329
1725969600,0.8481,0.8484,0.84583,0.84658,11643
1725984000,0.84658,0.84823,0.84562,0.84678,17739
1725998400,0.84676,0.84717,0.84628,0.84695,7621
1726012800,0.84675,0.84709,0.84616,0.8465,4572
1726027200,0.84652,0.84697,0.84284,0.8431,12731
1726041600,0.8431,0.84598,0.84216,0.84556,14895
1726056000,0.84556,0.85125,0.84528,0.85032,17399
1726070400,0.85034,0.85157,0.84739,0.85012,28095
1726084800,0.8501,0.85294,0.85,0.85213,10284
1726099200,0.85139,0.85329,0.85133,0.85269,4107
1726113600,0.8527,0.85333,0.85179,0.85319,7417
1726128000,0.85318,0.85486,0.85188,0.85427,12422
1726142400,0.85426,0.85495,0.85181,0.85287,14959
1726156800,0.85287,0.85484,0.85223,0.85315,23073
1726171200,0.85314,0.8533,0.85062,0.85115,13785
1726185600,0.85054,0.85135,0.8489,0.84952,6534
1726200000,0.84952,0.84991,0.84853,0.84961,8031
1726214400,0.84961,0.85008,0.84741,0.84824,13884
1726228800,0.84824,0.84876,0.84563,0.84566,15254
1726243200,0.84565,0.84847,0.84435,0.84791,18269
1726257600,0.84791,0.84941,0.84773,0.84902,6858
1726444800,0.84718,0.8486,0.84685,0.84715,4750
1726459200,0.84715,0.84737,0.84517,0.84608,6097
1726473600,0.84608,0.84655,0.84357,0.84439,12830
1726488000,0.84441,0.84546,0.84344,0.84452,14890
1726502400,0.84451,0.84584,0.84341,0.84475,15772
1726516800,0.84474,0.84595,0.84455,0.8447,6376
1726531200,0.84432,0.84543,0.84418,0.84469,4754
1726545600,0.84469,0.8448,0.84368,0.84419,6047
1726560000,0.84419,0.84466,0.84296,0.84325,10227
1726574400,0.84325,0.84691,0.84316,0.84633,14883
1726588800,0.84633,0.84769,0.84561,0.84617,21505
1726603200,0.84617,0.84752,0.84583,0.84716,8334
1726617600,0.8467,0.84728,0.84551,0.84567,4756
1726632000,0.84568,0.84581,0.84498,0.84527,5300
1726646400,0.84527,0.84571,0.84356,0.84392,11899
1726660800,0.84393,0.84483,0.84231,0.8445,11359
1726675200,0.84449,0.84634,0.84344,0.84513,14060
1726689600,0.84513,0.84798,0.83904,0.84633,31075
1726704000,0.84583,0.85005,0.84536,0.84991,8835
1726718400,0.84992,0.85149,0.84819,0.84866,14143
1726732800,0.84866,0.84876,0.84489,0.846,18916
1726747200,0.84601,0.85059,0.84511,0.85058,20820
1726761600,0.85057,0.85062,0.84734,0.84788,24366
1726776000,0.84788,0.84829,0.84622,0.84773,10145
1726790400,0.84709,0.84797,0.84673,0.84685,5285
1726804800,0.84685,0.84717,0.84583,0.84638,9754
1726819200,0.84636,0.84808,0.84513,0.84724,18841
1726833600,0.84723,0.84999,0.84715,0.84768,13632
1726848000,0.84768,0.85168,0.84741,0.8492,23592
1726862400,0.84923,0.85142,0.84915,0.85029,9236
1727049600,0.84905,0.85134,0.84905,0.85094,4568
1727064000,0.85096,0.8515,0.85063,0.85098,4952
1727078400,0.85096,0.85178,0.84989,0.85107,16079
1727092800,0.85108,0.85144,0.84852,0.84984,13233
1727107200,0.84984,0.85082,0.84635,0.84653,21055
1727121600,0.84652,0.84756,0.84559,0.84738,5693
1727136000,0.84723,0.8479,0.8466,0.84674,4831
1727150400,0.84674,0.84755,0.84644,0.84711,7765
1727164800,0.84712,0.84897,0.84708,0.84786,15016
1727179200,0.84786,0.84871,0.84691,0.84705,14222
1727193600,0.84704,0.84857,0.84488,0.8451,19769
1727208000,0.84511,0.84546,0.84306,0.84326,6948
1727222400,0.84371,0.84371,0.84149,0.84164,6381
1727236800,0.84162,0.8427,0.84151,0.84224,7544
1727251200,0.84224,0.84682,0.84151,0.84655,14099
1727265600,0.84653,0.84972,0.84634,0.84789,14048
1727280000,0.84789,0.85009,0.84659,0.84993,19139
1727294400,0.84992,0.85068,0.84905,0.85042,9040
1727308800,0.8498,0.85076,0.84964,0.85002,7197
1727323200,0.85001,0.85091,0.84955,0.84979,7130
1727337600,0.8498,0.8516,0.84572,0.84959,18234
1727352000,0.84959,0.84972,0.84628,0.84875,19352
1727366400,0.84873,0.85058,0.846,0.84701,25399
1727380800,0.84701,0.84708,0.84526,0.8462,10749
1727395200,0.84566,0.84746,0.84529,0.8474,5898
1727409600,0.84741,0.84819,0.84647,0.84807,8676
1727424000,0.84808,0.8493,0.8443,0.8452,27038
1727438400,0.84518,0.84579,0.84069,0.84083,18653
1727452800,0.84084,0.84302,0.84065,0.84215,24510
1727467200,0.84215,0.8425,0.84015,0.84036,10016
1727654400,0.84041,0.84175,0.84004,0.84116,6605
1727668800,0.84115,0.84225,0.84065,0.84142,8765
1727683200,0.84141,0.8438,0.84059,0.84337,16545
1727697600,0.84337,0.84477,0.84216,0.84359,14998
1727712000,0.8436,0.84568,0.84258,0.84443,22379
1727726400,0.84442,0.84736,0.84371,0.84574,15484
1727740800,0.84537,0.84631,0.84398,0.8455,6468
1727755200,0.84548,0.84679,0.84466,0.84606,7380
1727769600,0.84605,0.84802,0.84539,0.84679,17558
1727784000,0.8468,0.84819,0.84542,0.8479,17530
1727798400,0.84791,0.84794,0.84311,0.84655,29100
1727812800,0.84655,0.84814,0.8455,0.8465,14237
1727827200,0.84521,0.84663,0.84485,0.84608,4164
1727841600,0.84608,0.8469,0.84515,0.84566,7173
1727856000,0.84567,0.84641,0.84486,0.8464,16126
1727870400,0.8464,0.8506,0.84633,0.85038,16186
1727884800,0.85039,0.85074,0.84855,0.84965,18583
1727899200,0.84964,0.84996,0.84901,0.84968,6987
1727913600,0.84919,0.85077,0.84895,0.85074,7119
1727928000,0.85073,0.85113,0.84941,0.84969,7167
1727942400,0.84966,0.85377,0.84943,0.85073,19867
1727956800,0.8507,0.85179,0.84885,0.85055,16945
1727971200,0.85057,0.85426,0.85021,0.85246,24354
1727985600,0.85247,0.85309,0.85191,0.85289,7219
1728000000,0.85173,0.85268,0.85153,0.85184,4264
1728014400,0.85185,0.85226,0.85108,0.85123,5802
1728028800,0.85123,0.85253,0.84998,0.85155,11787
1728043200,0.85154,0.86,0.85107,0.8598,15401
1728057600,0.85982,0.86078,0.85803,0.85939,24365
1728072000,0.8594,0.8594,0.85786,0.85808,6970
1728259200,0.85818,0.85984,0.85785,0.85838,6641
1728273600,0.85837,0.85844,0.85728,0.85769,6447
1728288000,0.8577,0.85903,0.85706,0.85807,13039
1728302400,0.85808,0.85859,0.85387,0.85445,14787
1728316800,0.85446,0.85653,0.85341,0.85391,18633
1728331200,0.85392,0.8546,0.85363,0.85436,6433
1728345600,0.85555,0.85555,0.8531,0.85394,6795
1728360000,0.85395,0.8543,0.853,0.85406,9093
1728374400,0.85407,0.85519,0.853,0.85448,13438
1728388800,0.85447,0.85796,0.85447,0.85701,13038
1728403200,0.85702,0.8584,0.85604,0.85734,14172
1728417600,0.85735,0.85823,0.85715,0.85717,6233
1728432000,0.85635,0.85759,0.85628,0.85758,4808
1728446400,0.85761,0.85813,0.85707,0.85798,6578
1728460800,0.85797,0.85822,0.85652,0.85757,11650
1728475200,0.85756,0.85873,0.8566,0.85832,9772
1728489600,0.85829,0.86018,0.85799,0.85998,13269
1728504000,0.85997,0.86102,0.85963,0.86077,6675
1728518400,0.86035,0.86082,0.86015,0.86051,4326
1728532800,0.86052,0.86082,0.86007,0.86073,5729
1728547200,0.86072,0.86127,0.85902,0.86047,9778
1728561600,0.86047,0.86132,0.85572,0.85752,16443
1728576000,0.85753,0.85861,0.85602,0.85784,25777
1728590400,0.85784,0.85784,0.85604,0.85622,8960
1728604800,0.85581,0.85693,0.85581,0.85643,6193
1728619200,0.85642,0.85747,0.85634,0.85708,6111
1728633600,0.85708,0.85783,0.85585,0.85611,8952
1728648000,0.85611,0.85844,0.85602,0.85754,12086
1728662400,0.85754,0.85837,0.85625,0.85632,14466
1728676800,0.85631,0.85751,0.85623,0.85724,4207
1728864000,0.85649,0.85855,0.85646,0.8583,4124
1728878400,0.85833,0.85858,0.85803,0.85825,4243
1728892800,0.85824,0.86023,0.85804,0.85984,7485
1728907200,0.85985,0.86311,0.85933,0.86311,9439
1728921600,0.8631,0.86415,0.86199,0.86333,10392
1728936000,0.86334,0.86391,0.86228,0.86261,4164
1728950400,0.86236,0.86289,0.86159,0.8617,3904
1728964800,0.86169,0.86365,0.86149,0.86356,5290
1728979200,0.86357,0.86366,0.86133,0.8615,11205
1728993600,0.86149,0.86246,0.86062,0.86151,11569
1729008000,0.86153,0.86317,0.86066,0.86309,13096
1729022400,0.86311,0.86365,0.86197,0.86209,5730
1729036800,0.86189,0.86273,0.86141,0.86259,4165
1729051200,0.86259,0.86262,0.86162,0.86241,5442
1729065600,0.86243,0.86294,0.86173,0.86222,10710
1729080000,0.8622,0.86335,0.86139,0.86318,10079
1729094400,0.86317,0.86566,0.86239,0.86459,13092
1729108800,0.8646,0.86578,0.8643,0.86534,4440
1729123200,0.86482,0.86595,0.86414,0.86561,4989
1729137600,0.86561,0.86625,0.86535,0.86621,4950
1729152000,0.86621,0.86697,0.86484,0.86513,8385
1729166400,0.86513,0.86594,0.8629,0.86453,12827
1729180800,0.86452,0.86634,0.86402,0.86584,18764
1729195200,0.86581,0.86682,0.86555,0.866,4631
1729209600,0.86572,0.86632,0.86566,0.86628,5212
1729224000,0.86628,0.86633,0.86558,0.86574,5106
1729238400,0.86571,0.86692,0.86533,0.86627,8882
1729252800,0.86628,0.86693,0.8649,0.86534,9255
1729267200,0.86534,0.86606,0.86497,0.86505,9432
1729281600,0.86506,0.86578,0.86457,0.86475,6615
1729468800,0.86447,0.86539,0.86419,0.8653,4923
1729483200,0.86531,0.86536,0.86447,0.86493,7291
1729497600,0.86492,0.86583,0.86467,0.86491,7617
1729512000,0.86491,0.86547,0.86329,0.86369,8563
1729526400,0.86369,0.86596,0.86337,0.86542,10831
1729540800,0.86541,0.86638,0.86533,0.86622,5715
1729555200,0.86582,0.86612,0.86525,0.86528,3573
1729569600,0.86529,0.86544,0.86464,0.86519,6561
1729584000,0.86519,0.86575,0.86447,0.86538,8937
1729598400,0.86538,0.86624,0.86501,0.8657,9719
1729612800,0.8657,0.86624,0.86477,0.86547,11800
1729627200,0.86546,0.86588,0.86498,0.86534,5984
1729641600,0.86491,0.86673,0.86489,0.86668,3935
1729656000,0.86664,0.86719,0.86641,0.86695,6013
1729670400,0.86694,0.86858,0.86646,0.86661,9170
1729684800,0.86659,0.86822,0.86641,0.86728,9906
1729699200,0.86725,0.86784,0.86621,0.86701,11299
1729713600,0.86701,0.86767,0.86612,0.86642,6152
1729728000,0.86549,0.86698,0.86549,0.86632,5240
1729742400,0.86631,0.86683,0.86565,0.86577,6739
1729756800,0.86579,0.86716,0.86536,0.86571,12089
1729771200,0.86572,0.86677,0.86506,0.86614,11395
1729785600,0.86616,0.86693,0.8653,0.86598,13856
1729800000,0.86599,0.86618,0.8651,0.86572,5939
1729814400,0.86508,0.86632,0.86508,0.86619,3230
1729828800,0.86618,0.86643,0.86546,0.86555,6353
1729843200,0.86556,0.8668,0.865,0.86674,9262
1729857600,0.86674,0.86742,0.86534,0.86562,7976
1729872000,0.86563,0.86689,0.86547,0.86617,12435
1729886400,0.86617,0.86671,0.8656,0.86668,4983
1730073600,0.86714,0.86936,0.86697,0.86916,8159
1730088000,0.86915,0.86988,0.86896,0.86967,9075
1730102400,0.86966,0.86996,0.86707,0.86717,8828
1730116800,0.86718,0.86765,0.865,0.86627,9335
1730131200,0.86626,0.86646,0.86465,0.86545,10813
1730145600,0.86546,0.86554,0.86464,0.86524,5914
1730160000,0.86455,0.86543,0.8643,0.86503,3364
1730174400,0.86503,0.86542,0.86458,0.86515,5781
1730188800,0.86518,0.86671,0.86463,0.86627,8037
1730203200,0.86628,0.8697,0.86533,0.86941,10235
1730217600,0.8694,0.86983,0.86671,0.86914,17622
1730232000,0.86914,0.86927,0.86717,0.86735,7012
1730246400,0.86701,0.86757,0.86679,0.86731,4705
1730260800,0.8673,0.86778,0.86686,0.86745,5643
1730275200,0.86746,0.86762,0.86606,0.86647,8593
1730289600,0.86646,0.86932,0.86587,0.86839,13970
1730304000,0.86838,0.8688,0.86562,0.86601,17588
1730318400,0.86598,0.86688,0.86535,0.86643,7366
1730332800,0.86637,0.86653,0.8661,0.86633,3079
1730347200,0.86634,0.86645,0.86518,0.86567,6259
1730361600,0.86568,0.86616,0.86448,0.86568,11774
1730376000,0.86568,0.86634,0.86453,0.86507,13673
1730390400,0.86507,0.86598,0.86366,0.86547,22505
1730404800,0.86546,0.86567,0.86326,0.86359,8896
1730419200,0.86336,0.86395,0.86322,0.86348,5928
1730433600,0.86348,0.8642,0.86316,0.86414,7144
1730448000,0.86411,0.8693,0.8639,0.86809,9829
1730462400,0.86807,0.86842,0.86387,0.86541,12827
1730476800,0.8654,0.87048,0.86534,0.86922,20390
1730491200,0.86923,0.87107,0.86915,0.86976,6812
1730678400,0.86705,0.86807,0.86528,0.86551,7263
1730692800,0.86552,0.86564,0.86422,0.86506,6429
1730707200,0.86507,0.86596,0.86306,0.86361,10165
1730721600,0.8636,0.86407,0.86196,0.86315,9603
1730736000,0.86315,0.86374,0.86148,0.86292,13160
1730750400,0.86293,0.86435,0.86286,0.86417,5921
1730764800,0.8639,0.86427,0.86358,0.86404,4313
1730779200,0.86403,0.8645,0.86398,0.86407,4384
1730793600,0.86407,0.8644,0.86168,0.86209,7240
1730808000,0.86209,0.86325,0.86156,0.86315,7084
1730822400,0.86316,0.86464,0.86268,0.86286,13691
1730836800,0.86286,0.86361,0.86207,0.86317,6522
1730851200,0.86303,0.86994,0.86193,0.86907,22346
1730865600,0.86906,0.87536,0.86828,0.87138,38217
1730880000,0.87138,0.8749,0.87101,0.87419,31956
1730894400,0.87421,0.87734,0.8738,0.87624,22595
1730908800,0.87625,0.87672,0.874,0.87628,23711
1730923200,0.87629,0.87669,0.87489,0.87662,10746
1730937600,0.87587,0.8774,0.87545,0.87648,7979
1730952000,0.87649,0.87657,0.87499,0.87504,6532
1730966400,0.87504,0.87662,0.87358,0.87622,13020
1730980800,0.8762,0.87726,0.87379,0.87398,15003
1730995200,0.87399,0.87491,0.87091,0.8722,18043
1731009600,0.87221,0.87514,0.8716,0.8725,17349
1731024000,0.87211,0.87367,0.87177,0.87289,6527
1731038400,0.87287,0.87337,0.87244,0.87298,6450
1731052800,0.87298,0.87379,0.87145,0.87153,12893
1731067200,0.87153,0.87392,0.87007,0.87385,12891
1731081600,0.87385,0.87675,0.87251,0.87619,18338
1731096000,0.87618,0.87687,0.87535,0.87547,7230
1731283200,0.87547,0.87675,0.87475,0.87623,5962
1731297600,0.87622,0.87739,0.87589,0.87677,5098
1731312000,0.87678,0.87925,0.87649,0.87832,9811
1731326400,0.87833,0.88071,0.87819,0.87976,10333
1731340800,0.87974,0.88074,0.87909,0.8802,10545
1731355200,0.88019,0.88094,0.87984,0.88088,3902
1731369600,0.8804,0.88155,0.8792,0.88154,4471
1731384000,0.88152,0.88173,0.88081,0.88131,6942
1731398400,0.88131,0.88282,0.88085,0.8825,12977
1731412800,0.8825,0.88306,0.88026,0.88128,14260
1731427200,0.88127,0.8836,0.88119,0.8825,15090
1731441600,0.88248,0.88274,0.88132,0.88179,6550
1731456000,0.88096,0.88282,0.88096,0.88181,6589
1731470400,0.88181,0.88297,0.88163,0.88278,5363
1731484800,0.88278,0.88413,0.88224,0.88255,10963
1731499200,0.88254,0.88351,0.87963,0.88131,15004
1731513600,0.88133,0.88531,0.88069,0.88511,24944
1731528000,0.8851,0.88631,0.88502,0.88596,7539
1731542400,0.88491,0.88672,0.8849,0.8865,7657
1731556800,0.88649,0.88783,0.8864,0.8874,5986
1731571200,0.88741,0.88952,0.88651,0.88928,11917
1731585600,0.88928,0.89095,0.88822,0.89003,18007
1731600000,0.89002,0.89022,0.8865,0.88774,20546
1731614400,0.88773,0.89175,0.88764,0.89042,13635
1731628800,0.88966,0.89073,0.88929,0.89008,6403
1731643200,0.89007,0.89007,0.88902,0.88921,6413
1731657600,0.8892,0.8895,0.88678,0.88831,13644
1731672000,0.88832,0.88952,0.88656,0.88844,17519
1731686400,0.88844,0.88995,0.88631,0.88682,24211
1731700800,0.88682,0.88872,0.88589,0.88839,10599
1731888000,0.88708,0.8887,0.88666,0.88767,8480
1731902400,0.88768,0.88833,0.88728,0.88763,6093
1731916800,0.88764,0.88769,0.88539,0.88593,11698
1731931200,0.88594,0.88816,0.88576,0.88577,11972
1731945600,0.88575,0.88648,0.88387,0.88419,14667
1731960000,0.88421,0.88444,0.88287,0.88303,6003
1731974400,0.88231,0.8836,0.88231,0.88298,5522
1731988800,0.88299,0.88388,0.88271,0.88384,5570
1732003200,0.88384,0.88433,0.88237,0.88354,18357
1732017600,0.88354,0.8837,0.88008,0.88076,17188
1732032000,0.88077,0.88322,0.88058,0.88321,20426
1732046400,0.88322,0.88445,0.88226,0.88232,6409
1732060800,0.8816,0.88314,0.8816,0.88258,4185
1732075200,0.88258,0.88375,0.88246,0.88355,3666
1732089600,0.88357,0.88572,0.88344,0.88546,11911
1732104000,0.88545,0.8862,0.88419,0.88446,11025
1732118400,0.88445,0.88589,0.88359,0.8842,15144
1732132800,0.88421,0.88491,0.88386,0.88408,6172
1732147200,0.88373,0.88414,0.883,0.88336,4680
1732161600,0.88335,0.88336,0.88248,0.88312,4933
1732176000,0.88311,0.88411,0.88206,0.88409,16269
1732190400,0.88408,0.88436,0.88269,0.88334,13610
1732204800,0.88335,0.88698,0.88247,0.88594,21477
1732219200,0.88594,0.88697,0.88593,0.8869,6415
1732233600,0.88647,0.88693,0.88609,0.88642,5316
1732248000,0.88643,0.88686,0.88591,0.88678,5222
1732262400,0.88679,0.89099,0.88512,0.889,19466
1732276800,0.889,0.89374,0.88773,0.89305,16865
1732291200,0.89309,0.89575,0.89253,0.89344,20856
1732305600,0.89344,0.89477,0.89335,0.89427,6606
1732492800,0.89,0.89165,0.88967,0.89016,9909
1732507200,0.89016,0.89136,0.88913,0.89073,6303
1732521600,0.89072,0.89168,0.88862,0.8889,14171
1732536000,0.8889,0.89055,0.88635,0.88687,14661
1732550400,0.88687,0.88797,0.88482,0.88719,20318
1732564800,0.8872,0.88721,0.8851,0.88643,7990
1732579200,0.88655,0.8894,0.88549,0.88779,13890
1732593600,0.88778,0.88826,0.88619,0.887,7683
1732608000,0.88699,0.8877,0.88545,0.88592,13332
1732622400,0.88592,0.88673,0.88422,0.88655,16152
1732636800,0.88656,0.88845,0.88633,0.88795,20763
1732651200,0.88795,0.88868,0.88632,0.88648,10127
1732665600,0.88589,0.8867,0.88538,0.88566,8366
1732680000,0.88566,0.88617,0.88546,0.88581,5582
1732694400,0.88582,0.88584,0.88163,0.88284,16659
1732708800,0.88284,0.88411,0.88145,0.88151,18528
1732723200,0.8815,0.88368,0.87972,0.88104,23080
1732737600,0.88104,0.88235,0.88069,0.88195,8073
1732752000,0.88113,0.88353,0.88043,0.88288,7322
1732766400,0.88287,0.88377,0.88268,0.88341,4775
1732780800,0.88343,0.88472,0.88289,0.88467,12610
1732795200,0.88467,0.88478,0.88304,0.88348,8536
1732809600,0.88349,0.88391,0.88246,0.88296,7753
1732824000,0.88296,0.88312,0.88274,0.88292,2998
1732838400,0.88268,0.8828,0.88012,0.88109,9576
1732852800,0.88108,0.88172,0.88084,0.88157,7481
1732867200,0.88159,0.8819,0.87951,0.88116,13081
1732881600,0.88115,0.88211,0.88014,0.88054,11432
1732896000,0.88053,0.88275,0.88025,0.88097,15069
1732910400,0.88093,0.88129,0.87994,0.88118,16144
1733097600,0.87984,0.88406,0.87965,0.88398,9477
1733112000,0.88397,0.88536,0.88385,0.88489,6770
1733126400,0.8849,0.88615,0.8835,0.88596,15862
1733140800,0.88596,0.88717,0.88475,0.88647,14337
1733155200,0.88644,0.88895,0.88593,0.88699,20863
1733169600,0.88699,0.88737,0.88511,0.88606,9264
1733184000,0.88579,0.888,0.88579,0.88778,6439
1733198400,0.88778,0.88884,0.88764,0.88798,6444
1733212800,0.88798,0.88846,0.88434,0.88525,10520
1733227200,0.88525,0.88574,0.88294,0.88332,8788
1733241600,0.88332,0.88638,0.88325,0.885,16346
1733256000,0.885,0.8864,0.88432,0.886,6146
1733270400,0.88594,0.88757,0.88582,0.88691,6720
1733284800,0.88692,0.88746,0.88564,0.88614,7543
1733299200,0.88614,0.88795,0.88528,0.88705,11081
1733313600,0.88704,0.88743,0.88567,0.88714,11920
1733328000,0.88714,0.88759,0.88263,0.88292,17213
1733342400,0.88292,0.88477,0.88288,0.88411,8962
1733356800,0.88359,0.8846,0.88343,0.8843,5615
1733371200,0.8843,0.8845,0.88334,0.8835,6251
1733385600,0.8835,0.8853,0.88308,0.88488,8768
1733400000,0.8849,0.88505,0.88097,0.88161,11565
1733414400,0.88161,0.88166,0.87882,0.87962,15780
1733428800,0.87962,0.88046,0.87788,0.87802,7546
1733443200,0.87794,0.87946,0.87788,0.87917,6004
1733457600,0.87917,0.87919,0.87822,0.87915,6334
1733472000,0.87915,0.87968,0.87796,0.87884,8169
1733486400,0.87884,0.87892,0.87334,0.8751,12787
1733500800,0.8751,0.87898,0.87466,0.8787,18141
1733515200,0.87871,0.8797,0.87811,0.8782,5788
1733702400,0.87821,0.87924,0.87805,0.87912,6551
1733716800,0.87912,0.88039,0.87877,0.88011,6081
1733731200,0.88011,0.88023,0.8789,0.87964,9435
1733745600,0.87961,0.87985,0.87814,0.8785,9148
1733760000,0.8785,0.8792,0.87585,0.87825,12550
1733774400,0.87825,0.87927,0.878,0.87829,5181
1733788800,0.87814,0.87919,0.87792,0.87859,4570
1733803200,0.87859,0.87868,0.87712,0.87721,6156
1733817600,0.87721,0.88076,0.87706,0.88042,8772
1733832000,0.88044,0.8807,0.87942,0.8799,10723
1733846400,0.87989,0.88298,0.8795,0.88278,14242
1733860800,0.8828,0.88324,0.88182,0.88295,5743
1733875200,0.8824,0.88326,0.88194,0.88303,4012
1733889600,0.88302,0.8838,0.88263,0.88347,4505
1733904000,0.88348,0.88539,0.8833,0.88425,13519
1733918400,0.88425,0.88473,0.88107,0.88188,15141
1733932800,0.88191,0.88487,0.88149,0.88473,18548
1733947200,0.88473,0.88534,0.88379,0.88411,7506
1733961600,0.88351,0.88406,0.88284,0.88349,4902
1733976000,0.88349,0.88423,0.88345,0.88386,5285
1733990400,0.88385,0.88923,0.88162,0.88654,13646
1734004800,0.88656,0.88989,0.88549,0.88867,15531
1734019200,0.88863,0.89019,0.88669,0.88913,21717
1734033600,0.88911,0.89275,0.88907,0.89239,8831
1734048000,0.89149,0.89271,0.89149,0.8925,6093
1734062400,0.8925,0.89304,0.89219,0.8922,5259
1734076800,0.89221,0.89445,0.89219,0.89443,10219
1734091200,0.8944,0.89455,0.89146,0.89211,12124
1734105600,0.89211,0.89422,0.89198,0.89246,13097
1734120000,0.89246,0.89302,0.89215,0.89264,5526
1734307200,0.89271,0.893,0.89101,0.89123,8136
1734321600,0.89124,0.89152,0.89033,0.8905,7166
1734336000,0.89051,0.89183,0.88984,0.89043,12234
1734350400,0.89045,0.89357,0.89013,0.89309,10070
1734364800,0.89308,0.89484,0.89217,0.8939,14993
1734379200,0.8939,0.89476,0.89347,0.89428,6371
1734393600,0.89328,0.89447,0.89313,0.8932,6898
1734408000,0.89321,0.89523,0.89298,0.89457,5132
1734422400,0.89457,0.89739,0.89444,0.89737,10231
1734436800,0.89736,0.89744,0.89523,0.89545,12060
1734451200,0.89544,0.89562,0.89176,0.89197,15079
1734465600,0.89196,0.89298,0.89143,0.89263,5725
1734480000,0.89216,0.89282,0.89193,0.8923,5767
1734494400,0.89229,0.89293,0.89212,0.89237,4785
1734508800,0.89237,0.89421,0.89172,0.8937,10141
1734523200,0.89368,0.89455,0.89305,0.8934,10069
1734537600,0.8934,0.89401,0.89209,0.89278,12471
1734552000,0.89278,0.90203,0.89171,0.90118,21028
1734566400,0.90062,0.90216,0.89965,0.89988,8805
1734580800,0.89987,0.90109,0.89942,0.89955,8391
1734595200,0.89955,0.90025,0.89602,0.89615,17596
1734609600,0.89613,0.89725,0.89514,0.89721,16805
1734624000,0.89718,0.89961,0.8968,0.8994,20822
1734638400,0.8994,0.89974,0.8977,0.8988,8701
1734652800,0.89803,0.89915,0.89782,0.89808,8250
1734667200,0.89807,0.89866,0.89751,0.89772,6920
1734681600,0.89772,0.89865,0.89477,0.89526,13232
1734696000,0.89525,0.8953,0.89292,0.89394,13460
1734710400,0.89395,0.89526,0.89155,0.89224,20865
1734724800,0.89227,0.89334,0.89131,0.89312,7828
1734912000,0.89172,0.89361,0.89102,0.89307,10046
1734926400,0.89307,0.89372,0.89272,0.89366,4638
1734940800,0.89367,0.89549,0.89332,0.89549,8565
1734955200,0.89547,0.89841,0.89498,0.89721,9612
1734969600,0.8972,0.90016,0.8969,0.89919,12107
1734984000,0.89919,0.89923,0.89817,0.8986,5628
1734998400,0.89803,0.89908,0.89787,0.89865,3611
1735012800,0.89864,0.89963,0.89825,0.89851,3741
1735027200,0.8985,0.90082,0.89849,0.90068,5803
1735041600,0.90068,0.90077,0.89949,0.89978,6212
1735056000,0.89979,0.90116,0.89955,0.90095,8913
1735070400,0.90095,0.90119,0.89908,0.89982,3270
1735171200,0.89894,0.90005,0.89865,0.89961,5619
1735185600,0.89961,0.90003,0.89936,0.89971,2819
1735200000,0.89972,0.90041,0.89951,0.89956,5213
1735214400,0.89953,0.90096,0.89934,0.90072,6594
1735228800,0.90074,0.90099,0.89957,0.8997,9218
1735243200,0.8997,0.8997,0.89843,0.89873,5687
1735257600,0.89844,0.89947,0.89839,0.89922,3454
1735272000,0.89922,0.89966,0.89903,0.89963,3091
1735286400,0.89962,0.90117,0.8995,0.89982,8189
1735300800,0.89982,0.90117,0.89949,0.90072,8124
1735315200,0.90071,0.90272,0.90019,0.90258,12323
1735329600,0.90258,0.90267,0.90159,0.90222,4959
1735516800,0.90074,0.90197,0.90034,0.90164,3125
1735531200,0.90162,0.90194,0.90141,0.90169,2112
1735545600,0.9017,0.90397,0.90141,0.90183,6049
1735560000,0.90184,0.90598,0.90099,0.90585,9323
1735574400,0.90584,0.90735,0.90419,0.90511,16496
1735588800,0.9051,0.90512,0.90335,0.90351,5331
1735603200,0.90356,0.90385,0.90247,0.90277,3354
1735617600,0.90277,0.90309,0.90244,0.90297,3416
1735632000,0.90298,0.90396,0.90226,0.90378,7211
1735646400,0.90378,0.90604,0.90363,0.90519,10161
1735660800,0.90517,0.908,0.90407,0.90772,15959
1735675200,0.9077,0.90788,0.90698,0.90714,4858
1735776000,0.90636,0.90782,0.90541,0.90604,6193
1735790400,0.90604,0.90604,0.90421,0.905,3325
1735804800,0.905,0.90586,0.90387,0.90477,8354
1735819200,0.90478,0.90896,0.90446,0.9087,13387
1735833600,0.90869,0.9137,0.90777,0.91239,19210
1735848000,0.91238,0.91352,0.91204,0.91237,5996
1735862400,0.91156,0.91245,0.9114,0.91153,4172
1735876800,0.91154,0.91244,0.91087,0.9114,4081
1735891200,0.9114,0.91164,0.90858,0.90916,8921
1735905600,0.90916,0.90986,0.90871,0.90931,8076
1735920000,0.90931,0.91075,0.90798,0.90923,12197
1735934400,0.90924,0.90982,0.90854,0.90871,4115
1736121600,0.90825,0.91048,0.90805,0.90986,4844
1736136000,0.90986,0.90993,0.9091,0.90956,3784
1736150400,0.90957,0.90993,0.90536,0.90597,10528
1736164800,0.90596,0.9067,0.90082,0.90227,20384
1736179200,0.90227,0.90665,0.90167,0.90396,21130
1736193600,0.90394,0.90509,0.90388,0.90453,6501
1736208000,0.90452,0.90595,0.90407,0.90529,6680
1736222400,0.90531,0.90557,0.90327,0.90379,5165
1736236800,0.90379,0.90528,0.90222,0.90407,12412
1736251200,0.90408,0.90774,0.90398,0.90697,11860
1736265600,0.90695,0.9096,0.90665,0.90754,17494
1736280000,0.90754,0.90959,0.90743,0.90934,8283
1736294400,0.90941,0.90955,0.9087,0.90905,5091
1736308800,0.90905,0.90958,0.90876,0.90892,3735
1736323200,0.90891,0.91202,0.90887,0.91184,9244
1736337600,0.91184,0.91283,0.91028,0.9103,14546
1736352000,0.9103,0.91194,0.90983,0.91153,12678
1736366400,0.91152,0.9119,0.9108,0.91092,7650
1736380800,0.91074,0.91142,0.9104,0.91072,4042
1736395200,0.9107,0.91139,0.9098,0.91069,4470
1736409600,0.91069,0.91308,0.91052,0.91153,9245
1736424000,0.91153,0.91274,0.91071,0.91124,8003
1736438400,0.91125,0.91298,0.91068,0.91269,7395
1736452800,0.91269,0.91292,0.91194,0.91233,2991
1736467200,0.91142,0.91239,0.91142,0.91173,3799
1736481600,0.91173,0.913,0.91164,0.91297,3412
1736496000,0.91297,0.91345,0.91219,0.9134,7184
1736510400,0.9134,0.91883,0.91304,0.91662,10942
1736524800,0.91662,0.91794,0.91451,0.91646,19089
1736539200,0.91647,0.91759,0.91605,0.91611,6805
1736726400,0.91588,0.91736,0.91571,0.9165,4738
1736740800,0.9165,0.9179,0.91628,0.917,4305
1736755200,0.917,0.91798,0.91543,0.91701,10979
1736769600,0.917,0.91716,0.91552,0.91669,9959
1736784000,0.91669,0.92006,0.91666,0.91828,11910
1736798400,0.91829,0.91912,0.91696,0.91699,6163
1736812800,0.91603,0.91689,0.9151,0.9163,6448
1736827200,0.91631,0.91695,0.9156,0.91606,5261
1736841600,0.91606,0.91615,0.91291,0.91596,10049
1736856000,0.91596,0.91735,0.91408,0.9163,11022
1736870400,0.9163,0.91697,0.91329,0.91409,14452
1736884800,0.91409,0.91415,0.91211,0.91211,5779
1736899200,0.912,0.91275,0.91155,0.91234,3330
1736913600,0.91234,0.91289,0.9119,0.91257,3749
1736928000,0.91257,0.91263,0.91093,0.91178,8794
1736942400,0.91178,0.9124,0.90773,0.90933,10859
1736956800,0.9093,0.91463,0.90918,0.91304,15990
1736971200,0.91303,0.91343,0.9123,0.91233,6157
1736985600,0.91215,0.91285,0.91177,0.9122,4596
1737000000,0.91215,0.91287,0.91119,0.91274,4870
1737014400,0.91275,0.9128,0.91052,0.91109,7822
1737028800,0.91108,0.91357,0.91103,0.912,9390
1737043200,0.91203,0.91363,0.91,0.91084,16667
1737057600,0.91084,0.91136,0.91031,0.91031,6347
1737072000,0.91009,0.91136,0.90995,0.91028,3864
1737086400,0.91027,0.91186,0.91011,0.91154,4173
1737100800,0.91154,0.91297,0.90962,0.91117,7650
1737115200,0.91114,0.91335,0.91075,0.91311,8432
1737129600,0.91311,0.91522,0.91089,0.91463,14869
1737144000,0.91463,0.91534,0.91411,0.91452,4635
1737331200,0.91288,0.91519,0.91288,0.91356,4837
1737345600,0.91356,0.91397,0.91267,0.91297,3826
1737360000,0.91296,0.91388,0.91204,0.91381,7314
1737374400,0.91378,0.91461,0.90827,0.90889,10562
1737388800,0.90888,0.91051,0.90673,0.90814,17161
1737403200,0.90814,0.90873,0.90554,0.90639,4878
1737417600,0.90578,0.90977,0.9051,0.90831,12862
1737432000,0.90831,0.90839,0.90625,0.90792,6857
1737446400,0.90794,0.91106,0.90758,0.91056,8743
1737460800,0.91056,0.91145,0.90885,0.90928,10223
1737475200,0.90925,0.90981,0.90634,0.90726,13621
1737489600,0.90726,0.90735,0.90515,0.90526,4913
1737504000,0.90572,0.90737,0.90467,0.90672,7014
1737518400,0.90672,0.90722,0.90633,0.90676,4681
1737532800,0.90677,0.90724,0.90423,0.90429,9845
1737547200,0.90429,0.90635,0.90326,0.90601,9217
1737561600,0.90601,0.90752,0.90589,0.90664,11171
1737576000,0.90664,0.90697,0.90581,0.90622,4198
1737590400,0.90596,0.90653,0.90555,0.90635,4713
1737604800,0.90637,0.90668,0.90602,0.90653,7616
1737619200,0.90653,0.90794,0.90602,0.90721,9534
1737633600,0.90723,0.90883,0.90632,0.9074,9718
1737648000,0.90739,0.91084,0.90606,0.9062,14866
1737662400,0.9062,0.90747,0.90612,0.90705,5212
1737676800,0.90656,0.90765,0.90656,0.90713,4286
1737691200,0.90713,0.90714,0.90468,0.9051,9368
1737705600,0.9051,0.90593,0.90272,0.90421,14670
1737720000,0.90421,0.90706,0.90417,0.9063,10131
1737734400,0.90629,0.90711,0.90399,0.90504,12536
1737748800,0.90504,0.9064,0.9048,0.90581,3990
1737936000,0.90581,0.9072,0.90532,0.90648,5890
1737950400,0.90646,0.90729,0.90594,0.90671,5087
1737964800,0.90671,0.90723,0.90128,0.90149,11806
1737979200,0.90149,0.90149,0.89649,0.89863,16428
1737993600,0.89864,0.90204,0.89804,0.90108,13632
1738008000,0.90108,0.90226,0.90101,0.90197,5746
1738022400,0.90162,0.90534,0.90131,0.90483,8847
1738036800,0.90483,0.90593,0.90452,0.90521,6038
1738051200,0.90521,0.90707,0.90463,0.90576,10000
1738065600,0.90576,0.90677,0.90514,0.906,8990
1738080000,0.906,0.906,0.90401,0.9044,9624
1738094400,0.90438,0.90504,0.90382,0.90406,4595
1738108800,0.90369,0.90439,0.90369,0.90416,3526
1738123200,0.90416,0.90429,0.90312,0.90333,4047
1738137600,0.90328,0.90643,0.90321,0.90631,8286
1738152000,0.90631,0.90815,0.90565,0.90809,9379
1738166400,0.90809,0.9082,0.90562,0.90685,12040
1738180800,0.90683,0.90949,0.9059,0.90672,13151
1738195200,0.9062,0.90678,0.90597,0.90668,8581
1738209600,0.90668,0.90694,0.90621,0.90636,6311
1738224000,0.90636,0.90781,0.90616,0.90762,8191
1738238400,0.90763,0.90894,0.9064,0.90663,11083
1738252800,0.90658,0.9092,0.9059,0.90876,13078
1738267200,0.90873,0.91035,0.90815,0.90971,7852
1738281600,0.90874,0.91046,0.9087,0.90979,7436
1738296000,0.90979,0.91041,0.90946,0.91008,5060
1738310400,0.91008,0.91156,0.90869,0.91068,9457
1738324800,0.91068,0.91123,0.90902,0.90993,9737
1738339200,0.90992,0.91094,0.90713,0.90796,15987
1738353600,0.90796,0.91144,0.90779,0.91108,13520
1738540800,0.91376,0.91678,0.91341,0.91584,14747
1738555200,0.91584,0.91764,0.91583,0.91611,9778
1738569600,0.91611,0.91966,0.91528,0.91734,13564
1738584000,0.91734,0.91752,0.91327,0.91491,12701
1738598400,0.91491,0.91619,0.91026,0.91378,23677
1738612800,0.91378,0.91433,0.90924,0.91062,9449
1738627200,0.90965,0.91252,0.90956,0.91176,6233
1738641600,0.91176,0.91313,0.9112,0.91272,7493
1738656000,0.91272,0.9128,0.90878,0.90964,9962
1738670400,0.90965,0.91002,0.90822,0.90867,8574
1738684800,0.90867,0.90867,0.90502,0.90546,13911
1738699200,0.90546,0.90574,0.90453,0.905,4966
1738713600,0.90461,0.90592,0.90435,0.90588,5586
1738728000,0.90589,0.90593,0.9044,0.90559,4660
1738742400,0.90561,0.90584,0.90185,0.90253,9887
1738756800,0.90253,0.90336,0.90077,0.90292,10075
1738771200,0.90291,0.90319,0.90015,0.90068,13776
1738785600,0.90068,0.9018,0.90015,0.90174,4820
1738800000,0.90122,0.90186,0.90084,0.90102,4401
1738814400,0.90101,0.90301,0.90078,0.90292,4095
1738828800,0.90292,0.90547,0.90266,0.90531,7568
1738843200,0.90531,0.90608,0.90457,0.90525,10111
1738857600,0.90524,0.90618,0.90457,0.90481,10782
1738872000,0.90483,0.90523,0.90397,0.90489,5476
1738886400,0.90408,0.90583,0.90396,0.90563,4362
1738900800,0.90563,0.90649,0.90552,0.90622,3736
1738915200,0.90622,0.90677,0.90553,0.90595,6171
1738929600,0.90595,0.90992,0.90433,0.90915,9873
1738944000,0.90915,0.91064,0.90687,0.91033,21461
1738958400,0.91032,0.91045,0.9089,0.91,5459
1739145600,0.91022,0.91189,0.91013,0.91176,5680
1739160000,0.91176,0.91223,0.91085,0.91102,4062
1739174400,0.91102,0.91126,0.9097,0.91021,7333
1739188800,0.9102,0.91113,0.90936,0.90997,7050
1739203200,0.90997,0.91166,0.90975,0.91126,8788
1739217600,0.91126,0.91162,0.91104,0.91137,3886
1739232000,0.91054,0.91157,0.91054,0.91125,3874
1739246400,0.91125,0.9118,0.91121,0.91167,3410
1739260800,0.9117,0.91208,0.9111,0.91179,6450
1739275200,0.91179,0.91398,0.91152,0.91336,6587
1739289600,0.91336,0.91395,0.91235,0.91313,9095
1739304000,0.91313,0.91406,0.91222,0.91325,5415
1739318400,0.91272,0.91346,0.91223,0.91292,3705
1739332800,0.91292,0.91362,0.91255,0.91307,4100
1739347200,0.91308,0.91325,0.91024,0.91051,6931
1739361600,0.91049,0.91558,0.91038,0.91444,10229
1739376000,0.9145,0.91505,0.91132,0.91172,16957
1739390400,0.91171,0.91386,0.91156,0.91357,6599
1739404800,0.91265,0.91402,0.9122,0.91313,4608
1739419200,0.91312,0.91337,0.91095,0.91134,5685
1739433600,0.91134,0.91153,0.90706,0.90789,9463
1739448000,0.90789,0.90851,0.90649,0.90756,10778
1739462400,0.90757,0.90845,0.9036,0.90433,12765
1739476800,0.90433,0.9063,0.90278,0.90304,9513
1739491200,0.90287,0.90351,0.90241,0.90304,6326
1739505600,0.90304,0.90454,0.90295,0.90439,4584
1739520000,0.90439,0.9049,0.90116,0.90184,8867
1739534400,0.90184,0.90227,0.89857,0.89892,9448
1739548800,0.89892,0.89911,0.8972,0.89802,10235
1739563200,0.89803,0.89977,0.89793,0.89961,4615
1739750400,0.89801,0.9003,0.898,0.89926,6668
1739764800,0.89926,0.90086,0.8992,0.90032,6113
1739779200,0.90032,0.90081,0.89971,0.90037,7356
1739793600,0.90036,0.90179,0.90031,0.90096,5627
1739808000,0.90097,0.90144,0.90022,0.90064,4494
1739822400,0.90064,0.90103,0.90054,0.90077,2497
1739836800,0.90044,0.90211,0.9,0.90181,4313
1739851200,0.90181,0.90343,0.90148,0.90317,4640
1739865600,0.90317,0.9032,0.89953,0.90038,6613
1739880000,0.90037,0.90225,0.90028,0.9018,6344
1739894400,0.90179,0.90364,0.90115,0.90335,7530
1739908800,0.90335,0.9041,0.90315,0.90334,3727
1739923200,0.90248,0.90436,0.90224,0.90384,5166
1739937600,0.90384,0.90402,0.90289,0.90291,3813
1739952000,0.90291,0.90494,0.90247,0.90448,6127
1739966400,0.90448,0.90514,0.90322,0.90351,7491
1739980800,0.90351,0.90544,0.90233,0.90487,8942
1739995200,0.90487,0.90495,0.90313,0.90445,4495
1740009600,0.90378,0.90463,0.90305,0.90367,4337
1740024000,0.90367,0.9037,0.90245,0.90263,5780
1740038400,0.90263,0.90294,0.90197,0.90205,6764
1740052800,0.90206,0.90306,0.90094,0.90202,8102
1740067200,0.90202,0.90267,0.89809,0.89834,10546
1740081600,0.89834,0.89866,0.89757,0.8978,4318
1740096000,0.8978,0.89958,0.89762,0.89926,5371
1740110400,0.89926,0.89926,0.89775,0.89879,5409
1740124800,0.89879,0.89943,0.89707,0.89892,8534
1740139200,0.89892,0.90046,0.89819,0.89956,6464
1740153600,0.89959,0.90038,0.89742,0.89757,10838
1740168000,0.89757,0.89799,0.89677,0.8979,6308
1740355200,0.89706,0.89851,0.89582,0.89589,8044
1740369600,0.8959,0.89639,0.89534,0.89618,5776
1740384000,0.89618,0.89936,0.89612,0.89918,8843
1740398400,0.89919,0.89982,0.89847,0.89863,7227
1740412800,0.89864,0.89895,0.89619,0.89693,10385
1740427200,0.89693,0.89748,0.89593,0.89709,4849
1740441600,0.89674,0.8978,0.89659,0.89746,3677
1740456000,0.89746,0.89766,0.89688,0.89709,3958
1740470400,0.89709,0.89741,0.89616,0.89624,8075
1740484800,0.89624,0.89694,0.89294,0.89371,8637
1740499200,0.89371,0.89417,0.89121,0.89247,12613
1740513600,0.89247,0.89291,0.89204,0.89281,5201
1740528000,0.89234,0.89309,0.89162,0.89262,4434
1740542400,0.89262,0.89467,0.89249,0.89463,4940
1740556800,0.89464,0.89517,0.8936,0.89467,7265
1740571200,0.89467,0.89645,0.89436,0.89486,7847
1740585600,0.89486,0.89595,0.89247,0.89417,13791
1740600000,0.89416,0.89489,0.89291,0.8947,6952
1740614400,0.89414,0.89535,0.89372,0.89512,3882
1740628800,0.89512,0.89739,0.89502,0.89702,5065
1740643200,0.89704,0.89782,0.89582,0.89753,7856
1740657600,0.89753,0.90019,0.89647,0.89998,10783
1740672000,0.89999,0.90055,0.89767,0.89926,14688
1740686400,0.89925,0.89973,0.8989,0.89962,5585
1740700800,0.89926,0.90012,0.89824,0.89887,5361
1740715200,0.89888,0.89943,0.89867,0.8993,5311
1740729600,0.89931,0.90227,0.89924,0.90188,8401
1740744000,0.90188,0.90314,0.90119,0.90201,8364
1740758400,0.90201,0.90301,0.90096,0.90188,14197
1740772800,0.90189,0.90359,0.90158,0.90281,8723
1740960000,0.90209,0.903,0.90185,0.90205,6629
1740974400,0.90205,0.90224,0.90148,0.90204,4965
1740988800,0.90204,0.90311,0.90027,0.90078,7608
1741003200,0.90075,0.90175,0.89957,0.89982,9966
1741017600,0.89982,0.89982,0.89674,0.89679,13028
1741032000,0.8968,0.89782,0.89603,0.89669,9957
1741046400,0.89649,0.89715,0.89456,0.89581,7073
1741060800,0.89581,0.89675,0.89569,0.89595,6623
1741075200,0.89595,0.89599,0.89052,0.89147,11547
1741089600,0.89147,0.89207,0.88715,0.88901,13147
1741104000,0.889,0.89129,0.88863,0.88979,18236
1741118400,0.88979,0.8901,0.88808,0.88942,11666
1741132800,0.88856,0.89098,0.8884,0.89088,6773
1741147200,0.89088,0.89129,0.8895,0.88953,6214
1741161600,0.88953,0.88983,0.88557,0.88573,11470
1741176000,0.88573,0.89004,0.88566,0.88815,12774
1741190400,0.88816,0.8912,0.88704,0.89076,20313
1741204800,0.89075,0.89144,0.89031,0.89044,7974
1741219200,0.89002,0.8914,0.88945,0.8903,5294
1741233600,0.89031,0.89256,0.89021,0.89078,6975
1741248000,0.89078,0.89126,0.88574,0.88602,14246
1741262400,0.88602,0.88813,0.88452,0.8848,13068
1741276800,0.8848,0.88695,0.88274,0.88448,18828
1741291200,0.88448,0.88452,0.8825,0.88355,7400
1741305600,0.88324,0.88359,0.88212,0.88273,5125
1741320000,0.88273,0.88296,0.88134,0.88137,4898
1741334400,0.88137,0.88191,0.87669,0.87854,9218
1741348800,0.87854,0.8819,0.87774,0.87919,12321
1741363200,0.8792,0.8803,0.87677,0.87903,19174
1741377600,0.87903,0.88103,0.87899,0.87975,7299
1741564800,0.87927,0.88025,0.87651,0.87686,6432
1741579200,0.87686,0.87898,0.87655,0.87879,4958
1741593600,0.87879,0.88032,0.87796,0.87873,8049
1741608000,0.87872,0.87881,0.8758,0.87708,11730
1741622400,0.87709,0.88192,0.87671,0.88166,13815
1741636800,0.88166,0.88216,0.8806,0.88083,7183
1741651200,0.88,0.88111,0.87779,0.87815,4868
1741665600,0.87813,0.87968,0.87728,0.87897,6789
1741680000,0.87897,0.88113,0.87798,0.88046,10059
1741694400,0.88046,0.88257,0.87981,0.88046,9727
1741708800,0.8805,0.88158,0.87867,0.88103,18894
1741723200,0.88103,0.88352,0.87996,0.8826,9897
1741737600,0.88214,0.88362,0.88193,0.88355,2663
1741752000,0.88355,0.88396,0.88278,0.88365,3321
1741766400,0.88365,0.88401,0.88146,0.88172,6816
1741780800,0.8817,0.88406,0.87943,0.88366,9920
1741795200,0.88365,0.88519,0.88232,0.88283,14031
1741809600,0.88282,0.88291,0.88161,0.8818,5050
1741824000,0.88121,0.882,0.88115,0.88118,2022
1741838400,0.88117,0.88201,0.88093,0.88135,3350
1741852800,0.88135,0.88302,0.88034,0.88152,7423
1741867200,0.88153,0.884,0.88066,0.88385,9468
1741881600,0.88381,0.88546,0.8831,0.88451,12394
1741896000,0.88451,0.88492,0.88185,0.88192,6260
1741910400,0.88177,0.88322,0.88142,0.88322,3018
1741924800,0.88322,0.88453,0.88318,0.88402,3961
1741939200,0.884,0.88458,0.88294,0.88359,7412
1741953600,0.88359,0.88588,0.88333,0.88526,10154
1741968000,0.88525,0.88637,0.88419,0.88459,12270
1741982400,0.88458,0.88527,0.88434,0.88506,3888
1742169600,0.88438,0.8853,0.88375,0.8845,3329
1742184000,0.8845,0.88476,0.88378,0.88452,4046
1742198400,0.88453,0.88469,0.88338,0.8834,5944
1742212800,0.88338,0.88361,0.88128,0.88216,8289
1742227200,0.88215,0.8829,0.87975,0.88037,11076
1742241600,0.88038,0.88122,0.8801,0.88074,5213
1742256000,0.88028,0.88135,0.87988,0.88131,2378
1742270400,0.88132,0.88162,0.88087,0.88097,3100
1742284800,0.88097,0.88185,0.87916,0.87959,5461
1742299200,0.87959,0.88065,0.87882,0.87985,7244
1742313600,0.87985,0.88004,0.87627,0.87696,11365
1742328000,0.87696,0.87697,0.8759,0.87652,5888
1742342400,0.876,0.87751,0.87576,0.87745,2503
1742356800,0.87745,0.87762,0.87672,0.87727,2931
1742371200,0.87727,0.87779,0.87664,0.87703,7425
1742385600,0.87701,0.88,0.87696,0.87917,7090
1742400000,0.87914,0.88088,0.87885,0.87968,7572
1742414400,0.87969,0.88092,0.87689,0.87745,10006
1742428800,0.87738,0.87756,0.87602,0.87633,3211
1742443200,0.87633,0.87701,0.87556,0.87685,6276
1742457600,0.87685,0.88146,0.8761,0.8808,8455
1742472000,0.8808,0.88364,0.88052,0.8828,11529
1742486400,0.8828,0.88426,0.88152,0.88179,9924
1742500800,0.88178,0.88231,0.8813,0.88155,3840
1742515200,0.88129,0.88238,0.88062,0.88202,3160
1742529600,0.88202,0.88376,0.88193,0.88353,3417
1742544000,0.88353,0.88398,0.88273,0.88356,5799
1742558400,0.88356,0.88376,0.87964,0.88107,7562
1742572800,0.88107,0.88362,0.88098,0.88333,10404
1742587200,0.88333,0.88359,0.88254,0.88331,4143
1742774400,0.88255,0.88347,0.88249,0.88306,3095
1742788800,0.88306,0.88391,0.88304,0.88359,3444
1742803200,0.88359,0.88391,0.88167,0.88229,6146
1742817600,0.88229,0.88294,0.87994,0.88166,7249
1742832000,0.88166,0.88456,0.88119,0.88338,10209
1742846400,0.88339,0.88387,0.88259,0.88288,4347
1742860800,0.8828,0.88327,0.88247,0.883,2359
1742875200,0.883,0.88345,0.88265,0.88279,3029
1742889600,0.88279,0.88486,0.88261,0.88401,4998
1742904000,0.88401,0.88423,0.88049,0.88098,7791
1742918400,0.88097,0.88214,0.88001,0.8815,9385
1742932800,0.88149,0.88274,0.88105,0.88258,3358
1742947200,0.88208,0.88324,0.88206,0.88315,2472
1742961600,0.88315,0.88391,0.88252,0.88375,3444
1742976000,0.88375,0.88416,0.88314,0.88344,5978
1742990400,0.88351,0.88429,0.88289,0.88399,6889
1743004800,0.88397,0.8847,0.88308,0.88359,9090
1743019200,0.8836,0.88503,0.88351,0.88381,4813
1743033600,0.88305,0.88487,0.88305,0.88348,3785
1743048000,0.88348,0.88348,0.88195,0.88248,3765
1743062400,0.88248,0.88475,0.88246,0.8837,6837
1743076800,0.8837,0.88466,0.88261,0.88285,7349
1743091200,0.88284,0.88399,0.88036,0.88183,11083
1743105600,0.8818,0.88245,0.88137,0.88162,3490
1743120000,0.88089,0.8825,0.88053,0.88212,2698
1743134400,0.88212,0.88278,0.88193,0.88243,2688
1743148800,0.88243,0.88259,0.88109,0.88224,4773
1743163200,0.88224,0.88342,0.88191,0.8822,6409
1743177600,0.88221,0.88275,0.87995,0.88124,11231
1743192000,0.88124,0.88228,0.88073,0.88081,4138
1743379200,0.87913,0.88121,0.87843,0.87894,4393
1743393600,0.87894,0.87942,0.87836,0.87905,3738
1743408000,0.87905,0.88163,0.87808,0.88072,7976
1743422400,0.88072,0.88213,0.88048,0.88211,6738
1743436800,0.88211,0.88531,0.88127,0.8844,11049
1743451200,0.8844,0.88549,0.88404,0.88421,3901
1743465600,0.88348,0.88434,0.88319,0.88343,2486
1743480000,0.88343,0.88364,0.88263,0.88288,2949
1743494400,0.88288,0.88437,0.88247,0.88257,6217
1743508800,0.88257,0.88333,0.88176,0.88319,7242
1743523200,0.8832,0.88379,0.88167,0.88315,10706
1743537600,0.88315,0.8842,0.88315,0.88363,4054
1743552000,0.88222,0.88397,0.88222,0.88368,3100
1743566400,0.88368,0.88424,0.88314,0.8837,2620
1743580800,0.8837,0.88479,0.88359,0.88439,5153
1743595200,0.88439,0.88484,0.88281,0.88287,6593
1743609600,0.88288,0.88382,0.8815,0.88349,10866
1743624000,0.88349,0.88403,0.88122,0.88242,10698
1743638400,0.88103,0.88276,0.87635,0.87816,13306
1743652800,0.87816,0.87861,0.87497,0.87603,10908
1743667200,0.87602,0.87606,0.86528,0.86608,17992
1743681600,0.86606,0.86647,0.85848,0.85927,21634
1743696000,0.85924,0.86087,0.85468,0.86,24336
1743710400,0.86002,0.86186,0.85901,0.85902,9743
1743724800,0.85826,0.85961,0.85718,0.85753,7385
1743739200,0.85753,0.85817,0.85276,0.85309,9530
1743753600,0.85309,0.85702,0.85239,0.85558,16657
1743768000,0.85559,0.85628,0.84766,0.85281,30843
1743782400,0.85278,0.8591,0.85029,0.85852,33149
1743796800,0.85853,0.86255,0.85806,0.8604,17928
1743984000,0.85442,0.85564,0.84962,0.8539,19393
1743998400,0.85391,0.85837,0.85252,0.85284,14471
1744012800,0.85284,0.85431,0.84505,0.85117,26484
1744027200,0.85117,0.85867,0.85098,0.85634,26137
1744041600,0.85632,0.86739,0.85388,0.85846,36916
1744056000,0.85837,0.86007,0.85551,0.85966,20102
1744070400,0.85946,0.86045,0.85733,0.85751,9581
1744084800,0.85748,0.85778,0.85586,0.85682,10145
1744099200,0.85682,0.86015,0.85435,0.85919,16430
1744113600,0.85919,0.8597,0.85207,0.85289,16728
1744128000,0.85289,0.85857,0.85247,0.85273,23981
1744142400,0.85271,0.85321,0.84551,0.84747,20769
1744156800,0.84697,0.84782,0.84296,0.84336,15042
1744171200,0.84335,0.84612,0.83811,0.84043,19415
1744185600,0.84043,0.84664,0.84001,0.84286,26488
1744200000,0.84287,0.84341,0.83591,0.83671,23943
1744214400,0.83669,0.8427,0.83668,0.84173,24155
1744228800,0.84175,0.85836,0.84014,0.85693,30141
1744243200,0.85649,0.85716,0.85172,0.85226,16072
1744257600,0.85227,0.85353,0.85146,0.85244,13374
1744272000,0.85244,0.85745,0.84564,0.84612,18134
1744286400,0.84612,0.84661,0.83495,0.83939,18884
1744300800,0.83936,0.83994,0.82494,0.82656,29270
1744315200,0.82657,0.8288,0.82311,0.82409,20295
1744329600,0.8239,0.82449,0.81406,0.81838,17299
1744344000,0.81838,0.82145,0.81715,0.8179,21461
1744358400,0.8179,0.82575,0.81108,0.81308,28876
1744372800,0.81309,0.82127,0.81087,0.81148,27175
1744387200,0.81148,0.81871,0.80992,0.81714,28873
1744401600,0.81716,0.81937,0.81459,0.81488,12173
1744588800,0.81759,0.81917,0.81631,0.81647,12236
1744603200,0.81645,0.81857,0.81344,0.81738,14623
1744617600,0.81738,0.81906,0.81207,0.817,19259
1744632000,0.817,0.82424,0.81535,0.82409,17142
1744646400,0.82408,0.82684,0.81186,0.81576,25667
1744660800,0.81575,0.81652,0.81214,0.81477,9285
1744675200,0.81492,0.8181,0.81335,0.81782,6918
1744689600,0.81782,0.81805,0.81498,0.81596,7228
1744704000,0.81596,0.81878,0.8132,0.81473,12853
1744718400,0.81477,0.81797,0.81367,0.81784,13554
1744732800,0.81785,0.8221,0.81667,0.82095,17975
1744747200,0.82096,0.82391,0.82083,0.82347,6061
1744761600,0.82226,0.82305,0.81776,0.81833,9323
1744776000,0.81833,0.81872,0.81512,0.81646,9558
1744790400,0.81646,0.82007,0.81286,0.81716,15695
1744804800,0.81716,0.8183,0.81466,0.81562,15304
1744819200,0.81562,0.81709,0.81305,0.81558,15708
1744833600,0.81566,0.81667,0.81207,0.81361,10907
1744848000,0.81252,0.81623,0.81157,0.81614,7488
1744862400,0.81614,0.81826,0.81595,0.81727,8633
1744876800,0.81727,0.81992,0.81617,0.81666,11724
1744891200,0.81667,0.81934,0.81602,0.81787,13158
1744905600,0.81789,0.82312,0.81595,0.82106,17090
1744920000,0.82105,0.82183,0.81825,0.81924,7303
1744934400,0.81873,0.81882,0.81731,0.81842,8359
1744948800,0.81824,0.81904,0.81749,0.81851,46916
1744963200,0.81852,0.81962,0.81764,0.81912,45034
1744977600,0.81908,0.81919,0.81756,0.81803,42677
1744992000,0.81797,0.81864,0.81685,0.81739,40490
1745006400,0.81732,0.81755,0.81546,0.81567,32850
1745193600,0.81628,0.81629,0.8109,0.81193,9594
1745208000,0.81193,0.81194,0.80691,0.80806,9281
1745222400,0.80806,0.80989,0.80416,0.80512,10786
1745236800,0.80512,0.80802,0.80396,0.80488,12349
1745251200,0.80488,0.80838,0.80465,0.80708,15302
1745265600,0.80708,0.80926,0.80648,0.80881,6021
1745280000,0.80857,0.81179,0.80646,0.81112,6788
1745294400,0.81112,0.81243,0.80717,0.80825,8724
1745308800,0.80825,0.8117,0.80667,0.81056,15455
1745323200,0.81055,0.81338,0.80928,0.81259,13253
1745337600,0.81259,0.81807,0.81176,0.81776,15327
1745352000,0.81779,0.81915,0.81573,0.81899,8499
1745366400,0.81692,0.82873,0.81692,0.82272,12761
1745380800,0.82273,0.82443,0.82062,0.82277,9936
1745395200,0.82273,0.8242,0.82054,0.82148,15904
1745409600,0.8215,0.82485,0.8197,0.82263,13292
1745424000,0.82263,0.82993,0.82205,0.82948,24477
1745438400,0.82948,0.83111,0.82859,0.83084,7323
1745452800,0.82954,0.8302,0.8276,0.82892,5901
1745467200,0.82895,0.82936,0.82759,0.82866,6841
1745481600,0.82866,0.82917,0.82569,0.82666,10522
1745496000,0.82656,0.82681,0.82393,0.82556,11475
1745510400,0.82554,0.82844,0.82515,0.82705,13723
1745524800,0.82705,0.82882,0.82638,0.8267,5318
1745539200,0.82576,0.83078,0.8254,0.83073,4314
1745553600,0.83073,0.83291,0.8294,0.83162,8513
1745568000,0.83162,0.83343,0.82957,0.83055,12677
1745582400,0.83055,0.83104,0.82819,0.83062,11051
1745596800,0.83059,0.83139,0.8278,0.82909,11307
1745611200,0.82909,0.8294,0.82665,0.82827,4796
1745798400,0.829,0.82928,0.82614,0.82755,5447
1745812800,0.82755,0.82925,0.82693,0.82697,5220
1745827200,0.82697,0.83183,0.82672,0.83062,9115
1745841600,0.83058,0.83098,0.82855,0.83025,9136
1745856000,0.83025,0.83067,0.81993,0.82105,13336
1745870400,0.82105,0.82208,0.81978,0.81983,5979
1745884800,0.81967,0.82208,0.81945,0.82192,3672
1745899200,0.82192,0.82478,0.82131,0.82439,6968
1745913600,0.82439,0.82538,0.8221,0.82491,10373
1745928000,0.82491,0.82641,0.82264,0.82276,9557
1745942400,0.82277,0.82476,0.82168,0.82322,15864
1745956800,0.82322,0.82486,0.82284,0.8238,5662
1745971200,0.82339,0.82432,0.82254,0.82359,4717
1745985600,0.82358,0.82462,0.82266,0.82358,6468
1746000000,0.82357,0.82629,0.82303,0.82561,9075
1746014400,0.82561,0.82588,0.82215,0.8234,12922
1746028800,0.82341,0.82451,0.82138,0.82222,18266
1746043200,0.82222,0.82727,0.82183,0.82685,7279
1746057600,0.82475,0.82686,0.82469,0.82615,3098
1746072000,0.82615,0.82788,0.82564,0.82748,4966
1746086400,0.82748,0.82891,0.82558,0.82671,9274
1746100800,0.82671,0.8292,0.82608,0.8289,10449
1746115200,0.82894,0.8333,0.82736,0.83108,14429
1746129600,0.83108,0.83227,0.82886,0.82916,5887
1746144000,0.82956,0.83184,0.82858,0.83139,3950
1746158400,0.83138,0.83145,0.82829,0.82932,6968
1746172800,0.82932,0.82943,0.82599,0.82621,10205
1746187200,0.82614,0.82761,0.82056,0.82721,13590
1746201600,0.82722,0.82803,0.82271,0.82748,18642
1746216000,0.82748,0.82803,0.8261,0.82656,6490
1746403200,0.82408,0.82569,0.82379,0.82414,3922
1746417600,0.82412,0.82414,0.82197,0.82322,5102
1746432000,0.82322,0.82751,0.82267,0.82498,10008
1746446400,0.82497,0.82499,0.82189,0.82281,9342
1746460800,0.82281,0.8248,0.82142,0.82407,12616
1746475200,0.82407,0.82419,0.82158,0.82205,4387
1746489600,0.82134,0.82458,0.82081,0.82448,3438
1746504000,0.82448,0.82538,0.8222,0.82278,6513
1746518400,0.82278,0.82499,0.82216,0.8241,11215
1746532800,0.8241,0.82652,0.82328,0.82416,11162
1746547200,0.82417,0.82534,0.82256,0.82361,11489
1746561600,0.82361,0.82363,0.82128,0.82158,4557
1746576000,0.82134,0.82713,0.82093,0.82635,7923
1746590400,0.82635,0.8272,0.82476,0.82555,8502
1746604800,0.82555,0.82622,0.82305,0.82552,9994
1746619200,0.82555,0.82622,0.82142,0.82193,9940
1746633600,0.82193,0.82249,0.81938,0.82025,11687
1746648000,0.82027,0.82439,0.81854,0.82363,11190
1746662400,0.82284,0.82428,0.8224,0.82392,4099
1746676800,0.82392,0.82417,0.82235,0.82411,8738
1746691200,0.82411,0.82916,0.82407,0.82688,12739
1746705600,0.82687,0.82708,0.82316,0.82435,13419
1746720000,0.82435,0.83138,0.82394,0.83082,18529
1746734400,0.83082,0.8332,0.83044,0.83161,6761
1746748800,0.83056,0.83238,0.8299,0.83089,5216
1746763200,0.83088,0.8341,0.83076,0.83128,6862
1746777600,0.83128,0.83209,0.82986,0.83023,9485
1746792000,0.83023,0.83249,0.83001,0.83024,9609
1746806400,0.83024,0.83147,0.82691,0.83134,11902
1746820800,0.83134,0.83159,0.83055,0.83129,4921
1747008000,0.83439,0.83468,0.83325,0.83385,6549
1747022400,0.83385,0.83502,0.83307,0.83401,8607
1747036800,0.83401,0.84679,0.83321,0.84156,18697
1747051200,0.84156,0.84752,0.84156,0.84286,17661
1747065600,0.84285,0.84511,0.84103,0.84509,17695
1747080000,0.84509,0.8476,0.84468,0.84565,7041
1747094400,0.84411,0.84569,0.84357,0.84374,4739
1747108800,0.84374,0.84435,0.84272,0.84278,7935
1747123200,0.84278,0.84412,0.83949,0.83978,11302
1747137600,0.83976,0.8432,0.83965,0.84179,11578
1747152000,0.84178,0.84341,0.84045,0.84141,15565
1747166400,0.84141,0.84168,0.8387,0.83934,4859
1747180800,0.8386,0.84018,0.83825,0.8391,5719
1747195200,0.83909,0.8395,0.83802,0.83856,8862
1747209600,0.83856,0.83995,0.83446,0.8356,13681
1747224000,0.83556,0.83786,0.83244,0.83748,15652
1747238400,0.83748,0.84246,0.83676,0.84095,17487
1747252800,0.84096,0.84358,0.84044,0.8422,7921
1747267200,0.83997,0.84186,0.83956,0.8401,4717
1747281600,0.84011,0.8405,0.83895,0.8404,8368
1747296000,0.84041,0.84062,0.83591,0.83664,12198
1747310400,0.83665,0.83927,0.83587,0.8364,12555
1747324800,0.8364,0.83786,0.83462,0.8366,15301
1747339200,0.8366,0.83735,0.83501,0.83551,4982
1747353600,0.83506,0.83597,0.83293,0.83313,4589
1747368000,0.83312,0.83483,0.83282,0.83458,7798
1747382400,0.83458,0.83565,0.83266,0.83547,10340
1747396800,0.83546,0.83815,0.83516,0.83725,10047
1747411200,0.83725,0.84007,0.83641,0.83906,11376
1747425600,0.83906,0.83952,0.83658,0.83683,4524
1747612800,0.83546,0.83618,0.83421,0.8348,6819
1747627200,0.8348,0.83655,0.83457,0.8363,9227
1747641600,0.8363,0.83645,0.83275,0.83332,13353
1747656000,0.83329,0.83431,0.83184,0.83431,12806
1747670400,0.83431,0.83499,0.8319,0.8345,14442
1747684800,0.8345,0.83545,0.83416,0.83466,4781
1747699200,0.83316,0.83626,0.83257,0.83529,4880
1747713600,0.83529,0.83594,0.83345,0.83441,9460
1747728000,0.83442,0.83442,0.83091,0.83186,13637
1747742400,0.83186,0.83435,0.83149,0.83401,11366
1747756800,0.83401,0.83478,0.83075,0.83212,14007
1747771200,0.83212,0.83234,0.82846,0.82857,5104
1747785600,0.82806,0.82857,0.8255,0.82616,5325
1747800000,0.82616,0.82659,0.82167,0.82224,10907
1747814400,0.82225,0.82633,0.82093,0.82546,13319
1747828800,0.82546,0.82657,0.8225,0.8246,13653
1747843200,0.8246,0.82586,0.82381,0.82515,14263
1747857600,0.82515,0.826,0.82268,0.82501,8423
1747872000,0.82437,0.82645,0.82367,0.82492,6104
1747886400,0.82494,0.8256,0.82336,0.82463,9725
1747900800,0.82461,0.82659,0.82421,0.82624,13871
1747915200,0.82624,0.82801,0.82529,0.82727,13555
1747929600,0.82729,0.83,0.82623,0.82921,15963
1747944000,0.82921,0.83065,0.82819,0.82866,6148
1747958400,0.82818,0.82911,0.82743,0.8279,4307
1747972800,0.82791,0.82811,0.82611,0.82637,8496
1747987200,0.82637,0.82718,0.82546,0.82625,10124
1748001600,0.82626,0.82684,0.8211,0.82325,19180
1748016000,0.82325,0.8244,0.82085,0.82085,15456
1748030400,0.82086,0.82156,0.82043,0.82085,6238
1748217600,0.82005,0.82278,0.82001,0.82167,7065
1748232000,0.82169,0.82187,0.81924,0.82035,9734
1748246400,0.82033,0.82199,0.81975,0.82158,9373
1748260800,0.82158,0.8233,0.82064,0.82284,6366
1748275200,0.82284,0.82327,0.81985,0.82023,5770
1748289600,0.82018,0.82091,0.82013,0.82088,2063
1748304000,0.82068,0.82086,0.8192,0.81967,5341
1748318400,0.81967,0.82166,0.81876,0.82158,7397
1748332800,0.82155,0.82569,0.82058,0.82495,14205
1748347200,0.82495,0.82736,0.82451,0.82527,11497
1748361600,0.82527,0.82798,0.82453,0.82696,12702
1748376000,0.82695,0.82754,0.82661,0.82724,4768
1748390400,0.82634,0.8274,0.82581,0.82717,4089
1748404800,0.82717,0.82895,0.82706,0.82831,9636
1748419200,0.82831,0.8291,0.82538,0.82654,10235
1748433600,0.82653,0.828,0.82583,0.82734,9376
1748448000,0.82735,0.82859,0.82448,0.82686,13957
1748462400,0.82686,0.82747,0.82652,0.82708,5820
1748476800,0.82654,0.83478,0.82562,0.83378,10437
1748491200,0.83378,0.83472,0.83155,0.83218,10334
1748505600,0.83218,0.83378,0.82915,0.82974,11382
1748520000,0.82976,0.82983,0.82425,0.82439,13233
1748534400,0.82439,0.82511,0.82247,0.82305,14959
1748548800,0.82305,0.82396,0.82177,0.82276,6031
1748563200,0.82186,0.823,0.8214,0.82195,5272
1748577600,0.82195,0.82342,0.81992,0.82296,9203
1748592000,0.82296,0.82482,0.82261,0.82393,11313
1748606400,0.82393,0.82489,0.82116,0.82254,12510
1748620800,0.82254,0.82452,0.82131,0.82219,17203
1748635200,0.82214,0.82327,0.82121,0.82312,6499
1748822400,0.82256,0.82322,0.82087,0.82175,5521
1748836800,0.82175,0.82303,0.82089,0.82241,8332
1748851200,0.82242,0.82252,0.81716,0.81769,10841
1748865600,0.81769,0.81848,0.81568,0.81805,10286
1748880000,0.81804,0.81913,0.81568,0.81802,15582
1748894400,0.81803,0.81849,0.81664,0.81695,6017
1748908800,0.81697,0.81737,0.81582,0.81697,3488
1748923200,0.81697,0.81887,0.81697,0.81784,7163
1748937600,0.81784,0.81909,0.81688,0.81888,9761
1748952000,0.81888,0.82342,0.8183,0.82313,9629
1748966400,0.82311,0.82472,0.82169,0.8239,13855
1748980800,0.8239,0.82425,0.82328,0.82387,4445
1748995200,0.82302,0.82388,0.82246,0.82343,3734
1749009600,0.82343,0.82444,0.82241,0.82436,6957
1749024000,0.82436,0.82497,0.82189,0.82219,9829
1749038400,0.82218,0.82421,0.82079,0.82118,11087
1749052800,0.82118,0.82219,0.81701,0.81709,15082
1749067200,0.81709,0.81912,0.81706,0.81814,6280
1749081600,0.81752,0.81876,0.81711,0.81759,4773
1749096000,0.81759,0.81943,0.81719,0.81906,7692
1749110400,0.81904,0.82083,0.81866,0.82035,8107
1749124800,0.82035,0.82147,0.81803,0.8203,12053
1749139200,0.82029,0.82144,0.81721,0.81913,19340
1749153600,0.81913,0.82107,0.81908,0.81953,8030
1749168000,0.81962,0.82019,0.8179,0.82015,3721
1749182400,0.82015,0.82079,0.81973,0.82029,5575
1749196800,0.82027,0.82206,0.82025,0.822,8238
1749211200,0.822,0.82416,0.82103,0.82372,11668
1749225600,0.82372,0.8248,0.82118,0.82309,17296
1749240000,0.82309,0.82323,0.82158,0.82222,5649
1749427200,0.8215,0.82253,0.82085,0.82252,2968
1749441600,0.82252,0.82252,0.82042,0.8209,5620
1749456000,0.8209,0.82126,0.81922,0.82021,6661
1749470400,0.82021,0.82233,0.81949,0.82201,8183
1749484800,0.82205,0.82254,0.8204,0.821,9818
1749499200,0.821,0.82168,0.82093,0.82167,4518
1749513600,0.82111,0.82177,0.82074,0.82142,3869
1749528000,0.82142,0.82418,0.82109,0.82256,7324
1749542400,0.82254,0.82363,0.82079,0.82107,11847
1749556800,0.82107,0.82194,0.82075,0.8217,8813
1749571200,0.8217,0.82297,0.82037,0.82225,11062
1749585600,0.82222,0.82328,0.82205,0.82271,4423
1749600000,0.82208,0.82291,0.82123,0.82217,4629
1749614400,0.82217,0.82323,0.82205,0.82264,6456
1749628800,0.82264,0.82345,0.82135,0.82201,7695
1749643200,0.82202,0.82291,0.81846,0.82062,11737
1749657600,0.82061,0.82094,0.81925,0.82045,13208
1749672000,0.82045,0.82075,0.81932,0.82029,5495
1749686400,0.81932,0.8202,0.81715,0.8176,5712
1749700800,0.8176,0.81793,0.81592,0.81688,8760
1749715200,0.81694,0.81758,0.81409,0.81458,11101
1749729600,0.81458,0.815,0.81023,0.81118,14186
1749744000,0.81119,0.81421,0.8106,0.8122,14307
1749758400,0.81221,0.81282,0.81012,0.81026,5067
1749772800,0.80994,0.81064,0.80558,0.80694,8536
1749787200,0.80695,0.8101,0.80617,0.8096,12884
1749801600,0.8096,0.81289,0.80892,0.81238,14000
1749816000,0.81238,0.81482,0.81205,0.81294,11982
1749830400,0.81298,0.814,0.81079,0.81135,12386
1749844800,0.81135,0.81216,0.81072,0.8114,6664
1750032000,0.81108,0.8124,0.81022,0.81184,10357
1750046400,0.81188,0.81317,0.81081,0.81264,7120
1750060800,0.81264,0.81336,0.81069,0.81205,10252
1750075200,0.81205,0.81236,0.81006,0.81109,8789
1750089600,0.81109,0.81208,0.80887,0.81169,12416
1750104000,0.81169,0.81467,0.81159,0.81367,4817
1750118400,0.81282,0.81463,0.81224,0.81448,5531
1750132800,0.81448,0.81449,0.81286,0.81354,8325
1750147200,0.81355,0.81378,0.81201,0.81285,9738
1750161600,0.81285,0.81432,0.81205,0.81424,10274
1750176000,0.81424,0.81645,0.81323,0.81515,13238
1750190400,0.81514,0.81713,0.81457,0.81619,6893
1750204800,0.81432,0.81729,0.81404,0.81687,4835
1750219200,0.81687,0.81702,0.81601,0.81643,5918
1750233600,0.81644,0.81734,0.81534,0.81717,8380
1750248000,0.81716,0.81816,0.8162,0.81666,9176
1750262400,0.81668,0.81829,0.81652,0.81771,11038
1750276800,0.81771,0.81992,0.81563,0.81858,11775
1750291200,0.81764,0.81923,0.81709,0.81899,4448
1750305600,0.81898,0.82054,0.81877,0.81965,6202
1750320000,0.81965,0.82151,0.81585,0.81604,10350
1750334400,0.81604,0.81844,0.81559,0.81751,8449
1750348800,0.81752,0.81945,0.81704,0.8188,7300
1750363200,0.8188,0.81888,0.81573,0.8163,3089
1750377600,0.81508,0.81717,0.81465,0.81595,4225
1750392000,0.81595,0.81706,0.81557,0.81663,7369
1750406400,0.81663,0.81704,0.81519,0.81597,7966
1750420800,0.81597,0.81794,0.81575,0.81711,8494
1750435200,0.8171,0.81832,0.81654,0.81665,10789
1750449600,0.81665,0.81833,0.81624,0.8178,4145
1750636800,0.81638,0.81946,0.81604,0.81865,8171
1750651200,0.81865,0.81944,0.81717,0.81814,9341
1750665600,0.81814,0.8183,0.81586,0.81794,11884
1750680000,0.81794,0.81937,0.81727,0.81826,12186
1750694400,0.81826,0.81876,0.81222,0.8131,16930
1750708800,0.81311,0.8135,0.81149,0.81255,7903
1750723200,0.81172,0.81311,0.81105,0.81215,6574
1750737600,0.81215,0.81303,0.81124,0.81181,7631
1750752000,0.81181,0.81256,0.81046,0.81134,12104
1750766400,0.81134,0.81142,0.80788,0.80826,10357
1750780800,0.80826,0.80947,0.80395,0.80414,15246
1750795200,0.80414,0.8055,0.80344,0.80519,4810
1750809600,0.80493,0.80571,0.80429,0.80456,3970
1750824000,0.80457,0.80561,0.80425,0.8051,5364
1750838400,0.8051,0.80585,0.80401,0.80544,8049
1750852800,0.80544,0.80799,0.80534,0.80715,8388
1750867200,0.80715,0.80746,0.80474,0.80516,9960
1750881600,0.80516,0.80575,0.80394,0.8049,4474
1750896000,0.80403,0.80493,0.80319,0.80354,3687
1750910400,0.80353,0.80435,0.80235,0.8036,6834
1750924800,0.8036,0.80413,0.79803,0.79948,10777
1750939200,0.7995,0.80212,0.79937,0.80019,11603
1750953600,0.80019,0.80119,0.7978,0.79893,14273
1750968000,0.79893,0.80054,0.79865,0.80041,5614
1750982400,0.79925,0.80155,0.79882,0.80113,4789
1750996800,0.80114,0.80156,0.80002,0.80131,6573
1751011200,0.80129,0.80179,0.79779,0.79839,9456
1751025600,0.79837,0.79963,0.79606,0.79634,10588
1751040000,0.79634,0.80075,0.79575,0.79923,12726
1751054400,0.79924,0.8007,0.7984,0.79841,6873
1751241600,0.79816,0.79943,0.79797,0.79903,4680
1751256000,0.79903,0.79933,0.79815,0.79835,6594
1751270400,0.79835,0.79937,0.79726,0.79756,9755
1751284800,0.79756,0.79828,0.79624,0.79805,8854
1751299200,0.79805,0.79825,0.79378,0.79417,13148
1751313600,0.79417,0.79418,0.7929,0.79303,4916
1751328000,0.79274,0.79341,0.79187,0.79191,3465
1751342400,0.79191,0.79309,0.79147,0.79247,5654
1751356800,0.79247,0.7928,0.78887,0.78972,9776
1751371200,0.78973,0.79027,0.78719,0.79014,11591
1751385600,0.79014,0.79433,0.78875,0.79355,15159
1751400000,0.79355,0.79375,0.79103,0.79115,5564
1751414400,0.7882,0.79124,0.7882,0.79039,2616
1751428800,0.79039,0.79162,0.79034,0.79142,4582
1751443200,0.79143,0.79344,0.7913,0.79248,8029
1751457600,0.7925,0.79393,0.79115,0.7928,11166
1751472000,0.79281,0.79411,0.79152,0.79185,11709
1751486400,0.79185,0.792,0.79118,0.79175,4065
1751500800,0.79158,0.79193,0.79064,0.79131,2906
1751515200,0.79131,0.79194,0.79091,0.79187,3939
1751529600,0.79187,0.7921,0.79004,0.79188,7617
1751544000,0.79189,0.79863,0.79186,0.79745,11129
1751558400,0.79745,0.79762,0.79364,0.79543,13793
1751572800,0.79545,0.79629,0.79497,0.7954,2598
1751587200,0.79468,0.79557,0.79361,0.79431,3944
1751601600,0.7943,0.79501,0.79295,0.7931,5430
1751616000,0.79309,0.79423,0.79215,0.79338,8704
1751630400,0.79338,0.79438,0.79298,0.79426,8480
1751644800,0.79428,0.79438,0.79264,0.79331,5913
1751659200,0.79331,0.79526,0.79306,0.79384,22968
1751846400,0.79348,0.7948,0.79274,0.79387,3666
1751860800,0.79388,0.79504,0.79359,0.79489,5873
1751875200,0.79489,0.79757,0.79441,0.79711,9051
1751889600,0.79711,0.79838,0.79667,0.798,8641
1751904000,0.798,0.79879,0.79591,0.79854,9372
1751918400,0.79854,0.7991,0.7977,0.79839,5051
1751932800,0.79734,0.7983,0.79645,0.79695,3120
1751947200,0.79695,0.79769,0.79577,0.79637,5147
1751961600,0.79637,0.79741,0.79562,0.79645,8201
1751976000,0.79645,0.79842,0.79596,0.79813,7972
1751990400,0.79814,0.79945,0.79674,0.7969,11337
1752004800,0.7969,0.79702,0.79531,0.79575,4927
1752019200,0.79558,0.79658,0.79526,0.79626,2720
1752033600,0.79626,0.79787,0.79588,0.79715,5362
1752048000,0.79715,0.79768,0.79592,0.79636,7392
1752062400,0.79638,0.79749,0.7954,0.7957,7711
1752076800,0.7957,0.79605,0.79392,0.7954,7972
1752091200,0.79544,0.79556,0.79431,0.79438,3187
1752105600,0.79378,0.79397,0.79194,0.79236,3238
1752120000,0.79238,0.79445,0.79238,0.79405,3526
1752134400,0.79406,0.79538,0.79366,0.79509,5057
1752148800,0.79509,0.79689,0.79418,0.79639,5942
1752163200,0.79638,0.79874,0.7958,0.79767,9991
1752177600,0.79766,0.79771,0.79608,0.79667,3246
1752192000,0.79661,0.79781,0.79593,0.79747,3636
1752206400,0.79748,0.79819,0.79714,0.79751,4812
1752220800,0.79751,0.7978,0.79611,0.79728,6872
1752235200,0.79728,0.79733,0.79535,0.79638,8268
1752249600,0.79635,0.79742,0.79543,0.79617,10083
1752264000,0.79617,0.79725,0.79599,0.79647,3190
1752451200,0.7966,0.79758,0.79536,0.79599,4160
1752465600,0.79599,0.7974,0.79566,0.79732,4511
1752480000,0.79733,0.79846,0.79682,0.79708,6724
1752494400,0.79709,0.79741,0.7955,0.79609,6571
1752508800,0.79609,0.79799,0.7958,0.79788,8815
1752523200,0.79788,0.79822,0.79768,0.7981,2421
1752537600,0.79752,0.79827,0.79652,0.79707,2157
1752552000,0.79707,0.7979,0.7966,0.79692,3340
1752566400,0.79692,0.79693,0.79534,0.79582,5273
1752580800,0.79583,0.79737,0.79539,0.79624,8440
1752595200,0.79624,0.80214,0.79622,0.80186,12817
1752609600,0.80186,0.80243,0.8015,0.80174,3308
1752624000,0.80084,0.80183,0.80018,0.80166,3260
1752638400,0.80168,0.80213,0.80128,0.80139,3058
1752652800,0.8014,0.80159,0.80036,0.80123,6130
1752667200,0.80123,0.80457,0.80122,0.8038,9278
1752681600,0.8038,0.80615,0.7947,0.8005,22069
1752696000,0.8005,0.80206,0.79911,0.8007,6261
1752710400,0.80037,0.80237,0.79993,0.80216,3426
1752724800,0.80215,0.80298,0.80131,0.80236,4671
1752739200,0.80236,0.80563,0.80203,0.80334,8468
1752753600,0.80332,0.80641,0.80309,0.80461,9074
1752768000,0.80461,0.80574,0.80375,0.80551,9669
1752782400,0.80551,0.80603,0.80375,0.80431,3365
1752796800,0.80407,0.80428,0.80252,0.80292,3398
1752811200,0.80292,0.80315,0.80213,0.80285,3768
1752825600,0.80285,0.80366,0.80148,0.80228,5537
1752840000,0.80228,0.80265,0.79961,0.79966,6619
1752854400,0.79967,0.80102,0.79846,0.80077,9472
1752868800,0.80077,0.80193,0.80067,0.80146,3288
1753056000,0.79885,0.80183,0.79885,0.80182,4276
1753070400,0.80189,0.80222,0.80131,0.80139,4099
1753084800,0.8014,0.80144,0.79957,0.80026,6600
1753099200,0.80026,0.80135,0.79887,0.79926,7363
1753113600,0.79925,0.79961,0.79653,0.79754,9167
1753128000,0.79754,0.79848,0.79746,0.79783,2908
1753142400,0.79789,0.79915,0.79682,0.79824,4404
1753156800,0.79825,0.79873,0.79741,0.79779,5292
1753171200,0.79779,0.79879,0.79651,0.79703,6545
1753185600,0.79703,0.79828,0.79663,0.79765,6723
1753200000,0.79764,0.79831,0.79202,0.79221,11371
1753214400,0.79221,0.79314,0.79197,0.79211,2981
1753228800,0.79138,0.79403,0.79138,0.79305,5223
1753243200,0.79304,0.79426,0.79274,0.79376,6046
1753257600,0.79376,0.79447,0.79107,0.7926,7554
1753272000,0.7926,0.79403,0.79218,0.79362,7226
1753286400,0.79362,0.79493,0.79296,0.79438,10984
1753300800,0.79436,0.79473,0.79191,0.79251,4747
1753315200,0.79214,0.79287,0.79118,0.79268,4419
1753329600,0.79268,0.79268,0.79151,0.79247,5873
1753344000,0.79247,0.79407,0.79219,0.79391,7335
1753358400,0.79391,0.79587,0.7938,0.79541,7994
1753372800,0.79541,0.79605,0.79307,0.79451,12800
1753387200,0.79451,0.79558,0.79352,0.79542,4304
1753401600,0.79491,0.7959,0.79379,0.79558,4162
1753416000,0.79558,0.79673,0.79519,0.79602,4905
1753430400,0.79603,0.7964,0.79474,0.79594,7756
1753444800,0.79594,0.79761,0.79577,0.79722,7458
1753459200,0.79722,0.79793,0.79543,0.79545,10938
1753473600,0.79545,0.79566,0.79468,0.7953,3082
1753660800,0.79472,0.79574,0.79442,0.7949,4721
1753675200,0.79489,0.79599,0.79449,0.79556,6154
1753689600,0.79556,0.79947,0.79553,0.79908,10312
1753704000,0.79909,0.80166,0.79879,0.80076,10212
1753718400,0.80075,0.80325,0.80006,0.80287,10168
1753732800,0.80287,0.8036,0.80259,0.80359,2789
1753747200,0.80111,0.80389,0.80111,0.80384,3711
1753761600,0.80385,0.80425,0.80246,0.80362,5264
1753776000,0.80362,0.80715,0.80354,0.80514,9868
1753790400,0.80514,0.80756,0.8037,0.80748,9523
1753804800,0.80747,0.80791,0.8048,0.80642,11485
1753819200,0.80642,0.80648,0.80498,0.80612,4035
1753833600,0.80545,0.80587,0.80411,0.80418,4359
1753848000,0.80419,0.80554,0.80379,0.80549,5287
1753862400,0.80549,0.8059,0.80401,0.80436,7147
1753876800,0.80437,0.81058,0.80404,0.81022,10307
1753891200,0.81022,0.81241,0.80987,0.81048,11101
1753905600,0.81049,0.815,0.80817,0.81469,11127
1753920000,0.81457,0.81462,0.81278,0.8131,4693
1753934400,0.8131,0.81435,0.81254,0.81267,6546
1753948800,0.81267,0.81342,0.81117,0.81276,9106
1753963200,0.81276,0.81417,0.81165,0.81312,9172
1753977600,0.81312,0.81445,0.81128,0.81242,11399
1753992000,0.81242,0.81289,0.81156,0.81224,4717
1754006400,0.81217,0.81455,0.81149,0.81288,5398
1754020800,0.81288,0.81437,0.81273,0.81401,6347
1754035200,0.81401,0.81706,0.81292,0.81701,7650
1754049600,0.81701,0.81711,0.80511,0.8055,13046
1754064000,0.8055,0.8076,0.80259,0.80663,21135
1754078400,0.80663,0.80817,0.80314,0.80338,8371
1754265600,0.80349,0.80652,0.80251,0.80646,6521
1754280000,0.80647,0.80683,0.80466,0.80519,7056
1754294400,0.80519,0.80939,0.80471,0.80902,10989
1754308800,0.80903,0.80963,0.80569,0.80681,10876
1754323200,0.8068,0.80894,0.80592,0.80785,12404
1754337600,0.80785,0.80886,0.80753,0.80789,5666
1754352000,0.80752,0.80859,0.80533,0.80833,5684
1754366400,0.80833,0.80972,0.80821,0.80942,5535
1754380800,0.80942,0.81147,0.80843,0.81106,7881
1754395200,0.81106,0.81176,0.80925,0.8097,8099
1754409600,0.80971,0.80993,0.8065,0.80712,12067
1754424000,0.80712,0.80793,0.80695,0.80727,3573
1754438400,0.80685,0.80765,0.80634,0.80739,5522
1754452800,0.80739,0.80791,0.80648,0.80677,4900
1754467200,0.8068,0.80937,0.80644,0.80885,6638
1754481600,0.80885,0.80904,0.80602,0.80635,8425
1754496000,0.80635,0.80783,0.80483,0.80702,11912
1754510400,0.80702,0.80747,0.80569,0.80661,4905
1754524800,0.80572,0.80679,0.80495,0.8065,4532
1754539200,0.8065,0.80663,0.80474,0.80498,5379
1754553600,0.80498,0.80729,0.80426,0.80577,8278
1754568000,0.80577,0.80893,0.8055,0.80804,11368
1754582400,0.80804,0.80876,0.80693,0.80712,11949
1754596800,0.80713,0.8084,0.80559,0.80616,5002
1754611200,0.80592,0.80664,0.80538,0.80613,4896
1754625600,0.80613,0.8073,0.80613,0.80672,4600
1754640000,0.80671,0.80885,0.80641,0.80851,6781
1754654400,0.80851,0.80882,0.80681,0.80773,7683
1754668800,0.80774,0.80813,0.8067,0.80795,9280
1754683200,0.80795,0.80862,0.80733,0.8081,5758
1754870400,0.80766,0.80812,0.80693,0.80761,3494
1754884800,0.80761,0.80773,0.80621,0.80641,4824
1754899200,0.8064,0.80856,0.8061,0.80831,6140
1754913600,0.80835,0.8117,0.80815,0.81143,6659
1754928000,0.81143,0.81318,0.81093,0.81261,8765
1754942400,0.81262,0.81301,0.81191,0.81213,4350
1754956800,0.81181,0.81264,0.81103,0.81189,3523
1754971200,0.81189,0.81195,0.81074,0.81095,6367
1754985600,0.81095,0.81169,0.80914,0.80993,9046
1755000000,0.80993,0.81185,0.80803,0.80961,12443
1755014400,0.80961,0.81113,0.8066,0.80736,18991
1755028800,0.80736,0.80786,0.80614,0.80658,6502
1755043200,0.80617,0.80696,0.806,0.80646,7084
1755057600,0.80646,0.80716,0.80613,0.80646,5014
1755072000,0.80646,0.80685,0.80256,0.80338,8595
1755086400,0.80338,0.80439,0.80217,0.80437,9407
1755100800,0.80437,0.80498,0.80344,0.80498,9751
1755115200,0.80498,0.80581,0.80472,0.80535,4030
1755129600,0.80403,0.80531,0.80332,0.80491,5619
1755144000,0.80491,0.80577,0.80442,0.80525,6753
1755158400,0.80525,0.80688,0.80514,0.80668,9208
1755172800,0.80668,0.80809,0.80504,0.80659,11188
1755187200,0.80659,0.80925,0.80607,0.80878,14326
1755201600,0.80878,0.80885,0.80717,0.80742,5544
1755216000,0.80707,0.80792,0.8069,0.80765,3581
1755230400,0.80765,0.80782,0.80648,0.80651,5000
1755244800,0.80651,0.80679,0.80493,0.80513,6836
1755259200,0.80514,0.80692,0.80473,0.80543,8846
1755273600,0.80543,0.80668,0.80453,0.8062,10674
1755288000,0.80619,0.80688,0.80575,0.80659,5337
1755475200,0.80415,0.80689,0.80404,0.8066,3784
1755489600,0.8066,0.80696,0.80584,0.80594,4581
1755504000,0.80594,0.80784,0.80545,0.80711,7984
1755518400,0.80711,0.80808,0.80655,0.80738,7733
1755532800,0.80738,0.80799,0.80634,0.80727,8973
1755547200,0.80725,0.8078,0.80692,0.80736,4466
1755561600,0.8071,0.80766,0.80642,0.80738,3472
1755576000,0.80737,0.80854,0.80706,0.80718,5812
1755590400,0.80718,0.80754,0.80537,0.80599,7301
1755604800,0.80599,0.80623,0.80471,0.80555,7353
1755619200,0.80556,0.80736,0.80522,0.80721,8955
1755633600,0.80721,0.8079,0.80694,0.80774,4899
1755648000,0.80716,0.80916,0.8061,0.80854,5032
1755662400,0.80854,0.80927,0.80805,0.80844,5543
1755676800,0.80844,0.80896,0.8076,0.80792,7181
1755691200,0.80792,0.80818,0.80561,0.80567,7589
1755705600,0.80567,0.80647,0.80331,0.80394,11252
1755720000,0.80394,0.80441,0.8031,0.8041,4891
1755734400,0.80347,0.80497,0.80303,0.80437,3962
1755748800,0.80437,0.80534,0.80409,0.80533,4870
1755763200,0.8053,0.80648,0.80463,0.80524,7318
1755777600,0.80524,0.80689,0.80489,0.80615,7952
1755792000,0.80615,0.80894,0.80582,0.80811,12551
1755806400,0.80811,0.80904,0.8079,0.80876,3587
1755820800,0.80807,0.80896,0.80673,0.80886,4164
1755835200,0.80886,0.81036,0.80874,0.81034,4881
1755849600,0.81032,0.81037,0.80895,0.80933,6359
1755864000,0.80933,0.8096,0.80789,0.80809,6439
1755878400,0.80809,0.80883,0.80019,0.80131,20271
1755892800,0.80131,0.80159,0.79999,0.80122,5618
1756080000,0.80032,0.80329,0.79975,0.80296,4964
1756094400,0.80296,0.80352,0.80244,0.80291,4259
1756108800,0.80291,0.80345,0.80159,0.80191,5638
1756123200,0.80191,0.80284,0.80177,0.80238,5811
1756137600,0.80238,0.80454,0.80194,0.80413,8957
1756152000,0.80413,0.80711,0.80406,0.80604,6057
1756166400,0.80514,0.80667,0.80271,0.80346,7534
1756180800,0.80346,0.80591,0.80343,0.80541,6264
1756195200,0.80541,0.80722,0.80488,0.80672,9772
1756209600,0.80672,0.80681,0.80374,0.80445,8713
1756224000,0.80448,0.80519,0.80254,0.80331,10899
1756238400,0.80331,0.80399,0.8029,0.80356,5239
1756252800,0.80323,0.80415,0.8023,0.80405,4293
1756267200,0.80405,0.8053,0.80368,0.80522,4604
1756281600,0.80522,0.80764,0.80489,0.80641,7096
1756296000,0.80641,0.80728,0.8049,0.80518,7640
1756310400,0.80518,0.80555,0.80152,0.80191,11068
1756324800,0.80191,0.80283,0.80158,0.80226,5534
1756339200,0.80207,0.80241,0.80143,0.80169,4112
1756353600,0.80169,0.80183,0.80097,0.80154,4411
1756368000,0.80154,0.80213,0.80098,0.80118,6388
1756382400,0.80118,0.80225,0.79938,0.80198,9570
1756396800,0.80198,0.80304,0.80045,0.80045,11616
1756411200,0.80045,0.80189,0.79975,0.80143,4938
1756425600,0.80077,0.80243,0.80003,0.80203,4452
1756440000,0.80203,0.80315,0.8019,0.80249,5369
1756454400,0.80249,0.80267,0.79962,0.80067,7260
1756468800,0.80067,0.80349,0.80059,0.80241,8272
1756483200,0.80241,0.8027,0.79854,0.79925,13159
1756497600,0.79925,0.80072,0.79915,0.80051,5512
1756684800,0.79827,0.80113,0.79817,0.80069,3661
1756699200,0.80069,0.80117,0.79932,0.79959,4974
1756713600,0.79959,0.79988,0.7986,0.79877,6483
1756728000,0.79877,0.80122,0.79866,0.80107,7169
1756742400,0.80105,0.8017,0.79997,0.80117,7553
1756756800,0.80117,0.80129,0.8002,0.80056,3627
1756771200,0.80006,0.8013,0.79939,0.8012,4204
1756785600,0.8012,0.80155,0.80098,0.80133,6810
1756800000,0.80133,0.80448,0.80083,0.80424,12060
1756814400,0.80424,0.80608,0.80371,0.80519,14424
1756828800,0.80519,0.8054,0.80193,0.8039,13872
1756843200,0.8039,0.80541,0.80366,0.80446,6369
1756857600,0.8042,0.80564,0.80298,0.80558,3763
1756872000,0.80558,0.80588,0.80508,0.80518,5765
1756886400,0.80517,0.80678,0.80397,0.80412,8408
1756900800,0.80412,0.80546,0.80309,0.80517,8962
1756915200,0.80517,0.80556,0.8027,0.8032,13347
1756929600,0.8032,0.80448,0.8031,0.80418,5461
1756944000,0.80337,0.80438,0.8028,0.80411,5002
1756958400,0.80411,0.8045,0.80344,0.80441,6249
1756972800,0.80441,0.80549,0.80395,0.80435,8057
1756987200,0.80434,0.80617,0.80419,0.80557,10072
1757001600,0.80557,0.80683,0.8047,0.80666,11486
1757016000,0.80666,0.80717,0.8054,0.80544,5109
1757030400,0.80529,0.80576,0.80405,0.805,4527
1757044800,0.805,0.80511,0.80428,0.80477,4605
1757059200,0.80477,0.80478,0.80326,0.8033,6027
1757073600,0.8033,0.80393,0.79847,0.79975,12196
1757088000,0.79973,0.79999,0.79558,0.79704,16993
1757102400,0.79704,0.79857,0.79701,0.79802,4395
1757289600,0.79806,0.79954,0.79501,0.79837,5605
1757304000,0.79836,0.7986,0.79739,0.79743,6275
1757318400,0.79742,0.79757,0.79508,0.79589,7311
1757332800,0.7959,0.79663,0.79439,0.79464,7007
1757347200,0.79466,0.79469,0.79292,0.79426,8322
1757361600,0.79427,0.79464,0.79272,0.79314,4082
1757376000,0.79316,0.7933,0.7922,0.79253,3857
1757390400,0.79255,0.79304,0.79206,0.79226,4753
1757404800,0.79232,0.79439,0.79152,0.79305,8477
1757419200,0.79303,0.79557,0.79225,0.79495,7311
1757433600,0.79494,0.79697,0.79286,0.79685,11627
1757448000,0.79684,0.79793,0.79667,0.79741,4521
1757462400,0.79687,0.79799,0.79365,0.79784,2619
1757476800,0.79784,0.79848,0.79668,0.79669,5230
1757491200,0.7967,0.79847,0.79614,0.79753,6764
1757505600,0.79752,0.79914,0.79517,0.79801,7834
1757520000,0.79805,0.79894,0.79633,0.79873,9366
1757534400,0.79874,0.79945,0.79847,0.79908,3752
1757548800,0.79877,0.79922,0.79798,0.79917,2572
1757563200,0.79918,0.79923,0.79863,0.79865,3595
1757577600,0.79866,0.79992,0.79865,0.79928,8792
1757592000,0.79926,0.80048,0.79698,0.79774,9414
1757606400,0.79772,0.79828,0.79483,0.79591,11745
1757620800,0.7959,0.79638,0.79548,0.79581,4238
1757635200,0.79538,0.79621,0.79442,0.79606,2432
1757649600,0.79602,0.79698,0.79594,0.79671,2585
1757664000,0.7967,0.79741,0.79551,0.79733,5033
1757678400,0.79734,0.79863,0.79626,0.79774,5378
1757692800,0.79776,0.79809,0.79618,0.79656,6578
1757707200,0.79655,0.79666,0.79578,0.79655,2755
1757894400,0.79595,0.7968,0.79508,0.79652,2777
1757908800,0.79651,0.79689,0.79608,0.79625,2188
1757923200,0.79624,0.79727,0.7957,0.79611,3594
1757937600,0.79614,0.79614,0.79438,0.79476,4941
1757952000,0.79477,0.79557,0.79361,0.79462,6175
1757966400,0.79463,0.79467,0.79381,0.79456,2848
1757980800,0.7942,0.79477,0.79371,0.79444,2776
1757995200,0.79443,0.79478,0.79324,0.79366,4406
1758009600,0.79365,0.7938,0.79165,0.79221,5583
1758024000,0.79215,0.7922,0.79,0.79084,7727
1758038400,0.79083,0.79092,0.78626,0.78629,9476
1758052800,0.78626,0.78663,0.78555,0.78587,4771
1758067200,0.78553,0.78668,0.78536,0.78662,3092
1758081600,0.78663,0.78715,0.78656,0.787,3100
1758096000,0.78698,0.78784,0.78658,0.78691,4839
1758110400,0.78689,0.78764,0.78627,0.78689,5108
1758124800,0.78688,0.7872,0.78586,0.78696,5966
1758139200,0.78695,0.78936,0.7829,0.78887,17370
1758153600,0.78804,0.78909,0.78762,0.78859,4810
1758168000,0.78859,0.79076,0.78835,0.79064,4514
1758182400,0.79065,0.79152,0.7883,0.78909,7862
1758196800,0.7891,0.79103,0.78715,0.79101,8646
1758211200,0.79107,0.79376,0.79103,0.79231,11814
1758225600,0.79229,0.79293,0.79189,0.79282,4055
1758240000,0.79015,0.79322,0.79009,0.79242,6360
1758254400,0.79241,0.79341,0.792,0.79301,7015
1758268800,0.79302,0.79554,0.79268,0.79523,7527
1758283200,0.79524,0.79659,0.79443,0.79592,6996
1758297600,0.79593,0.79596,0.79409,0.79473,9461
1758312000,0.79472,0.79578,0.7946,0.79561,4840
1758499200,0.79319,0.79701,0.79297,0.79652,5901
1758513600,0.79652,0.79727,0.79606,0.79707,5709
1758528000,0.79706,0.79711,0.79398,0.79419,6025
1758542400,0.79418,0.79478,0.79279,0.79311,5562
1758556800,0.7931,0.79444,0.79271,0.79289,7319
1758571200,0.79288,0.79309,0.79219,0.79231,3624
1758585600,0.79268,0.79347,0.79188,0.792,5436
1758600000,0.79201,0.7925,0.79096,0.79249,6140
1758614400,0.7925,0.79334,0.79164,0.79188,6626
1758628800,0.79185,0.79283,0.79149,0.79213,5580
1758643200,0.79214,0.79317,0.79155,0.79185,10893
1758657600,0.79184,0.79198,0.79092,0.79122,5962
1758672000,0.79169,0.79218,0.79031,0.79198,7687
1758686400,0.79197,0.79255,0.79188,0.79209,5592
1758700800,0.7921,0.79427,0.79185,0.79395,6398
1758715200,0.79396,0.7952,0.79369,0.79451,7063
1758729600,0.79452,0.79573,0.79398,0.7956,8740
1758744000,0.79559,0.79564,0.79499,0.79527,3151
1758758400,0.7937,0.79491,0.7937,0.79437,5015
1758772800,0.79439,0.7951,0.79427,0.79473,3851
1758787200,0.79473,0.79681,0.79471,0.79582,6518
1758801600,0.79581,0.79984,0.7951,0.79904,8086
1758816000,0.79903,0.80094,0.79777,0.80081,12564
1758830400,0.80082,0.80138,0.79938,0.79956,6390
1758844800,0.79947,0.80069,0.79874,0.79978,5107
1758859200,0.79977,0.80015,0.79915,0.79916,4500
1758873600,0.79915,0.80006,0.79863,0.7992,6097
1758888000,0.79919,0.80033,0.79841,0.79888,7446
1758902400,0.79887,0.79925,0.79746,0.7984,10845
1758916800,0.79839,0.79839,0.79728,0.79797,5584
1759104000,0.79676,0.79809,0.79614,0.79653,4664
1759118400,0.79653,0.79707,0.7957,0.79602,4223
1759132800,0.79603,0.79691,0.79516,0.79603,6018
1759147200,0.79604,0.79874,0.79592,0.79621,6871
1759161600,0.7962,0.79789,0.79618,0.79708,8857
1759176000,0.79707,0.79786,0.79701,0.79751,3005
1759190400,0.7975,0.79833,0.79663,0.79793,4799
1759204800,0.79792,0.79804,0.79696,0.79697,4398
1759219200,0.79697,0.79779,0.79522,0.79616,7448
1759233600,0.79617,0.79821,0.7961,0.79708,6887
1759248000,0.79707,0.79854,0.79447,0.79463,10417
1759262400,0.79464,0.79645,0.7939,0.79639,3604
1759276800,0.79608,0.79686,0.79467,0.7963,4604
1759291200,0.79631,0.79664,0.79419,0.79435,5294
1759305600,0.79436,0.79588,0.79283,0.79582,9493
1759320000,0.7958,0.79884,0.79513,0.79738,11332
1759334400,0.79737,0.799,0.79599,0.79822,13284
1759348800,0.7982,0.79823,0.79662,0.79719,3752
1759363200,0.79655,0.79744,0.79608,0.79711,4114
1759377600,0.79715,0.79736,0.7961,0.79669,4440
1759392000,0.79668,0.79752,0.79586,0.79622,6736
1759406400,0.79624,0.79693,0.79511,0.79663,6725
1759420800,0.79661,0.79999,0.79634,0.79811,9636
1759435200,0.79812,0.79854,0.79714,0.7978,3326
1759449600,0.79737,0.79764,0.79666,0.79737,3180
1759464000,0.79734,0.79797,0.79705,0.79772,4567
1759478400,0.79771,0.798,0.79576,0.79621,5352
1759492800,0.79622,0.79717,0.79564,0.79575,5199
1759507200,0.79574,0.79667,0.79468,0.79526,9359
1759521600,0.79527,0.79613,0.79507,0.79532,2554
1759708800,0.7953,0.79776,0.79516,0.79652,8121
1759723200,0.7965,0.79714,0.79536,0.79598,5658
1759737600,0.79599,0.79932,0.79558,0.79863,9482
1759752000,0.79869,0.79938,0.79713,0.79718,7282
1759766400,0.79717,0.79765,0.79478,0.79506,6903
1759780800,0.7951,0.79556,0.79454,0.79477,2673
1759795200,0.79477,0.79537,0.79433,0.79502,5286
1759809600,0.795,0.79578,0.79498,0.79559,4145
1759824000,0.7956,0.79778,0.79549,0.79776,5362
1759838400,0.79777,0.79914,0.79692,0.79752,6379
1759852800,0.79754,0.79836,0.79672,0.79738,7933
1759867200,0.79737,0.79893,0.79661,0.79823,4041
1759881600,0.79788,0.79924,0.79643,0.79897,4211
1759896000,0.79899,0.80102,0.79899,0.80087,4571
1759910400,0.80086,0.80186,0.8005,0.80109,6478
1759924800,0.80108,0.8013,0.79942,0.80026,5992
1759939200,0.80028,0.80277,0.79985,0.80222,8185
1759953600,0.80223,0.80286,0.80156,0.80186,4084
1759968000,0.80134,0.80165,0.80071,0.801,3088
1759982400,0.80103,0.80104,0.80026,0.8005,3061
1759996800,0.80051,0.80353,0.80043,0.80202,6252
1760011200,0.80203,0.80242,0.80039,0.80233,6102
1760025600,0.80232,0.80695,0.80173,0.80665,11682
1760040000,0.80664,0.80759,0.8059,0.80609,4970
1760054400,0.80603,0.80678,0.80506,0.80634,3452
1760068800,0.80633,0.80668,0.80585,0.8059,3563
1760083200,0.80591,0.80614,0.80471,0.80516,6688
1760097600,0.80516,0.80644,0.80497,0.80555,5284
1760112000,0.80554,0.80617,0.79999,0.80139,13546
1760126400,0.80138,0.8021,0.79945,0.79956,5807
1760313600,0.80016,0.80385,0.7992,0.80118,6977
1760328000,0.80109,0.80166,0.80086,0.80112,5112
1760342400,0.80111,0.80431,0.80001,0.8041,7715
1760356800,0.80411,0.80514,0.80249,0.80466,8005
1760371200,0.80465,0.80577,0.80372,0.80403,7637
1760385600,0.80402,0.8043,0.80377,0.80413,2655
1760400000,0.8035,0.80498,0.80277,0.80455,3488
1760414400,0.80456,0.80459,0.80237,0.80254,5487
1760428800,0.80255,0.80461,0.8018,0.80325,11116
1760443200,0.80323,0.80481,0.80323,0.80424,8684
1760457600,0.80423,0.80448,0.80026,0.80082,13628
1760472000,0.80083,0.80146,0.80053,0.80106,4569
1760486400,0.79938,0.80157,0.79935,0.8011,3390
1760500800,0.80109,0.80119,0.79984,0.80004,4859
1760515200,0.80006,0.80018,0.79904,0.79978,7575
1760529600,0.79981,0.80107,0.79973,0.80062,8082
1760544000,0.80061,0.80084,0.79566,0.79669,10681
1760558400,0.79668,0.79772,0.79636,0.79675,4557
1760572800,0.79606,0.79676,0.79501,0.79538,3876
1760587200,0.79537,0.7956,0.79329,0.79549,5794
1760601600,0.79548,0.79759,0.79537,0.79656,8471
1760616000,0.79657,0.79847,0.79625,0.79687,7817
1760630400,0.79686,0.79785,0.79418,0.79431,12259
1760644800,0.7943,0.79435,0.79236,0.7927,7371
1760659200,0.79255,0.79262,0.79086,0.79135,4243
1760673600,0.79136,0.79189,0.79001,0.79035,6430
1760688000,0.79037,0.79039,0.78728,0.78935,13571
1760702400,0.78933,0.79318,0.78841,0.79217,12968
1760716800,0.79216,0.79328,0.79055,0.79213,12705
1760731200,0.79214,0.79361,0.7918,0.79341,4990
1760918400,0.79099,0.79413,0.79097,0.7928,4848
1760932800,0.79281,0.79381,0.7926,0.79279,4184
1760947200,0.79283,0.79433,0.79231,0.79248,7779
1760961600,0.79247,0.79346,0.7922,0.7925,7431
1760976000,0.79249,0.7929,0.79059,0.79204,8706
1760990400,0.79205,0.79251,0.79171,0.79238,2887
1761004800,0.79203,0.79256,0.79122,0.79178,3591
1761019200,0.7918,0.79343,0.79168,0.79302,5389
1761033600,0.79303,0.7938,0.79178,0.79366,9994
1761048000,0.79365,0.79598,0.79365,0.79553,10003
1761062400,0.79554,0.79621,0.79395,0.79585,11982
1761076800,0.79583,0.79642,0.79558,0.79623,3354
1761091200,0.79575,0.79689,0.79485,0.79603,4465
1761105600,0.796,0.79614,0.79541,0.79576,4219
1761120000,0.79577,0.79689,0.79512,0.79608,8018
1761134400,0.79609,0.79719,0.79579,0.79696,8109
1761148800,0.79695,0.79737,0.79483,0.79515,10130
1761163200,0.79516,0.79635,0.79511,0.796,3365
1761177600,0.7955,0.79667,0.79501,0.79633,3336
1761192000,0.79636,0.79765,0.79629,0.79721,2697
1761206400,0.79722,0.79801,0.7968,0.7975,4878
1761220800,0.79751,0.79867,0.79656,0.79691,5421
1761235200,0.79692,0.79713,0.79512,0.79567,7075
1761249600,0.79568,0.79604,0.79499,0.79504,2421
1761264000,0.79498,0.79528,0.79471,0.79514,3285
1761278400,0.79513,0.79613,0.79505,0.79603,3506
1761292800,0.79602,0.79653,0.79464,0.79578,6541
1761307200,0.79582,0.79682,0.7926,0.79456,7878
1761321600,0.79455,0.79616,0.79398,0.79581,9481
1761336000,0.79579,0.79579,0.79492,0.79542,2735
1761523200,0.79603,0.79664,0.79499,0.79538,3676
1761537600,0.79537,0.79646,0.79452,0.79627,4288
1761552000,0.79626,0.79728,0.79584,0.79711,5472
1761566400,0.79712,0.79715,0.79464,0.79565,6997
1761580800,0.79567,0.79678,0.79551,0.79561,6788
1761595200,0.7956,0.79608,0.79503,0.79527,2728
1761609600,0.79505,0.79526,0.79386,0.7942,3376
1761624000,0.79419,0.79438,0.79313,0.79322,5036
1761638400,0.79321,0.79482,0.79306,0.794,6389
1761652800,0.79401,0.79601,0.79331,0.79563,6715
1761667200,0.79564,0.79669,0.79249,0.79284,9376
1761681600,0.79283,0.79348,0.7926,0.79332,3009
1761696000,0.79314,0.79362,0.79241,0.79296,4271
1761710400,0.79297,0.79429,0.79282,0.79418,4031
1761724800,0.79419,0.7971,0.79407,0.79667,6886
1761739200,0.79668,0.79776,0.79579,0.79748,6963
1761753600,0.79747,0.79791,0.7956,0.79643,8237
1761768000,0.79642,0.80201,0.79633,0.80009,12213
1761782400,0.79968,0.80064,0.79823,0.79972,3775
1761796800,0.79973,0.79976,0.79754,0.79776,7496
1761811200,0.79777,0.79951,0.79761,0.79881,7099
1761825600,0.7988,0.80289,0.7977,0.80286,8133
1761840000,0.8029,0.80368,0.80068,0.80147,10921
1761854400,0.80146,0.8027,0.80141,0.80155,3805
1761868800,0.80171,0.80198,0.80113,0.80116,2748
1761883200,0.80115,0.80194,0.80088,0.80169,4518
1761897600,0.8017,0.80327,0.80159,0.80237,6008
1761912000,0.80238,0.80392,0.8014,0.80379,7240
1761926400,0.80384,0.80488,0.80234,0.80361,10823
1761940800,0.8036,0.80514,0.80355,0.80477,3473
1762128000,0.80301,0.8053,0.80262,0.80497,6643
1762142400,0.80496,0.80503,0.80432,0.80449,3861
1762156800,0.8045,0.80732,0.80384,0.80719,5587
1762171200,0.8072,0.80867,0.80661,0.80833,6218
1762185600,0.80832,0.80916,0.8068,0.80744,7478
1762200000,0.80744,0.80823,0.80705,0.80793,2469
1762214400,0.80778,0.80986,0.80736,0.80941,4755
1762228800,0.80942,0.80969,0.80853,0.80874,4401
1762243200,0.80872,0.80892,0.8067,0.80869,6686
1762257600,0.80868,0.81015,0.80812,0.80847,6258
1762272000,0.80848,0.81037,0.80832,0.80953,7733
1762286400,0.80954,0.81082,0.80948,0.81041,2853
1762300800,0.81011,0.81056,0.8079,0.80867,5184
1762315200,0.80866,0.80986,0.80842,0.809,5627
1762329600,0.80905,0.81072,0.80864,0.81059,6126
1762344000,0.81058,0.81164,0.80949,0.81098,7010
1762358400,0.81099,0.81242,0.80974,0.811,8817
1762372800,0.81095,0.81102,0.80994,0.81008,2448
1762387200,0.80992,0.81042,0.80866,0.80899,4822
1762401600,0.809,0.8095,0.80883,0.80912,4289
1762416000,0.80917,0.80989,0.80829,0.80888,5759
1762430400,0.80889,0.80946,0.8068,0.80753,7079
1762444800,0.80754,0.80877,0.80664,0.80713,8561
1762459200,0.80712,0.80736,0.806,0.80616,3314
1762473600,0.80594,0.80716,0.80589,0.80696,6415
1762488000,0.80694,0.80782,0.80657,0.80764,3882
1762502400,0.80762,0.80842,0.80749,0.80818,4350
1762516800,0.80818,0.80818,0.80451,0.80526,6592
1762531200,0.80524,0.80546,0.80319,0.80387,7464
1762545600,0.80388,0.80583,0.80365,0.80512,3365
1762732800,0.80419,0.80727,0.80418,0.80638,7132
1762747200,0.80639,0.8067,0.80568,0.80596,4810
1762761600,0.80597,0.80693,0.80475,0.80591,9619
1762776000,0.8059,0.80652,0.80466,0.80475,7495
1762790400,0.80474,0.80673,0.80471,0.80477,8260
1762804800,0.80476,0.80524,0.80442,0.80519,2151
1762819200,0.80539,0.80614,0.80442,0.80524,2880
1762833600,0.80524,0.80524,0.804,0.80404,2639
1762848000,0.80405,0.80501,0.80254,0.80325,6866
1762862400,0.80324,0.80334,0.79898,0.79936,8693
1762876800,0.79935,0.80014,0.7986,0.79983,8428
1762891200,0.79984,0.80061,0.79964,0.80048,2728
1762905600,0.79992,0.80097,0.79913,0.80089,3529
1762920000,0.80087,0.80115,0.80026,0.80067,2750
1762934400,0.80069,0.80098,0.79869,0.79925,6644
1762948800,0.79924,0.79962,0.79844,0.79846,8033
1762963200,0.79845,0.79906,0.79674,0.79701,9116
1762977600,0.79702,0.79827,0.79702,0.79791,2216
1762992000,0.79742,0.7987,0.79702,0.79811,3632
1763006400,0.79808,0.79939,0.79785,0.79928,3312
1763020800,0.79929,0.79932,0.79428,0.79547,8920
1763035200,0.79546,0.79614,0.7949,0.79576,8322
1763049600,0.79574,0.79587,0.79091,0.79121,11238
1763064000,0.7912,0.79325,0.79084,0.79271,3943
1763078400,0.79231,0.79357,0.79156,0.79313,6572
1763092800,0.79314,0.79357,0.79176,0.79186,4975
1763107200,0.79187,0.79233,0.79013,0.79218,8255
1763121600,0.7922,0.79262,0.78779,0.78952,10694
1763136000,0.78953,0.7948,0.78915,0.794,11610
1763150400,0.79399,0.79432,0.79374,0.79401,3406
1763337600,0.79333,0.79472,0.79306,0.79448,4525
1763352000,0.79449,0.79554,0.7944,0.79492,4801
1763366400,0.79493,0.79548,0.79316,0.79435,7139
1763380800,0.79434,0.79611,0.79429,0.79587,7516
1763395200,0.79588,0.79621,0.79516,0.79567,7182
1763409600,0.79566,0.79656,0.7956,0.79601,2897
1763424000,0.79568,0.79663,0.79493,0.79606,4116
1763438400,0.79607,0.79633,0.79399,0.79455,5786
1763452800,0.79456,0.79637,0.79376,0.79636,9131
1763467200,0.79635,0.79753,0.79547,0.79644,8009
1763481600,0.79636,0.80005,0.79611,0.79976,10797
1763496000,0.79978,0.79995,0.79861,0.79961,3676
1763510400,0.79907,0.80042,0.79864,0.80038,4781
1763524800,0.80037,0.80098,0.79854,0.79926,5181
1763539200,0.79925,0.80151,0.79882,0.80135,7837
1763553600,0.80134,0.80305,0.80086,0.80249,9528
1763568000,0.80252,0.80552,0.80219,0.80474,11546
1763582400,0.80471,0.8067,0.8045,0.80562,4966
1763596800,0.80493,0.80628,0.80327,0.80624,5133
1763611200,0.80628,0.80724,0.80621,0.80678,5566
1763625600,0.8068,0.807,0.80549,0.80552,8408
1763640000,0.80554,0.80766,0.80521,0.80646,9873
1763654400,0.80647,0.80751,0.80488,0.80565,14114
1763668800,0.80566,0.80639,0.80486,0.80586,4806
1763683200,0.80541,0.80613,0.80467,0.80547,5924
1763697600,0.80539,0.80544,0.80416,0.80462,5329
1763712000,0.80461,0.80564,0.80355,0.80545,10093
1763726400,0.80548,0.80723,0.80495,0.8068,12085
1763740800,0.80679,0.80986,0.80624,0.80834,12323
1763755200,0.80833,0.80906,0.8075,0.80827,4876
1763942400,0.80672,0.8092,0.80672,0.80876,5226
1763956800,0.80878,0.80884,0.80795,0.80821,4503
1763971200,0.80822,0.81017,0.80697,0.80721,8403
1763985600,0.80722,0.80769,0.80605,0.80747,7046
1764000000,0.80748,0.80919,0.80708,0.80854,7559
1764014400,0.80854,0.80863,0.8076,0.80813,3554
1764028800,0.80816,0.80867,0.80795,0.80824,4289
1764043200,0.80827,0.8093,0.80816,0.80886,4023
1764057600,0.80888,0.80953,0.80857,0.80948,6961
1764072000,0.80949,0.81018,0.80813,0.80842,8474
1764086400,0.80844,0.80919,0.80578,0.80653,11957
1764100800,0.80652,0.80812,0.80626,0.80758,5154
1764115200,0.80728,0.80814,0.80642,0.80701,5010
1764129600,0.80703,0.80719,0.80429,0.80451,4945
1764144000,0.80453,0.80668,0.80417,0.80655,9265
1764158400,0.80652,0.80835,0.80597,0.8081,12607
1764172800,0.80809,0.8083,0.80413,0.80416,10267
1764187200,0.80418,0.8045,0.80386,0.80414,3599
1764201600,0.80408,0.80412,0.80283,0.80292,3725
1764216000,0.80289,0.80381,0.80264,0.80353,3866
1764230400,0.80354,0.80567,0.80333,0.80561,7213
1764244800,0.80562,0.80623,0.80492,0.805,5766
1764259200,0.80499,0.80594,0.80462,0.80489,3314
1764273600,0.80482,0.80518,0.80472,0.80478,1922
1764288000,0.80409,0.80551,0.80409,0.80548,4113
1764302400,0.80547,0.8055,0.80449,0.80449,17695
1764316800,0.80451,0.80651,0.80438,0.80637,23117
1764331200,0.80636,0.80711,0.80441,0.80493,18490
1764345600,0.80495,0.8058,0.80262,0.80309,9591
1764360000,0.8031,0.80368,0.80292,0.80298,7278
1764547200,0.80321,0.80383,0.80238,0.80343,5761
1764561600,0.80344,0.8045,0.8034,0.8044,3787
1764576000,0.80441,0.80471,0.80208,0.80284,7565
1764590400,0.80285,0.80353,0.7996,0.80074,7165
1764604800,0.80075,0.80374,0.80054,0.8037,9100
1764619200,0.80366,0.80487,0.8035,0.80458,4394
1764633600,0.80383,0.80499,0.80349,0.80443,2146
1764648000,0.80444,0.80479,0.80403,0.80455,1895
1764662400,0.80456,0.80518,0.80394,0.80422,4729
1764676800,0.80421,0.8053,0.80403,0.80444,4638
1764691200,0.80443,0.80504,0.80302,0.80402,8206
1764705600,0.80401,0.80449,0.8027,0.80305,4259
1764720000,0.80269,0.80308,0.80186,0.80202,2622
1764734400,0.80203,0.80223,0.80182,0.80196,1932
1764748800,0.80195,0.80269,0.80076,0.80183,5384
1764763200,0.80182,0.80184,0.79938,0.80016,6704
1764777600,0.80015,0.8012,0.79933,0.79948,8690
1764792000,0.79949,0.79991,0.79916,0.79966,3078
1764806400,0.79925,0.80042,0.79904,0.80008,3797
1764820800,0.80006,0.80102,0.80001,0.80083,3046
1764835200,0.80082,0.80148,0.79959,0.7997,5613
1764849600,0.79971,0.80164,0.79953,0.80068,6129
1764864000,0.80064,0.80269,0.79961,0.80252,7228
1764878400,0.80251,0.80395,0.80231,0.80348,3590
1764892800,0.8033,0.80384,0.80213,0.80317,2221
1764907200,0.80316,0.80366,0.80264,0.80289,2560
1764921600,0.80288,0.8035,0.80187,0.80267,5555
1764936000,0.80268,0.80424,0.80251,0.80348,6012
1764950400,0.80349,0.80549,0.80273,0.80477,10110
1764964800,0.80476,0.80493,0.80405,0.80461,3586
1765152000,0.80317,0.80497,0.80312,0.80355,8009
1765166400,0.80354,0.80382,0.80326,0.80339,2723
1765180800,0.80338,0.80437,0.80278,0.80428,7283
1765195200,0.8043,0.80628,0.80388,0.80585,7788
1765209600,0.80581,0.80854,0.80534,0.80667,9959
1765224000,0.80668,0.80718,0.80631,0.8065,3338
1765238400,0.80665,0.80694,0.80619,0.80623,2709
1765252800,0.80624,0.80662,0.80518,0.80545,3758
1765267200,0.80547,0.80662,0.80498,0.80559,7823
1765281600,0.80558,0.80714,0.80545,0.80609,8577
1765296000,0.8061,0.80823,0.80556,0.80637,10350
1765310400,0.80638,0.80668,0.80562,0.80614,2883
1765324800,0.80554,0.80647,0.80494,0.80634,2891
1765339200,0.80633,0.80639,0.8058,0.80604,1950
1765353600,0.80605,0.80612,0.80399,0.80518,5340
1765368000,0.80519,0.80568,0.80315,0.80326,7212
1765382400,0.80322,0.80348,0.8021,0.80221,8232
1765396800,0.80222,0.80303,0.79922,0.80027,12457
1765411200,0.79951,0.8,0.79876,0.79897,3902
1765425600,0.79896,0.79983,0.79869,0.79974,4022
1765440000,0.79972,0.80012,0.79788,0.79806,7352
1765454400,0.79804,0.79842,0.79516,0.79552,9857
1765468800,0.79551,0.79561,0.79242,0.7935,10685
1765483200,0.79349,0.79543,0.79327,0.79506,4580
1765497600,0.79514,0.79515,0.79343,0.79473,4872
1765512000,0.79467,0.79514,0.79444,0.79466,2869
1765526400,0.79465,0.79533,0.79447,0.79486,6725
1765540800,0.79487,0.79627,0.79477,0.79594,6639
1765555200,0.79598,0.79646,0.79452,0.79539,10814
1765569600,0.79538,0.79623,0.79514,0.79611,3921
1765756800,0.79468,0.79679,0.79405,0.79593,5652
1765771200,0.79592,0.79633,0.79538,0.79593,4480
1765785600,0.79594,0.79735,0.79591,0.79611,6354
1765800000,0.79615,0.79627,0.79523,0.79616,5519
1765814400,0.79622,0.79709,0.79383,0.79688,9426
1765828800,0.79688,0.79732,0.7963,0.79632,3108
1765843200,0.79579,0.79637,0.79503,0.79573,4672
1765857600,0.79571,0.79634,0.79521,0.7963,4457
1765872000,0.79631,0.79706,0.79563,0.79582,5645
1765886400,0.79579,0.79645,0.7926,0.79479,9519
1765900800,0.79478,0.79568,0.79297,0.79421,12365
1765915200,0.79422,0.79609,0.79416,0.79504,5141
1765929600,0.79487,0.79546,0.79378,0.79516,3327
1765944000,0.79517,0.79644,0.79516,0.79626,3540
1765958400,0.79627,0.79875,0.7962,0.79787,8389
1765972800,0.79789,0.79814,0.79511,0.79576,8465
1765987200,0.79577,0.79648,0.79352,0.79458,10995
1766001600,0.79457,0.7959,0.79427,0.7957,3898
1766016000,0.79505,0.7956,0.7942,0.79552,4385
1766030400,0.79553,0.79557,0.79497,0.79497,2782
1766044800,0.79495,0.7966,0.7947,0.79651,6256
1766059200,0.79652,0.79658,0.79166,0.79376,10444
1766073600,0.79379,0.79548,0.79305,0.79468,12785
1766088000,0.79466,0.79482,0.7937,0.79402,3905
1766102400,0.794,0.7948,0.79378,0.79465,3341
1766116800,0.79464,0.7954,0.79441,0.79494,4323
1766131200,0.79493,0.79609,0.79456,0.79516,8615
1766145600,0.79519,0.79611,0.79462,0.79506,8331
1766160000,0.79505,0.79621,0.79405,0.79505,9802
1766174400,0.79506,0.79582,0.79446,0.79556,3349
1766361600,0.79379,0.7959,0.79355,0.7948,9513
1766376000,0.79482,0.79519,0.79429,0.79469,3111
1766390400,0.7947,0.79531,0.79331,0.79337,7636
1766404800,0.79336,0.7938,0.7926,0.79298,7065
1766419200,0.79296,0.79342,0.79159,0.79197,8110
1766433600,0.79198,0.79244,0.79175,0.7918,2996
1766448000,0.79179,0.79209,0.7903,0.7906,4115
1766462400,0.79059,0.79059,0.78927,0.78978,6387
1766476800,0.78979,0.7908,0.78777,0.78833,7675
1766491200,0.78832,0.78925,0.78665,0.78924,8368
1766505600,0.78922,0.79084,0.78898,0.78929,9346
1766520000,0.78928,0.78936,0.78732,0.78735,3145
1766534400,0.78732,0.78813,0.78617,0.78634,4242
1766548800,0.78633,0.78771,0.78623,0.78702,4365
1766563200,0.78703,0.78822,0.78621,0.78627,7396
1766577600,0.78628,0.78795,0.78614,0.78795,6953
1766592000,0.78796,0.78967,0.78785,0.78842,6936
1766606400,0.78848,0.7886,0.7873,0.78742,10709
1766707200,0.78735,0.78876,0.78633,0.78798,7949
1766721600,0.78798,0.78848,0.78779,0.78808,4961
1766736000,0.78806,0.79032,0.78798,0.7899,4658
1766750400,0.78991,0.79002,0.78794,0.78833,4728
1766764800,0.78828,0.79025,0.78786,0.78976,12567
1766779200,0.78973,0.78997,0.78875,0.78939,5484
1766966400,0.78794,0.78932,0.78761,0.78858,7483
1766980800,0.78859,0.79008,0.78853,0.78994,5037
1766995200,0.78992,0.79,0.78732,0.78846,7213
1767009600,0.78847,0.79159,0.78828,0.79001,11157
1767024000,0.79,0.79095,0.78818,0.79062,13226
1767038400,0.79063,0.79078,0.78906,0.78909,3920
1767052800,0.78817,0.78918,0.78817,0.78882,4681
1767067200,0.78879,0.78919,0.78816,0.78863,3530
1767081600,0.78861,0.78969,0.78818,0.78872,5947
1767096000,0.78873,0.79036,0.7876,0.78987,8301
1767110400,0.78986,0.79168,0.78986,0.79119,9185
1767124800,0.79118,0.79239,0.79084,0.7918,2781
1767139200,0.79146,0.79194,0.79122,0.79187,3625
1767153600,0.7919,0.7928,0.79189,0.79271,3344
1767168000,0.79272,0.79422,0.79253,0.79346,4807
1767182400,0.79347,0.7938,0.79171,0.79249,8798
1767196800,0.79248,0.79414,0.79196,0.79342,11298
1767211200,0.79344,0.7937,0.79182,0.79251,3662
1767312000,0.79245,0.79254,0.79095,0.79111,3591
1767326400,0.79112,0.79246,0.79082,0.79244,3684
1767340800,0.79243,0.79402,0.79224,0.79363,6950
1767355200,0.79362,0.79409,0.79261,0.79309,7108
1767369600,0.79308,0.79324,0.79011,0.79189,8935
1767384000,0.7919,0.79274,0.79183,0.7924,3001
1767571200,0.79099,0.79343,0.7906,0.79273,5912
1767585600,0.79272,0.79507,0.7926,0.79412,5905
1767600000,0.79413,0.79665,0.79368,0.79636,8017
1767614400,0.79639,0.79675,0.79405,0.79544,10954
1767628800,0.79544,0.79592,0.79226,0.79261,11471
1767643200,0.79264,0.79275,0.79126,0.79173,3077
1767657600,0.79127,0.79266,0.79108,0.79134,3670
1767672000,0.79133,0.79151,0.79066,0.79138,3682
1767686400,0.79139,0.79283,0.7906,0.7926,7362
1767700800,0.79259,0.79397,0.79234,0.79284,8602
1767715200,0.79283,0.7959,0.79239,0.79494,11852
1767729600,0.79495,0.79593,0.79483,0.79571,3615
1767744000,0.79516,0.79585,0.79464,0.79497,4662
1767758400,0.79498,0.79532,0.7944,0.79515,5148
1767772800,0.79516,0.79674,0.79448,0.79581,7198
1767787200,0.79586,0.79682,0.79538,0.79584,8973
1767801600,0.79585,0.79727,0.79513,0.79689,12910
1767816000,0.79688,0.79788,0.79671,0.79773,4218
1767830400,0.79716,0.79801,0.79633,0.79781,3133
1767844800,0.7978,0.79795,0.79701,0.7972,3983
1767859200,0.79719,0.79848,0.79691,0.79753,7167
1767873600,0.79754,0.79849,0.79681,0.79823,7656
1767888000,0.79825,0.79988,0.79751,0.79945,9559
1767902400,0.79946,0.79997,0.79867,0.79878,3013
1767916800,0.79855,0.79999,0.79741,0.79984,3488
1767931200,0.79985,0.80012,0.7992,0.79974,4887
1767945600,0.79973,0.80034,0.79935,0.80012,6937
1767960000,0.80013,0.80103,0.7986,0.79968,10231
1767974400,0.79973,0.80176,0.79901,0.80142,16044
1767988800,0.80143,0.80154,0.80064,0.80106,3353
1768176000,0.79968,0.80174,0.79724,0.79843,7416
1768190400,0.79844,0.79929,0.79775,0.79799,4960
1768204800,0.798,0.79838,0.79557,0.79702,9084
1768219200,0.79701,0.79794,0.79568,0.79637,9747
1768233600,0.79638,0.79786,0.79581,0.7971,10465
1768248000,0.79709,0.79782,0.79668,0.79743,3586
1768262400,0.79685,0.79794,0.79649,0.79792,4178
1768276800,0.79794,0.79801,0.79681,0.79727,4918
1768291200,0.79728,0.79797,0.79675,0.79769,7446
1768305600,0.79768,0.79928,0.79723,0.79829,10400
1768320000,0.79831,0.80158,0.79778,0.80077,12817
1768334400,0.80076,0.80122,0.8002,0.80094,3743
1768348800,0.80047,0.80169,0.80046,0.80161,5000
1768363200,0.8016,0.80174,0.80063,0.80137,4183
1768377600,0.80138,0.80276,0.80049,0.80198,8738
1768392000,0.80199,0.80243,0.80035,0.80113,8933
1768406400,0.80113,0.80117,0.79834,0.79958,11985
1768420800,0.79958,0.80049,0.79955,0.80014,3595
1768435200,0.79937,0.80003,0.79856,0.79985,5112
1768449600,0.79986,0.80115,0.79958,0.801,3262
1768464000,0.80099,0.80173,0.80015,0.80048,6558
1768478400,0.80049,0.80274,0.80014,0.80242,9149
1768492800,0.80241,0.80406,0.80176,0.803,10851
1768507200,0.80299,0.80369,0.80247,0.80322,3464
1768521600,0.80301,0.80393,0.80248,0.80332,2869
1768536000,0.8033,0.80333,0.80211,0.8026,4509
1768550400,0.80262,0.80284,0.80178,0.80225,5041
1768564800,0.80224,0.80228,0.80106,0.80155,5924
1768579200,0.80154,0.80349,0.8006,0.80303,10369
1768593600,0.80304,0.80359,0.80286,0.80306,2947
1768780800,0.80091,0.80219,0.79796,0.79922,12022
1768795200,0.7992,0.79981,0.79806,0.79888,7810
1768809600,0.79887,0.80007,0.79785,0.79877,10423
1768824000,0.79878,0.79913,0.7974,0.79783,7993
1768838400,0.79783,0.79799,0.79624,0.79735,8376
1768852800,0.79736,0.79759,0.79696,0.79725,1716
1768867200,0.79709,0.79843,0.79672,0.79745,3194
1768881600,0.79744,0.79763,0.79583,0.79633,3904
1768896000,0.79635,0.79664,0.78956,0.79057,12118
1768910400,0.79055,0.79149,0.78784,0.79018,14100
1768924800,0.79017,0.79203,0.78859,0.78938,14510
1768939200,0.78939,0.7905,0.78907,0.78987,5083
1768953600,0.78874,0.79058,0.7884,0.78942,4354
1768968000,0.78944,0.79172,0.78929,0.79092,4100
1768982400,0.79091,0.79307,0.79042,0.79282,7808
1768996800,0.79283,0.7931,0.78902,0.79017,9626
1769011200,0.79019,0.79426,0.79,0.79334,15945
1769025600,0.79335,0.79686,0.79296,0.79549,7581
1769040000,0.7955,0.79652,0.79477,0.79552,4806
1769054400,0.79553,0.79572,0.79404,0.79467,3603
1769068800,0.79465,0.79527,0.79301,0.79326,7223
1769083200,0.79324,0.79414,0.79171,0.79247,9648
1769097600,0.79248,0.7925,0.7894,0.79,11245
1769112000,0.79001,0.79031,0.78898,0.78907,4065
1769126400,0.78952,0.79011,0.78867,0.78972,4047
1769140800,0.78973,0.79056,0.78966,0.79006,3951
1769155200,0.79007,0.79111,0.7894,0.79101,10646
1769169600,0.79103,0.79144,0.78976,0.79082,7149
1769184000,0.79081,0.79093,0.78552,0.78578,11942
1769198400,0.78579,0.78717,0.77884,0.78016,9786
1769385600,0.77485,0.77938,0.77409,0.77753,12617
1769400000,0.77754,0.77772,0.77609,0.77699,9961
1769414400,0.77698,0.77929,0.77528,0.77585,13361
1769428800,0.77584,0.77936,0.77561,0.7777,10619
1769443200,0.77769,0.77794,0.77306,0.77622,12956
1769457600,0.77621,0.77716,0.77521,0.77702,6647
1769472000,0.77678,0.77756,0.77497,0.77704,4261
1769486400,0.77704,0.77796,0.77526,0.77739,5473
1769500800,0.77738,0.77839,0.77556,0.77571,9275
1769515200,0.77572,0.77704,0.76971,0.77083,15734
1769529600,0.77081,0.77135,0.76599,0.76641,19840
1769544000,0.76636,0.76711,0.76046,0.76116,12676
1769558400,0.76116,0.76582,0.76061,0.7658,10748
1769572800,0.76581,0.76662,0.76511,0.76525,7468
1769587200,0.76526,0.76938,0.76285,0.76708,13701
1769601600,0.76707,0.76874,0.76625,0.76842,11639
1769616000,0.7684,0.772,0.76663,0.76949,19366
1769630400,0.76948,0.77274,0.76833,0.76833,12399
1769644800,0.7678,0.7686,0.76466,0.76729,9857
1769659200,0.76731,0.76799,0.76489,0.76574,8019
1769673600,0.76575,0.76804,0.76485,0.76784,11276
1769688000,0.76783,0.76864,0.76634,0.76749,12215
1769702400,0.76746,0.77059,0.76574,0.76652,24594
1769716800,0.76653,0.76714,0.76395,0.76435,8247
1769731200,0.76563,0.76854,0.76362,0.76834,14069
1769745600,0.76835,0.76999,0.76758,0.76858,12792
1769760000,0.7686,0.76999,0.76691,0.76967,14994
1769774400,0.76971,0.76989,0.76628,0.76894,14042
1769788800,0.76892,0.77228,0.76798,0.77183,19664
1769803200,0.77184,0.77318,0.7707,0.77293,12805
1769990400,0.772,0.77474,0.7717,0.77215,12660
1770004800,0.77212,0.77365,0.77142,0.77301,10794
1770019200,0.77299,0.77499,0.7724,0.77484,14833
1770033600,0.77485,0.77916,0.77405,0.77872,12971
1770048000,0.77873,0.78173,0.77839,0.77967,17441
1770062400,0.77965,0.78109,0.7793,0.77961,6480
1770076800,0.7792,0.78015,0.77813,0.77824,5631
1770091200,0.77825,0.77893,0.77762,0.77827,5560
1770105600,0.77828,0.77887,0.77667,0.77887,10200
1770120000,0.77884,0.77889,0.77667,0.77735,9468
1770134400,0.77732,0.77879,0.77385,0.77509,13551
1770148800,0.77508,0.77593,0.77442,0.77501,6718
1770163200,0.77484,0.77658,0.77436,0.77579,5267
1770177600,0.77581,0.77609,0.77457,0.77501,4361
1770192000,0.77504,0.77666,0.7748,0.77624,8108
1770206400,0.77624,0.77722,0.77486,0.77552,9294
1770220800,0.77556,0.77757,0.77515,0.77678,17225
1770235200,0.77679,0.77741,0.77634,0.77733,5754
1770249600,0.77642,0.77768,0.77591,0.77694,5601
1770264000,0.77693,0.77855,0.77691,0.77816,6060
1770278400,0.77815,0.77871,0.77687,0.77849,9490
1770292800,0.77851,0.77861,0.77418,0.77473,13398
1770307200,0.77474,0.77801,0.77453,0.77687,17149
1770321600,0.77686,0.77838,0.77673,0.77823,4841
1770336000,0.77776,0.77832,0.77702,0.77729,6184
1770350400,0.77727,0.77736,0.7763,0.7765,4107
1770364800,0.77651,0.77859,0.77612,0.77841,8005
1770379200,0.77842,0.77846,0.77692,0.777,8016
1770393600,0.77702,0.77713,0.77506,0.7754,11426
1770408000,0.77541,0.7759,0.77508,0.77573,2954
1770595200,0.77448,0.77715,0.77415,0.77553,7308
1770609600,0.77554,0.77648,0.77469,0.7749,3976
1770624000,0.77492,0.77494,0.77164,0.77244,10322
1770638400,0.77247,0.7729,0.76859,0.76885,11464
1770652800,0.76884,0.76889,0.76605,0.76743,12867
1770667200,0.76744,0.76746,0.76576,0.76614,4349
1770681600,0.76681,0.76772,0.76606,0.76692,4444
1770696000,0.76693,0.76747,0.76569,0.76719,4020
1770710400,0.7672,0.7676,0.7653,0.76561,7115
1770724800,0.76562,0.7673,0.76508,0.76521,9367
1770739200,0.76515,0.76792,0.7629,0.76761,13845
1770753600,0.76762,0.76877,0.76733,0.76781,3996
1770768000,0.76658,0.7688,0.76474,0.76798,5038
1770782400,0.76797,0.76799,0.76543,0.76549,4706
1770796800,0.76548,0.76694,0.76481,0.76571,8250
1770811200,0.76572,0.77299,0.76542,0.77073,13082
1770825600,0.77075,0.77303,0.76914,0.77007,19002
1770840000,0.77006,0.7718,0.76965,0.77165,5576
1770854400,0.7703,0.77154,0.76962,0.77034,4605
1770868800,0.77035,0.77182,0.76999,0.77138,5652
1770883200,0.77139,0.7725,0.76797,0.76801,9034
1770897600,0.768,0.77024,0.76667,0.76873,9345
1770912000,0.7687,0.7701,0.76719,0.76978,17650
1770926400,0.76977,0.77018,0.76905,0.76933,6255
1770940800,0.76741,0.76981,0.76741,0.76944,4741
1770955200,0.76943,0.77051,0.76921,0.7701,3814
1770969600,0.77011,0.77179,0.76917,0.76968,7897
1770984000,0.76969,0.77023,0.767,0.7683,10081
1770998400,0.76833,0.77034,0.76757,0.76783,12435
1771012800,0.76783,0.76858,0.76753,0.76756,3573
1771200000,0.76751,0.76886,0.76696,0.76833,4712
1771214400,0.76834,0.76883,0.76801,0.76858,3747
1771228800,0.76859,0.76954,0.76788,0.76954,5406
1771243200,0.76955,0.77043,0.76928,0.76976,4279
1771257600,0.76977,0.76987,0.76899,0.76965,3977
1771272000,0.76963,0.76963,0.76917,0.76952,755
1771286400,0.76903,0.77012,0.76811,0.76969,4881
1771300800,0.76968,0.76989,0.76909,0.76918,4922
1771315200,0.76915,0.77068,0.76876,0.76918,6618
1771329600,0.76921,0.77175,0.76883,0.77123,8062
1771344000,0.77122,0.77399,0.77086,0.7711,12304
1771358400,0.77109,0.77117,0.76995,0.76998,3793
1771372800,0.77078,0.77095,0.76941,0.77034,5080
1771387200,0.77035,0.77123,0.77035,0.7708,3542
1771401600,0.77079,0.77215,0.77055,0.77147,5738
1771416000,0.77146,0.77204,0.76998,0.77163,6406
1771430400,0.77161,0.77295,0.7709,0.77264,9077
1771444800,0.77265,0.77321,0.77231,0.77289,4709
1771459200,0.7687,0.77295,0.7687,0.77215,4070
1771473600,0.77215,0.77337,0.77207,0.77293,4310
1771488000,0.77294,0.77315,0.77201,0.77315,5989
1771502400,0.77316,0.77594,0.77286,0.77464,7256
1771516800,0.77463,0.77627,0.77437,0.77551,12272
1771531200,0.77548,0.77618,0.77463,0.77476,3777
1771545600,0.77497,0.77598,0.77443,0.77577,4798
1771560000,0.77576,0.7762,0.77552,0.77577,4273
1771574400,0.77574,0.77686,0.77499,0.77539,7677
1771588800,0.77536,0.77705,0.77462,0.7762,8278
1771603200,0.77622,0.77721,0.77305,0.77527,18079
1771617600,0.77528,0.77578,0.77394,0.77509,7016
1771804800,0.77354,0.77451,0.77119,0.7717,8673
1771819200,0.77169,0.77289,0.77102,0.77258,5532
1771833600,0.77257,0.77442,0.77158,0.77429,7529
1771848000,0.77428,0.77681,0.77419,0.77502,7671
1771862400,0.775,0.77517,0.77314,0.77383,10839
1771876800,0.77384,0.7746,0.77368,0.77451,3172
1771891200,0.77429,0.77608,0.77372,0.77549,5835
1771905600,0.77549,0.77658,0.77507,0.77547,5538
1771920000,0.77546,0.77655,0.77364,0.77389,9003
1771934400,0.7739,0.7749,0.77315,0.77479,7899
1771948800,0.77481,0.77509,0.77321,0.77338,9806
1771963200,0.77339,0.77417,0.77303,0.77407,3530
1771977600,0.77438,0.77439,0.77313,0.77349,4643
1771992000,0.7735,0.77353,0.77191,0.7722,7444
1772006400,0.7722,0.77427,0.77211,0.77409,7198
1772020800,0.77408,0.77575,0.77404,0.77497,7064
1772035200,0.77496,0.77511,0.77186,0.77247,9485
1772049600,0.77248,0.77319,0.77222,0.77283,3082
1772064000,0.77018,0.77268,0.77018,0.77114,7476
1772078400,0.77115,0.77251,0.77104,0.77199,5582
1772092800,0.77199,0.77421,0.77164,0.77394,6844
1772107200,0.77395,0.77538,0.77356,0.7741,6725
1772121600,0.77409,0.77518,0.77316,0.77503,11597
1772136000,0.77502,0.77514,0.77364,0.77398,4446
1772150400,0.77406,0.77462,0.77293,0.77388,6177
1772164800,0.77387,0.77389,0.77244,0.77293,5056
1772179200,0.77296,0.77373,0.77221,0.77293,8919
1772193600,0.77291,0.77297,0.76989,0.77054,9285
1772208000,0.77053,0.77056,0.76715,0.76882,13189
1772222400,0.76881,0.76962,0.76771,0.7695,3557
1772409600,0.76714,0.76998,0.76699,0.76842,10753
1772424000,0.76844,0.7692,0.76784,0.76884,7777
1772438400,0.76883,0.77423,0.76878,0.77213,14956
1772452800,0.77217,0.77954,0.77108,0.77826,13808
1772467200,0.77827,0.78135,0.77734,0.77832,16936
1772481600,0.7783,0.78023,0.77787,0.77939,7768
1772496000,0.77873,0.77983,0.7778,0.77913,7699
1772510400,0.77914,0.78136,0.77914,0.78136,8819
1772524800,0.78134,0.78612,0.78091,0.78586,16127
1772539200,0.78585,0.78785,0.78401,0.78533,18107
1772553600,0.78534,0.78696,0.78175,0.78289,24662
1772568000,0.78289,0.783,0.78087,0.78177,10622
1772582400,0.78368,0.78368,0.7809,0.78217,9845
1772596800,0.78216,0.78233,0.78031,0.78185,10119
1772611200,0.78186,0.7835,0.77905,0.78344,13882
1772625600,0.78343,0.78346,0.77931,0.78065,16806
1772640000,0.78077,0.78194,0.77911,0.77983,17555
1772654400,0.77984,0.78038,0.7787,0.77906,6202
1772668800,0.77982,0.78034,0.77822,0.77931,7016
1772683200,0.77932,0.78155,0.77915,0.7815,8388
1772697600,0.78146,0.78187,0.77852,0.77897,16274
1772712000,0.77896,0.78208,0.7785,0.78141,12879
1772726400,0.78144,0.78333,0.77978,0.78242,19873
1772740800,0.78243,0.78375,0.78055,0.78093,12386
1772755200,0.78091,0.78125,0.78022,0.78054,6502
1772769600,0.78055,0.78108,0.78007,0.78105,6175
1772784000,0.78106,0.78214,0.77943,0.78204,10529
1772798400,0.78205,0.78274,0.77908,0.78176,15917
1772812800,0.78177,0.78247,0.77677,0.77752,23152
1772827200,0.77751,0.77769,0.77594,0.77599,11306
1773014400,0.77924,0.78195,0.77702,0.78174,11480
1773028800,0.78174,0.78254,0.78048,0.78067,12373
1773043200,0.78066,0.78086,0.77774,0.78037,19575
1773057600,0.78036,0.7805,0.77826,0.77961,18039
1773072000,0.77953,0.78075,0.77794,0.77895,20804
1773086400,0.77893,0.78035,0.77693,0.77743,12842
1773100800,0.77734,0.77811,0.77657,0.77715,7137
1773115200,0.77717,0.77829,0.77693,0.77799,9626
1773129600,0.778,0.77801,0.77535,0.7762,11714
1773144000,0.77625,0.77745,0.77507,0.77585,14009
1773158400,0.77586,0.77664,0.7748,0.77565,15410
1773172800,0.77566,0.77921,0.77541,0.77853,13016
1773187200,0.77706,0.77886,0.77656,0.7785,5264
1773201600,0.77851,0.77883,0.77691,0.777,6700
1773216000,0.77699,0.77874,0.77659,0.77771,9997
1773230400,0.77768,0.77976,0.77652,0.77937,13800
1773244800,0.77938,0.78083,0.77785,0.77969,17221
1773259200,0.77968,0.78055,0.77936,0.78054,7741
1773273600,0.77924,0.78207,0.77835,0.78124,6335
1773288000,0.78119,0.78233,0.78068,0.78217,7258
1773302400,0.78218,0.78277,0.7812,0.78202,9879
1773316800,0.78201,0.7824,0.78011,0.78207,10202
1773331200,0.78205,0.78506,0.78154,0.78445,17076
1773345600,0.78445,0.78633,0.78363,0.78589,6619
1773360000,0.785,0.78625,0.78468,0.78508,5184
1773374400,0.78507,0.78729,0.78483,0.78678,6416
1773388800,0.78677,0.78948,0.78652,0.78856,9818
1773403200,0.7885,0.78876,0.78613,0.78703,12785
1773417600,0.78701,0.78992,0.78611,0.78974,14618
1773432000,0.78971,0.79167,0.78922,0.79141,6121
1773619200,0.78923,0.79114,0.78642,0.78903,6929
1773633600,0.78904,0.79035,0.78882,0.79035,6761
1773648000,0.79034,0.79228,0.78925,0.78949,8936
1773662400,0.7895,0.78975,0.78698,0.78779,9760
1773676800,0.78772,0.78928,0.78661,0.7879,11036
1773691200,0.78787,0.78841,0.7865,0.78759,6425
1773705600,0.7869,0.7887,0.78682,0.78838,3794
1773720000,0.78838,0.78907,0.78792,0.78818,5167
1773734400,0.78817,0.79002,0.78657,0.78696,7698
1773748800,0.78697,0.78764,0.78608,0.78659,8507
1773763200,0.78658,0.78688,0.78479,0.78499,11517
1773777600,0.785,0.78533,0.78435,0.78473,3409
1773792000,0.78466,0.78537,0.78413,0.78524,4440
1773806400,0.78523,0.78573,0.78486,0.78526,4290
1773820800,0.78526,0.7875,0.78502,0.78619,6295
1773835200,0.7862,0.78814,0.78543,0.78814,10397
1773849600,0.78811,0.78961,0.78734,0.78944,13833
1773864000,0.78946,0.79359,0.78876,0.79335,10369
1773878400,0.79293,0.79324,0.79182,0.79199,5271
1773892800,0.79198,0.79274,0.79092,0.79261,6933
1773907200,0.79261,0.79381,0.79128,0.79251,12205
1773921600,0.79248,0.79579,0.79179,0.79385,16909
1773936000,0.79389,0.79434,0.79022,0.79186,23505
1773950400,0.79187,0.79187,0.78574,0.7882,12659
1773964800,0.78822,0.78906,0.7874,0.78864,5096
1773979200,0.78862,0.7894,0.78804,0.78932,5624
1773993600,0.78933,0.79006,0.78812,0.78876,7877
1774008000,0.78878,0.78925,0.78552,0.78638,13220
1774022400,0.78634,0.79055,0.78616,0.78807,17585
1774036800,0.78805,0.78899,0.7874,0.78786,9193
1774224000,0.7879,0.78933,0.78659,0.78896,7328
1774238400,0.78895,0.78954,0.78774,0.78898,7774
1774252800,0.789,0.79111,0.78841,0.7911,12880
1774267200,0.79105,0.79396,0.78522,0.78548,27845
1774281600,0.78547,0.78827,0.78344,0.78745,30831
1774296000,0.78744,0.78783,0.78441,0.78649,11209
1774310400,0.78602,0.78847,0.78519,0.7882,5879
1774324800,0.78816,0.78896,0.78756,0.78869,8889
1774339200,0.7887,0.78889,0.78597,0.78713,13706
1774353600,0.78714,0.78973,0.78642,0.78922,13605
1774368000,0.78923,0.79168,0.78883,0.79113,19578
1774382400,0.79114,0.79245,0.78708,0.78805,13698
1774396800,0.7879,0.78846,0.78699,0.78747,5456
1774411200,0.78749,0.78968,0.78721,0.78944,6493
1774425600,0.78945,0.79091,0.78835,0.78921,9957
1774440000,0.78922,0.7906,0.78821,0.78964,12707
1774454400,0.7896,0.79243,0.78916,0.7917,16411
1774468800,0.79171,0.79211,0.79061,0.79181,5566
1774483200,0.7918,0.79222,0.7913,0.79186,3093
1774497600,0.79187,0.79237,0.79137,0.7916,3675
1774512000,0.79159,0.79295,0.79142,0.79155,7779
1774526400,0.79156,0.79368,0.79132,0.79306,9172
1774540800,0.79306,0.79459,0.7924,0.79438,14463
1774555200,0.79438,0.79589,0.79312,0.79495,6945
1774569600,0.79497,0.79561,0.7935,0.79507,4865
1774584000,0.79506,0.79567,0.79452,0.79529,5241
1774598400,0.79528,0.79692,0.79483,0.79654,8690
1774612800,0.79654,0.79799,0.79631,0.797,9518
1774627200,0.79699,0.79793,0.79526,0.79681,14383
1774641600,0.79682,0.79933,0.79634,0.79888,6885
1774828800,0.79559,0.80007,0.79498,0.79863,6467
1774843200,0.79862,0.7991,0.7982,0.79863,6068
1774857600,0.79867,0.80015,0.79791,0.8001,7356
1774872000,0.80009,0.80057,0.79843,0.79984,9156
1774886400,0.79983,0.80127,0.79912,0.80011,13440
1774900800,0.80012,0.8006,0.79945,0.79958,5830
1774915200,0.79721,0.80022,0.79721,0.79883,5023
1774929600,0.79884,0.7991,0.7979,0.79868,6169
1774944000,0.79867,0.80021,0.79849,0.79991,7412
1774958400,0.7999,0.80112,0.7992,0.80018,10675
1774972800,0.80022,0.80422,0.79913,0.8011,19435
1774987200,0.80108,0.80111,0.79896,0.79923,11467
1775001600,0.80039,0.80064,0.79676,0.7968,4722
1775016000,0.79683,0.79844,0.79673,0.79762,6419
1775030400,0.7976,0.79764,0.79277,0.79361,13161
1775044800,0.79362,0.79415,0.79049,0.79198,12488
1775059200,0.79197,0.79431,0.79112,0.7922,15908
1775073600,0.79221,0.79499,0.79176,0.79421,5733
1775088000,0.79468,0.79497,0.79293,0.79312,4065
1775102400,0.79313,0.79881,0.79278,0.79851,13417
1775116800,0.7985,0.8003,0.79827,0.79957,10254
1775131200,0.79955,0.80086,0.79882,0.7991,9355
1775145600,0.79905,0.80047,0.79773,0.79869,17622
1775160000,0.7987,0.79918,0.79797,0.79855,5860
1775174400,0.79815,0.79898,0.79706,0.79876,2215
1775188800,0.79875,0.79909,0.79862,0.79876,1530
1775203200,0.79876,0.79889,0.79768,0.79798,2226
1775217600,0.79799,0.80066,0.79788,0.7993,3938
1775232000,0.7993,0.80082,0.79829,0.80077,10981
1775246400,0.80079,0.80119,0.798,0.79923,8097
1775433600,0.79943,0.80125,0.79856,0.80122,4785
1775448000,0.80121,0.80182,0.80039,0.80052,5982
1775462400,0.80051,0.8007,0.79671,0.79737,7720
1775476800,0.79736,0.79867,0.79705,0.79713,8005
1775491200,0.7971,0.79855,0.79612,0.79803,11801
1775505600,0.79801,0.79879,0.79749,0.79806,5430
1775520000,0.79765,0.79895,0.79695,0.79892,3596
1775534400,0.79891,0.80011,0.79857,0.79862,5577
1775548800,0.79861,0.79994,0.7979,0.79803,9132
1775563200,0.79804,0.80003,0.79786,0.79965,11456
1775577600,0.79964,0.80109,0.79881,0.79933,13904
1775592000,0.79932,0.79963,0.79729,0.79757,9954
1775606400,0.79823,0.79823,0.78969,0.79127,16846
1775620800,0.79128,0.79132,0.78928,0.78953,10391
1775635200,0.78949,0.78979,0.78719,0.78882,13401
1775649600,0.7888,0.78937,0.78714,0.78747,11777
1775664000,0.78746,0.79044,0.78693,0.78999,16599
1775678400,0.79,0.79263,0.78978,0.79135,9195
1775692800,0.79115,0.79197,0.79019,0.79182,4558
1775707200,0.79181,0.79214,0.79054,0.79112,6448
1775721600,0.79111,0.79219,0.79061,0.79103,7532
1775736000,0.79105,0.7917,0.79016,0.79049,7432
1775750400,0.79045,0.79119,0.788,0.78848,14019
1775764800,0.78847,0.79062,0.7879,0.79041,8636
1775779200,0.78918,0.79139,0.78875,0.79118,4296
1775793600,0.79117,0.79132,0.79011,0.79035,5199
1775808000,0.79036,0.79068,0.78946,0.79018,6168
1775822400,0.79013,0.79059,0.78716,0.78824,9410
1775836800,0.78827,0.79004,0.78545,0.78944,14780
1775851200,0.78943,0.78986,0.78846,0.78904,7081
1776038400,0.78965,0.79341,0.78935,0.79248,7855
1776052800,0.79246,0.7927,0.79166,0.79205,6234
1776067200,0.79205,0.79227,0.78974,0.79038,7740
1776081600,0.79037,0.79117,0.78923,0.7896,6983
1776096000,0.78959,0.78993,0.78569,0.78584,13642
1776110400,0.78585,0.78589,0.783,0.78381,7991
1776124800,0.78318,0.78371,0.78288,0.78301,4404
1776139200,0.78302,0.78382,0.78288,0.78311,5540
1776153600,0.78313,0.78367,0.78012,0.78058,9788
1776168000,0.78057,0.78098,0.77947,0.77991,9995
1776182400,0.77992,0.78122,0.77902,0.78112,13833
1776196800,0.78113,0.78138,0.78057,0.7809,6117
1776211200,0.78065,0.78161,0.78008,0.781,4514
1776225600,0.78102,0.78199,0.78069,0.78125,6063
1776240000,0.78126,0.78145,0.77984,0.78082,8096
1776254400,0.78082,0.78314,0.78067,0.78238,10588
1776268800,0.78239,0.78239,0.78064,0.78168,12139
1776283200,0.78169,0.78237,0.78135,0.78188,6438
1776297600,0.78189,0.78255,0.781,0.781,5062
1776312000,0.78101,0.78162,0.77985,0.7808,7616
1776326400,0.78079,0.78303,0.7806,0.78238,8781
1776340800,0.78237,0.78435,0.78231,0.78349,8333
1776355200,0.7835,0.78428,0.7826,0.78402,13698
1776369600,0.78402,0.78456,0.7829,0.78338,7618
1776384000,0.7833,0.78349,0.78256,0.78323,3377
1776398400,0.78322,0.78384,0.78314,0.78329,5295
1776412800,0.7833,0.78402,0.78218,0.7822,7344
1776427200,0.78217,0.78271,0.77918,0.77921,9494
1776441600,0.77918,0.77986,0.77752,0.77941,21753
1776456000,0.77943,0.78184,0.77938,0.78178,10164
1776643200,0.78027,0.78393,0.78027,0.78262,7347
1776657600,0.78263,0.78308,0.78205,0.78246,7988
1776672000,0.78247,0.78351,0.78131,0.78199,11525
1776686400,0.78198,0.78199,0.7806,0.78093,9407
1776700800,0.7809,0.78118,0.77758,0.7782,16092
1776715200,0.77821,0.77885,0.77795,0.7783,6857
1776729600,0.77815,0.77933,0.77784,0.77861,5037
1776744000,0.7786,0.77946,0.77837,0.77929,5348
1776758400,0.7793,0.78071,0.77847,0.78033,9272
1776772800,0.78036,0.78059,0.77915,0.78012,8470
1776787200,0.7801,0.78098,0.77827,0.78082,13654
1776801600,0.78083,0.78259,0.77959,0.78079,16283
1776816000,0.78028,0.78116,0.77974,0.78058,4878
1776830400,0.78059,0.78097,0.78026,0.78076,7614
1776844800,0.78075,0.78076,0.77919,0.78004,9590
1776859200,0.78003,0.78319,0.7798,0.78304,9596
1776873600,0.78305,0.78392,0.78172,0.7839,13790
1776888000,0.78389,0.78497,0.78341,0.78489,6581
1776902400,0.78403,0.78587,0.78283,0.78429,6277
1776916800,0.78426,0.78579,0.78413,0.78551,8809
1776931200,0.78551,0.78554,0.78403,0.78411,8743
1776945600,0.78415,0.78588,0.78407,0.78545,10743
1776960000,0.78544,0.78636,0.78317,0.78462,13755
1776974400,0.78462,0.78735,0.7846,0.78642,15133
1776988800,0.78435,0.78657,0.78435,0.78628,4484
1777003200,0.78625,0.78731,0.78604,0.78702,7567
1777017600,0.787,0.78764,0.78576,0.78611,7545
1777032000,0.7861,0.78712,0.78492,0.78613,10613
1777046400,0.78612,0.78744,0.78457,0.78487,13886
1777060800,0.78488,0.78556,0.78452,0.78465,5969
1777248000,0.78621,0.78655,0.78459,0.78571,4966
1777262400,0.78572,0.78572,0.78436,0.78476,8216
1777276800,0.78477,0.78567,0.78337,0.78355,8182
1777291200,0.78354,0.78497,0.78343,0.78446,7490
1777305600,0.78445,0.78537,0.78308,0.78535,10837
1777320000,0.78536,0.786,0.78511,0.78558,4945
1777334400,0.78468,0.78586,0.78374,0.78584,4718
1777348800,0.78585,0.78689,0.78583,0.78687,8601
1777363200,0.78686,0.78971,0.78682,0.78888,10657
1777377600,0.78889,0.7911,0.78864,0.7896,11245
1777392000,0.78962,0.79088,0.78868,0.78919,15858
1777406400,0.78918,0.78984,0.78895,0.78912,5533
1777420800,0.78969,0.78969,0.7883,0.78896,3738
1777435200,0.78897,0.78972,0.78829,0.78901,9168
1777449600,0.78902,0.78974,0.78872,0.78961,9646
1777464000,0.78962,0.79034,0.78872,0.79011,8587
1777478400,0.79012,0.79159,0.7894,0.7906,15199
1777492800,0.79059,0.79247,0.78967,0.79158,13000
1777507200,0.78974,0.7917,0.78958,0.79083,7507
1777521600,0.79084,0.7923,0.79055,0.79196,10872
1777536000,0.79195,0.79203,0.78867,0.78957,12750
1777550400,0.78963,0.78963,0.78337,0.78394,23914
1777564800,0.78393,0.78528,0.7808,0.78249,23821
1777579200,0.78248,0.78264,0.78055,0.78131,9097
1777593600,0.78171,0.78229,0.78035,0.7816,5170
1777608000,0.78161,0.78226,0.78111,0.78216,6729
1777622400,0.78217,0.78303,0.7796,0.78088,12426
1777636800,0.78087,0.78188,0.77885,0.78018,11605
1777651200,0.78022,0.78145,0.77789,0.78054,17901
1777665600,0.78056,0.78183,0.78035,0.78157,6777
1777852800,0.77965,0.78175,0.7782,0.78092,4625
1777867200,0.78091,0.78182,0.77995,0.78092,9890
1777881600,0.78093,0.78334,0.78044,0.78248,9971
1777896000,0.78247,0.78469,0.78207,0.78319,14350
1777910400,0.78323,0.78476,0.782,0.78467,18988
1777924800,0.78466,0.78474,0.78305,0.78393,8169
1777939200,0.78306,0.78456,0.78306,0.78439,3160
1777953600,0.78438,0.78473,0.78382,0.78469,5324
1777968000,0.7847,0.7848,0.78282,0.78345,9481
1777982400,0.78346,0.78424,0.78244,0.78364,10059
1777996800,0.78366,0.78367,0.7813,0.78289,14257
1778011200,0.78288,0.78317,0.78241,0.78301,5199
1778025600,0.78243,0.7833,0.78081,0.78128,6490
1778040000,0.78129,0.78191,0.77884,0.77955,11719
1778054400,0.77957,0.78199,0.77818,0.77882,12722
1778068800,0.77884,0.77995,0.77711,0.7793,17157
1778083200,0.7793,0.7804,0.77861,0.77974,16114
1778097600,0.77975,0.77982,0.77827,0.7787,5976
1778112000,0.77733,0.77931,0.77733,0.77904,5084
1778126400,0.77905,0.77927,0.77781,0.77897,7357
1778140800,0.77899,0.77928,0.77724,0.77754,11030
1778155200,0.77755,0.77831,0.77692,0.77728,10673
1778169600,0.77728,0.77834,0.77658,0.77828,14807
1778184000,0.77827,0.78055,0.77825,0.78031,11650
1778198400,0.78006,0.78085,0.77839,0.7805,6234
1778212800,0.78049,0.7809,0.77986,0.77986,6683
1778227200,0.77985,0.7801,0.77781,0.77818,8705
1778241600,0.77814,0.77878,0.7771,0.7776,10023
1778256000,0.77764,0.7782,0.77653,0.77719,13660
1778270400,0.7772,0.77728,0.77614,0.77621,5684
1778457600,0.77713,0.77824,0.77612,0.77784,4146
1778472000,0.77785,0.77944,0.77778,0.77941,5701
1778486400,0.77942,0.77952,0.77753,0.77844,7985
1778500800,0.77846,0.77904,0.77801,0.77817,8459
1778515200,0.77818,0.77825,0.77681,0.77783,11759
1778529600,0.77782,0.77845,0.77755,0.77797,5038
1778544000,0.77755,0.77898,0.77615,0.77896,3504
1778558400,0.77899,0.77997,0.77881,0.77973,6737
1778572800,0.77974,0.7809,0.77865,0.78062,11097
1778587200,0.78064,0.7815,0.78001,0.78036,11296
1778601600,0.78039,0.78233,0.78029,0.78198,15162
1778616000,0.78197,0.78202,0.78025,0.78048,6587
1778630400,0.7803,0.78078,0.77996,0.78015,3921
1778644800,0.78014,0.78069,0.78002,0.78052,4833
1778659200,0.78053,0.78245,0.78019,0.78218,6877
1778673600,0.78219,0.78299,0.78116,0.78267,9770
1778688000,0.78266,0.78309,0.78165,0.78244,12032
1778702400,0.78245,0.78248,0.78158,0.78161,5124
1778716800,0.78164,0.78174,0.78114,0.78146,3300
1778731200,0.78143,0.78193,0.78129,0.78177,5889
1778745600,0.78176,0.7825,0.78077,0.78195,8858
1778760000,0.78194,0.78215,0.78132,0.78204,9326
1778774400,0.78203,0.78356,0.78178,0.7832,14118
1778788800,0.78319,0.78403,0.78296,0.78376,5783
1778803200,0.78317,0.78499,0.7829,0.78471,3715
1778817600,0.78473,0.7858,0.78467,0.78565,7643
1778832000,0.78564,0.78632,0.78466,0.78569,12974
1778846400,0.78568,0.78703,0.78384,0.78667,13165
1778860800,0.78666,0.78733,0.78544,0.78652,16538
1778875200,0.78654,0.78729,0.78599,0.78674,7098
1779062400,0.7857,0.78749,0.7857,0.78735,5760
1779076800,0.78736,0.78773,0.78646,0.78687,9447
1779091200,0.78686,0.78712,0.78455,0.78486,11637
1779105600,0.78486,0.78652,0.78446,0.78499,12183
1779120000,0.785,0.78645,0.78443,0.78479,16405
1779134400,0.7848,0.7861,0.784,0.7844,10016
1779148800,0.78418,0.78528,0.78376,0.78523,3898
1779163200,0.78524,0.78596,0.78473,0.78585,7672
1779177600,0.78586,0.78703,0.78509,0.78685,10754
1779192000,0.78686,0.78799,0.78661,0.78783,10750
1779206400,0.78786,0.79062,0.78782,0.78894,17361
1779220800,0.78895,0.78926,0.78839,0.78895,6461
1779235200,0.78862,0.78939,0.78827,0.78934,5016
1779249600,0.78935,0.79013,0.78914,0.78992,9259
1779264000,0.78991,0.79067,0.7893,0.79023,10400
1779278400,0.79023,0.7906,0.78942,0.79045,9003
1779292800,0.79046,0.79065,0.78574,0.78721,21348
1779307200,0.78719,0.7879,0.7864,0.78716,8887
1779321600,0.7865,0.78752,0.78609,0.78704,4979
1779336000,0.78702,0.78759,0.78618,0.7869,6839
1779350400,0.78689,0.78846,0.78595,0.78701,11754
1779364800,0.78705,0.78894,0.78589,0.78876,14326
1779379200,0.78878,0.7904,0.78853,0.78884,16281
1779393600,0.78882,0.78902,0.78575,0.78659,14982
1779408000,0.78638,0.78692,0.78576,0.78687,3513
1779422400,0.78689,0.78708,0.78623,0.78628,4971
1779436800,0.78629,0.78758,0.78553,0.78617,9878
1779451200,0.78618,0.78702,0.78541,0.78574,10221
1779465600,0.78575,0.78708,0.78421,0.78426,15359
1779480000,0.78423,0.78516,0.7838,0.7849,7340
1779667200,0.78344,0.78393,0.78161,0.78238,4987
1779681600,0.78239,0.78245,0.78157,0.7819,6450
1779696000,0.78189,0.78235,0.78142,0.78168,6505
1779710400,0.78168,0.7818,0.78078,0.78106,5573
1779724800,0.78107,0.78349,0.78095,0.78301,7031
1779739200,0.78302,0.7831,0.7825,0.78257,1542
1779753600,0.7822,0.7837,0.7822,0.78329,3910
1779768000,0.7833,0.78383,0.78288,0.78346,5702
1779782400,0.78347,0.7852,0.78334,0.7846,8529
1779796800,0.78459,0.78547,0.78397,0.78508,8955
1779811200,0.78509,0.78644,0.78454,0.78577,12665
1779825600,0.78577,0.78604,0.78547,0.7856,5002
1779840000,0.78538,0.78562,0.78493,0.78517,3130
1779854400,0.78518,0.78565,0.78499,0.78512,4515
1779868800,0.78513,0.78622,0.78461,0.78613,7279
1779883200,0.78614,0.7867,0.78431,0.78526,10576
1779897600,0.78525,0.78755,0.78449,0.78653,15548
1779912000,0.78652,0.78735,0.78649,0.78704,5675
1779926400,0.78668,0.78805,0.78606,0.78782,3935
1779940800,0.78783,0.78992,0.78777,0.78954,7604
1779955200,0.78955,0.78961,0.78735,0.78886,8384
1779969600,0.78885,0.78989,0.78666,0.78681,8884
1779984000,0.7868,0.78751,0.78345,0.78356,17001
1779998400,0.78357,0.78417,0.78332,0.78391,6476
1780012800,0.78354,0.78394,0.78308,0.78383,2971
1780027200,0.78382,0.78458,0.78307,0.7841,5910
1780041600,0.78408,0.7847,0.78327,0.78433,8497
1780056000,0.78432,0.78435,0.78135,0.78136,9709
1780070400,0.78137,0.78282,0.77952,0.78133,16133
1780084800,0.78134,0.78254,0.77996,0.78109,8049
1780272000,0.78011,0.78291,0.77982,0.78272,4599
1780286400,0.78274,0.78335,0.78266,0.78298,6443
1780300800,0.78297,0.78361,0.78202,0.78309,9374
1780315200,0.7831,0.7851,0.78286,0.78508,9216
1780329600,0.78509,0.78844,0.78503,0.78637,18514
1780344000,0.78638,0.78693,0.78571,0.78654,6234
1780358400,0.78555,0.78708,0.78555,0.78689,3142
1780372800,0.78688,0.78718,0.78612,0.78618,5380
1780387200,0.78617,0.78655,0.78443,0.78598,9105
1780401600,0.78596,0.78619,0.78494,0.78572,8673
1780416000,0.78571,0.78741,0.78523,0.78715,12317
1780430400,0.78715,0.7884,0.78676,0.78713,5848
1780444800,0.7871,0.78845,0.78635,0.78771,4106
1780459200,0.7877,0.78856,0.78733,0.78835,4645
1780473600,0.78836,0.78951,0.78816,0.78948,9732
1780488000,0.78947,0.79047,0.7884,0.79034,9256
1780502400,0.79034,0.79235,0.78958,0.7919,14640
1780516800,0.79187,0.7927,0.79168,0.79208,5031
1780531200,0.79159,0.79228,0.79068,0.79123,5410
1780545600,0.79122,0.79144,0.79038,0.79063,5735
1780560000,0.79064,0.79226,0.79014,0.79091,9532
1780574400,0.7909,0.79092,0.78678,0.78768,12185
1780588800,0.78769,0.78905,0.78745,0.78886,11295
1780603200,0.78888,0.78976,0.78878,0.78947,4455
1780617600,0.78904,0.78956,0.78776,0.78912,3947
1780632000,0.78913,0.78956,0.78889,0.78909,5052
1780646400,0.78908,0.78931,0.78718,0.78813,8092
1780660800,0.78814,0.79312,0.78721,0.79311,10874
1780675200,0.79315,0.7961,0.7916,0.7953,20670
1780689600,0.79531,0.79678,0.79526,0.79627,8809
1780876800,0.79412,0.79721,0.79369,0.79579,4968
1780891200,0.79582,0.79794,0.79555,0.79677,11396
1780905600,0.79676,0.79811,0.79608,0.7981,13792
1780920000,0.79811,0.79865,0.79571,0.79583,14489
1780934400,0.79582,0.79765,0.79471,0.79743,16827
1780948800,0.79742,0.79823,0.79699,0.7979,8195
1780963200,0.79728,0.7984,0.7971,0.79806,4216
1780977600,0.79805,0.79818,0.7968,0.79693,7891
1780992000,0.79693,0.79733,0.79578,0.79642,11373
1781006400,0.79642,0.79655,0.79527,0.79569,8459
1781020800,0.79568,0.79916,0.79483,0.7983,20331
1781035200,0.79829,0.79866,0.79734,0.79829,10066
1781049600,0.79773,0.79942,0.79729,0.79883,5624
1781064000,0.79882,0.79949,0.79862,0.7991,10503
1781078400,0.7991,0.79919,0.79745,0.79883,10995
1781092800,0.79882,0.79955,0.79688,0.79822,15202
1781107200,0.79822,0.79949,0.79649,0.7985,19834
1781121600,0.79849,0.80015,0.7982,0.80008,9694
1781136000,0.79713,0.80061,0.79713,0.79922,8902
1781150400,0.79921,0.79922,0.79798,0.79836,10827
1781164800,0.79835,0.80015,0.79816,0.80007,10920
1781179200,0.80009,0.80088,0.79874,0.79903,12971
1781193600,0.79897,0.80105,0.79878,0.80096,17471
1781208000,0.80095,0.80128,0.79416,0.79479,19254
1781222400,0.79463,0.79602,0.79401,0.79586,6368
1781236800,0.79584,0.79627,0.79549,0.79586,8613
1781251200,0.79587,0.79749,0.7948,0.79566,13622
1781265600,0.79567,0.7975,0.79485,0.79714,12744
1781280000,0.79713,0.79758,0.79582,0.79652,18084
1781294400,0.79651,0.79703,0.79617,0.79697,6686
1781481600,0.79522,0.79546,0.79294,0.79455,8154
1781496000,0.79456,0.79477,0.79328,0.79338,6942
1781510400,0.79337,0.79454,0.79278,0.79335,10646
1781524800,0.79333,0.7938,0.79218,0.79273,9443
1781539200,0.79272,0.79394,0.79209,0.79359,11558
1781553600,0.79358,0.79491,0.79352,0.79474,5152
1781568000,0.79386,0.79491,0.79348,0.79439,3592
1781582400,0.7944,0.7959,0.79418,0.79566,7858
1781596800,0.79567,0.79596,0.79447,0.79457,8745
1781611200,0.79457,0.79573,0.79399,0.79501,8147
1781625600,0.79503,0.79569,0.79214,0.79267,13179
1781640000,0.79268,0.79344,0.79255,0.79315,5573
1781654400,0.79273,0.79326,0.79242,0.7925,4828
1781668800,0.79249,0.79287,0.79198,0.79207,5299
1781683200,0.79207,0.79243,0.79099,0.79188,8731
1781697600,0.7919,0.79336,0.79122,0.79235,8781
1781712000,0.79236,0.79393,0.79218,0.79325,11764
1781726400,0.79326,0.80153,0.79183,0.79967,23907
1781740800,0.79936,0.7999,0.79818,0.79883,6804
1781755200,0.79884,0.79907,0.79821,0.79847,7162
1781769600,0.79846,0.80256,0.79837,0.80244,11600
1781784000,0.80242,0.80497,0.80202,0.80364,14665
1781798400,0.80363,0.80484,0.80209,0.80451,18122
1781812800,0.80449,0.8062,0.80388,0.8045,8833
1781827200,0.8036,0.80495,0.80343,0.80467,4749
1781841600,0.80466,0.80851,0.80444,0.80834,7902
1781856000,0.80835,0.80917,0.80577,0.80578,11951
1781870400,0.80577,0.80733,0.80536,0.80643,9019
1781884800,0.80638,0.80806,0.80633,0.80752,7852
1781899200,0.80751,0.80755,0.80633,0.80641,9666
1782086400,0.80701,0.80857,0.80686,0.80789,5031
1782100800,0.8078,0.80878,0.80707,0.80848,9520
1782115200,0.80847,0.80916,0.80761,0.80792,11371
1782129600,0.80787,0.80878,0.80691,0.80844,12127
1782144000,0.80844,0.80973,0.8073,0.80897,17603
1782158400,0.80896,0.80942,0.80841,0.80863,5931
1782172800,0.80847,0.8092,0.80765,0.80854,4762
1782187200,0.80855,0.80925,0.80815,0.80919,9083
1782201600,0.8092,0.81004,0.80778,0.80976,13000
1782216000,0.80977,0.81035,0.80907,0.80925,11662
1782230400,0.80924,0.81034,0.80749,0.81022,15398
1782244800,0.81024,0.81063,0.80951,0.80957,5613
1782259200,0.80954,0.8104,0.80918,0.81003,4870
1782273600,0.81001,0.81105,0.80966,0.81078,9215
1782288000,0.81078,0.81237,0.81042,0.81152,10153
1782302400,0.81153,0.81377,0.8114,0.81358,12692
1782316800,0.81356,0.81395,0.81136,0.81186,17418
1782331200,0.81186,0.81292,0.81173,0.81224,8305
1782345600,0.81184,0.81306,0.81149,0.81242,5293
1782360000,0.81241,0.81247,0.81058,0.81102,9467
1782374400,0.81101,0.81267,0.81021,0.81083,9440
1782388800,0.81082,0.81347,0.81064,0.81214,11273
1782403200,0.81208,0.81236,0.80895,0.80996,19732
1782417600,0.80995,0.81036,0.80932,0.80999,7998
1782432000,0.80963,0.81084,0.809,0.81034,5760
1782446400,0.81035,0.81118,0.80849,0.8086,10476
1782460800,0.80862,0.8094,0.80773,0.80838,11210
1782475200,0.80839,0.80918,0.80703,0.80722,11554
1782489600,0.80721,0.80977,0.80649,0.80941,16728
1782504000,0.8094,0.81009,0.80915,0.81007,7834
1782691200,0.80992,0.81033,0.80964,0.80981,4915
1782705600,0.8098,0.8101,0.80936,0.80997,7579
1782720000,0.80997,0.80999,0.80841,0.80904,7855
1782734400,0.80903,0.80915,0.80797,0.80876,9322
1782748800,0.80873,0.80895,0.80748,0.80773,14229
1782763200,0.80774,0.80801,0.80713,0.80748,6216
1782777600,0.80744,0.80828,0.80705,0.80787,4166
1782792000,0.80786,0.80968,0.80778,0.80967,8802
1782806400,0.80966,0.8101,0.80829,0.80943,10871
1782820800,0.80942,0.81014,0.80849,0.8092,10757
1782835200,0.80921,0.80965,0.8063,0.80867,15038
1782849600,0.80866,0.80871,0.80758,0.80813,5814
1782864000,0.80782,0.80906,0.80721,0.80892,3696
1782878400,0.80893,0.80961,0.8089,0.80908,6306
1782892800,0.80907,0.81024,0.80889,0.80975,6982
1782907200,0.80978,0.81176,0.80952,0.81152,9318
1782921600,0.81153,0.81201,0.80779,0.80875,19491
1782936000,0.80874,0.80972,0.80843,0.8095,5659
1782950400,0.80919,0.80969,0.8085,0.80937,2891
1782964800,0.80936,0.8094,0.80841,0.80869,6314
1782979200,0.80868,0.8089,0.80412,0.8042,12319
1782993600,0.80424,0.80741,0.80098,0.80312,16996
1783008000,0.8031,0.80385,0.80157,0.80292,22270
1783022400,0.80293,0.80403,0.80293,0.80333,8315
1783036800,0.80317,0.80469,0.80267,0.8038,4708
1783051200,0.80376,0.80382,0.8024,0.8024,7181
1783065600,0.80242,0.80255,0.80104,0.80253,8874
1783080000,0.80254,0.80337,0.80234,0.80317,7306
1783094400,0.8032,0.8037,0.80284,0.80353,6986
1783108800,0.80341,0.80392,0.80258,0.80333,34478
1783296000,0.80244,0.80415,0.80244,0.80357,4849
1783310400,0.80356,0.80473,0.80352,0.80439,5541
1783324800,0.8044,0.806,0.80437,0.80537,8492
1783339200,0.80538,0.80654,0.80525,0.80637,7881
1783353600,0.80636,0.8073,0.80558,0.80602,9733
1783368000,0.806,0.80605,0.80466,0.80523,6046
1783382400,0.80431,0.80573,0.8043,0.80573,3835
1783396800,0.80572,0.80578,0.8048,0.80572,5630
1783411200,0.80571,0.80689,0.80556,0.8063,7997
1783425600,0.80631,0.80722,0.80538,0.80588,7575
1783440000,0.80587,0.80739,0.80537,0.80708,12502
1783454400,0.80707,0.80876,0.80657,0.80849,8455
1783468800,0.80692,0.80927,0.80692,0.80886,4340
1783483200,0.80885,0.80966,0.80821,0.80833,6168
1783497600,0.80834,0.80856,0.80637,0.80782,12425
1783512000,0.80781,0.80943,0.80727,0.80884,14205
1783526400,0.80888,0.81079,0.80852,0.80883,16173
1783540800,0.80884,0.80884,0.80719,0.80847,10190
1783555200,0.80816,0.80857,0.80703,0.80746,3914
1783569600,0.80745,0.80794,0.80689,0.80708,5951
1783584000,0.80709,0.80716,0.80528,0.80704,9297
1783598400,0.80705,0.80797,0.80657,0.80754,9507
1783612800,0.80753,0.80762,0.80603,0.8065,11678
1783627200,0.8065,0.80715,0.80581,0.80696,5980
1783641600,0.80564,0.80706,0.80547,0.80566,4022
1783656000,0.80567,0.80589,0.80304,0.80464,9783
1783670400,0.80463,0.80641,0.8043,0.80631,9553
1783684800,0.80632,0.80759,0.80603,0.80703,9223
1783699200,0.80703,0.80878,0.80595,0.80716,14444
1783713600,0.80715,0.80892,0.80709,0.80869,6982
1783900800,0.80716,0.81034,0.80672,0.81022,8642
1783915200,0.81021,0.81084,0.80926,0.80938,7521
1783929600,0.80937,0.81039,0.80747,0.80819,12103
1783944000,0.8082,0.81043,0.80818,0.80959,11189
1783958400,0.80954,0.814,0.80933,0.81356,16951
1783972800,0.81354,0.81489,0.8135,0.81476,8929
1783987200,0.81415,0.81514,0.8141,0.81455,5453
1784001600,0.81457,0.81462,0.81321,0.81385,7628
1784016000,0.81384,0.81482,0.81215,0.81261,10623
1784030400,0.81259,0.81302,0.80589,0.80808,15487
1784044800,0.80805,0.80944,0.80605,0.80868,21954
1784059200,0.80869,0.80993,0.8085,0.80927,8819
1784073600,0.80777,0.80968,0.80777,0.80842,5066
1784088000,0.80841,0.80947,0.808,0.80921,6307
1784102400,0.8092,0.8104,0.80838,0.81005,9308
1784116800,0.81002,0.81145,0.80888,0.80901,10908
1784131200,0.80897,0.80926,0.80636,0.80702,14061
1784145600,0.80701,0.80704,0.80337,0.80527,10066
1784160000,0.80418,0.80521,0.80418,0.80478,4351
1784174400,0.80479,0.80645,0.80475,0.80608,4923
1784188800,0.80606,0.80715,0.80551,0.8069,7573
1784203200,0.80689,0.80822,0.80612,0.80817,8969
1784217600,0.80815,0.80947,0.80734,0.80941,12068
1784232000,0.8094,0.80969,0.80852,0.80858,6026
1784246400,0.80758,0.8088,0.80721,0.8082,4420
1784260800,0.80818,0.80926,0.80809,0.80917,5082
1784275200,0.80916,0.80927,0.80643,0.80651,8329
1784289600,0.80652,0.80804,0.80645,0.80742,8802
1784304000,0.80743,0.80804,0.806,0.80734,11271
1784318400,0.80733,0.80781,0.80712,0.80737,6632
1784505600,0.80801,0.80919,0.80748,0.80802,6799
1784520000,0.80801,0.80823,0.80697,0.80701,3728
1784534400,0.807,0.80771,0.80612,0.80701,5768
1784548800,0.80702,0.80937,0.80692,0.80882,7907
1784563200,0.80881,0.81076,0.80874,0.81029,9787
1784577600,0.81026,0.81032,0.80971,0.81023,5106
1784592000,0.8092,0.81051,0.80917,0.81039,4654
1784606400,0.81038,0.8108,0.81004,0.8102,4255
1784620800,0.81021,0.81071,0.80908,0.81024,6218
1784635200,0.81023,0.81126,0.80922,0.81077,7669
1784649600,0.81076,0.81286,0.81073,0.81226,10002
1784664000,0.81227,0.81323,0.81218,0.8128,4697
1784678400,0.81249,0.81301,0.81209,0.81267,3756
1784692800,0.81266,0.81331,0.81237,0.81291,4049
1784707200,0.81292,0.8131,0.81134,0.81183,6673
1784721600,0.8118,0.81302,0.81156,0.81262,7392
1784736000,0.81263,0.81436,0.81135,0.81436,9825
1784750400,0.81437,0.81479,0.81413,0.81439,5104
1784764800,0.81421,0.81466,0.81386,0.81389,2889
1784779200,0.81388,0.81416,0.81299,0.81322,5332
1784793600,0.81323,0.81564,0.81307,0.81471,7401
1784808000,0.8147,0.81719,0.81426,0.81665,9938
1784822400,0.81667,0.81801,0.81598,0.81626,17387
1784836800,0.81627,0.8173,0.81594,0.81686,7915
1784851200,0.81566,0.81708,0.81566,0.81631,5000
1784865600,0.81629,0.81759,0.816,0.81737,5708
1784880000,0.81738,0.81739,0.81528,0.81653,8773
1784894400,0.81653,0.8182,0.81609,0.818,8942
1784908800,0.81802,0.81848,0.8163,0.81737,11920
1784923200,0.81736,0.81854,0.8173,0.81832,5672
1785110400,0.81557,0.81691,0.81406,0.81505,7046
1785124800,0.81506,0.81523,0.81387,0.81505,5926
1785139200,0.81504,0.81552,0.81389,0.81493,9299
1785153600,0.81492,0.81649,0.81438,0.81637,9414
1785168000,0.81636,0.81899,0.81636,0.818,14591
1785182400,0.81806,0.81936,0.81802,0.81929,7088
1785196800,0.81815,0.81969,0.81784,0.81875,3356
1785211200,0.81874,0.81927,0.81835,0.81919,4307
1785225600,0.8192,0.81999,0.81863,0.8193,7031
1785240000,0.81931,0.8205,0.81922,0.81958,7649
1785254400,0.81959,0.81961,0.81676,0.8178,12381
1785268800,0.81779,0.8194,0.81762,0.81932,5662
1785283200,0.81772,0.81981,0.81752,0.819,5491
1785297600,0.81901,0.81935,0.81691,0.81729,7010
1785312000,0.81728,0.81948,0.81699,0.81902,7942
1785326400,0.81903,0.82049,0.81891,0.8197,8572
1785340800,0.81969,0.82067,0.81819,0.82037,11443
1785355200,0.82036,0.8205,0.81322,0.81364,24251
1785369600,0.81297,0.81502,0.81296,0.81463,9643
1785384000,0.81462,0.81571,0.81426,0.81554,5768
1785398400,0.81553,0.81747,0.81498,0.81623,10483
1785412800,0.81624,0.81626,0.81141,0.81293,15704
1785427200,0.81292,0.81294,0.80388,0.80472,28143
1785441600,0.80473,0.806,0.80395,0.80512,12497
1785456000,0.80485,0.8065,0.80439,0.80616,7291
1785470400,0.80615,0.80748,0.80573,0.80714,8611
1785484800,0.80713,0.80817,0.8059,0.80614,12467
1785499200,0.80615,0.81101,0.80549,0.8106,13107
1785513600,0.81059,0.8129,0.80804,0.80886,22752
1785528000,0.80884,0.8089,0.80695,0.80727,18397
1785715200,0.8056,0.80742,0.8056,0.80683,12075
1785729600,0.80684,0.80949,0.80659,0.80865,8081
1785744000,0.80865,0.80947,0.80785,0.80893,9547
1785758400,0.80892,0.80938,0.80777,0.80903,10108
1785772800,0.80902,0.81151,0.8082,0.81096,14747
1785787200,0.81095,0.81148,0.80983,0.81036,7406
1785801600,0.80963,0.81047,0.80895,0.81018,5736
1785816000,0.81019,0.81053,0.80963,0.81015,6880
1785830400,0.81014,0.81061,0.80958,0.81014,8994
1785844800,0.81015,0.81042,0.8081,0.80884,10570
1785859200,0.80885,0.81034,0.808,0.81016,13953
1785873600,0.81013,0.81023,0.80886,0.80893,7081
1785888000,0.80851,0.80947,0.80838,0.80888,4443
1785902400,0.80887,0.80924,0.80739,0.8082,7133
1785916800,0.80821,0.81013,0.80749,0.80984,9771
1785931200,0.80983,0.80994,0.80828,0.80942,10360
1785945600,0.80941,0.80942,0.80637,0.80778,15297
1785960000,0.80776,0.80806,0.80659,0.80714,7146
1785974400,0.80655,0.80755,0.80624,0.80651,4105
1785988800,0.8065,0.80747,0.806,0.80737,5379
1786003200,0.80738,0.80878,0.80713,0.80857,6481
1786017600,0.80856,0.81013,0.80844,0.80981,7541
1786032000,0.80979,0.81358,0.80884,0.81235,12912
1786046400,0.81234,0.81295,0.81191,0.81241,5991
1786060800,0.81166,0.81292,0.81166,0.81278,3233
1786075200,0.81279,0.81283,0.81221,0.81263,4154
1786089600,0.81264,0.81274,0.81091,0.81126,6690
1786104000,0.81125,0.8113,0.80564,0.80707,11099
1786118400,0.8071,0.80862,0.80664,0.80769,14695
1786132800,0.8077,0.80818,0.80685,0.80793,7024
1786320000,0.80762,0.80862,0.80658,0.8083,4489
1786334400,0.80832,0.80941,0.8082,0.80917,4917
1786348800,0.80915,0.80943,0.80687,0.80814,7157
1786363200,0.80814,0.80948,0.80773,0.80943,7858
1786377600,0.80943,0.81029,0.80851,0.80962,11384
1786392000,0.80961,0.81043,0.80958,0.81034,5008
1786406400,0.80921,0.81023,0.80921,0.80973,3808
1786420800,0.80972,0.81052,0.8094,0.81017,4948
1786435200,0.81017,0.81127,0.8101,0.81104,6898
1786449600,0.81105,0.81151,0.81011,0.81069,8176
1786464000,0.81068,0.81167,0.81005,0.81127,9944
1786478400,0.81126,0.81205,0.81068,0.81097,4877
1786492800,0.80989,0.8116,0.80951,0.81147,5366
1786507200,0.81146,0.81235,0.81139,0.8121,3505
1786521600,0.81211,0.81285,0.81143,0.81274,5433
1786536000,0.81275,0.81284,0.80824,0.80972,11517
1786550400,0.80973,0.81304,0.80959,0.81281,13570
1786564800,0.81282,0.81392,0.81261,0.81367,4937
1786579200,0.81182,0.81362,0.81165,0.81281,3486
1786593600,0.81282,0.81435,0.81266,0.81371,4671
1786608000,0.8137,0.81457,0.81249,0.81288,6801
1786622400,0.81287,0.81342,0.8115,0.81157,7868
1786636800,0.81153,0.81365,0.81123,0.81314,12487
1786651200,0.81313,0.81467,0.81292,0.81407,4730
1786665600,0.81234,0.81434,0.81234,0.81372,3732
1786680000,0.81373,0.81442,0.81348,0.81357,4731
1786694400,0.81356,0.81408,0.81319,0.81351,6651
1786708800,0.81354,0.81356,0.81032,0.81173,9772
1786723200,0.81172,0.81265,0.81059,0.81256,13130
1786737600,0.81257,0.81352,0.81256,0.81334,5336
1786924800,0.81096,0.81348,0.81067,0.81179,4250
1786939200,0.81178,0.81228,0.8112,0.81157,5724
1786953600,0.81156,0.81161,0.80719,0.80902,10433
1786968000,0.80901,0.81062,0.8088,0.80939,9633
1786982400,0.80937,0.81033,0.80844,0.81006,11312
1786996800,0.81008,0.8117,0.80998,0.81089,6303
1787011200,0.81044,0.81118,0.8092,0.81075,4269
1787025600,0.81076,0.81189,0.81036,0.81176,5365
1787040000,0.81177,0.81222,0.81068,0.8115,7570
1787054400,0.81149,0.81277,0.81122,0.81227,7515
1787068800,0.81228,0.81309,0.81114,0.8119,12369
1787083200,0.81191,0.81273,0.81188,0.8125,5030
1787097600,0.81203,0.81271,0.8116,0.81223,4574
1787112000,0.81222,0.81281,0.81104,0.81113,6218
1787126400,0.81114,0.81129,0.8102,0.81087,8910
1787140800,0.81088,0.81092,0.80645,0.80693,11752
1787155200,0.80694,0.80694,0.79845,0.7993,26301
1787169600,0.79929,0.80048,0.79695,0.79706,12708
1787184000,0.7971,0.79909,0.79694,0.79896,6138
1787198400,0.79898,0.80016,0.79849,0.79999,9937
1787212800,0.79998,0.80042,0.79761,0.79775,12164
1787227200,0.79777,0.79907,0.79495,0.79762,14503
1787241600,0.7976,0.80089,0.79719,0.80037,19424
1787256000,0.80038,0.80097,0.80026,0.80046,6675
1787270400,0.79932,0.80059,0.79932,0.80023,4625
1787284800,0.80024,0.80024,0.79859,0.79983,7186
1787299200,0.79984,0.80075,0.79896,0.79941,10553
1787313600,0.7994,0.80054,0.79828,0.79991,12871
1787328000,0.79991,0.80206,0.79971,0.80106,15270
1787342400,0.80105,0.80143,0.80071,0.80134,5823
1787529600,0.80162,0.80169,0.79971,0.79977,5066
1787544000,0.79978,0.80067,0.79963,0.80012,7330
1787558400,0.80011,0.80282,0.8001,0.80219,10890
1787572800,0.80218,0.80276,0.80111,0.80259,11390
1787587200,0.80259,0.80277,0.80164,0.8023,12383
1787601600,0.80229,0.80298,0.80204,0.8025,5733
1787616000,0.80118,0.8025,0.80118,0.80214,3172
1787630400,0.80213,0.80387,0.80213,0.80381,4938
1787644800,0.8038,0.8042,0.80267,0.80269,7834
1787659200,0.80271,0.80308,0.80201,0.80258,9268
1787673600,0.80259,0.80316,0.80166,0.80249,10480
1787688000,0.8025,0.80274,0.80077,0.80134,5071
1787702400,0.80089,0.80199,0.80084,0.80176,3994
1787716800,0.80175,0.80356,0.80155,0.80355,5690
1787731200,0.80356,0.80388,0.80285,0.80359,7073
1787745600,0.8036,0.805,0.80268,0.80499,8285
1787760000,0.80497,0.80627,0.80454,0.80559,11539
1787774400,0.8056,0.80566,0.80503,0.80536,4018
1787788800,0.80497,0.80538,0.80426,0.80517,4356
1787803200,0.80518,0.80556,0.80504,0.80549,4090
1787817600,0.8055,0.80612,0.80513,0.80579,7365
1787832000,0.8058,0.80611,0.8046,0.80484,8397
1787846400,0.80485,0.80489,0.80292,0.80384,11847
1787860800,0.80383,0.80451,0.80365,0.80416,4613
1787875200,0.80334,0.80431,0.80264,0.80402,2889
1787889600,0.80403,0.80497,0.80376,0.80493,3173
1787904000,0.80494,0.80532,0.80404,0.80406,7113
1787918400,0.80407,0.80461,0.80317,0.80382,7452
1787932800,0.80381,0.80973,0.8024,0.80932,20599
1787947200,0.80932,0.80984,0.80895,0.80931,7093
1788134400,0.80669,0.80981,0.80669,0.80858,3705
1788148800,0.80859,0.80931,0.80823,0.80913,5643
1788163200,0.80912,0.80964,0.80746,0.80879,8134
1788177600,0.80878,0.80915,0.80803,0.8085,8503
1788192000,0.80849,0.80877,0.80686,0.80816,10890
1788206400,0.80815,0.80854,0.80785,0.80828,4598
1788220800,0.80717,0.80871,0.80717,0.80858,3263
1788235200,0.80857,0.80997,0.80854,0.80964,4615
1788249600,0.80965,0.81087,0.80909,0.80999,8419
1788264000,0.80999,0.81058,0.80924,0.80993,8813
1788278400,0.80993,0.81243,0.80946,0.81234,12005
1788292800,0.81234,0.81246,0.81138,0.81166,5174
1788307200,0.81125,0.8125,0.81119,0.81249,3350
1788321600,0.81251,0.81334,0.8123,0.81323,5971
1788336000,0.81322,0.81494,0.81215,0.81479,11694
1788350400,0.8148,0.81565,0.81344,0.81486,10787
1788364800,0.81485,0.81485,0.81164,0.81313,15706
1788379200,0.81312,0.81348,0.81255,0.81277,5602
1788393600,0.81232,0.81312,0.81225,0.81268,3816
1788408000,0.81269,0.81297,0.81146,0.81181,8136
1788422400,0.8118,0.81195,0.8083,0.80896,16498
1788436800,0.80895,0.81001,0.80668,0.80697,15232
1788451200,0.80695,0.80963,0.80522,0.80585,19325
1788465600,0.80584,0.80773,0.80574,0.8075,7249
1788480000,0.80651,0.80796,0.80641,0.80777,4648
1788494400,0.80776,0.80846,0.80738,0.80792,6362
1788508800,0.80791,0.80885,0.8074,0.80871,9525
1788523200,0.80872,0.81264,0.80803,0.81103,13773
1788537600,0.81102,0.81177,0.80901,0.8092,17622
1788552000,0.80922,0.81037,0.80921,0.80995,6054
1788739200,0.80865,0.81032,0.80865,0.8096,3593
1788753600,0.80959,0.81096,0.80956,0.81048,4846
1788768000,0.81049,0.81091,0.80846,0.80943,9988
1788782400,0.80943,0.80953,0.80846,0.80904,7148
1788796800,0.80903,0.80941,0.80851,0.80901,5761
1788811200,0.80902,0.80964,0.80901,0.80954,1160
1788825600,0.80908,0.80944,0.80858,0.80924,5434
1788840000,0.80923,0.8096,0.80826,0.80927,6979
1788854400,0.80928,0.81192,0.80773,0.81176,11252
1788868800,0.81174,0.81205,0.80997,0.80999,10942
1788883200,0.81,0.81005,0.80814,0.80922,12177
1788897600,0.80921,0.80981,0.80877,0.80961,6946
1788912000,0.80807,0.80952,0.80807,0.80883,4910
1788926400,0.80884,0.80952,0.80867,0.80873,5480
1788940800,0.80874,0.80961,0.80778,0.8096,9169
1788955200,0.80961,0.81064,0.80675,0.80784,9803
1788969600,0.80782,0.81098,0.80673,0.80993,16617
1788984000,0.80994,0.81067,0.80942,0.81017,6137
1788998400,0.80862,0.8104,0.80839,0.81006,3671
1789012800,0.81004,0.81009,0.80862,0.80931,5846
1789027200,0.8093,0.81048,0.80841,0.81021,7502
1789041600,0.81023,0.81471,0.8098,0.813,13946
1789056000,0.81302,0.81386,0.81082,0.81219,18537
1789070400,0.81219,0.81352,0.81202,0.81328,7996
1789084800,0.81265,0.81339,0.81258,0.81275,4721
1789099200,0.81273,0.8142,0.81242,0.81339,7664
1789113600,0.81338,0.81433,0.81244,0.81424,11772
1789128000,0.81422,0.81701,0.81368,0.81415,15095
1789142400,0.81417,0.81619,0.81374,0.81607,18448
1789156800,0.81608,0.81704,0.81577,0.81644,7122
1789344000,0.81634,0.8174,0.81568,0.81722,6040
1789358400,0.8172,0.81839,0.81701,0.81824,6546
1789372800,0.81823,0.81949,0.81754,0.8188,10075
1789387200,0.81881,0.81887,0.81619,0.81793,11582
1789401600,0.81793,0.81918,0.81531,0.81554,15631
1789416000,0.81553,0.81765,0.81541,0.81734,6630
1789430400,0.81699,0.81776,0.81652,0.81754,4835
1789444800,0.81754,0.81832,0.81747,0.81816,4960
1789459200,0.81817,0.8186,0.81667,0.81767,8952
1789473600,0.81768,0.81859,0.81752,0.8184,8500
1789488000,0.81842,0.81988,0.81788,0.81855,10683
1789502400,0.81854,0.81918,0.81844,0.81884,4788
1789516800,0.81736,0.81948,0.81736,0.81929,4218
1789531200,0.81928,0.81965,0.81828,0.8186,4462
1789545600,0.81858,0.81905,0.8179,0.81876,7667
1789560000,0.81877,0.81948,0.81783,0.81875,7399
1789574400,0.81877,0.81942,0.81819,0.81913,8771
1789588800,0.81912,0.82637,0.81721,0.826,19359
1789603200,0.82455,0.8263,0.82437,0.8258,5337
1789617600,0.82578,0.82605,0.82532,0.82555,6108
1789632000,0.82554,0.826,0.82366,0.82537,9038
1789646400,0.82536,0.82621,0.82294,0.82372,11835
1789660800,0.82375,0.8249,0.82226,0.82489,13563
1789675200,0.8249,0.82525,0.8244,0.82461,5788
1789689600,0.82366,0.825,0.82343,0.82447,4200
1789704000,0.82448,0.82522,0.82258,0.82346,6946
1789718400,0.82345,0.82522,0.82338,0.82454,11520
1789732800,0.82453,0.82598,0.8243,0.82482,10816
1789747200,0.82482,0.82539,0.82265,0.82276,14376
1789761600,0.82275,0.82275,0.82157,0.82203,6450
1789948800,0.82066,0.82281,0.82066,0.82249,3819
1789963200,0.82246,0.82322,0.82211,0.82311,4051
1789977600,0.8231,0.8239,0.82252,0.82335,6855
1789992000,0.82335,0.82353,0.82077,0.82151,7775
1790006400,0.82152,0.82272,0.82063,0.82108,11567
1790020800,0.82109,0.82162,0.82071,0.82108,4834
1790035200,0.82061,0.82112,0.82025,0.82058,3214
1790049600,0.82059,0.82107,0.82002,0.82003,4639
1790064000,0.82005,0.82246,0.81998,0.82075,10816
1790078400,0.82076,0.82164,0.81832,0.8202,13659
1790092800,0.82021,0.8223,0.81925,0.82156,13917
1790107200,0.82159,0.8221,0.81963,0.82055,8395
1790121600,0.81949,0.82116,0.81949,0.82076,2650
1790136000,0.82077,0.82181,0.82068,0.82151,5099
1790150400,0.82152,0.82323,0.82137,0.82232,7608
1790164800,0.82233,0.82372,0.82212,0.82321,9078
