time,open,high,low,close,volume
1631606400,1.18132,1.183,1.18066,1.18212,5483
1631620800,1.18212,1.18458,1.18002,1.18413,6850
1631635200,1.18415,1.18457,1.18157,1.1822,7931
1631649600,1.1822,1.18261,1.18002,1.18046,3386
1631664000,1.18033,1.1807699999999999,1.18006,1.18056,1875
1631678400,1.18057,1.18122,1.18037,1.18051,2853
1631692800,1.18051,1.18288,1.17993,1.18262,5642
1631707200,1.18262,1.18319,1.1807400000000001,1.18116,6718
1631721600,1.18116,1.18227,1.18034,1.18039,7885
1631736000,1.18039,1.18181,1.18038,1.18156,2468
1631750400,1.18157,1.1820599999999999,1.18143,1.18191,1426
1631764800,1.18191,1.18198,1.18093,1.18098,2049
1631779200,1.18098,1.18119,1.17723,1.17727,6355
1631793600,1.17727,1.17778,1.17521,1.17551,7313
1631808000,1.1755,1.17685,1.17506,1.17597,7064
1631822400,1.17596,1.17713,1.17534,1.17687,3437
1631836800,1.17679,1.17691,1.17593,1.176,1930
1631851200,1.176,1.1773500000000001,1.17587,1.17732,2797
1631865600,1.17732,1.17849,1.17679,1.1777199999999999,5417
1631880000,1.1777199999999999,1.17889,1.17727,1.17738,6681
1631894400,1.17737,1.1775,1.1724999999999999,1.17255,8397
1631908800,1.17256,1.17322,1.17246,1.17258,3106
1632096000,1.17269,1.17299,1.17229,1.17237,1665
1632110400,1.17237,1.17239,1.1710099999999999,1.17151,2531
1632124800,1.17151,1.17184,1.17054,1.17097,5979
1632139200,1.17096,1.1717,1.17003,1.17144,7046
1632153600,1.17144,1.17365,1.17116,1.17224,8739
1632168000,1.17224,1.17312,1.17222,1.17278,3362
1632182400,1.1726,1.17307,1.1723,1.17257,1919
1632196800,1.17256,1.17401,1.17233,1.17318,2749
1632211200,1.17319,1.17375,1.17184,1.17341,5754
1632225600,1.17341,1.17488,1.17301,1.17398,6307
1632240000,1.17397,1.17419,1.1715,1.1728399999999999,8260
1632254400,1.17283,1.17323,1.17187,1.17254,3755
1632268800,1.1721300000000001,1.17278,1.1717,1.17196,1606
1632283200,1.17196,1.17305,1.17166,1.17219,3176
1632297600,1.17219,1.17375,1.17168,1.17343,5353
1632312000,1.17343,1.17368,1.17245,1.17297,4943
1632326400,1.17297,1.17449,1.17245,1.17353,6916
1632340800,1.17353,1.17555,1.1684700000000001,1.169,10716
1632355200,1.16876,1.16948,1.16835,1.16889,1806
1632369600,1.16888,1.17097,1.16863,1.17096,2786
1632384000,1.17096,1.17289,1.17061,1.1721,6849
1632398400,1.1721,1.17325,1.17113,1.17291,8922
1632412800,1.17289,1.175,1.17215,1.17441,8691
1632427200,1.17442,1.17493,1.17358,1.1739600000000001,3363
1632441600,1.17383,1.17476,1.17359,1.1746,1975
1632456000,1.17462,1.17465,1.1736,1.17371,2477
1632470400,1.1737,1.17415,1.1731,1.17361,5490
1632484800,1.17362,1.17382,1.17066,1.17066,5962
1632499200,1.17066,1.17254,1.17007,1.1716199999999999,7689
1632513600,1.1716199999999999,1.17222,1.17134,1.17211,2338
1632700800,1.17254,1.17258,1.17097,1.17173,1882
1632715200,1.17173,1.17251,1.17167,1.17224,2283
1632729600,1.17224,1.17243,1.1685,1.16895,6746
1632744000,1.16895,1.17105,1.16893,1.17073,8155
1632758400,1.17073,1.17096,1.1690800000000001,1.17022,8374
1632772800,1.1702,1.17083,1.16958,1.16961,2854
1632787200,1.16963,1.16983,1.16862,1.16887,1540
1632801600,1.16891,1.16988,1.16853,1.16987,2465
1632816000,1.16987,1.17033,1.16723,1.16805,7022
1632830400,1.16806,1.16934,1.1673,1.16806,8835
1632844800,1.16803,1.17011,1.16683,1.16819,11668
1632859200,1.16821,1.16892,1.16754,1.16836,4875
1632873600,1.16826,1.16875,1.16799,1.16811,2149
1632888000,1.16812,1.169,1.1678,1.16866,3659
1632902400,1.16865,1.16879,1.16566,1.16636,8305
1632916800,1.16636,1.16714,1.16402,1.16458,8323
1632931200,1.1645699999999999,1.16463,1.16009,1.16015,9721
1632945600,1.16014,1.1605,1.15895,1.15961,4426
1632960000,1.15975,1.16037,1.15922,1.16037,1839
1632974400,1.16036,1.16087,1.16013,1.16079,2747
1632988800,1.16079,1.16098,1.15915,1.16042,7167
1633003200,1.16039,1.16066,1.1568,1.1590799999999999,8125
1633017600,1.15909,1.15982,1.15627,1.15707,12454
1633032000,1.15707,1.15887,1.1562999999999999,1.15757,5319
1633046400,1.15746,1.15827,1.15652,1.15652,2787
1633060800,1.1565400000000001,1.15819,1.15629,1.15805,4302
1633075200,1.15804,1.15914,1.15747,1.15785,7892
1633089600,1.15786,1.1607,1.15728,1.16037,7820
1633104000,1.16038,1.16073,1.15839,1.1597,10725
1633118400,1.1596899999999999,1.16025,1.15914,1.15932,3304
1633305600,1.1596899999999999,1.16137,1.15939,1.16027,2637
1633320000,1.16027,1.16039,1.15882,1.1595900000000001,3067
1633334400,1.1595900000000001,1.16159,1.15958,1.16125,6023
1633348800,1.16127,1.16401,1.1608100000000001,1.1632500000000001,6076
1633363200,1.1632500000000001,1.16395,1.1615199999999999,1.16191,8178
1633377600,1.1619,1.16279,1.16161,1.16195,3033
1633392000,1.16158,1.16221,1.16105,1.16116,1948
1633406400,1.16116,1.16135,1.15944,1.15948,2684
1633420800,1.15948,1.16049,1.159,1.15988,5577
1633435200,1.15988,1.16053,1.15902,1.16002,5664
1633449600,1.16001,1.16132,1.15807,1.16053,8465
1633464000,1.16053,1.16083,1.15938,1.15975,2484
1633478400,1.15966,1.16006,1.15921,1.15937,1618
1633492800,1.15937,1.15966,1.15832,1.15848,3062
1633507200,1.15846,1.15902,1.1551,1.15521,7159
1633521600,1.15522,1.15542,1.15294,1.15451,8227
1633536000,1.15451,1.15556,1.15323,1.15433,8729
1633550400,1.15433,1.15597,1.15433,1.15575,4114
1633564800,1.15549,1.15612,1.15524,1.15584,1729
1633579200,1.15581,1.15591,1.15514,1.15556,2324
1633593600,1.15556,1.15706,1.1549,1.15602,5930
1633608000,1.15602,1.15721,1.15507,1.1555900000000001,6088
1633622400,1.1555900000000001,1.15689,1.15478,1.15555,7199
1633636800,1.15555,1.15647,1.15494,1.15533,2586
1633651200,1.15542,1.15599,1.1550799999999999,1.15584,1892
1633665600,1.15584,1.15589,1.1547399999999999,1.15482,2674
1633680000,1.15483,1.15564,1.15414,1.15536,5015
1633694400,1.15536,1.15858,1.15533,1.15707,7084
1633708800,1.1571,1.15796,1.15558,1.15643,8992
1633723200,1.15642,1.15782,1.15597,1.15741,2461
1633910400,1.15696,1.15778,1.15636,1.15746,1616
1633924800,1.15746,1.15792,1.15684,1.15724,2528
1633939200,1.15724,1.15867,1.15642,1.15699,5779
1633953600,1.15699,1.15739,1.15523,1.15613,5429
1633968000,1.15613,1.15838,1.15611,1.15635,5062
1633982400,1.15636,1.15645,1.15492,1.15541,2231
1633996800,1.15525,1.15553,1.15472,1.1549800000000001,1840
1634011200,1.15487,1.15608,1.15478,1.15561,2272
1634025600,1.15563,1.15703,1.15555,1.15616,5539
1634040000,1.1562000000000001,1.1567,1.15333,1.15415,6165
1634054400,1.15418,1.15501,1.15252,1.15283,8293
1634068800,1.15282,1.15349,1.15246,1.15306,2967
1634083200,1.15297,1.15426,1.15276,1.1541299999999999,1736
1634097600,1.15412,1.15558,1.15407,1.15524,2405
1634112000,1.15524,1.15603,1.15455,1.15564,5481
1634126400,1.15563,1.15668,1.15364,1.15429,7332
1634140800,1.15428,1.15786,1.15404,1.15779,9165
1634155200,1.15779,1.15967,1.15779,1.15953,4125
1634169600,1.15928,1.1601,1.1591,1.1599,1722
1634184000,1.16004,1.16008,1.15888,1.15899,2250
1634198400,1.159,1.16189,1.15879,1.16162,5455
1634212800,1.16161,1.16244,1.15979,1.16064,6093
1634227200,1.16065,1.16069,1.1584,1.15882,6631
1634241600,1.15881,1.16021,1.15846,1.15974,2315
1634256000,1.15963,1.15992,1.15881,1.15938,1645
1634270400,1.15939,1.1611799999999999,1.15936,1.1608100000000001,2587
1634284800,1.1608,1.16188,1.15994,1.16032,5460
1634299200,1.16032,1.16122,1.15889,1.15921,6547
1634313600,1.15921,1.16101,1.15891,1.15951,7442
1634328000,1.15951,1.16059,1.15931,1.1598600000000001,2555
1634515200,1.15955,1.16053,1.15831,1.15842,2411
1634529600,1.15842,1.15941,1.15779,1.15787,3155
1634544000,1.15788,1.15962,1.1571799999999999,1.15808,5658
1634558400,1.15807,1.16098,1.15767,1.16017,7213
1634572800,1.16016,1.16219,1.1592500000000001,1.16219,7215
1634587200,1.16219,1.16224,1.16084,1.16114,2538
1634601600,1.16102,1.16253,1.16085,1.16251,1775
1634616000,1.16253,1.1655,1.16243,1.16451,3095
1634630400,1.16455,1.1661,1.16448,1.16602,6519
1634644800,1.16602,1.16694,1.16458,1.16458,6879
1634659200,1.16459,1.16585,1.16297,1.16361,7032
1634673600,1.1635900000000001,1.1644700000000001,1.16311,1.1632500000000001,2455
1634688000,1.16327,1.1636199999999999,1.16278,1.1635,2306
1634702400,1.1635,1.16514,1.16328,1.16509,3437
1634716800,1.16512,1.16523,1.16171,1.16261,6261
1634731200,1.16261,1.1643,1.16212,1.16387,6078
1634745600,1.16388,1.1658,1.1636199999999999,1.16562,7633
1634760000,1.16562,1.16587,1.16479,1.16504,3969
1634774400,1.16488,1.16582,1.16483,1.16567,1689
1634788800,1.16567,1.1667399999999999,1.16506,1.16516,3748
1634803200,1.1651799999999999,1.16568,1.16342,1.1642000000000001,6022
1634817600,1.16419,1.1651,1.16314,1.1643,6609
1634832000,1.16432,1.1651799999999999,1.16343,1.1636,7540
1634846400,1.16358,1.16397,1.162,1.1623,3433
1634860800,1.16229,1.16281,1.1621299999999999,1.16258,1936
1634875200,1.16257,1.1632,1.16247,1.1626,2969
1634889600,1.1626,1.16467,1.16234,1.16412,6421
1634904000,1.16412,1.1644,1.16247,1.16374,6707
1634918400,1.16372,1.16557,1.16219,1.16324,9714
1634932800,1.16324,1.16442,1.16243,1.16441,3350
1635120000,1.16415,1.16483,1.1635900000000001,1.16456,1782
1635134400,1.16458,1.16651,1.16394,1.16601,3757
1635148800,1.16601,1.16644,1.16412,1.16499,5915
1635163200,1.16498,1.16499,1.1590799999999999,1.15949,7956
1635177600,1.15948,1.1615199999999999,1.15938,1.1605699999999999,6576
1635192000,1.1605699999999999,1.1617,1.1605699999999999,1.16103,1761
1635206400,1.16089,1.1612,1.15991,1.16041,1328
1635220800,1.16041,1.16096,1.1596899999999999,1.16043,2841
1635235200,1.16044,1.16135,1.15941,1.16086,6097
1635249600,1.16085,1.16257,1.1605699999999999,1.16177,6559
1635264000,1.1617899999999999,1.16225,1.15851,1.1587,7342
1635278400,1.1587,1.1601,1.15867,1.15975,2222
1635292800,1.1595,1.16043,1.15859,1.16024,2251
1635307200,1.16025,1.1605,1.15978,1.16028,2466
1635321600,1.16034,1.16132,1.1592,1.1595,5558
1635336000,1.1595,1.16261,1.1585,1.16182,7706
1635350400,1.16181,1.16242,1.15883,1.16087,10019
1635364800,1.16088,1.16162,1.1599,1.16031,4007
1635379200,1.16029,1.16049,1.15902,1.1592500000000001,1857
1635393600,1.15926,1.16097,1.15894,1.16068,3543
1635408000,1.16068,1.16144,1.15833,1.15901,7005
1635422400,1.15901,1.16358,1.15824,1.16299,9482
1635436800,1.16302,1.16921,1.16247,1.16785,12051
1635451200,1.16785,1.16892,1.16715,1.16846,4300
1635465600,1.16822,1.169,1.16799,1.16843,2695
1635480000,1.16844,1.1686,1.1663999999999999,1.16643,3430
1635494400,1.16643,1.16757,1.16492,1.1650800000000001,7006
1635508800,1.16536,1.16568,1.1621299999999999,1.16258,8020
1635523200,1.16257,1.16358,1.15353,1.1538599999999999,11915
1635537600,1.15385,1.15631,1.15381,1.15624,3827
1635724800,1.15568,1.15637,1.15515,1.15551,2194
1635739200,1.15551,1.15604,1.1546,1.15515,2482
1635753600,1.15519,1.15753,1.15472,1.15721,6007
1635768000,1.15722,1.15798,1.15618,1.1577600000000001,6686
1635782400,1.1577600000000001,1.1594,1.15656,1.15918,7689
1635796800,1.15918,1.16092,1.15885,1.16072,3207
1635811200,1.1602000000000001,1.16065,1.15955,1.15971,1928
1635825600,1.15971,1.16084,1.15952,1.1604,2753
1635840000,1.1604,1.16133,1.15876,1.15886,5779
1635854400,1.15886,1.16077,1.15861,1.16073,7318
1635868800,1.16071,1.16075,1.15754,1.15782,8554
1635883200,1.15782,1.15851,1.15772,1.15791,3201
1635897600,1.15806,1.15821,1.1575,1.158,1158
1635912000,1.158,1.15875,1.15774,1.15835,1607
1635926400,1.15835,1.15892,1.15785,1.15858,3556
1635940800,1.15857,1.15979,1.15775,1.15839,6848
1635955200,1.15836,1.15858,1.15625,1.15827,8149
1635969600,1.1583,1.16163,1.15721,1.16113,10253
1635984000,1.16102,1.16165,1.16078,1.16125,2096
1635998400,1.16126,1.16128,1.1591,1.1591,2866
1636012800,1.1590799999999999,1.15922,1.1549,1.1553,5979
1636027200,1.1553200000000001,1.15628,1.15427,1.15623,8266
1636041600,1.15623,1.15731,1.15285,1.15438,10775
1636056000,1.15446,1.15579,1.1543,1.15541,3681
1636070400,1.15516,1.1556,1.15476,1.15513,2403
1636084800,1.15514,1.15577,1.1541,1.15577,3371
1636099200,1.15575,1.1562999999999999,1.1547399999999999,1.15493,5140
1636113600,1.15492,1.15495,1.15136,1.15146,8741
1636128000,1.15144,1.15666,1.15134,1.15636,10781
1636142400,1.15635,1.15734,1.15484,1.1567,3827
1636329600,1.15613,1.15697,1.15541,1.15549,2932
1636344000,1.1555,1.15634,1.15533,1.156,2300
1636358400,1.15601,1.15761,1.15506,1.15613,6032
1636372800,1.15613,1.15831,1.15553,1.15686,5743
1636387200,1.15689,1.15949,1.15643,1.1586,6908
1636401600,1.1586,1.15913,1.15827,1.15872,2730
1636416000,1.15866,1.15909,1.15772,1.15802,2562
1636430400,1.15802,1.16065,1.15797,1.1599599999999999,3974
1636444800,1.1599599999999999,1.16065,1.15806,1.15938,6357
1636459200,1.15936,1.1598600000000001,1.15701,1.15964,7071
1636473600,1.15961,1.16085,1.15716,1.15916,9673
1636488000,1.15918,1.1598600000000001,1.15873,1.15947,3415
1636502400,1.15928,1.15953,1.15883,1.15915,2382
1636516800,1.15915,1.15921,1.15772,1.1577600000000001,2411
1636531200,1.1577600000000001,1.15823,1.1558,1.1577600000000001,6502
1636545600,1.15777,1.15812,1.15334,1.1554,7888
1636560000,1.15533,1.1574200000000001,1.15058,1.15122,12041
1636574400,1.15122,1.15156,1.14762,1.1477,7333
1636588800,1.14783,1.14876,1.1473200000000001,1.1479300000000001,2726
1636603200,1.14794,1.14846,1.14648,1.14794,2481
1636617600,1.14794,1.1485,1.1454,1.14632,6296
1636632000,1.14629,1.1475,1.14541,1.14596,6828
1636646400,1.14597,1.14772,1.14503,1.14513,5775
1636660800,1.14512,1.14526,1.14431,1.1449,2250
1636675200,1.1448800000000001,1.14505,1.14362,1.14388,2694
1636689600,1.14387,1.14443,1.14364,1.14438,2146
1636704000,1.14438,1.14561,1.14375,1.14425,5878
1636718400,1.14425,1.14552,1.14377,1.14458,6138
1636732800,1.14458,1.14622,1.1433,1.14492,8835
1636747200,1.14491,1.14519,1.1442,1.14433,2423
1636934400,1.14465,1.146,1.14412,1.14598,2305
1636948800,1.14599,1.1464,1.14552,1.14602,2069
1636963200,1.14601,1.14621,1.14368,1.14487,5911
1636977600,1.14486,1.14565,1.1439300000000001,1.14457,6362
1636992000,1.14457,1.14461,1.13809,1.13857,9160
1637006400,1.13857,1.139,1.13564,1.1368800000000001,4428
1637020800,1.13687,1.13797,1.13595,1.1379,2862
1637035200,1.1379,1.13858,1.13757,1.13771,2902
1637049600,1.13772,1.13822,1.1358,1.13612,5971
1637064000,1.13612,1.1374900000000001,1.13516,1.13621,7533
1637078400,1.13618,1.13624,1.13196,1.13275,9724
1637092800,1.13275,1.13344,1.13093,1.13185,4218
1637107200,1.13207,1.13267,1.13098,1.13231,2833
1637121600,1.1323,1.1324,1.12637,1.12991,5065
1637136000,1.12991,1.1320999999999999,1.1295600000000001,1.13125,7414
1637150400,1.13125,1.13323,1.12978,1.12989,7154
1637164800,1.12989,1.13265,1.12935,1.1319,8714
1637179200,1.13191,1.13263,1.13111,1.13227,4289
1637193600,1.13212,1.13284,1.13156,1.13244,2933
1637208000,1.13245,1.1338,1.13159,1.13182,3342
1637222400,1.13182,1.13396,1.13138,1.13318,5809
1637236800,1.13317,1.13484,1.13281,1.13347,6310
1637251200,1.13347,1.13739,1.1327,1.1369799999999999,8801
1637265600,1.13699,1.13742,1.13669,1.13731,2486
1637280000,1.1371,1.13727,1.13562,1.1356600000000001,2214
1637294400,1.13568,1.13582,1.1352,1.13527,1871
1637308800,1.13527,1.13606,1.12829,1.12994,7670
1637323200,1.12994,1.13051,1.12501,1.12879,10959
1637337600,1.12879,1.13222,1.12879,1.12984,10701
1637352000,1.12986,1.13026,1.12833,1.12833,4431
1637539200,1.12896,1.12897,1.1265,1.12728,3605
1637553600,1.12728,1.12787,1.12649,1.12779,3549
1637568000,1.12776,1.12879,1.12602,1.12802,7814
1637582400,1.12802,1.1290499999999999,1.12657,1.12802,7399
1637596800,1.12801,1.12801,1.12361,1.12484,11125
1637611200,1.12485,1.12501,1.12309,1.12365,3800
1637625600,1.12358,1.12439,1.12353,1.12375,1777
1637640000,1.12375,1.12414,1.1226099999999999,1.12342,2519
1637654400,1.12342,1.12751,1.12323,1.12591,9728
1637668800,1.12592,1.12692,1.12343,1.1252,8902
1637683200,1.12517,1.12713,1.12401,1.12542,10007
1637697600,1.12541,1.1255,1.12462,1.12493,3821
1637712000,1.12478,1.12503,1.12391,1.12396,2697
1637726400,1.12396,1.1245,1.12327,1.12393,3890
1637740800,1.12397,1.12552,1.12054,1.1208,7911
1637755200,1.1208,1.12201,1.11924,1.12069,8893
1637769600,1.1208,1.1216,1.11864,1.11959,11243
1637784000,1.1195599999999999,1.12056,1.11887,1.11991,4052
1637798400,1.11967,1.12125,1.11966,1.12073,1616
1637812800,1.12071,1.12182,1.12066,1.12126,1759
1637827200,1.12126,1.12264,1.12124,1.12231,4180
1637841600,1.12229,1.12297,1.12151,1.12189,4974
1637856000,1.12188,1.12221,1.12062,1.12094,3989
1637870400,1.1209500000000001,1.12125,1.12059,1.12068,2459
1637884800,1.12069,1.12248,1.12055,1.12178,4228
1637899200,1.12179,1.12277,1.12125,1.1224,4369
1637913600,1.12239,1.1279,1.12209,1.12647,12360
1637928000,1.12647,1.12969,1.12582,1.1293,10817
1637942400,1.1293,1.13211,1.12829,1.13035,12070
1637956800,1.13038,1.13302,1.12994,1.13228,3579
1638144000,1.13063,1.13123,1.12806,1.12841,4586
1638158400,1.12838,1.1285,1.12728,1.12781,3760
1638172800,1.12781,1.12904,1.12603,1.1286,8674
1638187200,1.1286,1.12948,1.12618,1.12624,7341
1638201600,1.12624,1.12757,1.12586,1.12682,8948
1638216000,1.12681,1.12917,1.12657,1.12914,3396
1638230400,1.12848,1.13005,1.12848,1.12942,2695
1638244800,1.12942,1.13131,1.12926,1.13114,4319
1638259200,1.13116,1.13666,1.13075,1.13636,10779
1638273600,1.1364,1.13728,1.13413,1.1366,8361
1638288000,1.1366100000000001,1.13828,1.12357,1.1311,15855
1638302400,1.13113,1.1345399999999999,1.13079,1.1338,6398
1638316800,1.13337,1.13427,1.13186,1.13204,4118
1638331200,1.13203,1.13371,1.13164,1.13367,3671
1638345600,1.1337,1.13597,1.13026,1.13255,9706
1638360000,1.13255,1.13406,1.1311,1.13374,8234
1638374400,1.13374,1.13578,1.13153,1.1323400000000001,11575
1638388800,1.13236,1.13299,1.13092,1.13193,6019
1638403200,1.13192,1.13284,1.13148,1.13282,2447
1638417600,1.13282,1.1339299999999999,1.13167,1.13182,2785
1638432000,1.13181,1.13275,1.13073,1.13245,7012
1638446400,1.13244,1.1347800000000001,1.13228,1.13338,8933
1638460800,1.13341,1.13473,1.12959,1.13025,11546
1638475200,1.13025,1.13082,1.12955,1.13001,4211
1638489600,1.1301,1.13076,1.12909,1.12987,2634
1638504000,1.12987,1.13023,1.12927,1.1299299999999999,2613
1638518400,1.1299299999999999,1.12999,1.12817,1.12975,6074
1638532800,1.12975,1.13335,1.12882,1.13102,9093
1638547200,1.131,1.13143,1.12668,1.13109,13990
1638561600,1.13109,1.13272,1.13014,1.13091,5449
1638748800,1.13008,1.13112,1.12884,1.12943,3134
1638763200,1.12943,1.1296599999999999,1.12821,1.12822,2671
1638777600,1.12822,1.12996,1.12748,1.12973,6251
1638792000,1.12973,1.13101,1.1285,1.12972,6063
1638806400,1.1297,1.13079,1.12666,1.12788,8405
1638820800,1.12788,1.12858,1.12726,1.12843,3516
1638835200,1.12836,1.1287099999999999,1.12758,1.1282,2328
1638849600,1.12821,1.12929,1.1280999999999999,1.12873,3049
1638864000,1.12873,1.12984,1.12536,1.12746,6814
1638878400,1.12747,1.12775,1.12275,1.124,7683
1638892800,1.12402,1.12548,1.12354,1.12439,7826
1638907200,1.1244,1.1274,1.12418,1.12689,3559
1638921600,1.12674,1.12816,1.12637,1.12791,2014
1638936000,1.12792,1.12957,1.12792,1.12938,2710
1638950400,1.12935,1.12954,1.12786,1.12851,5988
1638964800,1.1285,1.1317599999999999,1.12672,1.13163,10432
1638979200,1.13166,1.13496,1.13003,1.13485,8890
1638993600,1.13485,1.13548,1.13433,1.13443,3548
1639008000,1.13423,1.1345399999999999,1.13329,1.13345,2161
1639022400,1.13346,1.13369,1.13268,1.13268,2168
1639036800,1.13268,1.13338,1.13155,1.13189,5893
1639051200,1.13192,1.1323699999999999,1.13069,1.13167,7639
1639065600,1.13166,1.13193,1.12784,1.129,7971
1639080000,1.129,1.1295600000000001,1.12828,1.12926,3762
1639094400,1.12906,1.12981,1.1287,1.12969,2232
1639108800,1.12969,1.13028,1.12948,1.1295,2428
1639123200,1.12949,1.1301,1.12806,1.12823,5537
1639137600,1.12823,1.13094,1.12652,1.12938,7240
1639152000,1.12935,1.13241,1.12702,1.13189,9724
1639166400,1.1319,1.13229,1.13099,1.13169,2790
1639353600,1.13122,1.13194,1.13028,1.13055,2289
1639368000,1.1305399999999999,1.13057,1.12924,1.12972,2183
1639382400,1.12972,1.12977,1.12603,1.12684,5416
1639396800,1.12683,1.12921,1.12626,1.12843,6504
1639411200,1.12843,1.13072,1.12735,1.12931,7607
1639425600,1.12931,1.12999,1.12818,1.12866,2762
1639440000,1.1283400000000001,1.12849,1.1273900000000001,1.12822,2757
1639454400,1.12822,1.12838,1.12715,1.12778,2444
1639468800,1.1278,1.1304400000000001,1.12665,1.13013,5543
1639483200,1.13013,1.13238,1.13007,1.13086,7680
1639497600,1.13085,1.1308799999999999,1.12654,1.12719,7832
1639512000,1.12719,1.12719,1.12537,1.12565,2749
1639526400,1.12568,1.12699,1.1254,1.1267800000000001,1886
1639540800,1.12683,1.12726,1.12575,1.12692,2106
1639555200,1.12692,1.1277300000000001,1.12629,1.12716,5060
1639569600,1.12713,1.12769,1.12558,1.12736,6053
1639584000,1.12735,1.12745,1.12481,1.12602,7977
1639598400,1.12604,1.1299299999999999,1.12221,1.12937,10221
1639612800,1.12873,1.12987,1.12814,1.1287,3204
1639627200,1.1287099999999999,1.12909,1.12837,1.12856,2720
1639641600,1.12856,1.13192,1.12837,1.13133,6584
1639656000,1.13134,1.13594,1.12907,1.13593,9779
1639670400,1.13593,1.13604,1.12985,1.13181,9897
1639684800,1.13181,1.13366,1.13152,1.13318,3501
1639699200,1.1329799999999999,1.13351,1.13208,1.13212,2465
1639713600,1.13211,1.13489,1.13203,1.13481,3104
1639728000,1.13481,1.13487,1.13172,1.13343,6833
1639742400,1.13343,1.13343,1.13052,1.13074,7009
1639756800,1.13074,1.13158,1.12668,1.12681,8869
1639771200,1.1268,1.1271200000000001,1.12352,1.12378,3881
1639958400,1.12379,1.12502,1.12348,1.12386,2896
1639972800,1.12386,1.12545,1.12366,1.12543,3274
1639987200,1.12542,1.12741,1.12473,1.1262,7111
1640001600,1.12621,1.12981,1.12572,1.12933,7112
1640016000,1.12933,1.13038,1.12785,1.12842,7917
1640030400,1.12841,1.1287,1.12721,1.1277,3186
1640044800,1.12754,1.12847,1.12731,1.12815,2351
1640059200,1.12815,1.12869,1.12764,1.12807,2080
1640073600,1.12807,1.1302699999999999,1.12761,1.12952,5741
1640088000,1.12953,1.13014,1.12761,1.12908,6432
1640102400,1.12908,1.1292,1.1261,1.12672,7831
1640116800,1.12677,1.12833,1.12641,1.1280999999999999,2790
1640131200,1.12798,1.12941,1.12719,1.12867,1922
1640145600,1.12868,1.12872,1.12684,1.12711,2115
1640160000,1.1271,1.12853,1.12644,1.12833,4860
1640174400,1.12831,1.13151,1.12813,1.13117,6345
1640188800,1.13113,1.13423,1.13056,1.13291,7397
1640203200,1.13291,1.13389,1.13229,1.13282,2770
1640217600,1.13245,1.13423,1.13177,1.13419,2352
1640232000,1.13419,1.13419,1.13374,1.13375,1526
1640246400,1.13375,1.13407,1.13108,1.13207,4279
1640260800,1.13205,1.13305,1.12978,1.12992,6268
1640275200,1.12992,1.13367,1.12904,1.13367,7585
1640289600,1.13368,1.13378,1.13253,1.13279,2083
1640304000,1.13114,1.13297,1.13114,1.13256,3480
1640318400,1.13256,1.13348,1.1324,1.13303,2545
1640332800,1.13296,1.13414,1.13283,1.13406,2278
1640347200,1.13406,1.13435,1.13131,1.13218,4573
1640361600,1.13218,1.13277,1.13069,1.13146,6579
1640376000,1.13144,1.1326,1.1308,1.13135,2535
1640563200,1.13072,1.1326100000000001,1.1303,1.13183,1968
1640577600,1.13183,1.13249,1.13142,1.13153,1998
1640592000,1.13152,1.13344,1.13029,1.13086,3846
1640606400,1.13086,1.13231,1.13036,1.13116,4099
1640620800,1.13117,1.13315,1.13106,1.13269,4623
1640635200,1.13268,1.13303,1.13219,1.13264,1750
1640649600,1.13235,1.13313,1.13199,1.13199,1480
1640664000,1.13199,1.13287,1.13182,1.1328,1543
1640678400,1.13279,1.1331,1.13157,1.13308,3387
1640692800,1.13307,1.13331,1.13214,1.13216,3922
1640707200,1.13214,1.13229,1.12896,1.13105,6348
1640721600,1.13105,1.13142,1.1299,1.1308799999999999,2398
1640736000,1.13089,1.13142,1.12976,1.13003,1824
1640750400,1.13002,1.13093,1.1298,1.13051,1821
1640764800,1.1305,1.13061,1.12737,1.12799,4004
1640779200,1.12799,1.13221,1.12786,1.13182,6212
1640793600,1.13182,1.1368800000000001,1.13129,1.13377,7255
1640808000,1.13374,1.13524,1.13349,1.13477,2848
1640822400,1.13467,1.13598,1.13428,1.13461,1736
1640836800,1.13461,1.13474,1.13248,1.13259,1666
1640851200,1.13259,1.13269,1.13,1.13016,4848
1640865600,1.13016,1.13445,1.13003,1.13039,6241
1640880000,1.13042,1.13401,1.12987,1.1315,7142
1640894400,1.1315,1.13303,1.13039,1.13247,2340
1640908800,1.13215,1.13286,1.13192,1.13199,1464
1640923200,1.13199,1.13255,1.13096,1.13109,1233
1640937600,1.13109,1.13364,1.13033,1.13285,3201
1640952000,1.13285,1.13534,1.13122,1.13483,5553
1640966400,1.13482,1.13864,1.13381,1.13863,6698
1640980800,1.13863,1.13863,1.1374900000000001,1.1378,1857
1641168000,1.1369,1.13784,1.135,1.13588,2170
1641182400,1.13588,1.13588,1.13362,1.13379,1949
1641196800,1.13379,1.13564,1.1335,1.13517,4535
1641211200,1.13517,1.13662,1.1346,1.13508,6516
1641225600,1.13509,1.13519,1.12798,1.12838,8931
1641240000,1.12838,1.13003,1.12833,1.12978,2708
1641254400,1.12958,1.1308799999999999,1.1294,1.13067,2317
1641268800,1.13067,1.13094,1.1295600000000001,1.13049,2709
1641283200,1.13049,1.13082,1.12833,1.13021,6009
1641297600,1.13021,1.13056,1.12724,1.12802,7858
1641312000,1.12803,1.13226,1.12777,1.12938,9126
1641326400,1.12938,1.12945,1.12782,1.1286100000000001,3446
1641340800,1.12842,1.12887,1.12771,1.12857,2061
1641355200,1.12857,1.12968,1.12851,1.12938,2180
1641369600,1.12936,1.1311,1.12929,1.13063,5207
1641384000,1.1306,1.13287,1.13032,1.13239,8074
1641398400,1.13239,1.13464,1.13211,1.13414,7357
1641412800,1.13413,1.13445,1.13022,1.1313,6102
1641427200,1.13108,1.13186,1.1305,1.13166,2050
1641441600,1.13166,1.13205,1.13071,1.13092,2887
1641456000,1.13091,1.13094,1.12847,1.13055,6612
1641470400,1.13053,1.13269,1.13023,1.13122,8291
1641484800,1.13122,1.13319,1.12904,1.12959,9762
1641499200,1.12957,1.12998,1.12863,1.12986,3664
1641513600,1.12963,1.13008,1.12901,1.13007,1931
1641528000,1.13007,1.13033,1.12952,1.13022,1716
1641542400,1.13022,1.13175,1.12982,1.13151,4846
1641556800,1.13148,1.13224,1.12924,1.13016,7399
1641571200,1.13019,1.13584,1.1299,1.13568,9690
1641585600,1.1356600000000001,1.13648,1.13552,1.13595,2818
1641772800,1.1356,1.13609,1.13497,1.13502,2569
1641787200,1.13502,1.13519,1.1332,1.1335,1868
1641801600,1.1335,1.13446,1.13207,1.13265,6384
1641816000,1.13265,1.13362,1.12951,1.12971,7960
1641830400,1.12972,1.13347,1.12852,1.13287,9147
1641844800,1.13286,1.13312,1.13201,1.13296,3660
1641859200,1.13218,1.13418,1.13218,1.13365,2224
1641873600,1.13365,1.13442,1.13346,1.13389,2447
1641888000,1.13389,1.13519,1.13288,1.13335,6314
1641902400,1.13335,1.13434,1.13233,1.1326,7283
1641916800,1.1326,1.13687,1.13131,1.13542,8531
1641931200,1.13542,1.13751,1.13522,1.13692,3409
1641945600,1.1367099999999999,1.13734,1.13642,1.13701,1752
1641960000,1.137,1.13779,1.13679,1.1373199999999999,1965
1641974400,1.13731,1.13751,1.1355,1.13673,5338
1641988800,1.13673,1.14153,1.13547,1.14099,7899
1642003200,1.14104,1.1445,1.13946,1.1444,9958
1642017600,1.1444,1.14527,1.14383,1.1440299999999999,4013
1642032000,1.1440299999999999,1.14482,1.14359,1.1439,2347
1642046400,1.1439,1.14473,1.14359,1.14411,2286
1642060800,1.14411,1.14783,1.14385,1.14714,6470
1642075200,1.14715,1.14776,1.14535,1.14715,7947
1642089600,1.14722,1.14815,1.14472,1.14614,9009
1642104000,1.14614,1.14664,1.1451,1.1454900000000001,3869
1642118400,1.14543,1.1468099999999999,1.14513,1.14661,2745
1642132800,1.14662,1.14828,1.14626,1.14789,3038
1642147200,1.14789,1.14806,1.14573,1.14582,6574
1642161600,1.14582,1.14611,1.14334,1.1438,7762
1642176000,1.14383,1.14499,1.13986,1.14022,10736
1642190400,1.14022,1.14179,1.14013,1.14158,3612
1642377600,1.14128,1.14165,1.14002,1.14048,2906
1642392000,1.14049,1.14225,1.14038,1.1419,2148
1642406400,1.1419,1.14344,1.1412,1.14239,4858
1642420800,1.14239,1.14266,1.13919,1.14017,6056
1642435200,1.14017,1.1415899999999999,1.13956,1.14118,5559
1642449600,1.14118,1.14136,1.14047,1.14052,762
1642464000,1.14068,1.14207,1.14054,1.1419,2166
1642478400,1.1419,1.14215,1.1385,1.1397,4786
1642492800,1.1397,1.14058,1.13861,1.13949,8514
1642507200,1.13949,1.13994,1.13633,1.1378300000000001,8316
1642521600,1.1378300000000001,1.13786,1.13206,1.13226,10330
1642536000,1.13226,1.13346,1.13148,1.13277,4961
1642550400,1.13206,1.13306,1.1319,1.13223,2908
1642564800,1.13223,1.13337,1.13201,1.133,3140
1642579200,1.13301,1.13482,1.1327099999999999,1.134,6825
1642593600,1.134,1.13508,1.1333199999999999,1.1344,6924
1642608000,1.1344,1.13572,1.1336,1.13441,8915
1642622400,1.13441,1.13547,1.13419,1.13437,3708
1642636800,1.1341700000000001,1.13653,1.13405,1.1360000000000001,2681
1642651200,1.13601,1.1360999999999999,1.13455,1.13499,3340
1642665600,1.13498,1.1369,1.13435,1.13475,6281
1642680000,1.13474,1.13578,1.13315,1.13517,7385
1642694400,1.13517,1.1357599999999999,1.13266,1.13272,9458
1642708800,1.13272,1.1329500000000001,1.13032,1.13099,4519
1642723200,1.13106,1.13177,1.1301,1.1317300000000001,3576
1642737600,1.13174,1.13351,1.13156,1.13254,3145
1642752000,1.13255,1.13453,1.13227,1.1339299999999999,6885
1642766400,1.1339299999999999,1.13518,1.13256,1.13503,6781
1642780800,1.13501,1.13598,1.1337,1.13456,9583
1642795200,1.13457,1.13491,1.1338300000000001,1.13423,3632
1642982400,1.13408,1.13451,1.13326,1.1337,2617
1642996800,1.1337,1.13379,1.1317,1.13177,2505
1643011200,1.13182,1.13365,1.13107,1.13253,7260
1643025600,1.13252,1.13282,1.12952,1.1296,8817
1643040000,1.12958,1.13292,1.12906,1.1328,10764
1643054400,1.1328,1.1335,1.13178,1.13254,5699
1643068800,1.13242,1.13292,1.13164,1.13167,2721
1643083200,1.13167,1.13185,1.13081,1.13099,2771
1643097600,1.13099,1.13159,1.12845,1.12879,7153
1643112000,1.12878,1.12909,1.12665,1.12757,6836
1643126400,1.12757,1.12891,1.12633,1.12878,8441
1643140800,1.12878,1.1307,1.12864,1.13028,3973
1643155200,1.12999,1.13059,1.1296599999999999,1.1305399999999999,2007
1643169600,1.1305399999999999,1.13108,1.13007,1.13045,2464
1643184000,1.13045,1.13052,1.12835,1.12868,5653
1643198400,1.12868,1.12881,1.12717,1.12822,6747
1643212800,1.12824,1.12964,1.12741,1.1288,8046
1643227200,1.12885,1.13,1.12356,1.12422,10840
1643241600,1.12396,1.1243400000000001,1.12306,1.1233,3184
1643256000,1.12328,1.12334,1.12154,1.12201,3859
1643270400,1.12201,1.12214,1.11936,1.11965,7812
1643284800,1.11964,1.12011,1.1135,1.11494,10122
1643299200,1.1149,1.11622,1.1132,1.11392,10650
1643313600,1.11389,1.1149499999999999,1.11359,1.11439,4632
1643328000,1.11418,1.11483,1.11381,1.11474,2850
1643342400,1.11474,1.11559,1.11464,1.11542,2965
1643356800,1.11542,1.11549,1.11215,1.11327,7460
1643371200,1.11326,1.11688,1.11256,1.11682,9250
1643385600,1.11687,1.11735,1.11384,1.1151200000000001,11343
1643400000,1.11514,1.11562,1.11412,1.11475,3874
1643587200,1.11441,1.1158,1.11385,1.11578,2928
1643601600,1.11577,1.11659,1.11548,1.11651,2639
1643616000,1.11651,1.11824,1.11609,1.11746,6318
1643630400,1.11749,1.11939,1.11464,1.11933,8550
1643644800,1.11933,1.12196,1.11834,1.12192,10434
1643659200,1.12192,1.12478,1.12187,1.12335,4668
1643673600,1.12337,1.12344,1.12212,1.12262,2542
1643688000,1.12262,1.12452,1.12256,1.12402,2909
1643702400,1.12402,1.12695,1.12344,1.12614,7442
1643716800,1.12614,1.12787,1.12534,1.12659,7852
1643731200,1.12659,1.12745,1.12347,1.1245,9964
1643745600,1.1245,1.12737,1.12429,1.1273,3785
1643760000,1.12691,1.1277,1.12682,1.12763,1993
1643774400,1.12765,1.12779,1.12707,1.12733,1784
1643788800,1.12733,1.12945,1.12667,1.12933,5666
1643803200,1.12949,1.13302,1.129,1.13114,8131
1643817600,1.1311499999999999,1.13212,1.12925,1.13113,8753
1643832000,1.13113,1.13143,1.13023,1.13058,2905
1643846400,1.1302699999999999,1.13057,1.1293199999999999,1.13001,2012
1643860800,1.13001,1.13083,1.12948,1.13007,2591
1643875200,1.13007,1.13026,1.12839,1.12842,5839
1643889600,1.12843,1.13639,1.12676,1.13635,10846
1643904000,1.1366,1.1451500000000001,1.13623,1.14439,14362
1643918400,1.1443699999999999,1.14497,1.14263,1.1439300000000001,4931
1643932800,1.14343,1.14541,1.14321,1.14521,2599
1643947200,1.14521,1.14719,1.14491,1.146,3310
1643961600,1.146,1.14687,1.14398,1.14632,8251
1643976000,1.14632,1.14838,1.1421999999999999,1.14362,10740
1643990400,1.14364,1.14626,1.14117,1.14543,11649
1644004800,1.14546,1.14641,1.14475,1.14518,3868
1644192000,1.14566,1.14629,1.14395,1.14414,2909
1644206400,1.14417,1.14428,1.14249,1.14306,3357
1644220800,1.14306,1.14493,1.14153,1.14235,7608
1644235200,1.14235,1.14589,1.14163,1.14398,8258
1644249600,1.144,1.14511,1.14175,1.14188,9701
1644264000,1.14187,1.14439,1.14174,1.14394,3164
1644278400,1.14405,1.1448800000000001,1.14335,1.14357,2319
1644292800,1.14358,1.14359,1.14155,1.14171,3152
1644307200,1.14171,1.14236,1.13965,1.14059,7742
1644321600,1.14059,1.14335,1.14005,1.14089,7614
1644336000,1.1408800000000001,1.14237,1.14033,1.14214,7425
1644350400,1.14208,1.14239,1.14017,1.14173,3206
1644364800,1.14145,1.14235,1.1412200000000001,1.1423,2099
1644379200,1.1423,1.14325,1.14218,1.14224,2496
1644393600,1.14223,1.14279,1.1402700000000001,1.14266,5960
1644408000,1.14265,1.14459,1.14234,1.14359,7041
1644422400,1.14356,1.14478,1.14255,1.14375,8154
1644436800,1.14375,1.14407,1.14203,1.14234,3598
1644451200,1.14221,1.14262,1.14132,1.14195,2394
1644465600,1.14195,1.14316,1.14178,1.14259,2275
1644480000,1.14259,1.14463,1.14195,1.14435,5709
1644494400,1.14435,1.14456,1.13824,1.14083,8500
1644508800,1.14078,1.1494900000000001,1.1375,1.14646,14769
1644523200,1.1464699999999999,1.14752,1.14072,1.1429,8215
1644537600,1.14289,1.14303,1.13861,1.14026,3869
1644552000,1.14026,1.14071,1.1374900000000001,1.13866,3261
1644566400,1.13866,1.1398,1.13702,1.13863,8422
1644580800,1.13862,1.14181,1.1384,1.13908,7746
1644595200,1.13908,1.14082,1.13803,1.13968,10290
1644609600,1.13968,1.13995,1.13299,1.13477,12787
1644796800,1.1339299999999999,1.13692,1.13387,1.13537,4615
1644811200,1.13537,1.13537,1.13406,1.13516,3507
1644825600,1.13516,1.13521,1.1304,1.13121,8978
1644840000,1.13121,1.13424,1.13009,1.13152,10543
1644854400,1.1315,1.13212,1.12918,1.13104,11627
1644868800,1.13104,1.13143,1.12802,1.1307800000000001,7681
1644883200,1.13064,1.13147,1.12981,1.13106,2537
1644897600,1.13106,1.13225,1.13092,1.13174,3636
1644912000,1.13174,1.13501,1.13095,1.13464,8455
1644926400,1.13464,1.1360000000000001,1.13366,1.13559,9548
1644940800,1.13559,1.13684,1.13204,1.13588,10440
1644955200,1.13589,1.13643,1.13546,1.13597,3709
1644969600,1.1357599999999999,1.13601,1.1348799999999999,1.1352,1983
1644984000,1.13519,1.13555,1.13451,1.1353900000000001,2500
1644998400,1.1354,1.13954,1.13532,1.13776,7204
1645012800,1.13776,1.13883,1.1355,1.13632,8395
1645027200,1.13633,1.13828,1.13533,1.13748,8470
1645041600,1.13744,1.13959,1.13704,1.13739,6866
1645056000,1.13752,1.13848,1.1367099999999999,1.13817,2713
1645070400,1.13817,1.13851,1.13233,1.13565,6538
1645084800,1.13565,1.13859,1.1343,1.13614,10510
1645099200,1.13618,1.13795,1.13517,1.13593,8763
1645113600,1.13593,1.13792,1.13508,1.13593,10783
1645128000,1.13593,1.13673,1.13569,1.13617,4225
1645142400,1.13612,1.13713,1.13579,1.13682,3277
1645156800,1.13682,1.13714,1.13615,1.13659,3117
1645171200,1.13659,1.1377,1.13641,1.13714,6479
1645185600,1.13711,1.13724,1.13471,1.13491,8067
1645200000,1.1349,1.13542,1.13148,1.13223,10698
1645214400,1.13223,1.13358,1.1322,1.1323400000000001,3835
1645401600,1.13209,1.1358,1.13133,1.13535,3919
1645416000,1.13535,1.13681,1.1353,1.1362700000000001,2685
1645430400,1.13626,1.13904,1.1354,1.13636,5762
1645444800,1.13636,1.13665,1.13212,1.13301,6860
1645459200,1.13296,1.13492,1.13254,1.13364,6447
1645473600,1.13369,1.13429,1.13068,1.13111,2754
1645488000,1.13108,1.13199,1.12964,1.13038,3912
1645502400,1.13038,1.13095,1.12881,1.13063,4270
1645516800,1.13068,1.13368,1.12927,1.13194,9801
1645531200,1.13198,1.13669,1.13185,1.13413,10882
1645545600,1.13412,1.13541,1.13252,1.13338,10453
1645560000,1.13337,1.13413,1.13222,1.13257,6145
1645574400,1.13267,1.13361,1.13251,1.13349,2263
1645588800,1.13352,1.1339,1.13201,1.13257,2237
1645603200,1.13257,1.13589,1.13162,1.1356,6416
1645617600,1.13558,1.13582,1.13365,1.13516,7291
1645632000,1.1351499999999999,1.13519,1.13061,1.13125,9283
1645646400,1.13125,1.13126,1.13013,1.13031,4830
1645660800,1.13034,1.13087,1.12752,1.12931,3780
1645675200,1.12931,1.1294,1.12087,1.12378,11077
1645689600,1.12378,1.1262,1.12094,1.12115,14695
1645704000,1.12115,1.12124,1.11531,1.11621,15501
1645718400,1.1162,1.11787,1.11065,1.11666,15314
1645732800,1.11666,1.12212,1.116,1.11932,10779
1645747200,1.11915,1.12096,1.11866,1.12036,4783
1645761600,1.12036,1.12287,1.11989,1.12255,5263
1645776000,1.12256,1.12256,1.11696,1.11814,10822
1645790400,1.11815,1.12413,1.11661,1.12368,12321
1645804800,1.12367,1.1267,1.12188,1.12409,12116
1645819200,1.12409,1.12741,1.12409,1.1272,5453
1646006400,1.11372,1.11946,1.11372,1.11712,9838
1646020800,1.11712,1.1173899999999999,1.11423,1.11565,6395
1646035200,1.11564,1.12001,1.11546,1.11785,12128
1646049600,1.1178,1.12321,1.11779,1.12126,11907
1646064000,1.12127,1.12464,1.11975,1.1205,13398
1646078400,1.12051,1.12237,1.12036,1.12198,6340
1646092800,1.12148,1.12206,1.12018,1.12019,2502
1646107200,1.12019,1.12056,1.11908,1.11961,3472
1646121600,1.11961,1.12331,1.11902,1.11967,9661
1646136000,1.11964,1.11987,1.11406,1.11603,12883
1646150400,1.11605,1.11621,1.10899,1.11093,14756
1646164800,1.11092,1.11381,1.10986,1.11238,8385
1646179200,1.1120700000000001,1.11357,1.11183,1.11283,2873
1646193600,1.11283,1.11319,1.11115,1.11149,3915
1646208000,1.11153,1.1118,1.10591,1.10824,12971
1646222400,1.10824,1.11195,1.10761,1.11048,13004
1646236800,1.11048,1.11435,1.10576,1.11027,15611
1646251200,1.11026,1.11343,1.11003,1.11245,6703
1646265600,1.11162,1.11214,1.10943,1.10979,4060
1646280000,1.10979,1.11067,1.10901,1.1102,3619
1646294400,1.11018,1.11064,1.10719,1.10799,8437
1646308800,1.10801,1.10971,1.1065,1.1086,9096
1646323200,1.10857,1.10951,1.10338,1.10515,13835
1646337600,1.10512,1.1066799999999999,1.10474,1.10663,6293
1646352000,1.10657,1.10681,1.10102,1.10488,7864
1646366400,1.10489,1.10493,1.10195,1.10286,6886
1646380800,1.10288,1.1031900000000001,1.10088,1.10143,8611
1646395200,1.10142,1.10198,1.08865,1.0909,12229
1646409600,1.09091,1.09281,1.08964,1.0926,13975
1646424000,1.0926,1.09402,1.09101,1.0930900000000001,6615
1646611200,1.09273,1.09297,1.08218,1.08434,8099
1646625600,1.08434,1.08873,1.08359,1.08769,7914
1646640000,1.08771,1.08979,1.08502,1.0858,13663
1646654400,1.08585,1.09253,1.08062,1.08977,15588
1646668800,1.08973,1.09318,1.08487,1.08751,15466
1646683200,1.08751,1.09003,1.08457,1.08524,9494
1646697600,1.08523,1.08805,1.0849199999999999,1.0875,4049
1646712000,1.0875,1.0885,1.08559,1.08599,5726
1646726400,1.08598,1.09216,1.08512,1.08877,14609
1646740800,1.08878,1.09211,1.08657,1.09157,13509
1646755200,1.09152,1.09562,1.08722,1.09433,17174
1646769600,1.09425,1.09584,1.08971,1.09027,11116
1646784000,1.08963,1.09201,1.08902,1.09141,3874
1646798400,1.09141,1.09297,1.09053,1.09163,4607
1646812800,1.09161,1.09729,1.09095,1.097,10762
1646827200,1.09701,1.10165,1.09418,1.10143,11643
1646841600,1.10144,1.10951,1.10043,1.10919,15237
1646856000,1.10919,1.10951,1.10618,1.10731,6780
1646870400,1.10725,1.10783,1.10419,1.10514,3962
1646884800,1.10514,1.10627,1.10456,1.1059,3992
1646899200,1.1059,1.10796,1.10263,1.10414,11514
1646913600,1.10414,1.11211,1.10257,1.10642,15463
1646928000,1.10641,1.107,1.09802,1.09905,14224
1646942400,1.09908,1.0994,1.09763,1.0988,5707
1646956800,1.09842,1.1019,1.09808,1.09876,4137
1646971200,1.0988,1.10104,1.09876,1.09992,5729
1646985600,1.09992,1.10088,1.09603,1.09676,10168
1647000000,1.0967500000000001,1.10433,1.0966,1.09983,13401
1647014400,1.09982,1.10016,1.09131,1.09164,13448
1647028800,1.09163,1.09214,1.09021,1.09142,6046
1647216000,1.09221,1.09392,1.09096,1.09292,4047
1647230400,1.09295,1.09376,1.09008,1.09172,6165
1647244800,1.09172,1.09601,1.09088,1.09566,8222
1647259200,1.09566,1.09894,1.09402,1.09579,11212
1647273600,1.09575,1.09939,1.0935,1.09742,11979
1647288000,1.09743,1.09794,1.09395,1.09395,6696
1647302400,1.09411,1.09556,1.09307,1.09505,3244
1647316800,1.09505,1.09852,1.09377,1.09827,6963
1647331200,1.09825,1.10198,1.09673,1.10038,10462
1647345600,1.10039,1.10078,1.09781,1.09906,10407
1647360000,1.09905,1.10001,1.09382,1.09516,13648
1647374400,1.09516,1.0954,1.09262,1.09464,6529
1647388800,1.0954,1.09741,1.09482,1.0957,3085
1647403200,1.09568,1.09775,1.09561,1.09679,5038
1647417600,1.09679,1.1005,1.09561,1.09908,8952
1647432000,1.09907,1.10248,1.09806,1.09893,11021
1647446400,1.09894,1.10401,1.09856,1.10012,14115
1647460800,1.10007,1.1047,1.09506,1.10362,13416
1647475200,1.10343,1.10524,1.10078,1.10514,3506
1647489600,1.10514,1.10521,1.10299,1.10347,5650
1647504000,1.10347,1.10671,1.10222,1.10533,7480
1647518400,1.1053,1.10639,1.10232,1.10459,10863
1647532800,1.10459,1.11334,1.10444,1.11311,9838
1647547200,1.11311,1.11376,1.10896,1.1091,5616
1647561600,1.1092,1.11186,1.10893,1.10997,3450
1647576000,1.10998,1.11037,1.10766,1.10768,4928
1647590400,1.10768,1.10944,1.10557,1.10678,7759
1647604800,1.10678,1.10707,1.10156,1.10206,9479
1647619200,1.10206,1.1072,1.10032,1.10608,12731
1647633600,1.10609,1.10642,1.1042399999999999,1.10494,5468
1647820800,1.10575,1.10582,1.10377,1.10453,2085
1647835200,1.10453,1.10536,1.10409,1.10409,2533
1647849600,1.10411,1.10628,1.1035,1.10566,5857
1647864000,1.10568,1.10702,1.10257,1.1034,8496
1647878400,1.1034,1.10524,1.1026799999999999,1.10416,11130
1647892800,1.10421,1.10437,1.10103,1.10162,7700
1647907200,1.10162,1.10256,1.09813,1.09865,2792
1647921600,1.09865,1.10053,1.0984099999999999,1.09854,5934
1647936000,1.09854,1.10115,1.0961,1.10074,8253
1647950400,1.10073,1.10344,1.09873,1.10158,11047
1647964800,1.10158,1.10458,1.10115,1.10179,10638
1647979200,1.10179,1.10331,1.10147,1.10303,4632
1647993600,1.10253,1.10438,1.1021,1.10254,3374
1648008000,1.10254,1.10348,1.1021,1.10276,4851
1648022400,1.10277,1.104,1.10105,1.10163,6237
1648036800,1.10164,1.10177,1.09752,1.09871,9583
1648051200,1.09871,1.10072,1.09643,1.10021,10443
1648065600,1.10023,1.10119,1.09973,1.10089,4615
1648080000,1.10042,1.10137,1.10013,1.10026,2686
1648094400,1.10026,1.10034,1.09806,1.09857,4796
1648108800,1.09857,1.1001,1.09723,1.09775,7252
1648123200,1.09775,1.10011,1.09726,1.09833,8904
1648137600,1.09834,1.10134,1.09662,1.09859,11161
1648152000,1.09861,1.10058,1.09825,1.09978,5276
1648166400,1.09965,1.10109,1.09951,1.1009,2932
1648180800,1.1009,1.1038000000000001,1.1008,1.1031900000000001,6003
1648195200,1.1032,1.10339,1.10111,1.1016,6421
1648209600,1.1016,1.10224,1.10009,1.10033,7762
1648224000,1.10036,1.10247,1.0981,1.09879,12873
1648238400,1.09879,1.09967,1.0982,1.09853,5650
1648425600,1.09867,1.09872,1.09674,1.0971,2887
1648440000,1.09707,1.0975,1.09508,1.09542,6742
1648454400,1.09542,1.09993,1.09449,1.09909,10632
1648468800,1.09909,1.09933,1.09513,1.09568,10915
1648483200,1.09568,1.09996,1.09467,1.09942,10959
1648497600,1.0994,1.09993,1.09748,1.0985800000000001,4898
1648512000,1.09815,1.09976,1.09698,1.09737,3868
1648526400,1.09737,1.09973,1.09734,1.09854,6235
1648540800,1.09855,1.10183,1.09793,1.09852,9391
1648555200,1.09848,1.11289,1.09752,1.11133,14784
1648569600,1.11133,1.1137299999999999,1.10782,1.10804,14336
1648584000,1.10804,1.10945,1.10717,1.10875,5218
1648598400,1.10865,1.1099,1.10784,1.10976,4083
1648612800,1.10976,1.11214,1.1097299999999999,1.11109,8647
1648627200,1.11108,1.11566,1.11057,1.11564,11459
1648641600,1.11563,1.11618,1.11119,1.1125,11186
1648656000,1.11253,1.11711,1.11198,1.11573,11238
1648670400,1.11573,1.11628,1.11478,1.11597,4803
1648684800,1.11572,1.11749,1.11562,1.11746,4097
1648699200,1.11741,1.11848,1.11579,1.11606,5687
1648713600,1.11606,1.11758,1.11129,1.11295,10631
1648728000,1.11295,1.1132,1.10881,1.11022,10879
1648742400,1.11023,1.11326,1.10689,1.10818,13655
1648756800,1.10817,1.10937,1.10612,1.1067,6594
1648771200,1.10638,1.10763,1.10598,1.10674,3240
1648785600,1.10674,1.10733,1.10616,1.1064,4442
1648800000,1.10643,1.10756,1.10429,1.10608,9965
1648814400,1.10605,1.10676,1.10367,1.1044100000000001,10022
1648828800,1.1044100000000001,1.10541,1.10283,1.10402,10010
1648843200,1.10404,1.10523,1.10332,1.10454,4701
1649030400,1.10385,1.10537,1.10377,1.10494,2597
1649044800,1.10492,1.10544,1.10436,1.10479,3819
1649059200,1.10481,1.10539,1.10199,1.10224,8410
1649073600,1.10223,1.10321,1.0996,1.09993,8180
1649088000,1.09993,1.10029,1.09745,1.09749,8762
1649102400,1.09749,1.09772,1.09609,1.09732,4720
1649116800,1.09747,1.09799,1.09703,1.09763,2319
1649131200,1.09763,1.0977,1.09623,1.09642,3495
1649145600,1.09643,1.09887,1.09627,1.09681,8456
1649160000,1.0968,1.09852,1.09564,1.09643,8270
1649174400,1.09645,1.09756,1.09124,1.09141,10618
1649188800,1.09143,1.09213,1.09001,1.09054,4503
1649203200,1.09045,1.09082,1.08942,1.08945,2219
1649217600,1.08945,1.09034,1.08908,1.0897000000000001,5176
1649232000,1.08971,1.09269,1.08746,1.09235,9459
1649246400,1.09234,1.09379,1.08995,1.09333,8872
1649260800,1.09334,1.09372,1.0903100000000001,1.09083,9849
1649275200,1.09082,1.0928,1.08789,1.08977,9475
1649289600,1.08916,1.09123,1.08916,1.0912,3018
1649304000,1.0912,1.0916,1.09044,1.09144,4178
1649318400,1.09144,1.09342,1.08757,1.08783,8480
1649332800,1.08783,1.09266,1.08651,1.09135,10095
1649347200,1.0913599999999999,1.09384,1.0877,1.08774,11501
1649361600,1.08774,1.08924,1.0868,1.08819,6115
1649376000,1.08777,1.08826,1.08581,1.08621,3696
1649390400,1.08622,1.08699,1.08548,1.08549,4613
1649404800,1.08548,1.08793,1.0848200000000001,1.08669,7654
1649419200,1.08668,1.0892,1.08504,1.08531,7972
1649433600,1.08531,1.08815,1.08365,1.08723,9304
1649448000,1.08723,1.08853,1.08651,1.08751,4184
1649635200,1.09087,1.09129,1.08804,1.08884,3702
1649649600,1.08884,1.08947,1.08753,1.08855,5468
1649664000,1.08856,1.09187,1.08741,1.09074,8980
1649678400,1.09074,1.09333,1.08925,1.09054,7946
1649692800,1.09052,1.09062,1.08729,1.08778,9409
1649707200,1.08779,1.08949,1.08776,1.08837,4811
1649721600,1.08834,1.08873,1.08712,1.08745,2827
1649736000,1.08746,1.0883099999999999,1.08667,1.08794,4639
1649750400,1.08794,1.0882,1.08537,1.08621,9111
1649764800,1.0862,1.09036,1.08511,1.08955,9401
1649779200,1.08958,1.0903100000000001,1.08325,1.08418,13825
1649793600,1.08415,1.08451,1.08216,1.08273,6320
1649808000,1.08268,1.08315,1.08118,1.08161,2359
1649822400,1.08161,1.08408,1.08148,1.08338,4340
1649836800,1.08338,1.08448,1.08152,1.08371,8097
1649851200,1.08371,1.08479,1.08153,1.08181,8866
1649865600,1.0818,1.08942,1.0809,1.08821,11160
1649880000,1.08821,1.08917,1.08721,1.08916,5427
1649894400,1.08766,1.08999,1.08763,1.08849,3037
1649908800,1.0885,1.09129,1.0883099999999999,1.09121,4703
1649923200,1.09122,1.09232,1.09032,1.09082,7288
1649937600,1.09083,1.09178,1.08442,1.08477,10203
1649952000,1.08478,1.08488,1.07578,1.08164,16074
1649966400,1.08163,1.08349,1.08091,1.08311,4972
1649980800,1.08284,1.08303,1.0798,1.08089,3365
1649995200,1.08089,1.08152,1.07966,1.08054,5594
1650009600,1.08055,1.08234,1.08024,1.08186,3020
1650024000,1.08186,1.08196,1.0805,1.08128,6158
1650038400,1.0812599999999999,1.08137,1.08056,1.0806499999999999,2165
1650052800,1.0806499999999999,1.08141,1.08052,1.08087,1137
1650240000,1.08047,1.08217,1.07936,1.08013,3645
1650254400,1.08011,1.08123,1.07895,1.07926,5016
1650268800,1.07926,1.08036,1.07832,1.07922,4137
1650283200,1.07922,1.08147,1.07897,1.08051,4628
1650297600,1.08051,1.08107,1.07702,1.0773,7378
1650312000,1.0773,1.07864,1.07717,1.07812,4097
1650326400,1.07789,1.0788,1.07731,1.0779,3403
1650340800,1.07791,1.07845,1.07613,1.07722,5621
1650355200,1.07722,1.08142,1.07666,1.08109,8766
1650369600,1.08108,1.08108,1.07849,1.07942,7875
1650384000,1.07944,1.0808200000000001,1.07821,1.07965,10792
1650398400,1.07965,1.08036,1.07825,1.07906,5376
1650412800,1.07875,1.07993,1.07841,1.07964,3923
1650427200,1.07965,1.08226,1.07842,1.08203,8252
1650441600,1.08197,1.08413,1.08059,1.08397,7528
1650456000,1.08398,1.08669,1.08208,1.08291,9508
1650470400,1.08292,1.08662,1.08222,1.08429,10748
1650484800,1.08428,1.08574,1.08401,1.0852,6075
1650499200,1.0843099999999999,1.08552,1.08314,1.08361,3534
1650513600,1.08361,1.08439,1.08239,1.08324,5426
1650528000,1.08324,1.09364,1.08319,1.09214,10542
1650542400,1.09214,1.09252,1.08748,1.08912,9096
1650556800,1.08912,1.0896,1.08333,1.08436,11424
1650571200,1.08437,1.08583,1.08308,1.08354,8328
1650585600,1.08341,1.0843,1.08319,1.08374,3026
1650600000,1.08374,1.08507,1.0830899999999999,1.08458,5951
1650614400,1.08458,1.08518,1.07906,1.07982,10603
1650628800,1.07981,1.08253,1.07924,1.08196,8498
1650643200,1.08193,1.0845,1.07707,1.07794,12766
1650657600,1.07793,1.08016,1.07785,1.08013,6163
1650844800,1.08058,1.08144,1.0796000000000001,1.08023,4142
1650859200,1.08026,1.08045,1.07725,1.07742,6560
1650873600,1.07742,1.0779,1.07071,1.07452,12602
1650888000,1.0745,1.07583,1.07197,1.07429,11821
1650902400,1.07434,1.07437,1.06969,1.07154,13983
1650916800,1.07154,1.07189,1.0705,1.07112,7238
1650931200,1.07112,1.07313,1.07071,1.07307,3457
1650945600,1.07303,1.07388,1.07207,1.07281,6271
1650960000,1.07282,1.07345,1.06731,1.06813,10542
1650974400,1.06815,1.06973,1.06695,1.0679,9166
1650988800,1.0679,1.06854,1.06422,1.06592,11729
1651003200,1.06592,1.06616,1.06364,1.06374,6209
1651017600,1.06365,1.06479,1.0635,1.06437,3417
1651032000,1.06436,1.06536,1.06339,1.06499,5967
1651046400,1.065,1.06546,1.05855,1.05887,11782
1651060800,1.05881,1.06228,1.05454,1.05554,11469
1651075200,1.05554,1.05713,1.05147,1.05628,13758
1651089600,1.0563,1.0572300000000001,1.05537,1.05607,7311
1651104000,1.05535,1.05587,1.05312,1.05385,3187
1651118400,1.05385,1.0553,1.05089,1.05175,8168
1651132800,1.05174,1.05648,1.04818,1.05163,13613
1651147200,1.05163,1.05387,1.04713,1.04853,13277
1651161600,1.04857,1.05312,1.04818,1.05128,14634
1651176000,1.05125,1.05157,1.04972,1.04993,5911
1651190400,1.04988,1.05171,1.04912,1.0516,2819
1651204800,1.0516,1.05297,1.05052,1.05167,5130
1651219200,1.05168,1.05928,1.05166,1.0569,10918
1651233600,1.05692,1.05802,1.05101,1.05315,11104
1651248000,1.05313,1.0559,1.05186,1.05494,13041
1651262400,1.05491,1.05789,1.05421,1.05466,7304
1651449600,1.05597,1.05597,1.05266,1.05293,5092
1651464000,1.05294,1.05334,1.0517,1.05186,5776
1651478400,1.05186,1.05682,1.05103,1.05288,8384
1651492800,1.0529,1.0533,1.05089,1.05106,7109
1651507200,1.05108,1.05416,1.05023,1.05091,11192
1651521600,1.05092,1.05114,1.04904,1.05082,6451
1651536000,1.05035,1.05258,1.05016,1.05254,2477
1651550400,1.05253,1.05263,1.0501800000000001,1.0501800000000001,4165
1651564800,1.05021,1.05279,1.04944,1.05003,9222
1651579200,1.0500099999999999,1.05777,1.04923,1.05677,10232
1651593600,1.05676,1.05721,1.05117,1.05157,11207
1651608000,1.05157,1.05405,1.05126,1.05224,6031
1651622400,1.05196,1.05342,1.05195,1.05249,1993
1651636800,1.05249,1.05332,1.05141,1.05168,2999
1651651200,1.05167,1.05345,1.0506199999999999,1.05221,7488
1651665600,1.05221,1.0555,1.05147,1.05534,7701
1651680000,1.05532,1.05641,1.05246,1.0549,10564
1651694400,1.05491,1.0631,1.05111,1.06219,15172
1651708800,1.06187,1.06277,1.06038,1.06138,3840
1651723200,1.06139,1.06419,1.06099,1.06124,6351
1651737600,1.06124,1.06192,1.05819,1.06003,10321
1651752000,1.06002,1.06077,1.0546,1.05533,12247
1651766400,1.05536,1.05657,1.04927,1.05111,15915
1651780800,1.05107,1.05508,1.05023,1.05412,10049
1651795200,1.05387,1.05508,1.05336,1.05412,3907
1651809600,1.05412,1.05456,1.05161,1.05325,7593
1651824000,1.05327,1.05808,1.04829,1.05575,13230
1651838400,1.05575,1.05989,1.0548,1.05542,13028
1651852800,1.05539,1.05956,1.05539,1.05692,17351
1651867200,1.05692,1.05746,1.05364,1.05441,9179
1652054400,1.05409,1.05428,1.0518399999999999,1.05194,4040
1652068800,1.05193,1.05267,1.05028,1.05124,6245
1652083200,1.05122,1.05294,1.04952,1.05075,10343
1652097600,1.05072,1.05732,1.05049,1.05623,11469
1652112000,1.05623,1.05925,1.05172,1.05736,14976
1652126400,1.05736,1.05756,1.05507,1.05604,9214
1652140800,1.05574,1.05691,1.05527,1.05592,4812
1652155200,1.05588,1.0581,1.05553,1.05758,7533
1652169600,1.05756,1.05854,1.05512,1.05725,11029
1652184000,1.05725,1.05758,1.05357,1.05518,10332
1652198400,1.05514,1.05748,1.05255,1.05338,14405
1652212800,1.05341,1.05414,1.05268,1.05287,7436
1652227200,1.05281,1.05368,1.05269,1.05314,2246
1652241600,1.05314,1.05433,1.05257,1.05411,4848
1652256000,1.05412,1.05745,1.05372,1.0568,8930
1652270400,1.05677,1.05756,1.05022,1.05209,10880
1652284800,1.05209,1.0577,1.05183,1.05308,17322
1652299200,1.05308,1.05356,1.05101,1.0513,10609
1652313600,1.05131,1.05286,1.05076,1.05242,4056
1652328000,1.05244,1.05294,1.05125,1.05179,5927
1652342400,1.0518,1.05209,1.04405,1.04405,13503
1652356800,1.04406,1.04462,1.03888,1.04152,12697
1652371200,1.04153,1.0426,1.03546,1.03579,15987
1652385600,1.03583,1.0382,1.03542,1.03818,8268
1652400000,1.03756,1.03842,1.03733,1.03808,3452
1652414400,1.03808,1.03979,1.03746,1.03971,6313
1652428800,1.03973,1.04197,1.03836,1.04081,10490
1652443200,1.04081,1.04088,1.0371,1.03778,9387
1652457600,1.03779,1.0416,1.03498,1.04091,11272
1652472000,1.04089,1.04159,1.03938,1.04082,5199
1652659200,1.03984,1.04142,1.03905,1.041,4054
1652673600,1.041,1.04172,1.03893,1.03996,6651
1652688000,1.03996,1.04343,1.0395,1.04328,8647
1652702400,1.04328,1.04383,1.04127,1.0423499999999999,7742
1652716800,1.0423499999999999,1.04332,1.03898,1.04251,9479
1652731200,1.04247,1.04431,1.04178,1.04348,4612
1652745600,1.04306,1.0454,1.04287,1.0447,3073
1652760000,1.04472,1.04502,1.04319,1.04407,4833
1652774400,1.04407,1.0492,1.04405,1.04903,8457
1652788800,1.04903,1.05557,1.0469,1.0543,10921
1652803200,1.05433,1.05509,1.05253,1.0543,9647
1652817600,1.05431,1.05548,1.05213,1.05506,9103
1652832000,1.05476,1.05639,1.05456,1.05554,2975
1652846400,1.05554,1.05574,1.05248,1.05293,5476
1652860800,1.05293,1.05405,1.04944,1.05077,8531
1652875200,1.05077,1.05292,1.05048,1.05215,8378
1652889600,1.05215,1.05416,1.04827,1.04873,11378
1652904000,1.04873,1.04885,1.04612,1.04646,6562
1652918400,1.04614,1.05005,1.04612,1.04877,4417
1652932800,1.04884,1.05068,1.04789,1.04963,6702
1652947200,1.04964,1.05088,1.04652,1.04967,10333
1652961600,1.04963,1.05451,1.04873,1.05377,11681
1652976000,1.05379,1.05986,1.05367,1.05934,14783
1652990400,1.05937,1.06071,1.05813,1.05841,7901
1653004800,1.05768,1.05872,1.05684,1.05762,3581
1653019200,1.05763,1.05814,1.0555,1.05738,5505
1653033600,1.05738,1.05933,1.05546,1.05774,9811
1653048000,1.05773,1.05986,1.05611,1.05643,8766
1653062400,1.05643,1.05711,1.05396,1.05489,11081
1653076800,1.05489,1.05674,1.05329,1.05591,7167
1653264000,1.05626,1.05905,1.05553,1.05829,3679
1653278400,1.05829,1.05948,1.05797,1.05909,4345
1653292800,1.05909,1.06488,1.05885,1.06459,9954
1653307200,1.0646,1.06875,1.06453,1.0648900000000001,10024
1653321600,1.0648900000000001,1.0691,1.06446,1.06772,10197
1653336000,1.06773,1.06974,1.0671599999999999,1.06919,4670
1653350400,1.069,1.0694,1.06673,1.06693,2981
1653364800,1.06693,1.06753,1.0661,1.06634,3876
1653379200,1.06633,1.0735999999999999,1.06625,1.07047,10344
1653393600,1.07047,1.07278,1.06959,1.07075,9080
1653408000,1.07074,1.07488,1.07044,1.0731,13355
1653422400,1.07307,1.07387,1.07223,1.0735999999999999,5964
1653436800,1.07312,1.0739,1.07182,1.0723,2689
1653451200,1.0723,1.07234,1.07033,1.07056,5481
1653465600,1.07055,1.07093,1.06668,1.06702,9695
1653480000,1.06702,1.06792,1.06424,1.06509,10327
1653494400,1.06511,1.06871,1.06479,1.06548,10912
1653508800,1.06547,1.06946,1.0652,1.06803,8450
1653523200,1.0675,1.07063,1.06731,1.07043,3464
1653537600,1.07043,1.07057,1.06805,1.06826,5936
1653552000,1.06826,1.06959,1.06626,1.06825,8660
1653566400,1.06824,1.07231,1.06793,1.06984,9427
1653580800,1.06984,1.07294,1.06923,1.07058,9764
1653595200,1.0706,1.07317,1.0702099999999999,1.07288,4891
1653609600,1.07214,1.07401,1.07212,1.074,2701
1653624000,1.07401,1.07651,1.07343,1.07551,5542
1653638400,1.07548,1.0757,1.07257,1.07304,7965
1653652800,1.07305,1.07314,1.06973,1.07154,9269
1653667200,1.07157,1.07503,1.07013,1.07103,10354
1653681600,1.07102,1.07343,1.07064,1.07313,4373
1653868800,1.07344,1.07363,1.07263,1.073,3832
1653883200,1.073,1.07602,1.0727,1.07578,5117
1653897600,1.07579,1.077,1.07405,1.07632,8043
1653912000,1.07632,1.07805,1.07487,1.07528,7048
1653926400,1.07527,1.07865,1.07508,1.07863,6312
1653940800,1.07862,1.07869,1.07773,1.078,1859
1653955200,1.07747,1.07792,1.0744,1.07456,3727
1653969600,1.07453,1.0758,1.07348,1.07449,6426
1653984000,1.07449,1.07554,1.07253,1.07275,9283
1653998400,1.07279,1.07387,1.06801,1.06808,11434
1654012800,1.06819,1.07382,1.06792,1.07313,13578
1654027200,1.0731,1.07467,1.07257,1.07341,6056
1654041600,1.0732,1.07378,1.07267,1.0728,2951
1654056000,1.0728,1.07285,1.07074,1.07142,5346
1654070400,1.0714299999999999,1.07393,1.07054,1.07179,8761
1654084800,1.07181,1.07286,1.07024,1.07262,8098
1654099200,1.07262,1.07305,1.06273,1.06392,12790
1654113600,1.0639,1.06606,1.06372,1.06529,6063
1654128000,1.0645,1.06598,1.0645,1.06566,2954
1654142400,1.06565,1.06585,1.06449,1.06575,5006
1654156800,1.06575,1.0695000000000001,1.06497,1.06843,7296
1654171200,1.06842,1.07161,1.06809,1.07031,7698
1654185600,1.07033,1.07449,1.06923,1.07444,11010
1654200000,1.07444,1.07502,1.07379,1.0749900000000001,4182
1654214400,1.07311,1.07628,1.07311,1.07594,2863
1654228800,1.07593,1.07642,1.07461,1.07461,4025
1654243200,1.07461,1.07627,1.0745,1.07536,5968
1654257600,1.07536,1.07558,1.07043,1.07126,8457
1654272000,1.07178,1.07521,1.07107,1.0729,11182
1654286400,1.07277,1.07296,1.07149,1.07171,3987
1654473600,1.07171,1.07318,1.07145,1.07165,3098
1654488000,1.07165,1.0728,1.07101,1.07276,4251
1654502400,1.07276,1.07519,1.07182,1.07509,7722
1654516800,1.07509,1.07513,1.07157,1.07229,6497
1654531200,1.07229,1.0724,1.06842,1.07006,9647
1654545600,1.07007,1.07032,1.06854,1.06928,4676
1654560000,1.06965,1.0697,1.06801,1.06844,3028
1654574400,1.06844,1.06999,1.06708,1.06827,5944
1654588800,1.06828,1.07048,1.0665499999999999,1.06795,9915
1654603200,1.06796,1.06918,1.06544,1.06558,8986
1654617600,1.06553,1.07099,1.06523,1.07012,10733
1654632000,1.07014,1.0714299999999999,1.06932,1.07064,4251
1654646400,1.07025,1.07078,1.06917,1.06935,3102
1654660800,1.06933,1.06959,1.06785,1.06787,5369
1654675200,1.06786,1.0695000000000001,1.0676,1.06791,8488
1654689600,1.06791,1.07408,1.0671599999999999,1.07318,10075
1654704000,1.07317,1.07485,1.07248,1.07286,10743
1654718400,1.07286,1.07286,1.07127,1.07167,5054
1654732800,1.07155,1.07208,1.07095,1.07123,2776
1654747200,1.07122,1.07337,1.07097,1.07266,4214
1654761600,1.07263,1.07296,1.06942,1.07155,8025
1654776000,1.07155,1.07738,1.06893,1.07345,12140
1654790400,1.07345,1.0743,1.06454,1.06525,14696
1654804800,1.06525,1.0655000000000001,1.06113,1.06193,6598
1654819200,1.06192,1.06243,1.06112,1.06238,3336
1654833600,1.06238,1.06354,1.06175,1.06308,4478
1654848000,1.06308,1.06423,1.06077,1.06148,9257
1654862400,1.06148,1.06179,1.05214,1.05225,11701
1654876800,1.05231,1.05445,1.0506,1.05168,14855
1654891200,1.05167,1.05333,1.05137,1.05211,7220
1655078400,1.05149,1.05202,1.04809,1.0485,5504
1655092800,1.0485,1.04942,1.04756,1.0491,6514
1655107200,1.0491,1.0495700000000001,1.04564,1.04752,11429
1655121600,1.0475,1.04818,1.04451,1.04656,11969
1655136000,1.04658,1.04685,1.04182,1.04373,14014
1655150400,1.04373,1.04582,1.03999,1.0409,10667
1655164800,1.04067,1.04241,1.04036,1.04229,4364
1655179200,1.04227,1.0436,1.03972,1.04247,8512
1655193600,1.04246,1.04847,1.0418,1.04656,12030
1655208000,1.04656,1.04682,1.04255,1.04487,12956
1655222400,1.04487,1.04598,1.0407,1.04203,15298
1655236800,1.04202,1.04432,1.04,1.0417399999999999,9009
1655251200,1.0403,1.04407,1.0403,1.04349,5064
1655265600,1.04349,1.04512,1.04246,1.04269,7161
1655280000,1.04269,1.05078,1.04244,1.04941,14906
1655294400,1.04941,1.04978,1.04041,1.04149,14576
1655308800,1.04143,1.04321,1.03801,1.03815,12879
1655323200,1.03818,1.04697,1.03592,1.04451,16473
1655337600,1.04401,1.04693,1.04398,1.04529,4650
1655352000,1.04529,1.04589,1.0431,1.04385,6985
1655366400,1.04385,1.0444,1.0381,1.04096,13584
1655380800,1.04094,1.04367,1.0384,1.04283,16550
1655395200,1.04285,1.0573,1.04283,1.05599,17796
1655409600,1.056,1.06013,1.05459,1.05525,11031
1655424000,1.05467,1.05605,1.05354,1.05409,5470
1655438400,1.0541,1.05428,1.05175,1.05277,11063
1655452800,1.05277,1.05307,1.04941,1.0520100000000001,13190
1655467200,1.0520100000000001,1.05361,1.04758,1.04948,12865
1655481600,1.04947,1.0500099999999999,1.04447,1.04676,15183
1655496000,1.04675,1.05028,1.04667,1.04968,7561
1655683200,1.04841,1.04969,1.04748,1.04937,5118
1655697600,1.04935,1.05305,1.04912,1.05231,7983
1655712000,1.05231,1.0543,1.05103,1.05246,10221
1655726400,1.0525,1.05459,1.0515,1.05172,9063
1655740800,1.05172,1.05418,1.05076,1.05233,7910
1655755200,1.05234,1.05234,1.04982,1.05104,2402
1655769600,1.05064,1.05332,1.05061,1.05329,3847
1655784000,1.05328,1.05424,1.05209,1.05225,4843
1655798400,1.05225,1.05793,1.05132,1.0578400000000001,9369
1655812800,1.05785,1.05827,1.05446,1.05518,10466
1655827200,1.05514,1.05668,1.05281,1.05347,10775
1655841600,1.05343,1.05406,1.05188,1.05355,5425
1655856000,1.05326,1.05391,1.05104,1.05127,3960
1655870400,1.05127,1.05156,1.04937,1.04965,6460
1655884800,1.04966,1.0514000000000001,1.04692,1.0507900000000001,11393
1655899200,1.05078,1.05351,1.05047,1.05309,11418
1655913600,1.05312,1.06056,1.05307,1.05751,14671
1655928000,1.0575,1.05846,1.05635,1.0568,5954
1655942400,1.05653,1.05752,1.05612,1.05742,3894
1655956800,1.05742,1.05812,1.0556,1.05675,8432
1655971200,1.05675,1.05793,1.04829,1.04937,12889
1655985600,1.04937,1.05219,1.04905,1.05045,12336
1656000000,1.05041,1.05541,1.04943,1.05084,16737
1656014400,1.05085,1.05337,1.05047,1.05219,7452
1656028800,1.05145,1.05284,1.05122,1.0517,3948
1656043200,1.0517,1.05432,1.05137,1.05401,5968
1656057600,1.05401,1.05468,1.05192,1.05444,9291
1656072000,1.05443,1.05548,1.05144,1.05231,10023
1656086400,1.05234,1.05711,1.0516,1.05467,13435
1656100800,1.05467,1.05594,1.05346,1.0554,4987
1656288000,1.05476,1.05749,1.05476,1.0556,4522
1656302400,1.0556,1.05668,1.05504,1.05649,5942
1656316800,1.05649,1.05912,1.05544,1.0584,8839
1656331200,1.0584,1.0589,1.05537,1.05682,9464
1656345600,1.05688,1.06149,1.05688,1.05975,11185
1656360000,1.05975,1.05991,1.05783,1.05832,5549
1656374400,1.05805,1.05854,1.05707,1.05762,2855
1656388800,1.05762,1.05866,1.05714,1.05755,5812
1656403200,1.05758,1.06061,1.05705,1.05919,10269
1656417600,1.0592,1.05971,1.0533,1.05379,10318
1656432000,1.0538,1.05421,1.05035,1.05232,12526
1656446400,1.05231,1.05343,1.05168,1.05214,6241
1656460800,1.05192,1.05311,1.0518,1.05211,2912
1656475200,1.05211,1.05354,1.0501,1.05043,5814
1656489600,1.05043,1.05204,1.04861,1.05105,11722
1656504000,1.05105,1.05351,1.05048,1.05212,11991
1656518400,1.05216,1.05265,1.04444,1.04457,13845
1656532800,1.04455,1.04539,1.04353,1.0441799999999999,5241
1656547200,1.04393,1.04471,1.04372,1.04422,3610
1656561600,1.04422,1.04574,1.04331,1.04535,4909
1656576000,1.04535,1.04688,1.04338,1.04414,10841
1656590400,1.04413,1.04427,1.03827,1.03979,12004
1656604800,1.03979,1.04852,1.03977,1.04825,14102
1656619200,1.04825,1.04885,1.04676,1.04833,8118
1656633600,1.04824,1.04848,1.04667,1.04715,5195
1656648000,1.04715,1.04738,1.04472,1.04538,10042
1656662400,1.0454,1.04703,1.04328,1.04587,15834
1656676800,1.04586,1.0474,1.04066,1.04066,15824
1656691200,1.04066,1.04198,1.03662,1.04014,21063
1656705600,1.04011,1.04328,1.03932,1.04266,7078
1656892800,1.0418,1.04444,1.04173,1.04339,5878
1656907200,1.04339,1.04397,1.04244,1.04275,6839
1656921600,1.04275,1.04389,1.04206,1.04375,9760
1656936000,1.04376,1.04627,1.0435,1.0451,9486
1656950400,1.0451,1.04574,1.0417,1.04233,8509
1656964800,1.04233,1.04251,1.04183,1.04221,1651
1656979200,1.04189,1.04364,1.04176,1.04339,4596
1656993600,1.04338,1.04381,1.04233,1.04376,6706
1657008000,1.04376,1.04488,1.03057,1.03072,16465
1657022400,1.03072,1.03248,1.02805,1.02918,18014
1657036800,1.02918,1.02935,1.02351,1.02449,18798
1657051200,1.0245,1.02711,1.02396,1.02656,7758
1657065600,1.02643,1.02717,1.02539,1.02663,4876
1657080000,1.02663,1.02713,1.02394,1.02471,8514
1657094400,1.02471,1.02762,1.02267,1.02445,16795
1657108800,1.02445,1.02446,1.01661,1.0187,18641
1657123200,1.0187,1.02008,1.01617,1.0173,20815
1657137600,1.01728,1.01986,1.0172,1.01838,11032
1657152000,1.01806,1.0189,1.01762,1.0187,4990
1657166400,1.0187,1.02097,1.01804,1.02018,8446
1657180800,1.02018,1.02209,1.01819,1.0198,15551
1657195200,1.01975,1.02175,1.01695,1.01705,18081
1657209600,1.01703,1.01934,1.01509,1.01551,16561
1657224000,1.01551,1.01681,1.01441,1.01627,5501
1657238400,1.01614,1.01871,1.01603,1.01867,3984
1657252800,1.01867,1.01914,1.01399,1.01545,9883
1657267200,1.01547,1.017,1.0072,1.01135,16951
1657281600,1.01135,1.01687,1.01051,1.01428,18655
1657296000,1.01431,1.019,1.01343,1.01674,20334
1657310400,1.01674,1.01838,1.01635,1.01835,6077
1657497600,1.01747,1.01837,1.01533,1.01544,6514
1657512000,1.01546,1.01562,1.0135,1.01511,8320
1657526400,1.01509,1.0152,1.01055,1.01185,13490
1657540800,1.01184,1.01254,1.00749,1.00811,14462
1657555200,1.00811,1.00929,1.00524,1.00637,18256
1657569600,1.0064,1.00732,1.00337,1.00415,8230
1657584000,1.00366,1.00552,1.00355,1.004,4738
1657598400,1.00401,1.00416,1.00061,1.00152,12331
1657612800,1.00152,1.0039,1.00019,1.00103,17427
1657627200,1.00104,1.00691,1.0,1.00531,16764
1657641600,1.00531,1.00738,1.00334,1.0062,16764
1657656000,1.00621,1.00642,1.00318,1.00366,7956
1657670400,1.00359,1.00395,1.00253,1.00302,4404
1657684800,1.00304,1.00471,1.00229,1.00356,8933
1657699200,1.00357,1.00526,1.00063,1.00367,16360
1657713600,1.00367,1.01003,0.9998,1.00202,17525
1657728000,1.00201,1.0122,1.00087,1.0082,26143
1657742400,1.00823,1.00873,1.0054,1.00575,10503
1657756800,1.00543,1.0059,1.0021,1.00219,5436
1657771200,1.00223,1.00402,1.00137,1.00229,9394
1657785600,1.00229,1.00463,1.00053,1.002,16928
1657800000,1.00196,1.00503,1.0002,1.00021,17481
1657814400,1.0002,1.00477,0.99522,0.99904,25654
1657828800,0.9991,1.00376,0.9991,1.00217,12050
1657843200,1.00155,1.00276,1.00112,1.00191,5400
1657857600,1.00192,1.0041,1.00177,1.00306,7765
1657872000,1.00306,1.00353,1.00069,1.00309,14118
1657886400,1.00308,1.00765,1.00284,1.00722,16141
1657900800,1.00722,1.00977,1.00412,1.0081,20370
1657915200,1.00812,1.00937,1.00723,1.0086,6299
1658102400,1.0083,1.00986,1.00786,1.00916,4369
1658116800,1.00916,1.01142,1.00869,1.00914,7134
1658131200,1.00914,1.01491,1.00812,1.01305,14817
1658145600,1.01306,1.01752,1.01195,1.01366,13799
1658160000,1.01366,1.02012,1.01241,1.01671,16074
1658174400,1.01671,1.01775,1.01409,1.01457,7189
1658188800,1.01406,1.01483,1.01286,1.01289,3981
1658203200,1.01289,1.01434,1.01196,1.01281,6616
1658217600,1.01282,1.02531,1.01273,1.02439,17895
1658232000,1.0244,1.02689,1.02201,1.02293,17469
1658246400,1.02289,1.0264199999999999,1.02285,1.02403,17224
1658260800,1.02403,1.02437,1.02214,1.02265,6167
1658275200,1.02254,1.02484,1.02232,1.02461,4358
1658289600,1.02461,1.02481,1.02312,1.02436,5126
1658304000,1.02436,1.0273,1.02194,1.02315,15325
1658318400,1.02315,1.02528,1.01736,1.02109,17474
1658332800,1.02106,1.02377,1.01831,1.01907,17331
1658347200,1.01902,1.0192,1.01554,1.01796,9238
1658361600,1.0176,1.01935,1.01752,1.0187,3776
1658376000,1.0187,1.02255,1.01814,1.02229,6993
1658390400,1.02229,1.02305,1.01708,1.01912,17860
1658404800,1.01913,1.02779,1.01658,1.02647,20860
1658419200,1.02647,1.02748,1.01535,1.0181499999999999,23229
1658433600,1.01814,1.02275,1.0176,1.02269,8421
1658448000,1.02265,1.02304,1.02034,1.02044,4203
1658462400,1.02044,1.02083,1.01803,1.01809,7553
1658476800,1.01809,1.02133,1.01299,1.01532,16934
1658491200,1.01532,1.0197,1.01434,1.01871,18005
1658505600,1.01871,1.02553,1.01797,1.02319,20270
1658520000,1.0232,1.02376,1.01902,1.0208,8738
1658707200,1.02121,1.02184,1.01821,1.01824,5502
1658721600,1.01823,1.02129,1.01811,1.02072,7415
1658736000,1.02071,1.02282,1.01792,1.0222,16834
1658750400,1.02222,1.02578,1.02145,1.02454,15757
1658764800,1.02457,1.02546,1.02034,1.02211,15884
1658779200,1.02211,1.02288,1.0213700000000001,1.02216,5388
1658793600,1.02176,1.02329,1.02164,1.023,3070
1658808000,1.023,1.02502,1.02231,1.02256,6068
1658822400,1.02255,1.02361,1.02023,1.02078,11624
1658836800,1.02079,1.02081,1.01162,1.01482,16058
1658851200,1.01482,1.01527,1.01076,1.0127,16673
1658865600,1.01269,1.01326,1.0114,1.01162,7351
1658880000,1.01141,1.0144,1.01141,1.01402,3730
1658894400,1.014,1.01521,1.01369,1.01506,5981
1658908800,1.01506,1.01587,1.01278,1.01415,11788
1658923200,1.01415,1.01718,1.01386,1.01428,12200
1658937600,1.0143,1.01522,1.00966,1.01109,13936
1658952000,1.01112,1.02209,1.01069,1.02008,17837
1658966400,1.01996,1.02122,1.01803,1.01862,5023
1658980800,1.01866,1.02229,1.01836,1.02021,9190
1658995200,1.02022,1.02343,1.01854,1.02174,15523
1659009600,1.02158,1.02158,1.01141,1.01636,19530
1659024000,1.01635,1.0173,1.01262,1.01579,21478
1659038400,1.01579,1.01996,1.01552,1.01987,7316
1659052800,1.01907,1.0203,1.01889,1.01979,4046
1659067200,1.01982,1.02248,1.01911,1.02091,7723
1659081600,1.02092,1.02543,1.02034,1.02212,17508
1659096000,1.0221,1.02455,1.01743,1.0177,17215
1659110400,1.01772,1.02129,1.0146,1.01969,20394
1659124800,1.01967,1.02269,1.01935,1.02264,6476
1659312000,1.02144,1.02261,1.02055,1.02202,6116
1659326400,1.02203,1.02413,1.02157,1.02238,8795
1659340800,1.02239,1.02676,1.02134,1.02559,12888
1659355200,1.0256,1.02699,1.02251,1.0236,14491
1659369600,1.0236,1.02753,1.02266,1.0274,18256
1659384000,1.02739,1.02742,1.02454,1.02584,7464
1659398400,1.02601,1.02938,1.02501,1.02867,5950
1659412800,1.02866,1.02866,1.02612,1.02712,11848
1659427200,1.02712,1.02765,1.02152,1.02407,16842
1659441600,1.02405,1.02454,1.02068,1.02119,14651
1659456000,1.02123,1.02359,1.01811,1.0195,21771
1659470400,1.01946,1.0196,1.01634,1.0167,9762
1659484800,1.01653,1.01726,1.01501,1.0158,5733
1659499200,1.0158,1.01938,1.01567,1.01859,8836
1659513600,1.01859,1.01913,1.01542,1.01877,14652
1659528000,1.01877,1.02099,1.01787,1.0186,15704
1659542400,1.01857,1.01873,1.01227,1.01501,20164
1659556800,1.015,1.01739,1.01485,1.01688,7404
1659571200,1.01655,1.01711,1.01542,1.01651,4719
1659585600,1.01651,1.01762,1.01602,1.01641,5840
1659600000,1.01641,1.0194,1.01567,1.01916,12627
1659614400,1.01915,1.01978,1.01603,1.01881,16966
1659628800,1.0188,1.02393,1.01734,1.02366,18611
1659643200,1.02363,1.02536,1.02306,1.02454,6409
1659657600,1.02447,1.0252,1.02315,1.02324,3882
1659672000,1.02324,1.02397,1.02295,1.02351,6062
1659686400,1.0235,1.02392,1.02183,1.02236,9881
1659700800,1.02239,1.02385,1.0154,1.01577,13294
1659715200,1.01579,1.01874,1.01416,1.01826,20537
1659729600,1.01825,1.01927,1.01722,1.01789,6015
1659916800,1.01741,1.01793,1.01592,1.01663,5090
1659931200,1.01664,1.01859,1.01643,1.01857,5696
1659945600,1.01857,1.02149,1.01713,1.01919,11396
1659960000,1.01919,1.02024,1.01729,1.01987,11011
1659974400,1.01989,1.02218,1.01908,1.0196,12288
1659988800,1.0196,1.02053,1.01853,1.01957,6770
1660003200,1.0191,1.02009,1.01889,1.01914,2772
1660017600,1.01916,1.01975,1.01886,1.0194,4012
1660032000,1.0194,1.02447,1.01927,1.02392,9620
1660046400,1.02394,1.02474,1.02149,1.02374,11315
1660060800,1.02372,1.02441,1.02147,1.02184,11861
1660075200,1.02184,1.02202,1.02025,1.0213,5128
1660089600,1.02128,1.02145,1.02028,1.0207600000000001,2974
1660104000,1.0207600000000001,1.02191,1.02054,1.0213,3482
1660118400,1.0213,1.02258,1.02021,1.02223,8344
1660132800,1.02224,1.0346,1.02171,1.03241,13781
1660147200,1.03243,1.03684,1.03053,1.0325,22312
1660161600,1.03251,1.03282,1.02946,1.0303,9231
1660176000,1.03,1.03046,1.02936,1.02982,4025
1660190400,1.02981,1.02981,1.02813,1.02831,5639
1660204800,1.02832,1.03414,1.02755,1.03411,12663
1660219200,1.0341,1.03516,1.03222,1.0347,14665
1660233600,1.03468,1.03644,1.03238,1.033,17438
1660248000,1.03305,1.03325,1.03095,1.03243,7900
1660262400,1.03166,1.03274,1.03066,1.03129,3537
1660276800,1.03129,1.03217,1.0305,1.03176,5536
1660291200,1.03176,1.03242,1.02881,1.03021,10891
1660305600,1.0302,1.03082,1.0269,1.02706,13273
1660320000,1.02706,1.02841,1.02383,1.02565,16672
1660334400,1.02565,1.02678,1.02546,1.02567,5058
1660521600,1.02572,1.02672,1.02536,1.02662,4627
1660536000,1.02662,1.02682,1.02398,1.02504,5946
1660550400,1.02504,1.02522,1.02001,1.0207,9951
1660564800,1.0207,1.02142,1.01859,1.02007,12711
1660579200,1.02007,1.02232,1.01716,1.01758,11943
1660593600,1.01758,1.01783,1.01546,1.01585,4842
1660608000,1.016,1.0167,1.01476,1.01536,4038
1660622400,1.01536,1.01696,1.01489,1.01588,5572
1660636800,1.01588,1.01688,1.0134,1.01388,11804
1660651200,1.01391,1.01464,1.01225,1.01437,13354
1660665600,1.01437,1.01946,1.0143,1.01658,13325
1660680000,1.01658,1.01807,1.01621,1.01701,5783
1660694400,1.01657,1.01747,1.01637,1.01706,3376
1660708800,1.01706,1.01837,1.01667,1.01814,5578
1660723200,1.01814,1.01863,1.01494,1.01739,12115
1660737600,1.01739,1.01837,1.01455,1.01583,13675
1660752000,1.01583,1.01982,1.01532,1.01649,14825
1660766400,1.01654,1.02028,1.0163,1.01803,11056
1660780800,1.0176,1.0193,1.01727,1.0188,3286
1660795200,1.0188,1.01915,1.01629,1.01669,6017
1660809600,1.01669,1.01785,1.01459,1.0167,12147
1660824000,1.01671,1.01882,1.01581,1.01699,13365
1660838400,1.01699,1.01721,1.00888,1.00903,15353
1660852800,1.00902,1.00992,1.00799,1.00882,7142
1660867200,1.00845,1.00915,1.00743,1.00791,3412
1660881600,1.00793,1.00869,1.00698,1.00759,5211
1660896000,1.0076,1.00954,1.0074,1.00886,10472
1660910400,1.00886,1.00891,1.00455,1.00654,12380
1660924800,1.00652,1.00684,1.00326,1.00357,12339
1660939200,1.0036,1.00458,1.0032,1.00394,4716
1661126400,1.00374,1.00416,1.00249,1.00259,4450
1661140800,1.00255,1.00465,1.00235,1.00381,5939
1661155200,1.00381,1.00395,0.99892,1.00137,11686
1661169600,1.00137,1.00183,0.99954,1.00062,12717
1661184000,1.00063,1.00075,0.99276,0.99319,14473
1661198400,0.99319,0.99461,0.99261,0.99411,5371
1661212800,0.99412,0.99501,0.99301,0.99398,4015
1661227200,0.99398,0.99491,0.99345,0.99347,5697
1661241600,0.99345,0.99496,0.99006,0.99322,15108
1661256000,0.99322,0.99401,0.99127,0.99237,12451
1661270400,0.99238,1.0018,0.99206,0.99792,18152
1661284800,0.99788,0.99802,0.99595,0.99681,5626
1661299200,0.99681,0.99734,0.99521,0.99526,3543
1661313600,0.99526,0.99605,0.99425,0.99573,6439
1661328000,0.99573,0.9962,0.99348,0.9946,9488
1661342400,0.99458,0.99584,0.99146,0.99284,12853
1661356800,0.99284,0.9999,0.991,0.99532,16530
1661371200,0.99533,0.99755,0.99514,0.99688,5514
1661385600,0.99634,0.99876,0.99609,0.99824,3583
1661400000,0.99823,1.00084,0.99762,0.99989,6533
1661414400,0.99988,1.00335,0.99873,1.00071,12641
1661428800,1.00073,1.00112,0.99633,0.99694,12265
1661443200,0.99694,1.00006,0.9949,0.99607,13319
1661457600,0.99606,0.99788,0.99586,0.99724,5815
1661472000,0.99733,0.99768,0.99627,0.99654,3100
1661486400,0.99655,0.99747,0.9962,0.99625,4889
1661500800,0.99623,0.99912,0.99465,0.9989,9012
1661515200,0.99889,1.0033,0.99858,1.00327,11766
1661529600,1.00327,1.00898,0.99753,0.99798,22076
1661544000,0.99798,0.99832,0.99587,0.9962,4427
1661731200,0.99655,0.99655,0.99285,0.99302,5830
1661745600,0.99304,0.99377,0.99148,0.99164,7298
1661760000,0.99164,0.99505,0.99141,0.99384,11168
1661774400,0.99382,1.0029,0.9938,1.00084,13888
1661788800,1.00084,1.0027,0.9981,1.00143,14926
1661803200,1.00148,1.00226,0.99898,0.99974,6716
1661817600,0.99976,1.00133,0.99947,1.00059,3459
1661832000,1.00055,1.00106,0.9982,0.99997,8621
1661846400,0.99995,1.00341,0.99823,1.00249,12958
1661860800,1.00249,1.00549,1.00084,1.00115,13553
1661875200,1.00111,1.00414,0.99826,1.00236,19334
1661889600,1.00236,1.00312,1.00103,1.00155,8473
1661904000,1.0014,1.00345,1.0014,1.00274,3170
1661918400,1.00279,1.00446,1.00164,1.004,6004
1661932800,1.00404,1.0046,0.99742,0.99792,11907
1661947200,0.99793,1.00181,0.99712,1.00082,14906
1661961600,1.00087,1.00791,0.99951,1.00533,18173
1661976000,1.00531,1.00572,1.00355,1.00525,8682
1661990400,1.00494,1.00553,1.00201,1.00233,4503
1662004800,1.00232,1.00319,1.00091,1.00142,5899
1662019200,1.00141,1.00487,1.00077,1.00369,12500
1662033600,1.0037,1.00469,0.99858,0.99881,12722
1662048000,0.99883,0.99997,0.99108,0.99367,18332
1662062400,0.99365,0.99601,0.99356,0.99476,7204
1662076800,0.99436,0.99585,0.99413,0.99562,2983
1662091200,0.9956,0.9967,0.99534,0.99667,4842
1662105600,0.99667,0.99961,0.99639,0.99728,10006
1662120000,0.99729,1.00294,0.99679,1.00103,14202
1662134400,1.00098,1.00335,0.9962,0.99694,19142
1662148800,0.99695,0.9973,0.99451,0.99574,9560
1662336000,0.99255,0.99348,0.99029,0.99156,5919
1662350400,0.99152,0.99246,0.99009,0.99052,7622
1662364800,0.9905,0.99372,0.98778,0.99109,13621
1662379200,0.99112,0.99439,0.9907,0.99235,11582
1662393600,0.99236,0.99348,0.99178,0.99292,7418
1662408000,0.99293,0.99359,0.99276,0.99287,1240
1662422400,0.99247,0.99688,0.9923,0.99683,5362
1662436800,0.99684,0.99708,0.99426,0.99461,8154
1662451200,0.99461,0.99863,0.99446,0.9958,13916
1662465600,0.99579,0.99603,0.98995,0.99004,13839
1662480000,0.99008,0.99289,0.9864,0.99085,18555
1662494400,0.99086,0.99119,0.98953,0.99039,7805
1662508800,0.99056,0.99067,0.98834,0.98905,4463
1662523200,0.98903,0.98962,0.9877,0.98924,8659
1662537600,0.98931,0.99299,0.98873,0.99074,11062
1662552000,0.99067,0.99142,0.98754,0.9893,13259
1662566400,0.98928,0.99755,0.98838,0.99733,15693
1662580800,0.99731,1.00108,0.9971,1.00061,8017
1662595200,1.0008,1.00126,0.9983,0.99852,3972
1662609600,0.99852,0.99946,0.99794,0.99897,6731
1662624000,0.99897,1.00149,0.99765,0.99978,11493
1662638400,0.99975,1.00294,0.9985,1.00001,14983
1662652800,0.99989,1.0001,0.99308,0.99687,19787
1662667200,0.99689,0.99999,0.99645,0.99989,8421
1662681600,0.99953,1.0051,0.99951,1.00441,4285
1662696000,1.00439,1.00842,1.00439,1.00724,8485
1662710400,1.00719,1.01132,1.00583,1.01071,13231
1662724800,1.01066,1.0107,1.00345,1.00444,13381
1662739200,1.00443,1.00625,1.00322,1.00539,14415
1662753600,1.0054,1.00552,1.00369,1.00461,4927
1662940800,1.00918,1.00946,1.006,1.00701,4677
1662955200,1.00703,1.00951,1.0069,1.00779,6138
1662969600,1.00779,1.01977,1.00776,1.01916,14230
1662984000,1.01915,1.01915,1.01292,1.01414,14240
1662998400,1.01415,1.01442,1.01045,1.01435,13055
1663012800,1.0144,1.01442,1.01109,1.01236,6268
1663027200,1.01221,1.01465,1.0114,1.01351,3022
1663041600,1.01348,1.01378,1.01196,1.01286,4963
1663056000,1.01284,1.01561,1.0127,1.01547,9916
1663070400,1.01546,1.0187,1.00306,1.00374,13912
1663084800,1.00371,1.00428,0.99892,0.99983,17764
1663099200,0.99983,1.00062,0.99674,0.99682,7634
1663113600,0.99678,0.99833,0.99554,0.99787,4903
1663128000,0.99787,1.00007,0.99715,0.99952,7378
1663142400,0.99954,1.00097,0.99593,0.99915,13501
1663156800,0.99908,1.00235,0.99799,0.99978,15473
1663171200,0.99969,1.00084,0.99707,0.99972,15603
1663185600,0.99972,0.99998,0.99691,0.99783,6203
1663200000,0.99768,0.99845,0.99716,0.99755,3040
1663214400,0.99755,0.99825,0.99664,0.9968,4659
1663228800,0.99681,0.99954,0.99558,0.99923,9207
1663243200,0.99919,1.00177,0.99689,1.00077,12446
1663257600,1.00077,1.00137,0.99813,1.00056,15202
1663272000,1.00056,1.00152,0.99878,0.99968,6992
1663286400,0.99965,1.00107,0.9986,1.00057,3048
1663300800,1.00057,1.00122,0.99909,0.99957,5697
1663315200,0.99956,0.99985,0.99451,0.99553,12295
1663329600,0.99553,0.99891,0.99532,0.99553,11902
1663344000,0.99555,1.00363,0.99534,1.00068,17799
1663358400,1.00068,1.00143,0.99931,1.00133,6517
1663545600,1.00104,1.00292,1.00051,1.00109,3394
1663560000,1.0011,1.00128,0.99904,0.99921,3668
1663574400,0.9992,0.99933,0.99662,0.99757,8676
1663588800,0.99754,1.00048,0.99671,0.99828,10948
1663603200,0.99831,1.00182,0.99756,1.00124,12126
1663617600,1.00125,1.00277,1.0003,1.00241,4919
1663632000,1.00208,1.00505,1.00208,1.00347,4302
1663646400,1.00346,1.00377,1.00197,1.00222,6178
1663660800,1.0022,1.0042,1.00003,1.00099,11905
1663675200,1.00098,1.00186,0.99551,0.99711,12605
1663689600,0.99711,0.99996,0.99591,0.99799,13689
1663704000,0.998,0.99834,0.99602,0.99705,7302
1663718400,0.99683,0.9975,0.99575,0.99625,4049
1663732800,0.99625,0.99708,0.99571,0.99601,5125
1663747200,0.99603,0.99684,0.98849,0.99018,14374
1663761600,0.99018,0.9937,0.98956,0.99133,11010
1663776000,0.99132,0.99164,0.98661,0.98699,13348
1663790400,0.98698,0.99102,0.98126,0.98397,16994
1663804800,0.98356,0.98482,0.98072,0.98155,5823
1663819200,0.98157,0.98378,0.98086,0.98287,9824
1663833600,0.98286,0.99076,0.98131,0.98793,17494
1663848000,0.98792,0.98879,0.98552,0.98771,18198
1663862400,0.98763,0.98774,0.98121,0.98396,17765
1663876800,0.98394,0.98521,0.98301,0.98333,7201
1663891200,0.9831,0.98483,0.98278,0.98434,3308
1663905600,0.98432,0.98517,0.98183,0.98229,5345
1663920000,0.98227,0.9838,0.9751,0.97532,12929
1663934400,0.97533,0.97716,0.97363,0.97555,18973
1663948800,0.97555,0.97746,0.97021,0.97071,18136
1663963200,0.97074,0.97186,0.9668,0.96887,10595
1664150400,0.96721,0.97098,0.955,0.95692,8797
1664164800,0.95693,0.96637,0.95631,0.96282,15830
1664179200,0.96278,0.97014,0.96205,0.9685,19266
1664193600,0.96851,0.96975,0.96192,0.96695,18843
1664208000,0.96696,0.9682,0.96077,0.96215,23482
1664222400,0.96212,0.96276,0.95997,0.96074,14207
1664236800,0.96093,0.96383,0.9584,0.9634,5955
1664251200,0.9634,0.96457,0.96233,0.96367,7479
1664265600,0.96367,0.96707,0.96212,0.96241,14779
1664280000,0.96243,0.96527,0.96067,0.96225,16153
1664294400,0.96225,0.96435,0.95692,0.95818,21720
1664308800,0.95815,0.96011,0.9571,0.95914,9972
1664323200,0.95893,0.96006,0.95678,0.95725,5370
1664337600,0.95723,0.9576,0.95423,0.95509,12493
1664352000,0.95507,0.95885,0.9536,0.95559,17299
1664366400,0.95561,0.96025,0.95378,0.95848,23843
1664380800,0.95834,0.97082,0.9576,0.9702,24219
1664395200,0.9702,0.97509,0.97008,0.97345,10998
1664409600,0.97302,0.97372,0.96892,0.96892,6157
1664424000,0.96891,0.96996,0.96743,0.96857,8663
1664438400,0.96862,0.96876,0.96357,0.96656,17974
1664452800,0.96648,0.97465,0.96642,0.96881,20287
1664467200,0.96882,0.97978,0.96849,0.97764,22711
1664481600,0.9776,0.98083,0.97694,0.98078,11440
1664496000,0.98165,0.98441,0.98078,0.9825,7636
1664510400,0.98251,0.98292,0.97943,0.97994,10255
1664524800,0.97992,0.98538,0.97903,0.98329,18721
1664539200,0.98344,0.98382,0.97355,0.97546,19336
1664553600,0.97547,0.98181,0.9735,0.97901,21987
1664568000,0.97901,0.98155,0.9783,0.97997,9814
1664755200,0.97941,0.98089,0.97854,0.98014,6129
1664769600,0.98013,0.98286,0.97852,0.97852,7624
1664784000,0.97853,0.98346,0.97842,0.98109,16491
1664798400,0.98112,0.98128,0.97527,0.97657,14499
1664812800,0.97655,0.98446,0.97579,0.98077,20659
1664827200,0.98077,0.98286,0.9788,0.98241,10757
1664841600,0.98256,0.98378,0.98199,0.98268,5721
1664856000,0.98267,0.98454,0.98063,0.98334,10686
1664870400,0.9833,0.98959,0.9826,0.98747,17846
1664884800,0.9875,0.99344,0.98526,0.9924,18796
1664899200,0.99244,0.99936,0.991,0.997,20823
1664913600,0.99701,0.99995,0.99603,0.9986,13285
1664928000,0.99854,0.999,0.99702,0.99761,5107
1664942400,0.99757,0.99907,0.99595,0.99662,10773
1664956800,0.99661,0.9995,0.9923,0.99474,16069
1664971200,0.99473,0.99513,0.98922,0.99116,15183
1664985600,0.99115,0.99142,0.98347,0.98632,19525
1665000000,0.98633,0.98969,0.98599,0.98854,10728
1665014400,0.98765,0.99264,0.98691,0.99168,5620
1665028800,0.99167,0.99265,0.9903,0.9921,9238
1665043200,0.9921,0.9926,0.98751,0.98885,16448
1665057600,0.98886,0.99026,0.98558,0.98684,17797
1665072000,0.98683,0.98701,0.97882,0.98025,22392
1665086400,0.98024,0.98167,0.97896,0.97912,12137
1665100800,0.97891,0.97976,0.97849,0.97931,5478
1665115200,0.97934,0.98119,0.97864,0.97916,7513
1665129600,0.97917,0.98167,0.97656,0.98017,14883
1665144000,0.98018,0.98112,0.97262,0.97503,15755
1665158400,0.97502,0.9791,0.97418,0.9761,23471
1665172800,0.97611,0.97692,0.97307,0.97381,9651
1665360000,0.97321,0.97412,0.97248,0.97378,5724
1665374400,0.97382,0.9753,0.97323,0.97397,6852
1665388800,0.97398,0.97435,0.96816,0.96883,18258
1665403200,0.96884,0.97191,0.96869,0.97146,20743
1665417600,0.97145,0.97457,0.96856,0.96918,27637
1665432000,0.96918,0.97238,0.96852,0.97058,13976
1665446400,0.97026,0.97228,0.96986,0.97201,7102
1665460800,0.972,0.97211,0.96701,0.96771,18037
1665475200,0.96771,0.97248,0.96747,0.97076,27807
1665489600,0.97077,0.9738,0.96918,0.97198,25901
1665504000,0.97199,0.97747,0.96906,0.97654,32900
1665518400,0.9766,0.97667,0.96936,0.97031,21774
1665532800,0.9705,0.97179,0.96901,0.97032,8262
1665547200,0.97029,0.97348,0.96828,0.97151,18423
1665561600,0.97151,0.9733,0.96958,0.97038,29209
1665576000,0.97037,0.97198,0.9687,0.97052,26140
1665590400,0.97055,0.97109,0.96679,0.96836,29669
1665604800,0.96836,0.972,0.96807,0.97033,17578
1665619200,0.96994,0.9722,0.96972,0.97145,6648
1665633600,0.97146,0.97148,0.96951,0.97039,11527
1665648000,0.9704,0.97143,0.96855,0.97141,18971
1665662400,0.9714,0.97528,0.96316,0.96683,31803
1665676800,0.96682,0.97991,0.96453,0.97746,56144
1665691200,0.97745,0.9806,0.97683,0.97769,20803
1665705600,0.97697,0.97788,0.97617,0.9768,8593
1665720000,0.97681,0.98088,0.97679,0.97817,16258
1665734400,0.97816,0.97971,0.97448,0.97503,27205
1665748800,0.97504,0.97768,0.97092,0.9773,30636
1665763200,0.97731,0.97998,0.9707,0.97175,46157
1665777600,0.97176,0.9732,0.97136,0.97237,14993
1665964800,0.97219,0.97508,0.97183,0.97456,11033
1665979200,0.97458,0.97521,0.97325,0.97366,14235
1665993600,0.97363,0.97569,0.97205,0.97385,27644
1666008000,0.97386,0.97849,0.97297,0.97754,26314
1666022400,0.97753,0.98521,0.97725,0.98392,31001
1666036800,0.98393,0.9851,0.98324,0.98444,13716
1666051200,0.98378,0.98528,0.98369,0.98412,7885
1666065600,0.9841,0.98663,0.98232,0.98573,16339
1666080000,0.98575,0.98735,0.98245,0.9829,27610
1666094400,0.98289,0.98579,0.98127,0.98544,27186
1666108800,0.98545,0.98758,0.98212,0.98561,34283
1666123200,0.9856,0.98637,0.98416,0.98585,17720
1666137600,0.98527,0.98725,0.98527,0.98611,8720
1666152000,0.98611,0.98642,0.98371,0.984,14115
1666166400,0.98396,0.98439,0.98125,0.98167,25495
1666180800,0.98169,0.9824,0.97595,0.97798,27902
1666195200,0.97801,0.98027,0.97648,0.97658,31827
1666209600,0.97659,0.97784,0.97573,0.97725,15292
1666224000,0.97707,0.97757,0.97585,0.97652,8241
1666238400,0.97651,0.97857,0.97545,0.97783,18430
1666252800,0.97781,0.97944,0.97715,0.97817,31176
1666267200,0.97817,0.98373,0.9773,0.98027,33790
1666281600,0.98026,0.98455,0.97798,0.98028,41211
1666296000,0.98029,0.9803,0.97733,0.97869,20527
1666310400,0.97828,0.97894,0.9768,0.97708,8186
1666324800,0.97709,0.97833,0.97645,0.9771,13473
1666339200,0.97709,0.98024,0.97525,0.97562,27935
1666353600,0.97563,0.97775,0.97047,0.97573,32434
1666368000,0.97572,0.98679,0.97519,0.98391,68788
1666382400,0.9839,0.9869,0.98242,0.98629,24780
1666569600,0.98705,0.98994,0.98312,0.98491,26727
1666584000,0.98491,0.98492,0.98253,0.98481,20716
1666598400,0.98476,0.98618,0.98167,0.98348,34389
1666612800,0.98349,0.98577,0.98068,0.98434,36468
1666627200,0.98435,0.98936,0.98267,0.98708,44430
1666641600,0.98706,0.98808,0.98682,0.98752,11526
1666656000,0.9874,0.9897,0.98664,0.98944,9820
1666670400,0.98944,0.98986,0.98774,0.98789,19510
1666684800,0.9879,0.98802,0.98524,0.9857,23866
1666699200,0.9857,0.98755,0.98487,0.98746,22479
1666713600,0.98743,0.99768,0.98731,0.99536,37840
1666728000,0.99535,0.99697,0.99506,0.99675,13942
1666742400,0.99638,0.99675,0.99436,0.99472,9417
1666756800,0.99476,0.99607,0.99451,0.99546,14522
1666771200,0.99546,1.00449,0.99515,1.00381,29672
1666785600,1.00381,1.00477,0.99955,1.00045,29719
1666800000,1.00046,1.00837,1.00019,1.00762,38016
1666814400,1.00763,1.00887,1.0067,1.00833,16182
1666828800,1.00745,1.00938,1.00723,1.00782,9391
1666843200,1.00782,1.0084,1.00619,1.00706,15229
1666857600,1.00707,1.00838,1.00541,1.006,25636
1666872000,1.00602,1.00629,0.99848,1.00064,32544
1666886400,1.00068,1.00437,0.99703,0.9978,45468
1666900800,0.99784,0.99955,0.99575,0.99642,16297
1666915200,0.99638,0.99724,0.99581,0.99667,7817
1666929600,0.9967,0.99982,0.99645,0.99849,17790
1666944000,0.99849,0.99906,0.99267,0.99408,30889
1666958400,0.99443,0.99757,0.99353,0.99692,30076
1666972800,0.99688,0.99898,0.99288,0.99384,34084
1666987200,0.99387,0.99675,0.99341,0.9966,10908
1667174400,0.9959,0.99648,0.99435,0.99593,9627
1667188800,0.99594,0.99659,0.99433,0.99607,12447
1667203200,0.99606,0.99617,0.99143,0.99231,17150
1667217600,0.99228,0.99487,0.99074,0.9909,23527
1667232000,0.99088,0.99157,0.98728,0.98754,28322
1667246400,0.98757,0.98957,0.9873,0.98828,13032
1667260800,0.98764,0.98901,0.98764,0.98852,5243
1667275200,0.9885,0.99082,0.98841,0.99051,15555
1667289600,0.99054,0.99478,0.99043,0.99226,24815
1667304000,0.99231,0.99479,0.99152,0.99407,24385
1667318400,0.99412,0.9954,0.98528,0.98613,38324
1667332800,0.98613,0.98861,0.98578,0.98744,11816
1667347200,0.98792,0.98877,0.987,0.98874,6827
1667361600,0.98873,0.98996,0.98789,0.98841,11416
1667376000,0.98842,0.99068,0.98711,0.99002,14841
1667390400,0.98998,0.9912,0.98844,0.99062,17292
1667404800,0.99059,0.9915,0.9859,0.98676,20258
1667419200,0.98676,0.99761,0.98129,0.98132,36165
1667433600,0.98131,0.98316,0.98099,0.9821,9154
1667448000,0.98208,0.98395,0.982,0.98347,8673
1667462400,0.98346,0.98359,0.9761,0.97675,17769
1667476800,0.97675,0.97704,0.97301,0.97409,24978
1667491200,0.97407,0.97948,0.97352,0.97481,33775
1667505600,0.97481,0.97615,0.97425,0.97485,10554
1667520000,0.97484,0.97601,0.97424,0.97528,8133
1667534400,0.97531,0.97888,0.97483,0.97866,10149
1667548800,0.97866,0.97965,0.97569,0.97738,20431
1667563200,0.97738,0.98509,0.9751,0.9847,26648
1667577600,0.98467,0.99403,0.98394,0.99149,45899
1667592000,0.99151,0.99665,0.99132,0.99593,17703
1667779200,0.99095,0.99469,0.99076,0.99302,13612
1667793600,0.99303,0.99555,0.99253,0.99441,12161
1667808000,0.99442,1.0007,0.9924,0.99855,25433
1667822400,0.99855,0.99983,0.99657,0.99939,22230
1667836800,0.99938,1.00264,0.99809,1.00217,27327
1667851200,1.00217,1.00342,1.00189,1.00205,9367
1667865600,1.00166,1.00311,1.00108,1.0014,7201
1667880000,1.0014,1.00156,0.99954,0.99955,8263
1667894400,0.99954,1.00079,0.99725,1.00036,18570
1667908800,1.00033,1.00097,0.99852,0.99995,16435
1667923200,0.99996,1.00941,0.99987,1.00884,24905
1667937600,1.00882,1.00964,1.00542,1.00726,14741
1667952000,1.00723,1.0085,1.00592,1.00629,13304
1667966400,1.00631,1.00883,1.00631,1.00683,12773
1667980800,1.00683,1.00852,1.00402,1.00466,22316
1667995200,1.0047,1.00644,1.00227,1.00284,23010
1668009600,1.00286,1.00864,1.00109,1.00269,30349
1668024000,1.00272,1.00311,0.99928,1.00133,14329
1668038400,1.00081,1.0029,1.00059,1.00236,8014
1668052800,1.00237,1.00383,1.00101,1.00347,9933
1668067200,1.00348,1.00429,0.99594,0.99608,19729
1668081600,0.99612,1.016,0.99355,1.01226,25739
1668096000,1.01231,1.01852,1.01099,1.01426,44175
1668110400,1.01425,1.02218,1.01425,1.02052,18118
1668124800,1.02031,1.02053,1.01631,1.01663,16010
1668139200,1.01663,1.02231,1.01663,1.02189,16170
1668153600,1.0219,1.02738,1.02079,1.0269,29143
1668168000,1.02692,1.03243,1.02539,1.03118,29073
1668182400,1.0312,1.0345,1.02657,1.03419,33053
1668196800,1.03418,1.03642,1.03381,1.03532,13961
1668384000,1.03344,1.035,1.03135,1.03272,16839
1668398400,1.03275,1.03345,1.02978,1.03004,15687
1668412800,1.03004,1.03505,1.03004,1.03131,23214
1668427200,1.03126,1.03361,1.02714,1.03177,27319
1668441600,1.0318,1.03511,1.02972,1.03357,29653
1668456000,1.03353,1.03585,1.03262,1.03302,12233
1668470400,1.03295,1.03307,1.03121,1.03194,10002
1668484800,1.03195,1.0335,1.03135,1.03319,10873
1668499200,1.03314,1.04182,1.03278,1.04007,26679
1668513600,1.04047,1.04818,1.03922,1.04384,28764
1668528000,1.0439,1.04443,1.03488,1.03848,37620
1668542400,1.0385,1.03887,1.028,1.03481,34910
1668556800,1.03479,1.03611,1.03308,1.03437,15404
1668571200,1.03438,1.03872,1.03376,1.03736,20345
1668585600,1.03734,1.04251,1.03659,1.04198,24584
1668600000,1.04197,1.04386,1.03841,1.0391,24055
1668614400,1.03913,1.04126,1.03718,1.03837,29998
1668628800,1.03838,1.04047,1.0354700000000001,1.03917,13619
1668643200,1.03911,1.03995,1.03742,1.03773,9014
1668657600,1.03773,1.03835,1.03597,1.03802,11937
1668672000,1.038,1.04066,1.03568,1.03637,20473
1668686400,1.03637,1.03701,1.03111,1.03124,28142
1668700800,1.03125,1.03568,1.03051,1.03502,26157
1668715200,1.03501,1.03697,1.03482,1.03663,12177
1668729600,1.03598,1.0378,1.03571,1.03676,9083
1668744000,1.03675,1.0391,1.03612,1.03718,10889
1668758400,1.0372,1.03959,1.03422,1.03817,21814
1668772800,1.03817,1.03866,1.03565,1.03644,19778
1668787200,1.03646,1.03718,1.03261,1.03332,22620
1668801600,1.03332,1.03373,1.03136,1.03197,8941
1668988800,1.03221,1.03331,1.03003,1.03117,10134
1669003200,1.03118,1.03119,1.02723,1.02824,12438
1669017600,1.02825,1.02869,1.02262,1.02268,21349
1669032000,1.02271,1.0256,1.02264,1.02544,19055
1669046400,1.02544,1.02626,1.02226,1.02325,23614
1669060800,1.02322,1.02484,1.02303,1.02389,11328
1669075200,1.02403,1.02682,1.02377,1.02605,8425
1669089600,1.02604,1.02676,1.02457,1.02535,8777
1669104000,1.02535,1.02861,1.02461,1.02686,18612
1669118400,1.02685,1.0291,1.02559,1.02604,18069
1669132800,1.02611,1.02959,1.02539,1.02958,19609
1669147200,1.02957,1.0308,1.02896,1.03021,7763
1669161600,1.03019,1.03212,1.03003,1.03109,6754
1669176000,1.03107,1.0331,1.0308,1.03272,7240
1669190400,1.03271,1.03487,1.0302,1.03252,16833
1669204800,1.03252,1.03406,1.02964,1.03319,18845
1669219200,1.03319,1.03839,1.03265,1.03636,29753
1669233600,1.03637,1.04051,1.03594,1.03939,18159
1669248000,1.03958,1.0425,1.03914,1.04232,9076
1669262400,1.04234,1.04486,1.04175,1.04338,8852
1669276800,1.04339,1.04397,1.03999,1.0419100000000001,17559
1669291200,1.04192,1.04291,1.03818,1.04228,18238
1669305600,1.0423,1.04276,1.04018,1.04089,13078
1669320000,1.04089,1.04142,1.04011,1.04121,3203
1669334400,1.0409,1.04151,1.03961,1.04093,7239
1669348800,1.04093,1.04292,1.04045,1.04112,8693
1669363200,1.0411,1.04283,1.03824,1.03934,17425
1669377600,1.03934,1.04216,1.03611,1.03727,18153
1669392000,1.03727,1.04117,1.0354700000000001,1.04059,20681
1669406400,1.04057,1.04146,1.0385,1.0385,10301
1669593600,1.03731,1.03839,1.03412,1.03483,11337
1669608000,1.03483,1.03651,1.03432,1.03509,10594
1669622400,1.03508,1.04565,1.03481,1.04477,24589
1669636800,1.04479,1.04968,1.04388,1.04628,24268
1669651200,1.04626,1.04628,1.03683,1.03697,26828
1669665600,1.03697,1.03731,1.03302,1.0340799999999999,11352
1669680000,1.03378,1.03625,1.03341,1.03597,8747
1669694400,1.03595,1.03942,1.03471,1.03867,13844
1669708800,1.03867,1.03928,1.03507,1.03647,24228
1669723200,1.03648,1.03934,1.03248,1.03302,22357
1669737600,1.03303,1.03731,1.03257,1.03401,27569
1669752000,1.03399,1.03464,1.032,1.03282,10683
1669766400,1.03282,1.0352999999999999,1.03191,1.03479,9517
1669780800,1.03479,1.0361,1.03404,1.03485,8783
1669795200,1.03487,1.03812,1.03356,1.03581,16178
1669809600,1.03582,1.03919,1.03463,1.03587,19876
1669824000,1.03589,1.03995,1.02902,1.03149,32253
1669838400,1.03149,1.04288,1.0306,1.04054,31852
1669852800,1.04062,1.04479,1.04008,1.04261,17521
1669867200,1.04258,1.04514,1.04188,1.04457,13383
1669881600,1.04456,1.04638,1.03931,1.04414,25813
1669896000,1.04415,1.05136,1.04176,1.04893,23387
1669910400,1.04894,1.05338,1.04693,1.05073,37419
1669924800,1.05071,1.05303,1.04961,1.05259,14768
1669939200,1.05167,1.05395,1.0506199999999999,1.05134,10433
1669953600,1.05133,1.05284,1.0505,1.05231,9478
1669968000,1.05232,1.05451,1.05128,1.05299,21900
1669982400,1.05299,1.05447,1.04283,1.04623,22955
1669996800,1.04622,1.05341,1.0445,1.05252,35209
1670011200,1.05255,1.0542,1.05104,1.05409,10504
1670198400,1.05311,1.05741,1.05306,1.05681,10336
1670212800,1.05681,1.05846,1.05575,1.05831,9062
1670227200,1.05831,1.05831,1.05304,1.05592,18823
1670241600,1.05591,1.05948,1.05197,1.05655,21552
1670256000,1.05656,1.05685,1.04901,1.04953,32293
1670270400,1.04951,1.05061,1.04802,1.04925,10607
1670284800,1.04862,1.05189,1.04829,1.05103,8100
1670299200,1.05103,1.05151,1.04832,1.04939,13694
1670313600,1.04938,1.05093,1.04756,1.04941,20866
1670328000,1.04941,1.05329,1.04914,1.05132,18817
1670342400,1.05135,1.0529,1.04794,1.0482,26543
1670356800,1.04821,1.04825,1.04593,1.04661,9083
1670371200,1.0462,1.04739,1.04552,1.04727,7344
1670385600,1.04726,1.04764,1.0458,1.04665,9453
1670400000,1.04667,1.04842,1.04431,1.04759,22705
1670414400,1.04759,1.05474,1.04725,1.05423,24495
1670428800,1.05428,1.05498,1.04881,1.0518,34756
1670443200,1.05179,1.05286,1.05025,1.05059,13925
1670457600,1.0506,1.05152,1.04947,1.05017,8869
1670472000,1.05019,1.05073,1.04938,1.05037,10330
1670486400,1.05037,1.0531,1.04895,1.04946,16949
1670500800,1.04945,1.05319,1.04907,1.05203,19686
1670515200,1.05204,1.05648,1.05172,1.05441,27134
1670529600,1.05441,1.05636,1.05383,1.05563,12114
1670544000,1.05534,1.05853,1.05513,1.05791,9969
1670558400,1.05794,1.05868,1.05662,1.05768,11108
1670572800,1.05768,1.05883,1.05465,1.05571,19126
1670587200,1.05577,1.05687,1.05022,1.05389,23729
1670601600,1.0539,1.05581,1.0519,1.05455,26003
1670616000,1.05454,1.05559,1.05288,1.05338,10295
1670803200,1.05263,1.05369,1.05058,1.05124,8902
1670817600,1.05125,1.05202,1.0506199999999999,1.05163,7864
1670832000,1.05163,1.05649,1.05087,1.05593,17447
1670846400,1.05593,1.05775,1.05533,1.05716,15967
1670860800,1.05716,1.05801,1.05176,1.05341,23271
1670875200,1.05341,1.05382,1.05106,1.05381,11975
1670889600,1.05311,1.05495,1.05311,1.05464,5909
1670904000,1.05464,1.05541,1.05312,1.0551,8494
1670918400,1.0551,1.05606,1.05312,1.0543,17397
1670932800,1.05433,1.06619,1.05278,1.06464,26139
1670947200,1.06463,1.0673300000000001,1.06108,1.06145,41901
1670961600,1.06145,1.0641,1.06104,1.06325,14806
1670976000,1.06322,1.06391,1.06208,1.06346,10372
1670990400,1.06346,1.06386,1.06196,1.0626,7089
1671004800,1.0626,1.06649,1.06189,1.06621,19018
1671019200,1.06621,1.0672,1.06362,1.06465,18855
1671033600,1.06464,1.06676,1.06317,1.06513,21843
1671048000,1.06512,1.06953,1.0621,1.0683,41658
1671062400,1.06789,1.06826,1.06598,1.06625,7905
1671076800,1.06626,1.06651,1.06457,1.06586,8881
1671091200,1.06586,1.06608,1.06056,1.06217,18192
1671105600,1.06217,1.06683,1.06066,1.06526,23836
1671120000,1.06524,1.07364,1.05929,1.05991,39738
1671134400,1.05994,1.06382,1.05921,1.06274,12009
1671148800,1.06218,1.0647199999999999,1.06189,1.06417,8989
1671163200,1.06417,1.06624,1.06405,1.06454,9922
1671177600,1.06452,1.06632,1.061,1.06117,18595
1671192000,1.06113,1.06395,1.06094,1.06341,16623
1671206400,1.06341,1.0649,1.05976,1.0605,30944
1671220800,1.06049,1.06172,1.05849,1.05897,10445
1671408000,1.05863,1.06065,1.0582,1.06063,10730
1671422400,1.06063,1.06131,1.06014,1.06074,8693
1671436800,1.06074,1.06578,1.06036,1.06172,18270
1671451200,1.0618,1.06352,1.05973,1.06062,16621
1671465600,1.06063,1.0631,1.05759,1.0625,21811
1671480000,1.0625,1.06264,1.06008,1.06078,10999
1671494400,1.06058,1.06127,1.05977,1.06053,7697
1671508800,1.06053,1.0652,1.05788,1.05865,31168
1671523200,1.05866,1.06381,1.0582799999999999,1.06368,29732
1671537600,1.06365,1.0646,1.0594,1.06156,20435
1671552000,1.06156,1.06585,1.05982,1.0615,30366
1671566400,1.06148,1.06291,1.05991,1.06288,10688
1671580800,1.06245,1.06281,1.06134,1.06198,10248
1671595200,1.06198,1.06259,1.06069,1.06175,7864
1671609600,1.06174,1.06373,1.06096,1.06145,16361
1671624000,1.06144,1.06454,1.06046,1.06287,17074
1671638400,1.06286,1.06333,1.05903,1.06004,22775
1671652800,1.06005,1.06201,1.05931,1.06057,10295
1671667200,1.06048,1.063,1.06039,1.06294,9216
1671681600,1.06293,1.06484,1.06256,1.06401,11543
1671696000,1.064,1.06593,1.0626,1.06464,14477
1671710400,1.06464,1.06562,1.06036,1.06111,17782
1671724800,1.06109,1.06185,1.0582,1.05843,22817
1671739200,1.05842,1.06031,1.05731,1.0597,11336
1671753600,1.05933,1.06042,1.05867,1.06018,7431
1671768000,1.06018,1.06122,1.06018,1.06035,7829
1671782400,1.06036,1.06304,1.05961,1.06097,12996
1671796800,1.06097,1.06328,1.05947,1.06078,18334
1671811200,1.06077,1.0632,1.05922,1.06203,30226
1671825600,1.06202,1.06233,1.06058,1.06168,8585
1672099200,1.06344,1.06532,1.06302,1.0652,7960
1672113600,1.06519,1.06604,1.06354,1.06555,7070
1672128000,1.06558,1.06679,1.06382,1.06604,12502
1672142400,1.06603,1.06695,1.06195,1.06275,13942
1672156800,1.06272,1.06604,1.06114,1.06374,18168
1672171200,1.0637,1.06563,1.06358,1.06374,9552
1672185600,1.06382,1.06429,1.06248,1.0642,5862
1672200000,1.0642,1.06469,1.06319,1.0646,7223
1672214400,1.06461,1.06547,1.06279,1.06369,12033
1672228800,1.0637,1.06576,1.06291,1.06417,13608
1672243200,1.06417,1.06745,1.06115,1.06289,20137
1672257600,1.06291,1.06356,1.06066,1.06125,10736
1672272000,1.06086,1.06373,1.06085,1.06279,7624
1672286400,1.06281,1.06329,1.0619,1.06246,6597
1672300800,1.06249,1.0658,1.06111,1.06562,11597
1672315200,1.06562,1.06671,1.0631599999999999,1.06549,13918
1672329600,1.06551,1.06905,1.06363,1.06819,21858
1672344000,1.0682,1.06834,1.06603,1.0661,10129
1672358400,1.06612,1.06696,1.06544,1.06603,5074
1672372800,1.06602,1.06632,1.06424,1.06432,5004
1672387200,1.06432,1.06745,1.06384,1.06546,13068
1672401600,1.06545,1.06985,1.06452,1.06687,16321
1672416000,1.06687,1.07114,1.06593,1.07104,29991
1672430400,1.07113,1.07131,1.06921,1.06999,15976
1672617600,1.07023,1.07073,1.06885,1.06945,1906
1672632000,1.06944,1.07031,1.0686,1.06934,1766
1672646400,1.06934,1.06991,1.0663,1.06785,8104
1672660800,1.06785,1.06897,1.06741,1.06784,4062
1672675200,1.06783,1.06819,1.06512,1.066,5090
1672689600,1.066,1.067,1.06503,1.0659,2919
1672704000,1.06648,1.06832,1.06502,1.06599,11708
1672718400,1.06598,1.06803,1.06576,1.06636,11660
1672732800,1.06636,1.06677,1.05339,1.05476,25604
1672747200,1.05478,1.05698,1.05194,1.05603,21472
1672761600,1.05602,1.05973,1.05372,1.05463,29496
1672776000,1.05462,1.05686,1.0543,1.0548,11721
1672790400,1.05469,1.05696,1.05404,1.05668,12184
1672804800,1.05668,1.0578400000000001,1.05614,1.05692,8299
1672819200,1.05692,1.06354,1.05596,1.06107,26122
1672833600,1.06108,1.06243,1.05949,1.06106,18684
1672848000,1.06106,1.06281,1.05812,1.06074,31951
1672862400,1.06074,1.06127,1.0585,1.06049,18245
1672876800,1.06027,1.06312,1.05998,1.06204,9797
1672891200,1.06202,1.06202,1.06016,1.06105,9243
1672905600,1.06109,1.06289,1.05902,1.06232,19938
1672920000,1.06234,1.06261,1.05512,1.05522,21181
1672934400,1.05523,1.05674,1.0515,1.053,29070
1672948800,1.053,1.05431,1.05156,1.05203,14640
1672963200,1.05192,1.05327,1.05185,1.0525,6980
1672977600,1.05251,1.05365,1.05106,1.05144,8435
1672992000,1.05148,1.0531,1.04967,1.05072,17545
1673006400,1.05072,1.0545,1.04819,1.05425,24019
1673020800,1.05424,1.0638,1.05009,1.06376,38425
1673035200,1.06376,1.0648,1.06296,1.0642800000000001,12127
1673222400,1.06397,1.06722,1.06356,1.06666,9473
1673236800,1.06667,1.06829,1.06662,1.06771,9006
1673251200,1.06772,1.06996,1.066,1.06721,19835
1673265600,1.06723,1.0731600000000001,1.06614,1.0725,18250
1673280000,1.07252,1.07606,1.07116,1.07501,25532
1673294400,1.07503,1.0754,1.0729899999999999,1.07335,13589
1673308800,1.07264,1.07399,1.07206,1.07362,9173
1673323200,1.07365,1.0744,1.07213,1.07426,11489
1673337600,1.07427,1.07518,1.0722,1.07459,18302
1673352000,1.07458,1.07461,1.07121,1.07216,15814
1673366400,1.07217,1.07593,1.07216,1.07334,30197
1673380800,1.07331,1.07441,1.07277,1.07338,8570
1673395200,1.07318,1.07453,1.07256,1.07309,8155
1673409600,1.07307,1.07569,1.07265,1.07476,7351
1673424000,1.07477,1.07574,1.07254,1.07414,15086
1673438400,1.07415,1.07552,1.0728,1.07497,15020
1673452800,1.0749900000000001,1.07764,1.07363,1.07468,20490
1673467200,1.07468,1.0768,1.07351,1.07563,10203
1673481600,1.07502,1.07745,1.07497,1.07667,10977
1673496000,1.07666,1.07753,1.07614,1.07627,7461
1673510400,1.07626,1.07735,1.07428,1.07653,14530
1673524800,1.07653,1.08384,1.07269,1.08294,25922
1673539200,1.08295,1.08489,1.07518,1.08488,44920
1673553600,1.08488,1.08669,1.08395,1.085,17208
1673568000,1.08464,1.08679,1.08418,1.08556,9731
1673582400,1.08555,1.08561,1.08315,1.08371,10546
1673596800,1.08371,1.08641,1.08331,1.08424,19968
1673611200,1.08423,1.08517,1.07926,1.07937,19676
1673625600,1.07938,1.08386,1.07804,1.0828,28143
1673640000,1.08281,1.08357,1.08181,1.0832600000000001,8555
1673827200,1.08289,1.08721,1.0820400000000001,1.08678,9702
1673841600,1.08679,1.08741,1.08508,1.0860400000000001,10574
1673856000,1.0860400000000001,1.0860400000000001,1.08013,1.08209,17413
1673870400,1.08211,1.08366,1.08059,1.08156,13169
1673884800,1.08154,1.0829,1.08114,1.08136,11042
1673899200,1.08135,1.08247,1.08108,1.08218,1967
1673913600,1.08213,1.08336,1.0814,1.08171,9149
1673928000,1.08169,1.08328,1.08061,1.0831,9489
1673942400,1.0831,1.08385,1.08109,1.08174,18335
1673956800,1.08175,1.0858,1.0809,1.08425,21310
1673971200,1.08425,1.08693,1.07743,1.07821,30636
1673985600,1.07818,1.08038,1.07797,1.079,9333
1674000000,1.07874,1.07961,1.07824,1.0796000000000001,7312
1674014400,1.07958,1.07993,1.07659,1.07796,20405
1674028800,1.07796,1.08716,1.07796,1.08702,26248
1674043200,1.08702,1.08702,1.08119,1.08583,25210
1674057600,1.08583,1.08874,1.07871,1.07959,37564
1674072000,1.07961,1.0799,1.07868,1.07953,13213
1674086400,1.07904,1.07983,1.07824,1.07879,8872
1674100800,1.07879,1.08056,1.07824,1.07915,8803
1674115200,1.07915,1.08294,1.07822,1.08247,17294
1674129600,1.0824799999999999,1.08384,1.07955,1.08096,22698
1674144000,1.08094,1.08251,1.07834,1.08162,24255
1674158400,1.08162,1.08399,1.08129,1.08306,12740
1674172800,1.08269,1.0844,1.0826500000000001,1.08362,5957
1674187200,1.08363,1.0844,1.0825,1.08351,7184
1674201600,1.08351,1.08588,1.08206,1.0831,14115
1674216000,1.0830899999999999,1.08473,1.08023,1.0806499999999999,17123
1674230400,1.08066,1.08478,1.08045,1.08437,19984
1674244800,1.08438,1.08585,1.08337,1.08557,9456
1674432000,1.08634,1.08996,1.08606,1.08948,8079
1674446400,1.08948,1.0903100000000001,1.08889,1.08922,6949
1674460800,1.08921,1.09269,1.08873,1.09115,17485
1674475200,1.09115,1.09154,1.08532,1.08589,18164
1674489600,1.08587,1.08758,1.08463,1.08625,22599
1674504000,1.08626,1.08731,1.08476,1.08711,11574
1674518400,1.08685,1.08826,1.08674,1.08808,5311
1674532800,1.08809,1.08829,1.08693,1.08784,4505
1674547200,1.08784,1.0898,1.08519,1.08607,15736
1674561600,1.08607,1.08808,1.0852,1.08658,15085
1674576000,1.08658,1.08869,1.08351,1.08832,26064
1674590400,1.08834,1.08888,1.0874,1.0888,7803
1674604800,1.08857,1.08941,1.08781,1.0893,7046
1674619200,1.08931,1.09029,1.08918,1.08974,6319
1674633600,1.08974,1.09112,1.0867499999999999,1.08813,14754
1674648000,1.08812,1.08849,1.08572,1.0872,15298
1674662400,1.08719,1.09236,1.08686,1.08992,24138
1674676800,1.08995,1.09184,1.08995,1.09156,9390
1674691200,1.09133,1.09247,1.09067,1.09191,6080
1674705600,1.09191,1.09216,1.09091,1.09187,6169
1674720000,1.09183,1.09294,1.08925,1.08956,14214
1674734400,1.08957,1.09083,1.0873,1.09025,15875
1674748800,1.09024,1.09175,1.08505,1.08647,24666
1674763200,1.08647,1.0894,1.08635,1.08935,7497
1674777600,1.08884,1.09003,1.08861,1.08895,6173
1674792000,1.08895,1.089,1.08656,1.08737,6115
1674806400,1.08737,1.08922,1.08657,1.08838,11569
1674820800,1.08837,1.0895299999999999,1.08594,1.08621,12813
1674835200,1.08622,1.08791,1.08379,1.0866500000000001,23731
1674849600,1.0866500000000001,1.08729,1.08565,1.08674,7349
1675036800,1.08607,1.08754,1.08599,1.0873599999999999,5884
1675051200,1.08735,1.08793,1.08642,1.08691,9509
1675065600,1.08692,1.0904,1.0853,1.09016,15427
1675080000,1.09017,1.09137,1.08861,1.08862,15132
1675094400,1.08862,1.08997,1.08574,1.08578,19631
1675108800,1.08576,1.08605,1.08392,1.08508,8048
1675123200,1.08487,1.08601,1.08467,1.08575,6984
1675137600,1.08575,1.0859,1.08329,1.08346,6488
1675152000,1.08348,1.08496,1.0802,1.08296,15790
1675166400,1.08296,1.08631,1.08202,1.0851,18832
1675180800,1.0851,1.08678,1.08333,1.08653,24950
1675195200,1.08654,1.0875,1.08598,1.08642,7973
1675209600,1.0862,1.08655,1.0857,1.08572,4991
1675224000,1.08573,1.08749,1.08522,1.08716,4530
1675238400,1.08717,1.08885,1.08658,1.08833,12453
1675252800,1.08829,1.09099,1.08792,1.0904,13334
1675267200,1.09039,1.09246,1.08891,1.09078,21677
1675281600,1.09079,1.10005,1.08886,1.09884,35500
1675296000,1.09861,1.10329,1.0984,1.10133,11722
1675310400,1.1013,1.10255,1.10119,1.102,8569
1675324800,1.10201,1.10218,1.09887,1.09986,15430
1675339200,1.09987,1.10042,1.09439,1.09453,25678
1675353600,1.09454,1.09663,1.08854,1.09085,33088
1675368000,1.09085,1.09227,1.09052,1.09099,13530
1675382400,1.0909,1.09114,1.0891,1.08937,6397
1675396800,1.08939,1.08983,1.08872,1.08936,5555
1675411200,1.08936,1.0931,1.08818,1.09299,13890
1675425600,1.09299,1.094,1.08263,1.08396,21773
1675440000,1.08396,1.08762,1.08092,1.08246,35927
1675454400,1.08243,1.08247,1.07925,1.07932,11857
1675641600,1.07852,1.07983,1.0781,1.0785,9648
1675656000,1.07851,1.0799,1.07822,1.07966,9448
1675670400,1.07967,1.07978,1.07652,1.07664,16442
1675684800,1.0766499999999999,1.07832,1.07567,1.07579,15067
1675699200,1.07579,1.07662,1.07095,1.0713,20644
1675713600,1.07131,1.07374,1.07101,1.07247,8206
1675728000,1.07242,1.07427,1.07199,1.0741,6217
1675742400,1.07411,1.07426,1.07285,1.07402,8154
1675756800,1.07401,1.07437,1.06968,1.07109,18357
1675771200,1.07108,1.07227,1.06857,1.06952,15749
1675785600,1.06952,1.07664,1.0669,1.07601,27451
1675800000,1.076,1.07623,1.06873,1.07272,26108
1675814400,1.07228,1.07351,1.07211,1.07263,4882
1675828800,1.07262,1.0735,1.07237,1.07336,5980
1675843200,1.07333,1.07607,1.07239,1.07552,14757
1675857600,1.07551,1.07558,1.07256,1.07315,13727
1675872000,1.0731600000000001,1.07431,1.07137,1.07283,24000
1675886400,1.07283,1.07391,1.07094,1.07151,9927
1675900800,1.07122,1.0726,1.0708,1.07247,6918
1675915200,1.07247,1.07382,1.07236,1.07355,6032
1675929600,1.07356,1.07688,1.0724,1.07635,15949
1675944000,1.07635,1.07901,1.07588,1.07897,14953
1675958400,1.07897,1.07906,1.0739,1.07486,20387
1675972800,1.07485,1.07485,1.07314,1.07378,12306
1675987200,1.07329,1.07416,1.07257,1.07336,5395
1676001600,1.07329,1.07341,1.07173,1.07258,6980
1676016000,1.07258,1.07527,1.0704,1.07066,22617
1676030400,1.07066,1.07113,1.06812,1.06958,16877
1676044800,1.06958,1.07068,1.06662,1.06682,22008
1676059200,1.0668,1.06808,1.06676,1.06781,5374
1676246400,1.06801,1.06802,1.06554,1.0667,8748
1676260800,1.06669,1.06709,1.06605,1.06695,7336
1676275200,1.06695,1.06897,1.06631,1.06771,14582
1676289600,1.0677,1.06966,1.06731,1.06804,13687
1676304000,1.06805,1.07273,1.06764,1.07182,19047
1676318400,1.07183,1.0729899999999999,1.07116,1.07242,7122
1676332800,1.07186,1.07368,1.07186,1.07287,5826
1676347200,1.07287,1.07401,1.07253,1.07382,6989
1676361600,1.07382,1.07668,1.07287,1.07611,15546
1676376000,1.07611,1.08044,1.07169,1.07607,25435
1676390400,1.07607,1.0771600000000001,1.07068,1.07278,46616
1676404800,1.07277,1.07454,1.07232,1.07361,15058
1676419200,1.07368,1.07444,1.07328,1.07397,5755
1676433600,1.07395,1.07397,1.07136,1.0715,8238
1676448000,1.0715,1.0729899999999999,1.06996,1.07258,17385
1676462400,1.07256,1.0733,1.06739,1.06829,19871
1676476800,1.06829,1.0689,1.06617,1.0667,25513
1676491200,1.0667,1.06913,1.06605,1.06878,9567
1676505600,1.06873,1.0708,1.06818,1.07047,11083
1676520000,1.07044,1.07149,1.07009,1.07053,7005
1676534400,1.07053,1.07223,1.0689,1.07004,15007
1676548800,1.07004,1.07129,1.06698,1.06793,19358
1676563200,1.06792,1.0695999999999999,1.06543,1.06928,27616
1676577600,1.06927,1.06974,1.06692,1.06731,13808
1676592000,1.067,1.06739,1.06521,1.06535,7029
1676606400,1.06535,1.06558,1.06326,1.06384,7125
1676620800,1.06384,1.06614,1.06296,1.06369,15524
1676635200,1.06368,1.06448,1.06127,1.0641,16005
1676649600,1.06411,1.06938,1.06366,1.06784,27500
1676664000,1.06787,1.06983,1.06775,1.06936,8471
1676851200,1.06856,1.0692,1.0673,1.0676,6417
1676865600,1.06759,1.06931,1.06754,1.06907,6887
1676880000,1.06908,1.07045,1.06791,1.0679400000000001,11985
1676894400,1.0679400000000001,1.06921,1.06702,1.06804,11329
1676908800,1.06805,1.06939,1.06782,1.06856,8392
1676923200,1.06856,1.06874,1.06824,1.0686,3174
1676937600,1.06837,1.06884,1.06673,1.06736,5876
1676952000,1.06736,1.06751,1.06621,1.06736,6730
1676966400,1.06736,1.06884,1.06426,1.06631,19526
1676980800,1.06631,1.06695,1.06457,1.06529,17826
1676995200,1.06528,1.06981,1.06438,1.06606,27259
1677009600,1.06608,1.06613,1.06375,1.06452,9175
1677024000,1.0646,1.0664,1.06442,1.06575,12112
1677038400,1.06574,1.06626,1.06511,1.06575,6474
1677052800,1.06575,1.06634,1.06355,1.06375,14762
1677067200,1.06374,1.06503,1.06245,1.06462,17676
1677081600,1.06462,1.06602,1.0617,1.06283,23225
1677096000,1.06283,1.06361,1.05991,1.06048,17086
1677110400,1.06031,1.06216,1.06024,1.06196,4325
1677124800,1.06195,1.06248,1.06145,1.06224,5148
1677139200,1.06223,1.06279,1.05873,1.05909,15343
1677153600,1.05909,1.0621,1.05857,1.06075,18319
1677168000,1.06077,1.06167,1.05769,1.05852,23908
1677182400,1.05854,1.06033,1.05808,1.05963,8591
1677196800,1.05937,1.06143,1.05914,1.06013,9265
1677211200,1.06013,1.06063,1.05947,1.05975,7761
1677225600,1.05975,1.06022,1.05797,1.05857,14436
1677240000,1.05857,1.0596,1.05434,1.05537,20888
1677254400,1.05539,1.05606,1.05361,1.05471,29541
1677268800,1.05471,1.05555,1.05439,1.05446,9721
1677456000,1.05449,1.05594,1.05443,1.05592,7209
1677470400,1.05591,1.05598,1.05387,1.05393,7452
1677484800,1.05394,1.05612,1.05329,1.05511,15904
1677499200,1.05511,1.05833,1.05486,1.0582799999999999,15080
1677513600,1.05831,1.06199,1.05757,1.06012,20868
1677528000,1.06012,1.06128,1.05987,1.06097,7659
1677542400,1.06045,1.06149,1.05861,1.05865,6599
1677556800,1.05867,1.05987,1.05819,1.0584500000000001,6602
1677571200,1.0584500000000001,1.06262,1.05819,1.06059,16516
1677585600,1.06058,1.0632,1.06056,1.06312,14514
1677600000,1.06312,1.06453,1.05951,1.06055,24136
1677614400,1.06054,1.06068,1.0574,1.05744,8075
1677628800,1.05756,1.05851,1.05652,1.0584500000000001,11285
1677643200,1.0584500000000001,1.05955,1.05814,1.05909,7148
1677657600,1.05909,1.06576,1.05893,1.06423,20207
1677672000,1.06419,1.06914,1.06399,1.06712,19881
1677686400,1.06712,1.06796,1.06434,1.06652,27932
1677700800,1.06651,1.06712,1.06464,1.06692,8096
1677715200,1.06664,1.06727,1.06466,1.06514,6679
1677729600,1.06514,1.06569,1.06372,1.06412,7170
1677744000,1.06414,1.06447,1.06191,1.06242,16697
1677758400,1.06241,1.06317,1.0582,1.05861,21081
1677772800,1.05861,1.06146,1.05766,1.05798,22385
1677787200,1.05799,1.06065,1.05765,1.05971,10604
1677801600,1.05969,1.06143,1.05941,1.06084,5959
1677816000,1.06084,1.06149,1.06019,1.0609,6478
1677830400,1.06091,1.0629,1.06072,1.06099,14972
1677844800,1.06097,1.06296,1.06004,1.06224,14416
1677859200,1.06224,1.06296,1.05882,1.06248,24500
1677873600,1.06248,1.06386,1.062,1.06331,8140
1678060800,1.06247,1.06382,1.06229,1.06363,8108
1678075200,1.06363,1.06501,1.06281,1.06484,6958
1678089600,1.06486,1.06573,1.0628,1.06292,14546
1678104000,1.06292,1.06582,1.06221,1.06545,16027
1678118400,1.06545,1.06944,1.06502,1.06851,20456
1678132800,1.06851,1.0686,1.06683,1.06829,8015
1678147200,1.06757,1.06888,1.06752,1.06865,6399
1678161600,1.06864,1.06933,1.06813,1.06852,7438
1678176000,1.06851,1.06944,1.06556,1.06568,16460
1678190400,1.06568,1.0672,1.06499,1.06563,14628
1678204800,1.06563,1.0661100000000001,1.05657,1.05672,38117
1678219200,1.05675,1.05739,1.05461,1.05497,11249
1678233600,1.05471,1.05528,1.05421,1.05449,5925
1678248000,1.0545,1.0547,1.05241,1.0531,7293
1678262400,1.0531,1.05487,1.05304,1.05355,12402
1678276800,1.05354,1.05492,1.05341,1.05412,13240
1678291200,1.05412,1.05738,1.0529,1.05451,26978
1678305600,1.05451,1.05506,1.05397,1.05442,9224
1678320000,1.05428,1.05533,1.05374,1.05405,5728
1678334400,1.05406,1.05555,1.05393,1.05523,4639
1678348800,1.05524,1.05697,1.0548,1.05585,10717
1678363200,1.05585,1.05814,1.05524,1.05741,15115
1678377600,1.0574,1.05863,1.05636,1.05771,20228
1678392000,1.05771,1.05912,1.05725,1.05817,14410
1678406400,1.05781,1.05994,1.05778,1.05945,6742
1678420800,1.05945,1.05984,1.05791,1.05865,12139
1678435200,1.05865,1.06067,1.05739,1.05814,18829
1678449600,1.05813,1.06441,1.05777,1.06217,26099
1678464000,1.06216,1.07007,1.06119,1.06685,46814
1678478400,1.06681,1.06727,1.0636,1.06383,19987
1678665600,1.06792,1.0703,1.06735,1.06817,15768
1678680000,1.06816,1.07369,1.0664,1.07178,19702
1678694400,1.07177,1.07372,1.0704,1.07075,20617
1678708800,1.07076,1.07076,1.06502,1.06964,49413
1678723200,1.06963,1.07424,1.06854,1.07397,45541
1678737600,1.07397,1.07486,1.0721,1.07308,23163
1678752000,1.07275,1.07319,1.07115,1.07189,7884
1678766400,1.07189,1.07211,1.06981,1.07026,13594
1678780800,1.07025,1.07155,1.06788,1.07062,24830
1678795200,1.07063,1.07486,1.06912,1.07355,32328
1678809600,1.07355,1.07435,1.0698,1.07172,34330
1678824000,1.07173,1.07496,1.07171,1.07323,20164
1678838400,1.07325,1.07366,1.07251,1.07338,5255
1678852800,1.07338,1.07597,1.07311,1.07448,9470
1678867200,1.07449,1.07461,1.07267,1.07314,17042
1678881600,1.07313,1.07328,1.05524,1.05565,43623
1678896000,1.05563,1.05647,1.0516,1.05422,44037
1678910400,1.05423,1.05923,1.0542,1.05762,32292
1678924800,1.05765,1.05981,1.05729,1.05896,10243
1678939200,1.05895,1.06032,1.05861,1.06026,15915
1678953600,1.06025,1.06355,1.05927,1.06124,22368
1678968000,1.06121,1.0621,1.05757,1.05877,27015
1678982400,1.05884,1.06265,1.05507,1.06186,51482
1678996800,1.06187,1.06206,1.05915,1.06157,16225
1679011200,1.06069,1.06204,1.06068,1.06182,7396
1679025600,1.06182,1.06493,1.06142,1.06493,11340
1679040000,1.06491,1.067,1.06443,1.06522,17279
1679054400,1.06522,1.06598,1.0612,1.0626,21083
1679068800,1.06261,1.06757,1.06171,1.06673,30307
1679083200,1.06674,1.06852,1.06585,1.06651,14161
1679270400,1.06808,1.0688900000000001,1.06662,1.06808,10109
1679284800,1.06808,1.0689899999999999,1.06647,1.06697,12006
1679299200,1.06694,1.0681,1.06313,1.06612,29046
1679313600,1.06613,1.07176,1.06497,1.07051,26046
1679328000,1.0705,1.07308,1.07028,1.07253,23435
1679342400,1.07256,1.07283,1.0714,1.07231,8846
1679356800,1.07184,1.07259,1.07153,1.07174,9023
1679371200,1.07174,1.07223,1.07096,1.07121,8139
1679385600,1.07122,1.07387,1.07039,1.07298,15432
1679400000,1.07294,1.07846,1.07248,1.07812,16891
1679414400,1.07811,1.07885,1.07608,1.07675,20390
1679428800,1.07678,1.07744,1.07562,1.07693,8087
1679443200,1.07659,1.0776,1.07659,1.07679,4099
1679457600,1.07679,1.07767,1.07652,1.07688,7593
1679472000,1.07688,1.0783,1.07588,1.07802,12624
1679486400,1.07802,1.08002,1.07756,1.07819,14087
1679500800,1.07819,1.08004,1.07755,1.0799,13923
1679515200,1.0799,1.09123,1.07897,1.0859,35916
1679529600,1.08547,1.08836,1.08547,1.08834,6068
1679544000,1.08834,1.09055,1.08789,1.09036,10497
1679558400,1.09036,1.09297,1.08911,1.08996,18254
1679572800,1.08996,1.09036,1.08667,1.08731,19104
1679587200,1.08731,1.09079,1.08728,1.08956,19239
1679601600,1.08954,1.08954,1.08241,1.08323,19706
1679616000,1.08303,1.08386,1.08245,1.0832600000000001,6243
1679630400,1.0832600000000001,1.08352,1.08172,1.08342,10767
1679644800,1.08342,1.0836999999999999,1.07679,1.07799,18234
1679659200,1.07796,1.07907,1.07132,1.07491,29304
1679673600,1.07496,1.07674,1.07402,1.07572,25103
1679688000,1.07569,1.07674,1.07541,1.07601,8430
1679875200,1.07712,1.07797,1.07608,1.0761,6908
1679889600,1.0761,1.07748,1.07576,1.07678,7509
1679904000,1.07678,1.07821,1.07449,1.07666,16631
1679918400,1.0766499999999999,1.07808,1.07565,1.0773,13879
1679932800,1.0773,1.07949,1.07702,1.0791,14841
1679947200,1.07913,1.08001,1.0786,1.07979,6423
1679961600,1.0796000000000001,1.08179,1.0794,1.08158,3891
1679976000,1.08159,1.08194,1.081,1.08121,8014
1679990400,1.0812,1.08341,1.08061,1.08123,13440
1680004800,1.08122,1.08469,1.08102,1.08394,14552
1680019200,1.08391,1.0846,1.08163,1.0842,15665
1680033600,1.08422,1.08485,1.08356,1.08446,5948
1680048000,1.08423,1.08476,1.08364,1.08471,4140
1680062400,1.08472,1.08496,1.08336,1.08375,7344
1680076800,1.08374,1.08406,1.08177,1.08328,12420
1680091200,1.08324,1.08716,1.08321,1.08535,14167
1680105600,1.08536,1.08584,1.08235,1.08276,17014
1680120000,1.08276,1.0848200000000001,1.08257,1.08446,6972
1680134400,1.0843,1.08483,1.08355,1.08376,5046
1680148800,1.08376,1.08413,1.08263,1.08389,5812
1680163200,1.0839,1.08793,1.08235,1.08731,16320
1680177600,1.08742,1.09109,1.08589,1.091,14808
1680192000,1.09101,1.09263,1.08945,1.09048,16731
1680206400,1.09049,1.09078,1.08921,1.09048,5794
1680220800,1.09051,1.09171,1.09021,1.09156,3930
1680235200,1.09155,1.09257,1.09012,1.09033,7201
1680249600,1.09032,1.09108,1.08729,1.08894,14809
1680264000,1.08886,1.08959,1.08641,1.08872,15056
1680278400,1.08872,1.09018,1.08576,1.08694,19407
1680292800,1.08695,1.08713,1.08368,1.08426,6805
1680480000,1.08402,1.08435,1.07986,1.08138,9229
1680494400,1.08137,1.08168,1.07882,1.07929,8040
1680508800,1.0793,1.08497,1.07889,1.08426,13011
1680523200,1.08425,1.08777,1.08425,1.0865,14597
1680537600,1.08657,1.09166,1.08643,1.08886,20719
1680552000,1.08886,1.09082,1.08799,1.09032,6590
1680566400,1.09006,1.09098,1.08988,1.0901,4084
1680580800,1.09011,1.09016,1.08877,1.08944,7931
1680595200,1.08944,1.09379,1.08827,1.09171,14516
1680609600,1.09172,1.0936,1.08867,1.08911,15860
1680624000,1.08912,1.09733,1.08885,1.09462,24366
1680638400,1.09462,1.0958,1.09436,1.09559,5486
1680652800,1.0950199999999999,1.09696,1.0950199999999999,1.09606,4410
1680667200,1.09608,1.09645,1.09535,1.09548,7739
1680681600,1.09546,1.09673,1.09408,1.09512,13622
1680696000,1.0951,1.0963,1.09348,1.09577,15430
1680710400,1.09578,1.09669,1.08962,1.08968,21453
1680724800,1.08967,1.09097,1.0891,1.09058,5215
1680739200,1.08993,1.09105,1.08928,1.08939,4522
1680753600,1.08939,1.08959,1.08847,1.08927,5548
1680768000,1.08927,1.0917,1.08897,1.08994,12399
1680782400,1.08993,1.09194,1.08895,1.08922,12487
1680796800,1.08921,1.09376,1.0886,1.09341,15027
1680811200,1.0934,1.0936,1.09167,1.09196,5313
1680825600,1.09181,1.0924,1.09141,1.09158,2047
1680840000,1.09159,1.09216,1.09147,1.09147,1949
1680854400,1.09147,1.09195,1.09114,1.09154,3060
1680868800,1.09154,1.09217,1.08764,1.09035,7052
1680883200,1.09033,1.09154,1.08933,1.09097,5512
1680897600,1.09097,1.09104,1.08964,1.08985,1414
1681084800,1.09002,1.09147,1.08996,1.09035,4289
1681099200,1.09035,1.09067,1.08951,1.08962,4868
1681113600,1.08962,1.09172,1.08906,1.09119,6083
1681128000,1.09119,1.09165,1.08471,1.08489,10680
1681142400,1.08488,1.08572,1.08313,1.08476,11678
1681156800,1.08476,1.0863,1.08476,1.0861399999999999,5587
1681171200,1.08595,1.0879,1.08566,1.08775,6078
1681185600,1.08775,1.08877,1.0867,1.08825,8665
1681200000,1.08825,1.09102,1.08808,1.09068,12883
1681214400,1.09068,1.09267,1.09023,1.0912,13231
1681228800,1.09125,1.0928,1.08975,1.08988,12987
1681243200,1.08988,1.09169,1.08961,1.09131,5002
1681257600,1.09109,1.09275,1.09084,1.09252,2631
1681272000,1.09252,1.09287,1.09162,1.09256,5689
1681286400,1.09256,1.09373,1.09158,1.09237,10162
1681300800,1.09233,1.09899,1.0919699999999999,1.09641,14716
1681315200,1.09641,1.1,1.09581,1.09961,21529
1681329600,1.09961,1.10003,1.09865,1.09916,7949
1681344000,1.09905,1.1005,1.09879,1.10021,3556
1681358400,1.10021,1.10034,1.09837,1.09899,7220
1681372800,1.09899,1.1025,1.09767,1.1014599999999999,12458
1681387200,1.10144,1.10535,1.10082,1.10488,14947
1681401600,1.10489,1.10677,1.10433,1.10557,15971
1681416000,1.10557,1.10596,1.10439,1.10472,6268
1681430400,1.10457,1.1059,1.10439,1.10544,3234
1681444800,1.10545,1.10752,1.1053,1.10689,5678
1681459200,1.10691,1.10759,1.10538,1.10591,10415
1681473600,1.10591,1.10738,1.10184,1.10345,15256
1681488000,1.10344,1.10364,1.09724,1.09777,22751
1681502400,1.09775,1.09992,1.09752,1.09948,6020
1681689600,1.09887,1.09939,1.09726,1.09727,4002
1681704000,1.09733,1.09847,1.09617,1.09844,6019
1681718400,1.09846,1.09998,1.09641,1.09648,11353
1681732800,1.09646,1.0985,1.09516,1.09538,12457
1681747200,1.09538,1.09569,1.09091,1.09117,19037
1681761600,1.09117,1.09312,1.09117,1.09288,4825
1681776000,1.09225,1.09289,1.09218,1.09253,2383
1681790400,1.09252,1.0939,1.09234,1.09369,6206
1681804800,1.09369,1.09829,1.09342,1.09808,11692
1681819200,1.09806,1.0983,1.09544,1.09559,11794
1681833600,1.09558,1.0971,1.09429,1.09702,13812
1681848000,1.09702,1.09747,1.09672,1.0972,4746
1681862400,1.09699,1.09828,1.09659,1.09826,4675
1681876800,1.09824,1.0984,1.09649,1.09684,6197
1681891200,1.09685,1.09723,1.09464,1.09557,14615
1681905600,1.09556,1.09631,1.09172,1.09496,14014
1681920000,1.09497,1.09793,1.09473,1.09657,14905
1681934400,1.0965799999999999,1.09668,1.09517,1.09558,5955
1681948800,1.09542,1.09591,1.09471,1.09568,3102
1681963200,1.09566,1.09617,1.09495,1.0959,6744
1681977600,1.09591,1.09784,1.095,1.09712,12118
1681992000,1.09713,1.09851,1.09335,1.09775,15290
1682006400,1.09774,1.09897,1.09632,1.09671,15646
1682020800,1.09673,1.09726,1.09563,1.09696,5998
1682035200,1.09663,1.09721,1.09619,1.09701,2807
1682049600,1.09702,1.09732,1.09587,1.09603,4845
1682064000,1.09604,1.09722,1.09379,1.0959699999999999,12751
1682078400,1.09596,1.09901,1.0949,1.09879,11044
1682092800,1.09877,1.09937,1.09425,1.09791,20189
1682107200,1.09785,1.09929,1.0972,1.09895,6001
1682294400,1.09898,1.09962,1.09844,1.09948,3230
1682308800,1.09949,1.09949,1.0979700000000001,1.09805,5526
1682323200,1.09803,1.10096,1.0965799999999999,1.10086,10711
1682337600,1.1008499999999999,1.10251,1.0999,1.10228,12141
1682352000,1.10228,1.10369,1.10129,1.10339,15587
1682366400,1.10339,1.1050200000000001,1.10335,1.10444,4429
1682380800,1.10456,1.1066799999999999,1.10411,1.10591,3608
1682395200,1.1059,1.10671,1.10507,1.10511,6315
1682409600,1.10512,1.10565,1.10245,1.10398,13518
1682424000,1.10398,1.1044,1.10095,1.10173,11292
1682438400,1.1017,1.10188,1.09653,1.0968,17386
1682452800,1.09686,1.0976,1.09641,1.09745,8367
1682467200,1.09676,1.09803,1.09665,1.09782,4290
1682481600,1.09782,1.09817,1.09684,1.09811,6158
1682496000,1.09809,1.10432,1.09796,1.10418,15056
1682510400,1.10418,1.10626,1.10313,1.10537,19371
1682524800,1.10538,1.10955,1.10329,1.1041,22743
1682539200,1.10409,1.1042,1.10324,1.10414,7511
1682553600,1.10376,1.10476,1.1035,1.10457,4288
1682568000,1.10456,1.1055,1.10389,1.10508,6821
1682582400,1.10507,1.10635,1.104,1.10528,12804
1682596800,1.10528,1.10572,1.10008,1.1013,16171
1682611200,1.10131,1.1027,1.0992,1.1008499999999999,19928
1682625600,1.10086,1.10299,1.10055,1.10285,6289
1682640000,1.10216,1.10396,1.10212,1.10346,4559
1682654400,1.10346,1.10346,1.10082,1.10135,10333
1682668800,1.10134,1.1036299999999999,1.09767,1.09908,18591
1682683200,1.09911,1.09985,1.09626,1.09844,16351
1682697600,1.09844,1.10449,1.09827,1.10308,23556
1682712000,1.10309,1.1031,1.10119,1.10166,7598
1682899200,1.10201,1.10212,1.10044,1.10055,2941
1682913600,1.10055,1.10143,1.10007,1.10063,5015
1682928000,1.10062,1.10088,1.09915,1.09922,8036
1682942400,1.09922,1.10335,1.09884,1.10327,9292
1682956800,1.10328,1.10355,1.09643,1.0967500000000001,17868
1682971200,1.0967500000000001,1.09763,1.09653,1.0976,9253
1682985600,1.09703,1.09792,1.09673,1.09789,2835
1683000000,1.09788,1.09945,1.09785,1.09845,7619
1683014400,1.09844,1.10066,1.09598,1.09717,15037
1683028800,1.09724,1.09817,1.09481,1.09552,12846
1683043200,1.0955300000000001,1.1003,1.0942,1.09998,21757
1683057600,1.09997,1.1008,1.09946,1.09992,6426
1683072000,1.0999,1.10206,1.0998,1.10173,3438
1683086400,1.10172,1.10298,1.10129,1.10217,4388
1683100800,1.10218,1.10468,1.10142,1.10397,9977
1683115200,1.10396,1.10469,1.10218,1.10384,11857
1683129600,1.10385,1.10594,1.10289,1.10469,15438
1683144000,1.1047,1.10916,1.10373,1.106,26025
1683158400,1.10579,1.10873,1.10548,1.10759,7122
1683172800,1.10758,1.10875,1.10712,1.10814,7595
1683187200,1.10813,1.10916,1.1037,1.10406,14030
1683201600,1.10402,1.10824,1.10013,1.10093,18225
1683216000,1.10093,1.10553,1.09862,1.10247,29109
1683230400,1.10246,1.10316,1.10112,1.1014,8058
1683244800,1.10123,1.10295,1.10084,1.10249,2418
1683259200,1.1025,1.10448,1.1025,1.10418,5432
1683273600,1.10417,1.10478,1.1024,1.10284,11838
1683288000,1.10284,1.1031900000000001,1.09667,1.0976,14380
1683302400,1.09763,1.10366,1.0976,1.10322,18101
1683316800,1.10323,1.10345,1.10096,1.10183,7305
1683504000,1.10138,1.10254,1.10138,1.10243,3735
1683518400,1.10243,1.10443,1.10186,1.10436,5897
1683532800,1.10437,1.10536,1.10357,1.1036,9241
1683547200,1.10359,1.10515,1.10228,1.10371,10423
1683561600,1.1037,1.10442,1.10115,1.10271,11243
1683576000,1.10276,1.10292,1.10001,1.10042,6215
1683590400,1.10006,1.10048,1.0985,1.09897,3944
1683604800,1.09899,1.09953,1.09848,1.09888,4988
1683619200,1.09886,1.10007,1.09726,1.09788,11438
1683633600,1.09788,1.09843,1.09498,1.095,10205
1683648000,1.09501,1.09644,1.09411,1.09552,13145
1683662400,1.09552,1.09724,1.09541,1.09603,6778
1683676800,1.09603,1.0972,1.09444,1.09691,3140
1683691200,1.09692,1.09773,1.09682,1.0972,4022
1683705600,1.09721,1.09825,1.095,1.09521,11007
1683720000,1.0952,1.10058,1.09415,1.10008,14724
1683734400,1.10008,1.10068,1.09641,1.09704,19727
1683748800,1.09704,1.09848,1.09616,1.09831,7437
1683763200,1.0979700000000001,1.0993,1.09791,1.09927,2908
1683777600,1.09927,1.0998,1.09696,1.09752,5580
1683792000,1.09752,1.09822,1.09182,1.09283,14607
1683806400,1.09283,1.09478,1.09178,1.09327,17685
1683820800,1.09327,1.09331,1.09001,1.09252,19054
1683835200,1.09251,1.09259,1.09107,1.09166,5393
1683849600,1.0915300000000001,1.09216,1.09115,1.09214,2716
1683864000,1.09213,1.09269,1.0915,1.09262,5782
1683878400,1.0926,1.09355,1.09046,1.09135,11817
1683892800,1.09135,1.09173,1.08811,1.0887,10586
1683907200,1.08868,1.08972,1.08485,1.08517,15357
1683921600,1.08516,1.08567,1.08479,1.08499,5465
1684108800,1.0853,1.08557,1.08452,1.0853,3385
1684123200,1.08531,1.08642,1.08524,1.08629,5644
1684137600,1.08633,1.08801,1.08601,1.08684,10395
1684152000,1.08683,1.08908,1.08554,1.08789,10988
1684166400,1.0878700000000001,1.08818,1.0864,1.08789,11132
1684180800,1.08789,1.08789,1.08728,1.08741,4223
1684195200,1.08738,1.08821,1.08723,1.08818,2810
1684209600,1.08818,1.08847,1.08682,1.08828,5008
1684224000,1.08829,1.08978,1.08628,1.08911,11484
1684238400,1.08911,1.09046,1.08679,1.08814,12132
1684252800,1.08814,1.08891,1.08549,1.08668,16931
1684267200,1.08671,1.08711,1.08581,1.08616,4856
1684281600,1.08606,1.08718,1.08603,1.08704,2779
1684296000,1.08704,1.0873599999999999,1.08622,1.08647,6455
1684310400,1.08648,1.08653,1.08272,1.08291,12294
1684324800,1.08288,1.08416,1.08137,1.08239,11100
1684339200,1.08239,1.08454,1.08102,1.08418,15252
1684353600,1.08422,1.08491,1.08365,1.08382,5863
1684368000,1.0839,1.08439,1.08347,1.08422,2821
1684382400,1.08422,1.08481,1.0832600000000001,1.08331,5854
1684396800,1.08332,1.08358,1.08091,1.08166,10723
1684411200,1.08166,1.08199,1.07852,1.079,10630
1684425600,1.079,1.07949,1.07626,1.0763,14681
1684440000,1.07631,1.07749,1.07624,1.0771,5319
1684454400,1.07698,1.07802,1.0766,1.07739,3139
1684468800,1.07739,1.07758,1.07599,1.07634,6824
1684483200,1.07634,1.07944,1.07616,1.07881,11581
1684497600,1.0788,1.08235,1.07875,1.08057,13950
1684512000,1.08057,1.0826500000000001,1.0782,1.08208,20421
1684526400,1.08208,1.08288,1.07977,1.08047,5971
1684713600,1.08048,1.0825,1.08048,1.08235,3390
1684728000,1.08237,1.08299,1.08178,1.08184,7254
1684742400,1.08184,1.08242,1.07955,1.08104,11600
1684756800,1.08102,1.08313,1.08081,1.08192,11090
1684771200,1.08193,1.08242,1.07961,1.08097,15812
1684785600,1.08098,1.08216,1.0808,1.0813,5898
1684800000,1.0809,1.08206,1.08064,1.08116,3956
1684814400,1.08115,1.08119,1.08026,1.08103,6166
1684828800,1.08103,1.08131,1.0785,1.08031,13104
1684843200,1.08031,1.08036,1.07632,1.07639,11611
1684857600,1.0764,1.07956,1.07602,1.07668,16518
1684872000,1.07669,1.07807,1.07643,1.07708,6419
1684886400,1.07698,1.07751,1.07676,1.07725,2950
1684900800,1.07724,1.07823,1.07678,1.07799,6365
1684915200,1.07799,1.07948,1.07702,1.07776,13617
1684929600,1.07776,1.08013,1.07481,1.07896,14985
1684944000,1.07896,1.0794,1.07494,1.07561,17532
1684958400,1.07562,1.0766,1.07492,1.07504,8982
1684972800,1.07509,1.07567,1.07423,1.07503,4573
1684987200,1.07503,1.07534,1.07329,1.07342,6441
1685001600,1.07342,1.0744,1.07141,1.07229,12822
1685016000,1.07228,1.07402,1.07146,1.07183,15041
1685030400,1.07182,1.07326,1.07073,1.07125,17869
1685044800,1.07125,1.07293,1.07113,1.07251,6297
1685059200,1.0725,1.0728,1.07189,1.07253,3552
1685073600,1.07254,1.07409,1.07244,1.07397,5722
1685088000,1.07398,1.07443,1.07253,1.07318,11520
1685102400,1.07315,1.07587,1.0725500000000001,1.0742,13355
1685116800,1.07418,1.07505,1.07017,1.07197,18756
1685131200,1.07197,1.07327,1.07187,1.0725500000000001,4739
1685318400,1.07201,1.07292,1.07172,1.07199,3318
1685332800,1.07198,1.07362,1.07184,1.0735999999999999,4132
1685347200,1.0735999999999999,1.07435,1.07151,1.0724,6759
1685361600,1.07239,1.07239,1.07098,1.07146,5426
1685376000,1.07147,1.07159,1.07058,1.07126,4213
1685390400,1.07127,1.07149,1.07055,1.07089,956
1685404800,1.07073,1.07197,1.07042,1.07137,3466
1685419200,1.07137,1.07262,1.07013,1.0708,6473
1685433600,1.07079,1.0708199999999999,1.06723,1.07046,15412
1685448000,1.07046,1.07466,1.0697,1.07224,15105
1685462400,1.07224,1.07408,1.07162,1.07207,14002
1685476800,1.07206,1.07347,1.07141,1.07346,5651
1685491200,1.0729,1.07357,1.07264,1.0735,3143
1685505600,1.07351,1.07354,1.06943,1.0698,7674
1685520000,1.06981,1.06989,1.06586,1.06596,15085
1685534400,1.066,1.06874,1.066,1.06808,11040
1685548800,1.06807,1.07053,1.06351,1.06378,21433
1685563200,1.06379,1.06921,1.06355,1.06885,9744
1685577600,1.06839,1.06971,1.06815,1.06865,3997
1685592000,1.06866,1.0694,1.06801,1.06815,7799
1685606400,1.06816,1.06869,1.06617,1.06865,12512
1685620800,1.0687,1.07154,1.06828,1.0708,14886
1685635200,1.0708199999999999,1.0764,1.0703,1.07599,19255
1685649600,1.076,1.07684,1.07556,1.07616,5947
1685664000,1.07618,1.07654,1.07557,1.07617,3106
1685678400,1.07619,1.0769,1.07587,1.0763,6018
1685692800,1.0763,1.07789,1.07601,1.07742,10179
1685707200,1.07742,1.0777,1.07347,1.07474,14443
1685721600,1.07478,1.0771,1.07086,1.071,17135
1685736000,1.07102,1.07158,1.07053,1.0706,4909
1685923200,1.07079,1.07086,1.06903,1.06937,4227
1685937600,1.06937,1.07046,1.06907,1.06999,6681
1685952000,1.06998,1.07036,1.06834,1.06958,10937
1685966400,1.06958,1.06991,1.06745,1.06787,7820
1685980800,1.06787,1.07224,1.0677699999999999,1.07115,16999
1685995200,1.07114,1.07174,1.07073,1.07127,4792
1686009600,1.07105,1.07168,1.07075,1.07162,2746
1686024000,1.07161,1.07247,1.07128,1.07234,6258
1686038400,1.07234,1.07328,1.06951,1.06993,13967
1686052800,1.06993,1.0701100000000001,1.06669,1.06706,10889
1686067200,1.06705,1.06978,1.06692,1.06884,12602
1686081600,1.06885,1.06963,1.0682,1.06923,3921
1686096000,1.06929,1.07044,1.06914,1.07004,2357
1686110400,1.07004,1.07013,1.06888,1.06904,5281
1686124800,1.06903,1.06934,1.06682,1.0693,9043
1686139200,1.06932,1.07231,1.069,1.07161,10527
1686153600,1.0716,1.07395,1.06927,1.06932,17503
1686168000,1.06932,1.07052,1.06907,1.06982,5530
1686182400,1.06952,1.071,1.06946,1.07086,3249
1686196800,1.07086,1.07136,1.07029,1.07115,5791
1686211200,1.07115,1.0729899999999999,1.07009,1.07267,9746
1686225600,1.07267,1.07589,1.07207,1.07468,12752
1686240000,1.07467,1.0787,1.0742099999999999,1.07847,16111
1686254400,1.07845,1.07858,1.07735,1.07817,6032
1686268800,1.07794,1.07851,1.07788,1.07819,2864
1686283200,1.07819,1.07849,1.07746,1.07752,5288
1686297600,1.07753,1.07839,1.07593,1.07633,9887
1686312000,1.07634,1.0784,1.07565,1.07669,10752
1686326400,1.07669,1.0775,1.07434,1.0748199999999999,12112
1686340800,1.07483,1.07522,1.07429,1.07495,3918
1686528000,1.07463,1.07515,1.07431,1.07453,2387
1686542400,1.07452,1.07459,1.07331,1.07409,5124
1686556800,1.07407,1.07839,1.07405,1.07771,9903
1686571200,1.07772,1.079,1.07606,1.07661,10744
1686585600,1.07662,1.07715,1.07431,1.07485,12910
1686600000,1.07487,1.07633,1.0745,1.0758,4658
1686614400,1.07548,1.07667,1.07527,1.07605,2886
1686628800,1.07605,1.07831,1.07594,1.07821,5610
1686643200,1.07821,1.08084,1.07813,1.08074,13354
1686657600,1.08075,1.08236,1.07804,1.08141,14301
1686672000,1.08142,1.08179,1.07782,1.08024,18746
1686686400,1.08023,1.08043,1.07829,1.07923,6186
1686700800,1.07924,1.07929,1.07856,1.07901,3201
1686715200,1.079,1.07961,1.07847,1.07895,4489
1686729600,1.07895,1.08047,1.0774,1.0802,9108
1686744000,1.08019,1.08333,1.07963,1.0831,10327
1686758400,1.0831,1.08643,1.08271,1.08622,11923
1686772800,1.08624,1.08628,1.08011,1.0830899999999999,23241
1686787200,1.08279,1.08445,1.08244,1.08382,3227
1686801600,1.08381,1.08381,1.0808200000000001,1.08115,6824
1686816000,1.08116,1.08371,1.08037,1.08328,10430
1686830400,1.08327,1.08807,1.08145,1.0864,15131
1686844800,1.08638,1.0945,1.08583,1.09434,17869
1686859200,1.09435,1.09525,1.09393,1.09455,6038
1686873600,1.09432,1.09512,1.09397,1.09419,3925
1686888000,1.09419,1.09482,1.09355,1.09388,6192
1686902400,1.09387,1.09623,1.09338,1.09505,12218
1686916800,1.09504,1.09707,1.09396,1.09508,10697
1686931200,1.09509,1.09669,1.09177,1.0934,17432
1686945600,1.0934,1.09453,1.0932,1.09409,6153
1687132800,1.09314,1.09462,1.09308,1.09367,3962
1687147200,1.09367,1.09407,1.09321,1.09347,5146
1687161600,1.09347,1.09414,1.0925,1.09294,9880
1687176000,1.09295,1.09296,1.0907,1.0925799999999999,8373
1687190400,1.0925799999999999,1.09288,1.09122,1.09161,7397
1687204800,1.09161,1.09225,1.09159,1.09223,1182
1687219200,1.09193,1.09261,1.0917,1.09201,3203
1687233600,1.0919699999999999,1.09238,1.09105,1.09137,7428
1687248000,1.0913599999999999,1.09462,1.09116,1.09378,11365
1687262400,1.09378,1.09399,1.0912,1.09194,11386
1687276800,1.09193,1.09245,1.08922,1.0915,16641
1687291200,1.0915,1.09175,1.09096,1.09169,5985
1687305600,1.09167,1.09223,1.09144,1.09158,3759
1687320000,1.09158,1.09209,1.09116,1.09162,6175
1687334400,1.09162,1.09338,1.09055,1.0924800000000001,13351
1687348800,1.09249,1.09298,1.0908,1.09252,12399
1687363200,1.0924800000000001,1.09737,1.09105,1.09705,18714
1687377600,1.09706,1.09908,1.0967,1.09869,7407
1687392000,1.09867,1.09923,1.09807,1.09883,3423
1687406400,1.09883,1.09948,1.09865,1.09872,3889
1687420800,1.09873,1.10036,1.09798,1.09929,11124
1687435200,1.09928,1.10119,1.09802,1.09823,14919
1687449600,1.09821,1.09892,1.09484,1.09545,17523
1687464000,1.09546,1.09615,1.09499,1.09535,6519
1687478400,1.0955,1.09583,1.09525,1.09551,4146
1687492800,1.09552,1.09562,1.09286,1.09329,7961
1687507200,1.0933,1.09339,1.08483,1.08491,17323
1687521600,1.08489,1.08957,1.08444,1.08873,12296
1687536000,1.08874,1.09025,1.0878700000000001,1.08856,16756
1687550400,1.08859,1.08962,1.08858,1.08942,5772
1687737600,1.08997,1.09093,1.08936,1.09053,5304
1687752000,1.09054,1.09098,1.08998,1.09026,6993
1687766400,1.09026,1.09109,1.08872,1.08919,12042
1687780800,1.08918,1.09201,1.08907,1.09175,8581
1687795200,1.09174,1.09202,1.09,1.09086,11740
1687809600,1.09088,1.09154,1.0904,1.09048,4755
1687824000,1.09059,1.09119,1.09019,1.09044,3810
1687838400,1.09044,1.0935,1.09037,1.09233,7618
1687852800,1.09233,1.09437,1.09161,1.09394,10958
1687867200,1.09394,1.0971899999999999,1.09259,1.09653,12030
1687881600,1.09655,1.09767,1.09423,1.09586,17482
1687896000,1.09586,1.09639,1.09549,1.09606,5304
1687910400,1.0958,1.09625,1.09527,1.09546,4357
1687924800,1.09547,1.09562,1.09421,1.09486,7465
1687939200,1.09488,1.09605,1.09358,1.09527,11002
1687953600,1.09528,1.09621,1.09259,1.09276,11716
1687968000,1.09277,1.09443,1.08966,1.09109,18535
1687982400,1.09107,1.09237,1.09099,1.09128,6436
1687996800,1.0912,1.09186,1.09011,1.09068,2784
1688011200,1.09069,1.09145,1.08806,1.08854,7346
1688025600,1.08854,1.09219,1.08838,1.09144,12967
1688040000,1.09143,1.09413,1.08731,1.0881,12983
1688054400,1.08811,1.08965,1.08601,1.08705,19438
1688068800,1.08706,1.0875,1.08637,1.08652,5410
1688083200,1.0864,1.08738,1.08621,1.08719,3358
1688097600,1.0872,1.08752,1.08602,1.08699,7004
1688112000,1.08699,1.08754,1.08352,1.08388,11671
1688126400,1.08369,1.08977,1.08356,1.08969,12654
1688140800,1.08968,1.09317,1.0896,1.09181,20858
1688155200,1.09182,1.09229,1.09078,1.09106,6804
1688342400,1.091,1.0913,1.09004,1.09016,3189
1688356800,1.09015,1.09182,1.09012,1.09175,5689
1688371200,1.09175,1.09181,1.08701,1.08863,10790
1688385600,1.08862,1.09104,1.0876,1.09088,11014
1688400000,1.09088,1.09337,1.09018,1.09155,15530
1688414400,1.09158,1.09163,1.09084,1.0913599999999999,2259
1688428800,1.09099,1.09155,1.09083,1.09099,1891
1688443200,1.091,1.09163,1.09006,1.09007,4254
1688457600,1.09007,1.09148,1.08919,1.08954,8314
1688472000,1.08954,1.09038,1.08895,1.09007,7279
1688486400,1.09006,1.0907499999999999,1.08919,1.08943,6133
1688500800,1.08944,1.08973,1.0877,1.0879,2220
1688515200,1.08807,1.08908,1.08773,1.08867,2883
1688529600,1.08867,1.08871,1.08749,1.08756,4394
1688544000,1.08755,1.09079,1.08662,1.08878,13092
1688558400,1.08877,1.09019,1.08753,1.08941,11331
1688572800,1.08941,1.0901399999999999,1.0859,1.08608,14451
1688587200,1.08607,1.08653,1.08509,1.08539,6969
1688601600,1.08537,1.08572,1.08462,1.0849,3511
1688616000,1.08487,1.08534,1.08336,1.08433,7222
1688630400,1.08432,1.08753,1.08415,1.08639,13488
1688644800,1.0864,1.09006,1.08583,1.08737,19241
1688659200,1.08742,1.08877,1.08335,1.08724,23486
1688673600,1.0872600000000001,1.08924,1.08722,1.08913,6318
1688688000,1.08871,1.08949,1.08822,1.08851,3497
1688702400,1.08851,1.08951,1.08832,1.08911,5693
1688716800,1.08912,1.09001,1.08668,1.08779,12438
1688731200,1.08778,1.09313,1.08697,1.09118,16890
1688745600,1.09115,1.09726,1.08951,1.09716,21756
1688760000,1.09717,1.09731,1.09631,1.09662,6969
1688947200,1.09575,1.09694,1.09567,1.09642,3533
1688961600,1.09643,1.09694,1.09526,1.0953,7998
1688976000,1.09531,1.09657,1.0945,1.09648,10341
1688990400,1.09646,1.0973,1.09434,1.09469,11483
1689004800,1.09471,1.09927,1.09471,1.09892,15618
1689019200,1.09892,1.10013,1.09874,1.10001,6770
1689033600,1.10007,1.10088,1.0993,1.10068,3528
1689048000,1.10068,1.10201,1.10056,1.10198,8218
1689062400,1.10199,1.10269,1.1002,1.10023,13517
1689076800,1.10025,1.10127,1.0977,1.09819,11913
1689091200,1.09819,1.10031,1.09783,1.1002399999999999,13873
1689105600,1.10025,1.10092,1.09974,1.10083,4946
1689120000,1.10038,1.10215,1.10033,1.10188,4270
1689134400,1.10187,1.10369,1.10184,1.10362,8576
1689148800,1.10362,1.1036299999999999,1.10204,1.10222,11238
1689163200,1.10219,1.10717,1.1013600000000001,1.10581,15459
1689177600,1.10582,1.11334,1.1056300000000001,1.11319,23872
1689192000,1.11316,1.11404,1.11243,1.11308,7983
1689206400,1.11285,1.1145,1.1127,1.11383,4394
1689220800,1.11383,1.11487,1.11363,1.11409,7332
1689235200,1.11409,1.117,1.11296,1.11608,14944
1689249600,1.1160700000000001,1.11896,1.11549,1.11796,15406
1689264000,1.11796,1.12088,1.11763,1.12057,17478
1689278400,1.12057,1.12279,1.12023,1.12259,7231
1689292800,1.12158,1.12297,1.12133,1.12227,5803
1689307200,1.12227,1.12429,1.12221,1.1233,8758
1689321600,1.1233,1.12359,1.1204,1.12311,13082
1689336000,1.12312,1.12448,1.12101,1.12258,13580
1689350400,1.12257,1.1244399999999999,1.12151,1.12394,19874
1689364800,1.12396,1.12396,1.12243,1.12285,6890
1689552000,1.12213,1.12314,1.12213,1.12246,3801
1689566400,1.12248,1.12285,1.12144,1.1227,6623
1689580800,1.12269,1.12489,1.12221,1.12379,10168
1689595200,1.12379,1.12447,1.12207,1.12353,12443
1689609600,1.12357,1.1238299999999999,1.12032,1.12328,12033
1689624000,1.12328,1.12461,1.12319,1.12406,5414
1689638400,1.12332,1.12464,1.12332,1.12417,3549
1689652800,1.12417,1.12562,1.12387,1.12518,8609
1689667200,1.12518,1.12757,1.12279,1.1237,14164
1689681600,1.12372,1.12699,1.12228,1.12396,16563
1689696000,1.12398,1.12457,1.12086,1.12145,21287
1689710400,1.12145,1.12316,1.12091,1.12281,6905
1689724800,1.12269,1.12328,1.1225,1.12296,4495
1689739200,1.12296,1.12311,1.12161,1.12215,8371
1689753600,1.1221700000000001,1.12371,1.11957,1.1232199999999999,17132
1689768000,1.12324,1.124,1.12087,1.12172,13130
1689782400,1.12172,1.12245,1.11741,1.11921,17804
1689796800,1.11921,1.1205,1.11901,1.12021,6649
1689811200,1.11987,1.12201,1.11946,1.12182,4121
1689825600,1.12182,1.12291,1.1215600000000001,1.12212,9608
1689840000,1.12212,1.12231,1.1198,1.12084,12677
1689854400,1.12084,1.12166,1.1177,1.11824,13963
1689868800,1.11821,1.11886,1.11183,1.11241,18188
1689883200,1.11245,1.11346,1.11219,1.113,5918
1689897600,1.11314,1.1138,1.11292,1.11374,4629
1689912000,1.1137299999999999,1.11418,1.11308,1.11396,7456
1689926400,1.11397,1.1145,1.11212,1.11281,14272
1689940800,1.11281,1.11343,1.11172,1.11282,12161
1689955200,1.11281,1.1138,1.11077,1.11233,14895
1689969600,1.11233,1.11303,1.1118999999999999,1.11254,5573
1690156800,1.11233,1.11328,1.1122,1.11298,3958
1690171200,1.11299,1.11311,1.11168,1.11202,8076
1690185600,1.11202,1.11469,1.10658,1.10708,16685
1690200000,1.10708,1.1109,1.10692,1.10877,13357
1690214400,1.10877,1.11039,1.1069,1.10813,16881
1690228800,1.10813,1.10844,1.10603,1.10641,6085
1690243200,1.10638,1.10699,1.10597,1.10673,4422
1690257600,1.10673,1.10815,1.10671,1.10703,7857
1690272000,1.10703,1.10868,1.10526,1.10648,13117
1690286400,1.10648,1.10676,1.10393,1.10486,9752
1690300800,1.10488,1.10547,1.1020699999999999,1.10422,13024
1690315200,1.10422,1.10551,1.10353,1.10545,6171
1690329600,1.10512,1.10571,1.1044100000000001,1.10457,4267
1690344000,1.10456,1.10532,1.10377,1.10481,7565
1690358400,1.10481,1.10774,1.10475,1.10756,12087
1690372800,1.10756,1.10862,1.10573,1.10681,11005
1690387200,1.10681,1.10823,1.10576,1.10718,15194
1690401600,1.10714,1.11066,1.10565,1.1087,22794
1690416000,1.10785,1.10893,1.10773,1.10865,4232
1690430400,1.10865,1.1118,1.10864,1.10961,8416
1690444800,1.1096,1.11393,1.10879,1.1139000000000001,13701
1690459200,1.1139000000000001,1.11496,1.10475,1.10593,19565
1690473600,1.10591,1.10652,1.09839,1.09901,27552
1690488000,1.09905,1.10103,1.0965799999999999,1.09755,16416
1690502400,1.09748,1.09835,1.09748,1.09802,5066
1690516800,1.09802,1.09887,1.09595,1.09727,17812
1690531200,1.09728,1.09913,1.09435,1.09596,22434
1690545600,1.0959699999999999,1.10332,1.09564,1.10092,18005
1690560000,1.1009,1.10474,1.0993,1.10254,21307
1690574400,1.10254,1.10297,1.1014599999999999,1.10164,7714
1690761600,1.10156,1.10283,1.10143,1.1022,4652
1690776000,1.1022,1.10264,1.10057,1.10059,9626
1690790400,1.10058,1.10358,1.10052,1.10335,13843
1690804800,1.10342,1.10402,1.10187,1.10282,12002
1690819200,1.10283,1.10458,1.10038,1.10069,17096
1690833600,1.10069,1.10113,1.09933,1.09968,7120
1690848000,1.09945,1.10029,1.09882,1.0989,3834
1690862400,1.09889,1.0991,1.09803,1.0990199999999999,7271
1690876800,1.0990199999999999,1.10002,1.09701,1.09746,13390
1690891200,1.09746,1.09845,1.09522,1.09563,12567
1690905600,1.09565,1.09888,1.09559,1.0972,18582
1690920000,1.0972,1.09851,1.09626,1.0984,5425
1690934400,1.09809,1.10196,1.09809,1.09962,8428
1690948800,1.09961,1.10071,1.09801,1.09893,9902
1690963200,1.09894,1.10005,1.09759,1.0984,16297
1690977600,1.0984,1.09872,1.09574,1.0959699999999999,16458
1690992000,1.0959699999999999,1.09679,1.09178,1.09505,19144
1691006400,1.09505,1.09576,1.09346,1.09379,6830
1691020800,1.09374,1.09457,1.09365,1.094,5523
1691035200,1.094,1.09491,1.09224,1.09233,8059
1691049600,1.09233,1.09432,1.09121,1.0924800000000001,17699
1691064000,1.09246,1.09561,1.09216,1.0937999999999999,19744
1691078400,1.09375,1.09628,1.09154,1.09552,20843
1691092800,1.09551,1.09569,1.09383,1.09479,5972
1691107200,1.09425,1.09555,1.09407,1.09554,5811
1691121600,1.09554,1.0961400000000001,1.09494,1.09503,8786
1691136000,1.09503,1.09582,1.09376,1.09401,12185
1691150400,1.09402,1.0998,1.09343,1.09886,16113
1691164800,1.09885,1.10419,1.09862,1.10338,22893
1691179200,1.10338,1.1039,1.10036,1.10111,8327
1691366400,1.10128,1.10163,1.10006,1.101,4850
1691380800,1.101,1.101,1.09917,1.09966,6516
1691395200,1.09966,1.09973,1.09707,1.09747,11121
1691409600,1.09746,1.09962,1.09653,1.09955,9367
1691424000,1.09956,1.10116,1.0985800000000001,1.10007,13239
1691438400,1.10005,1.101,1.09954,1.10021,4872
1691452800,1.10023,1.10053,1.09895,1.09918,3530
1691467200,1.09917,1.09925,1.09767,1.09921,8062
1691481600,1.09922,1.1011,1.0973600000000001,1.09853,13004
1691496000,1.09853,1.09864,1.09345,1.0943,14332
1691510400,1.0943,1.09577,1.09289,1.09482,14583
1691524800,1.09483,1.09619,1.09479,1.09559,6627
1691539200,1.09522,1.09652,1.09503,1.09577,3582
1691553600,1.09575,1.09708,1.09552,1.09667,6722
1691568000,1.09668,1.09887,1.09668,1.09838,11277
1691582400,1.09838,1.0987,1.09621,1.09815,11414
1691596800,1.09815,1.09953,1.09714,1.09784,15758
1691611200,1.09784,1.09916,1.09712,1.09733,5983
1691625600,1.09765,1.09787,1.09672,1.09709,3674
1691640000,1.09709,1.09882,1.09676,1.09792,6360
1691654400,1.09794,1.10262,1.09786,1.10186,12068
1691668800,1.10185,1.10647,1.101,1.1042,14930
1691683200,1.10415,1.10458,1.10076,1.10133,23104
1691697600,1.10132,1.10142,1.0976,1.09792,12156
1691712000,1.098,1.09891,1.09781,1.0988,3540
1691726400,1.0988,1.09977,1.09838,1.09852,5897
1691740800,1.09852,1.10031,1.09839,1.09994,11281
1691755200,1.09994,1.10049,1.0965799999999999,1.09682,14009
1691769600,1.0968,1.09837,1.09456,1.09465,19348
1691784000,1.09464,1.09555,1.09428,1.09477,5768
1691971200,1.09493,1.09522,1.09359,1.09371,4493
1691985600,1.09371,1.09409,1.0929,1.09355,7893
1692000000,1.09358,1.09601,1.09261,1.09462,13575
1692014400,1.09465,1.09529,1.09021,1.09055,12938
1692028800,1.09056,1.09358,1.08746,1.09284,18884
1692043200,1.09283,1.09312,1.09026,1.09057,7282
1692057600,1.0906,1.09094,1.09013,1.09072,3727
1692072000,1.09073,1.09174,1.09003,1.09101,9101
1692086400,1.09101,1.09342,1.09062,1.09278,15151
1692100800,1.09278,1.09448,1.08968,1.09218,17806
1692115200,1.09218,1.09523,1.09148,1.09178,23052
1692129600,1.09178,1.0921,1.0899,1.0903100000000001,7140
1692144000,1.09037,1.09063,1.08989,1.09032,3721
1692158400,1.0903,1.09135,1.08988,1.09132,8407
1692172800,1.09132,1.09345,1.09106,1.09281,13605
1692187200,1.0928,1.09325,1.09022,1.09022,12939
1692201600,1.09019,1.09233,1.08861,1.08868,19908
1692216000,1.08868,1.09001,1.08714,1.08791,13800
1692230400,1.0873599999999999,1.0883,1.08662,1.08695,5184
1692244800,1.08696,1.08707,1.08616,1.08685,9833
1692259200,1.08685,1.08866,1.08626,1.08729,14338
1692273600,1.08727,1.0918,1.08637,1.09063,17257
1692288000,1.09062,1.09178,1.08666,1.08778,19351
1692302400,1.08779,1.08784,1.08562,1.08715,8951
1692316800,1.08651,1.08919,1.08639,1.08896,4589
1692331200,1.08896,1.08939,1.08803,1.08824,8559
1692345600,1.08825,1.08871,1.08636,1.0867499999999999,13120
1692360000,1.0867499999999999,1.08761,1.08449,1.08555,12487
1692374400,1.08555,1.08814,1.08529,1.0873,17361
1692388800,1.08731,1.08812,1.08683,1.0872,8074
1692576000,1.08671,1.08842,1.08668,1.08798,3771
1692590400,1.08797,1.08837,1.08695,1.08811,7792
1692604800,1.08812,1.08895,1.08723,1.08859,12809
1692619200,1.08859,1.09135,1.08855,1.08984,13500
1692633600,1.08989,1.09042,1.08751,1.09016,16786
1692648000,1.09016,1.09033,1.08925,1.08952,7128
1692662400,1.08921,1.09015,1.08908,1.09004,3238
1692676800,1.09005,1.09169,1.08978,1.09089,7188
1692691200,1.0909,1.09303,1.09046,1.09099,11696
1692705600,1.091,1.09123,1.08648,1.08661,12095
1692720000,1.08661,1.08712,1.08328,1.08494,18156
1692734400,1.08494,1.08552,1.08434,1.08473,5319
1692748800,1.0843099999999999,1.08535,1.08411,1.08469,2745
1692763200,1.08469,1.08606,1.08444,1.08605,6028
1692777600,1.08605,1.08713,1.08116,1.08189,16569
1692792000,1.08188,1.08203,1.08025,1.08042,13073
1692806400,1.08042,1.08681,1.08034,1.08628,21414
1692820800,1.08627,1.087,1.08557,1.08634,8042
1692835200,1.08651,1.08753,1.08596,1.08697,3948
1692849600,1.08696,1.08709,1.08583,1.08698,7795
1692864000,1.087,1.08767,1.08518,1.08618,12618
1692878400,1.08618,1.08635,1.08141,1.08206,13342
1692892800,1.08207,1.08487,1.0818,1.08212,18455
1692907200,1.08212,1.0824,1.08049,1.08107,7289
1692921600,1.08091,1.08153,1.07924,1.07946,4172
1692936000,1.07946,1.07951,1.07767,1.07825,6734
1692950400,1.07824,1.07921,1.0766,1.07863,11334
1692964800,1.07863,1.08172,1.07847,1.08127,10080
1692979200,1.08127,1.08417,1.07656,1.07962,28606
1692993600,1.07964,1.08125,1.07906,1.07937,8924
1693180800,1.0796000000000001,1.08047,1.07933,1.08024,3691
1693195200,1.08024,1.08112,1.08012,1.08075,6107
1693209600,1.08074,1.08208,1.07994,1.08006,9309
1693224000,1.08005,1.0822,1.08001,1.08102,10053
1693238400,1.08102,1.08141,1.07988,1.08075,14140
1693252800,1.08075,1.08198,1.08038,1.08186,5887
1693267200,1.08146,1.08316,1.08121,1.08237,3489
1693281600,1.08238,1.08383,1.08234,1.08242,5389
1693296000,1.08241,1.08297,1.0808200000000001,1.08102,10221
1693310400,1.081,1.08162,1.0786,1.07922,12247
1693324800,1.07923,1.08641,1.07823,1.08627,24053
1693339200,1.08628,1.08918,1.08603,1.08804,8553
1693353600,1.08733,1.08849,1.0867,1.08698,3792
1693368000,1.08697,1.08722,1.08603,1.0860400000000001,7251
1693382400,1.0860400000000001,1.08766,1.0855,1.08674,13179
1693396800,1.08673,1.09257,1.08661,1.09211,16813
1693411200,1.09208,1.09454,1.0913,1.09257,19672
1693425600,1.09257,1.09328,1.09168,1.0923,6819
1693440000,1.09207,1.09338,1.09184,1.09331,3499
1693454400,1.09331,1.09393,1.09182,1.09183,5886
1693468800,1.09183,1.09243,1.08771,1.08779,13119
1693483200,1.08779,1.0884800000000001,1.08574,1.08742,16397
1693497600,1.08744,1.08746,1.08351,1.08386,20707
1693512000,1.0838700000000001,1.08541,1.08365,1.08423,6880
1693526400,1.08375,1.08452,1.08361,1.08377,3429
1693540800,1.08378,1.0854,1.08377,1.08465,7024
1693555200,1.08465,1.08596,1.08283,1.08485,11219
1693569600,1.08483,1.08816,1.08324,1.08639,15405
1693584000,1.0864,1.08811,1.07799,1.07839,27968
1693598400,1.0784,1.07891,1.07722,1.07731,4690
1693785600,1.07751,1.07801,1.07715,1.07786,2829
1693800000,1.07786,1.07872,1.07748,1.07867,5344
1693814400,1.07869,1.08068,1.07834,1.07977,8793
1693828800,1.07978,1.08088,1.07923,1.07974,7085
1693843200,1.07973,1.08055,1.07833,1.07938,5839
1693857600,1.07938,1.07967,1.07929,1.07963,1292
1693872000,1.07916,1.07978,1.07883,1.07931,2161
1693886400,1.07932,1.07983,1.07807,1.07921,5855
1693900800,1.07922,1.07935,1.07419,1.07483,14013
1693915200,1.0748199999999999,1.0757,1.07166,1.0743800000000001,13887
1693929600,1.07441,1.07486,1.07061,1.07295,19672
1693944000,1.07294,1.07314,1.0719,1.07219,5146
1693958400,1.0723799999999999,1.07282,1.0715,1.07192,3077
1693972800,1.07192,1.0735999999999999,1.0713,1.07358,7201
1693987200,1.07359,1.07479,1.07235,1.0734,13485
1694001600,1.0734,1.07487,1.07246,1.07369,11476
1694016000,1.07369,1.07402,1.07023,1.07208,21880
1694030400,1.07207,1.07294,1.072,1.0725500000000001,5191
1694044800,1.07213,1.07275,1.0719,1.0722,2864
1694059200,1.07221,1.07317,1.07177,1.07192,5960
1694073600,1.07192,1.07254,1.07076,1.07103,11296
1694088000,1.07102,1.07177,1.0686,1.06933,13230
1694102400,1.06932,1.07099,1.06864,1.0704,15529
1694116800,1.0704,1.07093,1.06937,1.06959,5613
1694131200,1.06975,1.07149,1.0694,1.0714,3314
1694145600,1.0714,1.07232,1.07048,1.07135,6726
1694160000,1.07134,1.07279,1.07076,1.07118,11345
1694174400,1.07117,1.07136,1.0694,1.07024,12043
1694188800,1.07024,1.07436,1.06994,1.07044,15564
1694203200,1.07043,1.07106,1.0697,1.07002,6251
1694390400,1.0714299999999999,1.07209,1.07068,1.0713300000000001,5934
1694404800,1.07132,1.07376,1.07101,1.07354,8362
1694419200,1.07354,1.07412,1.07222,1.07284,12016
1694433600,1.07284,1.07343,1.07156,1.07275,11174
1694448000,1.07274,1.07593,1.07223,1.0751,14037
1694462400,1.0751,1.07522,1.07441,1.07489,5227
1694476800,1.07468,1.07528,1.07422,1.07439,2641
1694491200,1.07439,1.07688,1.07376,1.0739,6886
1694505600,1.0739,1.07409,1.0712,1.0714299999999999,11619
1694520000,1.07142,1.0726,1.07058,1.07073,10653
1694534400,1.0707200000000001,1.07374,1.07055,1.07231,11823
1694548800,1.07231,1.07648,1.07231,1.07597,6644
1694563200,1.07509,1.07641,1.0749900000000001,1.07593,3478
1694577600,1.07593,1.07648,1.07445,1.07523,6603
1694592000,1.07523,1.07545,1.07309,1.0735,12738
1694606400,1.07352,1.07616,1.0711,1.07476,17719
1694620800,1.07475,1.07558,1.07269,1.07406,20026
1694635200,1.07406,1.07491,1.07277,1.07297,5858
1694649600,1.07287,1.07423,1.07282,1.07399,3295
1694664000,1.07402,1.07488,1.07315,1.07471,6345
1694678400,1.07473,1.07521,1.07321,1.07339,9647
1694692800,1.07339,1.07469,1.06548,1.06767,19488
1694707200,1.06768,1.06972,1.0645,1.06485,24584
1694721600,1.06485,1.06507,1.06317,1.06433,7769
1694736000,1.06423,1.0644,1.06342,1.06421,3477
1694750400,1.06422,1.06535,1.06331,1.06535,6936
1694764800,1.06535,1.06687,1.06487,1.06656,11182
1694779200,1.0665499999999999,1.06692,1.0645,1.06504,10577
1694793600,1.06504,1.06877,1.06496,1.06721,19310
1694808000,1.06723,1.06762,1.0657,1.06626,6331
1694995200,1.06583,1.06718,1.06576,1.06715,2804
1695009600,1.06715,1.06738,1.06609,1.06686,5331
1695024000,1.06686,1.0677699999999999,1.06562,1.0664,9101
1695038400,1.06639,1.06747,1.06559,1.06568,8895
1695052800,1.06568,1.06987,1.06547,1.06921,13007
1695067200,1.06922,1.0698,1.06779,1.06915,4751
1695081600,1.06844,1.06966,1.06842,1.06884,2749
1695096000,1.06884,1.06894,1.06788,1.06799,4071
1695110400,1.06799,1.06953,1.06751,1.06866,9142
1695124800,1.06864,1.0718,1.06818,1.06995,11196
1695139200,1.06996,1.07014,1.06782,1.06847,13114
1695153600,1.06847,1.06917,1.06761,1.06809,5914
1695168000,1.06778,1.0686,1.06768,1.06848,2687
1695182400,1.06849,1.06897,1.06781,1.06786,4745
1695196800,1.06786,1.06969,1.06729,1.06962,11406
1695211200,1.06962,1.07051,1.06921,1.06979,8065
1695225600,1.06981,1.07367,1.06971,1.07352,12780
1695240000,1.07352,1.07353,1.065,1.06598,21742
1695254400,1.06587,1.06643,1.06299,1.06312,4732
1695268800,1.06312,1.06413,1.06166,1.06371,7241
1695283200,1.06371,1.06636,1.06326,1.06554,12345
1695297600,1.06554,1.06645,1.06241,1.06419,15470
1695312000,1.06423,1.06735,1.06378,1.06556,18193
1695326400,1.06556,1.06708,1.06555,1.06617,7482
1695340800,1.06558,1.06637,1.0653299999999999,1.06574,3367
1695355200,1.06574,1.06576,1.06408,1.06547,6964
1695369600,1.06547,1.06677,1.06148,1.06462,15876
1695384000,1.06462,1.06606,1.06339,1.06555,10557
1695398400,1.06555,1.06717,1.0642,1.06555,14029
1695412800,1.06556,1.06614,1.06392,1.0644,6555
1695600000,1.06483,1.06555,1.06398,1.06545,3812
1695614400,1.06545,1.06551,1.0643,1.0648900000000001,4950
1695628800,1.0648900000000001,1.0653,1.06241,1.06256,10679
1695643200,1.06256,1.06435,1.06192,1.06221,9985
1695657600,1.06223,1.06243,1.05753,1.0589,16027
1695672000,1.0589,1.05987,1.05855,1.05926,5080
1695686400,1.05928,1.05966,1.05805,1.05843,3456
1695700800,1.05843,1.05929,1.05782,1.05926,5668
1695715200,1.05926,1.05998,1.05699,1.05959,10772
1695729600,1.0596,1.0609,1.05894,1.06058,10496
1695744000,1.06057,1.06066,1.05676,1.05691,15526
1695758400,1.05691,1.05761,1.0562,1.05713,6255
1695772800,1.057,1.05741,1.05558,1.05598,3874
1695787200,1.05598,1.057,1.05572,1.05601,6396
1695801600,1.05603,1.05741,1.05547,1.05598,9748
1695816000,1.05598,1.05637,1.05343,1.05466,12653
1695830400,1.05465,1.05489,1.05006,1.05028,18469
1695844800,1.05028,1.05186,1.0488,1.05038,12003
1695859200,1.05047,1.05154,1.05006,1.0515,3764
1695873600,1.05151,1.05162,1.04967,1.05041,6649
1695888000,1.05042,1.05242,1.04909,1.05165,13682
1695902400,1.05168,1.05572,1.05151,1.0518,17168
1695916800,1.0518,1.05788,1.05177,1.05579,22881
1695931200,1.05579,1.05673,1.05498,1.05665,9333
1695945600,1.05583,1.05676,1.0558,1.05639,2699
1695960000,1.05638,1.05827,1.05619,1.05801,4682
1695974400,1.05801,1.06165,1.0574,1.06091,13687
1695988800,1.0608,1.06169,1.05879,1.05996,16136
1696003200,1.05997,1.06073,1.05698,1.05775,22510
1696017600,1.05774,1.05796,1.05638,1.0573,10921
1696204800,1.05659,1.05722,1.05576,1.05641,4275
1696219200,1.05641,1.05712,1.0564,1.05687,3538
1696233600,1.05687,1.05917,1.056,1.05621,12299
1696248000,1.05621,1.05627,1.05249,1.05292,14404
1696262400,1.05293,1.05325,1.04882,1.04891,22777
1696276800,1.04891,1.05051,1.04779,1.04793,9084
1696291200,1.04773,1.04827,1.04644,1.04722,4244
1696305600,1.04723,1.04747,1.04598,1.04632,6362
1696320000,1.04633,1.04935,1.04607,1.04853,12234
1696334400,1.0485,1.04911,1.04621,1.04661,13906
1696348800,1.04662,1.04857,1.04482,1.04622,30181
1696363200,1.04621,1.04796,1.04594,1.04666,9937
1696377600,1.04663,1.04756,1.04629,1.04711,3597
1696392000,1.04711,1.04718,1.04571,1.047,7379
1696406400,1.04701,1.04887,1.04513,1.04861,13042
1696420800,1.0486,1.05322,1.04847,1.05251,17411
1696435200,1.05249,1.05259,1.0483,1.0512299999999999,23008
1696449600,1.05122,1.05194,1.04978,1.05048,10127
1696464000,1.05037,1.05221,1.05021,1.0520100000000001,3554
1696478400,1.0520100000000001,1.05289,1.052,1.05206,7105
1696492800,1.05206,1.05261,1.05014,1.0504,12183
1696507200,1.05041,1.05298,1.04999,1.05146,15793
1696521600,1.05146,1.05398,1.05077,1.05358,23740
1696536000,1.05358,1.05518,1.05287,1.05506,8148
1696550400,1.05469,1.05508,1.05411,1.05416,3141
1696564800,1.05416,1.05474,1.05381,1.05404,5380
1696579200,1.05403,1.05532,1.05313,1.05481,10866
1696593600,1.05481,1.05684,1.04824,1.04961,18387
1696608000,1.04962,1.05998,1.04882,1.05791,32615
1696622400,1.0579,1.05997,1.05771,1.05835,8587
1696809600,1.05522,1.05743,1.05475,1.05735,8304
1696824000,1.05733,1.0574,1.05478,1.05501,6575
1696838400,1.05501,1.05586,1.05194,1.05415,17429
1696852800,1.05416,1.05453,1.05224,1.0533,13479
1696867200,1.05328,1.05576,1.05326,1.05353,21256
1696881600,1.05356,1.05722,1.05351,1.05664,9521
1696896000,1.0566,1.05833,1.05641,1.05725,6281
1696910400,1.05726,1.05805,1.05606,1.05614,9244
1696924800,1.05614,1.06094,1.05543,1.06042,22202
1696939200,1.06042,1.06111,1.05718,1.05933,22482
1696953600,1.05931,1.06198,1.05847,1.06171,24926
1696968000,1.06171,1.06182,1.05924,1.06052,12352
1696982400,1.06019,1.06141,1.06017,1.06104,3726
1696996800,1.06105,1.06122,1.06012,1.06027,7495
1697011200,1.06029,1.06282,1.05932,1.06085,19533
1697025600,1.06085,1.06147,1.05797,1.06144,22378
1697040000,1.06144,1.06348,1.05995,1.06072,27840
1697054400,1.06073,1.06202,1.05848,1.06184,12161
1697068800,1.06164,1.06278,1.06156,1.06223,3962
1697083200,1.06223,1.06318,1.062,1.06309,6459
1697097600,1.06308,1.06396,1.06192,1.06265,13919
1697112000,1.06268,1.06273,1.05731,1.05817,20683
1697126400,1.05817,1.05861,1.05444,1.05485,30792
1697140800,1.05485,1.05493,1.05256,1.0528,13392
1697155200,1.05287,1.05395,1.05265,1.05388,4743
1697169600,1.05388,1.05499,1.05373,1.05498,6790
1697184000,1.05499,1.05585,1.05315,1.05537,16401
1697198400,1.05536,1.05548,1.05138,1.05376,20383
1697212800,1.05374,1.05412,1.04953,1.0509,20463
1697227200,1.0509,1.05157,1.05008,1.05067,8418
1697414400,1.05092,1.05253,1.0506199999999999,1.05176,4951
1697428800,1.05176,1.05268,1.05176,1.05259,5237
1697443200,1.05261,1.05427,1.05227,1.05408,11978
1697457600,1.05407,1.05457,1.05261,1.05417,12178
1697472000,1.05418,1.05554,1.05256,1.05474,14547
1697486400,1.05474,1.05628,1.05435,1.05588,5884
1697500800,1.0559,1.05616,1.05529,1.05557,3497
1697515200,1.05557,1.05558,1.05453,1.05475,5726
1697529600,1.05474,1.05547,1.05328,1.05358,10920
1697544000,1.05361,1.05793,1.05361,1.05472,15691
1697558400,1.05471,1.05948,1.05397,1.05795,22521
1697572800,1.05794,1.05811,1.05641,1.05769,8910
1697587200,1.05746,1.05771,1.05605,1.05644,3892
1697601600,1.05644,1.0579,1.05612,1.05755,7568
1697616000,1.05755,1.05942,1.05704,1.05832,13638
1697630400,1.05832,1.05867,1.05492,1.05569,15758
1697644800,1.05571,1.05642,1.05231,1.05368,23203
1697659200,1.05369,1.05538,1.05317,1.05354,11809
1697673600,1.05372,1.054,1.05326,1.0539,3709
1697688000,1.05389,1.0542,1.05305,1.05335,6588
1697702400,1.05335,1.0548,1.05282,1.05358,13585
1697716800,1.0536,1.05797,1.05351,1.05763,15149
1697731200,1.05766,1.06166,1.05556,1.05963,29617
1697745600,1.05962,1.06063,1.0578,1.0581,19257
1697760000,1.05804,1.05866,1.05737,1.05759,4592
1697774400,1.05759,1.05799,1.05682,1.05754,6975
1697788800,1.05755,1.05952,1.05649,1.05877,13492
1697803200,1.05876,1.05989,1.0565,1.05837,14973
1697817600,1.05838,1.06006,1.05721,1.05895,21057
1697832000,1.05896,1.06035,1.05862,1.05949,10362
1698019200,1.05923,1.05963,1.05839,1.0587,3933
1698033600,1.0587,1.05871,1.05735,1.05763,5268
1698048000,1.05763,1.06104,1.05715,1.06025,12011
1698062400,1.06025,1.06186,1.05904,1.06097,14873
1698076800,1.06098,1.06647,1.05911,1.06647,20459
1698091200,1.06646,1.0677699999999999,1.06595,1.06695,10079
1698105600,1.06639,1.06735,1.06634,1.06721,3980
1698120000,1.06721,1.0687,1.06678,1.06791,7097
1698134400,1.06791,1.0694,1.06439,1.06503,14357
1698148800,1.06503,1.06512,1.06121,1.06158,14530
1698163200,1.06157,1.06245,1.05831,1.05867,22032
1698177600,1.05868,1.05943,1.05843,1.05897,8839
1698192000,1.05909,1.05987,1.05894,1.05926,4106
1698206400,1.05926,1.06063,1.05918,1.06063,5805
1698220800,1.06063,1.06066,1.05783,1.0585,11014
1698235200,1.0585,1.0585,1.05659,1.05749,12064
1698249600,1.05749,1.05956,1.05668,1.05746,21828
1698264000,1.05746,1.05765,1.05656,1.05659,10539
1698278400,1.05657,1.05691,1.05577,1.05596,4177
1698292800,1.05597,1.05613,1.05413,1.05456,6945
1698307200,1.05458,1.05526,1.05329,1.05454,12626
1698321600,1.05454,1.05591,1.05216,1.05591,15969
1698336000,1.05591,1.05602,1.0525,1.05284,24159
1698350400,1.05286,1.05646,1.05282,1.0561,11335
1698364800,1.05578,1.05657,1.05558,1.05577,4665
1698379200,1.05577,1.05679,1.05524,1.05671,5132
1698393600,1.05671,1.05699,1.05521,1.05619,10109
1698408000,1.05619,1.05692,1.05351,1.05559,12142
1698422400,1.05559,1.05971,1.05553,1.05829,21096
1698436800,1.05829,1.0583,1.05572,1.05652,10823
1698624000,1.05651,1.05712,1.0555,1.05626,4305
1698638400,1.05626,1.0566,1.05583,1.05609,5524
1698652800,1.05609,1.05675,1.05469,1.05598,9702
1698667200,1.05598,1.06084,1.05596,1.06068,13507
1698681600,1.06067,1.06251,1.05908,1.06072,19838
1698696000,1.06072,1.06217,1.06002,1.06144,7172
1698710400,1.06151,1.06172,1.06093,1.06115,3052
1698724800,1.06115,1.06124,1.05905,1.05939,9013
1698739200,1.05939,1.06457,1.05926,1.06452,10967
1698753600,1.06451,1.06748,1.06212,1.06242,16941
1698768000,1.06241,1.06257,1.05574,1.05674,24789
1698782400,1.05673,1.05858,1.05657,1.05746,9413
1698796800,1.05748,1.05806,1.05685,1.05734,4079
1698811200,1.05734,1.05764,1.05659,1.05672,6193
1698825600,1.05672,1.05775,1.05572,1.05581,9445
1698840000,1.0558,1.05627,1.05368,1.05384,14558
1698854400,1.05384,1.05707,1.05215,1.05339,22442
1698868800,1.05338,1.05756,1.05168,1.05702,22974
1698883200,1.05674,1.0602,1.05651,1.06019,5846
1698897600,1.0602,1.06022,1.05932,1.0596,6825
1698912000,1.0596,1.061,1.0591,1.06003,11228
1698926400,1.06005,1.06677,1.05989,1.0664,18396
1698940800,1.0664,1.06667,1.06104,1.06154,22588
1698955200,1.06154,1.06326,1.06137,1.06215,8926
1698969600,1.06198,1.0623,1.06148,1.0618,4204
1698984000,1.0618,1.06287,1.06146,1.06262,4850
1698998400,1.06263,1.06337,1.06197,1.0627,7928
1699012800,1.0627,1.0719400000000001,1.06242,1.07094,16321
1699027200,1.07095,1.07394,1.06933,1.07392,29469
1699041600,1.07392,1.07466,1.07222,1.07273,9512
1699228800,1.07257,1.07334,1.07218,1.07283,5619
1699243200,1.07284,1.07387,1.07264,1.07355,4971
1699257600,1.07355,1.07562,1.07314,1.07472,11818
1699272000,1.07473,1.07557,1.07351,1.07375,12276
1699286400,1.07376,1.07492,1.0726,1.07355,15014
1699300800,1.07355,1.0737,1.07164,1.0717,8189
1699315200,1.07162,1.07222,1.07079,1.07104,4514
1699329600,1.07104,1.07138,1.0705,1.07105,6178
1699344000,1.07105,1.07115,1.06829,1.06836,11848
1699358400,1.06835,1.06976,1.06656,1.0676,13584
1699372800,1.06761,1.06928,1.06641,1.06773,18448
1699387200,1.06773,1.07048,1.06761,1.06992,9109
1699401600,1.06992,1.06998,1.06864,1.06918,4793
1699416000,1.06918,1.06993,1.06853,1.06862,5612
1699430400,1.06861,1.06879,1.06602,1.06652,12115
1699444800,1.06646,1.06779,1.06592,1.06693,12426
1699459200,1.06694,1.07159,1.06688,1.07076,18712
1699473600,1.07079,1.07141,1.07,1.07097,10143
1699488000,1.0706,1.07145,1.07022,1.07121,4143
1699502400,1.07121,1.07157,1.07019,1.07025,4605
1699516800,1.07024,1.07098,1.06936,1.06976,10953
1699531200,1.06978,1.07086,1.06803,1.07074,12617
1699545600,1.07075,1.07254,1.06999,1.07047,18285
1699560000,1.0705,1.07055,1.06601,1.0668,19980
1699574400,1.06665,1.06751,1.06626,1.06718,4947
1699588800,1.06717,1.06743,1.06658,1.06693,4769
1699603200,1.06692,1.068,1.06561,1.06771,11298
1699617600,1.0677,1.06927,1.06691,1.06887,13295
1699632000,1.06891,1.06896,1.06622,1.06792,19095
1699646400,1.06793,1.06874,1.06729,1.06839,7544
1699833600,1.0683,1.06906,1.06785,1.06867,5460
1699848000,1.06868,1.0689,1.06812,1.06858,4450
1699862400,1.06858,1.07013,1.06835,1.06896,10300
1699876800,1.06895,1.06996,1.0665,1.06727,10776
1699891200,1.06727,1.07061,1.0668,1.06957,16557
1699905600,1.06957,1.07057,1.06901,1.06993,6166
1699920000,1.06947,1.07024,1.06942,1.06987,3754
1699934400,1.06987,1.07022,1.06928,1.06956,3967
1699948800,1.06955,1.07175,1.06941,1.07155,9566
1699963200,1.07157,1.08001,1.07148,1.07891,16270
1699977600,1.07892,1.08739,1.07885,1.08729,26129
1699992000,1.0873,1.08874,1.08677,1.0879,8307
1700006400,1.08767,1.08826,1.08655,1.08719,4888
1700020800,1.08721,1.08838,1.08706,1.08727,6202
1700035200,1.08728,1.08794,1.08439,1.0852,13537
1700049600,1.0852,1.08856,1.08399,1.08588,14649
1700064000,1.08589,1.08686,1.08314,1.0854,20842
1700078400,1.08539,1.08546,1.0841,1.08465,8123
1700092800,1.08468,1.08557,1.08419,1.08437,5733
1700107200,1.08437,1.08439,1.08298,1.0838,5331
1700121600,1.0838,1.08609,1.08339,1.08509,11223
1700136000,1.08509,1.08814,1.08389,1.08809,13743
1700150400,1.08809,1.08955,1.08465,1.08598,20798
1700164800,1.086,1.08657,1.08448,1.08537,7075
1700179200,1.08458,1.08569,1.08452,1.08529,5308
1700193600,1.08529,1.0857,1.08478,1.08531,5172
1700208000,1.08531,1.08584,1.08249,1.08528,13762
1700222400,1.0853,1.08774,1.08515,1.08711,16061
1700236800,1.08712,1.08932,1.08584,1.08903,19298
1700251200,1.08903,1.09137,1.08884,1.0913,6617
1700438400,1.09093,1.09111,1.08974,1.09083,6179
1700452800,1.09083,1.09356,1.0908,1.09186,8708
1700467200,1.09186,1.09402,1.0913,1.09367,14062
1700481600,1.09367,1.09367,1.09206,1.09265,11876
1700496000,1.09265,1.09516,1.09187,1.09375,14695
1700510400,1.09375,1.09517,1.09369,1.09405,8950
1700524800,1.09383,1.09574,1.09365,1.09522,6319
1700539200,1.09521,1.09651,1.0948,1.09559,7277
1700553600,1.09559,1.09639,1.09424,1.09438,12853
1700568000,1.09437,1.09613,1.0939,1.0945,12657
1700582400,1.0945,1.09594,1.09188,1.0921,18537
1700596800,1.09209,1.09215,1.09,1.09122,10031
1700611200,1.09104,1.09227,1.09076,1.09134,5422
1700625600,1.09135,1.09202,1.0905,1.09073,6240
1700640000,1.09071,1.09198,1.08825,1.09025,12816
1700654400,1.09025,1.09177,1.0891,1.08961,16279
1700668800,1.08965,1.08984,1.08523,1.08786,21509
1700683200,1.08783,1.08894,1.08775,1.08886,7487
1700697600,1.0888,1.08958,1.08816,1.08951,3614
1700712000,1.08951,1.09117,1.08947,1.09105,3807
1700726400,1.09106,1.09302,1.0895299999999999,1.0923,13298
1700740800,1.0923,1.09241,1.08965,1.09017,9481
1700755200,1.09017,1.09105,1.0887,1.09058,7422
1700769600,1.09057,1.09072,1.09026,1.09064,1283
1700784000,1.09035,1.09104,1.09002,1.09017,4525
1700798400,1.09018,1.09119,1.0895,1.09118,4822
1700812800,1.09118,1.09207,1.0901399999999999,1.09028,9764
1700827200,1.09029,1.09282,1.09017,1.0922,10850
1700841600,1.09219,1.09453,1.09172,1.09405,14446
1700856000,1.09405,1.09486,1.09344,1.09358,7551
1701043200,1.09433,1.09497,1.09266,1.09467,5751
1701057600,1.09467,1.09506,1.09379,1.09495,6363
1701072000,1.09495,1.09591,1.09391,1.09484,10897
1701086400,1.09483,1.09564,1.09433,1.09436,12624
1701100800,1.09438,1.09451,1.09251,1.09343,19043
1701115200,1.09342,1.09574,1.09323,1.09547,6819
1701129600,1.09527,1.09618,1.09472,1.09578,5820
1701144000,1.09577,1.09627,1.095,1.09511,5367
1701158400,1.09511,1.09551,1.09344,1.09536,11912
1701172800,1.09537,1.09739,1.09453,1.09723,13288
1701187200,1.09723,1.10088,1.09641,1.09868,26630
1701201600,1.09871,1.09951,1.09731,1.09949,10694
1701216000,1.09924,1.10171,1.09901,1.10058,8403
1701230400,1.10058,1.1008499999999999,1.09966,1.1002,6915
1701244800,1.1002,1.10045,1.09717,1.09743,16881
1701259200,1.09744,1.09945,1.0969,1.09727,18345
1701273600,1.09727,1.09909,1.096,1.0976,22513
1701288000,1.0976,1.09948,1.09703,1.09703,8712
1701302400,1.09711,1.09839,1.09678,1.09694,5552
1701316800,1.09695,1.09778,1.09651,1.09722,5967
1701331200,1.09721,1.09818,1.092,1.0924800000000001,16508
1701345600,1.09244,1.09495,1.09091,1.09158,17601
1701360000,1.0916,1.09226,1.0888,1.08899,27792
1701374400,1.08899,1.08999,1.08793,1.08894,9628
1701388800,1.0885,1.09101,1.08841,1.09068,6937
1701403200,1.09067,1.09127,1.08981,1.09114,6474
1701417600,1.09109,1.09118,1.08858,1.08978,14500
1701432000,1.08977,1.09037,1.08662,1.08674,15284
1701446400,1.08673,1.08853,1.08286,1.08816,29837
1701460800,1.08818,1.08927,1.08699,1.08809,11709
1701648000,1.08802,1.08948,1.0866500000000001,1.0873,11747
1701662400,1.08732,1.08859,1.08682,1.08692,7302
1701676800,1.08692,1.08807,1.08497,1.08746,15819
1701691200,1.08746,1.08788,1.08531,1.08544,15176
1701705600,1.08546,1.0855,1.08039,1.08255,23770
1701720000,1.08257,1.0836999999999999,1.08151,1.08357,7875
1701734400,1.08303,1.08461,1.08289,1.08392,5989
1701748800,1.08393,1.08475,1.08347,1.08472,6861
1701763200,1.08472,1.08473,1.08039,1.08318,17145
1701777600,1.08316,1.08396,1.08123,1.08286,15504
1701792000,1.08284,1.08388,1.07819,1.07918,28042
1701806400,1.07918,1.07988,1.0778,1.07982,8992
1701820800,1.0795,1.07984,1.07879,1.0792,5946
1701835200,1.07919,1.08018,1.0788,1.08011,6258
1701849600,1.08011,1.08011,1.0775,1.0791,14483
1701864000,1.07911,1.07996,1.07724,1.0798,16062
1701878400,1.07979,1.08045,1.07807,1.07813,20981
1701892800,1.07811,1.07842,1.07584,1.07633,7886
1701907200,1.07649,1.07722,1.07622,1.07672,5576
1701921600,1.07672,1.07708,1.07568,1.07616,7336
1701936000,1.07616,1.07846,1.0755,1.07798,17620
1701950400,1.07798,1.07979,1.07592,1.07902,19696
1701964800,1.07903,1.08174,1.07669,1.08135,25487
1701979200,1.08135,1.08136,1.07905,1.07959,10172
1701993600,1.0790899999999999,1.08006,1.07851,1.0788,9478
1702008000,1.0788,1.07955,1.07822,1.07839,8467
1702022400,1.0784,1.07911,1.07722,1.07768,15975
1702036800,1.07767,1.07898,1.07233,1.07468,19511
1702051200,1.07469,1.07856,1.07303,1.0756000000000001,27538
1702065600,1.0756000000000001,1.07663,1.07528,1.07624,7379
1702252800,1.0759,1.07738,1.07553,1.07674,7175
1702267200,1.07674,1.07683,1.07608,1.07681,5169
1702281600,1.07681,1.07707,1.07513,1.07669,13428
1702296000,1.07669,1.07788,1.07521,1.07636,13036
1702310400,1.07636,1.07637,1.07415,1.0744,16506
1702324800,1.0744,1.07697,1.07424,1.0764,8215
1702339200,1.07615,1.07696,1.07572,1.07647,4566
1702353600,1.07646,1.07709,1.07611,1.07691,5245
1702368000,1.07691,1.07976,1.07685,1.07932,12193
1702382400,1.07933,1.08279,1.07734,1.07765,17118
1702396800,1.07763,1.08001,1.07669,1.07882,21740
1702411200,1.07881,1.07991,1.07867,1.07951,8773
1702425600,1.07923,1.07999,1.07888,1.07934,4964
1702440000,1.07934,1.07939,1.07841,1.079,5343
1702454400,1.0789900000000001,1.07926,1.07801,1.07872,12898
1702468800,1.07873,1.08035,1.07731,1.08005,13818
1702483200,1.08004,1.08094,1.07825,1.07841,16539
1702497600,1.0784,1.08963,1.07794,1.08748,25858
1702512000,1.08761,1.08981,1.08721,1.08965,10657
1702526400,1.08965,1.0915300000000001,1.08928,1.08937,11660
1702540800,1.08942,1.09129,1.08797,1.0904,20971
1702555200,1.09039,1.09512,1.08981,1.09437,24390
1702569600,1.09426,1.10091,1.09358,1.10048,28874
1702584000,1.10047,1.10059,1.09794,1.09912,11143
1702598400,1.09933,1.09964,1.09768,1.09845,7310
1702612800,1.09845,1.10038,1.09836,1.09843,8082
1702627200,1.09844,1.09992,1.09459,1.09603,18162
1702641600,1.09603,1.09694,1.09041,1.09162,18515
1702656000,1.09163,1.09281,1.09015,1.09103,25257
1702670400,1.09103,1.09107,1.08885,1.08952,13108
1702857600,1.08949,1.09012,1.08919,1.08975,5405
1702872000,1.08975,1.09158,1.08974,1.09154,5267
1702886400,1.09155,1.09299,1.09117,1.09195,13939
1702900800,1.09195,1.09292,1.09072,1.09212,14903
1702915200,1.09213,1.09311,1.09109,1.09277,18349
1702929600,1.09277,1.0928,1.09131,1.09234,7657
1702944000,1.0919,1.0925799999999999,1.09158,1.09186,6029
1702958400,1.09185,1.09291,1.09146,1.09278,8276
1702972800,1.09278,1.09494,1.09229,1.09412,15981
1702987200,1.09413,1.09737,1.09303,1.0962,15182
1703001600,1.0962,1.09874,1.09589,1.09749,19886
1703016000,1.09748,1.09802,1.09693,1.09801,7918
1703030400,1.09809,1.09833,1.09679,1.09698,5266
1703044800,1.09697,1.09726,1.09643,1.09649,5121
1703059200,1.09649,1.09713,1.09505,1.09644,15299
1703073600,1.09642,1.09652,1.09339,1.09605,14286
1703088000,1.09607,1.09756,1.09496,1.09579,18615
1703102400,1.09579,1.09636,1.09298,1.09421,12880
1703116800,1.0941,1.09534,1.09373,1.09523,5680
1703131200,1.09523,1.09558,1.0945,1.09545,6222
1703145600,1.09546,1.09549,1.09352,1.09438,12111
1703160000,1.09438,1.10022,1.09398,1.0991,17249
1703174400,1.09911,1.10012,1.09753,1.0986,26460
1703188800,1.09859,1.10123,1.09784,1.10118,11847
1703203200,1.10083,1.10124,1.09935,1.0998,6310
1703217600,1.09982,1.10049,1.09953,1.09966,6147
1703232000,1.09967,1.1013600000000001,1.09936,1.10044,13533
1703246400,1.10042,1.10378,1.10015,1.10287,18257
1703260800,1.10288,1.10402,1.1,1.10157,21732
1703275200,1.10157,1.10191,1.10021,1.10124,9006
1703548800,1.10088,1.10229,1.10056,1.10222,3356
1703563200,1.10222,1.10289,1.10194,1.10264,3881
1703577600,1.10264,1.10266,1.10096,1.10142,5148
1703592000,1.10143,1.10244,1.10086,1.10176,7012
1703606400,1.10174,1.10377,1.10139,1.10351,10629
1703620800,1.10352,1.1045,1.1034,1.10416,6657
1703635200,1.10413,1.10442,1.1031900000000001,1.10362,4122
1703649600,1.10362,1.10438,1.10285,1.10433,4507
1703664000,1.10433,1.10549,1.10365,1.10544,9892
1703678400,1.10545,1.10739,1.1048499999999999,1.10704,10434
1703692800,1.10704,1.11228,1.10688,1.11053,18148
1703707200,1.11052,1.1114,1.10988,1.11065,9419
1703721600,1.11026,1.11219,1.10974,1.11219,4173
1703736000,1.11219,1.11225,1.11084,1.11092,5901
1703750400,1.11092,1.11393,1.11043,1.11291,12997
1703764800,1.11292,1.11324,1.10724,1.10732,14390
1703779200,1.10732,1.11133,1.10659,1.10737,18657
1703793600,1.10738,1.10739,1.10551,1.10623,8988
1703808000,1.10598,1.10842,1.10598,1.10789,5547
1703822400,1.10789,1.10792,1.10609,1.10662,4718
1703836800,1.10663,1.10775,1.1044100000000001,1.10491,11373
1703851200,1.10489,1.10806,1.10466,1.10486,14201
1703865600,1.10487,1.10786,1.1042399999999999,1.10639,20848
1703880000,1.10638,1.10639,1.1034,1.1039,9892
1704153600,1.10423,1.10443,1.10341,1.10349,4569
1704168000,1.10349,1.1036,1.10165,1.10334,6026
1704182400,1.10336,1.10388,1.10106,1.10152,13932
1704196800,1.10151,1.10171,1.09494,1.09527,18380
1704211200,1.09527,1.09683,1.09408,1.09506,22242
1704225600,1.09506,1.09559,1.09383,1.09413,8751
1704240000,1.09419,1.09548,1.09381,1.09513,4412
1704254400,1.09513,1.09627,1.09486,1.09513,5090
1704268800,1.09512,1.09654,1.09347,1.09364,13821
1704283200,1.09362,1.0939,1.091,1.09216,17476
1704297600,1.09216,1.09387,1.0898,1.09066,25991
1704312000,1.09065,1.09256,1.08929,1.09196,17368
1704326400,1.0915300000000001,1.09274,1.0914,1.09178,4953
1704340800,1.09178,1.09306,1.09158,1.09266,6098
1704355200,1.09265,1.09691,1.09208,1.09674,17101
1704369600,1.09674,1.09721,1.09328,1.09472,16693
1704384000,1.09471,1.09653,1.09381,1.09505,21976
1704398400,1.09504,1.09544,1.0943,1.09478,8118
1704412800,1.09446,1.09559,1.0942,1.09515,5985
1704427200,1.09515,1.09542,1.0934,1.09374,5810
1704441600,1.09374,1.09374,1.09028,1.09125,14012
1704456000,1.09127,1.09278,1.08765,1.0921,18429
1704470400,1.0922,1.09984,1.09217,1.09463,33844
1704484800,1.09462,1.09596,1.09353,1.09409,12113
1704672000,1.09411,1.09531,1.09348,1.0948,4217
1704686400,1.0948,1.0948,1.09306,1.09374,5911
1704700800,1.09374,1.09522,1.09224,1.09371,14324
1704715200,1.09382,1.09562,1.09343,1.09507,15876
1704729600,1.09507,1.09789,1.09494,1.09646,19574
1704744000,1.09645,1.0965799999999999,1.09488,1.09508,7981
1704758400,1.09498,1.09618,1.09483,1.0961400000000001,5982
1704772800,1.09615,1.09662,1.09481,1.09496,5644
1704787200,1.09496,1.09628,1.09378,1.0944,13409
1704801600,1.0944099999999999,1.09481,1.09287,1.09458,15440
1704816000,1.09458,1.09512,1.09103,1.09341,21045
1704830400,1.0934,1.09399,1.09199,1.0931,10269
1704844800,1.09284,1.09362,1.09251,1.09321,5373
1704859200,1.09322,1.09359,1.09276,1.09322,5572
1704873600,1.0932,1.09518,1.09227,1.09472,14924
1704888000,1.09469,1.09552,1.09406,1.09406,13099
1704902400,1.09405,1.09692,1.09318,1.09672,16102
1704916800,1.09671,1.09728,1.09593,1.0972,10193
1704931200,1.09708,1.09801,1.09691,1.0979,4953
1704945600,1.0979,1.09848,1.09755,1.09784,5668
1704960000,1.09783,1.09885,1.09588,1.09638,12009
1704974400,1.09637,1.09985,1.09354,1.09393,19495
1704988800,1.09398,1.09731,1.09302,1.09507,35406
1705003200,1.09508,1.09829,1.09498,1.09727,15673
1705017600,1.09724,1.09847,1.09698,1.09826,7078
1705032000,1.09825,1.09853,1.0973,1.09755,6020
1705046400,1.09759,1.09827,1.09608,1.09624,13514
1705060800,1.09623,1.09694,1.09359,1.0955300000000001,18337
1705075200,1.09552,1.09869,1.09472,1.09496,26270
1705089600,1.09496,1.09635,1.0948,1.09496,8738
1705276800,1.09444,1.09561,1.09407,1.09546,6017
1705291200,1.09549,1.0967500000000001,1.09548,1.09639,5425
1705305600,1.0964,1.09666,1.0943,1.09468,12866
1705320000,1.09467,1.0959,1.09334,1.09505,13118
1705334400,1.09506,1.09526,1.09381,1.09482,10369
1705348800,1.09483,1.09536,1.09477,1.09504,1626
1705363200,1.09478,1.09508,1.0915300000000001,1.09275,8032
1705377600,1.09275,1.09276,1.09126,1.0915300000000001,7242
1705392000,1.0915300000000001,1.09266,1.08838,1.08861,17988
1705406400,1.08864,1.08978,1.08715,1.08741,19860
1705420800,1.08739,1.08946,1.08619,1.0863,29657
1705435200,1.0863,1.08774,1.08629,1.08756,9474
1705449600,1.08725,1.08822,1.08694,1.08771,6414
1705464000,1.08772,1.08844,1.08608,1.08647,7649
1705478400,1.08647,1.08816,1.08554,1.08762,18381
1705492800,1.0876,1.08838,1.08511,1.08638,18772
1705507200,1.0864,1.08708,1.08445,1.08669,23920
1705521600,1.0867,1.08827,1.08565,1.08815,11065
1705536000,1.08824,1.09008,1.0879,1.08959,7614
1705550400,1.0896,1.09028,1.08903,1.0895,7172
1705564800,1.08949,1.09066,1.08765,1.08846,13979
1705579200,1.08845,1.0896,1.08503,1.08526,18236
1705593600,1.08524,1.087,1.08466,1.08596,26388
1705608000,1.08597,1.08774,1.08542,1.08755,11006
1705622400,1.08755,1.08872,1.08678,1.08856,6665
1705636800,1.08855,1.08896,1.08794,1.08809,5700
1705651200,1.08809,1.08864,1.0868,1.08828,13641
1705665600,1.08828,1.0893,1.0873,1.08806,14231
1705680000,1.08806,1.08932,1.08656,1.08896,22809
1705694400,1.08896,1.08977,1.08856,1.08974,9699
1705881600,1.08919,1.09049,1.08856,1.09019,6614
1705896000,1.09019,1.0909200000000001,1.08984,1.09016,5604
1705910400,1.09015,1.09095,1.08871,1.08968,13339
1705924800,1.08967,1.08996,1.088,1.08916,14017
1705939200,1.08917,1.09,1.08817,1.08963,15825
1705953600,1.08964,1.08964,1.08802,1.0882,8472
1705968000,1.08828,1.08884,1.08755,1.08882,4436
1705982400,1.08883,1.09079,1.0884800000000001,1.09068,8245
1705996800,1.09068,1.09159,1.08837,1.08875,15517
1706011200,1.08874,1.08883,1.086,1.0874,13445
1706025600,1.08739,1.0874,1.08215,1.08313,19905
1706040000,1.08314,1.08559,1.08302,1.08533,7425
1706054400,1.08449,1.08597,1.08449,1.0858,5224
1706068800,1.0858,1.0866,1.08532,1.08619,5903
1706083200,1.08619,1.09076,1.08602,1.09028,16637
1706097600,1.09027,1.09271,1.08873,1.0925,16275
1706112000,1.0925,1.09324,1.08904,1.09052,25228
1706126400,1.09052,1.09059,1.08775,1.08846,12027
1706140800,1.08839,1.08865,1.08702,1.08775,6254
1706155200,1.08776,1.08818,1.08744,1.08782,5549
1706169600,1.08783,1.08997,1.08756,1.08958,12827
1706184000,1.08959,1.09017,1.08668,1.08788,17828
1706198400,1.08791,1.08791,1.0824,1.08374,28063
1706212800,1.08375,1.0848,1.08215,1.08473,12125
1706227200,1.08421,1.08476,1.08374,1.08444,5823
1706241600,1.08444,1.08489,1.08378,1.08424,5022
1706256000,1.08424,1.08505,1.08128,1.08441,15885
1706270400,1.08442,1.08855,1.08442,1.08719,17211
1706284800,1.08719,1.08803,1.08551,1.08637,20456
1706299200,1.08636,1.08659,1.08519,1.08528,7794
1706486400,1.08428,1.08491,1.0841,1.08439,4443
1706500800,1.0844,1.08476,1.08393,1.08399,4224
1706515200,1.084,1.085,1.0823,1.08252,11463
1706529600,1.08251,1.08368,1.08138,1.0820400000000001,12799
1706544000,1.08203,1.08226,1.07959,1.08117,15632
1706558400,1.08117,1.08403,1.08093,1.08342,9629
1706572800,1.08321,1.0842,1.08287,1.08348,5347
1706587200,1.08347,1.08361,1.08218,1.08224,5352
1706601600,1.08225,1.0832,1.08119,1.08268,13468
1706616000,1.08268,1.08498,1.0823,1.08345,13493
1706630400,1.08345,1.08572,1.0828,1.08388,21502
1706644800,1.0838700000000001,1.08485,1.08315,1.08454,8611
1706659200,1.08393,1.0848200000000001,1.08312,1.08312,7855
1706673600,1.08311,1.08312,1.08159,1.08206,7217
1706688000,1.08206,1.08368,1.08059,1.08223,17146
1706702400,1.08223,1.08629,1.08212,1.08575,17864
1706716800,1.08574,1.08873,1.08417,1.08497,30108
1706731200,1.08496,1.08641,1.07945,1.08181,32851
1706745600,1.08166,1.08197,1.08017,1.08089,7591
1706760000,1.08086,1.08217,1.08027,1.08027,9244
1706774400,1.08028,1.08049,1.07799,1.07983,17785
1706788800,1.07987,1.08273,1.07914,1.08138,22035
1706803200,1.08138,1.08747,1.08038,1.08727,31665
1706817600,1.08727,1.08748,1.08627,1.08713,15611
1706832000,1.0872,1.08798,1.08638,1.08716,5685
1706846400,1.08715,1.08824,1.08713,1.08775,6457
1706860800,1.08774,1.08975,1.08735,1.08908,13341
1706875200,1.08908,1.0895,1.08036,1.08071,18728
1706889600,1.08071,1.08168,1.07808,1.07833,30127
1706904000,1.07833,1.07974,1.07804,1.07888,13722
1707091200,1.07825,1.07871,1.07672,1.07782,10787
1707105600,1.07782,1.07821,1.07732,1.07821,7856
1707120000,1.07821,1.07861,1.07518,1.07536,14568
1707134400,1.07536,1.07586,1.07361,1.07374,16220
1707148800,1.07373,1.07448,1.07231,1.07393,20545
1707163200,1.07392,1.07466,1.07367,1.07412,8893
1707177600,1.07424,1.07472,1.07373,1.07452,5382
1707192000,1.07452,1.07542,1.07433,1.07536,7395
1707206400,1.07535,1.07623,1.07254,1.0729,15703
1707220800,1.07291,1.0744,1.07225,1.07305,14872
1707235200,1.07305,1.07551,1.0729,1.0751,23114
1707249600,1.0751,1.07574,1.07433,1.07549,13073
1707264000,1.0753,1.07649,1.07489,1.07636,5608
1707278400,1.07636,1.07664,1.07565,1.07628,6467
1707292800,1.07629,1.07735,1.07567,1.07693,13919
1707307200,1.07693,1.07839,1.07623,1.07702,17344
1707321600,1.07702,1.07798,1.07557,1.07647,24617
1707336000,1.07647,1.07753,1.07645,1.07735,11254
1707350400,1.07711,1.07797,1.0768,1.07785,5575
1707364800,1.07785,1.07882,1.07783,1.07826,6229
1707379200,1.07827,1.07888,1.07684,1.0783,15173
1707393600,1.07831,1.07856,1.07415,1.07441,16157
1707408000,1.07435,1.07766,1.07435,1.07735,19134
1707422400,1.07736,1.07828,1.07725,1.07779,10360
1707436800,1.0777700000000001,1.07789,1.07722,1.07744,5432
1707451200,1.07743,1.07783,1.07693,1.0771,5184
1707465600,1.07711,1.07847,1.0766,1.07671,13895
1707480000,1.0767,1.07946,1.0762,1.0783,19650
1707494400,1.07827,1.0795,1.07749,1.07854,21168
1707508800,1.07855,1.07908,1.07796,1.07844,6799
1707696000,1.07818,1.07998,1.07786,1.07954,5673
1707710400,1.07954,1.07977,1.07893,1.07914,3211
1707724800,1.07915,1.08056,1.07667,1.0769,12430
1707739200,1.07691,1.07788,1.07611,1.07639,14086
1707753600,1.07639,1.07825,1.07559,1.07823,15378
1707768000,1.07824,1.0786,1.07678,1.0772,9735
1707782400,1.0773,1.07746,1.07656,1.07667,4240
1707796800,1.07667,1.07679,1.07605,1.07668,4262
1707811200,1.07669,1.07776,1.07567,1.0766499999999999,12831
1707825600,1.0766499999999999,1.07968,1.07029,1.07083,19099
1707840000,1.07084,1.07268,1.07006,1.07153,26597
1707854400,1.07154,1.07202,1.07006,1.07094,11336
1707868800,1.07088,1.07144,1.07034,1.07116,6363
1707883200,1.07117,1.07151,1.07081,1.0714,6994
1707897600,1.0714,1.07187,1.06947,1.07,14774
1707912000,1.07,1.07168,1.06963,1.07086,15129
1707926400,1.07087,1.07344,1.07065,1.07306,21822
1707940800,1.07307,1.07338,1.07256,1.07276,9581
1707955200,1.07269,1.07356,1.07254,1.07284,5028
1707969600,1.07283,1.07322,1.07246,1.0729,4871
1707984000,1.0729,1.07414,1.07271,1.0733,13459
1707998400,1.07331,1.07725,1.07306,1.07664,16610
1708012800,1.07664,1.07847,1.07551,1.07625,23816
1708027200,1.07625,1.07736,1.07605,1.0773,10152
1708041600,1.07704,1.07767,1.07611,1.07648,4918
1708056000,1.07648,1.07651,1.07572,1.07603,6642
1708070400,1.07602,1.07717,1.07585,1.07661,13508
1708084800,1.07661,1.078,1.07321,1.0746,15280
1708099200,1.07465,1.07779,1.07409,1.07778,24293
1708113600,1.07778,1.07875,1.07728,1.07762,10423
1708300800,1.0773,1.0789,1.07707,1.07804,6179
1708315200,1.07804,1.07833,1.07748,1.07818,5529
1708329600,1.07818,1.07894,1.07721,1.07747,10708
1708344000,1.07748,1.07818,1.07675,1.07702,10992
1708358400,1.07701,1.07764,1.0762,1.07761,8431
1708372800,1.07759,1.07835,1.07759,1.07794,1760
1708387200,1.07785,1.07797,1.07649,1.07658,7813
1708401600,1.0766,1.07711,1.07615,1.0768,7969
1708416000,1.07681,1.07989,1.07672,1.07977,14530
1708430400,1.07979,1.08249,1.07935,1.08231,19384
1708444800,1.08234,1.08388,1.08091,1.08118,20228
1708459200,1.08117,1.0813,1.08042,1.08083,10130
1708473600,1.08068,1.08127,1.08043,1.0812,6327
1708488000,1.0812,1.08189,1.0812,1.08151,7029
1708502400,1.08151,1.08152,1.07898,1.07998,12171
1708516800,1.07998,1.08114,1.07941,1.081,14347
1708531200,1.08101,1.082,1.08009,1.08075,18575
1708545600,1.08074,1.08241,1.07998,1.08173,18100
1708560000,1.0817,1.08317,1.08128,1.0826500000000001,5543
1708574400,1.08264,1.08378,1.08189,1.08332,5422
1708588800,1.08333,1.0888,1.08329,1.08528,18112
1708603200,1.08526,1.08589,1.08211,1.0823,18201
1708617600,1.08231,1.08245,1.08027,1.08202,21745
1708632000,1.08202,1.08262,1.08144,1.08234,10059
1708646400,1.08211,1.08318,1.08147,1.0827,7111
1708660800,1.08273,1.08304,1.08209,1.08227,9718
1708675200,1.08227,1.08325,1.08138,1.08173,13206
1708689600,1.08174,1.08395,1.08169,1.08319,16698
1708704000,1.08318,1.08369,1.08118,1.08247,22993
1708718400,1.08247,1.08295,1.08176,1.08207,9050
1708905600,1.08293,1.08294,1.0812599999999999,1.08165,6866
1708920000,1.08165,1.08242,1.08142,1.08232,5871
1708934400,1.08232,1.08404,1.08219,1.08399,13268
1708948800,1.084,1.08596,1.08384,1.0858,11922
1708963200,1.0858,1.08587,1.08386,1.08453,17067
1708977600,1.08452,1.08526,1.08396,1.08509,9669
1708992000,1.0847,1.08512,1.08452,1.085,6712
1709006400,1.085,1.0855299999999999,1.0848200000000001,1.08519,9182
1709020800,1.08521,1.08659,1.0847,1.0853,11994
1709035200,1.08529,1.08632,1.08418,1.0848,13425
1709049600,1.0848,1.08578,1.08329,1.08508,19013
1709064000,1.08509,1.08566,1.08406,1.08447,11229
1709078400,1.08434,1.08467,1.08378,1.08395,6387
1709092800,1.08394,1.08403,1.08254,1.08267,6111
1709107200,1.0826500000000001,1.08294,1.07966,1.07998,16555
1709121600,1.07997,1.08307,1.07992,1.08276,18531
1709136000,1.08275,1.08458,1.08213,1.08383,18464
1709150400,1.08384,1.08404,1.08324,1.08376,7995
1709164800,1.08348,1.08401,1.08277,1.0829,8987
1709179200,1.0829,1.08379,1.08286,1.08354,12456
1709193600,1.08354,1.0852,1.08258,1.08504,18585
1709208000,1.08505,1.08542,1.08217,1.08378,19326
1709222400,1.08376,1.08558,1.07958,1.07998,26977
1709236800,1.07998,1.08112,1.07984,1.08045,12754
1709251200,1.08009,1.08213,1.08,1.08212,7423
1709265600,1.08211,1.08219,1.0811,1.08121,5534
1709280000,1.08121,1.08198,1.08081,1.0815,16373
1709294400,1.08152,1.0824799999999999,1.07983,1.08127,19362
1709308800,1.08128,1.08416,1.07979,1.08376,21653
1709323200,1.08375,1.0843099999999999,1.08314,1.08399,9856
1709510400,1.08373,1.08479,1.0836,1.08401,6816
1709524800,1.084,1.08468,1.08384,1.08444,5051
1709539200,1.08443,1.08579,1.08376,1.0849,12968
1709553600,1.08489,1.08576,1.084,1.08486,13496
1709568000,1.08488,1.08668,1.08448,1.08579,17359
1709582400,1.08579,1.08606,1.08549,1.08559,8173
1709596800,1.08533,1.0858,1.08474,1.08494,7827
1709611200,1.08494,1.08547,1.0848200000000001,1.08529,4496
1709625600,1.0853,1.08558,1.08415,1.08513,12917
1709640000,1.08513,1.08548,1.08419,1.08462,15095
1709654400,1.08463,1.0876,1.08404,1.08598,21888
1709668800,1.08599,1.086,1.08489,1.08563,10024
1709683200,1.08551,1.08586,1.08419,1.08438,8215
1709697600,1.08438,1.08568,1.08438,1.0855,6114
1709712000,1.0855,1.08778,1.08547,1.08764,12365
1709726400,1.08764,1.08851,1.08673,1.0884800000000001,13716
1709740800,1.08845,1.0915300000000001,1.08812,1.09022,24741
1709755200,1.09024,1.09078,1.08928,1.08979,14733
1709769600,1.08927,1.09072,1.08927,1.08977,7597
1709784000,1.08977,1.09055,1.08934,1.09003,7507
1709798400,1.09001,1.09043,1.08876,1.09016,13875
1709812800,1.09016,1.09018,1.08677,1.08722,17991
1709827200,1.08722,1.0942,1.0869,1.0937000000000001,23744
1709841600,1.09369,1.09491,1.09364,1.09488,8370
1709856000,1.09445,1.09556,1.0943100000000001,1.0948,6758
1709870400,1.0948,1.09507,1.0944,1.09465,6524
1709884800,1.09464,1.09511,1.0926,1.09352,16478
1709899200,1.09352,1.09811,1.09175,1.0958,20268
1709913600,1.09583,1.09664,1.09367,1.09392,27371
1709928000,1.09394,1.09438,1.09333,1.09391,11664
1710115200,1.09397,1.09464,1.09355,1.09422,6628
1710129600,1.09422,1.09456,1.09369,1.09386,8629
1710144000,1.09386,1.09479,1.09353,1.09445,11786
1710158400,1.09445,1.09449,1.09292,1.09295,12453
1710172800,1.09294,1.09316,1.09144,1.09272,18131
1710187200,1.09273,1.09303,1.09183,1.09265,11600
1710201600,1.09227,1.09322,1.0919699999999999,1.09286,6571
1710216000,1.09286,1.09381,1.09268,1.09369,6281
1710230400,1.09369,1.09393,1.09211,1.0924800000000001,9883
1710244800,1.0924800000000001,1.09437,1.09023,1.092,20110
1710259200,1.09201,1.09229,1.09021,1.09175,24605
1710273600,1.09175,1.09274,1.09126,1.09268,11810
1710288000,1.09246,1.09296,1.09244,1.09269,9132
1710302400,1.09268,1.09307,1.0922,1.09234,9989
1710316800,1.09234,1.09328,1.09208,1.09277,11871
1710331200,1.09278,1.09472,1.092,1.09366,15429
1710345600,1.09367,1.09494,1.09314,1.0949,16888
1710360000,1.0949,1.09636,1.09455,1.09476,10265
1710374400,1.0950199999999999,1.09547,1.09454,1.09487,5385
1710388800,1.09488,1.09528,1.09389,1.09425,5754
1710403200,1.09424,1.0944099999999999,1.09316,1.09376,10939
1710417600,1.09376,1.09453,1.0924,1.09299,14778
1710432000,1.093,1.09312,1.08829,1.08871,25602
1710446400,1.0887,1.08919,1.08805,1.08839,10610
1710460800,1.08836,1.08861,1.0876,1.08777,5929
1710475200,1.08777,1.08802,1.08728,1.08764,7554
1710489600,1.08765,1.08869,1.08732,1.08828,10348
1710504000,1.08828,1.08997,1.08826,1.08872,14073
1710518400,1.08872,1.08949,1.08813,1.08858,19338
1710532800,1.08858,1.08914,1.08833,1.08885,9486
1710720000,1.08898,1.08912,1.08792,1.08853,4569
1710734400,1.08852,1.08917,1.08827,1.08876,5207
1710748800,1.08876,1.08978,1.08851,1.08936,8677
1710763200,1.08937,1.09061,1.08898,1.08922,11721
1710777600,1.08922,1.08935,1.08694,1.08723,14890
1710792000,1.08723,1.08751,1.08658,1.08717,7156
1710806400,1.0873,1.08746,1.08692,1.08694,5434
1710820800,1.08695,1.08766,1.08666,1.08704,11968
1710835200,1.08705,1.0872,1.08423,1.08473,13453
1710849600,1.08473,1.08561,1.08346,1.08516,16773
1710864000,1.08515,1.08655,1.08493,1.08634,16369
1710878400,1.08634,1.08674,1.08596,1.08655,8813
1710892800,1.08647,1.08668,1.08582,1.08644,5600
1710907200,1.08644,1.0871,1.08621,1.08666,4669
1710921600,1.08666,1.08721,1.085,1.08521,9231
1710936000,1.08519,1.08523,1.08363,1.08422,14541
1710950400,1.08421,1.08611,1.08372,1.08607,11611
1710964800,1.08607,1.09228,1.08586,1.09226,24726
1710979200,1.092,1.09374,1.09167,1.09333,7883
1710993600,1.09333,1.0939,1.09325,1.0933,7273
1711008000,1.0933,1.09425,1.08871,1.08914,14318
1711022400,1.08923,1.09235,1.08889,1.09115,19554
1711036800,1.09115,1.09118,1.08557,1.08608,25061
1711051200,1.08608,1.08663,1.0855299999999999,1.08595,8742
1711065600,1.08589,1.0868,1.08581,1.08652,4528
1711080000,1.08651,1.08658,1.0831,1.08332,9833
1711094400,1.08332,1.0842,1.0808,1.08116,14078
1711108800,1.08117,1.0831,1.08114,1.08264,17132
1711123200,1.08264,1.08318,1.08057,1.08057,14815
1711137600,1.08056,1.08106,1.08017,1.08087,5969
1711324800,1.08083,1.08102,1.08025,1.08035,4153
1711339200,1.08036,1.0822,1.0802,1.08131,8823
1711353600,1.08132,1.08237,1.0807,1.08137,9268
1711368000,1.08137,1.0834,1.08116,1.08306,10537
1711382400,1.08305,1.08425,1.08291,1.08365,13221
1711396800,1.08366,1.08407,1.08331,1.08366,5903
1711411200,1.08375,1.08429,1.0832600000000001,1.08426,5377
1711425600,1.08426,1.08454,1.08357,1.08402,5871
1711440000,1.084,1.08528,1.08385,1.08495,10080
1711454400,1.08494,1.08643,1.08454,1.0852,17458
1711468800,1.08519,1.08585,1.08241,1.08282,16065
1711483200,1.08283,1.08357,1.08266,1.08313,6557
1711497600,1.08312,1.08332,1.08273,1.08294,4575
1711512000,1.08295,1.08308,1.0820400000000001,1.08299,7274
1711526400,1.08298,1.08337,1.08213,1.08285,9265
1711540800,1.08286,1.08391,1.0815,1.08188,13803
1711555200,1.08188,1.08257,1.08108,1.08231,15652
1711569600,1.0823,1.0829,1.08174,1.08279,8612
1711584000,1.0824,1.08273,1.08078,1.08175,6450
1711598400,1.08174,1.08259,1.08148,1.08234,6218
1711612800,1.08234,1.08266,1.07897,1.07919,10704
1711627200,1.07919,1.08088,1.07751,1.0808200000000001,15556
1711641600,1.0808,1.08186,1.07928,1.07993,20702
1711656000,1.07992,1.08019,1.07846,1.07868,7918
1711670400,1.07863,1.07938,1.07836,1.07836,5135
1711684800,1.07836,1.07844,1.07737,1.07767,3660
1711699200,1.07767,1.07813,1.07675,1.07785,4525
1711713600,1.07785,1.08051,1.07727,1.07983,7637
1711728000,1.07983,1.08034,1.07867,1.07877,6099
1711742400,1.07877,1.0796000000000001,1.07875,1.07928,4907
1711929600,1.07892,1.07988,1.07849,1.07913,6875
1711944000,1.07913,1.07946,1.0784,1.07868,7147
1711958400,1.07867,1.07921,1.07828,1.07897,6463
1711972800,1.07898,1.0790899999999999,1.0777,1.07817,8802
1711987200,1.07817,1.07831,1.07309,1.07365,19508
1712001600,1.07365,1.0744,1.07365,1.07425,7287
1712016000,1.07398,1.07443,1.07309,1.07371,5740
1712030400,1.07371,1.07381,1.07292,1.07332,5314
1712044800,1.07332,1.07428,1.07244,1.07314,14468
1712059200,1.07314,1.0756000000000001,1.07311,1.07489,14533
1712073600,1.07489,1.07791,1.07479,1.07683,18651
1712088000,1.07682,1.07689,1.07602,1.07684,5568
1712102400,1.07699,1.07738,1.07658,1.07686,4567
1712116800,1.07686,1.07793,1.07657,1.07746,6734
1712131200,1.07747,1.07774,1.07639,1.0771,9158
1712145600,1.07714,1.07863,1.0765,1.07782,12911
1712160000,1.07781,1.08362,1.0777700000000001,1.08306,24379
1712174400,1.08307,1.08368,1.08255,1.08366,9414
1712188800,1.08337,1.08433,1.08325,1.0843099999999999,3945
1712203200,1.08429,1.08447,1.08381,1.08427,4364
1712217600,1.08428,1.08626,1.08389,1.08619,13176
1712232000,1.08618,1.08703,1.08506,1.08696,12594
1712246400,1.08696,1.08765,1.08579,1.08588,14247
1712260800,1.08587,1.08619,1.08317,1.08381,14770
1712275200,1.08383,1.08439,1.08341,1.08417,7910
1712289600,1.08416,1.0843,1.08231,1.08263,9129
1712304000,1.08264,1.08463,1.08225,1.08374,10401
1712318400,1.08372,1.08479,1.07999,1.08092,14972
1712332800,1.08092,1.08444,1.07913,1.08356,25097
1712347200,1.08357,1.08389,1.08305,1.0836999999999999,9014
1712534400,1.08361,1.08377,1.08229,1.08268,4077
1712548800,1.08268,1.08432,1.08267,1.08321,7023
1712563200,1.08322,1.08377,1.08221,1.08235,13109
1712577600,1.08234,1.08356,1.08206,1.08342,12230
1712592000,1.08343,1.08588,1.08343,1.08501,16629
1712606400,1.08502,1.08622,1.08495,1.08591,6811
1712620800,1.08558,1.08635,1.08549,1.08586,4817
1712635200,1.08587,1.08622,1.08539,1.08565,5927
1712649600,1.08566,1.08627,1.0849,1.08575,9053
1712664000,1.08575,1.0884,1.08564,1.08805,11961
1712678400,1.08807,1.08851,1.08522,1.08546,19479
1712692800,1.08544,1.0859,1.08475,1.08573,7989
1712707200,1.08565,1.08598,1.08525,1.08572,4856
1712721600,1.08571,1.08588,1.08503,1.08523,5489
1712736000,1.08524,1.08606,1.08477,1.0860400000000001,9897
1712750400,1.0860400000000001,1.08664,1.07783,1.07806,15512
1712764800,1.07808,1.07811,1.07287,1.07359,26176
1712779200,1.07359,1.07541,1.07289,1.07418,18173
1712793600,1.07425,1.07459,1.07381,1.07424,6042
1712808000,1.07425,1.07488,1.07411,1.07462,6694
1712822400,1.07463,1.07497,1.07265,1.07403,14151
1712836800,1.07403,1.07469,1.07148,1.07413,21168
1712851200,1.07416,1.07565,1.06992,1.07175,26942
1712865600,1.07175,1.07345,1.07152,1.07258,9927
1712880000,1.07271,1.07293,1.07225,1.0726,3256
1712894400,1.07259,1.07282,1.07108,1.07113,6123
1712908800,1.07112,1.07142,1.06706,1.06711,14748
1712923200,1.06711,1.06749,1.06311,1.06382,17337
1712937600,1.06382,1.06509,1.06225,1.06417,23450
1712952000,1.06419,1.06504,1.06371,1.06413,11534
1713139200,1.06341,1.06515,1.06304,1.06455,8291
1713153600,1.06455,1.06548,1.06391,1.06525,9466
1713168000,1.06525,1.06648,1.06498,1.06562,14338
1713182400,1.06563,1.0665,1.06308,1.0647,15984
1713196800,1.0647199999999999,1.06608,1.06218,1.06361,24785
1713211200,1.06361,1.06394,1.06202,1.06225,14650
1713225600,1.06236,1.06284,1.06178,1.06182,5265
1713240000,1.06183,1.06193,1.06059,1.06138,9148
1713254400,1.06138,1.06246,1.06022,1.06161,17026
1713268800,1.06159,1.06536,1.06159,1.06389,17941
1713283200,1.06388,1.06448,1.06187,1.0625,27437
1713297600,1.06251,1.0635,1.0601099999999999,1.06184,20583
1713312000,1.06173,1.06252,1.06125,1.06223,6817
1713326400,1.06222,1.06355,1.06201,1.06248,7345
1713340800,1.06248,1.06488,1.0606,1.06402,17497
1713355200,1.06404,1.06491,1.06314,1.06348,14462
1713369600,1.06348,1.06563,1.063,1.06496,23374
1713384000,1.06497,1.06796,1.06479,1.0673300000000001,14913
1713398400,1.06717,1.06755,1.06641,1.06696,4643
1713412800,1.06698,1.06802,1.06644,1.06783,6850
1713427200,1.06782,1.06901,1.06748,1.06785,12659
1713441600,1.06785,1.06814,1.06599,1.06626,14244
1713456000,1.06627,1.06684,1.06462,1.0653299999999999,21574
1713470400,1.06532,1.06548,1.06414,1.06416,10813
1713484800,1.06439,1.06445,1.06359,1.06386,5356
1713499200,1.06385,1.06431,1.06103,1.06345,25774
1713513600,1.06346,1.06592,1.06268,1.06455,21227
1713528000,1.06456,1.06737,1.06431,1.06654,16974
1713542400,1.06654,1.06775,1.06401,1.06535,22835
1713556800,1.06534,1.06584,1.06465,1.06572,12430
1713744000,1.06511,1.06648,1.06488,1.06532,5981
1713758400,1.06532,1.06706,1.06531,1.06653,7503
1713772800,1.06654,1.06692,1.06473,1.06569,13397
1713787200,1.06568,1.06619,1.06307,1.06398,13629
1713801600,1.06397,1.06509,1.06238,1.06487,15279
1713816000,1.06487,1.06607,1.06482,1.06544,6608
1713830400,1.06534,1.06592,1.06494,1.06586,3393
1713844800,1.06585,1.06606,1.06532,1.06551,6953
1713859200,1.06551,1.06948,1.06385,1.06706,16517
1713873600,1.06706,1.06779,1.06531,1.0672,15080
1713888000,1.0672,1.07113,1.066,1.06997,21929
1713902400,1.06998,1.07076,1.06993,1.07026,7420
1713916800,1.07028,1.07106,1.06989,1.07095,3433
1713931200,1.07095,1.07142,1.07042,1.07051,6165
1713945600,1.07052,1.07056,1.06806,1.06833,11834
1713960000,1.06833,1.0693,1.06778,1.06867,12848
1713974400,1.06866,1.07025,1.0681,1.06905,18156
1713988800,1.06906,1.07064,1.06869,1.06987,9239
1714003200,1.06946,1.07046,1.06929,1.07034,3661
1714017600,1.07034,1.07099,1.06968,1.07091,5339
1714032000,1.07092,1.07287,1.07076,1.07256,11760
1714046400,1.0725500000000001,1.07397,1.06853,1.0692,14912
1714060800,1.06923,1.0735,1.06782,1.0731,24643
1714075200,1.07312,1.07387,1.07228,1.07303,9324
1714089600,1.07289,1.07302,1.07226,1.07274,2897
1714104000,1.07274,1.07293,1.07184,1.07224,5534
1714118400,1.07224,1.07528,1.07214,1.07409,14969
1714132800,1.07408,1.07433,1.07101,1.07163,17802
1714147200,1.07164,1.07237,1.0674,1.06944,22042
1714161600,1.06945,1.07071,1.06909,1.0694,6469
1714348800,1.06918,1.07112,1.06905,1.07097,4170
1714363200,1.07098,1.07334,1.07075,1.07287,11563
1714377600,1.07287,1.07336,1.0701,1.07045,21037
1714392000,1.07046,1.07271,1.06972,1.07033,12441
1714406400,1.07032,1.07289,1.06901,1.07259,14062
1714420800,1.07261,1.07296,1.07149,1.072,8063
1714435200,1.07213,1.07226,1.07101,1.0715,3492
1714449600,1.07149,1.07177,1.07022,1.07056,4746
1714464000,1.07057,1.07122,1.06898,1.07109,11227
1714478400,1.07116,1.07354,1.06891,1.07001,16017
1714492800,1.07002,1.07196,1.06759,1.06788,22547
1714507200,1.06789,1.0683,1.06662,1.06669,7575
1714521600,1.06659,1.06727,1.0658,1.06616,3780
1714536000,1.06617,1.06632,1.06548,1.06558,3752
1714550400,1.06556,1.06705,1.06493,1.06693,6076
1714564800,1.06694,1.06847,1.06666,1.06842,9576
1714579200,1.06841,1.06913,1.06705,1.0671599999999999,14623
1714593600,1.06718,1.07326,1.06707,1.07176,27594
1714608000,1.07121,1.07216,1.07062,1.07116,6007
1714622400,1.07115,1.07209,1.07068,1.07175,6073
1714636800,1.07176,1.07281,1.06998,1.07041,13912
1714651200,1.07042,1.0712,1.06933,1.0701100000000001,13690
1714665600,1.07014,1.07215,1.06742,1.07165,20754
1714680000,1.07166,1.07302,1.07139,1.07257,9037
1714694400,1.07226,1.0731600000000001,1.0722,1.07313,4346
1714708800,1.07315,1.07394,1.07308,1.07322,5378
1714723200,1.07321,1.07442,1.07243,1.07425,11432
1714737600,1.07426,1.08121,1.07387,1.07935,15667
1714752000,1.07935,1.07982,1.07515,1.07634,28374
1714766400,1.07634,1.07693,1.0759,1.07634,5940
1714953600,1.07631,1.07689,1.0755,1.07674,3454
1714968000,1.07674,1.07715,1.0762,1.07627,5992
1714982400,1.07626,1.07761,1.07576,1.07684,9093
1714996800,1.07682,1.07907,1.0766,1.07873,9104
1715011200,1.07874,1.07889,1.07712,1.07742,10319
1715025600,1.07741,1.07766,1.07661,1.07697,5062
1715040000,1.0766,1.0776,1.07658,1.07751,3135
1715054400,1.0775,1.07769,1.07606,1.07658,5860
1715068800,1.07658,1.07695,1.0754,1.07638,10328
1715083200,1.07638,1.07791,1.07551,1.07755,10175
1715097600,1.07756,1.07874,1.07661,1.07703,12663
1715112000,1.07704,1.07706,1.07479,1.07548,7050
1715126400,1.07529,1.0756000000000001,1.07469,1.07479,3149
1715140800,1.07479,1.07487,1.0738,1.07413,4911
1715155200,1.07413,1.07491,1.0735,1.07442,8488
1715169600,1.07442,1.07539,1.07398,1.07488,9807
1715184000,1.07489,1.07575,1.07442,1.07458,11268
1715198400,1.07459,1.07469,1.07408,1.07469,5077
1715212800,1.07459,1.07506,1.07424,1.07432,2810
1715227200,1.07431,1.07516,1.07422,1.07452,4475
1715241600,1.07453,1.07464,1.07261,1.07282,7480
1715256000,1.07282,1.07623,1.07239,1.07593,13303
1715270400,1.07593,1.07817,1.07505,1.07758,13510
1715284800,1.07757,1.07844,1.07737,1.07823,5631
1715299200,1.07808,1.07859,1.07764,1.07792,3047
1715313600,1.07793,1.07826,1.07732,1.0774,4720
1715328000,1.07739,1.07867,1.07715,1.07807,10167
1715342400,1.07811,1.07861,1.07662,1.077,10447
1715356800,1.07701,1.07901,1.07603,1.07759,14695
1715371200,1.07759,1.07774,1.07685,1.07697,5021
1715558400,1.07699,1.07752,1.0763,1.07691,3918
1715572800,1.07693,1.07732,1.07657,1.07696,4925
1715587200,1.07695,1.07845,1.07688,1.07837,7702
1715601600,1.07837,1.07997,1.07772,1.07982,9981
1715616000,1.07982,1.08069,1.07894,1.07934,12697
1715630400,1.07934,1.07941,1.07867,1.07898,5483
1715644800,1.07877,1.07936,1.07853,1.07876,2623
1715659200,1.07876,1.07897,1.07843,1.07854,4695
1715673600,1.07854,1.07894,1.07752,1.07836,8911
1715688000,1.07837,1.08106,1.07669,1.08032,13482
1715702400,1.08031,1.08256,1.08006,1.08169,15272
1715716800,1.08168,1.0823,1.08155,1.08195,4237
1715731200,1.08183,1.08199,1.08131,1.0817,3058
1715745600,1.08169,1.08276,1.08164,1.08215,3655
1715760000,1.08214,1.08346,1.08211,1.08297,8676
1715774400,1.08298,1.08693,1.08218,1.08612,14311
1715788800,1.08612,1.08746,1.08316,1.0872,20134
1715803200,1.08721,1.0886,1.08716,1.0884,6243
1715817600,1.08847,1.08951,1.0878,1.08937,4598
1715832000,1.08937,1.08939,1.08813,1.08846,5996
1715846400,1.08847,1.0885,1.08663,1.08733,9271
1715860800,1.08733,1.08749,1.08606,1.08632,10585
1715875200,1.08632,1.08758,1.0854300000000001,1.08733,12891
1715889600,1.08733,1.08755,1.08647,1.0867,5022
1715904000,1.08634,1.08692,1.08598,1.08628,3354
1715918400,1.08628,1.08636,1.0854300000000001,1.08561,4135
1715932800,1.08562,1.08683,1.08416,1.08443,8470
1715947200,1.08442,1.08467,1.08356,1.08429,7897
1715961600,1.0843,1.08784,1.0843,1.08686,12195
1715976000,1.08685,1.08767,1.08682,1.08702,4592
1716163200,1.08656,1.08772,1.08623,1.0875,2709
1716177600,1.08751,1.08823,1.08715,1.08808,4404
1716192000,1.08808,1.08845,1.08692,1.08745,7643
1716206400,1.08746,1.0875,1.0854300000000001,1.08575,8878
1716220800,1.08574,1.08698,1.08574,1.08658,10305
1716235200,1.08657,1.08706,1.08568,1.08573,4421
1716249600,1.08561,1.08619,1.08559,1.0861399999999999,2633
1716264000,1.08613,1.08615,1.08509,1.08587,4996
1716278400,1.08587,1.08695,1.08565,1.08667,8921
1716292800,1.08666,1.08747,1.08547,1.08571,9808
1716307200,1.08569,1.08617,1.08426,1.08538,17065
1716321600,1.08538,1.08565,1.08463,1.08541,4771
1716336000,1.08546,1.08598,1.08528,1.08575,3083
1716350400,1.08574,1.08635,1.08527,1.08535,4864
1716364800,1.08535,1.08635,1.08462,1.08486,9670
1716379200,1.08485,1.08498,1.08218,1.08319,11216
1716393600,1.08319,1.08443,1.08316,1.08423,13537
1716408000,1.08424,1.0847,1.08174,1.08219,9973
1716422400,1.0822,1.08288,1.08213,1.08255,3139
1716436800,1.08254,1.08323,1.08219,1.08266,4753
1716451200,1.0826500000000001,1.08448,1.08124,1.08386,12341
1716465600,1.0838700000000001,1.08544,1.08336,1.08526,11570
1716480000,1.08527,1.08609,1.08179,1.08183,20877
1716494400,1.08183,1.08201,1.08047,1.0814300000000001,8911
1716508800,1.08125,1.0815,1.08074,1.08101,3882
1716523200,1.08101,1.08138,1.08054,1.08092,4748
1716537600,1.08091,1.08283,1.08075,1.08247,8705
1716552000,1.08246,1.08537,1.08235,1.08512,9977
1716566400,1.08512,1.08578,1.08415,1.08471,13241
1716580800,1.0847,1.08533,1.08458,1.08461,5216
1716768000,1.08458,1.08514,1.08416,1.08486,2731
1716782400,1.08486,1.08521,1.08472,1.08484,3401
1716796800,1.08484,1.08535,1.08442,1.08493,5814
1716811200,1.08494,1.08674,1.08407,1.0849,8472
1716825600,1.0849,1.08619,1.08444,1.08598,7485
1716840000,1.08598,1.08608,1.08571,1.08591,1361
1716854400,1.08573,1.08683,1.08523,1.0865,4507
1716868800,1.0865,1.088,1.08642,1.08761,5869
1716883200,1.0876,1.088,1.0867,1.087,8414
1716897600,1.087,1.0889,1.08671,1.08765,9554
1716912000,1.08764,1.08802,1.08578,1.08747,14508
1716926400,1.08746,1.08757,1.0855,1.08563,8062
1716940800,1.0856,1.08597,1.08476,1.08512,3848
1716955200,1.08512,1.0857,1.08439,1.08477,4586
1716969600,1.08478,1.08587,1.08291,1.08371,11013
1716984000,1.08372,1.08584,1.08353,1.08462,11731
1716998400,1.08463,1.08468,1.08074,1.08153,17598
1717012800,1.08153,1.08159,1.07999,1.08008,8064
1717027200,1.08017,1.0804,1.07953,1.07964,3365
1717041600,1.07964,1.08045,1.0792,1.07959,6000
1717056000,1.07958,1.08185,1.07882,1.0815,12393
1717070400,1.08149,1.08327,1.08084,1.0829,13443
1717084800,1.0829,1.08451,1.08253,1.08399,16895
1717099200,1.08399,1.08432,1.08268,1.08323,6726
1717113600,1.08288,1.0834,1.08288,1.08321,4083
1717128000,1.08321,1.08335,1.08111,1.08183,6912
1717142400,1.08182,1.08384,1.08145,1.08341,10707
1717156800,1.08341,1.08823,1.08335,1.08801,14975
1717171200,1.08801,1.08808,1.08397,1.08473,21204
1717185600,1.08473,1.08527,1.08406,1.08496,7767
1717372800,1.08464,1.08576,1.0844,1.08564,4163
1717387200,1.08563,1.08587,1.08491,1.08518,5142
1717401600,1.08518,1.08586,1.08334,1.08401,11481
1717416000,1.08401,1.08499,1.08277,1.08442,12772
1717430400,1.08443,1.08905,1.08443,1.08851,19253
1717444800,1.08851,1.0903,1.08813,1.09025,7606
1717459200,1.09024,1.0916,1.09003,1.09128,4252
1717473600,1.09128,1.09137,1.09052,1.09093,5086
1717488000,1.0909200000000001,1.09107,1.08739,1.08809,13418
1717502400,1.08808,1.0882,1.08588,1.08645,15521
1717516800,1.08646,1.08835,1.0862,1.08802,19638
1717531200,1.08802,1.08877,1.0878,1.0878700000000001,8759
1717545600,1.08805,1.08862,1.08773,1.08842,3365
1717560000,1.08841,1.08861,1.08766,1.08806,5117
1717574400,1.08807,1.08823,1.087,1.08758,9948
1717588800,1.08755,1.08842,1.08599,1.08839,11423
1717603200,1.08838,1.08915,1.08544,1.08644,19957
1717617600,1.08645,1.08773,1.08605,1.08692,6259
1717632000,1.08704,1.08824,1.08676,1.0882,3375
1717646400,1.08819,1.08958,1.08819,1.08871,6539
1717660800,1.08871,1.08882,1.08711,1.08772,9601
1717675200,1.08772,1.09018,1.08619,1.08816,13519
1717689600,1.08815,1.08912,1.08718,1.08819,16540
1717704000,1.08818,1.08943,1.08809,1.08895,6883
1717718400,1.08904,1.08932,1.08867,1.08895,3289
1717732800,1.08895,1.08979,1.08871,1.0895299999999999,5819
1717747200,1.0895299999999999,1.08984,1.0883099999999999,1.0889,11071
1717761600,1.0889,1.09018,1.08239,1.08332,16992
1717776000,1.08331,1.08357,1.08032,1.08051,21583
1717790400,1.08051,1.08071,1.07996,1.0802,8723
1717977600,1.07685,1.07817,1.07637,1.07778,6302
1717992000,1.07779,1.07799,1.0748,1.0754299999999999,5717
1718006400,1.0754299999999999,1.07681,1.07478,1.07567,13985
1718020800,1.07566,1.07603,1.07328,1.07412,12713
1718035200,1.07411,1.07588,1.0733,1.07539,13885
1718049600,1.07539,1.07656,1.07502,1.07649,7172
1718064000,1.07633,1.07681,1.07561,1.07636,3801
1718078400,1.07637,1.07705,1.07623,1.07684,5872
1718092800,1.07683,1.07734,1.07434,1.07452,11503
1718107200,1.0745,1.07564,1.07236,1.07322,17045
1718121600,1.07321,1.07389,1.0719400000000001,1.07373,15020
1718136000,1.07373,1.07494,1.07366,1.07402,6857
1718150400,1.07383,1.07429,1.07348,1.0735999999999999,3484
1718164800,1.07361,1.07432,1.07345,1.07366,4870
1718179200,1.07366,1.07539,1.07355,1.07465,9089
1718193600,1.07465,1.083,1.0744,1.0826500000000001,9178
1718208000,1.0826500000000001,1.08522,1.08175,1.0844,12393
1718222400,1.08439,1.08457,1.08036,1.08096,14090
1718236800,1.08075,1.08156,1.08062,1.08128,2890
1718251200,1.08128,1.08157,1.0803,1.08038,4061
1718265600,1.08038,1.08164,1.08004,1.08061,7048
1718280000,1.08061,1.08161,1.07805,1.07933,9654
1718294400,1.07937,1.08076,1.07328,1.07351,12641
1718308800,1.07352,1.0744,1.07351,1.07387,4931
1718323200,1.07372,1.07409,1.07351,1.07364,2498
1718337600,1.07363,1.0745,1.0735,1.07363,4238
1718352000,1.07363,1.07373,1.06898,1.06919,9768
1718366400,1.06919,1.07058,1.0671599999999999,1.06891,12965
1718380800,1.06893,1.07018,1.06676,1.07004,11624
1718395200,1.07005,1.07075,1.06945,1.07058,4458
1718582400,1.07029,1.07091,1.06998,1.07039,3242
1718596800,1.07039,1.07055,1.06988,1.07042,3822
1718611200,1.0704,1.07122,1.06863,1.07071,9870
1718625600,1.07074,1.07177,1.0702,1.07137,8288
1718640000,1.07137,1.07278,1.07117,1.07252,9053
1718654400,1.07252,1.07378,1.07233,1.0734,4288
1718668800,1.07326,1.07411,1.07305,1.07361,2466
1718683200,1.07363,1.07367,1.07202,1.07215,4143
1718697600,1.07214,1.07352,1.07148,1.07193,7697
1718712000,1.07193,1.0734,1.07099,1.07312,8883
1718726400,1.07311,1.07614,1.073,1.07393,10671
1718740800,1.07394,1.07433,1.0732,1.07392,5232
1718755200,1.0738,1.07411,1.07364,1.07374,1908
1718769600,1.07373,1.07424,1.07352,1.07359,2907
1718784000,1.07358,1.07417,1.07247,1.07403,7587
1718798400,1.07402,1.07533,1.07325,1.07458,7404
1718812800,1.07464,1.07508,1.07409,1.07472,4223
1718827200,1.07471,1.07472,1.07425,1.07443,844
1718841600,1.0743800000000001,1.07488,1.07427,1.07461,2007
1718856000,1.07461,1.0748,1.07389,1.07426,3423
1718870400,1.07426,1.07433,1.07125,1.07169,6801
1718884800,1.07172,1.07321,1.07128,1.0719,8868
1718899200,1.07189,1.07306,1.07033,1.07071,9636
1718913600,1.07071,1.07178,1.07018,1.07023,5203
1718928000,1.07017,1.07076,1.07012,1.07065,2185
1718942400,1.07065,1.07185,1.0705,1.07184,3537
1718956800,1.07184,1.07206,1.06709,1.06909,8887
1718971200,1.06907,1.0698,1.06765,1.06947,8146
1718985600,1.06947,1.06976,1.06779,1.06921,10484
1719000000,1.06917,1.06968,1.06906,1.06929,4103
1719187200,1.06892,1.06956,1.06848,1.06918,2394
1719201600,1.06918,1.06946,1.06836,1.06946,4034
1719216000,1.06947,1.07178,1.06946,1.07135,6773
1719230400,1.0713300000000001,1.07358,1.07131,1.07346,8849
1719244800,1.07346,1.07463,1.07233,1.07278,10286
1719259200,1.07277,1.07383,1.07218,1.07348,5548
1719273600,1.07319,1.07356,1.07307,1.0734,2465
1719288000,1.07339,1.074,1.07322,1.07394,4520
1719302400,1.07395,1.07442,1.07209,1.07342,8210
1719316800,1.07337,1.07353,1.0702099999999999,1.0705,9013
1719331200,1.07051,1.07131,1.06906,1.07046,10001
1719345600,1.07046,1.07176,1.07044,1.07131,4640
1719360000,1.07086,1.07151,1.07062,1.07114,2747
1719374400,1.07114,1.07179,1.07074,1.07104,5001
1719388800,1.07104,1.07113,1.06852,1.06949,8081
1719403200,1.06948,1.06995,1.06769,1.0677,9793
1719417600,1.06766,1.06957,1.06659,1.0682,13480
1719432000,1.0682,1.06908,1.0675,1.06793,5446
1719446400,1.06796,1.06821,1.0677,1.06781,3063
1719460800,1.06782,1.06948,1.0677699999999999,1.06942,4354
1719475200,1.06942,1.06991,1.06805,1.06879,10506
1719489600,1.0688,1.0722,1.06873,1.0719400000000001,14719
1719504000,1.07195,1.07264,1.07002,1.07066,16107
1719518400,1.07066,1.07084,1.07013,1.07033,6761
1719532800,1.07041,1.07109,1.06974,1.06976,3785
1719547200,1.06975,1.0699,1.06853,1.06866,7943
1719561600,1.06867,1.0704,1.0686,1.06978,10923
1719576000,1.06978,1.0719400000000001,1.06919,1.07048,14108
1719590400,1.07046,1.07221,1.06924,1.07159,22856
1719604800,1.07159,1.07247,1.0706,1.0713,8627
1719792000,1.07418,1.07496,1.07325,1.07457,6254
1719806400,1.07456,1.07613,1.07428,1.07549,9451
1719820800,1.07549,1.07764,1.07494,1.07684,14497
1719835200,1.07683,1.07686,1.07397,1.0748199999999999,12425
1719849600,1.07485,1.07697,1.07195,1.07314,19224
1719864000,1.07314,1.07426,1.07241,1.07397,6711
1719878400,1.07371,1.0741,1.0733,1.07347,4196
1719892800,1.07348,1.07364,1.07282,1.07295,5224
1719907200,1.07295,1.07358,1.07119,1.07208,12307
1719921600,1.07208,1.07335,1.07098,1.0731600000000001,11751
1719936000,1.0731600000000001,1.07467,1.0724,1.0732,19542
1719950400,1.0732,1.07473,1.0731600000000001,1.07455,5634
1719964800,1.07437,1.07545,1.07431,1.0748,3914
1719979200,1.07479,1.07479,1.07403,1.07424,4612
1719993600,1.07424,1.07636,1.07361,1.07581,10961
1720008000,1.0758,1.07784,1.07525,1.07745,12082
1720022400,1.07745,1.08167,1.07719,1.07957,20022
1720036800,1.07959,1.07959,1.0778,1.07885,4943
1720051200,1.07828,1.07938,1.07826,1.07925,3306
1720065600,1.07925,1.0795,1.07835,1.07865,4404
1720080000,1.07863,1.08031,1.0784799999999999,1.08018,10222
1720094400,1.08017,1.0803,1.07939,1.0796999999999999,8940
1720108800,1.0796999999999999,1.08137,1.07947,1.08121,7548
1720123200,1.0812,1.08136,1.08106,1.08115,1540
1720137600,1.08116,1.0818,1.08092,1.08147,3512
1720152000,1.08147,1.08244,1.08139,1.08219,5511
1720166400,1.0822,1.08305,1.08164,1.08281,9070
1720180800,1.0828,1.08421,1.07974,1.08296,14282
1720195200,1.08295,1.08342,1.08105,1.08256,20496
1720209600,1.08255,1.08427,1.0824799999999999,1.08391,5888
1720396800,1.0804,1.0833,1.0804,1.08216,5703
1720411200,1.08215,1.08363,1.082,1.08286,6046
1720425600,1.08287,1.08429,1.08146,1.08384,13762
1720440000,1.08383,1.08445,1.08235,1.08436,12508
1720454400,1.08437,1.0845,1.08284,1.08324,12862
1720468800,1.08323,1.08335,1.08223,1.08233,4975
1720483200,1.08242,1.08333,1.08239,1.0827,3036
1720497600,1.0827,1.08313,1.08191,1.08294,5233
1720512000,1.08295,1.08307,1.08151,1.08224,9693
1720526400,1.08224,1.08284,1.0812,1.08156,10808
1720540800,1.08157,1.08281,1.08053,1.081,18611
1720555200,1.081,1.08165,1.08064,1.08146,6750
1720569600,1.08135,1.08167,1.08112,1.08121,2893
1720584000,1.08122,1.08211,1.08108,1.08184,4960
1720598400,1.08185,1.08249,1.08118,1.08154,9539
1720612800,1.08153,1.08282,1.08133,1.0827,10410
1720627200,1.08269,1.08288,1.08198,1.08269,14099
1720641600,1.08269,1.08297,1.08173,1.08291,5817
1720656000,1.08276,1.08367,1.08261,1.08351,3066
1720670400,1.0835,1.08401,1.08324,1.08363,4264
1720684800,1.08364,1.08479,1.08321,1.08473,9113
1720699200,1.08472,1.08998,1.0843099999999999,1.08867,15681
1720713600,1.08869,1.08989,1.0864,1.08668,27352
1720728000,1.08669,1.087,1.08597,1.08672,9084
1720742400,1.08656,1.08745,1.0864,1.08698,7388
1720756800,1.08698,1.08722,1.08634,1.08697,5922
1720771200,1.08699,1.08871,1.08617,1.08867,10876
1720785600,1.08867,1.08928,1.08739,1.08904,15259
1720800000,1.08905,1.09109,1.08868,1.09046,20145
1720814400,1.09046,1.09113,1.09009,1.09048,6610
1721001600,1.0884,1.08935,1.08832,1.08883,6292
1721016000,1.08883,1.08956,1.08859,1.08936,5394
1721030400,1.08936,1.09093,1.08838,1.09082,10879
1721044800,1.09083,1.09203,1.09021,1.09073,13656
1721059200,1.09073,1.09223,1.09,1.09062,16196
1721073600,1.09063,1.09064,1.08931,1.08952,10388
1721088000,1.08913,1.08985,1.08908,1.08913,3949
1721102400,1.08914,1.08944,1.08886,1.08922,5249
1721116800,1.08923,1.09027,1.08835,1.09003,11289
1721131200,1.09003,1.09054,1.08756,1.08806,14981
1721145600,1.0881,1.08891,1.08715,1.08888,15993
1721160000,1.08888,1.09028,1.08877,1.0899,6836
1721174400,1.08993,1.09029,1.08958,1.08975,3937
1721188800,1.08975,1.09069,1.08955,1.09029,5220
1721203200,1.09029,1.09438,1.0895,1.09419,15719
1721217600,1.09419,1.0945,1.09289,1.09424,15674
1721232000,1.09424,1.0948,1.09236,1.09296,18490
1721246400,1.09296,1.09402,1.09282,1.09396,7842
1721260800,1.0939,1.09411,1.09365,1.0937000000000001,4681
1721275200,1.0937000000000001,1.0939,1.09316,1.09335,7500
1721289600,1.09335,1.09387,1.0926,1.09306,13322
1721304000,1.09306,1.09369,1.09237,1.09284,12507
1721318400,1.09285,1.0929,1.09049,1.09159,19911
1721332800,1.09159,1.09165,1.08936,1.08957,10220
1721347200,1.08975,1.09018,1.08908,1.0892,4968
1721361600,1.08921,1.08947,1.08861,1.0887,6531
1721376000,1.0887,1.08907,1.0876,1.0879,14095
1721390400,1.0879,1.0894,1.08774,1.08889,13200
1721404800,1.08888,1.08911,1.08792,1.08849,15349
1721419200,1.0885,1.08853,1.08756,1.08818,7823
1721606400,1.08832,1.09028,1.0882,1.08938,6063
1721620800,1.08938,1.08952,1.08845,1.08875,6308
1721635200,1.08874,1.08926,1.0878700000000001,1.0888,13241
1721649600,1.08881,1.08954,1.08749,1.08782,12234
1721664000,1.08781,1.08868,1.08731,1.08862,14663
1721678400,1.08863,1.08918,1.08858,1.08906,6237
1721692800,1.08871,1.08925,1.08869,1.08897,4369
1721707200,1.08896,1.08967,1.08874,1.08908,6255
1721721600,1.08908,1.08912,1.08679,1.08777,11709
1721736000,1.08779,1.08782,1.08548,1.08559,13275
1721750400,1.08559,1.08579,1.08438,1.08533,13612
1721764800,1.08532,1.08566,1.0849199999999999,1.08556,7337
1721779200,1.08535,1.08544,1.08457,1.08467,3787
1721793600,1.08467,1.08502,1.08416,1.08469,7735
1721808000,1.08469,1.08537,1.08256,1.08349,14060
1721822400,1.08349,1.08593,1.08323,1.08581,12361
1721836800,1.08583,1.0866500000000001,1.08474,1.0851,18984
1721851200,1.08511,1.08551,1.08358,1.0839,8788
1721865600,1.08396,1.0842,1.08349,1.08396,5304
1721880000,1.08396,1.0844,1.08362,1.084,9239
1721894400,1.084,1.08576,1.08282,1.0846,17646
1721908800,1.08458,1.08589,1.08361,1.08498,18240
1721923200,1.08497,1.08647,1.08302,1.08621,23225
1721937600,1.08622,1.08699,1.08434,1.08454,11356
1721952000,1.08451,1.08555,1.08436,1.08539,4460
1721966400,1.08538,1.08606,1.08519,1.08583,6415
1721980800,1.08583,1.08606,1.08421,1.08514,11012
1721995200,1.08514,1.08655,1.08491,1.08606,12476
1722009600,1.08607,1.08682,1.08515,1.08652,16475
1722024000,1.08652,1.08654,1.08552,1.08552,8022
1722211200,1.08567,1.08666,1.08507,1.08635,5411
1722225600,1.08634,1.08699,1.08582,1.0859,6939
1722240000,1.08589,1.08631,1.08317,1.08322,13361
1722254400,1.08321,1.0842,1.08149,1.0816,11965
1722268800,1.0816,1.08238,1.08027,1.08214,13921
1722283200,1.08214,1.08259,1.08193,1.08217,6905
1722297600,1.08193,1.08237,1.08154,1.0817,3682
1722312000,1.08169,1.08251,1.0814300000000001,1.0824,5607
1722326400,1.08239,1.08346,1.0816,1.08286,12167
1722340800,1.08286,1.08358,1.08015,1.08019,11538
1722355200,1.08018,1.08166,1.07981,1.08138,19073
1722369600,1.08138,1.08175,1.08084,1.08147,8969
1722384000,1.08138,1.082,1.08123,1.08199,5292
1722398400,1.08199,1.08303,1.08163,1.08255,10945
1722412800,1.08256,1.08275,1.08064,1.08228,18026
1722427200,1.08227,1.08478,1.0822,1.08409,14404
1722441600,1.08408,1.08494,1.08042,1.08093,19673
1722456000,1.08092,1.0833,1.0802,1.0826,19819
1722470400,1.08244,1.0831,1.08217,1.08276,4982
1722484800,1.08275,1.08353,1.08242,1.08267,10033
1722499200,1.08268,1.08298,1.07814,1.07842,16603
1722513600,1.07843,1.08084,1.07775,1.07965,17207
1722528000,1.07965,1.08182,1.07802,1.07862,25886
1722542400,1.07862,1.07955,1.07825,1.07896,13479
1722556800,1.07891,1.07934,1.07817,1.0790899999999999,7166
1722571200,1.0791,1.07987,1.07845,1.07975,8746
1722585600,1.07976,1.08152,1.07861,1.08146,18862
1722600000,1.08145,1.0897000000000001,1.08145,1.0891,21155
1722614400,1.0891,1.09265,1.08844,1.0912,33301
1722628800,1.0912,1.09167,1.09071,1.09108,14672
1722816000,1.0919699999999999,1.09226,1.09028,1.09167,13544
1722830400,1.09166,1.09398,1.09119,1.09325,20751
1722844800,1.09325,1.09751,1.08927,1.09509,39437
1722859200,1.09512,1.10089,1.09328,1.09911,30501
1722873600,1.09911,1.10032,1.09476,1.09598,42743
1722888000,1.09598,1.09644,1.09473,1.09501,18944
1722902400,1.09481,1.09631,1.09437,1.09627,12448
1722916800,1.09628,1.0963,1.09496,1.0952,15812
1722931200,1.09519,1.0955,1.09185,1.09277,27389
1722945600,1.09276,1.09276,1.09036,1.09051,23247
1722960000,1.09051,1.09348,1.09051,1.09277,27605
1722974400,1.09276,1.09337,1.09226,1.09279,15711
1722988800,1.09261,1.09317,1.09231,1.09296,8941
1723003200,1.09295,1.09303,1.09109,1.09115,15269
1723017600,1.09113,1.0928,1.09054,1.09187,20403
1723032000,1.09187,1.09266,1.09084,1.09218,16803
1723046400,1.09218,1.09365,1.09125,1.09222,18475
1723060800,1.09221,1.09271,1.09175,1.09219,14968
1723075200,1.09194,1.0934,1.0919,1.0928,8352
1723089600,1.09281,1.09377,1.09235,1.09315,11963
1723104000,1.09318,1.09451,1.09298,1.0937000000000001,16941
1723118400,1.0937000000000001,1.09395,1.08915,1.08976,16623
1723132800,1.0898,1.09146,1.08815,1.09087,22088
1723147200,1.09088,1.09191,1.09073,1.09183,10934
1723161600,1.09159,1.09196,1.09115,1.0913,5830
1723176000,1.09129,1.09244,1.09118,1.09201,8275
1723190400,1.092,1.09291,1.09129,1.09176,13264
1723204800,1.09175,1.09259,1.0909,1.09117,12500
1723219200,1.09117,1.09313,1.09096,1.09187,14015
1723233600,1.09187,1.09236,1.09146,1.09157,8702
1723420800,1.09142,1.0919699999999999,1.09101,1.09182,3740
1723435200,1.09182,1.09231,1.09127,1.09189,4854
1723449600,1.0919,1.09285,1.09157,1.09207,10176
1723464000,1.09206,1.09298,1.09175,1.092,8896
1723478400,1.09201,1.09393,1.0915,1.09228,16436
1723492800,1.09227,1.09349,1.09221,1.09307,8333
1723507200,1.09292,1.09365,1.09292,1.09299,4385
1723521600,1.09299,1.09394,1.09292,1.09393,4986
1723536000,1.09393,1.0941,1.09205,1.09234,10693
1723550400,1.09234,1.09465,1.09137,1.09408,12983
1723564800,1.09408,1.0974,1.0937999999999999,1.09723,17932
1723579200,1.09724,1.09995,1.09696,1.09936,11354
1723593600,1.09846,1.09983,1.09821,1.0991900000000001,5761
1723608000,1.09916,1.09965,1.09887,1.09928,7820
1723622400,1.09929,1.102,1.09862,1.10193,11599
1723636800,1.10192,1.10353,1.10039,1.10168,13900
1723651200,1.10167,1.10474,1.10154,1.10183,17018
1723665600,1.10183,1.10185,1.10108,1.10123,7614
1723680000,1.10117,1.10158,1.10091,1.10095,3351
1723694400,1.10095,1.10121,1.10032,1.10118,6227
1723708800,1.10117,1.10154,1.10052,1.10062,8509
1723723200,1.10061,1.10142,1.09518,1.09566,11961
1723737600,1.09565,1.09895,1.09495,1.09779,18710
1723752000,1.09779,1.09799,1.09707,1.09712,7481
1723766400,1.09709,1.0977,1.09708,1.09756,3853
1723780800,1.09758,1.09825,1.09742,1.0982,5857
1723795200,1.09821,1.09897,1.09767,1.09808,9135
1723809600,1.09808,1.0995,1.09787,1.09937,10970
1723824000,1.09937,1.10045,1.09825,1.10037,14151
1723838400,1.10037,1.10295,1.10037,1.1026799999999999,7586
1724025600,1.1025800000000001,1.1036,1.10222,1.10302,5290
1724040000,1.10302,1.10418,1.10275,1.10398,7064
1724054400,1.10399,1.10504,1.10355,1.10372,12677
1724068800,1.10372,1.10444,1.10308,1.10388,11170
1724083200,1.10387,1.1074,1.10302,1.10734,16286
1724097600,1.10732,1.10863,1.10704,1.1085,7334
1724112000,1.10818,1.10875,1.10799,1.10818,4456
1724126400,1.10819,1.10872,1.10749,1.10769,7557
1724140800,1.10769,1.10888,1.10718,1.10797,12926
1724155200,1.10797,1.10986,1.10749,1.10982,12404
1724169600,1.10982,1.11191,1.10925,1.11148,20297
1724184000,1.11149,1.11299,1.11087,1.11291,9244
1724198400,1.11258,1.11327,1.11238,1.11278,5648
1724212800,1.11278,1.11281,1.11165,1.1118999999999999,6939
1724227200,1.1118999999999999,1.11287,1.11102,1.11185,11789
1724241600,1.11185,1.11299,1.11099,1.11248,11294
1724256000,1.1125,1.11482,1.1099,1.11462,25317
1724270400,1.11463,1.1174,1.11455,1.11511,9990
1724284800,1.11461,1.11582,1.11441,1.11475,4304
1724299200,1.11474,1.11491,1.11404,1.11433,5241
1724313600,1.11432,1.11649,1.11273,1.11425,12518
1724328000,1.11426,1.1146,1.11252,1.114,13071
1724342400,1.11402,1.11414,1.10981,1.11104,18603
1724356800,1.11105,1.11133,1.10988,1.1111,7886
1724371200,1.111,1.11224,1.11097,1.11197,4339
1724385600,1.11197,1.11286,1.1118,1.11277,5602
1724400000,1.11278,1.11319,1.11124,1.11228,9926
1724414400,1.11227,1.11272,1.11108,1.11141,10645
1724428800,1.1114,1.1196,1.11054,1.11738,26203
1724443200,1.11738,1.12007,1.1173,1.11932,10065
1724630400,1.11867,1.12016,1.11862,1.11938,6675
1724644800,1.11936,1.12003,1.11816,1.11832,7292
1724659200,1.11832,1.11893,1.11757,1.11804,11269
1724673600,1.11803,1.11827,1.11584,1.11612,13225
1724688000,1.11612,1.11788,1.11499,1.11713,17706
1724702400,1.11712,1.11755,1.11586,1.11611,8122
1724716800,1.11603,1.11669,1.11593,1.11609,3803
1724731200,1.11609,1.11706,1.11596,1.11683,5094
1724745600,1.11683,1.11741,1.11612,1.11665,11131
1724760000,1.11663,1.11787,1.11504,1.11586,13784
1724774400,1.11584,1.11717,1.11525,1.11658,17266
1724788800,1.11658,1.11905,1.11644,1.11846,7655
1724803200,1.1181,1.11853,1.11744,1.11798,3438
1724817600,1.11798,1.11799,1.11582,1.11596,6277
1724832000,1.11595,1.1160700000000001,1.11348,1.11412,13438
1724846400,1.11413,1.11456,1.11049,1.11118,15517
1724860800,1.11118,1.11377,1.11102,1.11148,20247
1724875200,1.11147,1.112,1.11052,1.11197,8998
1724889600,1.11194,1.11324,1.11183,1.11313,3488
1724904000,1.11314,1.1137,1.11272,1.11353,4767
1724918400,1.11354,1.114,1.10718,1.10847,15714
1724932800,1.10847,1.11,1.10727,1.10842,16601
1724947200,1.10842,1.10895,1.10556,1.10816,20656
1724961600,1.10816,1.10853,1.10746,1.10782,10499
1724976000,1.10746,1.10832,1.10746,1.10805,3153
1724990400,1.10805,1.10821,1.10697,1.1074,5460
1725004800,1.1074,1.10951,1.10735,1.10749,11751
1725019200,1.10748,1.10882,1.10577,1.10679,15349
1725033600,1.10687,1.10801,1.10438,1.10495,23511
1725048000,1.10496,1.10567,1.10473,1.10484,9156
1725235200,1.10447,1.10559,1.10419,1.10535,3369
1725249600,1.10535,1.10556,1.10439,1.10484,5253
1725264000,1.1048499999999999,1.10774,1.10453,1.10674,10191
1725278400,1.10675,1.1072899999999999,1.10584,1.10679,10290
1725292800,1.10682,1.10719,1.106,1.10657,7766
1725307200,1.10657,1.10726,1.10657,1.10714,892
1725321600,1.1066799999999999,1.10728,1.10589,1.10605,3554
1725336000,1.10605,1.10703,1.10539,1.10542,6591
1725350400,1.10542,1.10677,1.1048,1.1048499999999999,13294
1725364800,1.1048499999999999,1.10526,1.10331,1.10478,15111
1725379200,1.1048,1.1069,1.10359,1.10392,22265
1725393600,1.10394,1.10443,1.10263,1.10443,8024
1725408000,1.1036,1.10513,1.10357,1.10482,6037
1725422400,1.10482,1.10571,1.10475,1.1056300000000001,6299
1725436800,1.1056300000000001,1.10628,1.10467,1.10517,13062
1725451200,1.10519,1.10586,1.10399,1.10525,11698
1725465600,1.10524,1.1095,1.10499,1.10844,19410
1725480000,1.10842,1.10862,1.10652,1.1082,9055
1725494400,1.10831,1.10865,1.10757,1.10792,4753
1725508800,1.10792,1.10855,1.10746,1.10769,6176
1725523200,1.10768,1.11002,1.10766,1.10991,12343
1725537600,1.1099,1.11197,1.1087,1.10924,15440
1725552000,1.10927,1.11082,1.10762,1.11009,20878
1725566400,1.1101,1.11133,1.10995,1.11109,7558
1725580800,1.11092,1.11147,1.11084,1.11133,3162
1725595200,1.11133,1.11176,1.11092,1.11158,4196
1725609600,1.11159,1.11208,1.11107,1.11173,9962
1725624000,1.11173,1.11554,1.10781,1.11208,16997
1725638400,1.11208,1.1135,1.10655,1.10767,34900
1725652800,1.10768,1.10894,1.10696,1.10861,11355
1725840000,1.10797,1.10911,1.10796,1.10832,6037
1725854400,1.10832,1.1091,1.10745,1.10757,5843
1725868800,1.10757,1.10759,1.10455,1.10476,11544
1725883200,1.10475,1.10589,1.10356,1.10396,11868
1725897600,1.10396,1.10522,1.10339,1.10488,14741
1725912000,1.10488,1.10537,1.10339,1.1035,7047
1725926400,1.10337,1.10396,1.10283,1.10307,3432
1725940800,1.10307,1.10406,1.10305,1.104,3910
1725955200,1.10399,1.10495,1.10335,1.10377,10136
1725969600,1.10377,1.10439,1.10265,1.10298,11082
1725984000,1.10297,1.1035,1.10151,1.10266,15011
1725998400,1.10266,1.10278,1.10185,1.10189,6803
1726012800,1.10193,1.10237,1.10167,1.10201,3211
1726027200,1.10202,1.10471,1.10182,1.10465,8200
1726041600,1.10465,1.10519,1.10366,1.10438,11491
1726056000,1.10438,1.10549,1.10032,1.10162,16173
1726070400,1.10163,1.10263,1.1002,1.10159,23068
1726084800,1.10159,1.10264,1.1014,1.10142,9541
1726099200,1.10123,1.10155,1.10059,1.10068,2860
1726113600,1.10068,1.10169,1.10066,1.10163,4389
1726128000,1.10163,1.10238,1.10054,1.10155,10641
1726142400,1.10156,1.10321,1.10081,1.1025,14859
1726156800,1.10251,1.1048,1.10245,1.10461,19064
1726171200,1.10462,1.1075,1.1042399999999999,1.10731,12032
1726185600,1.10734,1.10874,1.10703,1.10871,4244
1726200000,1.10871,1.10901,1.10793,1.10844,6352
1726214400,1.10844,1.10942,1.1073,1.10927,11211
1726228800,1.10927,1.11009,1.10792,1.10929,14451
1726243200,1.10929,1.11018,1.10768,1.1084,21106
1726257600,1.10839,1.10859,1.10728,1.10744,7563
1726444800,1.10763,1.10924,1.10741,1.10894,4006
1726459200,1.10893,1.11047,1.10866,1.10971,5261
1726473600,1.10971,1.11261,1.10957,1.11227,10530
1726488000,1.11227,1.11327,1.11158,1.11249,12919
1726502400,1.11252,1.11375,1.11165,1.11288,16031
1726516800,1.11289,1.11335,1.11161,1.11327,7642
1726531200,1.11321,1.11321,1.11218,1.1123,3737
1726545600,1.11228,1.11297,1.11217,1.11243,4744
1726560000,1.11243,1.11461,1.11157,1.11443,10910
1726574400,1.11449,1.11449,1.11178,1.11247,15564
1726588800,1.11248,1.11282,1.11115,1.11194,20936
1726603200,1.11194,1.11235,1.11109,1.1113,9997
1726617600,1.11133,1.11286,1.1113,1.1127,3262
1726632000,1.1127,1.11304,1.11199,1.11201,4185
1726646400,1.11199,1.11333,1.11153,1.11297,11169
1726660800,1.11297,1.11399,1.11179,1.11223,10793
1726675200,1.11224,1.11398,1.11081,1.11243,15084
1726689600,1.11242,1.11891,1.10966,1.11178,31109
1726704000,1.11127,1.11239,1.10787,1.10815,7611
1726718400,1.10815,1.11213,1.1068500000000001,1.11201,11794
1726732800,1.11202,1.11691,1.11201,1.11626,17976
1726747200,1.11625,1.11787,1.11256,1.11259,20749
1726761600,1.11258,1.11582,1.11164,1.11555,24501
1726776000,1.11554,1.11679,1.11523,1.11622,10245
1726790400,1.11613,1.11625,1.11572,1.11604,3344
1726804800,1.11604,1.11692,1.11572,1.11649,7505
1726819200,1.1165,1.11819,1.11523,1.11645,16332
1726833600,1.11645,1.11768,1.1154,1.11744,13056
1726848000,1.11743,1.11762,1.1136,1.11738,24708
1726862400,1.11736,1.11742,1.1156,1.11629,11598
1727049600,1.11582,1.11647,1.1156,1.11589,3754
1727064000,1.11587,1.1165,1.11557,1.11635,4673
1727078400,1.11634,1.11672,1.10831,1.10923,16867
1727092800,1.10923,1.11257,1.10921,1.11224,14740
1727107200,1.11224,1.1143399999999999,1.11151,1.11252,21644
1727121600,1.11253,1.11285,1.11097,1.11119,8540
1727136000,1.11115,1.11147,1.11043,1.11057,3825
1727150400,1.11058,1.11178,1.11033,1.11168,7158
1727164800,1.11167,1.11448,1.11042,1.11401,15249
1727179200,1.11401,1.11478,1.11219,1.11409,13455
1727193600,1.11409,1.11635,1.11325,1.11585,20491
1727208000,1.11585,1.11805,1.11547,1.11805,7895
1727222400,1.11796,1.11939,1.11772,1.11932,4363
1727236800,1.11933,1.11988,1.1185100000000001,1.11957,6803
1727251200,1.11957,1.11965,1.11822,1.11848,12734
1727265600,1.11847,1.1207799999999999,1.11781,1.11976,14043
1727280000,1.11977,1.1213899999999999,1.11327,1.11344,21473
1727294400,1.11344,1.11388,1.11214,1.11319,9121
1727308800,1.11309,1.11371,1.11288,1.11365,3770
1727323200,1.11365,1.11453,1.11316,1.11416,5365
1727337600,1.11415,1.1158,1.11256,1.11414,14996
1727352000,1.11414,1.11654,1.11374,1.1151,18463
1727366400,1.11509,1.11892,1.11257,1.11692,25157
1727380800,1.11691,1.11841,1.11684,1.1175,9947
1727395200,1.11762,1.11776,1.1168,1.11692,5715
1727409600,1.1169,1.11732,1.11624,1.11646,7960
1727424000,1.11646,1.1176,1.11249,1.11445,20666
1727438400,1.11444,1.12016,1.11372,1.11997,17936
1727452800,1.11992,1.1203,1.11462,1.11516,23963
1727467200,1.11518,1.11679,1.11504,1.1159,10030
1727654400,1.11566,1.11738,1.11552,1.11709,5332
1727668800,1.11708,1.11726,1.11562,1.1161699999999999,7003
1727683200,1.1161699999999999,1.1209,1.1156,1.12057,14216
1727697600,1.12057,1.12057,1.11831,1.11898,13732
1727712000,1.11899,1.1191200000000001,1.11349,1.11483,22148
1727726400,1.11483,1.11625,1.11137,1.11351,15397
1727740800,1.11298,1.11426,1.1127,1.11322,4630
1727755200,1.11323,1.11433,1.11313,1.11405,5741
1727769600,1.11405,1.11441,1.10979,1.1103,17196
1727784000,1.1103,1.1114600000000001,1.107,1.10712,17706
1727798400,1.1071,1.10867,1.10481,1.10544,27662
1727812800,1.10543,1.10773,1.10458,1.10686,14246
1727827200,1.10652,1.10719,1.10634,1.10655,3959
1727841600,1.10656,1.1074,1.10604,1.1063,7171
1727856000,1.10629,1.10828,1.1054,1.10724,14598
1727870400,1.10725,1.10773,1.1051,1.10536,15383
1727884800,1.10537,1.10656,1.10326,1.10466,19309
1727899200,1.10466,1.10535,1.10367,1.10479,8355
1727913600,1.10468,1.10494,1.10371,1.10391,4456
1727928000,1.1039,1.10407,1.1031900000000001,1.10329,6151
1727942400,1.1033,1.10462,1.10248,1.10377,15998
1727956800,1.10376,1.10467,1.10281,1.10322,16587
1727971200,1.1032,1.10437,1.10082,1.10303,25311
1727985600,1.10303,1.10361,1.10249,1.10285,8773
1728000000,1.10299,1.10395,1.1029,1.10347,3773
1728014400,1.10346,1.10361,1.10252,1.10278,7516
1728028800,1.10277,1.10356,1.1021,1.10254,12457
1728043200,1.10255,1.10367,1.0959,1.09609,16976
1728057600,1.09608,1.09817,1.09513,1.0959699999999999,23160
1728072000,1.0959699999999999,1.09778,1.09576,1.09757,7719
1728259200,1.09652,1.09754,1.09629,1.09699,6111
1728273600,1.09698,1.09777,1.09683,1.09684,7602
1728288000,1.09683,1.09789,1.0958,1.09701,14069
1728302400,1.09701,1.09836,1.09542,1.09772,15851
1728316800,1.09771,1.09848,1.09696,1.09838,18278
1728331200,1.09836,1.09869,1.09657,1.0974,8967
1728345600,1.0974,1.09839,1.097,1.09817,4866
1728360000,1.09817,1.09868,1.09726,1.09854,10411
1728374400,1.09854,1.09971,1.09784,1.09938,14001
1728388800,1.09938,1.09947,1.09715,1.09759,12772
1728403200,1.09759,1.09839,1.09608,1.09756,16416
1728417600,1.09757,1.09801,1.09657,1.098,8444
1728432000,1.09714,1.0981,1.09706,1.09754,3541
1728446400,1.09754,1.09772,1.0962,1.09632,8748
1728460800,1.09633,1.0976,1.0951,1.09577,15198
1728475200,1.09578,1.09707,1.09526,1.09567,11040
1728489600,1.09567,1.09598,1.09394,1.09415,15075
1728504000,1.09414,1.09426,1.09362,1.094,7455
1728518400,1.09379,1.09429,1.09377,1.09405,4273
1728532800,1.09404,1.0946,1.09383,1.09409,6838
1728547200,1.0941,1.09432,1.09282,1.0933,10617
1728561600,1.0933,1.09548,1.0907,1.0944,15892
1728576000,1.09439,1.09497,1.0903,1.0906,24396
1728590400,1.09061,1.09376,1.09,1.09364,10368
1728604800,1.09327,1.09379,1.09302,1.09373,3471
1728619200,1.09374,1.09407,1.09294,1.09356,5191
1728633600,1.09356,1.09538,1.09322,1.09495,8586
1728648000,1.09494,1.0951,1.0926,1.09331,12015
1728662400,1.09329,1.09524,1.0928,1.09448,15093
1728676800,1.09449,1.09474,1.09324,1.09354,5248
1728864000,1.09301,1.09336,1.0915300000000001,1.09214,3995
1728878400,1.09213,1.09292,1.09179,1.09237,5889
1728892800,1.09238,1.09316,1.09223,1.0927,8832
1728907200,1.0927,1.09367,1.09072,1.09094,9830
1728921600,1.09094,1.09273,1.09007,1.09016,13496
1728936000,1.09015,1.09089,1.0888,1.09084,5846
1728950400,1.09057,1.09105,1.0904,1.09073,3552
1728964800,1.09071,1.09088,1.08916,1.08929,5807
1728979200,1.0893,1.09162,1.0884800000000001,1.09104,12185
1728993600,1.09105,1.09151,1.08971,1.091,13007
1729008000,1.091,1.09168,1.08893,1.08894,16134
1729022400,1.08894,1.0892,1.08818,1.0892,8368
1729036800,1.089,1.08933,1.08821,1.08854,3354
1729051200,1.08855,1.08957,1.08842,1.08893,6372
1729065600,1.08893,1.08902,1.08751,1.08832,13037
1729080000,1.08832,1.09015,1.08824,1.08888,11320
1729094400,1.08888,1.08974,1.0866,1.08682,14463
1729108800,1.08682,1.08684,1.08531,1.08622,6914
1729123200,1.08588,1.08699,1.08563,1.08632,4707
1729137600,1.08632,1.0865,1.08512,1.08532,6998
1729152000,1.08532,1.08583,1.08489,1.08517,10102
1729166400,1.08517,1.0873599999999999,1.08333,1.08428,14285
1729180800,1.08429,1.08446,1.08109,1.0824799999999999,20665
1729195200,1.0824799999999999,1.0832,1.08209,1.08305,6503
1729209600,1.08284,1.08332,1.08253,1.08289,3921
1729224000,1.08289,1.08406,1.08274,1.08405,6976
1729238400,1.08405,1.08487,1.08345,1.08379,11347
1729252800,1.08378,1.08601,1.08341,1.08593,11291
1729267200,1.08593,1.08682,1.08511,1.08666,12395
1729281600,1.08666,1.08696,1.0859,1.08674,7367
1729468800,1.08602,1.08719,1.08596,1.08648,4349
1729483200,1.08648,1.08682,1.08583,1.08586,7730
1729497600,1.08586,1.08635,1.08462,1.08552,9568
1729512000,1.08552,1.0859,1.08445,1.08574,9936
1729526400,1.08574,1.0858,1.0817,1.08185,13064
1729540800,1.08185,1.0823,1.08109,1.08131,7518
1729555200,1.08154,1.08183,1.08133,1.08162,4563
1729569600,1.08162,1.08214,1.0815,1.0820400000000001,7346
1729584000,1.08203,1.0838,1.0818,1.08269,10679
1729598400,1.08269,1.08306,1.08111,1.08117,11682
1729612800,1.08116,1.08184,1.08009,1.08076,15481
1729627200,1.08076,1.08088,1.07926,1.07983,6680
1729641600,1.07964,1.08007,1.07921,1.07951,3243
1729656000,1.07952,1.08053,1.07936,1.0802100000000001,8061
1729670400,1.08022,1.08067,1.07792,1.07881,12050
1729684800,1.07881,1.07893,1.07612,1.07743,12578
1729699200,1.07743,1.07862,1.07694,1.07731,14871
1729713600,1.07729,1.07865,1.07671,1.07837,9033
1729728000,1.07822,1.0789900000000001,1.07792,1.07887,4418
1729742400,1.07887,1.07936,1.07812,1.0793,6789
1729756800,1.07931,1.08081,1.07705,1.08032,15612
1729771200,1.08031,1.08052,1.07884,1.07965,13430
1729785600,1.07966,1.08111,1.07949,1.08108,16619
1729800000,1.08107,1.08298,1.08105,1.08281,7522
1729814400,1.08258,1.08286,1.08199,1.08216,3777
1729828800,1.08217,1.08275,1.082,1.0822,6414
1729843200,1.0822,1.08372,1.08136,1.08238,11211
1729857600,1.08238,1.08393,1.08209,1.08385,10060
1729872000,1.08384,1.08386,1.08024,1.08051,14574
1729886400,1.08051,1.08066,1.07929,1.07947,7523
1730073600,1.07913,1.08016,1.07864,1.07942,6822
1730088000,1.07942,1.0796000000000001,1.07821,1.07877,8132
1730102400,1.07877,1.08214,1.0782,1.08192,10629
1730116800,1.08191,1.08261,1.08084,1.08154,11728
1730131200,1.08155,1.08276,1.08135,1.08154,14136
1730145600,1.08154,1.0819,1.08098,1.08127,7222
1730160000,1.08138,1.08194,1.08107,1.08158,3445
1730174400,1.08157,1.08181,1.08061,1.08088,7266
1730188800,1.08089,1.0820400000000001,1.08055,1.08185,9858
1730203200,1.08184,1.08262,1.0772,1.07774,14446
1730217600,1.07774,1.08121,1.07688,1.0799,22949
1730232000,1.07988,1.08182,1.0798,1.08174,10015
1730246400,1.08135,1.08261,1.08129,1.08218,4051
1730260800,1.08218,1.08258,1.0813,1.08167,7865
1730275200,1.08166,1.08446,1.08139,1.08346,9952
1730289600,1.08347,1.08593,1.08077,1.08139,17831
1730304000,1.08139,1.08668,1.08112,1.08611,22769
1730318400,1.08608,1.08713,1.08536,1.08564,9572
1730332800,1.08555,1.08601,1.08529,1.08534,4140
1730347200,1.08533,1.08582,1.0844,1.08478,8242
1730361600,1.08477,1.08635,1.08465,1.08562,12123
1730376000,1.08562,1.08867,1.08541,1.08798,16792
1730390400,1.08797,1.08881,1.08465,1.08581,26048
1730404800,1.08582,1.0885,1.08554,1.08828,11777
1730419200,1.08839,1.08874,1.08804,1.08865,4033
1730433600,1.08865,1.08886,1.0875,1.0877,7442
1730448000,1.08771,1.08779,1.08573,1.08624,9911
1730462400,1.08625,1.09057,1.08524,1.08861,15417
1730476800,1.08862,1.08897,1.08462,1.08525,22811
1730491200,1.08525,1.08528,1.08318,1.08341,9575
1730678400,1.08811,1.08913,1.08698,1.08883,8518
1730692800,1.08883,1.09048,1.08847,1.08989,9911
1730707200,1.0899,1.09021,1.08871,1.08962,13174
1730721600,1.08962,1.09147,1.08935,1.09052,12457
1730736000,1.09053,1.09098,1.08798,1.08887,17470
1730750400,1.08886,1.08891,1.08739,1.08774,8104
1730764800,1.08777,1.08793,1.08725,1.08775,4102
1730779200,1.08777,1.088,1.08743,1.08785,5412
1730793600,1.08785,1.08975,1.08769,1.08916,9764
1730808000,1.08917,1.09016,1.08895,1.08925,9365
1730822400,1.08925,1.09303,1.0889,1.093,17542
1730836800,1.093,1.09364,1.0924,1.0929,9092
1730851200,1.09261,1.0937000000000001,1.08214,1.08364,22691
1730865600,1.08363,1.08392,1.07186,1.07599,36856
1730880000,1.076,1.07813,1.07026,1.07551,31937
1730894400,1.07548,1.07617,1.06824,1.07097,28483
1730908800,1.07097,1.07451,1.06982,1.07271,28591
1730923200,1.07272,1.0758,1.07261,1.07289,15626
1730937600,1.0729899999999999,1.07371,1.07127,1.07176,7498
1730952000,1.07176,1.07477,1.07172,1.0746,8649
1730966400,1.07459,1.07715,1.07408,1.07464,18089
1730980800,1.07464,1.07947,1.07463,1.07922,18939
1730995200,1.07923,1.0824799999999999,1.07812,1.08048,21620
1731009600,1.08049,1.08096,1.07671,1.08018,21080
1731024000,1.08043,1.08053,1.0779,1.0787,6630
1731038400,1.07871,1.07897,1.07765,1.07817,8127
1731052800,1.07819,1.07893,1.07609,1.07791,18911
1731067200,1.07791,1.07973,1.07444,1.0753,18183
1731081600,1.07529,1.07658,1.06868,1.07091,22883
1731096000,1.07091,1.07214,1.06998,1.0718,10499
1731283200,1.07077,1.0728,1.0707200000000001,1.07202,8786
1731297600,1.07201,1.07271,1.07078,1.07175,7232
1731312000,1.07176,1.07221,1.06681,1.06814,15847
1731326400,1.06809,1.06885,1.06364,1.0648,15368
1731340800,1.0648,1.06575,1.06286,1.06491,14387
1731355200,1.0649,1.06577,1.06459,1.06558,6631
1731369600,1.06515,1.06631,1.06476,1.06482,6479
1731384000,1.06482,1.0652,1.06378,1.06399,9071
1731398400,1.06398,1.06398,1.06164,1.0626,16246
1731412800,1.06262,1.06297,1.06062,1.0623,17570
1731427200,1.06229,1.0626,1.05949,1.06067,21877
1731441600,1.06068,1.06267,1.06065,1.06242,10036
1731456000,1.06198,1.06292,1.06109,1.0628,7791
1731470400,1.0628,1.06294,1.06094,1.06129,6739
1731484800,1.0613,1.06298,1.05933,1.06269,13357
1731499200,1.06269,1.06539,1.061,1.06365,19041
1731513600,1.06366,1.0638,1.05557,1.05688,30547
1731528000,1.05688,1.05759,1.05564,1.05639,11162
1731542400,1.05622,1.05686,1.0551,1.0556,7125
1731556800,1.0556,1.05576,1.05339,1.05471,8050
1731571200,1.0547,1.05582,1.05177,1.05204,15776
1731585600,1.05202,1.05451,1.04963,1.05305,22057
1731600000,1.05304,1.05825,1.05296,1.05593,24859
1731614400,1.05594,1.05606,1.0512,1.05289,15743
1731628800,1.05267,1.05415,1.05236,1.05318,7445
1731643200,1.05317,1.05461,1.05317,1.05402,8239
1731657600,1.05401,1.058,1.05336,1.05622,15888
1731672000,1.05622,1.05929,1.05539,1.05585,19206
1731686400,1.05583,1.05633,1.05232,1.05486,27820
1731700800,1.05487,1.05546,1.05163,1.05332,13041
1731888000,1.05301,1.05507,1.05294,1.05421,9293
1731902400,1.0542,1.05464,1.05302,1.05381,8139
1731916800,1.0538,1.05712,1.05363,1.05662,14299
1731931200,1.0566,1.05686,1.05324,1.05678,15767
1731945600,1.05677,1.05924,1.05605,1.05912,17622
1731960000,1.05911,1.06071,1.05871,1.05992,8469
1731974400,1.05975,1.05989,1.05871,1.05931,6833
1731988800,1.0593,1.06009,1.05826,1.05835,8354
1732003200,1.05835,1.05963,1.05233,1.05496,21896
1732017600,1.05495,1.05975,1.05435,1.0576699999999999,20029
1732032000,1.05769,1.06006,1.05655,1.05803,23779
1732046400,1.05802,1.05979,1.0571,1.05961,10001
1732060800,1.05903,1.06097,1.05903,1.06,6533
1732075200,1.06002,1.06033,1.05867,1.0587,5483
1732089600,1.0587,1.05955,1.0553,1.05554,15548
1732104000,1.05554,1.05679,1.05421,1.05566,15823
1732118400,1.05567,1.05569,1.05068,1.0532,20162
1732132800,1.0532,1.05443,1.05254,1.0543,8629
1732147200,1.05408,1.05498,1.05408,1.05457,4695
1732161600,1.05458,1.05549,1.05457,1.05466,5456
1732176000,1.05467,1.05545,1.05139,1.05169,18192
1732190400,1.05171,1.05392,1.05127,1.05329,17119
1732204800,1.0533,1.05446,1.04621,1.04874,26503
1732219200,1.04873,1.04893,1.04717,1.04725,9059
1732233600,1.04727,1.04777,1.04664,1.04716,5776
1732248000,1.04715,1.04783,1.04614,1.04645,6886
1732262400,1.04645,1.04979,1.03334,1.04018,24317
1732276800,1.04019,1.04375,1.0385,1.04295,22307
1732291200,1.04294,1.04347,1.03919,1.0419,24644
1732305600,1.04189,1.04254,1.0408,1.04175,8787
1732492800,1.04755,1.05012,1.04625,1.04778,13387
1732507200,1.04777,1.04893,1.04745,1.04792,9029
1732521600,1.04792,1.0497,1.04488,1.04895,19793
1732536000,1.04893,1.05302,1.0474,1.05285,19595
1732550400,1.05284,1.05302,1.04667,1.04861,23335
1732564800,1.0486,1.05107,1.04857,1.04934,8881
1732579200,1.04908,1.05008,1.0425,1.04541,17008
1732593600,1.0454,1.04905,1.04511,1.04753,9411
1732608000,1.04753,1.05193,1.047,1.05072,19834
1732622400,1.05072,1.05447,1.05002,1.05035,21521
1732636800,1.05035,1.05099,1.04635,1.04704,24122
1732651200,1.04704,1.04901,1.04572,1.04897,12596
1732665600,1.0484,1.04966,1.0484,1.04868,7805
1732680000,1.04866,1.04882,1.04743,1.04768,6383
1732694400,1.04768,1.05403,1.04753,1.05164,19917
1732708800,1.05164,1.05737,1.05104,1.05727,20348
1732723200,1.05728,1.05877,1.0533,1.05763,26118
1732737600,1.05764,1.05787,1.05593,1.05658,9204
1732752000,1.05629,1.05698,1.05474,1.05572,7063
1732766400,1.05574,1.05611,1.05487,1.05499,6761
1732780800,1.05499,1.05564,1.05273,1.05319,18811
1732795200,1.0532,1.05563,1.053,1.0534,14573
1732809600,1.0534,1.05571,1.05314,1.05526,11687
1732824000,1.05526,1.0557,1.05519,1.05549,1535
1732838400,1.0548,1.05749,1.05477,1.05599,9170
1732852800,1.05598,1.05768,1.0559,1.0568,8649
1732867200,1.05679,1.05972,1.05518,1.0558,19529
1732881600,1.05577,1.05733,1.0548,1.05629,20264
1732896000,1.05628,1.05677,1.05414,1.05672,22558
1732910400,1.05675,1.0584500000000001,1.05674,1.05773,13554
1733097600,1.05669,1.057,1.05279,1.05304,11866
1733112000,1.05304,1.0532,1.05152,1.05219,9623
1733126400,1.05218,1.05371,1.04959,1.05136,21570
1733140800,1.05141,1.05384,1.04949,1.05056,20139
1733155200,1.0506,1.05146,1.04606,1.04876,27593
1733169600,1.04877,1.0516,1.04846,1.04977,10700
1733184000,1.04971,1.05015,1.04841,1.04878,7574
1733198400,1.04879,1.04945,1.04808,1.04914,8317
1733212800,1.04915,1.05308,1.04833,1.05204,14731
1733227200,1.05204,1.05298,1.0506199999999999,1.05239,13486
1733241600,1.05244,1.05303,1.04921,1.05284,19407
1733256000,1.05281,1.05349,1.05027,1.05093,8228
1733270400,1.05052,1.05125,1.04971,1.0506,6869
1733284800,1.0506,1.05203,1.04879,1.0515,9451
1733299200,1.05153,1.05291,1.04825,1.05029,14057
1733313600,1.05031,1.05125,1.04792,1.04833,14105
1733328000,1.04835,1.05441,1.04723,1.05373,20512
1733342400,1.05373,1.05389,1.05048,1.05083,10374
1733356800,1.05085,1.05159,1.05073,1.05122,6144
1733371200,1.0512299999999999,1.05289,1.05105,1.05266,6723
1733385600,1.05266,1.05464,1.05213,1.05286,11195
1733400000,1.05279,1.05683,1.05234,1.0567,14744
1733414400,1.05675,1.05895,1.05508,1.05676,18150
1733428800,1.05676,1.05886,1.05568,1.05867,8118
1733443200,1.0587,1.0588,1.05659,1.05686,6632
1733457600,1.05686,1.05803,1.05683,1.05722,7535
1733472000,1.05722,1.05941,1.05675,1.05771,11163
1733486400,1.05773,1.06297,1.05714,1.06044,14988
1733500800,1.06044,1.06071,1.0544,1.05511,20541
1733515200,1.05511,1.05682,1.05423,1.05669,6589
1733702400,1.0557,1.05694,1.0551,1.05519,5969
1733716800,1.05519,1.05564,1.05321,1.05372,7014
1733731200,1.05372,1.05751,1.05364,1.05662,13520
1733745600,1.05664,1.05854,1.05578,1.05761,12580
1733760000,1.05761,1.05943,1.05666,1.05668,13807
1733774400,1.05667,1.05676,1.05471,1.0553,6292
1733788800,1.05541,1.05571,1.05451,1.05529,5657
1733803200,1.0553,1.05626,1.05488,1.05621,8537
1733817600,1.05621,1.05682,1.05232,1.05311,11175
1733832000,1.05309,1.05379,1.05157,1.0523,14438
1733846400,1.05228,1.05312,1.04984,1.05097,18297
1733860800,1.05097,1.05312,1.05086,1.05265,7725
1733875200,1.05268,1.05357,1.0526,1.05346,4647
1733889600,1.05347,1.05393,1.05204,1.0524,6122
1733904000,1.05241,1.05284,1.0488,1.05005,17775
1733918400,1.05004,1.05373,1.0487,1.05241,19660
1733932800,1.05238,1.05291,1.04801,1.04877,24222
1733947200,1.04876,1.05,1.04815,1.04955,10331
1733961600,1.04929,1.05088,1.04905,1.05061,5894
1733976000,1.05061,1.05094,1.05008,1.05064,5606
1733990400,1.05065,1.05309,1.05043,1.051,15620
1734004800,1.051,1.05143,1.04694,1.04847,20384
1734019200,1.04853,1.05211,1.04636,1.05007,28389
1734033600,1.0501,1.05023,1.04642,1.04672,10366
1734048000,1.04678,1.04808,1.04634,1.04652,7325
1734062400,1.04651,1.04667,1.04562,1.04652,6729
1734076800,1.04653,1.0493999999999999,1.04529,1.04872,15045
1734091200,1.04873,1.05242,1.04833,1.05103,18137
1734105600,1.05103,1.05104,1.04822,1.04962,18242
1734120000,1.04963,1.05042,1.04891,1.05035,8410
1734307200,1.04857,1.05213,1.04839,1.05188,7169
1734321600,1.0519,1.0523,1.05097,1.05196,5887
1734336000,1.05194,1.05246,1.0500099999999999,1.05051,15155
1734350400,1.05051,1.05082,1.04832,1.05075,13067
1734364800,1.05077,1.05206,1.04744,1.05111,19429
1734379200,1.05112,1.05225,1.05058,1.05143,7187
1734393600,1.05112,1.05343,1.05077,1.05214,5780
1734408000,1.05214,1.05269,1.05025,1.05047,5782
1734422400,1.05047,1.05092,1.04804,1.04854,14963
1734436800,1.04855,1.05066,1.04791,1.05048,16348
1734451200,1.05047,1.05159,1.04944,1.04997,20021
1734465600,1.04997,1.05042,1.04851,1.04914,8147
1734480000,1.04922,1.05028,1.04912,1.05021,4689
1734494400,1.05022,1.05057,1.04961,1.05023,5714
1734508800,1.05022,1.05127,1.04875,1.04942,12840
1734523200,1.04943,1.05036,1.04826,1.04921,13744
1734537600,1.0492,1.05031,1.0467,1.04753,17203
1734552000,1.04753,1.04923,1.03439,1.03492,28057
1734566400,1.03496,1.038,1.03472,1.0378,11674
1734580800,1.0378,1.03908,1.03724,1.03819,9981
1734595200,1.03819,1.04223,1.03773,1.04124,22682
1734609600,1.04125,1.04158,1.03857,1.0399,22196
1734624000,1.03988,1.04071,1.0354700000000001,1.03615,25132
1734638400,1.03616,1.03772,1.03552,1.03629,12507
1734652800,1.03615,1.03692,1.03587,1.03635,6956
1734667200,1.03634,1.03667,1.03565,1.03663,7310
1734681600,1.03662,1.03985,1.0343,1.03827,18697
1734696000,1.03827,1.0419,1.03795,1.04075,17180
1734710400,1.04075,1.04448,1.0386,1.04285,26506
1734724800,1.04284,1.04474,1.04218,1.04284,11070
1734912000,1.04295,1.04448,1.04267,1.0436,6374
1734926400,1.0436,1.04455,1.04359,1.04402,5093
1734940800,1.04401,1.0442,1.04072,1.04078,11225
1734955200,1.04078,1.04099,1.03856,1.03994,13016
1734969600,1.03998,1.04179,1.03842,1.03974,15973
1734984000,1.03975,1.04143,1.03974,1.04059,6842
1734998400,1.04051,1.04086,1.0398,1.04027,3498
1735012800,1.04027,1.04088,1.03886,1.03969,4807
1735027200,1.03969,1.04055,1.03899,1.03919,6757
1735041600,1.03919,1.04036,1.0389,1.04026,8319
1735056000,1.04025,1.041,1.03835,1.03886,12103
1735070400,1.03884,1.04026,1.03868,1.03919,4696
1735171200,1.04004,1.04047,1.03929,1.03971,6390
1735185600,1.0397,1.04042,1.03967,1.03977,3721
1735200000,1.03977,1.04004,1.03904,1.0399,5674
1735214400,1.0399,1.04057,1.03926,1.04026,5182
1735228800,1.04026,1.04228,1.03951,1.04117,11874
1735243200,1.04116,1.04299,1.04116,1.04223,7634
1735257600,1.04171,1.04251,1.04121,1.04132,6152
1735272000,1.04131,1.0414,1.04067,1.04093,4720
1735286400,1.04093,1.04256,1.0405,1.04169,8532
1735300800,1.04168,1.0444,1.04116,1.04384,9476
1735315200,1.04389,1.04397,1.04144,1.04214,16304
1735329600,1.04213,1.04304,1.04208,1.0424,7410
1735516800,1.04304,1.0434,1.04249,1.04251,3550
1735531200,1.0425200000000001,1.04274,1.04209,1.0425200000000001,2477
1735545600,1.04251,1.04393,1.04093,1.04339,10061
1735560000,1.04338,1.04583,1.03851,1.03881,15097
1735574400,1.03879,1.04089,1.03717,1.03942,21188
1735588800,1.03942,1.04071,1.03936,1.04046,8135
1735603200,1.04003,1.04133,1.03969,1.04119,5165
1735617600,1.04118,1.04148,1.04024,1.04038,4391
1735632000,1.04038,1.04245,1.03996,1.04185,11045
1735646400,1.04185,1.042,1.03835,1.03931,14288
1735660800,1.03932,1.03943,1.03441,1.03485,22350
1735675200,1.03484,1.03647,1.03455,1.03548,8797
1735776000,1.03514,1.03607,1.03442,1.03577,7456
1735790400,1.03578,1.03754,1.03576,1.03638,5258
1735804800,1.03637,1.03724,1.03463,1.03517,13683
1735819200,1.03516,1.03569,1.03113,1.03134,20312
1735833600,1.03134,1.03238,1.02241,1.0265,26869
1735848000,1.02653,1.02682,1.02478,1.02666,8574
1735862400,1.02548,1.02735,1.02548,1.02675,6630
1735876800,1.02675,1.02747,1.02645,1.02717,4946
1735891200,1.02716,1.03,1.02687,1.02902,14321
1735905600,1.02902,1.03029,1.02791,1.02931,12265
1735920000,1.02932,1.03058,1.02729,1.0298,18356
1735934400,1.02979,1.03098,1.02925,1.03079,7739
1736121600,1.03026,1.03136,1.02953,1.03122,6475
1736136000,1.03121,1.03182,1.03085,1.03088,5881
1736150400,1.03089,1.0369,1.03077,1.03556,16006
1736164800,1.03556,1.04368,1.03285,1.04169,27887
1736179200,1.04169,1.04237,1.0352999999999999,1.03873,28420
1736193600,1.03874,1.03921,1.0377,1.03898,10087
1736208000,1.03821,1.03914,1.0376,1.03812,6181
1736222400,1.03811,1.04033,1.038,1.03967,6311
1736236800,1.03966,1.04344,1.03963,1.04268,16046
1736251200,1.04262,1.04343,1.03866,1.03965,17093
1736265600,1.03965,1.03976,1.03539,1.0367,20976
1736280000,1.0367,1.03694,1.03389,1.03394,8197
1736294400,1.034,1.03529,1.0339,1.03529,5105
1736308800,1.03529,1.03558,1.03462,1.0355,4232
1736323200,1.0355,1.03575,1.03154,1.03195,12770
1736337600,1.03192,1.03212,1.02731,1.03034,20614
1736352000,1.03034,1.03145,1.0289,1.03053,17458
1736366400,1.03052,1.03242,1.03052,1.03162,8651
1736380800,1.03154,1.03188,1.03048,1.03143,5429
1736395200,1.03143,1.03213,1.03052,1.03065,5623
1736409600,1.03065,1.03177,1.02835,1.03057,13779
1736424000,1.03058,1.03187,1.0296,1.03078,12301
1736438400,1.03078,1.03146,1.02909,1.02973,10102
1736452800,1.02972,1.03036,1.02939,1.02996,3414
1736467200,1.02996,1.03045,1.0292,1.03019,5054
1736481600,1.03018,1.03037,1.02845,1.02855,4203
1736496000,1.02855,1.03117,1.02811,1.02999,9828
1736510400,1.03,1.03116,1.02133,1.02563,14971
1736524800,1.02562,1.02783,1.02275,1.02444,25178
1736539200,1.02444,1.02489,1.02349,1.02434,8453
1736726400,1.0236,1.02499,1.02358,1.02416,5547
1736740800,1.02416,1.02452,1.0207600000000001,1.02195,6649
1736755200,1.02194,1.02312,1.01775,1.01933,15960
1736769600,1.01932,1.02208,1.01861,1.02084,14712
1736784000,1.02083,1.02194,1.01916,1.02178,15587
1736798400,1.02179,1.02373,1.02069,1.02369,6691
1736812800,1.02464,1.02774,1.02407,1.02491,8450
1736827200,1.02491,1.02552,1.02383,1.02448,5710
1736841600,1.02449,1.02748,1.02449,1.02594,14514
1736856000,1.02594,1.02733,1.02394,1.02531,15275
1736870400,1.02531,1.03043,1.02434,1.0288,19583
1736884800,1.0288,1.03083,1.02866,1.03062,6213
1736899200,1.03034,1.03083,1.02977,1.02999,3762
1736913600,1.02999,1.03052,1.02925,1.0293,4662
1736928000,1.0293,1.03168,1.02866,1.03098,11895
1736942400,1.03098,1.03543,1.02933,1.03444,14754
1736956800,1.03454,1.03457,1.0258,1.02855,19762
1736971200,1.02859,1.02988,1.0284200000000001,1.02884,5758
1736985600,1.02864,1.02999,1.02847,1.02889,6483
1737000000,1.02893,1.02938,1.02807,1.02822,5511
1737014400,1.02823,1.03013,1.02815,1.02861,11093
1737028800,1.02861,1.0296,1.02606,1.02814,13370
1737043200,1.02812,1.0315,1.02678,1.02964,21335
1737057600,1.02964,1.03076,1.02933,1.03015,6615
1737072000,1.02954,1.03094,1.02949,1.0305,4142
1737086400,1.03052,1.0309,1.02874,1.02932,4744
1737100800,1.02932,1.03039,1.02774,1.02968,10935
1737115200,1.02971,1.03099,1.02854,1.029,12641
1737129600,1.02902,1.03306,1.02651,1.02808,19811
1737144000,1.02808,1.02921,1.02682,1.02687,7087
1737331200,1.02778,1.02928,1.02662,1.02907,5476
1737345600,1.02907,1.0307,1.02868,1.03024,5312
1737360000,1.03024,1.03189,1.02994,1.03061,10690
1737374400,1.03065,1.04001,1.03065,1.03981,14657
1737388800,1.0398,1.04301,1.03532,1.03855,22367
1737403200,1.03855,1.04343,1.03832,1.04128,6524
1737417600,1.04134,1.04344,1.03512,1.03701,15162
1737432000,1.03701,1.04008,1.03691,1.03786,9522
1737446400,1.03786,1.03862,1.03418,1.03535,14068
1737460800,1.03527,1.03779,1.03428,1.03777,15360
1737475200,1.03788,1.04298,1.03727,1.04212,18821
1737489600,1.04212,1.04353,1.04156,1.04267,7190
1737504000,1.0425,1.04329,1.03921,1.04095,8092
1737518400,1.04095,1.04213,1.0406,1.04156,5453
1737532800,1.04155,1.04473,1.03996,1.04466,14419
1737547200,1.04467,1.04572,1.04222,1.04316,13203
1737561600,1.0431300000000001,1.04317,1.04119,1.0417,15219
1737576000,1.04169,1.04229,1.04066,1.04091,6294
1737590400,1.04083,1.0416,1.04019,1.04036,5068
1737604800,1.04035,1.04128,1.03968,1.04051,5481
1737619200,1.04051,1.04146,1.03899,1.04115,11724
1737633600,1.04116,1.04202,1.03941,1.04104,13040
1737648000,1.04107,1.04378,1.03719,1.04353,19675
1737662400,1.04353,1.04369,1.04126,1.04139,7487
1737676800,1.04137,1.0423,1.04114,1.04157,4639
1737691200,1.04157,1.04539,1.04157,1.04513,11215
1737705600,1.04514,1.05151,1.04472,1.04944,18477
1737720000,1.04944,1.04978,1.04636,1.04685,12068
1737734400,1.04685,1.05214,1.04671,1.0511,17201
1737748800,1.05109,1.05117,1.04881,1.04955,5744
1737936000,1.04783,1.04851,1.04612,1.04627,6927
1737950400,1.04627,1.04776,1.04557,1.04629,6979
1737964800,1.04629,1.04937,1.04537,1.04887,15635
1737979200,1.04888,1.05331,1.04888,1.05198,19182
1737993600,1.05198,1.05244,1.04848,1.04886,17457
1738008000,1.04884,1.04943,1.04791,1.0491,8228
1738022400,1.04911,1.0493,1.04285,1.04377,11043
1738036800,1.0437400000000001,1.04414,1.04243,1.04364,8008
1738051200,1.04364,1.04442,1.04194,1.04351,13654
1738065600,1.04351,1.04372,1.04136,1.0425,12971
1738080000,1.04246,1.04405,1.04208,1.04279,15124
1738094400,1.04281,1.04381,1.04225,1.04304,7665
1738108800,1.04279,1.04344,1.04263,1.04271,4078
1738123200,1.04271,1.04426,1.04258,1.04403,4894
1738137600,1.04411,1.04436,1.04019,1.04037,12184
1738152000,1.04036,1.04084,1.03822,1.03876,14313
1738166400,1.03876,1.04284,1.03862,1.04212,16969
1738180800,1.04212,1.04287,1.03884,1.04212,16321
1738195200,1.04178,1.04288,1.04167,1.04199,4722
1738209600,1.04199,1.04275,1.04175,1.04219,5340
1738224000,1.04219,1.0429,1.0402,1.04075,11710
1738238400,1.04073,1.04598,1.03903,1.0456,15243
1738252800,1.04557,1.04677,1.04093,1.04169,18199
1738267200,1.04171,1.04322,1.0386,1.03918,10558
1738281600,1.03933,1.04023,1.03772,1.03885,6072
1738296000,1.03886,1.0395,1.03828,1.03887,5986
1738310400,1.03887,1.04128,1.0365199999999999,1.03835,13750
1738324800,1.03834,1.03954,1.0372,1.03822,14119
1738339200,1.03824,1.04338,1.03602,1.04199,20737
1738353600,1.04199,1.04217,1.03499,1.03584,19733
1738540800,1.02411,1.02704,1.02107,1.02378,18786
1738555200,1.02377,1.02432,1.02121,1.02404,13789
1738569600,1.02403,1.02543,1.02128,1.02302,17661
1738584000,1.02305,1.0288,1.023,1.02639,16158
1738598400,1.02638,1.03356,1.02424,1.02795,30182
1738612800,1.02791,1.03499,1.02704,1.03345,13054
1738627200,1.03343,1.03506,1.03085,1.0322,8554
1738641600,1.03219,1.0324,1.02721,1.0293,10619
1738656000,1.0293,1.03494,1.02922,1.03386,14724
1738670400,1.03384,1.03434,1.03202,1.03404,12070
1738684800,1.03403,1.03874,1.034,1.03765,19620
1738699200,1.03765,1.03874,1.03743,1.038,7732
1738713600,1.03744,1.03866,1.03694,1.03732,6580
1738728000,1.03732,1.03861,1.03729,1.03777,6599
1738742400,1.03777,1.04175,1.03741,1.04038,14457
1738756800,1.04038,1.04304,1.04014,1.04077,13621
1738771200,1.04077,1.04422,1.04061,1.04198,16290
1738785600,1.04197,1.04216,1.03967,1.03988,6235
1738800000,1.04037,1.04055,1.03949,1.04027,5299
1738814400,1.04023,1.04055,1.03851,1.03864,6298
1738828800,1.03865,1.03925,1.03561,1.03593,9787
1738843200,1.03596,1.03677,1.03525,1.03603,12028
1738857600,1.03607,1.03806,1.03598,1.03794,12157
1738872000,1.03793,1.03968,1.03743,1.03844,6462
1738886400,1.03838,1.0391,1.03744,1.03839,4910
1738900800,1.03839,1.03861,1.0374,1.03752,5755
1738915200,1.03752,1.03999,1.03726,1.03911,7926
1738929600,1.03911,1.04098,1.03492,1.03636,10763
1738944000,1.03636,1.03888,1.03055,1.03217,21013
1738958400,1.03218,1.03383,1.0321,1.03257,6910
1739145600,1.02865,1.03186,1.02827,1.03032,6998
1739160000,1.03032,1.03217,1.02987,1.03162,5190
1739174400,1.03162,1.03348,1.03067,1.03269,10035
1739188800,1.03266,1.03365,1.03086,1.03216,9015
1739203200,1.03217,1.03236,1.03043,1.03124,10291
1739217600,1.03124,1.0316,1.0305,1.03061,4315
1739232000,1.03073,1.03083,1.02984,1.03021,4991
1739246400,1.03021,1.03059,1.02921,1.03047,5078
1739260800,1.03047,1.03221,1.02999,1.03181,8630
1739275200,1.03181,1.03286,1.03145,1.03225,8248
1739289600,1.03222,1.03513,1.03218,1.03454,10856
1739304000,1.03454,1.03816,1.0342,1.03605,6675
1739318400,1.03616,1.03677,1.03539,1.03605,4473
1739332800,1.03605,1.03679,1.03548,1.03585,5968
1739347200,1.03585,1.03799,1.03568,1.03737,9036
1739361600,1.03743,1.03857,1.0317,1.03331,11734
1739376000,1.0332,1.04274,1.03254,1.04261,18991
1739390400,1.04262,1.04298,1.0381,1.03819,8321
1739404800,1.03838,1.04018,1.03815,1.03998,5612
1739419200,1.03998,1.04384,1.03965,1.0435,8173
1739433600,1.04349,1.04401,1.04105,1.04232,12160
1739448000,1.04232,1.04292,1.0375,1.03926,13563
1739462400,1.03926,1.04455,1.0382,1.04254,15628
1739476800,1.04254,1.04666,1.03732,1.04647,11876
1739491200,1.0463,1.04682,1.0456,1.04592,6447
1739505600,1.04591,1.04638,1.04473,1.04527,6007
1739520000,1.04527,1.04878,1.04519,1.04813,11235
1739534400,1.04813,1.04978,1.0457,1.04883,11144
1739548800,1.04883,1.05143,1.04873,1.05073,12645
1739563200,1.05073,1.05082,1.04883,1.04886,5830
1739750400,1.04846,1.05065,1.04846,1.05054,5781
1739764800,1.05054,1.05055,1.04848,1.04898,7174
1739779200,1.04898,1.04955,1.0471,1.04742,9842
1739793600,1.04742,1.04893,1.04671,1.04744,7383
1739808000,1.04744,1.04846,1.04713,1.04826,5624
1739822400,1.04825,1.0485,1.04792,1.04842,2021
1739836800,1.04752,1.04863,1.04627,1.04661,5297
1739851200,1.04662,1.04725,1.04522,1.04551,6744
1739865600,1.04551,1.04694,1.04546,1.04641,9414
1739880000,1.04646,1.04672,1.04417,1.04447,8406
1739894400,1.04447,1.04695,1.04391,1.0446,10195
1739908800,1.04459,1.04497,1.0435,1.04464,4989
1739923200,1.04453,1.04508,1.0441,1.04466,5308
1739937600,1.04465,1.04564,1.04448,1.04564,5686
1739952000,1.04564,1.04614,1.04283,1.04289,8717
1739966400,1.0429,1.04354,1.04188,1.04341,10027
1739980800,1.04341,1.04413,1.04008,1.04098,11148
1739995200,1.04099,1.04325,1.04085,1.0424,6387
1740009600,1.04211,1.04326,1.04187,1.04213,5599
1740024000,1.04213,1.04376,1.04202,1.04275,7394
1740038400,1.04275,1.0442,1.0423499999999999,1.04371,9014
1740052800,1.04369,1.04549,1.04308,1.04482,9815
1740067200,1.04482,1.04946,1.04419,1.04893,12768
1740081600,1.04886,1.05034,1.04854,1.05006,5558
1740096000,1.04953,1.05058,1.04844,1.04868,5778
1740110400,1.04868,1.05049,1.04864,1.04928,7016
1740124800,1.04928,1.04998,1.04667,1.04691,10716
1740139200,1.04692,1.04779,1.04594,1.04752,8159
1740153600,1.04752,1.04927,1.04493,1.04631,12509
1740168000,1.04631,1.04679,1.04508,1.04591,7948
1740355200,1.04674,1.05209,1.04609,1.0518,9011
1740369600,1.05179,1.05283,1.05101,1.05165,8830
1740384000,1.05165,1.05165,1.04689,1.04721,12030
1740398400,1.0472,1.04813,1.04601,1.04669,8725
1740412800,1.04669,1.04838,1.04528,1.04724,12011
1740427200,1.04724,1.04858,1.04618,1.04668,7755
1740441600,1.04662,1.04694,1.04599,1.04651,5115
1740456000,1.04652,1.04782,1.04651,1.04769,6583
1740470400,1.04769,1.04801,1.04563,1.04731,10835
1740484800,1.04731,1.05097,1.04652,1.05,10061
1740499200,1.05003,1.05194,1.04839,1.05023,13728
1740513600,1.05023,1.05191,1.05022,1.05143,7675
1740528000,1.05132,1.0525,1.05113,1.05153,5363
1740542400,1.05153,1.0517,1.04904,1.04915,6266
1740556800,1.04915,1.05116,1.04873,1.04971,9999
1740571200,1.0497,1.0502,1.04749,1.0484,9499
1740585600,1.04841,1.05288,1.04794,1.04923,15940
1740600000,1.04922,1.05002,1.04785,1.04828,8904
1740614400,1.04816,1.04926,1.04728,1.04783,4537
1740628800,1.04783,1.04805,1.04589,1.0465,6589
1740643200,1.0465,1.04851,1.04639,1.04841,9027
1740657600,1.04841,1.04896,1.04193,1.0423499999999999,11886
1740672000,1.04232,1.04416,1.04004,1.04073,15542
1740686400,1.04075,1.04177,1.03966,1.03968,7477
1740700800,1.03977,1.04041,1.03844,1.03849,6151
1740715200,1.03847,1.03915,1.03806,1.03888,7356
1740729600,1.03886,1.04079,1.03824,1.03952,9853
1740744000,1.03952,1.04161,1.03923,1.04068,9191
1740758400,1.04068,1.04198,1.039,1.03965,15114
1740772800,1.03963,1.03981,1.03598,1.03754,11972
1740960000,1.04039,1.04233,1.03985,1.04197,8245
1740974400,1.04197,1.04232,1.04098,1.04142,6708
1740988800,1.04142,1.0429,1.03885,1.04273,10190
1741003200,1.04276,1.04763,1.04272,1.04719,12859
1741017600,1.04719,1.05036,1.04687,1.04903,14258
1741032000,1.04903,1.05036,1.04666,1.04854,12089
1741046400,1.04869,1.0496,1.04764,1.04882,8193
1741060800,1.04882,1.04899,1.04709,1.04835,8921
1741075200,1.04836,1.05272,1.04789,1.05121,13839
1741089600,1.0512,1.05595,1.05024,1.0539,14314
1741104000,1.05388,1.05485,1.04964,1.05417,18305
1741118400,1.05417,1.06268,1.05377,1.06234,14691
1741132800,1.06188,1.0637,1.06086,1.06126,9069
1741147200,1.06127,1.06323,1.06019,1.06315,9640
1741161600,1.06315,1.0722,1.06241,1.07117,17138
1741176000,1.07118,1.07224,1.06764,1.07156,15863
1741190400,1.07156,1.07878,1.07137,1.0785,22506
1741204800,1.07851,1.07966,1.07636,1.07897,10782
1741219200,1.07895,1.08201,1.07871,1.08151,6756
1741233600,1.08151,1.08191,1.07841,1.08103,9046
1741248000,1.08104,1.08221,1.07805,1.07998,18237
1741262400,1.07999,1.0845,1.07829,1.0826,15422
1741276800,1.08261,1.08539,1.07915,1.0796999999999999,22516
1741291200,1.0796999999999999,1.08114,1.0765500000000001,1.07846,10604
1741305600,1.07825,1.07962,1.07784,1.079,6579
1741320000,1.079,1.08176,1.07845,1.08132,7332
1741334400,1.08132,1.08712,1.08079,1.08613,13268
1741348800,1.08612,1.08888,1.08411,1.08449,15918
1741363200,1.08449,1.08861,1.08318,1.08432,20946
1741377600,1.08432,1.08511,1.08257,1.08357,8682
1741564800,1.08284,1.08673,1.08284,1.08643,6167
1741579200,1.08643,1.08713,1.08301,1.08307,8654
1741593600,1.08307,1.08449,1.0805,1.08099,12494
1741608000,1.08099,1.08745,1.08087,1.0844,16002
1741622400,1.08438,1.08507,1.08208,1.08303,15121
1741636800,1.08302,1.08457,1.08175,1.0831,9178
1741651200,1.0832600000000001,1.08535,1.08313,1.08516,5222
1741665600,1.08516,1.08616,1.08436,1.08545,9573
1741680000,1.08545,1.09191,1.08356,1.09172,14602
1741694400,1.09172,1.0921,1.08811,1.0918,12655
1741708800,1.09179,1.09306,1.08949,1.0925,16743
1741723200,1.0925,1.09472,1.091,1.09177,10684
1741737600,1.09176,1.09187,1.09054,1.09088,4073
1741752000,1.0909,1.09152,1.08957,1.08988,7417
1741766400,1.08988,1.09215,1.08873,1.09213,11926
1741780800,1.09216,1.09315,1.08761,1.0878,15210
1741795200,1.08782,1.09279,1.08756,1.09057,17413
1741809600,1.09056,1.09141,1.08797,1.08869,8645
1741824000,1.08883,1.08917,1.08825,1.08913,3199
1741838400,1.08915,1.08972,1.08817,1.08932,6645
1741852800,1.08932,1.08933,1.08589,1.08732,11755
1741867200,1.08729,1.08853,1.08263,1.08347,14711
1741881600,1.08348,1.08781,1.08225,1.08725,16408
1741896000,1.08725,1.08735,1.08462,1.08544,8152
1741910400,1.08467,1.08585,1.08454,1.0849,3948
1741924800,1.08491,1.0849199999999999,1.08341,1.08409,6355
1741939200,1.0841,1.08568,1.08305,1.08539,10115
1741953600,1.0854,1.09126,1.08468,1.08946,16256
1741968000,1.08947,1.08979,1.08654,1.0883,15108
1741982400,1.0883,1.08879,1.08733,1.08815,6245
1742169600,1.0878,1.08853,1.08746,1.08793,3709
1742184000,1.08794,1.08937,1.08742,1.0882,5696
1742198400,1.0882,1.08867,1.08684,1.08836,9233
1742212800,1.08837,1.09119,1.08769,1.09017,11133
1742227200,1.09018,1.09295,1.08971,1.0921,12167
1742241600,1.09211,1.09277,1.09115,1.09226,5847
1742256000,1.09213,1.09227,1.09149,1.0916,2743
1742270400,1.0916,1.0919,1.09062,1.09109,4792
1742284800,1.09109,1.09546,1.09034,1.09515,8434
1742299200,1.09517,1.09531,1.08924,1.09115,11534
1742313600,1.09115,1.09399,1.08966,1.09386,14059
1742328000,1.09386,1.09516,1.09386,1.09447,6237
1742342400,1.09438,1.09459,1.09317,1.09346,3509
1742356800,1.09346,1.0945,1.09278,1.09299,4500
1742371200,1.09299,1.09361,1.08731,1.09071,10266
1742385600,1.09071,1.09176,1.08914,1.0901,9639
1742400000,1.0901399999999999,1.09038,1.08753,1.0885,10591
1742414400,1.0885,1.09133,1.0860400000000001,1.0904,13864
1742428800,1.09021,1.09164,1.09021,1.09123,3905
1742443200,1.09123,1.09173,1.09002,1.09033,6645
1742457600,1.09033,1.09033,1.08629,1.08654,9124
1742472000,1.08652,1.08683,1.0830899999999999,1.08337,13048
1742486400,1.08337,1.08522,1.08145,1.08486,12700
1742500800,1.08487,1.08589,1.0839,1.08529,5187
1742515200,1.08458,1.08588,1.08458,1.08529,3267
1742529600,1.08529,1.08555,1.08274,1.08302,5981
1742544000,1.08302,1.08455,1.08198,1.0836,8581
1742558400,1.0836,1.08612,1.08247,1.08321,9463
1742572800,1.0832,1.08358,1.07969,1.08182,13357
1742587200,1.0818,1.08268,1.08051,1.08127,6437
1742774400,1.08141,1.08399,1.08121,1.08373,4429
1742788800,1.08372,1.08375,1.0817,1.08227,6621
1742803200,1.08227,1.08582,1.08181,1.0843,9650
1742817600,1.08427,1.08547,1.08215,1.08297,9861
1742832000,1.08296,1.08306,1.07815,1.07917,14052
1742846400,1.07917,1.08132,1.07839,1.0801,6468
1742860800,1.08002,1.08037,1.07949,1.08001,2736
1742875200,1.08001,1.08089,1.0794,1.08032,5039
1742889600,1.08031,1.08071,1.07768,1.07905,7957
1742904000,1.07905,1.08301,1.07875,1.08251,10940
1742918400,1.08251,1.08277,1.07972,1.0806499999999999,13235
1742932800,1.08071,1.08169,1.0789900000000001,1.07903,6013
1742947200,1.07892,1.07934,1.07835,1.07844,2961
1742961600,1.07844,1.07971,1.0778,1.07841,5595
1742976000,1.07841,1.07997,1.0777700000000001,1.07992,9309
1742990400,1.07988,1.08026,1.07818,1.07841,10252
1743004800,1.07843,1.07953,1.07675,1.07876,13548
1743019200,1.07876,1.07893,1.07439,1.07514,8641
1743033600,1.07554,1.07575,1.07328,1.07554,5393
1743048000,1.07555,1.0787,1.07551,1.07804,5427
1743062400,1.07804,1.07825,1.07541,1.07758,11083
1743076800,1.07758,1.07996,1.07611,1.0787,10555
1743091200,1.07872,1.08212,1.07764,1.07986,13366
1743105600,1.07992,1.08087,1.07883,1.08016,5541
1743120000,1.07957,1.08014,1.07881,1.07949,2536
1743134400,1.07949,1.0799,1.07843,1.07885,4936
1743148800,1.07885,1.07998,1.07752,1.07782,7145
1743163200,1.07782,1.0792,1.07645,1.0789,8572
1743177600,1.07888,1.08447,1.07849,1.08216,14391
1743192000,1.08215,1.0836,1.0812,1.08298,6055
1743379200,1.08255,1.08416,1.08053,1.08416,6360
1743393600,1.08415,1.08457,1.08289,1.08342,6684
1743408000,1.08342,1.0849199999999999,1.08116,1.08273,11816
1743422400,1.08273,1.08304,1.0801,1.08037,9498
1743436800,1.08037,1.08212,1.0784,1.08117,13531
1743451200,1.08116,1.08198,1.0807,1.08167,5349
1743465600,1.08168,1.0826500000000001,1.08138,1.08252,3446
1743480000,1.08252,1.08301,1.08167,1.0825,6208
1743494400,1.08251,1.08251,1.0799,1.08176,9328
1743508800,1.08176,1.08291,1.07782,1.07871,11218
1743523200,1.07871,1.08123,1.07792,1.07997,13317
1743537600,1.07998,1.08045,1.07851,1.07948,5198
1743552000,1.07871,1.08081,1.07871,1.07904,4084
1743566400,1.07904,1.08018,1.0787,1.07926,4858
1743580800,1.07926,1.08018,1.078,1.07974,7703
1743595200,1.07974,1.08194,1.07859,1.08191,9077
1743609600,1.0818699999999999,1.08729,1.08146,1.08522,13064
1743624000,1.08522,1.09241,1.08105,1.0842,11702
1743638400,1.08425,1.09113,1.08051,1.08905,15269
1743652800,1.08905,1.09245,1.08864,1.09066,11818
1743667200,1.09067,1.10208,1.09063,1.10092,18598
1743681600,1.10094,1.11453,1.10037,1.10816,22673
1743696000,1.10815,1.1135,1.10328,1.1039,23439
1743710400,1.10386,1.10524,1.10158,1.10523,9414
1743724800,1.10492,1.10714,1.10366,1.10605,7060
1743739200,1.10604,1.10985,1.10572,1.10873,11535
1743753600,1.10873,1.11075,1.09754,1.09962,18118
1743768000,1.09967,1.10888,1.09645,1.10198,29310
1743782400,1.10201,1.10481,1.09601,1.09711,31724
1743796800,1.09711,1.09768,1.09241,1.09622,18009
1743984000,1.08854,1.10002,1.08803,1.09669,17929
1743998400,1.09669,1.09874,1.0919699999999999,1.09847,14761
1744012800,1.09847,1.10497,1.09678,1.0992,25323
1744027200,1.09918,1.09964,1.09352,1.09735,24792
1744041600,1.09744,1.09815,1.09009,1.09321,29264
1744056000,1.09322,1.09528,1.0901399999999999,1.09052,14795
1744070400,1.0901399999999999,1.09498,1.0901399999999999,1.09397,6786
1744084800,1.09396,1.09801,1.09377,1.09757,11063
1744099200,1.09757,1.09918,1.09214,1.09366,18409
1744113600,1.09366,1.09684,1.09111,1.09483,18421
1744128000,1.09483,1.09557,1.08882,1.09295,22262
1744142400,1.09294,1.09778,1.09261,1.09547,15987
1744156800,1.09516,1.10165,1.09473,1.1014599999999999,9389
1744171200,1.1014599999999999,1.10688,1.10094,1.10687,18611
1744185600,1.10684,1.10897,1.0998,1.10274,26870
1744200000,1.10271,1.1095,1.10092,1.10754,24424
1744214400,1.1076,1.10817,1.10134,1.10202,21473
1744228800,1.10201,1.10638,1.09132,1.0949200000000001,25846
1744243200,1.09461,1.09865,1.09428,1.09861,10531
1744257600,1.09861,1.0989,1.09613,1.09826,11835
1744272000,1.09826,1.10478,1.09626,1.10375,18659
1744286400,1.10375,1.11317,1.10337,1.1097,20153
1744300800,1.10976,1.12288,1.10908,1.11967,25270
1744315200,1.11966,1.12415,1.11587,1.12016,17286
1744329600,1.1191,1.13813,1.11862,1.13102,15377
1744344000,1.13102,1.13543,1.12757,1.13224,19554
1744358400,1.13224,1.14733,1.12464,1.14272,25385
1744372800,1.14268,1.14268,1.1320000000000001,1.13953,25636
1744387200,1.13953,1.1412200000000001,1.12764,1.13058,27503
1744401600,1.13052,1.13528,1.12825,1.13506,13301
1744588800,1.13164,1.13707,1.13134,1.13654,10599
1744603200,1.13654,1.1409,1.13577,1.13675,12911
1744617600,1.13675,1.14247,1.13527,1.13875,18097
1744632000,1.13875,1.14076,1.13345,1.13387,15688
1744646400,1.13387,1.13818,1.12958,1.13307,19843
1744660800,1.13308,1.13697,1.13284,1.13503,9418
1744675200,1.13422,1.13612,1.13171,1.13286,6282
1744689600,1.13286,1.13631,1.13157,1.13568,8775
1744704000,1.13568,1.1379,1.13204,1.13469,13972
1744718400,1.13446,1.1356,1.13086,1.13129,13762
1744732800,1.13123,1.13294,1.1264,1.12744,17889
1744747200,1.12743,1.12896,1.12664,1.12824,7539
1744761600,1.12793,1.13214,1.12792,1.13169,6903
1744776000,1.13169,1.13479,1.13163,1.1346,9437
1744790400,1.1346,1.13922,1.13381,1.1369799999999999,15334
1744804800,1.13697,1.13777,1.13403,1.13514,16172
1744819200,1.13516,1.13869,1.13496,1.13748,16656
1744833600,1.13737,1.14128,1.1359,1.13969,11845
1744848000,1.1396600000000001,1.14093,1.1365,1.13676,6662
1744862400,1.13677,1.13818,1.13554,1.13621,8879
1744876800,1.13622,1.13885,1.13434,1.13785,11838
1744891200,1.13782,1.13808,1.13351,1.13564,14025
1744905600,1.13565,1.13857,1.1338300000000001,1.13504,18156
1744920000,1.13504,1.13764,1.13409,1.13652,7359
1744934400,1.13635,1.13859,1.1359,1.13747,5860
1744948800,1.1374,1.1379,1.13685,1.13695,11013
1744963200,1.13694,1.13762,1.13572,1.13713,16410
1744977600,1.13712,1.1386,1.13677,1.13823,17569
1744992000,1.13822,1.13977,1.13757,1.13944,11999
1745006400,1.13945,1.13973,1.13904,1.13925,6493
1745193600,1.13951,1.14861,1.13927,1.14662,10305
1745208000,1.14662,1.15307,1.14651,1.15172,10260
1745222400,1.15172,1.15676,1.15048,1.1558,12443
1745236800,1.1558,1.1573,1.1513,1.15425,12527
1745251200,1.15424,1.15427,1.14817,1.15093,14413
1745265600,1.15093,1.15268,1.14934,1.15122,8007
1745280000,1.1508,1.15252,1.1482,1.14904,5999
1745294400,1.14904,1.15402,1.14855,1.153,9777
1745308800,1.153,1.15472,1.14832,1.14997,16677
1745323200,1.14997,1.15077,1.14614,1.147,14339
1745337600,1.14703,1.1492,1.14331,1.14338,15846
1745352000,1.14339,1.1454,1.14174,1.1419,8383
1745366400,1.14212,1.14257,1.1308,1.13974,13336
1745380800,1.13974,1.14151,1.13708,1.13899,11302
1745395200,1.139,1.14153,1.1371,1.14129,15496
1745409600,1.14129,1.14397,1.13861,1.14055,12371
1745424000,1.14054,1.1412,1.13282,1.13397,22552
1745438400,1.13397,1.13439,1.13103,1.13131,8482
1745452800,1.13148,1.13473,1.13132,1.13436,7079
1745467200,1.13432,1.13575,1.13323,1.13391,8210
1745481600,1.1339,1.13927,1.13305,1.13803,12064
1745496000,1.13804,1.13946,1.13579,1.13765,11357
1745510400,1.1377,1.1387,1.13475,1.13799,14436
1745524800,1.13798,1.13974,1.1363699999999999,1.13933,6863
1745539200,1.13814,1.13909,1.13468,1.13473,5911
1745553600,1.13473,1.13592,1.13156,1.1335,10036
1745568000,1.1335,1.13681,1.13216,1.13504,12513
1745582400,1.13504,1.13666,1.13341,1.13524,10619
1745596800,1.13523,1.13886,1.1333,1.13686,11951
1745611200,1.13686,1.13826,1.13568,1.13596,6117
1745798400,1.13585,1.13655,1.13398,1.1363699999999999,4163
1745812800,1.1363699999999999,1.13725,1.1343,1.1372200000000001,6991
1745827200,1.1372200000000001,1.13808,1.1329500000000001,1.13435,10822
1745841600,1.13435,1.13727,1.1341,1.13509,9821
1745856000,1.13509,1.14221,1.13395,1.14114,14633
1745870400,1.14114,1.14247,1.14002,1.1423,7450
1745884800,1.14185,1.14218,1.13992,1.13997,4484
1745899200,1.13997,1.14199,1.1374,1.13782,8228
1745913600,1.13782,1.14121,1.1376,1.13853,11572
1745928000,1.13853,1.14145,1.13701,1.14106,10744
1745942400,1.14106,1.14188,1.13789,1.14032,15416
1745956800,1.14032,1.14046,1.1376,1.13853,6660
1745971200,1.13818,1.13956,1.13767,1.13825,4976
1745985600,1.13825,1.13864,1.1355,1.13733,7516
1746000000,1.1373199999999999,1.13994,1.13622,1.13714,10183
1746014400,1.13716,1.13886,1.13559,1.1374,11696
1746028800,1.13737,1.13791,1.13232,1.13554,17075
1746043200,1.13555,1.13647,1.1317,1.13239,8137
1746057600,1.13275,1.13309,1.13188,1.13218,4864
1746072000,1.13218,1.13222,1.12997,1.13024,7249
1746086400,1.13025,1.13308,1.12874,1.13197,10384
1746100800,1.13197,1.1341,1.13082,1.13154,10102
1746115200,1.13151,1.13276,1.12659,1.1290499999999999,14396
1746129600,1.12908,1.12937,1.1275,1.12927,6698
1746144000,1.12846,1.12992,1.1274,1.12822,4785
1746158400,1.12825,1.13153,1.12784,1.1304,8670
1746172800,1.13041,1.13378,1.13024,1.13311,11102
1746187200,1.1333,1.13548,1.13037,1.13189,13645
1746201600,1.13187,1.13808,1.13147,1.13198,18429
1746216000,1.13198,1.13202,1.12924,1.12984,7518
1746403200,1.13006,1.13279,1.12901,1.13223,5672
1746417600,1.13232,1.13467,1.13226,1.13374,7824
1746432000,1.13374,1.13474,1.13113,1.1326,11453
1746446400,1.13264,1.13633,1.13262,1.13598,11116
1746460800,1.13599,1.13648,1.12991,1.13022,12994
1746475200,1.13022,1.13209,1.12972,1.13135,5547
1746489600,1.13126,1.13198,1.12808,1.1286100000000001,3681
1746504000,1.1286,1.13275,1.12799,1.13245,7895
1746518400,1.13245,1.13494,1.13135,1.1327099999999999,12030
1746532800,1.1327099999999999,1.13437,1.13052,1.13403,11336
1746547200,1.13402,1.13695,1.13262,1.13486,13029
1746561600,1.13489,1.13811,1.13489,1.13724,6715
1746576000,1.1363699999999999,1.1373199999999999,1.13253,1.13409,9217
1746590400,1.13409,1.1351499999999999,1.13262,1.13436,9928
1746604800,1.13435,1.13779,1.13429,1.1358,10975
1746619200,1.13578,1.13727,1.13472,1.13591,9516
1746633600,1.13591,1.13709,1.1337,1.13489,11033
1746648000,1.1348799999999999,1.13649,1.12915,1.1302,13484
1746662400,1.13032,1.13223,1.12998,1.131,4735
1746676800,1.131,1.1336,1.13082,1.1318,8605
1746691200,1.1318,1.13182,1.12702,1.12877,12499
1746705600,1.12877,1.13201,1.12753,1.12995,11567
1746720000,1.12996,1.13163,1.12204,1.1226,16933
1746734400,1.1226,1.12306,1.1212,1.12292,7718
1746748800,1.12201,1.12333,1.12132,1.12269,4574
1746763200,1.12269,1.12296,1.11965,1.1227800000000001,8571
1746777600,1.1227800000000001,1.1259299999999999,1.12182,1.12563,10533
1746792000,1.12563,1.126,1.12422,1.12539,9993
1746806400,1.12539,1.12927,1.12531,1.12585,12061
1746820800,1.12583,1.12662,1.12464,1.12474,4792
1747008000,1.11979,1.12391,1.11919,1.12386,7108
1747022400,1.12386,1.12427,1.12222,1.12274,8924
1747036800,1.12274,1.12359,1.10824,1.11375,21208
1747051200,1.1137,1.11418,1.10721,1.11134,18081
1747065600,1.11135,1.11345,1.10837,1.10846,16729
1747080000,1.10846,1.10967,1.10653,1.10873,7598
1747094400,1.10877,1.11065,1.10846,1.11045,5676
1747108800,1.11045,1.1117,1.10991,1.11168,8564
1747123200,1.11168,1.11243,1.11014,1.11118,11769
1747137600,1.11118,1.11313,1.1097,1.11307,10926
1747152000,1.11306,1.1183,1.11274,1.11757,16370
1747166400,1.11757,1.11945,1.11676,1.11873,5684
1747180800,1.11853,1.11972,1.11802,1.1192,4654
1747195200,1.1192,1.12006,1.11829,1.11885,9438
1747209600,1.11885,1.12521,1.11801,1.12386,14240
1747224000,1.12394,1.12656,1.12094,1.12252,13981
1747238400,1.12252,1.12347,1.11757,1.1189,17096
1747252800,1.11888,1.11969,1.11644,1.11731,7277
1747267200,1.11764,1.11943,1.1172,1.11918,4514
1747281600,1.11915,1.12013,1.11888,1.11928,7717
1747296000,1.11928,1.1227800000000001,1.11855,1.12101,11502
1747310400,1.12102,1.1213899999999999,1.11785,1.12098,11309
1747324800,1.12098,1.12238,1.11726,1.11808,15291
1747339200,1.11808,1.11892,1.11703,1.11854,5750
1747353600,1.11838,1.12083,1.11784,1.12048,4641
1747368000,1.12048,1.12087,1.11962,1.1203,6858
1747382400,1.12032,1.12195,1.11971,1.1199,10039
1747396800,1.11989,1.12087,1.11882,1.11971,9543
1747411200,1.11971,1.12056,1.11311,1.1145,13697
1747425600,1.1145100000000001,1.11615,1.11394,1.11602,5561
1747612800,1.11732,1.11986,1.11683,1.1197300000000001,6841
1747627200,1.1197300000000001,1.1199,1.11723,1.11839,7944
1747641600,1.11839,1.12592,1.11763,1.12573,12922
1747656000,1.12577,1.12882,1.12551,1.12568,13340
1747670400,1.1257,1.12652,1.12289,1.12353,13426
1747684800,1.12353,1.12447,1.12241,1.12428,4838
1747699200,1.12347,1.12433,1.12178,1.12279,3683
1747713600,1.12279,1.12512,1.12259,1.12421,8220
1747728000,1.12416,1.12777,1.12416,1.12583,12798
1747742400,1.12583,1.12671,1.12237,1.12344,10316
1747756800,1.12344,1.12698,1.12248,1.12567,13610
1747771200,1.12567,1.12848,1.12547,1.12833,5916
1747785600,1.12822,1.13014,1.1278,1.12954,5418
1747800000,1.12954,1.13396,1.12869,1.1329,9889
1747814400,1.1329,1.1353,1.13122,1.13224,13520
1747828800,1.13224,1.13618,1.13148,1.13346,12682
1747843200,1.13347,1.13542,1.13232,1.13403,13790
1747857600,1.13403,1.13628,1.13155,1.13299,9677
1747872000,1.13228,1.13434,1.13111,1.13272,7426
1747886400,1.13272,1.13448,1.13172,1.1333,10732
1747900800,1.1333199999999999,1.1342,1.12952,1.13018,15039
1747915200,1.13018,1.1314899999999999,1.12847,1.1295,13289
1747929600,1.12951,1.13089,1.12659,1.12693,16119
1747944000,1.12695,1.12856,1.12558,1.1280000000000001,6793
1747958400,1.12764,1.12997,1.12764,1.1297,4841
1747972800,1.1297,1.13208,1.12951,1.13179,7779
1747987200,1.13179,1.13446,1.13082,1.1342,10182
1748001600,1.1342,1.13755,1.12974,1.13335,19033
1748016000,1.13334,1.13596,1.13108,1.13582,15149
1748030400,1.13582,1.13693,1.13516,1.13639,6179
1748217600,1.13638,1.1397599999999999,1.13603,1.13969,7934
1748232000,1.13968,1.14187,1.1388,1.14093,9868
1748246400,1.14092,1.14185,1.13829,1.13845,10228
1748260800,1.13846,1.13868,1.13689,1.13752,6272
1748275200,1.13752,1.13855,1.1373199999999999,1.13833,5306
1748289600,1.13834,1.13878,1.13785,1.13868,1579
1748304000,1.13816,1.14029,1.13797,1.1400000000000001,4398
1748318400,1.13999,1.14071,1.13777,1.1378300000000001,6966
1748332800,1.13788,1.13929,1.1337,1.1348799999999999,13316
1748347200,1.13485,1.13677,1.13407,1.13666,10552
1748361600,1.13666,1.13753,1.13233,1.13316,12853
1748376000,1.13315,1.13387,1.13264,1.13291,5287
1748390400,1.13258,1.13451,1.13252,1.13343,4199
1748404800,1.13343,1.13388,1.13005,1.1306,10311
1748419200,1.1306,1.13342,1.12954,1.13319,11147
1748433600,1.13321,1.13406,1.13074,1.13109,10202
1748448000,1.1311,1.13246,1.12838,1.1294,14136
1748462400,1.1294,1.13007,1.12843,1.1293,6246
1748476800,1.12912,1.12971,1.12101,1.12347,11576
1748491200,1.12345,1.1257,1.12234,1.12477,10959
1748505600,1.12477,1.12826,1.1231,1.12718,12619
1748520000,1.12718,1.13497,1.12679,1.13493,12736
1748534400,1.13493,1.13799,1.1339299999999999,1.13714,15128
1748548800,1.13714,1.13843,1.13607,1.13685,5996
1748563200,1.1366,1.13847,1.13642,1.13725,5812
1748577600,1.13725,1.13898,1.13456,1.1346,8873
1748592000,1.1346,1.13544,1.1323400000000001,1.13239,11267
1748606400,1.13239,1.13585,1.13231,1.1346,11910
1748620800,1.1346,1.13585,1.13125,1.13503,16984
1748635200,1.13509,1.1367099999999999,1.13447,1.13467,6838
1748822400,1.13453,1.13746,1.13442,1.13686,6314
1748836800,1.13686,1.1381999999999999,1.13543,1.13653,8687
1748851200,1.13653,1.14367,1.1363699999999999,1.14201,11520
1748865600,1.14201,1.14369,1.1409,1.14182,10987
1748880000,1.14182,1.14497,1.14043,1.14185,14284
1748894400,1.14182,1.14461,1.1416,1.14419,6072
1748908800,1.1437,1.14545,1.14345,1.14433,4490
1748923200,1.14433,1.14433,1.1416,1.14253,8233
1748937600,1.14253,1.14322,1.14054,1.14116,10342
1748952000,1.14115,1.1418,1.13771,1.13819,9880
1748966400,1.13821,1.13949,1.13641,1.13733,13329
1748980800,1.13733,1.13817,1.13677,1.13716,4217
1748995200,1.13695,1.13891,1.13684,1.13825,4997
1749009600,1.13825,1.13931,1.13648,1.13667,8655
1749024000,1.13667,1.14038,1.13571,1.13994,10773
1749038400,1.13994,1.1411,1.1374900000000001,1.14092,10691
1749052800,1.14094,1.14343,1.13928,1.1433,13616
1749067200,1.1433,1.14335,1.141,1.14202,4941
1749081600,1.14142,1.14294,1.14136,1.1429,4597
1749096000,1.14291,1.14348,1.14078,1.14103,8435
1749110400,1.14106,1.1425,1.14044,1.14128,9129
1749124800,1.1412499999999999,1.14485,1.14097,1.14294,12036
1749139200,1.14294,1.14948,1.14185,1.14478,19605
1749153600,1.14478,1.14482,1.14311,1.14438,6967
1749168000,1.14444,1.14572,1.14395,1.14502,4318
1749182400,1.14502,1.14522,1.1433,1.14399,6580
1749196800,1.14398,1.14423,1.14115,1.14145,8814
1749211200,1.14146,1.14311,1.13833,1.13967,11957
1749225600,1.13967,1.14162,1.13716,1.13871,17349
1749240000,1.13872,1.14018,1.13845,1.13926,5480
1749427200,1.13956,1.14112,1.139,1.13937,3867
1749441600,1.13937,1.14251,1.13937,1.1418300000000001,6523
1749456000,1.1418300000000001,1.1436,1.1412,1.14283,7917
1749470400,1.14283,1.14391,1.13944,1.1400299999999999,8110
1749484800,1.13996,1.14256,1.13864,1.14245,9142
1749499200,1.1424400000000001,1.14308,1.14184,1.14184,4243
1749513600,1.14202,1.14355,1.14175,1.14242,3871
1749528000,1.14242,1.14282,1.13862,1.13994,8300
1749542400,1.13994,1.14147,1.13728,1.14082,12196
1749556800,1.14082,1.1440299999999999,1.14035,1.14321,9054
1749571200,1.14321,1.14475,1.14156,1.14235,10080
1749585600,1.14242,1.14365,1.14164,1.14249,4548
1749600000,1.14228,1.14396,1.14203,1.14208,6030
1749614400,1.14208,1.14268,1.14059,1.14156,7064
1749628800,1.14156,1.14384,1.14054,1.14307,8539
1749643200,1.14307,1.14893,1.14228,1.14604,11988
1749657600,1.14604,1.14958,1.14529,1.14895,13329
1749672000,1.14896,1.14994,1.1479300000000001,1.1487,6828
1749686400,1.14823,1.15265,1.14823,1.15211,6279
1749700800,1.15211,1.1529,1.15064,1.15152,9316
1749715200,1.15145,1.15472,1.15059,1.15442,12424
1749729600,1.15441,1.16316,1.15401,1.16098,16426
1749744000,1.16095,1.1617,1.1567,1.15761,14675
1749758400,1.15759,1.15871,1.15637,1.1586,6079
1749772800,1.15825,1.16144,1.15395,1.15587,10108
1749787200,1.15587,1.15601,1.1514,1.15252,14201
1749801600,1.15252,1.15606,1.15118,1.15286,14451
1749816000,1.15285,1.15357,1.14889,1.15163,13651
1749830400,1.1516,1.15694,1.15013,1.15544,12759
1749844800,1.15544,1.15554,1.15334,1.1547,7674
1750032000,1.1531500000000001,1.15475,1.15261,1.15347,9670
1750046400,1.15343,1.15443,1.15236,1.15358,8356
1750060800,1.15358,1.15865,1.15358,1.15785,11990
1750075200,1.15783,1.15858,1.15697,1.1584,9393
1750089600,1.1584,1.16146,1.15783,1.15839,13647
1750104000,1.15839,1.15849,1.15543,1.15616,5921
1750118400,1.15592,1.15645,1.15425,1.15497,7020
1750132800,1.15497,1.15672,1.15457,1.1561,8012
1750147200,1.1561,1.15724,1.15453,1.15512,9828
1750161600,1.15516,1.15797,1.15478,1.15502,10110
1750176000,1.15503,1.15694,1.14989,1.15028,14391
1750190400,1.15029,1.15086,1.14745,1.1484,10226
1750204800,1.14776,1.14967,1.14745,1.14923,5888
1750219200,1.14921,1.15079,1.14894,1.15056,7882
1750233600,1.15055,1.15234,1.14984,1.1502,9693
1750248000,1.1502,1.15167,1.14918,1.15061,9571
1750262400,1.15057,1.15301,1.14843,1.1503,13968
1750276800,1.1503,1.15292,1.14606,1.14794,15683
1750291200,1.14723,1.14887,1.14712,1.14809,5950
1750305600,1.14809,1.14818,1.14508,1.14693,8774
1750320000,1.14693,1.14792,1.14462,1.14765,11848
1750334400,1.14765,1.14874,1.14676,1.14774,10009
1750348800,1.1477,1.14844,1.14545,1.14566,8522
1750363200,1.14566,1.15,1.14554,1.14987,3793
1750377600,1.14858,1.15239,1.14858,1.15228,5551
1750392000,1.15227,1.15323,1.15111,1.1527,8083
1750406400,1.1527,1.15296,1.15099,1.15225,9816
1750420800,1.15224,1.15348,1.15058,1.15127,9560
1750435200,1.1513,1.15371,1.14951,1.15359,12429
1750449600,1.15359,1.15439,1.15137,1.15214,5955
1750636800,1.14563,1.15072,1.14563,1.14892,8986
1750651200,1.14892,1.15067,1.14723,1.14903,9703
1750665600,1.14907,1.15209,1.14802,1.14817,12594
1750680000,1.14817,1.14828,1.14535,1.14675,12401
1750694400,1.14675,1.15574,1.14648,1.15446,18578
1750708800,1.1544699999999999,1.1581299999999999,1.15405,1.15779,10463
1750723200,1.15761,1.16086,1.15726,1.15992,8406
1750737600,1.15993,1.16141,1.15866,1.16063,8936
1750752000,1.16062,1.16222,1.15799,1.15926,14385
1750766400,1.15926,1.1618,1.15919,1.16006,10946
1750780800,1.16006,1.16414,1.15821,1.1623999999999999,16146
1750795200,1.16238,1.16324,1.16082,1.16105,6738
1750809600,1.16072,1.16267,1.16034,1.16251,4985
1750824000,1.16251,1.16313,1.16109,1.16137,7435
1750838400,1.16138,1.16226,1.15899,1.16099,9725
1750852800,1.16098,1.16133,1.15901,1.15928,8904
1750867200,1.15928,1.16357,1.15902,1.16307,11610
1750881600,1.16307,1.16649,1.16269,1.16555,6491
1750896000,1.16528,1.16891,1.16528,1.16821,4920
1750910400,1.16822,1.17172,1.1667399999999999,1.1679599999999999,8632
1750924800,1.1679599999999999,1.17444,1.16717,1.17276,12429
1750939200,1.17273,1.1730800000000001,1.16899,1.17066,12229
1750953600,1.17069,1.17401,1.16901,1.17293,15631
1750968000,1.17293,1.1732,1.1694,1.17,7020
1750982400,1.16964,1.17032,1.16807,1.16923,5233
1750996800,1.16919,1.17093,1.16849,1.1685,7404
1751011200,1.16856,1.1727,1.16834,1.17094,9652
1751025600,1.17095,1.17494,1.17012,1.17469,10613
1751040000,1.17469,1.17538,1.17053,1.1722,13804
1751054400,1.1722,1.17237,1.16878,1.1718899999999999,9533
1751241600,1.17286,1.17384,1.17156,1.17178,5304
1751256000,1.17178,1.17347,1.17116,1.17301,8088
1751270400,1.17299,1.17507,1.17133,1.17295,11512
1751284800,1.17295,1.17327,1.17077,1.17132,8646
1751299200,1.17132,1.17716,1.17105,1.17627,14212
1751313600,1.17627,1.17863,1.17604,1.17818,6926
1751328000,1.17807,1.1798,1.17718,1.17976,5297
1751342400,1.17976,1.1807400000000001,1.17777,1.17863,6459
1751356800,1.17863,1.1817199999999999,1.17675,1.18046,10237
1751371200,1.18044,1.1829399999999999,1.17967,1.18035,10847
1751385600,1.18036,1.18115,1.1761300000000001,1.17652,14955
1751400000,1.17654,1.18063,1.17652,1.18052,6374
1751414400,1.18002,1.18081,1.17985,1.1807400000000001,3928
1751428800,1.18073,1.18098,1.17881,1.17962,6420
1751443200,1.17962,1.1798,1.177,1.17757,9089
1751457600,1.17756,1.1788,1.17469,1.17566,12505
1751472000,1.17565,1.1794,1.17506,1.17883,13548
1751486400,1.17882,1.18031,1.17882,1.17958,5646
1751500800,1.17947,1.18087,1.1787,1.18067,3773
1751515200,1.18067,1.1810100000000001,1.17875,1.17893,5090
1751529600,1.17893,1.18099,1.17868,1.17978,8059
1751544000,1.17978,1.18,1.17172,1.17382,11510
1751558400,1.17382,1.17896,1.17337,1.17524,14766
1751572800,1.17522,1.17594,1.17442,1.17563,3444
1751587200,1.1758,1.17714,1.17516,1.17668,3790
1751601600,1.17668,1.17799,1.17558,1.17799,5993
1751616000,1.17799,1.17854,1.17676,1.17742,8574
1751630400,1.17742,1.17821,1.17638,1.17665,7750
1751644800,1.17665,1.17874,1.17663,1.17742,6424
1751659200,1.17743,1.17797,1.1770100000000001,1.17722,8446
1751846400,1.17821,1.17902,1.17734,1.17797,4276
1751860800,1.1779600000000001,1.1780599999999999,1.17639,1.17661,7429
1751875200,1.17661,1.17737,1.17231,1.17241,10167
1751889600,1.17241,1.1736,1.17181,1.17222,8394
1751904000,1.1722299999999999,1.17453,1.16873,1.1694,11219
1751918400,1.1694,1.17236,1.16865,1.17081,7709
1751932800,1.1706,1.17477,1.1706,1.17433,5196
1751947200,1.17433,1.17497,1.1730800000000001,1.17414,7361
1751961600,1.17414,1.17653,1.17318,1.17488,9752
1751976000,1.17487,1.17505,1.17138,1.1721,8846
1751990400,1.1721,1.17222,1.16824,1.17088,13548
1752004800,1.17088,1.17297,1.17075,1.17251,7288
1752019200,1.17195,1.17292,1.17141,1.17245,4313
1752033600,1.17245,1.17257,1.17012,1.1712500000000001,7265
1752048000,1.1712500000000001,1.17285,1.17023,1.17132,9433
1752062400,1.17132,1.17197,1.16895,1.17153,9190
1752076800,1.17153,1.17245,1.1700599999999999,1.17051,10188
1752091200,1.17045,1.17231,1.17039,1.17205,5205
1752105600,1.17159,1.17495,1.17149,1.17437,3928
1752120000,1.17431,1.17443,1.17303,1.1735,5270
1752134400,1.17349,1.17435,1.17259,1.17278,7546
1752148800,1.17278,1.17343,1.17015,1.17063,7361
1752163200,1.17063,1.17146,1.16625,1.16855,12523
1752177600,1.16855,1.1699,1.16814,1.16981,5375
1752192000,1.16956,1.17072,1.16645,1.16749,5850
1752206400,1.16748,1.1686,1.16686,1.16764,7793
1752220800,1.16764,1.16956,1.1670099999999999,1.16822,9467
1752235200,1.16821,1.17011,1.16812,1.1688399999999999,8990
1752249600,1.16885,1.17138,1.1674,1.16915,11984
1752264000,1.16915,1.16958,1.1678600000000001,1.1692,5991
1752451200,1.16666,1.16938,1.16608,1.16934,5552
1752465600,1.16933,1.16975,1.16726,1.16747,6373
1752480000,1.16747,1.16887,1.1654,1.16825,8424
1752494400,1.16825,1.1696900000000001,1.16794,1.1685699999999999,7276
1752508800,1.1685699999999999,1.16958,1.16601,1.16623,10252
1752523200,1.16623,1.16728,1.1659,1.16636,4549
1752537600,1.16619,1.16771,1.1660300000000001,1.16721,3483
1752552000,1.16721,1.16801,1.16652,1.16757,5270
1752566400,1.16757,1.16927,1.16717,1.16867,7250
1752580800,1.16868,1.16909,1.16622,1.16779,9105
1752595200,1.16779,1.16792,1.1593499999999999,1.1595900000000001,15609
1752609600,1.1596,1.16052,1.15928,1.16,5186
1752624000,1.15972,1.16134,1.15961,1.16079,3189
1752638400,1.16075,1.16199,1.16058,1.16197,5289
1752652800,1.16197,1.16284,1.16126,1.16252,7754
1752667200,1.16252,1.16261,1.1592500000000001,1.15985,8963
1752681600,1.15985,1.17218,1.15621,1.1639,25216
1752696000,1.1639,1.16583,1.16205,1.16419,8374
1752710400,1.16337,1.1642299999999999,1.1617,1.16237,3950
1752724800,1.16239,1.16289,1.16134,1.16244,5885
1752739200,1.16244,1.16272,1.15732,1.16014,9737
1752753600,1.16019,1.1604700000000001,1.15564,1.1587,8290
1752768000,1.1587,1.16026,1.15775,1.15861,10813
1752782400,1.15862,1.16002,1.15799,1.1596,5167
1752796800,1.15936,1.16276,1.15926,1.16244,4158
1752811200,1.16244,1.16343,1.1618,1.16193,5471
1752825600,1.16193,1.16456,1.16119,1.16354,7390
1752840000,1.16353,1.16584,1.16319,1.16562,7274
1752854400,1.16562,1.16718,1.16262,1.16285,11536
1752868800,1.16285,1.16297,1.1616900000000001,1.16223,5142
1753056000,1.16222,1.16363,1.16189,1.16192,5601
1753070400,1.16186,1.163,1.16144,1.16291,5034
1753084800,1.16291,1.16522,1.16275,1.1642299999999999,7571
1753099200,1.1642299999999999,1.16732,1.1633499999999999,1.1665,7448
1753113600,1.1665,1.17167,1.16575,1.16999,10387
1753128000,1.17,1.17014,1.16858,1.16931,5314
1753142400,1.16892,1.16959,1.16832,1.1688399999999999,3023
1753156800,1.1688399999999999,1.16956,1.1682299999999999,1.16883,4190
1753171200,1.16883,1.17033,1.16816,1.16983,6703
1753185600,1.16983,1.17094,1.1683,1.16906,7404
1753200000,1.16906,1.17605,1.16787,1.1755,12724
1753214400,1.1755,1.17553,1.17418,1.17517,4823
1753228800,1.17532,1.17561,1.17334,1.17471,4963
1753243200,1.17475,1.17485,1.17304,1.17349,7116
1753257600,1.17349,1.17529,1.17269,1.17329,8423
1753272000,1.17329,1.17395,1.17201,1.1724999999999999,7873
1753286400,1.1724999999999999,1.17607,1.17109,1.17512,12829
1753300800,1.17512,1.1775,1.17455,1.17704,7472
1753315200,1.17671,1.17788,1.17619,1.17669,3889
1753329600,1.17669,1.178,1.17668,1.17741,6177
1753344000,1.17741,1.17782,1.17549,1.1757900000000001,8766
1753358400,1.1757900000000001,1.17592,1.1732,1.1736,8283
1753372800,1.1736,1.17886,1.17304,1.17624,14489
1753387200,1.17624,1.17779,1.17449,1.17473,5592
1753401600,1.17386,1.17586,1.17386,1.17543,4398
1753416000,1.17543,1.17583,1.17339,1.174,5711
1753430400,1.174,1.17609,1.1737,1.17431,9716
1753444800,1.17431,1.17435,1.17114,1.17183,8286
1753459200,1.17183,1.17386,1.1703000000000001,1.17288,13701
1753473600,1.17287,1.1747,1.17286,1.17388,5220
1753660800,1.17504,1.17705,1.17504,1.17638,5674
1753675200,1.17638,1.17696,1.17456,1.17474,6557
1753689600,1.17474,1.17476,1.16705,1.16791,12017
1753704000,1.1679,1.16844,1.16436,1.16578,12263
1753718400,1.16578,1.1662,1.15982,1.15991,12589
1753732800,1.15991,1.16012,1.15852,1.15881,5629
1753747200,1.15877,1.15976,1.15842,1.15849,3678
1753761600,1.15849,1.15992,1.15744,1.15886,6035
1753776000,1.15886,1.15901,1.15267,1.15689,11829
1753790400,1.1569099999999999,1.15882,1.15247,1.15247,10584
1753804800,1.15247,1.15514,1.15188,1.1541299999999999,14184
1753819200,1.15412,1.15604,1.15375,1.15449,6954
1753833600,1.1544699999999999,1.15677,1.15446,1.15671,3572
1753848000,1.1567,1.15726,1.15501,1.15511,6076
1753862400,1.15511,1.15685,1.15401,1.15567,8830
1753876800,1.15566,1.15604,1.1469,1.1473,11398
1753891200,1.1473,1.14849,1.14579,1.14738,12998
1753905600,1.14738,1.15033,1.14021,1.14056,15918
1753920000,1.1404,1.14374,1.14022,1.14341,5048
1753934400,1.14341,1.1438,1.14074,1.14354,7798
1753948800,1.14353,1.14608,1.14307,1.145,10192
1753963200,1.145,1.1451,1.14206,1.14286,10409
1753977600,1.14286,1.14497,1.1406,1.14224,14664
1753992000,1.14224,1.1433,1.14094,1.14144,7217
1754006400,1.14145,1.14289,1.14116,1.1424400000000001,5356
1754020800,1.14243,1.14287,1.14049,1.14192,7255
1754035200,1.14192,1.14378,1.14054,1.1406399999999999,9184
1754049600,1.1406399999999999,1.15585,1.13914,1.15453,14702
1754064000,1.15458,1.15877,1.15359,1.15392,24854
1754078400,1.15392,1.15968,1.15164,1.15952,11893
1754265600,1.15911,1.15956,1.15556,1.15578,7323
1754280000,1.15578,1.1586,1.15502,1.15745,8485
1754294400,1.15745,1.15831,1.15495,1.1558,11083
1754308800,1.15577,1.15884,1.15551,1.1575199999999999,11653
1754323200,1.1575199999999999,1.15883,1.15568,1.1572,14457
1754337600,1.1572,1.15775,1.1562999999999999,1.15747,6948
1754352000,1.15675,1.15878,1.15616,1.15717,4482
1754366400,1.1571799999999999,1.1574,1.1554,1.15583,6265
1754380800,1.15581,1.15623,1.15313,1.15367,9240
1754395200,1.15369,1.15484,1.15276,1.1537,9818
1754409600,1.1537,1.1586,1.15319,1.15826,15085
1754424000,1.15829,1.15833,1.15663,1.15758,6419
1754438400,1.15704,1.15851,1.15704,1.15736,4030
1754452800,1.15736,1.1586,1.15641,1.15828,5708
1754467200,1.15825,1.15881,1.15704,1.15749,7862
1754481600,1.15744,1.16285,1.15743,1.16235,9072
1754496000,1.16235,1.1648100000000001,1.16172,1.16346,14209
1754510400,1.16346,1.16685,1.16329,1.16561,7333
1754524800,1.16537,1.16658,1.16506,1.16524,4549
1754539200,1.16524,1.16764,1.16494,1.16711,6175
1754553600,1.16712,1.16989,1.16679,1.16827,9382
1754568000,1.16827,1.1684700000000001,1.16339,1.1651,12631
1754582400,1.16509,1.16584,1.16109,1.16382,15164
1754596800,1.16382,1.16712,1.16189,1.16666,8541
1754611200,1.16602,1.16793,1.16584,1.16726,5565
1754625600,1.16727,1.16737,1.16549,1.16582,6325
1754640000,1.1658,1.16644,1.16345,1.16371,8840
1754654400,1.1637,1.16535,1.16287,1.16417,9789
1754668800,1.16417,1.16677,1.16412,1.16564,10552
1754683200,1.16564,1.16666,1.16363,1.164,7165
1754870400,1.164,1.16509,1.164,1.16474,3636
1754884800,1.16474,1.16753,1.16454,1.16719,4856
1754899200,1.16718,1.16739,1.16442,1.16553,7697
1754913600,1.16547,1.1657899999999999,1.1614,1.16201,8033
1754928000,1.16201,1.16277,1.15899,1.16075,9898
1754942400,1.16076,1.16192,1.15985,1.16184,5444
1754956800,1.16123,1.16198,1.16099,1.1615199999999999,4465
1754971200,1.1615199999999999,1.16276,1.16143,1.16275,5864
1754985600,1.16275,1.1629,1.16079,1.16149,10615
1755000000,1.16149,1.16558,1.1598600000000001,1.16424,14677
1755014400,1.16424,1.16973,1.16172,1.16795,24094
1755028800,1.16795,1.16804,1.16644,1.16727,7516
1755043200,1.16723,1.16806,1.16681,1.16799,4048
1755057600,1.16799,1.16875,1.16703,1.16841,6090
1755072000,1.16841,1.17206,1.16763,1.17139,11187
1755086400,1.17139,1.17302,1.16972,1.16989,9593
1755100800,1.16989,1.17234,1.16926,1.1706699999999999,12922
1755115200,1.1706699999999999,1.17107,1.16958,1.17052,6067
1755129600,1.17021,1.17147,1.16997,1.17112,3958
1755144000,1.17112,1.1715200000000001,1.16987,1.17037,6755
1755158400,1.17037,1.17065,1.16677,1.16683,11193
1755172800,1.16683,1.16972,1.16488,1.16637,13980
1755187200,1.16637,1.16714,1.1631,1.16344,17013
1755201600,1.16344,1.16503,1.16312,1.1648399999999999,6653
1755216000,1.16477,1.16531,1.16458,1.1652,3327
1755230400,1.1652,1.16646,1.1648,1.16627,5437
1755244800,1.16627,1.16852,1.16612,1.16822,7602
1755259200,1.16822,1.17,1.16732,1.16939,9223
1755273600,1.16939,1.17153,1.16817,1.17037,13614
1755288000,1.17037,1.17079,1.16986,1.17027,5973
1755475200,1.17096,1.17153,1.17001,1.17017,4430
1755489600,1.17016,1.17104,1.16934,1.17085,6402
1755504000,1.17085,1.1709,1.1671,1.16818,9710
1755518400,1.16818,1.16883,1.16659,1.16764,8832
1755532800,1.16764,1.16844,1.16558,1.16578,11354
1755547200,1.16578,1.16704,1.16566,1.16614,6060
1755561600,1.16588,1.16749,1.16558,1.16585,4173
1755576000,1.16585,1.16622,1.16392,1.16607,7499
1755590400,1.16607,1.16844,1.1651,1.16749,9170
1755604800,1.16749,1.16928,1.16726,1.16755,8365
1755619200,1.16754,1.16783,1.1654200000000001,1.16563,11195
1755633600,1.16563,1.16607,1.1642299999999999,1.16463,5868
1755648000,1.16432,1.16489,1.16313,1.16388,4459
1755662400,1.16388,1.16421,1.16219,1.16345,8188
1755676800,1.16345,1.16469,1.16232,1.16379,10026
1755691200,1.16379,1.16738,1.16349,1.16709,9385
1755705600,1.16709,1.16718,1.16462,1.16597,12887
1755720000,1.16597,1.16724,1.16468,1.16513,7185
1755734400,1.16498,1.1655,1.16411,1.16468,4312
1755748800,1.16468,1.16504,1.16411,1.16452,6240
1755763200,1.16452,1.16612,1.16248,1.16548,9555
1755777600,1.16549,1.16626,1.16367,1.16466,9484
1755792000,1.16466,1.165,1.16009,1.16111,16570
1755806400,1.1611,1.16186,1.16033,1.16059,5941
1755820800,1.16034,1.16166,1.1602000000000001,1.16146,4535
1755835200,1.16147,1.16156,1.1583,1.15845,6650
1755849600,1.15845,1.1599599999999999,1.15832,1.15993,7519
1755864000,1.15993,1.16137,1.15933,1.16086,7740
1755878400,1.16086,1.17323,1.15974,1.17218,25645
1755892800,1.17218,1.17425,1.17148,1.17208,8515
1756080000,1.17218,1.17259,1.16953,1.1697899999999999,4554
1756094400,1.1697899999999999,1.17078,1.16934,1.17057,5530
1756108800,1.17057,1.17202,1.16942,1.1703999999999999,7792
1756123200,1.1703999999999999,1.17046,1.16851,1.16997,7237
1756137600,1.16997,1.17089,1.16511,1.16548,12343
1756152000,1.16548,1.16558,1.16027,1.16205,9198
1756166400,1.16178,1.166,1.16101,1.16478,8816
1756180800,1.16478,1.165,1.16235,1.16318,8633
1756195200,1.16318,1.16444,1.16021,1.1617899999999999,12548
1756209600,1.1617899999999999,1.16605,1.16176,1.16464,10830
1756224000,1.1646,1.16652,1.16371,1.16488,13939
1756238400,1.16488,1.16527,1.16333,1.16416,6783
1756252800,1.16406,1.16475,1.16336,1.16367,3975
1756267200,1.16367,1.16407,1.16119,1.1614200000000001,5687
1756281600,1.1614200000000001,1.16238,1.15769,1.15886,9851
1756296000,1.15887,1.15982,1.1574,1.15863,10281
1756310400,1.15863,1.16407,1.15821,1.16381,14532
1756324800,1.16381,1.16428,1.16277,1.16375,6882
1756339200,1.16356,1.16494,1.1630099999999999,1.16454,3805
1756353600,1.16454,1.16546,1.1638600000000001,1.16398,5740
1756368000,1.16398,1.16495,1.16289,1.1642299999999999,9922
1756382400,1.1642299999999999,1.16871,1.1642299999999999,1.16694,12540
1756396800,1.16695,1.169,1.16585,1.16893,13877
1756411200,1.16893,1.16973,1.16773,1.16815,5977
1756425600,1.16805,1.16819,1.1672500000000001,1.16747,4203
1756440000,1.16747,1.16763,1.16561,1.16647,5843
1756454400,1.16647,1.16903,1.16611,1.16758,9499
1756468800,1.16758,1.16825,1.16507,1.16586,10186
1756483200,1.16586,1.17088,1.16536,1.17015,15402
1756497600,1.17015,1.17029,1.16806,1.16866,6074
1756684800,1.16941,1.1698,1.16852,1.1697,3855
1756699200,1.1697,1.17144,1.16878,1.17082,6970
1756713600,1.17082,1.17362,1.1708,1.17352,9312
1756728000,1.17352,1.17361,1.17063,1.17072,8091
1756742400,1.17075,1.17163,1.16966,1.17046,8104
1756756800,1.17046,1.17137,1.17011,1.17115,2945
1756771200,1.17052,1.17183,1.17029,1.17043,4743
1756785600,1.17043,1.17068,1.16898,1.16931,8035
1756800000,1.16931,1.17064,1.16336,1.16449,15546
1756814400,1.1644700000000001,1.1653,1.16128,1.16172,16151
1756828800,1.16172,1.16825,1.1615,1.1644,18204
1756843200,1.1644,1.1648,1.16295,1.16422,6924
1756857600,1.16394,1.16444,1.16285,1.16329,4433
1756872000,1.16329,1.16354,1.1622,1.16318,5926
1756886400,1.16318,1.16576,1.1608,1.16565,10384
1756900800,1.16565,1.16648,1.16395,1.16482,10770
1756915200,1.16482,1.1682,1.16385,1.1675200000000001,16249
1756929600,1.1675200000000001,1.1677,1.16554,1.16608,6952
1756944000,1.16581,1.16629,1.16546,1.16587,3989
1756958400,1.16587,1.16692,1.16504,1.16516,5540
1756972800,1.16516,1.1661299999999999,1.16439,1.16576,9331
1756987200,1.16576,1.16598,1.1629800000000001,1.16458,12398
1757001600,1.16458,1.16556,1.16311,1.16394,14124
1757016000,1.1639599999999999,1.16523,1.16343,1.16513,5301
1757030400,1.16463,1.16606,1.1642299999999999,1.16594,4485
1757044800,1.16594,1.16745,1.16594,1.1667,4755
1757059200,1.1667,1.16843,1.1665,1.16833,7424
1757073600,1.16833,1.17499,1.16776,1.17343,15057
1757088000,1.17342,1.17594,1.1714,1.17388,22258
1757102400,1.17388,1.17392,1.17129,1.17205,7635
1757289600,1.1713,1.17196,1.17035,1.17129,4365
1757304000,1.1713,1.17174,1.1706,1.17129,6605
1757318400,1.1713,1.17428,1.17119,1.17313,8515
1757332800,1.17312,1.17415,1.17199,1.17375,7504
1757347200,1.17374,1.17559,1.1735,1.1740599999999999,9953
1757361600,1.17405,1.17655,1.17349,1.17611,5823
1757376000,1.17593,1.17743,1.17574,1.17715,3992
1757390400,1.17714,1.17779,1.17633,1.17726,5636
1757404800,1.17725,1.17799,1.17441,1.17594,10151
1757419200,1.17598,1.17721,1.17276,1.17373,8431
1757433600,1.17376,1.17626,1.17155,1.17188,14332
1757448000,1.1718899999999999,1.17235,1.17037,1.17093,6015
1757462400,1.17046,1.17135,1.1696,1.16967,4147
1757476800,1.1696900000000001,1.17156,1.16892,1.17148,5934
1757491200,1.17147,1.17183,1.1682299999999999,1.16999,9176
1757505600,1.16997,1.17254,1.16906,1.17002,10908
1757520000,1.17003,1.17301,1.16958,1.17055,12044
1757534400,1.17057,1.17122,1.16933,1.16948,5318
1757548800,1.1693500000000001,1.17069,1.16932,1.16939,3120
1757563200,1.16938,1.17027,1.16928,1.16993,4343
1757577600,1.16994,1.16994,1.16836,1.16919,10002
1757592000,1.1691799999999999,1.17209,1.16574,1.17149,14022
1757606400,1.1715,1.1746,1.17138,1.17363,17219
1757620800,1.17364,1.17392,1.17276,1.17361,6304
1757635200,1.17317,1.17405,1.17269,1.1733,3742
1757649600,1.17331,1.17346,1.17207,1.17256,5202
1757664000,1.17255,1.17477,1.17155,1.17173,9303
1757678400,1.17172,1.17353,1.17013,1.17122,10193
1757692800,1.17121,1.17316,1.17034,1.17268,11347
1757707200,1.17272,1.17416,1.17266,1.17316,5224
1757894400,1.1729,1.17346,1.17218,1.17266,2872
1757908800,1.17267,1.17353,1.17227,1.17338,4178
1757923200,1.1734,1.17443,1.1716199999999999,1.17371,7174
1757937600,1.1736900000000001,1.17708,1.17361,1.17695,7962
1757952000,1.17696,1.17743,1.17508,1.17582,9606
1757966400,1.17581,1.17727,1.17578,1.17604,5273
1757980800,1.17576,1.1766,1.17572,1.17619,3527
1757995200,1.17622,1.1786699999999999,1.1757900000000001,1.17768,6127
1758009600,1.1777,1.18036,1.1773500000000001,1.17949,9111
1758024000,1.17954,1.18213,1.17875,1.18047,12224
1758038400,1.18045,1.18716,1.18041,1.18646,15112
1758052800,1.18643,1.18784,1.18579,1.18649,7401
1758067200,1.1857199999999999,1.18729,1.18519,1.18583,3997
1758081600,1.18582,1.18593,1.1851099999999999,1.18539,5380
1758096000,1.18544,1.18595,1.1838,1.18481,7345
1758110400,1.18484,1.18498,1.1832799999999999,1.18434,7918
1758124800,1.18435,1.18592,1.18422,1.1853,9116
1758139200,1.18529,1.19186,1.1807699999999999,1.18116,22699
1758153600,1.18102,1.18287,1.18097,1.18252,5599
1758168000,1.18251,1.1828400000000001,1.17937,1.17948,7104
1758182400,1.1795,1.1838899999999999,1.17804,1.18277,12099
1758196800,1.18279,1.18482,1.17953,1.17956,12609
1758211200,1.17946,1.17962,1.17499,1.17869,17110
1758225600,1.17868,1.17938,1.17812,1.17819,6358
1758240000,1.17767,1.17907,1.17753,1.17865,4264
1758254400,1.17864,1.17925,1.1770100000000001,1.17739,8475
1758268800,1.17738,1.17781,1.17512,1.1761,12168
1758283200,1.17609,1.17686,1.17287,1.17361,9959
1758297600,1.1736,1.17678,1.17352,1.1753,12844
1758312000,1.17531,1.17551,1.17401,1.17428,4975
1758499200,1.17386,1.1748,1.1726,1.17344,4155
1758513600,1.17347,1.17409,1.17263,1.17306,6335
1758528000,1.17305,1.17692,1.17296,1.1762299999999999,8097
1758542400,1.17624,1.17873,1.17616,1.1783,7865
1758556800,1.17836,1.17901,1.17626,1.1788,10549
1758571200,1.17881,1.18025,1.17856,1.18012,4264
1758585600,1.1788,1.1807400000000001,1.17872,1.18063,3765
1758600000,1.18062,1.18198,1.17965,1.17975,5814
1758614400,1.17972,1.18053,1.17766,1.18027,10164
1758628800,1.18031,1.18123,1.17844,1.17967,8259
1758643200,1.17968,1.18092,1.17843,1.18049,13122
1758657600,1.18048,1.18182,1.18029,1.18144,6776
1758672000,1.18119,1.18187,1.18033,1.18038,5009
1758686400,1.18038,1.18052,1.17948,1.1803,6049
1758700800,1.18029,1.18046,1.17663,1.17719,8669
1758715200,1.17726,1.17748,1.17392,1.17427,9578
1758729600,1.17427,1.17461,1.17281,1.17325,13559
1758744000,1.17324,1.1740599999999999,1.17317,1.17371,6176
1758758400,1.17358,1.17482,1.17358,1.17474,3695
1758772800,1.17473,1.17536,1.17404,1.1752,5017
1758787200,1.17521,1.17522,1.17306,1.17427,8524
1758801600,1.17428,1.17539,1.16875,1.1698,11145
1758816000,1.1697899999999999,1.1710099999999999,1.16666,1.16706,16204
1758830400,1.16705,1.16719,1.16454,1.16643,8064
1758844800,1.1652,1.16712,1.1652,1.16711,6319
1758859200,1.16711,1.16819,1.16656,1.16798,5228
1758873600,1.168,1.16877,1.16684,1.16804,8125
1758888000,1.16803,1.16863,1.16616,1.16829,9712
1758902400,1.16832,1.17046,1.16781,1.16928,14169
1758916800,1.16929,1.17072,1.16907,1.17014,5588
1759104000,1.16986,1.17233,1.16971,1.17216,4284
1759118400,1.1721300000000001,1.1733,1.17143,1.1727,5457
1759132800,1.17269,1.17333,1.17078,1.17237,8628
1759147200,1.17238,1.17512,1.17093,1.17499,9285
1759161600,1.175,1.17546,1.17227,1.17294,10269
1759176000,1.17299,1.17329,1.17202,1.17265,3900
1759190400,1.17237,1.17324,1.17124,1.17208,3983
1759204800,1.17209,1.17287,1.17122,1.17285,6105
1759219200,1.17285,1.17611,1.1728,1.17555,9691
1759233600,1.1755,1.17583,1.17331,1.17371,7724
1759248000,1.17372,1.17591,1.17166,1.17566,12795
1759262400,1.17567,1.17614,1.17329,1.17334,5117
1759276800,1.17314,1.17426,1.17296,1.17361,3945
1759291200,1.17362,1.17586,1.17302,1.17582,4705
1759305600,1.17593,1.17787,1.1742,1.17494,12806
1759320000,1.17484,1.17689,1.1716,1.1749100000000001,13229
1759334400,1.17492,1.17635,1.17155,1.17227,15790
1759348800,1.17229,1.1742,1.17215,1.17283,5575
1759363200,1.17282,1.17374,1.17219,1.17298,4435
1759377600,1.17299,1.1742,1.17238,1.17344,4518
1759392000,1.17343,1.17568,1.17294,1.17535,8538
1759406400,1.17533,1.17583,1.17339,1.17376,8748
1759420800,1.17375,1.17439,1.16832,1.1715,13030
1759435200,1.17149,1.17266,1.17124,1.17157,4071
1759449600,1.17124,1.1726,1.171,1.17244,3067
1759464000,1.17243,1.17293,1.1716199999999999,1.17181,5167
1759478400,1.1718,1.17446,1.17149,1.17403,7521
1759492800,1.17402,1.1743000000000001,1.17276,1.17393,7446
1759507200,1.17393,1.1758899999999999,1.17327,1.17399,11450
1759521600,1.17398,1.17443,1.17268,1.17391,4171
1759708800,1.17221,1.17255,1.17063,1.1716199999999999,7794
1759723200,1.17167,1.1730800000000001,1.17102,1.17203,5787
1759737600,1.17202,1.17253,1.16517,1.16679,12535
1759752000,1.1665,1.16897,1.16525,1.1689,10744
1759766400,1.16893,1.1721,1.16838,1.17121,10491
1759780800,1.17122,1.1717,1.17083,1.17107,3922
1759795200,1.17014,1.17145,1.17014,1.17089,4842
1759809600,1.17086,1.17087,1.16943,1.16983,4153
1759824000,1.16981,1.16999,1.16651,1.16658,8202
1759838400,1.16654,1.16758,1.16541,1.16669,8483
1759852800,1.16668,1.16812,1.16547,1.16699,11097
1759867200,1.167,1.16794,1.16476,1.16573,5843
1759881600,1.16495,1.16609,1.16456,1.16473,4171
1759896000,1.16472,1.16472,1.1616,1.16193,6992
1759910400,1.16191,1.16355,1.16071,1.16145,9749
1759924800,1.16147,1.16379,1.1606,1.16324,8580
1759939200,1.16323,1.1644700000000001,1.15984,1.16053,10157
1759953600,1.1605699999999999,1.16321,1.15997,1.16288,6319
1759968000,1.1626400000000001,1.16411,1.16197,1.16369,5130
1759982400,1.16369,1.16477,1.16363,1.16456,5370
1759996800,1.16454,1.1648100000000001,1.16031,1.16122,10136
1760011200,1.16124,1.16273,1.16052,1.16151,9942
1760025600,1.16153,1.16233,1.1547,1.15581,15212
1760040000,1.15581,1.15669,1.1542,1.1564,6479
1760054400,1.1558,1.15708,1.1554,1.15676,3524
1760068800,1.15677,1.1574200000000001,1.15624,1.15736,4840
1760083200,1.15734,1.15895,1.15612,1.15789,9242
1760097600,1.15788,1.15835,1.15591,1.1572,8270
1760112000,1.15719,1.16308,1.1562000000000001,1.16059,15672
1760126400,1.1605699999999999,1.16243,1.1597,1.16232,5693
1760313600,1.16092,1.16159,1.1592,1.16158,7439
1760328000,1.16175,1.16276,1.16097,1.1620300000000001,6161
1760342400,1.16205,1.1629800000000001,1.15816,1.15853,10358
1760356800,1.15853,1.15981,1.15619,1.15686,8803
1760371200,1.15687,1.15789,1.15574,1.15754,8997
1760385600,1.15755,1.1577600000000001,1.1565,1.15673,4346
1760400000,1.15675,1.15738,1.15549,1.15609,4877
1760414400,1.15612,1.15927,1.15605,1.1592,7277
1760428800,1.15922,1.15936,1.15429,1.1559,14318
1760443200,1.15592,1.15652,1.15464,1.15557,11448
1760457600,1.15556,1.1615,1.15544,1.16094,16107
1760472000,1.16088,1.16121,1.15999,1.16059,6996
1760486400,1.16055,1.1614,1.16018,1.16104,4679
1760500800,1.16105,1.1626,1.16069,1.16184,7241
1760515200,1.16188,1.16454,1.16175,1.16326,10554
1760529600,1.16324,1.16392,1.16139,1.16176,9367
1760544000,1.16177,1.16469,1.16105,1.16401,12905
1760558400,1.16392,1.16476,1.16271,1.16456,6872
1760572800,1.16429,1.1667,1.16405,1.1663000000000001,5218
1760587200,1.16631,1.16754,1.16557,1.16562,7481
1760601600,1.16561,1.1668,1.16431,1.16591,11438
1760616000,1.1659,1.1663999999999999,1.16463,1.16606,10539
1760630400,1.16612,1.16791,1.16499,1.16771,14821
1760644800,1.16772,1.16943,1.16769,1.16872,9136
1760659200,1.16837,1.17114,1.16833,1.17068,5195
1760673600,1.17066,1.17124,1.16951,1.171,7034
1760688000,1.17099,1.17283,1.16915,1.16973,14487
1760702400,1.16975,1.17079,1.16667,1.16765,12574
1760716800,1.16764,1.1681300000000001,1.16566,1.16708,14707
1760731200,1.16709,1.16758,1.16497,1.16521,6711
1760918400,1.16594,1.16662,1.1651799999999999,1.16662,4122
1760932800,1.16663,1.16739,1.16566,1.16715,4341
1760947200,1.16714,1.16754,1.16537,1.16635,9837
1760961600,1.16636,1.16677,1.16443,1.16534,10913
1760976000,1.16535,1.16644,1.16463,1.16499,10515
1760990400,1.16495,1.16529,1.16384,1.16433,4456
1761004800,1.16371,1.16553,1.16371,1.16532,3692
1761019200,1.16531,1.16531,1.16318,1.1636,6449
1761033600,1.16361,1.16374,1.16128,1.16212,10742
1761048000,1.1621299999999999,1.16273,1.1602000000000001,1.16112,11678
1761062400,1.1611,1.16245,1.15976,1.1609,14116
1761076800,1.16089,1.16101,1.15988,1.15994,5006
1761091200,1.1598,1.16079,1.1598,1.1604700000000001,4322
1761105600,1.16046,1.1611,1.16012,1.1609099999999999,5183
1761120000,1.16092,1.16157,1.1589800000000001,1.15975,10724
1761134400,1.15972,1.16019,1.15767,1.15831,10685
1761148800,1.15832,1.16224,1.15818,1.16195,12770
1761163200,1.16193,1.16205,1.16049,1.16094,5207
1761177600,1.16062,1.16145,1.15977,1.16041,3811
1761192000,1.16044,1.16055,1.15904,1.15987,4912
1761206400,1.15988,1.16061,1.15897,1.15963,7895
1761220800,1.15962,1.16061,1.15855,1.16007,7855
1761235200,1.16008,1.16199,1.15981,1.16069,10514
1761249600,1.16067,1.162,1.16043,1.16182,4338
1761264000,1.16143,1.16216,1.16132,1.16178,3320
1761278400,1.16178,1.16188,1.16056,1.16077,4582
1761292800,1.16077,1.16279,1.16009,1.16102,9048
1761307200,1.16095,1.16477,1.16053,1.16342,10320
1761321600,1.16343,1.16434,1.16182,1.16257,12970
1761336000,1.16256,1.1635900000000001,1.16207,1.16269,5115
1761523200,1.16322,1.16377,1.16233,1.16349,5573
1761537600,1.16348,1.16476,1.16207,1.16245,5069
1761552000,1.1625,1.16332,1.16176,1.16284,7932
1761566400,1.16282,1.16515,1.16261,1.16413,8878
1761580800,1.16414,1.16429,1.16316,1.16388,9661
1761595200,1.16389,1.16521,1.1635,1.16436,5031
1761609600,1.16421,1.16589,1.16421,1.16556,4122
1761624000,1.16557,1.16677,1.16538,1.16663,5809
1761638400,1.1666400000000001,1.1668,1.16488,1.1652,7431
1761652800,1.16519,1.1665,1.16349,1.16402,7918
1761667200,1.16397,1.16678,1.16256,1.16677,11320
1761681600,1.16678,1.16687,1.16509,1.16531,5425
1761696000,1.16499,1.1661,1.16483,1.16545,4286
1761710400,1.16544,1.16561,1.16315,1.16341,4726
1761724800,1.1634,1.16378,1.16232,1.16232,7363
1761739200,1.16224,1.16489,1.16188,1.16338,8305
1761753600,1.16339,1.16658,1.16315,1.16572,10236
1761768000,1.16571,1.16589,1.15777,1.15992,16028
1761782400,1.15997,1.16153,1.15966,1.1612,3537
1761796800,1.16123,1.16375,1.1607,1.1632,8244
1761811200,1.16319,1.16342,1.16068,1.16174,10651
1761825600,1.16166,1.16283,1.1553200000000001,1.1555,10544
1761840000,1.15546,1.15863,1.1547,1.15693,13228
1761854400,1.15694,1.15719,1.15603,1.15695,5963
1761868800,1.1564,1.15771,1.15636,1.15738,3875
1761883200,1.15737,1.15777,1.15649,1.15721,5442
1761897600,1.1572,1.15735,1.1555,1.15705,7424
1761912000,1.15706,1.15769,1.15534,1.15558,8058
1761926400,1.1555900000000001,1.15563,1.15223,1.15301,13302
1761940800,1.15303,1.15373,1.15215,1.15353,5628
1762128000,1.15301,1.15383,1.15215,1.15268,6988
1762142400,1.15272,1.15377,1.15262,1.15349,4367
1762156800,1.15349,1.15412,1.15097,1.15144,7855
1762171200,1.15145,1.15221,1.15059,1.1511,7665
1762185600,1.15109,1.15377,1.1505,1.15273,10046
1762200000,1.15274,1.1531,1.1515900000000001,1.15195,4522
1762214400,1.15167,1.15206,1.14982,1.1509800000000001,4930
1762228800,1.1509800000000001,1.15178,1.15048,1.15126,4866
1762243200,1.15127,1.15334,1.14999,1.15009,8649
1762257600,1.15008,1.15099,1.14772,1.14922,7917
1762272000,1.14919,1.14965,1.1473200000000001,1.1484,9132
1762286400,1.14838,1.14872,1.14751,1.14807,4112
1762300800,1.14809,1.14981,1.14788,1.14895,4941
1762315200,1.14898,1.14941,1.14851,1.1491500000000001,3963
1762329600,1.14916,1.14953,1.14815,1.14845,5924
1762344000,1.14849,1.14934,1.14729,1.14737,7492
1762358400,1.14736,1.1493,1.1469,1.14804,12139
1762372800,1.14807,1.14938,1.14787,1.1492499999999999,4130
1762387200,1.14905,1.15089,1.14894,1.15073,4072
1762401600,1.15074,1.15107,1.15029,1.151,3380
1762416000,1.1509,1.15237,1.15054,1.15136,6584
1762430400,1.15134,1.15441,1.15103,1.15356,8450
1762444800,1.15356,1.15428,1.15191,1.15408,12204
1762459200,1.15409,1.15524,1.15393,1.15475,5256
1762473600,1.15432,1.15514,1.15362,1.15379,5637
1762488000,1.1538,1.1543,1.15323,1.15339,3239
1762502400,1.15343,1.15422,1.15296,1.15382,5999
1762516800,1.15381,1.15697,1.15375,1.15676,8762
1762531200,1.15677,1.15911,1.1565400000000001,1.1580300000000001,10405
1762545600,1.15804,1.15836,1.15556,1.15634,5345
1762732800,1.15551,1.15605,1.15416,1.15583,6536
1762747200,1.15582,1.15666,1.15511,1.15619,4448
1762761600,1.1562000000000001,1.15831,1.15514,1.15683,8339
1762776000,1.15682,1.1578,1.1554,1.1568,7950
1762790400,1.15679,1.15685,1.15411,1.15605,10758
1762804800,1.15605,1.1565,1.1555,1.15558,4598
1762819200,1.15552,1.15603,1.1547,1.15544,4160
1762833600,1.15545,1.15652,1.1552,1.15616,3960
1762848000,1.15617,1.15685,1.1549800000000001,1.15648,7818
1762862400,1.15647,1.16056,1.15626,1.1601,9262
1762876800,1.16011,1.1605,1.15906,1.15952,10091
1762891200,1.15949,1.15955,1.1581,1.15825,4665
1762905600,1.15823,1.1587,1.15744,1.15755,4611
1762920000,1.15753,1.15815,1.157,1.15763,4478
1762934400,1.15761,1.15884,1.15683,1.15699,7490
1762948800,1.15702,1.1580300000000001,1.15652,1.1572,8744
1762963200,1.15719,1.15978,1.15628,1.1593,11039
1762977600,1.15931,1.15944,1.1584,1.15902,4626
1762992000,1.15905,1.15942,1.15789,1.15895,5049
1763006400,1.15897,1.15929,1.15801,1.15817,3338
1763020800,1.15814,1.16349,1.15811,1.16165,9688
1763035200,1.16166,1.16248,1.16045,1.16205,9833
1763049600,1.16206,1.1656,1.1616900000000001,1.16513,14348
1763064000,1.16512,1.16517,1.16306,1.16372,6636
1763078400,1.16338,1.16391,1.16233,1.16333,5457
1763092800,1.16331,1.1648100000000001,1.1629800000000001,1.16478,4711
1763107200,1.16477,1.16485,1.16204,1.16219,11368
1763121600,1.16217,1.16537,1.16088,1.16377,13015
1763136000,1.16377,1.16384,1.16061,1.1614,15528
1763150400,1.16141,1.16235,1.16098,1.16217,6380
1763337600,1.16135,1.16246,1.16049,1.16064,4523
1763352000,1.16063,1.16064,1.15964,1.16003,3375
1763366400,1.16005,1.16148,1.15948,1.16015,7017
1763380800,1.16014,1.16083,1.15886,1.15911,8182
1763395200,1.1590799999999999,1.16019,1.1582,1.15936,9696
1763409600,1.15937,1.1595,1.15824,1.15911,5364
1763424000,1.15892,1.15942,1.15845,1.1590799999999999,3652
1763438400,1.15909,1.16036,1.15881,1.15979,4808
1763452800,1.15978,1.16064,1.15873,1.15893,9049
1763467200,1.15892,1.1602000000000001,1.15797,1.1596899999999999,9858
1763481600,1.1598,1.16077,1.1571500000000001,1.15756,12523
1763496000,1.15757,1.15871,1.15751,1.1578,4841
1763510400,1.15754,1.1585,1.15753,1.15769,5669
1763524800,1.15768,1.15905,1.15723,1.15889,5462
1763539200,1.15887,1.15973,1.15656,1.15734,9210
1763553600,1.15733,1.15909,1.15674,1.15729,10245
1763568000,1.15724,1.15738,1.1526,1.15331,13155
1763582400,1.15334,1.15383,1.1518,1.15368,7470
1763596800,1.15374,1.15421,1.15224,1.15228,4708
1763611200,1.15227,1.15235,1.1509800000000001,1.15155,5407
1763625600,1.15154,1.15278,1.15115,1.15276,9610
1763640000,1.15274,1.15398,1.14996,1.15277,12116
1763654400,1.15276,1.155,1.15201,1.15288,16416
1763668800,1.15287,1.15406,1.15239,1.1527,5824
1763683200,1.1524,1.15382,1.1522999999999999,1.1532499999999999,5438
1763697600,1.1533,1.1542,1.15321,1.1535199999999999,5208
1763712000,1.15353,1.15526,1.1525,1.15253,11730
1763726400,1.1525400000000001,1.1527,1.14965,1.15205,13131
1763740800,1.15204,1.15234,1.14912,1.15072,14058
1763755200,1.15074,1.15206,1.15021,1.15152,5914
1763942400,1.15109,1.15144,1.15018,1.15101,3589
1763956800,1.15102,1.15284,1.15102,1.15224,4616
1763971200,1.15224,1.15344,1.15097,1.15298,9266
1763985600,1.15299,1.15505,1.15299,1.15384,7898
1764000000,1.15383,1.15411,1.15115,1.1518,9460
1764014400,1.15181,1.1529,1.15173,1.15211,3759
1764028800,1.1519,1.15299,1.15185,1.15258,4436
1764043200,1.15259,1.15303,1.15117,1.15166,4243
1764057600,1.15167,1.15366,1.15146,1.1534,8172
1764072000,1.15338,1.15619,1.15246,1.15584,11105
1764086400,1.15585,1.15841,1.1549800000000001,1.15824,14395
1764100800,1.15824,1.15859,1.15582,1.15705,7632
1764115200,1.15679,1.15831,1.15631,1.15773,7107
1764129600,1.15771,1.15917,1.15746,1.15907,7193
1764144000,1.15903,1.1595900000000001,1.1565699999999999,1.15719,10283
1764158400,1.15721,1.1584,1.15487,1.15523,14844
1764172800,1.15524,1.16009,1.15471,1.15931,12836
1764187200,1.1593,1.15974,1.15893,1.15965,4367
1764201600,1.15894,1.16124,1.15894,1.16092,4139
1764216000,1.16093,1.16136,1.16001,1.1602000000000001,4924
1764230400,1.16025,1.16054,1.15766,1.1577600000000001,8172
1764244800,1.15778,1.1597,1.15771,1.1595,6810
1764259200,1.15951,1.16014,1.15904,1.1595,5116
1764273600,1.15949,1.15968,1.15912,1.15958,1620
1764288000,1.1592500000000001,1.16021,1.15815,1.15831,5426
1764302400,1.15832,1.15927,1.1581299999999999,1.15888,13942
1764316800,1.15891,1.15902,1.1566,1.15676,25337
1764331200,1.15675,1.15787,1.15551,1.15747,18973
1764345600,1.15746,1.16075,1.15712,1.16028,11292
1764360000,1.16024,1.16045,1.15957,1.15963,5310
1764547200,1.15909,1.16159,1.15896,1.16052,7433
1764561600,1.16051,1.16058,1.15894,1.15978,6097
1764576000,1.15977,1.16235,1.15904,1.16222,10650
1764590400,1.16221,1.16522,1.16189,1.16449,9920
1764604800,1.1645,1.16452,1.1617899999999999,1.16206,11361
1764619200,1.16207,1.16235,1.16066,1.16093,4771
1764633600,1.16063,1.1611,1.16037,1.16093,3320
1764648000,1.16092,1.1614200000000001,1.16071,1.16102,3607
1764662400,1.16101,1.16164,1.16027,1.16102,6809
1764676800,1.16103,1.16195,1.15983,1.16175,7237
1764691200,1.16176,1.16231,1.15911,1.16072,10960
1764705600,1.16071,1.16258,1.16056,1.16232,5178
1764720000,1.1620300000000001,1.16375,1.16187,1.16369,3671
1764734400,1.1637,1.16437,1.16352,1.16427,2976
1764748800,1.16428,1.16528,1.16357,1.16456,8141
1764763200,1.1645699999999999,1.16753,1.16449,1.1666400000000001,8607
1764777600,1.16663,1.16709,1.16546,1.16686,11694
1764792000,1.16687,1.16776,1.16641,1.16706,4659
1764806400,1.16702,1.1673499999999999,1.16589,1.16632,3872
1764820800,1.16634,1.16639,1.16532,1.16597,4832
1764835200,1.16598,1.1682,1.16529,1.16776,8585
1764849600,1.16777,1.16808,1.16523,1.16649,9009
1764864000,1.1665,1.16768,1.1653,1.16562,9512
1764878400,1.1656,1.16598,1.16408,1.16449,5335
1764892800,1.16421,1.16536,1.16408,1.16534,3458
1764907200,1.16534,1.16592,1.16463,1.16592,4254
1764921600,1.16591,1.16718,1.1648399999999999,1.16543,7779
1764936000,1.16544,1.1657,1.16417,1.16517,7711
1764950400,1.16519,1.16602,1.1628,1.16442,13632
1764964800,1.16441,1.16487,1.16397,1.1641,4899
1765152000,1.16347,1.16531,1.16347,1.16517,5857
1765166400,1.1652,1.16563,1.16485,1.16562,4613
1765180800,1.16561,1.16721,1.16478,1.16486,9752
1765195200,1.16487,1.16573,1.1645699999999999,1.16485,9871
1765209600,1.16491,1.16548,1.16164,1.16391,13656
1765224000,1.16392,1.16419,1.16341,1.16377,5285
1765238400,1.16342,1.16477,1.16327,1.16473,4353
1765252800,1.16474,1.16503,1.16435,1.16487,4490
1765267200,1.16486,1.16573,1.1633499999999999,1.16523,9037
1765281600,1.16524,1.16543,1.1629,1.16345,9390
1765296000,1.16346,1.16411,1.16151,1.16242,12835
1765310400,1.1623999999999999,1.16322,1.1617,1.16256,4642
1765324800,1.1623999999999999,1.16288,1.16215,1.16236,3527
1765339200,1.16235,1.1631,1.16215,1.16296,3841
1765353600,1.16297,1.16577,1.16285,1.16366,8600
1765368000,1.16364,1.16424,1.1627399999999999,1.16402,8380
1765382400,1.16401,1.16602,1.16339,1.16587,10273
1765396800,1.16585,1.16998,1.16419,1.1693,18620
1765411200,1.16864,1.17074,1.16819,1.17019,6967
1765425600,1.17018,1.17062,1.16843,1.16851,6164
1765440000,1.16855,1.17066,1.16822,1.17021,9517
1765454400,1.17023,1.17364,1.16989,1.1731,10914
1765468800,1.17311,1.17627,1.17303,1.1755200000000001,13997
1765483200,1.17551,1.17593,1.17364,1.17384,5664
1765497600,1.17376,1.17463,1.17326,1.1735,4686
1765512000,1.17349,1.17394,1.1731,1.17387,4069
1765526400,1.17386,1.17434,1.17268,1.17328,8879
1765540800,1.17327,1.17352,1.17195,1.1727400000000001,8214
1765555200,1.1727,1.17482,1.17231,1.17477,12459
1765569600,1.17478,1.17498,1.17353,1.17381,5900
1765756800,1.17323,1.17425,1.1728399999999999,1.17414,4508
1765771200,1.17412,1.17448,1.17316,1.17344,5454
1765785600,1.17343,1.17435,1.17263,1.17434,8568
1765800000,1.17433,1.17599,1.17389,1.17475,7453
1765814400,1.17469,1.17689,1.17441,1.17459,12788
1765828800,1.1746,1.17525,1.17384,1.17506,4232
1765843200,1.17478,1.1758,1.17464,1.17519,4635
1765857600,1.1752,1.17591,1.17493,1.17507,4281
1765872000,1.17504,1.1764000000000001,1.17443,1.1756199999999999,8414
1765886400,1.17563,1.17947,1.1751800000000001,1.17756,12715
1765900800,1.17757,1.18041,1.17609,1.17638,16277
1765915200,1.17639,1.1764000000000001,1.17343,1.17487,7441
1765929600,1.17448,1.17523,1.17448,1.17473,4301
1765944000,1.1747,1.1748,1.17248,1.17292,5541
1765958400,1.17293,1.17306,1.17031,1.17161,11791
1765972800,1.1716,1.17332,1.17077,1.17319,11796
1765987200,1.17318,1.17582,1.17283,1.17494,14458
1766001600,1.17495,1.17555,1.17385,1.17407,5613
1766016000,1.17374,1.17459,1.1735,1.17385,4165
1766030400,1.17384,1.17469,1.1736900000000001,1.1745700000000001,4474
1766044800,1.17455,1.17496,1.17173,1.1722,9201
1766059200,1.17219,1.17627,1.17124,1.17471,13689
1766073600,1.17469,1.17557,1.17153,1.17183,17617
1766088000,1.17188,1.17277,1.1715200000000001,1.1724700000000001,5376
1766102400,1.17171,1.17289,1.1717,1.17244,5316
1766116800,1.17245,1.17286,1.17153,1.17199,4856
1766131200,1.17198,1.17217,1.17032,1.17122,11077
1766145600,1.17121,1.17194,1.17028,1.17192,10171
1766160000,1.17193,1.17378,1.17084,1.17192,12614
1766174400,1.17191,1.17271,1.17062,1.17073,5231
1766361600,1.1712,1.17194,1.17058,1.17173,6574
1766376000,1.17174,1.17221,1.17134,1.17174,3518
1766390400,1.17173,1.17383,1.17129,1.17301,7934
1766404800,1.173,1.17545,1.17287,1.17506,9469
1766419200,1.17507,1.17693,1.1745,1.17583,10297
1766433600,1.17584,1.17616,1.17488,1.17615,3974
1766448000,1.17544,1.17761,1.17544,1.17731,5499
1766462400,1.1773500000000001,1.17805,1.17725,1.17752,5221
1766476800,1.17751,1.17929,1.17685,1.17926,9499
1766491200,1.1792799999999999,1.1802,1.17741,1.17747,10373
1766505600,1.17748,1.17804,1.17638,1.17709,12380
1766520000,1.17708,1.17965,1.17695,1.17961,5641
1766534400,1.17893,1.18063,1.17893,1.18054,4844
1766548800,1.18055,1.18081,1.1785700000000001,1.1799,4710
1766563200,1.17988,1.18038,1.1779600000000001,1.17997,8632
1766577600,1.17995,1.18,1.17837,1.17853,7418
1766592000,1.17847,1.1787,1.17726,1.17765,8636
1766606400,1.17759,1.1782,1.17743,1.1777,4064
1766707200,1.17769,1.17919,1.17767,1.17873,9405
1766721600,1.17874,1.17935,1.17801,1.17862,4924
1766736000,1.17861,1.17877,1.17664,1.17703,7843
1766750400,1.17695,1.17968,1.17689,1.17914,7377
1766764800,1.17921,1.17945,1.17615,1.1770100000000001,12488
1766779200,1.17702,1.17816,1.17654,1.17687,7416
1766966400,1.17653,1.17861,1.17652,1.17842,5621
1766980800,1.17841,1.17853,1.17538,1.1756,4788
1766995200,1.17563,1.1789,1.17542,1.1776200000000001,9601
1767009600,1.1776,1.17801,1.17557,1.17698,10048
1767024000,1.17699,1.17886,1.17494,1.17521,12999
1767038400,1.17521,1.17743,1.17507,1.17738,5150
1767052800,1.17616,1.1775,1.17616,1.17748,4456
1767067200,1.17749,1.17789,1.17703,1.17752,3858
1767081600,1.17753,1.17799,1.17641,1.17687,7781
1767096000,1.17687,1.17775,1.17554,1.17635,8775
1767110400,1.17636,1.17666,1.17453,1.17559,10838
1767124800,1.1756,1.17594,1.17432,1.17465,5170
1767139200,1.17419,1.1749,1.17419,1.17426,2766
1767153600,1.17423,1.17436,1.1733,1.17387,3882
1767168000,1.17386,1.17397,1.17201,1.1735,7612
1767182400,1.17351,1.17593,1.17285,1.17418,9577
1767196800,1.17419,1.17488,1.17203,1.17361,14209
1767211200,1.1736,1.17531,1.17303,1.17454,6680
1767312000,1.17466,1.17626,1.17447,1.17611,3225
1767326400,1.17609,1.17648,1.17506,1.17514,3288
1767340800,1.17512,1.17514,1.17206,1.17215,9098
1767355200,1.17219,1.1729,1.17132,1.17215,8396
1767369600,1.17217,1.17544,1.17157,1.17307,11819
1767384000,1.1730800000000001,1.17312,1.17142,1.17203,6727
1767571200,1.17196,1.17203,1.16999,1.17003,6757
1767585600,1.17005,1.17016,1.16723,1.16854,6639
1767600000,1.16855,1.16947,1.16737,1.16826,10052
1767614400,1.16824,1.1691,1.16591,1.16745,10914
1767628800,1.16746,1.17197,1.16732,1.17144,14079
1767643200,1.17145,1.17288,1.17133,1.17204,6005
1767657600,1.17179,1.17254,1.17104,1.17254,4313
1767672000,1.17255,1.17383,1.17221,1.17287,5345
1767686400,1.17288,1.17429,1.17081,1.17132,9476
1767700800,1.17132,1.17171,1.16972,1.17111,9589
1767715200,1.1711,1.17177,1.1684,1.17007,13041
1767729600,1.1700599999999999,1.17021,1.16838,1.16878,6213
1767744000,1.16842,1.17007,1.16841,1.16956,4275
1767758400,1.16955,1.17028,1.1690800000000001,1.16932,4731
1767772800,1.1693500000000001,1.16995,1.16728,1.16842,9221
1767787200,1.16841,1.16948,1.16811,1.16916,9137
1767801600,1.16915,1.16988,1.16801,1.16878,13307
1767816000,1.16879,1.16903,1.16734,1.1676,5962
1767830400,1.16727,1.16781,1.16727,1.16748,2912
1767844800,1.16747,1.16829,1.16727,1.16825,4725
1767859200,1.16822,1.1683,1.16689,1.16767,9101
1767873600,1.16767,1.16818,1.16582,1.16629,8546
1767888000,1.16627,1.16739,1.16437,1.16507,11583
1767902400,1.16506,1.16621,1.16427,1.16599,6369
1767916800,1.16533,1.16624,1.16482,1.16492,3453
1767931200,1.16494,1.16592,1.16461,1.16511,4333
1767945600,1.1651,1.1653,1.16401,1.1642299999999999,8060
1767960000,1.1642299999999999,1.16607,1.1625,1.16451,11128
1767974400,1.16446,1.16526,1.16182,1.16317,16524
1767988800,1.16316,1.164,1.16292,1.16299,5082
1768176000,1.16281,1.16713,1.16215,1.16564,7285
1768190400,1.16562,1.16708,1.1653,1.16692,5042
1768204800,1.1669100000000001,1.16959,1.16641,1.1682,10178
1768219200,1.16817,1.16984,1.16755,1.16929,9459
1768233600,1.16926,1.16929,1.16662,1.16686,11799
1768248000,1.16682,1.16738,1.1663000000000001,1.16671,5000
1768262400,1.16665,1.16706,1.16562,1.16585,4537
1768276800,1.16584,1.16676,1.16563,1.16628,4733
1768291200,1.16627,1.1672500000000001,1.16537,1.16718,8553
1768305600,1.16719,1.16773,1.16501,1.16685,10529
1768320000,1.16683,1.16734,1.1634,1.16459,13625
1768334400,1.16461,1.16545,1.16413,1.16434,5828
1768348800,1.16417,1.16455,1.16367,1.16381,4379
1768363200,1.16382,1.1649,1.1636,1.1642000000000001,4984
1768377600,1.16421,1.16538,1.16409,1.16517,7972
1768392000,1.1651799999999999,1.16599,1.16438,1.165,10200
1768406400,1.16501,1.16617,1.16455,1.16467,14071
1768420800,1.16467,1.16477,1.16353,1.16439,7138
1768435200,1.1645,1.1647,1.16331,1.16385,6089
1768449600,1.1638600000000001,1.16414,1.1633499999999999,1.16351,4700
1768464000,1.16352,1.16399,1.16259,1.16358,9012
1768478400,1.16357,1.1641,1.15988,1.16013,9912
1768492800,1.16014,1.16137,1.15931,1.16089,13674
1768507200,1.16088,1.16174,1.16027,1.16089,5675
1768521600,1.16066,1.16102,1.16023,1.16069,4323
1768536000,1.16068,1.16143,1.16058,1.16067,5047
1768550400,1.16067,1.1615199999999999,1.16041,1.16084,7341
1768564800,1.16083,1.16234,1.1608100000000001,1.16185,8340
1768579200,1.16191,1.16273,1.15845,1.15956,16298
1768593600,1.15952,1.16022,1.15893,1.15981,5653
1768780800,1.15782,1.16379,1.15771,1.16223,12783
1768795200,1.16224,1.16376,1.16157,1.16276,7394
1768809600,1.16273,1.16415,1.1611,1.16242,10929
1768824000,1.16243,1.16355,1.16201,1.1632,7795
1768838400,1.16319,1.16473,1.16302,1.1645699999999999,7223
1768852800,1.16456,1.16488,1.16417,1.16454,2128
1768867200,1.16405,1.1646,1.16324,1.16438,4884
1768881600,1.16439,1.1672500000000001,1.16403,1.16632,6367
1768896000,1.16632,1.17328,1.1662,1.17264,15514
1768910400,1.17264,1.17686,1.1715200000000001,1.17334,15518
1768924800,1.17333,1.17427,1.17153,1.17316,18865
1768939200,1.17315,1.17341,1.17109,1.17246,8149
1768953600,1.17205,1.17343,1.17166,1.1729,5748
1768968000,1.1729,1.17316,1.17108,1.17171,6002
1768982400,1.17172,1.17254,1.17012,1.17035,10186
1768996800,1.17034,1.17429,1.17014,1.17393,10251
1769011200,1.17394,1.17405,1.16947,1.17028,20720
1769025600,1.17026,1.17054,1.1676199999999999,1.16871,11881
1769040000,1.1681300000000001,1.16901,1.1670099999999999,1.16886,6386
1769054400,1.16887,1.16972,1.16832,1.16883,5068
1769068800,1.1688399999999999,1.16974,1.1684,1.16926,9386
1769083200,1.16926,1.17185,1.16867,1.17139,11410
1769097600,1.17141,1.17506,1.17108,1.17466,13664
1769112000,1.17465,1.17548,1.17412,1.1754,4514
1769126400,1.17483,1.17593,1.1747,1.17494,5340
1769140800,1.1749,1.17539,1.17429,1.1751,5831
1769155200,1.17509,1.1752799999999999,1.17283,1.17354,13235
1769169600,1.17357,1.17473,1.173,1.17341,8935
1769184000,1.17341,1.17988,1.17318,1.17943,14972
1769198400,1.17943,1.18335,1.17771,1.18292,12948
1769385600,1.18598,1.18975,1.18443,1.18578,16753
1769400000,1.18578,1.18765,1.18556,1.1865,11351
1769414400,1.18649,1.18676,1.18366,1.18637,16476
1769428800,1.1864,1.18653,1.18349,1.1856,11399
1769443200,1.18559,1.19069,1.18525,1.18788,16783
1769457600,1.18788,1.18903,1.18706,1.18778,8601
1769472000,1.18732,1.18828,1.18715,1.18787,6884
1769486400,1.18787,1.18994,1.18699,1.18766,7780
1769500800,1.18768,1.18898,1.18504,1.1889,11833
1769515200,1.18888,1.19386,1.1874,1.19234,19067
1769529600,1.19235,1.19901,1.19184,1.198,23547
1769544000,1.198,1.2083,1.19712,1.20457,17745
1769558400,1.20367,1.20444,1.19928,1.19929,11409
1769572800,1.19929,1.2005,1.19749,1.19969,10680
1769587200,1.19969,1.20259,1.1970399999999999,1.19868,17609
1769601600,1.19869,1.1994799999999999,1.19519,1.19577,14654
1769616000,1.19579,1.19775,1.19189,1.1941,26488
1769630400,1.1941,1.19528,1.18956,1.19527,18663
1769644800,1.19531,1.19852,1.19522,1.19614,11380
1769659200,1.19613,1.19936,1.1953,1.19812,11000
1769673600,1.19812,1.19964,1.19514,1.19557,16572
1769688000,1.19558,1.19707,1.19379,1.19562,15377
1769702400,1.19566,1.19723,1.19061,1.19561,31402
1769716800,1.19557,1.19711,1.19458,1.1969400000000001,12532
1769731200,1.19659,1.19744,1.19143,1.1917,11966
1769745600,1.19171,1.19351,1.18948,1.19247,18897
1769760000,1.19246,1.19431,1.18983,1.19085,23449
1769774400,1.19077,1.19547,1.19018,1.19124,19927
1769788800,1.19127,1.19211,1.18666,1.18724,28988
1769803200,1.18723,1.18849,1.18498,1.18507,20458
1769990400,1.18473,1.18747,1.18396,1.18704,17286
1770004800,1.18711,1.18747,1.18411,1.18504,13434
1770019200,1.18503,1.18665,1.18431,1.18622,20514
1770033600,1.1862,1.18713,1.1818,1.18207,17468
1770048000,1.18208,1.18299,1.17904,1.18,24436
1770062400,1.18005,1.1801,1.1776,1.17896,9622
1770076800,1.1785,1.18148,1.17841,1.1814,8150
1770091200,1.18139,1.18166,1.18005,1.18087,8179
1770105600,1.18088,1.18244,1.1792,1.17921,13828
1770120000,1.17925,1.18067,1.17826,1.1796,13709
1770134400,1.17962,1.18289,1.17801,1.18163,20492
1770148800,1.18163,1.18251,1.18057,1.1823,10749
1770163200,1.18148,1.1832,1.18086,1.18259,8669
1770177600,1.1826,1.18362,1.18187,1.1832799999999999,7619
1770192000,1.18331,1.1838,1.18112,1.18139,12121
1770206400,1.1814,1.18268,1.18046,1.18224,12967
1770220800,1.18225,1.1825700000000001,1.17906,1.17976,22292
1770235200,1.17976,1.18096,1.17943,1.18036,9903
1770249600,1.18025,1.18081,1.17994,1.18037,5579
1770264000,1.18038,1.18052,1.17829,1.179,10355
1770278400,1.179,1.18087,1.17803,1.1780599999999999,13012
1770292800,1.17807,1.18154,1.17804,1.18118,17858
1770307200,1.18113,1.18217,1.17818,1.18009,24444
1770321600,1.18009,1.18028,1.17748,1.17749,7238
1770336000,1.17769,1.17882,1.17655,1.1785,9549
1770350400,1.17852,1.18011,1.17845,1.17983,6451
1770364800,1.1797900000000001,1.18017,1.1785700000000001,1.1792,10428
1770379200,1.17921,1.1811099999999999,1.1785700000000001,1.18103,9578
1770393600,1.18102,1.18262,1.18052,1.18179,14363
1770408000,1.1818,1.18238,1.18129,1.1813500000000001,5002
1770595200,1.1811,1.18336,1.18098,1.18256,8962
1770609600,1.18255,1.18362,1.18158,1.18333,6269
1770624000,1.18332,1.18699,1.18329,1.18622,12898
1770638400,1.18622,1.19056,1.18552,1.19036,14306
1770652800,1.19037,1.19265,1.1893,1.19086,17630
1770667200,1.19086,1.19222,1.19035,1.19134,7126
1770681600,1.19081,1.19144,1.18966,1.19058,6455
1770696000,1.19057,1.1917,1.19035,1.19072,6859
1770710400,1.19071,1.19198,1.18994,1.19143,10291
1770724800,1.19144,1.19175,1.18882,1.19053,12383
1770739200,1.19061,1.19286,1.18931,1.18958,19392
1770753600,1.18958,1.1903299999999999,1.18868,1.18954,5737
1770768000,1.1892800000000001,1.19021,1.18862,1.18977,6141
1770782400,1.18979,1.1919,1.18977,1.1918199999999999,6227
1770796800,1.19183,1.19257,1.19102,1.1918,10604
1770811200,1.19179,1.19272,1.18329,1.18621,17159
1770825600,1.1862,1.18936,1.1851,1.18858,25731
1770840000,1.18858,1.18907,1.18685,1.18705,7898
1770854400,1.18703,1.18825,1.18669,1.18807,7128
1770868800,1.1880600000000001,1.18846,1.18583,1.18647,7158
1770883200,1.18647,1.1888,1.18523,1.18871,12399
1770897600,1.18872,1.18873,1.1867,1.18849,11291
1770912000,1.1885,1.18899,1.18601,1.18652,24994
1770926400,1.18654,1.18725,1.18561,1.18704,8894
1770940800,1.18627,1.18732,1.18627,1.18669,5747
1770955200,1.1867,1.18712,1.18578,1.18595,5527
1770969600,1.18594,1.18664,1.18472,1.18606,10980
1770984000,1.18605,1.18846,1.18529,1.18744,12916
1770998400,1.18737,1.18827,1.1847699999999999,1.18749,19108
1771012800,1.18751,1.18807,1.18643,1.18675,7185
1771200000,1.18666,1.18696,1.18591,1.18651,5050
1771214400,1.1865,1.1869,1.18608,1.18649,5143
1771228800,1.1865,1.18704,1.18573,1.18644,8497
1771243200,1.18643,1.18677,1.18491,1.18546,7049
1771257600,1.18545,1.18635,1.18462,1.18482,6573
1771272000,1.18481,1.1855,1.18481,1.18506,1335
1771286400,1.18489,1.18519,1.18407,1.18446,6026
1771300800,1.18443,1.18473,1.18356,1.18414,6685
1771315200,1.1841599999999999,1.18497,1.18287,1.18466,10124
1771329600,1.18465,1.18471,1.18157,1.18221,11319
1771344000,1.18222,1.18422,1.18049,1.18394,17642
1771358400,1.18394,1.18546,1.18387,1.18527,6218
1771372800,1.18496,1.18574,1.18425,1.18461,5601
1771387200,1.18461,1.18473,1.18393,1.18456,4467
1771401600,1.18456,1.18464,1.18285,1.18361,9080
1771416000,1.18362,1.18485,1.18236,1.18237,9151
1771430400,1.18237,1.18276,1.18021,1.1806,14642
1771444800,1.18059,1.1807400000000001,1.17822,1.1783299999999999,8140
1771459200,1.17821,1.1795200000000001,1.1782,1.17946,4184
1771473600,1.17947,1.17956,1.17846,1.17915,5388
1771488000,1.17915,1.18075,1.17897,1.18,8560
1771502400,1.17999,1.1803,1.17514,1.17654,12582
1771516800,1.17655,1.17755,1.1742,1.17659,20014
1771531200,1.1766,1.17778,1.17592,1.17752,7562
1771545600,1.17676,1.17758,1.1755,1.17588,5793
1771560000,1.1758899999999999,1.17598,1.1750099999999999,1.17553,6217
1771574400,1.17554,1.17681,1.17434,1.17667,10797
1771588800,1.17668,1.1782,1.1757,1.17693,12548
1771603200,1.17689,1.18075,1.17553,1.17801,27307
1771617600,1.17802,1.1798899999999999,1.17768,1.17852,12944
1771804800,1.17911,1.18346,1.17895,1.18261,11965
1771819200,1.18261,1.18312,1.18151,1.18198,7722
1771833600,1.18197,1.18338,1.18003,1.18008,11765
1771848000,1.18009,1.18014,1.1774499999999999,1.17958,11640
1771862400,1.17958,1.1810100000000001,1.17881,1.17987,17666
1771876800,1.17987,1.18009,1.17856,1.17859,7611
1771891200,1.17849,1.17963,1.17715,1.17818,6938
1771905600,1.17817,1.17853,1.17679,1.17799,6539
1771920000,1.17799,1.17931,1.17715,1.17877,11675
1771934400,1.17877,1.17911,1.17662,1.17722,10475
1771948800,1.17722,1.17902,1.1766,1.17855,14236
1771963200,1.17854,1.1786699999999999,1.17734,1.1773500000000001,5603
1771977600,1.17728,1.17821,1.17714,1.17784,4781
1771992000,1.17783,1.18055,1.1778,1.18009,8003
1772006400,1.1801,1.1808,1.17854,1.17877,10733
1772020800,1.17878,1.17901,1.1771,1.17734,10450
1772035200,1.1773500000000001,1.18143,1.17729,1.1807400000000001,14210
1772049600,1.18073,1.18125,1.18028,1.18091,5738
1772064000,1.1801300000000001,1.18289,1.1801300000000001,1.18272,6559
1772078400,1.18273,1.18289,1.18125,1.1819600000000001,7328
1772092800,1.18197,1.18222,1.17968,1.17972,10249
1772107200,1.17971,1.18168,1.17933,1.18068,9137
1772121600,1.18069,1.18158,1.17739,1.17761,18303
1772136000,1.1776,1.18036,1.17741,1.17993,7974
1772150400,1.17935,1.18056,1.1789,1.17901,7760
1772164800,1.17903,1.18132,1.17903,1.18084,6502
1772179200,1.1808,1.18216,1.17929,1.17953,11174
1772193600,1.17956,1.18082,1.17904,1.17924,12309
1772208000,1.17926,1.18268,1.17909,1.18165,18662
1772222400,1.18167,1.18258,1.18109,1.18118,7373
1772409600,1.17666,1.17944,1.17561,1.17919,15238
1772424000,1.1791800000000001,1.17959,1.17662,1.17664,8695
1772438400,1.17663,1.17665,1.16981,1.1733,22371
1772452800,1.1733,1.17473,1.16953,1.16985,17911
1772467200,1.16983,1.17239,1.16717,1.17071,24665
1772481600,1.17071,1.17133,1.16785,1.16904,12973
1772496000,1.16841,1.17069,1.1684,1.1697,7892
1772510400,1.1697,1.1699,1.1665,1.16666,11366
1772524800,1.16667,1.16717,1.1598600000000001,1.16053,22135
1772539200,1.16055,1.16154,1.1582,1.15906,24797
1772553600,1.15904,1.1606,1.15302,1.15904,37083
1772568000,1.15905,1.16259,1.15899,1.16106,20102
1772582400,1.16078,1.16202,1.15746,1.15937,12727
1772596800,1.15938,1.16105,1.1587,1.1595,15599
1772611200,1.15946,1.1628,1.15896,1.16087,20504
1772625600,1.16087,1.16547,1.16087,1.16311,22907
1772640000,1.1631,1.16461,1.16166,1.16331,24073
1772654400,1.16331,1.16437,1.16234,1.1635900000000001,9614
1772668800,1.16282,1.16474,1.16266,1.16281,9102
1772683200,1.16282,1.16318,1.1594,1.15944,13068
1772697600,1.15942,1.16446,1.15814,1.16228,24694
1772712000,1.16227,1.16316,1.15899,1.15974,16987
1772726400,1.15967,1.1609,1.15589,1.15878,30020
1772740800,1.15878,1.16104,1.157,1.16071,20092
1772755200,1.16044,1.1620300000000001,1.16031,1.16151,9886
1772769600,1.1615,1.1621299999999999,1.1605699999999999,1.16064,8708
1772784000,1.16065,1.16182,1.1571799999999999,1.15741,16211
1772798400,1.1574200000000001,1.15927,1.15507,1.15551,24442
1772812800,1.1555,1.1613,1.1546,1.15958,35414
1772827200,1.15958,1.16214,1.15929,1.16126,18276
1773014400,1.15442,1.15546,1.15161,1.15174,18816
1773028800,1.15175,1.15295,1.15069,1.15258,22104
1773043200,1.15259,1.1571500000000001,1.15153,1.15347,30675
1773057600,1.15346,1.15729,1.1531,1.15533,29016
1773072000,1.15533,1.15993,1.15475,1.15875,34310
1773086400,1.1587399999999999,1.16336,1.1575199999999999,1.16294,22453
1773100800,1.16333,1.16455,1.16114,1.16263,12315
1773115200,1.16258,1.16296,1.16069,1.1611799999999999,14388
1773129600,1.16116,1.16636,1.16116,1.16458,18716
1773144000,1.16458,1.1659,1.16204,1.16344,22104
1773158400,1.16344,1.16551,1.16269,1.16517,24882
1773172800,1.16517,1.1667399999999999,1.16073,1.16095,25558
1773187200,1.16072,1.16249,1.16028,1.1617899999999999,7493
1773201600,1.1617899999999999,1.16352,1.16125,1.16336,11109
1773216000,1.1633499999999999,1.16453,1.16035,1.16125,17759
1773230400,1.16126,1.16139,1.15775,1.15825,25205
1773244800,1.1581299999999999,1.16127,1.1562999999999999,1.15709,30026
1773259200,1.15711,1.15764,1.15607,1.15653,14960
1773273600,1.15648,1.15739,1.15339,1.15458,9487
1773288000,1.15459,1.15555,1.15316,1.1533,12029
1773302400,1.15329,1.1556,1.15324,1.15473,14822
1773316800,1.15472,1.15663,1.15326,1.15391,14872
1773331200,1.15392,1.15503,1.1510799999999999,1.1522000000000001,30015
1773345600,1.1522000000000001,1.15318,1.15101,1.15123,15247
1773360000,1.15102,1.15284,1.15101,1.15233,6202
1773374400,1.15233,1.15297,1.14998,1.15032,9259
1773388800,1.15032,1.15065,1.14328,1.14449,16716
1773403200,1.14453,1.14886,1.14453,1.14779,20509
1773417600,1.14782,1.14901,1.14345,1.14421,27436
1773432000,1.1442,1.1446,1.14105,1.14138,13519
1773619200,1.14185,1.14556,1.14185,1.1454900000000001,10068
1773633600,1.1455,1.14565,1.14396,1.14415,9673
1773648000,1.14416,1.14453,1.14143,1.14449,12656
1773662400,1.14448,1.14878,1.14409,1.14737,15745
1773676800,1.14738,1.15021,1.14738,1.14936,19001
1773691200,1.14938,1.15248,1.14906,1.15062,13043
1773705600,1.15044,1.15106,1.1489099999999999,1.1492499999999999,6120
1773720000,1.14926,1.15029,1.1486399999999999,1.1497,7782
1773734400,1.1497,1.1518,1.14659,1.15103,12868
1773748800,1.15103,1.15247,1.1504,1.15241,14612
1773763200,1.15243,1.15435,1.15181,1.1528,22414
1773777600,1.15279,1.15472,1.15263,1.15405,8240
1773792000,1.15346,1.15439,1.15321,1.15327,8199
1773806400,1.15326,1.15425,1.1532,1.15416,6145
1773820800,1.15416,1.15492,1.15178,1.15324,9644
1773835200,1.15323,1.15552,1.15057,1.15074,16030
1773849600,1.1508,1.15296,1.14906,1.15107,23707
1773864000,1.15105,1.15252,1.1449799999999999,1.14508,18979
1773878400,1.14519,1.14744,1.14509,1.14741,8435
1773892800,1.1474199999999999,1.14913,1.14668,1.14688,10719
1773907200,1.14687,1.14768,1.14431,1.1451,17585
1773921600,1.1451,1.14899,1.1451,1.14871,24233
1773936000,1.1487,1.15389,1.14694,1.15359,38003
1773950400,1.15358,1.16162,1.15357,1.15855,20852
1773964800,1.15875,1.15949,1.1571,1.15738,6382
1773979200,1.15739,1.1577,1.15551,1.15557,8413
1773993600,1.15556,1.15808,1.15523,1.15677,12866
1774008000,1.15678,1.158,1.15351,1.15646,20515
1774022400,1.15651,1.15666,1.15247,1.1559300000000001,28861
1774036800,1.15598,1.15717,1.15467,1.15705,19497
1774224000,1.15353,1.15647,1.15351,1.15443,11858
1774238400,1.15441,1.15617,1.15427,1.15505,14258
1774252800,1.15506,1.15525,1.15205,1.15297,20396
1774267200,1.15298,1.16193,1.14845,1.16124,40879
1774281600,1.16126,1.16397,1.15765,1.1591,44781
1774296000,1.15913,1.16374,1.15867,1.16096,18529
1774310400,1.16112,1.16176,1.15811,1.15883,9537
1774324800,1.15884,1.1596,1.15755,1.15801,13774
1774339200,1.15801,1.16178,1.15758,1.15882,20998
1774353600,1.15893,1.16005,1.15786,1.1584699999999999,19980
1774368000,1.15846,1.16067,1.15672,1.15829,31913
1774382400,1.15827,1.16283,1.1557,1.16061,25150
1774396800,1.16035,1.16306,1.15998,1.16233,9602
1774411200,1.16226,1.16244,1.15973,1.15978,10581
1774425600,1.15977,1.16166,1.1587,1.16027,15350
1774440000,1.16028,1.16136,1.1586400000000001,1.15913,19113
1774454400,1.15918,1.15989,1.15553,1.15675,27959
1774468800,1.15676,1.15836,1.15556,1.15577,13685
1774483200,1.15577,1.15647,1.15538,1.15583,5109
1774497600,1.15582,1.15723,1.15546,1.15693,7125
1774512000,1.15695,1.15699,1.15475,1.15598,12883
1774526400,1.15594,1.15651,1.15224,1.1535,15264
1774540800,1.15349,1.15549,1.1531,1.15355,24810
1774555200,1.15356,1.15587,1.15194,1.15288,14221
1774569600,1.1528100000000001,1.15402,1.15241,1.15306,7786
1774584000,1.15308,1.1543700000000001,1.15297,1.15427,8831
1774598400,1.15427,1.15461,1.1515900000000001,1.15209,12160
1774612800,1.15208,1.15261,1.15018,1.1515,14443
1774627200,1.15151,1.15479,1.15141,1.15191,24226
1774641600,1.15191,1.1529,1.15062,1.15118,12063
1774828800,1.15017,1.15127,1.14873,1.15069,9796
1774843200,1.15074,1.15212,1.15013,1.15134,8611
1774857600,1.15135,1.152,1.14906,1.1496,10761
1774872000,1.1496,1.15002,1.1473,1.14826,13204
1774886400,1.1482700000000001,1.14878,1.1443,1.14599,19587
1774900800,1.14598,1.14663,1.14537,1.14592,8558
1774915200,1.14554,1.14763,1.1447,1.14746,9218
1774929600,1.14745,1.14908,1.14664,1.14691,11987
1774944000,1.1469,1.14756,1.14608,1.1467100000000001,14387
1774958400,1.1467,1.1509800000000001,1.14575,1.1503,17240
1774972800,1.15032,1.1559599999999999,1.15006,1.15404,29297
1774987200,1.15405,1.15634,1.15384,1.15534,19987
1775001600,1.1553200000000001,1.15788,1.15521,1.15744,6209
1775016000,1.15743,1.15755,1.1555,1.15653,9361
1775030400,1.15652,1.16107,1.1562000000000001,1.15963,20893
1775044800,1.15964,1.16235,1.15808,1.16046,20679
1775059200,1.1605,1.16271,1.15989,1.16191,23227
1775073600,1.16191,1.16235,1.15763,1.1589800000000001,11868
1775088000,1.1584,1.15978,1.15823,1.15956,6396
1775102400,1.15955,1.16054,1.15322,1.15369,22624
1775116800,1.1537,1.15391,1.15152,1.1525400000000001,16147
1775131200,1.1525400000000001,1.15318,1.1509,1.15245,14934
1775145600,1.15251,1.1564,1.1520299999999999,1.15393,28213
1775160000,1.15392,1.15492,1.1532,1.15388,10465
1775174400,1.15355,1.15452,1.15353,1.15382,3228
1775188800,1.1538,1.15398,1.1532,1.15339,3839
1775203200,1.15339,1.15464,1.15293,1.15434,3746
1775217600,1.1543,1.1549,1.15187,1.1531,5703
1775232000,1.1531,1.15387,1.15183,1.15191,8614
1775246400,1.15192,1.15287,1.15101,1.15138,4164
1775433600,1.1519,1.15224,1.15051,1.15117,6960
1775448000,1.15117,1.15288,1.15063,1.15242,7756
1775462400,1.1524,1.15687,1.1522000000000001,1.15553,11451
1775476800,1.15552,1.15603,1.15375,1.1553200000000001,11275
1775491200,1.1553499999999999,1.1571500000000001,1.15354,1.1545,19071
1775505600,1.15449,1.15525,1.15341,1.15421,11950
1775520000,1.15409,1.15478,1.15365,1.15375,4947
1775534400,1.15375,1.15401,1.15241,1.15383,6373
1775548800,1.15384,1.15755,1.15301,1.15736,14840
1775563200,1.15736,1.15754,1.15457,1.15604,19270
1775577600,1.15607,1.1583,1.15558,1.15714,22224
1775592000,1.15713,1.1605,1.15664,1.15962,16561
1775606400,1.1594,1.16968,1.15884,1.16716,25510
1775620800,1.16715,1.16883,1.1666,1.1676199999999999,16309
1775635200,1.16768,1.17086,1.16689,1.16811,22969
1775649600,1.16815,1.17181,1.16774,1.1714,19978
1775664000,1.17138,1.17217,1.16772,1.16816,26940
1775678400,1.16817,1.16853,1.16434,1.1661,15272
1775692800,1.16578,1.16676,1.16528,1.16571,5347
1775707200,1.16572,1.16709,1.16504,1.16663,7461
1775721600,1.16665,1.16749,1.1654200000000001,1.16721,11221
1775736000,1.16721,1.169,1.16685,1.1686,11589
1775750400,1.16864,1.17139,1.16742,1.17105,19949
1775764800,1.17105,1.17234,1.16951,1.1698,10984
1775779200,1.1696,1.17025,1.16855,1.16879,4867
1775793600,1.16882,1.16966,1.16861,1.16919,4924
1775808000,1.16919,1.1693500000000001,1.16773,1.16858,8373
1775822400,1.16865,1.17256,1.1684700000000001,1.17207,13415
1775836800,1.17207,1.17392,1.17134,1.17203,19495
1775851200,1.17204,1.17353,1.17187,1.17297,10037
1776038400,1.16641,1.16876,1.1663999999999999,1.16875,9374
1776052800,1.16876,1.16901,1.16804,1.16861,6219
1776067200,1.1686,1.17001,1.16778,1.16861,10976
1776081600,1.16862,1.16996,1.16805,1.16985,12001
1776096000,1.16984,1.17314,1.16963,1.17249,19386
1776110400,1.1724999999999999,1.17654,1.1724700000000001,1.17586,9966
1776124800,1.17547,1.17679,1.17507,1.17663,4416
1776139200,1.17664,1.17698,1.17561,1.17668,4335
1776153600,1.17667,1.17967,1.17581,1.17825,12584
1776168000,1.17827,1.18061,1.17818,1.18045,13613
1776182400,1.18045,1.1811099999999999,1.17875,1.1794,16813
1776196800,1.17939,1.17994,1.17904,1.17948,6793
1776211200,1.17932,1.18017,1.17874,1.17941,4829
1776225600,1.1794,1.17966,1.17787,1.17885,6175
1776240000,1.17883,1.17993,1.17827,1.1789399999999999,11037
1776254400,1.17895,1.17927,1.17719,1.17881,15613
1776268800,1.1788,1.1808,1.1784,1.18008,16109
1776283200,1.18007,1.18047,1.17926,1.17999,8389
1776297600,1.1795,1.18085,1.17944,1.18075,3336
1776312000,1.1807400000000001,1.18237,1.17968,1.18094,6527
1776326400,1.18093,1.18099,1.17764,1.17861,11715
1776340800,1.1785700000000001,1.17887,1.17724,1.17814,11524
1776355200,1.17817,1.17872,1.17671,1.17748,20567
1776369600,1.17749,1.1785700000000001,1.17681,1.17821,9133
1776384000,1.17773,1.17877,1.17769,1.17789,3583
1776398400,1.17789,1.17853,1.1773,1.17825,4698
1776412800,1.17824,1.17956,1.17721,1.17938,10543
1776427200,1.1794,1.18374,1.17909,1.18351,15341
1776441600,1.18356,1.18491,1.1791800000000001,1.17988,30580
1776456000,1.17986,1.17986,1.176,1.17629,13268
1776643200,1.17379,1.1757,1.17286,1.17545,9515
1776657600,1.17544,1.17624,1.17506,1.17591,7091
1776672000,1.1759,1.17719,1.1747,1.17611,16697
1776686400,1.1761,1.17755,1.1755200000000001,1.1764999999999999,12394
1776700800,1.17654,1.17896,1.1761,1.17856,22613
1776715200,1.17858,1.17899,1.17787,1.17866,8768
1776729600,1.17816,1.17909,1.1780599999999999,1.17828,4403
1776744000,1.17828,1.17861,1.17732,1.17755,6954
1776758400,1.17755,1.17822,1.17569,1.17653,13253
1776772800,1.17648,1.1768399999999999,1.17542,1.17592,13696
1776787200,1.17596,1.17759,1.17404,1.17414,22015
1776801600,1.17414,1.17636,1.17188,1.17417,25315
1776816000,1.17449,1.17514,1.17321,1.17437,4926
1776830400,1.17436,1.17484,1.17375,1.17394,6130
1776844800,1.17395,1.17625,1.1739,1.17537,12884
1776859200,1.17536,1.17573,1.1724700000000001,1.17277,14475
1776873600,1.17277,1.17433,1.171,1.17127,20370
1776888000,1.17127,1.17168,1.17029,1.17052,8946
1776902400,1.17038,1.17136,1.16922,1.17116,7578
1776916800,1.17117,1.1713,1.16949,1.17002,10628
1776931200,1.17001,1.17121,1.16952,1.17016,12907
1776945600,1.17015,1.17023,1.16791,1.16921,18209
1776960000,1.16922,1.17165,1.16834,1.17022,21113
1776974400,1.17024,1.17028,1.1669100000000001,1.16821,22985
1776988800,1.1685699999999999,1.16886,1.16763,1.16853,4162
1777003200,1.16854,1.16891,1.16729,1.1679,7546
1777017600,1.16792,1.16958,1.16761,1.16897,11426
1777032000,1.16899,1.1718600000000001,1.16839,1.17087,17198
1777046400,1.17089,1.17198,1.16986,1.17191,22436
1777060800,1.1719,1.17221,1.17109,1.17219,9968
1777248000,1.16956,1.17169,1.16955,1.17158,4179
1777262400,1.17161,1.17325,1.17161,1.17266,7476
1777276800,1.17267,1.17508,1.17167,1.17485,11892
1777291200,1.17486,1.17549,1.17378,1.17444,11639
1777305600,1.17444,1.1754,1.17251,1.1726,15995
1777320000,1.17261,1.17299,1.17188,1.17212,8574
1777334400,1.17206,1.17269,1.17171,1.1718899999999999,3925
1777348800,1.17188,1.17188,1.17076,1.17124,6897
1777363200,1.1712500000000001,1.17133,1.1686,1.17021,14132
1777377600,1.1702,1.17021,1.16774,1.16968,18439
1777392000,1.16967,1.17168,1.16885,1.17105,22880
1777406400,1.17104,1.17178,1.17065,1.17134,9784
1777420800,1.17102,1.17205,1.17102,1.17156,2944
1777435200,1.17154,1.17168,1.17043,1.17054,7077
1777449600,1.17053,1.17081,1.16936,1.17001,12336
1777464000,1.17001,1.17095,1.1693500000000001,1.16989,13465
1777478400,1.1699,1.17041,1.1682299999999999,1.1684700000000001,23140
1777492800,1.1684700000000001,1.1690800000000001,1.1661299999999999,1.16728,19111
1777507200,1.16723,1.16892,1.16695,1.16791,6477
1777521600,1.1679,1.16818,1.1655,1.16601,10772
1777536000,1.16601,1.16976,1.16578,1.16801,18461
1777550400,1.16785,1.17196,1.16732,1.16927,34536
1777564800,1.16926,1.17358,1.16818,1.17255,32177
1777579200,1.17257,1.17416,1.1722,1.17324,14485
1777593600,1.17271,1.17348,1.17241,1.17275,5292
1777608000,1.17276,1.17364,1.17251,1.17267,5953
1777622400,1.17269,1.17481,1.17188,1.17435,15461
1777636800,1.17437,1.17689,1.17307,1.17575,14523
1777651200,1.17571,1.17852,1.17377,1.17381,23046
1777665600,1.17377,1.17403,1.1715200000000001,1.17198,12216
1777852800,1.17449,1.17485,1.17215,1.1727,6507
1777867200,1.17269,1.17389,1.17199,1.17291,11143
1777881600,1.17287,1.17372,1.17114,1.17191,13034
1777896000,1.17195,1.17237,1.16888,1.1709,21506
1777910400,1.1709100000000001,1.17179,1.16809,1.16822,26612
1777924800,1.1682299999999999,1.17023,1.16818,1.1690800000000001,14259
1777939200,1.16872,1.16938,1.1685,1.16863,2678
1777953600,1.16863,1.16915,1.16768,1.16775,5963
1777968000,1.16776,1.16967,1.16764,1.16886,14625
1777982400,1.16886,1.1697899999999999,1.16811,1.16925,16920
1777996800,1.16924,1.17137,1.16915,1.16993,19500
1778011200,1.16994,1.17042,1.16919,1.16938,8902
1778025600,1.16919,1.17255,1.16916,1.17202,6995
1778040000,1.17199,1.17429,1.17156,1.1737,11127
1778054400,1.1737,1.17706,1.17244,1.17628,18235
1778068800,1.17624,1.17967,1.17516,1.17536,25513
1778083200,1.17532,1.17629,1.17418,1.17443,22769
1778097600,1.17443,1.17557,1.17426,1.17465,11020
1778112000,1.17436,1.1754,1.17434,1.17486,4997
1778126400,1.17485,1.17633,1.17463,1.17507,9061
1778140800,1.17506,1.17742,1.1745,1.17717,17234
1778155200,1.17716,1.17782,1.1762299999999999,1.1773,15878
1778169600,1.17729,1.17779,1.17563,1.17604,23076
1778184000,1.17605,1.17609,1.17285,1.1729,21563
1778198400,1.1724700000000001,1.17347,1.17225,1.17269,6222
1778212800,1.17271,1.17358,1.17244,1.17352,9123
1778227200,1.17353,1.17659,1.17328,1.17637,14063
1778241600,1.17638,1.17788,1.17565,1.17739,14821
1778256000,1.1774,1.1787,1.17664,1.17712,20288
1778270400,1.1771,1.17877,1.17706,1.1787,9777
1778457600,1.17464,1.17721,1.17453,1.17699,5523
1778472000,1.17698,1.1771,1.1750099999999999,1.17505,6683
1778486400,1.17504,1.17822,1.17486,1.17714,10658
1778500800,1.17715,1.17747,1.17634,1.1774499999999999,12661
1778515200,1.17744,1.17878,1.17723,1.17732,18152
1778529600,1.17734,1.17828,1.17708,1.17807,7549
1778544000,1.17794,1.17878,1.17661,1.17668,3207
1778558400,1.17662,1.17688,1.17545,1.17571,8385
1778572800,1.17572,1.17676,1.17394,1.17448,15890
1778587200,1.17446,1.17517,1.17348,1.17477,15718
1778601600,1.17477,1.175,1.17214,1.17283,22902
1778616000,1.17283,1.17468,1.17273,1.17399,10605
1778630400,1.17336,1.17412,1.17327,1.1738,3452
1778644800,1.17381,1.17418,1.17319,1.1734499999999999,6252
1778659200,1.17344,1.1737,1.17003,1.17027,11004
1778673600,1.17028,1.17173,1.16955,1.17018,15249
1778688000,1.17019,1.17179,1.1701,1.17086,19137
1778702400,1.17086,1.17134,1.1703999999999999,1.17129,8403
1778716800,1.1707,1.1718600000000001,1.1707,1.17171,3656
1778731200,1.1717,1.17176,1.17097,1.17144,7463
1778745600,1.17145,1.17215,1.17048,1.1711,12148
1778760000,1.17112,1.17131,1.16962,1.16972,13083
1778774400,1.16971,1.17001,1.16708,1.16764,21257
1778788800,1.16764,1.16806,1.16656,1.16686,10284
1778803200,1.16669,1.16724,1.1652,1.16553,4744
1778817600,1.16552,1.16574,1.1645699999999999,1.16473,9736
1778832000,1.16473,1.1649,1.16305,1.16329,18145
1778846400,1.1633,1.16555,1.16173,1.16263,20809
1778860800,1.16263,1.16377,1.16189,1.163,22783
1778875200,1.16299,1.16356,1.1616900000000001,1.16233,11636
1779062400,1.16171,1.16245,1.16083,1.16116,7405
1779076800,1.1611799999999999,1.16262,1.16083,1.16207,10513
1779091200,1.16208,1.16452,1.16166,1.16416,14894
1779105600,1.16416,1.16575,1.16263,1.16513,17223
1779120000,1.16511,1.16562,1.16333,1.16515,25051
1779134400,1.1651,1.16606,1.16286,1.16546,15750
1779148800,1.16552,1.16621,1.16438,1.16444,5030
1779163200,1.16444,1.16525,1.16353,1.16366,10181
1779177600,1.16366,1.1645699999999999,1.16223,1.16233,15188
1779192000,1.16233,1.16266,1.1611,1.1617,17869
1779206400,1.16165,1.1618,1.15921,1.1607,26957
1779220800,1.16069,1.16148,1.16026,1.1605,10261
1779235200,1.16038,1.16127,1.15965,1.16013,5473
1779249600,1.16012,1.16065,1.15934,1.15972,12406
1779264000,1.15973,1.1606,1.15834,1.15903,15023
1779278400,1.15902,1.16055,1.1587399999999999,1.15953,12447
1779292800,1.15952,1.16449,1.15826,1.16255,29662
1779307200,1.16256,1.16356,1.16159,1.16256,13708
1779321600,1.16215,1.16291,1.16197,1.16285,4874
1779336000,1.16286,1.16352,1.16156,1.16221,8841
1779350400,1.16222,1.16354,1.15941,1.16235,17023
1779364800,1.16236,1.1633499999999999,1.15929,1.15973,20277
1779379200,1.15971,1.16008,1.15762,1.15953,23589
1779393600,1.15953,1.1630099999999999,1.15927,1.16176,20209
1779408000,1.16186,1.16201,1.16123,1.16144,3340
1779422400,1.16144,1.16158,1.16087,1.1615199999999999,5778
1779436800,1.16151,1.16167,1.16013,1.16078,11837
1779451200,1.16078,1.1608100000000001,1.15933,1.16045,13992
1779465600,1.16043,1.16183,1.15883,1.16112,18883
1779480000,1.16113,1.1619,1.15978,1.16024,10491
1779667200,1.16363,1.16487,1.16285,1.16365,6568
1779681600,1.16367,1.1647,1.16354,1.1642000000000001,7522
1779696000,1.16421,1.16453,1.16295,1.16437,10652
1779710400,1.16437,1.16528,1.16402,1.16483,8337
1779724800,1.16483,1.16497,1.16367,1.16411,9480
1779739200,1.16411,1.16441,1.16402,1.1643,3169
1779753600,1.16387,1.16433,1.16334,1.16387,4528
1779768000,1.1638600000000001,1.1639599999999999,1.16291,1.16294,6522
1779782400,1.16293,1.16421,1.1623999999999999,1.16365,10145
1779796800,1.16364,1.16449,1.16311,1.16319,10829
1779811200,1.16318,1.16331,1.16163,1.16239,16100
1779825600,1.16238,1.16329,1.1621299999999999,1.16311,6380
1779840000,1.16283,1.16405,1.16256,1.1638,3971
1779854400,1.16378,1.16424,1.16326,1.16412,6003
1779868800,1.16411,1.16492,1.16373,1.16449,10389
1779883200,1.1644700000000001,1.16611,1.16328,1.16438,14744
1779897600,1.16439,1.16522,1.16226,1.16323,23663
1779912000,1.16324,1.16329,1.16222,1.16262,8607
1779926400,1.16247,1.16303,1.16158,1.16206,4572
1779940800,1.16205,1.16211,1.15863,1.15918,9763
1779955200,1.15919,1.16177,1.15889,1.16156,10877
1779969600,1.16155,1.16382,1.16035,1.16365,13119
1779984000,1.16368,1.16612,1.1627,1.1656900000000001,22597
1779998400,1.16568,1.16574,1.16448,1.16489,10016
1780012800,1.16515,1.16555,1.16475,1.16488,3982
1780027200,1.16488,1.16565,1.16341,1.16391,8836
1780041600,1.16392,1.16544,1.16249,1.16281,11188
1780056000,1.16281,1.16491,1.16266,1.16489,12606
1780070400,1.1649,1.16859,1.16404,1.1672,20984
1780084800,1.16721,1.16733,1.16593,1.16593,10601
1780272000,1.1651799999999999,1.16601,1.1644700000000001,1.16477,8135
1780286400,1.16478,1.16489,1.16416,1.16479,6949
1780300800,1.1648,1.16648,1.16478,1.1658,10517
1780315200,1.16578,1.16607,1.16417,1.16473,10787
1780329600,1.16473,1.16482,1.16044,1.16297,25575
1780344000,1.163,1.16378,1.16252,1.16312,7665
1780358400,1.16281,1.16363,1.16255,1.16312,4229
1780372800,1.16313,1.16388,1.16285,1.16376,6589
1780387200,1.16377,1.16525,1.1636199999999999,1.16437,8946
1780401600,1.16436,1.16556,1.16383,1.16503,9867
1780416000,1.16504,1.16522,1.16268,1.16285,15662
1780430400,1.16284,1.16347,1.16134,1.16302,6010
1780444800,1.16247,1.16312,1.16198,1.16288,4354
1780459200,1.16289,1.16334,1.16243,1.16256,6274
1780473600,1.16256,1.1627,1.16051,1.16082,12478
1780488000,1.16082,1.16229,1.15966,1.16004,12896
1780502400,1.16005,1.1613,1.15949,1.16002,19285
1780516800,1.16006,1.16035,1.15954,1.15985,7345
1780531200,1.15972,1.16124,1.15944,1.16068,5327
1780545600,1.16067,1.16129,1.16025,1.16097,7696
1780560000,1.16095,1.1615,1.15985,1.16132,10727
1780574400,1.1613,1.16452,1.16129,1.1637,15326
1780588800,1.1637,1.164,1.16223,1.16234,15035
1780603200,1.16233,1.1623999999999999,1.16078,1.1611,6343
1780617600,1.1611,1.1615199999999999,1.16099,1.16128,3927
1780632000,1.16128,1.16168,1.16095,1.16161,9163
1780646400,1.1616,1.16399,1.1613,1.16366,9752
1780660800,1.16366,1.16444,1.15863,1.1586400000000001,14265
1780675200,1.15865,1.15995,1.15224,1.15321,28516
1780689600,1.15322,1.15329,1.15177,1.1522000000000001,14717
1780876800,1.1508099999999999,1.15336,1.15061,1.15333,7377
1780891200,1.1533,1.15347,1.15116,1.15314,12334
1780905600,1.1531500000000001,1.15397,1.15079,1.15083,15900
1780920000,1.15082,1.15439,1.14997,1.15421,19296
1780934400,1.15426,1.15547,1.15318,1.15389,20774
1780948800,1.15389,1.15421,1.15275,1.15312,11095
1780963200,1.15358,1.15377,1.15268,1.15313,4649
1780977600,1.15314,1.15482,1.15304,1.15455,9194
1780992000,1.15456,1.15534,1.15365,1.15507,12819
1781006400,1.1550799999999999,1.1575,1.15503,1.15735,9771
1781020800,1.15743,1.1578,1.15286,1.15409,26187
1781035200,1.15412,1.15531,1.15395,1.15432,13638
1781049600,1.15417,1.15432,1.15329,1.15422,6790
1781064000,1.15424,1.1552,1.1535199999999999,1.15464,11114
1781078400,1.15464,1.15586,1.15452,1.1553499999999999,13634
1781092800,1.15536,1.15647,1.15355,1.15485,18452
1781107200,1.15484,1.15731,1.15344,1.15539,27067
1781121600,1.15539,1.15577,1.15348,1.15354,13565
1781136000,1.15339,1.1543,1.15257,1.15424,10595
1781150400,1.15425,1.1556,1.15414,1.15483,12444
1781164800,1.15484,1.15555,1.15306,1.15321,12415
1781179200,1.15322,1.15435,1.15165,1.15398,15847
1781193600,1.15398,1.15405,1.1507100000000001,1.1509,23112
1781208000,1.15089,1.15895,1.15029,1.15782,26942
1781222400,1.15769,1.15865,1.15661,1.15696,7923
1781236800,1.15697,1.1575199999999999,1.15616,1.1571500000000001,11730
1781251200,1.1571500000000001,1.15855,1.15571,1.15768,16608
1781265600,1.15768,1.15895,1.15602,1.15635,15788
1781280000,1.15635,1.15836,1.15618,1.15747,23482
1781294400,1.15746,1.15785,1.15662,1.15675,9255
1781481600,1.15735,1.16175,1.15728,1.15989,11079
1781496000,1.15988,1.16135,1.15941,1.16126,6865
1781510400,1.16129,1.16219,1.15971,1.16016,11586
1781524800,1.16016,1.16198,1.16005,1.16154,10188
1781539200,1.16153,1.16205,1.15966,1.16035,15139
1781553600,1.16036,1.1604,1.15835,1.15881,7736
1781568000,1.1587,1.15945,1.15854,1.1593,3807
1781582400,1.15929,1.15951,1.15755,1.1579,7071
1781596800,1.15789,1.16065,1.15748,1.16056,10219
1781611200,1.16055,1.16129,1.15912,1.1599599999999999,10268
1781625600,1.15994,1.16197,1.15878,1.16132,17570
1781640000,1.16132,1.16139,1.1605699999999999,1.16083,7518
1781654400,1.16067,1.16164,1.16063,1.16146,4383
1781668800,1.16147,1.16161,1.16082,1.16123,5585
1781683200,1.16124,1.16151,1.1598,1.1602000000000001,9846
1781697600,1.16018,1.16059,1.15853,1.16022,10203
1781712000,1.1602000000000001,1.16028,1.15808,1.15916,14713
1781726400,1.15912,1.15962,1.14778,1.15008,33227
1781740800,1.14999,1.15207,1.14997,1.15155,8725
1781755200,1.15154,1.1526399999999999,1.1513,1.15231,9761
1781769600,1.15232,1.15282,1.14821,1.14826,16219
1781784000,1.1482999999999999,1.14858,1.14533,1.14694,20934
1781798400,1.14693,1.14875,1.14615,1.14652,23134
1781812800,1.14655,1.14736,1.14513,1.14574,13592
1781827200,1.14583,1.14657,1.14563,1.14616,5813
1781841600,1.14618,1.14634,1.14273,1.14287,9959
1781856000,1.14285,1.14659,1.14178,1.14644,15746
1781870400,1.14645,1.14747,1.14524,1.14711,12270
1781884800,1.14715,1.14762,1.14567,1.14687,10892
1781899200,1.14692,1.14806,1.14675,1.14711,5765
1782086400,1.14611,1.1467100000000001,1.14539,1.14665,7718
1782100800,1.14673,1.14738,1.14526,1.14561,11064
1782115200,1.14563,1.14633,1.14414,1.14508,14225
1782129600,1.14513,1.14636,1.14474,1.1454900000000001,13149
1782144000,1.14548,1.14551,1.14254,1.1431,21811
1782158400,1.1431,1.14335,1.1419,1.14278,7363
1782172800,1.14212,1.14293,1.1421000000000001,1.14269,4934
1782187200,1.1427100000000001,1.1432,1.14185,1.1421000000000001,10128
1782201600,1.14209,1.14391,1.14047,1.14082,15286
1782216000,1.14081,1.14127,1.13827,1.13888,14923
1782230400,1.13891,1.1400000000000001,1.13757,1.13795,19743
1782244800,1.13794,1.13828,1.13761,1.13808,6979
1782259200,1.13821,1.13836,1.13731,1.13764,7057
1782273600,1.13762,1.13769,1.13611,1.1363,11382
1782288000,1.13631,1.13753,1.13377,1.13527,14095
1782302400,1.13526,1.13536,1.13253,1.1329,15820
1782316800,1.13291,1.13679,1.13245,1.13596,22824
1782331200,1.13595,1.13613,1.13489,1.1359,11464
1782345600,1.13575,1.13609,1.13474,1.13534,4740
1782360000,1.13536,1.13711,1.13533,1.13672,10872
1782374400,1.1367,1.13724,1.13446,1.13676,13173
1782388800,1.1368,1.13739,1.1333199999999999,1.13535,14488
1782403200,1.13534,1.1388,1.13493,1.1374,25130
1782417600,1.13739,1.13806,1.13685,1.13708,9938
1782432000,1.13694,1.1373199999999999,1.13602,1.13649,7929
1782446400,1.13648,1.13772,1.13542,1.1377,13323
1782460800,1.13771,1.14076,1.13713,1.14013,15463
1782475200,1.14013,1.1434,1.13938,1.1427,14306
1782489600,1.14273,1.14299,1.13829,1.13899,22418
1782504000,1.139,1.13931,1.13809,1.13813,8341
1782691200,1.13846,1.13893,1.13786,1.13876,6155
1782705600,1.13874,1.13934,1.13809,1.13827,10793
1782720000,1.13826,1.14151,1.13824,1.13959,12758
1782734400,1.13963,1.14116,1.13943,1.1402700000000001,12987
1782748800,1.14029,1.14306,1.14005,1.14258,17061
1782763200,1.14261,1.1429,1.14213,1.14233,6322
1782777600,1.14208,1.14256,1.14123,1.14162,5281
1782792000,1.14163,1.14172,1.1389,1.13891,9998
1782806400,1.13892,1.14094,1.13823,1.13937,15049
1782820800,1.13937,1.14028,1.13864,1.13961,12290
1782835200,1.13961,1.14367,1.1391,1.14141,20434
1782849600,1.14146,1.14273,1.14143,1.14217,7105
1782864000,1.14218,1.14229,1.14084,1.14095,4859
1782878400,1.14096,1.14109,1.14016,1.14086,9774
1782892800,1.14086,1.14106,1.1393,1.13965,12309
1782907200,1.1396600000000001,1.14004,1.1369,1.13709,12974
1782921600,1.1371,1.14118,1.13617,1.13822,28050
1782936000,1.13823,1.1386,1.13736,1.13763,7672
1782950400,1.13763,1.13832,1.13751,1.13766,4327
1782964800,1.13765,1.13884,1.1376,1.13867,8929
1782979200,1.13868,1.14208,1.13814,1.14202,16972
1782993600,1.14201,1.14727,1.13953,1.1451500000000001,18222
1783008000,1.14514,1.14583,1.14337,1.14377,27870
1783022400,1.1437599999999999,1.1437599999999999,1.14263,1.14338,8295
1783036800,1.14312,1.14358,1.14204,1.14306,6031
1783051200,1.14311,1.14461,1.14299,1.14461,10389
1783065600,1.14462,1.14624,1.14453,1.14528,12146
1783080000,1.14526,1.14571,1.1440299999999999,1.1447,8883
1783094400,1.14469,1.14479,1.1435,1.14377,7928
1783108800,1.1437599999999999,1.1442,1.14329,1.14353,10864
1783296000,1.1433,1.14412,1.1432,1.14383,7226
1783310400,1.14384,1.14387,1.14273,1.14329,9294
1783324800,1.1433,1.1433200000000001,1.14152,1.14206,12584
1783339200,1.14205,1.14213,1.14096,1.14131,9864
1783353600,1.14132,1.1432,1.14085,1.14306,13019
1783368000,1.14306,1.14449,1.14301,1.14404,5510
1783382400,1.14407,1.14479,1.14379,1.14384,4930
1783396800,1.14385,1.14474,1.14353,1.14355,8576
1783411200,1.14356,1.14373,1.14248,1.14278,11427
1783425600,1.14283,1.14422,1.14234,1.14365,10985
1783440000,1.1436600000000001,1.14419,1.1418,1.14234,17256
1783454400,1.14233,1.143,1.14083,1.14107,10002
1783468800,1.14114,1.14131,1.14001,1.14078,5651
1783483200,1.14079,1.14165,1.13984,1.14145,9611
1783497600,1.14144,1.1431499999999999,1.14006,1.14103,16545
1783512000,1.14101,1.14146,1.13929,1.13961,15967
1783526400,1.13957,1.14148,1.13913,1.14141,20341
1783540800,1.14142,1.14304,1.14142,1.14166,9269
1783555200,1.14172,1.14301,1.14148,1.14257,4419
1783569600,1.14258,1.14302,1.14199,1.14268,8672
1783584000,1.14266,1.14494,1.14254,1.14267,12368
1783598400,1.14266,1.14359,1.14211,1.14247,11360
1783612800,1.14246,1.1446,1.14237,1.14368,14341
1783627200,1.14368,1.14407,1.14254,1.14289,5109
1783641600,1.14298,1.14421,1.14263,1.14402,4043
1783656000,1.14402,1.14607,1.14378,1.1442700000000001,12278
1783670400,1.14428,1.14475,1.14303,1.1430500000000001,12544
1783684800,1.14306,1.14418,1.14231,1.14291,11658
1783699200,1.14291,1.14412,1.14121,1.14295,17073
1783713600,1.14294,1.14311,1.14114,1.14141,7999
1783900800,1.1401,1.14052,1.13886,1.13955,7343
1783915200,1.1395,1.14051,1.13843,1.14038,9613
1783929600,1.1404,1.14458,1.13958,1.1436,17270
1783944000,1.14358,1.14374,1.14204,1.14308,13222
1783958400,1.14314,1.1433200000000001,1.13828,1.13887,20395
1783972800,1.1389,1.13907,1.13773,1.13789,8123
1783987200,1.13799,1.13894,1.13782,1.13848,8031
1784001600,1.13845,1.1396600000000001,1.13845,1.13906,12596
1784016000,1.13908,1.14059,1.13841,1.13996,14015
1784030400,1.13995,1.14625,1.13898,1.1446,18424
1784044800,1.1446,1.1459,1.14241,1.14319,25965
1784059200,1.1432,1.14335,1.1416,1.14207,9611
1784073600,1.14193,1.14341,1.14172,1.1433,4917
1784088000,1.1433200000000001,1.14423,1.14323,1.14369,8442
1784102400,1.1437,1.14438,1.14198,1.14243,12334
1784116800,1.14248,1.14302,1.1406100000000001,1.14282,14332
1784131200,1.14283,1.14422,1.14236,1.14421,20861
1784145600,1.14422,1.14823,1.1442,1.14634,12899
1784160000,1.14631,1.14745,1.14594,1.14738,5271
1784174400,1.14737,1.1474,1.146,1.1466,8587
1784188800,1.14662,1.14762,1.1461999999999999,1.14659,13252
1784203200,1.14658,1.14707,1.1447,1.14476,14605
1784217600,1.14478,1.14591,1.1434199999999999,1.14348,18205
1784232000,1.14349,1.1444,1.14312,1.14433,7998
1784246400,1.14402,1.14468,1.14401,1.14468,4451
1784260800,1.14467,1.14482,1.14345,1.14361,8323
1784275200,1.14362,1.14522,1.14356,1.14411,12227
1784289600,1.14408,1.14424,1.14245,1.1429,11957
1784304000,1.14291,1.14445,1.1424400000000001,1.14383,16739
1784318400,1.14383,1.14423,1.1433200000000001,1.1437599999999999,6912
1784505600,1.14243,1.14335,1.14236,1.14333,5995
1784520000,1.14335,1.14451,1.14312,1.14444,6960
1784534400,1.14445,1.14495,1.14341,1.1439,10000
1784548800,1.14389,1.14404,1.14169,1.14236,12657
1784563200,1.14239,1.14246,1.14025,1.14115,14927
1784577600,1.14116,1.14189,1.14112,1.14131,7385
1784592000,1.14134,1.1418300000000001,1.14087,1.14132,4277
1784606400,1.14133,1.14181,1.14087,1.14177,6703
1784620800,1.14176,1.14276,1.14157,1.14207,10185
1784635200,1.14208,1.14286,1.14133,1.14171,10623
1784649600,1.14172,1.14195,1.14026,1.14081,14753
1784664000,1.1408,1.14106,1.13985,1.13985,6997
1784678400,1.1397,1.14071,1.13964,1.14039,4367
1784692800,1.14041,1.14101,1.13986,1.14083,7087
1784707200,1.14084,1.14181,1.14034,1.141,10966
1784721600,1.14099,1.14137,1.14004,1.14077,12483
1784736000,1.14075,1.14216,1.14062,1.14091,13877
1784750400,1.1409,1.14127,1.14079,1.14116,6312
1784764800,1.14085,1.14176,1.14054,1.14172,4086
1784779200,1.14172,1.14357,1.14158,1.14326,8117
1784793600,1.14327,1.1435,1.14069,1.14104,11602
1784808000,1.14105,1.14152,1.13756,1.1385,16151
1784822400,1.13849,1.13862,1.13639,1.138,21444
1784836800,1.138,1.1381000000000001,1.13711,1.13769,8950
1784851200,1.13754,1.13841,1.13701,1.13841,5344
1784865600,1.13842,1.13875,1.13766,1.13791,7468
1784880000,1.13792,1.1401,1.13763,1.13834,11946
1784894400,1.13834,1.13929,1.13674,1.13699,11488
1784908800,1.13697,1.13906,1.13648,1.13776,16345
1784923200,1.13775,1.13778,1.13672,1.1369799999999999,5845
1785110400,1.13889,1.1413,1.13866,1.14016,6952
1785124800,1.14017,1.14143,1.14011,1.14034,6920
1785139200,1.14035,1.14182,1.13948,1.14022,12132
1785153600,1.14021,1.14033,1.13764,1.13833,12922
1785168000,1.13834,1.13866,1.13683,1.13797,16806
1785182400,1.13798,1.13798,1.13667,1.13676,7579
1785196800,1.13668,1.13743,1.13665,1.13741,3901
1785211200,1.13742,1.13802,1.1368,1.13686,6613
1785225600,1.13687,1.13735,1.13618,1.13725,10247
1785240000,1.13726,1.13731,1.13533,1.13658,9812
1785254400,1.13659,1.14052,1.13658,1.13959,15657
1785268800,1.13959,1.13978,1.13851,1.13865,7749
1785283200,1.13891,1.13921,1.13821,1.13908,4569
1785297600,1.13908,1.1403699999999999,1.1385399999999999,1.1401,8439
1785312000,1.14011,1.14029,1.13899,1.13964,9664
1785326400,1.13962,1.13969,1.13746,1.1378300000000001,10736
1785340800,1.13782,1.13969,1.13766,1.1385,14411
1785355200,1.13851,1.14707,1.1384400000000001,1.14659,27128
1785369600,1.14603,1.14748,1.14558,1.14579,6607
1785384000,1.1458,1.14611,1.14475,1.14509,6339
1785398400,1.14509,1.14567,1.1434199999999999,1.14482,12696
1785412800,1.14487,1.14841,1.14487,1.14725,17120
1785427200,1.14726,1.1537,1.14696,1.15285,30579
1785441600,1.15285,1.15356,1.15136,1.15282,11693
1785456000,1.15243,1.1531,1.15151,1.15179,7053
1785470400,1.1518,1.15212,1.15044,1.15082,8851
1785484800,1.15082,1.15262,1.15044,1.15219,14686
1785499200,1.15217,1.1525,1.14814,1.14882,16364
1785513600,1.14881,1.15191,1.14552,1.15171,26728
1785528000,1.15172,1.15469,1.15168,1.15395,17244
1785715200,1.15456,1.15588,1.15349,1.15425,12087
1785729600,1.15425,1.15458,1.15269,1.15341,9553
1785744000,1.15343,1.15388,1.15206,1.15226,12214
1785758400,1.15228,1.15351,1.1517,1.15279,13098
1785772800,1.1528100000000001,1.1535,1.15002,1.15069,19470
1785787200,1.15068,1.15147,1.15012,1.1508099999999999,7204
1785801600,1.1509,1.15151,1.15048,1.15056,4418
1785816000,1.15055,1.15146,1.15022,1.15104,7814
1785830400,1.15104,1.1516899999999999,1.15036,1.15078,11599
1785844800,1.15079,1.15235,1.15034,1.15148,13865
1785859200,1.15148,1.15309,1.15092,1.15185,16921
1785873600,1.15186,1.15339,1.15186,1.15317,7529
1785888000,1.15274,1.15354,1.15272,1.15314,4109
1785902400,1.1531500000000001,1.15406,1.15267,1.15362,8448
1785916800,1.15361,1.15467,1.15312,1.15356,13315
1785931200,1.15356,1.15571,1.15337,1.15457,14912
1785945600,1.15456,1.1556899999999999,1.15401,1.15458,20055
1785960000,1.15459,1.15595,1.15426,1.15524,9016
1785974400,1.15533,1.15595,1.15484,1.15564,3505
1785988800,1.15564,1.1558,1.15467,1.15491,5888
1786003200,1.1549,1.15517,1.15389,1.15432,10095
1786017600,1.15431,1.15468,1.15364,1.15387,11024
1786032000,1.15389,1.1545,1.15147,1.15205,17464
1786046400,1.15205,1.15257,1.15171,1.15224,7488
1786060800,1.15227,1.15243,1.15179,1.15191,2959
1786075200,1.1519300000000001,1.15255,1.15184,1.15235,5646
1786089600,1.15234,1.15253,1.15176,1.15235,8801
1786104000,1.15236,1.15808,1.15229,1.15728,16483
1786118400,1.15726,1.15753,1.15502,1.1559,19756
1786132800,1.15589,1.15701,1.15554,1.15573,7068
1786320000,1.1561,1.15647,1.15541,1.15582,3792
1786334400,1.15582,1.1559,1.15479,1.15513,6896
1786348800,1.15514,1.15656,1.155,1.1561,10289
1786363200,1.1561,1.15637,1.15456,1.1547,11164
1786377600,1.15471,1.15558,1.15439,1.1547,12982
1786392000,1.15471,1.15475,1.154,1.15419,6503
1786406400,1.15431,1.15495,1.15383,1.15461,2984
1786420800,1.1546,1.15497,1.15387,1.15428,6932
1786435200,1.15429,1.15434,1.15313,1.15362,10485
1786449600,1.15361,1.15441,1.15329,1.15415,11165
1786464000,1.15414,1.15483,1.15364,1.15395,12948
1786478400,1.15396,1.15436,1.15343,1.15414,6562
1786492800,1.15399,1.1544699999999999,1.1537600000000001,1.15407,2665
1786507200,1.15408,1.15409,1.15327,1.15358,4713
1786521600,1.15357,1.15401,1.15321,1.15371,8678
1786536000,1.15372,1.1562000000000001,1.1532499999999999,1.1559300000000001,16126
1786550400,1.15597,1.15629,1.15247,1.1528100000000001,18197
1786564800,1.1528100000000001,1.15307,1.15198,1.15245,7250
1786579200,1.15234,1.15313,1.15201,1.15288,2928
1786593600,1.15287,1.15311,1.15198,1.15258,6791
1786608000,1.15257,1.15285,1.15118,1.1524,11022
1786622400,1.15241,1.15443,1.15232,1.15438,11974
1786636800,1.15442,1.15454,1.15242,1.15295,17902
1786651200,1.15294,1.15322,1.15256,1.15292,6656
1786665600,1.15265,1.1539,1.1525400000000001,1.15384,3472
1786680000,1.15383,1.1540300000000001,1.15321,1.15387,6020
1786694400,1.15388,1.15576,1.15381,1.15557,9855
1786708800,1.15558,1.15785,1.1551,1.15659,13486
1786723200,1.1566,1.15853,1.15621,1.15711,16313
1786737600,1.15712,1.15713,1.15629,1.15689,6677
1786924800,1.15626,1.1581,1.15607,1.15801,4079
1786939200,1.15802,1.1588,1.1578,1.15845,6471
1786953600,1.15846,1.16141,1.15826,1.15989,14483
1786968000,1.15989,1.16023,1.15873,1.15975,13314
1786982400,1.15979,1.15998,1.15817,1.15884,16224
1786996800,1.15883,1.15896,1.1571,1.15786,8197
1787011200,1.1582,1.1585,1.15768,1.15823,3744
1787025600,1.15824,1.15857,1.15698,1.15713,8035
1787040000,1.15712,1.1577600000000001,1.15665,1.15761,11656
1787054400,1.15762,1.15798,1.1571500000000001,1.15746,11588
1787068800,1.15741,1.15883,1.15706,1.15795,17685
1787083200,1.15796,1.15808,1.1571500000000001,1.15744,7611
1787097600,1.15748,1.15817,1.15719,1.15741,4640
1787112000,1.15739,1.15872,1.15701,1.15858,9928
1787126400,1.15857,1.16052,1.15845,1.15981,12047
1787140800,1.15981,1.16435,1.15964,1.16357,15170
1787155200,1.16358,1.16771,1.16357,1.16685,28705
1787169600,1.16684,1.16791,1.16584,1.16779,14156
1787184000,1.16743,1.16805,1.16721,1.16744,6886
1787198400,1.16744,1.16836,1.16699,1.16728,12314
1787212800,1.16729,1.16998,1.1670099999999999,1.16985,16660
1787227200,1.16986,1.17106,1.16778,1.16885,20384
1787241600,1.16886,1.16947,1.16692,1.16732,21559
1787256000,1.16733,1.16794,1.1670099999999999,1.16774,7424
1787270400,1.16777,1.16898,1.16756,1.16832,4998
1787284800,1.16835,1.17008,1.16828,1.16931,8581
1787299200,1.16931,1.17063,1.16868,1.17053,12238
1787313600,1.17053,1.17113,1.16851,1.16905,15350
1787328000,1.16906,1.16911,1.16687,1.16817,16729
1787342400,1.16818,1.1684,1.1674,1.16764,7452
1787529600,1.1675,1.16871,1.16723,1.16851,5378
1787544000,1.16852,1.16864,1.1675200000000001,1.16825,9473
1787558400,1.16826,1.1683,1.16605,1.16631,12604
1787572800,1.1663000000000001,1.16736,1.16602,1.16692,13884
1787587200,1.1669100000000001,1.16747,1.16627,1.16649,15954
1787601600,1.1665,1.16667,1.16552,1.16635,7960
1787616000,1.16618,1.16709,1.16607,1.16687,3979
1787630400,1.16688,1.16688,1.16548,1.16558,6992
1787644800,1.16558,1.16678,1.16511,1.1667399999999999,10630
1787659200,1.16672,1.16738,1.16584,1.16663,12491
1787673600,1.16663,1.16754,1.16642,1.16713,16213
1787688000,1.16714,1.16795,1.16688,1.16751,7235
1787702400,1.16706,1.16769,1.16693,1.16726,4451
1787716800,1.16726,1.16741,1.16605,1.16621,9041
1787731200,1.16622,1.1677,1.16599,1.16712,9671
1787745600,1.16708,1.16747,1.16555,1.16559,12762
1787760000,1.16561,1.16588,1.1642000000000001,1.16496,19180
1787774400,1.16495,1.16548,1.16486,1.16531,6707
1787788800,1.16462,1.16582,1.16462,1.16564,3795
1787803200,1.16565,1.16595,1.16534,1.16554,6022
1787817600,1.16555,1.1658,1.16476,1.16482,10169
1787832000,1.1648100000000001,1.1648399999999999,1.16365,1.16411,13539
1787846400,1.1641,1.16599,1.164,1.16521,16656
1787860800,1.1652,1.16539,1.1646,1.16514,6666
1787875200,1.16491,1.16548,1.16462,1.16529,4557
1787889600,1.1653,1.16554,1.16449,1.16455,6813
1787904000,1.16455,1.16492,1.16417,1.16444,10636
1787918400,1.16443,1.16504,1.16393,1.1649,11036
1787932800,1.16489,1.16584,1.15846,1.15868,28272
1787947200,1.15866,1.1589,1.15777,1.15818,10475
1788134400,1.15768,1.15937,1.15761,1.15921,5975
1788148800,1.15922,1.15943,1.1587,1.15909,10241
1788163200,1.1591,1.16058,1.1584699999999999,1.1594,10654
1788177600,1.15941,1.16029,1.15916,1.15952,11194
1788192000,1.15953,1.16207,1.15938,1.16164,14476
1788206400,1.16165,1.16184,1.16141,1.16163,6882
1788220800,1.1616,1.16244,1.16126,1.16181,4905
1788235200,1.16182,1.16189,1.16026,1.1605699999999999,8297
1788249600,1.1605699999999999,1.16101,1.15879,1.1594,12118
1788264000,1.15941,1.16011,1.15882,1.15931,11999
1788278400,1.15931,1.16082,1.15848,1.15855,16220
1788292800,1.15856,1.15956,1.15848,1.15916,7435
1788307200,1.15905,1.15962,1.15833,1.15833,5033
1788321600,1.15832,1.15844,1.1574,1.15758,8524
1788336000,1.15759,1.15848,1.15663,1.15734,12921
1788350400,1.15733,1.15854,1.1567,1.15782,13928
1788364800,1.15783,1.16092,1.15779,1.15871,20916
1788379200,1.15872,1.1589800000000001,1.15827,1.15885,8498
1788393600,1.15868,1.15909,1.15833,1.15895,3555
1788408000,1.15896,1.16002,1.1585,1.15954,9665
1788422400,1.15953,1.16148,1.1593499999999999,1.1609,18192
1788436800,1.1609,1.16302,1.15978,1.16258,18310
1788451200,1.16261,1.16412,1.16133,1.16367,22306
1788465600,1.16368,1.16385,1.16253,1.16268,9157
1788480000,1.16257,1.16312,1.16224,1.16279,5797
1788494400,1.1628,1.1633,1.16225,1.16265,8936
1788508800,1.16266,1.16303,1.16188,1.16252,10832
1788523200,1.1625,1.1627,1.1585,1.16017,15594
1788537600,1.16015,1.16246,1.15965,1.16206,20187
1788552000,1.16206,1.16206,1.16086,1.16128,8235
1788739200,1.16121,1.16202,1.16056,1.16182,3780
1788753600,1.16184,1.16185,1.16074,1.16114,6394
1788768000,1.16113,1.16358,1.1609099999999999,1.16211,12125
1788782400,1.16211,1.16284,1.16195,1.1625,9559
1788796800,1.1625,1.16329,1.1623999999999999,1.16286,7861
1788811200,1.16286,1.16287,1.1621,1.16219,2207
1788825600,1.16214,1.16312,1.16208,1.16265,5061
1788840000,1.16266,1.16344,1.16224,1.16249,8866
1788854400,1.1625,1.1635900000000001,1.16085,1.16106,12765
1788868800,1.16106,1.1620300000000001,1.16079,1.1620300000000001,13411
1788883200,1.1620300000000001,1.16339,1.16188,1.16234,13832
1788897600,1.16235,1.16306,1.16216,1.16232,8858
1788912000,1.16222,1.16324,1.16222,1.16324,3789
1788926400,1.16324,1.16333,1.16276,1.16328,5532
1788940800,1.16328,1.16492,1.16317,1.16328,11251
1788955200,1.16328,1.1654200000000001,1.16218,1.16461,12836
1788969600,1.16464,1.1653,1.16201,1.16358,19621
1788984000,1.1635900000000001,1.16411,1.16256,1.1632500000000001,7032
1788998400,1.16316,1.16383,1.16295,1.16311,3788
1789012800,1.16312,1.1641,1.16307,1.16368,6394
1789027200,1.16369,1.16418,1.16343,1.16379,10008
1789041600,1.16378,1.16403,1.15921,1.16045,17455
1789056000,1.16046,1.16314,1.15976,1.16195,20448
1789070400,1.16194,1.1623,1.16052,1.16098,10075
1789084800,1.16099,1.16155,1.1605699999999999,1.16153,5413
1789099200,1.16153,1.16175,1.15997,1.1604700000000001,7852
1789113600,1.16046,1.16138,1.1598,1.1599,11839
1789128000,1.1599,1.16038,1.15692,1.16031,15472
1789142400,1.1602999999999999,1.16154,1.15984,1.15997,21886
1789156800,1.15997,1.16006,1.15916,1.15972,7975
1789344000,1.15942,1.15974,1.15851,1.15875,5835
1789358400,1.15876,1.15886,1.15621,1.15655,9862
1789372800,1.15656,1.15705,1.15343,1.15379,16521
1789387200,1.1538,1.1552,1.15296,1.15323,15369
1789401600,1.15324,1.15635,1.15231,1.15601,26379
1789416000,1.15602,1.15615,1.15444,1.15494,11057
1789430400,1.1546,1.15521,1.15432,1.15436,3521
1789444800,1.15435,1.1544,1.15345,1.15369,5711
1789459200,1.15369,1.1541,1.1527,1.15332,11045
1789473600,1.15333,1.15494,1.15323,1.15465,12211
1789488000,1.15464,1.15518,1.15389,1.1543,14800
1789502400,1.15429,1.15436,1.15363,1.15406,6923
1789516800,1.15355,1.15451,1.15337,1.1535199999999999,4471
1789531200,1.15353,1.1546,1.15319,1.1544699999999999,6448
1789545600,1.15446,1.15566,1.15382,1.15396,9797
1789560000,1.15394,1.15441,1.15275,1.15355,10942
1789574400,1.15355,1.15425,1.15308,1.15346,11992
1789588800,1.15345,1.15459,1.14609,1.14649,26314
1789603200,1.14649,1.14729,1.14547,1.14592,5004
1789617600,1.14595,1.14667,1.1456,1.14664,8044
1789632000,1.14664,1.14835,1.14634,1.14728,12278
1789646400,1.14729,1.14957,1.14683,1.14913,15040
1789660800,1.14914,1.14978,1.14738,1.1476,17349
1789675200,1.14761,1.14809,1.14733,1.14761,6804
1789689600,1.14752,1.14804,1.1473,1.14794,3537
1789704000,1.1479300000000001,1.14918,1.14765,1.14868,9605
1789718400,1.14867,1.14907,1.14778,1.1482700000000001,16128
1789732800,1.14826,1.14869,1.1454900000000001,1.14683,14095
1789747200,1.1468099999999999,1.14751,1.14581,1.14737,19300
1789761600,1.14737,1.14904,1.14737,1.14856,8017
1789948800,1.1481,1.14852,1.14749,1.14807,3601
1789963200,1.14808,1.14856,1.14734,1.14749,6885
1789977600,1.14749,1.14859,1.14709,1.14801,10437
1789992000,1.14802,1.14956,1.14767,1.1486,10240
1790006400,1.1486,1.14867,1.14664,1.14694,13438
1790020800,1.14693,1.14704,1.14619,1.14646,6530
1790035200,1.14677,1.14712,1.14624,1.14703,3545
1790049600,1.14704,1.1478,1.14629,1.14778,6588
1790064000,1.14778,1.14782,1.14338,1.14574,16159
1790078400,1.14575,1.14709,1.14475,1.14562,19454
1790092800,1.14561,1.14602,1.14293,1.14371,18927
1790107200,1.14371,1.14551,1.1430500000000001,1.14485,11025
1790121600,1.14497,1.1449799999999999,1.14448,1.14463,3476
1790136000,1.1446399999999999,1.14465,1.14254,1.14266,6973
1790150400,1.14265,1.14291,1.14095,1.14177,11898
1790164800,1.14178,1.14198,1.13999,1.14083,13008
1790179200,1.14079,1.14158,1.13757,1.13782,21410
1790193600,1.13782,1.13938,1.137,1.13823,12449
1790208000,1.13772,1.13874,1.13709,1.13763,4335
1790222400,1.13764,1.1386,1.1368800000000001,1.1384,10341
1790236800,1.13839,1.13992,1.13755,1.1381000000000001,18721
1790251200,1.13809,1.1381999999999999,1.13615,1.13737,18737
