time,open,high,low,close,volume
1631836800,7051.27,7058.8,7040.2,7044.5,791
1631851200,7045.0,7058.0,7033.0,7049.0,2160
1631865600,7048.75,7082.9,7030.9,7044.9,6280
1631880000,7045.15,7047.4,6990.9,7030.65,8532
1631894400,7030.9,7034.4,6920.15,6968.65,13102
1631908800,6968.9,6979.4,6951.4,6964.45,5085
1632096000,6954.3,6979.1,6953.8,6970.1,3226
1632110400,6969.83,6971.33,6895.33,6911.83,4161
1632124800,6912.1,6919.33,6840.5,6848.75,12212
1632139200,6848.5,6848.75,6814.0,6835.0,9688
1632153600,6835.25,6900.5,6824.25,6850.5,17445
1632168000,6850.25,6889.55,6830.25,6875.55,8392
1632182400,6884.08,6928.8,6879.55,6914.8,1510
1632196800,6915.3,6941.05,6906.05,6939.05,2903
1632211200,6938.55,6971.5,6919.75,6955.5,7658
1632225600,6955.75,6982.0,6952.0,6968.75,5326
1632240000,6968.5,6995.5,6949.75,6979.0,12941
1632254400,6979.25,6981.0,6934.05,6945.05,6192
1632268800,6943.05,6945.55,6919.8,6929.8,1784
1632283200,6929.55,6983.05,6923.55,6981.8,4426
1632297600,6981.05,7050.75,6978.3,7047.5,7653
1632312000,7047.75,7072.5,7037.75,7071.5,4333
1632326400,7071.25,7090.5,7060.75,7082.5,7382
1632340800,7082.0,7095.0,7050.57,7058.55,6731
1632355200,7065.35,7090.1,7056.86,7089.85,997
1632369600,7090.1,7104.6,7088.1,7094.85,2168
1632384000,7094.35,7123.05,7080.3,7109.8,5705
1632398400,7109.3,7118.8,7059.05,7065.3,7361
1632412800,7064.55,7088.05,7062.3,7074.8,6850
1632427200,7075.05,7086.55,7074.05,7077.35,3011
1632441600,7081.85,7090.1,7071.36,7073.6,1319
1632456000,7073.85,7080.6,7062.1,7066.85,2200
1632470400,7067.6,7085.05,7032.3,7058.05,6897
1632484800,7058.3,7058.3,7028.3,7039.8,5598
1632499200,7039.55,7064.3,7035.8,7049.8,7284
1632513600,7050.05,7062.8,7044.85,7046.17,2213
1632700800,7050.48,7082.45,7046.95,7081.95,1352
1632715200,7082.2,7099.45,7080.7,7084.95,2111
1632729600,7084.7,7118.9,7059.15,7059.4,5516
1632744000,7058.9,7071.65,7034.15,7037.15,5712
1632758400,7036.9,7064.4,7036.4,7055.9,7968
1632772800,7055.4,7069.9,7052.45,7058.95,2852
1632787200,7060.45,7071.93,7046.96,7054.2,1077
1632801600,7054.45,7068.7,7039.95,7061.45,2355
1632816000,7061.7,7073.65,7004.4,7032.65,7444
1632830400,7033.15,7055.15,7007.15,7047.9,7062
1632844800,7047.4,7062.4,7001.4,7005.4,14923
1632859200,7005.15,7040.65,6999.65,7021.74,7690
1632873600,7008.75,7038.75,7003.0,7032.5,1650
1632888000,7031.75,7034.25,6999.25,7028.0,2595
1632902400,7028.25,7083.45,7003.2,7079.45,8533
1632916800,7079.2,7089.45,7073.2,7079.7,5086
1632931200,7080.2,7109.45,7049.2,7082.45,11288
1632945600,7082.7,7096.95,7075.7,7087.75,5119
1632960000,7085.45,7100.45,7079.95,7096.2,1055
1632974400,7096.45,7125.95,7090.2,7124.95,2242
1632988800,7124.7,7148.15,7113.9,7143.15,7660
1633003200,7143.15,7149.9,7102.4,7103.4,6844
1633017600,7103.65,7104.4,7055.4,7067.9,15018
1633032000,7068.15,7088.9,7051.4,7055.75,8280
1633046400,7065.35,7072.55,7055.55,7056.05,1683
1633060800,7056.3,7057.55,7005.8,7018.55,5103
1633075200,7018.55,7041.25,6977.0,7023.75,9453
1633089600,7023.5,7049.0,6997.5,7016.5,7534
1633104000,7016.5,7038.0,6996.75,7024.75,14853
1633118400,7025.0,7068.0,7021.0,7050.05,5626
1633305600,7048.55,7074.75,7035.05,7042.8,1957
1633320000,7042.55,7051.3,7021.05,7037.8,4430
1633334400,7037.55,7047.8,6988.75,7015.25,9042
1633348800,7015.5,7037.75,7007.75,7034.0,5918
1633363200,7034.25,7064.0,6994.75,7011.0,15733
1633377600,7011.0,7044.43,7002.5,7024.55,8193
1633392000,7020.05,7041.8,7009.05,7010.05,2006
1633406400,7010.05,7039.3,6993.8,7029.55,5220
1633420800,7029.55,7048.0,7008.0,7042.0,8096
1633435200,7042.0,7056.5,7037.75,7042.75,5325
1633449600,7042.75,7076.0,7031.0,7065.5,9166
1633464000,7065.5,7074.0,7053.36,7054.86,4399
1633478400,7064.45,7065.95,7047.2,7056.45,1347
1633492800,7056.45,7059.45,7010.95,7023.7,6247
1633507200,7023.7,7032.2,6952.15,6973.65,9574
1633521600,6973.65,6988.65,6934.4,6980.65,8238
1633536000,6980.15,7005.4,6973.4,6984.15,14624
1633550400,6984.4,7044.69,6976.65,7025.36,7710
1633564800,7028.55,7055.8,7027.05,7052.3,1995
1633579200,7052.55,7069.05,7045.3,7047.55,4067
1633593600,7047.55,7079.0,7031.25,7040.5,6850
1633608000,7040.75,7073.25,7033.25,7062.0,4538
1633622400,7062.0,7085.75,7054.0,7076.75,7158
1633636800,7076.75,7084.75,7060.0,7061.93,3249
1633651200,7069.05,7087.57,7051.3,7071.3,1621
1633665600,7071.3,7084.05,7068.3,7069.05,3639
1633680000,7068.55,7093.0,7065.3,7073.0,5714
1633694400,7073.0,7083.5,7060.0,7080.75,4765
1633708800,7080.25,7100.5,7079.5,7089.25,8373
1633723200,7089.25,7095.0,7076.05,7082.55,3141
1633910400,7088.15,7089.15,7046.97,7072.4,2721
1633924800,7072.4,7092.65,7072.4,7089.65,3334
1633939200,7089.65,7109.65,7056.9,7096.1,7624
1633953600,7096.1,7114.1,7089.1,7108.85,5941
1633968000,7109.1,7138.1,7106.1,7120.6,7222
1633982400,7120.6,7120.6,7089.15,7093.15,4340
1633996800,7096.15,7111.9,7075.4,7082.4,2394
1634011200,7082.4,7090.4,7069.4,7077.65,4352
1634025600,7077.4,7096.1,7047.6,7094.1,7459
1634040000,7094.1,7119.6,7089.1,7105.85,5589
1634054400,7105.85,7133.35,7090.6,7121.35,10788
1634068800,7121.35,7135.6,7101.21,7104.95,3905
1634083200,7108.65,7124.15,7100.55,7121.15,1384
1634097600,7121.4,7121.65,7103.65,7119.65,2934
1634112000,7119.65,7121.4,7073.85,7103.85,6200
1634126400,7103.35,7128.1,7094.35,7115.1,4717
1634140800,7115.1,7149.6,7112.1,7147.85,9178
1634155200,7147.85,7161.1,7145.71,7146.65,4362
1634169600,7149.97,7184.55,7148.47,7166.15,1265
1634184000,7166.4,7172.65,7159.15,7166.65,2181
1634198400,7166.65,7187.35,7157.85,7180.85,5339
1634212800,7180.85,7192.35,7175.1,7191.6,3966
1634227200,7191.6,7206.1,7185.6,7204.35,6289
1634241600,7204.1,7213.15,7198.1,7205.15,2362
1634256000,7203.55,7220.45,7202.05,7208.05,1317
1634270400,7207.8,7225.3,7197.3,7222.05,3311
1634284800,7222.05,7235.5,7205.0,7213.0,4753
1634299200,7213.0,7223.75,7203.5,7218.5,3918
1634313600,7218.5,7233.75,7206.0,7224.5,6221
1634328000,7224.5,7232.75,7222.75,7227.05,2152
1634515200,7236.15,7238.15,7209.15,7222.15,1656
1634529600,7221.9,7225.65,7211.65,7212.15,2420
1634544000,7212.15,7223.1,7196.35,7207.6,6806
1634558400,7207.35,7213.6,7174.6,7176.6,5136
1634572800,7176.6,7201.1,7171.1,7195.35,6129
1634587200,7195.6,7196.6,7177.65,7184.15,2190
1634601600,7185.15,7203.4,7180.15,7194.15,1092
1634616000,7194.15,7204.15,7189.65,7198.9,2623
1634630400,7198.4,7216.35,7184.85,7194.6,6088
1634644800,7194.6,7203.1,7191.6,7193.1,3773
1634659200,7192.85,7218.1,7180.6,7218.1,5945
1634673600,7218.1,7220.1,7203.35,7214.94,2195
1634688000,7211.15,7225.9,7207.65,7220.9,972
1634702400,7220.9,7223.15,7210.4,7218.65,1948
1634716800,7218.65,7218.65,7188.85,7202.6,5514
1634731200,7202.6,7216.6,7198.1,7198.35,3800
1634745600,7198.6,7220.1,7192.1,7211.6,6014
1634760000,7211.6,7213.6,7198.15,7204.15,2591
1634774400,7202.15,7205.55,7193.4,7202.15,916
1634788800,7202.65,7212.4,7187.15,7193.15,2355
1634803200,7193.15,7196.35,7169.6,7187.6,6897
1634817600,7187.6,7194.35,7171.1,7182.1,4041
1634832000,7182.1,7197.6,7176.1,7184.1,6220
1634846400,7184.1,7197.85,7180.65,7184.65,2351
1634860800,7182.99,7202.95,7178.45,7202.2,1555
1634875200,7201.95,7209.95,7197.95,7202.45,2330
1634889600,7202.45,7217.4,7178.65,7207.0,6049
1634904000,7207.0,7224.0,7198.5,7213.5,3926
1634918400,7213.0,7226.5,7183.5,7203.75,7551
1634932800,7204.0,7216.5,7200.23,7201.23,2883
1635120000,7197.4,7213.65,7192.58,7210.9,1510
1635134400,7211.4,7220.65,7202.65,7220.65,2572
1635148800,7220.65,7238.1,7210.35,7231.1,5288
1635163200,7231.35,7236.6,7215.6,7216.6,3923
1635177600,7216.85,7224.6,7205.6,7220.6,6168
1635192000,7220.85,7225.1,7210.15,7219.73,2403
1635206400,7221.85,7231.1,7215.53,7229.1,1067
1635220800,7228.85,7235.6,7220.85,7223.35,1886
1635235200,7223.6,7270.05,7216.8,7264.8,5191
1635249600,7264.8,7266.8,7251.8,7262.3,3526
1635264000,7262.3,7272.3,7252.8,7259.05,6873
1635278400,7258.8,7271.3,7254.8,7261.35,3886
1635292800,7259.35,7271.35,7257.85,7260.85,1457
1635307200,7261.35,7263.35,7252.6,7262.85,2150
1635321600,7262.85,7269.3,7242.8,7245.8,5302
1635336000,7245.8,7268.8,7236.3,7258.3,5121
1635350400,7258.55,7263.8,7238.3,7263.8,7297
1635364800,7263.3,7265.8,7238.8,7243.85,3220
1635379200,7245.95,7259.85,7241.45,7245.2,1135
1635393600,7245.95,7252.45,7238.45,7245.45,2055
1635408000,7245.2,7252.45,7207.9,7219.15,6992
1635422400,7219.15,7234.65,7211.15,7226.65,5462
1635436800,7226.65,7244.4,7219.4,7227.15,8453
1635451200,7227.4,7245.45,7222.65,7230.45,3059
1635465600,7231.45,7247.35,7223.35,7224.1,1508
1635480000,7224.35,7229.95,7214.95,7216.45,2944
1635494400,7216.45,7229.05,7176.8,7215.05,7801
1635508800,7213.3,7225.3,7192.55,7212.55,6862
1635523200,7212.55,7246.05,7203.8,7235.8,8446
1635537600,7236.05,7245.3,7221.55,7235.85,3084
1635724800,7245.65,7256.9,7239.07,7253.9,1334
1635739200,7261.05,7266.55,7243.65,7248.65,2145
1635753600,7248.65,7264.1,7239.65,7260.1,4099
1635768000,7260.1,7272.6,7246.35,7255.1,3904
1635782400,7255.1,7294.1,7252.85,7289.1,5997
1635796800,7289.1,7297.1,7277.6,7291.85,2852
1635811200,7284.51,7293.21,7276.63,7282.63,871
1635825600,7290.35,7294.2,7273.2,7273.95,2125
1635840000,7273.95,7279.2,7232.9,7233.9,4997
1635854400,7234.65,7247.9,7228.05,7236.05,4995
1635868800,7236.3,7271.3,7229.55,7268.3,6456
1635883200,7268.05,7269.3,7254.8,7259.55,2521
1635897600,7253.45,7260.09,7246.38,7254.38,522
1635912000,7259.85,7273.45,7255.2,7257.95,1370
1635926400,7257.95,7264.15,7233.9,7250.15,4345
1635940800,7249.9,7254.15,7229.4,7234.4,4509
1635955200,7234.4,7239.4,7223.9,7233.15,5685
1635969600,7233.4,7262.9,7228.4,7261.15,4221
1635984000,7253.35,7265.35,7252.85,7255.03,804
1635998400,7254.25,7262.85,7250.85,7259.1,1700
1636012800,7258.35,7266.55,7249.3,7263.05,4184
1636027200,7263.05,7275.3,7235.3,7265.55,4801
1636041600,7265.55,7281.8,7255.8,7268.3,7966
1636056000,7268.3,7272.3,7262.8,7266.05,2894
1636070400,7259.95,7269.57,7256.95,7262.95,803
1636084800,7267.35,7276.45,7263.45,7269.7,1777
1636099200,7269.95,7299.4,7246.4,7294.4,4578
1636113600,7294.4,7320.65,7288.65,7299.65,5975
1636128000,7299.65,7312.9,7284.9,7285.65,7463
1636142400,7285.9,7303.4,7273.4,7299.65,4524
1636329600,7293.65,7299.9,7282.2,7293.4,1850
1636344000,7293.4,7299.4,7291.15,7297.4,1599
1636358400,7298.15,7303.6,7285.85,7291.85,4824
1636372800,7292.1,7297.35,7281.6,7291.35,3349
1636387200,7291.6,7305.35,7284.6,7287.1,4904
1636401600,7287.1,7290.1,7276.62,7281.65,2260
1636416000,7283.1,7283.6,7252.25,7276.85,1419
1636430400,7276.85,7279.6,7267.35,7272.85,1966
1636444800,7272.85,7300.8,7270.8,7293.8,3584
1636459200,7293.8,7303.3,7283.55,7295.8,3228
1636473600,7295.8,7299.3,7258.8,7266.55,7941
1636488000,7266.3,7281.0,7261.8,7265.35,3272
1636502400,7263.05,7268.05,7258.05,7265.05,1248
1636516800,7265.3,7265.55,7245.55,7248.3,1656
1636531200,7248.55,7303.0,7245.8,7300.5,4955
1636545600,7300.5,7313.5,7284.5,7309.75,5022
1636560000,7310.5,7328.0,7303.0,7325.0,5002
1636574400,7325.0,7327.0,7297.0,7310.55,5551
1636588800,7300.09,7316.1,7290.09,7316.1,1583
1636603200,7316.1,7317.1,7301.85,7307.6,1782
1636617600,7307.85,7359.3,7307.85,7355.55,4960
1636632000,7355.3,7363.55,7346.8,7362.3,3712
1636646400,7362.3,7383.8,7354.8,7370.3,4218
1636660800,7370.55,7379.3,7366.35,7371.17,2187
1636675200,7373.27,7394.65,7367.88,7386.2,1100
1636689600,7386.2,7388.7,7369.2,7376.95,1469
1636704000,7376.95,7380.95,7333.9,7334.4,5505
1636718400,7334.15,7354.9,7331.9,7352.15,3768
1636732800,7351.9,7360.9,7329.9,7331.4,4879
1636747200,7331.65,7337.45,7325.4,7332.45,1772
1636934400,7334.95,7348.05,7325.83,7334.95,1220
1636948800,7334.95,7336.2,7325.2,7330.45,1249
1636963200,7330.45,7352.9,7318.65,7338.9,4121
1636977600,7338.9,7339.4,7319.65,7336.9,3542
1636992000,7336.9,7342.4,7318.65,7333.65,5282
1637006400,7333.4,7334.9,7326.4,7331.45,1724
1637020800,7332.35,7346.35,7322.1,7346.35,936
1637035200,7345.85,7346.1,7328.35,7333.35,1538
1637049600,7333.6,7350.3,7325.05,7339.8,4061
1637064000,7339.8,7357.8,7322.8,7324.8,3671
1637078400,7324.3,7328.3,7312.3,7324.3,5123
1637092800,7324.3,7327.55,7305.35,7310.35,1565
1637107200,7308.1,7324.05,7290.85,7291.6,905
1637121600,7291.6,7296.85,7286.35,7292.85,1382
1637136000,7292.85,7312.8,7287.3,7289.55,3946
1637150400,7289.55,7302.3,7281.3,7285.8,3449
1637164800,7285.8,7298.8,7266.05,7271.8,4846
1637179200,7271.55,7282.3,7264.85,7270.85,2095
1637193600,7267.85,7279.35,7264.35,7273.35,1150
1637208000,7273.35,7278.1,7266.6,7272.85,1508
1637222400,7272.85,7274.1,7251.8,7271.75,3795
1637236800,7271.75,7274.25,7259.5,7260.5,3039
1637251200,7261.0,7268.0,7231.0,7252.25,5345
1637265600,7252.25,7256.5,7246.0,7254.05,2281
1637280000,7251.05,7269.3,7248.98,7265.55,1092
1637294400,7265.55,7278.8,7264.05,7274.05,1584
1637308800,7273.8,7287.25,7224.75,7227.5,5235
1637323200,7227.5,7239.0,7188.25,7206.5,9577
1637337600,7205.5,7231.25,7198.75,7214.5,8122
1637352000,7214.5,7216.0,7198.5,7205.05,2827
1637539200,7209.86,7230.5,7201.28,7227.75,1162
1637553600,7227.75,7239.25,7227.25,7231.75,1157
1637568000,7231.5,7252.45,7228.7,7236.2,4071
1637582400,7236.2,7247.7,7201.45,7213.2,5034
1637596800,7213.2,7266.65,7211.2,7245.65,7960
1637611200,7245.65,7263.9,7222.45,7232.45,3366
1637625600,7237.06,7249.45,7227.14,7243.95,1220
1637640000,7244.45,7254.95,7233.95,7239.45,1943
1637654400,7239.45,7242.95,7200.4,7232.4,9058
1637668800,7232.4,7262.9,7231.65,7259.65,5984
1637683200,7259.9,7290.9,7252.4,7258.65,11657
1637697600,7258.4,7288.9,7257.4,7280.45,5756
1637712000,7279.48,7290.95,7267.11,7286.95,1282
1637726400,7286.95,7287.95,7262.7,7277.45,1978
1637740800,7276.95,7305.4,7258.15,7270.15,6406
1637755200,7270.15,7278.4,7244.9,7247.4,7550
1637769600,7247.65,7292.65,7241.15,7286.15,9494
1637784000,7286.15,7299.65,7279.4,7292.16,3389
1637798400,7286.48,7306.05,7283.65,7291.65,1131
1637812800,7291.65,7303.15,7291.65,7303.15,1714
1637827200,7303.15,7310.6,7284.6,7296.6,3805
1637841600,7297.35,7300.45,7286.1,7288.95,3610
1637856000,7288.7,7309.7,7287.7,7298.45,2595
1637870400,7298.2,7306.45,7296.2,7296.25,669
1637884800,7285.19,7287.19,7222.25,7228.25,3009
1637899200,7228.5,7230.5,7166.5,7183.75,5372
1637913600,7184.0,7184.25,7043.7,7091.45,14668
1637928000,7092.45,7123.7,7073.95,7087.95,9687
1637942400,7088.2,7098.2,7028.7,7053.2,16269
1637956800,7053.2,7056.7,6989.2,7015.86,2246
1638144000,7039.94,7142.0,7029.77,7136.25,5022
1638158400,7136.75,7142.75,7090.0,7105.5,4231
1638172800,7106.25,7143.5,7078.2,7081.45,10691
1638187200,7081.45,7146.95,7081.45,7145.45,7089
1638201600,7145.45,7155.7,7099.7,7141.45,11782
1638216000,7141.45,7146.2,7125.25,7138.75,3980
1638230400,7144.82,7170.65,7141.22,7157.75,1651
1638244800,7157.75,7161.25,7017.75,7023.5,3583
1638259200,7023.75,7054.95,6967.0,7019.05,13909
1638273600,7019.05,7076.05,6999.3,7075.05,11550
1638288000,7075.05,7106.3,7028.05,7043.3,19659
1638302400,7043.55,7081.68,7037.55,7075.46,8598
1638316800,7083.15,7107.6,7042.45,7102.85,3403
1638331200,7102.6,7126.35,7093.35,7119.85,2767
1638345600,7120.1,7155.8,7080.05,7154.3,9350
1638360000,7154.3,7166.05,7137.8,7156.3,6936
1638374400,7155.8,7179.8,7118.05,7119.55,11319
1638388800,7119.55,7126.55,7023.85,7046.35,11025
1638403200,7059.69,7088.65,7044.08,7076.15,3401
1638417600,7074.65,7091.15,7061.9,7088.4,2988
1638432000,7088.15,7130.85,7075.6,7124.35,8784
1638446400,7124.35,7126.85,7081.85,7090.85,8359
1638460800,7090.1,7154.6,7077.35,7141.35,15985
1638475200,7141.85,7157.6,7128.1,7149.76,7513
1638489600,7148.65,7149.15,7085.15,7107.15,3132
1638504000,7108.15,7162.65,7102.15,7155.15,2054
1638518400,7154.4,7192.1,7123.1,7130.1,5953
1638532800,7130.35,7156.6,7115.1,7148.35,6180
1638547200,7148.35,7166.6,7085.1,7096.6,16426
1638561600,7095.6,7126.35,7084.1,7107.36,8815
1638748800,7122.15,7160.65,7109.15,7150.65,4045
1638763200,7150.65,7172.4,7146.15,7163.4,3444
1638777600,7164.15,7194.1,7158.15,7168.35,7247
1638792000,7169.1,7206.6,7161.35,7206.1,6303
1638806400,7205.6,7247.1,7193.6,7244.6,11739
1638820800,7245.6,7249.1,7223.15,7234.15,4436
1638835200,7225.81,7242.9,7207.88,7233.4,2395
1638849600,7233.4,7261.4,7222.15,7259.9,1793
1638864000,7259.65,7321.8,7250.65,7316.05,7243
1638878400,7316.05,7326.8,7309.8,7317.8,3971
1638892800,7318.05,7350.8,7315.8,7349.55,5571
1638907200,7349.3,7349.3,7319.55,7343.85,3062
1638921600,7333.67,7349.35,7317.85,7332.35,2357
1638936000,7332.6,7353.6,7331.35,7341.85,1645
1638950400,7341.85,7382.3,7330.3,7369.8,5624
1638964800,7370.05,7382.55,7337.8,7357.55,7193
1638979200,7357.3,7363.8,7332.3,7340.05,8322
1638993600,7340.05,7357.3,7337.3,7347.36,2569
1639008000,7342.79,7369.65,7338.15,7367.9,1758
1639022400,7367.65,7377.65,7346.9,7349.15,2736
1639036800,7349.15,7374.35,7336.35,7339.0,4244
1639051200,7339.0,7339.5,7307.7,7319.35,4774
1639065600,7320.1,7330.8,7312.55,7324.55,6410
1639080000,7324.55,7324.8,7303.16,7313.32,4031
1639094400,7316.75,7320.25,7299.37,7309.0,1887
1639108800,7309.25,7312.25,7289.25,7291.0,1703
1639123200,7291.0,7322.2,7286.95,7321.45,4372
1639137600,7321.45,7338.95,7313.7,7331.95,4345
1639152000,7333.2,7333.45,7289.2,7299.45,8349
1639166400,7299.45,7305.2,7289.7,7296.75,3119
1639353600,7300.07,7335.85,7296.57,7328.85,1868
1639368000,7328.85,7328.85,7312.35,7317.85,1746
1639382400,7318.1,7326.6,7291.8,7307.05,4792
1639396800,7307.05,7309.3,7280.3,7282.3,3884
1639411200,7282.3,7282.3,7230.8,7256.05,8800
1639425600,7255.8,7264.55,7238.35,7252.85,4480
1639440000,7255.35,7269.1,7248.35,7259.1,1744
1639454400,7259.85,7267.35,7247.1,7259.85,2431
1639468800,7259.85,7292.05,7252.35,7259.8,5844
1639483200,7259.3,7277.8,7247.55,7249.3,5712
1639497600,7249.3,7267.55,7213.55,7217.8,10542
1639512000,7217.8,7243.3,7215.8,7235.35,5306
1639526400,7234.35,7240.35,7218.1,7232.85,1837
1639540800,7232.85,7235.1,7222.85,7227.85,1673
1639555200,7228.6,7231.6,7189.8,7196.3,5794
1639569600,7196.3,7216.8,7195.05,7207.05,4012
1639584000,7206.55,7209.8,7172.3,7195.8,7709
1639598400,7196.05,7245.85,7180.8,7237.35,8874
1639612800,7236.55,7244.8,7216.3,7219.05,2147
1639627200,7219.3,7257.3,7219.3,7256.55,2549
1639641600,7255.8,7281.75,7238.0,7240.5,5820
1639656000,7240.5,7273.5,7234.0,7243.0,5899
1639670400,7243.0,7279.5,7233.0,7255.25,11001
1639684800,7255.25,7273.5,7238.5,7257.55,8946
1639699200,7252.05,7275.55,7239.55,7269.55,2016
1639713600,7270.05,7272.8,7234.3,7238.55,2466
1639728000,7238.55,7287.5,7234.55,7280.25,7264
1639742400,7280.25,7293.5,7256.25,7272.0,7530
1639756800,7272.25,7285.5,7240.0,7269.75,13272
1639771200,7269.25,7282.75,7232.55,7242.55,7334
1639958400,7222.84,7224.34,7180.04,7186.75,3978
1639972800,7186.5,7193.75,7155.75,7159.25,4774
1639987200,7159.0,7167.75,7102.2,7155.2,8337
1640001600,7155.2,7205.7,7154.2,7195.7,4478
1640016000,7195.7,7211.2,7176.2,7204.7,7552
1640030400,7204.7,7258.75,7203.2,7253.34,3905
1640044800,7251.75,7270.25,7240.0,7269.5,1980
1640059200,7269.5,7277.75,7252.75,7276.5,2352
1640073600,7276.0,7295.45,7247.45,7251.7,7434
1640088000,7251.7,7277.7,7249.7,7272.95,4976
1640102400,7272.7,7321.2,7264.2,7320.2,6331
1640116800,7320.2,7321.7,7301.7,7316.25,1838
1640131200,7311.05,7313.55,7292.95,7300.3,1525
1640145600,7300.3,7312.55,7296.55,7308.8,1571
1640160000,7308.8,7316.05,7273.75,7288.5,4968
1640174400,7288.5,7308.0,7287.25,7299.0,3262
1640188800,7299.0,7352.5,7289.0,7350.0,6430
1640203200,7350.0,7364.5,7345.5,7356.55,2878
1640217600,7357.55,7360.45,7341.6,7350.3,1320
1640232000,7350.3,7358.55,7344.55,7358.05,1491
1640246400,7358.05,7364.0,7331.5,7361.5,3910
1640260800,7361.5,7365.5,7348.25,7357.5,2564
1640275200,7357.25,7388.0,7356.5,7367.75,5035
1640289600,7367.75,7388.0,7363.0,7371.4,2194
1640304000,7370.55,7377.55,7347.95,7371.05,943
1640318400,7371.05,7377.55,7334.45,7361.05,377
1640332800,7361.55,7403.75,7347.5,7400.5,1249
1640347200,7400.5,7406.0,7363.5,7377.7,894
1640736000,7447.95,7455.8,7422.05,7428.3,858
1640750400,7428.3,7436.8,7423.8,7435.55,1414
1640764800,7436.3,7459.5,7424.25,7454.0,4298
1640779200,7454.0,7455.5,7424.75,7430.5,3329
1640793600,7430.5,7439.0,7404.5,7415.0,7199
1640808000,7415.0,7432.5,7412.5,7419.87,2129
1640822400,7410.65,7426.65,7398.18,7424.15,1251
1640836800,7424.15,7427.15,7407.15,7407.15,1101
1640851200,7406.65,7427.35,7405.35,7425.1,3549
1640865600,7425.1,7429.6,7412.1,7426.1,2758
1640880000,7425.85,7434.6,7402.1,7410.85,5182
1640894400,7410.85,7410.85,7382.6,7387.15,2670
1640908800,7390.26,7392.76,7355.05,7380.8,1230
1640923200,7381.3,7381.3,7364.05,7379.3,1051
1640937600,7379.3,7384.5,7366.0,7384.5,1538
1640952000,7384.5,7407.5,7354.5,7390.55,1638
1641254400,7465.05,7465.05,7425.9,7425.9,696
1641268800,7425.9,7458.15,7423.65,7456.15,1895
1641283200,7456.4,7486.35,7450.6,7472.1,5987
1641297600,7472.6,7494.35,7471.6,7492.6,4016
1641312000,7492.6,7522.1,7487.6,7504.6,7814
1641326400,7504.6,7505.1,7484.1,7488.29,4011
1641340800,7488.45,7489.85,7465.2,7467.95,1849
1641355200,7468.7,7475.95,7463.95,7466.95,2525
1641369600,7467.2,7527.4,7463.95,7524.4,5434
1641384000,7524.65,7527.4,7512.15,7518.15,3677
1641398400,7517.9,7529.9,7509.65,7509.9,6303
1641412800,7509.9,7515.65,7445.95,7454.63,7326
1641427200,7450.45,7471.55,7429.95,7447.45,2992
1641441600,7447.45,7447.7,7400.95,7412.2,4145
1641456000,7412.2,7481.9,7405.7,7458.4,8703
1641470400,7458.9,7496.65,7456.65,7458.9,6043
1641484800,7458.65,7475.15,7427.9,7462.65,11670
1641499200,7463.15,7467.15,7433.4,7445.96,5934
1641513600,7449.95,7469.95,7443.95,7450.2,1833
1641528000,7449.2,7456.2,7435.2,7453.2,2348
1641542400,7452.7,7461.9,7428.9,7445.9,6663
1641556800,7445.9,7467.65,7439.15,7450.9,5586
1641571200,7451.15,7491.9,7450.4,7491.65,9607
1641585600,7491.65,7496.95,7481.65,7483.86,4254
1641772800,7475.95,7499.2,7462.45,7494.7,2547
1641787200,7495.2,7500.45,7484.7,7493.7,2087
1641801600,7493.95,7506.9,7441.9,7478.15,7416
1641816000,7478.4,7490.9,7459.9,7475.4,6505
1641830400,7475.4,7477.9,7419.4,7446.15,10790
1641844800,7446.65,7482.4,7446.4,7467.76,8223
1641859200,7469.45,7481.95,7461.52,7466.45,2303
1641873600,7465.95,7492.45,7464.45,7481.7,2667
1641888000,7481.45,7492.9,7456.9,7482.4,8221
1641902400,7482.65,7497.4,7478.9,7480.4,4508
1641916800,7480.65,7507.9,7459.4,7507.4,10051
1641931200,7507.4,7522.35,7502.4,7508.95,3213
1641945600,7510.95,7524.85,7506.01,7514.95,1546
1641960000,7515.2,7533.2,7514.7,7532.45,1910
1641974400,7532.2,7550.9,7523.15,7547.15,6241
1641988800,7547.4,7553.9,7528.9,7543.9,5600
1642003200,7543.65,7563.65,7538.65,7552.9,9390
1642017600,7553.15,7557.4,7542.9,7546.45,5039
1642032000,7543.35,7548.6,7530.85,7533.6,1610
1642046400,7533.6,7547.35,7530.1,7533.35,1714
1642060800,7533.85,7547.85,7521.05,7547.8,5820
1642075200,7547.55,7562.55,7539.3,7561.3,3986
1642089600,7561.3,7568.3,7534.05,7546.05,9058
1642104000,7546.05,7562.3,7515.85,7520.85,7241
1642118400,7529.95,7537.35,7510.48,7518.1,2994
1642132800,7518.1,7523.85,7503.35,7522.6,3235
1642147200,7522.6,7565.8,7516.3,7554.3,6624
1642161600,7554.3,7562.8,7518.8,7522.3,4432
1642176000,7521.8,7564.3,7519.8,7532.05,11006
1642190400,7531.8,7567.55,7527.55,7565.26,7132
1642377600,7562.65,7567.15,7542.24,7551.65,2993
1642392000,7553.4,7567.15,7544.65,7555.4,1920
1642406400,7555.65,7600.1,7549.35,7593.1,6018
1642420800,7593.1,7600.35,7580.85,7592.1,3505
1642435200,7592.85,7613.85,7590.1,7606.35,3318
1642449600,7606.35,7608.1,7602.6,7605.15,688
1642464000,7601.66,7618.6,7595.85,7617.35,1739
1642478400,7617.1,7624.35,7582.35,7589.1,3793
1642492800,7589.6,7598.75,7528.0,7541.25,8412
1642507200,7541.25,7575.0,7537.5,7571.5,7051
1642521600,7571.5,7585.0,7542.0,7543.25,11043
1642536000,7543.25,7570.0,7538.0,7561.05,7361
1642550400,7559.15,7572.15,7533.65,7557.4,2608
1642564800,7557.65,7571.15,7519.4,7524.4,4004
1642579200,7524.9,7573.6,7516.1,7567.6,9993
1642593600,7567.85,7613.1,7565.1,7612.1,5431
1642608000,7612.1,7614.6,7571.6,7612.85,10949
1642622400,7613.1,7614.6,7567.65,7580.68,7909
1642636800,7585.45,7589.8,7560.95,7581.95,3155
1642651200,7582.45,7619.45,7582.45,7617.2,2928
1642665600,7617.2,7633.4,7559.9,7569.65,7786
1642680000,7569.9,7588.65,7569.4,7572.15,5648
1642694400,7572.15,7588.9,7548.9,7579.9,8098
1642708800,7579.9,7584.15,7479.11,7487.7,10110
1642723200,7520.65,7530.65,7483.9,7504.4,5031
1642737600,7504.15,7512.65,7479.15,7503.4,4812
1642752000,7503.15,7529.1,7490.1,7526.35,9547
1642766400,7526.85,7532.1,7480.6,7481.85,7953
1642780800,7481.85,7496.1,7446.1,7456.6,18453
1642795200,7456.35,7464.85,7418.15,7430.65,11979
1642982400,7435.65,7468.93,7432.15,7460.65,3849
1642996800,7460.15,7476.15,7449.65,7468.65,2451
1643011200,7468.4,7492.35,7431.35,7447.35,10059
1643025600,7447.6,7447.6,7366.1,7366.1,12046
1643040000,7366.1,7367.1,7224.85,7270.85,19011
1643054400,7270.1,7385.55,7264.35,7374.19,12881
1643068800,7363.27,7376.25,7317.25,7342.25,3586
1643083200,7341.75,7354.5,7317.75,7351.0,3296
1643097600,7352.75,7376.95,7304.7,7371.95,12782
1643112000,7372.45,7379.7,7340.2,7363.45,12711
1643126400,7363.2,7388.2,7303.2,7374.45,16918
1643140800,7374.45,7449.7,7353.25,7355.25,10252
1643155200,7385.35,7445.26,7381.85,7423.85,3561
1643169600,7423.85,7445.85,7423.85,7436.85,2607
1643184000,7436.1,7505.8,7427.05,7499.55,8728
1643198400,7499.3,7517.3,7484.3,7514.3,7999
1643212800,7514.05,7524.8,7454.3,7475.8,14061
1643227200,7475.8,7492.05,7392.55,7424.94,16946
1643241600,7446.45,7464.45,7342.2,7345.45,4736
1643256000,7345.45,7358.2,7317.95,7348.95,5931
1643270400,7347.95,7498.9,7328.7,7493.9,13174
1643284800,7494.15,7547.65,7480.9,7546.4,11599
1643299200,7544.9,7593.65,7525.9,7537.65,13476
1643313600,7537.65,7563.81,7509.9,7558.31,11432
1643328000,7567.45,7575.45,7520.6,7556.95,3147
1643342400,7557.45,7584.2,7541.7,7568.7,3618
1643356800,7568.95,7571.45,7476.65,7480.15,9237
1643371200,7479.9,7481.15,7416.65,7454.15,12149
1643385600,7453.9,7494.4,7417.9,7452.4,12979
1643400000,7452.15,7506.95,7418.9,7495.95,11323
1643587200,7485.65,7511.9,7468.65,7502.4,3374
1643601600,7502.4,7525.4,7497.9,7512.4,2533
1643616000,7512.9,7531.9,7463.9,7472.4,8955
1643630400,7472.4,7478.9,7449.4,7463.4,9435
1643644800,7463.4,7495.4,7445.9,7495.15,9117
1643659200,7495.4,7520.4,7486.15,7503.93,6424
1643673600,7502.24,7512.65,7479.4,7481.9,1804
1643688000,7481.9,7501.15,7480.9,7500.15,1968
1643702400,7499.65,7539.6,7488.85,7512.35,7561
1643716800,7512.35,7545.4,7507.35,7536.9,6601
1643731200,7536.9,7539.9,7506.4,7536.15,8633
1643745600,7536.15,7587.97,7529.9,7578.47,4755
1643760000,7575.35,7583.85,7566.75,7571.35,1300
1643774400,7571.85,7583.35,7568.1,7580.35,1056
1643788800,7580.35,7596.3,7557.3,7594.8,5276
1643803200,7594.8,7603.8,7585.8,7586.8,3936
1643817600,7586.8,7602.3,7566.3,7591.3,7303
1643832000,7591.3,7611.05,7554.29,7565.35,6225
1643846400,7564.37,7581.3,7549.55,7572.05,2074
1643860800,7570.8,7585.05,7567.55,7578.3,1526
1643875200,7578.55,7601.5,7562.75,7569.25,7337
1643889600,7569.25,7580.8,7546.0,7554.5,7878
1643904000,7554.5,7563.75,7517.5,7524.75,6852
1643918400,7524.75,7573.24,7511.04,7564.51,7443
1643932800,7561.45,7570.45,7525.95,7535.2,2327
1643947200,7535.45,7573.45,7535.2,7571.95,1861
1643961600,7571.95,7595.65,7554.15,7559.4,9268
1643976000,7559.65,7561.9,7503.65,7503.9,8647
1643990400,7504.15,7537.4,7492.4,7536.15,10190
1644004800,7536.4,7560.9,7512.57,7517.95,7815
1644192000,7525.25,7541.94,7509.5,7519.75,2928
1644206400,7519.75,7545.5,7500.75,7531.0,2329
1644220800,7531.25,7558.45,7503.45,7527.45,9975
1644235200,7527.7,7564.95,7521.7,7563.7,7370
1644249600,7563.45,7588.95,7554.45,7569.7,9974
1644264000,7569.95,7595.2,7561.7,7575.25,5585
1644278400,7574.45,7603.7,7570.95,7592.95,1541
1644292800,7593.2,7598.95,7582.7,7590.45,1762
1644307200,7590.2,7629.9,7579.9,7605.4,7342
1644321600,7604.9,7605.9,7564.9,7570.4,4681
1644336000,7570.4,7589.4,7543.9,7587.4,5545
1644350400,7587.4,7599.4,7568.15,7590.45,5019
1644364800,7594.25,7602.5,7588.36,7598.75,1509
1644379200,7598.75,7628.75,7598.0,7618.75,1863
1644393600,7618.75,7626.7,7586.2,7610.2,6358
1644408000,7610.2,7633.8,7598.7,7627.8,3010
1644422400,7627.8,7667.3,7627.8,7653.8,4733
1644436800,7653.8,7675.85,7649.8,7668.35,2709
1644451200,7665.85,7668.75,7638.3,7646.35,1546
1644465600,7646.35,7654.6,7638.85,7654.6,1415
1644480000,7655.35,7685.8,7643.8,7651.3,7579
1644494400,7651.3,7680.3,7630.3,7657.8,5434
1644508800,7657.55,7695.8,7640.05,7662.8,8369
1644523200,7661.8,7667.55,7616.35,7625.35,7173
1644537600,7627.75,7635.25,7600.25,7617.0,2047
1644552000,7617.0,7620.0,7595.25,7600.25,2693
1644566400,7599.25,7654.45,7596.5,7615.45,8678
1644580800,7615.45,7643.7,7612.7,7632.2,7601
1644595200,7632.2,7677.7,7631.7,7661.2,12278
1644609600,7661.2,7669.2,7583.95,7594.25,11636
1644796800,7587.04,7627.65,7579.75,7608.25,2687
1644811200,7608.75,7638.5,7604.25,7622.0,2173
1644825600,7623.0,7627.25,7485.7,7497.9,10437
1644840000,7497.9,7583.15,7488.65,7553.4,10902
1644854400,7553.65,7569.4,7498.15,7544.65,12042
1644868800,7544.65,7550.4,7493.4,7528.95,8601
1644883200,7533.65,7543.65,7516.65,7529.65,1625
1644897600,7528.15,7546.15,7498.15,7508.4,2239
1644912000,7508.15,7610.1,7506.65,7588.15,8090
1644926400,7587.65,7602.4,7552.65,7591.9,7009
1644940800,7591.4,7616.15,7572.15,7596.65,7997
1644955200,7596.9,7611.4,7589.15,7593.07,4863
1644969600,7599.9,7601.9,7585.4,7596.65,1402
1644984000,7596.9,7614.15,7596.15,7611.9,1560
1644998400,7611.9,7634.35,7590.85,7597.35,6752
1645012800,7597.1,7600.85,7573.85,7578.6,5629
1645027200,7578.6,7610.1,7564.1,7595.4,7245
1645041600,7594.65,7628.65,7592.15,7601.2,6432
1645056000,7598.8,7605.2,7578.43,7592.7,1703
1645070400,7592.2,7603.45,7551.7,7570.45,3292
1645084800,7569.2,7604.4,7548.15,7557.4,10514
1645099200,7557.15,7578.65,7539.4,7540.15,7267
1645113600,7540.15,7555.1,7500.15,7536.4,10704
1645128000,7536.4,7537.15,7493.4,7511.2,6322
1645142400,7498.2,7539.45,7495.2,7534.2,2591
1645156800,7534.7,7569.7,7529.95,7553.7,2735
1645171200,7552.45,7566.65,7533.15,7554.9,9126
1645185600,7555.15,7570.15,7518.9,7537.9,8283
1645200000,7537.9,7550.15,7492.9,7496.65,13797
1645214400,7496.9,7530.15,7491.15,7501.2,9737
1645401600,7474.91,7523.35,7469.19,7513.6,4499
1645416000,7513.6,7525.1,7506.6,7520.1,2767
1645430400,7520.1,7563.6,7518.6,7523.6,9114
1645444800,7523.35,7525.35,7440.6,7469.35,11673
1645459200,7468.1,7510.1,7448.35,7449.6,10286
1645473600,7450.1,7464.1,7408.1,7416.4,2546
1645488000,7400.4,7454.9,7374.4,7421.9,4937
1645502400,7421.9,7431.9,7399.15,7422.4,3126
1645516800,7422.15,7463.1,7353.35,7437.6,12906
1645531200,7439.1,7522.1,7436.85,7502.85,7775
1645545600,7503.1,7527.6,7455.1,7456.85,9430
1645560000,7457.1,7492.35,7423.6,7486.4,9053
1645574400,7482.7,7501.1,7479.95,7491.7,2016
1645588800,7491.7,7517.2,7481.2,7507.95,2435
1645603200,7507.95,7546.65,7481.15,7522.65,8106
1645617600,7522.65,7546.15,7509.65,7540.15,5284
1645632000,7539.9,7548.65,7489.4,7510.9,13198
1645646400,7510.9,7511.65,7458.84,7467.2,12297
1645660800,7451.2,7463.2,7391.95,7419.95,4279
1645675200,7421.7,7425.7,7278.45,7313.2,8282
1645689600,7313.2,7333.65,7214.15,7284.4,15325
1645704000,7283.65,7312.4,7235.65,7255.4,18354
1645718400,7255.4,7271.9,7169.65,7178.4,16387
1645732800,7177.9,7296.4,7169.4,7276.2,15314
1645747200,7264.2,7284.68,7247.45,7268.7,3854
1645761600,7269.2,7300.7,7253.45,7287.45,4644
1645776000,7289.2,7318.4,7255.9,7314.4,15532
1645790400,7314.4,7434.9,7307.15,7425.15,14060
1645804800,7424.65,7518.15,7412.4,7507.4,15728
1645819200,7507.9,7559.15,7495.9,7555.2,9467
1646006400,7421.47,7452.4,7225.7,7403.4,6873
1646020800,7403.4,7417.4,7351.4,7369.15,4419
1646035200,7369.15,7421.1,7347.85,7392.1,15515
1646049600,7392.1,7439.1,7357.35,7371.1,11372
1646064000,7371.1,7474.1,7367.1,7392.6,18132
1646078400,7392.1,7405.1,7355.85,7390.4,12091
1646092800,7392.4,7437.9,7385.9,7414.9,3088
1646107200,7414.65,7428.4,7406.4,7415.65,2451
1646121600,7415.65,7496.6,7401.35,7415.6,13194
1646136000,7415.1,7415.35,7342.35,7383.6,12597
1646150400,7383.6,7418.1,7278.6,7316.1,17291
1646164800,7315.6,7332.4,7268.1,7319.9,12649
1646179200,7317.0,7371.5,7312.5,7343.75,3608
1646193600,7343.75,7353.25,7324.25,7345.5,3140
1646208000,7345.5,7402.95,7292.45,7386.7,15738
1646222400,7387.2,7407.45,7358.45,7379.2,13210
1646236800,7378.7,7463.2,7377.2,7430.45,14575
1646251200,7430.7,7448.2,7404.05,7404.05,7677
1646265600,7408.5,7421.84,7405.0,7409.0,2339
1646280000,7409.0,7440.5,7408.0,7434.25,2184
1646294400,7433.25,7469.25,7390.25,7407.0,12554
1646308800,7407.0,7410.0,7359.25,7372.5,10599
1646323200,7371.75,7379.75,7221.25,7265.5,16770
1646337600,7265.0,7274.0,7219.5,7246.0,9404
1646352000,7253.1,7266.6,7084.5,7186.85,5747
1646366400,7187.1,7194.1,7103.85,7134.0,4004
1646380800,7135.0,7211.55,6998.8,7015.8,10637
1646395200,7015.05,7039.8,6972.8,7027.3,9783
1646409600,7027.3,7060.8,6964.05,6987.55,11141
1646424000,6987.55,7000.55,6907.05,6959.6,7271
1646611200,6887.72,6931.01,6768.0,6771.25,4771
1646625600,6771.25,6861.5,6756.25,6833.5,2776
1646640000,6831.0,6945.95,6779.95,6874.7,12346
1646654400,6873.45,6986.2,6855.2,6975.2,12894
1646668800,6975.2,7029.2,6888.45,6912.2,14442
1646683200,6912.2,6935.7,6860.95,6897.5,9260
1646697600,6890.3,6959.3,6881.8,6942.3,2726
1646712000,6943.8,6950.8,6884.8,6889.8,2962
1646726400,6890.3,7011.5,6842.8,6964.0,12066
1646740800,6964.0,7013.5,6912.5,6980.5,11776
1646755200,6980.5,7109.25,6931.0,7083.5,15875
1646769600,7084.5,7097.5,6983.81,6990.31,11102
1646784000,7002.5,7079.0,6997.0,7051.5,2465
1646798400,7051.75,7103.0,7030.5,7043.0,2080
1646812800,7043.0,7120.45,7032.0,7104.7,10256
1646827200,7105.2,7122.45,7050.7,7078.95,7197
1646841600,7078.7,7251.7,7074.95,7241.2,11239
1646856000,7240.45,7245.2,7181.2,7193.85,6268
1646870400,7164.5,7180.1,7146.2,7177.6,2385
1646884800,7177.1,7186.6,7155.0,7170.0,1955
1646899200,7172.0,7180.7,7101.2,7115.95,10240
1646913600,7116.2,7135.95,7063.7,7090.7,9400
1646928000,7090.2,7146.2,7066.95,7097.2,11797
1646942400,7096.2,7154.2,7086.95,7120.5,6471
1646956800,7120.6,7131.6,7063.1,7075.1,1771
1646971200,7075.1,7107.85,7051.6,7100.6,2126
1646985600,7099.1,7178.8,7095.1,7175.55,8937
1647000000,7176.05,7264.05,7153.8,7200.05,9976
1647014400,7200.3,7202.3,7128.3,7145.55,11752
1647028800,7145.8,7155.8,7102.1,7115.1,6032
1647216000,7149.45,7186.4,7132.45,7168.9,2967
1647230400,7207.8,7211.3,7149.65,7168.4,2191
1647244800,7168.4,7214.6,7141.35,7149.6,7864
1647259200,7150.6,7208.1,7150.1,7173.85,9717
1647273600,7173.6,7224.1,7157.6,7165.85,10844
1647288000,7166.35,7177.1,7147.85,7173.1,6355
1647302400,7179.15,7187.37,7159.71,7170.87,1744
1647316800,7166.0,7185.6,7134.85,7167.35,2339
1647331200,7166.85,7167.1,7074.55,7076.8,7715
1647345600,7076.55,7166.05,7075.55,7148.05,8930
1647360000,7147.8,7193.3,7117.55,7173.55,11412
1647374400,7173.55,7210.3,7155.05,7196.8,6783
1647388800,7189.25,7200.7,7169.23,7178.2,1712
1647403200,7176.1,7203.2,7168.95,7194.7,2446
1647417600,7194.7,7298.4,7193.2,7266.4,8338
1647432000,7266.4,7276.45,7238.65,7264.45,7696
1647446400,7264.45,7312.7,7260.45,7287.7,10656
1647460800,7287.7,7342.45,7245.2,7328.95,9436
1647475200,7302.35,7322.8,7290.84,7319.75,1747
1647489600,7277.7,7325.3,7277.7,7301.3,1945
1647504000,7300.8,7333.0,7285.3,7307.0,5289
1647518400,7307.5,7328.5,7253.75,7328.5,6964
1647532800,7328.0,7391.5,7319.25,7386.5,7522
1647547200,7386.5,7415.5,7373.95,7376.95,3797
1647561600,7385.65,7391.6,7363.61,7365.6,1817
1647576000,7365.0,7376.1,7349.6,7365.1,1644
1647590400,7364.6,7411.1,7354.8,7372.8,5488
1647604800,7373.05,7391.55,7311.85,7331.6,8716
1647619200,7331.6,7426.85,7331.35,7417.35,9379
1647633600,7417.1,7451.85,7410.35,7443.85,4593
1647820800,7435.2,7441.7,7408.2,7415.2,1367
1647835200,7417.6,7422.2,7392.7,7393.2,1073
1647849600,7393.45,7448.65,7382.7,7437.4,4013
1647864000,7437.15,7463.9,7423.9,7434.55,4147
1647878400,7434.55,7453.45,7417.45,7421.95,8254
1647892800,7422.45,7445.95,7405.95,7444.2,5097
1647907200,7432.05,7437.0,7417.94,7423.0,1104
1647921600,7415.4,7454.5,7415.4,7443.0,1155
1647936000,7442.75,7485.2,7433.25,7474.45,3912
1647950400,7474.2,7483.7,7463.95,7472.45,4037
1647964800,7472.45,7486.45,7455.95,7479.45,6888
1647979200,7479.45,7490.45,7467.2,7486.2,4294
1647993600,7476.55,7493.05,7471.05,7484.0,1290
1648008000,7478.4,7505.0,7478.4,7502.75,1202
1648022400,7502.5,7517.45,7483.95,7514.45,4136
1648036800,7514.45,7518.95,7461.2,7463.45,5438
1648051200,7463.7,7485.95,7445.2,7449.2,8518
1648065600,7449.2,7452.45,7422.45,7431.2,5165
1648080000,7425.35,7447.13,7425.35,7435.3,1090
1648094400,7435.2,7462.05,7427.8,7457.3,1643
1648108800,7457.55,7482.25,7453.55,7475.5,4964
1648123200,7475.75,7483.75,7450.7,7467.5,6630
1648137600,7467.25,7492.2,7450.75,7470.5,9089
1648152000,7471.0,7485.75,7461.75,7483.5,4092
1648166400,7481.45,7481.45,7459.4,7464.4,1101
1648180800,7466.8,7492.15,7458.15,7478.15,1928
1648195200,7479.4,7479.4,7438.6,7458.85,4823
1648209600,7458.85,7495.6,7437.85,7479.35,5864
1648224000,7479.35,7500.35,7466.85,7478.35,9116
1648238400,7478.35,7516.85,7477.35,7514.85,4011
1648425600,7507.25,7508.75,7478.45,7481.95,1252
1648440000,7481.7,7505.2,7476.7,7494.7,1474
1648454400,7494.2,7518.15,7482.15,7517.15,6249
1648468800,7516.4,7539.6,7509.15,7513.15,5137
1648483200,7513.15,7515.4,7457.2,7476.7,8663
1648497600,7476.95,7504.9,7470.45,7496.5,4184
1648512000,7493.15,7510.35,7492.6,7506.6,937
1648526400,7505.85,7515.35,7503.35,7510.1,1919
1648540800,7510.1,7541.8,7506.6,7539.05,5698
1648555200,7539.05,7584.5,7529.8,7564.3,9508
1648569600,7564.05,7570.05,7514.8,7524.8,11028
1648584000,7524.8,7572.5,7520.3,7557.01,4807
1648598400,7551.05,7559.0,7542.0,7545.0,1033
1648612800,7544.5,7557.75,7522.75,7525.5,2394
1648627200,7525.5,7558.2,7525.25,7537.2,6876
1648641600,7537.2,7552.2,7523.4,7545.95,5717
1648656000,7545.7,7582.65,7539.2,7571.4,8232
1648670400,7571.65,7576.4,7543.65,7573.2,3971
1648684800,7563.65,7584.6,7557.6,7583.1,1009
1648699200,7583.1,7585.6,7565.85,7574.85,1643
1648713600,7574.85,7593.8,7550.55,7577.3,6653
1648728000,7577.3,7578.8,7549.25,7559.0,4935
1648742400,7559.75,7567.55,7501.0,7525.5,9742
1648756800,7525.5,7526.75,7485.3,7504.3,5703
1648771200,7503.4,7512.9,7494.4,7512.9,1111
1648785600,7512.9,7524.9,7507.9,7516.65,1865
1648800000,7516.9,7546.85,7504.35,7540.35,6460
1648814400,7540.6,7548.6,7522.85,7524.6,4796
1648828800,7524.35,7550.35,7512.85,7522.35,8414
1648843200,7522.35,7567.6,7519.35,7554.9,5867
1649030400,7556.8,7559.3,7540.3,7555.3,1127
1649044800,7555.3,7576.8,7549.55,7571.3,1362
1649059200,7571.3,7579.75,7528.5,7538.25,6151
1649073600,7538.0,7558.75,7532.25,7535.75,4833
1649088000,7536.0,7570.75,7535.25,7560.2,8076
1649102400,7560.2,7570.45,7554.95,7557.5,3378
1649116800,7556.1,7557.6,7542.1,7546.1,583
1649131200,7546.1,7551.85,7541.35,7545.85,1179
1649145600,7546.1,7566.15,7531.95,7541.6,5828
1649160000,7541.35,7565.25,7533.85,7560.5,5790
1649174400,7561.0,7616.15,7558.0,7596.3,10510
1649188800,7596.05,7608.05,7566.3,7591.1,6024
1649203200,7591.7,7605.95,7579.95,7580.2,764
1649217600,7581.2,7598.7,7575.2,7586.7,1626
1649232000,7586.45,7612.85,7562.5,7567.5,7312
1649246400,7568.5,7597.3,7556.85,7567.15,6871
1649260800,7567.15,7599.85,7531.1,7591.6,11173
1649275200,7591.6,7615.85,7569.1,7586.9,9542
1649289600,7580.2,7583.7,7554.7,7563.2,1349
1649304000,7563.95,7580.2,7556.7,7559.45,2366
1649318400,7559.2,7588.9,7538.4,7571.9,7994
1649332800,7571.9,7599.9,7560.9,7564.15,6581
1649347200,7564.4,7574.15,7528.95,7568.2,12065
1649361600,7568.2,7617.2,7566.7,7598.5,7225
1649376000,7602.7,7614.2,7588.7,7593.95,1034
1649390400,7594.45,7602.7,7581.2,7582.95,1909
1649404800,7583.2,7642.65,7580.45,7622.4,6437
1649419200,7622.15,7633.95,7609.9,7620.15,5370
1649433600,7620.4,7667.6,7613.4,7664.6,10456
1649448000,7664.6,7667.1,7639.1,7645.9,5150
1649635200,7661.54,7668.3,7628.55,7656.05,1619
1649649600,7655.8,7658.55,7616.8,7619.8,2980
1649664000,7619.8,7660.5,7614.05,7633.25,8174
1649678400,7633.75,7657.5,7611.25,7617.75,5942
1649692800,7618.0,7636.75,7599.8,7604.8,9811
1649707200,7604.8,7611.05,7570.5,7585.1,5205
1649721600,7588.7,7592.7,7562.45,7563.7,1389
1649736000,7563.7,7570.7,7548.45,7551.45,2732
1649750400,7551.7,7587.9,7536.65,7579.9,8796
1649764800,7579.9,7591.15,7561.7,7575.75,6971
1649779200,7576.0,7583.25,7550.0,7573.5,11556
1649793600,7573.0,7579.5,7527.0,7544.71,6368
1649808000,7549.51,7576.75,7541.91,7575.0,1280
1649822400,7575.25,7577.75,7564.75,7570.25,1889
1649836800,7570.25,7588.2,7539.7,7584.45,7199
1649851200,7584.45,7592.7,7558.95,7562.95,6598
1649865600,7563.2,7575.95,7549.45,7563.7,8979
1649880000,7563.7,7575.15,7555.95,7565.2,3866
1649894400,7563.1,7585.85,7558.5,7577.35,815
1649908800,7577.35,7590.6,7572.1,7586.1,1573
1649923200,7586.1,7597.3,7545.8,7552.8,6254
1649937600,7552.8,7591.3,7544.05,7590.55,7205
1649952000,7591.3,7616.8,7588.05,7594.8,9649
1649966400,7594.8,7619.05,7590.8,7600.5,4371
1650326400,7618.2,7630.8,7596.3,7603.8,743
1650340800,7602.3,7617.05,7596.05,7615.05,2041
1650355200,7614.8,7622.5,7577.75,7581.0,7917
1650369600,7581.0,7589.75,7562.5,7584.25,6020
1650384000,7583.75,7624.25,7573.75,7606.75,8387
1650398400,7606.75,7632.25,7599.3,7609.3,5022
1650412800,7610.8,7629.05,7609.3,7627.3,1261
1650427200,7627.3,7630.55,7606.05,7618.8,2999
1650441600,7619.3,7627.75,7589.55,7620.75,7231
1650456000,7621.75,7637.45,7607.2,7615.7,5414
1650470400,7615.45,7638.45,7593.2,7636.45,8170
1650484800,7636.45,7643.45,7611.45,7637.29,5453
1650499200,7628.8,7635.46,7622.05,7631.05,1140
1650513600,7630.55,7641.55,7626.3,7634.3,2230
1650528000,7634.3,7644.8,7598.75,7623.75,7843
1650542400,7623.75,7660.75,7611.75,7649.75,5167
1650556800,7650.25,7654.25,7602.75,7604.5,8727
1650571200,7604.25,7608.5,7541.11,7547.59,8534
1650585600,7552.1,7563.6,7515.35,7528.35,2134
1650600000,7528.35,7538.85,7517.85,7530.85,3650
1650614400,7531.1,7614.05,7528.35,7591.05,9253
1650628800,7590.8,7595.55,7562.8,7579.55,6478
1650643200,7579.55,7582.55,7519.05,7524.05,11586
1650657600,7524.05,7527.05,7472.6,7487.1,7529
1650844800,7481.63,7500.63,7453.95,7467.95,2457
1650859200,7469.45,7470.95,7424.2,7428.45,3996
1650873600,7428.7,7440.45,7346.15,7349.65,10980
1650888000,7349.4,7412.4,7340.15,7412.15,9929
1650902400,7412.15,7426.15,7365.65,7392.9,16227
1650916800,7392.9,7466.9,7382.15,7452.21,10172
1650931200,7440.2,7451.21,7429.45,7438.2,1255
1650945600,7438.2,7473.95,7435.2,7473.95,2392
1650960000,7473.95,7476.2,7403.4,7427.9,8744
1650974400,7428.15,7461.65,7424.15,7445.65,6705
1650988800,7445.65,7448.4,7371.15,7408.4,14655
1651003200,7408.9,7409.9,7299.68,7299.68,9926
1651017600,7330.0,7375.5,7329.0,7359.75,2778
1651032000,7359.5,7390.5,7358.75,7384.25,3238
1651046400,7384.75,7415.7,7344.95,7410.4,9736
1651060800,7409.65,7460.35,7408.15,7429.85,8096
1651075200,7429.6,7451.35,7393.6,7445.1,15443
1651089600,7445.1,7479.43,7418.1,7477.44,11334
1651104000,7459.9,7467.4,7440.3,7457.15,1558
1651118400,7457.15,7462.9,7442.15,7460.65,2756
1651132800,7460.65,7505.05,7456.15,7500.05,7478
1651147200,7500.05,7519.35,7488.1,7501.85,6924
1651161600,7500.85,7544.25,7480.75,7539.75,10750
1651176000,7539.75,7577.75,7533.4,7539.4,6006
1651190400,7535.83,7558.65,7527.75,7550.9,1696
1651204800,7550.9,7565.4,7549.15,7557.9,2767
1651219200,7557.9,7583.6,7525.35,7534.6,8845
1651233600,7534.6,7558.35,7510.1,7550.85,7612
1651248000,7550.35,7571.35,7505.35,7508.1,13795
1651262400,7507.85,7527.6,7439.85,7441.3,7966
1651536000,7461.8,7500.15,7461.8,7489.65,675
1651550400,7489.65,7504.15,7472.9,7480.9,2534
1651564800,7481.15,7542.6,7470.6,7518.1,8977
1651579200,7517.85,7527.85,7479.85,7520.6,8412
1651593600,7520.85,7571.35,7517.35,7564.6,12519
1651608000,7565.1,7578.85,7542.85,7555.5,8057
1651622400,7558.4,7568.9,7557.4,7559.4,925
1651636800,7559.65,7568.9,7550.65,7557.4,1400
1651651200,7557.4,7572.1,7530.85,7538.35,6716
1651665600,7538.6,7541.6,7513.1,7527.35,5827
1651680000,7527.35,7544.85,7490.85,7530.1,11459
1651694400,7530.1,7588.35,7502.85,7558.4,13443
1651708800,7568.4,7575.9,7555.9,7571.9,1212
1651723200,7571.9,7591.65,7559.65,7590.4,2361
1651737600,7590.4,7624.1,7565.6,7567.1,9242
1651752000,7566.85,7618.85,7549.35,7604.85,8136
1651766400,7605.85,7606.35,7470.85,7508.6,19053
1651780800,7508.6,7521.1,7462.1,7501.9,13647
1651795200,7487.1,7506.6,7479.6,7489.6,1830
1651809600,7489.6,7505.1,7476.1,7488.35,3116
1651824000,7487.6,7503.55,7437.05,7443.05,10424
1651838400,7443.05,7457.3,7416.3,7416.55,9971
1651852800,7417.05,7422.3,7352.55,7415.55,22306
1651867200,7415.3,7422.8,7368.55,7400.6,13726
1652054400,7361.74,7371.99,7332.7,7336.45,3162
1652068800,7336.45,7360.2,7322.45,7355.45,2908
1652083200,7355.45,7393.9,7296.4,7324.4,10470
1652097600,7324.4,7340.15,7228.65,7260.65,11699
1652112000,7260.9,7281.4,7200.65,7234.9,19236
1652126400,7234.15,7244.4,7183.4,7210.2,12375
1652140800,7217.67,7229.17,7157.7,7166.2,2126
1652155200,7166.7,7224.95,7159.45,7217.7,4396
1652169600,7217.45,7306.15,7215.45,7272.65,10084
1652184000,7272.9,7301.15,7247.65,7300.65,8895
1652198400,7300.65,7313.15,7208.15,7217.4,20478
1652212800,7217.65,7277.65,7215.9,7252.2,15065
1652227200,7253.3,7265.93,7236.05,7243.05,1523
1652241600,7244.8,7291.3,7237.3,7283.3,2711
1652256000,7283.3,7333.0,7256.75,7325.25,8662
1652270400,7325.25,7341.25,7238.25,7243.5,9602
1652284800,7243.25,7357.75,7242.5,7290.5,21581
1652299200,7290.25,7299.5,7238.3,7262.3,13863
1652313600,7256.8,7269.2,7222.8,7263.3,2616
1652328000,7264.3,7273.05,7232.3,7239.05,3113
1652342400,7239.05,7244.8,7166.75,7179.25,13493
1652356800,7179.5,7212.75,7155.25,7200.75,12273
1652371200,7199.75,7269.75,7190.75,7230.5,20772
1652385600,7230.0,7237.5,7187.0,7204.3,13402
1652400000,7218.5,7279.0,7216.0,7277.5,2255
1652414400,7277.5,7313.75,7276.25,7306.25,3101
1652428800,7306.25,7336.95,7281.2,7330.95,9351
1652443200,7331.2,7366.2,7329.2,7360.2,6613
1652457600,7360.45,7432.7,7355.45,7431.2,11837
1652472000,7431.2,7439.9,7390.2,7428.5,8908
1652659200,7455.5,7474.95,7441.0,7447.25,2620
1652673600,7447.5,7453.25,7376.5,7397.0,4439
1652688000,7397.75,7437.95,7360.7,7436.7,8885
1652702400,7436.7,7440.95,7409.95,7437.2,5648
1652716800,7437.45,7488.2,7428.95,7473.7,14094
1652731200,7473.45,7507.95,7456.45,7458.5,9359
1652745600,7464.7,7483.95,7459.2,7473.2,1224
1652760000,7472.95,7492.95,7468.95,7482.7,2369
1652774400,7482.7,7525.9,7473.4,7511.65,6859
1652788800,7511.65,7540.4,7507.4,7525.9,6868
1652803200,7525.9,7535.15,7494.15,7526.65,10814
1652817600,7526.9,7536.9,7499.4,7532.2,7885
1652832000,7535.8,7545.55,7522.25,7533.8,1198
1652846400,7534.3,7536.55,7504.55,7514.8,2153
1652860800,7514.8,7535.25,7505.25,7520.5,6225
1652875200,7520.5,7528.25,7481.75,7484.25,5464
1652889600,7484.25,7496.5,7427.25,7448.35,12126
1652904000,7448.6,7448.85,7374.42,7387.42,8854
1652918400,7371.3,7379.8,7345.22,7371.45,2511
1652932800,7371.45,7400.2,7360.7,7397.45,3630
1652947200,7397.95,7400.45,7271.05,7274.15,10661
1652961600,7273.9,7290.9,7227.65,7259.15,9291
1652976000,7258.9,7334.15,7243.15,7309.9,18020
1652990400,7309.9,7356.9,7294.15,7323.2,11604
1653004800,7331.4,7359.4,7323.9,7349.65,1649
1653019200,7349.65,7387.4,7346.15,7384.9,2709
1653033600,7384.9,7429.35,7358.1,7427.6,8147
1653048000,7427.6,7455.85,7412.6,7418.1,6168
1653062400,7417.6,7436.85,7342.1,7351.6,15555
1653076800,7351.6,7403.6,7322.6,7399.4,12224
1653264000,7429.8,7452.7,7413.3,7440.55,2745
1653278400,7440.55,7451.55,7414.3,7432.05,2282
1653292800,7431.8,7471.25,7429.55,7441.5,8568
1653307200,7441.5,7481.75,7431.5,7478.25,6826
1653321600,7478.25,7519.75,7462.0,7491.0,14214
1653336000,7491.0,7503.0,7476.5,7487.3,7604
1653350400,7453.0,7483.5,7450.5,7472.0,2127
1653364800,7472.25,7482.0,7458.0,7459.25,2378
1653379200,7458.75,7475.2,7427.7,7466.2,9167
1653393600,7466.7,7515.7,7466.45,7512.45,6264
1653408000,7512.45,7529.2,7473.45,7496.2,15381
1653422400,7496.2,7537.7,7483.95,7521.5,9900
1653436800,7520.7,7538.7,7517.2,7535.2,1114
1653451200,7535.2,7561.95,7534.7,7548.7,1971
1653465600,7548.7,7553.95,7495.65,7510.65,7218
1653480000,7510.4,7535.65,7493.9,7516.4,6344
1653494400,7516.15,7548.15,7510.15,7527.65,11985
1653508800,7527.4,7559.9,7503.25,7515.72,10422
1653523200,7526.7,7555.95,7518.7,7549.7,1471
1653537600,7549.95,7553.2,7512.7,7514.45,2538
1653552000,7514.45,7544.65,7503.15,7524.65,5106
1653566400,7524.9,7538.15,7511.4,7535.4,5412
1653580800,7535.4,7581.15,7531.9,7575.4,8517
1653595200,7575.15,7581.4,7545.11,7555.7,5846
1653609600,7558.9,7570.4,7540.4,7545.65,1355
1653624000,7545.9,7556.15,7540.9,7551.15,2378
1653638400,7550.65,7577.35,7541.35,7565.6,6605
1653652800,7565.35,7599.1,7551.1,7592.1,5518
1653667200,7592.35,7601.35,7572.6,7585.6,8317
1653681600,7585.6,7594.4,7574.1,7590.91,4845
1653868800,7577.5,7599.4,7576.1,7593.0,1696
1653883200,7592.5,7606.0,7585.5,7605.25,2256
1653897600,7605.25,7626.95,7602.25,7604.2,6647
1653912000,7604.2,7605.2,7577.7,7586.95,4358
1653926400,7586.95,7609.95,7575.45,7596.7,3879
1653940800,7596.45,7614.9,7596.45,7612.9,565
1653955200,7600.2,7619.2,7584.7,7599.2,1661
1653969600,7599.2,7611.7,7587.95,7601.45,2043
1653984000,7601.7,7649.4,7593.15,7637.9,7659
1653998400,7637.15,7637.65,7614.15,7616.15,6418
1654012800,7616.15,7634.4,7580.65,7620.9,11767
1654027200,7620.4,7622.9,7582.3,7595.15,8501
1654041600,7592.1,7623.6,7587.6,7616.6,1285
1654056000,7616.6,7628.35,7607.6,7621.85,1960
1654070400,7622.35,7638.55,7575.3,7591.3,7872
1654084800,7591.55,7615.05,7576.55,7601.05,5804
1654099200,7601.55,7620.05,7518.05,7529.55,11894
1654113600,7529.8,7569.55,7527.55,7545.5,9675
1654473600,7572.0,7595.1,7563.5,7582.35,331
1654488000,7582.6,7604.85,7579.35,7603.6,1016
1654502400,7604.85,7637.55,7593.05,7629.05,5747
1654516800,7629.3,7648.55,7615.3,7632.8,3534
1654531200,7632.8,7643.3,7592.3,7609.3,8428
1654545600,7609.05,7615.55,7588.8,7602.6,5847
1654560000,7604.3,7611.3,7584.8,7593.05,1097
1654574400,7593.3,7598.55,7575.05,7581.8,1014
1654588800,7581.8,7617.0,7572.05,7608.25,5882
1654603200,7607.5,7614.75,7580.75,7582.75,5490
1654617600,7582.75,7613.75,7570.75,7602.5,8597
1654632000,7602.75,7632.5,7601.25,7617.3,4373
1654646400,7622.5,7631.5,7612.0,7629.5,886
1654660800,7629.0,7637.0,7615.0,7615.5,1007
1654675200,7615.5,7630.45,7573.95,7599.7,5988
1654689600,7599.45,7599.45,7548.95,7558.95,4782
1654704000,7558.95,7596.7,7552.7,7577.2,8619
1654718400,7576.95,7577.95,7551.45,7562.0,5705
1654732800,7556.5,7566.1,7546.5,7547.5,648
1654747200,7547.5,7558.5,7541.5,7551.0,695
1654761600,7550.5,7565.95,7533.45,7563.7,5612
1654776000,7563.2,7573.95,7510.45,7516.45,7339
1654790400,7515.7,7523.95,7467.95,7485.2,11545
1654804800,7485.45,7489.45,7418.5,7431.0,6017
1654819200,7436.2,7443.6,7416.2,7418.95,1302
1654833600,7418.95,7432.2,7412.2,7418.2,1643
1654848000,7418.2,7451.65,7389.15,7390.15,8737
1654862400,7390.15,7400.15,7338.15,7338.9,8565
1654876800,7338.9,7351.65,7292.15,7331.4,14790
1654891200,7331.65,7364.15,7319.15,7347.2,7576
1655078400,7297.28,7311.2,7261.7,7262.6,1973
1655092800,7262.6,7274.45,7243.95,7267.45,2478
1655107200,7267.45,7272.95,7182.65,7184.4,12215
1655121600,7183.65,7237.15,7173.15,7215.15,10903
1655136000,7215.15,7257.4,7172.4,7226.65,16547
1655150400,7226.65,7250.9,7200.2,7216.2,10313
1655164800,7227.0,7245.5,7213.5,7238.0,1779
1655179200,7238.25,7255.0,7215.0,7249.0,3017
1655193600,7249.0,7273.45,7210.95,7213.2,9773
1655208000,7213.2,7217.95,7132.65,7193.65,10799
1655222400,7193.4,7242.9,7159.9,7179.4,16379
1655236800,7179.4,7194.9,7143.65,7185.7,9007
1655251200,7190.9,7216.65,7183.4,7193.9,1437
1655265600,7193.4,7214.15,7189.4,7195.15,2237
1655280000,7195.4,7274.35,7184.15,7270.85,10692
1655294400,7270.6,7290.1,7252.1,7287.6,10856
1655308800,7287.85,7316.35,7255.6,7256.1,11832
1655323200,7255.6,7310.6,7222.6,7282.4,13991
1655337600,7287.1,7332.5,7286.6,7321.85,1301
1655352000,7321.85,7334.85,7287.35,7287.35,2519
1655366400,7287.35,7287.35,7149.85,7149.85,10365
1655380800,7149.35,7149.35,7063.35,7085.85,10118
1655395200,7085.85,7089.6,7024.35,7038.85,15480
1655409600,7038.85,7056.6,7002.2,7018.4,9821
1655424000,7027.2,7053.2,7007.72,7038.95,1923
1655438400,7038.95,7100.95,7033.7,7097.45,3734
1655452800,7097.7,7109.7,7016.9,7096.4,11650
1655467200,7096.15,7135.15,7093.9,7103.65,11396
1655481600,7103.15,7106.15,6996.4,7022.15,17478
1655496000,7021.9,7048.4,6999.15,7009.7,9790
1655683200,7012.4,7045.7,6999.3,7011.8,2287
1655697600,7011.3,7015.3,6968.8,6990.3,3813
1655712000,6990.3,7073.0,6986.3,7071.5,8192
1655726400,7071.0,7124.25,7053.5,7117.25,6916
1655740800,7116.75,7135.75,7110.5,7117.5,5970
1655755200,7117.5,7122.0,7115.25,7116.7,673
1655769600,7108.2,7133.2,7105.7,7127.45,1429
1655784000,7127.7,7158.2,7117.7,7153.95,2378
1655798400,7153.7,7175.9,7121.4,7173.15,7551
1655812800,7173.9,7200.15,7156.4,7157.15,6685
1655827200,7156.9,7167.9,7136.65,7161.9,11571
1655841600,7161.9,7164.4,7140.7,7150.2,5162
1655856000,7138.3,7144.3,7118.55,7123.05,1215
1655870400,7123.05,7127.05,7079.55,7085.55,2884
1655884800,7085.55,7092.3,7033.75,7068.0,10847
1655899200,7067.75,7083.5,7042.75,7061.75,8325
1655913600,7061.75,7121.5,7046.25,7099.75,15165
1655928000,7099.75,7124.25,7073.3,7074.3,6922
1655942400,7075.4,7095.9,7042.8,7086.9,2011
1655956800,7086.4,7094.65,7048.4,7070.9,3393
1655971200,7071.4,7086.9,7017.1,7033.35,9558
1655985600,7033.35,7121.85,7033.35,7059.9,8343
1656000000,7059.4,7063.4,6995.9,7001.15,15110
1656014400,7000.65,7041.9,6995.4,7016.95,7174
1656028800,7021.15,7048.4,7014.55,7047.65,1461
1656043200,7047.65,7082.15,7043.4,7074.15,2454
1656057600,7073.9,7110.05,7039.35,7107.55,7911
1656072000,7107.3,7148.8,7099.05,7142.8,6367
1656086400,7142.8,7224.05,7138.05,7221.05,10556
1656100800,7221.3,7252.3,7216.3,7232.35,4368
1656288000,7240.16,7245.16,7214.64,7217.75,1829
1656302400,7217.25,7263.75,7216.75,7257.0,1834
1656316800,7256.75,7292.2,7222.7,7259.95,8360
1656331200,7260.7,7277.7,7239.7,7250.45,6376
1656345600,7251.2,7282.45,7233.7,7265.95,12249
1656360000,7265.95,7266.7,7247.45,7262.25,6829
1656374400,7256.85,7280.35,7254.86,7271.35,836
1656388800,7271.35,7278.85,7244.6,7270.85,2342
1656403200,7269.85,7356.3,7269.6,7333.8,8771
1656417600,7333.55,7367.3,7333.3,7351.3,6069
1656432000,7351.8,7369.3,7301.3,7314.05,12649
1656446400,7314.05,7315.3,7276.35,7286.35,7027
1656460800,7292.25,7299.76,7271.75,7276.75,1318
1656475200,7277.0,7289.75,7269.25,7280.75,2268
1656489600,7281.0,7317.95,7253.45,7294.7,9509
1656504000,7294.7,7341.7,7272.45,7327.95,8409
1656518400,7326.95,7353.7,7301.2,7316.95,15490
1656532800,7316.7,7337.95,7297.23,7305.23,6305
1656547200,7308.3,7310.8,7293.85,7300.35,970
1656561600,7300.1,7304.1,7274.6,7278.6,2813
1656576000,7278.1,7280.35,7177.3,7204.3,12003
1656590400,7204.55,7207.8,7152.05,7152.05,9076
1656604800,7152.8,7215.55,7113.55,7206.05,15224
1656619200,7206.55,7213.3,7169.3,7197.25,10467
1656633600,7189.25,7227.0,7180.25,7204.75,1734
1656648000,7203.25,7207.75,7139.25,7148.25,3237
1656662400,7148.75,7190.45,7103.95,7184.95,10591
1656676800,7184.7,7212.2,7148.7,7178.45,9671
1656691200,7178.7,7222.45,7134.2,7186.45,16965
1656705600,7186.45,7242.15,7186.45,7232.25,7020
1656892800,7214.95,7226.95,7199.85,7205.45,1862
1656907200,7205.2,7217.45,7178.95,7209.95,3017
1656921600,7208.95,7258.65,7208.7,7240.9,8577
1656936000,7241.15,7261.9,7236.4,7258.9,5350
1656950400,7259.15,7261.9,7226.15,7235.4,5147
1656964800,7235.4,7239.9,7228.85,7228.85,556
1656979200,7241.25,7290.17,7237.13,7279.25,2145
1656993600,7279.25,7286.25,7258.75,7269.75,2421
1657008000,7268.75,7276.25,7143.7,7145.2,9613
1657022400,7146.7,7180.2,7082.95,7085.2,10403
1657036800,7085.2,7086.95,7013.45,7022.95,18181
1657051200,7023.2,7101.7,7021.2,7089.75,8035
1657065600,7092.45,7132.7,7073.9,7128.7,1663
1657080000,7128.7,7138.45,7088.45,7107.2,2419
1657094400,7107.2,7203.65,7071.65,7122.15,11649
1657108800,7122.15,7163.65,7107.65,7143.9,9931
1657123200,7143.9,7155.9,7101.65,7117.4,15342
1657137600,7117.15,7168.9,7114.65,7161.45,8403
1657152000,7158.25,7164.25,7147.25,7151.25,1157
1657166400,7152.75,7188.75,7133.75,7181.75,2846
1657180800,7181.75,7202.45,7153.45,7162.45,9455
1657195200,7161.2,7205.45,7156.95,7196.2,9410
1657209600,7196.45,7217.95,7186.2,7197.7,11271
1657224000,7197.7,7208.2,7189.2,7190.75,3705
1657238400,7193.95,7203.95,7183.45,7201.45,944
1657252800,7201.95,7207.45,7161.95,7182.95,2726
1657267200,7182.95,7210.9,7164.9,7174.4,8100
1657281600,7174.4,7207.4,7130.65,7164.15,10733
1657296000,7164.4,7215.4,7162.9,7168.15,12984
1657310400,7168.65,7197.9,7164.15,7184.95,5099
1657497600,7173.35,7187.85,7164.85,7180.85,1377
1657512000,7179.35,7181.85,7130.1,7134.85,2762
1657526400,7135.1,7146.05,7098.55,7145.55,9029
1657540800,7145.3,7184.05,7142.05,7168.55,6381
1657555200,7168.8,7206.3,7168.8,7203.55,11241
1657569600,7203.55,7218.3,7179.3,7184.35,4431
1657584000,7181.85,7199.75,7153.35,7156.35,1257
1657598400,7156.85,7170.85,7148.85,7156.85,2832
1657612800,7156.85,7198.55,7142.55,7195.55,7515
1657627200,7195.05,7198.55,7144.55,7183.3,7487
1657641600,7183.55,7227.3,7171.3,7221.55,11571
1657656000,7221.55,7229.3,7175.55,7188.45,5294
1657670400,7193.55,7209.3,7183.55,7205.05,1469
1657684800,7205.05,7215.05,7194.55,7200.55,2363
1657699200,7200.55,7202.3,7116.25,7153.25,8847
1657713600,7153.5,7204.5,7105.25,7149.75,9653
1657728000,7149.25,7184.5,7117.5,7177.5,16580
1657742400,7177.5,7196.5,7165.75,7166.29,7852
1657756800,7170.95,7170.95,7126.85,7150.45,1747
1657771200,7151.95,7190.7,7149.45,7184.95,2401
1657785600,7185.2,7191.2,7083.9,7102.4,9890
1657800000,7101.4,7123.4,7055.9,7058.9,10770
1657814400,7058.4,7069.65,7010.15,7035.65,17075
1657828800,7035.9,7081.95,7028.4,7078.95,7598
1657843200,7081.85,7098.75,7057.85,7064.85,1507
1657857600,7064.85,7104.1,7058.35,7096.35,2291
1657872000,7096.85,7128.05,7041.3,7118.3,8938
1657886400,7118.3,7140.05,7080.55,7130.05,9596
1657900800,7129.8,7177.8,7115.55,7154.55,12513
1657915200,7154.55,7180.75,7154.3,7173.3,3571
1658102400,7180.44,7184.15,7163.0,7163.25,1443
1658116800,7163.25,7204.75,7163.25,7204.25,2051
1658131200,7204.25,7277.95,7199.0,7265.2,8175
1658145600,7265.2,7270.2,7225.95,7232.2,6910
1658160000,7231.95,7248.95,7221.2,7230.2,10187
1658174400,7230.2,7233.2,7180.7,7187.75,6629
1658188800,7186.55,7207.95,7182.05,7192.55,1466
1658203200,7192.55,7203.05,7184.3,7185.05,2604
1658217600,7185.05,7219.0,7181.0,7211.0,8822
1658232000,7211.25,7265.0,7210.25,7263.0,7819
1658246400,7263.25,7316.75,7256.5,7307.0,11460
1658260800,7307.0,7339.45,7302.5,7333.05,4551
1658275200,7316.77,7346.5,7313.0,7339.25,1170
1658289600,7339.5,7353.5,7331.25,7343.25,2072
1658304000,7343.25,7356.2,7318.2,7322.2,9302
1658318400,7321.7,7334.7,7258.2,7276.7,10354
1658332800,7276.45,7297.7,7254.7,7269.95,11837
1658347200,7269.95,7274.45,7243.95,7245.75,7797
1658361600,7250.15,7265.9,7241.65,7265.4,1403
1658376000,7265.4,7280.65,7238.8,7273.15,2144
1658390400,7274.15,7297.65,7222.85,7250.35,9651
1658404800,7250.85,7271.85,7224.85,7254.85,9273
1658419200,7254.85,7296.6,7207.1,7293.6,14961
1658433600,7293.85,7303.35,7263.85,7275.65,5993
1658448000,7270.95,7283.95,7266.95,7283.45,1292
1658462400,7283.45,7287.2,7271.95,7280.45,3069
1658476800,7280.2,7305.65,7259.65,7281.65,8394
1658491200,7281.65,7307.65,7275.4,7286.4,7321
1658505600,7286.65,7321.4,7264.9,7265.4,12577
1658520000,7265.4,7265.4,7235.9,7246.95,5310
1658707200,7238.65,7265.65,7235.15,7245.4,1512
1658721600,7246.65,7257.15,7241.4,7252.65,2905
1658736000,7251.9,7281.85,7243.9,7277.6,6893
1658750400,7277.85,7302.6,7276.85,7292.35,6255
1658764800,7292.85,7325.1,7284.6,7321.6,11902
1658779200,7321.85,7326.72,7303.35,7309.19,4986
1658793600,7302.25,7307.25,7290.1,7294.75,1215
1658808000,7294.5,7320.5,7294.5,7320.0,2375
1658822400,7319.75,7370.7,7311.3,7360.7,6332
1658836800,7360.95,7370.7,7335.7,7348.7,6402
1658851200,7348.7,7350.2,7293.45,7312.95,10919
1658865600,7312.95,7321.95,7282.68,7308.77,6006
1658880000,7321.45,7342.45,7317.95,7333.95,1747
1658894400,7333.7,7341.95,7320.2,7340.45,1434
1658908800,7340.45,7352.15,7328.65,7337.15,6693
1658923200,7337.15,7366.4,7336.65,7361.65,5256
1658937600,7361.4,7369.4,7347.65,7351.15,8961
1658952000,7350.9,7390.9,7344.4,7379.95,8344
1658966400,7382.55,7385.55,7361.05,7366.05,1335
1658980800,7366.8,7373.3,7357.8,7370.05,2602
1658995200,7370.05,7403.75,7322.75,7335.0,7736
1659009600,7334.5,7349.75,7325.75,7335.25,6852
1659024000,7335.25,7361.0,7309.5,7357.25,11880
1659038400,7357.75,7412.54,7352.5,7408.04,5757
1659052800,7382.35,7388.85,7361.75,7378.1,1511
1659067200,7377.85,7383.35,7361.1,7363.1,2740
1659081600,7363.1,7402.05,7353.8,7390.8,7781
1659096000,7391.3,7405.8,7362.55,7395.55,7011
1659110400,7395.55,7443.05,7387.3,7426.05,11321
1659124800,7425.8,7453.85,7423.3,7447.85,4203
1659312000,7438.85,7440.85,7407.85,7422.85,2101
1659326400,7422.85,7429.35,7405.35,7410.85,2169
1659340800,7410.6,7472.8,7407.85,7448.55,4809
1659355200,7448.55,7474.3,7438.3,7439.8,5225
1659369600,7439.3,7444.55,7407.05,7412.8,11673
1659384000,7412.8,7419.05,7394.55,7408.85,6643
1659398400,7406.35,7415.85,7381.1,7381.35,1546
1659412800,7381.35,7388.85,7375.1,7381.35,3345
1659427200,7380.85,7427.3,7374.35,7424.55,6940
1659441600,7424.3,7427.3,7388.3,7417.55,5831
1659456000,7417.8,7433.8,7395.3,7428.8,11636
1659470400,7429.05,7429.8,7383.2,7399.35,7039
1659484800,7399.35,7410.85,7369.7,7383.95,1897
1659499200,7384.2,7402.95,7380.95,7396.2,3360
1659513600,7396.2,7414.15,7370.4,7402.65,6461
1659528000,7402.65,7441.65,7400.65,7439.9,4858
1659542400,7439.9,7455.9,7420.9,7452.15,10051
1659556800,7452.15,7466.15,7443.9,7450.95,4312
1659571200,7435.55,7452.8,7431.8,7446.3,1174
1659585600,7446.8,7447.05,7431.55,7439.8,1753
1659600000,7440.05,7453.75,7420.5,7426.25,6429
1659614400,7426.25,7491.5,7415.75,7476.0,7327
1659628800,7475.75,7475.75,7431.0,7435.0,11450
1659643200,7435.25,7443.0,7425.25,7434.05,4400
1659657600,7432.65,7447.65,7428.65,7444.65,811
1659672000,7444.65,7463.4,7444.4,7462.15,1464
1659686400,7462.4,7463.65,7428.1,7439.35,5146
1659700800,7439.35,7443.1,7415.85,7432.6,5903
1659715200,7432.1,7469.6,7423.85,7447.35,11538
1659729600,7447.35,7464.1,7439.85,7463.1,4175
1659916800,7446.75,7468.75,7435.75,7454.5,1564
1659931200,7454.25,7459.75,7444.25,7457.75,2960
1659945600,7457.75,7495.7,7447.7,7463.7,6641
1659960000,7463.95,7499.7,7457.2,7499.45,5417
1659974400,7499.45,7513.7,7466.45,7477.2,9788
1659988800,7476.95,7484.2,7466.95,7477.25,5532
1660003200,7476.95,7495.95,7475.45,7480.95,1163
1660017600,7481.45,7485.7,7469.2,7479.95,2062
1660032000,7479.45,7489.15,7470.9,7487.4,5496
1660046400,7487.4,7491.15,7471.9,7486.9,5593
1660060800,7486.9,7503.15,7474.9,7478.4,9836
1660075200,7478.15,7485.15,7470.15,7479.95,4113
1660089600,7482.95,7493.45,7475.2,7484.45,624
1660104000,7484.45,7491.7,7477.7,7478.95,1172
1660118400,7478.95,7495.4,7468.4,7493.15,5509
1660132800,7493.15,7523.9,7483.4,7513.4,6043
1660147200,7513.4,7533.4,7492.4,7517.4,9335
1660161600,7517.4,7529.6,7509.6,7523.15,1907
1660176000,7484.45,7508.95,7480.95,7499.95,898
1660190400,7499.95,7510.95,7499.45,7504.45,1296
1660204800,7504.2,7524.8,7493.8,7502.55,6097
1660219200,7502.8,7504.8,7466.8,7473.8,7217
1660233600,7474.55,7481.8,7460.3,7474.05,9257
1660248000,7474.3,7481.05,7457.8,7469.72,5226
1660262400,7466.15,7473.4,7460.65,7467.65,672
1660276800,7467.65,7470.9,7462.65,7467.65,597
1660291200,7467.65,7513.6,7467.15,7506.35,5560
1660305600,7505.6,7518.1,7473.1,7496.85,5908
1660320000,7496.6,7519.6,7480.1,7518.1,8496
1660334400,7518.1,7546.35,7514.85,7539.57,2901
1660521600,7526.86,7542.35,7522.35,7532.6,1020
1660536000,7532.6,7543.35,7526.6,7538.85,1761
1660550400,7538.35,7541.35,7507.3,7510.05,4222
1660564800,7510.05,7513.55,7464.3,7466.55,4926
1660579200,7466.8,7528.8,7466.3,7526.05,6953
1660593600,7526.3,7539.8,7522.8,7529.7,2949
1660608000,7528.85,7536.1,7521.1,7533.1,750
1660622400,7533.1,7540.85,7528.35,7534.1,1436
1660636800,7534.6,7547.55,7525.8,7543.3,5634
1660651200,7543.3,7566.05,7537.3,7548.55,4959
1660665600,7548.55,7555.8,7534.8,7548.05,7945
1660680000,7548.3,7566.8,7545.05,7562.03,3873
1660694400,7553.65,7572.15,7551.55,7560.15,846
1660708800,7560.15,7567.15,7554.15,7563.9,1463
1660723200,7563.9,7566.65,7519.35,7523.6,5762
1660737600,7523.35,7531.6,7503.1,7512.1,6873
1660752000,7512.1,7534.2,7507.1,7533.45,9627
1660766400,7533.45,7548.2,7525.75,7526.75,5743
1660780800,7510.7,7515.55,7500.05,7509.4,992
1660795200,7509.4,7519.65,7508.4,7509.15,1519
1660809600,7509.15,7516.9,7492.85,7507.1,5644
1660824000,7507.1,7534.1,7505.6,7533.1,4797
1660838400,7533.1,7552.1,7518.85,7541.1,8063
1660852800,7541.1,7565.6,7540.1,7557.15,4228
1660867200,7554.05,7565.05,7552.3,7556.05,676
1660881600,7556.3,7556.3,7544.05,7548.8,1383
1660896000,7549.05,7550.8,7512.25,7540.25,7208
1660910400,7540.25,7565.75,7519.75,7555.0,7300
1660924800,7555.0,7578.5,7537.5,7562.5,8827
1660939200,7562.5,7563.0,7539.0,7543.05,4118
1661126400,7529.88,7544.95,7518.35,7525.45,1459
1661140800,7525.45,7545.95,7522.95,7529.95,1321
1661155200,7529.45,7540.15,7488.65,7509.65,8078
1661169600,7509.15,7543.65,7500.9,7515.9,6573
1661184000,7515.9,7539.4,7495.65,7533.15,8980
1661198400,7533.15,7534.4,7509.9,7519.95,4278
1661212800,7518.25,7535.65,7517.0,7517.25,1050
1661227200,7517.25,7528.5,7516.25,7516.75,1657
1661241600,7516.75,7520.7,7479.95,7497.2,8014
1661256000,7496.95,7511.7,7470.7,7474.2,5716
1661270400,7474.95,7495.7,7465.2,7494.45,9529
1661284800,7494.7,7498.7,7478.2,7485.25,4800
1661299200,7490.05,7494.55,7480.8,7480.8,837
1661313600,7480.8,7487.55,7466.55,7485.8,1866
1661328000,7485.8,7486.3,7408.25,7462.25,8120
1661342400,7462.25,7472.0,7445.0,7450.5,5351
1661356800,7450.5,7486.5,7440.75,7470.5,7928
1661371200,7470.75,7483.5,7462.0,7474.05,3817
1661385600,7471.25,7479.75,7462.75,7477.75,756
1661400000,7477.75,7492.25,7476.25,7492.25,1183
1661414400,7492.5,7535.7,7485.75,7523.45,6987
1661428800,7523.45,7524.2,7474.2,7479.2,6575
1661443200,7479.2,7498.7,7466.2,7477.45,8205
1661457600,7477.45,7507.65,7475.7,7493.75,3499
1661472000,7499.05,7508.55,7494.55,7505.55,680
1661486400,7504.8,7513.55,7500.3,7501.05,1095
1661500800,7501.05,7529.5,7488.25,7490.0,5988
1661515200,7490.5,7495.5,7470.0,7490.75,6161
1661529600,7491.0,7504.5,7410.5,7430.5,14450
1661544000,7430.0,7435.0,7404.0,7407.0,3023
1661817600,7403.35,7407.2,7384.95,7394.45,649
1661832000,7394.45,7414.45,7389.2,7412.7,1549
1661846400,7412.95,7487.65,7400.9,7459.15,8358
1661860800,7459.4,7461.9,7412.9,7415.15,7164
1661875200,7415.15,7419.4,7333.9,7341.65,14234
1661889600,7341.65,7351.15,7328.65,7334.95,6840
1661904000,7333.25,7358.0,7329.25,7355.25,1194
1661918400,7355.25,7380.75,7351.25,7373.5,1972
1661932800,7374.0,7392.95,7304.7,7312.95,8726
1661947200,7312.95,7312.95,7260.2,7285.7,10439
1661961600,7285.7,7321.2,7270.7,7280.2,14616
1661976000,7280.2,7291.2,7260.25,7270.95,6116
1661990400,7267.95,7269.95,7226.7,7237.95,2016
1662004800,7238.2,7246.2,7230.95,7238.7,1673
1662019200,7238.95,7248.4,7160.6,7169.95,9401
1662033600,7169.7,7206.3,7167.05,7178.55,8514
1662048000,7177.3,7177.8,7133.3,7145.05,13595
1662062400,7144.8,7184.85,7143.3,7176.95,6653
1662076800,7184.75,7188.25,7169.5,7178.25,1297
1662091200,7177.5,7186.75,7166.5,7182.25,2042
1662105600,7182.5,7212.7,7149.95,7207.7,7953
1662120000,7206.95,7245.2,7178.2,7243.2,8092
1662134400,7243.2,7287.3,7220.8,7224.05,13319
1662148800,7224.05,7224.05,7183.7,7212.55,7960
1662336000,7198.65,7228.3,7181.66,7195.05,2108
1662350400,7195.55,7212.8,7194.05,7207.8,1851
1662364800,7207.8,7236.5,7189.25,7215.5,9010
1662379200,7215.5,7267.0,7209.25,7266.5,6920
1662393600,7266.5,7292.0,7265.25,7279.0,5849
1662408000,7279.0,7282.25,7274.95,7275.45,419
1662422400,7273.95,7302.7,7265.7,7297.95,1519
1662436800,7297.95,7301.7,7271.45,7273.95,1961
1662451200,7273.95,7325.4,7258.9,7310.15,8358
1662465600,7310.4,7316.9,7286.4,7306.15,7640
1662480000,7306.65,7322.9,7255.65,7283.15,14998
1662494400,7282.9,7283.65,7247.95,7253.95,8262
1662508800,7258.35,7262.85,7219.35,7227.85,1468
1662523200,7227.85,7241.6,7218.35,7235.1,1978
1662537600,7235.1,7257.05,7185.8,7242.8,8110
1662552000,7242.8,7273.05,7226.8,7233.55,8871
1662566400,7233.3,7265.8,7208.3,7224.8,12578
1662580800,7224.8,7259.8,7224.8,7247.25,5207
1662595200,7248.85,7260.35,7234.75,7254.6,920
1662609600,7255.85,7263.85,7253.85,7260.6,1427
1662624000,7261.1,7277.05,7251.05,7270.8,7262
1662638400,7270.55,7272.55,7204.55,7204.55,8431
1662652800,7205.3,7272.8,7173.55,7239.05,15133
1662667200,7239.05,7258.11,7229.05,7256.61,7064
1662681600,7250.65,7278.4,7245.15,7272.65,875
1662696000,7272.15,7293.4,7263.65,7290.65,1562
1662710400,7290.65,7385.1,7277.1,7382.6,8013
1662724800,7382.6,7387.85,7363.1,7378.6,6685
1662739200,7378.6,7383.35,7343.6,7362.85,10615
1662753600,7363.35,7386.1,7360.6,7381.15,3695
1662940800,7391.75,7402.65,7379.0,7384.0,1120
1662955200,7384.25,7389.5,7373.25,7379.25,1308
1662969600,7379.0,7445.45,7370.95,7444.95,7792
1662984000,7444.7,7459.4,7436.95,7456.9,6787
1662998400,7457.15,7485.4,7451.4,7468.15,9624
1663012800,7468.15,7473.4,7450.65,7464.95,5024
1663027200,7469.85,7471.35,7455.16,7463.6,816
1663041600,7463.6,7466.85,7453.1,7460.6,1355
1663056000,7460.35,7494.3,7457.35,7490.55,6556
1663070400,7490.55,7517.8,7426.05,7426.3,9244
1663084800,7426.3,7438.3,7373.8,7389.8,14531
1663099200,7389.05,7393.05,7322.55,7340.76,7010
1663113600,7345.85,7360.16,7320.1,7328.6,1623
1663128000,7328.6,7348.6,7328.6,7336.35,1593
1663142400,7336.35,7353.3,7313.55,7342.05,8502
1663156800,7342.05,7346.55,7261.3,7288.55,9333
1663171200,7287.8,7309.55,7260.8,7304.3,14351
1663185600,7304.55,7319.79,7270.8,7319.29,7522
1663200000,7311.85,7322.35,7298.25,7314.85,1123
1663214400,7314.85,7327.85,7307.1,7313.6,1511
1663228800,7313.6,7334.65,7288.15,7326.65,5963
1663243200,7327.4,7328.9,7293.5,7297.75,7758
1663257600,7297.75,7308.25,7262.25,7294.0,12407
1663272000,7294.75,7308.5,7254.45,7255.95,7440
1663286400,7232.46,7261.2,7229.45,7250.2,1475
1663300800,7250.2,7257.95,7246.2,7250.95,1686
1663315200,7250.95,7287.65,7240.15,7274.65,7929
1663329600,7274.9,7302.65,7254.65,7255.15,7860
1663344000,7255.15,7276.15,7225.15,7243.15,14474
1663358400,7243.15,7263.9,7228.65,7241.95,6882
1663632000,7257.85,7297.95,7257.85,7281.2,651
1663646400,7281.2,7288.2,7273.95,7285.45,1512
1663660800,7285.45,7333.9,7243.9,7252.15,8229
1663675200,7251.9,7253.65,7208.9,7218.4,8624
1663689600,7217.9,7224.9,7174.4,7195.65,11312
1663704000,7195.4,7206.15,7165.4,7198.94,7667
1663718400,7192.75,7205.75,7183.25,7197.25,1222
1663732800,7197.5,7200.0,7182.0,7190.75,2071
1663747200,7191.75,7244.2,7168.95,7230.2,9954
1663761600,7229.45,7264.2,7220.7,7237.95,7050
1663776000,7237.7,7260.7,7207.7,7252.45,9997
1663790400,7252.45,7285.95,7178.25,7190.75,13686
1663804800,7196.25,7196.25,7150.15,7154.25,1983
1663819200,7154.0,7179.25,7144.0,7174.75,2169
1663833600,7174.75,7248.95,7160.95,7229.2,10263
1663848000,7228.7,7240.95,7203.95,7232.2,10440
1663862400,7231.95,7239.7,7148.7,7164.95,15608
1663876800,7164.95,7196.95,7150.45,7181.25,8329
1663891200,7178.65,7196.9,7172.65,7186.65,1448
1663905600,7185.65,7188.9,7154.4,7157.15,2147
1663920000,7157.15,7183.6,7081.6,7081.6,8623
1663934400,7081.6,7083.85,6980.1,7029.1,14008
1663948800,7028.6,7034.1,6985.1,7021.35,15740
1663963200,7021.6,7038.6,7001.1,7029.36,9635
1664150400,6991.85,7069.3,6990.35,7064.05,2973
1664164800,7064.3,7086.05,7045.55,7048.05,2603
1664179200,7048.05,7081.0,7009.75,7029.0,12939
1664193600,7029.0,7037.0,6948.75,6986.9,14469
1664208000,6986.65,7055.4,6966.4,7021.9,18965
1664222400,7021.9,7035.65,6987.4,7012.61,10871
1664236800,7011.25,7054.75,7006.25,7054.5,1976
1664251200,7054.25,7062.25,7035.25,7041.25,2716
1664265600,7041.75,7078.7,7010.45,7012.95,10746
1664280000,7012.95,7054.7,6987.7,7029.45,11562
1664294400,7029.7,7052.7,6937.7,6973.45,19374
1664308800,6972.45,6978.75,6948.7,6977.25,10901
1664323200,6979.85,6994.35,6966.35,6979.35,2064
1664337600,6979.35,6990.35,6892.6,6931.35,4999
1664352000,6931.35,6948.55,6837.8,6889.8,14738
1664366400,6890.3,6975.3,6841.05,6959.05,16450
1664380800,6958.3,7030.05,6938.3,7015.8,14856
1664395200,7016.05,7052.8,7012.8,7035.45,5595
1664409600,7035.35,7040.35,7014.95,7021.85,1989
1664424000,7022.85,7037.85,7003.35,7034.35,3470
1664438400,7034.85,7036.35,6842.05,6895.3,12862
1664452800,6895.3,6970.3,6893.05,6917.8,14033
1664467200,6918.05,6924.8,6827.3,6876.8,19132
1664481600,6876.8,6887.35,6847.55,6879.85,9615
1664496000,6885.25,6900.25,6852.75,6865.0,2433
1664510400,6865.0,6878.75,6841.25,6852.0,4079
1664524800,6852.0,6956.7,6847.0,6928.45,12769
1664539200,6928.45,6937.2,6863.45,6885.95,14834
1664553600,6885.45,6912.2,6838.7,6860.45,18935
1664568000,6859.95,6863.7,6817.7,6830.26,9393
1664755200,6812.28,6849.05,6776.3,6781.45,3486
1664769600,6781.45,6838.55,6780.55,6830.8,3379
1664784000,6830.8,6862.75,6793.25,6823.25,13090
1664798400,6823.0,6888.85,6793.5,6885.35,12099
1664812800,6885.6,6925.1,6878.1,6898.35,14838
1664827200,6898.1,6934.6,6896.1,6906.65,6341
1664841600,6910.95,6938.95,6891.95,6938.95,2207
1664856000,6939.2,6963.95,6924.45,6957.45,3070
1664870400,6957.45,7026.4,6945.65,7014.9,11641
1664884800,7015.4,7065.65,7007.4,7047.65,11819
1664899200,7047.9,7091.2,7046.4,7062.95,13294
1664913600,7062.7,7072.25,7044.95,7061.25,8203
1664928000,7054.55,7070.05,7046.05,7069.55,1472
1664942400,7069.3,7080.65,7055.8,7057.8,2397
1664956800,7057.55,7076.25,6984.75,7006.75,9781
1664971200,7006.75,7047.25,6978.25,7045.75,10365
1664985600,7045.0,7074.0,7015.25,7066.25,15269
1665000000,7066.25,7086.0,7047.5,7051.55,8303
1665014400,7053.45,7093.45,7051.45,7085.2,1704
1665028800,7085.2,7098.7,7073.95,7097.95,2634
1665043200,7098.2,7105.95,7036.4,7043.4,10659
1665057600,7043.15,7051.9,6987.15,6992.9,10450
1665072000,6992.9,7011.5,6961.5,7008.25,16609
1665086400,7008.25,7010.5,6974.0,6977.05,8523
1665100800,6980.15,6992.15,6973.65,6989.15,1883
1665115200,6989.4,7004.15,6985.15,6987.65,2688
1665129600,6987.4,7010.6,6965.1,7001.6,9532
1665144000,7001.6,7025.35,6965.6,6984.35,9761
1665158400,6984.1,7013.6,6961.6,6984.1,16901
1665172800,6983.85,6991.35,6962.1,6976.05,7352
1665360000,6940.42,6967.85,6931.85,6958.6,3349
1665374400,6957.35,6974.85,6947.1,6972.35,2333
1665388800,6972.1,6972.6,6924.55,6940.55,12060
1665403200,6941.05,6998.8,6940.8,6998.3,10028
1665417600,6998.3,7003.3,6954.8,6956.8,20941
1665432000,6957.05,6986.55,6949.3,6966.85,11219
1665446400,6967.75,6980.25,6938.75,6958.0,2181
1665460800,6958.25,6964.75,6924.75,6930.25,5929
1665475200,6929.5,6952.45,6866.7,6871.7,17521
1665489600,6871.95,6941.2,6861.7,6911.45,16355
1665504000,6911.45,6917.45,6866.2,6909.2,24446
1665518400,6909.45,6916.95,6851.95,6873.69,16524
1665532800,6871.55,6886.8,6862.55,6885.3,2404
1665547200,6885.8,6888.05,6856.8,6882.05,5873
1665561600,6881.8,6929.0,6852.0,6895.25,19780
1665576000,6895.0,6920.5,6823.5,6826.0,18603
1665590400,6826.0,6846.5,6796.0,6830.25,25964
1665604800,6830.25,6834.0,6810.05,6819.05,12272
1665619200,6826.05,6831.55,6795.95,6828.3,1622
1665633600,6828.55,6831.55,6807.8,6809.8,3435
1665648000,6809.8,6825.0,6783.25,6822.0,13176
1665662400,6822.0,6874.0,6706.25,6735.75,20649
1665676800,6735.25,6891.5,6721.0,6876.0,41410
1665691200,6876.25,6905.75,6874.25,6888.56,13036
1665705600,6889.25,6899.5,6881.25,6890.25,2580
1665720000,6890.5,6931.0,6889.0,6916.25,5330
1665734400,6915.75,6958.45,6900.45,6902.7,16906
1665748800,6902.7,6969.7,6893.7,6963.45,19791
1665763200,6963.2,6979.2,6837.95,6853.95,34585
1665777600,6854.2,6864.2,6825.25,6826.65,12506
1665964800,6828.15,6857.65,6825.65,6842.5,3076
1665979200,6844.0,6850.25,6833.75,6846.25,4434
1665993600,6845.75,6906.45,6845.0,6887.7,15609
1666008000,6887.45,6924.2,6878.95,6913.7,13666
1666022400,6913.7,6962.2,6911.2,6915.2,20878
1666036800,6915.2,6930.45,6910.75,6928.95,8383
1666051200,6932.85,6951.35,6930.85,6945.85,2429
1666065600,6945.85,6995.1,6927.6,6984.1,5182
1666080000,6984.1,7016.3,6964.55,6971.05,13399
1666094400,6971.55,7021.3,6954.3,7013.8,14971
1666108800,7014.05,7016.8,6923.8,6944.55,21637
1666123200,6944.55,6985.85,6928.05,6980.35,14507
1666137600,6969.15,6994.65,6961.65,6990.9,2848
1666152000,6990.65,7002.9,6978.65,6981.15,4406
1666166400,6981.15,6987.4,6893.35,6912.85,15052
1666180800,6912.6,6947.85,6911.35,6934.6,15918
1666195200,6934.6,6957.6,6911.1,6918.65,22092
1666209600,6918.4,6942.45,6903.9,6934.95,11630
1666224000,6926.35,6932.35,6900.35,6906.1,2196
1666238400,6905.85,6923.85,6892.1,6917.85,4216
1666252800,6917.6,6940.1,6895.8,6910.55,15502
1666267200,6910.55,6954.8,6904.3,6911.05,16394
1666281600,6911.3,6957.5,6907.0,6921.5,21386
1666296000,6921.25,6935.5,6904.75,6924.55,11807
1666310400,6922.55,6922.55,6899.55,6915.3,2324
1666324800,6916.05,6930.05,6907.05,6918.05,4628
1666339200,6918.3,6940.5,6885.65,6891.4,13349
1666353600,6891.65,6902.15,6865.4,6884.65,16229
1666368000,6884.65,6990.4,6884.4,6985.9,35110
1666382400,6986.15,7009.05,6983.9,7002.65,7488
1666569600,7042.26,7068.34,7013.6,7014.85,5099
1666584000,7015.1,7019.6,6977.35,6989.35,5974
1666598400,6989.35,7015.55,6918.8,6944.3,18570
1666612800,6944.3,7027.55,6935.8,7027.3,16885
1666627200,7027.3,7055.3,6993.3,7033.25,25949
1666641600,7033.5,7045.75,7015.96,7018.96,6899
1666656000,7028.15,7042.96,7019.65,7030.65,2410
1666670400,7030.9,7034.15,7006.4,7029.15,6915
1666684800,7029.4,7040.1,6984.85,6991.85,13066
1666699200,6991.85,6992.35,6955.1,6959.1,11232
1666713600,6959.35,7026.1,6959.1,7015.85,14566
1666728000,7016.1,7032.1,6994.65,7010.15,7090
1666742400,6986.15,7008.4,6984.65,6997.15,2949
1666756800,6997.15,7026.15,6994.4,7018.65,4296
1666771200,7018.65,7035.1,6997.1,7007.85,13977
1666785600,7007.85,7008.6,6965.6,6982.1,12651
1666800000,6981.6,7066.85,6977.85,7046.35,18559
1666814400,7046.35,7052.85,7022.85,7041.15,9623
1666828800,7027.65,7053.15,7026.15,7039.4,2309
1666843200,7039.4,7048.15,7028.9,7044.15,4114
1666857600,7043.4,7099.6,7030.35,7084.85,13369
1666872000,7084.85,7086.85,7049.8,7071.05,15452
1666886400,7070.8,7099.55,7054.3,7068.3,23759
1666900800,7068.55,7080.05,7001.97,7048.84,11817
1666915200,7045.65,7061.15,7025.05,7035.4,2871
1666929600,7035.65,7056.15,7035.4,7040.9,5137
1666944000,7040.65,7041.6,6997.6,7036.1,14192
1666958400,7035.85,7071.85,7021.35,7064.1,14401
1666972800,7064.6,7078.6,7036.1,7065.1,19616
1666987200,7065.35,7088.65,7063.1,7086.65,5171
1667174400,7065.65,7076.65,7053.65,7064.15,2559
1667188800,7064.55,7072.9,7053.4,7066.15,4114
1667203200,7066.15,7075.15,7033.35,7046.6,8285
1667217600,7046.85,7073.6,7040.85,7070.1,9285
1667232000,7070.1,7139.1,7066.1,7096.6,18876
1667246400,7096.85,7125.85,7092.6,7115.85,7254
1667260800,7110.25,7125.25,7108.74,7120.75,1888
1667275200,7123.65,7148.75,7123.65,7141.0,3485
1667289600,7141.0,7218.95,7140.0,7208.2,9971
1667304000,7208.2,7221.45,7194.7,7210.2,10846
1667318400,7210.2,7228.2,7173.7,7189.95,21910
1667332800,7189.95,7200.7,7176.95,7180.95,6502
1667347200,7184.25,7199.25,7181.25,7196.25,1931
1667361600,7188.65,7210.25,7188.15,7207.0,3421
1667376000,7207.5,7215.7,7191.2,7199.95,7823
1667390400,7199.95,7200.7,7159.2,7171.95,11101
1667404800,7171.95,7172.7,7136.2,7157.7,15345
1667419200,7157.7,7194.7,7100.45,7110.2,18649
1667433600,7099.05,7113.65,7093.15,7113.65,2391
1667448000,7109.05,7112.9,7098.15,7110.65,3445
1667462400,7111.15,7122.1,7078.6,7120.6,10526
1667476800,7120.1,7137.1,7086.1,7103.1,14640
1667491200,7102.85,7205.1,7100.85,7199.35,23133
1667505600,7199.1,7209.35,7185.85,7195.85,5588
1667520000,7189.45,7196.95,7178.95,7192.45,1881
1667534400,7185.35,7220.7,7180.2,7220.45,3907
1667548800,7220.45,7269.9,7218.45,7269.15,11302
1667563200,7269.4,7327.4,7255.4,7318.9,17461
1667577600,7318.9,7384.65,7311.65,7348.15,26841
1667592000,7347.9,7361.4,7316.65,7354.65,12314
1667779200,7330.08,7347.25,7299.75,7321.75,4038
1667793600,7322.0,7331.25,7313.75,7321.25,4512
1667808000,7321.25,7357.45,7297.2,7339.7,12571
1667822400,7339.7,7351.7,7312.2,7325.7,9511
1667836800,7325.45,7329.7,7281.95,7283.2,15743
1667851200,7283.45,7297.45,7265.2,7271.75,5530
1667865600,7273.55,7299.55,7272.55,7291.05,2509
1667880000,7291.05,7292.3,7272.8,7275.55,2888
1667894400,7275.55,7299.75,7255.5,7299.75,9676
1667908800,7299.5,7321.25,7290.5,7312.0,8282
1667923200,7311.5,7331.0,7296.0,7313.5,12161
1667937600,7313.5,7325.75,7278.75,7305.06,10858
1667952000,7286.5,7318.45,7286.4,7309.95,4973
1667966400,7309.45,7315.95,7295.45,7301.45,4830
1667980800,7301.95,7309.65,7275.9,7296.4,10630
1667995200,7295.9,7312.4,7287.15,7302.4,10052
1668009600,7302.15,7324.4,7293.9,7316.9,16211
1668024000,7316.9,7319.4,7272.45,7279.45,8574
1668038400,7269.65,7295.65,7268.65,7289.15,2430
1668052800,7289.15,7290.9,7270.4,7274.15,3600
1668067200,7274.4,7314.1,7264.6,7292.85,10370
1668081600,7292.85,7415.6,7270.9,7387.35,13345
1668096000,7387.1,7410.35,7330.35,7358.35,24467
1668110400,7359.1,7408.15,7358.6,7402.65,7513
1668124800,7398.15,7416.65,7386.4,7387.15,2859
1668139200,7387.15,7427.9,7387.15,7427.15,3087
1668153600,7427.15,7441.85,7359.1,7362.6,14655
1668168000,7363.35,7374.6,7346.1,7358.35,11264
1668182400,7358.6,7368.6,7327.1,7345.85,17930
1668196800,7345.35,7360.35,7338.7,7346.65,6783
1668384000,7329.16,7363.9,7322.16,7356.15,3337
1668398400,7356.4,7361.4,7347.9,7347.9,2755
1668412800,7347.9,7400.1,7346.35,7361.85,11155
1668427200,7362.1,7395.1,7349.85,7394.1,8835
1668441600,7394.35,7429.6,7386.6,7390.85,14410
1668456000,7390.85,7402.85,7362.15,7378.65,5884
1668470400,7383.15,7388.15,7368.66,7380.4,2185
1668484800,7380.9,7398.15,7377.9,7393.65,2491
1668499200,7393.15,7415.1,7387.35,7409.35,9736
1668513600,7409.85,7429.1,7379.6,7400.6,10076
1668528000,7400.6,7401.1,7360.35,7379.6,16832
1668542400,7380.1,7383.85,7327.85,7341.15,16944
1668556800,7331.46,7348.15,7318.4,7334.9,4177
1668571200,7335.15,7364.15,7332.65,7361.65,6257
1668585600,7361.65,7410.6,7357.4,7395.35,11365
1668600000,7395.6,7408.6,7360.85,7374.6,10263
1668614400,7375.1,7383.1,7351.35,7363.85,16396
1668628800,7363.85,7363.85,7342.65,7351.15,7610
1668643200,7350.15,7353.9,7341.16,7344.9,1902
1668657600,7344.9,7351.4,7338.4,7343.65,3426
1668672000,7344.15,7369.35,7319.35,7325.1,9772
1668686400,7325.1,7341.6,7307.85,7315.1,11563
1668700800,7315.1,7376.6,7313.6,7374.6,13066
1668715200,7374.85,7392.6,7366.35,7388.15,5933
1668729600,7381.65,7391.4,7372.14,7382.4,2324
1668744000,7382.65,7387.4,7372.4,7376.65,4143
1668758400,7376.9,7412.1,7365.1,7403.1,10117
1668772800,7403.1,7440.1,7394.6,7420.6,9591
1668787200,7420.35,7422.6,7383.85,7392.35,13927
1668801600,7392.35,7415.1,7389.6,7405.65,6206
1668988800,7408.46,7408.96,7382.45,7383.95,2633
1669003200,7384.2,7387.95,7378.2,7385.95,3378
1669017600,7386.2,7393.15,7358.4,7390.65,8666
1669032000,7390.65,7418.4,7389.9,7417.9,6054
1669046400,7417.4,7422.9,7380.9,7421.15,12367
1669060800,7420.65,7433.65,7417.45,7419.95,5394
1669075200,7421.95,7438.45,7415.95,7430.45,1915
1669089600,7430.45,7431.2,7415.95,7417.2,3060
1669104000,7417.2,7467.9,7411.65,7461.9,10781
1669118400,7461.9,7463.9,7425.65,7448.65,7624
1669132800,7449.4,7476.15,7432.4,7471.65,10426
1669147200,7471.65,7489.9,7464.8,7483.45,3944
1669161600,7486.45,7490.45,7478.45,7484.7,1243
1669176000,7484.7,7486.95,7479.45,7483.2,1611
1669190400,7483.45,7515.9,7480.65,7509.65,7265
1669204800,7508.65,7514.9,7469.4,7482.9,6961
1669219200,7483.15,7493.15,7468.9,7471.15,10334
1669233600,7470.9,7493.15,7468.9,7487.51,5947
1669248000,7476.55,7487.45,7473.05,7481.3,1713
1669262400,7481.3,7483.05,7473.55,7476.55,2277
1669276800,7476.3,7499.0,7458.5,7496.0,6912
1669291200,7496.25,7504.0,7479.75,7482.0,4585
1669305600,7482.0,7491.75,7475.0,7482.0,4652
1669320000,7482.0,7486.25,7479.95,7479.95,565
1669334400,7481.65,7486.4,7473.65,7482.15,1301
1669348800,7481.4,7485.4,7473.4,7480.4,2080
1669363200,7480.15,7511.1,7477.1,7490.85,6309
1669377600,7490.85,7508.85,7485.35,7487.85,5104
1669392000,7488.1,7513.6,7476.1,7495.85,7784
1669406400,7496.35,7505.1,7496.35,7501.05,579
1669593600,7487.25,7495.75,7451.5,7456.75,1914
1669608000,7456.5,7474.0,7453.0,7462.5,2203
1669622400,7462.5,7475.95,7437.95,7458.45,8781
1669636800,7457.95,7484.2,7453.2,7473.2,6722
1669651200,7472.7,7514.7,7468.7,7497.95,11837
1669665600,7497.7,7500.7,7485.45,7491.75,3940
1669680000,7485.35,7497.1,7481.85,7495.85,1873
1669694400,7495.85,7515.1,7492.6,7513.1,3097
1669708800,7513.1,7560.8,7507.6,7532.55,9930
1669723200,7532.8,7556.05,7528.05,7540.05,7953
1669737600,7540.3,7559.3,7527.55,7549.55,12027
1669752000,7549.55,7559.8,7544.05,7553.85,5425
1669766400,7550.45,7558.7,7541.45,7554.45,1799
1669780800,7554.45,7563.95,7550.95,7556.45,1968
1669795200,7557.2,7594.9,7541.9,7563.65,9028
1669809600,7563.65,7610.65,7557.9,7604.4,8122
1669824000,7604.15,7617.9,7574.65,7581.65,11517
1669838400,7581.4,7632.15,7573.15,7625.95,12174
1669852800,7630.95,7635.51,7619.45,7621.7,2567
1669867200,7623.2,7633.95,7620.45,7627.95,2612
1669881600,7628.2,7628.95,7581.9,7590.15,10302
1669896000,7590.15,7602.9,7587.4,7591.9,8110
1669910400,7591.9,7596.9,7563.65,7573.9,12624
1669924800,7573.9,7578.9,7558.91,7573.95,6005
1669939200,7569.05,7572.05,7548.95,7552.55,1879
1669953600,7552.55,7568.3,7552.05,7564.55,2442
1669968000,7564.55,7573.75,7525.5,7554.0,7826
1669982400,7553.5,7569.0,7520.5,7550.75,9751
1669996800,7551.0,7586.25,7537.25,7566.25,13427
1670011200,7566.25,7582.0,7555.7,7555.7,4929
1670198400,7562.95,7583.7,7556.45,7581.45,2615
1670212800,7581.2,7584.7,7570.95,7577.7,2752
1670227200,7577.45,7594.65,7564.15,7591.9,8870
1670241600,7591.65,7604.9,7581.4,7603.15,7502
1670256000,7603.15,7614.4,7573.9,7575.4,11555
1670270400,7575.4,7577.65,7559.4,7571.95,5343
1670284800,7573.05,7590.05,7569.05,7583.55,1629
1670299200,7583.55,7594.8,7581.05,7583.05,2036
1670313600,7582.8,7584.75,7547.5,7568.5,8371
1670328000,7568.25,7571.5,7538.0,7554.0,7502
1670342400,7553.75,7581.0,7527.0,7534.75,15185
1670356800,7534.5,7572.25,7519.0,7568.7,8146
1670371200,7567.65,7580.65,7566.15,7579.15,1501
1670385600,7579.15,7583.65,7573.9,7574.65,1867
1670400000,7575.15,7584.1,7527.1,7531.35,11335
1670414400,7531.35,7552.1,7515.1,7537.6,9573
1670428800,7537.6,7555.6,7504.6,7516.1,16280
1670443200,7516.1,7523.85,7503.15,7510.15,6533
1670457600,7512.45,7515.45,7480.2,7494.95,2087
1670472000,7495.45,7513.45,7493.7,7512.45,3093
1670486400,7512.45,7528.4,7483.15,7494.9,9817
1670500800,7494.9,7524.4,7488.9,7505.9,8584
1670515200,7506.15,7510.4,7481.9,7493.4,12235
1670529600,7493.4,7501.15,7479.65,7488.45,6332
1670544000,7493.45,7502.95,7484.45,7496.2,1216
1670558400,7496.2,7508.2,7494.45,7505.45,1671
1670572800,7505.45,7515.9,7468.9,7500.15,9109
1670587200,7500.4,7511.9,7444.9,7481.15,10373
1670601600,7481.4,7511.15,7472.15,7493.15,15381
1670616000,7492.9,7495.65,7464.45,7468.45,5768
1670803200,7468.85,7483.85,7459.57,7472.35,2337
1670817600,7471.85,7480.35,7467.6,7475.85,1824
1670832000,7476.1,7485.3,7460.55,7483.55,9247
1670846400,7483.8,7488.3,7450.8,7455.8,7079
1670860800,7455.8,7468.3,7451.3,7456.8,11301
1670875200,7456.8,7480.05,7453.55,7468.85,5568
1670889600,7476.95,7483.45,7468.2,7472.45,1513
1670904000,7471.7,7484.95,7470.95,7481.95,2905
1670918400,7481.95,7486.4,7438.9,7464.65,10459
1670932800,7464.9,7547.65,7458.65,7532.15,13937
1670947200,7532.4,7565.4,7480.65,7483.9,26992
1670961600,7483.9,7511.15,7482.4,7498.45,12044
1670976000,7501.55,7512.05,7490.05,7508.05,1997
1670990400,7507.8,7514.55,7502.8,7510.05,2839
1671004800,7509.8,7512.55,7473.0,7484.0,10801
1671019200,7483.5,7512.25,7483.0,7511.5,9194
1671033600,7511.0,7516.75,7489.5,7503.0,13036
1671048000,7503.5,7519.75,7466.05,7487.05,20113
1671062400,7471.25,7507.25,7471.25,7494.0,1793
1671076800,7493.75,7502.25,7487.0,7496.25,2768
1671091200,7496.75,7498.25,7435.2,7453.2,11733
1671105600,7452.95,7482.45,7438.2,7447.45,11150
1671120000,7446.95,7464.95,7416.7,7444.95,20673
1671134400,7444.95,7460.25,7434.2,7449.75,9357
1671148800,7453.55,7463.45,7450.05,7456.05,1757
1671163200,7456.05,7471.55,7446.3,7456.05,2331
1671177600,7456.05,7467.75,7389.5,7401.25,12697
1671192000,7401.25,7401.5,7317.25,7322.0,16055
1671206400,7322.25,7349.6,7310.1,7323.1,18616
1671220800,7323.1,7356.35,7321.1,7339.65,8035
1671408000,7350.05,7365.05,7346.3,7356.55,2091
1671422400,7356.05,7361.3,7352.05,7357.05,2005
1671436800,7357.3,7382.0,7348.5,7368.0,9064
1671451200,7368.25,7386.5,7368.0,7377.5,6410
1671465600,7377.5,7396.0,7367.0,7376.25,11442
1671480000,7376.25,7377.25,7350.5,7358.55,6422
1671494400,7365.05,7378.04,7360.55,7364.55,1416
1671508800,7364.8,7370.3,7305.05,7311.05,5380
1671523200,7311.05,7369.0,7306.55,7368.75,11906
1671537600,7368.5,7380.5,7356.25,7372.0,7018
1671552000,7372.0,7401.0,7364.5,7395.0,11783
1671566400,7395.0,7400.75,7371.55,7378.05,5608
1671580800,7391.85,7417.1,7387.85,7415.1,2142
1671595200,7415.1,7418.35,7397.6,7406.85,2309
1671609600,7406.35,7420.3,7388.8,7417.05,8184
1671624000,7417.3,7458.3,7414.3,7447.3,6376
1671638400,7447.05,7529.55,7442.3,7529.05,8655
1671652800,7529.3,7531.3,7511.85,7523.35,3983
1671667200,7517.35,7532.75,7511.35,7525.85,1780
1671681600,7525.6,7531.85,7523.6,7528.6,1475
1671696000,7528.85,7549.55,7511.55,7533.55,7293
1671710400,7533.8,7541.3,7514.55,7521.05,6550
1671724800,7521.05,7525.3,7443.8,7445.55,10992
1671739200,7445.3,7484.35,7431.05,7472.84,8510
1671753600,7476.65,7486.65,7461.55,7484.65,1745
1671768000,7484.65,7495.15,7481.15,7486.4,2372
1671782400,7486.65,7494.85,7467.1,7491.85,8076
1671796800,7492.1,7503.1,7470.1,7476.35,4374
1672185600,7466.05,7502.9,7466.05,7498.15,395
1672200000,7498.15,7501.65,7491.9,7496.4,1575
1672214400,7496.65,7555.6,7495.4,7545.6,7363
1672228800,7545.6,7556.6,7537.1,7541.1,4777
1672243200,7541.1,7546.6,7490.6,7509.6,10494
1672257600,7509.35,7519.35,7477.14,7484.14,6182
1672272000,7492.35,7494.35,7473.85,7475.85,1474
1672286400,7475.6,7485.35,7471.85,7479.85,1604
1672300800,7480.85,7487.8,7438.8,7481.55,6475
1672315200,7481.3,7505.55,7479.8,7503.55,4413
1672329600,7503.8,7531.3,7493.8,7527.3,8173
1672344000,7527.3,7529.05,7507.85,7513.35,4059
1672358400,7511.95,7517.7,7500.35,7510.7,1021
1672372800,7509.95,7517.45,7503.45,7504.95,1206
1672387200,7504.7,7507.9,7483.65,7499.15,6276
1672401600,7499.15,7505.4,7458.9,7466.4,4254
1672704000,7478.25,7478.25,7421.1,7442.85,1161
1672718400,7442.85,7481.85,7440.35,7481.1,2194
1672732800,7481.1,7635.05,7472.55,7630.05,13163
1672747200,7630.3,7632.8,7541.3,7569.3,10869
1672761600,7569.8,7594.8,7543.3,7557.55,13454
1672776000,7557.55,7570.25,7545.3,7563.85,7748
1672790400,7560.15,7580.4,7558.65,7576.15,1590
1672804800,7575.65,7585.9,7573.4,7580.15,1788
1672819200,7580.15,7592.85,7560.1,7585.6,9369
1672833600,7585.6,7617.85,7582.6,7603.6,7769
1672848000,7603.6,7604.1,7564.1,7592.35,13066
1672862400,7592.35,7596.35,7565.6,7571.65,9503
1672876800,7576.15,7587.15,7565.55,7580.4,1696
1672891200,7580.4,7584.15,7571.4,7580.65,3062
1672905600,7581.15,7625.1,7568.35,7617.6,8760
1672920000,7618.1,7647.1,7612.1,7630.85,9764
1672934400,7630.85,7665.35,7623.6,7645.85,13378
1672948800,7645.85,7654.1,7635.15,7643.65,6169
1672963200,7642.75,7665.25,7639.25,7655.5,1736
1672977600,7655.75,7673.25,7655.5,7662.75,2200
1672992000,7663.5,7679.45,7648.7,7659.95,7973
1673006400,7659.95,7701.2,7654.95,7696.2,8851
1673020800,7695.95,7713.95,7676.45,7701.65,12632
1673035200,7701.65,7728.15,7700.15,7720.95,4869
1673222400,7726.87,7744.1,7716.16,7733.85,1860
1673236800,7734.1,7747.85,7733.85,7741.85,1832
1673251200,7741.85,7742.1,7703.8,7704.3,8466
1673265600,7704.8,7713.8,7695.05,7710.8,6132
1673280000,7711.05,7733.05,7709.3,7714.3,10307
1673294400,7714.3,7715.8,7683.85,7692.85,5981
1673308800,7690.05,7692.05,7671.55,7691.05,1709
1673323200,7691.05,7691.3,7673.8,7685.8,2581
1673337600,7686.05,7719.0,7682.3,7710.0,7822
1673352000,7710.25,7721.0,7699.0,7707.75,5859
1673366400,7707.5,7713.0,7693.0,7707.0,11332
1673380800,7707.0,7724.95,7706.75,7720.55,4013
1673395200,7718.35,7733.95,7717.35,7726.85,1173
1673409600,7727.1,7733.1,7724.35,7729.35,1947
1673424000,7729.35,7757.55,7705.8,7754.05,7745
1673438400,7754.55,7776.3,7738.8,7771.3,6071
1673452800,7771.3,7780.3,7730.05,7750.3,8696
1673467200,7750.55,7765.25,7743.05,7762.35,3638
1673481600,7759.65,7763.55,7750.65,7757.15,1267
1673496000,7757.15,7757.9,7749.65,7755.9,1649
1673510400,7756.15,7784.6,7745.35,7781.85,6589
1673524800,7781.85,7808.6,7765.85,7792.6,9649
1673539200,7793.1,7819.1,7761.6,7812.85,14761
1673553600,7812.85,7821.1,7800.6,7813.15,6234
1673568000,7811.65,7828.9,7808.4,7812.4,2005
1673582400,7812.4,7814.15,7807.65,7812.9,2141
1673596800,7813.4,7854.1,7812.15,7842.85,7230
1673611200,7843.35,7845.1,7814.35,7839.1,7174
1673625600,7839.1,7871.6,7829.1,7861.35,9575
1673640000,7861.6,7866.85,7854.6,7865.15,3031
1673827200,7862.57,7880.4,7848.06,7876.3,2205
1673841600,7876.3,7876.8,7862.8,7864.8,2279
1673856000,7865.05,7870.5,7846.75,7859.0,5918
1673870400,7859.0,7869.0,7857.0,7860.5,3432
1673884800,7860.5,7875.25,7854.25,7863.25,3917
1673899200,7863.5,7865.75,7859.55,7860.55,662
1673913600,7870.25,7879.65,7862.25,7868.5,1852
1673928000,7868.5,7875.75,7864.75,7868.75,2273
1673942400,7869.0,7872.5,7850.2,7853.45,6327
1673956800,7852.95,7859.2,7838.2,7852.2,5567
1673971200,7852.7,7884.7,7838.7,7861.45,10401
1673985600,7861.2,7864.7,7850.45,7855.75,3581
1674000000,7846.85,7851.35,7835.85,7847.6,1440
1674014400,7847.6,7872.35,7841.35,7854.1,3617
1674028800,7853.85,7874.8,7841.55,7869.55,6679
1674043200,7869.3,7875.3,7845.8,7857.8,6366
1674057600,7857.3,7865.55,7807.8,7810.55,9802
1674072000,7810.3,7818.8,7790.85,7795.43,4754
1674086400,7797.65,7805.15,7764.05,7789.15,1683
1674100800,7789.15,7799.65,7788.65,7795.65,1682
1674115200,7796.15,7811.1,7783.6,7785.85,7637
1674129600,7785.85,7790.85,7731.1,7752.1,8424
1674144000,7751.6,7781.1,7746.1,7764.1,11270
1674158400,7763.6,7789.15,7761.6,7782.15,6307
1674172800,7787.95,7793.94,7770.45,7774.95,1491
1674187200,7774.95,7786.95,7771.7,7786.45,1565
1674201600,7786.45,7801.4,7767.9,7774.65,7320
1674216000,7774.9,7796.4,7751.4,7761.15,7687
1674230400,7760.9,7779.4,7754.9,7765.15,7883
1674244800,7764.9,7801.35,7758.65,7795.95,4633
1674432000,7794.64,7797.65,7782.9,7787.9,1421
1674446400,7787.9,7792.9,7785.15,7788.65,1681
1674460800,7788.65,7802.1,7773.6,7787.1,6862
1674475200,7787.1,7818.1,7779.1,7799.6,5366
1674489600,7799.6,7804.1,7786.85,7797.1,7800
1674504000,7797.1,7810.1,7789.1,7808.15,4740
1674518400,7804.85,7810.1,7796.85,7808.1,945
1674532800,7808.1,7812.85,7805.6,7810.85,1299
1674547200,7810.6,7813.85,7748.55,7757.8,7772
1674561600,7757.55,7776.3,7751.8,7758.3,6739
1674576000,7758.3,7778.8,7750.8,7766.55,9882
1674590400,7766.55,7789.63,7760.3,7775.17,5494
1674604800,7768.45,7769.7,7743.95,7765.2,2309
1674619200,7765.2,7773.45,7764.7,7769.45,1247
1674633600,7769.45,7780.65,7752.65,7752.9,6233
1674648000,7752.9,7765.4,7722.4,7725.65,6463
1674662400,7725.9,7756.65,7716.9,7753.15,10545
1674676800,7753.15,7773.63,7751.4,7759.63,5515
1674691200,7760.75,7771.75,7759.25,7769.0,1565
1674705600,7769.0,7776.25,7767.0,7775.75,1408
1674720000,7775.5,7782.25,7759.7,7762.45,7222
1674734400,7762.2,7787.2,7754.45,7784.95,6481
1674748800,7784.7,7791.2,7752.7,7768.7,10782
1674763200,7768.7,7789.2,7763.45,7774.75,4088
1674777600,7769.95,7781.7,7767.95,7777.45,1314
1674792000,7777.45,7782.45,7775.95,7778.7,1408
1674806400,7778.7,7786.65,7753.9,7778.15,5715
1674820800,7778.15,7782.9,7755.9,7758.9,5550
1674835200,7758.9,7780.4,7746.4,7770.9,8226
1674849600,7770.9,7778.15,7759.95,7763.45,3773
1675036800,7759.15,7770.65,7753.0,7757.15,1749
1675051200,7757.15,7759.15,7741.4,7741.4,1857
1675065600,7741.65,7768.1,7719.6,7762.85,8030
1675080000,7762.6,7781.1,7753.1,7773.85,6876
1675094400,7773.6,7800.1,7771.6,7786.1,8675
1675108800,7785.35,7793.85,7776.85,7779.65,3817
1675123200,7780.25,7792.65,7776.25,7780.0,1619
1675137600,7780.0,7783.75,7764.25,7764.75,2101
1675152000,7764.75,7780.45,7734.45,7739.45,5474
1675166400,7739.45,7760.95,7712.45,7754.95,5342
1675180800,7754.95,7788.45,7745.95,7775.45,8313
1675195200,7775.95,7801.45,7773.95,7784.75,3683
1675209600,7783.65,7794.15,7774.15,7790.15,1351
1675224000,7790.15,7792.65,7784.15,7789.15,1507
1675238400,7789.15,7805.85,7782.35,7783.35,4899
1675252800,7785.85,7798.85,7777.35,7786.35,4775
1675267200,7785.85,7789.85,7744.35,7747.35,7757
1675281600,7747.35,7813.85,7745.35,7801.65,9960
1675296000,7807.15,7811.05,7789.65,7799.15,2125
1675310400,7799.15,7801.9,7790.15,7795.15,1963
1675324800,7795.15,7818.85,7777.85,7806.35,6341
1675339200,7806.35,7841.85,7791.35,7839.35,6640
1675353600,7838.85,7843.85,7797.35,7829.35,9822
1675368000,7829.35,7846.03,7785.65,7810.15,8151
1675382400,7818.05,7826.8,7802.05,7820.05,1749
1675396800,7820.05,7822.55,7813.05,7819.55,1843
1675411200,7819.55,7846.95,7809.95,7837.45,4428
1675425600,7837.45,7866.75,7825.95,7866.75,5464
1675440000,7866.75,7920.25,7858.75,7902.75,10374
1675454400,7903.25,7909.75,7890.25,7903.05,6209
1675641600,7885.35,7900.85,7883.35,7895.6,2348
1675656000,7895.1,7896.35,7877.1,7882.85,1934
1675670400,7882.85,7883.35,7832.55,7833.55,5618
1675684800,7833.55,7858.05,7830.05,7844.55,5536
1675699200,7844.55,7850.55,7812.55,7839.55,8738
1675713600,7839.55,7851.05,7833.05,7844.35,4342
1675728000,7848.05,7861.05,7848.05,7857.05,1343
1675742400,7857.3,7858.55,7848.3,7851.55,2079
1675756800,7851.8,7888.75,7849.55,7879.25,5764
1675771200,7879.25,7895.75,7867.25,7871.75,5215
1675785600,7872.25,7892.75,7848.25,7887.25,9241
1675800000,7887.25,7912.25,7850.25,7896.05,8387
1675814400,7902.15,7908.9,7896.65,7904.65,1277
1675828800,7904.65,7918.9,7903.65,7918.15,1502
1675843200,7918.15,7931.85,7900.35,7927.85,5720
1675857600,7928.35,7939.85,7915.35,7917.85,5073
1675872000,7917.85,7922.85,7874.35,7889.35,9274
1675886400,7889.35,7899.65,7880.85,7898.15,5049
1675900800,7893.45,7903.7,7887.95,7900.95,1155
1675915200,7900.95,7911.2,7899.7,7906.95,1396
1675929600,7906.45,7952.15,7903.95,7952.15,6070
1675944000,7951.65,7953.15,7935.65,7946.15,5402
1675958400,7946.15,7948.15,7904.15,7912.65,9654
1675972800,7912.65,7917.65,7890.15,7904.45,5363
1675987200,7900.75,7904.25,7883.75,7899.25,1577
1676001600,7899.25,7899.5,7882.5,7886.0,1494
1676016000,7886.0,7915.45,7871.95,7881.45,6702
1676030400,7881.95,7890.95,7851.45,7868.45,6738
1676044800,7868.45,7888.95,7854.45,7888.95,9218
1676059200,7888.45,7902.95,7884.45,7893.75,3871
1676246400,7887.75,7889.75,7868.75,7882.25,1960
1676260800,7882.25,7891.5,7880.0,7889.75,1563
1676275200,7889.75,7914.45,7887.95,7912.25,4770
1676289600,7912.25,7924.25,7906.75,7922.25,2857
1676304000,7922.25,7961.25,7919.25,7958.75,4413
1676318400,7958.75,7971.75,7957.75,7965.75,2174
1676332800,7964.85,7972.85,7954.35,7960.6,1014
1676347200,7960.6,7961.85,7950.6,7956.35,1118
1676361600,7956.1,8001.55,7952.85,7989.55,4390
1676376000,7989.55,7999.55,7955.3,7971.05,7040
1676390400,7970.55,8000.05,7952.05,7977.05,12171
1676404800,7977.55,8006.05,7976.55,7996.85,6014
1676419200,7991.85,7998.85,7969.85,7969.85,1341
1676433600,7969.85,7971.6,7953.6,7955.35,1379
1676448000,7955.35,7968.55,7926.05,7959.55,5737
1676462400,7959.55,7973.55,7950.05,7968.55,5607
1676476800,7968.55,8012.55,7968.05,8011.55,9052
1676491200,8012.05,8036.05,8011.05,8028.39,3832
1676505600,8017.65,8030.15,8003.56,8025.65,1218
1676520000,8025.4,8030.9,8022.4,8026.9,1249
1676534400,8026.65,8049.85,8015.85,8020.35,5158
1676548800,8020.35,8025.35,7987.35,7997.35,5533
1676563200,7996.35,8030.85,7979.35,8025.85,8860
1676577600,8025.85,8031.85,8002.35,8008.65,4874
1676592000,7990.15,8009.9,7990.15,8003.15,1799
1676606400,8002.65,8002.65,7991.4,7991.4,1581
1676620800,7991.65,7995.85,7955.35,7990.35,6044
1676635200,7989.85,8002.35,7976.85,7992.35,5827
1676649600,7992.35,8013.85,7986.35,8008.35,8775
1676664000,8008.35,8021.65,8005.15,8009.65,4324
1676851200,7998.05,8024.05,7995.96,8021.55,1257
1676865600,8021.55,8031.8,8020.8,8028.8,1159
1676880000,8028.8,8032.55,7995.75,8001.25,3811
1676894400,8001.25,8017.25,7997.75,8016.75,4048
1676908800,8016.75,8020.75,8004.75,8009.75,3317
1676923200,8009.75,8011.35,8003.55,8004.05,445
1676937600,8006.85,8016.35,7984.76,8015.35,1165
1676952000,8015.35,8015.85,8005.1,8007.85,1374
1676966400,8008.1,8011.85,7952.05,7998.05,6097
1676980800,7998.55,8006.55,7979.05,7988.55,5990
1676995200,7988.55,7999.05,7973.55,7980.55,8393
1677009600,7980.55,7981.05,7957.55,7962.35,3770
1677024000,7968.55,7974.05,7953.8,7958.3,1296
1677038400,7958.3,7965.3,7955.05,7957.8,1127
1677052800,7957.8,7957.8,7886.75,7906.75,6395
1677067200,7907.25,7932.25,7879.75,7931.75,5965
1677081600,7931.75,7940.25,7904.75,7938.25,7687
1677096000,7938.25,7943.75,7915.25,7922.55,5642
1677110400,7906.75,7928.75,7904.25,7928.75,1188
1677124800,7929.0,7929.5,7920.5,7921.0,877
1677139200,7921.25,7924.0,7893.45,7895.95,5760
1677153600,7895.95,7925.45,7889.95,7921.95,5124
1677168000,7921.45,7936.45,7895.45,7912.95,8520
1677182400,7912.95,7946.95,7905.65,7934.99,4234
1677196800,7934.95,7949.95,7928.45,7944.7,1345
1677211200,7944.7,7945.7,7937.7,7938.2,972
1677225600,7938.2,7939.45,7921.15,7933.65,4596
1677240000,7933.65,7941.15,7880.15,7902.65,6558
1677254400,7902.15,7907.15,7870.65,7882.65,9499
1677268800,7883.15,7918.15,7879.15,7912.95,4322
1677456000,7910.95,7929.2,7906.95,7926.45,1596
1677470400,7926.45,7928.7,7915.2,7915.2,1330
1677484800,7915.7,7952.15,7908.15,7945.15,5842
1677499200,7945.15,7953.65,7934.65,7944.65,4668
1677513600,7944.65,7949.65,7919.65,7945.65,7499
1677528000,7945.65,7951.65,7932.65,7941.45,3409
1677542400,7946.15,7950.9,7941.15,7946.65,1001
1677556800,7946.9,7947.65,7932.4,7933.65,1083
1677571200,7933.9,7940.15,7885.85,7902.35,5694
1677585600,7902.35,7915.35,7891.35,7897.35,5488
1677600000,7897.85,7897.85,7856.35,7880.85,8872
1677614400,7880.85,7885.85,7864.66,7873.65,4391
1677628800,7871.85,7882.35,7852.25,7881.85,1552
1677643200,7881.85,7898.6,7881.85,7896.6,1192
1677657600,7896.6,7923.55,7894.05,7911.05,6073
1677672000,7911.05,7952.55,7910.05,7932.05,5817
1677686400,7932.05,7952.55,7903.55,7928.05,9647
1677700800,7928.05,7940.34,7922.55,7934.85,4223
1677715200,7913.05,7929.55,7894.05,7901.05,1894
1677729600,7901.05,7912.05,7900.3,7905.3,1658
1677744000,7905.3,7911.75,7879.75,7889.25,7099
1677758400,7888.75,7912.25,7871.75,7904.55,6751
1677772800,7904.55,7949.05,7903.05,7945.05,8308
1677787200,7945.05,7968.55,7942.05,7961.85,4930
1677801600,7956.35,7969.6,7947.35,7961.35,1512
1677816000,7961.35,7967.85,7959.35,7967.1,1341
1677830400,7967.1,7973.55,7953.55,7958.05,4902
1677844800,7957.55,7968.55,7922.55,7923.05,5393
1677859200,7923.55,7950.55,7917.05,7946.05,7593
1677873600,7946.05,7955.05,7940.55,7949.35,3206
1678060800,7940.95,7952.71,7935.95,7941.95,1381
1678075200,7941.95,7956.45,7940.2,7948.2,1461
1678089600,7948.2,7954.65,7909.65,7915.15,4865
1678104000,7915.15,7923.65,7896.15,7912.65,5071
1678118400,7912.65,7938.15,7908.15,7930.15,6402
1678132800,7930.15,7936.35,7926.65,7931.33,4063
1678147200,7928.25,7942.25,7928.25,7941.75,1071
1678161600,7941.75,7949.75,7939.5,7940.0,1315
1678176000,7940.0,7946.45,7913.95,7933.95,4483
1678190400,7934.45,7960.95,7931.95,7960.45,4163
1678204800,7959.95,7960.45,7907.95,7910.95,9832
1678219200,7910.95,7910.95,7885.95,7898.75,4233
1678233600,7897.65,7905.65,7888.15,7895.65,1625
1678248000,7895.4,7901.4,7891.15,7895.65,1433
1678262400,7895.65,7904.85,7888.85,7897.35,4907
1678276800,7897.35,7936.35,7893.35,7925.85,5261
1678291200,7925.85,7947.85,7917.85,7925.85,9412
1678305600,7926.35,7931.15,7915.85,7931.15,4379
1678320000,7918.15,7918.65,7899.94,7913.15,1591
1678334400,7913.15,7915.9,7910.9,7914.15,1213
1678348800,7913.9,7916.9,7859.85,7860.35,5197
1678363200,7860.35,7889.35,7858.85,7887.85,5360
1678377600,7887.35,7896.35,7862.85,7863.85,7904
1678392000,7863.35,7865.35,7799.66,7810.66,6145
1678406400,7794.15,7806.65,7789.65,7789.65,1691
1678420800,7789.9,7793.15,7762.45,7773.45,2403
1678435200,7773.45,7780.65,7713.15,7720.65,10334
1678449600,7720.65,7770.65,7709.4,7762.65,9448
1678464000,7762.65,7765.65,7703.65,7705.65,16167
1678478400,7705.65,7706.65,7676.65,7689.39,8726
1678665600,7693.36,7770.92,7673.86,7733.45,7923
1678680000,7735.85,7750.45,7720.45,7735.95,3370
1678694400,7735.95,7751.45,7624.65,7631.15,7955
1678708800,7631.65,7635.15,7547.65,7572.15,22193
1678723200,7572.15,7613.65,7529.65,7536.65,23809
1678737600,7536.65,7562.15,7529.65,7551.15,9637
1678752000,7547.25,7558.25,7538.75,7548.75,2542
1678766400,7549.15,7567.75,7547.75,7559.75,2970
1678780800,7560.0,7566.5,7500.95,7539.95,10371
1678795200,7539.95,7591.95,7501.95,7587.45,12752
1678809600,7586.95,7642.95,7581.95,7626.95,13284
1678824000,7626.95,7635.45,7588.95,7631.95,7345
1678838400,7622.05,7628.05,7614.55,7619.05,1478
1678852800,7620.45,7640.55,7620.45,7630.05,2407
1678867200,7629.8,7637.75,7580.75,7580.75,7345
1678881600,7580.75,7583.25,7400.25,7402.25,21188
1678896000,7402.25,7433.75,7314.75,7318.75,21303
1678910400,7318.75,7407.25,7318.25,7397.25,11244
1678924800,7372.45,7413.95,7366.45,7412.64,2613
1678939200,7414.85,7423.85,7392.7,7422.7,4427
1678953600,7422.45,7450.15,7380.9,7397.15,10172
1678968000,7397.15,7432.15,7359.65,7366.65,12242
1678982400,7366.65,7427.65,7323.15,7426.65,18729
1678996800,7426.65,7461.65,7416.65,7449.15,6302
1679011200,7446.35,7454.85,7436.35,7437.85,1426
1679025600,7440.25,7457.85,7435.35,7455.85,2444
1679040000,7455.6,7507.05,7443.55,7478.55,8549
1679054400,7479.05,7491.05,7336.05,7347.05,13388
1679068800,7347.05,7365.05,7302.55,7322.05,18033
1679083200,7322.05,7334.05,7303.55,7311.05,7380
1679270400,7330.55,7375.05,7321.55,7365.55,3777
1679284800,7364.45,7373.45,7304.05,7309.55,3184
1679299200,7309.55,7314.55,7199.75,7267.75,15330
1679313600,7268.25,7378.25,7263.75,7376.75,18213
1679328000,7376.75,7422.75,7349.75,7416.25,14305
1679342400,7416.25,7427.75,7402.75,7414.75,4936
1679356800,7411.15,7434.15,7404.65,7418.74,1651
1679371200,7422.05,7426.9,7410.65,7412.9,2163
1679385600,7412.65,7503.35,7409.15,7499.85,6776
1679400000,7499.85,7537.85,7494.85,7528.35,6980
1679414400,7528.35,7554.35,7514.35,7541.35,11323
1679428800,7541.85,7564.85,7534.85,7556.35,4063
1679443200,7552.45,7554.95,7543.45,7543.95,1212
1679457600,7544.85,7554.95,7539.7,7546.95,1999
1679472000,7547.2,7548.2,7499.65,7522.65,6322
1679486400,7522.65,7551.65,7511.65,7548.15,5578
1679500800,7548.15,7584.15,7538.15,7560.65,8541
1679515200,7560.65,7588.65,7501.15,7518.65,12404
1679529600,7513.75,7517.25,7499.25,7506.75,1848
1679544000,7507.15,7544.3,7507.15,7538.8,2280
1679558400,7538.3,7551.25,7517.75,7525.25,5917
1679572800,7525.75,7526.75,7474.25,7515.75,6238
1679587200,7515.75,7530.75,7477.75,7481.25,10060
1679601600,7481.25,7481.25,7413.75,7451.75,10320
1679616000,7444.85,7446.85,7429.35,7439.35,1441
1679630400,7442.25,7452.6,7427.85,7445.35,2125
1679644800,7444.85,7473.55,7383.05,7404.05,6720
1679659200,7404.05,7412.55,7330.05,7390.05,15476
1679673600,7390.05,7417.55,7362.55,7411.55,16197
1679688000,7411.55,7436.55,7409.05,7429.05,5655
1679875200,7429.25,7451.5,7422.25,7444.0,2400
1679889600,7443.75,7453.75,7437.5,7452.0,2224
1679904000,7452.5,7482.65,7422.15,7441.65,8706
1679918400,7441.65,7486.15,7432.65,7484.15,6444
1679932800,7484.15,7489.65,7461.65,7482.15,8961
1679947200,7482.15,7502.15,7481.15,7500.95,4243
1679961600,7498.15,7505.05,7492.15,7498.15,1029
1679976000,7498.4,7502.65,7491.4,7497.65,1865
1679990400,7497.65,7523.85,7491.35,7494.35,5226
1680004800,7494.35,7498.35,7460.35,7464.85,4506
1680019200,7464.35,7491.35,7461.35,7475.85,7453
1680033600,7475.85,7476.35,7447.85,7459.15,4128
1680048000,7460.95,7484.85,7460.95,7481.45,929
1680062400,7480.95,7489.2,7479.45,7487.2,1624
1680076800,7487.2,7536.95,7486.45,7526.95,5481
1680091200,7526.45,7553.45,7523.95,7549.45,4155
1680105600,7548.95,7571.45,7544.45,7561.95,6221
1680120000,7561.95,7574.95,7555.95,7564.25,3415
1680134400,7554.85,7569.35,7551.35,7564.85,1148
1680148800,7565.35,7566.85,7555.1,7564.6,1685
1680163200,7564.6,7609.05,7562.85,7609.05,5574
1680177600,7609.05,7634.55,7602.05,7613.05,3932
1680192000,7613.55,7623.05,7601.55,7609.05,6618
1680206400,7609.05,7618.15,7602.05,7614.65,3095
1680220800,7610.45,7631.2,7608.16,7628.7,982
1680235200,7628.45,7629.45,7621.45,7622.95,1360
1680249600,7622.95,7634.15,7612.65,7626.65,4788
1680264000,7627.15,7650.15,7621.65,7634.65,3686
1680278400,7634.65,7643.65,7621.15,7638.65,5856
1680292800,7638.65,7653.65,7634.15,7651.45,2893
1680480000,7639.35,7659.6,7630.85,7656.1,2062
1680494400,7656.1,7659.6,7638.1,7640.85,2962
1680508800,7640.85,7689.55,7638.1,7684.05,6154
1680523200,7684.05,7696.05,7660.55,7667.05,4754
1680537600,7667.55,7695.55,7662.05,7675.55,5987
1680552000,7675.55,7695.55,7674.25,7687.35,2762
1680566400,7682.35,7694.35,7679.85,7692.85,819
1680580800,7692.85,7695.6,7687.35,7689.35,1689
1680595200,7689.6,7725.55,7670.55,7674.05,5225
1680609600,7674.05,7684.05,7667.55,7682.55,4052
1680624000,7682.55,7685.55,7623.55,7631.05,7175
1680638400,7631.05,7642.05,7627.55,7641.88,3319
1680652800,7639.45,7648.7,7637.95,7645.2,817
1680667200,7645.2,7646.45,7636.95,7638.2,1475
1680681600,7637.95,7652.15,7631.15,7643.65,6016
1680696000,7643.65,7668.15,7640.15,7657.15,4757
1680710400,7657.15,7673.15,7638.65,7656.65,7082
1680724800,7656.65,7673.15,7656.65,7665.45,2585
1680739200,7658.54,7664.54,7654.7,7661.45,825
1680753600,7661.45,7661.7,7650.2,7652.95,1498
1680768000,7652.7,7704.15,7648.7,7696.65,4623
1680782400,7696.65,7730.65,7685.15,7730.15,3844
1680796800,7730.15,7751.15,7714.15,7745.15,5928
1680811200,7745.65,7756.65,7742.65,7744.85,2276
1681171200,7804.1,7804.35,7783.1,7786.35,579
1681185600,7786.35,7799.1,7784.1,7786.85,1736
1681200000,7787.1,7805.05,7764.55,7776.05,5843
1681214400,7776.55,7778.05,7752.55,7762.05,3815
1681228800,7762.05,7789.85,7761.05,7787.55,5353
1681243200,7788.05,7794.55,7778.35,7780.85,2197
1681257600,7783.15,7791.9,7779.65,7785.65,1068
1681272000,7785.65,7786.65,7775.4,7776.4,1630
1681286400,7776.4,7837.35,7773.4,7829.35,4840
1681300800,7829.35,7859.35,7824.35,7837.35,5639
1681315200,7837.35,7844.85,7806.85,7833.35,7821
1681329600,7833.35,7843.35,7802.63,7803.13,4128
1681344000,7798.07,7803.45,7789.45,7802.95,901
1681358400,7802.95,7810.7,7797.95,7808.95,1641
1681372800,7808.95,7830.15,7805.7,7813.65,5250
1681387200,7813.65,7843.65,7811.15,7842.65,4635
1681401600,7842.65,7848.65,7820.65,7847.65,6004
1681416000,7847.65,7863.65,7844.65,7853.95,2508
1681430400,7851.85,7857.35,7844.1,7852.35,1022
1681444800,7851.85,7855.35,7847.85,7852.35,1538
1681459200,7852.35,7862.05,7843.55,7857.55,3959
1681473600,7857.55,7897.55,7854.55,7884.55,4836
1681488000,7884.55,7899.05,7861.05,7865.55,7290
1681502400,7865.05,7893.35,7862.55,7890.35,3458
1681689600,7884.95,7896.64,7882.95,7887.7,1002
1681704000,7887.45,7893.45,7883.95,7885.45,1451
1681718400,7885.7,7911.65,7884.95,7907.65,4623
1681732800,7907.65,7912.15,7875.65,7876.15,4117
1681747200,7876.15,7889.65,7870.15,7886.65,7181
1681761600,7886.65,7900.45,7879.15,7897.95,2705
1681776000,7894.05,7897.05,7889.8,7892.05,614
1681790400,7892.05,7898.05,7889.05,7891.55,1390
1681804800,7891.55,7904.75,7886.25,7891.25,3829
1681819200,7891.25,7900.25,7877.25,7895.25,3829
1681833600,7895.25,7908.25,7892.75,7902.75,6585
1681848000,7902.75,7915.75,7896.75,7910.85,2750
1681862400,7904.95,7909.7,7902.7,7906.95,654
1681876800,7906.7,7912.45,7902.95,7906.45,1069
1681891200,7906.95,7907.95,7868.15,7879.65,5101
1681905600,7879.65,7893.65,7871.15,7887.15,4456
1681920000,7887.15,7898.65,7887.15,7891.65,5585
1681934400,7892.15,7900.65,7887.6,7888.6,2327
1681948800,7883.65,7892.85,7875.65,7891.85,886
1681963200,7891.85,7898.35,7888.1,7894.35,1338
1681977600,7894.35,7898.55,7870.55,7879.55,5228
1681992000,7879.05,7888.55,7872.05,7882.55,4348
1682006400,7882.55,7909.05,7874.55,7908.55,6164
1682020800,7908.55,7912.05,7887.05,7899.35,3638
1682035200,7894.75,7904.25,7889.25,7904.25,837
1682049600,7904.25,7904.5,7894.25,7894.25,1167
1682064000,7894.25,7924.45,7879.95,7921.95,4939
1682078400,7922.45,7933.45,7900.95,7910.95,5038
1682092800,7911.45,7919.45,7891.95,7910.95,7595
1682107200,7910.95,7916.45,7902.25,7903.25,2692
1682294400,7898.55,7906.95,7895.35,7903.55,774
1682308800,7903.3,7906.3,7899.8,7901.55,1236
1682323200,7901.55,7907.25,7873.75,7895.75,4390
1682337600,7896.25,7911.25,7895.25,7900.75,3752
1682352000,7900.25,7925.25,7898.25,7903.75,5881
1682366400,7904.25,7906.75,7898.05,7899.56,2403
1682380800,7906.35,7907.35,7892.25,7897.85,692
1682395200,7897.35,7900.6,7885.6,7885.85,1288
1682409600,7886.1,7894.55,7858.55,7889.05,5740
1682424000,7889.05,7900.55,7879.05,7894.05,4174
1682438400,7894.05,7907.55,7868.55,7882.55,6322
1682452800,7882.55,7884.55,7849.23,7865.73,4877
1682467200,7874.85,7877.85,7856.85,7866.35,1193
1682481600,7866.35,7868.35,7856.6,7860.6,1295
1682496000,7860.6,7892.05,7836.05,7862.05,7214
1682510400,7861.55,7874.55,7849.55,7866.05,7481
1682524800,7867.05,7872.55,7823.55,7856.05,7336
1682539200,7856.05,7858.05,7813.05,7828.35,4128
1682553600,7820.65,7827.55,7816.9,7818.15,727
1682568000,7818.15,7825.4,7815.65,7824.4,952
1682582400,7824.4,7859.85,7820.9,7848.85,5810
1682596800,7848.85,7855.35,7837.35,7850.85,5156
1682611200,7850.85,7854.35,7810.85,7839.85,6521
1682625600,7840.35,7879.03,7838.35,7868.65,3436
1682640000,7860.05,7862.55,7853.05,7854.3,1251
1682654400,7854.3,7863.05,7848.3,7851.05,1952
1682668800,7850.8,7859.55,7784.25,7790.25,7255
1682683200,7790.75,7832.45,7785.25,7830.95,5193
1682697600,7830.45,7871.25,7826.45,7870.25,7393
1682712000,7870.25,7873.25,7851.65,7860.95,3325
1682985600,7851.35,7871.7,7850.85,7871.45,344
1683000000,7871.45,7881.7,7869.45,7876.45,1318
1683014400,7876.2,7894.65,7854.15,7863.65,6850
1683028800,7862.65,7876.65,7842.85,7852.65,4614
1683043200,7853.15,7853.15,7757.65,7771.65,10668
1683057600,7771.65,7796.95,7770.15,7789.95,4474
1683072000,7789.45,7795.45,7781.2,7789.7,758
1683086400,7789.7,7794.2,7783.45,7792.95,1060
1683100800,7792.95,7814.65,7783.15,7787.15,5758
1683115200,7786.65,7801.15,7772.15,7785.15,5086
1683129600,7785.15,7800.15,7776.65,7792.15,7550
1683144000,7792.15,7807.65,7746.95,7746.95,9990
1683158400,7717.85,7744.35,7717.85,7737.1,1435
1683172800,7737.1,7768.1,7736.6,7767.35,1611
1683187200,7767.6,7777.55,7736.55,7746.05,7365
1683201600,7746.05,7754.55,7709.55,7725.05,6990
1683216000,7724.55,7741.55,7688.05,7709.05,13896
1683230400,7709.55,7725.55,7700.85,7708.85,5649
1683244800,7712.55,7730.05,7711.05,7726.55,1034
1683259200,7726.8,7736.8,7722.05,7736.05,1423
1683273600,7736.05,7764.75,7718.25,7740.75,5757
1683288000,7741.25,7750.75,7717.25,7744.75,6091
1683302400,7744.75,7783.25,7742.25,7782.75,7518
1683316800,7783.25,7808.75,7782.75,7798.95,2603
1683590400,7793.45,7809.05,7793.45,7805.55,531
1683604800,7805.8,7811.8,7801.8,7807.8,1187
1683619200,7807.8,7809.8,7751.25,7762.75,4599
1683633600,7762.75,7767.25,7736.25,7736.25,4092
1683648000,7736.25,7765.25,7735.75,7760.25,6633
1683662400,7760.25,7768.75,7753.36,7758.55,2889
1683676800,7752.65,7767.65,7752.15,7763.65,611
1683691200,7763.65,7766.4,7760.9,7765.65,1180
1683705600,7765.4,7780.85,7743.85,7752.35,5126
1683720000,7752.35,7775.85,7742.85,7766.85,4930
1683734400,7766.85,7780.85,7723.35,7725.35,9432
1683748800,7725.35,7754.15,7707.85,7742.15,5103
1683763200,7734.75,7747.25,7734.75,7744.75,752
1683777600,7744.5,7747.5,7735.75,7745.75,1314
1683792000,7746.0,7786.45,7735.95,7756.95,4977
1683806400,7756.95,7758.45,7693.45,7695.95,5965
1683820800,7696.45,7736.95,7678.95,7735.95,9508
1683835200,7736.45,7748.45,7726.95,7742.75,4400
1683849600,7744.45,7759.2,7742.45,7755.45,763
1683864000,7755.45,7758.45,7745.45,7752.95,1653
1683878400,7753.2,7769.65,7741.15,7769.65,5668
1683892800,7770.15,7775.15,7740.15,7746.65,4468
1683907200,7746.65,7766.65,7738.15,7740.15,8085
1683921600,7740.15,7759.35,7735.15,7745.95,3805
1684108800,7750.15,7758.4,7745.53,7750.65,1200
1684123200,7750.9,7761.65,7748.9,7760.15,1475
1684137600,7760.15,7795.85,7758.9,7772.85,5367
1684152000,7772.85,7796.85,7772.35,7775.35,4302
1684166400,7774.85,7790.35,7762.35,7790.35,6270
1684180800,7790.35,7793.85,7779.85,7781.65,3082
1684195200,7781.55,7786.05,7778.05,7782.8,728
1684209600,7782.8,7782.8,7772.3,7773.8,1203
1684224000,7773.55,7808.45,7763.95,7792.45,4381
1684238400,7792.45,7796.45,7776.25,7777.25,4864
1684252800,7777.25,7778.75,7739.75,7753.25,8273
1684267200,7752.75,7754.25,7726.55,7742.55,3240
1684281600,7739.05,7742.55,7731.05,7735.3,884
1684296000,7735.3,7745.05,7735.3,7739.05,1564
1684310400,7739.3,7760.25,7718.45,7758.75,5586
1684324800,7758.75,7762.25,7742.75,7748.25,4479
1684339200,7748.25,7756.25,7713.75,7751.75,7025
1684353600,7751.75,7763.25,7751.25,7757.55,3239
1684368000,7741.75,7754.5,7738.25,7747.25,942
1684382400,7747.25,7752.25,7744.0,7750.5,1660
1684396800,7750.75,7778.45,7742.75,7772.45,4677
1684411200,7772.45,7776.95,7755.45,7755.95,3960
1684425600,7755.95,7757.95,7727.95,7732.45,7801
1684440000,7732.45,7761.45,7725.95,7760.25,4139
1684454400,7760.45,7777.63,7758.45,7759.95,1351
1684468800,7759.95,7773.45,7755.95,7766.2,1638
1684483200,7766.2,7780.65,7757.85,7778.65,4582
1684497600,7778.65,7786.15,7769.85,7775.05,3707
1684512000,7775.05,7792.05,7747.55,7762.55,8483
1684526400,7762.55,7786.55,7759.05,7770.85,3487
1684713600,7767.05,7784.8,7762.55,7781.05,978
1684728000,7781.05,7782.8,7773.8,7780.3,1670
1684742400,7780.3,7789.05,7756.45,7781.25,4082
1684756800,7781.75,7786.25,7751.75,7752.25,3617
1684771200,7752.25,7786.25,7752.25,7785.25,6426
1684785600,7785.75,7787.75,7768.75,7775.55,3199
1684800000,7773.45,7790.45,7773.45,7786.95,1041
1684814400,7787.45,7794.2,7775.45,7776.95,2056
1684828800,7776.95,7781.65,7748.65,7774.15,4594
1684843200,7774.15,7803.15,7773.15,7800.15,3741
1684857600,7800.15,7801.65,7749.15,7754.65,6378
1684872000,7754.65,7759.65,7726.65,7734.95,4657
1684886400,7740.35,7744.35,7731.1,7733.85,800
1684900800,7733.85,7734.1,7725.85,7729.85,1579
1684915200,7729.6,7731.6,7639.55,7658.55,6257
1684929600,7658.55,7663.05,7620.05,7621.55,5516
1684944000,7622.05,7632.55,7589.55,7627.05,7037
1684958400,7627.05,7646.84,7614.55,7634.86,4944
1684972800,7631.05,7635.55,7610.55,7632.05,2051
1684987200,7631.8,7634.05,7616.55,7624.55,1889
1685001600,7624.3,7633.25,7574.25,7609.75,6272
1685016000,7609.75,7622.25,7600.25,7608.25,4453
1685030400,7607.75,7609.75,7559.75,7569.75,8002
1685044800,7569.25,7592.25,7563.75,7587.05,3883
1685059200,7584.45,7584.45,7570.7,7574.2,946
1685073600,7574.2,7577.95,7563.7,7570.45,1471
1685088000,7570.7,7626.15,7567.95,7574.15,5792
1685102400,7574.15,7596.15,7555.15,7594.65,5217
1685116800,7594.65,7644.65,7593.65,7631.15,6858
1685131200,7631.15,7644.65,7626.15,7636.85,2523
1685404800,7636.95,7643.55,7630.3,7638.55,648
1685419200,7638.55,7640.55,7629.05,7631.05,1657
1685433600,7631.3,7637.75,7601.25,7615.75,5967
1685448000,7615.75,7625.25,7572.25,7583.25,5080
1685462400,7583.25,7586.25,7517.25,7534.25,8540
1685476800,7534.25,7541.25,7521.75,7536.55,3681
1685491200,7528.95,7542.35,7527.44,7529.95,935
1685505600,7529.7,7529.95,7504.45,7504.45,2159
1685520000,7504.2,7518.15,7463.65,7509.65,7773
1685534400,7509.15,7521.65,7500.65,7507.15,5234
1685548800,7507.15,7512.65,7441.15,7456.65,9273
1685563200,7456.65,7471.65,7450.15,7455.94,4438
1685577600,7455.45,7466.45,7451.95,7455.95,1108
1685592000,7456.2,7475.7,7456.2,7468.95,2613
1685606400,7468.95,7497.65,7455.65,7492.65,5473
1685620800,7492.65,7493.15,7459.15,7459.65,4497
1685635200,7459.15,7501.65,7443.65,7501.15,7789
1685649600,7501.15,7508.15,7492.95,7502.93,3269
1685664000,7502.85,7505.25,7498.35,7500.85,638
1685678400,7500.35,7513.35,7499.35,7512.35,1604
1685692800,7512.35,7549.25,7512.35,7547.75,4446
1685707200,7547.25,7574.25,7543.75,7570.75,4165
1685721600,7570.75,7618.75,7569.75,7618.25,5642
1685736000,7618.75,7627.75,7612.85,7614.35,1877
1685923200,7615.05,7627.3,7613.05,7625.05,1419
1685937600,7625.05,7629.8,7613.3,7622.05,1932
1685952000,7621.8,7657.75,7617.3,7651.25,5028
1685966400,7651.25,7653.25,7641.75,7646.25,2604
1685980800,7646.25,7649.75,7593.25,7607.25,6425
1685995200,7606.75,7607.75,7582.75,7591.55,3377
1686009600,7585.45,7586.45,7576.95,7585.95,944
1686024000,7586.45,7600.95,7584.45,7594.45,1962
1686038400,7594.7,7604.15,7555.15,7556.15,5690
1686052800,7556.15,7601.15,7556.15,7598.15,3334
1686067200,7598.15,7643.15,7597.15,7631.15,5449
1686081600,7631.15,7646.15,7627.65,7642.45,2194
1686096000,7642.25,7649.15,7637.25,7640.25,833
1686110400,7640.5,7641.25,7629.25,7640.25,2422
1686124800,7640.0,7640.75,7603.45,7626.45,4458
1686139200,7626.45,7643.95,7621.45,7633.45,3302
1686153600,7633.45,7642.95,7610.95,7624.95,6678
1686168000,7624.95,7642.95,7622.45,7637.75,3023
1686182400,7629.15,7635.65,7621.15,7626.15,873
1686196800,7626.15,7629.15,7610.4,7614.65,2064
1686211200,7614.15,7639.85,7600.35,7601.35,4693
1686225600,7601.85,7627.35,7598.85,7618.35,3436
1686240000,7618.35,7619.35,7585.35,7602.35,6119
1686254400,7602.35,7618.85,7596.35,7614.65,1904
1686268800,7608.55,7613.95,7604.8,7606.55,785
1686283200,7607.05,7613.05,7605.05,7609.55,1059
1686297600,7609.3,7618.25,7583.25,7600.75,4519
1686312000,7600.75,7606.25,7543.75,7560.75,4392
1686326400,7561.25,7576.75,7544.25,7563.75,6063
1686340800,7563.75,7574.75,7560.75,7566.05,2359
1686528000,7569.35,7593.6,7569.35,7593.35,518
1686542400,7593.6,7597.1,7588.35,7591.35,1304
1686556800,7591.6,7606.05,7570.05,7582.05,5636
1686571200,7582.55,7582.55,7556.05,7571.55,5619
1686585600,7571.55,7583.55,7558.05,7575.55,6563
1686600000,7575.55,7581.85,7568.05,7575.95,2366
1686614400,7574.35,7592.6,7571.85,7577.85,1038
1686628800,7577.85,7598.6,7576.35,7595.35,1736
1686643200,7595.6,7608.75,7574.55,7587.55,5610
1686657600,7587.55,7596.05,7554.8,7591.55,6029
1686672000,7591.55,7612.05,7585.55,7593.05,6971
1686686400,7593.05,7601.55,7588.55,7595.85,3308
1686700800,7587.85,7591.35,7583.1,7583.85,1047
1686715200,7584.1,7588.85,7578.85,7587.85,1722
1686729600,7587.6,7614.05,7576.05,7612.55,5688
1686744000,7612.55,7642.05,7609.05,7613.05,5447
1686758400,7613.05,7629.55,7595.05,7607.05,5907
1686772800,7607.05,7607.05,7579.55,7598.85,7054
1686787200,7595.15,7597.65,7584.05,7594.9,1134
1686801600,7594.4,7595.9,7579.9,7593.65,1809
1686816000,7593.65,7605.85,7580.85,7601.85,5986
1686830400,7601.85,7618.85,7592.85,7608.35,5691
1686844800,7607.85,7633.85,7604.35,7623.55,6747
1686859200,7623.55,7641.05,7619.05,7625.35,3415
1686873600,7623.45,7633.95,7620.45,7627.95,944
1686888000,7628.45,7640.7,7621.95,7635.95,1576
1686902400,7635.7,7690.15,7634.15,7685.15,4992
1686916800,7685.15,7685.15,7631.65,7661.15,5152
1686931200,7661.15,7662.65,7626.15,7645.65,6641
1686945600,7645.65,7645.65,7610.95,7612.45,2851
1687132800,7621.55,7626.95,7610.05,7614.55,911
1687147200,7614.55,7616.05,7606.05,7607.05,1639
1687161600,7607.05,7624.75,7603.75,7610.75,4407
1687176000,7610.75,7628.25,7603.25,7607.75,3100
1687190400,7607.25,7607.75,7582.25,7596.25,3043
1687204800,7596.25,7599.55,7588.55,7591.05,597
1687219200,7590.65,7599.9,7584.15,7592.65,832
1687233600,7592.9,7594.15,7582.4,7587.65,1456
1687248000,7587.15,7610.35,7568.85,7592.85,5471
1687262400,7592.85,7603.35,7584.85,7601.85,4027
1687276800,7602.35,7610.85,7564.85,7578.35,6388
1687291200,7578.35,7583.35,7555.03,7559.65,2461
1687305600,7561.65,7578.65,7558.15,7573.65,752
1687320000,7573.65,7576.4,7569.9,7576.4,1448
1687334400,7576.4,7576.9,7520.35,7564.35,5269
1687348800,7564.35,7581.35,7536.35,7537.35,3659
1687363200,7537.35,7570.85,7534.35,7558.85,6445
1687377600,7558.85,7561.85,7540.65,7542.65,2834
1687392000,7549.05,7549.05,7537.8,7540.3,791
1687406400,7540.3,7540.3,7509.05,7509.8,1113
1687420800,7509.8,7513.25,7453.75,7491.75,6706
1687435200,7491.75,7500.75,7462.75,7492.25,5267
1687449600,7492.25,7516.75,7484.25,7515.75,6106
1687464000,7515.75,7521.25,7507.55,7514.55,2575
1687478400,7513.15,7515.9,7507.4,7509.65,722
1687492800,7509.65,7509.65,7474.9,7475.65,2203
1687507200,7475.65,7494.35,7446.35,7488.85,5995
1687521600,7488.85,7496.65,7447.35,7449.85,4702
1687536000,7449.85,7487.35,7440.35,7476.35,6426
1687550400,7476.35,7476.35,7445.65,7453.65,2916
1687737600,7456.55,7475.45,7456.05,7472.05,1268
1687752000,7472.55,7479.05,7467.8,7470.8,1578
1687766400,7471.3,7481.25,7401.25,7410.25,6440
1687780800,7410.25,7469.25,7410.25,7457.75,4206
1687795200,7457.75,7473.75,7452.25,7467.75,6076
1687809600,7467.75,7473.75,7463.25,7468.55,2339
1687824000,7468.05,7476.05,7465.55,7468.8,762
1687838400,7468.8,7480.3,7466.55,7478.3,1489
1687852800,7478.3,7501.75,7457.75,7461.25,4720
1687867200,7461.25,7462.25,7430.75,7442.75,3921
1687881600,7442.75,7475.75,7438.75,7474.25,5855
1687896000,7474.25,7494.25,7473.25,7480.05,1782
1687910400,7479.45,7489.95,7473.35,7480.95,1001
1687924800,7480.7,7487.2,7475.45,7481.45,1405
1687939200,7481.7,7506.15,7479.15,7495.15,4765
1687953600,7495.15,7522.15,7492.65,7512.15,3350
1687968000,7512.15,7517.15,7495.15,7496.65,5908
1687982400,7496.65,7509.45,7495.65,7505.95,2603
1687996800,7508.25,7519.75,7507.25,7516.25,942
1688011200,7516.25,7519.0,7501.75,7502.25,1365
1688025600,7502.25,7506.95,7481.7,7493.45,5927
1688040000,7493.7,7494.2,7465.95,7471.95,4442
1688054400,7471.95,7486.2,7460.2,7476.7,6170
1688068800,7476.7,7490.7,7473.7,7485.75,2454
1688083200,7483.65,7495.55,7479.15,7481.4,684
1688097600,7481.65,7497.15,7480.9,7490.4,1424
1688112000,7490.4,7513.35,7482.85,7510.35,4276
1688126400,7511.35,7541.35,7509.35,7536.85,3900
1688140800,7537.35,7553.85,7524.85,7541.85,4883
1688155200,7541.85,7553.35,7537.65,7539.65,1941
1688342400,7551.05,7560.8,7542.55,7554.05,859
1688356800,7553.8,7565.8,7553.55,7565.55,1141
1688371200,7565.55,7566.05,7520.25,7558.25,5624
1688385600,7558.25,7565.75,7534.75,7535.75,3951
1688400000,7535.75,7540.25,7517.25,7529.25,5164
1688414400,7529.75,7536.25,7528.75,7531.55,466
1688428800,7527.85,7533.6,7522.75,7528.85,688
1688443200,7529.1,7533.35,7523.6,7530.85,965
1688457600,7530.6,7535.55,7519.05,7533.55,3255
1688472000,7534.05,7550.55,7530.05,7532.05,2629
1688486400,7532.05,7533.05,7517.55,7522.05,2073
1688500800,7522.05,7523.05,7518.85,7519.35,433
1688515200,7522.75,7525.25,7515.25,7519.5,710
1688529600,7519.5,7522.0,7513.0,7515.25,1212
1688544000,7515.25,7516.75,7472.45,7481.95,5061
1688558400,7481.95,7485.95,7459.95,7464.45,3488
1688572800,7464.45,7471.45,7433.45,7443.45,5373
1688587200,7443.45,7446.95,7434.75,7438.75,1630
1688601600,7441.45,7447.95,7424.95,7433.2,652
1688616000,7433.2,7435.7,7410.95,7413.45,1768
1688630400,7413.7,7414.2,7344.15,7356.15,6475
1688644800,7356.15,7356.65,7308.65,7311.65,5173
1688659200,7311.65,7314.15,7262.65,7287.65,7007
1688673600,7287.65,7290.65,7273.95,7273.95,1996
1688688000,7279.45,7282.95,7266.95,7280.95,924
1688702400,7281.45,7285.45,7271.7,7274.95,1452
1688716800,7275.2,7282.7,7223.15,7250.65,7057
1688731200,7251.15,7272.65,7245.65,7260.15,5686
1688745600,7260.65,7277.65,7239.65,7276.65,6610
1688760000,7276.65,7282.15,7258.35,7262.45,2506
1688947200,7258.45,7273.85,7253.45,7258.2,1197
1688961600,7258.45,7267.7,7239.95,7247.95,1862
1688976000,7247.95,7270.15,7224.65,7260.65,6061
1688990400,7260.65,7292.65,7260.15,7286.65,4015
1689004800,7286.65,7304.65,7259.15,7265.65,5928
1689019200,7265.65,7269.15,7252.65,7257.43,2043
1689033600,7254.05,7272.05,7253.05,7270.05,779
1689048000,7270.3,7270.8,7261.55,7269.55,1271
1689062400,7269.3,7284.25,7242.75,7243.75,5815
1689076800,7244.25,7270.75,7234.45,7268.75,3990
1689091200,7268.75,7288.25,7257.75,7283.25,5346
1689105600,7283.25,7294.25,7278.75,7286.05,2181
1689120000,7283.55,7293.3,7283.55,7290.55,905
1689134400,7290.3,7296.8,7288.3,7296.3,1238
1689148800,7296.3,7349.75,7290.75,7349.25,5500
1689163200,7349.75,7403.75,7348.25,7393.75,4742
1689177600,7392.75,7425.25,7386.75,7408.75,7459
1689192000,7408.75,7417.75,7402.25,7408.05,2547
1689206400,7405.15,7417.9,7403.24,7415.9,670
1689220800,7415.15,7421.65,7406.15,7415.15,1407
1689235200,7415.4,7436.85,7404.85,7425.35,3586
1689249600,7425.35,7448.85,7424.85,7441.35,3118
1689264000,7441.35,7454.85,7433.85,7440.85,4907
1689278400,7441.35,7444.85,7426.65,7427.65,1734
1689292800,7422.88,7432.78,7421.65,7422.4,883
1689307200,7422.4,7429.4,7418.65,7425.9,1403
1689321600,7425.9,7451.35,7419.85,7444.85,3930
1689336000,7444.85,7478.35,7438.35,7478.35,2866
1689350400,7477.85,7477.85,7417.55,7418.85,5791
1689364800,7418.85,7424.35,7410.65,7411.15,2474
1689552000,7406.7,7414.9,7401.4,7406.4,1077
1689566400,7406.6,7410.5,7403.0,7408.3,714
1689580800,7408.5,7438.85,7395.1,7408.35,4544
1689595200,7408.85,7426.85,7393.85,7415.35,4619
1689609600,7414.85,7424.85,7405.35,7418.85,4864
1689624000,7418.85,7425.35,7410.15,7412.65,1894
1689638400,7412.65,7421.4,7408.05,7420.15,650
1689652800,7420.15,7421.4,7405.9,7412.65,1234
1689667200,7412.65,7425.85,7397.85,7419.35,4206
1689681600,7419.35,7426.35,7399.35,7408.35,3158
1689696000,7408.35,7460.35,7401.35,7452.85,5731
1689710400,7452.85,7464.35,7450.85,7454.65,1856
1689724800,7458.75,7466.25,7457.25,7465.25,659
1689739200,7465.25,7465.5,7453.5,7453.5,1064
1689753600,7453.75,7571.45,7453.5,7570.95,7465
1689768000,7571.45,7592.95,7553.45,7578.95,5120
1689782400,7579.45,7627.75,7577.95,7588.45,7112
1689796800,7588.45,7592.45,7574.25,7583.25,2500
1689811200,7577.55,7595.3,7565.05,7592.8,1045
1689825600,7592.8,7596.05,7587.55,7590.05,1062
1689840000,7590.05,7647.25,7585.25,7638.75,6079
1689854400,7638.75,7652.75,7625.25,7636.75,3997
1689868800,7636.75,7661.25,7633.25,7648.25,5571
1689883200,7648.25,7651.75,7636.75,7647.55,2564
1689897600,7648.25,7648.75,7636.25,7642.25,768
1689912000,7642.25,7651.75,7638.75,7650.25,1102
1689926400,7650.0,7662.95,7636.95,7658.45,5106
1689940800,7658.45,7674.45,7642.95,7672.95,3807
1689955200,7672.95,7674.95,7644.95,7667.45,5101
1689969600,7667.45,7673.95,7662.95,7670.25,2131
1690156800,7671.45,7671.95,7661.35,7667.2,743
1690171200,7667.45,7670.45,7652.95,7654.2,1263
1690185600,7654.45,7673.65,7621.15,7667.15,5935
1690200000,7667.15,7676.65,7641.65,7653.65,4040
1690214400,7653.65,7690.65,7647.65,7687.65,5549
1690228800,7687.65,7688.65,7677.45,7680.95,1848
1690243200,7678.45,7682.95,7673.2,7677.45,547
1690257600,7677.2,7680.2,7671.95,7671.95,1038
1690272000,7671.7,7703.65,7670.95,7691.65,5382
1690286400,7691.15,7701.15,7682.15,7689.15,3212
1690300800,7689.65,7699.65,7678.65,7688.15,4555
1690315200,7688.15,7689.65,7667.83,7683.45,2490
1690329600,7675.75,7685.0,7667.25,7674.0,1323
1690344000,7674.0,7685.25,7674.0,7675.25,1076
1690358400,7675.5,7703.95,7667.45,7672.45,5654
1690372800,7672.45,7674.95,7635.95,7637.95,4240
1690387200,7637.95,7690.95,7629.45,7689.45,5496
1690401600,7689.45,7696.45,7672.25,7672.25,5094
1690416000,7672.75,7689.25,7668.75,7689.25,670
1690430400,7689.25,7701.25,7685.75,7697.25,1155
1690444800,7697.25,7703.95,7658.45,7699.95,6168
1690459200,7699.95,7707.95,7685.95,7707.45,5298
1690473600,7707.45,7708.45,7687.95,7698.95,7291
1690488000,7698.95,7701.45,7653.95,7663.98,3995
1690502400,7661.95,7665.45,7656.95,7661.45,1032
1690516800,7661.7,7677.95,7643.7,7661.45,3369
1690531200,7661.2,7714.25,7661.2,7708.75,7391
1690545600,7708.25,7711.25,7683.45,7703.95,5036
1690560000,7703.95,7706.45,7674.95,7675.45,6537
1690574400,7674.95,7675.95,7661.95,7666.75,2576
1690761600,7674.25,7685.75,7667.5,7670.5,1307
1690776000,7670.5,7677.75,7652.25,7658.0,2382
1690790400,7658.0,7695.45,7656.75,7685.45,5436
1690804800,7685.45,7707.95,7680.95,7700.45,4124
1690819200,7700.45,7721.95,7686.45,7693.45,6430
1690833600,7693.45,7699.45,7688.45,7697.75,2792
1690848000,7698.35,7707.6,7691.85,7701.35,751
1690862400,7701.35,7701.35,7691.6,7700.1,1241
1690876800,7699.85,7712.05,7681.05,7688.05,4930
1690891200,7687.55,7692.55,7646.05,7671.55,5493
1690905600,7671.55,7694.05,7655.05,7658.05,6641
1690920000,7658.05,7664.55,7653.09,7658.35,2279
1690934400,7648.15,7656.15,7639.65,7648.65,1395
1690948800,7648.65,7657.9,7624.65,7625.65,2039
1690963200,7625.65,7631.15,7516.85,7536.35,9013
1690977600,7535.85,7593.85,7526.85,7576.85,7950
1690992000,7577.35,7593.85,7536.35,7553.35,9154
1691006400,7553.35,7555.35,7533.86,7534.36,3771
1691020800,7534.35,7548.6,7530.6,7535.35,1298
1691035200,7535.35,7559.35,7532.1,7541.6,2065
1691049600,7541.35,7553.35,7429.55,7439.55,10194
1691064000,7439.55,7516.55,7439.05,7506.05,8825
1691078400,7505.55,7536.05,7490.55,7534.05,8633
1691092800,7534.05,7553.35,7521.85,7525.47,4625
1691107200,7530.85,7549.35,7526.85,7539.1,1399
1691121600,7539.6,7542.85,7523.35,7529.35,1943
1691136000,7529.1,7552.55,7504.55,7526.05,7057
1691150400,7526.55,7538.55,7478.55,7496.55,6897
1691164800,7496.55,7564.55,7493.05,7559.55,7809
1691179200,7559.55,7560.05,7502.55,7507.85,4352
1691366400,7517.64,7523.14,7515.75,7520.0,1152
1691380800,7520.0,7527.5,7516.0,7523.75,1434
1691395200,7524.25,7548.45,7512.95,7515.95,6155
1691409600,7515.45,7540.45,7498.45,7539.95,5071
1691424000,7540.45,7560.45,7516.95,7559.45,6175
1691438400,7559.45,7562.95,7553.45,7561.25,2525
1691452800,7559.25,7561.75,7555.75,7558.75,801
1691467200,7558.75,7559.25,7537.5,7541.0,2058
1691481600,7541.25,7547.95,7503.45,7534.45,7325
1691496000,7534.45,7536.45,7480.45,7500.95,7466
1691510400,7499.95,7524.95,7491.95,7524.45,7375
1691524800,7524.45,7549.45,7522.95,7532.75,3352
1691539200,7537.05,7551.3,7527.05,7547.05,960
1691553600,7547.05,7557.8,7546.05,7557.3,1322
1691568000,7557.3,7591.25,7553.75,7586.25,6146
1691582400,7586.25,7597.75,7557.25,7559.75,5280
1691596800,7559.75,7597.75,7556.75,7579.75,7503
1691611200,7579.25,7602.25,7578.75,7591.55,3678
1691625600,7566.73,7567.23,7557.8,7563.55,901
1691640000,7563.55,7576.55,7562.05,7573.55,1301
1691654400,7573.8,7598.75,7563.8,7587.75,6099
1691668800,7587.75,7602.25,7569.75,7593.75,6561
1691683200,7593.75,7619.75,7588.25,7596.75,10280
1691697600,7596.75,7598.25,7577.75,7587.05,5303
1691712000,7587.75,7593.25,7584.5,7592.75,754
1691726400,7593.0,7594.25,7566.0,7567.0,1438
1691740800,7567.0,7579.95,7530.95,7536.95,6934
1691755200,7536.95,7545.95,7499.95,7503.45,7945
1691769600,7503.45,7534.95,7501.45,7518.45,9582
1691784000,7518.95,7533.75,7512.95,7529.65,3331
1691971200,7537.85,7544.6,7530.1,7533.1,1243
1691985600,7532.35,7534.35,7496.85,7498.6,2634
1692000000,7498.6,7527.05,7486.05,7503.05,7020
1692014400,7503.05,7510.55,7470.55,7486.05,5509
1692028800,7486.05,7506.55,7473.05,7499.05,7947
1692043200,7499.05,7514.05,7492.05,7509.85,2913
1692057600,7505.45,7519.45,7504.45,7513.7,920
1692072000,7513.7,7520.95,7508.7,7516.45,1592
1692086400,7516.7,7519.65,7398.65,7419.65,6537
1692100800,7419.15,7421.65,7373.65,7407.15,7916
1692115200,7406.15,7420.65,7364.15,7376.65,8938
1692129600,7376.65,7386.15,7372.15,7377.42,4295
1692144000,7376.44,7387.55,7367.05,7370.55,1195
1692158400,7370.8,7380.55,7365.3,7367.05,2231
1692172800,7367.05,7394.25,7349.25,7375.75,6896
1692187200,7375.75,7383.25,7338.25,7341.25,6004
1692201600,7341.25,7360.25,7333.25,7346.25,8029
1692216000,7345.75,7350.75,7327.43,7332.58,4571
1692230400,7335.55,7337.55,7296.05,7298.55,1208
1692244800,7298.55,7320.55,7289.8,7315.05,2555
1692259200,7315.05,7333.25,7296.05,7325.75,6988
1692273600,7325.75,7346.75,7317.75,7329.75,5846
1692288000,7329.75,7332.25,7295.75,7309.25,9038
1692302400,7309.25,7309.75,7265.13,7266.55,4372
1692316800,7269.55,7279.8,7265.55,7278.55,1256
1692331200,7278.8,7294.05,7276.55,7280.3,2050
1692345600,7280.3,7281.75,7238.75,7256.75,7832
1692360000,7256.75,7263.75,7215.75,7222.75,7228
1692374400,7222.75,7265.75,7209.25,7260.25,9328
1692388800,7260.25,7267.75,7248.75,7253.55,3786
1692576000,7263.65,7274.65,7259.65,7271.65,958
1692590400,7271.15,7276.9,7253.9,7267.15,2395
1692604800,7267.15,7294.85,7251.85,7293.35,6232
1692619200,7293.35,7314.85,7271.85,7273.85,5533
1692633600,7273.35,7276.85,7248.35,7259.35,8273
1692648000,7259.35,7275.85,7257.35,7260.76,2876
1692662400,7261.65,7264.9,7256.9,7264.65,893
1692676800,7264.65,7271.15,7257.65,7263.4,1643
1692691200,7263.65,7289.35,7258.65,7287.85,6075
1692705600,7287.85,7310.85,7287.35,7294.85,4519
1692720000,7294.35,7297.35,7260.35,7264.85,6966
1692734400,7264.85,7268.85,7254.85,7255.65,3656
1692748800,7262.15,7277.65,7256.15,7277.15,631
1692763200,7277.4,7287.4,7274.15,7280.15,1387
1692777600,7279.65,7326.35,7276.85,7315.85,5964
1692792000,7315.85,7349.85,7309.35,7310.35,6583
1692806400,7309.85,7326.85,7301.85,7315.85,6956
1692820800,7315.35,7349.65,7314.85,7348.15,3885
1692835200,7323.35,7341.35,7318.85,7336.85,1372
1692849600,7336.85,7352.6,7332.35,7351.35,1764
1692864000,7351.85,7385.05,7341.05,7347.05,7507
1692878400,7347.05,7352.55,7325.05,7339.05,6398
1692892800,7338.55,7359.55,7315.55,7326.05,9579
1692907200,7326.05,7328.05,7302.85,7309.35,4312
1692921600,7319.35,7324.35,7308.75,7322.6,1111
1692936000,7322.85,7327.6,7319.85,7322.85,1798
1692950400,7323.6,7357.05,7316.35,7353.05,5928
1692964800,7353.55,7386.55,7346.05,7377.55,5738
1692979200,7377.55,7378.05,7321.55,7344.05,11767
1692993600,7343.55,7366.65,7331.55,7356.45,4283
1693267200,7387.45,7395.05,7367.8,7386.05,795
1693281600,7386.05,7399.8,7382.05,7397.55,1505
1693296000,7397.55,7471.25,7396.55,7426.75,6726
1693310400,7427.25,7458.75,7427.25,7442.25,5800
1693324800,7442.75,7475.75,7439.25,7471.25,8068
1693339200,7471.25,7482.75,7469.25,7478.55,3018
1693353600,7480.55,7490.55,7479.05,7486.55,774
1693368000,7486.55,7495.55,7485.05,7493.05,1452
1693382400,7493.05,7510.75,7470.25,7473.75,6645
1693396800,7473.75,7497.75,7464.25,7492.25,5679
1693411200,7491.75,7497.25,7467.75,7478.75,7827
1693425600,7478.75,7479.25,7465.75,7477.02,2717
1693440000,7471.25,7476.75,7468.25,7472.75,527
1693454400,7472.75,7477.25,7465.25,7473.0,1558
1693468800,7472.75,7487.95,7460.45,7477.45,5836
1693483200,7477.45,7504.95,7467.95,7492.95,5840
1693497600,7492.45,7497.95,7421.95,7428.45,8366
1693512000,7428.45,7441.95,7426.45,7436.13,3404
1693526400,7433.85,7453.6,7432.35,7451.1,769
1693540800,7451.1,7460.1,7448.85,7458.85,1090
1693555200,7459.1,7484.55,7446.55,7475.55,5640
1693569600,7476.05,7496.55,7468.55,7480.55,6242
1693584000,7480.55,7497.05,7462.05,7478.55,8842
1693598400,7478.55,7492.55,7472.55,7486.05,2449
1693785600,7486.25,7503.5,7482.25,7501.75,748
1693800000,7501.75,7509.0,7496.25,7505.25,1225
1693814400,7506.25,7532.95,7504.75,7526.45,4944
1693828800,7526.45,7529.95,7489.95,7494.95,3986
1693843200,7494.95,7495.45,7454.15,7457.95,3755
1693857600,7457.95,7460.45,7455.45,7458.25,403
1693872000,7454.35,7463.35,7446.1,7446.85,839
1693886400,7446.85,7452.35,7438.35,7438.6,1638
1693900800,7438.6,7453.55,7396.05,7449.55,7934
1693915200,7449.55,7484.55,7446.55,7477.05,6657
1693929600,7477.05,7490.05,7439.55,7439.55,8425
1693944000,7440.05,7440.05,7426.85,7428.85,2304
1693958400,7435.35,7438.35,7423.35,7432.85,674
1693972800,7433.6,7438.35,7415.6,7416.6,1539
1693987200,7415.85,7423.05,7376.05,7387.05,6677
1694001600,7387.55,7423.05,7381.55,7421.05,5815
1694016000,7421.05,7457.55,7413.35,7414.35,7366
1694030400,7414.35,7434.8,7408.55,7432.52,3106
1694044800,7427.25,7436.25,7423.75,7429.25,721
1694059200,7429.25,7435.75,7412.25,7413.5,1766
1694073600,7413.25,7444.95,7390.45,7442.95,7403
1694088000,7442.95,7466.45,7432.45,7441.45,6929
1694102400,7441.45,7469.95,7429.95,7447.95,7933
1694116800,7447.95,7451.95,7441.95,7449.75,2777
1694131200,7447.85,7452.6,7436.6,7443.85,944
1694145600,7443.6,7448.1,7437.6,7441.1,1484
1694160000,7441.1,7473.55,7413.05,7418.05,7196
1694174400,7418.05,7461.05,7406.55,7452.55,7962
1694188800,7452.55,7498.05,7447.05,7494.55,7616
1694203200,7495.05,7498.35,7486.05,7492.37,2876
1694390400,7488.55,7502.05,7486.55,7490.55,1284
1694404800,7490.55,7502.05,7485.55,7501.55,2349
1694419200,7501.55,7560.25,7498.3,7504.75,7911
1694433600,7504.25,7518.25,7479.75,7487.25,6227
1694448000,7487.25,7525.75,7475.25,7524.75,7434
1694462400,7524.75,7528.25,7515.38,7515.38,2078
1694476800,7512.55,7521.05,7510.55,7512.55,583
1694491200,7511.05,7521.55,7508.55,7517.55,1043
1694505600,7517.55,7561.75,7509.55,7537.25,7232
1694520000,7537.25,7554.75,7526.75,7542.75,6433
1694534400,7542.25,7553.25,7524.75,7550.25,7388
1694548800,7550.25,7559.25,7523.55,7527.46,3309
1694563200,7527.15,7538.15,7524.65,7528.4,976
1694577600,7528.9,7532.65,7499.65,7512.15,2680
1694592000,7512.15,7551.35,7503.4,7513.35,8099
1694606400,7513.35,7539.85,7498.35,7535.35,8476
1694620800,7535.85,7555.85,7523.35,7531.35,8545
1694635200,7531.35,7534.35,7518.35,7533.44,2940
1694649600,7529.75,7548.25,7529.25,7547.25,907
1694664000,7547.5,7560.5,7540.5,7557.0,2254
1694678400,7557.0,7571.45,7540.95,7564.45,6952
1694692800,7564.45,7631.45,7558.95,7629.15,8932
1694707200,7629.15,7702.95,7620.95,7698.45,6636
1694721600,7698.45,7720.81,7697.45,7712.25,1434
1694736000,7706.95,7721.95,7705.45,7720.45,1033
1694750400,7720.7,7733.7,7710.95,7729.95,2435
1694764800,7729.7,7755.15,7723.45,7750.65,8600
1694779200,7751.15,7757.65,7724.65,7733.65,5570
1694793600,7733.65,7752.15,7718.15,7722.15,8969
1694808000,7722.15,7722.65,7704.95,7708.77,3156
1694995200,7712.65,7724.55,7710.15,7713.4,900
1695009600,7713.9,7724.9,7707.65,7720.65,1716
1695024000,7720.9,7732.85,7706.85,7711.45,6772
1695038400,7711.45,7713.45,7681.95,7687.95,6928
1695052800,7687.95,7690.45,7650.95,7669.95,8682
1695067200,7669.95,7676.69,7660.95,7672.87,2371
1695081600,7671.05,7683.55,7670.55,7679.3,861
1695096000,7679.3,7680.3,7667.05,7669.05,1811
1695110400,7668.55,7693.75,7652.25,7682.25,6718
1695124800,7682.25,7684.75,7659.25,7665.25,5896
1695139200,7665.25,7685.75,7651.75,7660.25,8006
1695153600,7660.25,7678.75,7657.75,7666.55,3033
1695168000,7669.35,7673.25,7656.6,7660.35,707
1695182400,7660.35,7660.85,7646.35,7648.85,1637
1695196800,7648.85,7725.55,7646.6,7719.55,8404
1695211200,7719.55,7737.05,7711.55,7735.05,5729
1695225600,7735.55,7751.55,7729.05,7744.05,6929
1695240000,7743.55,7747.05,7703.82,7706.36,5799
1695254400,7716.86,7717.86,7685.85,7687.1,1517
1695268800,7686.35,7690.35,7668.85,7675.35,3131
1695283200,7675.35,7710.55,7666.6,7694.55,8746
1695297600,7694.55,7751.55,7679.55,7719.55,9591
1695312000,7719.55,7737.05,7673.05,7676.55,10011
1695326400,7676.55,7688.55,7638.85,7639.35,4714
1695340800,7645.15,7651.65,7630.0,7651.15,1362
1695355200,7651.15,7674.4,7646.15,7670.65,3534
1695369600,7670.65,7715.35,7642.85,7707.85,9270
1695384000,7707.85,7741.35,7703.35,7723.85,7925
1695398400,7724.85,7727.85,7670.35,7682.75,9723
1695412800,7682.75,7684.25,7661.25,7667.66,4300
1695600000,7673.95,7680.85,7660.95,7671.95,1155
1695614400,7671.7,7676.95,7665.2,7674.2,1911
1695628800,7673.95,7692.15,7623.65,7628.15,7702
1695643200,7628.15,7653.65,7607.15,7610.15,9115
1695657600,7610.15,7644.65,7586.15,7638.15,10385
1695672000,7638.15,7644.65,7628.65,7638.49,4076
1695686400,7633.05,7644.95,7622.55,7625.05,941
1695700800,7625.05,7630.55,7617.05,7625.55,2325
1695715200,7625.55,7650.55,7595.75,7642.75,9665
1695729600,7643.25,7650.25,7618.25,7643.75,8087
1695744000,7643.75,7664.25,7616.25,7621.25,9922
1695758400,7620.75,7623.75,7599.75,7606.86,4601
1695772800,7609.55,7616.55,7604.05,7609.55,1122
1695787200,7609.3,7626.55,7607.3,7626.05,2479
1695801600,7625.8,7652.75,7617.75,7634.25,8114
1695816000,7634.25,7639.25,7601.25,7630.75,8345
1695830400,7630.75,7641.75,7581.25,7583.75,10322
1695844800,7583.75,7607.45,7565.75,7606.45,5849
1695859200,7595.35,7611.6,7587.85,7609.1,1235
1695873600,7609.1,7618.35,7589.85,7601.6,2972
1695888000,7601.6,7619.35,7530.05,7546.85,9987
1695902400,7546.35,7588.55,7524.05,7571.05,10945
1695916800,7571.05,7625.05,7556.55,7614.55,12139
1695931200,7615.05,7625.17,7600.25,7614.35,5971
1695945600,7617.85,7619.85,7590.25,7591.25,968
1695960000,7591.0,7621.25,7590.75,7612.5,2271
1695974400,7612.75,7670.45,7606.75,7657.45,8950
1695988800,7658.45,7678.95,7643.95,7653.45,9031
1696003200,7653.45,7656.95,7594.45,7596.45,11906
1696017600,7596.45,7599.45,7577.45,7590.75,7091
1696204800,7599.45,7636.7,7595.08,7627.95,2167
1696219200,7628.7,7635.95,7616.95,7617.95,1864
1696233600,7618.45,7635.65,7601.15,7605.15,7511
1696248000,7604.65,7605.15,7567.15,7571.65,8774
1696262400,7571.65,7574.15,7493.15,7498.15,14742
1696276800,7498.15,7515.24,7490.15,7512.45,6762
1696291200,7510.05,7519.55,7498.8,7516.05,1400
1696305600,7515.8,7516.55,7494.05,7494.05,3131
1696320000,7494.05,7548.55,7481.55,7548.55,9421
1696334400,7548.05,7551.05,7483.55,7491.05,9703
1696348800,7491.05,7517.05,7467.55,7482.55,12937
1696363200,7482.55,7488.55,7462.05,7471.35,5379
1696377600,7468.15,7487.4,7467.15,7474.15,1639
1696392000,7474.65,7476.15,7453.9,7470.65,3779
1696406400,7470.9,7488.35,7435.85,7476.85,11008
1696420800,7477.35,7494.35,7451.85,7461.85,10311
1696435200,7461.85,7467.85,7385.35,7424.85,13473
1696449600,7424.85,7434.35,7403.35,7420.15,6034
1696464000,7423.85,7431.6,7412.6,7431.1,1146
1696478400,7431.35,7452.6,7429.85,7447.85,2372
1696492800,7447.85,7453.55,7408.05,7415.05,8840
1696507200,7415.05,7466.55,7409.05,7452.05,8858
1696521600,7451.55,7491.55,7443.05,7444.55,12351
1696536000,7444.55,7469.05,7440.05,7459.34,5679
1696550400,7460.85,7474.35,7448.75,7473.1,1019
1696564800,7473.35,7485.1,7470.35,7478.85,2428
1696579200,7478.6,7489.05,7464.55,7470.55,7936
1696593600,7470.55,7495.05,7451.55,7462.55,9655
1696608000,7461.55,7523.55,7423.55,7512.55,14905
1696622400,7512.05,7535.35,7512.05,7524.34,4441
1696809600,7486.45,7508.45,7475.95,7497.95,3797
1696824000,7497.95,7502.45,7491.45,7496.7,2755
1696838400,7496.45,7538.15,7472.65,7537.65,12163
1696852800,7537.65,7544.65,7494.15,7497.65,9252
1696867200,7497.65,7526.75,7481.25,7494.75,12583
1696881600,7494.75,7537.75,7492.25,7522.55,5053
1696896000,7521.65,7549.4,7521.15,7546.4,1085
1696910400,7546.15,7556.15,7546.15,7553.15,2651
1696924800,7553.4,7620.85,7542.85,7614.85,11970
1696939200,7614.85,7625.85,7600.35,7617.85,9360
1696953600,7617.85,7648.35,7609.85,7638.35,12675
1696968000,7638.35,7638.85,7618.6,7620.65,6827
1696982400,7621.55,7629.3,7616.3,7616.3,1515
1696996800,7616.05,7630.8,7615.55,7623.05,2458
1697011200,7622.8,7655.85,7612.85,7641.35,10181
1697025600,7641.35,7654.85,7628.85,7649.65,9845
1697040000,7649.15,7658.35,7615.35,7618.85,13447
1697054400,7618.85,7650.15,7613.85,7641.01,4479
1697068800,7632.85,7653.1,7630.85,7648.85,1024
1697083200,7648.85,7661.35,7646.85,7659.6,2141
1697097600,7659.6,7688.05,7644.55,7688.05,7878
1697112000,7688.05,7692.05,7665.55,7666.05,8438
1697126400,7666.05,7671.55,7636.05,7650.05,13127
1697140800,7650.05,7650.05,7606.05,7639.35,7755
1697155200,7636.65,7655.15,7635.65,7653.15,1620
1697169600,7652.9,7657.65,7640.65,7640.65,2610
1697184000,7640.9,7664.35,7625.85,7630.35,8103
1697198400,7630.35,7641.35,7594.35,7639.85,11829
1697212800,7639.85,7653.35,7592.25,7613.45,10837
1697227200,7613.45,7624.45,7598.45,7603.73,6241
1697414400,7624.55,7640.3,7617.49,7633.3,2124
1697428800,7633.3,7638.05,7623.55,7630.3,2603
1697443200,7630.3,7640.75,7587.75,7618.75,7499
1697457600,7618.75,7643.25,7615.25,7636.75,6164
1697472000,7636.75,7656.25,7612.25,7638.25,7581
1697486400,7638.25,7649.93,7623.25,7647.43,4016
1697500800,7648.55,7652.55,7638.55,7649.05,1276
1697515200,7648.8,7648.8,7634.05,7635.3,2061
1697529600,7635.05,7680.75,7624.25,7655.75,5980
1697544000,7655.25,7675.75,7647.25,7653.25,7418
1697558400,7653.25,7706.25,7638.75,7656.75,11185
1697572800,7656.75,7686.95,7654.25,7681.01,4444
1697587200,7676.15,7679.15,7665.9,7666.9,1193
1697601600,7667.15,7694.4,7665.4,7687.9,2814
1697616000,7687.9,7705.35,7630.05,7684.55,9009
1697630400,7684.55,7685.55,7612.05,7613.05,9782
1697644800,7613.55,7636.05,7570.85,7572.35,12638
1697659200,7572.35,7592.35,7567.35,7584.15,6630
1697673600,7576.45,7584.95,7570.95,7583.95,1659
1697688000,7584.2,7590.7,7554.2,7563.95,2649
1697702400,7564.2,7567.95,7487.15,7498.65,10221
1697716800,7499.15,7540.15,7496.15,7510.65,8300
1697731200,7511.15,7527.65,7483.65,7510.65,13510
1697745600,7511.15,7521.15,7466.45,7475.95,8389
1697760000,7471.65,7477.15,7464.65,7473.15,1376
1697774400,7473.15,7484.65,7464.65,7478.65,1832
1697788800,7478.15,7489.85,7445.35,7469.35,8076
1697803200,7469.35,7473.35,7406.35,7410.85,8332
1697817600,7410.85,7437.85,7393.35,7419.35,10669
1697832000,7419.35,7419.85,7370.22,7372.72,6885
1698019200,7382.95,7409.7,7381.45,7401.45,1362
1698033600,7401.95,7404.95,7395.45,7401.95,1344
1698048000,7401.95,7413.15,7357.15,7386.15,7896
1698062400,7386.65,7387.15,7340.65,7373.15,8460
1698076800,7372.65,7390.15,7349.15,7390.15,10956
1698091200,7390.15,7391.65,7345.95,7357.46,6130
1698105600,7352.15,7369.15,7351.15,7355.15,1295
1698120000,7355.9,7365.65,7345.4,7365.65,2269
1698134400,7365.65,7383.85,7325.85,7355.85,7731
1698148800,7355.35,7381.25,7353.1,7375.75,7268
1698163200,7375.75,7409.75,7359.25,7384.25,11156
1698177600,7384.25,7415.07,7383.25,7399.05,5820
1698192000,7394.05,7406.05,7386.05,7399.05,1620
1698206400,7399.05,7408.05,7395.3,7399.55,1601
1698220800,7399.55,7404.25,7371.25,7400.25,6957
1698235200,7400.25,7424.25,7383.25,7398.75,7060
1698249600,7398.75,7433.75,7376.25,7404.25,11784
1698264000,7404.25,7415.21,7393.13,7400.42,7464
1698278400,7379.95,7396.45,7373.95,7376.45,1977
1698292800,7376.45,7383.45,7367.95,7379.45,1750
1698307200,7379.45,7401.15,7348.05,7352.55,8881
1698321600,7352.55,7397.25,7344.65,7394.25,8884
1698336000,7394.25,7399.75,7334.65,7334.65,14049
1698350400,7334.65,7362.65,7326.15,7340.95,7983
1698364800,7354.55,7365.8,7353.05,7360.55,1568
1698379200,7360.55,7376.05,7357.8,7374.05,1907
1698393600,7373.55,7383.75,7339.25,7380.25,7830
1698408000,7380.25,7383.75,7322.75,7349.75,8435
1698422400,7349.75,7365.25,7280.25,7282.75,13729
1698436800,7283.25,7286.25,7259.25,7270.55,7476
1698624000,7281.15,7294.55,7279.15,7294.55,1738
1698638400,7298.55,7311.15,7297.9,7303.15,2084
1698652800,7303.4,7366.35,7301.65,7348.85,5673
1698667200,7349.35,7361.85,7340.85,7352.85,7285
1698681600,7352.85,7365.35,7314.85,7328.85,11659
1698696000,7329.35,7349.85,7326.85,7337.85,4958
1698710400,7335.75,7337.75,7327.24,7334.15,991
1698724800,7334.65,7341.0,7319.0,7324.25,2585
1698739200,7324.0,7358.45,7320.25,7357.95,5049
1698753600,7357.95,7379.95,7351.45,7353.95,7693
1698768000,7353.45,7355.95,7312.95,7331.45,13427
1698782400,7331.45,7337.45,7318.95,7331.25,4954
1698796800,7328.47,7331.65,7321.65,7324.65,942
1698811200,7325.55,7340.9,7325.55,7338.15,2104
1698825600,7338.15,7365.35,7323.85,7328.85,5435
1698840000,7328.85,7357.35,7309.35,7353.85,7592
1698854400,7353.85,7391.85,7333.85,7348.35,12243
1698868800,7348.35,7374.85,7343.35,7372.35,7652
1698883200,7367.95,7384.85,7366.95,7384.85,1145
1698897600,7385.85,7394.45,7379.95,7382.95,1563
1698912000,7382.95,7440.65,7376.2,7436.65,5120
1698926400,7436.65,7452.65,7423.15,7439.65,8431
1698940800,7440.15,7475.65,7437.15,7454.15,10615
1698955200,7454.65,7477.15,7452.15,7473.65,3777
1698969600,7473.13,7478.33,7465.95,7467.35,810
1698984000,7471.35,7484.7,7466.95,7481.45,1423
1698998400,7481.2,7489.15,7461.65,7482.15,4470
1699012800,7481.65,7482.15,7434.65,7439.65,7698
1699027200,7440.15,7451.65,7399.15,7415.15,12024
1699041600,7415.15,7420.15,7400.15,7404.15,4174
1699228800,7411.15,7420.9,7401.15,7420.65,1713
1699243200,7420.65,7424.9,7417.4,7420.4,1766
1699257600,7420.15,7440.05,7411.65,7425.05,5945
1699272000,7425.55,7450.55,7410.05,7450.55,5850
1699286400,7450.55,7456.55,7421.55,7428.55,8317
1699300800,7428.55,7436.75,7417.55,7425.35,3442
1699315200,7423.05,7433.3,7418.55,7429.3,1281
1699329600,7429.3,7429.55,7416.55,7420.05,1511
1699344000,7420.05,7435.75,7403.25,7411.25,6481
1699358400,7410.75,7437.25,7410.75,7432.75,5755
1699372800,7432.75,7439.25,7412.25,7415.25,8397
1699387200,7415.25,7424.25,7405.55,7406.05,3288
1699401600,7406.55,7416.05,7405.55,7410.05,1195
1699416000,7410.05,7414.05,7395.05,7398.05,1728
1699430400,7397.05,7435.75,7389.95,7408.25,6282
1699444800,7407.75,7430.75,7400.25,7421.75,6204
1699459200,7421.75,7450.75,7388.75,7392.75,9820
1699473600,7392.75,7409.75,7388.25,7394.55,3236
1699488000,7378.75,7397.75,7378.75,7392.75,1120
1699502400,7392.5,7398.0,7387.25,7390.25,1355
1699516800,7390.25,7414.95,7370.95,7403.95,5667
1699531200,7403.95,7465.45,7400.95,7449.95,5674
1699545600,7450.45,7472.45,7441.95,7462.95,8823
1699560000,7462.95,7463.45,7425.45,7431.75,6036
1699574400,7428.05,7429.05,7405.05,7409.55,1523
1699588800,7409.55,7412.05,7398.55,7405.55,1721
1699603200,7405.55,7426.75,7375.75,7400.75,6651
1699617600,7400.75,7401.25,7353.25,7366.25,6790
1699632000,7365.75,7394.75,7322.25,7394.25,9450
1699646400,7393.75,7412.75,7388.75,7394.55,3160
1699833600,7391.85,7393.35,7375.35,7379.85,1351
1699848000,7380.1,7382.6,7363.35,7372.35,1133
1699862400,7373.1,7428.55,7372.1,7419.05,6779
1699876800,7418.55,7422.55,7396.55,7402.05,6763
1699891200,7402.05,7442.05,7393.55,7429.55,8298
1699905600,7430.05,7439.55,7427.55,7435.7,2724
1699920000,7428.95,7436.95,7425.95,7434.45,760
1699934400,7434.45,7435.45,7417.45,7424.95,1203
1699948800,7424.95,7442.65,7409.65,7416.65,6234
1699963200,7416.65,7452.15,7391.65,7443.65,8382
1699977600,7443.15,7462.75,7428.25,7428.25,10046
1699992000,7428.25,7444.25,7426.75,7436.05,2780
1700006400,7443.05,7444.55,7433.55,7438.8,1268
1700020800,7438.8,7459.3,7437.05,7454.05,1634
1700035200,7454.05,7543.75,7453.55,7507.25,8502
1700049600,7507.25,7542.75,7502.25,7516.75,7714
1700064000,7517.25,7519.25,7487.25,7499.25,8686
1700078400,7498.75,7500.75,7479.44,7481.55,3262
1700092800,7472.16,7484.15,7467.9,7467.9,1371
1700107200,7467.9,7471.15,7458.15,7470.15,2271
1700121600,7470.4,7499.85,7455.85,7461.35,7168
1700136000,7461.35,7470.85,7440.85,7442.35,6588
1700150400,7442.35,7443.35,7407.85,7415.85,8558
1700164800,7415.85,7439.01,7410.85,7438.01,3364
1700179200,7432.75,7434.75,7428.25,7429.75,1088
1700193600,7430.0,7440.75,7429.75,7434.0,1354
1700208000,7434.0,7487.95,7428.75,7479.45,6489
1700222400,7479.45,7496.45,7464.95,7490.95,7291
1700236800,7490.95,7521.45,7485.95,7516.95,7944
1700251200,7516.95,7521.95,7507.25,7507.75,2377
1700438400,7516.45,7518.35,7504.7,7508.95,1641
1700452800,7508.95,7516.2,7506.7,7508.45,1709
1700467200,7508.45,7508.45,7478.65,7492.15,6835
1700481600,7492.65,7508.95,7481.65,7495.15,5652
1700496000,7495.15,7514.65,7483.15,7502.15,6664
1700510400,7502.65,7513.65,7493.45,7497.45,2715
1700524800,7501.05,7509.05,7500.45,7505.8,1051
1700539200,7505.8,7509.05,7498.55,7503.8,1416
1700553600,7503.8,7505.55,7461.55,7462.55,5576
1700568000,7462.55,7473.05,7453.55,7460.05,5606
1700582400,7460.05,7499.15,7460.05,7487.35,7097
1700596800,7487.35,7495.35,7473.64,7484.66,3293
1700611200,7484.75,7502.0,7481.25,7498.75,1060
1700625600,7499.0,7505.75,7494.0,7496.25,1438
1700640000,7496.25,7517.45,7478.95,7484.45,4802
1700654400,7483.95,7492.95,7470.95,7485.45,4559
1700668800,7485.95,7488.95,7459.95,7476.75,8704
1700683200,7476.75,7491.25,7473.05,7475.75,2215
1700697600,7468.95,7486.7,7466.45,7485.2,879
1700712000,7485.2,7485.95,7473.45,7479.45,930
1700726400,7480.45,7503.15,7468.35,7468.85,4861
1700740800,7468.85,7479.65,7455.95,7475.55,4830
1700755200,7475.55,7501.05,7474.05,7491.55,3259
1700769600,7491.55,7492.55,7484.55,7489.75,464
1700784000,7489.45,7500.35,7487.2,7491.2,1035
1700798400,7491.2,7493.7,7476.45,7478.45,1186
1700812800,7478.45,7482.65,7457.65,7472.15,5164
1700827200,7472.15,7488.65,7458.45,7475.45,4716
1700841600,7475.45,7509.75,7463.95,7508.25,3920
1700856000,7508.25,7512.25,7502.25,7502.45,845
1701043200,7498.75,7507.25,7493.75,7497.75,1208
1701057600,7498.0,7498.0,7479.0,7479.25,1455
1701072000,7479.25,7494.95,7463.95,7464.45,4918
1701086400,7464.45,7493.25,7464.45,7484.95,4753
1701100800,7485.45,7489.95,7468.45,7475.95,6072
1701115200,7475.95,7475.95,7464.75,7469.25,2120
1701129600,7472.85,7477.35,7468.35,7475.85,850
1701144000,7475.85,7477.85,7467.35,7468.35,812
1701158400,7468.6,7475.35,7414.55,7442.05,6341
1701172800,7442.55,7454.55,7431.55,7446.55,5215
1701187200,7446.55,7474.55,7442.55,7454.05,7723
1701201600,7454.05,7455.55,7444.55,7451.85,3181
1701216000,7450.35,7464.85,7450.35,7459.35,1086
1701230400,7459.35,7461.6,7448.85,7451.35,1236
1701244800,7451.35,7465.05,7420.05,7457.55,5973
1701259200,7457.55,7471.55,7451.05,7458.55,5590
1701273600,7458.55,7459.55,7429.05,7444.05,7640
1701288000,7444.05,7447.55,7433.35,7437.35,2738
1701302400,7436.95,7440.35,7430.45,7432.7,1003
1701316800,7432.7,7452.2,7431.95,7445.95,1480
1701331200,7445.95,7465.15,7395.65,7464.65,6430
1701345600,7464.65,7509.65,7462.65,7503.65,6633
1701360000,7503.65,7504.15,7453.15,7468.65,9774
1701374400,7468.65,7485.15,7464.65,7473.45,3509
1701388800,7474.05,7486.05,7473.45,7483.55,925
1701403200,7483.8,7503.3,7483.3,7498.55,1599
1701417600,7498.05,7538.75,7489.25,7514.25,7341
1701432000,7514.75,7528.75,7499.25,7501.25,6556
1701446400,7501.25,7555.25,7489.75,7554.25,9769
1701460800,7554.25,7555.75,7533.05,7540.05,3933
1701648000,7537.75,7552.75,7526.75,7542.75,1605
1701662400,7542.5,7545.0,7536.25,7536.75,1349
1701676800,7536.75,7538.0,7488.95,7512.45,7201
1701691200,7512.45,7529.95,7502.45,7507.95,6934
1701705600,7508.95,7548.95,7506.95,7537.45,8434
1701720000,7537.95,7537.95,7517.75,7518.25,3341
1701734400,7515.95,7519.1,7501.34,7516.35,1098
1701748800,7516.35,7516.85,7508.6,7511.85,1488
1701763200,7511.85,7515.05,7474.55,7503.55,6743
1701777600,7503.55,7503.55,7472.05,7485.05,7049
1701792000,7485.05,7512.55,7479.05,7505.55,9195
1701806400,7505.55,7507.55,7489.97,7490.47,3261
1701820800,7489.05,7522.95,7480.88,7522.45,1107
1701835200,7522.45,7531.95,7521.2,7530.2,1318
1701849600,7530.2,7541.65,7499.65,7535.15,6611
1701864000,7535.15,7548.15,7522.65,7541.65,6877
1701878400,7542.15,7558.65,7518.15,7521.15,8546
1701892800,7521.15,7530.65,7508.45,7510.45,2791
1701907200,7510.15,7514.55,7501.15,7502.15,1281
1701921600,7501.9,7506.9,7497.15,7498.15,1427
1701936000,7498.15,7514.35,7489.85,7513.85,6831
1701950400,7513.85,7531.85,7506.35,7529.85,6501
1701964800,7529.85,7537.35,7504.85,7525.75,8212
1701979200,7525.75,7537.75,7522.05,7523.55,2944
1701993600,7526.85,7540.35,7524.35,7536.35,1134
1702008000,7536.6,7547.6,7535.85,7545.35,1422
1702022400,7545.6,7570.05,7522.05,7565.55,6140
1702036800,7565.55,7572.55,7532.05,7555.05,7042
1702051200,7555.55,7596.05,7550.55,7565.55,8116
1702065600,7565.55,7578.55,7563.55,7573.35,2883
1702252800,7573.15,7587.45,7569.15,7572.65,1449
1702267200,7572.4,7573.9,7564.4,7573.65,1161
1702281600,7573.9,7577.9,7538.85,7540.85,5879
1702296000,7541.35,7548.85,7506.85,7529.65,5200
1702310400,7530.15,7574.35,7527.15,7569.85,6627
1702324800,7569.35,7571.35,7563.15,7566.15,1901
1702339200,7561.75,7576.25,7560.25,7573.25,1062
1702353600,7573.25,7577.5,7572.25,7574.75,952
1702368000,7574.75,7626.75,7573.75,7616.75,5536
1702382400,7616.75,7617.75,7566.75,7570.75,6382
1702396800,7571.25,7579.75,7558.75,7558.75,6500
1702411200,7558.75,7574.75,7558.75,7571.55,1937
1702425600,7573.15,7583.9,7570.65,7577.15,849
1702440000,7577.4,7582.15,7567.65,7568.4,966
1702454400,7568.4,7590.35,7560.4,7587.35,5486
1702468800,7586.85,7596.95,7573.35,7596.45,5468
1702483200,7596.45,7604.45,7561.45,7569.95,6780
1702497600,7569.95,7618.45,7561.45,7611.76,5411
1702512000,7614.15,7636.55,7614.15,7631.65,1301
1702526400,7631.65,7642.65,7628.65,7639.15,1275
1702540800,7639.15,7740.85,7634.85,7710.85,9596
1702555200,7710.85,7746.35,7684.35,7693.85,8671
1702569600,7693.85,7693.85,7626.85,7670.35,9525
1702584000,7669.85,7670.35,7653.65,7656.65,2687
1702598400,7655.15,7672.9,7653.15,7670.65,1075
1702612800,7670.65,7687.4,7670.65,7684.15,1352
1702627200,7683.15,7690.85,7658.85,7661.85,5875
1702641600,7661.85,7672.85,7601.35,7602.85,8350
1702656000,7603.85,7611.35,7587.85,7592.35,9951
1702670400,7592.35,7601.85,7567.85,7575.16,3791
1702857600,7581.75,7589.25,7572.75,7580.5,1154
1702872000,7580.25,7590.25,7579.0,7589.25,898
1702886400,7589.5,7644.95,7577.45,7634.45,5701
1702900800,7633.95,7652.95,7621.95,7645.95,6447
1702915200,7645.95,7651.95,7617.45,7640.45,7698
1702929600,7640.95,7648.95,7631.74,7634.25,2731
1702944000,7635.15,7641.55,7632.9,7638.9,777
1702958400,7638.9,7647.9,7637.4,7642.4,1300
1702972800,7642.4,7662.85,7632.35,7648.35,5202
1702987200,7648.35,7652.85,7624.85,7640.35,5370
1703001600,7640.35,7669.85,7636.85,7668.85,6204
1703016000,7668.85,7679.35,7664.85,7669.15,2526
1703030400,7669.85,7684.1,7669.35,7682.85,831
1703044800,7682.85,7692.6,7679.6,7688.35,1019
1703059200,7687.85,7792.05,7687.35,7716.05,8001
1703073600,7715.55,7740.55,7701.55,7734.05,5359
1703088000,7735.05,7756.05,7715.55,7754.55,7389
1703102400,7754.05,7754.05,7675.35,7692.35,5612
1703116800,7693.75,7700.75,7680.0,7684.75,993
1703131200,7684.75,7701.0,7684.75,7699.25,932
1703145600,7699.25,7734.45,7694.95,7717.95,5379
1703160000,7717.95,7718.45,7687.45,7704.45,5882
1703174400,7704.95,7724.95,7694.95,7696.45,8939
1703188800,7696.45,7723.45,7690.45,7719.75,4242
1703203200,7714.35,7720.35,7706.85,7711.1,1071
1703217600,7711.1,7714.1,7694.35,7694.35,1173
1703232000,7694.35,7731.05,7680.85,7723.05,5155
1703246400,7722.55,7736.55,7708.55,7715.05,3667
1703635200,7742.15,7754.25,7735.0,7753.25,559
1703649600,7753.25,7763.25,7749.25,7761.75,858
1703664000,7761.75,7786.95,7735.95,7767.45,5825
1703678400,7767.45,7776.95,7756.45,7756.95,5110
1703692800,7757.45,7762.95,7733.45,7754.95,6935
1703707200,7754.95,7762.45,7743.95,7747.91,3737
1703721600,7749.25,7776.75,7746.75,7776.25,824
1703736000,7776.25,7783.25,7774.25,7779.75,1360
1703750400,7779.75,7780.25,7735.45,7738.45,4576
1703764800,7738.45,7755.95,7726.95,7749.95,5293
1703779200,7750.45,7760.45,7740.95,7748.95,6808
1703793600,7748.95,7757.95,7736.95,7738.25,3375
1703808000,7739.95,7756.7,7736.85,7753.95,791
1703822400,7753.7,7759.7,7749.95,7751.95,818
1703836800,7751.95,7767.15,7741.15,7761.15,4234
1703851200,7761.15,7763.15,7744.65,7755.65,3735
1704153600,7764.55,7773.65,7755.55,7763.15,432
1704168000,7763.4,7773.9,7760.15,7767.9,793
1704182400,7767.9,7790.85,7744.35,7753.35,5793
1704196800,7753.85,7758.85,7707.35,7719.85,8510
1704211200,7721.35,7760.35,7706.85,7757.85,9580
1704225600,7757.85,7758.85,7721.85,7731.24,4179
1704240000,7728.65,7735.05,7721.55,7730.15,941
1704254400,7729.9,7734.65,7710.9,7717.65,1304
1704268800,7717.4,7765.35,7709.85,7709.85,6943
1704283200,7709.85,7710.35,7665.85,7687.35,8450
1704297600,7687.35,7716.85,7678.35,7715.35,10353
1704312000,7715.35,7722.85,7705.14,7709.14,5158
1704326400,7713.55,7714.05,7702.05,7707.55,975
1704340800,7707.55,7710.05,7701.55,7703.55,903
1704355200,7703.05,7734.25,7690.0,7706.75,6324
1704369600,7706.75,7719.75,7694.25,7705.25,7163
1704384000,7705.25,7743.75,7704.25,7726.25,7749
1704398400,7726.25,7728.75,7710.55,7718.05,3746
1704412800,7722.35,7724.85,7710.35,7715.35,885
1704427200,7715.35,7715.35,7700.85,7701.85,976
1704441600,7701.85,7705.85,7663.55,7670.55,6492
1704456000,7671.05,7691.55,7655.05,7685.55,8013
1704470400,7685.55,7719.55,7684.05,7686.05,10267
1704484800,7686.05,7698.05,7680.55,7681.35,4474
1704672000,7684.75,7712.75,7678.25,7698.25,1048
1704686400,7697.75,7698.75,7684.5,7685.25,986
1704700800,7685.5,7696.45,7650.95,7679.95,6829
1704715200,7679.45,7703.95,7668.45,7694.45,6599
1704729600,7694.45,7720.95,7686.45,7720.45,7244
1704744000,7720.45,7742.45,7717.45,7728.01,3119
1704758400,7728.85,7740.35,7724.85,7734.35,846
1704772800,7734.35,7738.6,7729.1,7731.1,1285
1704787200,7731.1,7738.1,7695.55,7714.55,5585
1704801600,7714.55,7722.05,7696.55,7710.05,7150
1704816000,7710.05,7715.05,7693.05,7700.55,7955
1704830400,7700.55,7706.05,7686.35,7688.85,4443
1704844800,7683.75,7699.75,7681.25,7694.25,923
1704859200,7694.0,7694.75,7682.75,7684.75,1448
1704873600,7684.75,7701.95,7672.95,7697.45,6182
1704888000,7697.95,7697.95,7671.95,7679.95,7076
1704902400,7679.95,7687.95,7663.95,7668.45,7643
1704916800,7668.45,7678.95,7664.95,7676.25,3164
1704931200,7667.75,7687.25,7666.25,7685.25,902
1704945600,7685.25,7698.5,7684.75,7694.75,1029
1704960000,7694.25,7713.45,7669.45,7678.45,6218
1704974400,7678.45,7683.95,7646.45,7646.95,8520
1704988800,7647.45,7677.45,7589.45,7599.95,11848
1705003200,7599.45,7614.95,7598.95,7605.25,4380
1705017600,7604.85,7624.85,7602.85,7623.85,1371
1705032000,7624.1,7628.35,7616.1,7623.35,1399
1705046400,7623.6,7670.85,7620.05,7645.55,6651
1705060800,7645.55,7658.05,7623.05,7657.55,7903
1705075200,7657.55,7674.05,7633.55,7641.55,9312
1705089600,7642.05,7651.55,7636.23,7638.7,3897
1705276800,7634.65,7656.55,7633.15,7650.4,1203
1705291200,7650.4,7659.65,7650.4,7654.15,1253
1705305600,7654.15,7663.35,7616.85,7634.35,4986
1705320000,7634.35,7638.35,7603.85,7604.85,4794
1705334400,7604.85,7615.35,7596.35,7611.35,3375
1705348800,7611.35,7616.85,7609.15,7610.65,390
1705363200,7607.85,7609.88,7584.1,7601.1,1526
1705377600,7601.1,7605.35,7585.6,7586.35,1490
1705392000,7586.35,7592.55,7554.55,7574.55,6949
1705406400,7574.55,7598.05,7566.55,7576.05,5967
1705420800,7576.05,7590.55,7556.05,7556.55,9494
1705435200,7556.55,7566.05,7548.55,7554.79,4042
1705449600,7557.25,7559.75,7537.0,7541.75,1168
1705464000,7541.75,7543.25,7514.75,7515.25,1801
1705478400,7515.25,7518.5,7444.45,7454.95,9149
1705492800,7454.95,7468.45,7437.45,7442.95,6711
1705507200,7442.95,7465.45,7419.95,7446.95,8550
1705521600,7446.95,7457.95,7436.45,7446.25,3536
1705536000,7445.75,7459.25,7442.75,7457.25,1225
1705550400,7457.25,7457.5,7440.75,7446.75,1046
1705564800,7446.75,7465.45,7445.75,7463.45,6135
1705579200,7463.45,7486.45,7452.45,7465.45,5840
1705593600,7465.45,7483.45,7459.95,7463.45,8096
1705608000,7463.45,7495.95,7458.45,7493.73,4556
1705622400,7491.25,7499.25,7488.25,7497.25,1150
1705636800,7497.0,7497.75,7487.0,7488.5,1210
1705651200,7488.25,7538.95,7487.25,7513.45,6102
1705665600,7513.95,7516.45,7490.95,7492.95,5563
1705680000,7492.95,7495.95,7464.95,7486.95,8219
1705694400,7486.45,7506.95,7481.95,7501.23,4515
1705881600,7508.45,7526.35,7501.21,7511.45,1479
1705896000,7511.45,7512.2,7500.45,7501.95,1371
1705910400,7501.95,7523.15,7489.15,7491.65,5349
1705924800,7491.65,7497.65,7472.65,7493.15,4739
1705939200,7493.15,7520.65,7486.15,7504.15,7443
1705953600,7504.15,7515.15,7499.15,7506.45,3456
1705968000,7504.85,7519.25,7502.84,7513.35,1067
1705982400,7513.35,7521.6,7510.6,7521.6,1692
1705996800,7521.35,7545.55,7493.55,7495.55,5910
1706011200,7495.55,7516.05,7483.55,7502.05,5608
1706025600,7502.05,7526.55,7497.25,7518.55,6439
1706040000,7519.05,7525.85,7514.05,7524.85,3354
1706054400,7523.35,7534.25,7516.35,7520.35,1016
1706068800,7520.6,7528.85,7515.85,7526.85,1350
1706083200,7527.1,7556.55,7515.05,7524.55,7216
1706097600,7524.55,7539.05,7513.55,7535.55,5716
1706112000,7534.55,7558.55,7533.05,7551.55,6584
1706126400,7552.05,7552.05,7518.38,7537.27,5230
1706140800,7534.35,7539.75,7520.85,7527.35,1182
1706155200,7527.35,7532.35,7523.85,7532.1,1345
1706169600,7532.1,7557.05,7523.05,7553.05,5950
1706184000,7553.05,7553.05,7521.05,7544.45,5840
1706198400,7544.45,7560.95,7536.45,7553.95,8378
1706212800,7553.95,7575.25,7552.45,7569.35,4763
1706227200,7562.45,7578.7,7556.95,7578.2,1186
1706241600,7578.2,7587.45,7572.95,7580.45,1218
1706256000,7580.7,7647.15,7570.7,7640.65,6208
1706270400,7640.65,7669.15,7623.65,7664.65,5801
1706284800,7664.65,7668.65,7647.15,7652.15,7537
1706299200,7652.15,7668.15,7649.65,7658.95,3911
1706486400,7651.05,7658.05,7646.05,7653.05,1363
1706500800,7652.8,7655.3,7648.3,7651.05,1314
1706515200,7651.55,7681.25,7646.75,7660.25,4980
1706529600,7660.25,7672.25,7650.25,7654.25,4248
1706544000,7654.25,7663.75,7645.75,7651.75,6129
1706558400,7651.75,7675.75,7649.25,7669.81,2761
1706572800,7671.65,7691.15,7667.65,7689.15,1186
1706587200,7688.9,7693.9,7686.4,7687.4,1393
1706601600,7687.4,7695.85,7657.35,7685.35,5491
1706616000,7685.35,7700.35,7683.35,7691.85,4335
1706630400,7691.85,7700.85,7680.35,7684.85,6516
1706644800,7684.85,7699.35,7676.63,7677.13,4509
1706659200,7674.95,7688.85,7671.95,7681.45,1139
1706673600,7681.2,7695.45,7678.95,7691.95,1364
1706688000,7691.95,7702.65,7661.15,7673.15,4881
1706702400,7673.15,7699.65,7670.15,7698.65,4876
1706716800,7698.65,7704.65,7635.15,7651.15,8914
1706731200,7650.65,7660.65,7618.65,7625.45,8620
1706745600,7629.65,7643.65,7622.65,7629.15,1222
1706760000,7629.15,7641.15,7628.9,7634.15,1098
1706774400,7634.15,7680.85,7614.85,7670.35,6886
1706788800,7669.85,7686.85,7648.85,7656.35,7088
1706803200,7656.35,7667.35,7618.85,7649.35,11271
1706817600,7649.35,7680.53,7638.85,7680.53,7843
1706832000,7671.35,7693.35,7667.35,7692.6,1284
1706846400,7692.6,7697.35,7687.35,7690.35,1306
1706860800,7690.6,7690.6,7654.55,7668.55,6061
1706875200,7668.55,7676.05,7645.05,7646.05,6994
1706889600,7646.05,7657.05,7620.05,7637.05,12404
1706904000,7637.05,7654.05,7635.35,7640.35,6689
1707091200,7645.15,7647.15,7623.65,7639.15,2183
1707105600,7639.15,7643.15,7630.65,7633.15,1731
1707120000,7633.15,7668.85,7632.4,7640.35,5322
1707134400,7640.35,7682.85,7638.85,7639.35,5951
1707148800,7639.85,7646.35,7610.85,7641.35,8131
1707163200,7641.35,7655.35,7634.64,7639.15,4665
1707177600,7642.45,7643.95,7633.95,7640.45,918
1707192000,7640.2,7651.95,7639.7,7648.95,1543
1707206400,7649.2,7708.15,7644.45,7653.65,6213
1707220800,7653.65,7684.65,7648.15,7677.15,5906
1707235200,7677.15,7708.65,7672.15,7704.15,9368
1707249600,7704.15,7715.65,7699.15,7705.95,4513
1707264000,7711.15,7724.65,7708.15,7719.15,1227
1707278400,7719.4,7720.65,7709.4,7713.15,1155
1707292800,7713.15,7715.35,7676.85,7679.85,5455
1707307200,7680.35,7684.85,7656.65,7665.85,5438
1707321600,7665.85,7670.35,7639.85,7647.85,9104
1707336000,7648.35,7657.35,7646.85,7652.11,4685
1707350400,7651.35,7658.35,7648.25,7658.35,739
1707364800,7658.35,7660.6,7640.6,7642.85,1148
1707379200,7642.35,7665.05,7636.05,7664.05,5829
1707393600,7664.05,7664.05,7627.05,7634.55,6546
1707408000,7635.05,7655.05,7602.55,7612.05,8549
1707422400,7612.05,7631.55,7611.55,7621.35,3980
1707436800,7620.05,7624.05,7617.55,7617.55,886
1707451200,7617.55,7619.8,7614.55,7615.55,1144
1707465600,7615.3,7621.3,7599.25,7616.75,5073
1707480000,7617.25,7620.75,7605.25,7611.75,5259
1707494400,7610.75,7617.75,7567.75,7591.25,7727
1707508800,7591.25,7606.75,7590.25,7602.05,2969
1707696000,7598.75,7607.65,7598.25,7602.75,721
1707710400,7602.75,7603.75,7600.25,7601.25,600
1707724800,7601.0,7606.45,7572.95,7577.95,5141
1707739200,7577.95,7587.95,7570.45,7575.95,5082
1707753600,7575.95,7605.45,7575.45,7600.45,7411
1707768000,7600.45,7604.45,7588.02,7591.25,5262
1707782400,7593.75,7600.15,7588.5,7594.25,898
1707796800,7594.25,7598.25,7589.0,7590.25,1069
1707811200,7590.5,7601.45,7568.45,7590.45,5881
1707825600,7590.45,7591.95,7544.45,7547.45,7101
1707840000,7547.45,7547.45,7504.95,7512.45,11173
1707854400,7511.95,7512.45,7477.45,7497.74,5550
1707868800,7496.95,7509.95,7494.45,7505.95,989
1707883200,7505.95,7510.95,7502.45,7507.45,979
1707897600,7507.2,7580.65,7495.05,7579.15,6494
1707912000,7579.15,7606.15,7575.15,7584.65,6461
1707926400,7584.65,7592.65,7563.65,7573.65,9926
1707940800,7573.65,7598.45,7569.15,7595.45,5419
1707955200,7576.65,7588.05,7574.65,7579.65,920
1707969600,7579.9,7589.65,7577.4,7586.15,1379
1707984000,7586.4,7626.35,7581.65,7587.85,5937
1707998400,7587.85,7595.85,7574.35,7591.35,5704
1708012800,7590.35,7625.85,7582.85,7617.85,8633
1708027200,7617.85,7640.15,7616.35,7638.43,3076
1708041600,7634.75,7648.5,7625.16,7647.75,1283
1708056000,7648.0,7666.5,7648.0,7661.0,1948
1708070400,7661.0,7675.95,7639.25,7662.25,6122
1708084800,7661.75,7718.45,7661.75,7717.95,6133
1708099200,7717.45,7736.05,7702.95,7726.55,9962
1708113600,7726.55,7727.05,7702.29,7703.79,6199
1708300800,7710.95,7724.35,7707.95,7709.45,1484
1708315200,7709.45,7716.2,7706.95,7714.95,1085
1708329600,7714.95,7737.65,7714.2,7734.15,6607
1708344000,7733.65,7745.65,7726.65,7742.15,5289
1708358400,7742.15,7753.65,7737.15,7751.15,3999
1708372800,7751.15,7759.65,7750.65,7753.95,529
1708387200,7752.45,7753.45,7735.45,7737.45,1530
1708401600,7737.7,7742.95,7734.95,7740.45,1382
1708416000,7739.95,7752.65,7721.65,7742.65,6465
1708430400,7742.15,7766.65,7736.15,7742.15,6509
1708444800,7742.15,7745.65,7719.65,7728.65,9401
1708459200,7728.65,7737.35,7722.65,7732.45,5058
1708473600,7728.05,7734.55,7725.55,7732.3,1317
1708488000,7732.3,7739.3,7723.8,7725.55,1942
1708502400,7725.55,7742.25,7661.25,7662.25,9010
1708516800,7662.25,7679.25,7659.25,7662.25,8376
1708531200,7662.25,7680.75,7656.25,7672.75,9043
1708545600,7672.75,7695.95,7650.95,7681.83,8356
1708560000,7665.38,7684.25,7663.88,7677.5,1717
1708574400,7677.5,7687.75,7675.75,7681.75,1387
1708588800,7681.5,7714.45,7661.45,7671.95,7885
1708603200,7671.95,7698.45,7669.45,7693.45,6966
1708617600,7693.45,7702.45,7679.95,7697.45,10054
1708632000,7697.45,7711.45,7694.95,7700.25,5225
1708646400,7704.05,7707.55,7692.55,7698.8,1216
1708660800,7698.8,7703.05,7692.55,7696.05,1066
1708675200,7696.3,7723.75,7694.75,7698.25,5879
1708689600,7697.75,7708.25,7686.75,7693.75,5859
1708704000,7693.75,7725.75,7684.25,7721.25,9135
1708718400,7721.25,7727.75,7714.75,7719.55,5082
1708905600,7719.95,7727.45,7707.95,7709.95,1275
1708920000,7710.2,7711.7,7702.95,7705.45,1054
1708934400,7705.45,7724.15,7690.15,7690.65,5514
1708948800,7691.15,7711.65,7689.15,7710.15,4491
1708963200,7710.15,7719.65,7691.15,7696.15,6837
1708977600,7695.65,7702.15,7688.65,7692.45,4796
1708992000,7692.05,7699.3,7684.55,7689.55,1075
1709006400,7689.55,7692.55,7681.8,7685.55,1300
1709020800,7685.55,7713.25,7683.55,7697.25,4821
1709035200,7697.25,7707.25,7683.25,7687.75,5539
1709049600,7686.75,7707.25,7682.25,7696.25,6602
1709064000,7696.25,7706.25,7694.25,7701.55,3988
1709078400,7694.25,7703.75,7690.75,7698.25,769
1709092800,7698.25,7705.0,7694.75,7698.75,911
1709107200,7698.75,7707.95,7650.45,7651.45,5667
1709121600,7651.45,7658.45,7631.95,7636.95,6425
1709136000,7637.45,7655.45,7632.45,7635.45,7566
1709150400,7635.45,7645.45,7609.75,7610.25,4947
1709164800,7614.71,7631.3,7614.05,7630.55,1036
1709179200,7630.55,7649.8,7630.55,7640.05,1576
1709193600,7640.3,7661.25,7638.8,7647.75,6267
1709208000,7647.25,7679.75,7637.75,7677.25,7151
1709222400,7677.25,7689.25,7627.25,7658.75,9974
1709236800,7658.75,7681.25,7658.25,7672.75,6089
1709251200,7676.25,7696.25,7665.25,7695.75,1262
1709265600,7695.75,7703.5,7693.0,7702.25,1885
1709280000,7702.0,7707.0,7671.95,7697.95,6055
1709294400,7697.95,7701.95,7670.15,7671.45,6585
1709308800,7671.45,7701.45,7652.95,7692.95,8174
1709323200,7692.95,7699.95,7687.95,7688.75,4673
1709510400,7698.05,7705.94,7687.55,7688.05,1168
1709524800,7688.05,7691.55,7680.55,7683.55,946
1709539200,7684.05,7690.55,7665.25,7673.75,4406
1709553600,7673.75,7675.25,7638.75,7650.75,5432
1709568000,7651.25,7658.75,7633.25,7657.25,8637
1709582400,7657.75,7661.75,7648.05,7648.55,5082
1709596800,7650.15,7653.15,7643.4,7653.15,1032
1709611200,7653.15,7654.15,7628.15,7629.15,1247
1709625600,7628.9,7636.85,7607.85,7626.85,6664
1709640000,7626.35,7658.85,7624.85,7653.35,5450
1709654400,7653.35,7667.35,7639.85,7665.35,8930
1709668800,7665.35,7667.35,7637.35,7654.11,6622
1709683200,7646.95,7654.45,7644.95,7653.45,1092
1709697600,7653.45,7664.2,7651.7,7662.2,1112
1709712000,7662.2,7688.15,7650.15,7682.65,5703
1709726400,7682.65,7694.65,7670.65,7693.65,7639
1709740800,7693.65,7714.65,7681.15,7699.45,7917
1709755200,7699.45,7705.15,7683.65,7690.45,7624
1709769600,7662.63,7672.95,7646.39,7661.95,1405
1709784000,7661.95,7670.45,7658.2,7663.45,1329
1709798400,7663.45,7679.35,7648.85,7663.35,5328
1709812800,7663.35,7704.65,7661.85,7697.15,5689
1709827200,7697.15,7720.15,7694.65,7708.15,9701
1709841600,7708.15,7713.15,7680.95,7695.45,5728
1709856000,7698.65,7709.65,7697.15,7707.65,1272
1709870400,7707.4,7723.4,7703.4,7720.65,1107
1709884800,7720.15,7722.15,7679.85,7684.85,6129
1709899200,7684.85,7685.85,7653.35,7669.35,7262
1709913600,7669.35,7681.85,7656.85,7664.35,9682
1709928000,7664.35,7673.85,7654.85,7662.65,5653
1710115200,7652.45,7663.45,7645.95,7656.95,1795
1710129600,7656.45,7660.2,7637.2,7639.45,1539
1710144000,7639.2,7676.65,7631.15,7660.15,4161
1710158400,7660.15,7668.65,7621.65,7643.65,6003
1710172800,7643.65,7687.15,7639.15,7685.15,9336
1710187200,7685.15,7704.65,7683.65,7704.15,5121
1710201600,7698.95,7727.99,7673.86,7706.95,1189
1710216000,7713.35,7736.45,7709.45,7735.45,1890
1710230400,7735.7,7756.15,7730.65,7748.15,4674
1710244800,7748.15,7776.65,7741.15,7769.65,7130
1710259200,7769.65,7774.65,7753.15,7761.65,10041
1710273600,7761.65,7774.15,7755.15,7770.15,5929
1710288000,7764.45,7776.52,7762.45,7764.95,893
1710302400,7765.85,7775.45,7764.35,7770.95,1279
1710316800,7770.95,7778.65,7758.15,7763.65,4031
1710331200,7763.65,7782.15,7752.65,7763.65,5471
1710345600,7763.65,7802.15,7762.65,7799.65,7440
1710360000,7799.15,7804.45,7787.45,7799.15,2271
1710374400,7786.85,7791.85,7781.85,7787.35,820
1710388800,7790.25,7792.75,7779.85,7784.85,1246
1710403200,7784.85,7794.85,7776.55,7791.55,3525
1710417600,7791.55,7793.05,7774.05,7777.65,5789
1710432000,7777.15,7791.15,7730.15,7750.65,8091
1710446400,7750.15,7752.15,7724.65,7750.65,3972
1710460800,7741.45,7746.95,7734.81,7745.45,1083
1710475200,7747.35,7753.7,7736.95,7748.95,1205
1710489600,7748.95,7768.65,7746.15,7747.65,4202
1710504000,7747.65,7775.15,7741.65,7767.15,6887
1710518400,7767.15,7767.65,7730.15,7732.65,10643
1710532800,7732.65,7751.15,7731.15,7749.65,5435
1710720000,7753.15,7758.65,7742.65,7750.55,1080
1710734400,7750.55,7754.4,7744.4,7752.15,1357
1710748800,7752.15,7762.15,7744.35,7753.35,3739
1710763200,7753.35,7766.85,7743.85,7755.35,5759
1710777600,7755.35,7760.35,7727.85,7731.35,8181
1710792000,7731.35,7739.85,7728.35,7731.85,6108
1710806400,7733.75,7734.85,7720.75,7722.15,1012
1710820800,7722.15,7724.25,7708.75,7716.25,1225
1710835200,7715.25,7747.95,7706.75,7728.45,4476
1710849600,7728.45,7737.95,7711.45,7726.45,7014
1710864000,7726.45,7755.95,7722.95,7754.45,7908
1710878400,7754.45,7757.45,7741.95,7751.45,5013
1710892800,7747.35,7750.85,7740.85,7742.75,713
1710907200,7742.75,7752.1,7741.35,7742.85,965
1710921600,7742.85,7770.35,7736.05,7742.05,3486
1710936000,7742.55,7744.55,7723.05,7742.55,5778
1710950400,7743.05,7764.85,7742.55,7757.55,6813
1710964800,7757.55,7793.55,7750.25,7787.05,7305
1710979200,7776.85,7792.44,7776.85,7778.85,1172
1710993600,7778.75,7813.6,7778.75,7812.35,1492
1711008000,7812.1,7855.05,7804.1,7838.55,4264
1711022400,7838.55,7879.55,7814.8,7865.55,7738
1711036800,7865.55,7919.85,7864.05,7902.25,8568
1711051200,7901.75,7909.55,7898.75,7903.55,4259
1711065600,7893.85,7902.85,7888.85,7901.25,749
1711080000,7901.25,7908.85,7891.85,7895.35,1520
1711094400,7895.35,7953.55,7892.85,7949.55,4448
1711108800,7949.55,7980.55,7930.55,7942.05,7185
1711123200,7941.55,7963.55,7941.05,7958.05,8212
1711137600,7958.05,7960.55,7944.55,7944.55,4804
1711324800,7944.85,7954.25,7940.35,7954.25,1014
1711339200,7954.25,7960.35,7946.1,7948.85,1465
1711353600,7948.85,7962.05,7931.55,7948.05,3209
1711368000,7948.05,7948.55,7910.55,7919.05,5860
1711382400,7919.05,7953.05,7917.55,7937.55,8111
1711396800,7937.55,7937.55,7916.55,7924.05,4902
1711411200,7927.25,7934.25,7925.25,7930.25,735
1711425600,7937.15,7937.65,7910.0,7914.25,1650
1711440000,7914.25,7933.95,7909.45,7924.45,5229
1711454400,7924.95,7953.45,7923.45,7953.45,6177
1711468800,7953.45,7954.45,7929.45,7952.45,7481
1711483200,7952.45,7952.45,7927.95,7934.45,4967
1711497600,7935.15,7944.15,7934.65,7940.55,631
1711512000,7940.55,7948.9,7938.15,7948.9,1239
1711526400,7948.9,7951.9,7918.85,7919.85,4394
1711540800,7920.35,7927.85,7905.85,7910.35,6137
1711555200,7910.35,7953.35,7910.35,7948.85,8948
1711569600,7948.85,7965.35,7943.85,7964.85,5366
1711584000,7953.55,7961.95,7948.55,7961.95,1000
1711598400,7961.95,7975.8,7961.95,7974.55,1666
1711612800,7974.3,7985.3,7963.25,7972.25,4098
1711627200,7972.25,7993.75,7962.75,7971.75,6671
1711641600,7972.25,7993.25,7966.75,7985.25,8428
1711656000,7985.25,7994.75,7982.25,7983.25,5032
1712016000,7981.15,7992.5,7971.65,7987.25,630
1712030400,7987.25,7996.0,7983.5,7987.0,1735
1712044800,7987.0,8036.95,7982.5,7994.95,6793
1712059200,7994.95,8007.95,7976.95,7980.45,7039
1712073600,7980.45,7980.45,7939.95,7954.95,9598
1712088000,7954.95,7962.45,7945.45,7958.25,3902
1712102400,7957.55,7959.95,7940.05,7940.55,993
1712116800,7940.55,7942.05,7920.55,7930.8,2210
1712131200,7930.8,7943.75,7897.25,7908.75,7363
1712145600,7908.75,7934.75,7906.75,7918.75,6723
1712160000,7918.25,7953.75,7917.75,7941.75,9871
1712174400,7941.75,7950.75,7930.25,7943.05,5081
1712188800,7938.45,7959.45,7937.95,7946.95,1107
1712203200,7947.45,7959.45,7945.95,7957.2,1180
1712217600,7957.45,7991.85,7948.15,7984.05,6421
1712232000,7984.05,7995.45,7981.75,7992.45,6065
1712246400,7992.45,8010.25,7985.25,7988.75,7673
1712260800,7988.75,7989.75,7893.75,7906.45,9456
1712275200,7917.35,7922.35,7882.4,7902.35,2375
1712289600,7901.85,7904.1,7872.75,7880.25,3124
1712304000,7880.0,7920.95,7880.0,7912.35,7561
1712318400,7911.85,7933.95,7906.45,7922.25,7982
1712332800,7922.25,7942.55,7899.75,7942.05,12116
1712347200,7942.05,7942.55,7918.05,7930.95,6846
1712534400,7935.55,7943.55,7921.55,7928.3,1041
1712548800,7929.05,7944.05,7924.05,7927.85,1811
1712563200,7927.85,7940.25,7904.25,7927.05,6372
1712577600,7927.05,7960.55,7922.75,7960.55,6293
1712592000,7960.55,7972.15,7943.55,7969.85,8967
1712606400,7969.85,7971.85,7959.15,7961.45,5292
1712620800,7965.15,7965.65,7956.9,7960.4,713
1712635200,7960.4,7966.55,7956.15,7962.65,1324
1712649600,7962.65,7979.35,7942.55,7977.35,4752
1712664000,7976.85,7982.85,7958.55,7971.85,7107
1712678400,7971.85,7978.15,7932.65,7952.15,9577
1712692800,7952.15,7974.43,7946.15,7961.95,6821
1712707200,7961.75,7979.0,7960.75,7977.25,671
1712721600,7977.25,7996.0,7973.25,7993.75,1536
1712736000,7993.75,8005.45,7988.45,7995.45,5245
1712750400,7995.45,8016.95,7961.95,7963.45,7612
1712764800,7964.45,7988.45,7930.95,7980.95,11514
1712779200,7980.95,7993.45,7959.95,7980.02,8788
1712793600,7959.86,7970.15,7953.65,7965.15,1281
1712808000,7965.15,7984.9,7961.15,7983.15,1485
1712822400,7983.15,7994.85,7955.35,7955.85,6534
1712836800,7955.85,7972.85,7937.05,7956.35,9206
1712851200,7956.35,7973.35,7898.35,7941.35,10473
1712865600,7941.35,7971.35,7936.85,7956.65,5423
1712880000,7958.75,7964.5,7953.25,7960.75,874
1712894400,7960.75,7970.0,7955.25,7962.25,1526
1712908800,7962.5,8040.95,7960.25,8038.45,7022
1712923200,8038.45,8061.95,8014.95,8026.45,8485
1712937600,8026.45,8052.45,7976.95,7976.95,11939
1712952000,7976.95,7978.45,7936.45,7943.75,6595
1713139200,7946.16,7975.65,7943.66,7966.15,2312
1713153600,7966.15,7974.15,7950.65,7971.65,1924
1713168000,7971.65,8007.35,7966.35,7974.35,8173
1713182400,7974.85,8028.35,7966.85,8011.85,7418
1713196800,8012.35,8024.35,7957.35,7963.85,10102
1713211200,7963.85,7964.85,7916.85,7920.15,8450
1713225600,7928.45,7933.95,7912.95,7913.45,1339
1713240000,7913.45,7915.95,7862.95,7872.95,3224
1713254400,7872.95,7899.4,7849.65,7862.15,9735
1713268800,7862.15,7887.15,7852.15,7867.15,9572
1713283200,7868.65,7870.15,7807.15,7845.15,13484
1713297600,7845.15,7862.15,7828.65,7840.42,7076
1713312000,7850.15,7867.15,7844.15,7851.65,1265
1713326400,7851.65,7863.65,7848.15,7856.15,2154
1713340800,7855.65,7875.85,7807.35,7871.85,8309
1713355200,7871.35,7895.35,7863.85,7889.85,7240
1713369600,7889.85,7909.85,7862.85,7875.85,11315
1713384000,7875.85,7910.85,7874.85,7886.76,6903
1713398400,7879.35,7892.25,7876.6,7881.85,1131
1713412800,7881.85,7901.1,7878.85,7893.35,2007
1713427200,7893.35,7915.05,7883.05,7889.05,7094
1713441600,7888.55,7892.55,7864.55,7873.05,7709
1713456000,7873.05,7900.55,7857.05,7881.55,11080
1713470400,7881.55,7884.55,7862.05,7869.85,8093
1713484800,7878.65,7879.65,7842.65,7846.65,1459
1713499200,7846.15,7851.65,7762.4,7811.15,7667
1713513600,7811.15,7865.85,7810.15,7831.35,9243
1713528000,7831.35,7860.85,7829.85,7859.35,8571
1713542400,7858.85,7928.85,7838.85,7927.85,11643
1713556800,7927.35,7948.85,7919.85,7939.98,7252
1713744000,7951.05,7988.55,7945.55,7966.55,1886
1713758400,7966.55,7994.05,7966.55,7979.55,2222
1713772800,7979.55,8013.75,7972.05,8008.75,6733
1713787200,8008.75,8059.25,8007.75,8057.25,7822
1713801600,8057.25,8062.25,8034.25,8058.75,10625
1713816000,8059.25,8085.75,8057.75,8063.05,7126
1713830400,8066.45,8092.45,8049.94,8091.95,1337
1713844800,8091.95,8096.2,8075.95,8094.45,1665
1713859200,8094.95,8098.95,8057.65,8065.15,6346
1713873600,8065.15,8096.15,8038.65,8058.15,7474
1713888000,8058.15,8081.15,8045.15,8078.65,9629
1713902400,8078.15,8092.15,8075.15,8085.95,5200
1713916800,8087.95,8094.57,8075.95,8088.95,831
1713931200,8089.95,8117.7,8082.45,8112.95,1325
1713945600,8113.45,8136.45,8083.15,8097.15,5789
1713960000,8097.65,8112.65,8090.65,8090.65,6115
1713974400,8090.65,8095.65,8045.15,8052.15,10042
1713988800,8052.15,8067.15,8025.55,8030.59,7144
1714003200,8025.65,8060.15,8025.15,8058.15,1013
1714017600,8058.15,8058.9,8045.9,8051.15,952
1714032000,8050.65,8117.85,8045.15,8109.85,5963
1714046400,8109.85,8121.85,8078.35,8078.85,6686
1714060800,8078.35,8096.85,8051.35,8088.35,12538
1714075200,8088.35,8145.65,8077.35,8144.65,8477
1714089600,8139.79,8140.35,8094.85,8124.85,1356
1714104000,8125.35,8164.85,8120.85,8141.35,1409
1714118400,8141.35,8163.05,8117.55,8119.05,5324
1714132800,8119.05,8147.05,8119.05,8138.55,6557
1714147200,8139.05,8177.05,8129.55,8174.05,9954
1714161600,8174.55,8181.05,8165.85,8168.35,4455
1714348800,8175.64,8201.35,8169.85,8196.35,1118
1714363200,8196.35,8210.85,8194.6,8205.85,1194
1714377600,8205.85,8213.3,8186.35,8194.55,5037
1714392000,8194.55,8208.55,8178.55,8181.05,5737
1714406400,8181.05,8186.55,8158.55,8173.05,6809
1714420800,8173.05,8175.05,8152.05,8163.35,4932
1714435200,8160.15,8174.65,8157.65,8170.65,718
1714449600,8170.15,8174.4,8163.65,8170.65,1165
1714464000,8170.65,8199.05,8162.65,8187.55,3655
1714478400,8187.55,8217.55,8186.05,8192.05,3994
1714492800,8192.05,8197.35,8147.35,8151.85,9638
1714507200,8151.85,8173.35,8138.77,8146.15,7733
1714521600,8144.15,8152.05,8138.05,8148.65,1234
1714536000,8149.15,8163.65,8143.9,8162.9,873
1714550400,8163.15,8194.35,8157.4,8174.35,2802
1714564800,8174.35,8174.85,8151.85,8156.85,3247
1714579200,8156.35,8160.85,8123.85,8125.35,6003
1714593600,8124.85,8160.35,8111.85,8125.14,8790
1714608000,8131.25,8148.65,8128.75,8144.25,1406
1714622400,8144.25,8166.0,8142.5,8163.25,1330
1714636800,8163.25,8185.45,8147.95,8159.45,6215
1714651200,8159.45,8175.45,8155.45,8163.95,7011
1714665600,8164.45,8192.45,8163.95,8188.45,10361
1714680000,8188.95,8207.95,8186.25,8204.25,7360
1714694400,8202.75,8214.75,8197.25,8212.75,1220
1714708800,8212.75,8216.75,8200.75,8203.75,1122
1714723200,8204.0,8219.95,8200.45,8214.95,4641
1714737600,8214.95,8263.95,8212.95,8245.95,7251
1714752000,8245.95,8252.95,8214.95,8246.95,11002
1714766400,8246.95,8251.45,8239.95,8248.15,4181
1715040000,8291.15,8345.5,8291.15,8331.75,741
1715054400,8332.75,8333.25,8313.5,8317.75,1388
1715068800,8318.25,8329.65,8297.95,8317.45,5714
1715083200,8317.45,8339.45,8305.95,8338.95,5698
1715097600,8338.95,8354.95,8323.45,8345.45,6969
1715112000,8345.45,8355.95,8343.45,8349.18,4699
1715126400,8339.75,8370.0,8336.25,8357.75,798
1715140800,8357.75,8358.25,8346.5,8351.25,1235
1715155200,8351.0,8372.45,8348.0,8360.45,5026
1715169600,8360.45,8383.45,8345.65,8351.45,5501
1715184000,8350.95,8384.45,8350.45,8374.65,5328
1715198400,8374.65,8383.25,8372.15,8372.75,1388
1715212800,8361.99,8390.67,8361.49,8376.3,1107
1715227200,8376.3,8381.8,8367.05,8368.55,1936
1715241600,8368.55,8370.25,8352.75,8365.75,4396
1715256000,8366.25,8399.25,8354.75,8378.25,7440
1715270400,8378.25,8404.05,8366.95,8403.25,6487
1715284800,8403.25,8418.55,8396.25,8418.55,3611
1715299200,8417.05,8423.45,8413.55,8420.55,793
1715313600,8420.05,8429.8,8418.55,8426.05,1186
1715328000,8425.8,8443.75,8403.25,8443.25,4956
1715342400,8442.75,8461.25,8442.25,8446.25,5582
1715356800,8446.25,8449.25,8424.75,8425.25,6398
1715371200,8424.75,8430.25,8419.25,8421.55,3107
1715558400,8421.15,8438.65,8419.15,8430.65,771
1715572800,8430.9,8432.65,8424.65,8431.15,901
1715587200,8431.15,8454.85,8429.15,8436.35,4444
1715601600,8436.35,8448.85,8414.85,8416.35,4732
1715616000,8416.35,8434.65,8410.35,8412.35,5528
1715630400,8411.85,8416.85,8403.85,8408.15,3176
1715644800,8409.85,8419.85,8408.85,8415.85,634
1715659200,8415.35,8417.85,8399.1,8401.35,975
1715673600,8401.6,8441.55,8399.1,8431.05,4583
1715688000,8431.05,8457.55,8418.85,8454.05,6050
1715702400,8454.55,8457.05,8427.05,8434.05,7051
1715716800,8434.05,8454.55,8432.05,8450.85,3911
1715731200,8452.05,8473.05,8449.45,8471.05,743
1715745600,8471.3,8486.8,8469.05,8475.05,1019
1715760000,8475.05,8482.25,8463.25,8464.25,4291
1715774400,8464.25,8472.75,8440.25,8450.25,6196
1715788800,8450.25,8464.25,8438.75,8451.95,6676
1715803200,8451.95,8453.95,8436.54,8442.04,1506
1715817600,8429.98,8453.7,8429.95,8448.45,906
1715832000,8448.45,8461.95,8445.95,8458.45,1317
1715846400,8458.2,8462.85,8408.85,8410.15,5215
1715860800,8410.15,8460.65,8410.15,8450.65,5625
1715875200,8450.65,8458.65,8425.65,8446.65,6953
1715889600,8447.15,8447.15,8428.45,8429.45,4363
1715904000,8433.35,8440.25,8432.35,8438.35,690
1715918400,8438.35,8439.85,8417.6,8418.85,984
1715932800,8418.85,8444.55,8404.55,8413.55,4680
1715947200,8413.55,8437.55,8403.25,8419.55,5414
1715961600,8419.55,8437.55,8416.05,8432.55,6033
1715976000,8432.55,8436.05,8422.55,8429.85,3534
1716163200,8440.55,8449.05,8424.05,8436.05,850
1716177600,8435.55,8442.55,8434.55,8439.55,1028
1716192000,8439.3,8457.25,8433.25,8442.25,3079
1716206400,8442.25,8450.75,8424.75,8434.75,3804
1716220800,8435.25,8439.25,8420.45,8421.25,4405
1716235200,8421.25,8424.25,8401.55,8404.05,3293
1716249600,8409.25,8409.25,8398.5,8399.25,597
1716264000,8399.0,8402.5,8366.0,8381.75,1235
1716278400,8381.75,8411.95,8379.75,8389.95,4491
1716292800,8389.95,8402.25,8383.65,8391.45,4118
1716307200,8391.45,8428.95,8383.95,8425.45,5952
1716321600,8424.95,8430.75,8419.95,8426.43,2985
1716336000,8425.45,8437.2,8422.85,8434.45,550
1716350400,8434.45,8442.45,8432.95,8435.45,1346
1716364800,8435.45,8443.45,8364.15,8395.45,5178
1716379200,8394.95,8404.45,8353.95,8363.45,3981
1716393600,8363.45,8375.15,8345.45,8359.65,4986
1716408000,8359.65,8373.95,8336.15,8365.95,5771
1716422400,8372.85,8383.6,8364.35,8370.35,885
1716436800,8370.35,8387.35,8367.35,8376.85,1807
1716451200,8376.6,8377.55,8345.05,8360.55,4731
1716465600,8361.05,8378.55,8359.55,8369.55,5319
1716480000,8370.05,8373.05,8326.05,8326.05,8531
1716494400,8326.05,8330.05,8279.05,8288.35,8281
1716508800,8292.55,8296.55,8281.55,8282.55,814
1716523200,8282.55,8287.3,8253.05,8272.55,1222
1716537600,8272.05,8311.25,8250.25,8309.25,5132
1716552000,8309.25,8316.25,8299.25,8307.25,4284
1716566400,8307.25,8332.55,8305.25,8328.25,6506
1716580800,8328.25,8329.75,8314.25,8315.05,3496
1716854400,8327.9,8336.65,8324.65,8331.15,458
1716868800,8330.9,8342.55,8327.65,8337.15,990
1716883200,8337.4,8351.85,8308.85,8315.85,4427
1716897600,8315.35,8320.35,8282.85,8283.85,5809
1716912000,8283.35,8296.35,8248.85,8272.35,7945
1716926400,8272.35,8272.35,8247.85,8263.65,5270
1716940800,8257.15,8274.15,8253.15,8254.15,817
1716955200,8254.15,8258.4,8238.65,8241.65,1909
1716969600,8241.65,8265.15,8225.15,8243.05,4669
1716984000,8244.55,8248.35,8210.85,8212.85,5492
1716998400,8212.35,8215.35,8186.85,8199.85,7265
1717012800,8199.85,8199.85,8171.66,8172.16,4032
1717027200,8171.17,8179.65,8160.15,8176.65,923
1717041600,8176.65,8179.65,8151.65,8155.4,1811
1717056000,8155.4,8212.35,8147.65,8210.85,5412
1717070400,8210.85,8227.35,8200.35,8217.85,5915
1717084800,8217.85,8248.85,8213.35,8248.85,7602
1717099200,8248.85,8251.35,8227.85,8235.65,4785
1717113600,8236.34,8242.35,8229.85,8239.35,1213
1717128000,8239.35,8245.6,8235.1,8239.1,1917
1717142400,8239.1,8269.55,8236.1,8268.05,4967
1717156800,8267.55,8299.85,8256.05,8290.05,6729
1717171200,8290.55,8291.05,8264.05,8272.55,10173
1717185600,8272.05,8323.45,8272.05,8312.34,6691
1717372800,8300.88,8345.95,8298.88,8344.55,1475
1717387200,8344.55,8360.45,8342.95,8355.7,1590
1717401600,8355.7,8376.65,8296.65,8317.65,6474
1717416000,8317.65,8322.15,8291.15,8318.45,5946
1717430400,8318.45,8330.45,8251.15,8256.65,10871
1717444800,8256.15,8273.65,8246.65,8268.45,7025
1717459200,8267.55,8279.3,8263.8,8278.55,784
1717473600,8278.8,8279.8,8270.8,8272.55,1283
1717488000,8272.55,8272.8,8217.75,8221.25,6116
1717502400,8222.25,8254.75,8209.45,8252.25,7914
1717516800,8252.25,8268.75,8228.75,8244.25,10825
1717531200,8244.25,8268.75,8239.75,8264.05,7554
1717545600,8261.75,8283.25,8258.75,8278.75,794
1717560000,8278.75,8298.0,8278.75,8296.25,1259
1717574400,8296.25,8304.45,8249.95,8252.45,4808
1717588800,8253.45,8288.95,8246.95,8284.45,5072
1717603200,8284.45,8291.45,8251.95,8254.95,8200
1717617600,8254.95,8277.65,8251.95,8272.75,3172
1717632000,8264.85,8273.35,8263.35,8272.35,700
1717646400,8272.1,8286.6,8270.35,8280.85,1156
1717660800,8280.6,8284.55,8254.05,8272.05,4547
1717675200,8272.05,8296.85,8270.05,8283.55,5347
1717689600,8283.55,8304.55,8271.05,8297.05,7875
1717704000,8297.05,8303.55,8285.05,8291.85,5073
1717718400,8296.05,8309.05,8293.05,8303.55,683
1717732800,8303.55,8309.55,8300.55,8307.55,984
1717747200,8307.55,8314.75,8246.75,8247.25,4508
1717761600,8247.25,8255.25,8217.25,8235.55,7641
1717776000,8235.05,8282.75,8232.75,8253.25,10125
1717790400,8253.25,8256.75,8220.66,8227.55,7348
1717977600,8226.52,8240.54,8204.3,8211.55,1152
1717992000,8211.3,8212.55,8200.05,8208.05,979
1718006400,8208.05,8237.05,8183.25,8218.75,6684
1718020800,8218.75,8240.25,8211.75,8232.25,5780
1718035200,8232.25,8251.75,8208.25,8249.75,6840
1718049600,8249.25,8261.25,8244.75,8250.95,4926
1718064000,8255.65,8256.65,8244.15,8245.65,714
1718078400,8245.4,8248.9,8229.65,8236.15,1355
1718092800,8236.15,8276.35,8215.85,8219.85,6064
1718107200,8219.85,8221.85,8143.05,8149.35,9099
1718121600,8149.35,8167.35,8122.85,8149.35,9406
1718136000,8149.35,8164.35,8144.85,8151.65,4644
1718150400,8150.85,8193.6,8150.35,8169.35,1139
1718164800,8169.6,8185.6,8166.85,8182.85,1377
1718179200,8182.85,8225.55,8181.35,8221.05,5156
1718193600,8220.05,8255.85,8203.05,8237.05,5553
1718208000,8236.55,8245.55,8221.05,8235.05,6522
1718222400,8235.55,8242.55,8207.8,8227.44,5975
1718236800,8227.45,8230.45,8214.95,8217.45,719
1718251200,8217.45,8217.45,8205.45,8212.95,1062
1718265600,8212.95,8223.15,8182.15,8189.65,4040
1718280000,8189.65,8213.65,8174.65,8193.15,5033
1718294400,8194.65,8200.15,8153.65,8175.65,6700
1718308800,8175.15,8180.65,8167.75,8168.25,2880
1718323200,8169.45,8181.7,8167.95,8171.7,698
1718337600,8171.45,8195.95,8170.7,8194.7,1125
1718352000,8194.95,8219.15,8148.15,8157.15,5025
1718366400,8157.15,8176.65,8120.15,8168.15,6227
1718380800,8168.15,8184.15,8133.15,8171.15,6636
1718395200,8171.15,8183.65,8156.65,8175.95,3158
1718582400,8179.45,8206.95,8179.45,8200.7,838
1718596800,8200.7,8211.45,8191.7,8197.95,997
1718611200,8197.95,8214.15,8152.65,8158.15,4746
1718625600,8157.65,8165.15,8132.15,8150.65,4097
1718640000,8151.15,8162.15,8132.15,8160.15,4890
1718654400,8160.15,8182.15,8160.15,8175.59,3013
1718668800,8182.65,8204.05,8181.15,8188.65,723
1718683200,8188.9,8189.4,8174.65,8177.15,846
1718697600,8176.9,8210.35,8167.85,8181.35,3801
1718712000,8181.35,8200.35,8174.35,8195.35,4340
1718726400,8195.35,8213.85,8187.85,8205.85,4544
1718740800,8205.85,8208.35,8189.85,8201.15,2875
1718755200,8205.35,8216.35,8198.35,8198.85,541
1718769600,8198.85,8199.85,8189.35,8193.35,570
1718784000,8193.35,8218.85,8173.55,8181.55,3702
1718798400,8181.55,8224.05,8180.05,8218.55,3145
1718812800,8219.05,8223.05,8207.05,8215.55,2506
1718827200,8216.05,8223.25,8214.25,8216.56,442
1718841600,8207.15,8223.15,8205.15,8222.15,417
1718856000,8222.15,8231.15,8216.65,8230.65,801
1718870400,8230.15,8242.85,8209.85,8229.35,3109
1718884800,8229.35,8251.35,8218.85,8240.35,4012
1718899200,8240.85,8290.35,8239.35,8287.35,4966
1718913600,8287.35,8298.85,8275.85,8291.32,3201
1718928000,8292.35,8299.1,8286.35,8286.85,624
1718942400,8286.85,8291.35,8284.1,8287.85,907
1718956800,8287.35,8295.1,8247.05,8251.05,3814
1718971200,8251.05,8255.05,8193.55,8233.05,5939
1718985600,8233.05,8271.55,8224.8,8244.55,6005
1719000000,8244.55,8249.05,8232.85,8238.36,2841
1719187200,8243.45,8249.95,8236.95,8238.95,533
1719201600,8239.45,8241.2,8215.45,8217.95,1074
1719216000,8217.95,8291.65,8217.95,8289.15,3317
1719230400,8288.65,8296.65,8274.65,8289.15,3808
1719244800,8289.15,8319.65,8280.65,8298.65,5922
1719259200,8298.65,8305.65,8289.65,8293.95,3959
1719273600,8299.15,8311.55,8285.65,8286.15,670
1719288000,8286.4,8324.15,8284.15,8322.65,879
1719302400,8322.65,8322.65,8277.35,8284.35,3936
1719316800,8284.35,8289.85,8264.35,8271.35,4008
1719331200,8271.35,8274.85,8227.35,8237.35,5928
1719345600,8237.35,8255.35,8235.85,8244.61,3075
1719360000,8248.75,8250.75,8239.25,8248.25,486
1719374400,8248.0,8276.25,8248.0,8274.25,931
1719388800,8274.25,8311.95,8273.75,8301.95,3344
1719403200,8301.95,8305.45,8212.45,8214.45,5349
1719417600,8213.95,8246.95,8211.45,8240.45,6257
1719432000,8240.45,8245.45,8214.75,8226.9,3584
1719446400,8227.15,8228.65,8201.65,8207.65,880
1719460800,8208.15,8225.15,8207.4,8220.4,1106
1719475200,8220.4,8246.85,8213.35,8224.35,3928
1719489600,8223.85,8228.35,8201.85,8220.9,4421
1719504000,8220.4,8225.9,8181.4,8190.9,7111
1719518400,8190.4,8195.4,8170.9,8190.37,4220
1719532800,8194.95,8210.45,8194.45,8196.95,654
1719547200,8196.95,8211.95,8190.45,8205.95,1088
1719561600,8205.95,8242.7,8198.95,8217.7,4573
1719576000,8217.2,8233.7,8190.7,8196.2,5537
1719590400,8196.7,8208.7,8160.7,8167.7,8970
1719604800,8167.2,8185.85,8150.2,8180.95,4188
1719792000,8196.85,8199.35,8158.75,8184.35,1364
1719806400,8184.35,8196.6,8182.85,8191.35,1107
1719820800,8191.35,8232.1,8190.1,8206.6,6115
1719835200,8206.6,8207.6,8181.6,8191.6,4399
1719849600,8191.6,8224.1,8158.1,8171.6,8952
1719864000,8171.6,8176.6,8155.1,8162.34,3346
1719878400,8164.55,8175.05,8156.05,8164.55,735
1719892800,8164.55,8171.05,8147.3,8154.55,1249
1719907200,8154.55,8163.8,8109.8,8158.8,5804
1719921600,8158.8,8163.8,8118.3,8136.8,5698
1719936000,8137.3,8140.3,8107.8,8120.3,8558
1719950400,8119.8,8147.8,8119.8,8134.55,3349
1719964800,8133.75,8151.75,8133.25,8150.25,597
1719979200,8149.75,8158.25,8144.25,8157.25,850
1719993600,8157.0,8184.0,8148.0,8165.0,4741
1720008000,8165.0,8179.0,8157.0,8166.5,4518
1720022400,8166.5,8196.5,8162.5,8194.0,7351
1720036800,8194.0,8202.0,8189.5,8194.25,1030
1720051200,8191.65,8198.65,8183.4,8183.65,497
1720065600,8183.65,8187.65,8178.65,8187.65,809
1720080000,8187.65,8241.9,8185.4,8232.9,3682
1720094400,8232.9,8262.9,8225.9,8260.9,3414
1720108800,8261.4,8262.4,8231.4,8255.9,3645
1720123200,8255.4,8262.4,8253.52,8257.15,707
1720137600,8273.61,8282.75,8262.75,8267.25,772
1720152000,8267.25,8270.0,8255.4,8260.75,1200
1720166400,8260.75,8285.0,8256.25,8265.0,4527
1720180800,8265.0,8271.0,8238.0,8243.5,4587
1720195200,8244.0,8248.0,8182.5,8202.0,8655
1720209600,8202.0,8213.0,8199.0,8200.75,3128
1720396800,8193.25,8214.75,8192.25,8201.25,701
1720411200,8201.25,8211.75,8197.25,8201.75,660
1720425600,8201.75,8226.0,8179.0,8218.5,4302
1720440000,8218.5,8237.5,8210.0,8231.5,4314
1720454400,8231.5,8236.5,8194.5,8205.0,5255
1720468800,8205.0,8214.5,8199.0,8204.25,2207
1720483200,8207.85,8219.35,8206.35,8206.35,661
1720497600,8206.35,8216.6,8203.6,8210.35,776
1720512000,8210.6,8223.6,8183.6,8215.6,5044
1720526400,8215.6,8218.6,8152.6,8157.1,5060
1720540800,8157.1,8171.1,8133.6,8171.1,7397
1720555200,8171.1,8178.1,8154.35,8158.46,2589
1720569600,8159.45,8173.95,8159.35,8170.45,431
1720584000,8170.45,8170.45,8161.95,8164.95,714
1720598400,8165.2,8177.7,8145.2,8171.7,4320
1720612800,8171.7,8199.7,8171.2,8190.2,4513
1720627200,8190.2,8213.2,8170.2,8206.2,5891
1720641600,8206.2,8217.7,8199.7,8204.45,2551
1720656000,8208.95,8214.95,8200.95,8204.45,552
1720670400,8203.95,8222.7,8201.95,8213.45,950
1720684800,8213.7,8228.7,8191.2,8228.2,4702
1720699200,8228.2,8235.7,8196.7,8196.7,5926
1720713600,8196.7,8235.7,8194.7,8227.2,8873
1720728000,8227.2,8237.2,8216.85,8224.35,4604
1720742400,8225.85,8243.1,8219.85,8237.35,897
1720756800,8237.35,8245.35,8234.85,8244.35,1108
1720771200,8244.85,8281.6,8242.1,8253.6,5086
1720785600,8253.6,8258.1,8231.3,8245.6,4638
1720800000,8245.6,8265.1,8232.6,8258.1,6224
1720814400,8258.1,8264.6,8236.34,8236.84,2751
1721001600,8242.05,8252.05,8235.56,8244.05,1177
1721016000,8244.05,8246.8,8239.55,8243.05,910
1721030400,8243.05,8256.3,8189.8,8246.3,5396
1721044800,8245.8,8255.3,8201.8,8205.3,4774
1721059200,8204.8,8210.3,8173.8,8173.8,7632
1721073600,8173.8,8189.3,8163.3,8170.55,4105
1721088000,8178.75,8182.75,8173.25,8176.75,649
1721102400,8176.75,8177.0,8167.25,8168.25,900
1721116800,8168.25,8175.5,8138.15,8162.0,5095
1721131200,8162.0,8184.5,8142.0,8145.0,5126
1721145600,8144.5,8184.0,8127.0,8183.0,6759
1721160000,8183.0,8206.0,8182.5,8200.69,3101
1721174400,8195.95,8207.2,8190.93,8203.45,693
1721188800,8203.45,8208.45,8196.2,8206.95,911
1721203200,8206.7,8209.95,8132.2,8152.7,5641
1721217600,8152.2,8181.7,8136.7,8174.2,5045
1721232000,8174.2,8208.7,8168.7,8196.2,8344
1721246400,8196.2,8213.55,8185.35,8203.42,3758
1721260800,8212.95,8239.95,8206.96,8233.95,835
1721275200,8233.95,8243.95,8227.7,8239.45,1009
1721289600,8239.7,8273.2,8223.2,8258.2,5712
1721304000,8258.2,8266.2,8238.2,8259.2,4260
1721318400,8259.2,8260.2,8195.2,8205.7,8590
1721332800,8205.7,8207.7,8163.7,8177.45,5554
1721347200,8180.55,8198.95,8171.05,8182.05,953
1721361600,8182.05,8183.55,8170.05,8181.05,919
1721376000,8181.05,8184.55,8131.8,8173.3,6306
1721390400,8172.8,8187.15,8154.3,8169.3,5955
1721404800,8169.3,8175.8,8139.8,8161.3,8533
1721419200,8161.3,8179.8,8156.3,8166.06,4206
1721606400,8181.55,8193.95,8173.55,8187.05,1670
1721620800,8187.05,8189.05,8164.55,8181.05,1860
1721635200,8181.05,8213.65,8177.55,8202.8,4805
1721649600,8202.8,8241.3,8196.8,8236.8,4208
1721664000,8236.8,8246.3,8198.95,8215.3,7306
1721678400,8215.3,8224.3,8212.05,8212.56,3599
1721692800,8216.55,8220.55,8198.55,8199.55,951
1721707200,8199.55,8204.55,8184.15,8189.65,1676
1721721600,8189.65,8194.3,8153.8,8189.8,5368
1721736000,8189.8,8234.3,8184.5,8184.5,4738
1721750400,8185.3,8187.3,8153.8,8159.3,6977
1721764800,8159.3,8181.3,8158.3,8166.47,3737
1721779200,8155.75,8160.25,8148.25,8159.75,1155
1721793600,8159.25,8159.75,8139.0,8141.75,1108
1721808000,8141.75,8150.0,8111.65,8137.0,6856
1721822400,8137.0,8175.0,8130.5,8152.5,4580
1721836800,8153.0,8174.85,8143.15,8148.5,6884
1721851200,8148.5,8158.5,8128.5,8141.75,4567
1721865600,8142.95,8147.77,8132.45,8142.95,1243
1721880000,8142.95,8147.45,8129.45,8136.95,1618
1721894400,8136.95,8137.45,8053.7,8093.2,9891
1721908800,8093.2,8132.7,8072.7,8130.7,7668
1721923200,8130.2,8220.7,8128.2,8214.2,10200
1721937600,8215.2,8228.7,8183.45,8196.83,6569
1721952000,8209.45,8219.45,8202.45,8214.95,1279
1721966400,8214.45,8231.95,8212.45,8212.95,1481
1721980800,8212.45,8265.2,8197.4,8264.2,6131
1721995200,8263.4,8276.2,8230.7,8274.2,5805
1722009600,8274.2,8331.7,8257.7,8329.2,8254
1722024000,8329.2,8331.2,8306.2,8309.45,5944
1722211200,8317.31,8340.05,8315.55,8338.05,1568
1722225600,8338.05,8343.05,8322.55,8326.55,1396
1722240000,8326.55,8374.3,8320.3,8357.3,5920
1722254400,8356.8,8375.8,8341.8,8352.8,5969
1722268800,8352.8,8355.3,8292.45,8297.8,9270
1722283200,8297.8,8300.8,8282.54,8286.43,4603
1722297600,8289.95,8289.95,8260.35,8281.45,1194
1722312000,8281.95,8292.45,8263.95,8289.95,1360
1722326400,8289.95,8303.4,8236.7,8259.2,6240
1722340800,8259.7,8290.45,8254.25,8280.1,5266
1722355200,8280.1,8303.6,8258.6,8262.6,9434
1722369600,8262.6,8303.1,8257.6,8287.35,6106
1722384000,8293.35,8312.15,8289.35,8301.75,1731
1722398400,8301.25,8319.75,8291.75,8319.75,1826
1722412800,8319.75,8397.5,8317.75,8394.0,6546
1722427200,8394.0,8406.5,8368.5,8374.5,6644
1722441600,8375.0,8397.0,8344.65,8389.0,9688
1722456000,8389.0,8413.5,8370.07,8377.07,7255
1722470400,8382.75,8395.9,8378.75,8387.65,1573
1722484800,8387.65,8392.65,8370.65,8377.65,1853
1722499200,8377.65,8405.9,8334.05,8335.9,6918
1722513600,8335.9,8398.0,8334.4,8376.5,7593
1722528000,8376.5,8405.0,8254.5,8264.0,13518
1722542400,8264.0,8305.0,8256.0,8289.25,7970
1722556800,8294.05,8294.85,8277.08,8288.45,2750
1722571200,8288.45,8300.2,8260.95,8277.95,2683
1722585600,8277.95,8285.95,8201.4,8258.7,10290
1722600000,8258.7,8279.2,8219.4,8219.7,9518
1722614400,8219.7,8226.7,8152.2,8193.7,16596
1722628800,8193.7,8222.2,8174.7,8199.95,6954
1722816000,8160.05,8193.2,8141.55,8147.55,5055
1722830400,8147.05,8175.45,8097.95,8101.45,5755
1722844800,8101.45,8105.95,7967.2,7994.7,20643
1722859200,7994.7,8024.7,7911.7,7923.7,15624
1722873600,7923.7,8054.2,7918.7,8005.7,20624
1722888000,8005.7,8035.2,7993.7,8020.45,8450
1722902400,8043.25,8080.05,8029.75,8075.65,4096
1722916800,8075.65,8088.65,8046.15,8070.15,3851
1722931200,8070.15,8118.4,7995.9,8015.4,13498
1722945600,8015.4,8023.4,7945.9,7954.4,12261
1722960000,7954.9,8049.9,7951.4,8047.4,16913
1722974400,8047.4,8088.9,8043.15,8043.15,8169
1722988800,8044.75,8081.15,8033.65,8075.65,3244
1723003200,8075.65,8129.65,8071.65,8125.15,2977
1723017600,8125.15,8129.65,8056.9,8090.4,9540
1723032000,8090.4,8138.4,8077.4,8136.9,7833
1723046400,8136.9,8178.4,8134.4,8134.9,13044
1723060800,8134.9,8144.9,8081.35,8083.45,8148
1723075200,8071.95,8087.45,8040.93,8065.25,3881
1723089600,8065.25,8119.35,8062.35,8092.35,1792
1723104000,8092.35,8129.1,8057.6,8086.1,9226
1723118400,8086.1,8113.6,8060.6,8098.1,9119
1723132800,8098.6,8153.6,8094.1,8134.6,11761
1723147200,8135.1,8169.1,8127.1,8159.57,6157
1723161600,8159.15,8170.41,8131.55,8140.55,2005
1723176000,8140.55,8170.55,8137.8,8143.05,1491
1723190400,8143.05,8199.3,8137.55,8197.8,6431
1723204800,8197.8,8202.3,8149.75,8154.75,6520
1723219200,8154.75,8177.25,8139.25,8170.75,11413
1723233600,8170.75,8198.75,8169.75,8185.0,5643
1723420800,8188.41,8206.4,8166.55,8200.4,2119
1723435200,8200.4,8212.4,8196.9,8207.9,1043
1723449600,8207.9,8225.15,8182.65,8185.15,4139
1723464000,8185.15,8222.15,8185.15,8201.15,3893
1723478400,8200.65,8232.65,8190.65,8219.15,8417
1723492800,8218.65,8230.65,8209.15,8213.4,4625
1723507200,8215.6,8231.1,8213.6,8228.2,1057
1723521600,8228.2,8240.1,8225.35,8231.6,1089
1723536000,8231.6,8245.85,8198.35,8209.85,4709
1723550400,8209.55,8227.35,8185.85,8218.85,5301
1723564800,8218.85,8243.85,8211.85,8243.85,7902
1723579200,8243.85,8261.35,8232.85,8248.6,3341
1723593600,8252.2,8264.95,8245.2,8255.7,863
1723608000,8255.7,8275.7,8252.8,8262.7,1311
1723622400,8262.7,8312.45,8247.3,8280.45,5106
1723636800,8280.45,8286.45,8242.95,8253.95,4927
1723651200,8254.45,8293.45,8253.95,8288.45,8378
1723665600,8288.45,8311.84,8281.45,8303.9,3625
1723680000,8275.4,8288.3,8267.4,8285.9,973
1723694400,8285.9,8305.4,8280.9,8292.4,1145
1723708800,8292.4,8296.65,8268.15,8290.15,3888
1723723200,8290.15,8341.15,8275.65,8337.15,4878
1723737600,8337.65,8369.5,8328.15,8352.65,8481
1723752000,8352.65,8356.15,8341.15,8346.4,2947
1723766400,8347.2,8359.2,8339.7,8346.2,1177
1723780800,8346.2,8352.7,8335.95,8337.7,1155
1723795200,8337.7,8358.45,8317.95,8327.95,4703
1723809600,8327.95,8334.45,8288.45,8298.45,5196
1723824000,8298.45,8317.95,8292.95,8303.95,7073
1723838400,8303.95,8304.95,8289.45,8295.7,2669
1724025600,8304.6,8306.6,8295.1,8302.6,1399
1724040000,8302.6,8313.6,8297.1,8303.6,1144
1724054400,8303.6,8306.6,8276.55,8298.35,4533
1724068800,8298.35,8331.85,8293.35,8328.85,3342
1724083200,8328.35,8376.85,8328.35,8361.85,6277
1724097600,8361.85,8362.35,8336.6,8339.6,2723
1724112000,8343.2,8350.2,8332.1,8339.2,699
1724126400,8339.7,8342.2,8332.7,8340.2,1028
1724140800,8340.2,8349.95,8303.45,8317.45,4598
1724155200,8317.45,8321.45,8280.95,8289.45,4383
1724169600,8288.95,8292.45,8246.95,8246.95,6818
1724184000,8247.45,8254.45,8238.45,8244.2,2883
1724198400,8246.3,8259.3,8237.7,8256.3,780
1724212800,8256.3,8280.3,8245.8,8280.3,1447
1724227200,8279.8,8289.05,8268.25,8282.55,4025
1724241600,8282.55,8298.05,8282.55,8291.05,3334
1724256000,8291.05,8291.55,8263.05,8276.05,7524
1724270400,8276.05,8287.55,8267.55,8284.3,3401
1724284800,8280.8,8295.3,8279.8,8286.8,644
1724299200,8286.8,8287.3,8263.3,8270.8,974
1724313600,8270.8,8317.55,8268.25,8302.55,3970
1724328000,8302.55,8313.55,8276.05,8277.05,3816
1724342400,8277.05,8297.05,8269.55,8288.55,7882
1724356800,8288.55,8296.05,8270.3,8281.3,4247
1724371200,8281.3,8295.2,8276.8,8287.8,666
1724385600,8287.8,8316.05,8284.8,8310.3,1177
1724400000,8310.3,8321.55,8297.05,8301.05,3911
1724414400,8301.05,8320.05,8297.05,8310.05,3385
1724428800,8310.05,8331.05,8297.55,8326.05,8835
1724443200,8326.05,8338.55,8317.55,8333.2,3194
1724716800,8339.3,8359.05,8337.8,8349.3,341
1724731200,8349.3,8366.55,8346.8,8364.8,979
1724745600,8364.8,8403.55,8355.25,8385.9,5110
1724760000,8385.9,8387.9,8330.55,8344.05,4351
1724774400,8344.55,8364.05,8342.05,8351.05,7218
1724788800,8351.05,8364.55,8349.05,8351.3,2292
1724803200,8355.3,8359.8,8340.3,8355.3,1052
1724817600,8355.8,8371.8,8354.3,8368.8,801
1724832000,8368.8,8382.55,8339.55,8345.55,3768
1724846400,8345.55,8354.55,8325.4,8329.9,3383
1724860800,8329.4,8362.9,8327.4,8350.05,6251
1724875200,8350.05,8360.55,8327.8,8343.29,5877
1724889600,8332.9,8360.15,8314.91,8358.4,1738
1724904000,8358.4,8367.9,8346.4,8365.9,1283
1724918400,8365.9,8373.65,8347.15,8367.65,4452
1724932800,8368.15,8399.65,8366.15,8388.65,4306
1724947200,8388.65,8401.65,8360.65,8400.65,7890
1724961600,8401.15,8425.15,8397.15,8405.95,5406
1724976000,8405.5,8415.4,8400.0,8410.0,1095
1724990400,8410.0,8424.75,8410.0,8418.0,1096
1725004800,8418.0,8425.25,8404.75,8405.75,4137
1725019200,8405.75,8418.75,8402.25,8403.25,3605
1725033600,8403.25,8410.75,8369.75,8379.75,8374
1725048000,8379.75,8416.25,8377.25,8407.97,4013
1725235200,8402.9,8413.8,8395.65,8401.4,735
1725249600,8401.4,8403.4,8394.4,8399.4,1020
1725264000,8399.4,8409.35,8359.15,8380.15,4124
1725278400,8379.65,8384.65,8366.65,8383.15,2737
1725292800,8383.15,8385.15,8363.65,8382.15,3224
1725307200,8382.15,8386.15,8375.89,8377.39,489
1725321600,8380.5,8381.0,8360.4,8379.5,1114
1725336000,8379.5,8382.75,8365.5,8372.0,1195
1725350400,8372.0,8397.25,8361.75,8366.25,4479
1725364800,8366.25,8367.25,8312.75,8313.75,5303
1725379200,8313.75,8324.75,8292.25,8293.75,10030
1725393600,8293.75,8302.25,8249.25,8260.0,5730
1725408000,8264.4,8274.4,8241.3,8242.3,1845
1725422400,8242.8,8261.8,8236.4,8237.4,2188
1725436800,8237.4,8264.65,8211.65,8233.15,7640
1725451200,8233.15,8270.65,8231.65,8269.65,5693
1725465600,8268.15,8288.15,8252.65,8270.15,10622
1725480000,8269.65,8275.15,8243.65,8259.49,5617
1725494400,8259.4,8265.9,8240.3,8263.9,1246
1725508800,8263.9,8272.15,8249.15,8251.4,1436
1725523200,8251.4,8291.15,8243.9,8285.15,5126
1725537600,8285.15,8285.65,8249.65,8271.65,5670
1725552000,8271.65,8285.65,8219.65,8235.65,10439
1725566400,8235.65,8259.15,8226.65,8236.9,5035
1725580800,8240.0,8248.5,8233.0,8240.5,1045
1725595200,8240.5,8253.5,8231.5,8249.0,1522
1725609600,8249.0,8249.25,8193.25,8208.75,6099
1725624000,8208.25,8260.65,8201.25,8245.75,6769
1725638400,8245.75,8268.75,8172.75,8180.25,13891
1725652800,8180.25,8190.75,8155.5,8159.12,4770
1725840000,8173.1,8209.6,8166.1,8205.6,2058
1725854400,8205.6,8237.6,8205.6,8235.1,1771
1725868800,8235.1,8248.85,8216.05,8230.35,5590
1725883200,8230.35,8258.85,8228.35,8241.85,4652
1725897600,8241.85,8303.85,8233.35,8302.35,8741
1725912000,8302.35,8303.85,8255.35,8273.6,5184
1725926400,8277.6,8280.0,8256.1,8265.1,987
1725940800,8265.1,8266.35,8237.6,8239.6,1545
1725955200,8239.6,8255.35,8207.85,8238.05,5442
1725969600,8237.85,8263.85,8223.85,8262.35,5764
1725984000,8261.85,8263.35,8184.35,8191.85,11351
1725998400,8191.85,8233.85,8181.35,8223.38,4343
1726012800,8223.7,8227.7,8217.1,8218.7,792
1726027200,8218.7,8219.7,8200.7,8205.7,2226
1726041600,8206.2,8236.95,8187.95,8204.95,6138
1726056000,8205.95,8234.95,8196.95,8229.45,6718
1726070400,8229.45,8242.45,8176.95,8235.45,13641
1726084800,8235.45,8275.45,8235.45,8261.7,6362
1726099200,8260.1,8278.6,8259.6,8272.6,799
1726113600,8272.6,8287.6,8267.6,8287.1,1820
1726128000,8287.1,8312.35,8257.35,8263.35,6545
1726142400,8263.35,8283.85,8248.85,8254.05,4737
1726156800,8253.35,8269.85,8224.35,8268.85,11574
1726171200,8269.35,8280.85,8253.85,8261.6,5205
1726185600,8267.2,8279.1,8264.7,8266.7,921
1726200000,8266.7,8266.7,8244.7,8247.2,1174
1726214400,8247.2,8271.45,8235.45,8243.45,4986
1726228800,8243.45,8278.45,8240.45,8266.95,4529
1726243200,8266.95,8294.95,8257.45,8280.45,8838
1726257600,8280.45,8290.95,8275.45,8283.2,4489
1726444800,8289.6,8303.5,8282.6,8291.6,1000
1726459200,8291.6,8292.1,8281.35,8288.6,1103
1726473600,8288.6,8288.85,8255.85,8277.85,4136
1726488000,8277.85,8289.35,8265.35,8277.85,4843
1726502400,8277.85,8307.35,8271.85,8306.35,9049
1726516800,8305.85,8323.85,8305.35,8314.1,3359
1726531200,8313.3,8326.7,8309.8,8315.8,869
1726545600,8315.8,8333.55,8312.8,8332.55,1423
1726560000,8332.55,8359.55,8322.3,8349.05,5009
1726574400,8349.05,8360.55,8329.55,8339.05,5264
1726588800,8338.55,8338.55,8281.05,8284.55,9734
1726603200,8284.55,8303.8,8284.55,8300.3,5051
1726617600,8297.0,8313.75,8296.0,8313.0,693
1726632000,8313.0,8313.0,8300.0,8303.0,943
1726646400,8302.5,8312.75,8274.75,8286.25,4980
1726660800,8286.25,8286.25,8259.75,8281.25,4924
1726675200,8281.25,8281.75,8246.75,8265.75,7408
1726689600,8265.75,8296.75,8249.4,8276.0,11331
1726704000,8283.5,8316.0,8276.5,8293.0,2394
1726718400,8293.5,8339.5,8287.5,8339.0,2131
1726732800,8339.0,8346.25,8308.75,8337.25,6530
1726747200,8337.75,8379.25,8326.75,8339.75,7063
1726761600,8340.75,8347.75,8303.75,8332.75,10152
1726776000,8332.75,8345.25,8323.5,8326.74,2752
1726790400,8330.6,8331.1,8313.6,8315.1,1037
1726804800,8315.1,8315.6,8290.6,8302.6,1313
1726819200,8302.6,8302.6,8277.85,8295.35,6771
1726833600,8294.85,8305.35,8247.85,8247.85,6747
1726848000,8247.85,8254.85,8205.35,8207.85,9934
1726862400,8207.85,8224.85,8198.1,8203.1,4472
1727049600,8200.8,8243.3,8198.8,8243.3,974
1727064000,8243.3,8265.8,8236.3,8261.3,1341
1727078400,8261.3,8271.55,8220.05,8252.55,5595
1727092800,8252.55,8253.05,8214.05,8241.0,4309
1727107200,8241.0,8269.5,8237.5,8263.0,9391
1727121600,8263.0,8275.5,8260.0,8266.53,3117
1727136000,8271.8,8272.34,8255.05,8257.05,900
1727150400,8257.05,8287.55,8256.8,8285.8,1789
1727164800,8285.8,8322.5,8285.8,8295.0,6435
1727179200,8295.0,8305.0,8274.5,8285.0,5809
1727193600,8285.5,8294.5,8267.5,8278.0,8543
1727208000,8278.0,8285.5,8261.95,8267.3,3201
1727222400,8266.8,8275.7,8262.7,8263.7,649
1727236800,8263.7,8265.7,8238.7,8250.7,1845
1727251200,8250.45,8304.9,8235.4,8299.4,5461
1727265600,8298.9,8325.9,8286.4,8296.4,5181
1727280000,8295.9,8296.4,8258.9,8275.9,7788
1727294400,8275.9,8284.4,8267.4,8272.29,3333
1727308800,8266.3,8292.45,8266.3,8285.7,776
1727323200,8285.7,8299.95,8280.7,8293.7,1541
1727337600,8293.7,8334.9,8290.7,8307.4,6490
1727352000,8307.4,8311.4,8279.9,8288.9,6522
1727366400,8288.9,8306.4,8265.9,8289.4,9526
1727380800,8289.4,8297.4,8279.9,8281.84,3331
1727395200,8287.0,8296.0,8277.5,8287.5,1011
1727409600,8287.0,8302.0,8273.5,8301.5,1831
1727424000,8301.5,8320.75,8286.95,8313.25,5456
1727438400,8313.25,8340.75,8306.75,8311.75,5255
1727452800,8311.75,8337.75,8300.75,8322.4,7547
1727467200,8322.4,8328.25,8295.98,8297.48,4070
1727654400,8298.7,8337.45,8298.7,8318.2,1423
1727668800,8317.7,8332.95,8306.7,8322.7,1520
1727683200,8322.7,8331.45,8274.45,8286.95,5563
1727697600,8286.95,8300.45,8259.45,8280.95,5884
1727712000,8280.45,8289.95,8230.45,8243.95,8138
1727726400,8243.95,8267.95,8233.45,8255.56,5119
1727740800,8255.3,8265.05,8247.3,8262.8,1199
1727755200,8262.8,8273.3,8261.3,8267.05,1311
1727769600,8266.8,8283.55,8229.25,8268.55,4743
1727784000,8268.55,8294.55,8263.05,8281.55,4339
1727798400,8280.55,8299.05,8240.05,8286.55,13823
1727812800,8286.55,8309.05,8272.05,8279.81,5767
1727827200,8273.8,8292.8,8262.7,8289.8,1703
1727841600,8290.3,8310.3,8290.3,8304.3,1921
1727856000,8304.3,8329.05,8288.25,8306.05,6197
1727870400,8306.05,8306.55,8271.05,8303.55,7322
1727884800,8303.55,8315.55,8269.55,8269.55,9780
1727899200,8269.55,8279.55,8262.05,8277.8,4416
1727913600,8276.8,8283.7,8266.3,8268.3,1019
1727928000,8268.3,8274.05,8250.8,8252.8,1900
1727942400,8252.8,8328.05,8252.8,8309.05,7282
1727956800,8309.05,8338.05,8284.05,8287.05,6488
1727971200,8287.55,8303.55,8262.05,8289.05,10648
1727985600,8289.05,8289.05,8271.65,8275.4,4400
1728000000,8274.2,8286.7,8268.7,8276.2,1223
1728014400,8276.2,8288.2,8266.2,8275.7,1830
1728028800,8275.7,8298.45,8253.45,8253.95,4973
1728043200,8253.95,8290.95,8234.45,8290.45,6669
1728057600,8290.45,8304.95,8276.95,8301.45,10281
1728072000,8301.45,8319.45,8294.45,8305.2,3898
1728259200,8322.7,8325.2,8305.2,8317.2,1425
1728273600,8317.2,8336.2,8307.7,8310.2,1745
1728288000,8310.2,8332.45,8263.4,8279.4,5553
1728302400,8279.4,8327.9,8274.4,8318.4,5147
1728316800,8319.4,8329.4,8295.9,8304.9,7708
1728331200,8304.9,8313.9,8276.4,8292.65,5002
1728345600,8291.3,8312.25,8264.75,8302.75,2244
1728360000,8302.25,8305.5,8252.75,8263.75,2901
1728374400,8263.25,8267.75,8192.5,8197.0,7198
1728388800,8197.0,8232.5,8194.0,8225.0,4774
1728403200,8225.5,8233.5,8186.0,8212.0,7508
1728417600,8212.0,8224.0,8207.25,8210.75,3454
1728432000,8212.4,8224.35,8209.35,8223.85,849
1728446400,8223.85,8228.6,8192.85,8201.35,2132
1728460800,8201.35,8237.1,8201.35,8223.1,5195
1728475200,8222.6,8241.6,8203.1,8205.6,4401
1728489600,8205.6,8267.1,8196.1,8266.1,7849
1728504000,8266.1,8283.6,8265.16,8269.35,3852
1728518400,8268.98,8281.15,8268.15,8273.65,923
1728532800,8273.65,8277.65,8263.9,8273.65,2108
1728547200,8273.65,8277.65,8229.4,8236.9,4604
1728561600,8236.9,8249.9,8217.9,8241.9,5732
1728576000,8241.9,8260.4,8226.9,8251.4,8754
1728590400,8251.4,8263.4,8242.4,8256.65,3534
1728604800,8251.8,8266.25,8249.75,8257.75,925
1728619200,8257.75,8265.25,8255.25,8256.75,1026
1728633600,8256.75,8258.25,8211.0,8223.5,4512
1728648000,8224.0,8238.0,8212.5,8230.0,4844
1728662400,8230.0,8267.0,8226.5,8251.5,7872
1728676800,8251.5,8266.5,8249.18,8254.18,3151
1728864000,8260.8,8268.75,8243.25,8248.75,1157
1728878400,8248.75,8255.25,8238.5,8246.75,1796
1728892800,8246.75,8277.5,8237.0,8247.5,4706
1728907200,8247.5,8271.0,8239.5,8265.5,4453
1728921600,8265.5,8320.0,8254.0,8317.0,7633
1728936000,8316.5,8322.5,8308.5,8317.8,2868
1728950400,8322.9,8329.85,8316.25,8326.35,1187
1728964800,8326.35,8333.85,8319.6,8323.85,1694
1728979200,8323.6,8323.85,8257.1,8261.1,5828
1728993600,8261.1,8273.1,8244.6,8264.1,5618
1729008000,8264.1,8278.6,8242.6,8261.6,11301
1729022400,8261.6,8263.1,8233.69,8235.69,5001
1729036800,8231.0,8246.95,8228.95,8244.45,1085
1729051200,8244.45,8258.45,8239.7,8248.95,1402
1729065600,8248.95,8326.2,8239.7,8301.2,7227
1729080000,8301.2,8331.7,8297.7,8325.7,5316
1729094400,8325.2,8353.2,8323.7,8337.7,8142
1729108800,8337.7,8365.7,8337.7,8354.29,3339
1729123200,8354.8,8376.25,8349.75,8375.75,1028
1729137600,8375.75,8381.75,8349.25,8351.75,1703
1729152000,8351.5,8363.75,8324.0,8353.5,5576
1729166400,8353.5,8384.0,8345.5,8372.0,5332
1729180800,8372.0,8402.5,8369.0,8398.5,9458
1729195200,8398.5,8399.5,8374.5,8379.25,4404
1729209600,8376.9,8384.35,8351.85,8365.85,1114
1729224000,8365.85,8378.85,8352.85,8366.85,1710
1729238400,8366.85,8383.6,8341.6,8366.1,5384
1729252800,8365.6,8381.6,8359.1,8362.6,5520
1729267200,8362.6,8381.1,8318.1,8372.6,8139
1729281600,8372.6,8378.1,8364.6,8374.48,4158
1729468800,8374.9,8383.35,8372.35,8375.85,1137
1729483200,8375.85,8382.85,8373.6,8377.35,1584
1729497600,8377.35,8399.6,8358.6,8370.1,4377
1729512000,8369.6,8373.6,8334.1,8342.6,5472
1729526400,8342.6,8371.6,8320.6,8341.1,7767
1729540800,8341.1,8345.6,8327.9,8335.47,3294
1729555200,8334.1,8336.55,8311.05,8311.05,1128
1729569600,8311.05,8320.05,8307.05,8311.05,2053
1729584000,8311.05,8316.05,8277.8,8281.8,5089
1729598400,8281.8,8286.3,8255.3,8286.3,5827
1729612800,8286.3,8323.8,8285.8,8323.8,7684
1729627200,8323.8,8334.3,8317.05,8318.55,3133
1729641600,8315.3,8328.75,8309.25,8309.75,1063
1729656000,8309.75,8317.25,8303.25,8312.25,1239
1729670400,8312.25,8328.0,8278.0,8278.0,4285
1729684800,8278.0,8297.0,8256.0,8261.0,5129
1729699200,8261.5,8284.5,8254.5,8270.0,8362
1729713600,8270.0,8278.88,8245.0,8271.32,4292
1729728000,8267.4,8292.35,8263.25,8292.35,1047
1729742400,8292.35,8292.35,8276.1,8279.35,1609
1729756800,8278.85,8341.1,8273.85,8323.6,5649
1729771200,8323.6,8327.6,8292.05,8299.05,5345
1729785600,8299.05,8313.05,8258.05,8271.55,8731
1729800000,8272.05,8285.28,8268.05,8279.3,3459
1729814400,8278.5,8289.9,8276.4,8287.4,1022
1729828800,8286.9,8290.4,8271.15,8271.9,1332
1729843200,8271.9,8286.65,8252.15,8266.15,5141
1729857600,8266.15,8279.65,8247.15,8271.65,4875
1729872000,8271.65,8277.15,8245.65,8253.65,7743
1729886400,8253.65,8255.15,8221.65,8232.41,4465
1730073600,8261.8,8263.8,8239.7,8254.1,1969
1730088000,8255.6,8271.45,8245.2,8260.7,2266
1730102400,8260.7,8279.95,8231.95,8270.45,3869
1730116800,8270.45,8271.95,8211.45,8237.45,7468
1730131200,8237.45,8302.45,8236.95,8294.95,9374
1730145600,8294.95,8314.95,8294.45,8303.95,3436
1730160000,8300.4,8300.4,8290.8,8295.2,1014
1730174400,8295.2,8302.8,8287.55,8301.05,1804
1730188800,8301.05,8332.55,8293.05,8311.55,4293
1730203200,8311.55,8331.55,8264.05,8266.55,6496
1730217600,8266.55,8269.55,8218.05,8224.55,9391
1730232000,8224.55,8227.05,8204.05,8212.05,3959
1730246400,8213.0,8218.95,8209.4,8212.8,1082
1730260800,8212.8,8218.8,8180.65,8184.4,1769
1730275200,8184.4,8210.15,8167.85,8186.35,4103
1730289600,8184.35,8213.65,8167.65,8184.65,7643
1730304000,8184.65,8205.65,8157.15,8159.15,11156
1730318400,8159.65,8177.15,8156.65,8166.65,4477
1730332800,8150.4,8160.31,8148.59,8148.7,1640
1730347200,8150.7,8167.3,8139.55,8141.3,1738
1730361600,8141.3,8150.3,8095.55,8107.55,4816
1730376000,8106.55,8111.55,8091.05,8104.55,6672
1730390400,8104.55,8122.45,8070.05,8122.45,10212
1730404800,8122.45,8135.45,8114.45,8119.95,4640
1730419200,8127.48,8136.45,8105.8,8105.8,1754
1730433600,8107.3,8129.9,8107.3,8120.9,2241
1730448000,8121.4,8158.15,8107.85,8146.15,4581
1730462400,8146.15,8190.65,8142.65,8186.15,7051
1730476800,8186.15,8203.15,8160.65,8163.65,9161
1730491200,8163.65,8177.15,8157.15,8169.65,5320
1730678400,8159.28,8179.2,8152.3,8170.8,2062
1730692800,8171.3,8179.05,8165.8,8170.3,1361
1730707200,8170.3,8231.05,8165.55,8227.55,5420
1730721600,8227.55,8244.05,8209.05,8215.05,5610
1730736000,8214.05,8226.05,8173.05,8190.55,9035
1730750400,8190.55,8191.05,8173.4,8180.97,3757
1730764800,8184.3,8184.8,8160.3,8177.8,1606
1730779200,8177.3,8185.3,8172.3,8183.3,1309
1730793600,8183.3,8218.99,8175.49,8214.49,4493
1730808000,8213.99,8217.49,8164.49,8164.99,5345
1730822400,8165.49,8184.99,8150.49,8179.49,8838
1730836800,8179.49,8187.7,8167.99,8180.4,4479
1730851200,8185.14,8209.64,8175.14,8204.14,2808
1730865600,8204.14,8237.64,8162.64,8167.64,6838
1730880000,8167.64,8307.89,8162.39,8282.89,11077
1730894400,8283.39,8296.89,8194.39,8202.39,8336
1730908800,8202.39,8220.39,8146.89,8161.89,10785
1730923200,8161.89,8190.89,8159.39,8190.13,4198
1730937600,8175.75,8177.25,8140.64,8155.64,2194
1730952000,8155.64,8178.64,8147.64,8178.14,1813
1730966400,8178.14,8194.39,8160.42,8168.92,6241
1730980800,8168.92,8176.92,8149.92,8165.92,6369
1730995200,8166.42,8177.95,8131.45,8158.95,7168
1731009600,8158.95,8184.1,8149.42,8182.1,4523
1731024000,8175.85,8184.05,8169.99,8179.3,1367
1731038400,8179.3,8179.8,8155.3,8167.3,1455
1731052800,8167.3,8171.55,8080.55,8082.05,6267
1731067200,8082.05,8100.55,8061.05,8083.55,6953
1731081600,8084.05,8096.55,8058.55,8069.55,7995
1731096000,8069.55,8089.05,8065.05,8080.48,3335
1731283200,8082.9,8100.2,8076.3,8088.3,1986
1731297600,8088.8,8094.3,8080.3,8090.8,1262
1731312000,8091.05,8148.55,8090.8,8131.05,5241
1731326400,8131.05,8150.55,8125.05,8150.05,4895
1731340800,8150.05,8151.55,8119.55,8131.05,7338
1731355200,8131.05,8131.55,8109.18,8113.27,3742
1731369600,8109.5,8116.4,8100.9,8112.4,1217
1731384000,8112.4,8113.4,8082.9,8085.4,1519
1731398400,8085.4,8105.15,8053.15,8055.85,5897
1731412800,8056.15,8066.65,8040.15,8064.65,6063
1731427200,8064.15,8066.15,8013.65,8016.15,8819
1731441600,8016.15,8049.15,8015.65,8041.78,3936
1731456000,8037.15,8048.1,8026.1,8045.85,1441
1731470400,8045.85,8061.1,8039.1,8041.1,1695
1731484800,8041.6,8059.85,8023.85,8054.85,5233
1731499200,8054.85,8054.85,8007.35,8029.35,6040
1731513600,8029.35,8040.35,7996.35,8038.85,10039
1731528000,8038.85,8054.85,8035.85,8047.53,4234
1731542400,8039.9,8047.05,8035.3,8041.8,1192
1731556800,8041.8,8042.55,8020.3,8022.3,2036
1731571200,8022.3,8047.55,8001.55,8039.05,5890
1731585600,8039.05,8079.05,8038.05,8077.55,6288
1731600000,8077.55,8084.05,8046.55,8060.55,9997
1731614400,8060.55,8076.05,8047.23,8056.23,5928
1731628800,8053.55,8057.5,8044.0,8048.0,1681
1731643200,8048.0,8059.5,8044.5,8045.5,1326
1731657600,8045.0,8084.25,8028.25,8082.75,5912
1731672000,8082.25,8095.25,8058.62,8070.75,6777
1731686400,8071.25,8080.75,8050.75,8057.75,10381
1731700800,8057.25,8084.93,8047.75,8075.93,5060
1731888000,8078.0,8097.4,8074.0,8085.0,1427
1731902400,8085.0,8094.0,8077.5,8083.0,1177
1731916800,8083.0,8093.75,8061.25,8083.25,5176
1731931200,8083.75,8093.25,8056.25,8075.75,4923
1731945600,8075.25,8130.25,8065.25,8129.25,7530
1731960000,8128.75,8130.75,8107.93,8111.43,3510
1731974400,8110.7,8133.2,8104.2,8131.7,1212
1731988800,8131.7,8154.2,8126.7,8144.2,1200
1732003200,8143.95,8152.95,8069.45,8075.95,7564
1732017600,8075.95,8092.45,8060.95,8061.45,7521
1732032000,8061.45,8109.6,8055.95,8099.45,9780
1732046400,8099.45,8112.45,8095.45,8099.63,4128
1732060800,8099.9,8116.4,8093.4,8102.9,1556
1732075200,8103.4,8111.9,8099.4,8103.9,1431
1732089600,8103.9,8136.65,8079.9,8118.65,5735
1732104000,8118.15,8128.65,8093.15,8117.65,5216
1732118400,8117.65,8119.15,8079.65,8088.15,9827
1732132800,8088.15,8117.15,8082.15,8116.02,6202
1732147200,8106.2,8111.2,8085.7,8096.7,1702
1732161600,8096.7,8111.7,8096.2,8110.2,1345
1732176000,8110.2,8130.95,8070.45,8091.95,7172
1732190400,8091.95,8131.45,8086.95,8123.95,6308
1732204800,8123.95,8179.95,8113.45,8178.45,10724
1732219200,8178.45,8194.95,8174.95,8180.55,4637
1732233600,8170.8,8204.5,8169.3,8200.5,1568
1732248000,8200.5,8206.25,8189.0,8189.0,1770
1732262400,8189.5,8224.25,8180.75,8212.75,6523
1732276800,8212.75,8257.25,8205.25,8250.75,7160
1732291200,8251.25,8287.6,8244.75,8285.25,9666
1732305600,8285.25,8288.25,8267.85,8281.03,4071
1732492800,8314.9,8346.8,8301.48,8305.4,1912
1732507200,8305.4,8308.4,8293.9,8300.9,1206
1732521600,8300.9,8316.65,8285.15,8298.65,5815
1732536000,8298.65,8310.15,8279.15,8304.15,5196
1732550400,8304.15,8321.15,8284.65,8293.15,9452
1732564800,8293.15,8317.65,8292.65,8302.83,4254
1732579200,8309.0,8309.5,8247.5,8270.25,3589
1732593600,8270.5,8285.0,8270.5,8271.5,1271
1732608000,8271.5,8291.25,8257.75,8272.25,5706
1732622400,8272.25,8295.75,8264.75,8292.25,5502
1732636800,8291.75,8298.25,8258.25,8275.75,7979
1732651200,8275.75,8285.25,8270.25,8277.43,3771
1732665600,8277.1,8285.6,8273.1,8282.6,1028
1732680000,8282.6,8289.1,8273.1,8273.6,1091
1732694400,8273.6,8291.85,8263.35,8290.85,5715
1732708800,8290.85,8291.85,8257.85,8260.85,5400
1732723200,8259.85,8294.35,8249.85,8275.85,8892
1732737600,8275.85,8290.85,8273.85,8281.05,3008
1732752000,8284.6,8302.1,8278.6,8294.6,1001
1732766400,8294.6,8303.6,8292.6,8300.1,1095
1732780800,8300.1,8314.85,8288.55,8308.85,3782
1732795200,8308.85,8309.85,8281.35,8292.85,3796
1732809600,8292.35,8303.85,8282.85,8301.85,3621
1732824000,8301.85,8301.85,8295.53,8295.53,410
1732838400,8291.3,8296.3,8268.2,8292.8,1315
1732852800,8292.8,8307.8,8291.8,8298.3,1055
1732867200,8297.8,8305.05,8265.75,8287.05,4589
1732881600,8287.05,8300.05,8264.05,8275.05,5721
1732896000,8275.05,8310.05,8263.43,8304.55,8821
1732910400,8304.55,8305.05,8288.55,8291.7,915
1733097600,8290.4,8301.4,8270.3,8296.9,1882
1733112000,8297.4,8304.9,8290.4,8298.4,1408
1733126400,8298.4,8307.4,8286.15,8286.65,3730
1733140800,8286.65,8343.15,8283.15,8335.65,4830
1733155200,8335.65,8337.65,8286.65,8327.15,9342
1733169600,8327.15,8341.65,8323.15,8330.83,3593
1733184000,8333.2,8341.44,8331.2,8331.2,1201
1733198400,8331.7,8340.2,8328.45,8334.2,1260
1733212800,8334.2,8387.95,8323.45,8385.95,5219
1733227200,8386.45,8403.95,8374.45,8392.45,5239
1733241600,8392.45,8397.45,8364.95,8376.45,7853
1733256000,8376.95,8376.95,8357.45,8366.64,3303
1733270400,8360.3,8367.8,8347.8,8351.8,1249
1733284800,8352.3,8358.8,8349.8,8358.05,1219
1733299200,8358.05,8373.55,8338.05,8338.55,5659
1733313600,8339.55,8359.05,8332.55,8353.55,4756
1733328000,8353.55,8360.05,8333.05,8339.05,6439
1733342400,8339.05,8342.9,8325.05,8327.37,3258
1733356800,8325.1,8339.6,8321.85,8336.6,905
1733371200,8336.6,8342.1,8324.85,8332.6,1127
1733385600,8332.6,8356.35,8328.85,8348.85,4426
1733400000,8348.85,8354.35,8329.35,8343.25,4808
1733414400,8343.75,8369.75,8335.25,8369.25,7014
1733428800,8368.75,8371.65,8345.83,8351.83,3729
1733443200,8347.5,8353.0,8334.5,8337.0,1167
1733457600,8337.0,8348.0,8334.5,8342.5,1235
1733472000,8342.5,8360.6,8333.75,8344.25,4564
1733486400,8344.25,8361.25,8337.25,8351.75,4802
1733500800,8351.25,8359.75,8301.75,8302.25,8245
1733515200,8301.75,8310.25,8294.75,8303.41,3362
1733702400,8305.3,8315.3,8301.05,8310.55,1384
1733716800,8310.55,8317.8,8305.3,8316.3,1264
1733731200,8316.8,8356.55,8315.05,8342.55,5584
1733745600,8342.55,8364.55,8330.55,8363.55,5194
1733760000,8363.55,8379.55,8353.55,8359.55,7688
1733774400,8359.55,8360.55,8331.73,8338.45,3752
1733788800,8338.4,8344.8,8318.9,8322.9,1419
1733803200,8322.9,8328.4,8318.4,8325.65,1720
1733817600,8325.65,8332.65,8305.65,8313.15,4855
1733832000,8312.65,8321.15,8303.15,8313.15,4736
1733846400,8313.15,8315.65,8276.15,8278.65,7579
1733860800,8278.65,8285.15,8254.83,8264.12,3658
1733875200,8264.5,8264.5,8254.0,8257.0,1004
1733889600,8257.0,8259.75,8248.5,8256.0,1320
1733904000,8256.0,8275.75,8243.4,8274.75,5239
1733918400,8275.75,8323.25,8273.75,8317.75,5442
1733932800,8317.75,8322.25,8291.25,8315.75,7934
1733947200,8315.75,8328.25,8313.43,8313.43,3612
1733961600,8312.9,8319.5,8304.5,8310.0,1109
1733976000,8310.25,8324.25,8309.0,8323.25,1706
1733990400,8323.25,8327.25,8305.25,8320.25,4476
1734004800,8320.25,8334.75,8303.25,8309.25,4655
1734019200,8309.75,8324.75,8302.25,8310.25,7529
1734033600,8310.25,8312.25,8286.65,8293.65,4202
1734048000,8297.1,8306.6,8289.1,8290.1,1246
1734062400,8289.6,8298.6,8281.1,8291.6,1487
1734076800,8291.6,8336.35,8291.6,8321.35,4864
1734091200,8321.85,8330.85,8312.85,8316.35,4337
1734105600,8316.35,8318.85,8284.85,8294.85,7588
1734120000,8294.85,8307.85,8294.53,8298.03,3333
1734307200,8305.9,8315.7,8301.1,8306.7,3483
1734321600,8306.5,8306.7,8287.6,8288.8,1194
1734336000,8289.1,8307.8,8274.0,8279.4,5693
1734350400,8279.4,8282.4,8261.1,8267.4,5295
1734364800,8267.1,8284.7,8252.5,8267.0,8586
1734379200,8267.0,8269.8,8224.53,8227.33,3720
1734393600,8232.5,8252.6,8227.0,8250.8,3021
1734408000,8250.1,8250.6,8234.3,8235.1,1518
1734422400,8235.1,8235.3,8190.5,8207.4,6674
1734436800,8207.4,8212.6,8187.1,8207.9,6162
1734451200,8207.9,8225.0,8190.6,8214.7,8667
1734465600,8214.5,8216.2,8187.73,8193.53,5362
1734480000,8177.5,8230.9,8177.5,8196.3,2880
1734494400,8197.1,8199.6,8184.7,8195.7,2016
1734508800,8196.2,8231.7,8195.7,8228.7,4504
1734523200,8228.5,8229.5,8191.0,8206.2,4935
1734537600,8206.5,8214.1,8192.3,8197.9,6472
1734552000,8198.1,8207.6,8069.53,8105.03,20013
1734566400,8128.8,8130.2,8096.3,8106.0,8108
1734580800,8105.7,8108.3,8093.9,8093.9,2988
1734595200,8094.1,8123.4,8088.5,8094.0,7970
1734609600,8094.0,8122.2,8076.0,8116.0,7788
1734624000,8115.5,8121.7,8081.4,8115.9,12194
1734638400,8115.7,8129.5,8105.6,8121.83,7251
1734652800,8114.8,8118.6,8071.2,8071.7,6099
1734667200,8071.7,8089.9,8065.7,8087.5,2836
1734681600,8087.8,8097.7,8037.2,8054.5,7585
1734696000,8054.7,8061.0,7994.0,8002.7,11573
1734710400,8002.5,8102.5,7999.5,8091.6,15338
1734724800,8091.4,8101.4,8060.9,8066.6,5919
1734912000,8080.3,8095.1,8064.0,8094.6,5213
1734926400,8094.4,8100.5,8087.3,8091.3,2116
1734940800,8091.6,8095.1,8040.5,8079.6,6410
1734955200,8079.4,8103.6,8075.1,8081.1,5719
1734969600,8081.4,8112.5,8064.1,8112.1,10224
1734984000,8111.8,8141.23,8104.4,8134.83,5516
1734998400,8131.2,8133.2,8114.3,8125.7,3139
1735012800,8125.5,8130.0,8121.3,8123.7,883
1735027200,8123.4,8139.7,8109.0,8130.7,1796
1735041600,8130.7,8141.0,8114.2,8116.5,1899
1735257600,8140.4,8141.8,8129.8,8137.9,685
1735272000,8137.9,8138.6,8127.1,8133.1,1345
1735286400,8132.8,8140.1,8105.9,8136.6,4620
1735300800,8136.9,8141.4,8110.8,8110.8,4269
1735315200,8110.8,8147.1,8107.2,8115.0,11138
1735329600,8114.7,8141.3,8114.7,8128.1,5046
1735516800,8123.5,8147.0,8112.4,8144.9,4348
1735531200,8144.4,8144.4,8118.7,8124.2,1220
1735545600,8123.9,8128.8,8101.3,8125.1,4171
1735560000,8124.8,8142.6,8104.0,8105.2,5043
1735574400,8104.7,8134.4,8090.3,8132.7,10472
1735588800,8132.9,8143.0,8105.33,8111.63,8202
1735603200,8111.2,8118.7,8102.0,8115.0,2522
1735617600,8115.3,8119.0,8094.8,8105.4,785
1735632000,8105.1,8140.6,8088.6,8134.1,2283
1735646400,8134.3,8177.8,8133.8,8163.8,2806
1735776000,8164.8,8170.6,8156.1,8158.8,790
1735790400,8158.9,8171.6,8152.5,8168.0,2379
1735804800,8168.2,8198.3,8153.8,8172.5,6385
1735819200,8172.7,8241.5,8159.7,8231.3,6902
1735833600,8231.5,8268.7,8215.6,8231.3,14671
1735848000,8231.1,8234.53,8206.6,8230.33,9061
1735862400,8226.9,8242.2,8219.0,8240.8,3378
1735876800,8240.6,8255.8,8240.3,8246.3,1762
1735891200,8245.5,8267.5,8233.8,8256.1,5799
1735905600,8256.1,8259.1,8236.3,8253.6,4668
1735920000,8254.6,8259.6,8213.4,8217.5,9120
1735934400,8217.3,8223.0,8213.0,8218.4,2660
1736121600,8218.5,8225.2,8210.1,8223.2,3606
1736136000,8222.9,8225.4,8214.4,8222.7,1383
1736150400,8222.4,8227.1,8195.4,8207.2,5496
1736164800,8207.5,8245.2,8199.2,8240.0,7187
1736179200,8239.5,8253.8,8201.6,8230.5,11002
1736193600,8230.5,8230.9,8194.0,8209.53,6539
1736208000,8215.8,8215.8,8198.6,8205.1,3149
1736222400,8205.4,8207.5,8195.6,8203.5,1304
1736236800,8203.2,8228.5,8186.4,8224.3,6245
1736251200,8224.5,8237.5,8213.0,8230.0,5299
1736265600,8229.5,8253.1,8214.7,8245.1,12367
1736280000,8245.4,8257.4,8218.1,8231.43,6147
1736294400,8229.6,8244.0,8223.5,8241.3,2863
1736308800,8240.8,8246.0,8235.5,8240.8,1515
1736323200,8240.5,8262.3,8226.7,8250.8,6544
1736337600,8250.8,8268.4,8187.9,8204.7,11914
1736352000,8204.9,8259.3,8203.6,8239.9,11634
1736366400,8239.4,8264.9,8231.7,8256.53,7055
1736380800,8254.8,8258.1,8239.0,8244.2,3169
1736395200,8243.9,8259.7,8243.9,8259.4,1427
1736409600,8259.2,8307.6,8242.6,8285.7,7043
1736424000,8285.7,8319.7,8283.4,8318.9,6090
1736438400,8318.7,8326.4,8303.4,8324.6,3843
1736452800,8324.4,8326.4,8310.6,8312.1,451
1736467200,8311.9,8318.2,8285.8,8297.5,5755
1736481600,8297.6,8317.7,8293.6,8317.4,1559
1736496000,8317.7,8325.9,8293.2,8295.0,5536
1736510400,8295.0,8305.0,8262.71,8278.8,7846
1736524800,8278.8,8305.0,8239.9,8264.2,14926
1736539200,8263.9,8285.2,8246.4,8255.4,5934
1736726400,8246.0,8263.1,8222.4,8232.9,4684
1736740800,8232.6,8238.7,8224.4,8236.0,2077
1736755200,8235.8,8243.1,8206.2,8206.5,7778
1736769600,8206.2,8230.0,8198.5,8199.8,7262
1736784000,8201.0,8234.2,8187.9,8215.8,11836
1736798400,8215.6,8227.43,8207.6,8224.73,6420
1736812800,8227.2,8240.5,8215.4,8223.8,4156
1736827200,8223.5,8231.0,8216.8,8231.0,1868
1736841600,8231.3,8238.3,8209.7,8230.8,7816
1736856000,8230.8,8243.1,8206.0,8212.1,7508
1736870400,8212.6,8226.6,8179.8,8196.9,11798
1736884800,8196.9,8233.53,8196.7,8230.93,7833
1736899200,8217.7,8227.1,8215.5,8225.5,2203
1736913600,8225.0,8226.1,8213.8,8217.1,1420
1736928000,8216.8,8265.3,8214.2,8257.3,7981
1736942400,8256.8,8290.8,8248.9,8285.0,7881
1736956800,8284.8,8314.7,8262.3,8310.8,11168
1736971200,8311.1,8332.5,8310.53,8311.03,4232
1736985600,8313.0,8332.0,8309.6,8309.6,2655
1737000000,8309.9,8312.6,8301.9,8307.0,1539
1737014400,8307.2,8371.0,8306.7,8370.8,8745
1737028800,8371.3,8377.3,8344.8,8355.6,7212
1737043200,8355.8,8400.9,8354.0,8399.6,9033
1737057600,8399.6,8424.4,8396.6,8408.83,6367
1737072000,8410.9,8423.9,8407.0,8420.9,2903
1737086400,8421.7,8428.7,8415.8,8424.0,2471
1737100800,8424.0,8481.8,8423.6,8475.7,8179
1737115200,8475.9,8515.1,8472.1,8505.4,7432
1737129600,8505.4,8534.4,8499.9,8507.3,8370
1737144000,8507.8,8508.2,8490.0,8505.4,2737
1737331200,8500.4,8508.0,8485.5,8489.8,4257
1737345600,8489.8,8502.2,8487.3,8493.1,1529
1737360000,8493.3,8533.1,8481.9,8520.2,5171
1737374400,8520.4,8530.3,8509.9,8528.1,6322
1737388800,8528.3,8549.57,8502.97,8522.47,8148
1737403200,8522.47,8524.37,8511.87,8520.67,719
1737417600,8515.1,8532.27,8469.97,8517.17,7892
1737432000,8517.47,8532.87,8511.37,8518.37,2147
1737446400,8518.37,8544.67,8513.67,8534.17,5681
1737460800,8534.17,8540.17,8512.97,8536.87,5813
1737475200,8537.07,8556.9,8521.77,8556.0,8877
1737489600,8555.7,8563.43,8549.0,8558.63,4112
1737504000,8559.4,8572.0,8558.5,8561.9,3734
1737518400,8561.6,8565.4,8556.0,8558.0,1557
1737532800,8557.7,8582.7,8545.4,8578.2,5955
1737547200,8578.2,8584.2,8556.7,8560.2,5376
1737561600,8560.7,8561.7,8524.6,8532.6,7374
1737576000,8532.9,8536.3,8506.03,8507.33,3342
1737590400,8516.7,8519.2,8507.1,8508.0,2493
1737604800,8507.7,8519.7,8505.2,8513.5,1294
1737619200,8513.2,8550.1,8507.6,8530.4,5285
1737633600,8530.1,8560.1,8527.4,8547.6,4307
1737648000,8548.1,8571.0,8547.1,8553.7,7809
1737662400,8553.7,8565.6,8550.9,8558.03,3956
1737676800,8556.5,8572.1,8556.1,8565.6,1934
1737691200,8565.8,8576.3,8565.5,8573.1,2293
1737705600,8573.3,8587.3,8529.8,8536.6,6370
1737720000,8536.3,8540.6,8526.1,8533.6,5113
1737734400,8533.6,8533.6,8486.3,8487.3,7841
1737748800,8486.8,8493.9,8476.1,8476.1,2721
1737936000,8461.5,8472.5,8436.7,8461.1,4476
1737950400,8461.3,8488.9,8461.3,8469.8,2010
1737964800,8470.0,8491.6,8427.1,8483.1,9486
1737979200,8483.1,8491.2,8472.3,8490.7,8545
1737993600,8490.7,8513.1,8477.7,8494.5,10544
1738008000,8494.8,8534.03,8493.0,8529.03,7427
1738022400,8527.9,8532.3,8505.9,8507.6,7609
1738036800,8507.4,8526.5,8502.6,8514.7,2603
1738051200,8515.0,8552.8,8495.8,8542.0,6825
1738065600,8542.3,8561.3,8534.3,8558.3,4565
1738080000,8558.8,8572.2,8517.0,8525.8,8078
1738094400,8526.0,8542.7,8524.0,8535.73,3933
1738108800,8533.8,8548.6,8529.9,8544.7,2732
1738123200,8544.9,8547.4,8531.9,8534.9,1262
1738137600,8535.7,8547.8,8517.6,8543.7,6323
1738152000,8543.7,8564.5,8542.7,8560.9,4315
1738166400,8560.7,8584.7,8539.9,8541.2,6162
1738180800,8540.9,8550.7,8507.43,8542.83,13461
1738195200,8539.7,8557.0,8529.5,8555.0,4968
1738209600,8555.3,8559.3,8542.8,8545.5,1484
1738224000,8546.3,8578.7,8543.0,8568.5,4873
1738238400,8568.5,8618.2,8566.5,8612.5,4622
1738252800,8612.0,8675.9,8604.1,8674.9,7074
1738267200,8675.2,8683.9,8644.5,8659.33,7359
1738281600,8673.2,8674.6,8654.9,8663.0,4089
1738296000,8663.2,8663.5,8654.5,8659.7,1904
1738310400,8659.5,8692.1,8654.5,8673.1,4841
1738324800,8672.8,8688.3,8663.8,8687.5,4303
1738339200,8687.5,8688.5,8662.2,8677.1,7634
1738353600,8677.2,8684.7,8628.8,8637.3,8084
1738540800,8550.0,8626.6,8526.9,8561.6,12371
1738555200,8561.9,8575.4,8551.1,8571.4,3932
1738569600,8570.9,8584.4,8543.2,8558.0,9843
1738584000,8558.2,8578.2,8546.1,8551.2,6638
1738598400,8550.9,8594.6,8508.63,8555.7,17867
1738612800,8555.7,8598.23,8547.83,8588.53,10711
1738627200,8581.3,8587.1,8557.7,8567.0,3967
1738641600,8567.2,8585.8,8535.5,8556.8,3790
1738656000,8557.1,8568.2,8522.6,8562.2,7905
1738670400,8561.9,8582.5,8549.2,8555.2,5638
1738684800,8555.0,8581.6,8547.6,8557.5,9315
1738699200,8557.3,8562.7,8527.73,8531.33,6204
1738713600,8533.1,8565.8,8526.8,8552.7,4372
1738728000,8552.9,8556.8,8546.9,8548.0,1960
1738742400,8548.0,8578.6,8540.1,8565.1,5792
1738756800,8565.4,8604.73,8557.7,8602.73,4865
1738771200,8603.23,8640.2,8585.6,8639.1,7989
1738785600,8639.1,8663.1,8638.3,8652.13,4144
1738800000,8651.3,8669.9,8647.1,8665.8,2807
1738814400,8665.8,8673.7,8663.1,8672.9,1240
1738828800,8673.2,8722.0,8669.9,8720.53,5595
1738843200,8720.83,8767.53,8714.53,8754.83,8068
1738857600,8755.33,8763.53,8709.7,8720.8,8928
1738872000,8720.6,8720.6,8668.53,8691.63,6644
1738886400,8699.9,8710.5,8699.2,8702.4,2670
1738900800,8702.1,8711.0,8701.6,8706.8,1780
1738915200,8707.0,8731.1,8700.2,8717.43,5231
1738929600,8717.63,8720.13,8695.43,8714.43,5093
1738944000,8714.93,8716.43,8683.6,8699.5,11373
1738958400,8699.2,8707.5,8681.9,8690.5,3869
1739145600,8679.8,8715.5,8678.1,8711.6,4931
1739160000,8711.4,8713.1,8703.9,8706.0,1761
1739174400,8705.8,8746.33,8700.7,8736.33,5208
1739188800,8736.03,8771.83,8733.53,8767.33,3694
1739203200,8767.53,8787.83,8761.2,8771.6,6312
1739217600,8771.6,8782.3,8771.3,8780.73,3426
1739232000,8773.7,8782.6,8762.0,8777.7,3231
1739246400,8777.4,8778.8,8768.0,8775.0,1914
1739260800,8774.7,8791.8,8763.3,8765.63,4909
1739275200,8765.63,8776.13,8756.83,8756.83,4512
1739289600,8756.83,8786.2,8749.7,8775.2,6952
1739304000,8775.0,8788.8,8769.83,8770.93,3864
1739318400,8773.2,8785.4,8766.8,8782.6,2800
1739332800,8782.7,8786.8,8780.4,8784.7,1805
1739347200,8784.2,8791.88,8775.0,8783.83,4566
1739361600,8783.83,8791.63,8757.8,8775.5,5554
1739376000,8775.5,8824.9,8766.8,8821.5,9199
1739390400,8821.5,8833.33,8815.0,8833.33,5439
1739404800,8820.0,8837.1,8818.3,8822.0,2940
1739419200,8822.2,8822.2,8808.0,8812.2,2021
1739433600,8811.9,8817.7,8729.9,8735.6,8264
1739448000,8735.3,8769.1,8729.0,8759.6,8101
1739462400,8759.3,8768.3,8735.6,8759.9,8149
1739476800,8759.6,8769.5,8748.0,8755.33,6135
1739491200,8756.4,8765.1,8752.3,8761.1,3232
1739505600,8761.3,8763.8,8756.9,8758.7,1486
1739520000,8758.2,8767.1,8727.5,8746.43,5860
1739534400,8746.43,8755.43,8733.18,8734.9,5714
1739548800,8735.4,8743.8,8711.5,8715.2,7774
1739563200,8715.5,8719.0,8701.7,8705.7,2065
1739750400,8715.0,8722.9,8703.8,8717.4,2920
1739764800,8717.7,8730.4,8714.5,8726.2,2129
1739779200,8725.7,8751.73,8721.5,8750.53,4779
1739793600,8750.73,8757.53,8740.03,8754.53,3633
1739808000,8754.53,8782.9,8750.23,8778.6,3730
1739822400,8779.1,8779.1,8768.6,8773.1,455
1739836800,8769.4,8769.7,8757.7,8760.0,2554
1739851200,8759.7,8773.4,8758.6,8760.0,2199
1739865600,8759.7,8788.5,8756.4,8764.33,5400
1739880000,8764.33,8787.58,8762.7,8782.03,4951
1739894400,8782.53,8785.33,8757.5,8774.9,6783
1739908800,8774.9,8777.7,8756.9,8760.63,4005
1739923200,8770.5,8771.8,8756.7,8761.0,2467
1739937600,8760.8,8767.9,8758.2,8766.7,2442
1739952000,8766.5,8775.3,8733.58,8762.88,6551
1739966400,8762.88,8764.6,8703.58,8705.58,7511
1739980800,8705.58,8723.0,8693.4,8703.7,8255
1739995200,8703.4,8722.4,8693.7,8713.63,4498
1740009600,8696.1,8700.6,8682.2,8682.6,3279
1740024000,8683.1,8698.9,8681.3,8694.4,2253
1740038400,8694.1,8705.7,8673.8,8690.68,6629
1740052800,8691.18,8699.18,8667.43,8667.43,5991
1740067200,8667.43,8687.6,8646.9,8658.7,9214
1740081600,8658.4,8666.7,8649.4,8653.23,4823
1740096000,8658.3,8663.2,8648.4,8648.4,2825
1740110400,8648.9,8656.0,8646.9,8650.8,2715
1740124800,8650.9,8674.0,8645.4,8665.4,6610
1740139200,8665.7,8685.4,8663.18,8664.68,5342
1740153600,8664.68,8677.2,8641.6,8649.0,9388
1740168000,8649.2,8649.3,8611.8,8633.1,6742
1740355200,8640.7,8683.0,8640.7,8662.8,5492
1740369600,8662.5,8675.2,8661.5,8669.7,3416
1740384000,8670.0,8689.3,8653.6,8680.63,8341
1740398400,8681.13,8689.8,8650.08,8650.58,6287
1740412800,8650.58,8662.9,8613.5,8654.1,12031
1740427200,8653.8,8660.7,8628.33,8638.93,6789
1740441600,8640.3,8648.9,8625.4,8647.3,4792
1740456000,8647.8,8660.5,8646.4,8657.1,2535
1740470400,8656.9,8692.2,8628.2,8676.4,7986
1740484800,8677.1,8707.8,8676.0,8705.53,6889
1740499200,8705.83,8712.78,8649.5,8680.7,12964
1740513600,8681.0,8709.0,8674.5,8703.43,8749
1740528000,8708.7,8711.8,8700.7,8707.9,3424
1740542400,8707.9,8730.3,8700.8,8728.1,3219
1740556800,8728.2,8739.7,8700.5,8721.0,7159
1740571200,8721.0,8732.23,8712.58,8717.7,5993
1740585600,8717.4,8739.6,8695.9,8699.1,9319
1740600000,8698.9,8727.13,8678.1,8719.83,11438
1740614400,8697.8,8710.2,8685.9,8705.5,7431
1740628800,8705.2,8715.9,8698.9,8713.9,2789
1740643200,8714.1,8753.6,8695.9,8751.6,8174
1740657600,8751.1,8768.5,8728.9,8732.9,7943
1740672000,8732.7,8765.6,8706.9,8760.9,12728
1740686400,8760.7,8782.8,8723.33,8736.63,10563
1740700800,8739.8,8743.7,8709.5,8720.0,5969
1740715200,8720.2,8726.2,8691.7,8697.2,4892
1740729600,8697.2,8767.88,8678.1,8767.88,8177
1740744000,8768.08,8795.1,8764.3,8791.5,7191
1740758400,8792.0,8817.0,8773.3,8775.3,12530
1740772800,8774.8,8820.0,8763.3,8819.5,8290
1740960000,8850.4,8865.5,8825.1,8845.8,9001
1740974400,8845.1,8858.0,8840.5,8857.4,3552
1740988800,8857.4,8862.2,8821.6,8848.1,9331
1741003200,8847.8,8897.4,8838.2,8893.7,9358
1741017600,8893.4,8909.4,8859.3,8870.6,15989
1741032000,8869.8,8871.8,8790.6,8851.14,14843
1741046400,8841.3,8854.7,8816.9,8820.7,7932
1741060800,8819.2,8831.9,8812.9,8826.4,3524
1741075200,8826.7,8846.5,8802.7,8831.9,11598
1741089600,8831.9,8852.6,8783.2,8783.2,11329
1741104000,8783.0,8797.3,8743.9,8781.1,20791
1741118400,8781.6,8869.6,8780.6,8830.74,19724
1741132800,8844.6,8847.8,8796.1,8812.9,9393
1741147200,8813.1,8817.9,8797.6,8812.2,4472
1741161600,8812.5,8833.1,8785.4,8830.3,10076
1741176000,8830.8,8836.7,8781.4,8784.6,10260
1741190400,8785.1,8799.7,8742.9,8798.6,15905
1741204800,8798.1,8829.1,8776.9,8796.94,12158
1741219200,8779.0,8781.2,8752.6,8773.1,5190
1741233600,8774.1,8783.0,8767.6,8776.4,2369
1741248000,8775.6,8795.2,8668.7,8670.4,11106
1741262400,8670.4,8685.0,8642.5,8656.5,10115
1741276800,8656.2,8703.2,8625.9,8641.4,18514
1741291200,8640.9,8672.7,8630.9,8659.74,14010
1741305600,8661.6,8664.5,8636.1,8659.7,6296
1741320000,8660.2,8672.0,8648.2,8649.1,3200
1741334400,8649.2,8665.8,8625.8,8648.6,8819
1741348800,8648.8,8670.8,8624.0,8651.8,9664
1741363200,8652.1,8722.5,8645.3,8707.5,19019
1741377600,8708.3,8749.0,8706.5,8744.3,9594
1741564800,8703.9,8718.0,8664.2,8718.0,14146
1741579200,8713.5,8728.8,8706.3,8707.9,3298
1741593600,8708.4,8715.2,8630.7,8631.2,8391
1741608000,8631.0,8663.4,8612.0,8623.4,13205
1741622400,8623.9,8634.7,8588.8,8594.8,17922
1741636800,8594.6,8597.1,8528.8,8596.76,13358
1741651200,8596.1,8602.6,8533.3,8552.4,15552
1741665600,8552.4,8621.2,8535.1,8614.5,5440
1741680000,8614.3,8628.9,8570.7,8594.4,8975
1741694400,8594.2,8599.2,8551.7,8556.7,10690
1741708800,8557.4,8565.4,8469.8,8476.3,24370
1741723200,8476.6,8545.2,8461.9,8508.86,14664
1741737600,8502.8,8524.5,8502.8,8519.7,9219
1741752000,8519.3,8527.4,8505.0,8519.1,4123
1741766400,8518.6,8532.0,8501.7,8525.3,7668
1741780800,8526.6,8567.34,8525.3,8539.8,10781
1741795200,8540.3,8543.2,8496.5,8522.4,16745
1741809600,8522.9,8566.9,8520.9,8536.56,9651
1741824000,8535.8,8566.0,8532.7,8546.6,7693
1741838400,8546.4,8546.4,8510.9,8513.4,3380
1741852800,8513.2,8564.5,8503.9,8562.8,8315
1741867200,8562.5,8581.1,8514.8,8542.0,10678
1741881600,8542.3,8567.5,8520.0,8538.6,18467
1741896000,8538.6,8548.1,8510.6,8544.36,9521
1741910400,8547.5,8576.5,8547.2,8570.4,9718
1741924800,8565.5,8565.5,8541.2,8562.2,3709
1741939200,8561.9,8578.0,8537.8,8575.8,6644
1741953600,8575.8,8608.8,8565.6,8605.1,10410
1741968000,8604.3,8654.3,8580.0,8653.8,13993
1741982400,8652.3,8674.5,8640.0,8670.8,5972
1742169600,8662.4,8667.3,8639.3,8664.2,7311
1742184000,8653.2,8670.8,8653.2,8659.6,2936
1742198400,8659.7,8661.8,8625.0,8646.1,6407
1742212800,8646.1,8658.8,8627.5,8651.8,7793
1742227200,8651.8,8689.7,8649.8,8679.8,13104
1742241600,8679.5,8716.6,8677.0,8697.36,5918
1742256000,8701.0,8705.1,8690.8,8694.4,5285
1742270400,8697.3,8711.2,8692.7,8695.3,2411
1742284800,8695.5,8716.4,8695.1,8713.8,5133
1742299200,8714.3,8727.1,8693.9,8722.8,7857
1742313600,8722.3,8723.0,8686.1,8688.2,14672
1742328000,8688.2,8701.5,8677.6,8699.86,7724
1742342400,8695.7,8725.6,8685.1,8722.8,5585
1742356800,8718.2,8718.2,8709.2,8710.5,2126
1742371200,8710.7,8717.4,8662.0,8679.0,6419
1742385600,8679.0,8702.5,8668.7,8701.5,8161
1742400000,8702.0,8718.3,8676.5,8703.7,10176
1742414400,8703.4,8725.9,8692.2,8711.16,11467
1742428800,8716.7,8732.3,8714.6,8725.4,4619
1742443200,8722.7,8722.7,8697.1,8701.5,1801
1742457600,8701.8,8740.8,8692.8,8723.0,5517
1742472000,8722.8,8722.8,8661.0,8697.5,12562
1742486400,8697.5,8712.0,8679.2,8694.7,13096
1742500800,8694.0,8703.6,8678.4,8697.96,6776
1742515200,8693.6,8705.6,8681.1,8700.9,4665
1742529600,8698.1,8707.4,8694.8,8699.1,3134
1742544000,8699.8,8709.7,8645.4,8665.9,7057
1742558400,8665.9,8680.4,8613.1,8644.9,10835
1742572800,8644.9,8657.5,8614.1,8644.6,13145
1742587200,8644.8,8654.0,8632.6,8638.3,4227
1742774400,8667.1,8673.4,8656.4,8671.8,5293
1742788800,8675.6,8675.6,8662.0,8670.1,2589
1742803200,8670.6,8696.9,8665.3,8691.0,5057
1742817600,8691.0,8697.3,8614.0,8620.2,7778
1742832000,8621.0,8661.4,8616.2,8639.8,10870
1742846400,8640.0,8649.4,8624.0,8642.66,4248
1742860800,8639.2,8642.1,8628.7,8641.8,2901
1742875200,8647.8,8648.0,8610.8,8611.1,2314
1742889600,8611.3,8685.8,8608.7,8680.8,5540
1742904000,8680.8,8713.1,8666.1,8708.4,6264
1742918400,8708.4,8718.0,8658.0,8667.1,7767
1742932800,8667.4,8675.76,8659.0,8674.56,3549
1742947200,8675.5,8682.6,8670.4,8680.0,2911
1742961600,8673.4,8683.1,8670.4,8673.6,2093
1742976000,8673.9,8704.8,8654.4,8670.7,5468
1742990400,8670.7,8691.6,8654.5,8667.4,7384
1743004800,8666.9,8713.6,8662.6,8684.8,11457
1743019200,8684.3,8688.7,8657.8,8672.26,6679
1743033600,8650.6,8664.8,8635.0,8657.6,8396
1743048000,8651.8,8662.1,8644.0,8661.4,2153
1743062400,8660.9,8661.3,8617.5,8638.5,6863
1743076800,8638.7,8645.5,8613.8,8619.3,7678
1743091200,8619.5,8667.9,8606.2,8648.4,11002
1743105600,8648.9,8665.6,8639.9,8663.46,5717
1743120000,8661.8,8663.7,8647.2,8662.8,4517
1743134400,8659.7,8672.6,8656.4,8662.4,1768
1743148800,8661.9,8690.8,8632.9,8690.3,5554
1743163200,8690.6,8693.3,8641.3,8669.9,7724
1743177600,8670.1,8680.1,8633.8,8657.5,14019
1743192000,8657.2,8658.7,8639.2,8649.0,5441
1743379200,8624.8,8642.9,8608.5,8610.7,7213
1743393600,8610.9,8621.4,8608.2,8610.9,3009
1743408000,8610.8,8611.8,8556.0,8577.1,11485
1743422400,8577.1,8586.3,8527.8,8550.1,9168
1743436800,8549.8,8596.8,8537.5,8585.5,14528
1743451200,8585.2,8634.7,8582.4,8616.86,10141
1743465600,8614.7,8619.9,8591.0,8598.0,6490
1743480000,8597.8,8617.2,8595.3,8615.4,2873
1743494400,8615.6,8672.1,8612.7,8655.9,8825
1743508800,8655.6,8667.9,8615.1,8642.4,8423
1743523200,8642.4,8644.6,8585.1,8609.5,14234
1743537600,8609.3,8614.2,8572.2,8603.46,9598
1743552000,8612.1,8634.9,8597.4,8598.4,4937
1743566400,8598.2,8606.8,8597.3,8603.4,2285
1743580800,8603.7,8621.1,8571.1,8582.9,9014
1743595200,8583.2,8590.2,8544.6,8575.4,9038
1743609600,8575.4,8607.3,8560.6,8591.5,13997
1743624000,8591.8,8674.76,8486.46,8546.16,17928
1743638400,8448.7,8517.4,8387.3,8426.7,10625
1743652800,8427.0,8479.5,8424.0,8469.7,5169
1743667200,8469.2,8532.9,8437.5,8506.8,15082
1743681600,8508.3,8510.5,8458.8,8483.3,14859
1743696000,8483.0,8516.7,8447.0,8496.7,23251
1743710400,8497.7,8505.4,8442.86,8451.26,15175
1743724800,8470.6,8476.0,8441.8,8453.6,7384
1743739200,8453.8,8463.0,8423.8,8427.5,3325
1743753600,8427.0,8461.0,8328.6,8336.3,15121
1743768000,8338.1,8344.8,8099.3,8156.8,31717
1743782400,8158.3,8214.8,7995.0,8005.5,34276
1743796800,8004.8,8050.5,7977.0,7998.0,16586
1743984000,7741.3,7849.7,7648.5,7808.5,17731
1743998400,7808.2,7900.2,7802.2,7868.5,7319
1744012800,7867.5,7940.0,7535.0,7675.5,22065
1744027200,7675.5,7783.0,7634.0,7739.2,21593
1744041600,7740.0,8017.06,7656.2,7672.26,38816
1744056000,7672.46,7846.16,7672.26,7781.46,21816
1744070400,7784.5,7855.36,7784.2,7805.06,6493
1744084800,7804.56,7890.36,7785.56,7825.56,5014
1744099200,7825.06,7861.56,7754.36,7846.9,17996
1744113600,7847.4,7936.4,7795.7,7933.9,18504
1744128000,7933.4,7985.4,7828.6,7828.8,26826
1744142400,7829.8,7846.1,7653.8,7723.16,23121
1744156800,7690.2,7704.5,7639.9,7664.3,13065
1744171200,7663.8,7747.3,7630.8,7644.1,4728
1744185600,7644.3,7797.6,7618.1,7728.6,19873
1744200000,7728.4,7756.1,7593.6,7679.1,19252
1744214400,7678.6,7748.6,7639.6,7699.1,27408
1744228800,7700.1,8187.46,7675.4,8151.86,28652
1744243200,8119.1,8156.06,8082.46,8097.96,7436
1744257600,8097.16,8112.46,8051.96,8074.16,4978
1744272000,8075.46,8163.4,7964.6,7986.4,15756
1744286400,7986.4,8043.1,7960.4,7976.4,17068
1744300800,7976.6,8032.4,7794.8,7882.0,32545
1744315200,7881.8,7976.27,7831.8,7940.07,28184
1744329600,7961.5,7977.9,7859.5,7888.5,8262
1744344000,7888.0,7973.5,7881.5,7956.5,3395
1744358400,7956.8,8013.5,7859.8,7879.3,14884
1744372800,7878.3,7989.1,7856.6,7961.3,17396
1744387200,7961.3,8059.5,7897.8,8048.8,29997
1744401600,8049.3,8116.0,8030.5,8098.0,14741
1744588800,8129.9,8146.3,8101.0,8105.3,10178
1744603200,8105.5,8129.8,8099.0,8127.8,1959
1744617600,8126.8,8130.0,8066.6,8115.2,8527
1744632000,8115.2,8134.7,8090.7,8130.4,7737
1744646400,8131.2,8160.2,8069.1,8108.1,21729
1744660800,8108.3,8169.6,8096.97,8128.87,16216
1744675200,8128.8,8142.2,8113.4,8140.6,3192
1744689600,8140.3,8146.4,8130.1,8139.2,1824
1744704000,8139.7,8224.1,8126.3,8217.4,8964
1744718400,8217.4,8220.9,8183.6,8203.4,8773
1744732800,8206.9,8264.5,8201.1,8244.0,16604
1744747200,8244.5,8252.0,8224.87,8228.67,10701
1744761600,8203.5,8216.8,8190.8,8208.1,4393
1744776000,8208.8,8223.6,8208.6,8218.3,1728
1744790400,8219.1,8236.1,8170.9,8198.9,9311
1744804800,8198.9,8239.4,8193.9,8221.5,8189
1744819200,8222.3,8279.9,8208.1,8250.2,14861
1744833600,8250.4,8267.9,8161.9,8194.07,17231
1744848000,8199.9,8207.3,8179.1,8207.0,5418
1744862400,8206.8,8250.3,8200.8,8241.8,1745
1744876800,8241.8,8259.1,8207.1,8210.6,6946
1744891200,8211.1,8248.3,8189.6,8214.1,8906
1744905600,8213.6,8323.0,8213.3,8317.0,16250
1744920000,8316.7,8327.5,8257.5,8284.27,11844
1745280000,8212.8,8230.5,8209.3,8223.5,740
1745294400,8223.5,8284.0,8222.9,8266.8,2963
1745308800,8265.8,8304.1,8239.2,8287.1,7551
1745323200,8288.6,8319.2,8268.6,8283.6,6634
1745337600,8283.9,8376.6,8282.6,8361.6,13447
1745352000,8362.1,8376.9,8326.1,8350.27,12131
1745366400,8428.3,8462.2,8397.5,8422.2,7472
1745380800,8422.0,8439.2,8403.5,8429.0,1948
1745395200,8428.5,8470.0,8405.3,8453.8,7408
1745409600,8453.8,8463.6,8415.8,8419.6,6360
1745424000,8417.8,8455.8,8381.7,8413.2,21048
1745438400,8412.2,8432.07,8375.2,8404.77,13535
1745452800,8383.9,8413.3,8372.8,8408.3,3838
1745467200,8407.8,8407.8,8382.5,8388.5,1404
1745481600,8388.5,8410.8,8370.8,8380.0,7890
1745496000,8380.3,8413.5,8372.8,8384.8,7578
1745510400,8385.3,8429.4,8358.8,8425.7,11438
1745524800,8425.2,8456.17,8409.2,8434.57,8042
1745539200,8433.5,8453.0,8431.4,8440.5,2552
1745553600,8441.0,8442.8,8426.9,8428.4,1956
1745568000,8428.6,8437.0,8394.7,8422.5,7128
1745582400,8422.3,8433.3,8396.2,8425.8,7388
1745596800,8425.8,8441.2,8397.7,8434.7,11056
1745611200,8434.4,8447.5,8409.2,8443.2,5416
1745798400,8430.4,8444.8,8421.8,8436.1,3250
1745812800,8435.8,8440.5,8420.7,8427.3,1835
1745827200,8427.3,8455.7,8408.7,8446.6,5149
1745841600,8447.1,8454.1,8419.6,8443.0,4403
1745856000,8443.0,8449.9,8400.7,8403.7,9412
1745870400,8404.2,8434.5,8393.7,8413.97,5954
1745884800,8413.0,8436.7,8408.0,8430.5,2442
1745899200,8430.2,8438.6,8425.6,8434.8,2015
1745913600,8435.1,8448.6,8402.8,8420.3,5100
1745928000,8420.1,8449.8,8412.8,8432.3,5061
1745942400,8433.5,8486.4,8417.8,8469.2,8582
1745956800,8469.4,8501.7,8466.7,8482.87,6726
1745971200,8483.4,8494.2,8470.4,8476.8,2631
1745985600,8477.0,8481.1,8461.6,8466.0,1675
1746000000,8466.3,8489.7,8454.5,8458.1,4909
1746014400,8457.6,8483.5,8435.7,8450.7,5572
1746028800,8450.7,8483.1,8429.2,8464.1,12831
1746043200,8463.8,8531.17,8448.3,8516.87,10814
1746057600,8517.7,8537.7,8483.8,8498.3,4759
1746072000,8498.1,8519.3,8496.2,8503.6,1122
1746086400,8503.3,8522.0,8457.3,8493.9,2782
1746100800,8493.9,8501.9,8473.3,8483.6,2626
1746115200,8483.1,8504.5,8447.9,8451.2,6193
1746129600,8451.0,8502.6,8439.67,8470.47,7338
1746144000,8466.7,8524.4,8460.9,8524.2,3881
1746158400,8523.9,8558.2,8521.9,8555.9,2535
1746172800,8555.7,8583.7,8531.1,8554.7,6514
1746187200,8554.5,8600.0,8545.5,8597.5,5468
1746201600,8597.5,8623.7,8573.0,8600.2,10138
1746216000,8600.7,8637.4,8599.9,8630.7,3490
1746489600,8663.8,8686.8,8617.8,8621.1,849
1746504000,8620.6,8632.6,8615.7,8625.9,1670
1746518400,8625.9,8651.0,8589.1,8595.7,6474
1746532800,8595.4,8600.5,8567.2,8598.0,6660
1746547200,8598.8,8608.6,8572.5,8576.1,9675
1746561600,8575.9,8586.8,8530.47,8548.77,7516
1746576000,8602.4,8633.7,8569.6,8602.8,8863
1746590400,8601.5,8606.4,8581.5,8589.3,1756
1746604800,8589.8,8597.1,8560.0,8576.8,5069
1746619200,8576.8,8578.8,8546.2,8549.7,4701
1746633600,8549.7,8582.4,8532.1,8581.3,8739
1746648000,8581.4,8605.0,8548.5,8581.17,12731
1746662400,8561.6,8578.5,8561.2,8577.3,2607
1746676800,8577.5,8609.8,8576.0,8608.5,2381
1746691200,8608.5,8614.8,8550.9,8571.9,6160
1746705600,8572.4,8607.9,8552.6,8552.6,6247
1746720000,8551.1,8574.4,8512.5,8571.5,10426
1746734400,8571.7,8574.5,8541.27,8552.07,6098
1746748800,8544.6,8555.7,8531.2,8546.5,3452
1746763200,8545.7,8567.9,8543.2,8565.0,2029
1746777600,8564.8,8582.1,8555.6,8568.1,4802
1746792000,8567.8,8578.9,8550.0,8555.1,5043
1746806400,8554.9,8567.0,8520.9,8521.9,9108
1746820800,8521.4,8543.3,8519.9,8542.6,3516
1747008000,8567.7,8608.8,8557.7,8577.8,7095
1747022400,8577.9,8588.6,8574.0,8580.4,1562
1747036800,8580.4,8641.0,8545.8,8593.3,9848
1747051200,8595.3,8612.6,8575.3,8599.3,7035
1747065600,8599.1,8613.9,8559.9,8612.3,13690
1747080000,8612.6,8638.87,8611.2,8623.37,6566
1747094400,8624.7,8628.9,8603.8,8604.9,3587
1747108800,8604.6,8605.2,8550.5,8553.5,2049
1747123200,8553.0,8618.3,8552.8,8608.9,6007
1747137600,8609.2,8623.46,8598.1,8605.4,5561
1747152000,8605.4,8615.4,8582.0,8588.6,9339
1747166400,8588.8,8605.0,8577.07,8584.37,5635
1747180800,8581.4,8594.2,8570.8,8571.1,3068
1747195200,8571.1,8584.4,8564.1,8581.4,1605
1747209600,8581.7,8614.9,8576.6,8588.9,5386
1747224000,8588.4,8617.2,8564.4,8608.2,5592
1747238400,8608.4,8608.4,8557.5,8574.4,10088
1747252800,8574.7,8590.1,8561.4,8578.07,6140
1747267200,8551.0,8565.3,8543.2,8561.5,3934
1747281600,8562.0,8565.9,8552.9,8555.4,1381
1747296000,8555.6,8571.7,8531.8,8562.5,6252
1747310400,8562.8,8621.0,8562.0,8609.7,6153
1747324800,8610.5,8641.6,8593.7,8641.3,9450
1747339200,8641.8,8649.7,8632.3,8642.17,6510
1747353600,8639.7,8650.3,8638.0,8638.2,2669
1747368000,8638.2,8640.4,8631.9,8638.7,1927
1747382400,8638.4,8681.1,8634.1,8662.7,5307
1747396800,8662.4,8698.2,8653.4,8654.7,6034
1747411200,8654.4,8689.0,8651.2,8678.5,8808
1747425600,8678.8,8698.4,8677.5,8693.3,2273
1747612800,8667.2,8692.3,8660.7,8682.3,4172
1747627200,8682.0,8684.4,8654.5,8656.4,1815
1747641600,8656.1,8668.6,8631.1,8637.9,6166
1747656000,8637.4,8654.7,8611.9,8626.4,5630
1747670400,8626.1,8719.4,8619.4,8714.0,9022
1747684800,8713.8,8736.9,8710.5,8732.17,6097
1747699200,8731.5,8747.9,8727.8,8732.1,3044
1747713600,8732.3,8732.3,8720.4,8725.5,1623
1747728000,8725.2,8747.3,8714.3,8742.6,5259
1747742400,8743.6,8765.6,8734.1,8764.6,5298
1747756800,8765.6,8794.8,8764.1,8792.4,8418
1747771200,8792.7,8799.6,8768.9,8779.97,6687
1747785600,8781.9,8792.3,8763.4,8787.1,4213
1747800000,8787.6,8792.0,8778.3,8780.5,2038
1747814400,8780.2,8790.2,8749.8,8781.9,5687
1747828800,8782.4,8791.5,8764.2,8785.2,6040
1747843200,8785.5,8798.6,8768.1,8777.9,9232
1747857600,8778.1,8782.6,8712.67,8732.27,15905
1747872000,8730.4,8740.6,8710.1,8739.6,3796
1747886400,8739.6,8746.4,8731.8,8733.3,1601
1747900800,8733.0,8754.2,8722.3,8723.6,5293
1747915200,8724.8,8740.0,8689.7,8718.4,6276
1747929600,8718.7,8754.3,8688.1,8735.2,11731
1747944000,8736.2,8770.0,8733.4,8750.17,6950
1747958400,8753.7,8765.3,8734.5,8764.8,3753
1747972800,8764.6,8765.2,8750.7,8753.6,1716
1747987200,8753.7,8778.2,8736.2,8761.9,5361
1748001600,8761.7,8761.9,8602.6,8659.6,14624
1748016000,8659.6,8728.2,8633.4,8722.1,14882
1748030400,8721.6,8744.3,8717.6,8725.1,4304
1748304000,8788.7,8818.9,8783.8,8795.5,481
1748318400,8795.3,8795.5,8779.7,8780.3,1477
1748332800,8780.5,8809.8,8768.5,8808.8,6370
1748347200,8809.1,8826.6,8769.1,8775.2,5994
1748361600,8775.2,8803.0,8771.6,8793.9,7917
1748376000,8793.4,8809.57,8787.6,8805.87,4587
1748390400,8802.7,8809.3,8794.7,8800.3,2578
1748404800,8800.0,8801.6,8781.2,8783.3,1974
1748419200,8783.5,8801.3,8766.9,8783.3,4941
1748433600,8783.0,8783.0,8757.3,8759.6,5402
1748448000,8759.6,8772.0,8723.1,8744.0,7756
1748462400,8744.3,8766.87,8738.6,8764.57,10164
1748476800,8750.6,8811.2,8744.0,8791.9,13659
1748491200,8791.4,8805.6,8778.8,8796.1,2153
1748505600,8796.3,8796.6,8707.2,8718.2,4820
1748520000,8718.2,8740.9,8710.5,8736.2,5971
1748534400,8736.2,8744.2,8695.7,8731.8,9068
1748548800,8730.8,8745.4,8724.2,8732.27,6334
1748563200,8728.3,8742.7,8713.0,8741.0,4697
1748577600,8740.7,8743.7,8725.5,8741.2,2068
1748592000,8741.5,8778.3,8732.0,8772.1,6021
1748606400,8772.1,8789.8,8734.0,8763.6,6841
1748620800,8763.8,8791.8,8745.2,8758.7,12733
1748635200,8757.7,8803.9,8755.7,8798.7,5246
1748822400,8773.6,8798.0,8764.1,8786.9,4020
1748836800,8786.6,8792.1,8769.2,8776.9,2379
1748851200,8777.4,8788.3,8734.0,8780.6,8202
1748865600,8781.1,8789.1,8759.3,8779.4,7122
1748880000,8778.9,8798.3,8729.5,8797.6,12081
1748894400,8797.8,8818.47,8782.0,8802.87,6319
1748908800,8797.8,8808.7,8785.9,8802.3,3113
1748923200,8802.1,8804.3,8787.4,8792.0,2006
1748937600,8791.7,8807.0,8738.9,8762.2,7185
1748952000,8762.2,8792.6,8747.7,8788.6,6499
1748966400,8788.9,8795.3,8764.8,8785.5,8180
1748980800,8785.8,8797.5,8781.47,8786.47,5251
1748995200,8788.9,8799.7,8785.7,8791.3,2797
1749009600,8791.3,8794.1,8785.1,8789.0,1541
1749024000,8788.3,8814.7,8777.0,8790.2,5685
1749038400,8790.2,8821.8,8787.3,8818.0,5891
1749052800,8818.0,8820.7,8787.9,8801.1,9278
1749067200,8801.4,8811.5,8793.37,8800.67,4499
1749081600,8797.8,8809.8,8789.0,8799.4,2750
1749096000,8799.4,8802.6,8793.6,8795.1,1687
1749110400,8795.1,8813.3,8785.7,8810.8,4705
1749124800,8811.1,8838.8,8809.8,8822.3,5606
1749139200,8822.8,8825.1,8779.8,8791.9,11696
1749153600,8791.7,8810.3,8774.9,8790.27,10618
1749168000,8789.2,8803.0,8786.8,8796.6,4600
1749182400,8796.1,8798.9,8789.8,8798.8,1690
1749196800,8798.6,8833.6,8793.9,8813.6,5241
1749211200,8813.6,8826.1,8804.9,8818.3,5103
1749225600,8818.3,8851.0,8814.8,8829.6,8571
1749240000,8829.1,8846.1,8826.6,8844.8,2602
1749427200,8839.3,8846.5,8820.8,8841.2,4539
1749441600,8841.0,8841.5,8828.2,8830.5,1141
1749456000,8830.2,8854.4,8826.2,8832.3,3814
1749470400,8832.0,8838.0,8812.3,8814.5,4194
1749484800,8814.8,8842.2,8811.9,8839.6,5538
1749499200,8839.6,8851.0,8815.07,8820.87,3677
1749513600,8825.3,8828.3,8813.9,8822.2,1933
1749528000,8822.5,8843.3,8822.5,8840.7,1538
1749542400,8841.0,8880.7,8813.9,8859.0,8092
1749556800,8857.7,8886.7,8854.0,8880.7,5230
1749571200,8881.5,8886.7,8846.5,8865.6,8890
1749585600,8865.9,8873.2,8845.17,8857.27,4798
1749600000,8855.7,8869.5,8843.8,8852.0,4360
1749614400,8852.2,8853.2,8842.6,8844.8,1711
1749628800,8844.0,8885.4,8844.0,8869.4,5183
1749643200,8869.2,8881.52,8847.0,8872.6,6648
1749657600,8872.3,8882.6,8847.9,8855.6,8782
1749672000,8855.4,8866.4,8835.2,8852.57,8363
1749686400,8844.7,8858.6,8832.8,8835.3,4175
1749700800,8835.6,8841.0,8829.3,8834.7,1980
1749715200,8834.7,8870.6,8823.3,8862.8,6612
1749729600,8862.8,8885.8,8840.1,8877.6,7036
1749744000,8877.6,8896.5,8858.0,8888.1,9109
1749758400,8888.4,8901.2,8877.37,8877.77,4814
1749772800,8874.2,8880.4,8817.8,8828.1,5125
1749787200,8828.3,8855.1,8817.2,8845.8,3301
1749801600,8846.1,8861.6,8819.6,8836.7,8954
1749816000,8836.2,8885.2,8828.6,8868.9,7647
1749830400,8868.9,8874.1,8836.4,8851.1,11084
1749844800,8850.9,8853.4,8817.8,8826.5,5612
1750032000,8830.0,8858.6,8816.8,8842.0,5442
1750046400,8842.2,8846.4,8833.5,8834.0,1916
1750060800,8834.7,8885.0,8834.4,8884.0,6208
1750075200,8883.3,8902.3,8876.3,8885.6,5157
1750089600,8885.3,8892.5,8863.1,8865.1,9058
1750104000,8864.8,8867.3,8833.1,8838.77,5948
1750118400,8835.4,8840.1,8806.1,8834.7,7870
1750132800,8833.9,8838.9,8823.7,8829.0,2401
1750147200,8829.3,8849.0,8805.5,8841.2,7534
1750161600,8841.5,8856.6,8825.0,8842.8,7070
1750176000,8842.3,8863.1,8820.8,8848.7,9291
1750190400,8848.4,8853.0,8832.2,8836.47,9321
1750204800,8832.7,8846.9,8819.6,8840.2,5040
1750219200,8840.0,8848.3,8834.4,8838.4,3797
1750233600,8838.9,8858.0,8836.2,8849.0,5809
1750248000,8849.0,8855.7,8818.2,8845.7,5960
1750262400,8845.7,8859.7,8833.7,8847.5,10396
1750276800,8847.4,8864.8,8840.6,8853.67,11153
1750291200,8845.67,8859.1,8832.57,8855.6,2851
1750305600,8856.8,8867.1,8843.8,8853.0,1639
1750320000,8852.0,8852.3,8786.6,8806.4,6633
1750334400,8806.4,8829.3,8802.2,8815.7,6111
1750348800,8816.2,8835.6,8782.9,8796.8,7307
1750363200,8796.6,8808.9,8786.8,8806.9,1236
1750377600,8809.17,8826.27,8804.67,8816.3,5989
1750392000,8816.3,8826.0,8807.0,8822.9,1797
1750406400,8822.7,8841.3,8812.3,8822.3,5563
1750420800,8822.1,8846.8,8810.5,8822.3,7403
1750435200,8822.5,8826.3,8756.7,8761.7,11194
1750449600,8761.4,8766.4,8740.9,8749.7,4166
1750636800,8718.37,8749.57,8716.67,8736.3,5877
1750651200,8736.0,8748.6,8727.8,8742.9,1660
1750665600,8743.1,8786.3,8726.8,8779.6,6363
1750680000,8779.4,8788.1,8742.9,8766.4,7379
1750694400,8766.7,8771.3,8730.8,8732.0,10861
1750708800,8732.3,8775.0,8729.3,8770.37,7428
1750723200,8782.97,8801.2,8772.1,8787.8,6865
1750737600,8786.6,8801.1,8784.8,8790.6,2442
1750752000,8790.1,8824.1,8780.1,8790.5,9265
1750766400,8790.3,8800.1,8776.3,8789.6,6508
1750780800,8789.6,8791.6,8750.7,8761.5,8641
1750795200,8761.8,8776.8,8756.27,8759.47,4204
1750809600,8752.07,8765.4,8750.97,8757.5,2750
1750824000,8757.2,8767.5,8752.3,8767.0,1379
1750838400,8766.7,8792.5,8760.3,8769.3,5228
1750852800,8769.5,8770.8,8744.0,8754.0,5202
1750867200,8753.5,8754.3,8710.2,8720.2,8732
1750881600,8720.1,8725.9,8699.97,8706.07,4730
1750896000,8705.47,8710.47,8688.1,8695.7,2765
1750910400,8695.9,8701.2,8690.5,8700.6,1586
1750924800,8700.4,8732.6,8698.1,8731.1,5587
1750939200,8731.4,8757.1,8722.6,8739.1,5705
1750953600,8738.3,8754.6,8728.5,8747.5,7823
1750968000,8748.0,8760.5,8737.0,8758.67,4395
1750982400,8758.37,8766.1,8753.0,8756.5,3429
1750996800,8756.2,8758.5,8744.5,8751.1,2171
1751011200,8750.9,8784.0,8743.1,8783.8,5348
1751025600,8784.0,8795.5,8771.7,8777.3,4761
1751040000,8777.3,8802.5,8756.0,8800.0,8425
1751054400,8799.5,8802.0,8762.6,8780.2,5276
1751241600,8788.67,8804.8,8785.97,8790.6,3432
1751256000,8790.1,8797.1,8783.3,8793.8,1726
1751270400,8794.1,8821.1,8775.1,8775.1,5206
1751284800,8774.1,8803.2,8769.6,8777.7,4808
1751299200,8777.7,8782.7,8754.1,8768.4,6930
1751313600,8768.7,8777.4,8756.6,8761.77,5193
1751328000,8762.67,8784.8,8757.6,8775.1,2223
1751342400,8774.9,8778.4,8770.4,8774.7,1314
1751356800,8774.9,8789.6,8752.3,8754.8,5091
1751371200,8754.8,8758.3,8726.3,8734.1,5362
1751385600,8734.1,8806.9,8734.1,8781.4,8858
1751400000,8781.6,8797.1,8779.3,8789.07,5376
1751414400,8788.37,8798.5,8775.3,8788.4,2407
1751428800,8788.4,8816.1,8780.9,8813.6,1672
1751443200,8813.9,8828.1,8786.6,8803.9,5868
1751457600,8803.9,8814.9,8741.3,8753.9,8062
1751472000,8753.6,8786.5,8737.6,8782.2,9107
1751486400,8782.0,8795.47,8773.0,8795.47,3272
1751500800,8794.57,8800.3,8786.7,8787.4,1710
1751515200,8787.2,8801.4,8783.1,8797.3,1823
1751529600,8797.0,8818.8,8791.1,8809.1,4395
1751544000,8808.8,8837.7,8797.8,8821.6,5226
1751558400,8821.8,8828.6,8804.5,8823.1,7255
1751572800,8823.4,8826.1,8810.0,8816.8,973
1751587200,8806.77,8821.4,8802.2,8810.0,2343
1751601600,8809.8,8811.7,8796.5,8801.3,1419
1751616000,8801.1,8804.0,8779.2,8786.0,4523
1751630400,8786.2,8806.0,8783.7,8804.0,3719
1751644800,8804.0,8831.6,8804.0,8806.1,3937
1751659200,8805.8,8807.6,8791.8,8795.1,785
1751846400,8814.57,8822.47,8800.5,8809.1,3702
1751860800,8808.1,8809.8,8792.8,8804.4,1972
1751875200,8804.1,8822.6,8799.1,8820.9,4875
1751889600,8820.9,8837.6,8810.6,8811.4,4218
1751904000,8811.4,8826.1,8780.2,8785.5,8195
1751918400,8786.0,8802.9,8750.27,8751.07,7098
1751932800,8761.87,8783.1,8756.27,8781.8,3893
1751947200,8781.3,8784.2,8771.4,8776.5,1748
1751961600,8776.8,8821.7,8776.1,8819.7,4813
1751976000,8819.7,8827.0,8809.2,8810.7,3837
1751990400,8810.7,8876.5,8808.7,8870.3,7751
1752004800,8870.8,8873.4,8856.9,8863.87,4934
1752019200,8867.87,8868.67,8848.7,8853.9,1863
1752033600,8853.7,8863.9,8849.2,8861.4,1497
1752048000,8861.2,8885.1,8850.9,8857.2,4952
1752062400,8856.9,8888.7,8856.9,8860.5,4842
1752076800,8860.2,8881.9,8856.4,8880.9,7285
1752091200,8881.2,8909.57,8878.9,8904.37,3993
1752105600,8905.77,8910.67,8888.7,8895.3,2213
1752120000,8895.6,8905.6,8892.3,8901.6,1845
1752134400,8901.3,8968.0,8895.6,8966.6,5564
1752148800,8966.6,8974.3,8945.1,8949.6,5083
1752163200,8949.9,8985.4,8937.3,8980.4,7090
1752177600,8980.6,8991.9,8971.67,8974.27,3604
1752192000,8977.27,8987.3,8958.1,8964.8,3380
1752206400,8964.5,8979.5,8958.8,8974.9,2539
1752220800,8974.6,8983.4,8944.2,8946.2,5976
1752235200,8946.2,8946.4,8915.7,8938.4,5173
1752249600,8937.9,8947.0,8923.7,8938.5,7572
1752264000,8938.7,8955.5,8935.5,8943.9,2631
1752451200,8926.07,8939.2,8919.2,8923.1,4463
1752465600,8922.6,8936.8,8920.1,8933.8,2554
1752480000,8934.0,8977.8,8919.3,8975.6,5773
1752494400,8975.6,8981.8,8966.6,8968.3,4507
1752508800,8968.1,9010.1,8962.0,9008.6,7660
1752523200,9009.1,9024.1,9008.6,9014.17,3026
1752537600,9013.37,9028.8,9009.1,9017.3,2344
1752552000,9016.8,9040.5,9008.8,9012.2,3526
1752566400,9012.0,9025.3,8990.9,8995.2,5346
1752580800,8995.2,9007.6,8987.7,8995.9,4549
1752595200,8996.2,9004.7,8934.7,8936.3,10189
1752609600,8936.0,8957.8,8929.37,8930.57,6297
1752624000,8933.87,8940.6,8924.1,8936.0,3620
1752638400,8936.5,8948.2,8934.8,8940.1,2286
1752652800,8939.8,8958.6,8914.3,8955.1,6139
1752667200,8955.4,8972.6,8945.6,8963.4,4781
1752681600,8963.4,8972.8,8915.6,8962.2,13408
1752696000,8962.2,8985.5,8961.2,8971.57,4463
1752710400,8973.97,8983.4,8968.57,8980.1,2783
1752724800,8979.9,8983.2,8976.2,8981.7,2055
1752739200,8981.4,8993.3,8939.4,8957.0,6343
1752753600,8957.3,8969.8,8947.8,8953.5,4645
1752768000,8953.8,8983.5,8950.8,8956.6,7517
1752782400,8956.4,8988.4,8954.7,8986.17,3985
1752796800,8983.57,8994.0,8981.6,8991.7,2625
1752811200,8992.0,9008.0,8985.8,9007.2,2663
1752825600,9007.7,9014.5,8977.9,8993.3,4920
1752840000,8993.0,9006.2,8968.0,8986.3,5146
1752854400,8986.5,9003.2,8972.7,8989.9,8067
1752868800,8990.4,8996.2,8977.7,8984.7,2661
1753056000,8977.27,8997.5,8975.97,8983.1,2290
1753070400,8982.8,8988.3,8977.4,8987.4,2736
1753084800,8987.5,9007.4,8982.1,8997.1,4136
1753099200,8997.4,9002.1,8974.4,8983.6,4035
1753113600,8983.4,9013.4,8974.8,9004.6,7260
1753128000,9004.6,9008.3,8980.5,8986.17,3912
1753142400,8989.37,8990.9,8982.4,8986.1,1465
1753156800,8986.4,8990.2,8976.3,8982.9,2097
1753171200,8982.7,9024.4,8981.9,9009.2,5029
1753185600,9009.4,9022.9,8995.4,8998.2,4689
1753200000,8997.9,9037.2,8997.9,9034.4,9406
1753214400,9034.7,9046.67,9031.4,9044.57,4622
1753228800,9043.57,9064.9,9035.67,9059.6,5171
1753243200,9059.1,9071.5,9057.6,9070.7,3282
1753257600,9071.0,9075.5,9047.9,9069.8,5602
1753272000,9070.0,9081.0,9062.2,9065.3,4147
1753286400,9065.3,9103.3,9053.8,9097.5,9109
1753300800,9097.7,9115.47,9087.7,9112.07,6375
1753315200,9103.37,9114.4,9086.7,9103.0,2646
1753329600,9102.8,9107.2,9095.3,9102.3,2747
1753344000,9102.3,9150.4,9096.9,9149.1,6232
1753358400,9149.1,9154.9,9137.1,9146.4,5747
1753372800,9146.4,9155.6,9124.4,9143.1,8905
1753387200,9142.8,9148.6,9127.27,9138.07,4218
1753401600,9136.27,9143.5,9133.5,9137.9,1809
1753416000,9137.6,9145.2,9132.4,9133.2,1367
1753430400,9132.9,9148.7,9091.5,9101.4,4780
1753444800,9101.4,9116.7,9094.1,9107.7,3730
1753459200,9108.2,9127.4,9094.8,9121.6,7622
1753473600,9121.9,9143.7,9120.9,9141.0,1664
1753660800,9152.57,9174.5,9143.8,9174.5,2606
1753675200,9174.5,9174.5,9162.8,9167.8,2445
1753689600,9167.5,9176.2,9127.1,9128.6,5063
1753704000,9129.1,9136.1,9091.6,9094.4,4858
1753718400,9093.4,9098.6,9058.3,9081.2,8637
1753732800,9081.5,9089.77,9067.2,9085.47,3703
1753747200,9083.87,9089.4,9077.7,9083.9,1881
1753761600,9083.9,9091.5,9078.2,9088.3,2620
1753776000,9088.5,9113.6,9083.5,9112.6,5177
1753790400,9112.8,9152.6,9110.1,9152.1,6547
1753804800,9152.6,9163.0,9132.6,9150.0,9157
1753819200,9149.5,9155.3,9133.27,9141.37,4467
1753833600,9142.87,9152.0,9135.9,9150.5,1931
1753848000,9150.5,9159.9,9140.8,9159.9,2909
1753862400,9159.4,9160.6,9089.1,9116.3,6876
1753876800,9117.0,9121.0,9098.5,9118.0,5441
1753891200,9118.3,9150.7,9115.5,9145.2,7979
1753905600,9145.0,9174.37,9110.1,9142.97,9523
1753920000,9149.37,9159.9,9127.9,9137.0,3755
1753934400,9137.2,9138.7,9126.9,9133.8,2953
1753948800,9133.8,9187.8,9122.0,9162.3,7100
1753963200,9162.3,9188.8,9152.5,9154.5,7101
1753977600,9154.7,9171.2,9119.1,9154.9,12654
1753992000,9154.7,9155.4,9094.77,9117.87,9152
1754006400,9116.07,9120.07,9082.4,9103.4,7033
1754020800,9103.1,9126.2,9102.9,9110.1,3557
1754035200,9109.9,9114.8,9056.2,9071.5,7624
1754049600,9071.7,9096.7,9064.8,9076.1,9069
1754064000,9076.6,9111.0,9026.6,9088.2,17337
1754078400,9088.0,9105.2,9082.2,9095.5,6732
1754265600,9094.77,9114.1,9081.57,9111.3,5703
1754280000,9111.3,9115.4,9097.2,9101.7,3547
1754294400,9102.2,9116.3,9066.4,9112.5,7215
1754308800,9112.0,9117.0,9083.0,9110.0,5498
1754323200,9110.0,9131.7,9095.0,9129.9,8827
1754337600,9130.2,9165.97,9130.2,9160.67,5668
1754352000,9153.67,9164.1,9144.9,9158.1,3463
1754366400,9157.8,9160.8,9150.5,9158.2,2568
1754380800,9157.7,9183.2,9144.2,9158.5,6402
1754395200,9158.5,9177.0,9152.5,9163.7,5823
1754409600,9164.0,9176.9,9125.4,9146.6,11496
1754424000,9146.3,9158.37,9140.57,9150.87,6475
1754438400,9142.57,9162.9,9134.47,9155.3,4690
1754452800,9155.8,9174.5,9151.5,9173.4,2711
1754467200,9173.6,9184.0,9152.2,9154.0,5493
1754481600,9154.0,9172.7,9151.2,9165.5,5090
1754496000,9165.7,9177.1,9144.6,9150.4,9586
1754510400,9150.7,9155.1,9132.6,9142.17,4291
1754524800,9120.57,9149.37,9119.37,9124.4,3882
1754539200,9123.9,9141.3,9122.5,9138.3,2987
1754553600,9137.8,9145.4,9122.5,9131.5,6408
1754568000,9131.7,9142.0,9082.3,9099.3,8728
1754582400,9099.5,9120.0,9082.4,9088.2,11616
1754596800,9088.4,9093.87,9073.9,9088.87,8110
1754611200,9094.57,9110.1,9083.1,9107.4,3581
1754625600,9107.9,9116.7,9099.4,9109.6,2166
1754640000,9109.6,9125.5,9096.6,9097.1,5407
1754654400,9097.1,9108.1,9083.4,9093.4,4540
1754668800,9093.1,9105.8,9078.0,9099.3,9179
1754683200,9099.0,9103.3,9086.3,9091.2,2686
1754870400,9093.87,9102.97,9089.1,9100.6,2918
1754884800,9100.9,9105.6,9097.5,9100.0,2822
1754899200,9100.0,9135.0,9094.3,9115.3,5471
1754913600,9115.3,9131.3,9107.1,9125.1,3811
1754928000,9125.1,9139.5,9121.8,9130.8,7455
1754942400,9130.3,9134.3,9121.3,9127.47,5020
1754956800,9129.07,9143.2,9119.67,9138.5,3351
1754971200,9138.2,9151.3,9135.9,9149.8,2223
1754985600,9149.5,9166.7,9136.2,9153.8,5250
1755000000,9153.8,9164.7,9128.0,9150.4,5198
1755014400,9150.9,9157.7,9119.4,9156.7,8950
1755028800,9156.9,9171.77,9154.9,9167.67,3686
1755043200,9167.17,9173.3,9158.2,9160.4,2682
1755057600,9160.2,9172.2,9155.3,9171.2,1619
1755072000,9171.4,9184.7,9154.2,9166.5,4100
1755086400,9166.2,9171.7,9151.7,9164.0,3629
1755100800,9164.0,9170.2,9143.9,9164.7,8064
1755115200,9164.9,9190.57,9160.9,9178.77,5145
1755129600,9147.97,9161.1,9146.07,9154.8,1924
1755144000,9155.3,9157.1,9143.7,9146.1,1664
1755158400,9146.3,9161.4,9133.8,9160.1,3912
1755172800,9159.9,9175.9,9152.5,9155.3,4170
1755187200,9155.3,9191.6,9149.8,9190.1,9350
1755201600,9189.8,9223.17,9189.1,9203.37,7043
1755216000,9206.17,9221.5,9204.8,9216.9,2269
1755230400,9216.7,9219.6,9211.1,9217.6,1207
1755244800,9217.3,9228.1,9164.1,9166.3,4832
1755259200,9166.6,9190.4,9158.6,9158.6,5128
1755273600,9158.4,9163.6,9125.4,9138.1,8268
1755288000,9138.1,9149.2,9137.1,9144.9,3037
1755475200,9152.27,9162.8,9145.27,9160.4,2214
1755489600,9160.4,9168.5,9157.7,9166.0,1895
1755504000,9166.0,9168.7,9136.7,9139.5,5101
1755518400,9139.8,9144.3,9125.0,9133.5,3342
1755532800,9133.0,9167.7,9132.0,9166.9,6607
1755547200,9167.2,9181.5,9164.2,9175.97,3693
1755561600,9179.47,9182.97,9169.5,9174.4,2391
1755576000,9174.7,9177.9,9162.4,9162.7,2352
1755590400,9162.4,9175.9,9153.4,9174.9,3593
1755604800,9174.4,9195.2,9170.9,9188.9,3987
1755619200,9189.2,9197.1,9175.3,9181.1,8206
1755633600,9180.8,9187.47,9171.1,9185.37,5549
1755648000,9188.97,9189.47,9172.8,9179.5,4058
1755662400,9179.6,9188.1,9174.8,9179.1,2767
1755676800,9179.3,9186.3,9164.7,9178.4,4136
1755691200,9178.4,9252.2,9178.2,9242.7,3910
1755705600,9242.7,9303.4,9240.9,9302.6,12270
1755720000,9302.3,9315.9,9292.4,9305.07,8029
1755734400,9304.37,9305.3,9292.2,9297.8,3548
1755748800,9298.3,9305.6,9292.6,9292.9,1997
1755763200,9293.1,9302.6,9279.3,9279.3,4331
1755777600,9279.3,9283.0,9256.3,9274.9,4174
1755792000,9274.9,9311.7,9272.4,9302.7,9157
1755806400,9303.2,9318.47,9296.5,9313.87,6659
1755820800,9323.27,9328.47,9305.4,9313.9,2694
1755835200,9314.2,9316.9,9306.8,9310.6,1997
1755849600,9310.8,9311.1,9282.1,9310.1,3742
1755864000,9309.9,9324.4,9299.4,9316.4,2960
1755878400,9316.4,9359.8,9315.9,9327.6,11678
1755892800,9327.8,9340.3,9326.3,9335.4,3739
1756166400,9320.0,9324.3,9288.3,9304.3,1171
1756180800,9304.5,9310.8,9289.9,9296.5,1868
1756195200,9296.7,9309.0,9247.8,9271.3,7254
1756209600,9271.3,9291.6,9258.3,9284.6,4573
1756224000,9285.1,9288.9,9250.2,9276.3,7685
1756238400,9276.6,9300.67,9273.8,9300.27,4200
1756252800,9294.77,9305.4,9290.4,9295.1,1399
1756267200,9295.6,9306.3,9292.3,9304.3,1137
1756281600,9304.1,9304.1,9267.1,9274.4,4525
1756296000,9274.4,9278.9,9244.6,9247.1,4051
1756310400,9247.1,9262.3,9228.8,9251.5,7804
1756324800,9251.3,9263.37,9220.87,9247.37,8361
1756339200,9246.57,9257.8,9240.5,9256.3,3615
1756353600,9255.8,9263.4,9250.5,9262.7,1091
1756368000,9262.7,9266.0,9218.9,9220.7,4343
1756382400,9220.7,9231.7,9202.7,9225.9,4371
1756396800,9225.7,9230.9,9205.9,9222.4,7516
1756411200,9222.1,9228.6,9213.47,9222.47,3986
1756425600,9220.37,9229.5,9216.87,9221.5,1915
1756440000,9221.7,9230.6,9213.5,9223.1,1601
1756454400,9223.4,9232.9,9175.9,9176.2,4456
1756468800,9176.2,9210.1,9175.4,9207.1,4108
1756483200,9207.4,9222.6,9180.2,9191.3,9125
1756497600,9190.8,9201.3,9187.8,9191.9,2792
1756684800,9196.77,9211.5,9194.37,9208.1,2753
1756699200,9207.8,9207.8,9188.0,9197.2,1537
1756713600,9196.9,9226.3,9192.1,9219.4,4032
1756728000,9219.4,9219.4,9191.6,9196.9,3520
1756742400,9197.1,9199.6,9178.9,9192.6,3706
1756756800,9192.3,9197.8,9191.8,9196.6,239
1756771200,9192.47,9203.8,9180.6,9202.7,2662
1756785600,9202.5,9209.1,9190.8,9191.6,1098
1756800000,9191.1,9194.6,9141.8,9161.6,6476
1756814400,9161.9,9169.4,9112.5,9112.8,6454
1756828800,9112.5,9159.0,9102.1,9123.3,11969
1756843200,9123.3,9170.87,9121.6,9165.27,8263
1756857600,9166.37,9170.07,9149.3,9152.8,3489
1756872000,9152.5,9152.5,9124.6,9128.6,1921
1756886400,9128.3,9157.6,9106.3,9150.3,5718
1756900800,9150.6,9172.1,9136.6,9136.6,4849
1756915200,9136.6,9178.8,9132.3,9161.0,9581
1756929600,9161.2,9186.67,9155.2,9179.17,6744
1756944000,9180.07,9186.1,9176.9,9184.6,2339
1756958400,9184.3,9187.8,9173.4,9184.3,1891
1756972800,9183.8,9198.6,9152.3,9177.1,5044
1756987200,9177.1,9210.8,9172.9,9202.6,4715
1757001600,9202.1,9232.8,9196.3,9217.3,8511
1757016000,9217.6,9233.27,9217.1,9232.77,4830
1757030400,9234.57,9237.9,9224.4,9227.9,2365
1757044800,9227.9,9230.1,9222.1,9226.1,881
1757059200,9226.4,9253.7,9216.1,9237.2,4300
1757073600,9237.2,9253.6,9232.9,9248.4,5097
1757088000,9248.4,9252.6,9195.1,9209.8,14921
1757102400,9210.1,9225.1,9199.5,9223.2,5366
1757289600,9214.77,9241.6,9213.67,9231.6,4761
1757304000,9231.9,9238.4,9229.6,9234.8,1461
1757318400,9234.6,9243.6,9214.1,9224.1,4518
1757332800,9224.4,9231.0,9210.8,9224.0,3648
1757347200,9223.5,9236.7,9190.5,9217.2,8212
1757361600,9217.0,9233.4,9206.9,9229.37,4696
1757376000,9226.67,9234.1,9223.8,9231.4,1835
1757390400,9231.1,9232.7,9222.9,9225.0,841
1757404800,9224.7,9248.0,9209.8,9233.8,4250
1757419200,9233.5,9256.5,9226.0,9245.3,4138
1757433600,9245.5,9249.8,9224.5,9246.0,10175
1757448000,9245.7,9269.67,9244.67,9267.27,5635
1757462400,9262.67,9268.77,9244.7,9261.3,2798
1757476800,9261.5,9264.5,9256.5,9259.8,1055
1757491200,9259.5,9278.5,9251.0,9252.0,4882
1757505600,9251.5,9293.8,9244.1,9253.5,5752
1757520000,9254.0,9257.8,9218.9,9239.0,10031
1757534400,9238.8,9249.2,9233.4,9237.67,6181
1757548800,9241.97,9250.7,9239.47,9249.0,2214
1757563200,9248.7,9252.5,9235.5,9240.9,1265
1757577600,9241.2,9274.0,9237.5,9259.7,4316
1757592000,9259.5,9278.0,9256.2,9274.7,4867
1757606400,9274.5,9314.2,9250.2,9312.0,8825
1757620800,9311.7,9319.2,9306.5,9317.27,4275
1757635200,9319.27,9321.8,9309.1,9320.3,2128
1757649600,9320.4,9322.7,9311.1,9316.3,1352
1757664000,9316.6,9341.0,9305.4,9323.8,5216
1757678400,9323.5,9335.8,9319.5,9324.5,4175
1757692800,9325.0,9341.5,9261.7,9264.7,6935
1757707200,9265.0,9274.2,9260.7,9270.1,2144
1757894400,9265.47,9273.9,9261.4,9270.7,1784
1757908800,9270.9,9281.5,9270.7,9280.5,905
1757923200,9280.8,9298.0,9269.3,9275.0,4842
1757937600,9274.8,9290.8,9266.8,9280.3,3971
1757952000,9280.6,9288.8,9261.3,9269.5,7300
1757966400,9269.0,9282.9,9266.5,9273.87,4945
1757980800,9271.07,9281.8,9269.57,9274.8,2222
1757995200,9275.6,9282.3,9274.2,9282.1,868
1758009600,9281.8,9284.4,9246.8,9260.6,4819
1758024000,9261.1,9261.7,9235.1,9238.1,4391
1758038400,9237.6,9240.6,9189.3,9204.0,9335
1758052800,9203.5,9214.2,9200.1,9205.37,4048
1758067200,9200.67,9210.1,9195.07,9209.6,1569
1758081600,9209.8,9212.1,9202.7,9208.4,1487
1758096000,9208.2,9222.0,9198.5,9216.3,5640
1758110400,9215.8,9225.8,9207.5,9224.3,4371
1758124800,9224.0,9246.7,9199.4,9199.7,7844
1758139200,9199.9,9215.8,9177.5,9202.07,15972
1758153600,9206.17,9226.5,9193.4,9212.6,3136
1758168000,9212.4,9225.1,9212.4,9221.7,1789
1758182400,9221.5,9241.3,9203.0,9238.8,5529
1758196800,9239.0,9243.1,9212.0,9222.3,6300
1758211200,9222.1,9246.3,9208.5,9239.7,11091
1758225600,9239.2,9243.5,9224.9,9241.07,6100
1758240000,9244.17,9249.27,9233.8,9236.3,2353
1758254400,9236.0,9241.4,9229.1,9233.0,1691
1758268800,9234.5,9248.4,9215.0,9218.0,5913
1758283200,9217.7,9239.5,9196.7,9237.1,6185
1758297600,9237.3,9247.2,9202.4,9220.8,8326
1758312000,9220.3,9234.8,9219.5,9232.4,2162
1758499200,9215.07,9230.2,9211.67,9223.0,2495
1758513600,9223.2,9228.5,9211.1,9217.0,1355
1758528000,9216.8,9227.8,9192.0,9225.5,5392
1758542400,9225.8,9235.6,9201.3,9222.1,4814
1758556800,9221.6,9235.8,9212.3,9235.8,7167
1758571200,9236.0,9253.8,9231.77,9235.57,3242
1758585600,9236.27,9247.9,9233.87,9244.8,1734
1758600000,9244.5,9249.8,9242.4,9243.5,1002
1758614400,9242.8,9264.5,9236.2,9263.0,4918
1758628800,9263.3,9267.6,9226.2,9249.2,4101
1758643200,9249.5,9268.9,9220.2,9221.8,7472
1758657600,9222.0,9223.3,9196.0,9201.27,5686
1758672000,9206.67,9209.77,9195.8,9202.9,1915
1758686400,9202.6,9209.8,9200.4,9208.8,1373
1758700800,9208.8,9227.1,9174.3,9206.9,5266
1758715200,9206.6,9235.4,9200.9,9233.8,4469
1758729600,9234.1,9268.6,9228.6,9241.5,9263
1758744000,9242.0,9246.1,9228.1,9239.67,4596
1758758400,9234.87,9243.7,9232.1,9240.7,1723
1758772800,9239.5,9241.2,9229.9,9230.5,1091
1758787200,9230.7,9243.7,9206.2,9225.0,5473
1758801600,9224.8,9235.3,9198.2,9203.2,6502
1758816000,9202.7,9235.3,9201.1,9226.1,10149
1758830400,9225.4,9243.27,9201.8,9242.37,7490
1758844800,9238.07,9242.67,9226.2,9233.0,2381
1758859200,9232.3,9239.5,9224.9,9226.0,1792
1758873600,9226.2,9252.4,9210.9,9240.5,5107
1758888000,9240.2,9277.7,9238.2,9274.0,4698
1758902400,9274.2,9307.9,9264.4,9307.1,9925
1758916800,9306.9,9308.4,9296.5,9304.0,2821
1759104000,9299.77,9331.0,9298.77,9319.7,2663
1759118400,9318.9,9322.6,9305.8,9317.5,1573
1759132800,9317.7,9353.1,9306.0,9327.6,5588
1759147200,9328.1,9355.4,9317.1,9320.8,4198
1759161600,9320.3,9325.6,9288.2,9295.1,7936
1759176000,9295.3,9299.37,9282.1,9288.37,3988
1759190400,9292.17,9307.8,9289.27,9304.4,1835
1759204800,9304.2,9304.8,9295.2,9300.3,1480
1759219200,9299.6,9303.0,9264.5,9281.1,5944
1759233600,9280.9,9321.4,9276.1,9319.9,4522
1759248000,9320.1,9363.5,9317.6,9357.9,10808
1759262400,9357.7,9377.9,9352.6,9358.67,6264
1759276800,9367.97,9375.0,9351.6,9367.5,4061
1759291200,9367.3,9371.1,9360.2,9362.9,2273
1759305600,9362.6,9418.4,9345.3,9410.2,7226
1759320000,9409.9,9422.7,9401.5,9407.5,6013
1759334400,9408.0,9461.3,9404.5,9452.3,9184
1759348800,9452.0,9465.0,9444.97,9451.97,4399
1759363200,9451.77,9466.7,9444.8,9461.8,2471
1759377600,9461.6,9479.9,9459.3,9475.1,2677
1759392000,9475.3,9486.4,9426.6,9451.4,7519
1759406400,9450.1,9462.8,9441.1,9443.7,5854
1759420800,9443.5,9449.2,9417.2,9424.7,9810
1759435200,9424.5,9438.5,9419.7,9422.77,3746
1759449600,9425.67,9443.3,9418.37,9439.6,2539
1759464000,9439.4,9454.8,9434.6,9447.7,1898
1759478400,9447.5,9479.0,9439.1,9475.3,4619
1759492800,9475.5,9494.0,9470.0,9473.5,3800
1759507200,9473.3,9500.0,9467.0,9498.7,7149
1759521600,9498.5,9498.7,9477.9,9485.9,4287
1759708800,9486.47,9507.3,9481.57,9495.1,4457
1759723200,9495.3,9495.3,9480.2,9488.7,2476
1759737600,9488.5,9496.3,9463.8,9473.6,7236
1759752000,9473.3,9514.1,9467.4,9511.1,5172
1759766400,9511.4,9518.9,9476.2,9482.1,7508
1759780800,9481.8,9485.8,9466.67,9472.47,3364
1759795200,9470.77,9474.57,9454.17,9468.9,2887
1759809600,9469.1,9479.3,9465.8,9477.9,1263
1759824000,9476.9,9495.0,9472.7,9488.8,4369
1759838400,9488.5,9506.5,9474.3,9496.0,4062
1759852800,9495.8,9500.0,9472.7,9482.3,9413
1759867200,9482.1,9495.07,9475.6,9492.67,5234
1759881600,9495.67,9496.27,9476.6,9488.5,2813
1759896000,9489.3,9500.8,9489.0,9496.3,1515
1759910400,9496.0,9523.1,9488.2,9522.7,4977
1759924800,9522.5,9574.0,9522.0,9573.3,4938
1759939200,9573.0,9578.8,9526.8,9557.9,7764
1759953600,9557.4,9559.6,9540.4,9552.17,4401
1759968000,9551.07,9559.6,9546.6,9547.9,2520
1759982400,9547.6,9547.6,9480.3,9508.6,3251
1759996800,9508.8,9533.2,9497.9,9505.9,6625
1760011200,9505.4,9532.8,9496.9,9520.0,4780
1760025600,9520.3,9535.2,9498.8,9499.4,9986
1760040000,9498.9,9505.2,9489.5,9491.47,5378
1760054400,9498.97,9510.2,9493.97,9507.1,2506
1760068800,9507.3,9510.8,9495.6,9496.5,1761
1760083200,9496.2,9509.9,9488.9,9496.5,5337
1760097600,9496.3,9520.0,9485.8,9506.8,4939
1760112000,9507.0,9514.8,9385.0,9389.0,21980
1760126400,9388.5,9400.2,9363.2,9373.7,8812
1760313600,9408.47,9437.1,9394.77,9421.5,12246
1760328000,9420.5,9439.7,9415.8,9420.6,4090
1760342400,9419.6,9459.9,9416.9,9442.3,8031
1760356800,9442.5,9444.0,9410.2,9417.7,7074
1760371200,9418.2,9455.0,9409.2,9453.2,11454
1760385600,9453.4,9457.5,9439.2,9442.57,5788
1760400000,9447.17,9457.6,9435.6,9453.5,4365
1760414400,9453.3,9454.0,9412.4,9423.7,5365
1760428800,9423.4,9437.2,9392.4,9435.5,9826
1760443200,9435.8,9445.0,9382.7,9403.5,8073
1760457600,9403.8,9485.9,9403.3,9480.8,13464
1760472000,9480.6,9492.4,9453.27,9465.97,9569
1760486400,9481.97,9486.0,9468.3,9476.2,5591
1760500800,9475.9,9481.5,9467.8,9481.5,2981
1760515200,9484.0,9488.2,9414.3,9418.3,6830
1760529600,9417.0,9435.5,9394.0,9417.5,5450
1760544000,9417.8,9446.8,9403.6,9406.9,12387
1760558400,9407.4,9424.47,9374.9,9412.07,9612
1760572800,9415.97,9422.57,9397.9,9403.1,5314
1760587200,9403.6,9412.5,9395.1,9400.8,3980
1760601600,9401.0,9433.6,9392.8,9410.8,7235
1760616000,9411.0,9428.7,9393.0,9400.5,5157
1760630400,9401.3,9442.9,9385.9,9411.9,16448
1760644800,9411.6,9415.4,9349.97,9364.27,15204
1760659200,9371.07,9376.67,9347.8,9351.2,7420
1760673600,9351.7,9359.4,9337.6,9341.2,4698
1760688000,9340.9,9341.2,9271.5,9286.5,11917
1760702400,9286.8,9355.8,9284.0,9336.8,10931
1760716800,9337.0,9387.2,9334.5,9360.1,16144
1760731200,9359.8,9389.9,9350.8,9381.6,5805
1760918400,9380.67,9390.97,9366.7,9378.9,5543
1760932800,9379.2,9386.9,9370.4,9385.1,3126
1760947200,9385.4,9405.9,9379.2,9387.4,5811
1760961600,9387.2,9401.7,9373.2,9387.2,4147
1760976000,9387.0,9421.1,9386.2,9420.6,7546
1760990400,9420.4,9438.47,9419.6,9437.77,3419
1761004800,9430.57,9441.4,9428.17,9441.1,3002
1761019200,9440.9,9446.2,9432.8,9434.4,2331
1761033600,9434.6,9438.9,9416.7,9418.7,4989
1761048000,9419.0,9442.6,9417.2,9434.1,3389
1761062400,9433.8,9439.3,9404.8,9427.4,8304
1761076800,9427.2,9434.7,9402.97,9410.37,5207
1761091200,9419.47,9425.57,9407.3,9413.9,3762
1761105600,9413.4,9430.1,9411.3,9426.4,1943
1761120000,9426.1,9499.9,9420.4,9495.9,5593
1761134400,9495.6,9526.4,9487.4,9520.6,4744
1761148800,9521.1,9547.3,9465.9,9492.4,12225
1761163200,9492.2,9525.17,9469.9,9515.97,8047
1761177600,9505.67,9519.7,9500.8,9510.5,4667
1761192000,9510.8,9517.4,9509.4,9514.9,3255
1761206400,9515.1,9557.9,9513.3,9555.7,5960
1761220800,9554.7,9580.2,9550.0,9576.7,5074
1761235200,9576.2,9595.9,9568.3,9580.4,8763
1761249600,9580.7,9589.7,9570.8,9585.77,4412
1761264000,9589.57,9598.7,9583.1,9590.4,2815
1761278400,9590.7,9592.2,9584.7,9588.6,1338
1761292800,9588.5,9602.2,9567.5,9568.5,4812
1761307200,9568.3,9596.48,9558.8,9582.0,4588
1761321600,9581.8,9657.9,9577.5,9650.2,7486
1761336000,9650.0,9650.7,9633.2,9639.6,2026
1761523200,9666.87,9681.0,9656.0,9675.2,6311
1761537600,9681.8,9681.8,9645.9,9655.1,2081
1761552000,9654.9,9662.7,9638.5,9643.5,4132
1761566400,9644.0,9661.2,9632.5,9656.2,4036
1761580800,9656.0,9672.7,9632.5,9657.7,6814
1761595200,9657.9,9671.07,9647.4,9671.07,1914
1761609600,9668.77,9675.1,9664.5,9664.5,4322
1761624000,9661.1,9666.6,9643.7,9654.9,1931
1761638400,9655.4,9676.2,9652.2,9659.8,4183
1761652800,9659.3,9700.8,9648.0,9698.0,4812
1761667200,9697.7,9728.5,9693.2,9705.5,9023
1761681600,9705.5,9712.4,9687.77,9696.47,2609
1761696000,9696.97,9702.07,9690.9,9693.3,4060
1761710400,9691.5,9702.9,9685.4,9702.1,3449
1761724800,9702.4,9739.7,9699.1,9735.7,4843
1761739200,9735.7,9789.2,9726.9,9773.0,5493
1761753600,9773.3,9779.8,9739.2,9758.5,9383
1761768000,9758.7,9766.6,9717.6,9738.37,13283
1761782400,9736.97,9768.3,9736.27,9753.9,8026
1761796800,9750.7,9766.1,9709.6,9720.9,7301
1761811200,9720.6,9744.8,9702.5,9709.9,8051
1761825600,9710.6,9720.9,9688.4,9692.4,6600
1761840000,9692.9,9766.7,9691.4,9761.7,12686
1761854400,9761.2,9770.1,9741.7,9753.97,5683
1761868800,9752.67,9767.7,9746.1,9753.6,6551
1761883200,9749.6,9754.6,9733.0,9734.3,3802
1761897600,9733.8,9747.7,9724.7,9734.2,4886
1761912000,9735.0,9739.4,9703.2,9727.0,5423
1761926400,9726.7,9732.2,9695.2,9708.1,10589
1761940800,9707.8,9738.8,9701.1,9738.8,4075
1762128000,9740.27,9755.0,9740.27,9741.0,4382
1762142400,9741.2,9744.7,9731.9,9739.9,2259
1762156800,9740.2,9742.3,9720.0,9722.3,4814
1762171200,9722.5,9734.0,9709.5,9709.5,3623
1762185600,9709.2,9726.5,9690.3,9701.7,8429
1762200000,9701.9,9709.9,9691.87,9696.67,3863
1762214400,9701.27,9701.47,9682.5,9693.7,4032
1762228800,9693.5,9696.5,9670.2,9672.2,3512
1762243200,9672.5,9673.2,9585.7,9585.7,8917
1762257600,9585.5,9662.5,9569.4,9658.5,6368
1762272000,9658.0,9724.1,9651.2,9711.7,10294
1762286400,9710.9,9722.37,9696.3,9705.67,7396
1762300800,9707.37,9710.77,9633.7,9654.5,9407
1762315200,9654.7,9688.4,9650.4,9678.9,5503
1762329600,9678.6,9720.3,9673.7,9700.1,5977
1762344000,9699.8,9741.3,9691.1,9739.8,4924
1762358400,9740.3,9801.0,9736.8,9792.3,10500
1762372800,9792.0,9792.5,9774.17,9786.77,5415
1762387200,9768.67,9782.47,9749.7,9758.7,7855
1762401600,9758.5,9771.4,9753.3,9764.6,2334
1762416000,9764.4,9782.4,9748.3,9750.3,5347
1762430400,9750.6,9771.8,9735.1,9749.8,5972
1762444800,9749.6,9767.3,9710.4,9717.1,14319
1762459200,9716.6,9729.8,9701.4,9728.17,7657
1762473600,9725.57,9732.0,9707.7,9712.4,7022
1762488000,9712.2,9723.5,9696.8,9720.9,4085
1762502400,9721.9,9733.2,9683.6,9691.1,7206
1762516800,9691.4,9693.3,9643.3,9653.8,8670
1762531200,9653.3,9694.4,9637.8,9687.9,17771
1762545600,9688.4,9734.7,9687.2,9730.4,8097
1762732800,9747.57,9767.4,9728.2,9762.8,7945
1762747200,9763.0,9767.3,9754.8,9757.1,2951
1762761600,9757.4,9777.1,9724.8,9777.1,7399
1762776000,9777.3,9788.1,9764.4,9771.9,5254
1762790400,9771.4,9818.8,9765.8,9816.8,11538
1762804800,9816.6,9847.57,9812.1,9842.47,4782
1762819200,9836.57,9872.4,9835.17,9871.7,6091
1762833600,9871.4,9878.4,9850.4,9851.4,3604
1762848000,9851.5,9899.2,9845.9,9872.3,7882
1762862400,9872.6,9880.8,9852.1,9865.8,4920
1762876800,9866.1,9913.8,9862.0,9898.0,10282
1762891200,9898.2,9910.8,9895.4,9895.97,6025
1762905600,9899.27,9915.8,9895.47,9914.7,5442
1762920000,9914.9,9920.7,9905.6,9911.0,2509
1762934400,9911.3,9926.7,9889.1,9889.3,6503
1762948800,9889.8,9909.3,9876.8,9902.5,5301
1762963200,9903.0,9931.9,9898.8,9903.5,10893
1762977600,9903.8,9908.07,9890.7,9901.97,6541
1762992000,9869.77,9896.4,9868.77,9892.0,8935
1763006400,9891.7,9898.5,9884.6,9894.7,2701
1763020800,9894.5,9913.6,9872.2,9880.3,8175
1763035200,9880.5,9881.3,9823.5,9849.0,6530
1763049600,9848.8,9849.3,9779.1,9780.9,15958
1763064000,9781.4,9784.4,9735.4,9751.27,14373
1763078400,9755.37,9771.8,9748.2,9771.1,8055
1763092800,9771.4,9780.6,9754.5,9764.1,3283
1763107200,9764.3,9765.6,9681.1,9683.9,12453
1763121600,9683.6,9688.3,9606.0,9650.8,12366
1763136000,9650.6,9715.8,9634.0,9703.5,18952
1763150400,9703.3,9703.5,9679.8,9692.0,9300
1763337600,9675.87,9703.27,9675.87,9677.8,10261
1763352000,9678.1,9692.2,9675.7,9684.8,3149
1763366400,9684.9,9709.5,9681.4,9693.2,7980
1763380800,9693.0,9700.7,9667.0,9686.3,9120
1763395200,9685.8,9700.8,9669.9,9670.1,15149
1763409600,9669.9,9673.4,9603.1,9624.47,15079
1763424000,9633.07,9634.17,9608.7,9613.5,10634
1763438400,9613.2,9616.7,9550.0,9563.1,8194
1763452800,9562.8,9602.8,9535.9,9591.8,13955
1763467200,9591.6,9592.1,9531.5,9545.3,11361
1763481600,9544.8,9577.9,9509.0,9575.4,27889
1763496000,9575.7,9584.2,9551.87,9561.47,17880
1763510400,9573.37,9579.17,9549.3,9556.3,14624
1763524800,9556.5,9568.4,9529.2,9544.1,6326
1763539200,9544.6,9562.1,9523.3,9561.7,10265
1763553600,9561.9,9566.4,9527.3,9535.3,8402
1763568000,9535.8,9562.3,9499.4,9519.9,17684
1763582400,9519.6,9573.97,9518.1,9569.37,18828
1763596800,9571.77,9599.8,9561.2,9575.4,9900
1763611200,9575.1,9576.9,9562.7,9565.7,3525
1763625600,9565.9,9582.6,9533.2,9562.8,9842
1763640000,9563.1,9580.4,9536.1,9575.1,9403
1763654400,9575.6,9593.2,9442.6,9457.1,28483
1763668800,9456.6,9510.3,9427.17,9436.27,21315
1763683200,9436.17,9468.4,9421.47,9459.9,14678
1763697600,9460.2,9462.0,9435.5,9444.8,6195
1763712000,9445.0,9492.7,9421.1,9483.0,12688
1763726400,9482.5,9531.3,9453.7,9531.0,17159
1763740800,9530.8,9579.4,9501.7,9570.1,29172
1763755200,9570.4,9594.9,9548.4,9571.1,12404
1763942400,9589.87,9600.5,9573.0,9581.4,7888
1763956800,9581.6,9595.9,9576.2,9585.5,4009
1763971200,9585.8,9592.6,9547.8,9565.4,10437
1763985600,9565.6,9571.7,9539.6,9539.9,10344
1764000000,9539.6,9576.1,9511.5,9533.2,16028
1764014400,9533.3,9551.17,9522.5,9548.67,7882
1764028800,9545.77,9548.17,9528.7,9535.8,5988
1764043200,9536.0,9546.4,9530.0,9541.4,1656
1764057600,9540.9,9561.2,9518.2,9534.7,8091
1764072000,9534.9,9590.7,9523.7,9590.7,10819
1764086400,9590.9,9623.2,9552.9,9614.0,19057
1764100800,9614.2,9645.0,9602.9,9630.17,6996
1764115200,9630.27,9656.6,9626.27,9643.0,5227
1764129600,9642.7,9642.9,9625.9,9635.2,2596
1764144000,9634.4,9648.6,9605.2,9624.7,7521
1764158400,9625.2,9677.2,9590.7,9667.2,13158
1764172800,9667.5,9709.4,9659.2,9705.6,11417
1764187200,9706.1,9711.8,9689.07,9691.37,6048
1764201600,9686.37,9694.27,9676.1,9680.5,3571
1764216000,9680.7,9682.4,9668.2,9675.8,1389
1764230400,9676.1,9695.2,9656.0,9656.3,5749
1764244800,9656.1,9687.1,9655.5,9682.1,5182
1764259200,9681.8,9696.9,9681.3,9695.1,3871
1764273600,9695.6,9702.7,9694.6,9702.7,605
1764288000,9697.07,9713.3,9697.07,9702.9,2236
1764302400,9702.6,9705.2,9691.7,9702.6,1205
1764316800,9703.1,9719.3,9696.9,9708.0,5076
1764331200,9708.2,9725.0,9698.2,9713.7,4645
1764345600,9714.2,9741.2,9707.4,9724.8,7701
1764360000,9724.6,9727.3,9709.3,9713.6,915
1764547200,9706.27,9718.57,9689.8,9708.7,9207
1764561600,9709.7,9710.1,9689.1,9699.4,2371
1764576000,9699.2,9722.2,9683.9,9701.7,8191
1764590400,9702.2,9729.3,9694.6,9716.4,8504
1764604800,9716.1,9736.3,9699.2,9712.9,10939
1764619200,9713.2,9728.2,9687.37,9690.57,6497
1764633600,9692.67,9702.8,9684.1,9700.1,5339
1764648000,9696.1,9700.2,9689.8,9696.5,2927
1764662400,9696.0,9721.3,9688.1,9720.6,6640
1764676800,9720.8,9746.3,9713.3,9725.3,5678
1764691200,9725.1,9728.3,9682.2,9694.2,13937
1764705600,9693.9,9717.4,9692.4,9705.77,6735
1764720000,9708.37,9715.7,9699.4,9700.6,4524
1764734400,9700.1,9711.3,9698.1,9703.6,1333
1764748800,9703.1,9715.4,9682.6,9685.1,6622
1764763200,9685.4,9697.1,9676.4,9689.4,5924
1764777600,9688.9,9711.5,9674.4,9691.1,12664
1764792000,9691.6,9725.57,9689.1,9703.07,4951
1764806400,9705.17,9714.8,9696.5,9707.8,3456
1764820800,9707.6,9723.3,9706.5,9716.1,1316
1764835200,9715.8,9723.7,9671.6,9695.1,6763
1764849600,9695.6,9720.4,9688.4,9713.9,5489
1764864000,9714.2,9727.7,9695.4,9717.4,9911
1764878400,9717.6,9722.4,9692.5,9704.47,5516
1764892800,9705.97,9719.9,9703.37,9718.2,4161
1764907200,9717.2,9725.4,9715.6,9722.2,850
1764921600,9722.2,9736.4,9713.4,9730.7,5791
1764936000,9730.2,9735.0,9699.5,9702.5,4212
1764950400,9702.0,9709.9,9660.3,9675.9,10638
1764964800,9675.6,9679.7,9657.0,9657.2,3352
1765152000,9661.27,9669.4,9651.0,9658.3,4712
1765166400,9658.1,9660.3,9653.6,9657.1,1098
1765180800,9656.8,9678.2,9648.0,9678.0,5827
1765195200,9677.7,9678.2,9649.0,9652.5,4663
1765209600,9652.2,9655.5,9628.2,9641.2,10057
1765224000,9640.7,9643.17,9621.1,9640.87,5916
1765238400,9643.47,9650.7,9637.17,9642.7,3893
1765252800,9642.9,9644.2,9635.7,9636.5,964
1765267200,9636.2,9650.5,9629.5,9646.8,6411
1765281600,9646.5,9661.3,9632.0,9645.8,6469
1765296000,9646.3,9672.2,9619.4,9627.1,7959
1765310400,9626.8,9632.4,9601.17,9608.67,4877
1765324800,9612.67,9618.8,9602.27,9610.4,2853
1765339200,9610.6,9615.7,9607.2,9611.7,1016
1765353600,9611.9,9664.2,9606.3,9651.2,6237
1765368000,9651.7,9687.7,9645.7,9674.2,7135
1765382400,9674.5,9675.2,9636.7,9644.4,9728
1765396800,9644.6,9689.5,9643.8,9674.67,12161
1765411200,9677.27,9682.6,9661.4,9675.7,3667
1765425600,9675.2,9676.5,9640.6,9648.7,4149
1765440000,9648.9,9672.7,9630.1,9671.2,8807
1765454400,9671.4,9673.5,9652.2,9662.7,6157
1765468800,9662.2,9720.6,9658.7,9716.8,12308
1765483200,9716.5,9735.77,9713.4,9725.57,7084
1765497600,9718.87,9729.2,9712.67,9729.2,4148
1765512000,9730.0,9739.2,9727.7,9736.6,1738
1765526400,9736.8,9763.0,9725.7,9730.2,7498
1765540800,9730.0,9738.8,9688.8,9693.5,5224
1765555200,9693.8,9702.7,9631.9,9656.9,18351
1765569600,9657.2,9669.4,9652.5,9659.9,6983
1765756800,9658.57,9683.9,9654.87,9683.5,3678
1765771200,9683.2,9690.2,9679.8,9687.4,1528
1765785600,9687.7,9721.9,9681.3,9720.7,6438
1765800000,9720.4,9748.7,9719.2,9741.4,3826
1765814400,9740.9,9770.9,9729.7,9734.3,14161
1765828800,9734.0,9756.5,9728.3,9754.27,8313
1765843200,9757.87,9759.07,9730.8,9733.6,7511
1765857600,9733.1,9736.7,9724.4,9727.0,3560
1765872000,9727.2,9760.2,9720.2,9720.2,6820
1765886400,9719.9,9724.4,9683.0,9684.7,6307
1765900800,9684.5,9692.8,9652.9,9669.3,17624
1765915200,9668.8,9696.8,9659.5,9675.67,12627
1765929600,9674.17,9689.1,9661.2,9688.6,9093
1765944000,9688.9,9698.7,9677.7,9698.2,2448
1765958400,9698.4,9842.4,9698.1,9831.9,7443
1765972800,9832.2,9854.2,9825.6,9838.6,5111
1765987200,9837.6,9848.1,9762.7,9771.9,15285
1766001600,9772.2,9779.2,9748.2,9763.47,9349
1766016000,9765.37,9775.8,9748.3,9774.6,9610
1766030400,9774.8,9786.0,9752.8,9761.7,4200
1766044800,9761.5,9803.9,9759.9,9799.9,6027
1766059200,9800.4,9805.4,9743.3,9753.2,6712
1766073600,9753.4,9851.0,9752.2,9824.3,15378
1766088000,9824.0,9833.2,9788.47,9793.77,9771
1766102400,9800.57,9811.4,9793.1,9807.7,5847
1766116800,9807.2,9819.3,9802.5,9807.2,3259
1766131200,9807.3,9852.4,9798.5,9838.4,7312
1766145600,9838.2,9849.5,9821.6,9836.5,6561
1766160000,9837.0,9916.8,9834.7,9913.2,9428
1766174400,9913.5,9915.8,9874.6,9874.6,3102
1766361600,9886.97,9899.3,9876.7,9893.2,3806
1766376000,9893.5,9895.0,9879.8,9884.8,1153
1766390400,9884.6,9891.3,9849.0,9855.9,5879
1766404800,9856.1,9864.7,9837.7,9838.7,3956
1766419200,9839.2,9871.2,9827.1,9863.1,8165
1766433600,9862.8,9871.1,9853.4,9861.37,3210
1766448000,9861.27,9870.4,9860.3,9869.5,2255
1766462400,9868.8,9870.1,9853.0,9853.0,1004
1766476800,9853.3,9883.6,9842.8,9872.2,4932
1766491200,9872.4,9881.2,9840.1,9843.1,4612
1766505600,9843.3,9900.9,9841.1,9880.6,8293
1766520000,9880.8,9885.8,9869.67,9874.37,3124
1766534400,9874.87,9884.3,9867.5,9876.3,2498
1766548800,9875.0,9893.3,9869.2,9884.3,898
1766563200,9883.8,9892.5,9862.6,9872.7,1944
1766577600,9872.9,9887.4,9856.9,9865.2,1873
1766966400,9895.1,9899.6,9880.2,9881.1,617
1766980800,9880.3,9896.4,9876.4,9879.8,1294
1766995200,9879.5,9891.2,9861.1,9877.9,7101
1767009600,9878.7,9896.8,9863.3,9875.8,4779
1767024000,9875.6,9887.6,9852.6,9871.5,9193
1767038400,9871.8,9880.3,9864.07,9872.87,3704
1767052800,9869.27,9874.3,9858.5,9862.9,3393
1767067200,9863.1,9871.8,9851.0,9866.9,1811
1767081600,9867.1,9886.2,9857.9,9885.2,4305
1767096000,9885.7,9934.7,9885.7,9916.3,3874
1767110400,9916.5,9956.2,9915.8,9944.5,6775
1767124800,9945.0,9951.2,9937.67,9942.97,4058
1767139200,9943.07,9945.77,9917.6,9925.7,2532
1767153600,9925.2,9935.7,9921.5,9928.0,491
1767168000,9927.7,9958.4,9912.4,9933.2,3262
1767182400,9933.4,9952.0,9910.8,9948.3,2174
1767312000,9908.1,9931.7,9890.1,9924.1,788
1767326400,9924.6,9950.6,9924.0,9948.0,1430
1767340800,9948.3,10051.8,9926.1,9996.9,7884
1767355200,9997.4,9997.4,9963.0,9988.5,5176
1767369600,9988.8,9998.5,9945.6,9965.6,16887
1767384000,9965.4,9998.8,9951.1,9996.3,6689
1767571200,9996.37,10022.9,9992.97,10014.4,8000
1767585600,10014.6,10019.0,10008.7,10014.3,1790
1767600000,10014.5,10023.1,9962.7,9980.9,10293
1767614400,9979.9,9990.2,9952.5,9974.4,7497
1767628800,9973.9,10023.3,9957.8,10022.2,13462
1767643200,10022.5,10029.6,10017.8,10022.57,4626
1767657600,10026.77,10038.7,10019.1,10038.2,3734
1767672000,10037.9,10046.9,10036.9,10044.9,1485
1767686400,10044.6,10066.6,10033.4,10042.9,7304
1767700800,10043.1,10115.6,10042.9,10113.9,6844
1767715200,10114.4,10159.2,10105.4,10114.8,13167
1767729600,10115.3,10125.8,10100.97,10103.57,4029
1767744000,10105.27,10112.2,10100.5,10105.1,3727
1767758400,10105.1,10115.2,10102.3,10104.3,1689
1767772800,10104.8,10112.3,10062.3,10072.3,7321
1767787200,10071.5,10074.7,10047.3,10056.0,7581
1767801600,10055.8,10062.8,10023.7,10024.4,12708
1767816000,10024.7,10035.77,10017.1,10035.47,5427
1767830400,10033.67,10036.47,10025.1,10035.3,3314
1767844800,10035.5,10037.7,10010.3,10010.5,2238
1767859200,10011.0,10032.5,9995.2,10025.1,8576
1767873600,10024.8,10031.6,10007.1,10016.8,7249
1767888000,10017.0,10058.9,10016.0,10050.1,12054
1767902400,10049.9,10093.27,10037.9,10091.77,6204
1767916800,10089.37,10090.67,10060.1,10061.8,3930
1767931200,10061.9,10068.3,10056.5,10065.2,1805
1767945600,10064.9,10089.4,10056.1,10084.0,6876
1767960000,10084.2,10134.28,10077.5,10098.0,6597
1767974400,10098.3,10141.2,10091.3,10128.6,11562
1767988800,10128.4,10139.9,10124.9,10131.7,2398
1768176000,10131.67,10133.47,10105.2,10114.2,7949
1768190400,10113.9,10120.0,10107.3,10113.3,2374
1768204800,10112.8,10132.7,10094.7,10128.7,6294
1768219200,10129.7,10138.9,10110.2,10133.2,5171
1768233600,10133.5,10149.9,10117.1,10124.7,8740
1768248000,10125.2,10148.87,10124.7,10140.17,2948
1768262400,10137.77,10144.97,10129.8,10135.2,4011
1768276800,10134.9,10148.0,10134.4,10147.2,1795
1768291200,10147.5,10150.7,10130.5,10146.5,5176
1768305600,10145.8,10147.3,10118.5,10119.7,4991
1768320000,10119.5,10153.4,10093.7,10141.8,10653
1768334400,10142.0,10149.5,10134.6,10142.27,5462
1768348800,10141.77,10153.0,10137.3,10147.4,3931
1768363200,10147.6,10152.5,10139.1,10139.5,2312
1768377600,10139.2,10171.5,10133.8,10162.5,5866
1768392000,10161.5,10177.0,10156.3,10162.0,7070
1768406400,10161.5,10179.5,10152.2,10175.5,12204
1768420800,10175.0,10223.07,10173.9,10210.67,9064
1768435200,10210.67,10223.9,10199.27,10223.7,5332
1768449600,10223.9,10226.0,10208.9,10216.1,2955
1768464000,10215.9,10225.5,10168.7,10220.8,8388
1768478400,10220.5,10240.6,10216.0,10233.9,5770
1768492800,10233.7,10249.6,10219.9,10222.5,10167
1768507200,10221.8,10241.4,10217.2,10221.37,5667
1768521600,10224.77,10233.2,10215.0,10228.2,3357
1768536000,10228.4,10234.7,10223.4,10231.7,1015
1768550400,10230.9,10237.2,10209.7,10235.2,5133
1768564800,10234.7,10256.6,10217.9,10219.1,5756
1768579200,10219.8,10243.0,10214.6,10241.4,10046
1768593600,10241.2,10256.0,10240.2,10250.2,2380
1768780800,10210.57,10218.17,10139.5,10165.3,9919
1768795200,10165.5,10191.9,10165.5,10185.1,3757
1768809600,10184.9,10232.0,10159.2,10179.8,10504
1768824000,10179.6,10203.9,10163.8,10198.6,7104
1768838400,10199.1,10207.1,10183.7,10187.5,6202
1768852800,10187.7,10190.6,10180.1,10181.1,602
1768867200,10186.17,10188.3,10156.2,10183.3,4998
1768881600,10183.6,10185.6,10168.9,10171.1,2770
1768896000,10170.6,10171.1,10048.1,10052.9,12591
1768910400,10052.6,10108.9,10047.6,10078.6,11014
1768924800,10078.9,10129.3,10076.8,10109.2,18975
1768939200,10108.7,10123.4,10092.4,10099.97,11247
1768953600,10104.57,10116.5,10090.17,10111.3,5448
1768968000,10111.6,10121.6,10106.7,10113.8,3680
1768982400,10113.6,10138.6,10104.8,10112.8,8912
1768996800,10113.3,10126.4,10091.8,10119.8,8908
1769011200,10119.5,10162.3,10103.7,10144.9,22329
1769025600,10144.4,10221.5,10127.4,10203.37,18075
1769040000,10215.97,10220.7,10209.97,10217.9,5689
1769054400,10217.9,10220.9,10206.8,10212.1,1914
1769068800,10212.3,10226.2,10198.8,10224.0,8268
1769083200,10224.5,10227.0,10153.7,10191.5,9592
1769097600,10191.7,10210.4,10138.9,10153.5,14050
1769112000,10153.6,10154.4,10137.67,10138.47,7113
1769126400,10133.77,10155.2,10133.57,10150.1,4561
1769140800,10150.6,10158.6,10146.4,10157.5,2675
1769155200,10157.7,10181.9,10139.6,10151.4,8506
1769169600,10151.2,10170.8,10133.2,10154.7,8273
1769184000,10155.0,10164.2,10115.6,10118.6,12647
1769198400,10118.3,10154.5,10118.0,10149.4,5465
1769385600,10093.77,10143.1,10091.77,10132.2,11402
1769400000,10132.5,10143.3,10126.2,10135.9,3573
1769414400,10136.1,10178.2,10125.9,10137.5,9073
1769428800,10137.7,10169.8,10136.0,10163.3,6686
1769443200,10164.0,10185.2,10140.5,10165.8,10682
1769457600,10166.0,10169.0,10138.37,10152.77,6363
1769472000,10143.17,10167.0,10142.47,10165.5,4097
1769486400,10165.3,10185.0,10163.6,10184.9,2699
1769500800,10185.6,10197.1,10158.1,10182.6,7538
1769515200,10181.1,10224.2,10180.4,10223.2,6610
1769529600,10223.4,10227.6,10182.0,10182.2,11366
1769544000,10182.0,10208.0,10175.3,10186.67,6190
1769558400,10186.87,10204.0,10183.6,10189.0,4104
1769572800,10189.3,10224.4,10184.4,10217.1,2447
1769587200,10221.1,10230.5,10172.1,10174.6,8811
1769601600,10173.9,10177.7,10142.1,10163.9,8523
1769616000,10163.6,10179.3,10140.5,10143.4,13350
1769630400,10143.2,10169.7,10120.67,10155.27,14947
1769644800,10157.27,10160.0,10137.0,10158.6,12426
1769659200,10159.1,10192.0,10156.9,10183.7,3959
1769673600,10183.2,10220.6,10175.5,10193.7,10602
1769688000,10193.9,10259.2,10185.4,10257.2,8730
1769702400,10257.4,10277.6,10153.0,10173.3,26730
1769716800,10173.8,10218.37,10166.0,10205.97,14393
1769731200,10196.07,10213.47,10183.87,10198.3,10977
1769745600,10198.8,10205.8,10174.6,10178.1,7076
1769760000,10178.6,10201.1,10134.9,10180.4,12610
1769774400,10180.1,10230.2,10175.6,10198.2,10835
1769788800,10197.7,10234.6,10192.1,10194.5,25429
1769803200,10193.8,10238.8,10167.0,10226.3,14879
1769990400,10196.47,10235.6,10179.1,10183.6,13293
1770004800,10183.8,10185.3,10130.1,10135.8,6113
1770019200,10136.1,10224.2,10118.3,10217.7,12338
1770033600,10217.2,10308.1,10217.2,10307.4,11806
1770048000,10307.1,10364.6,10302.9,10351.2,17482
1770062400,10350.9,10354.2,10306.4,10330.87,7962
1770076800,10341.27,10353.07,10321.9,10330.2,5823
1770091200,10330.0,10334.7,10310.4,10327.5,2621
1770105600,10327.8,10369.2,10317.7,10324.2,8630
1770120000,10324.4,10336.7,10239.9,10246.9,10995
1770134400,10247.1,10313.4,10229.4,10262.7,25013
1770148800,10262.4,10309.47,10239.9,10292.17,16907
1770163200,10291.77,10314.3,10284.27,10311.1,6832
1770177600,10311.4,10325.3,10305.6,10320.2,3083
1770192000,10320.0,10404.8,10307.4,10403.4,11979
1770206400,10403.1,10464.3,10401.6,10454.3,12072
1770220800,10454.0,10483.5,10376.0,10397.8,31336
1770235200,10397.5,10442.57,10378.8,10432.67,18395
1770249600,10424.87,10431.4,10405.8,10416.1,7087
1770264000,10416.6,10417.6,10384.4,10395.7,5136
1770278400,10395.9,10407.4,10338.7,10359.9,12757
1770292800,10359.7,10398.9,10316.9,10320.2,16588
1770307200,10320.7,10371.6,10287.1,10298.7,32145
1770321600,10299.2,10304.2,10230.67,10234.17,15230
1770336000,10242.87,10266.8,10212.2,10266.1,15547
1770350400,10266.3,10276.4,10229.6,10275.8,4558
1770364800,10275.3,10317.1,10227.5,10306.9,13428
1770379200,10307.1,10342.4,10299.6,10321.4,9503
1770393600,10321.1,10390.7,10315.9,10384.5,19734
1770408000,10385.3,10407.6,10382.5,10407.6,4612
1770595200,10421.77,10434.9,10404.0,10409.1,12167
1770609600,10408.9,10423.5,10401.7,10410.0,3134
1770624000,10411.0,10423.0,10387.3,10387.6,10359
1770638400,10387.3,10390.8,10326.7,10327.7,11307
1770652800,10327.9,10394.3,10316.4,10377.0,14329
1770667200,10377.3,10399.0,10365.8,10395.17,6228
1770681600,10398.17,10398.67,10380.0,10391.8,6063
1770696000,10392.1,10395.8,10379.9,10390.7,2968
1770710400,10391.2,10427.6,10331.2,10353.7,10305
1770724800,10353.5,10373.5,10332.0,10352.0,11376
1770739200,10352.2,10387.9,10341.2,10380.5,15516
1770753600,10380.3,10394.6,10362.8,10376.77,7469
1770768000,10381.47,10390.6,10376.9,10385.8,3137
1770782400,10385.9,10401.6,10382.8,10383.8,2143
1770796800,10386.3,10420.5,10365.7,10378.7,9466
1770811200,10378.5,10461.94,10370.0,10458.0,12018
1770825600,10458.5,10495.9,10419.7,10483.9,19246
1770840000,10483.7,10524.9,10474.7,10512.47,8470
1770854400,10513.17,10522.9,10503.07,10513.8,7079
1770868800,10514.5,10522.7,10498.1,10517.4,2107
1770883200,10517.1,10543.0,10478.0,10496.0,10273
1770897600,10496.8,10504.3,10465.7,10472.7,8822
1770912000,10472.2,10477.2,10382.3,10383.3,28513
1770926400,10382.8,10460.6,10376.8,10431.97,15565
1770940800,10433.27,10445.2,10413.1,10430.2,11876
1770955200,10430.5,10436.7,10411.3,10413.7,2873
1770969600,10413.4,10445.2,10393.7,10420.0,11886
1770984000,10420.7,10427.5,10377.5,10392.7,17277
1770998400,10391.9,10462.6,10382.2,10452.1,28969
1771012800,10452.3,10463.6,10420.3,10455.1,12223
1771200000,10443.67,10460.2,10437.9,10452.5,6461
1771214400,10452.8,10470.6,10444.9,10452.1,1787
1771228800,10452.6,10494.1,10444.1,10469.4,8669
1771243200,10469.7,10488.9,10456.9,10482.2,7551
1771257600,10482.4,10488.3,10461.6,10478.5,10266
1771272000,10479.3,10479.3,10458.0,10466.6,728
1771286400,10460.47,10477.37,10454.1,10457.1,6387
1771300800,10456.6,10468.4,10443.1,10450.4,3485
1771315200,10450.9,10530.6,10450.9,10527.7,9932
1771329600,10527.5,10530.5,10485.6,10494.9,12648
1771344000,10494.6,10564.5,10494.4,10543.4,31100
1771358400,10543.1,10587.8,10539.4,10570.67,14028
1771372800,10562.57,10570.5,10553.27,10565.3,5497
1771387200,10565.5,10576.3,10558.6,10569.0,1518
1771401600,10569.5,10655.4,10567.2,10645.4,7722
1771416000,10646.1,10677.7,10645.9,10662.4,8608
1771430400,10662.6,10717.9,10662.3,10697.8,15116
1771444800,10697.5,10707.8,10671.6,10698.97,9480
1771459200,10676.87,10701.8,10668.3,10692.0,5262
1771473600,10691.5,10698.1,10676.4,10680.3,2540
1771488000,10679.8,10694.4,10619.2,10623.2,9939
1771502400,10622.9,10630.1,10590.1,10629.6,10752
1771516800,10628.1,10637.0,10596.9,10614.4,23060
1771531200,10614.7,10671.17,10603.7,10657.17,11605
1771545600,10662.17,10673.5,10654.9,10657.2,4973
1771560000,10657.4,10668.5,10649.4,10667.9,2503
1771574400,10668.1,10692.8,10639.3,10692.3,7775
1771588800,10692.6,10720.8,10664.6,10674.1,10160
1771603200,10673.9,10749.0,10666.2,10686.9,22465
1771617600,10686.4,10719.1,10683.9,10715.0,9327
1771804800,10713.47,10714.77,10657.2,10664.7,9745
1771819200,10665.0,10675.8,10658.0,10668.0,3582
1771833600,10667.8,10694.6,10657.1,10685.3,8548
1771848000,10685.1,10709.2,10662.1,10699.2,7339
1771862400,10698.7,10739.1,10653.2,10670.5,21342
1771876800,10670.7,10695.7,10670.2,10690.57,10147
1771891200,10687.47,10694.37,10658.4,10659.9,6176
1771905600,10660.1,10684.2,10654.9,10676.0,2031
1771920000,10675.8,10688.0,10643.0,10664.5,10576
1771934400,10664.3,10710.7,10651.3,10704.0,8738
1771948800,10703.8,10715.5,10671.8,10700.6,16493
1771963200,10700.1,10724.3,10700.0,10703.97,5665
1771977600,10705.97,10716.6,10702.9,10707.7,3898
1771992000,10707.5,10742.1,10699.2,10738.5,3951
1772006400,10738.3,10783.2,10699.9,10777.8,10482
1772020800,10777.3,10792.3,10766.2,10790.3,8383
1772035200,10790.5,10819.5,10756.0,10818.7,12479
1772049600,10818.5,10823.5,10794.97,10812.87,7480
1772064000,10810.07,10816.27,10789.67,10794.4,6294
1772078400,10794.2,10795.3,10785.3,10789.0,2386
1772092800,10788.7,10833.8,10785.9,10820.8,6850
1772107200,10820.6,10829.1,10812.1,10820.1,6065
1772121600,10819.6,10856.9,10797.0,10841.2,15097
1772136000,10841.0,10871.4,10838.0,10838.47,7322
1772150400,10826.47,10851.5,10818.67,10850.7,8668
1772164800,10851.2,10882.1,10850.0,10874.0,3655
1772179200,10874.3,10913.7,10851.2,10894.8,8849
1772193600,10894.3,10911.0,10867.0,10891.0,9388
1772208000,10890.5,10937.4,10866.9,10876.7,19666
1772222400,10877.2,10897.1,10868.0,10872.1,6749
1772409600,10755.87,10860.7,10754.17,10846.7,15669
1772424000,10846.9,10868.3,10828.0,10843.7,3427
1772438400,10843.8,10855.7,10792.5,10816.8,14762
1772452800,10817.3,10836.5,10732.3,10737.0,12559
1772467200,10737.3,10805.0,10727.3,10791.4,18986
1772481600,10791.6,10823.5,10773.5,10789.87,9021
1772496000,10791.17,10793.6,10737.7,10738.2,10253
1772510400,10737.9,10768.0,10716.7,10722.2,9157
1772524800,10722.4,10729.7,10499.0,10515.2,22508
1772539200,10515.5,10528.5,10442.5,10474.7,25553
1772553600,10475.0,10520.8,10403.8,10500.8,33566
1772568000,10501.3,10563.1,10501.3,10516.37,16493
1772582400,10512.17,10541.4,10485.2,10498.2,19479
1772596800,10498.4,10506.9,10464.2,10472.2,15224
1772611200,10472.7,10520.0,10440.0,10518.2,18234
1772625600,10518.0,10582.2,10505.7,10579.5,18206
1772640000,10579.0,10597.1,10541.2,10594.0,20105
1772654400,10594.3,10635.4,10585.4,10624.27,8478
1772668800,10623.47,10642.9,10572.0,10577.5,10025
1772683200,10576.8,10597.3,10561.5,10562.0,7172
1772697600,10561.8,10637.3,10524.1,10608.3,16590
1772712000,10608.6,10617.8,10505.8,10510.8,10588
1772726400,10510.3,10519.6,10362.2,10366.2,26634
1772740800,10365.7,10400.2,10339.7,10387.47,15679
1772755200,10396.37,10428.6,10394.17,10423.3,10437
1772769600,10423.6,10458.6,10423.1,10448.8,5068
1772784000,10448.5,10480.6,10405.6,10418.9,14838
1772798400,10419.1,10434.4,10258.9,10268.1,19601
1772812800,10267.9,10310.1,10229.9,10287.5,32146
1772827200,10287.3,10336.5,10286.8,10321.3,11748
1773014400,10235.97,10241.27,10123.2,10132.9,23315
1773028800,10132.5,10154.2,10092.2,10122.7,15725
1773043200,10123.0,10209.2,10077.0,10108.8,26119
1773057600,10109.5,10191.5,10081.0,10148.3,27016
1773072000,10148.5,10285.2,10136.3,10276.9,32850
1773086400,10276.4,10387.4,10220.9,10329.97,17062
1773100800,10314.27,10334.47,10299.3,10317.3,20236
1773115200,10311.1,10334.3,10276.3,10294.5,9132
1773129600,10294.3,10432.6,10294.3,10408.6,14583
1773144000,10408.1,10445.1,10366.1,10410.1,17345
1773158400,10409.3,10451.1,10357.8,10444.0,19676
1773172800,10443.5,10475.5,10371.7,10387.77,17476
1773187200,10374.47,10414.8,10362.87,10402.0,11010
1773201600,10400.6,10422.3,10390.9,10412.1,3146
1773216000,10412.6,10413.4,10301.9,10306.6,10261
1773230400,10307.1,10364.9,10291.1,10320.6,14352
1773244800,10320.4,10386.8,10305.8,10372.0,21124
1773259200,10371.7,10374.2,10328.7,10347.87,8564
1773273600,10304.67,10309.07,10254.8,10272.8,17354
1773288000,10272.7,10303.2,10240.2,10258.1,5540
1773302400,10258.3,10316.7,10256.8,10313.0,10196
1773316800,10312.7,10345.7,10278.5,10319.3,13267
1773331200,10319.8,10332.8,10256.3,10310.7,28363
1773345600,10310.2,10333.2,10286.97,10289.67,11122
1773360000,10279.87,10317.8,10273.8,10311.2,15068
1773374400,10308.8,10341.1,10306.3,10318.9,4641
1773388800,10319.1,10322.2,10196.1,10252.6,10864
1773403200,10252.1,10343.6,10240.6,10332.1,13847
1773417600,10331.6,10369.1,10246.1,10254.5,24084
1773432000,10254.7,10280.5,10238.5,10246.17,10242
1773619200,10243.87,10303.7,10225.47,10294.6,21997
1773633600,10284.7,10308.9,10268.0,10288.5,4889
1773648000,10288.7,10318.7,10264.4,10274.7,9437
1773662400,10275.2,10338.2,10256.2,10323.9,12991
1773676800,10324.2,10376.8,10314.0,10325.5,18377
1773691200,10326.2,10357.5,10319.5,10341.17,8128
1773705600,10332.67,10345.07,10322.6,10324.0,13467
1773720000,10326.7,10343.2,10320.6,10329.7,3607
1773734400,10328.9,10349.1,10299.8,10342.1,9203
1773748800,10342.4,10405.7,10342.4,10396.4,9709
1773763200,10396.7,10436.9,10390.3,10392.3,17504
1773777600,10391.8,10405.5,10363.6,10374.07,6247
1773792000,10362.97,10379.7,10353.1,10379.6,5982
1773806400,10385.2,10401.3,10378.2,10394.8,2203
1773820800,10395.1,10436.0,10393.6,10426.3,4921
1773835200,10426.8,10450.8,10348.3,10350.5,12636
1773849600,10351.0,10353.3,10277.0,10303.2,20607
1773864000,10303.0,10305.0,10217.57,10228.07,10893
1773878400,10217.07,10229.0,10202.47,10217.8,10481
1773892800,10208.5,10246.4,10185.5,10193.2,4875
1773907200,10193.5,10202.2,10111.5,10119.5,13072
1773921600,10120.5,10145.5,10003.3,10014.0,22349
1773936000,10015.3,10074.3,9990.5,10041.6,31996
1773950400,10042.1,10087.9,9998.9,10067.77,13845
1773964800,10063.47,10081.2,10059.87,10067.5,8691
1773979200,10062.3,10091.9,10051.7,10054.6,4752
1773993600,10054.1,10126.2,10040.1,10107.2,9595
1774008000,10106.7,10115.7,9998.2,10094.0,23925
1774022400,10094.2,10097.2,9872.9,9896.1,36008
1774036800,9895.9,9907.4,9794.0,9844.87,15243
1774224000,9778.37,9824.57,9778.37,9787.4,24100
1774238400,9786.7,9859.6,9774.4,9810.9,11450
1774252800,9810.6,9824.9,9742.9,9752.2,20159
1774267200,9751.2,9996.2,9673.2,9979.7,46471
1774281600,9980.9,10041.3,9884.5,9916.2,40394
1774296000,9917.5,9989.5,9902.2,9946.97,12625
1774310400,9938.37,9973.87,9893.3,9917.0,18513
1774324800,9917.1,9917.1,9826.5,9857.1,11734
1774339200,9856.9,9938.6,9826.5,9880.1,16635
1774353600,9881.3,9928.6,9835.6,9863.6,21137
1774368000,9862.6,9975.8,9840.8,9957.0,31513
1774382400,9957.2,10030.37,9918.0,10001.07,15935
1774396800,10014.27,10035.2,9997.67,10020.7,14906
1774411200,10031.1,10051.8,10001.8,10027.6,5034
1774425600,10027.8,10081.6,9999.5,10063.3,11132
1774440000,10064.3,10122.3,10037.3,10090.1,16508
1774454400,10092.1,10121.8,10041.4,10110.3,24202
1774468800,10110.8,10130.8,10092.8,10101.47,6982
1774483200,10087.57,10100.1,10068.3,10086.5,9551
1774497600,10091.2,10097.5,10042.2,10055.2,5363
1774512000,10055.5,10063.5,10004.5,10021.5,10522
1774526400,10021.3,10027.5,9950.0,9979.8,12404
1774540800,9980.0,10026.1,9952.6,9962.6,22710
1774555200,9962.1,10008.27,9929.1,9965.67,9158
1774569600,9954.37,9973.4,9943.0,9945.3,14212
1774584000,9943.4,10011.1,9936.9,10009.5,5222
1774598400,10010.0,10029.7,9928.7,9930.2,10113
1774612800,9932.7,9950.7,9880.2,9940.2,15346
1774627200,9940.5,9991.7,9910.7,9978.9,20320
1774641600,9979.4,9992.1,9907.97,9910.37,8321
1774828800,9866.87,9911.5,9852.3,9875.2,15665
1774843200,9875.5,9946.0,9872.7,9934.5,7611
1774857600,9934.8,10057.3,9928.9,10053.8,12038
1774872000,10054.3,10094.5,10012.8,10079.0,13826
1774886400,10078.8,10156.5,10067.8,10115.7,23600
1774900800,10115.5,10125.5,10043.2,10066.07,10984
1774915200,10076.47,10107.7,10023.5,10095.7,11985
1774929600,10096.0,10146.5,10069.0,10094.7,19863
1774944000,10094.5,10219.8,10075.9,10192.5,18002
1774958400,10191.8,10250.5,10157.8,10207.8,19574
1774972800,10209.8,10282.9,10151.4,10223.4,28761
1774987200,10223.7,10286.87,10183.2,10272.67,19515
1775001600,10271.57,10297.8,10267.17,10289.8,7863
1775016000,10289.5,10293.0,10264.8,10279.3,6020
1775030400,10279.8,10366.3,10277.6,10348.1,14553
1775044800,10349.1,10403.3,10328.8,10340.3,15836
1775059200,10341.1,10399.7,10292.8,10392.4,20423
1775073600,10391.9,10426.97,10361.7,10416.17,10428
1775088000,10413.37,10435.9,10401.5,10431.97,6890
1775102400,10431.77,10431.97,10256.9,10261.9,10384
1775116800,10262.1,10366.2,10253.1,10362.9,11116
1775131200,10363.2,10366.7,10280.7,10312.2,11485
1775145600,10313.2,10466.7,10302.7,10426.6,23915
1775160000,10426.4,10462.47,10424.1,10457.77,8265
1775520000,10480.6,10519.1,10454.1,10483.9,1712
1775534400,10482.4,10495.2,10444.7,10452.9,8935
1775548800,10453.2,10487.7,10394.7,10462.5,17128
1775563200,10462.2,10479.5,10393.2,10395.2,21448
1775577600,10396.7,10410.2,10329.0,10367.4,27502
1775592000,10366.7,10434.17,10362.7,10421.57,21266
1775606400,10469.27,10619.1,10372.87,10598.8,19601
1775620800,10598.5,10723.5,10590.5,10673.6,3675
1775635200,10672.3,10696.5,10574.8,10586.8,20809
1775649600,10587.8,10690.1,10581.1,10673.3,16835
1775664000,10673.6,10677.8,10586.0,10641.9,23068
1775678400,10641.7,10679.9,10618.2,10666.07,10902
1775692800,10660.97,10663.57,10627.6,10628.1,6266
1775707200,10628.3,10633.8,10611.7,10619.6,5758
1775721600,10619.3,10642.9,10562.9,10562.9,12468
1775736000,10563.4,10586.1,10557.9,10572.1,12361
1775750400,10573.4,10638.6,10549.2,10623.4,19952
1775764800,10623.9,10634.7,10590.6,10603.47,9814
1775779200,10596.67,10598.87,10575.3,10596.4,4537
1775793600,10595.6,10603.7,10585.9,10597.0,4351
1775808000,10597.7,10629.8,10575.5,10605.6,9478
1775822400,10606.6,10660.1,10605.6,10638.1,13236
1775836800,10636.8,10646.1,10571.0,10586.4,15446
1775851200,10586.7,10598.0,10566.9,10595.0,4561
1776038400,10520.77,10558.3,10495.0,10553.8,8825
1776052800,10554.3,10558.3,10525.3,10537.5,5514
1776067200,10538.3,10565.8,10528.8,10562.1,10670
1776081600,10562.6,10573.8,10528.3,10561.3,10295
1776096000,10562.3,10615.7,10546.8,10604.5,17912
1776110400,10604.7,10619.0,10601.9,10611.17,7163
1776124800,10610.87,10622.6,10589.4,10591.3,2610
1776139200,10590.8,10590.8,10577.1,10582.3,2417
1776153600,10582.1,10633.4,10571.5,10609.4,10183
1776168000,10608.9,10615.61,10569.4,10594.4,9649
1776182400,10593.9,10621.6,10581.9,10605.1,12670
1776196800,10605.1,10642.9,10603.0,10622.27,5869
1776211200,10618.87,10635.2,10618.7,10622.7,3507
1776225600,10622.4,10622.7,10605.6,10606.3,4088
1776240000,10606.1,10640.5,10593.1,10616.0,10445
1776254400,10616.3,10642.5,10601.0,10613.0,12154
1776268800,10612.5,10618.0,10541.9,10545.7,13864
1776283200,10546.0,10566.5,10541.87,10550.37,5717
1776297600,10550.97,10565.6,10548.9,10559.2,3073
1776312000,10558.5,10566.3,10544.7,10557.4,3719
1776326400,10557.7,10588.1,10551.7,10569.2,8067
1776340800,10568.2,10638.2,10563.4,10635.5,6352
1776355200,10636.0,10643.6,10555.6,10560.5,15181
1776369600,10560.3,10587.57,10552.7,10586.37,5630
1776384000,10587.37,10597.3,10582.5,10596.6,2054
1776398400,10596.8,10603.7,10589.0,10596.1,1710
1776412800,10596.3,10605.0,10564.8,10582.8,6900
1776427200,10583.1,10641.8,10545.8,10636.0,10690
1776441600,10636.3,10693.3,10624.3,10692.7,19827
1776456000,10692.4,10694.9,10664.7,10678.3,4756
1776643200,10615.67,10640.07,10598.3,10627.3,8952
1776657600,10627.5,10638.0,10620.6,10627.6,4163
1776672000,10626.8,10634.1,10594.8,10602.1,11504
1776686400,10601.6,10615.4,10581.1,10591.6,8716
1776700800,10591.1,10630.1,10584.6,10598.9,14038
1776715200,10599.4,10629.87,10597.8,10616.87,5304
1776729600,10624.47,10628.27,10606.1,10619.6,3116
1776744000,10620.9,10622.2,10609.0,10620.5,4255
1776758400,10620.7,10631.2,10604.2,10628.5,8536
1776772800,10628.3,10635.7,10565.4,10570.2,9293
1776787200,10571.4,10573.4,10471.9,10473.1,17116
1776801600,10472.6,10494.37,10424.27,10462.07,18252
1776816000,10470.27,10479.1,10463.1,10475.2,3741
1776830400,10474.4,10478.0,10458.4,10458.6,3150
1776844800,10458.8,10522.7,10456.2,10500.8,9111
1776859200,10501.3,10508.7,10474.7,10483.7,9637
1776873600,10483.2,10498.7,10456.7,10457.7,14346
1776888000,10457.4,10480.27,10451.1,10468.07,8866
1776902400,10454.07,10460.37,10381.9,10444.6,6223
1776916800,10443.9,10445.9,10380.4,10409.6,8843
1776931200,10409.4,10441.4,10388.1,10389.4,11110
1776945600,10389.1,10433.1,10359.1,10429.6,14102
1776960000,10430.1,10470.9,10420.9,10449.0,13506
1776974400,10449.5,10450.5,10339.5,10401.17,18366
1776988800,10406.17,10420.5,10384.4,10389.4,3898
1777003200,10390.1,10390.9,10357.9,10387.2,6264
1777017600,10387.7,10422.9,10363.2,10370.2,10509
1777032000,10371.7,10448.7,10367.2,10399.4,14866
1777046400,10400.7,10423.1,10370.3,10385.6,17183
1777060800,10385.8,10391.9,10371.4,10376.5,3513
1777248000,10361.27,10384.1,10353.57,10382.6,4939
1777262400,10382.8,10398.6,10380.6,10384.4,5854
1777276800,10384.7,10393.1,10348.4,10389.9,9377
1777291200,10389.7,10414.2,10336.9,10341.6,7701
1777305600,10342.4,10376.4,10319.1,10327.9,13362
1777320000,10328.7,10344.5,10314.47,10319.17,3908
1777334400,10316.27,10338.8,10315.27,10332.9,3478
1777348800,10332.7,10346.7,10329.4,10336.6,4136
1777363200,10336.9,10353.8,10300.8,10350.8,10295
1777377600,10349.8,10384.8,10288.3,10331.8,13804
1777392000,10330.8,10336.1,10294.3,10307.9,15895
1777406400,10307.4,10317.5,10296.97,10303.97,5323
1777420800,10308.37,10324.2,10307.07,10308.8,1853
1777435200,10307.8,10320.7,10291.2,10315.8,4751
1777449600,10316.3,10332.7,10258.0,10270.0,10596
1777464000,10269.7,10277.0,10226.5,10257.0,11467
1777478400,10257.7,10261.7,10186.3,10202.4,16107
1777492800,10201.9,10219.77,10169.9,10186.07,16974
1777507200,10198.37,10217.3,10195.8,10212.6,5956
1777521600,10212.3,10227.6,10175.1,10178.7,9071
1777536000,10178.9,10266.1,10177.0,10261.9,14712
1777550400,10262.4,10384.9,10261.9,10367.1,16804
1777564800,10367.9,10388.0,10341.4,10358.8,18063
1777579200,10359.1,10381.1,10343.67,10355.37,7399
1777593600,10366.07,10374.87,10327.0,10341.9,3496
1777608000,10341.6,10375.9,10335.8,10366.6,1144
1777622400,10366.9,10373.3,10301.5,10305.0,4267
1777636800,10304.8,10333.0,10291.0,10312.8,3006
1777651200,10312.5,10387.9,10311.5,10367.9,6397
1777665600,10368.2,10394.2,10365.2,10382.9,1684
1777939200,10311.6,10314.8,10290.6,10299.5,1016
1777953600,10299.7,10299.7,10265.4,10282.1,2300
1777968000,10281.8,10311.9,10240.1,10267.6,12001
1777982400,10268.4,10275.1,10211.9,10217.9,11088
1777996800,10218.6,10246.9,10163.4,10243.4,13524
1778011200,10243.4,10279.47,10237.8,10269.07,4619
1778025600,10272.47,10313.4,10269.27,10312.6,8290
1778040000,10312.4,10341.1,10310.6,10331.7,6793
1778054400,10331.9,10461.2,10318.9,10448.2,13450
1778068800,10447.2,10492.5,10434.7,10451.2,20360
1778083200,10450.9,10458.7,10420.1,10426.2,16412
1778097600,10425.7,10453.1,10419.3,10445.67,5927
1778112000,10435.47,10447.7,10421.3,10446.0,5537
1778126400,10445.5,10453.5,10437.7,10446.2,8003
1778140800,10447.2,10472.4,10365.5,10367.6,12279
1778155200,10367.3,10383.8,10355.1,10380.1,10111
1778169600,10380.3,10382.0,10218.9,10231.6,18075
1778184000,10233.1,10244.3,10184.57,10197.27,15569
1778198400,10184.47,10236.1,10179.67,10216.5,4755
1778212800,10216.7,10225.1,10199.1,10213.7,6161
1778227200,10213.9,10224.2,10181.2,10203.4,11415
1778241600,10203.7,10276.9,10203.4,10263.2,10470
1778256000,10262.4,10278.2,10216.6,10239.0,12593
1778270400,10238.8,10260.1,10236.8,10254.2,3361
1778457600,10227.17,10253.8,10222.77,10242.0,5657
1778472000,10241.0,10254.5,10231.0,10239.4,3516
1778486400,10239.9,10289.3,10238.9,10251.3,8638
1778500800,10251.6,10267.4,10227.8,10245.4,8654
1778515200,10245.6,10289.9,10227.4,10228.6,10301
1778529600,10228.9,10249.3,10221.0,10238.67,4357
1778544000,10241.27,10247.27,10225.4,10230.5,2870
1778558400,10230.8,10231.6,10172.0,10208.4,10710
1778572800,10207.9,10234.3,10150.3,10217.6,13404
1778587200,10216.6,10244.3,10200.4,10235.4,11451
1778601600,10234.9,10277.1,10217.8,10268.4,12831
1778616000,10268.7,10296.1,10266.4,10276.87,6038
1778630400,10277.87,10289.9,10269.0,10289.2,4516
1778644800,10289.0,10316.7,10289.0,10311.1,4949
1778659200,10310.8,10361.2,10299.6,10314.9,8444
1778673600,10315.1,10321.4,10239.4,10261.7,8565
1778688000,10262.2,10354.6,10259.4,10348.6,10315
1778702400,10348.8,10367.57,10329.3,10362.87,5086
1778716800,10348.57,10355.2,10340.1,10342.8,3437
1778731200,10343.0,10344.7,10302.0,10306.6,3394
1778745600,10306.3,10350.0,10302.1,10346.0,7442
1778760000,10346.2,10375.0,10335.4,10368.2,7224
1778774400,10368.0,10397.6,10316.6,10376.5,10304
1778788800,10376.8,10402.8,10351.77,10355.37,5777
1778803200,10359.87,10366.5,10339.7,10353.8,3227
1778817600,10352.9,10353.1,10289.6,10293.8,7204
1778832000,10294.1,10314.5,10231.0,10240.3,13558
1778846400,10240.8,10251.3,10162.3,10179.1,13364
1778860800,10179.6,10212.3,10157.0,10181.1,14555
1778875200,10182.1,10201.7,10179.6,10196.6,3285
1779062400,10188.17,10198.57,10157.4,10193.5,12285
1779076800,10194.5,10198.0,10130.7,10157.7,16470
1779091200,10158.0,10219.6,10112.0,10215.6,15312
1779105600,10215.9,10300.8,10198.0,10299.1,14340
1779120000,10300.6,10344.1,10284.8,10328.9,19581
1779134400,10328.4,10353.3,10291.8,10350.17,13676
1779148800,10347.27,10365.9,10325.6,10327.2,6998
1779163200,10326.9,10341.6,10292.3,10307.2,10744
1779177600,10308.0,10404.3,10299.6,10390.0,12014
1779192000,10389.5,10410.8,10358.5,10383.8,10543
1779206400,10383.3,10384.3,10314.0,10347.4,16491
1779220800,10346.9,10348.6,10280.67,10284.47,7078
1779235200,10290.87,10309.9,10262.9,10273.2,7401
1779249600,10272.9,10283.7,10231.9,10258.8,10383
1779264000,10258.5,10325.1,10252.9,10321.1,9310
1779278400,10320.8,10359.0,10311.8,10349.1,6170
1779292800,10348.8,10460.6,10345.5,10435.2,16579
1779307200,10436.0,10454.9,10424.27,10431.77,10269
1779321600,10404.47,10423.9,10386.27,10420.2,6381
1779336000,10419.9,10428.5,10399.3,10413.9,5005
1779350400,10414.1,10430.2,10364.0,10414.0,10666
1779364800,10413.2,10439.0,10345.1,10397.2,14536
1779379200,10395.7,10470.5,10383.9,10464.2,14782
1779393600,10464.2,10520.0,10461.7,10499.47,12926
1779408000,10509.87,10515.8,10494.1,10495.2,4278
1779422400,10495.5,10520.0,10490.3,10508.2,5732
1779436800,10507.7,10515.5,10459.0,10474.1,9436
1779451200,10473.1,10496.1,10456.1,10483.7,8756
1779465600,10485.7,10488.9,10445.3,10446.7,11436
1779480000,10447.0,10469.0,10439.8,10447.8,4502
1779753600,10517.4,10527.8,10498.9,10510.0,3007
1779768000,10510.3,10514.7,10489.4,10495.7,8993
1779782400,10495.2,10552.7,10485.7,10532.5,11651
1779796800,10533.0,10553.0,10507.7,10533.5,8801
1779811200,10533.0,10563.2,10485.1,10492.5,12660
1779825600,10492.2,10509.77,10481.2,10498.87,4317
1779840000,10499.27,10516.6,10494.77,10508.9,3921
1779854400,10508.7,10508.7,10469.8,10486.7,3139
1779868800,10486.2,10502.0,10460.8,10485.6,7601
1779883200,10485.1,10523.0,10484.3,10492.6,8680
1779897600,10492.3,10514.0,10460.5,10491.8,12336
1779912000,10490.8,10501.77,10472.67,10501.47,4973
1779926400,10496.17,10496.87,10454.9,10475.2,6416
1779940800,10474.2,10477.3,10385.4,10402.9,10664
1779955200,10403.2,10443.5,10387.0,10405.1,10958
1779969600,10405.6,10435.3,10377.8,10413.1,9032
1779984000,10412.8,10449.5,10382.1,10448.0,15027
1779998400,10448.5,10449.3,10401.2,10405.37,5652
1780012800,10408.57,10415.9,10399.3,10407.6,3697
1780027200,10406.6,10443.6,10401.7,10441.5,6694
1780041600,10441.7,10453.6,10418.9,10439.7,7744
1780056000,10439.9,10462.4,10435.4,10454.7,6894
1780070400,10453.9,10464.4,10381.2,10404.4,13918
1780084800,10403.9,10411.7,10373.1,10375.6,3249
1780272000,10356.17,10381.1,10353.57,10368.2,4343
1780286400,10368.5,10412.2,10361.2,10393.2,3214
1780300800,10393.4,10402.2,10368.0,10388.7,7555
1780315200,10389.0,10411.2,10373.7,10389.2,6676
1780329600,10390.2,10393.7,10286.9,10328.1,17681
1780344000,10329.6,10363.0,10320.07,10323.67,5187
1780358400,10319.07,10322.6,10298.8,10303.0,6081
1780372800,10302.7,10348.5,10302.4,10344.5,7015
1780387200,10344.8,10398.5,10344.2,10382.3,8574
1780401600,10382.8,10384.3,10344.7,10357.5,6382
1780416000,10357.3,10382.5,10333.2,10359.4,10458
1780430400,10359.2,10386.77,10347.7,10382.37,3586
1780444800,10379.87,10389.6,10353.9,10380.0,6184
1780459200,10380.3,10380.3,10366.6,10373.2,2912
1780473600,10372.7,10382.2,10323.2,10353.5,9304
1780488000,10353.0,10356.6,10318.9,10346.7,8067
1780502400,10346.5,10367.4,10314.6,10325.8,12117
1780516800,10325.5,10330.9,10275.57,10284.97,7843
1780531200,10281.77,10298.6,10274.5,10294.8,8466
1780545600,10294.3,10307.9,10278.6,10283.9,8841
1780560000,10283.6,10358.2,10273.5,10284.9,11545
1780574400,10284.7,10326.5,10234.7,10323.2,13289
1780588800,10322.5,10383.8,10316.9,10375.2,11936
1780603200,10374.7,10398.7,10370.2,10379.17,4923
1780617600,10377.17,10380.67,10340.7,10348.2,5073
1780632000,10348.7,10363.2,10334.5,10350.3,10177
1780646400,10350.0,10395.7,10331.5,10387.1,11006
1780660800,10388.1,10412.7,10381.1,10405.5,8840
1780675200,10406.5,10416.5,10343.0,10359.0,15344
1780689600,10359.5,10375.1,10313.5,10333.4,9541
1780876800,10306.37,10353.5,10278.37,10340.8,13170
1780891200,10341.8,10369.0,10289.8,10315.2,20429
1780905600,10313.7,10358.2,10287.8,10327.2,20408
1780920000,10327.7,10412.1,10325.4,10376.7,15562
1780934400,10377.2,10384.4,10338.2,10347.8,16631
1780948800,10348.1,10357.3,10322.3,10345.07,10391
1780963200,10337.67,10347.4,10321.1,10330.3,9380
1780977600,10330.0,10372.2,10326.1,10365.5,13000
1780992000,10365.3,10372.7,10312.2,10340.8,12745
1781006400,10340.3,10367.3,10323.7,10332.7,8293
1781020800,10333.7,10354.7,10180.0,10211.0,28400
1781035200,10211.2,10298.87,10209.5,10285.07,20281
1781049600,10274.97,10293.6,10263.6,10290.3,9338
1781064000,10290.6,10303.1,10227.5,10228.0,11570
1781078400,10229.0,10261.6,10194.7,10199.7,14231
1781092800,10200.2,10225.9,10122.9,10218.7,17822
1781107200,10219.2,10265.3,10208.2,10235.4,19579
1781121600,10235.7,10242.1,10170.77,10173.87,15271
1781136000,10171.87,10185.37,10147.8,10179.8,16413
1781150400,10180.0,10222.2,10151.0,10220.5,14591
1781164800,10221.0,10321.1,10201.0,10308.9,12707
1781179200,10309.1,10360.4,10284.8,10328.3,12814
1781193600,10327.8,10370.9,10294.0,10299.7,20977
1781208000,10299.2,10416.8,10285.9,10395.07,21921
1781222400,10408.27,10422.3,10391.1,10397.9,12016
1781236800,10396.9,10409.2,10379.1,10393.3,16969
1781251200,10393.0,10468.4,10364.8,10434.0,20195
1781265600,10434.5,10447.4,10384.5,10389.4,13260
1781280000,10389.9,10477.8,10389.4,10459.7,22109
1781294400,10460.0,10482.6,10457.1,10458.6,6432
1781481600,10535.07,10542.47,10494.3,10523.9,16401
1781496000,10524.4,10540.1,10517.6,10538.1,4022
1781510400,10537.6,10571.1,10495.9,10500.2,10484
1781524800,10500.7,10500.7,10471.9,10479.4,7664
1781539200,10479.2,10481.2,10419.1,10423.3,12338
1781553600,10422.8,10425.6,10400.7,10409.97,6245
1781568000,10405.87,10428.7,10391.37,10424.6,4915
1781582400,10425.1,10429.1,10413.4,10426.0,6285
1781596800,10426.7,10500.0,10419.4,10489.2,8711
1781611200,10488.5,10507.7,10480.0,10499.5,6739
1781625600,10499.7,10525.7,10485.6,10500.9,12608
1781640000,10500.4,10502.9,10453.67,10459.67,7077
1781654400,10463.97,10480.7,10458.3,10466.9,3854
1781668800,10466.4,10492.7,10461.8,10485.3,3759
1781683200,10484.8,10507.6,10467.9,10481.4,7634
1781697600,10480.9,10508.7,10478.2,10487.9,6589
1781712000,10488.2,10514.4,10477.1,10490.0,12870
1781726400,10489.5,10501.9,10430.17,10452.97,33925
1781740800,10444.27,10495.5,10435.7,10439.7,8035
1781755200,10439.0,10464.6,10437.0,10453.8,9321
1781769600,10454.3,10477.0,10390.1,10390.3,15284
1781784000,10390.1,10427.3,10382.6,10419.6,12743
1781798400,10419.3,10422.6,10373.8,10403.2,18395
1781812800,10403.5,10422.3,10396.0,10408.97,9134
1781827200,10411.67,10412.37,10379.7,10385.7,4416
1781841600,10385.5,10388.6,10351.8,10353.6,4312
1781856000,10353.3,10417.9,10353.1,10408.4,7050
1781870400,10409.2,10413.4,10348.9,10381.9,8278
1781884800,10382.1,10384.9,10338.0,10351.9,7572
1781899200,10352.4,10358.3,10349.1,10358.0,577
1782086400,10354.47,10371.5,10304.7,10370.0,9772
1782100800,10370.5,10374.7,10346.4,10358.8,8683
1782115200,10359.3,10394.7,10344.6,10347.6,8942
1782129600,10347.4,10424.9,10342.9,10419.6,8129
1782144000,10419.9,10447.1,10407.8,10443.3,12634
1782158400,10443.5,10444.0,10412.2,10430.67,6293
1782172800,10425.97,10427.27,10405.4,10417.4,5346
1782187200,10418.4,10419.3,10336.1,10348.9,8303
1782201600,10349.2,10378.8,10318.2,10375.3,13628
1782216000,10375.8,10421.4,10374.3,10395.1,9352
1782230400,10395.6,10462.2,10382.8,10462.2,13117
1782244800,10462.0,10470.5,10419.87,10433.47,8201
1782259200,10435.57,10444.5,10409.6,10425.3,12470
1782273600,10425.8,10433.8,10372.4,10396.3,16922
1782288000,10396.5,10438.6,10393.7,10425.9,14437
1782302400,10425.2,10445.4,10410.9,10430.4,9681
1782316800,10430.7,10469.4,10411.9,10444.3,16495
1782331200,10444.5,10472.57,10415.4,10460.27,18194
1782345600,10463.17,10468.2,10431.7,10437.0,8360
1782360000,10436.7,10446.5,10410.5,10420.0,8670
1782374400,10420.3,10492.3,10409.9,10487.6,9369
1782388800,10488.3,10562.0,10478.8,10551.8,8382
1782403200,10552.6,10580.7,10518.5,10528.8,19393
1782417600,10528.5,10547.67,10507.5,10528.87,11859
1782432000,10518.37,10545.1,10503.6,10507.1,12021
1782446400,10507.4,10515.4,10426.7,10454.3,18905
1782460800,10454.8,10513.2,10454.0,10465.2,15740
1782475200,10465.0,10469.2,10406.2,10411.7,12687
1782489600,10412.5,10526.7,10401.7,10501.9,18534
1782504000,10502.2,10512.4,10465.3,10475.6,6287
1782691200,10485.57,10512.2,10474.97,10503.8,10976
1782705600,10504.1,10526.1,10486.2,10509.8,12321
1782720000,10509.6,10531.2,10479.3,10480.6,11666
1782734400,10481.6,10506.6,10471.6,10492.3,7661
1782748800,10492.1,10515.3,10468.7,10504.3,12746
1782763200,10504.5,10517.5,10498.3,10511.27,4490
1782777600,10509.47,10514.1,10487.6,10494.3,5587
1782792000,10494.5,10515.2,10490.4,10510.9,5619
1782806400,10511.4,10531.4,10491.1,10523.4,9063
1782820800,10523.9,10609.4,10522.7,10560.2,8617
1782835200,10560.7,10561.2,10491.1,10493.5,13479
1782849600,10493.3,10519.3,10489.5,10501.57,5510
1782864000,10509.07,10515.97,10496.5,10501.0,4066
1782878400,10501.7,10504.1,10450.6,10479.7,6461
1782892800,10479.4,10504.3,10436.0,10484.1,10697
1782907200,10484.6,10486.6,10425.4,10441.4,9721
1782921600,10440.9,10502.1,10431.4,10479.7,16545
1782936000,10479.9,10488.0,10455.97,10461.97,7860
1782950400,10470.97,10478.6,10449.7,10474.9,6421
1782964800,10474.7,10498.0,10469.9,10476.2,9823
1782979200,10476.0,10534.1,10435.0,10524.6,11988
1782993600,10525.3,10577.5,10515.5,10562.5,9813
1783008000,10562.8,10697.3,10560.0,10648.1,20857
1783022400,10647.8,10677.4,10620.6,10667.37,10612
1783036800,10667.87,10687.1,10660.5,10666.3,5779
1783051200,10666.8,10707.6,10666.8,10693.7,6222
1783065600,10694.0,10702.4,10615.4,10619.4,8626
1783080000,10619.7,10643.8,10600.7,10643.0,6410
1783094400,10643.3,10683.2,10641.3,10664.0,5510
1783108800,10663.7,10663.7,10647.7,10648.0,832
1783296000,10644.17,10672.7,10640.3,10670.2,5227
1783310400,10670.5,10680.3,10655.7,10667.8,7815
1783324800,10668.0,10734.9,10659.1,10699.4,8195
1783339200,10698.4,10699.3,10631.6,10654.4,6506
1783353600,10653.1,10660.1,10616.1,10649.1,10772
1783368000,10649.6,10674.77,10648.6,10670.97,4656
1783382400,10677.07,10680.77,10653.5,10657.4,4439
1783396800,10657.7,10681.4,10650.8,10652.4,7420
1783411200,10652.2,10724.5,10638.5,10697.7,10765
1783425600,10697.5,10734.9,10667.5,10713.5,8928
1783440000,10713.7,10747.4,10655.1,10659.1,15715
1783454400,10658.9,10672.0,10648.67,10655.47,7973
1783468800,10651.37,10660.3,10623.0,10655.0,7788
1783483200,10655.3,10680.2,10653.0,10676.0,10900
1783497600,10675.8,10681.6,10493.3,10497.1,20991
1783512000,10497.6,10577.6,10476.1,10563.8,20927
1783526400,10563.6,10574.9,10466.0,10503.0,21806
1783540800,10503.5,10508.9,10475.1,10486.87,10174
1783555200,10490.67,10503.1,10482.0,10495.1,5091
1783569600,10495.6,10522.0,10488.9,10510.9,8189
1783584000,10510.6,10524.9,10426.0,10434.5,14434
1783598400,10433.8,10441.8,10391.3,10426.3,11917
1783612800,10427.1,10482.3,10426.8,10474.5,12481
1783627200,10474.0,10488.3,10461.1,10463.87,4633
1783641600,10468.17,10474.2,10451.0,10459.2,3999
1783656000,10459.9,10488.0,10453.5,10476.1,6566
1783670400,10476.4,10512.0,10465.3,10473.1,10422
1783684800,10473.3,10506.0,10469.8,10496.0,8815
1783699200,10496.7,10529.2,10462.4,10529.2,13215
1783713600,10529.5,10548.5,10528.9,10537.7,2217
1783900800,10509.47,10521.6,10494.97,10498.2,5079
1783915200,10498.7,10499.9,10464.8,10465.8,6784
1783929600,10465.3,10536.6,10452.2,10518.7,12653
1783944000,10519.2,10522.0,10465.9,10493.0,8445
1783958400,10493.3,10523.2,10468.3,10488.9,15465
1783972800,10489.4,10507.3,10484.57,10491.37,8726
1783987200,10496.07,10501.4,10426.4,10443.4,9516
1784001600,10443.9,10481.3,10430.3,10478.0,11747
1784016000,10478.3,10508.5,10421.7,10423.0,16023
1784030400,10423.2,10513.2,10419.7,10495.2,15215
1784044800,10495.5,10554.7,10487.7,10504.2,16857
1784059200,10504.7,10511.1,10478.27,10479.07,5679
1784073600,10484.07,10501.2,10476.17,10488.6,4316
1784088000,10489.1,10497.3,10480.4,10489.2,4802
1784102400,10490.2,10512.6,10438.8,10502.6,12786
1784116800,10502.1,10528.1,10490.6,10516.8,9616
1784131200,10517.8,10545.5,10458.1,10466.6,15698
1784145600,10467.1,10495.2,10465.6,10483.57,5163
1784160000,10487.17,10490.5,10468.3,10469.0,3310
1784174400,10468.8,10487.0,10452.3,10468.8,4850
1784188800,10469.6,10482.6,10435.3,10474.3,12744
1784203200,10474.6,10496.2,10453.1,10455.0,12219
1784217600,10455.7,10586.6,10446.9,10579.8,14363
1784232000,10580.3,10588.7,10554.1,10564.77,7737
1784246400,10568.17,10568.97,10538.8,10549.4,5868
1784260800,10549.6,10557.7,10498.0,10508.5,10227
1784275200,10508.7,10628.2,10502.5,10562.0,17699
1784289600,10561.7,10586.5,10543.5,10570.2,15154
1784304000,10570.5,10605.3,10527.0,10562.1,19448
1784318400,10562.3,10575.0,10532.6,10572.7,5830
1784505600,10560.27,10586.6,10552.6,10568.2,8879
1784520000,10568.9,10585.8,10551.1,10578.9,10548
1784534400,10579.6,10582.6,10521.2,10569.3,13945
1784548800,10569.1,10598.2,10536.5,10550.8,12101
1784563200,10550.5,10561.5,10491.9,10496.9,16749
1784577600,10496.7,10502.1,10451.3,10461.67,8913
1784592000,10455.27,10471.2,10441.6,10460.7,5262
1784606400,10460.4,10484.4,10454.3,10475.4,4373
1784620800,10476.1,10536.4,10465.9,10531.7,11400
1784635200,10530.7,10565.4,10525.4,10543.9,9338
1784649600,10544.2,10608.3,10506.6,10604.4,12454
1784664000,10605.1,10611.6,10594.1,10596.37,3920
1784678400,10597.27,10613.7,10592.1,10613.2,3790
1784692800,10613.9,10620.7,10597.1,10599.3,5306
1784707200,10599.0,10706.2,10564.9,10703.4,14638
1784721600,10703.9,10748.1,10675.2,10738.0,16511
1784736000,10738.2,10765.7,10712.6,10737.9,15189
1784750400,10738.2,10746.5,10697.27,10713.67,6949
1784764800,10697.77,10727.6,10692.87,10723.2,5192
1784779200,10722.9,10726.0,10701.5,10709.5,6919
1784793600,10709.3,10719.7,10648.1,10694.7,15381
1784808000,10695.0,10715.7,10631.7,10636.5,14175
1784822400,10636.0,10660.2,10606.7,10625.8,20242
1784836800,10626.3,10626.3,10592.2,10621.17,8488
1784851200,10613.87,10624.7,10597.7,10612.5,7062
1784865600,10613.0,10616.4,10586.5,10605.8,7821
1784880000,10606.5,10699.8,10577.2,10681.3,13566
1784894400,10681.5,10691.3,10642.3,10665.3,10289
1784908800,10664.8,10748.2,10664.3,10734.9,14783
1784923200,10735.4,10745.4,10713.4,10724.9,6037
1785110400,10781.47,10791.9,10721.9,10726.2,7583
1785124800,10727.7,10758.0,10719.5,10757.0,10081
1785139200,10758.0,10836.4,10755.0,10788.3,13661
1785153600,10787.3,10815.6,10773.6,10781.4,10417
1785168000,10781.6,10822.1,10766.6,10767.7,19556
1785182400,10768.2,10802.57,10758.7,10797.77,7458
1785196800,10795.17,10796.87,10763.7,10768.6,5360
1785211200,10769.6,10792.1,10756.8,10775.2,5806
1785225600,10775.7,10838.7,10758.1,10828.7,12959
1785240000,10829.2,10856.9,10808.2,10809.7,11775
1785254400,10808.7,10913.9,10799.4,10912.2,15170
1785268800,10912.4,10916.8,10884.57,10897.07,7654
1785283200,10901.87,10925.9,10877.2,10887.1,10980
1785297600,10887.4,10891.3,10825.4,10847.7,13338
1785312000,10848.5,10951.0,10842.5,10881.5,15985
1785326400,10882.0,10908.6,10862.3,10904.0,14209
1785340800,10904.5,10912.1,10870.5,10880.3,18432
1785355200,10881.1,10924.1,10801.37,10823.17,24717
1785369600,10837.47,10863.3,10822.3,10828.6,11114
1785384000,10828.8,10855.8,10795.3,10796.4,10227
1785398400,10796.1,10977.1,10788.3,10944.3,19066
1785412800,10945.1,10979.1,10901.5,10953.6,16908
1785427200,10954.3,10977.3,10883.2,10922.6,18983
1785441600,10923.3,10959.77,10910.7,10940.17,9319
1785456000,10942.27,10954.6,10913.7,10919.7,4645
1785470400,10920.0,10946.7,10906.6,10945.7,3676
1785484800,10946.0,10991.3,10878.4,10986.0,12571
1785499200,10986.3,10988.3,10902.3,10905.0,12261
1785513600,10905.3,10914.7,10829.3,10877.5,17936
1785528000,10878.0,10890.7,10865.5,10880.8,3864
1785715200,10901.57,10915.1,10873.9,10912.0,6134
1785729600,10912.2,10922.0,10896.8,10913.8,3104
1785744000,10915.3,10918.3,10842.2,10865.6,11602
1785758400,10866.1,10902.9,10853.6,10871.2,10708
1785772800,10870.9,10878.7,10834.1,10846.5,15675
1785787200,10845.5,10874.67,10841.4,10870.47,4617
1785801600,10871.07,10882.9,10863.0,10866.7,2763
1785816000,10867.7,10890.4,10863.7,10879.3,5673
1785830400,10880.0,10932.0,10869.4,10887.0,11759
1785844800,10886.8,10920.9,10872.5,10891.0,12510
1785859200,10890.5,10915.5,10876.0,10911.7,15144
1785873600,10911.9,10920.77,10889.27,10901.47,8912
1785888000,10900.17,10918.2,10899.47,10907.2,3373
1785902400,10907.0,10932.7,10897.2,10921.0,3046
1785916800,10921.8,10944.0,10885.1,10893.3,10693
1785931200,10893.1,10953.0,10837.5,10942.0,13768
1785945600,10944.0,10945.0,10885.9,10899.7,16005
1785960000,10899.5,10909.2,10882.3,10898.77,6086
1785974400,10873.37,10891.9,10871.47,10881.7,3407
1785988800,10881.5,10890.0,10868.0,10882.3,2759
1786003200,10882.4,10935.4,10871.7,10933.1,10412
1786017600,10932.9,10942.4,10889.2,10905.9,10136
1786032000,10906.1,10913.4,10849.2,10859.8,13401
1786046400,10860.3,10864.3,10848.57,10849.57,5654
1786060800,10857.07,10866.2,10840.5,10851.3,3702
1786075200,10851.6,10857.3,10837.4,10850.3,7125
1786089600,10850.6,10897.7,10849.8,10886.5,9962
1786104000,10886.7,10961.2,10876.5,10936.2,10036
1786118400,10936.4,10936.9,10885.3,10891.7,13079
1786132800,10891.4,10903.6,10877.9,10896.3,3301
1786320000,10885.47,10892.2,10864.8,10866.7,4284
1786334400,10866.5,10874.1,10854.0,10867.4,3224
1786348800,10867.7,10902.9,10853.9,10873.8,6108
1786363200,10874.3,10886.8,10855.0,10859.5,5257
1786377600,10860.0,10871.1,10827.5,10854.2,9787
1786392000,10854.7,10866.5,10845.7,10861.67,3701
1786406400,10859.87,10871.7,10848.7,10856.1,3128
1786420800,10856.3,10872.8,10849.6,10861.3,3084
1786435200,10860.6,10876.3,10824.1,10831.1,8627
1786449600,10829.6,10886.1,10827.4,10879.9,8090
1786464000,10880.4,10896.6,10837.3,10837.8,11079
1786478400,10838.1,10841.3,10811.8,10825.27,4587
1786492800,10824.27,10830.9,10809.9,10827.4,2073
1786507200,10826.9,10831.1,10817.8,10827.9,2292
1786521600,10828.2,10850.6,10819.4,10839.2,6271
1786536000,10839.5,10865.36,10830.0,10832.5,7848
1786550400,10833.0,10840.2,10809.2,10831.4,10797
1786564800,10830.9,10864.87,10829.1,10849.67,4781
1786579200,10821.57,10827.9,10808.8,10819.3,2509
1786593600,10819.5,10820.0,10805.0,10814.6,2454
1786608000,10815.1,10835.2,10775.3,10804.3,6778
1786622400,10804.5,10815.8,10782.0,10785.5,5682
1786636800,10785.8,10802.0,10751.1,10795.7,11376
1786651200,10796.5,10800.9,10789.5,10796.17,3785
1786665600,10799.37,10801.5,10790.4,10790.7,1871
1786680000,10790.5,10799.4,10788.3,10791.3,1397
1786694400,10791.8,10793.0,10720.0,10745.0,6778
1786708800,10744.7,10779.39,10742.5,10770.0,5682
1786723200,10770.2,10776.0,10730.8,10743.7,9002
1786737600,10743.9,10765.7,10743.7,10755.1,1606
1786924800,10759.57,10764.17,10751.8,10758.0,2177
1786939200,10758.2,10779.5,10756.9,10772.2,1174
1786953600,10771.7,10798.2,10759.0,10760.2,6172
1786968000,10760.0,10774.2,10731.4,10737.5,6160
1786982400,10737.7,10744.2,10709.3,10724.9,8473
1786996800,10724.7,10733.9,10715.4,10729.57,4032
1787011200,10731.97,10737.5,10725.0,10735.9,2608
1787025600,10736.1,10744.7,10724.9,10728.6,5391
1787040000,10727.9,10752.5,10702.8,10714.8,11677
1787054400,10714.1,10760.1,10702.6,10759.8,8123
1787068800,10759.6,10783.0,10715.6,10734.0,12963
1787083200,10734.3,10740.5,10723.67,10724.67,4308
1787097600,10728.77,10733.4,10719.8,10724.0,3832
1787112000,10724.3,10731.1,10712.4,10721.0,3190
1787126400,10721.2,10749.0,10704.2,10710.1,9157
1787140800,10709.6,10759.3,10699.6,10735.1,8125
1787155200,10735.3,10766.4,10715.3,10741.6,13310
1787169600,10741.8,10754.6,10737.5,10747.57,6591
1787184000,10750.67,10756.97,10743.0,10745.7,3521
1787198400,10745.9,10756.0,10735.4,10742.3,3919
1787212800,10742.6,10761.8,10697.8,10711.1,9625
1787227200,10711.4,10727.4,10682.1,10712.8,10474
1787241600,10713.1,10767.5,10703.3,10750.8,13303
1787256000,10750.5,10751.3,10726.37,10735.77,5974
1787270400,10736.47,10744.0,10723.5,10741.0,2958
1787284800,10740.5,10760.1,10738.2,10759.4,2265
1787299200,10759.6,10788.9,10747.3,10770.7,7297
1787313600,10771.2,10782.4,10735.4,10775.9,8005
1787328000,10775.7,10832.6,10775.7,10810.3,9454
1787342400,10810.1,10816.6,10803.1,10816.0,1644
1787529600,10806.97,10828.8,10798.07,10817.3,3663
1787544000,10817.3,10827.7,10809.0,10816.6,4376
1787558400,10815.8,10838.4,10805.1,10833.2,9165
1787572800,10832.9,10849.4,10805.2,10809.4,7626
1787587200,10808.9,10866.9,10797.9,10847.9,11475
1787601600,10848.4,10862.2,10842.6,10852.97,4177
1787616000,10855.87,10868.8,10849.4,10861.8,3923
1787630400,10862.0,10873.5,10852.3,10861.5,6064
1787644800,10861.8,10891.0,10855.6,10874.1,10707
1787659200,10873.8,10886.8,10850.3,10850.6,9896
1787673600,10850.8,10900.7,10826.0,10898.7,13108
1787688000,10898.5,10907.3,10891.7,10895.17,3999
1787702400,10898.47,10903.5,10887.5,10901.6,3236
1787716800,10901.9,10926.9,10900.3,10902.7,3470
1787731200,10902.5,10923.0,10858.1,10878.0,9005
1787745600,10879.7,10898.2,10861.5,10889.7,7358
1787760000,10890.2,10921.0,10862.6,10867.4,11250
1787774400,10867.2,10874.6,10840.27,10848.87,8273
1787788800,10874.57,10879.97,10845.2,10848.0,4945
1787803200,10847.8,10851.5,10835.0,10836.2,4117
1787817600,10836.5,10855.7,10779.8,10781.8,9857
1787832000,10782.3,10842.8,10781.0,10830.1,9182
1787846400,10830.6,10834.3,10767.5,10794.8,12453
1787860800,10794.3,10810.47,10789.1,10798.97,4799
1787875200,10799.37,10815.8,10791.6,10812.1,3256
1787889600,10812.3,10826.1,10806.8,10816.7,3449
1787904000,10816.9,10847.6,10806.2,10817.2,7949
1787918400,10817.5,10823.2,10801.0,10809.2,6493
1787932800,10809.5,10835.7,10796.6,10806.9,14814
1787947200,10807.2,10817.7,10802.6,10815.8,3872
1788220800,10778.2,10803.5,10774.2,10795.6,1115
1788235200,10795.1,10795.1,10765.0,10773.1,2966
1788249600,10773.4,10805.8,10688.3,10702.3,16042
1788264000,10702.8,10780.6,10693.1,10771.6,15669
1788278400,10773.1,10810.9,10755.1,10767.6,17008
1788292800,10767.3,10772.8,10738.1,10750.87,8761
1788307200,10749.77,10757.5,10740.5,10740.5,3080
1788321600,10740.6,10755.9,10735.3,10741.5,3698
1788336000,10741.8,10803.7,10725.8,10731.3,10917
1788350400,10731.0,10767.5,10711.2,10746.6,11680
1788364800,10746.8,10786.0,10742.7,10755.5,12131
1788379200,10756.0,10774.57,10751.3,10762.87,4422
1788393600,10765.97,10770.8,10747.3,10750.8,3052
1788408000,10750.3,10767.1,10742.8,10759.2,4090
1788422400,10758.5,10775.0,10732.8,10763.7,12027
1788436800,10764.2,10844.5,10749.0,10839.0,11176
1788451200,10839.2,10865.7,10802.7,10833.2,15400
1788465600,10833.7,10843.5,10825.0,10827.47,4625
1788480000,10829.57,10834.7,10820.8,10821.8,2296
1788494400,10822.0,10830.3,10817.2,10829.6,2838
1788508800,10829.3,10841.0,10785.3,10828.3,10126
1788523200,10828.6,10835.68,10801.94,10804.5,11405
1788537600,10805.0,10860.3,10792.3,10847.7,14236
1788552000,10848.2,10848.2,10817.1,10825.8,2597
1788739200,10829.37,10833.2,10813.8,10825.8,2177
1788753600,10825.0,10827.6,10815.9,10823.9,2480
1788768000,10823.4,10831.4,10792.4,10821.0,8953
1788782400,10822.0,10865.7,10818.7,10858.5,6331
1788796800,10858.0,10870.5,10812.0,10815.7,6380
1788811200,10816.2,10818.7,10811.7,10816.9,365
1788825600,10818.37,10823.87,10807.2,10817.3,3480
1788840000,10818.1,10831.5,10809.1,10818.3,3750
1788854400,10818.5,10832.7,10770.6,10796.0,15713
1788868800,10797.0,10847.5,10791.5,10829.0,12444
1788883200,10828.8,10852.0,10773.9,10780.4,14167
1788897600,10780.1,10793.5,10748.97,10755.37,7761
1788912000,10762.77,10782.5,10753.8,10774.2,2912
1788926400,10773.9,10775.1,10754.2,10765.4,4214
1788940800,10765.6,10811.3,10743.0,10762.1,12571
1788955200,10763.6,10772.9,10671.1,10714.6,16703
1788969600,10714.1,10724.6,10639.6,10648.1,18697
1788984000,10647.9,10656.4,10637.8,10647.97,5481
1788998400,10647.87,10654.9,10627.1,10632.8,2924
1789012800,10632.1,10652.2,10621.3,10650.7,4907
1789027200,10650.9,10685.4,10628.0,10632.5,11500
1789041600,10632.7,10646.8,10589.9,10619.9,17274
1789056000,10620.4,10645.4,10585.7,10603.8,20162
1789070400,10603.6,10608.77,10580.1,10604.87,9256
1789084800,10599.97,10611.7,10579.2,10611.0,4592
1789099200,10610.7,10621.7,10593.0,10614.3,7557
1789113600,10614.5,10651.1,10598.3,10651.1,13398
1789128000,10651.4,10708.1,10646.4,10707.6,11676
1789142400,10708.1,10715.6,10633.4,10668.0,17947
1789156800,10668.2,10674.6,10650.6,10656.3,3584
1789344000,10626.17,10665.5,10607.17,10662.2,8957
1789358400,10661.2,10671.5,10654.7,10663.7,4304
1789372800,10663.0,10729.0,10653.5,10715.0,15120
1789387200,10714.7,10736.8,10690.7,10726.3,15618
1789401600,10725.8,10742.6,10673.7,10738.7,19171
1789416000,10738.2,10739.5,10681.57,10691.87,7514
1789430400,10693.57,10701.5,10687.1,10697.7,4722
1789444800,10697.5,10701.9,10659.6,10659.8,4559
1789459200,10659.6,10682.1,10583.3,10615.1,16086
1789473600,10614.9,10685.2,10598.8,10682.3,14229
1789488000,10681.8,10683.8,10644.3,10672.0,16977
1789502400,10671.5,10688.9,10663.6,10687.67,7144
1789516800,10682.97,10698.9,10682.67,10686.2,2300
1789531200,10685.7,10692.3,10672.0,10679.6,3834
1789545600,10679.8,10714.3,10670.3,10688.9,11116
1789560000,10689.1,10736.4,10678.5,10726.4,9860
1789574400,10726.1,10734.8,10676.1,10697.8,12785
1789588800,10697.6,10718.4,10628.4,10673.27,19198
1789603200,10674.77,10721.1,10674.77,10713.9,7283
1789617600,10714.1,10723.2,10699.1,10715.7,5643
1789632000,10715.9,10788.6,10705.9,10734.7,12137
1789646400,10735.0,10783.4,10698.4,10772.5,12276
1789660800,10772.7,10833.8,10758.1,10809.5,12958
1789675200,10809.3,10813.1,10793.3,10801.77,4495
1789689600,10801.67,10802.97,10780.0,10782.9,3227
1789704000,10783.4,10806.5,10781.1,10804.3,4995
1789718400,10803.8,10818.5,10722.3,10753.3,13933
1789732800,10753.1,10757.0,10672.6,10688.6,17873
1789747200,10688.8,10701.5,10615.7,10627.2,19275
1789761600,10626.7,10637.9,10616.4,10637.1,3385
1789948800,10628.47,10673.2,10627.67,10664.6,5462
1789963200,10665.1,10686.5,10664.8,10685.0,2883
1789977600,10684.7,10743.0,10677.7,10725.0,9792
1789992000,10725.3,10774.8,10720.0,10762.8,9156
1790006400,10762.3,10772.5,10719.0,10752.2,13055
1790020800,10752.5,10767.0,10743.77,10744.67,4282
1790035200,10748.87,10764.5,10746.2,10757.7,2915
1790049600,10757.9,10766.3,10750.6,10756.0,4279
1790064000,10756.5,10774.3,10713.3,10748.0,15589
1790078400,10748.3,10774.3,10734.8,10750.8,17782
1790092800,10751.1,10774.1,10702.9,10736.9,18834
1790107200,10736.7,10771.9,10727.3,10743.07,7866
1790121600,10744.47,10758.2,10742.6,10750.4,2655
1790136000,10749.9,10772.2,10747.0,10770.2,2974
1790150400,10769.9,10774.7,10720.7,10729.5,11839
1790164800,10729.2,10735.4,10681.7,10710.2,13711
