time,open,high,low,close,volume
1631836800,34717.9,34736.3,34679.3,34692.3,2095
1631851200,34693.3,34778.3,34669.3,34774.3,4059
1631865600,34773.3,34825.3,34751.3,34774.3,5710
1631880000,34775.3,34776.3,34631.3,34716.3,8440
1631894400,34715.3,34767.45,34504.25,34622.45,22044
1631908800,34623.45,34625.45,34477.4,34498.3,14932
1632096000,34512.65,34527.6,34456.05,34500.6,4669
1632110400,34499.6,34499.6,34196.85,34264.6,10194
1632124800,34264.1,34299.6,34073.4,34109.2,16693
1632139200,34108.2,34109.2,33887.3,33952.3,11615
1632153600,33955.3,34220.25,33808.65,33812.45,28967
1632168000,33811.45,33981.25,33602.45,33902.4,21878
1632182400,33939.9,34135.3,33917.3,34062.2,4382
1632196800,34063.2,34208.3,34033.3,34187.3,6610
1632211200,34186.3,34356.3,34108.3,34287.3,11266
1632225600,34286.4,34313.2,34144.3,34156.2,8233
1632240000,34159.3,34308.45,33907.45,34092.45,27463
1632254400,34088.45,34103.45,33839.95,33884.3,19925
1632268800,33885.3,33907.9,33763.3,33815.3,4606
1632283200,33816.3,34070.3,33782.3,34001.3,10257
1632297600,34002.3,34171.3,33995.9,34101.3,9368
1632312000,34102.3,34159.4,34061.3,34122.2,5321
1632326400,34125.2,34424.25,34049.65,34323.45,18780
1632340800,34322.45,34443.25,34190.65,34268.3,20299
1632355200,34288.4,34363.3,34274.9,34360.3,2402
1632369600,34361.3,34394.2,34334.3,34365.2,4352
1632384000,34366.2,34501.4,34344.3,34486.4,6736
1632398400,34485.4,34563.3,34363.3,34481.2,10733
1632412800,34480.2,34817.45,34418.3,34787.45,18637
1632427200,34790.45,34865.65,34749.65,34763.65,10021
1632441600,34773.3,34858.3,34766.4,34812.3,2842
1632456000,34811.3,34834.3,34728.4,34772.3,4949
1632470400,34771.3,34784.3,34639.2,34717.3,8877
1632484800,34718.2,34721.4,34586.3,34605.3,8069
1632499200,34603.3,34850.65,34592.3,34759.45,19077
1632513600,34758.45,34849.25,34729.45,34798.3,8472
1632700800,34829.3,34955.3,34819.9,34937.3,3702
1632715200,34939.3,34982.3,34924.3,34936.3,3117
1632729600,34935.3,35027.3,34911.3,34937.3,5464
1632744000,34936.3,34967.3,34777.4,34836.3,8928
1632758400,34835.3,35054.45,34808.3,34886.25,19298
1632772800,34884.25,34945.65,34836.65,34867.3,9817
1632787200,34869.3,34882.2,34806.3,34831.4,3115
1632801600,34834.4,34924.2,34807.9,34921.3,4099
1632816000,34918.9,34974.4,34705.4,34771.2,10626
1632830400,34774.2,34786.2,34663.2,34699.3,11260
1632844800,34695.4,34797.2,34265.65,34286.45,30194
1632859200,34283.45,34513.25,34243.45,34372.3,21939
1632873600,34361.3,34475.3,34323.9,34446.4,5318
1632888000,34447.4,34509.3,34329.9,34490.3,11141
1632902400,34489.4,34525.4,34407.4,34499.4,13981
1632916800,34500.4,34524.4,34340.4,34393.3,9025
1632931200,34394.3,34536.25,34291.65,34438.65,24431
1632945600,34437.65,34572.25,34356.45,34452.3,15518
1632960000,34447.3,34508.3,34428.3,34490.3,2793
1632974400,34492.3,34557.3,34459.2,34551.2,4154
1632988800,34550.2,34674.3,34548.3,34628.3,9353
1633003200,34628.3,34639.4,34470.3,34489.3,8960
1633017600,34488.4,34546.65,33898.25,33933.25,28958
1633032000,33935.25,34163.25,33815.65,33842.15,21783
1633046400,33889.3,33934.3,33840.3,33840.4,3899
1633060800,33840.4,33853.4,33601.4,33651.3,9513
1633075200,33652.3,33731.2,33511.3,33621.3,15323
1633089600,33621.3,34042.3,33607.3,33944.2,12477
1633104000,33944.2,34140.45,33763.45,34098.65,28972
1633118400,34100.65,34471.65,34070.65,34334.3,15018
1633305600,34312.3,34409.2,34224.3,34256.2,5641
1633320000,34255.2,34295.3,34129.3,34290.3,10382
1633334400,34288.3,34346.3,34084.3,34203.2,16238
1633348800,34203.2,34297.3,34139.4,34273.3,12049
1633363200,34273.2,34396.25,33793.65,33894.65,29950
1633377600,33892.65,34035.45,33834.65,34007.3,21596
1633392000,33993.3,34040.3,33849.2,33864.3,5384
1633406400,33863.3,34014.4,33793.3,33989.3,11247
1633420800,33988.3,34075.4,33907.3,34070.3,13362
1633435200,34070.3,34175.4,34063.3,34150.4,8435
1633449600,34150.4,34460.65,34024.65,34387.65,22768
1633464000,34390.65,34469.65,34286.25,34295.3,13385
1633478400,34343.3,34353.3,34260.3,34323.3,3821
1633492800,34322.3,34332.3,34110.3,34184.3,12404
1633507200,34185.3,34234.2,33979.2,33986.4,15676
1633521600,33986.4,34082.2,33885.4,34009.3,13934
1633536000,34008.3,34186.65,33828.45,34029.25,30766
1633550400,34032.25,34435.95,33956.65,34411.3,18164
1633564800,34424.3,34522.3,34414.3,34495.3,5284
1633579200,34497.3,34587.3,34478.3,34508.3,6503
1633593600,34508.3,34607.3,34484.3,34551.3,10892
1633608000,34551.3,34733.4,34526.3,34702.4,7178
1633622400,34704.4,34956.25,34644.4,34905.65,17775
1633636800,34905.65,34923.65,34717.65,34733.65,12198
1633651200,34769.3,34833.3,34730.3,34817.3,4999
1633665600,34817.3,34853.3,34764.2,34768.3,6448
1633680000,34768.3,34841.4,34705.2,34711.3,9729
1633694400,34712.3,34819.4,34649.45,34756.45,9269
1633708800,34756.45,34819.25,34638.25,34737.45,22417
1633723200,34737.45,34824.45,34664.25,34733.4,12613
1633910400,34777.3,34779.3,34501.3,34644.3,6273
1633924800,34644.3,34742.3,34644.3,34718.4,6678
1633939200,34720.4,34768.4,34611.3,34663.3,11380
1633953600,34663.3,34737.3,34590.4,34725.3,8786
1633968000,34725.3,34937.65,34683.45,34751.45,18925
1633982400,34752.45,34752.45,34442.95,34465.95,16010
1633996800,34477.3,34496.3,34321.3,34354.3,5484
1634011200,34354.4,34399.3,34275.2,34362.3,8409
1634025600,34361.3,34472.4,34240.2,34458.2,12538
1634040000,34459.2,34585.3,34430.3,34525.2,8962
1634054400,34526.2,34598.65,34374.65,34443.45,25736
1634068800,34444.45,34529.25,34290.95,34315.3,14278
1634083200,34325.3,34380.3,34284.3,34366.3,3735
1634097600,34367.3,34390.3,34310.3,34389.2,5148
1634112000,34389.2,34453.4,34259.4,34432.4,9375
1634126400,34431.3,34453.4,34302.4,34330.2,8604
1634140800,34330.2,34431.65,34095.25,34279.65,23412
1634155200,34279.65,34436.45,34268.65,34357.3,14279
1634169600,34368.3,34489.3,34363.3,34468.3,3076
1634184000,34468.3,34498.4,34443.3,34474.3,3152
1634198400,34474.3,34571.3,34455.3,34546.3,7247
1634212800,34547.3,34674.3,34545.2,34655.3,6087
1634227200,34655.3,34875.65,34643.45,34863.65,17605
1634241600,34863.65,34957.3,34810.65,34936.3,9079
1634256000,34929.3,34975.2,34904.4,34944.3,2942
1634270400,34945.3,35030.3,34900.3,35019.3,4958
1634284800,35020.3,35052.2,34988.3,35018.3,6576
1634299200,35018.3,35137.4,34999.2,35120.3,5598
1634313600,35120.3,35258.65,35092.25,35195.45,17016
1634328000,35195.45,35311.65,35181.45,35299.3,9326
1634515200,35335.3,35342.4,35228.3,35299.3,4094
1634529600,35297.3,35322.3,35266.2,35268.3,4438
1634544000,35268.3,35289.3,35153.2,35199.2,8132
1634558400,35199.2,35221.2,35093.2,35120.2,8444
1634572800,35119.2,35321.25,35035.25,35238.25,16345
1634587200,35237.25,35270.65,35199.25,35225.4,8235
1634601600,35237.3,35288.2,35202.3,35234.3,2784
1634616000,35234.3,35259.2,35187.3,35238.3,4127
1634630400,35238.3,35346.4,35229.3,35326.3,6850
1634644800,35325.3,35449.4,35310.4,35375.4,5955
1634659200,35375.4,35438.65,35283.25,35422.45,15360
1634673600,35422.45,35472.65,35348.45,35457.65,7377
1634688000,35454.3,35488.4,35439.3,35472.3,2544
1634702400,35471.3,35477.3,35424.3,35442.3,3603
1634716800,35442.3,35486.4,35394.2,35457.3,6119
1634731200,35457.3,35467.3,35413.3,35420.2,4315
1634745600,35423.2,35656.45,35405.3,35639.45,14223
1634760000,35640.45,35641.45,35544.95,35556.65,9622
1634774400,35562.3,35574.3,35525.2,35544.3,2528
1634788800,35544.3,35588.3,35504.2,35531.3,4220
1634803200,35530.3,35530.3,35473.3,35484.3,8073
1634817600,35484.3,35551.4,35476.2,35510.2,5230
1634832000,35510.2,35557.3,35434.25,35464.65,15324
1634846400,35463.65,35649.65,35453.65,35603.3,8627
1634860800,35569.4,35625.3,35544.3,35610.4,3662
1634875200,35608.4,35637.2,35584.4,35605.3,4051
1634889600,35605.3,35639.4,35563.2,35607.4,7663
1634904000,35607.4,35675.3,35590.2,35618.3,5156
1634918400,35617.3,35754.45,35526.45,35637.65,19777
1634932800,35636.65,35750.65,35591.95,35592.3,11586
1635120000,35589.3,35662.3,35566.2,35644.3,3962
1635134400,35645.3,35689.4,35615.2,35681.3,4764
1635148800,35681.3,35710.2,35647.2,35678.3,5814
1635163200,35678.3,35708.4,35657.3,35688.3,4627
1635177600,35689.3,35767.25,35628.25,35732.45,15640
1635192000,35733.45,35779.65,35711.25,35750.3,8827
1635206400,35756.3,35797.4,35738.3,35789.3,2504
1635220800,35790.3,35827.3,35771.3,35781.3,2727
1635235200,35781.3,35870.4,35747.2,35836.3,6043
1635249600,35837.3,35863.4,35820.3,35845.3,4088
1635264000,35845.3,35892.25,35737.45,35780.45,18126
1635278400,35778.45,35864.65,35749.3,35791.4,12682
1635292800,35751.2,35809.3,35747.2,35764.3,3696
1635307200,35764.3,35778.3,35728.2,35774.3,3355
1635321600,35773.3,35827.4,35758.3,35760.3,5349
1635336000,35760.3,35814.4,35702.2,35798.4,7426
1635350400,35798.4,35827.65,35619.25,35655.25,20146
1635364800,35655.25,35696.65,35506.95,35532.65,10791
1635379200,35548.3,35568.4,35529.3,35551.3,2355
1635393600,35553.3,35567.3,35527.3,35559.3,2869
1635408000,35558.3,35583.4,35516.3,35544.3,6441
1635422400,35544.3,35604.3,35503.2,35572.3,5968
1635436800,35572.3,35706.25,35543.2,35619.25,18898
1635451200,35620.25,35786.3,35613.45,35745.3,12447
1635465600,35732.2,35745.4,35673.2,35678.2,3452
1635480000,35678.2,35716.4,35653.4,35676.4,4336
1635494400,35676.4,35698.4,35601.2,35667.4,7801
1635508800,35662.4,35718.4,35639.2,35666.4,7920
1635523200,35666.4,35838.45,35622.4,35792.25,17341
1635537600,35793.25,35853.65,35707.45,35834.65,9813
1635724800,35903.3,35958.3,35865.4,35923.3,3754
1635739200,35922.3,35931.3,35883.3,35889.3,3821
1635753600,35889.3,35962.3,35852.2,35955.3,4884
1635768000,35956.3,36003.2,35938.3,35943.2,4078
1635782400,35943.2,36004.65,35800.25,35912.65,19052
1635796800,35912.65,35922.25,35813.25,35906.3,10276
1635811200,35898.3,35927.3,35881.3,35888.3,2297
1635825600,35888.3,35908.3,35811.2,35824.2,3897
1635840000,35823.2,35914.3,35815.2,35876.2,5549
1635854400,35876.2,35973.4,35860.2,35950.4,5408
1635868800,35950.4,36080.45,35876.95,36057.65,16494
1635883200,36057.65,36075.65,36020.65,36032.65,8473
1635897600,36032.3,36040.3,36014.2,36025.3,1212
1635912000,36025.3,36055.3,36003.3,36009.3,2079
1635926400,36009.3,36051.4,35994.3,36039.3,3772
1635940800,36039.3,36052.3,35973.2,35978.2,4015
1635955200,35978.2,36025.25,35923.25,35941.25,14745
1635969600,35941.25,36173.45,35891.25,36135.3,14056
1635984000,36145.3,36190.3,36130.3,36134.3,2302
1635998400,36134.3,36143.3,36116.3,36132.3,2741
1636012800,36130.3,36179.4,36113.3,36140.3,4226
1636027200,36140.3,36173.4,36117.3,36135.3,4589
1636041600,36135.3,36160.3,35995.25,36059.45,16855
1636056000,36060.45,36130.65,35986.25,36099.65,9528
1636070400,36093.3,36142.4,36090.3,36103.3,2063
1636084800,36103.3,36109.3,36069.3,36100.3,3224
1636099200,36100.3,36126.3,36063.2,36099.4,4267
1636113600,36100.4,36275.2,36100.4,36264.2,6580
1636128000,36263.2,36486.45,36240.3,36325.45,18741
1636142400,36325.45,36375.65,36187.25,36292.95,14104
1636329600,36327.3,36364.3,36268.3,36287.3,4178
1636344000,36287.3,36315.3,36281.3,36308.3,3080
1636358400,36308.3,36427.4,36287.3,36393.3,5559
1636372800,36393.3,36486.2,36371.3,36482.4,3815
1636387200,36480.4,36558.45,36334.25,36360.25,18133
1636401600,36361.25,36450.45,36348.25,36397.35,8610
1636416000,36395.3,36397.3,36315.2,36320.3,2796
1636430400,36320.3,36363.3,36299.2,36356.3,2744
1636444800,36356.3,36425.4,36341.3,36398.3,4152
1636459200,36398.3,36414.3,36316.4,36363.3,4234
1636473600,36363.3,36415.4,36173.25,36241.25,22781
1636488000,36238.25,36316.65,36183.25,36283.35,10267
1636502400,36268.3,36273.3,36218.4,36243.4,2748
1636516800,36242.4,36247.3,36168.3,36196.3,2932
1636531200,36198.3,36307.2,36194.3,36261.2,5066
1636545600,36261.2,36271.4,36197.3,36243.3,6796
1636560000,36245.3,36344.65,36194.45,36227.65,15233
1636574400,36225.65,36231.65,36007.45,36088.35,15310
1636588800,36077.3,36103.4,36020.3,36102.3,3455
1636603200,36102.3,36117.3,36039.3,36071.3,3350
1636617600,36073.3,36152.4,36065.3,36137.4,5379
1636632000,36136.4,36156.4,36092.2,36113.3,4330
1636646400,36113.3,36116.3,35956.25,35988.25,13206
1636660800,35988.25,35989.25,35918.45,35957.35,7389
1636675200,35963.3,36032.4,35952.3,36004.3,2389
1636689600,36005.3,36007.3,35954.3,35976.3,2436
1636704000,35974.3,35985.3,35935.3,35963.3,4359
1636718400,35963.3,36052.2,35954.3,36041.3,3691
1636732800,36041.3,36122.25,35931.65,36068.45,13309
1636747200,36068.45,36155.35,36041.25,36135.35,6937
1636934400,36124.3,36168.3,36107.3,36110.3,2547
1636948800,36110.3,36125.3,36069.3,36093.3,2055
1636963200,36093.3,36180.2,36047.3,36175.4,3670
1636977600,36176.4,36260.3,36171.3,36229.2,3534
1636992000,36229.2,36238.45,36070.65,36138.25,14247
1637006400,36137.25,36146.45,36031.45,36098.3,7786
1637020800,36108.3,36143.3,36076.2,36141.3,2149
1637035200,36141.3,36143.3,36069.3,36076.3,2475
1637049600,36077.3,36108.3,36029.3,36088.3,3886
1637064000,36088.3,36176.3,36048.3,36148.4,4823
1637078400,36147.4,36320.25,36133.3,36289.65,13681
1637092800,36289.65,36301.25,36135.25,36160.95,6592
1637107200,36150.3,36175.2,36136.4,36154.3,1888
1637121600,36154.3,36160.3,36106.2,36130.3,1772
1637136000,36130.3,36167.3,36103.3,36110.3,2838
1637150400,36110.3,36127.3,36055.2,36075.3,3056
1637164800,36076.3,36106.45,35931.25,35989.25,14517
1637179200,35989.25,36018.45,35892.3,35905.3,8937
1637193600,35894.3,35933.3,35880.3,35899.3,2316
1637208000,35899.3,35948.3,35883.3,35931.3,2477
1637222400,35931.3,36024.3,35930.3,35975.3,3130
1637236800,35974.3,36014.3,35934.4,35945.2,3635
1637251200,35945.2,35964.3,35655.25,35863.45,16549
1637265600,35863.45,35906.45,35845.3,35886.3,7939
1637280000,35878.3,35964.3,35878.3,35945.2,2528
1637294400,35946.2,36005.3,35938.4,35986.3,2807
1637308800,35985.3,36052.2,35806.2,35812.3,5559
1637323200,35812.3,35816.2,35608.3,35676.4,12467
1637337600,35675.4,35822.3,35590.45,35724.25,16550
1637352000,35724.25,35728.25,35553.45,35633.3,9180
1637539200,35658.3,35707.4,35621.3,35688.3,2816
1637553600,35688.3,35739.2,35687.3,35715.3,2145
1637568000,35713.3,35765.4,35704.3,35724.3,4783
1637582400,35725.3,35797.3,35632.2,35701.4,6178
1637596800,35701.4,35932.65,35696.4,35803.45,19188
1637611200,35803.45,35940.45,35592.3,35636.3,11226
1637625600,35683.2,35692.2,35634.3,35652.3,2679
1637640000,35655.3,35672.3,35570.3,35594.4,3560
1637654400,35593.4,35635.3,35428.3,35618.4,11681
1637668800,35619.4,35669.3,35568.3,35659.2,7577
1637683200,35660.2,35769.65,35546.65,35617.25,22228
1637697600,35615.25,35849.65,35604.25,35806.3,14762
1637712000,35804.3,35844.3,35781.3,35833.3,2909
1637726400,35832.3,35832.3,35732.4,35808.2,3576
1637740800,35807.2,35834.3,35649.4,35684.3,8114
1637755200,35684.3,35743.3,35622.3,35636.2,10459
1637769600,35640.3,35785.25,35593.65,35772.45,18328
1637784000,35772.45,35849.3,35678.65,35840.3,10141
1637798400,35850.3,35910.3,35838.3,35895.4,2606
1637812800,35895.4,35945.2,35881.2,35945.2,2226
1637827200,35945.2,35960.3,35883.4,35888.3,3641
1637841600,35889.3,35906.2,35823.2,35831.4,4161
1637856000,35831.4,35881.65,35817.3,35837.9,3889
1637884800,35819.3,35819.3,35489.4,35537.3,6378
1637899200,35536.3,35539.3,35336.3,35369.3,7472
1637913600,35370.3,35375.3,34865.4,34995.2,20213
1637928000,34996.2,35097.2,34943.4,35006.3,14326
1637942400,35005.3,35160.45,34742.45,34905.9,27329
1637956800,34928.9,34944.9,34687.9,34687.9,1219
1638144000,34986.3,35163.2,34954.3,35144.2,9267
1638158400,35144.2,35192.4,35008.4,35071.3,6023
1638172800,35078.3,35194.2,35018.4,35021.4,13555
1638187200,35021.4,35277.4,35020.4,35256.4,9430
1638201600,35256.4,35301.2,34895.25,35236.25,22134
1638216000,35236.25,35258.45,35108.65,35176.65,11536
1638230400,35195.3,35273.3,35188.4,35251.3,2991
1638244800,35249.3,35259.3,34721.4,34722.4,7011
1638259200,34723.4,34827.2,34492.7,34672.2,16981
1638273600,34672.2,34884.3,34609.2,34874.3,13090
1638288000,34875.3,34997.45,34457.45,34521.45,30668
1638302400,34522.45,34686.65,34433.45,34562.4,19595
1638316800,34590.3,34613.3,34447.3,34592.4,6205
1638331200,34592.4,34657.2,34556.3,34624.3,4406
1638345600,34625.3,34835.4,34602.3,34800.4,11165
1638360000,34800.3,34842.4,34746.3,34813.3,7860
1638374400,34812.3,35010.25,34681.45,34689.45,23036
1638388800,34691.45,34731.45,33953.4,34038.4,25589
1638403200,34105.3,34228.3,34045.3,34219.3,6855
1638417600,34219.3,34286.3,34170.3,34261.3,5687
1638432000,34262.3,34388.3,34154.3,34351.3,12038
1638446400,34351.3,34367.3,34133.3,34212.3,13574
1638460800,34210.3,34700.45,34085.45,34656.45,29712
1638475200,34654.45,34763.65,34570.45,34712.3,19880
1638489600,34730.3,34737.3,34432.3,34514.3,5811
1638504000,34513.3,34708.3,34491.3,34690.3,4231
1638518400,34693.3,34748.3,34628.3,34641.3,8688
1638532800,34642.3,34785.3,34524.2,34747.3,10789
1638547200,34750.3,34811.45,34363.45,34493.45,31187
1638561600,34491.45,34643.3,34266.65,34574.3,24337
1638748800,34677.3,34845.3,34663.3,34813.3,7939
1638763200,34812.3,34852.3,34779.3,34828.3,5736
1638777600,34828.3,34872.3,34722.3,34744.4,10309
1638792000,34746.4,34860.3,34651.3,34843.3,9546
1638806400,34839.3,35309.45,34821.3,35309.45,24945
1638820800,35312.45,35378.45,35222.65,35287.3,15106
1638835200,35292.3,35359.3,35232.3,35334.3,4348
1638849600,35334.3,35455.4,35286.3,35451.3,5010
1638864000,35448.3,35567.3,35416.3,35546.3,8664
1638878400,35547.3,35657.4,35544.3,35568.4,5807
1638892800,35568.4,35840.45,35537.3,35778.45,15738
1638907200,35778.45,35829.3,35620.25,35816.3,10921
1638921600,35774.3,35834.3,35707.3,35782.3,4175
1638936000,35784.3,35868.4,35782.3,35844.3,4661
1638950400,35843.3,35852.3,35751.2,35805.3,7345
1638964800,35805.3,35960.3,35657.4,35800.3,9469
1638979200,35794.3,35872.25,35629.45,35697.45,17889
1638993600,35698.45,35819.65,35668.45,35790.4,8308
1639008000,35767.3,35784.3,35739.3,35774.3,2288
1639022400,35774.3,35827.3,35687.3,35707.3,3531
1639036800,35709.3,35788.3,35663.3,35706.3,5416
1639051200,35706.3,35712.3,35610.3,35646.3,6775
1639065600,35648.3,35840.45,35615.45,35837.45,15586
1639080000,35836.45,35893.45,35746.3,35778.3,12063
1639094400,35806.3,35831.3,35739.3,35796.3,3410
1639108800,35796.3,35816.3,35739.3,35755.3,2436
1639123200,35754.3,35845.3,35752.3,35835.3,4874
1639137600,35836.3,36009.3,35824.3,35980.3,5770
1639152000,35981.3,35989.3,35744.45,35871.25,17984
1639166400,35870.25,36023.3,35866.45,36007.4,8712
1639353600,36048.3,36161.3,36041.3,36155.3,3727
1639368000,36156.3,36156.3,36094.3,36120.3,2809
1639382400,36117.3,36139.3,36052.3,36108.3,5335
1639396800,36109.3,36126.2,35995.3,36000.3,5050
1639411200,36001.3,36003.3,35643.45,35676.45,20307
1639425600,35676.45,35815.45,35655.3,35716.3,11603
1639440000,35724.3,35752.3,35689.3,35721.3,3497
1639454400,35723.3,35731.3,35667.3,35705.3,3556
1639468800,35706.3,35809.2,35596.3,35608.3,6802
1639483200,35604.3,35705.2,35551.4,35570.4,8846
1639497600,35569.4,35807.45,35461.45,35472.45,22962
1639512000,35470.45,35668.45,35467.45,35593.3,13781
1639526400,35595.3,35634.3,35550.3,35604.3,3668
1639540800,35601.3,35640.3,35566.3,35623.3,3306
1639555200,35629.3,35643.2,35534.3,35589.3,7147
1639569600,35589.3,35625.3,35523.3,35556.3,6102
1639584000,35551.3,35586.45,35405.45,35560.45,16709
1639598400,35560.45,35985.3,35413.4,35964.3,21197
1639612800,35993.3,36016.3,35902.3,35911.3,4201
1639627200,35913.3,36028.3,35912.3,36022.3,3706
1639641600,36020.3,36125.4,36015.3,36113.3,7050
1639656000,36113.3,36225.3,36099.3,36137.2,6641
1639670400,36139.2,36211.65,35948.45,35954.45,21692
1639684800,35955.45,36068.45,35792.45,35957.3,18155
1639699200,35940.3,35990.3,35899.3,35970.3,4219
1639713600,35970.3,35984.3,35837.3,35883.3,5529
1639728000,35884.3,36002.2,35842.3,35935.3,10421
1639742400,35936.3,35948.3,35740.2,35773.2,10214
1639756800,35773.2,35779.2,35292.65,35499.45,26851
1639771200,35493.45,35608.45,35337.45,35465.3,18604
1639958400,35382.3,35390.3,35124.3,35141.3,7625
1639972800,35137.3,35154.3,35016.3,35043.3,7095
1639987200,35039.3,35066.3,34747.3,34848.3,14531
1640001600,34846.3,35083.3,34845.3,34960.3,9668
1640016000,34963.3,35012.3,34671.45,34708.45,23754
1640030400,34707.45,35046.3,34689.45,35030.4,17128
1640044800,35021.3,35133.3,34982.3,35117.3,5034
1640059200,35118.3,35210.3,35061.3,35207.3,4618
1640073600,35208.3,35237.3,35049.3,35095.3,8910
1640088000,35095.3,35287.3,35085.4,35238.3,6933
1640102400,35237.3,35516.45,35167.45,35509.65,20059
1640116800,35508.65,35538.3,35383.45,35526.3,11166
1640131200,35516.3,35558.2,35480.3,35513.3,2686
1640145600,35513.3,35527.3,35477.3,35510.3,2684
1640160000,35512.3,35546.3,35411.3,35462.3,5157
1640174400,35462.3,35578.2,35436.3,35455.3,4776
1640188800,35455.3,35740.25,35431.45,35722.45,15612
1640203200,35723.45,35786.65,35644.65,35772.3,9566
1640217600,35788.3,35797.3,35750.3,35763.3,2171
1640232000,35762.3,35791.3,35762.3,35781.3,1323
1640246400,35782.3,35857.3,35764.3,35819.3,4169
1640260800,35819.3,35895.3,35812.3,35843.3,3466
1640275200,35845.3,36011.45,35833.45,35978.45,12218
1640289600,35978.45,36071.45,35950.3,35978.3,7260
1640563200,35968.3,36009.3,35945.3,35966.3,2589
1640577600,35967.3,35989.3,35939.3,35946.3,1730
1640592000,35945.3,35979.4,35887.3,35975.3,4552
1640606400,35976.3,36052.2,35955.3,36036.3,3407
1640620800,36036.3,36197.45,35990.45,36184.45,12046
1640635200,36184.45,36331.3,36174.45,36299.3,6650
1640649600,36297.3,36299.3,36250.3,36260.3,2613
1640664000,36260.3,36304.3,36240.3,36304.3,2326
1640678400,36305.3,36403.3,36257.4,36394.3,4130
1640692800,36393.3,36414.3,36341.2,36345.3,2992
1640707200,36346.3,36534.45,36302.4,36389.25,14964
1640721600,36388.25,36488.45,36375.25,36417.3,9419
1640736000,36414.3,36468.3,36389.3,36392.3,3107
1640750400,36393.3,36453.3,36381.3,36444.3,2898
1640764800,36446.3,36481.3,36421.3,36472.3,3909
1640779200,36472.3,36482.4,36388.3,36416.4,3640
1640793600,36416.4,36526.45,36402.45,36500.45,13568
1640808000,36500.45,36586.45,36468.45,36510.3,6394
1640822400,36482.3,36525.3,36451.2,36521.3,2913
1640836800,36521.3,36533.3,36475.3,36475.3,2412
1640851200,36473.3,36550.3,36473.3,36530.3,3751
1640865600,36530.3,36575.3,36507.3,36558.3,3266
1640880000,36558.3,36699.45,36485.45,36544.45,11832
1640894400,36544.45,36551.45,36383.25,36408.4,7563
1640908800,36436.3,36441.3,36254.3,36407.2,2743
1640923200,36406.2,36406.2,36319.3,36379.3,2209
1640937600,36381.3,36421.3,36363.3,36400.3,2311
1640952000,36400.3,36401.3,36290.3,36359.3,2979
1640966400,36358.3,36463.45,36319.45,36420.45,12074
1640980800,36421.45,36503.65,36352.45,36382.3,8205
1641168000,36450.3,36549.3,36447.3,36488.3,3603
1641182400,36487.3,36500.3,36464.3,36485.3,2655
1641196800,36484.3,36513.3,36428.3,36508.3,4849
1641211200,36508.3,36567.3,36465.3,36469.3,3990
1641225600,36465.3,36515.45,36253.65,36395.45,20382
1641240000,36397.45,36604.65,36372.45,36559.3,9889
1641254400,36559.3,36587.3,36540.3,36567.3,3345
1641268800,36567.3,36660.3,36562.3,36650.3,2966
1641283200,36651.3,36685.3,36617.3,36663.3,4699
1641297600,36664.3,36748.4,36660.3,36735.3,4968
1641312000,36735.3,36931.25,36722.3,36800.45,18906
1641326400,36800.45,36896.45,36729.45,36787.3,11841
1641340800,36780.3,36786.3,36699.3,36717.3,3800
1641355200,36720.3,36734.3,36689.3,36699.3,3278
1641369600,36699.3,36839.3,36689.3,36827.4,5936
1641384000,36827.4,36854.3,36758.3,36791.3,5893
1641398400,36791.3,36954.45,36764.65,36900.45,18458
1641412800,36899.45,36919.25,36405.3,36424.4,18657
1641427200,36407.3,36507.3,36371.3,36457.3,6509
1641441600,36460.3,36461.3,36287.3,36313.3,6660
1641456000,36315.3,36468.4,36283.3,36438.3,11257
1641470400,36438.3,36537.4,36426.3,36497.3,9905
1641484800,36497.3,36505.3,36201.45,36374.65,25424
1641499200,36378.65,36390.45,36199.25,36282.4,15312
1641513600,36295.3,36339.3,36286.3,36312.3,3977
1641528000,36312.3,36337.3,36268.2,36330.3,4910
1641542400,36329.3,36344.3,36226.4,36282.3,7249
1641556800,36281.3,36310.2,36155.3,36188.3,8965
1641571200,36188.3,36382.45,36107.45,36319.45,21762
1641585600,36319.45,36374.45,36213.3,36224.3,12959
1641772800,36194.3,36204.3,36080.3,36183.3,5939
1641787200,36183.3,36255.3,36161.3,36213.3,4723
1641801600,36217.3,36289.3,36156.3,36241.3,9423
1641816000,36241.3,36284.3,36090.3,36127.3,10221
1641830400,36127.3,36161.2,35640.65,35786.45,24534
1641844800,35786.45,36090.95,35783.45,36050.4,17989
1641859200,36058.3,36100.3,36004.3,36024.3,6275
1641873600,36024.3,36111.3,36019.3,36061.3,5610
1641888000,36066.3,36209.2,36016.3,36183.3,9646
1641902400,36183.3,36214.4,36040.3,36049.3,7238
1641916800,36050.3,36149.25,35762.65,36140.45,23777
1641931200,36140.45,36268.3,36087.45,36247.3,12026
1641945600,36251.3,36293.3,36216.3,36240.3,3009
1641960000,36241.3,36314.3,36239.3,36313.3,3139
1641974400,36312.3,36331.3,36205.3,36281.3,7310
1641988800,36281.3,36421.3,36250.3,36378.3,7645
1642003200,36379.3,36447.45,36155.65,36345.45,21262
1642017600,36345.45,36349.45,36187.45,36306.3,13561
1642032000,36303.3,36312.2,36204.2,36217.3,3373
1642046400,36218.3,36265.3,36196.3,36211.3,3562
1642060800,36214.3,36295.3,36188.4,36276.3,6524
1642075200,36275.3,36409.3,36267.3,36395.3,6054
1642089600,36395.3,36504.65,36230.45,36280.45,21505
1642104000,36278.45,36396.45,36039.45,36097.3,17575
1642118400,36140.3,36158.3,36070.3,36091.3,6607
1642132800,36092.3,36156.3,36041.3,36149.3,5940
1642147200,36149.3,36231.3,36123.2,36195.3,9933
1642161600,36195.3,36217.3,35783.2,35819.3,12153
1642176000,35814.3,35968.45,35661.45,35675.25,25657
1642190400,35675.25,35970.4,35630.45,35967.3,17714
1642377600,35964.3,35992.3,35846.3,35876.3,6201
1642392000,35880.3,35910.3,35823.3,35846.3,4554
1642406400,35849.3,35980.3,35834.3,35959.3,6797
1642420800,35959.3,35999.3,35914.3,35925.3,4481
1642435200,35926.3,35972.45,35905.2,35950.4,5622
1642464000,35910.3,35975.3,35890.3,35963.3,3906
1642478400,35963.3,35982.2,35779.3,35839.3,7476
1642492800,35840.3,35870.3,35576.3,35638.3,11551
1642507200,35639.3,35694.3,35583.3,35623.2,11412
1642521600,35623.2,35631.4,35256.65,35261.45,24079
1642536000,35261.45,35517.65,35253.45,35414.3,17323
1642550400,35418.3,35438.3,35320.3,35370.3,6160
1642564800,35373.3,35420.3,35161.3,35184.3,8527
1642579200,35187.3,35421.2,35127.3,35407.2,12765
1642593600,35408.2,35514.2,35376.4,35506.3,9304
1642608000,35506.3,35540.25,35251.45,35427.45,25362
1642622400,35432.45,35445.45,34992.4,35046.4,18749
1642636800,35057.3,35082.3,34964.3,35041.2,7159
1642651200,35041.2,35184.3,35039.2,35143.3,6141
1642665600,35142.3,35231.3,35044.3,35115.3,10516
1642680000,35115.3,35194.3,35106.3,35145.3,8901
1642694400,35145.3,35484.45,35104.3,35334.25,21611
1642708800,35333.25,35334.25,34514.4,34556.4,23025
1642723200,34703.3,34713.3,34542.3,34633.3,10016
1642737600,34629.3,34700.3,34438.3,34675.9,10314
1642752000,34677.4,34794.3,34637.3,34766.3,12691
1642766400,34766.3,34794.3,34579.3,34619.3,12223
1642780800,34620.3,34887.25,34437.45,34524.45,34319
1642795200,34522.45,34615.45,34208.3,34221.4,25085
1642982400,34254.4,34511.3,34243.9,34490.3,8295
1642996800,34492.3,34511.3,34438.3,34479.3,5896
1643011200,34478.3,34504.3,34298.3,34345.3,11615
1643025600,34345.3,34348.3,33875.3,33877.3,17192
1643040000,33876.3,33930.45,33136.4,33417.45,27631
1643054400,33412.4,34460.3,33380.45,34412.4,19313
1643068800,34348.3,34399.3,34058.3,34163.3,7647
1643083200,34158.3,34183.3,33981.3,34115.3,8780
1643097600,34119.3,34310.3,33958.4,34274.3,15329
1643112000,34271.3,34355.3,33947.3,34098.3,16695
1643126400,34089.3,34124.3,33527.4,33999.4,25551
1643140800,33997.4,34574.45,33905.45,34064.3,17833
1643155200,34150.3,34407.3,34136.3,34306.3,7549
1643169600,34309.3,34381.3,34275.3,34323.3,5291
1643184000,34321.3,34656.3,34251.3,34587.2,10825
1643198400,34587.2,34722.2,34530.3,34660.3,12252
1643212800,34660.3,34797.65,34361.15,34657.45,27574
1643227200,34658.45,34794.9,33853.4,34138.4,27396
1643241600,34199.3,34295.3,33795.3,33822.3,11335
1643256000,33821.3,33860.3,33637.3,33787.3,14781
1643270400,33778.3,34196.2,33661.3,34165.3,18075
1643284800,34164.3,34341.3,34014.3,34336.4,17798
1643299200,34334.3,34759.45,34181.4,34268.4,22842
1643313600,34266.4,34334.4,33985.65,34306.4,19381
1643328000,34318.3,34359.3,34151.3,34275.3,6689
1643342400,34282.3,34397.3,34220.3,34329.3,7494
1643356800,34329.3,34357.3,34052.2,34124.3,11509
1643371200,34124.3,34128.2,33715.3,34040.3,18441
1643385600,34040.3,34389.45,33780.45,34172.45,20442
1643400000,34172.45,34719.9,34016.45,34678.9,27671
1643587200,34644.9,34686.4,34558.9,34663.3,7424
1643601600,34663.3,34781.3,34656.4,34774.4,5936
1643616000,34774.9,34809.9,34607.4,34651.3,11744
1643630400,34652.3,34661.3,34417.3,34558.3,13934
1643644800,34558.3,34899.25,34465.45,34889.45,17370
1643659200,34890.45,35128.45,34810.45,35020.9,17341
1643673600,35033.9,35060.9,34942.4,34951.9,4112
1643688000,34952.4,35060.3,34936.9,35053.4,4394
1643702400,35047.3,35198.3,34950.3,35017.9,11582
1643716800,35018.3,35139.3,35002.4,35134.3,11081
1643731200,35135.3,35209.25,34965.15,35137.65,16171
1643745600,35135.65,35418.45,35082.25,35348.9,11878
1643760000,35316.4,35388.4,35309.9,35361.9,3412
1643774400,35362.3,35423.9,35339.9,35391.9,2903
1643788800,35391.9,35444.3,35306.3,35433.3,6912
1643803200,35434.3,35466.4,35384.3,35388.3,6306
1643817600,35387.3,35537.65,35271.45,35536.65,15806
1643832000,35536.65,35692.3,35438.25,35653.9,14071
1643846400,35638.4,35646.3,35541.9,35545.3,6153
1643860800,35542.9,35595.3,35534.3,35579.3,4110
1643875200,35582.3,35587.3,35453.3,35470.3,7708
1643889600,35471.3,35587.4,35436.3,35447.3,9645
1643904000,35447.3,35515.45,35245.45,35285.45,10152
1643918400,35286.45,35364.45,35044.45,35222.9,16994
1643932800,35255.3,35303.3,35168.3,35187.9,7661
1643947200,35190.3,35304.9,35184.3,35295.3,6385
1643961600,35298.3,35314.9,35157.2,35169.3,10680
1643976000,35169.3,35170.3,34795.3,34902.9,12031
1643990400,34907.3,35158.9,34776.45,35063.45,18548
1644004800,35065.45,35316.45,35020.3,35039.4,18057
1644192000,35081.9,35126.9,34987.9,35000.9,8412
1644206400,35000.9,35099.3,34917.4,35060.9,8292
1644220800,35062.9,35140.3,34922.3,34978.2,13612
1644235200,34979.2,35161.3,34943.3,35133.3,10949
1644249600,35132.3,35208.25,34975.45,35035.25,22792
1644264000,35035.25,35311.25,34986.45,35120.3,16195
1644278400,35111.4,35142.3,35074.9,35087.9,4829
1644292800,35087.9,35108.3,35037.9,35053.3,4628
1644307200,35051.9,35237.3,35038.3,35152.3,10243
1644321600,35152.3,35160.4,35047.3,35152.2,10249
1644336000,35151.2,35442.65,35071.25,35415.45,20870
1644350400,35416.45,35533.25,35265.65,35481.3,15654
1644364800,35493.9,35540.3,35476.9,35498.3,4232
1644379200,35498.3,35611.3,35489.3,35573.4,4113
1644393600,35573.4,35663.3,35508.3,35624.3,8396
1644408000,35626.3,35703.3,35617.3,35688.3,5868
1644422400,35689.3,35803.45,35661.45,35699.45,18124
1644436800,35700.45,35857.65,35671.65,35824.3,11952
1644451200,35823.9,35826.3,35703.3,35722.3,5293
1644465600,35722.3,35766.3,35700.3,35766.3,3859
1644480000,35766.3,35831.3,35732.3,35758.3,7899
1644494400,35758.3,35853.2,35573.3,35603.3,7015
1644508800,35602.3,35795.45,35450.2,35521.45,15755
1644523200,35518.45,35555.65,35093.45,35203.9,15927
1644537600,35205.9,35241.3,35055.9,35119.3,6375
1644552000,35117.9,35127.3,34958.3,34997.9,7243
1644566400,34997.3,35195.3,34970.9,35089.3,11539
1644580800,35088.3,35292.4,35067.2,35268.2,10448
1644595200,35269.2,35430.25,35121.65,35152.25,26071
1644609600,35151.25,35228.45,34614.45,34718.9,20456
1644796800,34715.45,34844.95,34684.45,34735.95,8597
1644811200,34734.35,34834.35,34715.35,34789.95,7845
1644825600,34794.35,34855.35,34397.35,34415.35,13362
1644840000,34416.35,34822.95,34349.35,34659.35,14284
1644854400,34660.35,34742.5,34364.5,34678.5,18088
1644868800,34678.5,34734.3,34304.5,34571.95,15723
1644883200,34567.3,34621.3,34506.3,34581.9,5389
1644897600,34578.9,34637.3,34436.3,34482.3,6888
1644912000,34481.3,34940.3,34453.3,34875.3,11658
1644926400,34877.3,35011.9,34787.3,34894.4,10557
1644940800,34894.2,35057.45,34814.45,34883.45,14089
1644955200,34885.45,35009.45,34824.65,34940.3,9936
1644969600,34956.9,34966.3,34901.3,34920.3,4119
1644984000,34920.3,34971.3,34912.3,34961.9,3809
1644998400,34958.3,35145.3,34941.3,34986.3,8653
1645012800,34985.3,34986.3,34852.3,34870.3,9692
1645027200,34871.3,34963.65,34645.45,34710.45,14361
1645041600,34709.45,35044.9,34651.9,34930.4,13105
1645056000,34943.9,34982.3,34875.9,34890.3,4977
1645070400,34891.3,34932.3,34736.9,34820.3,8793
1645084800,34813.3,34922.3,34703.2,34737.3,14956
1645099200,34737.3,34923.4,34676.4,34688.9,11786
1645113600,34690.3,34799.4,34427.65,34556.45,22609
1645128000,34557.45,34588.45,34244.45,34319.9,15708
1645142400,34278.4,34479.3,34268.4,34460.4,8585
1645156800,34461.4,34566.3,34428.9,34491.9,8098
1645171200,34488.9,34533.4,34395.3,34446.4,12329
1645185600,34446.4,34461.2,34158.2,34284.2,11718
1645200000,34284.2,34419.65,34004.45,34007.45,28304
1645214400,34006.45,34320.25,33967.65,34095.4,21470
1645401600,33980.3,34292.2,33940.9,34234.4,13299
1645416000,34235.9,34270.3,34191.9,34267.9,9441
1645430400,34268.3,34415.2,34123.4,34132.4,13874
1645444800,34133.4,34158.4,33789.4,33893.3,16624
1645459200,33891.9,34021.3,33739.4,33764.45,15377
1645488000,33568.9,33721.3,33472.4,33589.4,14762
1645502400,33589.4,33679.3,33512.3,33645.9,12879
1645516800,33640.3,33775.9,33523.4,33704.4,21838
1645531200,33708.4,34112.4,33701.4,33956.4,19887
1645545600,33953.9,34026.45,33601.25,33619.45,28991
1645560000,33619.45,33791.45,33355.45,33704.65,26485
1645574400,33698.9,33759.3,33668.3,33717.2,5963
1645588800,33719.2,33771.2,33650.9,33727.9,6850
1645603200,33725.9,33888.3,33656.4,33815.3,11900
1645617600,33815.3,33846.3,33689.4,33824.3,11328
1645632000,33822.9,33843.2,33440.65,33547.25,26809
1645646400,33547.25,33548.25,33083.95,33121.15,23886
1645660800,33109.4,33164.9,32870.9,32999.9,12963
1645675200,32999.9,33020.3,32285.9,32423.9,25322
1645689600,32417.9,32697.4,32220.3,32441.3,29659
1645704000,32440.3,32537.9,32242.9,32315.4,27764
1645718400,32315.4,32651.45,32253.3,32408.15,26827
1645732800,32403.15,33265.9,32361.45,33150.9,30617
1645747200,33097.9,33186.2,33026.4,33086.9,11821
1645761600,33086.3,33145.4,33009.3,33049.9,12726
1645776000,33056.9,33099.4,32820.3,32983.9,20654
1645790400,32983.9,33423.4,32875.9,33369.3,22980
1645804800,33367.4,34011.65,33276.4,33954.45,28836
1645819200,33955.45,34091.45,33879.45,34056.4,20702
1646006400,33674.4,33734.9,33488.9,33524.4,12713
1646020800,33524.4,33561.2,33372.3,33520.4,11526
1646035200,33520.4,33700.9,33488.4,33597.4,22227
1646049600,33597.9,33796.2,33521.3,33585.9,19240
1646064000,33583.4,33959.25,33511.45,33672.25,29735
1646078400,33672.25,33906.65,33457.25,33886.65,24703
1646092800,33885.3,33971.3,33841.3,33885.4,6985
1646107200,33886.4,33912.9,33828.4,33886.4,7314
1646121600,33889.4,34095.9,33695.9,33719.3,16902
1646136000,33718.3,33818.4,33561.2,33774.4,18109
1646150400,33774.4,33865.65,33125.65,33321.65,30036
1646164800,33317.65,33423.65,33097.65,33360.9,25577
1646179200,33338.9,33473.3,33318.4,33408.4,7892
1646193600,33406.9,33477.4,33332.9,33438.3,10012
1646208000,33438.9,33582.4,33158.3,33527.9,21804
1646222400,33528.9,33580.3,33351.4,33442.4,18471
1646236800,33440.4,33944.65,33426.9,33917.65,23630
1646251200,33919.65,34018.25,33814.95,33815.95,15539
1646265600,33831.9,33873.9,33810.4,33814.3,6011
1646280000,33814.3,33939.55,33811.4,33918.4,5937
1646294400,33916.4,33972.3,33796.3,33867.9,15046
1646308800,33867.9,34087.4,33798.9,34079.9,13812
1646323200,34079.9,34177.45,33634.45,33940.65,29753
1646337600,33938.65,34060.65,33681.45,33813.4,21372
1646352000,33826.4,33893.3,33256.4,33646.4,13711
1646366400,33646.4,33660.9,33456.4,33617.9,12698
1646380800,33620.9,33780.3,33451.9,33508.3,18686
1646395200,33508.3,33625.9,33392.3,33455.4,17955
1646409600,33454.4,33589.45,33244.9,33565.65,19096
1646424000,33568.65,33652.45,33358.45,33572.9,15423
1646611200,33250.4,33367.4,33148.9,33172.9,8635
1646625600,33171.4,33414.9,33143.9,33273.9,8371
1646640000,33260.9,33389.9,32963.4,33141.4,13955
1646654400,33141.4,33507.3,33000.4,33469.3,14780
1646668800,33468.9,33576.3,32904.25,32981.9,19359
1646683200,32979.9,33086.45,32724.4,32756.4,15964
1646697600,32749.3,32929.9,32697.9,32914.9,8005
1646712000,32916.9,32923.9,32586.4,32589.4,10193
1646726400,32595.4,32942.9,32357.9,32886.9,15808
1646740800,32887.9,33060.9,32740.9,32857.4,14459
1646755200,32854.4,33304.45,32572.9,33270.9,22156
1646769600,33276.9,33403.45,32523.9,32552.4,18951
1646784000,32584.9,32815.9,32563.4,32745.4,7213
1646798400,32745.3,32831.9,32628.9,32698.9,9541
1646812800,32700.4,33133.3,32695.9,33112.3,14452
1646827200,33111.3,33238.3,33023.3,33115.4,13342
1646841600,33117.4,33438.45,33092.9,33425.45,19196
1646856000,33422.45,33456.25,33229.45,33265.9,14618
1646870400,33255.4,33297.4,33177.4,33226.4,6296
1646884800,33228.9,33295.3,33182.9,33222.9,7159
1646899200,33226.9,33250.9,33015.4,33053.3,12698
1646913600,33054.9,33101.9,32853.3,32875.9,13594
1646928000,32875.9,33168.65,32813.9,32896.9,17569
1646942400,32894.45,33236.25,32861.65,33214.4,13634
1646956800,33214.4,33266.9,33047.3,33060.3,5969
1646971200,33060.3,33172.9,33010.9,33151.9,7847
1646985600,33142.4,33332.4,33071.4,33249.3,11559
1647000000,33250.9,33696.9,33238.9,33394.9,13490
1647014400,33398.9,33513.9,33147.9,33225.45,17713
1647028800,33225.45,33307.9,32909.65,32959.9,11461
1647216000,33096.95,33205.3,33038.45,33132.3,6145
1647230400,33138.9,33160.4,33023.9,33118.9,7357
1647244800,33118.9,33262.3,33103.9,33172.3,10732
1647259200,33174.3,33346.3,33075.4,33167.9,11756
1647273600,33168.9,33401.45,32968.65,33037.45,16676
1647288000,33041.45,33052.45,32820.65,32980.4,13324
1647302400,32999.35,33052.35,32932.9,32961.9,4113
1647316800,32962.3,33055.3,32902.9,32987.9,8373
1647331200,32987.9,32990.9,32712.3,32733.3,11437
1647345600,32730.3,33138.3,32690.2,33090.3,11393
1647360000,33090.3,33452.45,33052.45,33395.45,16866
1647374400,33394.45,33628.45,33248.45,33538.4,12933
1647388800,33504.45,33569.9,33443.9,33473.3,4109
1647403200,33472.9,33551.9,33460.9,33518.9,7817
1647417600,33518.3,33867.3,33511.9,33818.9,11797
1647432000,33820.3,33961.2,33811.3,33844.3,9541
1647446400,33845.3,34084.45,33809.2,33865.45,16201
1647460800,33867.45,34173.3,33396.45,34139.3,16784
1647475200,34108.45,34136.3,34058.95,34111.3,4447
1647489600,34114.9,34114.9,33963.9,34030.9,8363
1647504000,34029.9,34148.9,34006.9,34048.3,9356
1647518400,34049.9,34068.3,33871.4,33941.4,10500
1647532800,33940.9,34252.45,33897.65,34244.45,15104
1647547200,34244.45,34510.15,34203.45,34343.95,10956
1647561600,34362.95,34384.2,34285.3,34302.3,4448
1647576000,34302.9,34321.9,34254.9,34284.9,6375
1647590400,34285.3,34434.3,34270.9,34315.9,9172
1647604800,34316.4,34341.3,34219.9,34304.9,9523
1647619200,34303.9,34504.65,34271.3,34483.45,14993
1647633600,34483.65,34811.95,34468.45,34799.4,9838
1647820800,34778.45,34802.95,34656.9,34693.9,3450
1647835200,34693.9,34705.9,34613.3,34623.9,4968
1647849600,34623.9,34686.3,34580.9,34656.3,8170
1647864000,34656.3,34715.3,34595.9,34688.9,7274
1647878400,34688.9,34809.45,34433.45,34449.45,14899
1647892800,34451.45,34638.3,34343.45,34621.3,12637
1647907200,34586.35,34598.35,34479.9,34482.3,2709
1647921600,34482.9,34550.9,34448.4,34514.9,4458
1647936000,34515.9,34710.4,34484.3,34680.9,6482
1647950400,34680.9,34743.4,34665.3,34724.3,6194
1647964800,34724.3,34877.65,34703.25,34829.45,14915
1647979200,34830.45,34896.25,34744.45,34844.3,12709
1647993600,34822.45,34889.35,34796.45,34832.3,3898
1648008000,34831.3,34913.4,34827.3,34890.3,6105
1648022400,34890.3,34905.3,34756.9,34791.2,6938
1648036800,34790.4,34803.3,34653.4,34669.3,8522
1648051200,34669.3,34690.3,34478.45,34507.45,18298
1648065600,34505.45,34511.45,34337.65,34360.9,13938
1648080000,34354.95,34420.3,34351.95,34386.3,3780
1648094400,34385.9,34447.3,34334.9,34430.9,6654
1648108800,34431.3,34555.3,34429.9,34531.3,8004
1648123200,34532.3,34569.3,34448.9,34489.3,10507
1648137600,34489.3,34655.45,34364.45,34566.45,18261
1648152000,34566.45,34775.3,34550.65,34763.3,11260
1648166400,34762.45,34762.95,34675.9,34696.3,3173
1648180800,34694.9,34824.9,34689.4,34809.3,5868
1648195200,34810.3,34810.4,34670.3,34717.3,7420
1648209600,34717.9,34837.4,34676.9,34811.3,7758
1648224000,34811.3,34956.25,34642.45,34726.45,19204
1648238400,34727.45,34882.65,34671.45,34872.9,13058
1648425600,34881.95,34887.35,34766.9,34769.4,4098
1648440000,34769.9,34803.3,34747.3,34776.9,6153
1648454400,34777.3,34924.4,34724.3,34923.4,10321
1648468800,34921.4,34953.3,34824.9,34836.3,8560
1648483200,34837.3,34851.3,34564.25,34680.45,19283
1648497600,34681.45,35002.65,34663.65,34978.3,10774
1648512000,34954.45,34990.3,34943.95,34962.4,3103
1648526400,34961.9,35020.3,34961.4,35002.9,3953
1648540800,35002.9,35088.9,34983.3,35067.3,8235
1648555200,35068.9,35277.3,35063.9,35243.3,13677
1648569600,35243.3,35396.25,35038.45,35092.45,20387
1648584000,35092.45,35339.45,35050.45,35297.9,12497
1648598400,35267.45,35298.3,35251.95,35264.4,3850
1648612800,35264.4,35317.3,35217.4,35234.9,6618
1648627200,35235.9,35316.2,35173.9,35200.9,10495
1648641600,35201.3,35252.3,35148.9,35202.2,10042
1648656000,35202.2,35374.45,35177.9,35261.45,16039
1648670400,35262.45,35275.3,35071.45,35275.3,12353
1648684800,35236.35,35326.3,35219.3,35318.3,3386
1648699200,35318.3,35325.9,35251.9,35264.9,4308
1648713600,35265.3,35307.3,35219.9,35244.9,9151
1648728000,35244.9,35251.3,35173.9,35212.9,7847
1648742400,35213.9,35234.3,35012.65,35055.45,17666
1648756800,35057.45,35094.25,34707.45,34806.9,13906
1648771200,34826.3,34850.3,34775.5,34829.4,3893
1648785600,34828.9,34860.3,34806.4,34820.9,5390
1648800000,34822.3,34886.2,34788.3,34879.9,8814
1648814400,34879.3,34920.3,34834.3,34845.3,7829
1648828800,34844.3,34884.4,34573.25,34627.45,18760
1648843200,34626.45,34862.65,34551.45,34790.9,14814
1649030400,34815.9,34818.9,34754.9,34779.3,2780
1649044800,34779.3,34855.3,34765.9,34855.3,3239
1649059200,34856.3,34906.9,34744.3,34779.9,8104
1649073600,34779.9,34873.3,34777.9,34791.3,6599
1649088000,34792.3,34905.45,34632.25,34845.45,16449
1649102400,34844.45,34963.95,34831.45,34935.3,9679
1649116800,34921.9,34927.3,34880.3,34892.9,2098
1649131200,34892.9,34907.3,34880.3,34900.3,2353
1649145600,34900.3,34991.2,34884.9,34931.3,7037
1649160000,34932.3,34937.3,34828.3,34843.3,7137
1649174400,34843.9,35129.25,34791.3,34851.45,19378
1649188800,34851.45,34936.45,34580.45,34686.9,12925
1649203200,34691.3,34707.3,34621.3,34622.3,2687
1649217600,34622.3,34668.3,34601.3,34636.9,4333
1649232000,34638.3,34719.3,34511.3,34563.3,10354
1649246400,34562.9,34577.3,34395.9,34438.3,10452
1649260800,34438.3,34478.25,34337.45,34416.45,19189
1649275200,34414.45,34638.45,34300.45,34492.9,20875
1649289600,34489.3,34510.2,34380.3,34404.9,3594
1649304000,34405.9,34465.3,34345.3,34358.9,5556
1649318400,34357.9,34534.3,34336.9,34510.3,11425
1649332800,34510.3,34610.4,34401.3,34415.9,10122
1649347200,34417.3,34482.45,34199.65,34349.45,21408
1649361600,34348.45,34720.25,34340.65,34592.3,15604
1649376000,34599.3,34637.3,34554.3,34586.9,2999
1649390400,34586.9,34626.3,34562.3,34585.3,4424
1649404800,34585.9,34771.3,34575.3,34704.3,9174
1649419200,34704.3,34755.3,34644.4,34658.3,7687
1649433600,34658.3,34928.45,34476.45,34897.45,19633
1649448000,34896.45,34900.45,34686.45,34739.9,13527
1649635200,34756.9,34759.9,34628.3,34702.3,3938
1649649600,34702.3,34716.4,34529.3,34547.3,6595
1649664000,34547.3,34730.3,34520.9,34621.3,12051
1649678400,34620.3,34729.3,34557.4,34594.3,10236
1649692800,34595.3,34721.45,34476.25,34495.45,19179
1649707200,34492.45,34561.45,34293.45,34335.9,14499
1649721600,34359.3,34377.3,34241.3,34249.3,3827
1649736000,34248.3,34257.3,34158.3,34162.9,5744
1649750400,34163.9,34323.3,34120.3,34299.3,12046
1649764800,34299.3,34577.2,34269.3,34535.3,10760
1649779200,34534.3,34688.45,34394.2,34438.45,22594
1649793600,34434.45,34482.9,34120.45,34268.9,16755
1649808000,34282.3,34371.3,34259.9,34365.3,3944
1649822400,34366.3,34407.3,34361.3,34384.3,5818
1649836800,34383.9,34475.3,34347.3,34442.3,10603
1649851200,34442.3,34444.3,34170.3,34191.3,10212
1649865600,34195.3,34486.65,34162.4,34442.45,18880
1649880000,34443.45,34617.45,34434.45,34566.3,11363
1649894400,34570.3,34629.3,34558.3,34613.3,3285
1649908800,34613.3,34660.3,34585.3,34647.9,4927
1649923200,34649.3,34679.3,34551.9,34590.3,7984
1649937600,34589.3,34705.3,34560.3,34584.3,9817
1649952000,34586.3,34900.65,34546.45,34593.45,20515
1649966400,34592.45,34723.65,34449.3,34499.9,12630
1650240000,34461.3,34495.3,34294.9,34328.3,5545
1650254400,34328.3,34404.3,34299.9,34380.3,4082
1650268800,34380.3,34427.3,34363.3,34389.3,3522
1650283200,34389.3,34468.3,34337.4,34403.3,4076
1650297600,34404.3,34634.65,34318.65,34398.45,19213
1650312000,34398.45,34600.25,34295.45,34506.3,15544
1650326400,34523.3,34584.3,34467.9,34482.9,3748
1650340800,34483.3,34553.3,34461.3,34535.3,6547
1650355200,34534.9,34577.2,34422.3,34440.3,10591
1650369600,34438.3,34473.3,34346.3,34432.3,9513
1650384000,34429.3,34904.65,34384.3,34836.45,18446
1650398400,34836.45,35006.45,34764.45,34886.3,14813
1650412800,34883.3,34943.3,34877.4,34942.3,4249
1650427200,34942.3,34953.4,34863.3,34912.3,8087
1650441600,34913.3,34941.3,34838.3,34893.3,10187
1650456000,34893.3,35108.4,34889.9,35105.3,8684
1650470400,35104.3,35314.25,35063.65,35294.25,20367
1650484800,35295.25,35349.25,35091.25,35270.9,15966
1650499200,35261.3,35302.3,35241.9,35280.3,3582
1650513600,35279.9,35319.3,35264.3,35302.3,5229
1650528000,35301.9,35415.3,35273.4,35405.3,10513
1650542400,35404.3,35456.2,35355.3,35437.3,7117
1650556800,35438.3,35521.65,35146.45,35163.25,21634
1650571200,35162.25,35216.45,34749.45,34774.9,21275
1650585600,34767.4,34811.3,34624.4,34678.3,5744
1650600000,34677.9,34723.3,34639.3,34713.3,8438
1650614400,34713.9,34826.3,34705.9,34752.3,13063
1650628800,34752.3,34779.3,34659.3,34702.3,10813
1650643200,34704.3,34713.3,34174.65,34228.65,24119
1650657600,34228.65,34238.25,33695.9,33732.9,19704
1650844800,33737.9,33845.3,33617.4,33686.9,8792
1650859200,33687.3,33707.9,33537.0,33599.3,11759
1650873600,33600.3,33695.3,33472.3,33518.9,17766
1650888000,33515.9,33737.4,33485.9,33734.3,15763
1650902400,33735.4,33759.3,33330.65,33616.65,31111
1650916800,33614.65,34122.45,33526.65,34087.9,23918
1650931200,34046.3,34075.3,34028.3,34068.3,4224
1650945600,34067.3,34141.3,34051.9,34134.9,6189
1650960000,34134.3,34143.3,33898.3,34009.2,12938
1650974400,34008.2,34019.2,33857.2,33893.4,10696
1650988800,33895.4,33923.45,33468.65,33637.45,26431
1651003200,33637.45,33639.45,33196.9,33211.4,23249
1651017600,33267.3,33388.3,33249.9,33321.3,8139
1651032000,33319.3,33517.3,33318.4,33505.9,10677
1651046400,33505.9,33654.3,33284.9,33576.3,16340
1651060800,33573.3,33664.3,33432.4,33492.4,14169
1651075200,33487.9,33718.45,33117.65,33662.45,30814
1651089600,33663.45,33682.65,33268.9,33433.4,27342
1651104000,33416.9,33440.3,33344.3,33402.3,4661
1651118400,33401.9,33415.9,33326.9,33414.3,8058
1651132800,33414.3,33723.3,33397.3,33721.3,12218
1651147200,33720.3,33743.3,33493.3,33521.3,11758
1651161600,33521.3,33844.25,33265.25,33823.25,27226
1651176000,33826.25,34075.45,33782.25,33852.4,20321
1651190400,33872.9,33918.3,33780.4,33897.9,4913
1651204800,33898.9,33994.3,33891.9,33945.9,7509
1651219200,33944.9,34008.3,33862.3,33874.9,14118
1651233600,33873.9,33874.3,33740.4,33792.3,13780
1651248000,33791.9,33940.4,33325.65,33368.45,26743
1651262400,33366.45,33525.45,32926.25,33073.3,22262
1651449600,33164.9,33170.3,32938.4,33051.4,10288
1651464000,33050.9,33175.3,32946.3,33170.9,8953
1651478400,33170.9,33222.9,32964.4,33075.4,12437
1651492800,33075.4,33180.9,32941.3,32979.4,11212
1651507200,32979.4,33251.45,32743.15,32767.65,34466
1651521600,32768.65,33132.95,32463.65,33072.4,27098
1651536000,33024.9,33137.3,33018.3,33118.9,3760
1651550400,33118.9,33227.3,33071.9,33147.9,7172
1651564800,33148.9,33250.4,33029.9,33097.9,13002
1651579200,33096.9,33148.9,32912.4,33134.4,13039
1651593600,33135.9,33357.45,32924.45,33191.9,22549
1651608000,33200.9,33310.25,32982.25,33144.9,16173
1651622400,33136.9,33199.3,33136.4,33171.9,2484
1651636800,33174.3,33235.3,33131.9,33156.9,3993
1651651200,33156.9,33228.9,33110.9,33216.4,9045
1651665600,33215.9,33292.3,33181.4,33198.3,7644
1651680000,33197.3,33306.25,33032.45,33292.45,22481
1651694400,33293.45,34132.9,33063.65,34013.3,27963
1651708800,34034.9,34067.3,33994.3,34058.3,3338
1651723200,34057.9,34091.9,34012.9,34090.3,4744
1651737600,34090.9,34120.3,33871.9,33908.4,12186
1651752000,33907.9,33964.3,33874.9,33886.9,11461
1651766400,33890.9,33890.9,32831.45,33062.65,34158
1651780800,33059.65,33204.45,32694.45,33060.4,29999
1651795200,32993.3,33038.9,32895.9,32911.3,6390
1651809600,32909.9,33046.9,32881.4,33002.9,9387
1651824000,33002.9,33054.9,32795.9,32912.3,16078
1651838400,32911.9,33062.9,32815.3,32824.3,16866
1651852800,32825.3,33059.65,32478.9,32987.15,39228
1651867200,32987.15,33021.65,32577.65,32876.15,28041
1652054400,32687.4,32755.3,32504.9,32509.4,8408
1652068800,32510.9,32610.9,32433.4,32570.3,9426
1652083200,32570.3,32712.9,32429.3,32531.9,15783
1652097600,32531.4,32568.4,32329.4,32502.3,18163
1652112000,32504.3,32623.45,32252.65,32385.45,33726
1652126400,32382.45,32580.9,32128.65,32278.9,27581
1652140800,32315.3,32370.3,32075.4,32144.9,7462
1652155200,32144.9,32403.3,32113.3,32387.9,11904
1652169600,32387.9,32558.3,32372.9,32551.4,15057
1652184000,32552.4,32611.3,32397.4,32598.9,14392
1652198400,32596.3,32753.65,31902.25,31977.45,36292
1652212800,31976.9,32440.45,31957.9,32139.9,29780
1652227200,32132.9,32216.9,32103.4,32135.9,4686
1652241600,32138.9,32259.9,32110.3,32252.9,7676
1652256000,32253.3,32474.9,32182.9,32462.9,13091
1652270400,32465.9,32524.9,31931.7,31969.9,12742
1652284800,31965.9,32594.45,31953.9,32094.45,36604
1652299200,32094.45,32197.65,31804.65,31938.65,27317
1652313600,31892.9,31960.4,31756.9,31939.9,7937
1652328000,31939.9,31970.9,31800.9,31812.4,9887
1652342400,31812.4,31873.3,31612.9,31668.9,18877
1652356800,31668.9,31810.3,31544.9,31684.3,18075
1652371200,31683.3,31919.45,31468.45,31597.45,36924
1652385600,31594.45,31759.45,31230.45,31617.9,29233
1652400000,31657.9,31877.9,31646.4,31870.9,6382
1652414400,31870.9,32040.9,31857.9,31985.9,8955
1652428800,31985.9,32022.3,31863.3,31975.3,14391
1652443200,31976.3,32097.7,31912.9,32059.7,9944
1652457600,32059.7,32288.45,31918.25,32167.45,24782
1652472000,32167.45,32254.45,31867.45,32194.9,22464
1652659200,32262.9,32336.3,32214.9,32254.3,7210
1652673600,32253.9,32285.3,31959.9,32073.9,12794
1652688000,32073.9,32219.9,31974.9,32218.3,14744
1652702400,32218.3,32270.3,32114.9,32185.9,10947
1652716800,32186.3,32292.45,31943.25,32192.45,28650
1652731200,32191.45,32528.45,32162.45,32204.9,21586
1652745600,32230.9,32324.9,32209.3,32276.3,4374
1652760000,32275.9,32351.9,32264.3,32316.9,8025
1652774400,32316.9,32638.9,32306.9,32563.3,11100
1652788800,32563.3,32768.7,32555.4,32636.3,13778
1652803200,32638.3,32679.3,32319.45,32563.45,23017
1652817600,32563.45,32711.9,32361.45,32704.9,21073
1652832000,32701.9,32715.3,32642.3,32650.9,3966
1652846400,32650.9,32658.3,32538.9,32581.9,6915
1652860800,32581.4,32656.3,32515.9,32574.9,11085
1652875200,32573.9,32656.9,32364.3,32368.3,10640
1652889600,32366.9,32392.9,31785.9,31887.45,25318
1652904000,31886.9,31887.9,31365.9,31436.9,21575
1652918400,31435.9,31473.3,31318.9,31386.9,7625
1652932800,31390.9,31568.9,31325.4,31545.9,11454
1652947200,31544.9,31565.3,31080.9,31083.3,17570
1652961600,31083.3,31289.3,31005.4,31135.9,17313
1652976000,31133.9,31422.45,31020.9,31211.9,33578
1652990400,31213.45,31571.0,31132.9,31259.4,27819
1653004800,31286.3,31401.3,31257.3,31359.9,5047
1653019200,31359.9,31468.9,31350.9,31461.9,8539
1653033600,31458.9,31567.8,31348.9,31533.9,13169
1653048000,31533.3,31597.8,31439.9,31479.9,10452
1653062400,31480.9,31530.9,30765.45,30828.45,28174
1653076800,30826.45,31301.3,30640.45,31290.4,26770
1653264000,31421.9,31528.3,31382.4,31511.4,6919
1653278400,31510.9,31533.3,31382.3,31449.9,8695
1653292800,31449.9,31614.9,31354.9,31393.9,15256
1653307200,31396.9,31618.3,31350.9,31557.3,12055
1653321600,31559.3,31970.45,31477.9,31880.0,28487
1653336000,31882.0,31962.0,31754.45,31910.3,20081
1653350400,31732.9,31819.3,31722.9,31772.3,6771
1653364800,31771.3,31803.9,31701.3,31709.9,7233
1653379200,31707.9,31727.9,31541.3,31551.3,13194
1653393600,31551.3,31736.3,31548.3,31711.9,8750
1653408000,31714.3,31773.45,31364.9,31637.9,29023
1653422400,31634.9,32020.45,31534.45,31974.4,24698
1653436800,32003.9,32064.3,31922.9,31972.9,5363
1653451200,31972.3,32091.9,31968.9,32045.3,7718
1653465600,32043.9,32082.3,31875.3,31902.9,12866
1653480000,31902.3,31951.9,31731.9,31815.9,14227
1653494400,31813.3,32155.0,31761.3,31906.0,26275
1653508800,31901.0,32262.45,31751.45,32096.4,25353
1653523200,32134.4,32244.9,32093.9,32235.9,5529
1653537600,32235.3,32246.4,32070.9,32081.9,9516
1653552000,32080.3,32251.3,32045.9,32129.9,11580
1653566400,32129.3,32373.9,32102.9,32332.3,13201
1653580800,32331.3,32721.45,32258.9,32718.45,20645
1653595200,32717.45,32776.45,32583.3,32590.3,16571
1653609600,32588.9,32642.9,32531.9,32570.9,5062
1653624000,32570.9,32613.9,32557.9,32598.3,7022
1653638400,32597.3,32709.8,32553.4,32689.3,11004
1653652800,32688.9,32771.9,32607.9,32761.8,12172
1653667200,32764.3,33016.0,32678.9,32992.45,19331
1653681600,32993.45,33283.9,32944.45,33266.4,12573
1653868800,33218.9,33300.3,33213.4,33259.9,5536
1653883200,33258.9,33313.4,33234.4,33278.9,7344
1653897600,33279.9,33475.3,33262.9,33424.9,9627
1653912000,33424.3,33477.3,33300.7,33357.3,7738
1653926400,33356.8,33376.9,33244.45,33294.9,7212
1653955200,33269.4,33295.3,33157.9,33189.9,6881
1653969600,33188.9,33244.9,33119.9,33227.3,10119
1653984000,33228.3,33257.3,33033.3,33179.3,12904
1653998400,33179.3,33179.3,32928.3,32940.3,11773
1654012800,32941.3,33196.0,32760.9,33151.45,25864
1654027200,33149.45,33246.0,32920.9,33068.9,22313
1654041600,33085.3,33202.3,33057.3,33191.3,3060
1654056000,33191.3,33235.3,33117.3,33171.3,4925
1654070400,33171.3,33205.3,33054.3,33095.3,10158
1654084800,33097.3,33224.3,33048.9,33194.3,8026
1654099200,33194.3,33273.45,32585.45,32648.45,26969
1654113600,32648.45,32987.9,32633.45,32810.9,21012
1654128000,32805.3,32848.3,32708.3,32828.3,4267
1654142400,32829.3,32857.3,32785.3,32825.3,5586
1654156800,32825.3,32942.3,32753.3,32905.3,7314
1654171200,32903.3,32987.7,32864.9,32923.7,7912
1654185600,32923.7,33023.45,32515.9,33011.45,25424
1654200000,33012.45,33287.3,32964.45,33280.3,15523
1654214400,33276.3,33328.3,33239.3,33242.3,3468
1654228800,33242.3,33289.3,33239.3,33256.3,3326
1654243200,33255.3,33308.3,33154.3,33175.9,5665
1654257600,33175.9,33187.9,32987.9,33024.3,9069
1654272000,33021.3,33140.45,32852.45,33033.45,25993
1654286400,33033.45,33116.45,32839.45,32903.3,17618
1654473600,32961.3,32978.3,32894.3,32963.3,3912
1654488000,32964.3,33052.3,32940.3,33042.3,4672
1654502400,33041.3,33211.7,33021.3,33196.3,7008
1654516800,33196.8,33220.3,33127.3,33178.3,5604
1654531200,33179.3,33246.45,32875.45,32965.0,22402
1654545600,32964.0,33034.0,32817.9,32924.9,18241
1654560000,32928.3,32940.3,32808.4,32831.3,3360
1654574400,32830.3,32866.3,32732.3,32768.3,6289
1654588800,32768.3,32849.8,32680.3,32820.3,8845
1654603200,32819.3,32841.3,32634.8,32647.8,8943
1654617600,32646.3,33006.0,32619.3,32970.45,21690
1654632000,32971.45,33212.45,32953.45,33123.9,12815
1654646400,33140.3,33167.2,33089.3,33152.3,3264
1654660800,33152.3,33184.4,33060.3,33062.3,5097
1654675200,33062.3,33144.3,33007.9,33053.3,7905
1654689600,33052.3,33095.3,32990.3,33012.3,7563
1654704000,33012.3,33167.45,32896.9,32981.45,21369
1654718400,32980.45,32984.45,32823.45,32921.9,16498
1654732800,32908.3,32964.3,32868.3,32878.3,2807
1654747200,32877.3,32905.3,32823.3,32894.3,4622
1654761600,32894.3,33010.8,32827.3,33009.3,8535
1654776000,33008.8,33118.9,32806.7,32837.3,11596
1654790400,32836.3,32957.45,32675.45,32868.45,24428
1654804800,32871.45,32908.0,32270.3,32310.9,17042
1654819200,32333.4,32347.3,32262.4,32278.3,3499
1654833600,32277.3,32350.3,32253.4,32279.3,4955
1654848000,32279.3,32346.9,32191.3,32224.3,10743
1654862400,32223.3,32281.3,31795.9,31797.3,12471
1654876800,31797.3,31917.9,31430.45,31462.45,22843
1654891200,31463.45,31721.0,31380.9,31467.9,16594
1655078400,31276.4,31300.3,31122.3,31130.3,5062
1655092800,31130.3,31134.3,30980.4,31054.3,7891
1655107200,31054.3,31077.3,30748.9,30755.3,14941
1655121600,30752.3,30892.3,30746.3,30781.3,13631
1655136000,30781.3,30928.45,30497.9,30704.0,29711
1655150400,30706.0,30849.45,30385.0,30550.4,23534
1655164800,30592.3,30715.3,30552.9,30692.3,4541
1655179200,30694.3,30832.3,30603.3,30804.3,8416
1655193600,30805.3,30884.3,30651.7,30670.7,12766
1655208000,30669.7,30744.8,30542.3,30644.3,14481
1655222400,30639.3,30712.8,30268.9,30374.45,29511
1655236800,30372.45,30559.45,30159.45,30389.9,21232
1655251200,30430.3,30532.3,30407.3,30457.3,4346
1655265600,30457.3,30530.3,30400.3,30412.3,6702
1655280000,30412.3,30632.8,30367.3,30557.3,13743
1655294400,30557.3,30658.4,30464.4,30624.3,12574
1655308800,30623.3,30776.45,30473.45,30486.45,22195
1655323200,30487.45,31038.45,30197.45,30739.9,27173
1655337600,30746.3,30930.3,30738.3,30901.3,3984
1655352000,30901.3,30965.3,30738.3,30740.3,7403
1655366400,30741.3,30750.3,30123.4,30149.3,16545
1655380800,30150.3,30241.4,30059.3,30157.3,16410
1655395200,30161.3,30203.3,29825.45,30024.45,27270
1655409600,30027.45,30119.45,29763.4,29999.9,23214
1655424000,30051.3,30072.3,29930.3,30018.3,6194
1655438400,30018.3,30202.7,30000.3,30173.3,9990
1655452800,30174.3,30238.3,30023.3,30182.3,14237
1655467200,30180.3,30236.3,30032.8,30038.3,12260
1655481600,30032.3,30188.45,29672.45,29912.45,29986
1655496000,29911.45,30168.45,29888.45,29959.4,23492
1655683200,30025.4,30089.3,29925.3,29946.3,6577
1655697600,29946.3,30002.3,29779.3,29921.3,10618
1655712000,29922.3,30079.3,29885.3,30064.3,10475
1655726400,30064.3,30127.3,29989.3,30083.3,7214
1655740800,30082.3,30256.5,30023.3,30179.9,8745
1655769600,30161.9,30288.3,30151.3,30248.3,4361
1655784000,30248.3,30366.3,30200.3,30332.3,5473
1655798400,30332.3,30436.3,30237.3,30424.3,7786
1655812800,30425.3,30437.3,30276.4,30289.3,7005
1655827200,30288.3,30533.45,30283.8,30518.45,19543
1655841600,30519.45,30683.5,30477.45,30585.9,14202
1655856000,30523.3,30544.3,30435.3,30451.3,3954
1655870400,30451.3,30477.3,30263.3,30306.3,6932
1655884800,30306.3,30329.3,30045.4,30123.3,11808
1655899200,30123.3,30262.3,30096.3,30177.3,8957
1655913600,30177.3,30719.45,30104.4,30610.45,25577
1655928000,30611.45,30808.5,30487.45,30507.9,17949
1655942400,30522.3,30584.3,30354.3,30542.3,5194
1655956800,30542.3,30567.3,30353.3,30471.3,8923
1655971200,30472.3,30532.3,30289.3,30404.3,10820
1655985600,30404.3,30705.3,30399.3,30580.3,8615
1656000000,30578.3,30738.45,30306.45,30354.45,27411
1656014400,30354.45,30727.45,30318.45,30614.4,16844
1656028800,30620.9,30675.3,30579.3,30669.3,4023
1656043200,30669.3,30905.3,30647.3,30886.3,5798
1656057600,30886.3,30935.3,30816.3,30890.3,7814
1656072000,30890.3,30963.3,30870.3,30903.3,5814
1656086400,30903.3,31385.45,30897.3,31356.45,18664
1656100800,31356.45,31546.9,31323.45,31472.9,11611
1656288000,31506.3,31530.3,31381.3,31388.3,5346
1656302400,31388.3,31637.3,31387.3,31577.3,6702
1656316800,31577.3,31735.3,31493.9,31643.3,8776
1656331200,31645.3,31674.2,31529.3,31557.3,6164
1656345600,31559.3,31626.45,31412.45,31561.45,21068
1656360000,31561.45,31568.45,31374.4,31507.3,15392
1656374400,31472.3,31561.3,31467.3,31528.3,2750
1656388800,31526.3,31543.3,31355.3,31452.3,6516
1656403200,31452.3,31721.3,31450.3,31656.3,9629
1656417600,31655.3,31688.3,31545.3,31612.3,6454
1656432000,31613.3,31910.4,31209.45,31247.45,23272
1656446400,31244.45,31255.45,30949.3,30992.3,17219
1656460800,31006.3,31051.3,30959.3,30968.3,3579
1656475200,30968.3,31051.3,30963.3,31020.3,5713
1656489600,31020.3,31041.3,30911.3,31017.3,9534
1656504000,31017.3,31115.3,30910.3,31020.3,8191
1656518400,31020.3,31189.45,30923.45,30998.45,26289
1656532800,30997.45,31176.45,30941.45,31069.9,15946
1656547200,31060.3,31074.3,30974.3,31016.3,3034
1656561600,31016.3,31018.3,30929.2,30961.3,5783
1656576000,30961.3,30969.3,30658.3,30766.3,12217
1656590400,30767.3,30771.3,30624.3,30659.3,9298
1656604800,30660.3,31011.45,30451.4,30930.45,24355
1656619200,30932.45,31002.4,30627.5,30786.4,20932
1656633600,30746.3,30841.3,30694.3,30778.3,4903
1656648000,30777.3,30797.3,30499.3,30527.3,9208
1656662400,30528.3,30739.3,30471.3,30719.3,12347
1656676800,30720.3,30815.3,30633.3,30745.3,9747
1656691200,30749.3,30988.4,30503.45,30696.5,27629
1656705600,30693.5,31164.45,30682.45,31094.9,16605
1656892800,31068.9,31087.3,30926.3,30936.3,4688
1656907200,30935.3,30976.3,30860.3,30940.3,7785
1656921600,30942.3,31040.3,30901.4,30919.3,8243
1656936000,30918.8,31100.3,30901.3,31092.3,5615
1656950400,31092.3,31118.8,30973.45,31023.4,4967
1656979200,31048.3,31258.3,31045.3,31220.3,5041
1656993600,31219.3,31249.7,31154.3,31204.3,6364
1657008000,31204.3,31250.3,30924.4,30944.3,9725
1657022400,30946.3,31010.3,30700.3,30711.3,10681
1657036800,30711.3,30732.3,30379.4,30529.45,27264
1657051200,30531.45,30993.9,30522.45,30976.3,18037
1657065600,30995.3,31047.3,30895.3,31030.3,4492
1657080000,31030.3,31075.3,30874.3,30924.3,7832
1657094400,30924.3,31063.3,30778.9,30889.4,12264
1657108800,30889.4,31018.3,30853.3,30960.3,9427
1657123200,30959.3,31117.5,30816.45,30883.45,25180
1657137600,30880.45,31247.5,30862.45,31083.3,18699
1657152000,31093.3,31101.7,30999.3,31034.3,3440
1657166400,31034.3,31109.7,30937.3,31099.3,7596
1657180800,31099.3,31201.3,31086.3,31132.3,9010
1657195200,31123.3,31252.3,31088.8,31232.3,8841
1657209600,31232.3,31367.5,31166.4,31319.45,18788
1657224000,31320.45,31441.45,31246.45,31357.9,10953
1657238400,31371.3,31413.7,31339.9,31400.3,3090
1657252800,31399.3,31426.3,31296.3,31329.3,6934
1657267200,31329.3,31371.3,31268.3,31291.3,7604
1657281600,31292.3,31481.3,31234.3,31333.8,10562
1657296000,31338.3,31531.5,31230.5,31307.45,22828
1657310400,31308.45,31508.45,31269.45,31388.9,14164
1657497600,31323.3,31374.3,31296.3,31327.3,3823
1657512000,31326.3,31328.3,31167.3,31203.3,6124
1657526400,31203.3,31223.3,31087.3,31184.3,9095
1657540800,31182.3,31266.3,31140.8,31176.3,7058
1657555200,31175.3,31322.45,31133.4,31261.45,20649
1657569600,31261.45,31388.45,31130.45,31220.3,13086
1657584000,31203.3,31248.3,31053.9,31056.3,3176
1657598400,31056.3,31083.3,31006.3,31034.3,6475
1657612800,31033.3,31052.3,30927.3,31015.3,8993
1657627200,31015.3,31034.3,30906.3,31003.3,8557
1657641600,31001.3,31368.4,30983.7,31339.45,21672
1657656000,31339.45,31373.5,30876.45,31004.9,13585
1657670400,31024.3,31069.3,30991.3,31053.3,3888
1657684800,31054.3,31089.3,30995.3,31049.3,5579
1657699200,31048.3,31119.7,30973.3,31104.3,8939
1657713600,31104.3,31320.95,30585.2,30686.3,10541
1657728000,30682.3,30928.45,30522.4,30926.45,27242
1657742400,30927.45,31010.45,30741.4,30744.9,17911
1657756800,30743.3,30744.3,30608.3,30687.3,4230
1657771200,30688.3,30820.3,30679.3,30794.3,6102
1657785600,30794.3,30812.3,30453.3,30470.3,11109
1657800000,30469.3,30532.3,30286.5,30325.3,12526
1657814400,30324.3,30503.45,30143.9,30353.45,25679
1657828800,30355.45,30693.45,30296.45,30663.3,15795
1657843200,30674.3,30765.3,30646.3,30655.3,4215
1657857600,30655.3,30741.3,30641.3,30708.3,6340
1657872000,30710.3,30754.3,30535.3,30708.3,10455
1657886400,30708.3,31010.8,30677.3,30962.8,10801
1657900800,30961.3,31302.45,30933.4,31187.45,22673
1657915200,31187.45,31294.4,31171.45,31275.3,12002
1658102400,31317.3,31355.3,31272.3,31282.3,2976
1658116800,31282.3,31388.3,31281.3,31381.3,4676
1658131200,31382.3,31606.3,31363.3,31599.3,8417
1658145600,31598.3,31639.3,31522.3,31568.3,7959
1658160000,31567.8,31654.45,31356.45,31363.45,17602
1658174400,31363.45,31385.45,30992.45,31097.3,15220
1658188800,31088.3,31137.3,31066.3,31088.3,3279
1658203200,31088.3,31140.3,31078.3,31084.3,4400
1658217600,31084.3,31204.3,31074.3,31167.3,9274
1658232000,31167.3,31326.3,31162.3,31312.3,9418
1658246400,31312.8,31694.45,31282.45,31681.45,16403
1658260800,31681.45,31880.3,31628.45,31860.3,12162
1658275200,31835.3,31945.3,31824.3,31933.3,2839
1658289600,31933.3,32018.3,31908.3,31986.3,4208
1658304000,31985.3,31986.3,31832.3,31848.3,9089
1658318400,31846.8,31889.3,31711.3,31788.3,10072
1658332800,31787.3,31954.5,31656.45,31822.45,19236
1658347200,31822.45,31941.45,31679.45,31838.9,17209
1658361600,31832.3,31868.3,31796.3,31842.3,3123
1658376000,31841.3,31887.3,31754.2,31867.3,5166
1658390400,31867.3,31974.3,31747.3,31806.3,10409
1658404800,31807.3,31941.3,31737.4,31898.3,11007
1658419200,31899.3,31937.45,31533.45,31908.45,23411
1658433600,31908.45,32059.3,31781.45,32023.9,14578
1658448000,31986.3,32019.3,31951.3,32000.3,2894
1658462400,32000.3,32026.3,31959.3,31984.3,4465
1658476800,31984.3,32075.4,31954.3,32013.3,9075
1658491200,32014.3,32129.3,32005.3,32116.8,8007
1658505600,32116.3,32223.45,31910.45,31934.45,22710
1658520000,31935.45,31935.45,31736.0,31871.3,15192
1658707200,31862.3,31914.3,31827.3,31830.3,4483
1658721600,31828.3,31886.3,31807.3,31869.3,5981
1658736000,31867.3,31980.3,31819.3,31963.3,8691
1658750400,31963.3,32102.3,31960.3,32035.8,9083
1658764800,32036.3,32052.3,31870.45,31993.45,20564
1658779200,31993.45,32039.3,31829.45,31913.3,14166
1658793600,31856.3,31882.3,31816.9,31836.3,3140
1658808000,31836.3,31909.3,31832.3,31884.3,4622
1658822400,31884.3,31917.2,31853.3,31886.3,6932
1658836800,31886.3,31913.8,31812.3,31891.3,9326
1658851200,31891.3,31953.45,31768.45,31882.45,19299
1658865600,31882.45,31936.45,31704.4,31805.9,14965
1658880000,31826.3,31905.3,31825.3,31870.3,4525
1658894400,31869.3,31931.3,31834.3,31921.3,4396
1658908800,31922.3,31974.8,31895.3,31928.3,7298
1658923200,31928.3,31955.3,31881.3,31936.3,7376
1658937600,31936.3,31971.45,31863.45,31871.45,16639
1658952000,31871.45,32357.45,31811.45,32202.3,20427
1658966400,32197.3,32206.3,32145.3,32168.3,3296
1658980800,32168.3,32202.3,32154.3,32167.3,4726
1658995200,32167.3,32237.3,32151.3,32165.3,8077
1659009600,32165.3,32230.3,32089.3,32179.3,10197
1659024000,32179.3,32457.45,31986.4,32428.45,22410
1659038400,32428.45,32655.3,32405.45,32653.3,15664
1659052800,32566.3,32590.3,32514.3,32522.3,3635
1659067200,32521.3,32592.3,32514.3,32550.3,4868
1659081600,32550.3,32630.3,32524.3,32602.3,9141
1659096000,32602.3,32671.8,32528.3,32556.8,9720
1659110400,32556.3,32771.5,32506.45,32747.45,20613
1659124800,32746.45,32925.45,32692.45,32862.3,11509
1659312000,32820.3,32820.3,32720.3,32761.3,3924
1659326400,32762.3,32781.3,32720.3,32739.3,3962
1659340800,32739.3,32847.3,32712.3,32796.8,7768
1659355200,32796.8,32902.3,32726.8,32734.8,9627
1659369600,32733.8,32988.45,32656.4,32902.45,23137
1659384000,32902.45,32906.45,32706.45,32829.3,16493
1659398400,32802.3,32836.3,32724.3,32724.3,3713
1659412800,32723.3,32752.3,32674.3,32740.3,6029
1659427200,32739.3,32759.3,32627.3,32669.8,11175
1659441600,32670.3,32690.3,32586.3,32646.3,12064
1659456000,32647.3,32788.45,32426.45,32761.45,24192
1659470400,32758.45,32763.5,32403.45,32457.3,18767
1659484800,32480.3,32537.3,32397.3,32444.3,4363
1659499200,32444.3,32526.3,32438.3,32504.3,6157
1659513600,32503.3,32548.3,32461.3,32504.3,9571
1659528000,32504.3,32617.8,32500.3,32601.3,10229
1659542400,32601.3,32840.45,32525.0,32820.45,21533
1659556800,32820.45,32923.45,32797.3,32818.3,12349
1659571200,32796.3,32842.3,32782.3,32841.3,2542
1659585600,32842.3,32858.3,32792.3,32814.3,3805
1659600000,32814.3,32864.2,32788.8,32798.8,8338
1659614400,32799.3,32919.8,32783.8,32846.8,12258
1659628800,32846.3,32846.3,32655.45,32667.45,22244
1659643200,32667.45,32798.4,32661.45,32751.9,11786
1659657600,32744.3,32782.3,32727.3,32775.3,2299
1659672000,32774.3,32833.3,32774.3,32830.3,3294
1659686400,32830.3,32833.3,32744.8,32762.3,6929
1659700800,32762.3,32835.4,32486.8,32521.8,11655
1659715200,32516.8,32757.45,32498.3,32725.45,23485
1659729600,32725.45,32796.45,32669.45,32750.45,10641
1659916800,32757.0,32788.3,32720.65,32749.0,5087
1659931200,32749.0,32806.3,32713.6,32789.2,6772
1659945600,32789.2,32947.8,32786.7,32860.5,10332
1659960000,32861.0,32998.4,32842.1,32997.4,8897
1659974400,32997.9,33108.5,32768.7,32830.1,25806
1659988800,32829.6,32908.6,32766.9,32877.0,19614
1660003200,32874.4,32915.9,32853.6,32873.0,4050
1660017600,32874.0,32917.6,32835.5,32892.1,5992
1660032000,32891.6,32903.4,32823.4,32881.3,9228
1660046400,32882.0,32903.4,32765.4,32822.9,11060
1660060800,32823.5,32879.1,32708.9,32805.8,24652
1660075200,32807.3,32823.4,32700.9,32805.6,16389
1660089600,32798.4,32812.9,32751.3,32755.1,3564
1660104000,32754.6,32803.4,32754.6,32772.1,6158
1660118400,32771.1,32869.9,32715.9,32851.9,10056
1660132800,32852.9,33231.2,32821.4,33173.8,11518
1660147200,33173.8,33366.0,33163.9,33264.4,23622
1660161600,33265.4,33306.4,33177.5,33286.8,13668
1660176000,33308.3,33382.8,33285.5,33372.9,3396
1660190400,33371.9,33396.0,33360.0,33367.5,5456
1660204800,33366.5,33448.8,33338.3,33388.3,10513
1660219200,33389.3,33576.2,33371.9,33570.2,11388
1660233600,33570.7,33650.9,33432.4,33501.3,24752
1660248000,33502.3,33548.9,33285.3,33386.6,18849
1660262400,33377.2,33405.1,33324.5,33329.6,4487
1660276800,33329.1,33382.2,33325.2,33368.2,6463
1660291200,33366.7,33526.0,33364.7,33485.5,9371
1660305600,33484.5,33512.0,33411.1,33484.0,10149
1660320000,33483.5,33613.0,33388.3,33601.5,22179
1660334400,33601.5,33758.0,33595.6,33749.1,11542
1660521600,33715.8,33716.3,33662.2,33684.9,4246
1660536000,33684.9,33717.9,33662.0,33685.4,5739
1660550400,33686.4,33701.6,33598.8,33616.8,7943
1660564800,33617.3,33631.4,33515.8,33520.3,8720
1660579200,33521.3,33952.1,33519.4,33943.1,20022
1660593600,33944.1,33955.7,33873.7,33889.3,13020
1660608000,33880.3,33893.9,33849.5,33868.9,3414
1660622400,33869.9,33963.8,33837.5,33913.9,6121
1660636800,33914.9,33935.2,33850.7,33916.2,9679
1660651200,33915.7,33921.3,33821.2,33842.7,10190
1660665600,33842.8,34188.2,33833.3,34147.2,20902
1660680000,34149.2,34285.7,34054.5,34159.2,15759
1660694400,34130.0,34172.4,34107.6,34141.1,3926
1660708800,34140.6,34173.1,34120.5,34170.6,6440
1660723200,34170.6,34195.6,34045.8,34050.3,9982
1660737600,34049.0,34068.4,33887.6,33914.3,12787
1660752000,33913.3,34012.4,33824.4,33976.8,23414
1660766400,33976.5,34163.9,33944.3,33989.4,18675
1660780800,33973.1,33985.6,33904.0,33930.5,4290
1660795200,33929.0,33971.9,33925.4,33929.0,6566
1660809600,33930.0,33962.5,33862.3,33949.3,11554
1660824000,33948.8,34063.8,33942.3,34003.3,11703
1660838400,34006.3,34011.3,33833.9,33864.0,21666
1660852800,33863.5,34046.1,33850.6,34006.3,14872
1660867200,33996.7,34015.6,33947.8,33960.8,3431
1660881600,33961.8,33988.8,33934.5,33940.8,6592
1660896000,33941.8,33944.3,33768.1,33797.6,12005
1660910400,33798.1,33832.6,33696.6,33770.6,13148
1660924800,33771.1,33865.5,33679.6,33802.6,22078
1660939200,33803.6,33819.7,33626.7,33705.0,15607
1661126400,33623.5,33643.3,33524.4,33535.7,4923
1661140800,33535.7,33641.1,33532.7,33561.3,6961
1661155200,33561.8,33594.5,33368.6,33419.4,13318
1661169600,33420.4,33446.9,33355.9,33360.9,12284
1661184000,33360.9,33374.0,33173.6,33207.1,21046
1661198400,33206.7,33211.2,33007.1,33111.3,15292
1661212800,33091.8,33141.4,33076.6,33079.6,3749
1661227200,33080.6,33147.9,33072.6,33078.7,6903
1661241600,33077.7,33181.2,32909.3,33116.8,13729
1661256000,33116.8,33153.8,33017.2,33036.8,12637
1661270400,33038.7,33133.2,32854.8,32949.3,25610
1661284800,32949.3,32996.8,32874.4,32889.7,16805
1661299200,32907.9,32924.3,32865.0,32875.5,3717
1661313600,32875.0,32882.9,32782.6,32865.3,6968
1661328000,32865.3,32928.4,32760.4,32918.0,13219
1661342400,32917.5,32961.5,32859.5,32896.6,12391
1661356800,32896.1,33095.5,32826.3,32931.0,21126
1661371200,32930.5,33032.8,32891.7,32977.4,14206
1661385600,32979.9,33015.0,32932.8,33008.1,3180
1661400000,33008.0,33067.1,33000.1,33062.1,5015
1661414400,33063.6,33252.2,33044.0,33176.5,11821
1661428800,33176.5,33187.1,32985.3,33011.4,12988
1661443200,33010.4,33135.2,32886.4,32993.2,22372
1661457600,32992.7,33307.5,32970.7,33245.7,14713
1661472000,33248.7,33281.3,33227.7,33275.8,3644
1661486400,33274.8,33296.0,33252.2,33255.5,4919
1661500800,33256.5,33292.8,33197.8,33224.2,10304
1661515200,33224.9,33348.2,33173.8,33343.2,12320
1661529600,33343.1,33463.5,32610.7,32679.9,29872
1661544000,32676.4,32694.0,32388.4,32406.8,13920
1661731200,32063.5,32103.1,31971.0,31990.5,8314
1661745600,31990.5,32106.8,31953.6,32072.7,8881
1661760000,32073.2,32170.3,32006.4,32006.4,12987
1661774400,32009.4,32094.8,31980.0,32039.5,11549
1661788800,32040.0,32297.8,31964.8,32246.9,28693
1661803200,32248.0,32324.9,32089.9,32139.8,20597
1661817600,32148.1,32187.6,32068.5,32118.1,4168
1661832000,32117.1,32212.2,32077.1,32192.1,8075
1661846400,32192.1,32369.0,32145.8,32309.9,12313
1661860800,32310.5,32357.7,32192.2,32192.2,10425
1661875200,32193.2,32210.2,31683.7,31799.0,30652
1661889600,31799.0,31878.2,31638.7,31810.0,20563
1661904000,31758.4,31866.4,31742.0,31855.3,4453
1661918400,31855.3,31985.4,31838.1,31955.3,6929
1661932800,31955.3,31980.5,31741.6,31772.6,13907
1661947200,31772.0,31859.6,31674.5,31844.6,16029
1661961600,31843.5,31960.6,31667.1,31710.7,29778
1661976000,31708.7,31763.7,31493.5,31551.4,20758
1661990400,31564.3,31566.8,31350.4,31391.5,6762
1662004800,31392.0,31433.4,31364.4,31427.9,8177
1662019200,31427.4,31452.0,31302.8,31326.1,14705
1662033600,31326.1,31455.0,31308.2,31334.0,13290
1662048000,31332.0,31469.7,31219.7,31337.3,29128
1662062400,31336.8,31671.3,31316.4,31654.0,23005
1662076800,31674.5,31688.1,31608.7,31627.0,4952
1662091200,31625.0,31654.5,31572.7,31650.0,7485
1662105600,31650.0,31691.1,31554.7,31679.3,12397
1662120000,31679.3,31875.1,31603.0,31849.6,13238
1662134400,31849.6,32031.2,31635.1,31681.1,26833
1662148800,31676.1,31676.1,31183.6,31382.9,23007
1662336000,31370.7,31419.4,31276.8,31347.9,6951
1662350400,31345.9,31405.5,31339.4,31389.9,9717
1662364800,31389.9,31468.6,31330.7,31409.5,13639
1662379200,31410.5,31459.4,31343.3,31395.8,11431
1662393600,31397.4,31445.0,31372.5,31432.9,9380
1662422400,31429.8,31550.3,31413.3,31533.3,5474
1662436800,31534.3,31546.3,31410.6,31415.1,7840
1662451200,31415.6,31574.0,31389.1,31492.7,12588
1662465600,31492.7,31592.0,31419.1,31495.1,12514
1662480000,31495.6,31518.1,31042.9,31239.6,31118
1662494400,31239.1,31245.9,31050.0,31148.8,24436
1662508800,31154.4,31168.5,30973.8,31013.8,5227
1662523200,31012.3,31065.1,30979.8,31049.3,8522
1662537600,31050.3,31223.4,31029.4,31211.1,13174
1662552000,31211.7,31217.1,31057.5,31106.6,12320
1662566400,31104.6,31460.8,31081.4,31422.4,27216
1662580800,31422.5,31646.5,31394.6,31579.2,20076
1662595200,31596.0,31607.4,31544.9,31581.3,3736
1662609600,31581.8,31614.2,31556.5,31599.5,5866
1662624000,31599.0,31675.7,31507.6,31577.9,11213
1662638400,31577.4,31662.1,31477.1,31479.6,12437
1662652800,31477.6,31787.4,31299.6,31590.8,30442
1662667200,31591.8,31810.0,31539.2,31802.1,23039
1662681600,31781.9,31849.8,31760.5,31832.7,3249
1662696000,31833.2,31889.4,31787.6,31880.5,5642
1662710400,31880.0,32012.8,31795.3,32001.8,9549
1662724800,32001.8,32036.3,31947.4,31966.1,8706
1662739200,31966.2,32164.9,31879.7,32107.3,22343
1662753600,32109.3,32224.8,32067.4,32141.5,12647
1662940800,32268.9,32273.9,32183.4,32191.8,2835
1662955200,32192.3,32213.8,32137.7,32153.8,4110
1662969600,32154.3,32340.6,32145.7,32337.6,8407
1662984000,32337.6,32350.7,32178.0,32231.6,8039
1662998400,32231.7,32499.2,32209.7,32368.8,20957
1663012800,32368.8,32426.1,32299.1,32422.9,15076
1663027200,32429.8,32431.4,32385.7,32403.7,2508
1663041600,32402.7,32424.0,32365.6,32392.6,3821
1663056000,32392.1,32527.4,32382.5,32512.3,7242
1663070400,32513.4,32687.0,31833.3,31834.8,9761
1663084800,31834.8,31892.2,31451.9,31496.9,26651
1663099200,31492.4,31587.1,31016.8,31137.1,19227
1663113600,31118.3,31177.4,31073.3,31110.2,4921
1663128000,31110.2,31197.7,31110.2,31160.5,6343
1663142400,31163.0,31270.9,31070.8,31251.4,12995
1663156800,31250.4,31261.1,31024.3,31144.9,13661
1663171200,31143.9,31272.3,30958.9,31198.1,29900
1663185600,31199.6,31225.6,30876.4,31196.7,22658
1663200000,31162.2,31202.0,31132.9,31165.7,3801
1663214400,31165.2,31208.6,31117.3,31150.9,5564
1663228800,31151.4,31228.7,31119.7,31176.5,7953
1663243200,31177.5,31214.8,31053.0,31161.5,10016
1663257600,31161.5,31270.5,30942.1,31062.6,29847
1663272000,31064.6,31275.1,30869.7,30891.8,23027
1663286400,30782.2,30843.2,30761.7,30812.7,4732
1663300800,30813.2,30828.3,30773.3,30791.3,5030
1663315200,30791.3,30813.9,30685.1,30705.6,10038
1663329600,30706.1,30788.1,30548.4,30561.4,9937
1663344000,30560.9,30809.5,30542.5,30643.2,28523
1663358400,30643.2,30865.4,30578.6,30851.7,20721
1663545600,30873.5,30893.1,30809.5,30868.8,4287
1663560000,30869.3,30887.4,30725.4,30783.0,5932
1663574400,30784.0,30796.6,30569.6,30573.0,9726
1663588800,30574.0,30621.2,30486.7,30592.6,10491
1663603200,30593.6,30949.5,30533.7,30860.2,29627
1663617600,30859.7,31079.4,30732.0,31052.9,20641
1663632000,31049.4,31137.8,31041.0,31068.3,4115
1663646400,31067.8,31083.1,31029.7,31074.6,5524
1663660800,31074.1,31152.6,30944.3,30990.8,10520
1663675200,30990.8,30995.4,30792.7,30820.8,12707
1663689600,30818.8,30837.6,30545.2,30679.7,28511
1663704000,30678.7,30801.2,30465.7,30739.4,21391
1663718400,30721.3,30759.0,30684.2,30738.7,4214
1663732800,30737.7,30760.5,30688.7,30740.6,5638
1663747200,30742.1,30782.9,30574.1,30729.9,14546
1663761600,30728.4,30880.1,30709.3,30851.7,10106
1663776000,30851.2,30943.9,30791.1,30805.4,23457
1663790400,30805.4,31020.8,30110.6,30149.6,27247
1663804800,30175.4,30175.4,29991.9,30004.9,6599
1663819200,30004.9,30108.7,29958.4,30085.5,9779
1663833600,30085.0,30404.6,30027.6,30326.2,16031
1663848000,30324.7,30333.6,30117.6,30278.6,17917
1663862400,30276.6,30280.6,29985.6,30128.0,30424
1663876800,30125.9,30299.8,30040.8,30112.1,21465
1663891200,30111.5,30163.5,30087.0,30128.6,4421
1663905600,30130.1,30139.1,29970.0,29989.1,7699
1663920000,29989.1,30084.6,29904.7,29907.2,14191
1663934400,29906.7,29917.2,29634.0,29668.0,17826
1663948800,29666.0,29802.0,29346.8,29483.3,30059
1663963200,29484.3,29632.1,29240.8,29618.5,24723
1664150400,29475.2,29660.2,29429.9,29439.9,7682
1664164800,29439.4,29560.4,29401.9,29419.9,10860
1664179200,29419.9,29670.1,29368.5,29552.1,17385
1664193600,29554.1,29572.5,29311.5,29539.1,18026
1664208000,29538.1,29636.7,29254.4,29379.4,31743
1664222400,29378.9,29473.8,29162.3,29277.1,25966
1664236800,29265.9,29475.7,29248.0,29458.8,6153
1664251200,29458.3,29494.2,29400.9,29456.6,8832
1664265600,29458.1,29659.4,29421.0,29526.0,14040
1664280000,29526.0,29633.4,29414.5,29526.4,15428
1664294400,29524.4,29659.9,29012.4,29107.5,31511
1664308800,29103.5,29239.0,28951.5,29162.2,26051
1664323200,29189.1,29227.1,29137.1,29150.6,6157
1664337600,29149.1,29188.6,28880.6,28992.2,13631
1664352000,28990.2,29104.2,28884.7,28995.3,19237
1664366400,28995.8,29340.8,28820.8,29260.8,25448
1664380800,29262.8,29630.9,29110.2,29591.9,29293
1664395200,29593.9,29816.9,29539.9,29672.6,18688
1664409600,29701.5,29719.8,29629.5,29668.5,5510
1664424000,29668.5,29715.1,29592.5,29697.3,7574
1664438400,29698.8,29707.1,29280.2,29363.7,16679
1664452800,29363.6,29565.0,29300.6,29376.6,17925
1664467200,29378.0,29488.1,29038.0,29173.6,32110
1664481600,29173.1,29278.9,28979.0,29232.8,24642
1664496000,29238.7,29327.0,29184.3,29235.3,6878
1664510400,29235.8,29282.8,29089.8,29148.4,11678
1664524800,29147.9,29494.0,29142.9,29481.0,17691
1664539200,29482.5,29485.4,29128.5,29253.0,20409
1664553600,29251.0,29357.9,29000.4,29114.2,32211
1664568000,29112.7,29144.1,28713.5,28764.3,24134
1664755200,28724.2,28878.7,28586.2,28620.2,8867
1664769600,28621.7,28834.2,28621.2,28767.8,10730
1664784000,28766.8,28918.8,28721.2,28802.4,17618
1664798400,28802.3,29089.4,28722.3,29056.9,16282
1664812800,29057.3,29432.4,28952.8,29343.0,28248
1664827200,29343.0,29646.9,29330.8,29509.1,19746
1664841600,29524.1,29656.1,29443.6,29624.2,6374
1664856000,29623.7,29752.1,29544.8,29717.5,8096
1664870400,29718.0,29873.9,29695.3,29851.9,15063
1664884800,29852.4,29968.3,29772.3,29875.8,15950
1664899200,29874.3,30314.4,29822.8,30206.7,26994
1664913600,30206.2,30347.2,30062.2,30286.0,22717
1664928000,30255.9,30267.3,30170.8,30193.9,4930
1664942400,30193.9,30238.5,30132.3,30159.2,8365
1664956800,30157.7,30203.7,30016.6,30083.5,12305
1664971200,30082.5,30103.5,29988.9,30011.0,13756
1664985600,30010.5,30237.5,29876.9,30177.2,28684
1665000000,30177.2,30456.8,30168.1,30274.1,21172
1665014400,30253.8,30424.4,30247.1,30388.1,5344
1665028800,30387.6,30422.0,30324.6,30392.9,8682
1665043200,30393.9,30415.2,30142.8,30162.9,14853
1665057600,30162.4,30259.8,30043.8,30195.3,14550
1665072000,30191.8,30319.3,29976.8,30102.7,29509
1665086400,30103.7,30135.0,29855.4,29917.2,22358
1665100800,29910.7,29936.7,29861.8,29905.3,5141
1665115200,29905.8,29978.2,29869.1,29875.0,6333
1665129600,29874.0,29945.6,29780.4,29941.6,13230
1665144000,29940.6,30057.9,29592.4,29687.9,14039
1665158400,29686.4,29744.8,29327.0,29355.5,30935
1665172800,29354.5,29395.9,29139.9,29286.7,22227
1665360000,29178.9,29220.4,29070.9,29186.9,8418
1665374400,29186.9,29250.4,29160.9,29226.1,8091
1665388800,29226.1,29277.9,29118.0,29163.0,19895
1665403200,29164.5,29418.4,29163.4,29415.9,19569
1665417600,29415.4,29489.9,29049.2,29056.7,46681
1665432000,29055.7,29355.9,29010.6,29231.2,33624
1665446400,29217.1,29276.3,29161.4,29246.4,8079
1665460800,29244.9,29281.4,29024.9,29045.1,17080
1665475200,29045.1,29130.1,28901.6,28969.7,26810
1665489600,28969.7,29262.7,28919.1,29170.1,26002
1665504000,29169.1,29612.1,29067.6,29560.2,48897
1665518400,29561.2,29582.6,29092.1,29260.4,39826
1665532800,29261.8,29338.8,29201.8,29313.3,7477
1665547200,29313.3,29394.3,29207.3,29352.1,14149
1665561600,29352.6,29480.5,29254.5,29349.1,27263
1665576000,29348.6,29461.0,29219.0,29255.0,25716
1665590400,29254.9,29454.5,29133.5,29358.7,49852
1665604800,29358.7,29421.5,29208.5,29252.8,35476
1665619200,29284.3,29320.9,29252.2,29312.0,5733
1665633600,29314.0,29322.0,29226.1,29239.9,10792
1665648000,29240.4,29346.7,29166.0,29337.7,18030
1665662400,29335.2,29601.5,28677.5,28761.5,26338
1665676800,28762.0,29933.5,28627.5,29853.1,61360
1665691200,29855.6,30169.5,29836.0,30047.8,39322
1665705600,30057.3,30086.1,29986.6,30049.6,9217
1665720000,30047.6,30287.1,30033.6,30218.0,16568
1665734400,30216.0,30274.7,29939.8,29954.3,26823
1665748800,29955.3,30432.7,29901.2,30368.2,31155
1665763200,30367.7,30427.1,29684.8,29751.0,58106
1665777600,29751.0,29817.8,29613.0,29665.3,38553
1665964800,29706.1,29828.4,29698.6,29781.9,10592
1665979200,29782.4,29826.6,29749.9,29803.7,16080
1665993600,29802.7,29961.6,29800.6,29892.6,24475
1666008000,29892.1,30031.5,29871.5,30007.2,21273
1666022400,30007.7,30321.1,29997.1,30171.6,47282
1666036800,30171.6,30288.7,30126.5,30275.3,31228
1666051200,30329.8,30425.0,30320.1,30400.9,8565
1666065600,30400.9,30727.3,30342.6,30645.3,16658
1666080000,30644.8,30692.4,30464.0,30467.0,24159
1666094400,30466.0,30838.5,30408.0,30824.0,26874
1666108800,30823.5,30837.9,30295.0,30473.1,48957
1666123200,30474.1,30690.8,30350.4,30686.8,40403
1666137600,30644.3,30761.3,30608.3,30726.3,10070
1666152000,30726.3,30781.3,30672.3,30687.6,15781
1666166400,30688.6,30703.6,30439.0,30497.0,25932
1666180800,30492.5,30644.9,30334.0,30393.5,28483
1666195200,30393.4,30662.5,30312.3,30339.8,48344
1666209600,30339.8,30522.0,30223.1,30512.5,37463
1666224000,30464.0,30495.7,30339.5,30376.5,9557
1666238400,30375.5,30498.5,30292.0,30452.0,20035
1666252800,30451.5,30586.5,30322.7,30367.7,30208
1666267200,30368.2,30646.1,30366.1,30404.2,29159
1666281600,30408.2,30827.4,30401.1,30484.7,47372
1666296000,30484.2,30485.5,30258.5,30371.8,36154
1666310400,30359.3,30360.3,30224.7,30296.3,9610
1666324800,30300.8,30368.5,30259.3,30295.5,16180
1666339200,30295.0,30381.0,30176.1,30188.7,24010
1666353600,30189.2,30253.1,30068.5,30169.5,27398
1666368000,30169.4,30923.2,30166.9,30888.2,61113
1666382400,30888.2,31142.9,30832.1,31138.4,29531
1666569600,31346.8,31424.3,31183.8,31202.3,16983
1666584000,31202.3,31227.3,31063.0,31183.9,22940
1666598400,31182.4,31197.9,30883.5,30974.0,31528
1666612800,30973.5,31406.0,30920.4,31341.0,31728
1666627200,31342.5,31570.5,31157.9,31419.7,52920
1666641600,31419.7,31600.2,31353.1,31477.3,30349
1666656000,31468.8,31565.6,31466.4,31527.3,10335
1666670400,31526.3,31549.5,31404.8,31522.9,23501
1666684800,31523.9,31563.6,31429.6,31440.6,25484
1666699200,31440.5,31441.0,31309.0,31375.1,21932
1666713600,31373.0,31809.8,31372.5,31723.6,35612
1666728000,31724.3,31878.5,31681.6,31837.8,30380
1666742400,31763.4,31822.4,31713.5,31727.1,11343
1666756800,31726.1,31799.2,31709.0,31763.5,16949
1666771200,31763.5,31874.7,31729.3,31866.3,24594
1666785600,31865.8,31874.1,31719.6,31754.6,26169
1666800000,31754.6,32174.7,31731.6,31970.5,45894
1666814400,31970.5,32004.8,31778.5,31949.3,37134
1666828800,31908.4,32032.1,31899.9,31978.2,9310
1666843200,31977.7,32031.0,31936.8,32023.4,16469
1666857600,32023.9,32050.6,31914.4,31982.5,24136
1666872000,31982.5,32203.4,31912.5,32169.4,27428
1666886400,32169.4,32383.4,32063.4,32186.5,53822
1666900800,32190.0,32278.8,31840.9,32035.9,38508
1666915200,31997.0,32060.5,31963.0,32020.1,11904
1666929600,32021.6,32133.0,32020.0,32036.8,19384
1666944000,32037.3,32037.3,31854.2,31966.0,26460
1666958400,31968.0,32256.0,31921.2,32084.0,26679
1666972800,32083.5,32758.0,32064.5,32737.5,45377
1666987200,32739.5,32959.7,32734.1,32950.6,25372
1667174400,32836.3,32883.3,32799.9,32814.8,10197
1667188800,32815.3,32873.1,32795.3,32843.8,16938
1667203200,32843.8,32875.4,32681.6,32712.0,18231
1667217600,32712.0,32801.5,32672.5,32692.1,17520
1667232000,32692.1,32879.5,32584.3,32729.2,44542
1667246400,32730.6,32836.1,32681.5,32750.7,30894
1667260800,32733.4,32807.7,32726.2,32790.5,7982
1667275200,32789.5,32881.8,32786.8,32847.8,14915
1667289600,32846.8,32962.1,32835.1,32921.3,20451
1667304000,32921.8,32997.1,32891.8,32970.3,19649
1667318400,32969.3,32982.6,32482.6,32625.0,49925
1667332800,32625.0,32729.9,32580.5,32613.0,29744
1667347200,32630.7,32707.2,32616.9,32696.5,8338
1667361600,32697.0,32737.4,32666.2,32727.7,14758
1667376000,32728.2,32754.5,32652.1,32724.2,16247
1667390400,32724.2,32740.1,32543.8,32586.9,20237
1667404800,32586.9,32641.8,32493.8,32586.8,36543
1667419200,32587.8,33075.6,32097.5,32176.8,43616
1667433600,32127.5,32139.0,32060.0,32127.8,9564
1667448000,32127.3,32237.5,32119.2,32207.8,14579
1667462400,32207.8,32251.3,32084.5,32131.0,21639
1667476800,32128.4,32165.4,31887.5,31891.0,26079
1667491200,31891.5,32177.6,31713.9,32139.7,49942
1667505600,32139.7,32178.5,31974.3,32018.1,30427
1667520000,31964.3,31986.0,31911.8,31961.4,8244
1667534400,31962.4,32052.2,31921.7,32043.0,14720
1667548800,32043.0,32134.7,32019.8,32117.8,22975
1667563200,32118.8,32304.3,31859.3,32292.8,27609
1667577600,32293.8,32610.8,31932.2,32025.8,57035
1667592000,32025.8,32461.7,31925.7,32360.1,39301
1667779200,32203.6,32358.6,32176.6,32331.1,14691
1667793600,32331.6,32424.1,32319.9,32367.7,16603
1667808000,32365.2,32539.9,32251.8,32486.6,23755
1667822400,32486.1,32619.9,32465.9,32507.8,20511
1667836800,32507.8,32666.4,32409.9,32631.9,45165
1667851200,32631.9,32892.0,32629.1,32790.6,26911
1667865600,32806.0,32928.6,32799.5,32881.7,9752
1667880000,32882.2,32882.7,32802.5,32820.9,10565
1667894400,32819.9,32894.3,32756.7,32894.3,17588
1667908800,32893.8,32955.3,32848.3,32926.3,16768
1667923200,32923.3,33360.1,32869.6,33315.5,36268
1667937600,33316.0,33353.6,32826.3,33138.2,39224
1667952000,33103.4,33197.6,33085.7,33141.1,13062
1667966400,33140.6,33169.7,33051.6,33093.4,17738
1667980800,33095.9,33184.3,32977.4,33002.4,22294
1667995200,33001.9,33093.3,32935.3,32959.3,22763
1668009600,32959.3,33053.3,32789.2,32846.2,47825
1668024000,32847.7,32854.2,32474.2,32531.4,34419
1668038400,32517.7,32590.8,32508.0,32564.3,9648
1668052800,32562.8,32595.3,32522.7,32570.3,12527
1668067200,32569.8,32621.5,32512.4,32595.6,17382
1668081600,32595.6,33432.4,32524.6,33307.9,23806
1668096000,33305.9,33530.4,33165.9,33297.2,50508
1668110400,33302.2,33775.4,33296.3,33766.9,32808
1668124800,33744.3,33800.9,33700.8,33707.3,12320
1668139200,33706.8,33888.8,33703.8,33882.8,14593
1668153600,33881.8,33970.5,33835.2,33871.6,22905
1668168000,33873.6,33901.0,33805.7,33875.7,19343
1668182400,33875.2,33885.6,33398.0,33541.7,48015
1668196800,33540.7,33819.9,33539.8,33751.6,32857
1668384000,33681.8,33718.8,33650.9,33673.9,11226
1668398400,33674.9,33698.1,33645.1,33649.6,11010
1668412800,33650.1,33732.6,33611.1,33620.0,14709
1668427200,33619.5,33731.2,33604.5,33680.5,12177
1668441600,33680.0,33892.6,33625.7,33853.1,39744
1668456000,33854.6,33963.6,33533.0,33584.8,29059
1668470400,33605.7,33643.3,33580.9,33627.8,8490
1668484800,33628.3,33686.4,33618.7,33663.3,10875
1668499200,33662.8,33744.5,33659.8,33683.0,17489
1668513600,33682.5,34010.3,33612.6,33926.9,20507
1668528000,33926.4,33983.3,33638.7,33671.2,47061
1668542400,33675.7,33698.3,33312.3,33540.1,44877
1668556800,33485.7,33554.4,33443.2,33499.2,12068
1668571200,33499.2,33641.3,33489.2,33629.3,14744
1668585600,33628.3,33706.0,33600.5,33647.6,17790
1668600000,33648.1,33698.0,33459.4,33522.9,19330
1668614400,33524.9,33685.7,33500.9,33622.2,44408
1668628800,33621.7,33647.3,33519.8,33593.4,31212
1668643200,33604.7,33633.5,33562.2,33578.7,6641
1668657600,33578.7,33601.6,33538.1,33578.6,8448
1668672000,33577.1,33687.3,33460.0,33473.4,16880
1668686400,33474.4,33516.6,33156.4,33162.9,23173
1668700800,33163.3,33602.3,33145.3,33579.9,39978
1668715200,33579.4,33619.0,33382.0,33548.1,30115
1668729600,33534.5,33556.3,33491.8,33522.8,7637
1668744000,33522.3,33542.9,33465.9,33486.0,9967
1668758400,33490.0,33671.8,33436.3,33600.9,16911
1668772800,33601.4,33797.2,33583.4,33782.8,16737
1668787200,33782.3,33821.2,33533.9,33597.3,41278
1668801600,33596.8,33811.6,33551.9,33732.1,28863
1668988800,33764.2,33766.7,33627.9,33645.7,7486
1669003200,33646.2,33678.9,33620.6,33678.9,9397
1669017600,33679.9,33688.3,33602.1,33641.3,15384
1669032000,33643.4,33739.3,33633.4,33731.8,13532
1669046400,33731.3,33865.6,33552.9,33669.0,40337
1669060800,33668.5,33807.1,33666.2,33711.2,27746
1669075200,33719.2,33769.1,33687.9,33738.4,7055
1669089600,33737.4,33754.4,33683.4,33689.8,7586
1669104000,33689.3,33791.5,33627.0,33780.6,16011
1669118400,33780.6,33857.6,33697.9,33851.2,13476
1669132800,33853.2,34014.3,33830.9,33965.7,33600
1669147200,33966.2,34112.7,33957.3,34100.4,20681
1669161600,34105.6,34137.3,34100.2,34109.1,5327
1669176000,34108.1,34124.7,34092.7,34118.7,5547
1669190400,34118.2,34170.4,34083.3,34157.4,10118
1669204800,34155.4,34156.6,34027.7,34055.9,12496
1669219200,34055.4,34242.2,34002.4,34035.9,35075
1669233600,34035.4,34263.5,34017.9,34241.3,28492
1669248000,34241.2,34265.1,34219.1,34253.1,5378
1669262400,34253.1,34261.6,34230.6,34233.6,4944
1669276800,34231.6,34279.9,34211.9,34258.8,9387
1669291200,34258.8,34288.9,34217.9,34246.9,8604
1669305600,34247.4,34281.9,34225.9,34255.8,8239
1669334400,34247.5,34260.6,34212.1,34237.1,3598
1669348800,34236.6,34246.1,34217.6,34227.6,4287
1669363200,34227.6,34268.4,34205.8,34216.8,9684
1669377600,34216.8,34285.4,34200.9,34219.4,10867
1669392000,34219.9,34384.2,34192.4,34352.2,25354
1669593600,34281.2,34308.4,34164.1,34171.2,6912
1669608000,34171.7,34193.2,34132.2,34169.3,6300
1669622400,34169.3,34276.1,34107.9,34120.9,13105
1669636800,34120.9,34187.1,34105.1,34138.0,13142
1669651200,34138.0,34301.3,33975.8,33992.4,34559
1669665600,33989.9,34016.5,33798.5,33857.7,21024
1669680000,33844.8,33869.4,33830.1,33867.4,5868
1669694400,33866.4,33933.4,33857.4,33918.4,6139
1669708800,33917.9,33971.2,33828.7,33855.7,14441
1669723200,33855.3,33910.8,33769.2,33810.6,14173
1669737600,33810.6,33932.2,33655.1,33801.7,38048
1669752000,33799.3,33919.1,33756.2,33859.0,25612
1669766400,33811.0,33844.6,33768.0,33828.9,6034
1669780800,33827.9,33862.5,33819.0,33828.8,6274
1669795200,33829.8,33920.3,33824.3,33847.2,12927
1669809600,33847.2,33899.0,33771.2,33771.2,14673
1669824000,33771.2,33896.2,33574.9,33641.9,36652
1669838400,33640.9,34597.7,33635.0,34556.6,39660
1669852800,34571.6,34584.0,34533.1,34540.9,7703
1669867200,34540.4,34590.7,34523.0,34573.0,8031
1669881600,34574.5,34583.0,34460.0,34494.4,15023
1669896000,34494.4,34662.2,34477.0,34589.3,15718
1669910400,34587.4,34637.0,34117.6,34372.0,46121
1669924800,34371.0,34460.5,34278.0,34379.7,29747
1669939200,34356.6,34371.2,34276.0,34285.5,5538
1669953600,34286.0,34352.7,34278.6,34348.7,6369
1669968000,34349.2,34377.0,34314.1,34375.0,11639
1669982400,34374.1,34392.1,33890.3,34001.8,16934
1669996800,34001.8,34366.4,33903.8,34262.0,44240
1670011200,34263.0,34486.2,34236.3,34347.5,25853
1670198400,34374.0,34413.8,34351.6,34388.6,7174
1670212800,34388.1,34406.8,34376.8,34399.8,4947
1670227200,34399.3,34407.3,34254.1,34313.1,12658
1670241600,34312.1,34332.2,34169.0,34180.1,13242
1670256000,34179.1,34276.8,33992.2,34000.2,38355
1670270400,34000.7,34045.3,33849.2,33968.8,27629
1670284800,33976.9,34037.1,33962.0,34012.8,5326
1670299200,34012.3,34044.8,33959.3,33985.8,7218
1670313600,33984.8,34030.6,33913.5,33956.5,12357
1670328000,33955.5,34002.2,33867.0,33917.1,13641
1670342400,33919.6,34007.4,33596.5,33622.0,42818
1670356800,33622.0,33636.1,33417.6,33600.2,30890
1670371200,33604.2,33675.1,33598.3,33664.0,5308
1670385600,33664.0,33672.7,33632.2,33634.2,6258
1670400000,33636.7,33660.5,33539.4,33556.4,18586
1670414400,33556.6,33590.2,33431.3,33560.3,15414
1670428800,33564.3,33775.5,33495.4,33634.3,46569
1670443200,33633.8,33694.4,33506.4,33588.0,26812
1670457600,33585.2,33603.2,33445.6,33509.9,6555
1670472000,33510.4,33590.2,33504.4,33582.0,6673
1670486400,33581.5,33669.5,33567.9,33597.9,14125
1670500800,33598.4,33786.2,33561.4,33724.3,18444
1670515200,33724.8,33893.0,33679.7,33759.0,39798
1670529600,33758.5,33866.1,33638.1,33765.7,28943
1670544000,33785.6,33791.7,33739.6,33790.7,4937
1670558400,33791.7,33840.2,33782.7,33820.2,5660
1670572800,33821.2,33865.0,33780.0,33791.4,12735
1670587200,33793.4,33930.0,33523.1,33709.7,18798
1670601600,33710.2,33845.4,33628.7,33748.9,40325
1670616000,33747.9,33748.0,33448.5,33466.6,22844
1670803200,33461.3,33477.3,33412.1,33424.3,6648
1670817600,33423.8,33474.4,33406.6,33463.4,5013
1670832000,33463.9,33513.2,33423.2,33508.2,11650
1670846400,33508.2,33568.9,33504.3,33549.8,10111
1670860800,33534.1,33805.8,33528.4,33781.8,29776
1670875200,33781.3,33996.8,33739.8,33951.0,21887
1670889600,33965.7,33996.3,33957.4,33962.4,4325
1670904000,33960.4,34048.0,33958.4,34039.8,5576
1670918400,34038.8,34100.9,33985.4,34055.4,12709
1670932800,34055.9,34919.55,34029.5,34762.3,19204
1670947200,34759.8,34837.3,33882.2,33943.3,49965
1670961600,33945.8,34192.4,33933.1,34117.1,31461
1670976000,34122.7,34192.8,34083.2,34188.3,5611
1670990400,34188.8,34246.7,34159.6,34211.8,4953
1671004800,34209.3,34230.8,34091.0,34126.5,12644
1671019200,34127.0,34178.6,34052.6,34129.2,12775
1671033600,34127.2,34366.0,34096.3,34278.5,34317
1671048000,34278.1,34397.4,33684.8,34033.9,38927
1671062400,33993.9,34072.0,33988.7,34003.7,5459
1671076800,34003.7,34019.7,33952.6,34010.9,5946
1671091200,34011.9,34026.8,33651.0,33705.2,15915
1671105600,33703.2,33758.9,33555.0,33622.5,17189
1671120000,33621.5,33663.9,33067.8,33087.3,44526
1671134400,33089.8,33294.3,33009.4,33166.5,34049
1671148800,33187.8,33220.8,33168.5,33212.4,5595
1671163200,33211.9,33256.8,33143.5,33206.6,5954
1671177600,33207.1,33258.6,32843.5,32901.3,16134
1671192000,32901.3,32932.4,32773.6,32841.1,17942
1671206400,32844.1,33045.5,32652.1,32659.2,45215
1671220800,32659.2,32996.6,32649.3,32840.9,32769
1671408000,32886.0,32966.8,32884.5,32944.0,7801
1671422400,32943.5,32957.0,32883.7,32921.5,6592
1671436800,32920.9,33057.9,32918.9,32981.3,12799
1671451200,32981.3,33046.4,32884.9,32887.9,11416
1671465600,32888.4,33046.2,32799.2,32844.7,39794
1671480000,32846.2,32861.8,32576.2,32710.5,30179
1671494400,32759.3,32830.8,32749.1,32825.4,5636
1671508800,32826.9,32830.4,32474.0,32540.4,20700
1671523200,32539.4,32795.5,32521.3,32779.7,20785
1671537600,32778.7,32834.7,32706.7,32745.7,16884
1671552000,32745.7,32945.1,32643.6,32894.6,45299
1671566400,32895.1,32997.7,32804.8,32892.8,31727
1671580800,32957.3,33082.3,32935.6,33063.9,8186
1671595200,33063.4,33077.1,32981.4,33024.4,8016
1671609600,33026.4,33114.7,32945.6,33105.7,13435
1671624000,33105.2,33221.1,33045.2,33194.7,13013
1671638400,33194.2,33436.8,33115.2,33361.5,37587
1671652800,33362.0,33437.6,33277.9,33417.6,28425
1671667200,33419.1,33444.3,33378.9,33441.1,7081
1671681600,33441.1,33464.4,33429.1,33440.1,5823
1671696000,33440.6,33459.0,33364.9,33367.9,9449
1671710400,33367.9,33368.0,33140.3,33158.8,13695
1671724800,33158.8,33177.9,32691.3,32718.3,42485
1671739200,32717.8,33091.1,32572.4,33005.9,37358
1671753600,33009.8,33069.2,32959.1,33066.2,7826
1671768000,33066.2,33106.5,33047.3,33064.4,7677
1671782400,33064.4,33099.6,33029.7,33088.6,12325
1671796800,33090.1,33217.4,32941.4,33060.5,15677
1671811200,33058.4,33227.7,32813.1,33156.1,48357
1671825600,33156.6,33234.2,33076.7,33175.7,28895
1672099200,33282.5,33393.8,33268.0,33387.9,7202
1672113600,33386.9,33399.1,33345.1,33355.1,4420
1672128000,33355.1,33415.4,33326.9,33409.4,8522
1672142400,33411.0,33433.0,33242.4,33246.4,10325
1672156800,33245.4,33394.4,33061.8,33311.4,41153
1672171200,33312.4,33349.0,33176.9,33253.5,27288
1672185600,33255.4,33285.0,33219.2,33283.1,6787
1672200000,33283.1,33295.3,33242.9,33266.4,6019
1672214400,33267.4,33366.8,33249.7,33293.7,9711
1672228800,33293.8,33359.8,33267.2,33282.7,9698
1672243200,33282.8,33389.5,32918.9,33053.4,42401
1672257600,33053.9,33144.1,32853.0,32883.2,31993
1672272000,32904.0,32910.5,32841.3,32852.2,6255
1672286400,32851.7,32877.2,32832.2,32854.2,5538
1672300800,32857.2,32951.5,32838.2,32939.5,8917
1672315200,32938.5,33078.5,32908.6,33043.5,9641
1672329600,33043.0,33295.2,33009.9,33267.7,34488
1672344000,33267.7,33296.3,33190.4,33190.4,25705
1672358400,33189.8,33201.2,33159.1,33173.3,4218
1672372800,33172.3,33209.3,33154.7,33165.2,4850
1672387200,33165.7,33167.2,33070.0,33107.5,10880
1672401600,33108.5,33154.6,33047.1,33070.6,10494
1672416000,33070.6,33109.8,32908.4,33032.3,35433
1672430400,33036.3,33173.6,32837.9,33161.7,28591
1672704000,33307.6,33351.6,33019.1,33091.7,11710
1672718400,33091.7,33238.6,33073.7,33219.6,11151
1672732800,33218.6,33491.0,33169.1,33483.0,19900
1672747200,33483.1,33486.1,33215.8,33285.1,18719
1672761600,33286.1,33388.8,32843.6,32910.6,46294
1672776000,32910.6,33146.6,32855.6,33109.3,34433
1672790400,33096.8,33173.9,33088.7,33162.3,6036
1672804800,33162.3,33181.0,33119.0,33165.3,6317
1672819200,33164.3,33258.1,33128.2,33219.7,12225
1672833600,33220.2,33289.3,33170.2,33259.8,14378
1672848000,33259.3,33414.6,33027.5,33288.1,42676
1672862400,33288.6,33376.4,33057.4,33216.3,35803
1672876800,33220.2,33252.7,33202.5,33226.5,5575
1672891200,33227.0,33247.2,33135.5,33231.1,6960
1672905600,33231.1,33242.4,33119.8,33232.0,13205
1672920000,33233.1,33310.9,33059.7,33089.3,16070
1672934400,33088.8,33098.9,32803.1,32888.4,42936
1672948800,32889.0,33085.3,32849.5,32951.8,32437
1672963200,32953.8,33031.8,32935.6,33029.3,4337
1672977600,33029.3,33069.3,33010.8,33020.8,5230
1672992000,33021.8,33052.2,32911.1,32946.6,11759
1673006400,32947.1,33311.9,32890.55,33293.4,17473
1673020800,33290.3,33566.6,32989.9,33457.1,48348
1673035200,33457.1,33720.7,33435.1,33613.4,27692
1673222400,33660.8,33705.1,33635.0,33667.6,6099
1673236800,33668.1,33720.8,33661.1,33701.8,4709
1673251200,33700.8,33715.6,33613.5,33694.0,11685
1673265600,33694.5,33764.5,33685.6,33718.6,10886
1673280000,33718.1,33933.2,33677.5,33808.9,37385
1673294400,33809.4,33818.0,33487.9,33516.1,31396
1673308800,33511.9,33524.0,33448.7,33507.1,5775
1673323200,33507.6,33508.6,33405.6,33471.9,6966
1673337600,33473.4,33507.1,33392.3,33461.2,11685
1673352000,33460.7,33474.8,33342.2,33410.3,12080
1673366400,33405.8,33663.0,33390.5,33554.2,44280
1673380800,33555.2,33726.4,33539.3,33700.1,27816
1673395200,33692.7,33750.1,33687.1,33732.6,4054
1673409600,33733.1,33762.1,33708.1,33739.6,4184
1673424000,33740.1,33781.9,33684.9,33764.9,9770
1673438400,33764.9,33821.4,33710.9,33816.4,10747
1673452800,33816.0,33866.8,33703.5,33821.3,34000
1673467200,33822.8,33979.6,33810.6,33975.6,23081
1673481600,33969.4,33974.1,33931.1,33961.1,4002
1673496000,33960.6,33998.1,33948.1,33983.1,3654
1673510400,33983.1,33988.6,33928.4,33965.8,8262
1673524800,33965.5,34170.2,33700.1,34142.7,16337
1673539200,34144.7,34297.0,33771.2,34257.9,50136
1673553600,34258.4,34289.0,34084.7,34182.6,32885
1673568000,34170.9,34231.3,34154.3,34167.2,5903
1673582400,34167.2,34167.2,34112.3,34128.3,5437
1673596800,34129.8,34221.6,34109.2,34209.1,10295
1673611200,34209.7,34234.1,33883.4,33923.5,16138
1673625600,33924.5,34277.1,33880.7,34210.9,40593
1673640000,34212.9,34347.4,34149.0,34307.2,25085
1673827200,34307.2,34374.3,34275.3,34367.2,5487
1673841600,34365.7,34372.3,34318.8,34324.3,4071
1673856000,34325.3,34327.3,34189.6,34197.5,8077
1673870400,34197.5,34304.5,34197.5,34298.0,5705
1673884800,34298.1,34326.9,34254.4,34266.9,7079
1673913600,34289.6,34313.2,34260.8,34265.1,6564
1673928000,34262.1,34284.5,34224.7,34238.2,6570
1673942400,34237.7,34260.6,34197.5,34223.5,10540
1673956800,34222.5,34257.1,34152.5,34164.5,12949
1673971200,34167.5,34265.0,33881.0,33923.0,38489
1673985600,33922.5,34018.0,33858.9,33886.2,24030
1674000000,33858.6,33876.7,33804.4,33832.8,5142
1674014400,33832.8,34013.3,33816.9,33916.9,11332
1674028800,33915.9,33969.2,33872.7,33894.1,11633
1674043200,33893.6,34015.4,33883.9,33954.9,12089
1674057600,33955.0,34007.0,33460.3,33477.8,42447
1674072000,33479.8,33510.9,33259.8,33265.2,26370
1674086400,33260.1,33275.0,33212.1,33216.1,6140
1674100800,33215.6,33260.6,33199.6,33205.1,5761
1674115200,33205.1,33244.0,33114.4,33125.4,11090
1674129600,33126.4,33157.0,32959.2,33035.3,14472
1674144000,33034.4,33170.7,32977.6,33066.2,42570
1674158400,33066.2,33227.7,33032.6,33059.3,30637
1674172800,33085.3,33096.2,33042.7,33087.1,4755
1674187200,33086.6,33093.2,33063.7,33090.2,4583
1674201600,33089.2,33151.0,33019.1,33028.0,9839
1674216000,33028.0,33082.0,32983.0,33005.0,11673
1674230400,33004.0,33242.3,32933.3,33134.0,37146
1674244800,33134.5,33382.9,33065.5,33359.7,26569
1674432000,33360.3,33380.1,33328.0,33360.9,4048
1674446400,33359.9,33388.9,33352.4,33371.9,3183
1674460800,33371.4,33440.2,33355.7,33394.6,8801
1674475200,33394.8,33481.7,33346.7,33467.6,9883
1674489600,33468.1,33780.1,33309.9,33675.1,37674
1674504000,33672.6,33788.7,33479.4,33638.3,29894
1674518400,33634.4,33649.4,33606.2,33640.4,3390
1674532800,33640.4,33666.8,33627.9,33644.4,3336
1674547200,33643.4,33648.4,33572.5,33585.6,8660
1674561600,33585.8,33594.7,33457.5,33479.6,9957
1674576000,33479.1,33690.3,33380.3,33648.1,39992
1674590400,33645.1,33810.9,33610.2,33754.8,28269
1674604800,33742.7,33744.7,33616.4,33634.0,7035
1674619200,33633.0,33678.9,33631.0,33646.0,4685
1674633600,33646.5,33697.1,33552.2,33552.7,8861
1674648000,33551.8,33582.8,33438.6,33453.7,13212
1674662400,33452.2,33571.8,33268.4,33542.9,41459
1674676800,33544.4,33778.7,33534.0,33727.4,29150
1674691200,33712.6,33779.7,33707.5,33743.2,4579
1674705600,33743.7,33774.7,33733.7,33772.8,3965
1674720000,33772.3,33826.4,33704.4,33708.4,9575
1674734400,33708.4,33841.2,33706.5,33822.4,12457
1674748800,33822.4,33910.2,33627.8,33788.4,43796
1674763200,33789.4,33970.5,33751.5,33928.5,26897
1674777600,33901.9,33931.3,33889.6,33909.7,3024
1674792000,33911.2,33945.3,33908.3,33935.3,2457
1674806400,33934.8,33942.8,33871.7,33917.1,6755
1674820800,33917.1,33980.7,33907.6,33926.5,9179
1674835200,33927.1,34123.2,33830.8,34066.1,38848
1674849600,34065.2,34168.1,33938.6,33958.2,25123
1675036800,33936.1,33961.7,33911.5,33915.6,4577
1675051200,33916.6,33933.7,33861.6,33870.5,3804
1675065600,33870.5,33883.7,33734.9,33773.9,10528
1675080000,33774.0,33830.9,33703.9,33819.9,10587
1675094400,33820.0,34054.9,33806.9,33858.9,39983
1675108800,33858.9,33934.0,33693.7,33720.1,29199
1675123200,33741.0,33771.2,33713.8,33743.1,3703
1675137600,33742.6,33758.7,33675.1,33677.1,4404
1675152000,33678.1,33777.4,33598.8,33618.4,9842
1675166400,33618.0,33818.3,33510.7,33787.8,14039
1675180800,33788.3,33897.1,33660.7,33868.5,36891
1675195200,33869.5,34094.5,33857.0,34043.4,22296
1675209600,34046.4,34063.6,33994.7,34007.0,3059
1675224000,34006.5,34033.8,33996.0,34015.5,2991
1675238400,34015.0,34029.3,33937.7,33949.3,7058
1675252800,33953.3,33987.0,33891.6,33900.1,9666
1675267200,33901.2,33969.1,33689.7,33720.1,36114
1675281600,33719.6,34346.9,33566.4,34046.7,40199
1675296000,34078.0,34095.0,34013.0,34038.0,5386
1675310400,34038.5,34055.9,33985.3,34034.9,3901
1675324800,34034.9,34133.3,34005.8,34056.3,10194
1675339200,34056.3,34149.2,33925.3,34125.2,14191
1675353600,34124.7,34152.1,33807.7,33986.9,44573
1675368000,33986.9,34102.5,33820.2,33990.6,39297
1675382400,33979.0,34065.2,33962.2,34050.5,5344
1675396800,34051.0,34077.6,34021.4,34049.3,4417
1675411200,34050.3,34066.0,33940.9,33940.9,9985
1675425600,33940.9,34003.9,33781.2,33855.2,15090
1675440000,33852.7,34183.9,33807.7,34004.2,46863
1675454400,34003.2,34008.3,33807.8,33913.4,35987
1675641600,33828.4,33892.1,33817.4,33856.2,6592
1675656000,33856.2,33866.2,33806.0,33829.8,5029
1675670400,33830.3,33838.9,33687.1,33695.6,11383
1675684800,33695.1,33774.1,33638.2,33734.6,11717
1675699200,33731.6,33883.3,33671.6,33852.4,40276
1675713600,33851.4,33968.7,33797.5,33861.9,28716
1675728000,33879.6,33957.0,33877.4,33950.9,3571
1675742400,33951.4,33952.9,33889.1,33909.1,3633
1675756800,33909.1,33927.1,33798.6,33907.2,10363
1675771200,33906.2,33919.4,33768.3,33790.9,10125
1675785600,33791.4,34179.0,33688.1,34117.0,38200
1675800000,34119.0,34249.6,33630.1,34107.0,42384
1675814400,34131.1,34145.9,34104.8,34129.0,3938
1675828800,34129.5,34177.8,34127.5,34171.7,3509
1675843200,34171.7,34177.5,34047.2,34118.2,10129
1675857600,34119.3,34122.7,34015.2,34057.1,10768
1675872000,34055.1,34155.2,33909.7,34047.4,39930
1675886400,34049.0,34114.5,33895.4,34022.1,30727
1675900800,33984.4,34037.1,33954.8,34025.3,3533
1675915200,34024.8,34074.7,33991.8,34057.1,4268
1675929600,34054.1,34212.5,34041.0,34211.5,10145
1675944000,34210.5,34223.6,34134.6,34188.4,10188
1675958400,34189.9,34245.9,33849.3,33895.4,40139
1675972800,33896.4,33912.8,33603.8,33726.6,31921
1675987200,33713.4,33725.9,33664.6,33713.0,4772
1676001600,33713.5,33715.9,33642.8,33677.7,5107
1676016000,33677.7,33754.2,33651.1,33656.1,13745
1676030400,33655.6,33680.1,33515.1,33595.2,14553
1676044800,33595.3,33823.3,33583.5,33807.2,43762
1676059200,33807.2,33895.5,33758.3,33871.9,27834
1676246400,33837.4,33843.5,33731.9,33766.0,5626
1676260800,33766.0,33806.9,33745.2,33778.5,4787
1676275200,33779.0,33881.3,33778.3,33842.2,8834
1676289600,33842.7,33929.3,33807.3,33844.8,8424
1676304000,33844.8,34210.4,33840.8,34179.4,31647
1676318400,34179.4,34264.0,34121.5,34242.6,22789
1676332800,34236.6,34237.6,34189.8,34202.1,3077
1676347200,34201.1,34212.1,34186.0,34203.1,3083
1676361600,34203.1,34286.1,34174.3,34253.3,8166
1676376000,34254.3,34510.6,34131.1,34237.2,15611
1676390400,34239.7,34335.1,33819.6,34016.2,52629
1676404800,34016.2,34202.1,34009.0,34071.5,33503
1676419200,34026.6,34048.2,33993.5,33995.0,3576
1676433600,33994.5,33997.5,33943.2,33964.2,4221
1676448000,33964.7,34022.4,33908.7,34006.4,10605
1676462400,34005.4,34056.3,33879.2,33945.3,12743
1676476800,33944.3,34042.2,33827.3,33933.7,42059
1676491200,33935.7,34146.8,33916.8,34122.4,24280
1676505600,34088.7,34150.2,34083.7,34137.3,4021
1676520000,34137.3,34157.3,34112.8,34123.3,2944
1676534400,34123.8,34173.6,34095.3,34102.1,8747
1676548800,34102.2,34134.7,33817.4,33849.5,12125
1676563200,33846.5,34034.9,33688.9,33995.9,42099
1676577600,33995.4,34052.0,33673.8,33708.1,30185
1676592000,33625.2,33676.3,33619.8,33644.8,4632
1676606400,33645.3,33653.0,33584.0,33597.0,4492
1676620800,33597.0,33619.4,33470.2,33567.2,12273
1676635200,33567.7,33590.7,33494.8,33582.7,14537
1676649600,33582.2,33802.4,33502.1,33626.4,41967
1676664000,33625.4,33848.7,33607.7,33832.1,28380
1676851200,33777.7,33814.3,33760.8,33807.3,3362
1676865600,33807.3,33831.8,33800.4,33817.3,3309
1676880000,33817.8,33831.6,33745.0,33754.5,6994
1676894400,33754.0,33789.6,33728.1,33786.6,6219
1676908800,33787.6,33787.7,33694.6,33736.5,7004
1676937600,33744.9,33749.5,33674.6,33706.8,3473
1676952000,33707.3,33710.9,33679.9,33707.4,3034
1676966400,33707.9,33717.1,33572.5,33673.1,13252
1676980800,33672.6,33694.0,33473.7,33478.3,13969
1676995200,33478.3,33586.0,33236.9,33291.8,37158
1677009600,33291.8,33299.4,33113.7,33147.2,24510
1677024000,33163.1,33203.3,33144.1,33184.5,3763
1677038400,33183.5,33196.1,33168.1,33176.6,2807
1677052800,33175.6,33191.2,33086.7,33141.9,12023
1677067200,33141.4,33230.8,33067.7,33187.8,12736
1677081600,33186.8,33244.5,33055.6,33204.9,37041
1677096000,33204.9,33245.5,32949.3,33066.4,32499
1677110400,33064.1,33128.4,33052.8,33125.5,3500
1677124800,33126.0,33142.0,33114.0,33129.1,3124
1677139200,33129.1,33176.3,33095.2,33129.5,9294
1677153600,33130.5,33162.4,33072.2,33106.3,11824
1677168000,33106.3,33264.6,32796.9,32882.9,39255
1677182400,32882.4,33207.2,32852.8,33115.8,25436
1677196800,33128.9,33172.2,33096.4,33124.3,4720
1677211200,33123.8,33149.1,33107.2,33124.2,3516
1677225600,33124.2,33138.3,33082.1,33090.5,8488
1677240000,33090.0,33105.6,32767.9,32785.4,14517
1677254400,32783.4,32863.4,32631.4,32711.2,41535
1677268800,32711.2,32907.6,32677.3,32787.1,27319
1677456000,32792.1,32862.6,32782.3,32851.8,4704
1677470400,32851.3,32866.5,32782.7,32789.0,4771
1677484800,32789.5,32954.4,32778.8,32936.5,10736
1677499200,32936.6,33068.8,32925.4,33048.4,10131
1677513600,33048.9,33192.4,32849.5,32941.8,35160
1677528000,32942.3,33017.4,32813.2,32915.1,22494
1677542400,32926.4,32939.7,32905.1,32924.1,3328
1677556800,32925.1,32938.8,32877.5,32880.3,3867
1677571200,32881.3,32908.8,32766.4,32847.6,11832
1677585600,32849.1,32991.6,32847.5,32950.6,11785
1677600000,32951.6,32954.6,32668.7,32795.9,36622
1677614400,32795.4,32815.2,32585.4,32639.2,22981
1677628800,32624.2,32628.9,32531.8,32622.5,5333
1677643200,32622.5,32680.5,32612.0,32667.7,4979
1677657600,32668.2,32744.0,32661.6,32694.2,13280
1677672000,32695.2,32737.7,32548.0,32565.0,12225
1677686400,32565.5,32750.4,32495.3,32691.9,39284
1677700800,32692.5,32819.1,32549.4,32818.1,25657
1677715200,32797.8,32856.3,32642.8,32691.8,6470
1677729600,32691.8,32751.8,32670.5,32684.0,5716
1677744000,32684.0,32715.6,32604.5,32662.8,12793
1677758400,32662.3,32766.5,32619.5,32722.5,14593
1677772800,32721.4,32841.9,32644.5,32795.1,36172
1677787200,32795.1,33085.0,32749.1,32999.2,27859
1677801600,32985.2,32998.0,32938.5,32947.0,4592
1677816000,32946.5,32984.0,32941.1,32970.1,4659
1677830400,32969.6,33029.4,32930.9,33011.6,9759
1677844800,33011.6,33124.1,33010.9,33118.8,9574
1677859200,33118.8,33286.8,32995.7,33283.8,34622
1677873600,33284.8,33407.3,33264.9,33403.3,19569
1678060800,33348.2,33388.2,33335.3,33380.4,4635
1678075200,33379.9,33449.2,33367.5,33406.8,5116
1678089600,33405.8,33425.9,33358.1,33376.6,10054
1678104000,33376.6,33463.1,33339.4,33419.6,10659
1678118400,33420.1,33576.4,33386.9,33476.8,31431
1678132800,33476.3,33481.9,33385.1,33443.5,23078
1678147200,33437.0,33491.0,33436.8,33489.9,3498
1678161600,33489.9,33498.4,33463.9,33469.3,4320
1678176000,33469.3,33496.2,33439.0,33454.2,8985
1678190400,33454.7,33473.8,33421.8,33445.7,8639
1678204800,33445.2,33455.7,33013.1,33032.1,45050
1678219200,33032.6,33035.0,32834.2,32870.3,25615
1678233600,32866.6,32881.8,32832.2,32856.0,4362
1678248000,32856.5,32876.6,32825.9,32850.5,5136
1678262400,32851.0,32898.6,32841.5,32884.5,10514
1678276800,32884.5,32920.6,32788.3,32870.6,11289
1678291200,32869.5,32905.0,32638.6,32698.2,40702
1678305600,32698.7,32827.5,32610.2,32817.3,24499
1678320000,32807.2,32809.9,32726.2,32737.4,4904
1678334400,32736.9,32780.8,32733.8,32771.3,3913
1678348800,32771.3,32785.8,32715.5,32723.6,9009
1678363200,32723.7,32862.9,32713.5,32854.9,12024
1678377600,32854.4,32982.0,32701.4,32710.5,35641
1678392000,32711.0,32737.4,32180.6,32259.6,32649
1678406400,32169.0,32216.0,32123.0,32136.0,6052
1678420800,32136.5,32147.2,31989.6,32015.4,9501
1678435200,32016.3,32133.2,31979.5,32067.2,16669
1678449600,32065.7,32333.2,32049.2,32244.2,19021
1678464000,32244.2,32420.8,32029.8,32039.8,49637
1678478400,32040.8,32095.8,31780.8,31922.7,34311
1678665600,31953.4,32339.9,31839.9,32208.6,13606
1678680000,32208.1,32352.1,32136.1,32297.1,8950
1678694400,32297.6,32341.7,31987.3,31994.3,14485
1678708800,31993.8,32070.2,31520.3,31705.3,32560
1678723200,31708.8,32236.9,31584.3,31929.1,57674
1678737600,31928.6,32131.6,31799.1,31891.4,40560
1678752000,31893.9,31934.4,31833.8,31885.9,5717
1678766400,31886.4,31974.6,31874.4,31945.0,7761
1678780800,31944.0,31967.4,31785.6,31951.7,17164
1678795200,31951.2,32119.1,31830.1,32085.1,21958
1678809600,32083.6,32281.8,32000.6,32103.1,38884
1678824000,32101.6,32169.1,31795.1,32141.4,33293
1678838400,32133.4,32138.4,32087.9,32095.3,4915
1678852800,32094.3,32188.3,32090.3,32149.5,6538
1678867200,32149.5,32183.0,32049.6,32060.1,14023
1678881600,32060.1,32074.0,31447.5,31522.5,35440
1678896000,31522.5,31747.5,31424.9,31456.9,55090
1678910400,31454.9,31915.5,31438.8,31853.1,43205
1678924800,31847.8,31996.8,31813.8,31992.3,7972
1678939200,31992.3,32017.3,31923.3,31987.5,11727
1678953600,31986.5,31989.4,31839.0,31852.0,18329
1678968000,31852.0,31868.9,31693.4,31747.0,23853
1678982400,31743.0,32222.8,31564.3,32197.8,53753
1678996800,32199.8,32280.8,32098.7,32262.6,33185
1679011200,32226.1,32256.1,32185.2,32192.2,4330
1679025600,32192.7,32260.2,32189.3,32246.1,5694
1679040000,32246.6,32339.4,32197.6,32261.4,12457
1679054400,32262.4,32311.3,31910.2,31944.7,19372
1679068800,31944.7,32106.6,31741.3,31898.4,52949
1679083200,31898.4,31978.7,31719.8,31830.6,36530
1679270400,31922.4,32079.5,31888.9,32063.5,9040
1679284800,32062.5,32062.5,31786.0,31803.1,9840
1679299200,31803.6,31830.0,31428.7,31659.3,25652
1679313600,31662.3,32004.2,31638.7,31961.2,27304
1679328000,31960.2,32267.6,31919.7,32215.7,45567
1679342400,32222.2,32286.6,32102.1,32252.4,29292
1679356800,32241.9,32329.2,32216.4,32275.2,4600
1679371200,32275.7,32311.2,32241.2,32245.5,5692
1679385600,32245.0,32349.0,32232.7,32337.0,11165
1679400000,32338.0,32550.0,32324.9,32537.7,13107
1679414400,32537.6,32596.0,32367.5,32407.5,38087
1679428800,32407.5,32606.4,32341.2,32561.9,21939
1679443200,32548.4,32553.5,32515.4,32527.6,3414
1679457600,32528.6,32559.5,32511.5,32553.0,4783
1679472000,32553.5,32564.4,32444.1,32498.3,8309
1679486400,32500.3,32619.1,32484.2,32573.3,8836
1679500800,32570.3,32612.7,32454.8,32460.8,29142
1679515200,32461.8,32767.2,32006.1,32095.9,42867
1679529600,32103.4,32114.9,32050.9,32094.9,4959
1679544000,32096.4,32195.4,32092.9,32187.8,6268
1679558400,32187.8,32228.3,32163.8,32188.2,10063
1679572800,32188.7,32197.1,32004.4,32085.4,12814
1679587200,32084.4,32504.0,32030.3,32315.0,39014
1679601600,32316.5,32336.4,31839.5,32200.4,43139
1679616000,32171.3,32183.4,32111.1,32126.4,4078
1679630400,32126.4,32148.5,32057.6,32132.4,6348
1679644800,32131.4,32255.9,31945.9,32021.4,11770
1679659200,32021.4,32052.3,31736.3,31889.8,26421
1679673600,31888.8,32151.2,31782.8,32111.6,49496
1679688000,32112.6,32269.8,32055.5,32267.8,31663
1679875200,32307.3,32435.8,32306.3,32357.3,6222
1679889600,32357.3,32401.3,32320.3,32377.9,6348
1679904000,32377.4,32443.7,32220.3,32327.9,14247
1679918400,32327.9,32482.8,32307.2,32453.3,11837
1679932800,32454.8,32540.2,32340.7,32455.7,33002
1679947200,32455.7,32570.3,32412.6,32486.9,25328
1679961600,32477.2,32488.2,32449.5,32470.6,2986
1679976000,32471.1,32488.1,32447.1,32480.0,5123
1679990400,32480.0,32582.5,32460.9,32466.0,9679
1680004800,32463.5,32480.1,32374.9,32384.6,8844
1680019200,32384.1,32545.0,32369.3,32446.9,32768
1680033600,32451.9,32456.0,32287.5,32412.6,22424
1680048000,32422.3,32485.7,32421.8,32479.2,2791
1680062400,32479.7,32520.0,32477.8,32516.0,4497
1680076800,32516.0,32633.2,32508.0,32619.4,10181
1680091200,32619.9,32659.3,32594.4,32624.3,6707
1680105600,32623.3,32679.9,32535.7,32618.2,27472
1680120000,32618.7,32728.5,32574.3,32707.3,20194
1680134400,32701.3,32715.7,32667.7,32686.1,3000
1680148800,32684.6,32719.3,32669.4,32705.3,4663
1680163200,32705.8,32864.6,32702.5,32853.6,10066
1680177600,32853.1,32929.4,32832.6,32908.5,8398
1680192000,32908.0,32924.6,32683.8,32705.5,28660
1680206400,32706.5,32884.4,32696.0,32869.9,19735
1680220800,32844.9,32935.8,32838.3,32925.1,3422
1680235200,32925.1,32937.3,32902.4,32914.2,5030
1680249600,32914.2,32914.7,32818.0,32858.4,9517
1680264000,32859.4,33008.2,32852.0,32988.4,9738
1680278400,32988.9,33179.2,32952.7,33130.6,25468
1680292800,33131.6,33356.8,33073.7,33348.3,18651
1680480000,33285.7,33322.2,33252.2,33311.5,5346
1680494400,33311.5,33321.5,33261.4,33284.8,5296
1680508800,33284.3,33398.9,33256.7,33364.1,8729
1680523200,33364.1,33413.6,33350.0,33395.5,7650
1680537600,33395.5,33636.7,33357.1,33497.8,30084
1680552000,33498.3,33632.7,33474.4,33591.4,19780
1680566400,33576.0,33606.0,33560.5,33597.4,2574
1680580800,33596.9,33612.4,33576.8,33598.5,5228
1680595200,33599.0,33645.0,33551.3,33594.7,9175
1680609600,33593.7,33689.2,33593.7,33622.8,9268
1680624000,33622.3,33632.0,33273.1,33354.0,36322
1680638400,33354.5,33439.3,33309.7,33438.8,23720
1680652800,33432.6,33438.9,33418.7,33420.2,2421
1680667200,33420.7,33427.2,33393.3,33397.8,4578
1680681600,33397.8,33419.9,33320.9,33334.6,10439
1680696000,33335.1,33399.3,33314.1,33348.0,11529
1680710400,33349.5,33527.6,33347.0,33395.9,32631
1680724800,33395.9,33508.5,33384.0,33477.7,19956
1680739200,33451.2,33473.3,33435.6,33449.5,3125
1680753600,33449.0,33452.7,33418.7,33428.0,4923
1680768000,33428.0,33510.6,33415.0,33506.5,7862
1680782400,33507.2,33542.1,33442.5,33446.3,9964
1680796800,33445.3,33524.0,33318.5,33483.0,29226
1680811200,33483.7,33530.1,33438.6,33467.8,18061
1680825600,33464.3,33482.3,33439.3,33448.3,1193
1680840000,33449.3,33459.3,33440.3,33455.3,1324
1680854400,33455.3,33457.3,33413.8,33438.8,1470
1680868800,33438.8,33607.3,33424.8,33531.3,4694
1680883200,33530.8,33564.3,33529.3,33561.3,569
1681084800,33526.3,33548.2,33504.4,33509.3,3125
1681099200,33508.8,33524.8,33492.8,33495.8,3198
1681113600,33495.8,33502.8,33469.1,33494.2,3014
1681128000,33495.2,33523.6,33340.0,33347.4,5486
1681142400,33347.5,33546.3,33331.8,33534.4,26062
1681156800,33535.1,33607.0,33498.0,33594.6,18468
1681171200,33598.0,33625.9,33595.5,33608.8,2910
1681185600,33608.3,33638.0,33600.6,33604.0,5319
1681200000,33604.5,33630.4,33574.4,33610.8,8520
1681214400,33610.8,33649.3,33555.3,33583.8,8079
1681228800,33584.8,33761.2,33580.9,33743.1,24377
1681243200,33744.1,33781.0,33659.4,33703.5,15321
1681257600,33696.5,33713.6,33688.2,33703.1,2383
1681272000,33702.6,33720.6,33693.8,33703.1,4072
1681286400,33702.6,33760.4,33687.4,33731.4,7604
1681300800,33731.5,33946.2,33723.4,33838.7,10665
1681315200,33840.7,33894.5,33620.3,33827.0,35169
1681329600,33827.5,33899.0,33593.3,33613.1,27484
1681344000,33609.5,33613.5,33577.7,33606.0,3124
1681358400,33606.0,33650.6,33595.8,33650.1,5276
1681372800,33650.1,33712.8,33634.9,33663.3,8705
1681387200,33663.4,33734.1,33618.8,33715.7,10077
1681401600,33716.7,33884.0,33583.6,33879.0,28013
1681416000,33880.0,34054.1,33858.1,34015.7,17862
1681430400,33973.1,34007.5,33967.6,33997.6,3330
1681444800,33997.1,34000.0,33964.7,33973.4,4516
1681459200,33973.4,33978.4,33909.7,33921.6,7948
1681473600,33920.6,34105.0,33914.7,34027.5,13292
1681488000,34027.0,34077.1,33728.5,33752.8,36538
1681502400,33753.8,33954.2,33723.5,33945.2,24083
1681689600,33932.9,33962.8,33926.3,33936.1,2839
1681704000,33936.6,33963.7,33932.8,33938.5,4181
1681718400,33939.0,33953.9,33898.3,33900.8,8325
1681732800,33901.3,33962.9,33886.8,33913.8,8694
1681747200,33912.8,33952.7,33826.6,33860.6,31753
1681761600,33861.7,33998.2,33792.7,33982.3,18772
1681776000,33979.5,33987.0,33964.0,33968.0,1914
1681790400,33968.5,33999.0,33961.9,33970.0,4645
1681804800,33969.0,34039.7,33967.0,34028.3,7094
1681819200,34028.8,34131.5,33992.8,33996.8,9138
1681833600,33996.8,34026.8,33781.3,33963.9,29633
1681848000,33964.4,34018.6,33928.3,33976.2,19387
1681862400,33955.6,33967.1,33931.3,33948.6,2075
1681876800,33948.1,33954.9,33911.9,33925.4,3888
1681891200,33926.9,33934.8,33843.4,33865.2,7849
1681905600,33865.2,33895.0,33799.7,33859.2,9313
1681920000,33862.2,33948.3,33811.2,33901.9,24930
1681934400,33903.0,33959.5,33824.9,33877.6,16913
1681948800,33867.7,33867.7,33832.1,33856.3,2743
1681963200,33856.8,33888.1,33847.3,33859.9,3951
1681977600,33860.9,33875.8,33681.5,33730.9,9336
1681992000,33728.9,33768.9,33683.7,33722.8,9937
1682006400,33719.3,33849.6,33661.0,33845.1,27309
1682020800,33849.1,33874.6,33670.5,33773.7,22282
1682035200,33763.2,33775.9,33735.3,33775.9,2862
1682049600,33774.9,33778.9,33745.3,33746.8,4036
1682064000,33746.8,33778.6,33684.4,33773.7,8498
1682078400,33773.7,33827.3,33714.6,33821.3,9484
1682092800,33819.8,33860.0,33678.4,33757.5,33278
1682107200,33758.5,33831.6,33736.6,33790.9,18989
1682294400,33765.8,33777.3,33716.9,33732.8,3017
1682308800,33732.4,33741.4,33689.3,33693.7,4462
1682323200,33692.7,33720.0,33638.1,33707.1,7952
1682337600,33708.1,33795.7,33703.7,33776.7,6950
1682352000,33776.8,33893.7,33721.1,33818.0,26357
1682366400,33819.0,33884.5,33783.1,33868.0,15631
1682380800,33873.9,33878.3,33856.7,33862.5,2588
1682395200,33862.4,33876.4,33798.1,33804.6,5112
1682409600,33804.1,33827.3,33690.0,33731.3,11784
1682424000,33730.8,33808.2,33710.2,33789.7,8645
1682438400,33789.7,33865.6,33676.5,33692.5,27357
1682452800,33692.2,33707.6,33523.8,33606.7,26090
1682467200,33598.0,33611.9,33563.5,33589.4,4745
1682481600,33588.4,33598.1,33560.0,33576.4,5513
1682496000,33576.4,33607.1,33473.7,33570.5,11172
1682510400,33570.0,33619.7,33465.7,33605.0,13466
1682524800,33606.0,33643.2,33356.8,33501.9,33473
1682539200,33502.0,33522.8,33230.3,33324.0,24572
1682553600,33316.3,33342.8,33308.0,33330.1,3030
1682568000,33330.1,33358.4,33315.1,33355.9,4342
1682582400,33355.4,33401.7,33326.1,33396.7,9020
1682596800,33397.2,33513.0,33371.8,33474.1,11137
1682611200,33473.6,33640.2,33372.5,33622.2,27146
1682625600,33623.2,33860.8,33616.3,33792.8,19696
1682640000,33793.2,33809.3,33763.7,33776.9,4094
1682654400,33775.9,33812.8,33761.9,33778.0,6396
1682668800,33777.9,33812.4,33648.7,33664.2,11837
1682683200,33665.2,33742.1,33644.1,33703.7,11860
1682697600,33702.7,34085.9,33692.1,34076.9,32992
1682712000,34076.4,34131.3,33951.8,34103.6,22311
1682899200,34090.4,34117.5,34043.4,34087.6,3785
1682913600,34086.6,34117.2,34073.2,34102.0,4350
1682928000,34101.5,34124.4,34076.3,34093.3,4024
1682942400,34093.9,34122.8,34070.9,34104.8,4323
1682956800,34103.8,34263.3,34063.8,34217.3,27991
1682971200,34217.8,34225.4,34005.9,34013.9,20380
1682985600,34013.3,34024.3,33996.1,34003.5,2622
1683000000,34003.5,34053.0,33999.8,34042.0,5277
1683014400,34042.0,34086.7,33976.3,33990.4,9982
1683028800,33989.9,34013.4,33957.2,33960.8,7916
1683043200,33960.3,33999.4,33432.0,33570.1,38554
1683057600,33569.6,33709.1,33553.2,33671.8,22796
1683072000,33666.2,33731.3,33660.5,33727.1,2641
1683086400,33727.1,33735.6,33708.7,33732.1,4000
1683100800,33733.6,33771.1,33710.3,33721.3,9525
1683115200,33720.3,33755.1,33683.7,33691.8,9648
1683129600,33692.8,33756.7,33595.4,33722.0,30183
1683144000,33723.5,33820.9,33359.2,33359.7,36060
1683158400,33164.4,33334.0,33163.4,33324.6,4380
1683172800,33325.6,33468.9,33316.0,33456.0,5467
1683187200,33455.5,33472.7,33329.6,33392.7,12363
1683201600,33391.5,33429.6,33266.6,33325.1,14042
1683216000,33324.6,33359.6,32931.5,33087.1,45054
1683230400,33088.6,33207.5,33036.6,33107.3,30469
1683244800,33137.1,33211.8,33125.1,33196.8,3070
1683259200,33195.8,33212.8,33175.5,33203.7,4155
1683273600,33204.2,33253.9,33162.5,33237.6,9505
1683288000,33237.5,33373.0,33209.5,33322.5,12183
1683302400,33325.0,33613.0,33316.9,33535.6,32378
1683316800,33536.6,33751.0,33528.2,33655.2,19131
1683504000,33693.2,33702.0,33624.7,33639.8,3068
1683518400,33639.8,33671.7,33624.8,33641.8,3859
1683532800,33641.8,33720.0,33639.8,33693.6,5696
1683547200,33693.6,33775.1,33691.6,33751.6,5467
1683561600,33750.6,33753.2,33552.6,33576.6,27366
1683576000,33578.1,33643.8,33504.0,33625.4,19055
1683590400,33616.7,33618.5,33573.6,33575.8,1988
1683604800,33575.3,33598.1,33571.2,33588.3,3464
1683619200,33588.3,33596.8,33473.9,33494.5,6879
1683633600,33494.5,33548.7,33463.0,33523.9,6869
1683648000,33523.9,33650.3,33494.7,33570.4,27714
1683662400,33569.9,33638.5,33547.8,33588.7,16606
1683676800,33562.3,33600.5,33562.3,33590.4,1960
1683691200,33590.9,33599.7,33571.8,33588.3,2979
1683705600,33588.3,33626.6,33469.5,33533.4,8118
1683720000,33532.9,33756.6,33482.6,33719.6,10455
1683734400,33718.6,33781.6,33348.3,33368.3,37739
1683748800,33366.8,33583.4,33232.3,33520.1,26847
1683763200,33513.5,33575.0,33511.8,33562.7,2418
1683777600,33561.7,33578.2,33531.8,33557.1,4081
1683792000,33557.6,33606.3,33511.3,33563.2,8604
1683806400,33563.8,33584.7,33379.2,33387.7,12227
1683820800,33386.7,33387.2,33104.6,33296.2,36112
1683835200,33299.7,33321.3,33147.0,33310.9,23164
1683849600,33321.3,33349.3,33310.5,33344.1,2432
1683864000,33343.6,33363.8,33314.7,33352.9,4436
1683878400,33353.4,33470.8,33332.4,33458.2,8841
1683892800,33460.7,33483.8,33406.8,33420.8,7481
1683907200,33420.8,33432.3,33136.1,33144.7,32242
1683921600,33139.7,33303.2,33108.2,33247.0,21737
1684108800,33246.5,33265.6,33225.1,33237.6,2600
1684123200,33237.6,33310.8,33236.5,33305.4,4297
1684137600,33305.4,33448.8,33302.9,33391.3,8361
1684152000,33391.9,33437.5,33335.2,33337.2,7005
1684166400,33336.2,33347.3,33156.9,33345.3,27139
1684180800,33346.3,33404.4,33241.7,33331.4,19533
1684195200,33331.4,33347.6,33296.2,33310.8,2196
1684209600,33310.3,33310.8,33269.1,33277.6,4130
1684224000,33276.6,33340.4,33217.2,33318.4,7882
1684238400,33317.4,33335.3,33208.2,33249.4,8732
1684252800,33247.9,33282.7,33077.5,33157.0,31713
1684267200,33157.5,33165.2,32985.4,33066.0,19043
1684281600,33022.0,33047.7,33001.9,33037.5,2440
1684296000,33038.0,33064.2,33030.5,33042.4,4117
1684310400,33041.4,33095.7,32997.0,33082.1,8808
1684324800,33082.1,33160.6,33071.2,33160.6,7036
1684339200,33161.1,33411.0,33040.6,33391.5,28912
1684353600,33392.0,33478.7,33352.6,33406.3,20043
1684368000,33377.3,33396.5,33359.8,33367.0,2726
1684382400,33367.0,33378.8,33343.1,33357.9,4739
1684396800,33357.4,33458.9,33332.1,33416.1,7975
1684411200,33416.2,33476.8,33283.9,33287.9,7172
1684425600,33285.9,33499.9,33225.9,33261.7,33231
1684440000,33263.2,33578.5,33210.9,33552.3,23762
1684454400,33557.4,33620.4,33546.4,33557.2,3600
1684468800,33556.7,33592.1,33531.8,33564.4,4998
1684483200,33565.4,33600.4,33531.9,33586.0,7784
1684497600,33586.1,33657.9,33540.5,33648.0,8609
1684512000,33647.4,33647.6,33321.9,33449.3,37361
1684526400,33449.3,33473.1,33349.2,33386.9,22683
1684713600,33365.1,33411.5,33339.0,33401.8,2669
1684728000,33402.3,33408.6,33366.8,33398.8,4998
1684742400,33398.8,33438.8,33341.1,33423.3,7368
1684756800,33423.4,33466.3,33390.3,33439.8,6724
1684771200,33441.8,33511.1,33198.6,33312.4,32333
1684785600,33311.4,33391.7,33258.1,33304.3,19462
1684800000,33309.9,33389.1,33309.9,33370.9,2562
1684814400,33371.4,33404.2,33310.8,33321.6,5551
1684828800,33321.1,33326.1,33217.8,33222.8,8496
1684843200,33222.8,33279.3,33196.6,33222.4,7775
1684857600,33222.4,33313.1,33109.2,33226.4,30771
1684872000,33222.9,33269.2,33003.9,33084.6,25769
1684886400,33095.6,33124.5,33093.5,33122.5,2149
1684900800,33123.0,33125.0,33078.5,33108.1,4481
1684915200,33107.6,33117.5,32932.7,33045.2,10446
1684929600,33045.2,33058.1,32915.2,32946.8,9878
1684944000,32947.3,33023.7,32749.3,32806.7,32602
1684958400,32805.7,32929.5,32755.2,32793.9,27778
1684972800,32764.8,32771.8,32639.8,32741.2,5231
1684987200,32741.7,32751.5,32679.0,32703.8,5408
1685001600,32704.3,32821.3,32664.8,32741.3,10692
1685016000,32741.8,32828.8,32681.8,32807.8,10714
1685030400,32804.8,32833.3,32589.4,32639.4,30417
1685044800,32638.4,32881.4,32612.4,32771.3,16400
1685059200,32765.8,32766.3,32710.1,32730.8,2414
1685073600,32730.3,32737.3,32685.8,32727.4,4064
1685088000,32728.4,32819.9,32703.5,32737.2,9280
1685102400,32736.6,32848.4,32696.4,32814.5,10216
1685116800,32811.5,33167.8,32788.4,33065.6,33777
1685131200,33066.6,33135.3,33017.8,33114.9,19429
1685318400,33238.8,33252.8,33156.3,33165.6,3525
1685332800,33164.6,33166.7,33122.6,33148.9,4079
1685347200,33148.9,33228.6,33137.2,33181.6,5149
1685361600,33182.1,33193.3,33122.1,33144.7,4132
1685376000,33145.2,33212.2,33121.5,33129.4,6566
1685404800,33160.2,33187.2,33118.8,33132.9,2590
1685419200,33133.9,33148.9,33100.4,33127.4,4111
1685433600,33126.9,33167.1,33096.4,33154.3,8950
1685448000,33154.8,33187.5,33047.9,33085.1,8839
1685462400,33085.1,33121.9,32887.9,32973.1,35475
1685476800,32973.6,33068.4,32906.5,33045.8,22106
1685491200,33000.5,33007.0,32981.5,32995.6,1967
1685505600,32995.6,33000.3,32910.0,32921.0,4708
1685520000,32920.5,32979.6,32845.1,32964.3,11567
1685534400,32962.2,33000.8,32899.4,32911.3,8939
1685548800,32912.3,32944.1,32728.7,32829.4,33243
1685563200,32829.4,32984.2,32817.0,32877.5,23219
1685577600,32864.5,32917.0,32851.9,32868.9,3110
1685592000,32868.4,32952.9,32824.9,32905.1,6963
1685606400,32905.6,32965.4,32885.0,32958.7,8802
1685620800,32958.9,32982.7,32807.1,32822.7,8956
1685635200,32822.7,33140.2,32681.5,33127.2,32617
1685649600,33129.2,33173.3,33021.5,33090.5,19080
1685664000,33088.5,33096.1,33069.9,33075.8,1913
1685678400,33076.3,33120.3,33066.9,33102.8,4098
1685692800,33102.8,33205.1,33101.2,33194.5,8083
1685707200,33194.0,33279.4,33137.9,33245.4,10558
1685721600,33245.9,33730.6,33241.9,33730.6,33022
1685736000,33730.6,33806.7,33690.6,33747.2,18920
1685923200,33770.5,33843.1,33758.1,33788.3,3894
1685937600,33788.3,33806.7,33760.8,33777.1,4933
1685952000,33777.1,33826.8,33767.3,33798.9,8659
1685966400,33799.9,33814.9,33732.9,33732.9,7294
1685980800,33733.0,33795.2,33614.6,33710.1,31592
1685995200,33710.1,33714.7,33552.8,33581.2,24539
1686009600,33551.7,33557.3,33517.7,33547.5,2462
1686024000,33547.0,33584.7,33543.5,33569.5,4671
1686038400,33570.5,33585.4,33519.5,33525.5,9989
1686052800,33527.0,33557.1,33493.9,33542.0,8319
1686067200,33540.5,33633.7,33481.5,33505.7,29249
1686081600,33503.7,33601.0,33405.5,33565.7,19243
1686096000,33564.4,33596.4,33547.5,33576.3,2534
1686110400,33576.8,33596.7,33542.1,33585.3,5391
1686124800,33584.3,33586.8,33499.5,33534.0,7248
1686139200,33534.1,33606.8,33517.5,33580.0,6419
1686153600,33580.5,33675.3,33542.3,33617.3,33714
1686168000,33617.3,33709.4,33575.9,33675.6,21344
1686182400,33667.6,33679.2,33638.0,33653.7,2527
1686196800,33652.7,33660.2,33591.4,33606.6,5393
1686211200,33607.6,33696.2,33598.4,33680.2,9470
1686225600,33680.3,33682.8,33621.6,33627.7,8022
1686240000,33626.7,33826.7,33592.6,33812.1,29253
1686254400,33812.6,33875.8,33784.2,33817.4,15959
1686268800,33797.8,33804.4,33773.3,33782.1,2508
1686283200,33781.1,33795.7,33775.9,33776.9,3268
1686297600,33777.9,33792.1,33711.1,33778.5,8289
1686312000,33779.0,33798.7,33740.7,33781.6,9008
1686326400,33783.1,33977.7,33765.6,33834.7,33471
1686340800,33835.2,33922.8,33820.3,33869.9,19186
1686528000,33878.1,33920.1,33877.1,33908.0,2337
1686542400,33907.5,33917.2,33873.7,33882.6,2563
1686556800,33883.1,33984.7,33882.0,33956.4,7498
1686571200,33956.9,33967.9,33870.0,33920.4,8302
1686585600,33920.5,33998.2,33865.4,33981.7,27651
1686600000,33981.7,34079.2,33935.8,34062.9,19044
1686614400,34060.5,34076.4,34035.7,34036.3,2774
1686628800,34036.3,34113.1,34033.7,34080.5,5586
1686643200,34081.0,34126.6,34066.7,34082.2,9653
1686657600,34082.4,34180.1,34038.5,34180.1,9174
1686672000,34179.6,34309.6,34104.5,34258.1,31791
1686686400,34257.1,34298.7,34140.1,34221.3,19230
1686700800,34122.6,34141.6,34091.1,34114.8,2508
1686715200,34115.8,34134.2,34115.0,34132.7,3084
1686729600,34132.2,34193.9,34124.5,34189.5,6508
1686744000,34189.5,34196.5,34112.8,34120.3,6849
1686758400,34120.3,34151.1,34010.7,34109.1,26633
1686772800,34109.6,34109.7,33772.9,33996.2,29613
1686787200,33981.4,33984.3,33945.0,33956.3,2730
1686801600,33955.8,33961.7,33905.5,33951.5,5521
1686816000,33951.0,33961.5,33883.6,33949.2,8968
1686830400,33949.8,33956.4,33853.6,33928.7,10393
1686844800,33928.2,34394.1,33922.2,34366.6,32155
1686859200,34367.1,34493.3,34310.2,34381.2,23651
1686873600,34380.6,34393.6,34359.4,34369.7,2353
1686888000,34370.2,34399.2,34355.2,34386.3,4636
1686902400,34385.8,34444.0,34370.4,34440.0,9599
1686916800,34440.0,34472.5,34381.1,34464.5,9259
1686931200,34464.0,34573.8,34367.4,34483.3,35279
1686945600,34484.8,34491.9,34281.2,34304.5,22303
1687132800,34319.2,34323.2,34244.3,34257.6,2465
1687147200,34258.6,34272.3,34220.6,34224.7,4004
1687161600,34224.2,34310.1,34221.6,34266.0,7434
1687176000,34266.0,34291.1,34244.7,34268.1,6247
1687190400,34268.2,34268.7,34170.2,34227.5,8704
1687219200,34228.9,34231.9,34187.0,34195.3,2406
1687233600,34195.3,34202.6,34163.2,34166.2,4063
1687248000,34165.7,34227.6,34120.6,34158.9,9101
1687262400,34158.9,34203.8,34155.3,34198.3,7163
1687276800,34199.4,34236.3,33907.5,34125.2,31937
1687291200,34125.8,34152.8,34015.3,34035.8,18666
1687305600,34044.7,34081.9,34033.5,34069.6,2356
1687320000,34070.1,34074.0,34044.5,34069.8,3437
1687334400,34070.3,34070.8,33987.8,34048.0,7289
1687348800,34048.5,34080.6,33960.5,33961.5,7537
1687363200,33963.5,34099.4,33870.9,34024.8,32439
1687377600,34024.8,34101.0,33934.2,33957.1,19573
1687392000,33980.9,33981.6,33958.6,33971.3,2319
1687406400,33972.3,33973.4,33912.4,33920.2,3147
1687420800,33920.7,33920.7,33821.6,33897.9,11044
1687435200,33897.4,33909.2,33822.1,33864.2,8530
1687449600,33861.7,34008.3,33828.3,33908.5,30448
1687464000,33910.6,33973.4,33855.1,33946.9,19111
1687478400,33969.4,33975.5,33934.2,33937.2,1852
1687492800,33936.7,33937.7,33775.9,33802.4,5324
1687507200,33802.4,33871.5,33754.1,33839.1,9070
1687521600,33837.1,33858.7,33735.0,33739.1,7657
1687536000,33738.1,33826.7,33622.4,33810.2,29811
1687550400,33811.2,33834.3,33658.2,33714.4,20039
1687737600,33732.7,33798.1,33732.7,33782.7,3080
1687752000,33782.7,33812.6,33764.7,33785.7,4134
1687766400,33786.2,33790.3,33628.5,33666.4,9252
1687780800,33665.9,33745.4,33665.3,33705.5,6819
1687795200,33706.0,33800.7,33607.3,33765.0,32018
1687809600,33766.0,33819.3,33688.6,33735.9,21013
1687824000,33746.7,33771.9,33741.1,33746.6,1978
1687838400,33747.1,33790.3,33734.1,33786.3,4036
1687852800,33786.8,33832.6,33732.3,33741.0,8731
1687867200,33741.0,33748.5,33653.3,33699.4,7167
1687881600,33699.4,33903.0,33691.9,33887.0,29932
1687896000,33887.0,33976.4,33875.1,33915.3,17456
1687910400,33922.4,33939.6,33900.6,33912.7,2280
1687924800,33913.7,33925.6,33894.3,33909.9,3770
1687939200,33909.4,33960.2,33899.0,33920.2,6762
1687953600,33919.7,33968.3,33900.7,33913.3,5724
1687968000,33915.3,33928.3,33754.2,33794.2,32434
1687982400,33793.2,33908.7,33756.0,33893.7,21550
1687996800,33907.5,33942.7,33904.3,33927.0,2052
1688011200,33927.0,33940.0,33868.9,33878.9,3546
1688025600,33878.9,33912.8,33849.7,33909.3,6138
1688040000,33909.3,34022.7,33893.2,33901.2,7878
1688054400,33900.7,34151.9,33810.2,34107.3,33689
1688068800,34104.8,34129.3,34009.7,34096.5,19866
1688083200,34092.0,34110.1,34079.0,34096.4,1775
1688097600,34096.9,34139.5,34096.6,34109.2,3504
1688112000,34109.7,34160.4,34088.0,34154.4,6078
1688126400,34156.9,34301.7,34154.5,34291.5,7994
1688140800,34292.0,34412.6,34286.6,34405.1,26121
1688155200,34406.1,34473.0,34359.0,34378.0,15427
1688342400,34420.2,34427.2,34384.3,34408.1,2367
1688356800,34408.1,34422.7,34398.7,34415.6,3410
1688371200,34415.1,34417.6,34371.9,34382.8,5843
1688385600,34383.5,34398.9,34338.4,34349.9,5349
1688400000,34349.5,34468.5,34287.6,34417.5,23418
1688414400,34417.5,34430.6,34398.6,34430.6,863
1688428800,34398.7,34423.8,34392.7,34417.6,1732
1688443200,34417.7,34428.7,34406.3,34421.2,2831
1688457600,34420.7,34431.5,34384.5,34388.5,5596
1688472000,34389.0,34416.0,34366.9,34386.5,4843
1688486400,34386.6,34395.6,34365.1,34376.7,3873
1688515200,34380.5,34405.4,34374.0,34403.7,1791
1688529600,34404.2,34409.5,34373.3,34377.8,2911
1688544000,34377.3,34382.8,34316.6,34329.5,6503
1688558400,34330.0,34333.6,34218.0,34229.0,6484
1688572800,34227.5,34377.7,34222.0,34292.1,23830
1688587200,34292.6,34320.7,34238.1,34275.1,14190
1688601600,34268.8,34270.6,34219.5,34223.5,1977
1688616000,34223.0,34245.9,34147.0,34173.5,4628
1688630400,34173.5,34197.0,34122.1,34135.5,8810
1688644800,34136.0,34159.5,33995.8,34023.4,9172
1688659200,34023.9,34073.8,33767.2,33872.6,27252
1688673600,33873.1,33959.7,33868.3,33910.6,13928
1688688000,33919.4,33933.9,33895.9,33930.7,2352
1688702400,33931.2,33941.8,33907.8,33918.0,3896
1688716800,33919.0,33937.5,33847.1,33884.7,8641
1688731200,33885.2,33946.5,33822.0,33870.6,8977
1688745600,33871.5,34012.5,33764.5,34009.5,26846
1688760000,34011.5,34037.1,33707.6,33737.5,16956
1688947200,33718.4,33781.1,33704.4,33734.1,3275
1688961600,33734.6,33756.0,33674.4,33701.3,5284
1688976000,33700.8,33719.4,33607.2,33711.8,9189
1688990400,33710.8,33799.3,33708.4,33756.7,6761
1689004800,33755.7,33966.2,33716.2,33881.2,28114
1689019200,33882.2,33963.2,33880.8,33945.7,14564
1689033600,33934.4,33963.8,33926.6,33958.3,2305
1689048000,33958.3,33962.8,33933.2,33948.9,3290
1689062400,33947.9,34007.7,33856.7,33887.4,8978
1689076800,33887.5,34073.2,33866.8,34064.4,8375
1689091200,34064.9,34201.3,33988.2,34159.3,25329
1689105600,34159.3,34290.3,34118.5,34240.3,15657
1689120000,34237.9,34270.3,34211.8,34230.5,2841
1689134400,34230.0,34264.4,34223.6,34257.9,3310
1689148800,34257.4,34311.7,34253.9,34308.7,6841
1689163200,34308.8,34485.8,34284.9,34450.3,8908
1689177600,34450.3,34585.7,34367.0,34391.6,30633
1689192000,34392.2,34432.2,34308.5,34360.6,16141
1689206400,34371.8,34396.1,34366.0,34386.9,2207
1689220800,34386.4,34410.8,34371.6,34384.2,3475
1689235200,34384.2,34430.1,34366.1,34418.6,6271
1689249600,34418.7,34443.7,34373.3,34411.0,6660
1689264000,34411.5,34471.9,34362.7,34406.2,20738
1689278400,34407.2,34460.2,34350.3,34354.8,14066
1689292800,34361.5,34383.6,34316.5,34321.2,2667
1689307200,34320.7,34355.3,34312.6,34337.0,3907
1689321600,34336.5,34380.4,34307.8,34363.8,5761
1689336000,34362.8,34589.8,34355.9,34586.3,7008
1689350400,34585.4,34599.3,34447.2,34513.8,28724
1689364800,34513.8,34571.4,34470.2,34474.6,17826
1689552000,34482.1,34489.6,34434.3,34465.7,2150
1689566400,34466.2,34494.9,34463.1,34475.7,2351
1689580800,34475.2,34496.3,34442.1,34454.3,5531
1689595200,34454.3,34472.3,34406.4,34431.8,6584
1689609600,34431.9,34601.8,34417.1,34596.3,21402
1689624000,34596.3,34668.8,34551.6,34571.2,12982
1689638400,34569.3,34584.0,34557.4,34581.4,2261
1689652800,34580.9,34589.4,34550.3,34581.4,3466
1689667200,34580.4,34611.7,34555.7,34580.2,5724
1689681600,34580.7,34622.3,34535.5,34556.0,6117
1689696000,34556.0,34993.5,34516.0,34903.8,24986
1689710400,34903.9,34981.8,34881.8,34948.1,15585
1689724800,34948.2,34967.3,34943.8,34963.3,2114
1689739200,34963.8,34974.3,34956.1,34966.3,2659
1689753600,34966.3,35043.0,34966.3,35022.1,8359
1689768000,35021.6,35024.7,34922.9,34955.0,7457
1689782400,34955.0,35234.1,34952.1,35075.4,29039
1689796800,35077.4,35129.5,35037.3,35055.0,18161
1689811200,35050.5,35066.1,35002.1,35060.4,3181
1689825600,35061.4,35083.1,35045.6,35063.6,3845
1689840000,35065.1,35122.6,35025.7,35103.1,9231
1689854400,35103.1,35136.7,35060.1,35061.1,7100
1689868800,35060.7,35370.4,35041.6,35321.3,28339
1689883200,35320.3,35338.0,35191.9,35240.1,19526
1689897600,35249.5,35258.6,35230.2,35244.1,2429
1689912000,35243.1,35285.4,35235.4,35282.9,3575
1689926400,35282.4,35308.3,35256.1,35268.7,7630
1689940800,35269.2,35332.2,35213.2,35326.7,6794
1689955200,35326.7,35341.6,35176.6,35275.1,27754
1689969600,35275.1,35341.7,35197.3,35211.9,17869
1690156800,35215.9,35225.4,35179.9,35198.9,2510
1690171200,35199.4,35233.4,35179.5,35219.5,4349
1690185600,35220.0,35293.3,35202.3,35285.7,7455
1690200000,35286.2,35315.2,35231.5,35284.0,5558
1690214400,35283.0,35442.2,35268.0,35426.2,24047
1690228800,35425.9,35465.0,35382.8,35417.1,14172
1690243200,35416.3,35421.9,35393.0,35401.8,1582
1690257600,35401.3,35406.7,35379.2,35401.4,2917
1690272000,35401.4,35432.4,35381.3,35408.9,6582
1690286400,35407.9,35447.0,35380.5,35412.9,5467
1690300800,35412.0,35505.6,35363.7,35504.6,21216
1690315200,35504.6,35530.6,35394.7,35423.0,15379
1690329600,35410.8,35422.8,35381.8,35393.9,2895
1690344000,35394.4,35424.9,35388.9,35406.6,2501
1690358400,35406.1,35441.2,35376.2,35377.7,6871
1690372800,35377.8,35433.9,35336.6,35341.6,8206
1690387200,35343.1,35505.5,35310.2,35446.9,22321
1690401600,35446.4,35642.3,35389.8,35483.1,27036
1690416000,35475.0,35506.4,35446.5,35505.9,2022
1690430400,35505.9,35559.6,35499.2,35551.6,3328
1690444800,35552.1,35598.2,35513.5,35582.6,7791
1690459200,35582.8,35688.0,35543.2,35622.5,8888
1690473600,35622.4,35641.7,35500.9,35635.7,26941
1690488000,35635.9,35648.8,35214.2,35309.2,28157
1690502400,35309.0,35319.2,35281.5,35307.1,2531
1690516800,35307.1,35403.7,35238.7,35333.7,7743
1690531200,35333.2,35432.1,35310.9,35342.4,9547
1690545600,35342.6,35469.3,35331.5,35469.3,8355
1690560000,35468.7,35566.7,35392.0,35498.6,25717
1690574400,35498.1,35498.1,35348.4,35441.8,19311
1690761600,35478.7,35498.6,35451.2,35461.1,3307
1690776000,35460.6,35479.5,35376.0,35399.6,6617
1690790400,35400.1,35488.8,35391.2,35479.4,8244
1690804800,35479.9,35529.4,35470.9,35512.9,5949
1690819200,35512.9,35541.2,35430.7,35446.5,24480
1690833600,35446.0,35578.3,35427.1,35573.9,16424
1690848000,35577.0,35579.8,35552.1,35576.0,1600
1690862400,35575.4,35592.5,35560.1,35566.6,3466
1690876800,35566.1,35571.3,35446.7,35474.8,6002
1690891200,35472.8,35537.8,35442.3,35462.3,7794
1690905600,35463.3,35677.1,35447.3,35577.7,26336
1690920000,35578.2,35662.4,35561.3,35631.5,13910
1690934400,35532.1,35590.3,35516.6,35582.3,3568
1690948800,35582.8,35607.9,35509.9,35515.6,5626
1690963200,35515.6,35547.8,35347.3,35407.4,11285
1690977600,35407.4,35564.8,35380.4,35461.9,11236
1690992000,35462.9,35528.9,35323.5,35354.0,31785
1691006400,35352.1,35398.8,35223.6,35284.6,20644
1691020800,35313.1,35359.0,35308.6,35333.6,3274
1691035200,35332.6,35382.0,35314.6,35323.9,5559
1691049600,35323.9,35344.6,35129.7,35168.3,14526
1691064000,35168.3,35264.2,35167.1,35221.2,12659
1691078400,35222.2,35335.9,35113.2,35320.9,32271
1691092800,35321.4,35351.0,35188.7,35206.5,22372
1691107200,35216.5,35286.6,35203.5,35285.2,3775
1691121600,35285.7,35306.6,35253.1,35277.7,5617
1691136000,35277.2,35331.8,35228.2,35278.1,9493
1691150400,35279.1,35306.0,35146.8,35265.3,12708
1691164800,35263.8,35508.7,35238.7,35505.2,30460
1691179200,35506.7,35510.8,35029.1,35058.4,25672
1691366400,35106.8,35152.6,35099.3,35150.8,3225
1691380800,35149.3,35184.7,35133.8,35158.7,4727
1691395200,35158.2,35226.1,35121.4,35147.0,9096
1691409600,35147.0,35195.9,35093.4,35193.3,8151
1691424000,35193.4,35436.5,35181.3,35429.5,28896
1691438400,35429.0,35499.6,35414.4,35487.4,16529
1691452800,35483.1,35484.6,35464.6,35473.1,2076
1691467200,35473.1,35473.6,35401.7,35418.7,5352
1691481600,35419.2,35426.0,35355.2,35391.4,9394
1691496000,35390.4,35395.4,35188.1,35226.3,13063
1691510400,35225.8,35270.6,35003.4,35178.1,30555
1691524800,35177.6,35348.8,35177.2,35304.9,19448
1691539200,35293.8,35312.8,35273.9,35294.8,2316
1691553600,35294.8,35319.0,35291.1,35306.4,4008
1691568000,35306.9,35397.6,35301.0,35391.2,8261
1691582400,35390.2,35410.7,35318.1,35325.1,7807
1691596800,35325.0,35363.5,35052.4,35161.3,31808
1691611200,35161.8,35352.9,35099.6,35177.0,21480
1691625600,35188.0,35222.3,35170.6,35218.1,2117
1691640000,35218.1,35261.1,35194.1,35242.6,3759
1691654400,35243.1,35338.7,35222.2,35299.3,8224
1691668800,35298.3,35385.2,35176.7,35334.7,10676
1691683200,35332.7,35573.7,35152.1,35179.6,41366
1691697600,35182.1,35316.8,35108.2,35186.8,31895
1691712000,35208.4,35241.1,35199.3,35234.4,1890
1691726400,35235.4,35240.0,35163.6,35172.9,4555
1691740800,35172.4,35252.1,35145.1,35188.1,8594
1691755200,35188.6,35221.2,35084.0,35093.0,12458
1691769600,35094.0,35360.6,35045.0,35220.3,36425
1691784000,35220.8,35319.7,35185.6,35300.5,23814
1691971200,35338.5,35342.0,35288.0,35294.5,3444
1691985600,35294.0,35310.0,35178.0,35195.0,7495
1692000000,35196.0,35394.6,35194.0,35332.7,10727
1692014400,35333.7,35386.9,35226.7,35266.7,9664
1692028800,35267.1,35341.3,35165.2,35282.1,32188
1692043200,35282.6,35314.4,35209.1,35297.8,20865
1692057600,35281.8,35339.8,35278.3,35301.9,2668
1692072000,35302.4,35351.1,35296.6,35319.7,5189
1692086400,35320.2,35329.7,35097.2,35165.9,11583
1692100800,35165.4,35168.2,34997.3,35026.8,13887
1692115200,35027.8,35185.7,34962.3,34990.8,34792
1692129600,34992.3,35048.8,34901.6,34955.5,22065
1692144000,34949.5,34971.1,34901.0,34936.0,2903
1692158400,34936.5,34978.0,34924.0,34951.5,6120
1692172800,34952.0,35044.8,34911.6,35019.8,11619
1692187200,35020.5,35027.8,34891.0,34897.5,8846
1692201600,34897.4,35135.0,34882.0,34916.6,32383
1692216000,34917.1,34991.3,34748.4,34785.3,29722
1692230400,34785.2,34791.9,34723.2,34739.3,2793
1692244800,34739.3,34812.5,34706.2,34797.5,6351
1692259200,34798.0,34836.9,34743.7,34789.6,9870
1692273600,34788.5,34851.4,34729.5,34796.4,9810
1692288000,34796.9,34889.9,34687.4,34778.1,34781
1692302400,34779.0,34786.0,34437.9,34456.2,25327
1692316800,34459.5,34496.0,34417.5,34483.5,3434
1692331200,34485.0,34524.0,34478.0,34493.3,5442
1692345600,34493.8,34521.4,34412.8,34453.8,10853
1692360000,34452.3,34460.7,34262.7,34300.7,12346
1692374400,34300.2,34551.3,34260.7,34507.0,37732
1692388800,34506.9,34592.8,34424.8,34475.6,26294
1692576000,34500.4,34542.5,34485.2,34533.0,2856
1692590400,34532.5,34543.0,34472.4,34503.4,6690
1692604800,34503.9,34593.6,34464.7,34591.8,8227
1692619200,34591.3,34648.7,34539.7,34547.7,7811
1692633600,34546.7,34571.6,34248.0,34387.0,35034
1692648000,34387.0,34540.7,34368.9,34435.9,22347
1692662400,34437.3,34449.2,34402.8,34436.2,2550
1692676800,34435.7,34453.9,34406.8,34435.4,5138
1692691200,34435.4,34530.5,34418.3,34526.1,8722
1692705600,34527.1,34591.1,34503.6,34503.6,7344
1692720000,34503.5,34508.0,34279.9,34327.4,33140
1692734400,34327.4,34382.2,34254.4,34285.1,21160
1692748800,34311.9,34348.7,34302.3,34344.4,2230
1692763200,34344.4,34386.0,34339.6,34372.3,4910
1692777600,34371.8,34445.1,34364.1,34426.3,8152
1692792000,34426.8,34439.8,34288.6,34306.1,8969
1692806400,34306.1,34456.7,34300.5,34433.2,27599
1692820800,34432.7,34537.2,34414.4,34510.5,21190
1692835200,34504.4,34504.4,34459.9,34479.0,3357
1692849600,34478.5,34531.3,34458.4,34527.5,5266
1692864000,34527.5,34560.0,34447.6,34463.8,9632
1692878400,34463.7,34471.7,34391.5,34413.6,9914
1692892800,34411.6,34693.5,34262.2,34270.9,37972
1692907200,34272.4,34284.8,34064.2,34090.1,26404
1692921600,34122.6,34166.3,34108.0,34159.0,3149
1692936000,34159.0,34167.2,34126.0,34135.7,5090
1692950400,34136.2,34192.8,34121.2,34172.3,8616
1692964800,34172.3,34273.2,34141.2,34259.4,7102
1692979200,34259.3,34359.1,34023.1,34269.8,41934
1692993600,34268.3,34446.2,34200.8,34344.3,26920
1693180800,34414.5,34415.0,34378.1,34384.7,2993
1693195200,34385.2,34416.5,34384.4,34398.6,5244
1693209600,34398.1,34455.2,34388.7,34420.3,5710
1693224000,34419.8,34526.2,34398.3,34508.3,6108
1693238400,34507.3,34662.7,34479.8,34559.3,32059
1693252800,34558.8,34608.3,34438.4,34571.8,23089
1693267200,34591.5,34595.4,34551.8,34577.7,2205
1693281600,34576.7,34583.8,34549.3,34571.4,4099
1693296000,34572.4,34639.5,34535.9,34538.0,7855
1693310400,34538.5,34611.6,34493.0,34530.0,8485
1693324800,34529.9,34808.2,34507.5,34773.6,29072
1693339200,34774.6,34877.4,34757.9,34864.6,15340
1693353600,34844.8,34859.4,34831.4,34843.7,2232
1693368000,34844.2,34881.5,34838.1,34861.5,3942
1693382400,34861.0,34870.8,34785.5,34813.7,8736
1693396800,34813.2,34881.6,34793.2,34868.6,9746
1693411200,34866.6,35025.6,34803.1,34922.7,30717
1693425600,34922.2,34975.9,34832.4,34966.7,19732
1693440000,34952.3,34959.1,34932.3,34944.3,1485
1693454400,34943.8,34977.2,34942.3,34959.3,3944
1693468800,34958.8,35018.1,34945.9,35015.6,7279
1693483200,35015.7,35098.4,34970.0,35053.0,10300
1693497600,35054.0,35057.4,34802.1,34831.2,30191
1693512000,34831.7,34885.6,34721.3,34753.0,19996
1693526400,34750.9,34783.1,34739.4,34774.6,2434
1693540800,34773.6,34796.4,34761.9,34794.3,3480
1693555200,34794.3,34836.2,34753.3,34828.2,7711
1693569600,34828.3,34923.1,34826.2,34895.1,10994
1693584000,34895.6,34972.6,34715.8,34783.4,35942
1693598400,34782.4,34857.9,34756.0,34816.5,17727
1693785600,34833.9,34855.5,34813.2,34852.7,2074
1693800000,34853.2,34859.0,34830.0,34846.0,3640
1693814400,34846.5,34926.7,34841.4,34919.7,6050
1693828800,34919.8,34935.1,34882.2,34889.7,4663
1693843200,34889.8,34892.8,34756.3,34793.7,7426
1693872000,34804.3,34822.0,34778.3,34780.7,2116
1693886400,34781.2,34806.3,34776.0,34798.9,4112
1693900800,34797.9,34810.8,34724.2,34802.3,9634
1693915200,34802.3,34884.7,34794.8,34881.2,9740
1693929600,34882.2,34887.7,34727.2,34749.8,27779
1693944000,34749.8,34754.4,34632.5,34650.3,16044
1693958400,34646.9,34667.6,34646.5,34659.5,2081
1693972800,34659.5,34667.2,34621.7,34632.2,4814
1693987200,34632.7,34649.0,34563.3,34597.5,9312
1694001600,34598.0,34617.0,34533.9,34575.5,8637
1694016000,34576.0,34598.9,34304.3,34316.3,30779
1694030400,34316.3,34470.6,34285.5,34426.2,19471
1694044800,34428.1,34441.5,34412.0,34421.0,2103
1694059200,34420.5,34438.5,34379.4,34390.0,4357
1694073600,34390.0,34448.5,34341.3,34441.5,10530
1694088000,34441.5,34492.0,34330.7,34346.6,8512
1694102400,34346.1,34561.5,34339.1,34496.4,31229
1694116800,34496.9,34549.5,34452.5,34521.3,18340
1694131200,34516.1,34523.2,34482.9,34504.1,2150
1694145600,34504.6,34529.9,34485.0,34504.0,3328
1694160000,34504.5,34594.1,34442.2,34443.7,9426
1694174400,34444.2,34515.1,34410.6,34476.2,11625
1694188800,34476.2,34629.8,34470.6,34589.3,27538
1694203200,34589.3,34617.8,34492.3,34586.5,19695
1694390400,34580.7,34612.7,34569.1,34577.9,2695
1694404800,34576.9,34621.5,34561.2,34620.0,4416
1694419200,34620.0,34715.5,34615.7,34634.5,8497
1694433600,34633.5,34674.4,34602.5,34666.5,7768
1694448000,34668.0,34789.8,34577.6,34667.1,25448
1694462400,34666.6,34696.1,34628.5,34653.8,13671
1694476800,34653.6,34664.6,34622.8,34627.0,2039
1694491200,34626.5,34657.3,34609.2,34639.1,4298
1694505600,34639.6,34654.1,34581.9,34600.7,8576
1694520000,34600.7,34646.0,34577.9,34603.4,9208
1694534400,34602.9,34761.3,34532.4,34750.2,24834
1694548800,34750.7,34856.8,34596.8,34670.8,20675
1694563200,34644.1,34658.0,34636.7,34647.3,1907
1694577600,34647.8,34658.3,34580.2,34619.9,4673
1694592000,34619.4,34687.0,34587.3,34604.1,9604
1694606400,34603.1,34688.0,34551.0,34663.0,12873
1694620800,34662.9,34773.4,34590.7,34690.2,31255
1694635200,34690.7,34708.3,34502.0,34592.9,20374
1694649600,34572.0,34624.4,34567.7,34621.8,2277
1694664000,34621.3,34648.5,34599.3,34630.1,4540
1694678400,34628.6,34655.1,34575.8,34610.5,10266
1694692800,34610.0,34730.3,34595.3,34725.3,13991
1694707200,34724.8,34943.0,34679.8,34925.5,30125
1694721600,34926.0,34981.6,34892.2,34959.0,14186
1694736000,34945.5,34963.2,34935.0,34955.3,2605
1694750400,34954.3,34998.3,34938.5,34991.0,5206
1694764800,34990.5,35000.1,34955.6,34979.4,10338
1694779200,34979.4,35012.3,34881.7,34884.2,8615
1694793600,34884.2,34901.2,34664.5,34720.2,30392
1694808000,34719.7,34719.7,34567.3,34636.5,21453
1694995200,34658.5,34683.7,34645.6,34674.1,2035
1695009600,34674.6,34687.5,34653.7,34678.3,3914
1695024000,34679.3,34684.1,34635.9,34651.9,7947
1695038400,34652.4,34666.6,34576.4,34628.0,9548
1695052800,34628.5,34724.5,34538.3,34705.9,26334
1695067200,34706.9,34722.0,34597.0,34633.8,14269
1695081600,34641.7,34649.3,34629.8,34636.0,2383
1695096000,34636.0,34639.4,34613.3,34616.7,4848
1695110400,34616.2,34671.2,34597.6,34654.1,7669
1695124800,34654.7,34683.6,34583.9,34583.9,7092
1695139200,34583.9,34592.4,34305.9,34345.0,25983
1695153600,34345.1,34555.4,34339.1,34510.6,17214
1695168000,34526.2,34531.2,34499.2,34504.4,2263
1695182400,34503.9,34517.0,34474.1,34483.6,4691
1695196800,34483.1,34568.0,34478.1,34564.4,8775
1695211200,34565.0,34637.8,34551.5,34629.3,7077
1695225600,34629.8,34753.0,34572.2,34750.0,20596
1695240000,34749.5,34780.9,34425.5,34430.3,29107
1695254400,34450.8,34450.8,34397.8,34399.5,4392
1695268800,34400.0,34404.3,34348.3,34376.0,6574
1695283200,34377.0,34406.5,34339.6,34348.6,11266
1695297600,34348.6,34363.5,34195.5,34264.5,13984
1695312000,34266.4,34379.2,34163.9,34219.4,31624
1695326400,34218.9,34319.0,34023.1,34033.6,21895
1695340800,34063.5,34084.6,34034.0,34069.0,3771
1695355200,34068.5,34140.4,34051.0,34129.8,7590
1695369600,34129.3,34142.3,34041.1,34072.2,11943
1695384000,34071.7,34134.2,34053.2,34103.9,9380
1695398400,34104.4,34156.9,34000.5,34116.8,28240
1695412800,34116.8,34151.7,33946.2,33976.5,24762
1695600000,34019.0,34031.1,33972.5,34002.1,2966
1695614400,34001.1,34057.4,34000.1,34046.0,5309
1695628800,34046.0,34100.2,33891.7,33920.7,10106
1695643200,33920.6,33981.3,33871.6,33890.2,11943
1695657600,33888.7,33990.9,33780.8,33939.7,30210
1695672000,33940.7,34033.5,33864.7,34032.0,22457
1695686400,34021.9,34022.7,33909.0,33919.0,2668
1695700800,33919.5,33929.5,33871.0,33915.1,5769
1695715200,33915.1,33922.0,33774.1,33881.2,12795
1695729600,33881.2,33921.7,33823.2,33833.2,12006
1695744000,33833.2,33877.7,33653.2,33722.8,29326
1695758400,33723.3,33743.6,33566.7,33659.1,22025
1695772800,33668.8,33676.2,33635.5,33646.0,3352
1695787200,33645.5,33697.0,33643.0,33696.0,6184
1695801600,33696.0,33756.6,33680.1,33731.7,9559
1695816000,33731.8,33743.2,33685.1,33741.7,9776
1695830400,33739.7,33761.6,33420.4,33440.7,31638
1695844800,33440.2,33644.5,33301.5,33595.3,28994
1695859200,33590.1,33617.1,33550.1,33603.3,3348
1695873600,33602.3,33608.3,33496.1,33548.8,6550
1695888000,33548.8,33596.1,33482.8,33517.4,12013
1695902400,33517.2,33655.3,33461.3,33527.2,15853
1695916800,33526.7,33781.0,33454.7,33681.1,36789
1695931200,33681.6,33749.2,33585.5,33703.8,26167
1695945600,33750.7,33756.2,33635.2,33636.7,3095
1695960000,33636.2,33719.2,33621.7,33689.3,5464
1695974400,33689.8,33821.1,33672.7,33783.0,10982
1695988800,33784.0,33883.9,33773.4,33873.9,12245
1696003200,33872.9,33899.4,33527.9,33550.4,37630
1696017600,33548.9,33600.9,33400.9,33541.7,30763
1696204800,33622.6,33710.1,33602.1,33686.6,4789
1696219200,33686.1,33714.4,33654.1,33658.6,5182
1696233600,33659.1,33725.8,33603.3,33648.9,10861
1696248000,33648.3,33649.3,33421.2,33441.8,13001
1696262400,33442.3,33522.8,33215.9,33249.9,43861
1696276800,33250.8,33458.5,33247.8,33431.9,28460
1696291200,33419.1,33447.3,33363.7,33409.2,3600
1696305600,33409.2,33424.7,33343.7,33343.7,6611
1696320000,33342.7,33489.4,33328.7,33471.0,11863
1696334400,33471.0,33474.9,33237.4,33247.9,15606
1696348800,33248.4,33391.4,32981.6,33071.7,43111
1696363200,33071.2,33109.6,32907.6,32982.6,28007
1696377600,32971.4,33019.4,32961.9,32977.9,4097
1696392000,32978.4,32983.9,32863.9,32945.9,8888
1696406400,32946.9,33012.6,32816.0,32981.6,17195
1696420800,32982.6,33091.5,32970.0,33056.1,17020
1696435200,33055.6,33141.7,32870.8,33077.8,41388
1696449600,33078.3,33156.4,32903.8,33072.7,27663
1696464000,33057.6,33075.3,33025.3,33070.8,3672
1696478400,33071.3,33138.0,33066.3,33119.1,6393
1696492800,33118.6,33120.0,33007.5,33009.1,12039
1696507200,33009.6,33119.2,32969.1,33029.5,15535
1696521600,33029.4,33146.4,32936.5,32983.5,39019
1696536000,32983.9,33176.0,32936.9,33095.3,24937
1696550400,33098.1,33108.4,33075.4,33105.4,3140
1696564800,33105.4,33130.0,33077.8,33080.8,6156
1696579200,33081.3,33154.9,33051.6,33122.0,10336
1696593600,33122.5,33219.4,32848.8,32899.8,16331
1696608000,32899.8,33476.8,32842.8,33357.0,46373
1696622400,33356.5,33563.5,33344.4,33427.2,23327
1696809600,33195.1,33250.6,33147.1,33221.1,7987
1696824000,33221.1,33222.2,33171.1,33198.9,5433
1696838400,33199.4,33259.4,33111.8,33248.9,16986
1696852800,33249.9,33304.8,33194.8,33197.3,14884
1696867200,33197.3,33472.9,33192.8,33380.2,42822
1696881600,33381.2,33642.3,33366.2,33593.5,29575
1696896000,33601.8,33634.8,33594.5,33627.3,3617
1696910400,33626.8,33665.2,33613.6,33614.7,7238
1696924800,33614.7,33701.5,33580.4,33691.0,17231
1696939200,33690.5,33699.6,33616.5,33676.4,15948
1696953600,33675.4,33899.7,33592.4,33873.6,41383
1696968000,33873.1,33873.1,33716.1,33735.2,32710
1696982400,33735.0,33757.1,33719.1,33730.0,3594
1696996800,33730.0,33756.9,33718.5,33737.9,6561
1697011200,33737.9,33800.2,33712.8,33790.7,15161
1697025600,33790.2,33871.2,33769.6,33870.2,17175
1697040000,33871.2,33886.6,33648.3,33688.7,40529
1697054400,33689.3,33852.9,33610.7,33845.9,27100
1697068800,33845.7,33875.7,33829.3,33864.4,3462
1697083200,33863.9,33879.0,33848.3,33878.5,5857
1697097600,33877.5,33918.4,33853.5,33915.9,11891
1697112000,33916.4,33973.6,33833.5,33866.0,14547
1697126400,33866.0,33881.5,33651.3,33780.8,44206
1697140800,33781.3,33781.3,33448.7,33626.3,36711
1697155200,33602.6,33659.6,33602.3,33655.7,4206
1697169600,33654.2,33688.2,33646.6,33666.3,6744
1697184000,33666.8,33735.3,33645.5,33671.8,13991
1697198400,33671.3,33755.2,33574.2,33753.7,20857
1697212800,33753.7,33963.2,33590.3,33693.3,36370
1697227200,33693.3,33723.2,33546.2,33627.5,28895
1697414400,33711.9,33758.1,33695.4,33719.6,5448
1697428800,33720.1,33743.3,33693.6,33713.4,7329
1697443200,33713.9,33795.9,33670.1,33774.4,14985
1697457600,33774.4,33885.7,33758.8,33878.3,14504
1697472000,33878.3,34091.8,33840.7,33994.2,27784
1697486400,33994.2,34056.9,33888.2,34002.0,19704
1697500800,34010.1,34010.2,33965.3,33987.2,4271
1697515200,33986.7,33986.7,33925.3,33927.2,7266
1697529600,33926.2,33989.8,33878.2,33886.5,12685
1697544000,33885.5,33946.8,33863.5,33881.5,16373
1697558400,33880.5,34147.1,33809.5,34028.1,44835
1697572800,34028.1,34049.5,33848.1,33985.0,31898
1697587200,33954.9,33974.8,33901.2,33907.7,3857
1697601600,33907.2,33984.6,33900.2,33968.4,8322
1697616000,33967.9,33996.0,33905.3,33976.5,14226
1697630400,33977.0,33992.8,33859.5,33898.4,16340
1697644800,33898.9,33991.8,33740.0,33749.0,45558
1697659200,33748.5,33908.3,33594.7,33687.0,35971
1697673600,33679.6,33699.6,33636.1,33672.1,4949
1697688000,33672.1,33694.1,33576.1,33626.3,8808
1697702400,33626.8,33665.3,33539.9,33560.1,17623
1697716800,33560.6,33704.6,33551.0,33690.6,17450
1697731200,33693.6,33845.3,33497.8,33765.8,50920
1697745600,33766.3,33852.7,33357.8,33391.7,40172
1697760000,33394.3,33397.8,33351.3,33374.8,4944
1697774400,33374.3,33410.0,33329.8,33398.6,8491
1697788800,33398.1,33422.0,33296.0,33386.6,16860
1697803200,33386.9,33394.5,33266.0,33310.0,17355
1697817600,33310.5,33421.0,33200.2,33322.3,44828
1697832000,33322.3,33353.8,33087.6,33100.6,30256
1698019200,33163.2,33208.1,33157.7,33183.2,4161
1698033600,33183.2,33197.1,33150.9,33168.8,6727
1698048000,33169.3,33188.6,33017.7,33060.8,14595
1698062400,33060.8,33061.7,32896.8,32966.8,19462
1698076800,32969.3,33236.8,32885.3,33236.8,45202
1698091200,33236.3,33238.7,32914.1,33000.9,35488
1698105600,32989.6,33018.6,32962.1,32981.1,4180
1698120000,32981.6,33014.1,32929.6,33011.9,11499
1698134400,33012.4,33047.7,32947.3,33023.8,15569
1698148800,33022.8,33113.0,33007.3,33113.0,15168
1698163200,33112.5,33273.8,32984.9,33022.4,45373
1698177600,33021.9,33296.7,32994.2,33222.1,32405
1698192000,33194.8,33228.8,33157.3,33205.1,4763
1698206400,33205.1,33229.3,33181.9,33193.0,6671
1698220800,33193.0,33203.4,33110.3,33188.9,16467
1698235200,33188.4,33252.3,33127.8,33192.8,15940
1698249600,33191.8,33276.4,32981.9,33089.6,47246
1698264000,33090.1,33121.1,32992.5,33083.1,38238
1698278400,33028.9,33046.4,32964.4,32970.4,6101
1698292800,32970.4,33006.2,32939.7,32964.4,8289
1698307200,32963.9,32989.7,32900.9,32927.6,16701
1698321600,32927.6,33068.6,32854.5,33058.6,19337
1698336000,33059.1,33105.6,32791.6,32797.1,49999
1698350400,32797.1,33024.0,32737.1,32820.4,38262
1698364800,32845.5,32895.8,32839.3,32851.9,4510
1698379200,32851.4,32909.3,32846.8,32901.1,7367
1698393600,32900.6,32903.6,32810.0,32898.6,14047
1698408000,32899.1,32911.5,32687.0,32784.6,15646
1698422400,32785.6,32826.5,32551.5,32560.0,47605
1698436800,32559.5,32582.9,32319.4,32406.6,39331
1698624000,32444.8,32518.2,32437.3,32518.2,4758
1698638400,32517.2,32519.2,32477.5,32488.5,6877
1698652800,32490.0,32583.0,32484.7,32560.6,10491
1698667200,32558.6,32649.1,32557.6,32617.8,12666
1698681600,32617.3,32805.8,32605.1,32766.4,43586
1698696000,32766.9,33001.9,32747.3,32915.7,29264
1698710400,32933.5,32945.5,32893.9,32919.4,3411
1698724800,32919.9,32928.9,32861.4,32882.4,10646
1698739200,32881.4,33047.7,32856.4,33045.2,11932
1698753600,33043.2,33138.7,32921.2,32928.7,16067
1698768000,32929.7,32981.5,32787.6,32963.1,45121
1698782400,32963.1,33071.6,32933.5,32992.9,29412
1698796800,32992.1,33009.1,32959.5,32972.5,3767
1698811200,32973.0,33007.3,32949.0,32992.8,7392
1698825600,32992.3,33032.9,32915.5,32933.1,10517
1698840000,32933.6,33045.0,32911.0,33028.0,14382
1698854400,33026.5,33283.6,32992.9,33078.7,40765
1698868800,33078.2,33338.5,33052.5,33267.8,35996
1698883200,33276.2,33319.1,33264.1,33313.0,3462
1698897600,33314.0,33328.8,33282.8,33289.4,5363
1698912000,33288.9,33397.2,33270.9,33379.6,10381
1698926400,33380.6,33522.7,33360.5,33515.1,15365
1698940800,33515.6,33708.7,33441.0,33669.9,36486
1698955200,33669.9,33859.2,33660.5,33842.2,21364
1698969600,33836.6,33858.6,33817.6,33842.2,2245
1698984000,33842.2,33896.4,33832.5,33887.9,3615
1698998400,33888.9,33904.6,33838.7,33849.6,7363
1699012800,33851.1,34036.5,33827.1,33999.5,12528
1699027200,33999.5,34142.7,33940.5,34140.2,41242
1699041600,34141.2,34163.8,34051.6,34090.5,23945
1699228800,34100.6,34107.3,34071.7,34087.2,5039
1699243200,34090.2,34104.9,34084.2,34093.0,5095
1699257600,34094.0,34132.3,34085.4,34096.8,9226
1699272000,34099.3,34120.3,34069.8,34076.8,9273
1699286400,34077.3,34163.1,34041.3,34077.7,30389
1699300800,34077.7,34109.0,33988.2,34074.1,22016
1699315200,34068.7,34068.7,34023.8,34045.5,4634
1699329600,34046.0,34050.7,34008.3,34021.8,5364
1699344000,34022.3,34058.1,33994.8,34008.5,9534
1699358400,34007.2,34057.0,33973.9,34052.5,11120
1699372800,34052.5,34209.0,34019.1,34151.9,31781
1699387200,34152.9,34203.5,34108.2,34160.2,18170
1699401600,34161.0,34166.2,34132.3,34141.5,4219
1699416000,34142.0,34155.6,34113.2,34117.6,5458
1699430400,34117.1,34172.3,34105.0,34145.2,10835
1699444800,34143.2,34212.6,34131.8,34189.7,10543
1699459200,34189.8,34256.1,33992.8,34047.5,34715
1699473600,34048.0,34145.5,34016.5,34104.6,21626
1699488000,34064.9,34119.9,34064.1,34108.5,3329
1699502400,34108.0,34122.4,34085.6,34101.0,3929
1699516800,34100.5,34167.8,34079.7,34141.3,11142
1699531200,34140.8,34218.2,34135.1,34213.2,11275
1699545600,34213.3,34218.7,33985.5,34108.6,33451
1699560000,34108.6,34112.7,33856.5,33920.8,35007
1699574400,33904.5,33917.7,33857.0,33911.7,4750
1699588800,33911.2,33952.5,33901.2,33945.5,4961
1699603200,33945.0,34003.3,33905.7,33970.2,12417
1699617600,33971.2,34042.8,33890.8,34025.9,13524
1699632000,34026.4,34186.4,33903.0,34170.0,36401
1699646400,34169.0,34316.3,34115.1,34229.2,21930
1699833600,34234.5,34246.0,34191.7,34210.9,4039
1699848000,34209.9,34215.1,34149.0,34170.1,4617
1699862400,34169.6,34287.4,34167.5,34281.9,8864
1699876800,34279.4,34302.5,34203.2,34222.3,10184
1699891200,34222.8,34409.7,34202.2,34353.1,30786
1699905600,34354.1,34379.1,34304.0,34340.3,19355
1699920000,34342.4,34349.6,34323.9,34331.2,3780
1699934400,34331.2,34342.7,34314.9,34322.9,3875
1699948800,34322.4,34395.3,34314.2,34380.2,8781
1699963200,34381.7,34729.5,34285.7,34707.0,14422
1699977600,34706.5,34923.2,34645.5,34830.2,35068
1699992000,34830.2,34929.0,34765.5,34854.5,18685
1700006400,34874.6,34882.3,34838.8,34853.7,4769
1700020800,34854.2,34908.4,34850.4,34897.3,5134
1700035200,34897.3,34943.8,34870.8,34884.7,12333
1700049600,34884.7,34984.6,34866.0,34902.7,13681
1700064000,34903.2,34997.3,34862.8,34937.1,34432
1700078400,34936.6,35052.4,34910.2,34962.5,22173
1700092800,34943.1,34971.7,34908.2,34909.7,4455
1700107200,34910.2,34955.3,34887.7,34945.2,6913
1700121600,34945.2,35001.7,34944.2,34958.6,10884
1700136000,34960.6,34987.2,34873.9,34952.0,13762
1700150400,34950.5,35018.5,34822.5,34890.0,35370
1700164800,34891.2,34986.7,34816.6,34983.2,21593
1700179200,34975.3,34980.7,34957.2,34978.0,3726
1700193600,34978.0,35002.7,34967.7,34975.6,4934
1700208000,34975.7,35045.8,34955.6,35021.0,9059
1700222400,35020.0,35098.9,35017.1,35053.8,11411
1700236800,35053.3,35067.4,34879.1,34922.1,32114
1700251200,34922.1,34992.1,34903.2,34926.7,16619
1700438400,34945.1,34953.7,34917.2,34928.6,5086
1700452800,34930.1,34953.2,34916.1,34916.1,5350
1700467200,34916.6,34969.0,34907.0,34968.0,9137
1700481600,34969.0,34988.1,34893.0,34933.0,9003
1700496000,34933.0,35078.1,34906.2,35062.0,25155
1700510400,35062.1,35226.0,35060.1,35149.6,16138
1700524800,35164.1,35180.4,35157.7,35168.4,4112
1700539200,35167.9,35179.0,35154.9,35157.9,4637
1700553600,35158.4,35164.9,35098.2,35100.2,8171
1700568000,35100.3,35134.8,35078.0,35088.2,9353
1700582400,35088.8,35123.2,35036.0,35098.5,25521
1700596800,35098.0,35109.0,35049.0,35078.6,19367
1700611200,35080.6,35121.7,35067.5,35114.6,3885
1700625600,35113.6,35138.5,35106.2,35113.3,4593
1700640000,35113.8,35158.3,35097.9,35126.7,8861
1700654400,35126.2,35165.2,35087.7,35152.6,11547
1700668800,35153.1,35318.9,35138.5,35252.3,32411
1700683200,35252.4,35298.3,35190.1,35282.9,17114
1700697600,35264.4,35280.1,35239.6,35276.6,3047
1700712000,35276.6,35280.1,35252.1,35279.1,3078
1700726400,35279.1,35296.9,35264.9,35284.9,8565
1700740800,35285.0,35294.4,35261.4,35294.4,6312
1700755200,35293.5,35345.4,35281.9,35302.4,6269
1700784000,35302.8,35313.8,35291.7,35312.8,3197
1700798400,35312.3,35312.8,35287.4,35295.4,3266
1700812800,35295.4,35343.2,35283.3,35332.2,6345
1700827200,35332.2,35376.8,35302.2,35326.2,8528
1700841600,35325.2,35398.4,35300.7,35390.3,20560
1700856000,35389.3,35400.4,35379.9,35395.4,500
1701043200,35365.9,35378.2,35329.7,35338.0,3743
1701057600,35338.5,35340.5,35293.2,35294.2,3709
1701072000,35294.2,35368.8,35293.2,35305.8,7434
1701086400,35306.3,35368.9,35304.9,35336.3,8252
1701100800,35337.3,35417.1,35278.5,35312.4,24757
1701115200,35312.9,35373.4,35289.4,35350.1,14312
1701129600,35361.7,35368.8,35337.7,35353.8,3081
1701144000,35353.8,35370.7,35347.1,35358.6,3208
1701158400,35358.6,35372.1,35298.9,35356.4,9009
1701172800,35357.4,35366.5,35288.2,35323.4,8762
1701187200,35322.9,35517.4,35310.9,35407.9,27234
1701201600,35408.4,35446.9,35335.7,35428.0,19163
1701216000,35393.5,35441.1,35391.4,35430.6,3728
1701230400,35431.1,35446.1,35418.1,35436.6,4156
1701244800,35436.6,35497.4,35424.0,35490.4,9341
1701259200,35489.9,35532.2,35465.4,35490.9,10706
1701273600,35491.5,35546.6,35408.1,35541.6,30181
1701288000,35542.7,35580.7,35402.1,35520.7,19667
1701302400,35515.8,35530.0,35493.2,35511.6,4334
1701316800,35511.6,35571.2,35509.1,35562.7,4173
1701331200,35561.7,35583.0,35510.1,35570.5,9781
1701345600,35570.0,35676.4,35559.1,35633.0,10972
1701360000,35632.5,35775.6,35592.8,35689.1,34751
1701374400,35688.6,35969.4,35657.6,35935.3,22286
1701388800,35919.0,35963.6,35911.6,35957.0,3611
1701403200,35956.5,35989.0,35948.0,35962.6,4165
1701417600,35962.6,36035.0,35950.7,36010.0,9587
1701432000,36008.5,36010.6,35911.9,35916.4,9598
1701446400,35916.4,36266.2,35896.0,36250.3,36286
1701460800,36250.3,36262.6,36172.8,36256.4,18929
1701648000,36236.4,36243.9,36196.8,36228.3,5438
1701662400,36228.8,36242.9,36219.3,36228.4,3871
1701676800,36229.4,36230.4,36137.7,36177.1,9736
1701691200,36178.6,36184.2,36084.8,36089.3,9928
1701705600,36090.8,36230.5,36026.3,36165.0,30205
1701720000,36165.0,36232.4,36150.0,36178.7,16869
1701734400,36174.3,36180.3,36134.5,36149.3,4006
1701748800,36149.3,36160.0,36132.9,36148.9,4526
1701763200,36149.4,36187.1,36104.2,36168.5,9973
1701777600,36168.5,36168.5,36087.9,36092.4,11956
1701792000,36092.9,36151.1,36004.8,36103.5,36757
1701806400,36103.7,36164.6,36086.6,36111.7,17734
1701820800,36112.9,36210.5,36112.6,36204.2,3961
1701835200,36204.7,36220.0,36189.4,36202.4,4373
1701849600,36202.9,36204.9,36136.3,36162.7,9291
1701864000,36161.2,36239.5,36156.3,36212.3,9106
1701878400,36212.8,36297.5,36115.4,36136.6,31525
1701892800,36136.6,36193.7,36024.0,36055.3,18712
1701907200,36044.1,36059.4,36027.4,36031.2,4925
1701921600,36031.7,36048.3,36023.1,36033.3,5486
1701936000,36033.8,36070.4,35977.4,36004.3,9376
1701950400,36005.3,36078.3,35979.4,36073.3,10052
1701964800,36073.3,36158.1,36018.6,36121.7,31913
1701979200,36121.7,36164.3,36093.9,36097.4,16405
1701993600,36091.5,36114.6,36086.8,36098.6,3729
1702008000,36098.6,36141.4,36097.1,36127.9,3822
1702022400,36128.4,36149.3,36075.8,36129.7,6731
1702036800,36128.7,36156.7,35961.5,36065.0,11096
1702051200,36065.5,36258.6,36034.5,36171.1,34108
1702065600,36170.6,36291.1,36160.2,36236.4,16632
1702252800,36257.2,36287.0,36247.7,36261.0,6350
1702267200,36261.0,36267.2,36237.1,36254.2,4571
1702281600,36253.1,36263.1,36206.6,36229.0,9423
1702296000,36226.5,36257.6,36203.1,36223.0,7691
1702310400,36223.6,36365.8,36216.1,36340.0,28266
1702324800,36340.0,36419.0,36319.6,36415.3,14073
1702339200,36405.2,36439.2,36399.9,36422.4,4477
1702353600,36422.4,36451.1,36421.2,36424.7,3918
1702368000,36425.2,36497.5,36408.7,36492.9,6908
1702382400,36493.1,36574.2,36425.3,36430.8,11293
1702396800,36432.8,36571.3,36364.7,36510.7,24404
1702411200,36510.7,36601.8,36501.3,36587.6,15622
1702425600,36611.7,36629.6,36599.6,36625.2,3274
1702440000,36625.2,36633.1,36601.7,36620.8,3129
1702454400,36620.3,36643.2,36602.6,36625.5,6548
1702468800,36625.5,36656.7,36605.5,36647.2,7437
1702483200,36646.2,36660.5,36527.6,36591.4,20697
1702497600,36591.4,37142.3,36574.0,37103.9,30120
1702512000,37107.2,37194.9,37106.7,37182.2,5603
1702526400,37182.2,37209.1,37159.5,37180.2,5791
1702540800,37180.7,37255.8,37146.3,37165.5,13971
1702555200,37165.5,37306.3,37142.0,37306.3,15335
1702569600,37306.8,37313.8,37093.2,37226.3,39738
1702584000,37226.3,37270.8,37041.2,37235.6,23787
1702598400,37224.5,37274.0,37216.0,37269.0,4812
1702612800,37268.5,37314.0,37265.9,37309.0,4493
1702627200,37309.0,37382.1,37294.3,37380.1,9206
1702641600,37380.6,37402.2,37199.9,37234.5,13003
1702656000,37235.0,37306.4,37143.2,37269.8,32798
1702670400,37268.8,37346.1,37150.9,37288.0,23540
1702857600,37297.8,37343.2,37284.4,37324.5,3231
1702872000,37324.0,37361.0,37321.3,37357.5,2921
1702886400,37357.0,37366.0,37295.2,37346.4,6544
1702900800,37345.9,37375.5,37316.7,37339.0,7776
1702915200,37339.0,37394.3,37286.9,37337.6,24785
1702929600,37337.6,37348.5,37274.5,37290.1,13641
1702944000,37282.0,37297.1,37270.1,37286.7,2716
1702958400,37286.2,37315.0,37286.2,37308.2,3907
1702972800,37307.7,37345.5,37295.8,37324.9,7030
1702987200,37325.1,37399.5,37310.5,37378.4,7598
1703001600,37378.4,37537.1,37321.9,37500.5,22618
1703016000,37499.5,37569.5,37482.6,37537.4,12948
1703030400,37541.9,37551.9,37533.9,37549.6,2835
1703044800,37549.1,37577.6,37543.5,37564.6,2877
1703059200,37563.6,37577.8,37517.0,37538.4,8483
1703073600,37538.6,37547.0,37475.4,37492.3,7735
1703088000,37492.8,37641.3,37458.0,37632.3,21678
1703102400,37632.3,37633.5,37018.1,37084.0,29024
1703116800,37119.3,37167.9,37118.8,37147.5,3964
1703131200,37147.0,37206.5,37137.5,37203.0,3641
1703145600,37204.0,37287.0,37196.7,37269.0,7412
1703160000,37269.5,37382.3,37225.5,37323.8,8996
1703174400,37323.8,37399.3,37156.3,37172.9,40989
1703188800,37172.4,37423.3,37117.7,37376.1,27341
1703203200,37324.5,37354.7,37287.4,37294.5,3450
1703217600,37295.0,37306.9,37272.3,37275.0,3825
1703232000,37275.0,37327.9,37266.5,37305.4,6799
1703246400,37304.9,37363.4,37246.7,37360.5,8358
1703260800,37360.0,37541.1,37341.2,37471.5,30576
1703275200,37470.5,37481.6,37268.3,37362.1,22843
1703548800,37420.4,37455.4,37413.4,37443.4,2758
1703563200,37443.9,37455.7,37427.9,37449.4,1578
1703577600,37449.9,37466.7,37439.9,37447.1,1588
1703592000,37447.6,37466.7,37409.7,37436.7,3085
1703606400,37436.8,37535.7,37363.9,37507.7,17320
1703620800,37508.2,37619.1,37503.8,37562.8,11106
1703635200,37569.8,37573.4,37523.5,37541.8,3003
1703649600,37541.8,37553.7,37533.4,37552.7,2548
1703664000,37553.2,37573.5,37519.5,37552.9,7259
1703678400,37553.1,37563.5,37522.0,37525.9,6227
1703692800,37526.4,37637.5,37480.2,37604.9,21916
1703707200,37605.4,37685.2,37536.2,37658.6,20090
1703721600,37665.6,37688.5,37641.6,37687.6,2640
1703736000,37687.1,37697.1,37675.6,37695.2,2639
1703750400,37695.7,37697.7,37617.6,37636.5,5898
1703764800,37636.6,37656.6,37604.1,37604.6,7069
1703779200,37603.6,37760.6,37603.6,37745.1,22938
1703793600,37746.6,37785.6,37688.4,37721.2,17977
1703808000,37714.0,37749.6,37712.8,37737.0,2500
1703822400,37736.5,37750.1,37734.1,37746.6,2271
1703836800,37747.6,37787.2,37740.6,37745.6,4876
1703851200,37745.7,37756.1,37708.9,37713.1,6652
1703865600,37713.1,37751.9,37539.7,37626.4,29260
1703880000,37626.4,37725.6,37612.5,37667.5,21210
1704153600,37705.3,37740.9,37696.8,37705.3,2228
1704168000,37706.3,37753.6,37703.3,37740.1,1978
1704182400,37740.6,37811.4,37701.3,37709.9,8027
1704196800,37709.9,37714.0,37462.6,37484.2,13326
1704211200,37484.7,37792.9,37461.4,37763.8,34709
1704225600,37763.3,37765.0,37580.9,37729.6,23622
1704240000,37739.5,37739.6,37709.8,37713.5,2800
1704254400,37713.0,37717.5,37681.5,37689.0,2962
1704268800,37688.0,37726.8,37653.7,37658.1,9324
1704283200,37658.1,37666.2,37579.7,37584.1,11459
1704297600,37584.2,37618.5,37406.2,37555.0,34362
1704312000,37554.0,37614.7,37398.0,37444.9,28198
1704326400,37456.5,37473.4,37430.3,37467.0,3116
1704340800,37467.5,37473.2,37438.1,37442.1,3242
1704355200,37442.1,37514.3,37442.1,37483.8,9321
1704369600,37483.8,37541.1,37452.7,37515.9,11500
1704384000,37514.4,37723.3,37452.7,37539.2,33005
1704398400,37538.7,37575.3,37437.5,37490.9,23137
1704412800,37508.3,37522.2,37490.9,37507.2,3060
1704427200,37506.7,37506.7,37467.4,37469.7,3353
1704441600,37469.7,37479.4,37363.5,37368.6,9612
1704456000,37369.1,37409.3,37248.8,37382.8,14002
1704470400,37385.3,37624.8,37328.8,37358.9,39410
1704484800,37357.9,37521.6,37311.8,37444.1,27702
1704672000,37447.2,37452.7,37335.7,37339.7,2632
1704686400,37339.2,37344.8,37312.0,37327.8,2929
1704700800,37328.8,37371.9,37215.4,37290.0,11188
1704715200,37289.0,37359.9,37253.0,37320.5,10933
1704729600,37321.0,37467.5,37239.4,37454.0,28755
1704744000,37454.7,37693.8,37432.0,37648.2,19972
1704758400,37640.7,37648.4,37620.6,37630.1,3214
1704772800,37630.2,37637.8,37617.1,37620.2,3586
1704787200,37619.7,37633.8,37527.3,37570.0,8873
1704801600,37570.5,37579.0,37480.0,37481.9,10881
1704816000,37481.9,37542.7,37356.9,37514.1,28737
1704830400,37513.1,37557.9,37430.9,37498.8,25039
1704844800,37493.7,37523.7,37477.6,37491.4,3755
1704859200,37491.9,37501.2,37466.0,37480.2,4151
1704873600,37480.2,37552.1,37459.0,37526.0,9644
1704888000,37526.2,37536.5,37466.5,37511.0,9968
1704902400,37511.0,37660.3,37499.6,37585.3,27315
1704916800,37586.8,37747.9,37549.3,37699.5,22315
1704931200,37679.4,37741.0,37669.5,37740.5,4571
1704945600,37740.5,37769.0,37735.3,37756.2,3928
1704960000,37755.7,37811.1,37731.4,37740.5,9507
1704974400,37741.0,37764.5,37590.0,37626.1,14484
1704988800,37627.0,37801.5,37420.1,37548.0,44633
1705003200,37548.0,37740.0,37544.6,37691.2,26416
1705017600,37694.6,37717.9,37661.1,37685.6,5979
1705032000,37685.6,37714.0,37661.2,37680.4,5769
1705046400,37679.9,37795.7,37639.3,37752.3,13356
1705060800,37752.3,37788.3,37441.7,37619.2,19375
1705075200,37618.7,37822.1,37462.4,37540.6,42515
1705089600,37541.6,37634.6,37532.0,37544.2,22035
1705276800,37521.2,37578.1,37517.2,37574.0,4425
1705291200,37575.0,37617.9,37575.0,37594.3,4023
1705305600,37594.8,37626.2,37505.9,37544.0,10291
1705320000,37543.3,37572.9,37491.4,37514.6,14651
1705334400,37516.1,37589.7,37508.1,37568.1,8109
1705363200,37560.6,37571.0,37462.6,37500.0,5950
1705377600,37500.5,37513.3,37453.3,37454.3,5795
1705392000,37454.3,37468.0,37382.2,37430.0,14869
1705406400,37430.0,37550.2,37381.9,37444.3,14629
1705420800,37444.3,37547.7,37291.4,37299.0,42156
1705435200,37297.0,37375.6,37196.0,37343.9,23163
1705449600,37347.7,37365.3,37318.4,37332.0,4617
1705464000,37331.5,37337.0,37272.9,37275.7,6046
1705478400,37275.7,37283.7,37192.4,37227.7,16333
1705492800,37228.2,37260.6,37163.9,37174.4,14069
1705507200,37174.9,37374.0,37149.9,37253.9,35323
1705521600,37253.9,37297.9,37130.0,37259.9,23081
1705536000,37245.4,37275.7,37237.4,37262.0,4917
1705550400,37262.0,37275.9,37218.3,37246.7,5880
1705564800,37247.2,37279.8,37240.8,37260.1,11156
1705579200,37259.1,37334.7,37181.1,37185.6,13710
1705593600,37186.6,37295.5,37122.1,37192.4,35134
1705608000,37193.4,37529.2,37153.9,37469.8,25240
1705622400,37447.6,37473.3,37406.2,37440.9,5097
1705636800,37439.9,37449.8,37415.4,37417.4,5238
1705651200,37417.4,37552.5,37416.4,37545.3,11830
1705665600,37545.4,37705.8,37514.4,37645.9,11583
1705680000,37645.8,37714.7,37444.3,37714.7,35790
1705694400,37715.7,37947.2,37684.8,37877.7,24551
1705881600,37917.8,37967.8,37881.9,37929.5,6189
1705896000,37930.0,37939.5,37901.0,37907.7,5308
1705910400,37906.2,37933.6,37873.8,37908.7,11408
1705924800,37907.7,37971.0,37895.2,37968.5,9143
1705939200,37968.0,38110.7,37924.0,37986.7,32926
1705953600,37987.7,38023.5,37907.1,37997.2,21299
1705968000,37980.8,38003.8,37968.6,37994.8,4226
1705982400,37994.8,38012.5,37982.4,37990.1,6309
1705996800,37990.6,38023.2,37968.8,37993.3,8956
1706011200,37992.8,38000.8,37922.3,37959.9,10175
1706025600,37958.9,37986.9,37791.6,37863.8,27385
1706040000,37864.3,37937.4,37843.8,37922.9,16926
1706054400,37924.4,37936.3,37909.9,37913.7,3252
1706068800,37914.2,37939.7,37905.6,37930.4,3909
1706083200,37930.4,37978.1,37929.6,37975.0,9936
1706097600,37974.0,38078.1,37936.6,38057.0,8885
1706112000,38057.5,38068.3,37923.0,38050.0,32053
1706126400,38050.2,38052.6,37776.4,37851.2,26877
1706140800,37880.6,37888.9,37815.1,37871.4,3886
1706155200,37872.4,37902.6,37854.4,37901.5,4128
1706169600,37901.0,37930.7,37882.3,37915.6,9338
1706184000,37916.1,37926.8,37753.6,37902.1,10679
1706198400,37903.1,38036.4,37790.0,37826.0,38307
1706212800,37826.5,38057.9,37807.8,38004.7,28068
1706227200,37986.6,38001.8,37955.2,37972.6,4091
1706241600,37972.1,37991.0,37912.9,37940.0,4844
1706256000,37940.5,37987.0,37897.3,37980.5,10495
1706270400,37980.0,38070.4,37949.3,38057.4,11972
1706284800,38057.4,38221.0,37973.4,38063.2,34278
1706299200,38064.2,38133.2,38021.2,38095.9,21957
1706486400,38021.7,38052.0,38008.3,38046.7,3768
1706500800,38047.2,38058.8,38031.8,38058.8,3549
1706515200,38060.8,38108.1,38047.1,38049.1,6971
1706529600,38049.2,38112.2,38038.2,38092.1,7069
1706544000,38092.6,38173.2,38064.8,38084.8,24571
1706558400,38085.8,38350.1,38057.4,38308.9,18424
1706572800,38297.9,38316.6,38275.6,38301.4,3483
1706587200,38300.9,38308.1,38279.1,38290.1,3324
1706601600,38290.6,38304.5,38251.9,38286.4,8353
1706616000,38285.9,38301.0,38238.4,38252.0,6947
1706630400,38252.0,38409.2,38248.5,38383.7,27133
1706644800,38383.2,38500.5,38376.8,38475.9,18386
1706659200,38502.4,38504.4,38451.5,38476.2,4196
1706673600,38476.2,38493.6,38467.9,38471.5,3547
1706688000,38471.5,38543.1,38444.4,38494.1,7616
1706702400,38493.6,38561.0,38468.4,38510.0,9649
1706716800,38509.5,38579.0,38411.4,38507.9,32928
1706731200,38507.9,38560.1,38117.5,38142.9,36753
1706745600,38151.8,38217.2,38137.8,38203.5,4639
1706760000,38203.5,38237.4,38198.7,38199.2,4586
1706774400,38199.7,38216.9,38161.4,38209.4,9951
1706788800,38209.5,38244.9,38126.2,38173.3,9209
1706803200,38172.3,38490.8,38102.2,38430.1,38749
1706817600,38431.1,38531.7,38345.2,38531.2,29652
1706832000,38531.2,38545.2,38502.4,38545.2,3871
1706846400,38545.7,38547.8,38517.2,38522.8,3394
1706860800,38523.3,38543.0,38493.7,38510.6,6706
1706875200,38511.1,38588.1,38363.4,38373.9,10520
1706889600,38373.9,38606.1,38324.4,38560.9,42173
1706904000,38561.9,38783.6,38561.9,38650.3,31191
1707091200,38636.2,38675.2,38561.7,38600.9,6503
1707105600,38601.4,38605.4,38554.1,38574.5,4566
1707120000,38574.5,38602.9,38520.2,38539.3,6959
1707134400,38538.8,38692.6,38531.3,38544.8,8008
1707148800,38545.8,38600.6,38210.1,38368.7,33165
1707163200,38369.4,38485.8,38320.5,38338.4,23078
1707177600,38339.5,38353.3,38315.3,38351.2,3480
1707192000,38351.7,38377.6,38346.7,38362.3,4065
1707206400,38362.3,38393.6,38310.0,38312.0,8054
1707220800,38312.5,38395.0,38276.1,38387.6,9047
1707235200,38387.6,38541.4,38353.8,38477.5,37989
1707249600,38478.5,38523.8,38398.0,38469.2,24682
1707264000,38501.7,38573.2,38495.8,38545.9,4281
1707278400,38545.9,38560.3,38520.4,38533.3,4715
1707292800,38532.8,38558.1,38514.0,38531.0,7290
1707307200,38530.5,38594.9,38455.6,38579.9,8858
1707321600,38579.4,38731.7,38567.2,38686.6,35663
1707336000,38686.6,38752.7,38646.8,38693.4,21411
1707350400,38662.5,38683.9,38649.1,38679.9,2650
1707364800,38680.4,38690.2,38667.9,38677.9,2786
1707379200,38677.4,38706.6,38648.7,38663.6,6346
1707393600,38663.6,38711.4,38612.6,38691.6,8380
1707408000,38689.6,38746.4,38537.4,38613.3,26073
1707422400,38613.8,38747.3,38608.4,38719.6,17279
1707436800,38708.0,38725.3,38699.5,38705.5,3483
1707451200,38705.5,38720.6,38695.6,38696.1,2909
1707465600,38695.6,38749.4,38695.6,38732.9,5981
1707480000,38732.4,38894.4,38726.5,38793.6,9613
1707494400,38793.6,38793.6,38561.3,38647.7,26817
1707508800,38647.7,38718.7,38621.2,38640.0,15639
1707696000,38634.2,38688.8,38631.3,38666.8,2263
1707710400,38666.3,38680.8,38657.8,38658.8,1489
1707724800,38658.3,38672.1,38602.2,38622.6,5336
1707739200,38622.1,38661.2,38619.1,38624.6,5085
1707753600,38625.7,38894.2,38621.2,38888.1,24941
1707768000,38888.1,38932.2,38750.5,38780.0,24238
1707782400,38786.9,38788.6,38751.3,38764.9,3007
1707796800,38764.4,38767.9,38744.9,38758.8,2350
1707811200,38759.3,38820.7,38699.8,38746.6,9105
1707825600,38745.6,38774.7,38437.4,38451.9,15254
1707840000,38452.9,38506.4,38237.4,38296.7,39539
1707854400,38295.2,38300.5,38036.3,38265.8,29571
1707868800,38252.8,38271.6,38232.6,38249.7,4270
1707883200,38250.2,38267.9,38237.9,38254.4,3626
1707897600,38253.9,38387.6,38252.8,38378.1,8818
1707912000,38378.2,38424.1,38322.1,38373.0,10852
1707926400,38374.0,38423.5,38192.4,38302.6,35619
1707940800,38303.6,38458.0,38224.4,38445.5,27416
1707955200,38402.5,38407.3,38359.5,38387.1,3092
1707969600,38386.6,38431.2,38383.6,38429.1,3004
1707984000,38430.1,38508.5,38415.7,38492.9,7753
1707998400,38493.4,38528.2,38441.5,38481.8,10360
1708012800,38480.3,38667.4,38431.8,38606.4,32613
1708027200,38606.5,38783.2,38586.0,38769.1,23031
1708041600,38764.4,38765.8,38693.2,38716.9,3801
1708056000,38717.4,38727.7,38701.2,38702.2,3526
1708070400,38701.7,38749.9,38701.2,38717.4,6454
1708084800,38716.4,38754.0,38603.2,38663.8,10260
1708099200,38664.3,38783.0,38566.2,38755.0,34947
1708113600,38755.5,38830.6,38575.7,38580.7,24730
1708300800,38626.5,38662.5,38614.3,38638.3,4476
1708315200,38638.3,38646.6,38625.1,38643.6,3615
1708329600,38643.1,38652.6,38597.7,38643.9,8114
1708344000,38644.4,38666.7,38622.4,38646.2,7073
1708358400,38645.7,38653.2,38599.2,38636.7,5553
1708372800,38649.75,38649.75,38649.75,38649.75,3
1708387200,38625.3,38626.7,38499.7,38501.2,5386
1708401600,38501.2,38524.4,38492.2,38511.6,5095
1708416000,38511.1,38578.1,38488.4,38565.1,10338
1708430400,38563.6,38566.6,38450.3,38496.6,12590
1708444800,38496.6,38664.1,38457.2,38527.3,37549
1708459200,38526.8,38607.8,38482.6,38595.7,28321
1708473600,38564.6,38592.8,38520.2,38534.9,4712
1708488000,38535.4,38542.3,38516.0,38533.2,4183
1708502400,38532.7,38561.0,38463.9,38494.8,9953
1708516800,38493.8,38533.9,38479.8,38501.3,10785
1708531200,38502.3,38548.2,38384.2,38508.9,32310
1708545600,38511.0,38679.5,38335.8,38592.5,34298
1708560000,38582.0,38688.5,38572.5,38649.4,6286
1708574400,38649.9,38694.0,38633.7,38676.4,4586
1708588800,38675.9,38850.9,38673.9,38708.1,12428
1708603200,38707.6,38840.9,38692.4,38830.9,12677
1708617600,38830.4,39004.9,38790.8,38959.5,35614
1708632000,38958.5,39158.0,38929.6,39036.4,24804
1708646400,39056.9,39095.0,39029.4,39089.2,4338
1708660800,39089.7,39118.5,39087.7,39115.5,3036
1708675200,39116.0,39121.5,39036.8,39056.3,7753
1708689600,39055.8,39137.3,39043.9,39123.7,8272
1708704000,39122.7,39286.3,39122.2,39169.8,36838
1708718400,39169.8,39193.8,39089.3,39112.6,23283
1708905600,39113.6,39141.3,39061.5,39078.4,5045
1708920000,39078.9,39104.9,39072.3,39088.9,3168
1708934400,39088.4,39120.6,39056.8,39073.2,6192
1708948800,39072.4,39166.3,39068.3,39153.3,6458
1708963200,39153.4,39241.7,39103.7,39115.2,28916
1708977600,39115.7,39147.8,39022.1,39060.4,23502
1708992000,39049.3,39076.7,39019.3,39046.9,3717
1709006400,39047.4,39067.2,39025.4,39052.6,3808
1709020800,39052.6,39103.5,39043.9,39087.5,6541
1709035200,39087.6,39112.0,39035.5,39060.4,7956
1709049600,39061.4,39062.5,38882.0,38896.2,28415
1709064000,38895.7,38997.2,38876.8,38968.0,19443
1709078400,38934.9,38938.3,38917.6,38933.8,2709
1709092800,38934.3,38949.8,38926.8,38933.8,2725
1709107200,38933.3,38935.2,38795.9,38804.4,7460
1709121600,38803.4,38891.7,38797.1,38865.8,10512
1709136000,38866.8,38937.4,38739.7,38870.9,25069
1709150400,38871.4,38950.7,38784.2,38820.0,19688
1709164800,38872.5,38896.7,38843.0,38891.8,3412
1709179200,38892.3,38954.4,38892.3,38941.4,3894
1709193600,38940.4,38940.9,38788.7,38825.4,10149
1709208000,38824.4,39012.1,38803.8,39003.6,11797
1709222400,39004.1,39074.6,38805.6,38923.3,37505
1709236800,38922.8,39050.9,38883.7,38970.3,21854
1709251200,38998.4,39020.7,38931.7,39018.1,4568
1709265600,39018.1,39034.0,39006.2,39017.7,3532
1709280000,39017.7,39045.8,38957.9,38975.0,7228
1709294400,38976.0,38982.9,38882.3,38966.6,11561
1709308800,38966.1,39088.9,38842.6,39058.8,34336
1709323200,39059.8,39124.9,39033.8,39051.6,21581
1709510400,39068.4,39076.3,39039.6,39050.5,3385
1709524800,39050.0,39052.9,39028.0,39031.5,2317
1709539200,39031.0,39046.3,39011.8,39024.3,4994
1709553600,39024.3,39026.8,38889.5,38895.6,7009
1709568000,38896.6,39072.9,38863.1,39044.9,26663
1709582400,39045.0,39087.1,38944.0,38947.5,18282
1709596800,38948.8,38955.4,38925.1,38945.4,3652
1709611200,38946.4,38949.1,38903.6,38909.6,2989
1709625600,38909.6,38949.6,38881.4,38928.6,6781
1709640000,38929.6,38962.1,38833.2,38862.8,7945
1709654400,38864.8,38892.0,38656.0,38697.1,36296
1709668800,38697.8,38718.7,38453.7,38601.8,28964
1709683200,38572.1,38592.9,38545.4,38561.4,3389
1709697600,38562.4,38579.7,38557.4,38564.2,3146
1709712000,38563.7,38668.0,38559.4,38658.5,6498
1709726400,38659.0,38761.1,38632.0,38759.6,10315
1709740800,38759.1,38864.0,38681.9,38764.1,38261
1709755200,38763.6,38799.6,38558.4,38681.3,36899
1709769600,38668.4,38680.5,38588.0,38591.0,5559
1709784000,38593.0,38649.5,38570.0,38628.9,5499
1709798400,38629.4,38653.0,38521.2,38640.3,10253
1709812800,38639.8,38790.2,38639.8,38773.3,10837
1709827200,38773.8,38916.3,38727.9,38785.3,35663
1709841600,38786.3,38888.4,38720.9,38791.7,24407
1709856000,38758.4,38784.6,38747.4,38763.9,3949
1709870400,38761.9,38786.8,38740.9,38775.0,4051
1709884800,38775.5,38818.8,38732.2,38744.8,8302
1709899200,38744.3,38825.6,38596.1,38787.1,14481
1709913600,38787.6,38970.2,38721.6,38780.2,47131
1709928000,38780.7,38924.2,38694.1,38751.9,33470
1710115200,38712.7,38743.2,38677.2,38710.0,6369
1710129600,38710.5,38748.3,38643.4,38652.2,5790
1710144000,38651.7,38700.0,38549.9,38590.9,11117
1710158400,38590.4,38653.9,38538.3,38573.3,14777
1710172800,38573.3,38729.5,38474.4,38705.5,39387
1710187200,38705.5,38800.0,38667.5,38783.2,27487
1710201600,38799.7,38825.2,38790.1,38792.1,3722
1710216000,38792.1,38826.9,38791.9,38822.9,3263
1710230400,38822.9,38847.3,38754.9,38768.8,6647
1710244800,38768.3,38922.4,38638.9,38841.4,13813
1710259200,38844.9,39074.6,38708.9,38870.9,39865
1710273600,38871.9,39074.7,38822.0,39011.2,23128
1710288000,38977.6,39021.5,38974.2,38985.9,2467
1710302400,38984.9,38994.9,38955.3,38994.4,4242
1710316800,38994.4,39033.8,38988.7,39011.6,6805
1710331200,39011.7,39056.6,39008.4,39048.6,8794
1710345600,39047.6,39193.6,39021.4,39135.9,27136
1710360000,39135.4,39205.9,38928.7,39078.1,21492
1710374400,39075.7,39089.5,39057.2,39078.5,2328
1710388800,39078.0,39088.4,39067.5,39082.0,2947
1710403200,39081.5,39182.3,39076.5,39176.3,5823
1710417600,39176.8,39229.1,39138.1,39171.6,10721
1710432000,39172.1,39186.1,38838.6,38900.1,43014
1710446400,38900.1,38953.5,38696.5,38920.6,31884
1710460800,38893.7,38909.8,38860.0,38894.9,3420
1710475200,38895.9,38913.4,38880.4,38886.9,4807
1710489600,38886.4,38939.5,38868.0,38917.5,6993
1710504000,38918.5,38991.5,38918.5,38964.5,10314
1710518400,38965.0,38971.4,38614.8,38623.3,43348
1710532800,38622.8,38778.3,38618.0,38709.1,29242
1710720000,38697.1,38725.4,38666.6,38694.2,3414
1710734400,38693.2,38750.7,38685.5,38744.7,3945
1710748800,38745.2,38758.2,38657.7,38719.2,5638
1710763200,38721.2,38825.6,38672.6,38789.2,9399
1710777600,38789.3,38902.3,38769.0,38829.2,31903
1710792000,38830.3,38892.4,38756.5,38788.8,22194
1710806400,38813.9,38817.2,38763.3,38764.9,3584
1710820800,38764.4,38798.8,38743.3,38785.3,6585
1710835200,38785.8,38821.2,38761.5,38789.6,8464
1710849600,38790.1,38799.7,38687.2,38760.8,12410
1710864000,38761.8,39113.2,38743.2,39079.3,30716
1710878400,39081.3,39119.8,38990.9,39109.8,22806
1710892800,39103.7,39115.5,39090.4,39097.6,1791
1710907200,39098.1,39102.0,39080.2,39088.0,2730
1710921600,39087.0,39131.6,39075.1,39103.0,5109
1710936000,39102.5,39105.1,39037.1,39041.6,7016
1710950400,39041.6,39181.8,38997.3,39172.8,21767
1710964800,39170.8,39548.6,39080.1,39517.7,34766
1710979200,39522.4,39592.4,39515.6,39585.8,3930
1710993600,39584.8,39640.2,39578.7,39640.2,3933
1711008000,39639.7,39687.1,39630.1,39637.5,7108
1711022400,39637.5,39653.8,39589.1,39641.6,9780
1711036800,39641.7,39891.8,39588.3,39854.4,32118
1711051200,39853.9,39872.1,39767.3,39837.7,23114
1711065600,39792.9,39834.8,39777.7,39831.0,2547
1711080000,39830.0,39832.0,39774.6,39811.5,5090
1711094400,39811.0,39825.4,39765.8,39809.8,6649
1711108800,39809.3,39850.9,39737.1,39770.3,9516
1711123200,39769.3,39818.0,39537.6,39594.1,27066
1711137600,39594.1,39618.5,39424.0,39429.5,18725
1711324800,39433.8,39453.3,39411.3,39435.1,3000
1711339200,39434.6,39449.6,39403.2,39413.4,4244
1711353600,39413.9,39459.7,39380.7,39436.4,5432
1711368000,39435.9,39440.5,39364.0,39410.9,8453
1711382400,39411.0,39432.6,39321.8,39338.3,24689
1711396800,39338.3,39364.8,39294.9,39315.4,13510
1711411200,39336.3,39367.1,39321.2,39363.7,2211
1711425600,39363.2,39365.6,39330.5,39346.7,3619
1711440000,39347.2,39388.4,39332.0,39369.9,5328
1711454400,39370.4,39429.0,39351.25,39359.85,8146
1711468800,39357.85,39442.45,39302.85,39407.55,23091
1711483200,39408.05,39418.65,39275.55,39341.45,15043
1711497600,39379.2,39405.65,39365.3,39403.25,2150
1711512000,39402.75,39456.55,39402.75,39456.45,3237
1711526400,39456.45,39481.55,39424.25,39439.75,5974
1711540800,39439.75,39506.35,39439.75,39489.15,7146
1711555200,39489.15,39623.65,39457.35,39564.75,26785
1711569600,39564.75,39797.15,39535.85,39784.65,20617
1711584000,39747.4,39752.75,39718.5,39749.05,3496
1711598400,39749.05,39751.05,39723.55,39738.05,3573
1711612800,39737.55,39777.85,39713.35,39758.85,5056
1711627200,39758.85,39807.65,39733.35,39803.25,8053
1711641600,39803.75,39855.65,39717.45,39772.05,23476
1711656000,39771.55,39867.25,39736.05,39780.85,18024
1711929600,39899.3,39987.4,39866.8,39945.35,4504
1711944000,39944.85,39957.35,39913.25,39957.35,4118
1711958400,39957.85,39962.85,39916.35,39933.75,3188
1711972800,39933.25,39936.85,39770.55,39802.25,5281
1711987200,39803.75,39820.25,39482.05,39542.95,28926
1712001600,39543.45,39577.35,39364.75,39426.15,18320
1712016000,39442.4,39450.3,39401.1,39434.45,3490
1712030400,39433.45,39448.85,39414.85,39423.85,4746
1712044800,39423.35,39473.45,39406.05,39433.05,9778
1712059200,39433.15,39464.15,39248.45,39250.85,11201
1712073600,39251.35,39262.85,39048.55,39117.55,34518
1712088000,39119.05,39216.05,39046.55,39189.95,17318
1712102400,39182.3,39190.6,39112.65,39121.95,3322
1712116800,39122.45,39129.85,39105.05,39119.75,5168
1712131200,39120.25,39172.25,39083.25,39148.25,9517
1712145600,39148.45,39203.85,39114.15,39139.65,10137
1712160000,39139.65,39312.05,39118.65,39222.75,31933
1712174400,39225.75,39245.85,39009.65,39165.45,21419
1712188800,39135.2,39225.1,39130.5,39170.55,3580
1712203200,39170.55,39218.35,39165.05,39214.75,3354
1712217600,39214.75,39264.55,39180.45,39242.05,7767
1712232000,39243.05,39356.95,39233.65,39349.95,8730
1712246400,39349.95,39425.35,39241.95,39307.55,23207
1712260800,39307.55,39320.15,38560.15,38608.05,37275
1712275200,38619.9,38655.9,38549.35,38609.75,6828
1712289600,38609.75,38634.95,38571.25,38623.95,6382
1712304000,38623.45,38680.95,38617.95,38663.75,11043
1712318400,38663.25,38761.25,38585.65,38668.75,14489
1712332800,38669.25,39052.35,38608.65,39044.95,44353
1712347200,39042.95,39048.45,38828.65,38921.75,34261
1712534400,38985.6,39000.6,38894.55,38929.45,3736
1712548800,38929.95,38947.55,38860.45,38883.85,5818
1712563200,38884.35,38960.55,38799.85,38865.45,11897
1712577600,38866.45,38974.15,38850.35,38964.15,11396
1712592000,38964.65,39013.15,38852.15,38947.65,36620
1712606400,38947.15,38975.05,38875.95,38919.75,20877
1712620800,38924.5,38924.8,38893.15,38897.55,2186
1712635200,38898.55,38911.75,38876.25,38907.95,3360
1712649600,38907.95,38917.75,38840.95,38868.95,7702
1712664000,38868.45,38968.75,38843.95,38942.95,11595
1712678400,38942.95,38992.75,38562.05,38726.15,40919
1712692800,38728.15,38972.65,38665.85,38903.95,29197
1712707200,38915.1,38931.55,38903.4,38925.55,2017
1712721600,38926.55,38927.05,38894.75,38917.05,2805
1712736000,38917.55,38957.65,38897.75,38946.95,7454
1712750400,38947.95,39028.45,38356.95,38451.45,16154
1712764800,38453.95,38599.75,38334.25,38445.25,46148
1712779200,38446.75,38509.15,38300.15,38418.95,38147
1712793600,38389.45,38428.95,38362.45,38405.65,4427
1712808000,38404.65,38489.15,38398.15,38489.15,5003
1712822400,38488.65,38491.55,38380.35,38380.85,11771
1712836800,38380.35,38520.65,38267.65,38487.15,21536
1712851200,38487.15,38566.15,38195.15,38347.75,44947
1712865600,38347.25,38600.45,38319.65,38477.35,31273
1712880000,38483.75,38512.95,38464.75,38499.05,3139
1712894400,38499.05,38513.45,38480.95,38495.35,3811
1712908800,38494.85,38567.95,38484.25,38515.35,10446
1712923200,38515.85,38527.35,38186.85,38188.85,16995
1712937600,38188.85,38290.25,37971.35,37971.35,40579
1712952000,37973.35,38019.35,37871.45,37979.25,30593
1713139200,37984.75,38104.75,37971.25,38056.75,8264
1713153600,38056.25,38097.35,37999.25,38092.25,6348
1713168000,38093.25,38175.95,38092.25,38095.05,14068
1713182400,38095.35,38318.95,38047.95,38270.95,15583
1713196800,38270.95,38376.95,37975.55,38006.55,45908
1713211200,38007.55,38048.55,37657.55,37697.85,40867
1713225600,37738.25,37772.75,37693.25,37731.35,5055
1713240000,37732.35,37739.25,37591.25,37664.75,8506
1713254400,37665.75,37725.45,37635.45,37704.55,16411
1713268800,37701.55,38033.95,37654.95,37975.45,18341
1713283200,37975.95,37997.45,37751.05,37865.05,47897
1713297600,37865.55,37990.45,37700.45,37821.75,37745
1713312000,37870.25,37910.85,37823.75,37851.75,4291
1713326400,37851.25,37895.95,37835.75,37885.95,5617
1713340800,37884.45,37970.45,37730.85,37944.55,16475
1713355200,37945.55,37996.55,37810.45,37828.45,14545
1713369600,37826.45,38011.95,37606.15,37664.65,49355
1713384000,37665.65,37963.15,37653.55,37744.95,38605
1713398400,37747.75,37784.95,37740.45,37778.35,3219
1713412800,37779.35,37834.05,37763.55,37816.55,4795
1713427200,37817.05,37869.45,37775.75,37795.85,11377
1713441600,37795.85,37882.25,37750.15,37845.25,13287
1713456000,37845.75,38087.15,37780.65,37798.75,45819
1713470400,37797.75,37867.85,37670.15,37750.65,39173
1713484800,37791.05,37796.65,37589.55,37607.55,6045
1713499200,37607.05,37622.55,37234.05,37488.65,25324
1713513600,37488.15,37674.75,37453.55,37624.25,16179
1713528000,37624.25,37813.25,37611.25,37762.25,17684
1713542400,37761.25,38001.65,37752.65,37971.65,50714
1713556800,37970.15,38111.15,37854.35,37965.65,42367
1713744000,38056.95,38125.45,38027.45,38037.45,6279
1713758400,38036.95,38077.95,38022.95,38069.55,7063
1713772800,38070.55,38167.15,38051.65,38109.75,9862
1713787200,38108.75,38222.25,38102.65,38176.75,11820
1713801600,38177.25,38213.15,37981.65,38205.55,39078
1713816000,38207.45,38455.75,38193.95,38242.45,31195
1713830400,38267.95,38277.75,38203.15,38271.35,3916
1713844800,38270.35,38272.15,38214.15,38241.65,4795
1713859200,38241.65,38321.65,38222.75,38252.35,9377
1713873600,38251.85,38364.95,38245.15,38357.95,11123
1713888000,38358.45,38513.45,38293.45,38485.55,39472
1713902400,38485.05,38565.15,38454.45,38529.95,26376
1713916800,38511.35,38528.05,38490.85,38525.95,3122
1713931200,38525.95,38566.35,38515.05,38548.25,3548
1713945600,38549.25,38575.55,38485.15,38503.25,8792
1713960000,38503.25,38528.25,38427.15,38441.15,11927
1713974400,38440.15,38524.55,38301.05,38386.95,43037
1713988800,38386.45,38552.45,38344.55,38397.05,34473
1714003200,38368.05,38434.85,38360.05,38429.35,3972
1714017600,38429.85,38432.85,38392.95,38403.35,3588
1714032000,38403.35,38424.45,38352.45,38374.65,9594
1714046400,38373.65,38375.55,38018.85,38043.35,15395
1714060800,38047.25,38061.85,37748.85,38005.05,45565
1714075200,38006.05,38210.45,37972.95,38138.25,32227
1714089600,38142.25,38146.25,38096.25,38124.45,3806
1714104000,38124.95,38159.25,38108.25,38143.45,4413
1714118400,38144.45,38191.55,38130.45,38160.15,7919
1714132800,38161.15,38276.95,38097.95,38143.95,13578
1714147200,38144.95,38310.75,38051.95,38309.25,41608
1714161600,38309.25,38337.75,38230.65,38254.75,22899
1714348800,38295.15,38356.95,38290.15,38351.35,2082
1714363200,38351.35,38375.55,38340.85,38362.95,3867
1714377600,38362.45,38366.05,38291.85,38295.45,6131
1714392000,38295.05,38322.85,38266.65,38312.35,6883
1714406400,38312.85,38401.25,38276.85,38355.25,30123
1714420800,38355.75,38406.25,38206.05,38374.85,24067
1714435200,38364.35,38371.15,38338.45,38341.65,1803
1714449600,38342.15,38353.15,38327.45,38340.95,2090
1714464000,38340.95,38376.15,38309.35,38326.15,5987
1714478400,38326.65,38389.45,38189.05,38214.05,10913
1714492800,38214.55,38278.95,37946.85,37986.45,38911
1714507200,37984.95,38074.55,37753.55,37782.75,31605
1714521600,37821.65,37825.65,37786.65,37814.85,3726
1714536000,37815.85,37858.75,37810.35,37852.95,2974
1714550400,37852.45,37852.95,37756.35,37790.35,4868
1714564800,37789.85,37805.35,37701.35,37771.35,9938
1714579200,37770.85,37962.45,37758.35,37905.35,31060
1714593600,37905.35,38359.85,37879.35,37942.65,39818
1714608000,37979.15,38066.65,37966.15,38053.65,3646
1714622400,38054.15,38087.65,38038.15,38061.45,3845
1714636800,38061.45,38089.75,38007.25,38021.95,9465
1714651200,38022.45,38156.85,38019.85,38098.85,10941
1714665600,38099.35,38160.75,37891.85,38057.65,42529
1714680000,38059.65,38425.75,38057.15,38406.75,33264
1714694400,38495.15,38544.65,38445.15,38478.45,3830
1714708800,38477.95,38491.15,38450.05,38453.55,3026
1714723200,38453.05,38511.55,38433.95,38491.95,6489
1714737600,38491.95,38782.85,38488.05,38717.05,12709
1714752000,38717.05,38807.05,38505.65,38648.35,44299
1714766400,38648.85,38736.85,38638.75,38701.35,21261
1714953600,38739.65,38750.95,38693.25,38709.05,2801
1714968000,38708.55,38723.95,38704.35,38705.75,1990
1714982400,38705.75,38744.45,38695.75,38738.45,4382
1714996800,38738.65,38845.65,38736.05,38833.65,5224
1715011200,38832.65,38879.15,38686.65,38757.05,21769
1715025600,38757.55,38862.65,38744.15,38846.25,15166
1715040000,38836.65,38865.45,38829.75,38861.05,2006
1715054400,38861.05,38875.25,38839.95,38864.25,2513
1715068800,38865.25,38921.45,38844.95,38919.55,5143
1715083200,38919.65,38936.55,38863.95,38883.35,6662
1715097600,38883.35,38981.35,38860.85,38896.25,21337
1715112000,38896.35,38949.25,38835.25,38880.95,18351
1715126400,38866.45,38890.25,38854.45,38883.15,2305
1715140800,38882.65,38889.35,38856.75,38865.25,2462
1715155200,38865.35,38916.75,38860.75,38879.25,5092
1715169600,38879.35,38915.35,38798.05,38823.85,7500
1715184000,38823.85,38984.45,38819.15,38963.85,26379
1715198400,38964.85,39098.35,38937.45,39040.25,17735
1715212800,39042.75,39067.65,39036.75,39047.55,2319
1715227200,39048.05,39060.75,39022.15,39023.35,3046
1715241600,39024.35,39030.55,38978.35,38980.95,5647
1715256000,38980.95,39026.75,38950.25,38993.75,9504
1715270400,38993.65,39273.05,38973.75,39258.75,28441
1715284800,39257.75,39451.45,39251.85,39437.95,18298
1715299200,39433.95,39460.95,39433.45,39453.25,2379
1715313600,39454.25,39458.15,39426.05,39449.05,2816
1715328000,39448.55,39500.65,39442.75,39498.05,6162
1715342400,39498.05,39535.25,39470.05,39482.75,6713
1715356800,39482.75,39580.55,39395.65,39494.15,31099
1715371200,39493.65,39542.95,39442.75,39489.85,17398
1715558400,39494.55,39513.25,39485.55,39508.55,2040
1715572800,39509.05,39528.65,39493.75,39520.45,3039
1715587200,39520.95,39556.85,39509.45,39525.45,5198
1715601600,39524.45,39609.95,39519.55,39593.55,5374
1715616000,39593.55,39655.75,39476.85,39476.85,24985
1715630400,39476.35,39476.35,39396.15,39420.45,17898
1715644800,39427.45,39456.35,39424.35,39438.95,1638
1715659200,39438.45,39446.55,39428.05,39436.05,2623
1715673600,39435.55,39466.85,39427.85,39461.25,4508
1715688000,39460.25,39509.55,39292.05,39475.15,10847
1715702400,39475.15,39547.95,39401.55,39416.75,34314
1715716800,39417.45,39616.75,39372.35,39554.05,18643
1715731200,39560.75,39584.55,39560.75,39574.15,2183
1715745600,39574.65,39607.15,39568.95,39572.25,2537
1715760000,39572.25,39589.65,39544.65,39571.55,4865
1715774400,39571.65,39775.75,39531.25,39711.75,10934
1715788800,39710.75,39852.15,39669.25,39842.15,29356
1715803200,39842.65,39942.15,39806.15,39884.95,16830
1715817600,39862.15,39964.45,39861.65,39964.45,3050
1715832000,39963.45,39980.15,39949.85,39964.75,3369
1715846400,39964.75,39966.05,39910.45,39922.95,6311
1715860800,39924.15,39943.25,39883.35,39895.35,7601
1715875200,39895.35,40053.05,39871.85,39994.85,25394
1715889600,39995.35,40005.25,39838.85,39852.35,21940
1715904000,39865.55,39893.45,39861.75,39888.85,2242
1715918400,39888.85,39895.05,39848.55,39855.65,2513
1715932800,39855.65,39891.75,39821.25,39842.85,5839
1715947200,39843.05,39903.25,39842.95,39900.35,6651
1715961600,39900.35,39935.25,39839.65,39933.25,24084
1715976000,39932.25,40012.05,39857.15,39998.85,17585
1716163200,40031.45,40048.05,40019.05,40043.85,2402
1716177600,40043.35,40052.35,40024.05,40030.55,2591
1716192000,40030.05,40037.05,39998.15,40011.65,4111
1716206400,40011.75,40046.15,39988.65,40003.95,4853
1716220800,40005.45,40079.35,39901.55,39975.75,22164
1716235200,39975.25,39994.35,39782.65,39802.75,17857
1716249600,39812.45,39814.85,39785.35,39801.95,1680
1716264000,39801.95,39823.45,39793.85,39822.95,2580
1716278400,39822.45,39836.25,39794.25,39811.75,4555
1716292800,39811.75,39838.25,39791.65,39817.85,5874
1716307200,39818.85,39892.15,39777.25,39819.55,21716
1716321600,39818.05,39904.75,39780.65,39871.85,14093
1716336000,39881.95,39899.75,39879.35,39888.45,1368
1716350400,39887.95,39909.25,39878.85,39886.05,2208
1716364800,39886.55,39896.05,39823.25,39847.75,5532
1716379200,39847.25,39855.85,39781.75,39812.85,7162
1716393600,39811.85,39889.15,39759.55,39832.95,20000
1716408000,39832.45,39856.55,39551.05,39608.05,29708
1716422400,39613.05,39631.35,39582.55,39613.05,2799
1716436800,39613.55,39762.65,39603.85,39737.85,4576
1716451200,39736.85,39740.35,39676.05,39681.15,6427
1716465600,39681.25,39783.55,39674.75,39748.05,7144
1716480000,39749.05,39754.95,39281.05,39285.15,38285
1716494400,39287.15,39323.15,39022.45,39046.05,36714
1716508800,39071.15,39094.85,39047.65,39091.45,2438
1716523200,39091.45,39121.55,39088.95,39099.75,2775
1716537600,39098.25,39131.55,39053.05,39127.05,6016
1716552000,39127.55,39157.85,39083.35,39121.35,7286
1716566400,39119.85,39224.55,39038.15,39123.95,32111
1716580800,39123.95,39171.05,39013.55,39059.65,15668
1716768000,39067.85,39075.85,39015.65,39035.85,2200
1716782400,39036.35,39049.85,39000.85,39033.95,2901
1716796800,39033.45,39062.75,39011.65,39014.15,3713
1716811200,39014.35,39051.75,39008.15,39022.75,2916
1716825600,39022.85,39123.65,39012.65,39122.15,5270
1716854400,39120.35,39120.35,39078.65,39084.25,2358
1716868800,39083.75,39105.45,39073.65,39091.45,2545
1716883200,39092.45,39127.05,39075.75,39085.75,6058
1716897600,39085.25,39098.35,38992.55,39038.65,8279
1716912000,39037.15,39040.55,38853.55,38860.55,30543
1716926400,38861.05,38886.25,38697.45,38840.35,27238
1716940800,38803.85,38815.95,38759.05,38770.55,2084
1716955200,38771.05,38779.75,38723.85,38746.35,4503
1716969600,38746.35,38750.15,38641.15,38676.25,10429
1716984000,38677.25,38691.15,38592.45,38596.55,9928
1716998400,38597.55,38606.95,38413.85,38504.85,28477
1717012800,38503.85,38526.95,38155.65,38162.65,19735
1717027200,38172.25,38181.85,38135.45,38153.15,3405
1717041600,38153.15,38169.45,38088.45,38099.15,4717
1717056000,38097.65,38124.25,38040.15,38120.25,8606
1717070400,38120.25,38133.55,38066.55,38114.55,9006
1717084800,38115.55,38190.45,38009.95,38181.45,32956
1717099200,38181.55,38203.55,38012.55,38067.75,24947
1717113600,38084.55,38090.05,38032.25,38074.45,4465
1717128000,38074.95,38116.55,38064.55,38101.55,5521
1717142400,38102.05,38148.55,38095.05,38116.95,7512
1717156800,38116.45,38224.85,38026.65,38197.35,11591
1717171200,38195.35,38261.35,38086.15,38217.35,39200
1717185600,38217.85,38766.75,38216.85,38730.05,30224
1717372800,38678.85,38797.85,38667.85,38783.45,5163
1717387200,38783.95,38817.15,38755.85,38804.85,4762
1717401600,38803.85,38815.05,38636.05,38686.15,10301
1717416000,38688.15,38705.55,38633.25,38676.15,9736
1717430400,38676.05,38739.05,38251.15,38301.15,44504
1717444800,38299.65,38589.75,38242.25,38568.75,25249
1717459200,38564.85,38592.95,38548.35,38586.55,2912
1717473600,38586.05,38589.05,38549.75,38561.75,4104
1717488000,38562.25,38567.55,38390.55,38400.05,10684
1717502400,38401.05,38490.05,38336.45,38488.65,12158
1717516800,38487.65,38679.95,38401.45,38575.75,34446
1717531200,38575.25,38788.75,38534.45,38720.75,25795
1717545600,38719.85,38774.15,38705.85,38762.95,2962
1717560000,38763.45,38795.95,38759.35,38788.65,3758
1717574400,38788.65,38807.15,38738.55,38751.65,6624
1717588800,38752.15,38821.25,38735.15,38814.85,6995
1717603200,38815.85,38834.55,38548.65,38734.65,33227
1717617600,38734.65,38851.55,38692.45,38799.15,22312
1717632000,38798.65,38824.65,38784.45,38808.85,2830
1717646400,38808.35,38821.55,38791.85,38793.55,3728
1717660800,38792.55,38795.25,38749.65,38765.35,6107
1717675200,38765.45,38796.65,38745.15,38788.25,7803
1717689600,38787.75,39006.75,38727.65,38830.15,33078
1717704000,38829.65,38908.25,38728.65,38866.45,22320
1717718400,38888.55,38921.45,38882.35,38915.65,1749
1717732800,38916.15,38947.55,38911.35,38947.05,2923
1717747200,38946.55,38975.65,38856.05,38869.15,5703
1717761600,38868.65,38912.65,38649.15,38742.15,12701
1717776000,38744.15,39115.65,38728.05,38975.85,41346
1717790400,38975.75,39016.45,38774.75,38801.65,31982
1717977600,38815.05,38831.55,38774.35,38788.75,2208
1717992000,38788.25,38809.65,38774.65,38788.15,1925
1718006400,38787.65,38793.15,38666.15,38683.25,9675
1718020800,38682.65,38781.45,38660.75,38728.45,8186
1718035200,38728.95,38854.25,38659.75,38762.75,29713
1718049600,38762.25,38880.85,38725.85,38838.75,24373
1718064000,38851.75,38859.55,38798.65,38799.55,1897
1718078400,38799.05,38826.25,38796.35,38815.85,2664
1718092800,38816.35,38874.65,38773.95,38780.05,6074
1718107200,38780.55,38794.95,38687.45,38722.55,11304
1718121600,38722.45,38750.95,38425.95,38600.15,36480
1718136000,38599.65,38764.85,38568.05,38727.95,25962
1718150400,38714.45,38750.05,38707.65,38725.65,1733
1718164800,38725.65,38758.15,38720.45,38757.65,1907
1718179200,38758.15,38811.45,38756.15,38785.95,5680
1718193600,38784.95,39120.71,38765.71,39096.71,7070
1718208000,39096.21,39147.71,38763.11,38793.51,22511
1718222400,38794.51,38860.41,38613.91,38709.91,21526
1718236800,38690.45,38699.35,38673.51,38686.51,1701
1718251200,38686.01,38700.21,38674.21,38690.51,1908
1718265600,38691.01,38693.21,38582.01,38601.01,4355
1718280000,38601.01,38725.91,38547.61,38657.51,7159
1718294400,38658.51,38658.51,38403.91,38506.81,23049
1718308800,38505.31,38712.61,38497.21,38605.81,14925
1718323200,38588.65,38621.15,38584.15,38605.91,2195
1718337600,38606.41,38635.01,38604.21,38633.21,2684
1718352000,38633.21,38646.91,38448.71,38450.71,7189
1718366400,38450.71,38468.11,38281.61,38380.01,12462
1718380800,38379.51,38595.61,38306.01,38578.71,22010
1718395200,38579.21,38602.11,38462.61,38553.71,15510
1718582400,38557.75,38582.75,38554.21,38557.81,2784
1718596800,38556.81,38567.01,38524.21,38549.51,3310
1718611200,38550.01,38610.41,38498.91,38512.01,9259
1718625600,38510.91,38536.91,38448.31,38494.11,7889
1718640000,38492.11,38716.05,38424.45,38672.35,20255
1718654400,38671.85,38843.55,38659.95,38793.75,15893
1718668800,38827.75,38845.15,38817.15,38817.15,2975
1718683200,38818.15,38820.35,38787.15,38805.25,4210
1718697600,38805.75,38836.75,38726.65,38759.65,7864
1718712000,38760.05,38810.55,38743.15,38772.65,9063
1718726400,38773.15,38940.65,38725.95,38785.85,20648
1718740800,38784.85,38855.75,38745.45,38837.55,14238
1718755200,38835.95,38854.15,38809.35,38811.15,1613
1718769600,38810.65,38818.85,38795.65,38799.65,2002
1718784000,38800.65,38835.45,38791.95,38804.45,4005
1718798400,38804.55,38833.35,38797.95,38809.25,3318
1718812800,38809.75,38828.25,38759.75,38776.75,4917
1718841600,38788.05,38795.75,38752.05,38793.25,1348
1718856000,38794.25,38817.15,38778.65,38812.85,2404
1718870400,38813.35,38901.15,38812.35,38856.45,5594
1718884800,38858.45,38898.75,38797.35,38803.35,6053
1718899200,38802.35,39023.75,38760.25,39010.15,21621
1718913600,39009.65,39241.95,38978.55,39127.65,17872
1718928000,39148.85,39153.85,39111.55,39124.65,2098
1718942400,39125.15,39161.65,39112.75,39160.65,2797
1718956800,39159.65,39174.65,39062.45,39109.55,6017
1718971200,39109.05,39159.05,39053.85,39135.95,6777
1718985600,39135.45,39262.35,39059.35,39144.25,22528
1719000000,39142.75,39197.95,39102.85,39163.35,15173
1719187200,39177.45,39185.35,39148.95,39149.95,1278
1719201600,39149.95,39152.95,39049.45,39090.85,4460
1719216000,39090.35,39252.75,39090.35,39237.85,5024
1719230400,39236.75,39304.75,39232.45,39246.35,6072
1719244800,39246.35,39584.75,39205.15,39456.15,27182
1719259200,39455.65,39476.95,39352.85,39411.35,20005
1719273600,39448.45,39460.45,39426.45,39443.05,1739
1719288000,39443.55,39496.85,39432.45,39492.55,2647
1719302400,39493.05,39506.55,39365.15,39390.25,5997
1719316800,39388.25,39420.55,39334.25,39357.15,7046
1719331200,39357.05,39428.15,38991.15,39051.25,27806
1719345600,39051.25,39167.55,39037.15,39083.25,16669
1719360000,39081.25,39100.75,39070.45,39098.75,1773
1719374400,39098.25,39125.45,39095.75,39119.55,3058
1719388800,39120.55,39160.15,39108.85,39124.35,5062
1719403200,39124.55,39140.95,39006.75,39019.75,6279
1719417600,39021.15,39175.85,38911.65,39160.85,25883
1719432000,39159.85,39188.05,39082.25,39097.75,17743
1719446400,39078.45,39094.55,38994.45,39012.55,2581
1719460800,39012.55,39055.65,39009.45,39054.65,3345
1719475200,39055.15,39103.75,39039.25,39053.15,5986
1719489600,39052.65,39095.75,39049.55,39070.65,7300
1719504000,39069.15,39251.15,39025.55,39184.65,36106
1719518400,39183.65,39249.65,39017.05,39139.15,23109
1719532800,39110.25,39151.85,39106.45,39123.55,1651
1719547200,39123.05,39194.45,39119.95,39169.75,3340
1719561600,39169.75,39222.95,39158.75,39204.35,5547
1719576000,39204.45,39230.15,39171.15,39188.15,7920
1719590400,39188.15,39448.25,39097.15,39179.95,40288
1719604800,39177.95,39216.05,38928.85,39181.55,28789
1719792000,39159.05,39182.75,39130.05,39177.25,3361
1719806400,39176.75,39181.35,39155.55,39157.05,3241
1719820800,39156.55,39233.95,39132.75,39185.25,7762
1719835200,39186.25,39234.65,39154.25,39167.35,6519
1719849600,39167.35,39452.75,39032.55,39190.45,39750
1719864000,39190.95,39205.65,39064.05,39140.65,22262
1719878400,39158.85,39163.05,39106.35,39123.95,2660
1719892800,39123.45,39132.45,39096.45,39114.85,4078
1719907200,39115.35,39135.25,38999.55,39064.55,8038
1719921600,39065.55,39076.85,38995.15,39075.35,7943
1719936000,39074.25,39219.25,39041.75,39094.95,33916
1719950400,39094.95,39339.65,39085.55,39289.95,16574
1719964800,39304.25,39326.05,39286.25,39317.25,1950
1719979200,39317.25,39317.85,39287.05,39304.45,3296
1719993600,39303.95,39391.05,39290.15,39382.95,5679
1720008000,39382.45,39411.05,39312.35,39324.95,5825
1720022400,39324.85,39418.75,39227.05,39298.25,35806
1720036800,39298.25,39313.25,39280.25,39297.55,1162
1720051200,39304.35,39325.75,39286.45,39287.15,1503
1720065600,39288.15,39305.85,39285.25,39298.25,2453
1720080000,39297.75,39379.05,39283.05,39367.95,4032
1720094400,39369.45,39418.85,39362.05,39418.35,2906
1720108800,39418.85,39439.95,39282.35,39334.65,5320
1720137600,39340.65,39345.95,39301.45,39335.65,1971
1720152000,39335.65,39353.55,39328.25,39349.35,2772
1720166400,39348.85,39374.25,39297.25,39315.85,5376
1720180800,39317.35,39374.65,39256.15,39317.75,8003
1720195200,39317.75,39356.05,39158.35,39260.65,33630
1720209600,39260.65,39401.45,39241.75,39334.65,16824
1720396800,39338.25,39350.75,39296.65,39298.65,2306
1720411200,39298.75,39318.95,39288.95,39295.15,2871
1720425600,39295.15,39401.05,39271.05,39378.95,6156
1720440000,39378.95,39460.05,39352.05,39455.45,5025
1720454400,39455.95,39679.85,39285.95,39322.95,34031
1720468800,39323.15,39360.25,39272.15,39350.35,17406
1720483200,39344.25,39400.95,39343.75,39377.85,2182
1720497600,39376.85,39410.45,39370.65,39408.45,2735
1720512000,39408.95,39411.85,39334.55,39391.75,5372
1720526400,39392.25,39399.85,39324.05,39340.75,4859
1720540800,39340.75,39459.35,39139.65,39455.25,34458
1720555200,39456.25,39504.75,39243.45,39299.95,19918
1720569600,39272.35,39289.65,39264.85,39287.55,1481
1720584000,39287.55,39293.75,39262.85,39280.05,2049
1720598400,39279.55,39293.75,39250.65,39293.75,5108
1720612800,39293.95,39335.15,39274.85,39305.15,4610
1720627200,39305.65,39497.95,39256.85,39482.45,34857
1720641600,39482.45,39742.15,39468.85,39687.55,20724
1720656000,39695.25,39716.95,39674.65,39681.05,1887
1720670400,39681.05,39723.35,39681.05,39719.35,2290
1720684800,39718.85,39732.15,39678.75,39694.15,4484
1720699200,39694.15,39843.75,39642.85,39684.15,8710
1720713600,39684.15,39871.95,39621.85,39729.75,49834
1720728000,39730.75,39810.75,39688.55,39779.85,29543
1720742400,39787.65,39833.25,39767.65,39804.45,3581
1720756800,39803.95,39814.05,39784.35,39806.25,3411
1720771200,39806.25,39843.85,39796.65,39830.85,5812
1720785600,39831.05,39896.15,39720.25,39861.75,9185
1720800000,39863.75,40111.75,39799.65,40109.25,36935
1720814400,40108.75,40258.55,39968.45,40009.35,26110
1721001600,40056.75,40071.55,40029.75,40060.15,3686
1721016000,40060.25,40078.25,40053.05,40073.65,3602
1721030400,40073.15,40186.45,40067.65,40184.95,5566
1721044800,40183.95,40277.95,40180.55,40217.15,6807
1721059200,40218.15,40354.85,40128.35,40229.25,40328
1721073600,40229.75,40333.65,40126.95,40236.85,30658
1721088000,40264.05,40285.95,40264.05,40273.55,2134
1721102400,40273.55,40288.05,40259.65,40276.15,3489
1721116800,40276.15,40283.35,40160.75,40234.35,6552
1721131200,40233.85,40368.75,40174.25,40359.75,9005
1721145600,40359.75,40857.15,40347.75,40842.15,40899
1721160000,40840.15,40987.95,40755.15,40948.95,27042
1721174400,40973.25,40989.65,40946.65,40962.35,2349
1721188800,40961.85,40998.15,40958.65,40977.65,3974
1721203200,40978.15,40983.55,40822.95,40878.65,11474
1721217600,40878.55,40903.45,40791.95,40809.45,11134
1721232000,40809.45,41206.25,40799.95,41196.65,47501
1721246400,41195.65,41239.65,41093.05,41230.15,34776
1721260800,41251.15,41302.15,41237.15,41288.45,3063
1721275200,41288.95,41315.65,41270.95,41281.45,4266
1721289600,41280.95,41281.95,41139.85,41167.95,9880
1721304000,41167.95,41186.85,41102.55,41103.55,8951
1721318400,41103.55,41380.65,40837.95,40915.05,50342
1721332800,40915.05,40950.15,40593.05,40677.25,40060
1721347200,40683.55,40715.25,40676.25,40699.55,3128
1721361600,40700.05,40708.35,40671.35,40684.15,4218
1721376000,40683.65,40713.15,40526.85,40565.95,13427
1721390400,40567.95,40638.85,40531.85,40603.45,13477
1721404800,40603.95,40608.35,40214.15,40261.25,50314
1721419200,40261.75,40388.65,40200.75,40271.05,36265
1721606400,40334.65,40396.45,40302.15,40371.25,5138
1721620800,40371.75,40374.75,40275.15,40323.45,7016
1721635200,40322.95,40386.05,40298.85,40358.95,9026
1721649600,40358.95,40396.75,40337.05,40356.35,7071
1721664000,40355.85,40480.25,40221.15,40369.75,47611
1721678400,40370.65,40453.05,40346.15,40411.25,31345
1721692800,40423.05,40447.15,40387.05,40399.25,2868
1721707200,40398.75,40417.15,40360.55,40391.45,4417
1721721600,40391.95,40414.05,40324.75,40402.05,8715
1721736000,40402.55,40487.15,40390.75,40415.85,7623
1721750400,40414.85,40527.55,40312.25,40378.55,40012
1721764800,40378.05,40496.15,40299.45,40323.25,26049
1721779200,40278.75,40303.25,40254.25,40295.45,4416
1721793600,40296.45,40301.85,40169.55,40214.05,4793
1721808000,40215.05,40252.75,40107.75,40173.95,10245
1721822400,40174.45,40216.75,40125.25,40152.95,9122
1721836800,40151.95,40258.95,39938.15,40008.65,45539
1721851200,40007.65,40080.45,39803.05,39922.85,27188
1721865600,39943.65,39977.15,39935.15,39964.15,4131
1721880000,39963.15,39970.15,39900.15,39944.85,7340
1721894400,39945.85,40005.85,39828.75,39990.85,19006
1721908800,39991.75,40000.75,39813.85,39926.45,17834
1721923200,39924.45,40376.95,39833.35,40333.45,44584
1721937600,40336.45,40439.35,39913.35,39988.05,35102
1721952000,40023.55,40066.05,39992.15,40051.35,4001
1721966400,40049.85,40123.95,40047.35,40114.65,3902
1721980800,40115.65,40173.75,40064.15,40170.25,10170
1721995200,40168.25,40273.35,40137.15,40207.85,10851
1722009600,40207.85,40758.15,40171.85,40753.65,43330
1722024000,40752.65,40766.75,40508.45,40617.25,32955
1722211200,40638.95,40799.05,40635.95,40771.55,4544
1722225600,40772.05,40785.05,40738.35,40744.55,5462
1722240000,40744.05,40770.95,40634.75,40699.85,8973
1722254400,40700.85,40821.75,40664.75,40750.75,8454
1722268800,40751.75,40751.75,40387.65,40591.25,47884
1722283200,40593.25,40655.15,40522.05,40548.65,35362
1722297600,40568.05,40568.85,40447.55,40489.65,3446
1722312000,40490.65,40537.35,40428.55,40535.85,5269
1722326400,40536.35,40629.55,40515.05,40580.15,8474
1722340800,40579.65,40628.25,40496.95,40508.35,7084
1722355200,40507.35,40778.45,40505.05,40569.25,49907
1722369600,40571.75,40875.35,40490.25,40553.85,41990
1722384000,40608.15,40640.65,40547.35,40609.85,5457
1722398400,40610.35,40676.35,40590.35,40660.35,6177
1722412800,40661.35,40935.05,40655.45,40911.55,11932
1722427200,40911.05,40920.05,40753.45,40833.75,10367
1722441600,40834.75,41050.05,40647.35,40993.05,38864
1722456000,40994.05,41206.95,40808.95,40872.05,38294
1722470400,40897.25,40944.75,40862.25,40883.75,5169
1722484800,40883.25,40946.75,40875.75,40936.95,7214
1722499200,40937.95,40970.75,40759.45,40807.05,12830
1722513600,40807.55,40949.95,40799.45,40926.45,11578
1722528000,40926.45,41089.45,40269.55,40298.55,54290
1722542400,40300.05,40351.25,40091.75,40212.25,46389
1722556800,40248.65,40255.65,40156.65,40197.65,9412
1722571200,40198.15,40247.65,40070.15,40149.65,9647
1722585600,40151.15,40180.65,40014.05,40137.15,19873
1722600000,40136.65,40140.05,39778.15,39864.15,20045
1722614400,39863.15,40066.55,39350.55,39565.65,55266
1722628800,39566.65,39725.95,39412.05,39622.85,38021
1722816000,39514.45,39586.45,39302.45,39375.95,9945
1722830400,39374.95,39524.05,39317.45,39398.55,12052
1722844800,39398.05,39488.55,39017.15,39109.75,28249
1722859200,39110.75,39156.15,38389.85,38498.35,23695
1722873600,38491.85,39031.85,38472.35,38823.75,57866
1722888000,38824.75,38910.75,38583.85,38833.15,48135
1722902400,38912.75,39076.25,38873.25,39064.75,8386
1722916800,39064.25,39150.25,38967.75,39070.55,7774
1722931200,39069.05,39141.55,38852.65,38884.75,20252
1722945600,38884.25,39058.25,38769.65,38856.75,20608
1722960000,38856.65,39285.45,38628.65,39241.45,52801
1722974400,39242.95,39457.45,38873.25,38875.75,42381
1722988800,38943.45,39038.45,38891.95,39020.95,8464
1723003200,39019.95,39302.95,38994.95,39292.45,6975
1723017600,39292.95,39308.95,39129.15,39285.15,14769
1723032000,39284.65,39373.15,39269.55,39319.65,14207
1723046400,39317.05,39480.05,39053.85,39082.35,46614
1723060800,39081.35,39108.35,38686.65,38698.65,44846
1723075200,38678.85,38742.75,38554.25,38675.75,8622
1723089600,38674.25,38809.25,38669.25,38761.25,7183
1723104000,38761.75,38840.45,38592.95,38724.45,14598
1723118400,38724.95,38976.65,38594.45,38906.65,15032
1723132800,38908.65,39372.05,38887.05,39277.95,44506
1723147200,39277.45,39520.85,39212.85,39488.35,34459
1723161600,39486.55,39531.45,39387.45,39443.45,7540
1723176000,39443.45,39513.45,39375.95,39390.45,6246
1723190400,39389.95,39575.75,39368.45,39561.25,11525
1723204800,39562.25,39568.05,39332.45,39380.45,11309
1723219200,39382.45,39526.55,39225.25,39477.05,41607
1723233600,39477.05,39639.55,39391.05,39462.35,30115
1723420800,39510.05,39514.55,39402.55,39457.55,4674
1723435200,39456.05,39515.55,39437.55,39496.75,3644
1723449600,39496.25,39558.65,39464.95,39475.25,6286
1723464000,39474.25,39606.25,39473.25,39562.15,5842
1723478400,39562.15,39587.85,39240.35,39340.75,41758
1723492800,39341.25,39423.65,39266.75,39363.55,27617
1723507200,39384.65,39419.35,39356.35,39402.85,3985
1723521600,39403.35,39437.45,39364.85,39431.65,4709
1723536000,39430.65,39516.95,39406.95,39441.55,7756
1723550400,39441.55,39527.45,39222.05,39483.95,11340
1723564800,39482.95,39744.55,39387.35,39719.25,38627
1723579200,39719.75,39800.35,39614.95,39740.65,25843
1723593600,39764.85,39769.35,39735.55,39748.55,3157
1723608000,39747.55,39785.65,39719.05,39774.35,5396
1723622400,39773.35,39822.15,39767.35,39820.05,6629
1723636800,39821.05,39847.15,39671.53,39802.35,9748
1723651200,39802.85,40061.35,39729.35,39992.05,42053
1723665600,39991.55,40075.35,39927.25,40052.15,29892
1723680000,40035.95,40057.95,39996.95,40047.95,3304
1723694400,40048.95,40092.95,40038.95,40073.45,4002
1723708800,40073.45,40117.85,40044.65,40080.85,5767
1723723200,40079.85,40407.65,40003.55,40392.65,10703
1723737600,40394.55,40547.65,40293.15,40500.75,35221
1723752000,40502.25,40604.95,40460.85,40588.95,22564
1723766400,40584.05,40619.55,40562.55,40594.45,3892
1723780800,40594.95,40627.85,40581.45,40614.05,3301
1723795200,40614.05,40650.25,40584.15,40595.45,5929
1723809600,40594.95,40614.75,40416.15,40441.15,10397
1723824000,40441.15,40717.95,40434.05,40701.45,37646
1723838400,40701.95,40730.05,40646.25,40679.65,21259
1724025600,40719.55,40733.75,40682.65,40714.65,3901
1724040000,40714.65,40716.15,40647.65,40660.85,3887
1724054400,40661.85,40703.35,40608.95,40699.85,6880
1724068800,40699.85,40699.85,40643.85,40683.95,5428
1724083200,40684.05,40913.35,40672.35,40900.35,31857
1724097600,40900.85,40902.45,40798.45,40855.55,19722
1724112000,40886.85,40895.15,40858.85,40869.85,1662
1724126400,40870.85,40902.95,40852.65,40890.55,2731
1724140800,40889.55,40955.85,40859.65,40901.75,5244
1724155200,40902.25,40908.85,40843.75,40858.65,4672
1724169600,40858.65,40896.15,40751.05,40834.05,35379
1724184000,40835.25,40913.65,40779.95,40848.25,22591
1724198400,40846.05,40890.05,40830.15,40884.35,2155
1724212800,40883.35,40897.65,40858.85,40897.55,2556
1724227200,40896.55,40906.75,40854.95,40864.45,4380
1724241600,40863.95,40914.35,40855.55,40898.95,4285
1724256000,40899.05,40984.25,40739.15,40860.55,39887
1724270400,40861.55,40931.15,40810.95,40892.35,27555
1724284800,40895.15,40927.05,40891.75,40906.65,1892
1724299200,40906.75,40909.65,40844.65,40855.05,2879
1724313600,40855.05,40946.55,40851.85,40930.95,3544
1724328000,40932.15,40952.05,40878.35,40936.95,5039
1724342400,40937.95,41025.75,40686.55,40702.55,42318
1724356800,40701.55,40745.85,40573.55,40741.35,35350
1724371200,40757.65,40793.85,40753.65,40783.35,2269
1724385600,40784.35,40824.05,40772.55,40815.15,2704
1724400000,40815.65,40861.35,40812.25,40859.85,3506
1724414400,40859.35,40930.35,40845.45,40926.35,4418
1724428800,40925.85,41214.15,40835.75,40981.25,47308
1724443200,40978.75,41210.85,40964.65,41178.15,28352
1724630400,41194.55,41230.55,41136.55,41183.55,4175
1724644800,41184.05,41200.55,41140.05,41150.15,2994
1724659200,41150.65,41232.95,41138.75,41215.45,4091
1724673600,41215.55,41257.55,41182.95,41254.55,5567
1724688000,41254.55,41427.95,41173.05,41288.05,39685
1724702400,41287.55,41312.65,41134.75,41207.55,27274
1724716800,41211.85,41232.35,41166.25,41194.85,3421
1724731200,41195.35,41231.25,41188.25,41220.45,3294
1724745600,41221.45,41292.65,41218.55,41261.05,4535
1724760000,41261.25,41268.15,41115.45,41134.95,6803
1724774400,41133.35,41262.75,41084.85,41166.55,39444
1724788800,41166.55,41273.85,41164.65,41258.25,21416
1724803200,41266.65,41270.05,41204.35,41248.05,3559
1724817600,41248.05,41277.55,41231.85,41269.45,3121
1724832000,41269.45,41286.75,41256.75,41263.65,3490
1724846400,41264.65,41278.75,41214.35,41242.85,4336
1724860800,41242.95,41361.75,41009.85,41105.65,38891
1724875200,41106.65,41174.55,40831.95,41144.05,35111
1724889600,41147.15,41159.65,41056.15,41144.25,5601
1724904000,41145.25,41191.55,41120.15,41191.45,4349
1724918400,41190.45,41283.85,41185.85,41279.85,7691
1724932800,41279.35,41398.85,41263.35,41351.85,9787
1724947200,41351.85,41586.75,41076.85,41556.35,37746
1724961600,41557.35,41577.85,41260.75,41374.25,34108
1724976000,41359.85,41359.85,41291.25,41338.25,3687
1724990400,41337.75,41369.65,41322.85,41364.85,3764
1725004800,41364.35,41439.05,41344.95,41401.15,5887
1725019200,41401.25,41462.86,41380.95,41384.45,6571
1725033600,41384.95,41503.45,41139.05,41257.15,42017
1725048000,41255.15,41584.45,41209.05,41548.25,23279
1725235200,41546.55,41547.55,41518.65,41527.75,2550
1725249600,41528.25,41556.05,41505.55,41530.15,2997
1725264000,41530.15,41543.95,41413.25,41505.45,5511
1725278400,41505.55,41523.95,41485.45,41518.45,2927
1725292800,41518.45,41556.95,41460.55,41534.85,7493
1725321600,41522.95,41522.95,41457.95,41482.25,3553
1725336000,41482.25,41516.95,41446.35,41467.35,3865
1725350400,41467.85,41521.55,41409.15,41409.15,6681
1725364800,41405.65,41421.05,41315.05,41319.05,10209
1725379200,41319.05,41430.55,41043.35,41056.35,45929
1725393600,41054.85,41140.15,40775.55,40923.35,29950
1725408000,40914.25,40938.65,40773.65,40790.65,7575
1725422400,40791.15,40876.65,40768.65,40791.15,12245
1725436800,40790.65,40910.75,40765.65,40846.75,14293
1725451200,40846.75,40902.35,40826.75,40888.35,9229
1725465600,40886.85,41174.35,40869.85,40948.65,42166
1725480000,40945.15,41005.55,40834.45,40938.95,27695
1725494400,40955.85,41001.85,40877.35,40981.95,5576
1725508800,40981.95,41007.55,40921.55,40933.55,6846
1725523200,40932.55,41037.35,40890.55,41023.35,9419
1725537600,41023.25,41036.95,40929.95,40974.45,13242
1725552000,40974.95,41088.95,40511.15,40667.45,42242
1725566400,40668.45,40869.95,40617.85,40773.55,27868
1725580800,40799.45,40803.45,40742.05,40742.55,4746
1725595200,40743.05,40811.65,40703.15,40791.35,6066
1725609600,40789.35,40794.15,40549.75,40612.85,12418
1725624000,40611.85,40815.49,40579.75,40759.05,15151
1725638400,40758.05,41012.55,40301.15,40356.15,54344
1725652800,40358.65,40452.65,40209.85,40229.35,35749
1725840000,40305.05,40398.55,40280.55,40379.55,7032
1725854400,40378.55,40487.55,40378.55,40467.55,6406
1725868800,40468.55,40559.25,40439.05,40530.35,9534
1725883200,40529.85,40656.15,40523.25,40627.25,8198
1725897600,40626.25,41003.35,40516.65,40981.25,42281
1725912000,40981.75,40990.85,40724.25,40827.75,31712
1725926400,40850.15,40851.15,40754.65,40816.75,5032
1725940800,40816.25,40822.65,40746.65,40755.95,5957
1725955200,40756.45,40886.05,40727.35,40804.75,9430
1725969600,40803.75,40877.95,40720.55,40874.85,11077
1725984000,40874.85,40929.75,40407.45,40542.15,40854
1725998400,40542.15,40761.95,40532.65,40716.95,23579
1726012800,40723.75,40747.35,40676.95,40681.85,3105
1726027200,40681.85,40700.75,40569.75,40584.75,9440
1726041600,40584.75,40663.45,40546.75,40563.05,11013
1726056000,40565.05,40652.65,40445.45,40579.45,12969
1726070400,40579.45,40634.95,39989.15,40470.75,51475
1726084800,40470.75,40903.45,40470.75,40826.75,37228
1726099200,40829.35,40865.35,40822.85,40834.85,2913
1726113600,40835.85,40903.75,40819.85,40903.75,5772
1726128000,40904.75,40968.55,40876.65,40910.55,10519
1726142400,40910.45,41016.45,40883.95,40896.95,11235
1726156800,40895.95,40992.85,40656.85,40966.55,40665
1726171200,40967.05,41116.55,40881.65,41085.65,24860
1726185600,41093.25,41165.75,41089.15,41153.75,3716
1726200000,41153.75,41157.75,41104.25,41132.15,5012
1726214400,41132.15,41201.35,41105.35,41129.45,9567
1726228800,41129.95,41207.35,41125.35,41189.35,9612
1726243200,41190.35,41538.25,41133.35,41391.35,46169
1726257600,41390.35,41507.15,41331.55,41376.95,31064
1726444800,41383.95,41429.45,41356.45,41414.05,3416
1726459200,41413.55,41424.25,41384.95,41412.25,3766
1726473600,41412.25,41447.45,41354.25,41445.85,8027
1726488000,41445.35,41503.75,41440.35,41489.75,10234
1726502400,41488.75,41742.35,41452.55,41522.95,37615
1726516800,41522.45,41656.35,41492.75,41601.75,20511
1726531200,41602.35,41628.95,41574.85,41578.35,4278
1726545600,41577.35,41604.85,41573.85,41603.85,5638
1726560000,41603.35,41697.65,41596.05,41691.65,8830
1726574400,41692.85,41767.15,41687.85,41760.45,11992
1726588800,41760.45,41838.05,41464.85,41536.85,44686
1726603200,41535.85,41650.15,41479.85,41628.15,31457
1726617600,41613.15,41648.25,41604.85,41642.35,2124
1726632000,41642.85,41663.25,41634.35,41642.95,2946
1726646400,41640.95,41688.55,41617.55,41648.95,5539
1726660800,41649.05,41677.95,41612.95,41656.95,4757
1726675200,41655.95,41663.95,41466.75,41630.25,31879
1726689600,41630.25,41997.95,41432.75,41565.85,42242
1726704000,41581.95,41753.45,41561.95,41607.45,7566
1726718400,41608.45,41783.95,41570.45,41766.75,8799
1726732800,41767.75,41918.25,41733.95,41908.25,10661
1726747200,41908.15,42036.15,41902.65,41962.75,9659
1726761600,41964.25,42112.65,41813.35,42023.95,43731
1726776000,42024.95,42168.85,41981.75,42062.05,29443
1726790400,42058.15,42065.55,42006.95,42019.15,2801
1726804800,42019.65,42048.05,42009.65,42040.95,3319
1726819200,42040.95,42047.35,41997.65,42032.65,6667
1726833600,42032.85,42087.25,42016.75,42070.75,7025
1726848000,42070.25,42109.45,41860.85,42081.15,39241
1726862400,42081.15,42146.75,41917.15,42040.35,27367
1727049600,42028.45,42121.95,42011.95,42113.05,2547
1727064000,42113.55,42138.35,42108.45,42132.55,2961
1727078400,42132.55,42138.35,41936.15,42063.05,9010
1727092800,42062.55,42108.35,42025.95,42100.85,7683
1727107200,42099.85,42173.45,42000.75,42073.45,38642
1727121600,42072.95,42147.35,42037.95,42103.85,21384
1727136000,42106.45,42106.45,42052.95,42066.75,2412
1727150400,42068.25,42108.45,42037.65,42083.05,4171
1727164800,42088.05,42221.35,42088.05,42219.35,6564
1727179200,42218.95,42225.95,42100.15,42194.35,7700
1727193600,42194.45,42287.65,42078.05,42136.35,35108
1727208000,42135.35,42232.95,42046.95,42159.45,20254
1727222400,42171.55,42182.05,42135.65,42138.25,1759
1727236800,42138.25,42147.05,42115.45,42128.55,3465
1727251200,42127.55,42198.05,42089.75,42193.05,6061
1727265600,42193.25,42266.15,42172.65,42197.15,5189
1727280000,42197.75,42305.55,41923.75,41941.25,38490
1727294400,41942.25,41974.35,41837.75,41887.15,26603
1727308800,41883.15,41964.95,41865.95,41960.15,2254
1727323200,41959.75,42013.05,41950.15,42008.35,3459
1727337600,42007.85,42126.45,41996.25,42122.75,7486
1727352000,42121.95,42138.85,42060.75,42098.75,6122
1727366400,42098.75,42199.45,42028.35,42141.55,37021
1727380800,42139.75,42222.95,42063.35,42169.55,20227
1727395200,42193.75,42235.25,42162.55,42184.25,3264
1727409600,42183.75,42198.25,42149.85,42195.75,4278
1727424000,42196.25,42225.65,42133.95,42172.85,9340
1727438400,42171.85,42294.65,42161.95,42280.65,7616
1727452800,42280.65,42636.75,42232.15,42358.65,34973
1727467200,42359.65,42404.65,42245.45,42274.75,23210
1727654400,42267.45,42358.95,42260.95,42327.55,3508
1727668800,42326.55,42330.45,42276.45,42311.85,4978
1727683200,42311.85,42318.05,42224.05,42283.35,7594
1727697600,42283.85,42309.05,42223.25,42228.25,7155
1727712000,42227.25,42313.15,42056.15,42204.45,33153
1727726400,42204.45,42342.65,41913.85,42286.25,28930
1727740800,42276.75,42298.65,42241.65,42288.25,2898
1727755200,42288.75,42326.75,42286.85,42297.55,3014
1727769600,42297.05,42320.05,42198.25,42221.05,7745
1727784000,42220.05,42261.35,42164.85,42213.05,7007
1727798400,42212.55,42284.85,41934.85,42153.95,47536
1727812800,42151.95,42337.65,41991.95,42119.95,34304
1727827200,42086.05,42115.35,42022.85,42085.35,4106
1727841600,42086.35,42134.85,42050.45,42066.45,4918
1727856000,42065.45,42094.25,41998.95,42045.35,10481
1727870400,42047.35,42129.65,41978.15,42125.65,11902
1727884800,42125.15,42276.45,41978.15,42117.95,37129
1727899200,42117.45,42250.25,42105.55,42246.25,18810
1727913600,42253.05,42265.65,42169.15,42193.15,3046
1727928000,42192.65,42209.75,42133.55,42135.75,4988
1727942400,42136.75,42166.05,41967.35,42050.05,9794
1727956800,42050.95,42141.55,42026.85,42049.45,9501
1727971200,42050.45,42133.95,41837.95,41906.95,43330
1727985600,41906.95,42035.65,41852.95,41991.05,24824
1728000000,41969.75,42007.15,41946.15,41982.65,3823
1728014400,41983.15,42045.55,41961.65,41995.95,6029
1728028800,41996.45,42034.75,41946.25,41968.35,7822
1728043200,41970.35,42284.15,41963.35,42269.65,11319
1728057600,42270.15,42332.75,41950.85,42188.95,42364
1728072000,42188.95,42355.25,42095.05,42313.65,20964
1728259200,42382.05,42397.05,42330.65,42342.25,3630
1728273600,42342.75,42385.05,42311.15,42326.65,5686
1728288000,42327.15,42328.45,42173.85,42179.35,9079
1728302400,42178.85,42194.95,42117.75,42182.95,8712
1728316800,42184.95,42287.75,42048.85,42118.65,34924
1728331200,42118.65,42144.75,41821.55,41967.15,28262
1728345600,41952.65,41987.75,41807.15,41969.25,5189
1728360000,41969.75,41973.35,41899.65,41933.45,7290
1728374400,41932.95,41970.35,41870.75,41950.75,11795
1728388800,41950.75,42045.05,41950.75,42010.25,8902
1728403200,42011.25,42084.15,41866.75,42017.25,29097
1728417600,42017.25,42130.95,41926.25,42086.85,15266
1728432000,42071.55,42094.45,42043.65,42049.15,1820
1728446400,42049.25,42068.75,42028.75,42035.25,4206
1728460800,42036.25,42059.75,41962.45,41985.55,8191
1728475200,41985.75,42085.35,41983.75,42067.25,5781
1728489600,42068.25,42499.65,41998.05,42424.85,31583
1728504000,42424.35,42571.65,42364.65,42498.55,20263
1728518400,42501.65,42542.75,42496.85,42530.95,2390
1728532800,42530.45,42549.75,42525.75,42528.75,3619
1728547200,42528.75,42535.95,42437.15,42461.55,4855
1728561600,42461.65,42513.45,42372.05,42421.25,8872
1728576000,42420.75,42507.05,42328.95,42411.95,33289
1728590400,42413.45,42488.15,42300.05,42482.15,19882
1728604800,42468.35,42517.35,42466.35,42491.15,2314
1728619200,42491.65,42506.55,42463.35,42464.95,1877
1728633600,42463.95,42468.95,42408.05,42426.15,4968
1728648000,42427.25,42531.75,42393.75,42464.35,8114
1728662400,42465.35,42845.35,42455.35,42761.25,29970
1728676800,42761.25,42909.25,42718.35,42836.45,16467
1728864000,42834.95,42885.45,42825.95,42865.85,2465
1728878400,42865.35,42884.45,42840.45,42864.35,3591
1728892800,42865.85,42901.75,42827.75,42835.75,4693
1728907200,42835.85,42861.95,42788.75,42806.75,5009
1728921600,42807.85,43079.75,42717.55,43066.35,25846
1728936000,43065.45,43143.55,42998.75,43134.65,13135
1728950400,43151.85,43156.15,43118.65,43142.45,2079
1728964800,43141.95,43166.35,43136.25,43147.25,2165
1728979200,43146.25,43174.55,43118.45,43146.45,4720
1728993600,43146.95,43162.55,43044.35,43050.85,7533
1729008000,43050.35,43051.75,42753.05,42932.75,38941
1729022400,42932.75,42956.85,42697.65,42722.95,21725
1729036800,42712.45,42761.15,42708.45,42738.25,2946
1729051200,42737.75,42760.65,42726.25,42742.05,2733
1729065600,42743.05,42744.05,42673.15,42726.95,7005
1729080000,42725.95,42789.85,42710.55,42755.85,6015
1729094400,42756.45,43020.85,42687.15,43006.35,30462
1729108800,43008.85,43106.75,42962.45,43086.95,15005
1729123200,43078.65,43078.65,43026.65,43051.15,2434
1729137600,43051.65,43063.15,43008.65,43022.25,3080
1729152000,43021.75,43104.55,42997.55,43099.45,6832
1729166400,43099.45,43200.35,43050.45,43176.25,7755
1729180800,43175.75,43282.65,43116.95,43278.15,34276
1729195200,43279.15,43293.75,43166.95,43227.25,18644
1729209600,43221.85,43273.15,43198.55,43235.75,2675
1729224000,43236.25,43256.65,43214.25,43232.15,3146
1729238400,43233.15,43284.35,43195.45,43274.25,3815
1729252800,43275.25,43307.05,43167.25,43167.25,5746
1729267200,43166.35,43322.75,43035.65,43267.75,28840
1729281600,43266.75,43332.15,43200.65,43280.05,15352
1729468800,43294.35,43318.15,43287.95,43314.75,2550
1729483200,43314.75,43322.45,43278.35,43282.85,3030
1729497600,43281.85,43321.95,43268.25,43286.95,4837
1729512000,43286.45,43294.55,43152.75,43219.35,7979
1729526400,43220.85,43298.65,42865.85,42990.85,33885
1729540800,42990.85,43000.95,42881.95,42939.05,18517
1729555200,42939.75,42950.85,42874.65,42875.65,2716
1729569600,42875.15,42901.55,42857.95,42857.95,4805
1729584000,42858.95,42883.75,42805.25,42810.35,7443
1729598400,42809.35,42818.45,42713.75,42788.25,10476
1729612800,42788.75,42949.25,42711.55,42930.35,29335
1729627200,42931.35,43049.45,42756.55,42760.05,17693
1729641600,42781.15,42826.65,42775.45,42798.35,2241
1729656000,42797.85,42824.15,42792.75,42820.15,2993
1729670400,42819.15,42831.05,42763.95,42766.45,4450
1729684800,42765.45,42796.05,42676.65,42689.55,6767
1729699200,42690.55,42777.35,42491.15,42543.25,33798
1729713600,42541.75,42555.45,42289.65,42466.05,26839
1729728000,42450.55,42488.45,42421.35,42486.45,3040
1729742400,42485.45,42491.45,42442.95,42447.55,4317
1729756800,42448.05,42525.05,42437.05,42491.25,7093
1729771200,42491.25,42497.25,42410.55,42481.06,7037
1729785600,42480.56,42490.06,42191.06,42336.16,33551
1729800000,42335.76,42423.66,42304.56,42390.26,18726
1729814400,42389.45,42416.76,42376.06,42410.16,2421
1729828800,42409.66,42422.36,42366.56,42371.16,3520
1729843200,42371.66,42452.06,42354.26,42443.96,6384
1729857600,42443.46,42526.06,42442.06,42517.96,5703
1729872000,42518.96,42605.06,42261.26,42304.46,30632
1729886400,42305.46,42306.66,42044.86,42085.06,25981
1730073600,42247.65,42338.06,42238.06,42301.56,4731
1730088000,42300.56,42327.06,42268.26,42313.06,5040
1730102400,42314.06,42347.06,42259.56,42320.16,7419
1730116800,42321.16,42354.26,42202.76,42298.36,10400
1730131200,42296.36,42490.56,42296.36,42381.26,32934
1730145600,42380.26,42467.76,42362.46,42423.96,18629
1730160000,42414.55,42414.55,42361.86,42378.06,3079
1730174400,42378.06,42386.96,42313.86,42358.46,5952
1730188800,42357.96,42430.16,42327.56,42394.66,7715
1730203200,42394.66,42423.56,42211.66,42220.66,11818
1730217600,42220.16,42498.66,42168.66,42346.76,33026
1730232000,42346.76,42392.16,42226.75,42311.96,18315
1730246400,42300.05,42327.46,42276.56,42318.96,3268
1730260800,42318.46,42342.16,42234.56,42241.86,5356
1730275200,42241.86,42322.86,42233.76,42284.46,6935
1730289600,42280.46,42303.66,42117.36,42176.86,11850
1730304000,42177.86,42467.56,42138.76,42307.66,34780
1730318400,42306.16,42357.56,42103.85,42159.06,25042
1730332800,42110.65,42169.15,42102.15,42130.26,4542
1730347200,42129.76,42169.86,42101.66,42107.46,5380
1730361600,42107.46,42110.86,41947.76,41956.86,8631
1730376000,41955.86,42008.56,41914.76,41945.56,11344
1730390400,41945.56,41984.06,41698.36,41912.56,39315
1730404800,41911.56,41981.26,41752.75,41782.46,29211
1730419200,41790.45,41833.45,41739.36,41799.06,4992
1730433600,41799.56,41839.96,41730.46,41831.86,6470
1730448000,41832.36,41879.06,41781.06,41856.16,8268
1730462400,41857.16,42024.06,41857.16,42010.06,10776
1730476800,42012.06,42341.06,41937.96,42148.86,37993
1730491200,42149.36,42223.06,42003.46,42053.76,26621
1730678400,41941.76,41976.76,41891.26,41956.26,5055
1730692800,41956.26,42054.86,41946.26,42022.96,4724
1730707200,42022.46,42074.16,41962.56,42071.66,10261
1730721600,42070.66,42130.36,42018.66,42026.76,9945
1730736000,42027.76,42037.56,41644.56,41880.76,38552
1730750400,41880.76,41898.76,41767.56,41817.45,22810
1730764800,41838.26,41852.26,41774.76,41840.26,5242
1730779200,41840.26,41864.76,41807.26,41857.76,4446
1730793600,41858.26,41892.66,41804.88,41853.98,8078
1730808000,41853.48,41894.08,41815.48,41842.98,7527
1730822400,41842.48,42275.38,41774.88,42261.88,33225
1730836800,42261.88,42305.55,42107.48,42300.55,23557
1730851200,42306.38,42595.88,42277.88,42528.38,8317
1730865600,42527.88,42881.38,42508.38,42818.38,15417
1730880000,42817.88,43428.08,42771.88,43428.08,20002
1730894400,43428.58,43643.68,43397.08,43478.88,17759
1730908800,43478.58,43645.58,43383.18,43624.18,44598
1730923200,43625.68,43798.88,43616.38,43781.69,22012
1730937600,43782.15,43800.38,43710.38,43782.38,6392
1730952000,43781.38,43854.78,43767.88,43838.88,6150
1730966400,43838.88,43857.92,43763.88,43796.12,9232
1730980800,43796.62,43853.82,43702.92,43760.92,9235
1730995200,43759.92,43807.46,43645.36,43786.96,30384
1731009600,43787.66,43834.46,43651.76,43776.49,25652
1731024000,43763.25,43800.75,43753.76,43770.86,3899
1731038400,43769.86,43779.56,43737.06,43770.26,3908
1731052800,43771.26,43796.56,43733.86,43740.46,7443
1731067200,43740.56,43798.56,43703.46,43779.96,9117
1731081600,43780.96,44050.96,43728.26,44002.46,30745
1731096000,44003.46,44161.36,43963.16,44020.09,20078
1731283200,44012.95,44061.66,44012.45,44031.86,3285
1731297600,44032.36,44051.16,44022.16,44039.16,2467
1731312000,44039.66,44138.26,44036.16,44132.26,4679
1731326400,44131.76,44222.16,44126.16,44174.16,5782
1731340800,44175.16,44494.16,44155.16,44316.26,28318
1731355200,44314.26,44345.76,44245.56,44282.49,17963
1731369600,44246.95,44274.86,44223.86,44252.86,4243
1731384000,44252.36,44259.36,44213.86,44235.96,3982
1731398400,44235.46,44281.16,44211.86,44246.36,6046
1731412800,44245.36,44386.06,44201.06,44361.16,9798
1731427200,44361.16,44412.86,43920.05,43929.06,31397
1731441600,43931.06,44154.05,43898.95,43963.49,21251
1731456000,43911.66,43922.26,43877.66,43890.66,4532
1731470400,43890.66,43913.76,43838.26,43840.76,4161
1731484800,43838.76,43864.95,43761.56,43854.95,8144
1731499200,43856.95,44037.56,43787.66,43941.56,11034
1731513600,43942.06,44144.65,43832.06,44134.1,36248
1731528000,44137.1,44144.1,43927.15,44015.76,22250
1731542400,43992.35,44024.95,43967.36,43968.36,3413
1731556800,43969.36,43976.36,43915.36,43929.46,4304
1731571200,43928.96,44047.96,43899.96,44018.36,8461
1731585600,44018.86,44114.36,43980.96,44055.66,10260
1731600000,44056.66,44083.96,43758.95,43836.0,35288
1731614400,43835.0,43889.4,43680.96,43745.96,26836
1731628800,43731.56,43732.06,43636.06,43645.06,5439
1731643200,43645.06,43677.16,43620.06,43630.16,4841
1731657600,43629.66,43631.16,43476.96,43551.26,10684
1731672000,43551.26,43656.76,43538.26,43587.66,9573
1731686400,43587.66,43642.86,43346.3,43399.3,40163
1731700800,43399.3,43516.1,43351.8,43452.76,25223
1731888000,43431.96,43470.46,43393.96,43457.06,3897
1731902400,43456.56,43457.06,43396.06,43427.06,3426
1731916800,43426.06,43459.16,43292.86,43326.86,10440
1731931200,43326.86,43388.96,43248.86,43367.96,8636
1731945600,43366.96,43504.25,43285.7,43461.2,29546
1731960000,43460.2,43467.2,43307.55,43370.76,18851
1731974400,43363.16,43400.26,43333.16,43388.26,4205
1731988800,43389.26,43478.76,43374.76,43448.36,4864
1732003200,43448.36,43469.16,43097.66,43131.16,15954
1732017600,43130.16,43208.66,42885.16,42891.16,17942
1732032000,42890.16,43317.4,42849.66,43272.35,38406
1732046400,43273.35,43389.35,43203.35,43278.56,19537
1732060800,43278.96,43381.16,43278.46,43322.16,4486
1732075200,43323.16,43367.26,43303.26,43343.36,4269
1732089600,43343.86,43419.16,43340.36,43383.26,10092
1732104000,43381.26,43428.36,43307.16,43348.26,10717
1732118400,43347.26,43349.36,43047.56,43173.55,39813
1732132800,43173.05,43458.55,43106.6,43440.16,28618
1732147200,43416.56,43445.06,43306.06,43317.06,7110
1732161600,43317.06,43397.06,43316.06,43383.16,5315
1732176000,43384.16,43447.06,43252.96,43312.96,18386
1732190400,43311.96,43619.96,43295.96,43548.96,15666
1732204800,43549.96,43971.8,43318.56,43945.8,43772
1732219200,43946.8,44022.85,43845.26,43866.26,20856
1732233600,43847.76,43892.66,43833.76,43874.66,4963
1732248000,43873.66,43917.16,43826.66,43844.66,6715
1732262400,43843.66,43941.86,43706.56,43808.56,14220
1732276800,43809.06,43941.66,43716.56,43901.96,14664
1732291200,43902.46,44242.7,43888.36,44216.7,37875
1732305600,44216.7,44342.46,44145.8,44332.96,22294
1732492800,44495.06,44551.66,44481.06,44536.16,3916
1732507200,44536.66,44556.76,44534.16,44549.76,3933
1732521600,44549.26,44599.66,44511.76,44586.26,8087
1732536000,44587.76,44689.16,44535.16,44672.66,9338
1732550400,44671.66,44809.96,44506.45,44595.45,38308
1732564800,44595.45,44784.66,44595.45,44751.16,20446
1732579200,44773.16,44777.76,44545.16,44653.16,11767
1732593600,44653.16,44747.66,44652.66,44711.66,6338
1732608000,44712.16,44752.66,44671.06,44724.26,12339
1732622400,44725.26,44812.56,44531.46,44572.46,12181
1732636800,44573.46,44696.9,44428.85,44686.4,32908
1732651200,44686.4,44898.76,44677.4,44876.76,16664
1732665600,44858.56,44890.66,44851.66,44887.16,2735
1732680000,44886.66,44917.66,44849.66,44851.66,3184
1732694400,44852.66,44897.4,44786.06,44816.16,9981
1732708800,44815.66,44936.46,44793.36,44910.56,8472
1732723200,44910.56,45015.76,44749.8,44763.3,29787
1732737600,44763.3,44777.8,44685.6,44737.86,15239
1732752000,44771.46,44791.46,44748.06,44783.06,2372
1732766400,44783.56,44805.66,44773.66,44784.16,2142
1732780800,44784.66,44790.7,44715.16,44761.2,4181
1732795200,44761.2,44802.96,44739.56,44784.2,4800
1732809600,44784.2,44865.2,44767.2,44840.2,6317
1732838400,44818.46,44861.96,44784.76,44840.86,5136
1732852800,44839.86,44876.96,44839.86,44854.96,4267
1732867200,44853.96,44898.56,44823.96,44885.1,8542
1732881600,44885.1,44913.46,44785.26,44812.86,9032
1732896000,44813.86,45079.1,44762.26,44962.55,27075
1732910400,44968.05,44985.55,44944.05,44957.1,1053
1733097600,44933.66,44934.66,44872.16,44873.26,4788
1733112000,44872.26,44879.26,44851.26,44855.26,3225
1733126400,44855.26,44896.86,44828.36,44884.4,5075
1733140800,44885.4,44943.06,44873.36,44919.06,6884
1733155200,44919.06,45024.36,44704.5,44758.5,27631
1733169600,44758.5,44854.55,44750.0,44760.16,14296
1733184000,44768.76,44796.86,44744.96,44746.96,2565
1733198400,44746.96,44801.96,44739.46,44797.96,2372
1733212800,44797.46,44817.26,44746.6,44793.1,5539
1733227200,44793.1,44801.1,44735.55,44767.76,5762
1733241600,44768.76,44876.06,44573.05,44756.1,26954
1733256000,44755.6,44879.16,44627.56,44797.16,14182
1733270400,44778.86,44821.96,44770.86,44796.96,3839
1733284800,44797.96,44851.56,44796.96,44847.06,3792
1733299200,44846.56,44905.96,44814.1,44897.66,6744
1733313600,44898.66,44934.66,44771.36,44892.86,8334
1733328000,44890.86,45017.16,44811.76,44903.16,27522
1733342400,44904.16,45075.16,44789.06,44999.26,16148
1733356800,45001.96,45014.46,44980.46,45008.06,2985
1733371200,45009.06,45023.06,44982.06,45013.56,3077
1733385600,45014.56,45056.56,44994.06,45010.16,6049
1733400000,45010.16,45021.66,44928.86,44958.96,6657
1733414400,44959.46,45055.76,44836.66,44906.66,29011
1733428800,44906.66,44914.66,44717.46,44765.46,20171
1733443200,44753.16,44774.96,44737.36,44746.86,2406
1733457600,44747.36,44768.86,44719.46,44748.96,2526
1733472000,44748.46,44792.06,44746.96,44774.06,4024
1733486400,44774.56,44868.06,44704.36,44832.06,7239
1733500800,44831.06,44906.36,44621.56,44640.56,27946
1733515200,44640.56,44725.56,44588.06,44623.46,14303
1733702400,44618.66,44668.26,44603.96,44607.56,3785
1733716800,44608.06,44622.06,44572.56,44588.66,3470
1733731200,44588.16,44644.96,44565.76,44620.76,7942
1733745600,44619.76,44677.66,44594.66,44670.66,7080
1733760000,44671.16,44728.16,44507.26,44523.86,30821
1733774400,44523.86,44591.36,44372.1,44384.76,18952
1733788800,44385.86,44391.96,44351.56,44367.56,2270
1733803200,44368.06,44403.66,44360.06,44394.66,1715
1733817600,44394.16,44440.76,44348.76,44364.76,4496
1733832000,44363.26,44407.16,44276.36,44312.36,6430
1733846400,44311.86,44471.36,44180.66,44363.56,29464
1733860800,44364.06,44427.86,44208.76,44278.16,16408
1733875200,44291.26,44292.76,44257.46,44262.06,1718
1733889600,44262.56,44264.06,44222.56,44256.06,1752
1733904000,44257.06,44267.66,44194.66,44197.66,5231
1733918400,44198.16,44366.26,44175.16,44357.76,6150
1733932800,44356.76,44364.76,44147.36,44297.56,30047
1733947200,44298.56,44332.56,44106.76,44112.76,15072
1733961600,44112.36,44118.46,44054.06,44066.06,2991
1733976000,44066.56,44078.66,44043.06,44078.16,2750
1733990400,44079.16,44082.66,44026.26,44071.26,5776
1734004800,44070.26,44156.09,44049.76,44121.46,8429
1734019200,44122.46,44203.26,43994.96,44058.46,32259
1734033600,44058.46,44077.96,43877.7,43928.36,20889
1734048000,43880.66,43921.86,43862.76,43891.36,3781
1734062400,43890.86,43936.46,43857.76,43913.96,3680
1734076800,43914.96,44036.16,43912.46,44027.16,6591
1734091200,44027.66,44042.16,43955.76,43963.46,6345
1734105600,43963.96,44043.56,43779.26,43806.26,36983
1734120000,43804.76,43893.76,43767.06,43793.06,19405
1734307200,43830.66,43877.36,43823.66,43870.86,4302
1734321600,43870.36,43879.46,43848.36,43849.96,3309
1734336000,43849.46,43876.86,43814.36,43851.56,6584
1734350400,43851.56,43908.96,43834.96,43903.56,6876
1734364800,43903.06,43949.06,43756.16,43773.66,34557
1734379200,43773.66,43832.16,43676.56,43690.56,20309
1734393600,43687.56,43712.26,43648.06,43709.26,3851
1734408000,43708.76,43732.26,43653.26,43657.26,4086
1734422400,43657.76,43664.36,43544.16,43588.46,10185
1734436800,43588.46,43608.56,43493.86,43537.06,11623
1734451200,43536.56,43563.66,43407.66,43452.36,38178
1734465600,43452.36,43482.86,43332.86,43434.36,25111
1734480000,43620.06,43636.56,43420.36,43506.56,3871
1734494400,43507.56,43526.16,43478.96,43519.66,3787
1734508800,43519.66,43536.56,43482.36,43505.56,6603
1734523200,43505.56,43626.46,43505.06,43561.76,7662
1734537600,43562.26,43684.16,43434.06,43600.76,32442
1734552000,43601.76,43615.26,42111.36,42308.66,46878
1734566400,42362.76,42399.06,42283.76,42396.06,10542
1734580800,42395.56,42403.56,42320.56,42321.56,8508
1734595200,42321.56,42473.56,42316.56,42447.06,16534
1734609600,42447.06,42646.56,42410.56,42570.56,16903
1734624000,42568.56,42749.36,42376.86,42472.36,50628
1734638400,42471.86,42648.86,42297.56,42375.56,36855
1734652800,42350.16,42367.76,42187.26,42195.76,8105
1734667200,42194.76,42242.76,42129.76,42242.76,6934
1734681600,42241.76,42315.66,42049.66,42101.66,14987
1734696000,42101.66,42259.16,42024.66,42182.66,21420
1734710400,42182.66,43195.16,42138.66,43108.16,50708
1734724800,43108.66,43110.16,42762.26,42794.26,38458
1734912000,42992.96,43027.46,42927.06,42979.06,6798
1734926400,42978.56,43018.26,42957.06,43011.16,4131
1734940800,43010.16,43016.16,42882.96,42901.96,10893
1734955200,42900.96,42920.16,42608.46,42652.96,13770
1734969600,42653.96,42784.36,42476.26,42753.36,40859
1734984000,42753.36,42929.26,42729.26,42872.96,26290
1734998400,42907.96,42917.46,42850.56,42872.16,4258
1735012800,42872.16,42890.06,42851.36,42863.36,3358
1735027200,42863.86,42918.16,42843.76,42913.16,5118
1735041600,42913.16,42915.46,42851.36,42869.66,5342
1735056000,42870.16,43240.46,42810.86,43223.46,30244
1735070400,43224.46,43232.46,43193.86,43216.76,1115
1735171200,43233.66,43242.66,43167.16,43215.26,2047
1735185600,43214.76,43237.76,43204.56,43230.26,1901
1735200000,43229.76,43238.46,43103.16,43115.16,5713
1735214400,43115.66,43116.16,43017.16,43074.16,7502
1735228800,43073.16,43343.56,43049.16,43242.16,27547
1735243200,43244.16,43338.76,43221.26,43280.06,20410
1735257600,43290.36,43312.66,43235.96,43258.16,4088
1735272000,43258.16,43262.06,43227.36,43234.86,3414
1735286400,43234.36,43245.06,43164.36,43184.56,7330
1735300800,43185.06,43198.06,43117.26,43118.26,7033
1735315200,43119.26,43190.96,42706.26,42779.86,43782
1735329600,42777.86,43042.96,42773.76,42979.26,29226
1735516800,43004.16,43004.16,42910.16,42953.46,5424
1735531200,42953.46,42953.46,42879.26,42895.46,5004
1735545600,42895.46,42931.76,42835.16,42891.46,9954
1735560000,42890.46,42934.96,42489.66,42516.16,14134
1735574400,42516.16,42723.66,42228.66,42706.66,45012
1735588800,42707.66,42761.76,42539.96,42572.56,33145
1735603200,42569.86,42615.56,42521.36,42607.46,3590
1735617600,42607.96,42636.56,42541.66,42575.66,5246
1735632000,42575.66,42666.76,42528.96,42661.66,8087
1735646400,42661.16,42714.16,42637.36,42655.36,8240
1735660800,42656.36,42751.76,42380.86,42537.76,42928
1735675200,42537.76,42563.76,42373.76,42507.26,34122
1735776000,42641.46,42646.96,42369.06,42578.56,10563
1735790400,42577.56,42701.56,42572.56,42689.06,6869
1735804800,42689.56,42781.46,42624.46,42733.86,13732
1735819200,42734.86,42907.36,42693.36,42800.36,12415
1735833600,42803.36,42878.16,42153.16,42272.16,55793
1735848000,42273.16,42439.16,42124.66,42379.16,39999
1735862400,42354.76,42428.36,42313.76,42385.36,4365
1735876800,42384.86,42437.36,42376.36,42390.76,4391
1735891200,42390.26,42518.16,42384.26,42501.16,10056
1735905600,42501.16,42507.36,42399.26,42460.26,7208
1735920000,42461.26,42661.26,42395.56,42623.76,39376
1735934400,42623.26,42754.76,42591.26,42672.16,17979
1736121600,42688.16,42699.26,42629.26,42642.36,4295
1736136000,42641.86,42687.76,42622.26,42676.46,3012
1736150400,42676.46,42776.76,42671.36,42766.06,6165
1736164800,42766.56,42948.76,42664.76,42938.76,12863
1736179200,42939.76,43093.06,42766.06,42908.06,39544
1736193600,42908.06,42914.06,42582.46,42717.56,29799
1736208000,42749.66,42749.66,42642.76,42673.26,4262
1736222400,42672.26,42691.86,42625.26,42660.26,5889
1736236800,42658.26,42740.16,42639.76,42683.26,9745
1736251200,42683.26,42823.56,42677.66,42821.96,8743
1736265600,42820.96,42923.66,42530.86,42602.36,48228
1736280000,42603.36,42696.96,42366.36,42514.46,29104
1736294400,42504.96,42593.16,42473.46,42592.16,3472
1736308800,42592.66,42626.66,42570.06,42624.66,4485
1736323200,42624.66,42633.46,42552.06,42627.16,7957
1736337600,42627.16,42658.16,42387.96,42557.06,23443
1736352000,42556.06,42598.36,42317.36,42413.36,47178
1736366400,42413.36,42649.36,42394.86,42626.96,33583
1736380800,42599.46,42619.86,42523.76,42529.76,4230
1736395200,42528.76,42579.96,42514.86,42567.86,4078
1736409600,42567.86,42637.76,42460.76,42608.86,9357
1736424000,42608.86,42641.96,42544.76,42570.46,9132
1736438400,42569.46,42569.46,42504.46,42561.46,1995
1736467200,42522.66,42555.16,42422.26,42499.06,7425
1736481600,42499.56,42583.16,42489.06,42578.56,5336
1736496000,42578.06,42642.06,42508.06,42562.56,10773
1736510400,42562.56,42653.06,42198.32,42303.86,17453
1736524800,42303.86,42425.86,41860.96,42013.46,54563
1736539200,42010.46,42170.46,41843.76,41973.46,36855
1736726400,41936.66,42014.66,41829.76,41855.26,6917
1736740800,41855.26,41884.76,41782.76,41839.26,6309
1736755200,41838.76,41892.76,41738.36,41767.36,14063
1736769600,41766.36,41922.36,41734.36,41887.36,15050
1736784000,41886.86,42183.26,41829.36,42181.26,49444
1736798400,42180.26,42330.36,42134.26,42316.36,31339
1736812800,42352.76,42421.76,42330.86,42348.86,4931
1736827200,42349.86,42379.96,42312.86,42377.06,3906
1736841600,42378.56,42464.76,42328.86,42434.96,9355
1736856000,42434.96,42552.26,42296.26,42408.76,14362
1736870400,42411.76,42519.96,42141.96,42290.56,46251
1736884800,42289.56,42590.86,42278.76,42578.36,30870
1736899200,42560.76,42581.06,42547.36,42575.56,2313
1736913600,42574.56,42578.56,42523.06,42523.06,1975
1736928000,42523.56,42591.36,42519.06,42569.46,4863
1736942400,42569.46,43214.76,42543.46,43203.76,13438
1736956800,43205.26,43283.66,43055.16,43135.36,42016
1736971200,43137.36,43329.26,43135.86,43233.66,19837
1736985600,43255.76,43327.86,43252.36,43258.36,3782
1737000000,43257.86,43281.96,43222.86,43235.96,3532
1737014400,43236.96,43333.86,43202.86,43238.86,11916
1737028800,43239.36,43335.86,43051.36,43081.86,13895
1737043200,43079.86,43284.66,43076.86,43194.96,41838
1737057600,43196.96,43234.26,43071.05,43103.66,27343
1737072000,43114.26,43215.16,43094.26,43205.56,3280
1737086400,43205.56,43232.66,43168.66,43218.66,3839
1737100800,43218.66,43303.86,43191.56,43268.46,7481
1737115200,43268.96,43440.56,43257.56,43411.06,10715
1737129600,43410.56,43659.86,43409.36,43605.56,34244
1737144000,43605.56,43624.66,43455.96,43480.96,21135
1737331200,43479.96,43479.96,43415.96,43448.66,5292
1737345600,43448.16,43504.06,43436.96,43498.06,3486
1737360000,43498.06,43556.56,43480.46,43514.76,5909
1737374400,43514.76,43682.46,43428.46,43674.96,11345
1737388800,43672.96,43796.7,43532.7,43650.8,19454
1737417600,43690.76,43773.8,43292.8,43563.3,11982
1737432000,43565.3,43657.8,43558.3,43588.4,6822
1737446400,43588.9,43662.3,43563.3,43661.8,9247
1737460800,43661.8,43719.3,43583.8,43671.3,9395
1737475200,43673.3,43976.06,43640.7,43942.66,36041
1737489600,43941.66,44063.5,43913.26,44035.56,18088
1737504000,43993.26,44055.96,43990.76,44048.46,4338
1737518400,44047.96,44068.06,44034.06,44047.56,2385
1737532800,44046.56,44116.86,44013.26,44097.46,5986
1737547200,44097.46,44200.36,44062.16,44190.66,6625
1737561600,44191.16,44196.66,44041.06,44113.66,26561
1737576000,44113.66,44206.86,44111.06,44122.16,14185
1737590400,44147.46,44166.56,44128.56,44132.16,3050
1737604800,44132.66,44142.76,44116.16,44124.26,2670
1737619200,44124.76,44146.56,44106.76,44140.76,5704
1737633600,44140.76,44221.96,44138.66,44197.16,7176
1737648000,44198.66,44497.76,44155.46,44495.76,26555
1737662400,44495.26,44550.36,44451.46,44520.56,16864
1737676800,44506.16,44539.06,44503.76,44529.06,2559
1737691200,44528.56,44573.56,44510.66,44522.16,4196
1737705600,44522.16,44562.26,44498.16,44509.26,5917
1737720000,44508.26,44515.26,44408.46,44463.76,6709
1737734400,44463.26,44549.86,44389.26,44478.76,27982
1737748800,44478.76,44490.76,44330.36,44385.76,20180
1737936000,44330.76,44369.26,44184.86,44214.36,7153
1737950400,44212.36,44279.36,44143.36,44159.36,7173
1737964800,44159.86,44168.36,43820.76,44049.76,21614
1737979200,44049.76,44146.26,43935.76,44094.26,25050
1737993600,44092.76,44573.76,44030.16,44479.76,45522
1738008000,44480.76,44745.36,44451.76,44718.96,33499
1738022400,44685.76,44708.76,44600.86,44612.86,9611
1738036800,44612.36,44679.86,44588.86,44627.86,8256
1738051200,44628.86,44753.86,44559.86,44743.96,13185
1738065600,44743.96,44776.96,44649.86,44663.06,11542
1738080000,44662.06,44977.36,44613.36,44858.36,36892
1738094400,44859.36,44909.46,44774.36,44834.26,19786
1738108800,44826.66,44844.16,44805.16,44817.96,3103
1738123200,44818.96,44852.96,44804.86,44824.96,2419
1738137600,44833.96,44895.26,44770.26,44803.36,7904
1738152000,44803.86,44871.56,44748.66,44789.16,8377
1738166400,44788.16,44961.26,44773.26,44789.26,30545
1738180800,44790.26,44855.36,44571.56,44772.16,42889
1738195200,44742.96,44845.06,44713.46,44822.16,6217
1738209600,44823.16,44846.06,44789.16,44806.16,3082
1738224000,44807.16,44905.46,44789.66,44887.06,6121
1738238400,44886.56,44917.56,44610.76,44683.26,12032
1738252800,44682.76,44899.06,44611.26,44828.66,38621
1738267200,44829.16,45016.06,44632.46,44884.96,25124
1738281600,44951.36,44958.36,44866.96,44949.46,5390
1738296000,44950.46,44965.06,44921.16,44960.16,3329
1738310400,44958.66,45061.86,44954.16,45016.86,5204
1738324800,45016.86,45059.76,44979.86,45008.96,7185
1738339200,45006.96,45033.66,44819.16,44882.26,32627
1738353600,44883.26,44913.36,44495.66,44536.96,42309
1738540800,44063.26,44134.26,43902.76,43997.86,16222
1738555200,43998.36,44004.86,43814.86,43907.86,12176
1738569600,43907.86,44043.66,43862.36,43900.66,18562
1738584000,43900.16,44013.66,43845.16,43927.66,17229
1738598400,43927.66,44518.66,43861.56,44412.16,55886
1738612800,44410.16,44671.86,44328.66,44622.36,37094
1738627200,44627.76,44635.26,44485.36,44520.36,5943
1738641600,44521.36,44524.36,44210.86,44360.36,11908
1738656000,44360.86,44407.76,44223.76,44297.76,14862
1738670400,44295.76,44385.26,44278.76,44340.26,12409
1738684800,44340.76,44545.06,44321.56,44518.16,37219
1738699200,44518.16,44605.16,44457.66,44535.76,22529
1738713600,44544.56,44567.16,44497.16,44501.16,6461
1738728000,44501.16,44516.66,44429.26,44432.76,5424
1738742400,44434.26,44515.16,44403.76,44407.16,11642
1738756800,44405.16,44572.96,44392.16,44517.56,10372
1738771200,44517.56,44714.36,44334.56,44698.86,34194
1738785600,44699.36,44913.56,44687.36,44908.06,17531
1738800000,44900.66,44948.66,44878.56,44934.76,3752
1738814400,44933.76,44981.36,44922.26,44975.36,2934
1738828800,44975.86,45005.96,44924.36,44967.96,5755
1738843200,44968.96,45049.96,44852.86,44941.96,9480
1738857600,44941.96,44986.86,44678.36,44766.86,30398
1738872000,44767.86,44775.86,44532.76,44667.36,24054
1738886400,44691.76,44765.46,44687.76,44754.06,3180
1738900800,44753.06,44760.06,44700.06,44702.06,2287
1738915200,44701.06,44783.66,44678.36,44782.16,5473
1738929600,44782.16,44812.35,44660.05,44801.86,9094
1738944000,44801.86,44847.96,44362.96,44416.26,51521
1738958400,44416.76,44513.76,44276.56,44309.76,28004
1739145600,44233.46,44410.86,44216.96,44387.36,5985
1739160000,44385.36,44397.36,44364.36,44370.46,3209
1739174400,44371.46,44439.56,44354.96,44423.56,5463
1739188800,44422.06,44566.46,44421.56,44565.46,6575
1739203200,44566.46,44617.56,44292.46,44399.56,31073
1739217600,44398.56,44493.56,44397.56,44472.66,17435
1739232000,44434.06,44436.56,44374.56,44394.26,3781
1739246400,44394.76,44411.36,44352.26,44403.36,3369
1739260800,44401.36,44409.46,44333.86,44360.66,6210
1739275200,44360.66,44395.86,44310.76,44319.76,8157
1739289600,44318.76,44532.46,44278.76,44463.96,30537
1739304000,44463.96,44631.96,44434.96,44581.16,19921
1739318400,44590.26,44621.96,44561.26,44605.96,3484
1739332800,44606.96,44607.96,44558.46,44560.06,2680
1739347200,44561.06,44585.56,44472.26,44524.66,5069
1739361600,44525.16,44585.06,44125.56,44184.56,12180
1739376000,44184.56,44443.76,44068.16,44436.66,43383
1739390400,44437.66,44450.16,44278.66,44393.86,23127
1739404800,44393.86,44437.06,44383.46,44417.16,3342
1739419200,44416.66,44446.56,44393.56,44426.66,2765
1739433600,44426.66,44438.56,44227.06,44314.66,9974
1739448000,44314.16,44447.86,44299.66,44443.06,13250
1739462400,44442.56,44508.56,44329.66,44430.06,34637
1739476800,44429.06,44753.06,44375.96,44710.26,26793
1739491200,44685.66,44729.36,44669.16,44725.36,3816
1739505600,44726.36,44732.46,44693.36,44695.46,2238
1739520000,44694.46,44731.96,44603.06,44611.06,5993
1739534400,44610.06,44624.06,44515.06,44621.56,8312
1739548800,44622.06,44738.16,44523.76,44571.26,29289
1739563200,44572.26,44623.06,44469.66,44512.86,16030
1739750400,44556.76,44560.96,44500.76,44549.06,3076
1739764800,44549.06,44581.56,44542.96,44571.06,1734
1739779200,44571.56,44590.16,44536.16,44586.16,2679
1739793600,44586.16,44633.16,44563.66,44625.16,2037
1739808000,44624.16,44657.86,44567.06,44641.36,4996
1739836800,44629.46,44630.46,44575.96,44587.26,2781
1739851200,44586.26,44594.16,44565.26,44572.26,1872
1739865600,44571.76,44649.36,44538.36,44540.86,5691
1739880000,44541.36,44630.26,44519.76,44601.26,5441
1739894400,44603.26,44605.76,44367.36,44471.46,31071
1739908800,44472.46,44572.65,44305.86,44540.06,22308
1739923200,44560.16,44596.36,44545.66,44590.46,2458
1739937600,44589.46,44599.46,44574.96,44587.46,1995
1739952000,44587.36,44602.46,44552.96,44573.56,3770
1739966400,44573.06,44578.56,44418.16,44439.66,7828
1739980800,44439.66,44474.36,44342.76,44394.86,29166
1739995200,44394.86,44632.76,44305.76,44574.05,21417
1740009600,44581.46,44593.66,44542.56,44544.16,3857
1740024000,44543.66,44562.76,44514.76,44516.76,3347
1740038400,44517.26,44571.86,44513.66,44565.36,4568
1740052800,44565.36,44583.36,44457.86,44474.36,6414
1740067200,44472.86,44514.86,43950.86,44000.86,38250
1740081600,44000.86,44193.15,43943.86,44165.06,23967
1740096000,44193.16,44215.26,44170.36,44179.86,3317
1740110400,44180.36,44194.36,44160.26,44170.86,2450
1740124800,44168.86,44226.06,44163.96,44215.56,5344
1740139200,44216.06,44247.06,43911.96,43924.96,8016
1740153600,43923.46,43999.96,43576.06,43592.06,41492
1740168000,43591.06,43598.56,43334.06,43401.26,37424
1740355200,43464.26,43594.86,43462.76,43575.96,6049
1740369600,43576.46,43643.06,43573.96,43638.06,3270
1740384000,43637.06,43742.06,43537.06,43702.66,10666
1740398400,43703.16,43755.66,43645.16,43647.16,7910
1740412800,43646.16,43678.06,43350.16,43622.96,46654
1740427200,43622.96,43705.56,43432.86,43501.06,31140
1740441600,43508.46,43571.16,43460.46,43569.16,5884
1740456000,43569.26,43585.76,43525.66,43536.26,4084
1740470400,43536.26,43541.66,43356.76,43374.76,12360
1740484800,43374.26,43584.86,43321.26,43563.36,12462
1740499200,43564.86,43736.36,43276.36,43623.56,50662
1740513600,43623.56,43772.46,43471.46,43676.76,38708
1740528000,43703.16,43717.76,43644.36,43651.86,3973
1740542400,43652.36,43723.36,43631.76,43718.46,4006
1740556800,43717.96,43758.06,43677.56,43736.56,6201
1740571200,43736.56,43780.53,43671.93,43686.43,8655
1740585600,43685.43,43867.03,43441.53,43485.03,45946
1740600000,43483.53,43532.03,43269.35,43486.86,42164
1740614400,43384.76,43419.83,43327.76,43387.33,8037
1740628800,43386.33,43562.33,43379.33,43539.83,5736
1740643200,43540.83,43585.53,43477.33,43552.53,10327
1740657600,43552.03,43604.53,43338.03,43388.53,14012
1740672000,43386.03,43887.63,43373.03,43669.63,51749
1740686400,43670.13,43764.13,43217.63,43274.86,41106
1740700800,43264.86,43281.86,43093.93,43188.93,9078
1740715200,43189.43,43239.23,43104.93,43221.33,12399
1740729600,43220.83,43348.43,43188.93,43327.53,13658
1740744000,43327.53,43468.36,43326.53,43406.86,13650
1740758400,43407.86,43534.06,43181.96,43186.46,50050
1740772800,43186.96,43861.96,43084.96,43772.83,44960
1740960000,43859.86,43899.86,43724.86,43788.86,12676
1740974400,43788.86,43879.46,43744.86,43865.96,8707
1740988800,43865.96,43904.06,43738.06,43896.16,15453
1741003200,43896.16,44022.56,43863.16,43923.16,13257
1741017600,43923.16,44046.16,43617.56,43687.56,50854
1741032000,43688.56,43695.56,42914.06,43246.43,47826
1741046400,43254.86,43294.36,43156.36,43167.36,11903
1741060800,43166.36,43285.86,43136.86,43249.36,12980
1741075200,43248.36,43275.36,43137.56,43179.06,20736
1741089600,43179.06,43196.56,42984.56,43031.56,26888
1741104000,43031.56,43092.56,42352.16,42525.66,61290
1741118400,42528.16,43081.66,42413.66,42761.03,54077
1741132800,42827.36,42827.36,42638.86,42720.36,13407
1741147200,42720.86,42796.86,42646.86,42752.86,11353
1741161600,42751.86,42862.56,42695.56,42836.56,18578
1741176000,42837.56,42857.56,42479.06,42501.06,24752
1741190400,42501.56,42853.66,42409.16,42840.66,58235
1741204800,42839.66,43131.66,42658.66,43001.43,47500
1741219200,43023.36,43034.36,42946.36,42977.86,7012
1741233600,42977.36,43022.36,42942.86,42970.36,7073
1741248000,42969.86,43032.66,42629.56,42650.56,22268
1741262400,42652.56,42692.56,42523.56,42619.06,24050
1741276800,42618.56,42981.16,42380.66,42528.16,57513
1741291200,42527.66,42687.66,42366.66,42607.43,49111
1741305600,42615.76,42692.26,42591.26,42664.26,9172
1741320000,42665.26,42696.26,42582.26,42593.26,9451
1741334400,42594.76,42684.66,42547.26,42663.26,18444
1741348800,42663.76,42849.14,42427.96,42448.46,21822
1741363200,42448.96,42729.56,42161.06,42479.06,63020
1741377600,42480.56,42897.06,42471.56,42779.43,49861
1741564800,42580.76,42593.76,42383.26,42561.76,14149
1741579200,42562.26,42658.16,42557.26,42607.26,10297
1741593600,42606.76,42651.76,42315.76,42330.26,17514
1741608000,42329.26,42509.26,42252.26,42339.26,25174
1741622400,42341.26,42557.56,42201.06,42241.56,59710
1741636800,42241.56,42253.56,41612.16,41959.85,51079
1741651200,41938.66,41970.66,41620.16,41711.16,15559
1741665600,41710.66,42058.16,41606.16,42014.66,23255
1741680000,42014.16,42057.76,41941.26,42043.26,19429
1741694400,42041.26,42075.76,41857.26,41868.26,20963
1741708800,41868.76,41912.76,41223.06,41273.06,60848
1741723200,41272.06,41799.56,41170.06,41442.75,54291
1741737600,41415.46,41540.46,41415.46,41522.46,9217
1741752000,41521.46,41561.46,41466.46,41505.46,10020
1741766400,41506.96,41622.56,41432.06,41611.56,16611
1741780800,41613.56,41977.05,41564.56,41742.06,22461
1741795200,41742.56,41744.56,41000.86,41332.41,59516
1741809600,41333.41,41564.91,41296.0,41303.5,43490
1741824000,41320.11,41443.11,41305.11,41372.11,7646
1741838400,41371.11,41400.21,41212.11,41241.11,12711
1741852800,41240.11,41266.71,41095.71,41223.71,23020
1741867200,41223.21,41386.21,41174.71,41278.71,24053
1741881600,41279.21,41354.51,40798.01,40878.51,58157
1741896000,40878.51,40985.51,40653.01,40859.7,44968
1741910400,40875.71,41025.41,40874.21,40996.41,9722
1741924800,40997.41,41042.51,40976.91,41029.51,9412
1741939200,41028.01,41053.01,40937.01,41029.51,14861
1741953600,41032.01,41100.51,40960.51,41092.51,20475
1741968000,41093.01,41441.21,40905.31,41429.71,50813
1741982400,41420.71,41519.21,41314.21,41395.4,38833
1742169600,41398.21,41400.71,41256.71,41320.21,7201
1742184000,41319.71,41337.31,41267.21,41292.31,9636
1742198400,41292.31,41313.31,41217.81,41267.31,15906
1742212800,41266.81,41443.31,41248.65,41406.31,18365
1742227200,41406.81,41762.21,41374.31,41731.71,52076
1742241600,41731.71,42010.31,41690.11,41845.8,33623
1742256000,41871.51,41890.11,41822.51,41839.51,5147
1742270400,41839.51,41850.01,41722.51,41739.01,9659
1742284800,41738.51,41870.11,41735.11,41845.61,13116
1742299200,41845.61,41873.61,41666.11,41717.41,14266
1742313600,41717.41,41790.71,41401.21,41473.71,47826
1742328000,41473.71,41643.21,41401.71,41567.9,41728
1742342400,41577.51,41695.51,41526.51,41683.01,5434
1742356800,41683.01,41684.51,41603.61,41612.61,5525
1742371200,41613.61,41639.61,41510.11,41601.11,12504
1742385600,41600.61,41660.61,41556.61,41604.61,12786
1742400000,41606.61,41952.91,41602.11,41824.51,37876
1742414400,41825.01,42188.41,41648.91,41983.5,40696
1742428800,41989.41,42092.91,41978.91,42085.51,4512
1742443200,42084.51,42120.41,42051.41,42093.51,4798
1742457600,42094.51,42134.51,42055.51,42097.51,7278
1742472000,42098.51,42102.51,41678.51,41798.51,24565
1742486400,41798.01,42250.81,41684.31,41989.81,48890
1742500800,41987.81,42062.81,41825.31,41958.4,38014
1742515200,41954.31,41988.71,41893.81,41965.21,4493
1742529600,41964.71,41990.81,41913.31,41919.81,7658
1742544000,41918.81,41965.91,41736.91,41789.01,14949
1742558400,41790.01,41878.51,41628.51,41634.01,19107
1742572800,41634.01,41957.81,41417.81,41953.81,52993
1742587200,41951.31,42007.9,41816.81,41987.0,35971
1742774400,42197.71,42227.71,42144.71,42217.31,5192
1742788800,42216.31,42235.31,42197.21,42217.41,4119
1742803200,42216.91,42344.31,42216.41,42331.31,7278
1742817600,42332.31,42418.81,42284.31,42402.51,10028
1742832000,42404.51,42595.61,42295.71,42461.01,31993
1742846400,42462.01,42640.91,42379.51,42573.0,23404
1742860800,42569.41,42571.01,42514.31,42554.41,2752
1742875200,42553.41,42567.51,42505.51,42506.51,3924
1742889600,42506.51,42541.81,42482.41,42520.71,6359
1742904000,42520.71,42674.71,42498.01,42649.41,9328
1742918400,42648.91,42698.71,42492.21,42579.91,31567
1742932800,42577.91,42613.4,42442.21,42602.4,23340
1742947200,42611.31,42643.51,42583.41,42631.41,2762
1742961600,42630.41,42630.41,42571.31,42595.51,3853
1742976000,42595.01,42598.31,42526.91,42533.41,7322
1742990400,42534.41,42679.11,42511.41,42658.21,10032
1743004800,42657.21,42825.41,42468.41,42482.41,42498
1743019200,42481.41,42529.51,42319.01,42395.6,34888
1743033600,42323.51,42411.01,42261.51,42387.61,8301
1743048000,42388.11,42512.61,42377.01,42508.21,6297
1743062400,42507.21,42559.71,42391.11,42521.11,14321
1743076800,42520.61,42561.11,42416.61,42465.11,17583
1743091200,42465.11,42524.91,42148.41,42226.51,46730
1743105600,42229.51,42458.41,42203.41,42319.1,36345
1743120000,42308.51,42325.31,42244.71,42320.31,4365
1743134400,42319.81,42361.41,42308.81,42349.91,4685
1743148800,42350.91,42367.71,42154.81,42229.81,13451
1743163200,42230.81,42303.31,42153.81,42153.81,16140
1743177600,42156.31,42276.31,41612.91,41620.91,47408
1743192000,41619.41,41623.41,41437.5,41447.0,33822
1743379200,41308.61,41431.61,41303.11,41370.61,11075
1743393600,41372.11,41432.71,41340.61,41421.71,11408
1743408000,41420.71,41439.11,41296.71,41320.71,20225
1743422400,41319.71,41339.71,41231.71,41323.21,19623
1743436800,41322.71,41725.01,41145.51,41659.51,51203
1743451200,41660.01,42139.51,41593.51,41936.7,41433
1743465600,41926.11,41953.11,41809.61,41847.61,10284
1743480000,41847.61,41928.61,41817.61,41868.71,9336
1743494400,41869.21,42027.21,41836.71,41926.21,17020
1743508800,41928.21,41977.91,41692.71,41783.71,24630
1743523200,41784.71,42136.01,41498.01,42000.01,53558
1743537600,42000.01,42031.51,41674.01,41937.1,40631
1743552000,41979.11,42090.61,41909.61,41927.11,8903
1743566400,41927.11,41956.61,41906.71,41923.71,7377
1743580800,41924.71,41976.71,41849.21,41865.21,14753
1743595200,41864.71,41902.71,41603.71,41671.41,22523
1743609600,41669.41,42287.71,41613.91,42267.71,49434
1743624000,42267.71,42563.9,41616.4,41810.4,48327
1743638400,41430.96,41444.31,41034.81,41280.81,15942
1743652800,41281.81,41471.81,41279.81,41364.31,17591
1743667200,41366.31,41395.31,41101.41,41225.91,26157
1743681600,41223.41,41250.41,40928.41,40939.41,27494
1743696000,40937.41,41153.21,40591.21,40919.21,62333
1743710400,40919.21,40981.71,40403.0,40414.0,49971
1743724800,40471.11,40495.41,40346.41,40418.41,13012
1743739200,40418.41,40451.41,40205.91,40219.41,18660
1743753600,40218.91,40457.01,40089.51,40128.51,31330
1743768000,40137.51,40165.51,38935.01,39521.01,51396
1743782400,39521.01,39641.81,38806.31,38893.11,69425
1743796800,38893.61,39098.61,38077.7,38255.31,60708
1743984000,36935.31,37166.31,36497.31,37156.81,22782
1743998400,37154.81,37584.31,37062.81,37223.31,33653
1744012800,37223.81,37489.31,36608.91,36980.41,45298
1744027200,36980.91,37754.41,36773.91,37627.91,50135
1744041600,37625.91,39212.1,36604.71,37347.6,52841
1744056000,37346.6,38367.9,37334.6,38244.4,22165
1744070400,38260.31,38641.2,38258.81,38411.7,13187
1744084800,38408.7,38731.7,38328.7,38606.7,19422
1744099200,38603.2,38757.91,38461.2,38730.41,26675
1744113600,38729.91,39180.91,38573.91,39013.91,33092
1744128000,39011.91,39438.71,38320.71,38326.21,68721
1744142400,38330.21,38425.21,37086.21,37545.8,57593
1744156800,37394.61,37432.61,37053.61,37133.11,18530
1744171200,37132.61,37570.11,36776.61,36881.61,28868
1744185600,36881.61,37926.21,36691.11,37634.71,34076
1744200000,37634.21,37704.71,36724.21,37077.21,32458
1744214400,37073.21,38032.01,37073.21,37937.01,62281
1744228800,37937.01,40792.9,37635.01,40750.8,48635
1744243200,40677.81,40915.2,40667.2,40784.2,13148
1744257600,40783.7,40833.7,40448.2,40471.7,23615
1744272000,40472.7,40682.91,39872.41,39948.41,36020
1744286400,39947.41,40269.41,39848.91,40012.41,35010
1744300800,40010.91,40146.41,38406.71,39071.21,66916
1744315200,39071.21,39820.71,38618.21,39539.28,62210
1744329600,39617.51,39760.51,39005.01,39101.01,15258
1744344000,39098.01,39672.51,39059.51,39616.01,21541
1744358400,39620.01,40053.61,39260.11,39355.11,35377
1744372800,39353.11,39924.61,39316.61,39644.61,31559
1744387200,39645.11,40097.91,39252.41,40026.91,65284
1744401600,40033.91,40407.91,39851.91,40259.48,53522
1744588800,40465.71,40467.21,40259.21,40315.71,14183
1744603200,40316.21,40433.31,39922.81,40428.31,12834
1744617600,40427.31,40631.71,40369.41,40607.71,7073
1744632000,40607.71,40743.71,40463.21,40670.71,14159
1744646400,40670.71,40786.51,40153.01,40269.01,60085
1744660800,40272.01,40765.21,40260.01,40471.78,48562
1744675200,40470.51,40506.01,40357.51,40483.51,6568
1744689600,40481.51,40531.61,40451.01,40507.51,11643
1744704000,40507.01,40674.11,40457.11,40583.61,20242
1744718400,40583.11,40623.11,40330.61,40443.61,25581
1744732800,40445.11,40802.41,40445.11,40521.91,56697
1744747200,40520.41,40583.41,40318.48,40336.98,43050
1744761600,40216.71,40254.21,40128.71,40204.71,9089
1744776000,40204.71,40286.71,40203.21,40214.21,10263
1744790400,40215.71,40512.81,39989.31,40278.31,27399
1744804800,40280.81,40397.81,40250.21,40276.71,25458
1744819200,40277.21,40423.01,40017.51,40110.21,53554
1744833600,40108.21,40172.71,39392.21,39675.38,51315
1744848000,39705.01,39816.51,39576.01,39803.51,9149
1744862400,39801.51,39951.91,39774.01,39934.01,10597
1744876800,39934.51,40115.91,39917.51,39950.91,18768
1744891200,39951.91,40044.91,39025.01,39193.51,26143
1744905600,39193.51,39430.11,38957.61,39404.61,61746
1744920000,39407.61,39460.11,39106.11,39209.88,46646
1745193600,38994.41,39044.41,38910.41,38935.41,5584
1745208000,38935.91,38941.91,38764.41,38825.91,10901
1745222400,38826.91,38884.51,38731.01,38801.01,9064
1745236800,38803.01,38887.01,38671.01,38816.01,14089
1745251200,38815.51,38877.31,38013.41,38043.91,48907
1745265600,38044.91,38211.51,37822.01,38131.08,40407
1745280000,38104.51,38301.01,38073.01,38285.51,7411
1745294400,38285.51,38395.51,38247.01,38271.01,13599
1745308800,38270.01,38600.61,38255.51,38479.61,19743
1745323200,38480.61,38546.61,38410.11,38541.61,19857
1745337600,38540.61,39277.61,38512.91,39161.61,48831
1745352000,39160.61,39260.48,38783.11,39184.78,44207
1745366400,39789.81,39883.81,39615.81,39671.81,10841
1745380800,39673.31,39707.81,39549.31,39647.31,12752
1745395200,39646.81,39888.41,39577.31,39832.91,17489
1745409600,39833.91,39993.41,39775.91,39984.91,18293
1745424000,39983.91,40378.21,39537.01,39778.51,58938
1745438400,39779.01,39877.01,39481.01,39603.68,46636
1745452800,39504.71,39624.71,39452.21,39563.21,7163
1745467200,39567.71,39601.21,39440.21,39493.31,11425
1745481600,39494.31,39520.71,39237.41,39310.91,22218
1745496000,39311.41,39561.91,39300.41,39493.91,20433
1745510400,39492.91,40080.71,39372.71,40044.21,43636
1745524800,40044.21,40224.05,39936.71,40079.98,33794
1745539200,40046.11,40159.11,40036.61,40145.11,4434
1745553600,40144.61,40208.61,40022.61,40097.61,11688
1745568000,40097.61,40201.21,40013.21,40103.21,18365
1745582400,40103.21,40144.71,39832.71,39926.71,24209
1745596800,39926.71,40073.51,39694.01,40019.21,46690
1745611200,40018.21,40170.68,39872.11,40135.68,35828
1745798400,40021.61,40062.71,39939.21,39948.71,4029
1745812800,39946.71,39983.31,39921.71,39951.31,5654
1745827200,39949.31,40083.91,39907.71,40081.81,11560
1745841600,40082.31,40158.31,40006.31,40151.31,14145
1745856000,40151.31,40419.11,39940.81,39968.41,51568
1745870400,39966.91,40316.31,39871.71,40189.68,36046
1745884800,40184.31,40266.81,40152.41,40257.81,3936
1745899200,40257.31,40330.31,40235.81,40256.81,7673
1745913600,40256.81,40348.41,40227.81,40327.91,12692
1745928000,40328.41,40429.11,40263.91,40295.41,16716
1745942400,40296.91,40534.41,40187.41,40355.01,52197
1745956800,40355.01,40632.11,40332.01,40592.18,36596
1745971200,40561.91,40588.91,40460.91,40471.91,5045
1745985600,40470.41,40486.41,40381.91,40438.01,7793
1746000000,40439.51,40572.51,40412.01,40502.11,11615
1746014400,40502.11,40615.01,40136.51,40204.01,15750
1746028800,40205.01,40364.51,39731.81,40329.51,56597
1746043200,40329.01,40797.38,40173.01,40693.08,45950
1746057600,40741.91,40859.41,40734.91,40825.91,7426
1746072000,40826.41,40896.91,40815.91,40886.51,6885
1746086400,40887.01,40930.91,40802.51,40919.01,10723
1746100800,40919.51,41015.51,40827.51,40827.51,15935
1746115200,40827.01,41097.51,40755.31,40796.61,51156
1746129600,40797.11,40974.51,40608.88,40695.08,39307
1746144000,40678.71,41064.71,40656.21,41047.71,9195
1746158400,41047.21,41145.21,41020.21,41097.31,11899
1746172800,41099.31,41104.21,40880.81,40882.81,16260
1746187200,40882.31,41204.31,40855.31,41201.81,15655
1746201600,41202.31,41389.91,41029.11,41356.21,49743
1746216000,41357.71,41369.21,41230.81,41310.48,34705
1746403200,41239.61,41268.11,41083.61,41125.61,6976
1746417600,41125.11,41127.61,41007.61,41013.11,8563
1746432000,41013.61,41123.11,41013.61,41031.61,11998
1746446400,41032.11,41091.01,40999.61,41087.01,11664
1746460800,41087.01,41439.01,41044.31,41413.11,42760
1746475200,41412.11,41449.81,41192.48,41211.08,26647
1746489600,41221.91,41249.91,41196.91,41218.91,3603
1746504000,41218.41,41238.91,41155.41,41190.51,6441
1746518400,41191.01,41197.01,40942.51,40997.01,11378
1746532800,40997.51,41061.71,40890.01,40966.61,14647
1746547200,40965.61,41176.81,40748.91,40885.61,46372
1746561600,40885.11,40973.61,40668.38,40729.88,36384
1746576000,41087.71,41238.21,41031.71,41134.71,13032
1746590400,41134.21,41164.21,41014.21,41056.81,11773
1746604800,41057.31,41067.31,40978.31,41058.51,12918
1746619200,41057.51,41142.31,40996.81,41016.81,14418
1746633600,41016.31,41210.41,40935.11,41204.01,47556
1746648000,41204.01,41282.61,40817.21,41085.38,44291
1746662400,41031.61,41216.61,41029.61,41179.61,5581
1746676800,41179.61,41377.61,41158.61,41363.61,11272
1746691200,41363.11,41421.91,41272.21,41420.91,9887
1746705600,41420.41,41525.21,41266.21,41339.21,13009
1746720000,41340.21,41776.41,41155.51,41759.41,49251
1746734400,41758.41,41767.91,41359.31,41392.98,36886
1746748800,41345.01,41377.71,41221.21,41281.21,5745
1746763200,41281.21,41425.21,41275.21,41396.21,8748
1746777600,41396.71,41406.31,41285.31,41318.31,13361
1746792000,41317.31,41523.31,41268.81,41470.31,15184
1746806400,41470.31,41519.31,41142.21,41163.61,48707
1746820800,41163.61,41354.41,41145.61,41262.68,32287
1747008000,41707.56,41740.91,41606.41,41656.51,9994
1747022400,41656.01,41721.01,41650.01,41700.11,7325
1747036800,41701.61,42258.91,41666.91,42064.41,19010
1747051200,42064.91,42375.41,42053.41,42286.91,20915
1747065600,42287.91,42360.71,42094.21,42278.71,45877
1747080000,42278.71,42471.78,42276.31,42420.98,31975
1747094400,42423.71,42445.61,42315.11,42321.11,6427
1747108800,42321.61,42367.21,42255.61,42286.11,8516
1747123200,42286.61,42352.41,42274.11,42311.31,12206
1747137600,42312.31,42381.51,42129.21,42227.21,15396
1747152000,42225.71,42381.51,42182.61,42207.71,43364
1747166400,42207.21,42330.71,42110.88,42145.68,28599
1747180800,42162.51,42200.21,42141.21,42155.71,4617
1747195200,42155.21,42189.31,42119.31,42172.41,6341
1747209600,42171.91,42211.31,42130.41,42182.81,11741
1747224000,42183.81,42239.31,42089.91,42195.31,13056
1747238400,42195.31,42257.61,42011.11,42062.31,43644
1747252800,42061.81,42124.71,41944.61,42033.28,32642
1747267200,42003.01,42012.01,41813.51,41881.11,5108
1747281600,41881.11,41892.11,41847.61,41873.61,4723
1747296000,41875.11,41885.11,41757.61,41851.11,13392
1747310400,41851.11,41956.61,41839.81,41892.61,13560
1747324800,41891.11,42243.31,41817.61,42237.41,43730
1747339200,42237.41,42362.68,42169.31,42356.18,33963
1747353600,42318.61,42349.21,42269.71,42272.71,4007
1747368000,42272.21,42307.81,42250.81,42290.41,4632
1747382400,42289.91,42448.81,42285.81,42428.41,7287
1747396800,42429.91,42459.51,42391.81,42393.81,8567
1747411200,42392.81,42523.11,42230.61,42518.61,39237
1747425600,42519.11,42663.71,42507.11,42520.58,25350
1747612800,42365.56,42427.81,42326.91,42386.31,7049
1747627200,42386.81,42444.31,42292.81,42304.41,9203
1747641600,42304.91,42340.91,42243.91,42260.51,14309
1747656000,42259.51,42428.91,42235.91,42401.91,12180
1747670400,42401.91,42797.01,42314.91,42774.91,41303
1747684800,42773.91,42843.91,42679.81,42782.78,28746
1747699200,42780.21,42873.71,42780.21,42813.71,4586
1747713600,42812.71,42813.21,42704.71,42746.81,7148
1747728000,42746.81,42777.81,42679.31,42721.61,10850
1747742400,42722.11,42814.81,42672.81,42766.31,10057
1747756800,42766.81,42804.81,42611.11,42672.61,36963
1747771200,42674.11,42712.61,42479.31,42651.68,27750
1747785600,42636.51,42654.01,42529.51,42630.01,5950
1747800000,42628.51,42641.51,42535.11,42549.61,6502
1747814400,42549.11,42579.51,42402.61,42426.81,11365
1747828800,42427.31,42441.11,42238.61,42324.61,14582
1747843200,42323.11,42434.41,42223.61,42331.61,43360
1747857600,42333.61,42348.11,41767.88,41798.88,50249
1747872000,41806.71,41891.71,41753.71,41888.71,5898
1747886400,41888.21,41911.21,41831.31,41837.31,5516
1747900800,41836.81,41911.81,41816.81,41844.81,11689
1747915200,41843.31,41888.31,41612.94,41760.81,18846
1747929600,41759.81,42024.11,41714.61,41855.71,51266
1747944000,41855.21,42090.31,41826.91,41887.48,36201
1747958400,41899.81,41907.81,41807.81,41897.91,5419
1747972800,41897.91,41949.11,41834.11,41845.11,7048
1747987200,41846.11,41959.31,41776.11,41878.21,11790
1748001600,41877.71,41877.71,41167.61,41331.61,29199
1748016000,41331.61,41673.41,41254.61,41602.81,54442
1748030400,41603.31,41790.91,41535.98,41563.98,37642
1748217600,41652.36,41978.86,41650.86,41911.71,8703
1748232000,41910.71,42006.71,41883.71,41998.71,6889
1748246400,41997.71,42104.21,41931.31,42034.31,9581
1748260800,42034.81,42085.41,42020.61,42036.01,5740
1748275200,42036.01,42096.91,41930.91,42062.41,10962
1748304000,42031.11,42058.76,41956.11,42017.71,4183
1748318400,42016.71,42016.71,41913.11,41949.31,6647
1748332800,41948.31,42205.21,41929.71,42128.81,12280
1748347200,42129.31,42188.21,42049.21,42076.21,13019
1748361600,42076.71,42309.61,41874.41,42250.31,34410
1748376000,42250.81,42399.78,42232.81,42394.78,21757
1748390400,42380.11,42410.21,42351.71,42353.71,3620
1748404800,42354.71,42368.61,42304.11,42308.71,4286
1748419200,42310.71,42325.11,42240.71,42246.01,8062
1748433600,42246.01,42372.81,42212.81,42321.71,10671
1748448000,42321.21,42446.01,42163.31,42235.41,37573
1748462400,42235.41,42279.41,42042.41,42126.88,32715
1748476800,42104.81,42643.81,42089.31,42623.81,19229
1748491200,42623.31,42710.31,42548.31,42680.81,10768
1748505600,42681.31,42715.31,42564.91,42577.91,12004
1748520000,42579.91,42586.51,42146.91,42195.91,17657
1748534400,42196.41,42267.41,41815.21,42101.21,50880
1748548800,42099.21,42265.71,42024.21,42170.28,36648
1748563200,42157.71,42189.71,42109.21,42123.71,7015
1748577600,42123.71,42168.71,42024.21,42148.91,7839
1748592000,42149.41,42209.31,42091.91,42152.91,14160
1748606400,42152.91,42208.31,41933.51,42068.51,17014
1748620800,42069.01,42279.31,41892.31,41982.21,49471
1748635200,41981.71,42380.21,41959.21,42198.88,40913
1748822400,42160.31,42175.31,42082.81,42131.31,6034
1748836800,42131.81,42156.41,42057.31,42069.91,8184
1748851200,42070.91,42092.41,41909.91,42057.91,17024
1748865600,42058.41,42161.41,41976.41,42134.41,15348
1748880000,42133.91,42152.21,41838.21,42111.91,45266
1748894400,42112.91,42350.38,42048.81,42316.38,27638
1748908800,42293.81,42305.81,42211.81,42224.81,4360
1748923200,42224.31,42234.81,42133.81,42147.91,5552
1748937600,42147.91,42182.71,42052.41,42130.71,11710
1748952000,42129.21,42257.31,42112.91,42229.81,11132
1748966400,42229.31,42513.61,42175.61,42498.81,34172
1748980800,42499.81,42572.91,42454.11,42522.28,25324
1748995200,42534.81,42580.81,42531.41,42548.31,4870
1749009600,42547.81,42563.81,42489.91,42495.51,5307
1749024000,42493.51,42631.91,42492.41,42583.61,9664
1749038400,42584.61,42617.71,42480.41,42521.41,12036
1749052800,42521.91,42648.71,42484.91,42545.01,40022
1749067200,42545.51,42605.41,42410.28,42414.58,21842
1749081600,42402.31,42438.61,42386.71,42413.61,3742
1749096000,42414.61,42430.71,42389.61,42429.21,4146
1749110400,42429.21,42542.11,42400.41,42502.61,9188
1749124800,42502.11,42670.11,42394.43,42516.61,13466
1749139200,42515.11,42603.21,42228.91,42394.01,47222
1749153600,42391.01,42560.11,42200.01,42364.68,40871
1749168000,42322.51,42443.31,42315.01,42427.91,6974
1749182400,42428.41,42468.41,42408.91,42467.91,6496
1749196800,42467.41,42530.41,42452.71,42483.71,10177
1749211200,42483.71,42644.41,42406.41,42629.41,13682
1749225600,42628.41,42930.21,42575.71,42626.21,43497
1749240000,42626.71,42807.71,42584.81,42776.38,26588
1749427200,42796.21,42812.71,42705.71,42737.31,6190
1749441600,42736.81,42738.81,42672.81,42706.41,4433
1749456000,42707.41,42822.81,42683.81,42817.51,8673
1749470400,42817.51,42840.31,42765.51,42792.41,8594
1749484800,42793.41,42832.81,42557.51,42797.31,30140
1749499200,42798.81,42898.71,42743.28,42767.88,19062
1749513600,42785.01,42811.01,42740.01,42801.11,2944
1749528000,42800.61,42922.51,42799.11,42857.21,5823
1749542400,42857.71,42873.11,42635.61,42706.61,21057
1749556800,42706.11,42791.71,42688.61,42764.71,11185
1749571200,42766.71,42883.61,42700.41,42877.61,32193
1749585600,42877.11,42928.61,42732.91,42846.78,24030
1749600000,42841.21,42907.21,42783.21,42794.71,6790
1749614400,42793.71,42810.21,42744.71,42754.71,5815
1749628800,42755.71,42846.81,42740.71,42826.21,9630
1749643200,42826.71,43051.54,42717.31,42929.81,15079
1749657600,42929.31,43057.71,42799.11,43015.71,39010
1749672000,43015.21,43122.21,42730.51,42851.58,38124
1749686400,42819.51,42884.11,42720.51,42737.51,6455
1749700800,42738.51,42778.01,42660.01,42747.61,7407
1749715200,42747.61,42816.11,42602.61,42657.61,13867
1749729600,42658.61,42734.61,42557.11,42729.61,15431
1749744000,42729.61,42921.01,42608.41,42871.01,38083
1749758400,42872.51,42968.81,42869.01,42915.88,22588
1749772800,42897.21,42902.51,42342.91,42407.41,16716
1749787200,42405.91,42429.41,42173.91,42349.41,26004
1749801600,42350.91,42515.51,42316.91,42459.81,25749
1749816000,42458.81,42597.61,42403.31,42528.91,22327
1749830400,42529.41,42608.21,42245.21,42490.81,44517
1749844800,42489.81,42498.21,42074.21,42202.68,43127
1750032000,42073.71,42232.21,42031.21,42226.71,8054
1750046400,42225.21,42247.31,42189.31,42195.01,7771
1750060800,42194.51,42409.41,42194.51,42364.91,17128
1750075200,42362.91,42467.91,42302.91,42439.11,13839
1750089600,42439.11,42710.71,42379.21,42552.91,37533
1750104000,42552.91,42618.41,42443.81,42540.68,26517
1750118400,42525.11,42525.11,42264.61,42379.61,10418
1750132800,42378.61,42417.61,42284.61,42357.11,10480
1750147200,42357.61,42399.21,42181.21,42280.71,14408
1750161600,42280.71,42362.71,42204.21,42278.71,8635
1750176000,42278.71,42539.11,42257.21,42379.31,37428
1750190400,42377.31,42415.81,42122.81,42203.08,36144
1750204800,42158.01,42230.01,42075.51,42214.51,7979
1750219200,42215.01,42257.61,42188.51,42215.61,6340
1750233600,42215.11,42314.11,42213.61,42272.61,10757
1750248000,42273.11,42324.61,42156.81,42213.81,11519
1750262400,42216.31,42515.71,42176.11,42316.31,32141
1750276800,42316.81,42440.11,42106.61,42189.28,37248
1750291200,42177.08,42181.58,42047.21,42106.21,4979
1750305600,42106.71,42139.21,41957.21,42134.21,7346
1750320000,42133.71,42135.21,41923.31,42005.11,12315
1750334400,42005.11,42042.31,41871.31,41889.81,9233
1750348800,41889.31,41927.41,41749.61,41771.21,17562
1750377600,41974.48,42082.61,41934.98,42045.11,8203
1750392000,42046.11,42084.21,41961.11,42073.11,7490
1750406400,42072.61,42181.41,42033.91,42046.41,11448
1750420800,42045.91,42337.91,42041.91,42311.41,15365
1750435200,42312.41,42426.21,42148.81,42260.31,45008
1750449600,42260.31,42304.81,42079.31,42241.78,32302
1750636800,41994.38,42141.48,41961.38,42030.21,8766
1750651200,42030.71,42084.31,42014.11,42067.31,6186
1750665600,42069.31,42298.21,42066.31,42261.21,13381
1750680000,42260.21,42278.71,42070.21,42231.71,13668
1750694400,42232.21,42431.91,41970.41,42072.41,43107
1750708800,42074.91,42616.91,42048.91,42585.28,32663
1750723200,42673.48,42797.61,42644.48,42780.11,9011
1750737600,42779.11,42825.61,42753.61,42799.81,6956
1750752000,42798.81,43018.71,42796.21,42890.31,15394
1750766400,42889.31,42941.31,42807.61,42855.91,12295
1750780800,42855.41,43117.21,42785.51,43065.81,30709
1750795200,43066.81,43183.41,43029.41,43085.38,17318
1750809600,43050.68,43121.01,43045.28,43113.01,3941
1750824000,43112.51,43122.51,43074.01,43122.01,3221
1750838400,43121.51,43140.31,43053.01,43109.31,6935
1750852800,43109.31,43124.31,43048.31,43100.81,6807
1750867200,43100.81,43103.81,42938.21,42940.21,29947
1750881600,42942.21,43007.41,42852.21,42964.88,20195
1750896000,42992.38,43020.61,42965.01,43008.11,3493
1750910400,43008.61,43048.61,42980.11,43040.11,3478
1750924800,43039.11,43121.41,43029.11,43095.91,6700
1750939200,43096.41,43135.41,43044.01,43112.31,7810
1750953600,43108.81,43365.51,43082.11,43341.51,27093
1750968000,43341.01,43444.91,43317.51,43417.98,16677
1750982400,43459.38,43515.98,43455.21,43459.21,4590
1750996800,43458.71,43508.21,43450.21,43477.21,3184
1751011200,43476.21,43584.51,43476.21,43533.51,6795
1751025600,43533.51,43589.51,43506.51,43548.01,6810
1751040000,43547.01,43967.91,43524.61,43914.41,28074
1751054400,43915.41,43939.68,43552.81,43934.68,30215
1751241600,43951.28,44052.61,43935.38,44030.91,4441
1751256000,44029.41,44073.91,44012.81,44056.41,3892
1751270400,44055.91,44123.71,44025.31,44031.71,6891
1751284800,44032.71,44075.71,43995.71,44034.61,5445
1751299200,44034.61,44070.71,43886.81,43985.81,28513
1751313600,43985.81,44134.51,43875.61,44045.98,22465
1751328000,44053.68,44129.51,44024.41,44122.41,3334
1751342400,44123.41,44130.51,44035.41,44037.41,4211
1751356800,44037.91,44101.41,44024.61,44063.71,8663
1751371200,44062.71,44072.71,43987.51,44045.71,8248
1751385600,44045.71,44606.11,44009.81,44425.11,38780
1751400000,44426.11,44594.21,44406.61,44513.08,25222
1751414400,44511.78,44535.61,44487.98,44520.11,2951
1751428800,44519.61,44617.01,44471.11,44595.61,4512
1751443200,44595.11,44655.41,44527.21,44553.81,9391
1751457600,44553.81,44618.31,44471.21,44484.31,11282
1751472000,44484.81,44546.41,44339.41,44459.71,33816
1751486400,44457.71,44495.21,44423.21,44493.68,17781
1751500800,44480.78,44520.01,44463.38,44493.51,2255
1751515200,44493.01,44523.51,44444.51,44506.01,3849
1751529600,44505.01,44536.31,44457.31,44457.31,5535
1751544000,44457.31,44621.85,44457.31,44516.01,9221
1751558400,44515.51,44881.81,44513.01,44799.71,29236
1751572800,44802.71,44846.71,44791.71,44811.81,1220
1751587200,44745.98,44788.68,44719.81,44720.31,3109
1751601600,44720.81,44765.31,44669.71,44680.31,4065
1751616000,44681.31,44712.11,44537.31,44566.11,8118
1751630400,44565.11,44599.11,44500.21,44572.11,9660
1751644800,44572.11,44629.41,44547.41,44564.41,9847
1751846400,44705.98,44745.48,44668.71,44719.91,4753
1751860800,44719.91,44729.41,44639.81,44674.41,6708
1751875200,44673.91,44765.71,44652.21,44726.71,9379
1751889600,44726.71,44849.21,44717.21,44751.11,7881
1751904000,44752.11,44790.81,44269.91,44303.01,36866
1751918400,44303.01,44420.41,44150.11,44267.98,29328
1751932800,44294.08,44361.31,44235.68,44347.81,5678
1751947200,44345.81,44386.81,44323.31,44365.91,5051
1751961600,44366.41,44443.71,44340.71,44365.71,8125
1751976000,44364.21,44414.71,44315.61,44354.61,8677
1751990400,44354.11,44435.71,44215.61,44269.61,37264
1752004800,44273.11,44304.11,44199.71,44242.58,23985
1752019200,44266.58,44266.68,44165.71,44187.31,2639
1752033600,44186.81,44232.31,44155.21,44215.81,4809
1752048000,44215.31,44289.61,44171.11,44266.11,7373
1752062400,44267.11,44417.21,44267.11,44396.11,8098
1752076800,44396.11,44563.21,44225.21,44295.71,34875
1752091200,44296.71,44484.28,44281.21,44456.88,20220
1752105600,44462.88,44495.98,44382.11,44386.61,3432
1752120000,44387.61,44401.61,44327.61,44336.11,4379
1752134400,44336.61,44373.41,44298.41,44350.41,6488
1752148800,44350.91,44454.41,44336.41,44382.41,6837
1752163200,44381.91,44739.01,44355.41,44695.71,28635
1752177600,44695.71,44777.71,44608.08,44620.08,15848
1752192000,44637.68,44688.01,44382.31,44429.81,8910
1752206400,44429.31,44551.91,44397.81,44532.01,7371
1752220800,44529.01,44543.51,44377.91,44417.31,12529
1752235200,44417.31,44433.31,44291.91,44383.31,12560
1752249600,44382.81,44432.91,44258.91,44349.01,32981
1752264000,44348.01,44401.51,44295.48,44313.48,20690
1752451200,44172.15,44221.71,44130.98,44167.21,5939
1752465600,44166.71,44187.81,44141.71,44168.81,4198
1752480000,44168.81,44228.91,44089.81,44206.11,9591
1752494400,44207.11,44267.11,44193.61,44219.51,6867
1752508800,44219.01,44442.11,44202.01,44385.21,31633
1752523200,44385.21,44471.21,44384.71,44439.18,14285
1752537600,44414.18,44436.91,44388.91,44411.41,3100
1752552000,44410.91,44598.21,44394.41,44467.81,9161
1752566400,44467.81,44513.71,44373.51,44398.21,9243
1752580800,44397.71,44502.91,44364.01,44413.31,9899
1752595200,44412.31,44513.11,44074.81,44075.81,38572
1752609600,44075.31,44164.91,43955.88,43962.38,24051
1752624000,43979.98,43981.98,43898.61,43959.71,5022
1752638400,43959.21,43984.21,43941.21,43954.11,4090
1752652800,43960.11,44054.51,43872.61,44037.01,9231
1752667200,44036.51,44207.41,43998.51,44172.41,9785
1752681600,44172.41,44237.41,43753.41,44123.61,45352
1752696000,44124.11,44255.91,44105.11,44196.48,20637
1752710400,44183.58,44195.71,44150.71,44191.71,3596
1752724800,44191.21,44197.71,44135.21,44170.71,3662
1752739200,44170.21,44253.91,44163.51,44190.51,10056
1752753600,44191.01,44254.91,44133.11,44251.91,8100
1752768000,44250.91,44479.01,44188.11,44382.31,30669
1752782400,44381.81,44557.31,44358.81,44519.28,17099
1752796800,44503.38,44607.81,44501.98,44575.81,3155
1752811200,44573.81,44609.71,44551.81,44592.81,3004
1752825600,44593.81,44646.51,44554.11,44568.11,5985
1752840000,44568.11,44592.61,44496.71,44580.11,7553
1752854400,44580.11,44607.11,44212.61,44225.61,33419
1752868800,44224.61,44350.71,44222.61,44322.18,18825
1753056000,44300.38,44406.61,44288.98,44401.61,2394
1753070400,44400.61,44406.61,44358.61,44376.61,2362
1753084800,44375.61,44472.91,44358.91,44466.41,4717
1753099200,44465.91,44475.41,44397.91,44406.91,4372
1753113600,44407.91,44603.21,44358.91,44582.71,26986
1753128000,44583.71,44607.71,44312.81,44382.78,16970
1753142400,44401.78,44417.01,44373.01,44399.51,1965
1753156800,44399.51,44420.51,44355.51,44363.51,3169
1753171200,44363.01,44371.81,44313.71,44360.81,5642
1753185600,44361.31,44361.81,44218.41,44317.31,6709
1753200000,44316.81,44465.31,44272.41,44380.81,34970
1753214400,44380.81,44541.81,44375.81,44523.38,19776
1753228800,44557.88,44647.41,44515.48,44560.51,6991
1753243200,44559.51,44646.61,44542.51,44643.61,5540
1753257600,44642.61,44716.91,44604.71,44711.91,8335
1753272000,44710.91,44753.41,44678.51,44744.91,7026
1753286400,44744.91,44934.91,44632.91,44878.01,33815
1753300800,44877.51,45026.68,44863.01,44898.78,22091
1753315200,44893.38,44928.38,44885.61,44889.71,3329
1753329600,44889.21,44928.71,44870.21,44889.71,3300
1753344000,44889.21,44902.01,44835.01,44870.51,6224
1753358400,44873.01,44929.61,44666.61,44695.81,7856
1753372800,44695.81,44905.11,44662.61,44781.11,33583
1753387200,44780.61,44873.91,44686.78,44740.28,19172
1753401600,44765.38,44805.21,44760.11,44801.21,2303
1753416000,44802.21,44852.21,44788.21,44792.21,2606
1753430400,44791.71,44803.01,44717.31,44766.51,6828
1753444800,44765.51,44792.51,44727.01,44762.51,5166
1753459200,44762.51,44829.41,44634.51,44816.91,28885
1753473600,44816.91,44940.31,44806.41,44903.78,15370
1753660800,45078.28,45097.28,45035.41,45080.01,3242
1753675200,45080.51,45097.01,45051.01,45094.01,2302
1753689600,45093.51,45135.31,44986.81,44991.81,5936
1753704000,44991.31,45001.81,44895.01,44950.31,6786
1753718400,44951.31,44955.31,44783.31,44852.41,26816
1753732800,44852.41,44889.41,44736.41,44820.28,16258
1753747200,44847.58,44869.71,44812.61,44840.71,2214
1753761600,44840.71,44903.71,44835.21,44897.21,2735
1753776000,44897.71,44925.01,44850.91,44896.01,5586
1753790400,44896.01,44947.11,44785.61,44864.41,8739
1753804800,44863.91,44888.01,44593.01,44700.01,34787
1753819200,44699.01,44747.01,44564.71,44596.18,20157
1753833600,44633.78,44675.51,44614.88,44668.51,2141
1753848000,44666.01,44700.51,44645.01,44697.51,2681
1753862400,44696.51,44703.81,44615.71,44640.31,6278
1753876800,44639.81,44690.44,44618.41,44657.81,8157
1753891200,44657.81,44736.91,44549.81,44641.41,29538
1753905600,44642.91,44743.81,44254.21,44506.88,32648
1753920000,44517.98,44599.21,44484.98,44549.21,4518
1753934400,44550.21,44619.21,44535.21,44611.31,3316
1753948800,44611.31,44691.81,44586.71,44656.61,8255
1753963200,44658.11,44661.11,44531.21,44563.31,9522
1753977600,44563.31,44621.01,44289.01,44512.11,38520
1753992000,44513.11,44513.11,44048.01,44132.08,38396
1754006400,44149.58,44169.08,43998.31,44071.81,9786
1754020800,44066.81,44157.91,44064.81,44090.01,6718
1754035200,44090.01,44096.91,43698.41,43761.91,18392
1754049600,43758.91,43882.91,43636.41,43751.41,21829
1754064000,43751.91,43797.91,43315.71,43500.71,52657
1754078400,43499.71,43669.81,43394.21,43584.48,38235
1754265600,43574.88,43682.01,43510.38,43672.51,8704
1754280000,43673.01,43740.01,43642.51,43704.61,8579
1754294400,43705.61,43870.61,43659.61,43862.11,13320
1754308800,43862.61,43895.01,43754.61,43775.71,11298
1754323200,43774.71,44140.81,43761.71,44116.81,33689
1754337600,44115.81,44252.78,44047.41,44251.28,20418
1754352000,44249.28,44304.41,44191.51,44252.91,4908
1754366400,44253.41,44275.41,44205.61,44238.61,4877
1754380800,44239.11,44293.11,44182.01,44198.91,9340
1754395200,44199.91,44279.41,44101.51,44163.51,9871
1754409600,44164.01,44295.81,43912.81,44168.41,41485
1754424000,44167.41,44245.51,44069.18,44125.98,26321
1754438400,44111.48,44156.11,44071.98,44127.61,6603
1754452800,44128.61,44246.31,44115.61,44245.31,6519
1754467200,44245.81,44362.21,44239.61,44282.71,10333
1754481600,44282.71,44307.21,44213.21,44266.01,13451
1754496000,44266.01,44297.51,44007.01,44211.91,39443
1754510400,44211.41,44296.41,44176.78,44188.78,19781
1754524800,44149.38,44273.01,44143.88,44234.11,5290
1754539200,44233.61,44268.11,44196.61,44211.11,5044
1754553600,44211.61,44365.61,44190.01,44339.61,10984
1754568000,44340.11,44488.11,44322.11,44404.11,13942
1754582400,44405.11,44501.41,43807.41,43865.41,44738
1754596800,43864.41,44022.18,43788.91,43995.68,32712
1754611200,44014.88,44111.71,44004.88,44087.21,5059
1754625600,44087.21,44097.91,44037.81,44042.81,5076
1754640000,44043.31,44072.81,43973.21,44019.91,9237
1754654400,44019.91,44112.71,44014.51,44036.61,8025
1754668800,44037.11,44277.81,44015.81,44165.91,35733
1754683200,44165.91,44261.68,44107.11,44237.68,20399
1754870400,44227.48,44277.41,44197.61,44273.11,3949
1754884800,44272.11,44315.41,44245.11,44250.11,4409
1754899200,44251.11,44307.41,44199.81,44244.91,8364
1754913600,44244.41,44316.41,44234.41,44249.41,5997
1754928000,44248.91,44277.31,43996.41,44042.91,31463
1754942400,44041.91,44048.91,43909.81,43972.38,21530
1754956800,43978.68,44035.81,43931.78,44007.91,4982
1754971200,44004.91,44073.81,43988.91,44072.81,4839
1754985600,44070.81,44087.91,43963.81,44036.81,11482
1755000000,44036.81,44270.41,43948.91,44217.91,12812
1755014400,44218.91,44489.31,44100.71,44432.71,44285
1755028800,44432.71,44505.91,44413.71,44451.98,16616
1755043200,44453.48,44482.61,44437.68,44445.81,3513
1755057600,44446.31,44479.81,44408.81,44470.31,3074
1755072000,44470.81,44577.11,44417.11,44552.11,5935
1755086400,44552.11,44627.11,44546.11,44608.11,5641
1755100800,44608.11,44892.11,44590.11,44766.21,38699
1755115200,44766.21,44970.98,44716.21,44923.68,22402
1755129600,44894.78,44959.11,44884.78,44927.01,2967
1755144000,44926.51,44948.11,44909.61,44946.61,3233
1755158400,44946.11,44950.41,44869.41,44931.41,6220
1755172800,44930.91,44972.41,44720.51,44783.51,11122
1755187200,44781.51,44880.91,44678.31,44747.51,45243
1755201600,44747.51,45049.58,44741.51,45026.08,23573
1755216000,45039.98,45110.31,45039.48,45100.81,3207
1755230400,45101.31,45231.41,45093.81,45229.41,3920
1755244800,45228.91,45280.51,45205.01,45209.41,7183
1755259200,45209.41,45231.51,45125.31,45172.81,8222
1755273600,45173.31,45206.61,44893.61,45012.31,42161
1755288000,45012.81,45091.31,44906.18,44919.68,22526
1755475200,44976.68,45029.01,44976.18,45015.41,2798
1755489600,45014.91,45034.01,45001.01,45002.01,2101
1755504000,45001.51,45011.01,44817.91,44932.71,10060
1755518400,44932.21,44965.31,44876.21,44964.81,7762
1755532800,44964.81,44998.31,44859.81,44923.01,35603
1755547200,44923.51,44987.51,44860.51,44910.08,17440
1755561600,44945.18,44962.18,44864.81,44885.31,3636
1755576000,44885.81,44912.41,44844.91,44854.01,4456
1755590400,44854.51,44911.11,44824.41,44907.11,5254
1755604800,44907.11,45019.81,44759.21,44995.91,7205
1755619200,44995.91,45210.01,44868.11,44912.11,40484
1755633600,44912.11,44951.08,44813.61,44940.08,22331
1755648000,44961.68,44963.68,44896.81,44906.81,5717
1755662400,44905.81,44926.81,44780.81,44828.91,7361
1755676800,44826.91,44872.71,44791.91,44815.31,8707
1755691200,44815.31,44940.21,44799.71,44924.21,8085
1755705600,44923.71,45048.21,44756.21,44876.31,51307
1755720000,44875.31,45017.41,44792.31,44919.38,31736
1755734400,44933.88,44938.38,44847.01,44869.11,5303
1755748800,44869.11,44949.71,44851.01,44889.51,5622
1755763200,44890.01,44928.51,44796.61,44798.61,9577
1755777600,44799.61,44829.31,44713.31,44745.31,13767
1755792000,44744.81,44894.21,44566.11,44716.81,48094
1755806400,44716.81,44834.31,44650.31,44818.48,26907
1755820800,44830.58,44867.01,44784.01,44815.11,4812
1755835200,44816.11,44847.21,44778.01,44802.21,5726
1755849600,44804.21,44910.41,44672.11,44906.51,10185
1755864000,44906.51,44944.01,44891.01,44911.41,7231
1755878400,44910.41,45766.61,44905.41,45678.51,54441
1755892800,45678.01,45729.11,45592.71,45646.38,25069
1756080000,45647.98,45658.98,45601.31,45611.31,5333
1756094400,45612.31,45616.31,45549.81,45596.31,3641
1756108800,45596.31,45630.61,45548.61,45555.61,5292
1756123200,45555.61,45558.11,45467.61,45491.61,5493
1756137600,45491.61,45579.61,45365.01,45411.51,32656
1756152000,45410.51,45417.01,45265.78,45317.48,17736
1756166400,45329.18,45351.31,45130.31,45205.81,8865
1756180800,45206.31,45266.31,45192.31,45224.41,7407
1756195200,45225.41,45275.81,45109.91,45201.11,15456
1756209600,45201.11,45254.61,45186.21,45238.51,8995
1756224000,45239.01,45317.31,45211.81,45284.41,32595
1756238400,45285.41,45451.38,45254.91,45449.78,18370
1756252800,45451.48,45456.31,45424.31,45432.31,1799
1756267200,45433.31,45467.81,45432.31,45456.31,2085
1756281600,45455.81,45472.51,45391.21,45422.61,6248
1756296000,45422.61,45460.61,45400.71,45418.51,5780
1756310400,45415.51,45560.61,45379.21,45523.31,29951
1756324800,45523.31,45626.61,45432.58,45571.08,21366
1756339200,45566.78,45585.51,45523.51,45581.61,5457
1756353600,45582.11,45668.41,45571.51,45638.61,4575
1756368000,45637.61,45734.91,45621.51,45670.91,8670
1756382400,45670.91,45685.91,45603.81,45624.71,8158
1756396800,45623.71,45659.51,45435.91,45568.51,44432
1756411200,45569.51,45679.41,45546.41,45597.88,22598
1756425600,45562.98,45595.31,45542.18,45569.81,2681
1756440000,45568.81,45582.81,45530.81,45535.31,2853
1756454400,45535.81,45566.41,45458.71,45463.61,7833
1756468800,45463.61,45548.51,45443.01,45527.81,9682
1756483200,45526.81,45609.41,45366.21,45504.41,42934
1756497600,45503.41,45572.18,45461.91,45559.98,22494
1756684800,45596.98,45689.61,45593.25,45667.81,4137
1756699200,45668.31,45668.31,45510.11,45544.21,7617
1756713600,45545.71,45629.51,45497.51,45605.61,11285
1756728000,45605.61,45605.61,45475.91,45503.71,6504
1756742400,45503.71,45603.21,45470.11,45577.71,7310
1756771200,45563.88,45579.58,45478.61,45533.21,4057
1756785600,45532.71,45564.21,45480.21,45532.21,5258
1756800000,45532.71,45535.21,45228.11,45360.31,18550
1756814400,45360.31,45379.31,45046.61,45092.11,17681
1756828800,45095.11,45280.41,44934.41,45099.61,46620
1756843200,45100.61,45327.28,45093.11,45247.08,29237
1756857600,45253.68,45271.68,45180.11,45200.71,4249
1756872000,45199.71,45201.21,45130.11,45151.71,4791
1756886400,45150.71,45306.01,45101.61,45266.91,11205
1756900800,45268.91,45317.01,45172.71,45179.71,9901
1756915200,45178.21,45303.41,45045.01,45070.11,42083
1756929600,45072.11,45272.38,44975.01,45214.08,26988
1756944000,45163.58,45252.71,45154.91,45222.31,4150
1756958400,45221.31,45242.91,45185.31,45237.41,5151
1756972800,45236.41,45261.11,45179.01,45209.71,8959
1756987200,45210.71,45282.21,45192.01,45241.61,9061
1757001600,45239.11,45505.81,45167.61,45456.71,34438
1757016000,45457.71,45643.18,45454.71,45638.68,19612
1757030400,45620.88,45654.01,45612.88,45646.21,3012
1757044800,45645.71,45660.31,45626.31,45640.31,2281
1757059200,45641.31,45704.61,45614.41,45625.61,6397
1757073600,45625.61,45640.21,45425.87,45633.71,11569
1757088000,45634.21,45772.51,45199.51,45395.61,54379
1757102400,45395.61,45464.01,45263.21,45395.48,30160
1757289600,45365.45,45514.31,45361.28,45454.41,6247
1757304000,45454.91,45478.51,45421.31,45434.01,5205
1757318400,45433.51,45531.61,45419.81,45492.31,8313
1757332800,45493.31,45501.41,45420.71,45491.21,6259
1757347200,45491.71,45521.91,45275.71,45415.91,34706
1757361600,45414.91,45544.88,45311.31,45535.38,21489
1757376000,45564.58,45597.41,45541.91,45543.91,2689
1757390400,45542.91,45590.91,45517.91,45571.91,3760
1757404800,45570.91,45626.71,45526.11,45538.21,8014
1757419200,45536.21,45598.81,45506.21,45580.61,6875
1757433600,45581.11,45694.81,45430.21,45623.31,37370
1757448000,45622.81,45765.91,45605.31,45677.48,20905
1757462400,45637.98,45669.08,45607.61,45645.31,3727
1757476800,45645.81,45689.81,45636.31,45687.31,3336
1757491200,45687.81,45708.21,45611.21,45625.51,7611
1757505600,45626.51,45796.04,45584.71,45717.21,10647
1757520000,45716.21,45751.71,45376.61,45493.21,37758
1757534400,45492.21,45545.01,45383.11,45478.08,24842
1757548800,45507.28,45555.51,45493.38,45537.61,3609
1757563200,45536.61,45554.61,45506.61,45508.61,4087
1757577600,45509.61,45563.81,45483.41,45533.91,8046
1757592000,45534.91,45643.51,45501.17,45642.01,10768
1757606400,45641.51,46100.61,45566.81,46075.11,37791
1757620800,46074.61,46137.51,46055.61,46108.58,21286
1757635200,46122.78,46141.11,46109.98,46129.11,2564
1757649600,46129.61,46136.61,46089.11,46118.61,2792
1757664000,46118.11,46130.11,45989.51,46041.91,7178
1757678400,46040.91,46050.91,45997.51,46039.41,6059
1757692800,46038.91,46074.91,45886.51,45909.71,30069
1757707200,45910.71,45965.71,45812.21,45843.18,18599
1757894400,45819.88,45853.58,45806.01,45833.21,3067
1757908800,45834.71,45866.11,45833.71,45864.11,2805
1757923200,45863.61,45941.41,45830.01,45920.91,8818
1757937600,45920.41,45941.21,45882.11,45931.81,8979
1757952000,45932.81,45977.41,45767.41,45835.51,33505
1757966400,45835.01,45899.31,45787.91,45861.98,23026
1757980800,45851.78,45893.01,45841.88,45870.51,2636
1757995200,45871.51,45931.01,45862.51,45920.01,3605
1758009600,45919.01,45946.81,45884.71,45916.71,8137
1758024000,45918.21,45935.31,45827.41,45838.41,7143
1758038400,45836.41,45964.21,45655.81,45777.61,35943
1758052800,45770.11,45820.71,45717.21,45803.28,19988
1758067200,45776.28,45816.01,45776.28,45788.11,2073
1758081600,45789.61,45793.11,45719.01,45741.11,2886
1758096000,45742.11,45780.51,45717.81,45771.41,7113
1758110400,45770.91,45841.31,45747.21,45837.31,6297
1758124800,45838.31,46108.41,45811.91,45951.51,30050
1758139200,45952.01,46278.81,45680.81,46018.38,42188
1758153600,46044.78,46170.01,46044.78,46099.51,3996
1758168000,46100.51,46173.41,46098.51,46166.61,4340
1758182400,46165.61,46352.31,46098.81,46337.31,10246
1758196800,46337.81,46365.81,46101.81,46101.81,10449
1758211200,46098.31,46323.21,45943.11,46271.21,40217
1758225600,46266.21,46287.21,46095.31,46192.68,22843
1758240000,46237.08,46259.28,46173.21,46196.81,4010
1758254400,46196.31,46244.31,46156.21,46203.91,8459
1758268800,46204.91,46209.81,46047.81,46164.21,12571
1758283200,46164.71,46237.51,46126.71,46216.31,8765
1758297600,46217.31,46337.31,46088.71,46255.81,36455
1758312000,46256.31,46388.61,46222.81,46261.68,20560
1758499200,46275.68,46283.38,46205.91,46213.91,3855
1758513600,46214.91,46269.11,46210.91,46241.61,3845
1758528000,46242.11,46262.11,46121.01,46181.31,8881
1758542400,46182.31,46196.91,46099.41,46109.31,7193
1758556800,46109.81,46383.81,46023.81,46372.91,31689
1758571200,46371.91,46445.41,46344.78,46360.28,17354
1758585600,46366.48,46405.71,46352.58,46391.71,2359
1758600000,46391.21,46418.71,46362.71,46373.71,2884
1758614400,46373.21,46447.51,46368.71,46445.01,6816
1758628800,46446.01,46463.01,46397.91,46441.91,5474
1758643200,46442.41,46724.41,46369.81,46393.91,35890
1758657600,46392.91,46411.91,46215.81,46309.58,28971
1758672000,46341.08,46353.18,46291.01,46343.71,2776
1758686400,46343.21,46374.21,46312.71,46370.21,3851
1758700800,46369.21,46402.01,46294.61,46317.51,6498
1758715200,46318.51,46386.41,46288.51,46385.41,5676
1758729600,46384.41,46461.41,46106.51,46156.71,37091
1758744000,46157.71,46224.21,46090.71,46163.28,23565
1758758400,46152.68,46197.31,46142.78,46187.51,2620
1758772800,46186.51,46219.51,46174.41,46181.91,2523
1758787200,46182.41,46183.01,46064.41,46139.71,8201
1758801600,46137.21,46173.71,45951.91,45992.41,14176
1758816000,45989.91,46124.71,45881.21,45998.81,42699
1758830400,45994.81,46029.81,45783.21,45966.58,29773
1758844800,45983.58,46006.08,45936.21,45978.21,4039
1758859200,45976.71,46010.21,45926.21,45931.21,7507
1758873600,45932.21,46087.81,45927.71,46038.81,11828
1758888000,46037.81,46202.61,45994.91,46183.61,12479
1758902400,46185.61,46360.51,46040.91,46294.61,44564
1758916800,46293.61,46345.21,46219.21,46269.78,21039
1759104000,46265.08,46341.21,46261.58,46327.71,3809
1759118400,46327.21,46389.41,46308.71,46376.41,4537
1759132800,46377.41,46440.11,46356.71,46425.71,8107
1759147200,46426.71,46484.21,46395.51,46450.81,7830
1759161600,46451.31,46466.51,46140.51,46193.51,34824
1759176000,46194.51,46340.41,46146.61,46276.78,20675
1759190400,46297.88,46336.21,46278.01,46328.11,3229
1759204800,46327.61,46332.71,46280.21,46283.21,6025
1759219200,46282.71,46315.01,46186.11,46219.51,12114
1759233600,46217.51,46285.91,46160.31,46262.41,8669
1759248000,46262.91,46376.8,46095.01,46200.81,39527
1759262400,46201.81,46426.11,46134.21,46309.18,26137
1759276800,46355.68,46384.68,46270.91,46278.81,5605
1759291200,46279.31,46283.41,46198.41,46219.51,5855
1759305600,46219.01,46224.51,46050.91,46145.31,13295
1759320000,46144.31,46299.41,46138.31,46289.91,12595
1759334400,46290.41,46537.31,46246.91,46366.11,34664
1759348800,46366.61,46519.11,46352.11,46409.08,20391
1759363200,46440.88,46476.41,46405.41,46461.51,3598
1759377600,46462.01,46492.91,46412.91,46448.61,5302
1759392000,46446.61,46468.51,46406.81,46443.91,10281
1759406400,46442.91,46450.81,46385.81,46408.81,6786
1759420800,46408.31,46583.81,46270.41,46425.41,36573
1759435200,46423.91,46593.91,46391.01,46512.88,18311
1759449600,46533.98,46576.01,46497.08,46564.41,2953
1759464000,46563.91,46641.51,46555.91,46639.01,3418
1759478400,46638.01,46670.11,46601.11,46639.81,5823
1759492800,46640.81,46690.31,46575.51,46599.21,6473
1759507200,46600.21,47062.91,46567.91,47046.41,33573
1759521600,47045.41,47046.41,46743.58,46766.18,29143
1759708800,46807.65,46884.11,46782.98,46805.31,6209
1759723200,46805.81,46888.71,46787.61,46878.31,3989
1759737600,46876.81,46879.81,46775.21,46812.61,10268
1759752000,46814.61,46874.61,46807.11,46830.51,8171
1759766400,46829.01,46881.31,46422.61,46643.51,33308
1759780800,46644.01,46748.51,46619.01,46697.48,18506
1759795200,46693.08,46710.18,46603.71,46628.81,4627
1759809600,46630.81,46641.71,46588.41,46629.91,3771
1759824000,46628.41,46632.41,46546.31,46609.21,7991
1759838400,46610.21,46772.21,46605.21,46769.11,6249
1759852800,46768.11,46875.41,46440.01,46517.01,40693
1759867200,46516.51,46635.18,46474.51,46623.58,23756
1759881600,46640.78,46648.38,46566.41,46614.01,3828
1759896000,46613.51,46662.51,46613.51,46642.51,4494
1759910400,46643.01,46692.71,46595.81,46665.41,8080
1759924800,46665.91,46735.81,46633.71,46729.81,7071
1759939200,46730.31,46832.91,46504.71,46759.91,31340
1759953600,46761.91,46774.41,46600.71,46631.58,19033
1759968000,46641.68,46680.91,46633.31,46653.51,3031
1759982400,46653.01,46662.31,46541.81,46598.51,5128
1759996800,46599.51,46644.81,46589.51,46616.61,8067
1760011200,46615.11,46654.81,46590.11,46615.01,5782
1760025600,46614.51,46686.91,46330.21,46335.21,37984
1760040000,46337.71,46384.31,46261.71,46353.38,25029
1760054400,46383.58,46432.81,46359.18,46421.01,3266
1760068800,46423.01,46433.01,46378.01,46383.91,3460
1760083200,46383.41,46443.31,46355.91,46408.31,8987
1760097600,46409.31,46446.11,46351.61,46421.31,7507
1760112000,46421.81,46643.21,45746.51,45777.51,54189
1760126400,45771.51,45872.01,45422.38,45507.18,47768
1760313600,45844.45,45895.78,45745.28,45863.41,15685
1760328000,45864.41,45917.91,45815.41,45890.11,10599
1760342400,45889.61,46045.01,45861.51,45949.51,15556
1760356800,45948.51,45972.51,45779.51,45884.51,17414
1760371200,45882.51,46146.91,45802.91,46140.11,46679
1760385600,46139.61,46165.61,45970.61,46057.18,25985
1760400000,46114.68,46254.31,46077.31,46212.31,7910
1760414400,46209.31,46213.81,45962.31,46011.31,17549
1760428800,46012.31,46015.31,45724.91,45883.91,29247
1760443200,45884.41,45915.91,45587.91,45696.91,23312
1760457600,45697.41,46443.71,45452.21,46371.71,49199
1760472000,46368.71,46529.31,46180.71,46256.78,32455
1760486400,46335.38,46362.01,46272.01,46342.51,8965
1760500800,46340.51,46393.11,46302.51,46387.11,9541
1760515200,46403.11,46459.61,46367.11,46425.51,13331
1760529600,46425.01,46552.31,46422.01,46521.11,11311
1760544000,46522.11,46705.41,46299.41,46317.41,45250
1760558400,46317.91,46357.41,46026.41,46269.28,36633
1760572800,46354.88,46387.38,46261.01,46291.51,8346
1760587200,46288.01,46326.01,46253.11,46285.01,9087
1760601600,46286.01,46408.61,46263.01,46368.51,13706
1760616000,46368.01,46489.61,46301.11,46377.21,10041
1760630400,46379.21,46427.41,45886.41,46142.41,54615
1760644800,46143.91,46206.41,45775.41,45908.08,49919
1760659200,45941.68,45977.98,45831.61,45867.11,11042
1760673600,45868.11,45927.61,45797.11,45805.11,13839
1760688000,45807.11,45809.61,45409.21,45558.21,30386
1760702400,45556.71,46072.71,45551.21,45987.21,30249
1760716800,45986.71,46221.61,45901.01,46082.01,55905
1760731200,46083.51,46321.71,46007.51,46227.68,32785
1760918400,46266.08,46287.58,46118.21,46239.71,8543
1760932800,46240.71,46313.31,46214.21,46311.81,8195
1760947200,46310.31,46385.31,46259.81,46278.51,12246
1760961600,46278.01,46351.51,46219.31,46350.51,11766
1760976000,46349.51,46643.81,46327.81,46639.81,36560
1760990400,46639.31,46761.21,46638.81,46748.18,18081
1761004800,46749.88,46767.41,46718.01,46751.01,4647
1761019200,46750.01,46767.01,46686.91,46701.91,6859
1761033600,46702.91,46715.41,46617.91,46622.41,10707
1761048000,46621.41,46754.31,46621.41,46715.41,8354
1761062400,46714.91,47139.91,46679.01,46981.81,39239
1761076800,46981.31,47054.01,46917.88,46953.38,24697
1761091200,46932.48,46965.38,46897.51,46902.51,6222
1761105600,46901.51,47001.11,46891.01,46991.61,6994
1761120000,46991.11,47005.91,46905.41,46927.81,11162
1761134400,46927.31,46965.91,46885.81,46948.91,10905
1761148800,46950.91,46952.91,46493.31,46716.81,46564
1761163200,46717.81,46729.31,46449.31,46510.88,38093
1761177600,46496.08,46543.71,46413.71,46504.71,7864
1761192000,46504.21,46595.31,46496.71,46542.81,8820
1761206400,46543.31,46577.91,46503.81,46525.61,11919
1761220800,46525.11,46572.21,46456.81,46529.81,14099
1761235200,46528.81,46735.81,46472.81,46717.31,41530
1761249600,46716.31,46805.31,46642.61,46694.68,21706
1761264000,46710.38,46742.61,46709.38,46739.11,3598
1761278400,46738.61,46797.61,46737.61,46791.61,4575
1761292800,46790.61,46852.91,46715.71,46755.41,7859
1761307200,46754.41,47083.87,46752.61,46935.71,9152
1761321600,46937.71,47326.71,46922.51,47235.81,37640
1761336000,47234.81,47313.81,47192.61,47200.18,19885
1761523200,47530.18,47540.68,47461.31,47482.31,6150
1761537600,47483.31,47507.51,47424.41,47499.51,5397
1761552000,47498.51,47557.61,47463.51,47482.11,6991
1761566400,47482.61,47500.01,47415.11,47452.61,6342
1761580800,47451.61,47525.51,47369.01,47452.71,30603
1761595200,47453.71,47590.58,47375.21,47589.58,15819
1761609600,47557.48,47587.51,47536.61,47563.21,4106
1761624000,47562.71,47566.61,47518.21,47526.21,6163
1761638400,47526.71,47552.71,47512.51,47543.01,6962
1761652800,47542.51,47775.41,47518.51,47756.91,7387
1761667200,47757.91,47915.91,47683.61,47871.51,37438
1761681600,47870.51,47942.11,47650.78,47695.58,24415
1761696000,47704.38,47727.08,47650.71,47660.11,3728
1761710400,47659.11,47688.21,47642.51,47684.21,6026
1761724800,47683.71,47718.51,47601.31,47606.91,6330
1761739200,47606.41,47840.41,47566.01,47829.41,9174
1761753600,47828.91,48042.41,47779.41,47970.61,35899
1761768000,47972.61,47975.61,47444.91,47614.08,40009
1761782400,47534.48,47711.61,47521.48,47668.61,7922
1761796800,47669.61,47762.61,47484.61,47543.11,19640
1761811200,47542.11,47672.61,47517.21,47528.01,18929
1761825600,47532.01,47555.51,47404.51,47440.01,17083
1761840000,47439.51,48022.91,47392.51,47819.41,49425
1761854400,47817.91,47817.91,47484.68,47598.88,38259
1761868800,47585.28,47629.01,47523.51,47595.01,6420
1761883200,47594.01,47606.11,47507.01,47561.71,8180
1761897600,47561.21,47591.51,47523.01,47585.01,9758
1761912000,47585.51,47660.11,47473.31,47598.61,10176
1761926400,47597.61,47667.41,47400.61,47414.61,43426
1761940800,47411.11,47716.71,47342.61,47556.18,31260
1762128000,47642.98,47732.31,47642.48,47675.71,5593
1762142400,47675.21,47694.71,47607.21,47628.71,7667
1762156800,47629.21,47687.01,47552.71,47628.11,11387
1762171200,47628.61,47644.11,47515.71,47558.91,8953
1762185600,47559.41,47635.71,47129.01,47362.21,41136
1762200000,47362.71,47409.21,47288.11,47304.68,23057
1762214400,47330.88,47331.88,47241.01,47266.01,6553
1762228800,47265.01,47271.51,47080.01,47099.51,13635
1762243200,47099.01,47118.01,46869.11,46873.11,22619
1762257600,46871.61,47092.11,46845.61,47076.11,15626
1762272000,47075.11,47272.51,46878.41,47051.51,41524
1762286400,47047.51,47192.28,46975.01,47151.48,32123
1762300800,47160.68,47180.68,46946.31,46966.31,16491
1762315200,46966.81,47160.31,46954.81,47123.31,23104
1762329600,47122.81,47184.41,47085.41,47106.71,16534
1762344000,47106.21,47146.71,47016.41,47136.61,15734
1762358400,47137.11,47462.51,47041.91,47378.01,43865
1762372800,47379.01,47440.11,47293.78,47351.48,23618
1762387200,47312.48,47377.98,47244.11,47275.61,11818
1762401600,47274.11,47321.21,47236.61,47275.71,10140
1762416000,47274.21,47318.31,47196.61,47296.41,13695
1762430400,47296.91,47384.91,47288.01,47323.71,10555
1762444800,47324.21,47351.91,46783.91,46894.01,50273
1762459200,46891.01,47095.01,46789.91,47008.48,34686
1762473600,46997.28,47056.71,46909.21,46969.21,12406
1762488000,46970.21,47020.11,46873.71,47015.61,15056
1762502400,47016.11,47044.71,46928.91,46949.41,14724
1762516800,46947.41,46967.91,46740.91,46815.91,23258
1762531200,46816.91,46882.71,46491.31,46660.31,51058
1762545600,46659.31,47058.68,46644.21,47051.88,36227
1762732800,47165.98,47171.48,47049.11,47088.11,10635
1762747200,47087.11,47118.11,47048.21,47093.21,8184
1762761600,47092.21,47204.21,47041.21,47191.61,11063
1762776000,47193.61,47211.91,47144.01,47178.41,9424
1762790400,47179.41,47325.01,46938.81,47232.41,44716
1762804800,47231.41,47411.38,47223.51,47384.38,20335
1762819200,47358.28,47423.41,47351.28,47375.51,8594
1762833600,47374.51,47410.91,47359.41,47370.51,10687
1762848000,47371.01,47397.41,47318.81,47338.41,11337
1762862400,47337.41,47412.71,47331.91,47393.81,8824
1762876800,47394.81,47832.91,47379.71,47827.91,40660
1762891200,47824.91,47978.41,47824.91,47945.38,24787
1762905600,47934.68,47970.41,47914.78,47966.41,7332
1762920000,47967.41,47987.51,47935.31,47974.51,7819
1762934400,47973.51,48017.81,47963.81,48004.81,7989
1762948800,48005.31,48055.81,47962.91,48040.81,8194
1762963200,48041.31,48424.31,48025.31,48334.81,45591
1762977600,48333.81,48355.91,48233.91,48300.68,27977
1762992000,48206.68,48370.31,48201.68,48341.81,13318
1763006400,48341.31,48392.01,48314.31,48377.91,8710
1763020800,48378.91,48402.41,48253.91,48274.71,13251
1763035200,48273.71,48317.71,48123.91,48171.91,14173
1763049600,48171.41,48227.21,47734.21,47744.71,60982
1763064000,47745.21,47784.21,47400.21,47507.88,50093
1763078400,47514.18,47551.71,47494.68,47526.21,11504
1763092800,47527.21,47538.21,47426.71,47471.71,13076
1763107200,47470.71,47474.71,47326.81,47360.31,25091
1763121600,47357.81,47402.91,47060.31,47135.81,26946
1763136000,47137.31,47373.21,46850.11,47292.21,64884
1763150400,47292.71,47325.81,47109.58,47179.28,46072
1763337600,47026.68,47177.81,47023.18,47126.31,13106
1763352000,47127.31,47213.51,47113.41,47173.51,8682
1763366400,47173.01,47291.11,47166.41,47217.71,13998
1763380800,47218.21,47219.91,47028.41,47080.91,20676
1763395200,47078.91,47210.71,46858.81,46978.81,59396
1763409600,46976.81,46985.81,46428.71,46618.38,49862
1763424000,46649.18,46673.81,46558.31,46649.81,15039
1763438400,46649.31,46671.31,46313.81,46411.31,25503
1763452800,46411.81,46535.91,46295.41,46475.91,29213
1763467200,46474.91,46481.91,46162.41,46237.91,24313
1763481600,46235.91,46317.21,45907.21,46268.01,74279
1763496000,46270.51,46371.01,46021.38,46046.58,56781
1763510400,46103.38,46171.51,46044.51,46099.01,20432
1763524800,46100.51,46182.51,45985.51,46064.51,18916
1763539200,46065.51,46167.81,46045.51,46166.81,20946
1763553600,46167.81,46223.81,46132.11,46155.61,17613
1763568000,46152.61,46303.51,45906.41,46035.41,63915
1763582400,46036.41,46233.08,45900.01,46196.08,59312
1763596800,46226.68,46401.31,46214.18,46380.81,12493
1763611200,46379.81,46458.81,46351.91,46406.91,10644
1763625600,46405.41,46480.21,46305.91,46330.11,16614
1763640000,46332.11,46600.91,46304.41,46590.91,21554
1763654400,46591.41,46862.31,45728.71,45847.71,75129
1763668800,45841.21,46146.71,45712.58,45781.38,67032
1763683200,45768.38,45978.61,45708.48,45950.61,19858
1763697600,45951.61,46020.11,45874.11,45906.61,22230
1763712000,45907.61,45996.21,45765.21,45903.21,27704
1763726400,45902.71,46090.71,45752.21,46009.21,39705
1763740800,46008.71,46492.51,45781.51,46405.01,78529
1763755200,46405.51,46583.01,46193.51,46281.58,58651
1763942400,46428.78,46447.28,46310.41,46333.41,10681
1763956800,46334.41,46417.51,46314.91,46369.11,13043
1763971200,46369.61,46438.31,46156.01,46247.01,20144
1763985600,46248.01,46432.01,46187.01,46338.01,23554
1764000000,46338.51,46587.41,46098.81,46515.61,55017
1764014400,46515.11,46575.21,46409.21,46469.78,30638
1764028800,46449.98,46462.98,46366.81,46371.31,8615
1764043200,46371.81,46425.31,46352.21,46389.31,9321
1764057600,46389.81,46437.01,46346.21,46370.51,14464
1764072000,46371.51,46522.21,46344.91,46471.21,19933
1764086400,46474.21,47028.21,46329.51,46985.01,56646
1764100800,46985.51,47181.01,46966.91,47128.58,27644
1764115200,47132.88,47207.71,47110.58,47202.21,6860
1764129600,47201.71,47225.21,47183.21,47211.71,5493
1764144000,47211.21,47263.01,47168.11,47204.21,10283
1764158400,47205.21,47235.71,47116.01,47227.71,14377
1764172800,47228.71,47573.21,47186.11,47536.51,41602
1764187200,47535.51,47560.01,47419.91,47439.48,25417
1764201600,47443.48,47481.48,47413.48,47468.81,5361
1764216000,47469.31,47474.81,47439.81,47462.31,4325
1764230400,47462.81,47464.31,47389.01,47389.51,7261
1764244800,47390.01,47442.61,47381.51,47425.01,5934
1764259200,47425.51,47458.11,47394.61,47416.11,4235
1764288000,47436.98,47521.81,47436.98,47484.81,1938
1764302400,47484.31,47492.31,47476.31,47487.31,106
1764331200,47477.41,47496.11,47475.91,47477.81,47
1764345600,47480.81,47752.81,47461.21,47706.71,26723
1764360000,47709.71,47734.21,47684.31,47696.41,1770
1764547200,47690.08,47717.08,47497.71,47543.31,14109
1764561600,47544.31,47549.71,47420.31,47463.41,9266
1764576000,47462.91,47539.41,47417.11,47465.11,12126
1764590400,47466.11,47525.81,47451.81,47495.21,14126
1764604800,47494.21,47676.21,47331.11,47499.31,43098
1764619200,47500.31,47573.31,47273.71,47303.78,25082
1764633600,47291.78,47303.41,47249.41,47271.11,7278
1764648000,47271.61,47289.61,47215.41,47245.61,7412
1764662400,47243.11,47333.81,47203.01,47321.41,9873
1764676800,47323.91,47425.61,47295.81,47423.61,8613
1764691200,47422.61,47603.81,47264.31,47366.91,48307
1764705600,47358.91,47592.91,47309.91,47487.38,27446
1764720000,47503.08,47564.71,47481.11,47554.81,5848
1764734400,47553.31,47611.81,47549.81,47582.81,4029
1764748800,47582.31,47603.81,47541.51,47578.61,9121
1764763200,47579.61,47616.61,47527.71,47559.01,8773
1764777600,47558.01,47857.21,47369.71,47828.51,51941
1764792000,47829.51,48016.48,47808.51,47971.78,22788
1764806400,47923.08,47957.31,47904.71,47932.41,4907
1764820800,47931.41,47950.41,47907.81,47937.41,4692
1764835200,47937.91,47963.21,47885.71,47948.21,7968
1764849600,47948.71,47954.71,47884.51,47907.51,8411
1764864000,47908.51,48058.61,47768.21,47875.81,46211
1764878400,47872.81,47937.21,47686.01,47845.18,28331
1764892800,47856.58,47885.11,47821.88,47882.61,5323
1764907200,47883.61,47916.41,47861.01,47893.41,4658
1764921600,47891.91,47914.01,47837.91,47841.91,7099
1764936000,47842.41,47927.51,47759.51,47801.61,8829
1764950400,47802.11,48129.51,47799.11,47998.31,46849
1764964800,47999.31,48058.31,47880.31,47958.88,24786
1765152000,47953.98,47966.08,47902.61,47934.81,6043
1765166400,47935.81,47978.31,47931.81,47968.81,3220
1765180800,47969.31,47991.11,47921.81,47938.31,6867
1765195200,47937.31,47984.31,47923.31,47968.31,7432
1765209600,47969.31,48006.21,47690.41,47782.31,42241
1765224000,47781.31,47790.31,47609.31,47731.88,26592
1765238400,47745.78,47773.88,47713.78,47735.11,5543
1765252800,47737.61,47768.41,47728.01,47740.61,4716
1765267200,47741.11,47800.41,47724.11,47763.41,7611
1765281600,47762.41,47813.81,47672.01,47700.21,12000
1765296000,47699.71,47954.28,47604.33,47663.33,45208
1765310400,47661.33,47680.33,47526.38,47536.88,26503
1765324800,47551.58,47578.91,47526.58,47546.41,4065
1765339200,47544.41,47602.41,47543.91,47570.91,4130
1765353600,47570.41,47603.63,47545.58,47567.63,7777
1765368000,47566.63,47611.81,47472.31,47553.51,12540
1765382400,47553.01,47818.63,47453.11,47771.63,43177
1765396800,47769.63,48194.58,47685.63,48096.68,49907
1765411200,48112.68,48129.28,48041.41,48045.41,4743
1765425600,48043.41,48045.41,47815.31,47853.41,15584
1765440000,47853.91,47976.21,47819.31,47974.71,14804
1765454400,47975.71,48104.51,47935.11,48062.41,12631
1765468800,48063.41,48726.23,48062.41,48653.73,58219
1765483200,48653.23,48763.72,48634.68,48759.28,28678
1765497600,48806.78,48824.68,48737.51,48813.01,5770
1765512000,48812.51,48843.01,48792.51,48836.01,5939
1765526400,48837.01,48877.28,48782.01,48814.21,9279
1765540800,48814.71,48838.78,48756.01,48831.28,10878
1765555200,48830.28,48877.21,48324.41,48545.43,63954
1765569600,48547.93,48606.41,48375.23,48499.88,37981
1765756800,48445.85,48580.41,48422.35,48576.41,5251
1765771200,48576.91,48622.91,48561.41,48602.41,7981
1765785600,48602.41,48668.28,48562.41,48661.73,12589
1765800000,48662.23,48701.78,48642.23,48695.73,9203
1765814400,48694.73,48719.73,48272.48,48343.93,57970
1765828800,48342.93,48461.98,48273.93,48436.58,35511
1765843200,48455.68,48461.18,48259.91,48302.41,11776
1765857600,48303.41,48332.01,48248.91,48253.41,7507
1765872000,48255.91,48356.83,48247.21,48284.51,9804
1765886400,48285.51,48516.51,48274.01,48404.01,16402
1765900800,48404.51,48461.81,47986.88,47995.81,63679
1765915200,47990.81,48205.98,47932.98,48092.58,43527
1765929600,48069.58,48116.58,47999.71,48109.71,13241
1765944000,48109.21,48111.71,48041.31,48091.91,10478
1765958400,48090.91,48210.81,48088.81,48200.11,14126
1765972800,48199.11,48264.81,48184.81,48227.81,12440
1765987200,48228.31,48385.11,47948.51,47995.38,67536
1766001600,47995.88,48061.38,47862.38,47949.98,38344
1766016000,47924.08,47943.08,47864.71,47883.21,13574
1766030400,47882.71,47934.71,47803.71,47844.81,13370
1766044800,47843.81,47961.18,47826.81,47959.13,13963
1766059200,47960.13,48170.31,47949.13,48101.31,14503
1766073600,48099.81,48385.61,47854.61,48074.61,62575
1766088000,48075.11,48192.43,47887.81,47907.48,40888
1766102400,47878.08,47927.91,47858.58,47909.81,8298
1766116800,47906.81,47919.31,47844.91,47849.01,10525
1766131200,47849.51,48035.28,47786.81,48033.28,13414
1766145600,48033.78,48043.28,47923.31,47955.01,13147
1766160000,47955.51,48294.61,47939.91,48236.13,48332
1766174400,48235.13,48282.63,48090.88,48165.58,22761
1766361600,48223.48,48232.68,48166.31,48172.81,4643
1766376000,48173.81,48189.81,48145.81,48147.81,3683
1766390400,48146.81,48209.08,48146.81,48173.03,6070
1766404800,48173.53,48191.03,48123.21,48188.03,6081
1766419200,48188.53,48454.63,48178.21,48443.63,38581
1766433600,48444.63,48445.63,48329.63,48349.28,16223
1766448000,48352.48,48377.21,48348.11,48366.21,2857
1766462400,48367.21,48386.21,48311.21,48325.21,3100
1766476800,48325.71,48392.43,48322.21,48390.43,4800
1766491200,48391.43,48402.93,48251.61,48261.61,6914
1766505600,48260.61,48475.43,48206.11,48449.93,31866
1766520000,48448.93,48530.93,48406.98,48408.98,12710
1766534400,48415.18,48433.01,48407.51,48410.51,2879
1766548800,48411.01,48421.61,48400.61,48401.11,2133
1766563200,48400.61,48422.03,48389.03,48417.03,1956
1766577600,48416.03,48450.03,48397.53,48440.03,2613
1766592000,48439.03,48772.03,48368.01,48707.51,24233
1766606400,48708.01,48736.91,48692.48,48706.11,1341
1766707200,48746.78,48777.18,48711.41,48713.51,3185
1766721600,48714.51,48733.51,48688.51,48698.51,2167
1766736000,48699.01,48723.51,48649.73,48673.23,2945
1766750400,48672.73,48695.91,48613.68,48679.73,3779
1766764800,48681.73,48764.61,48595.73,48615.73,30791
1766779200,48616.23,48718.73,48568.73,48691.48,12086
1766966400,48726.78,48762.41,48714.08,48719.91,4313
1766980800,48720.01,48736.01,48690.01,48699.01,3422
1766995200,48700.01,48727.1,48657.51,48716.1,8709
1767009600,48715.6,48735.1,48583.51,48612.61,6996
1767024000,48613.61,48698.01,48383.9,48423.9,35555
1767038400,48422.9,48562.0,48418.9,48482.18,15651
1767052800,48475.78,48489.11,48458.41,48484.51,3709
1767067200,48485.51,48491.61,48456.51,48480.61,4128
1767081600,48478.61,48491.7,48410.7,48476.7,5650
1767096000,48477.2,48488.7,48431.7,48461.61,5755
1767110400,48462.61,48487.51,48296.51,48407.2,31342
1767124800,48406.7,48431.9,48358.85,48399.28,14342
1767139200,48408.98,48411.08,48306.11,48330.21,3813
1767153600,48329.71,48372.21,48319.21,48324.21,3342
1767168000,48325.71,48337.8,48293.3,48299.8,4636
1767182400,48298.8,48389.31,48284.8,48375.51,4637
1767196800,48374.51,48398.41,48163.35,48181.8,29138
1767211200,48180.8,48294.8,48037.31,48072.18,20091
1767312000,48096.08,48164.41,48093.58,48145.91,4667
1767326400,48143.91,48200.41,48139.31,48192.91,3271
1767340800,48192.41,48249.0,48142.71,48246.0,6348
1767355200,48246.5,48293.71,48189.91,48212.91,6980
1767369600,48211.91,48268.7,47817.0,48129.65,59807
1767384000,48128.65,48402.7,48073.7,48342.98,32594
1767571200,48383.48,48400.11,48335.61,48368.11,10103
1767585600,48368.61,48406.21,48347.31,48400.81,4595
1767600000,48401.31,48448.35,48368.81,48393.31,10238
1767614400,48392.31,48434.71,48319.21,48420.21,8905
1767628800,48419.21,49183.9,48408.21,49150.5,50059
1767643200,49151.5,49213.5,48962.45,48974.18,23534
1767657600,48988.28,49016.01,48948.11,48998.11,5130
1767672000,48998.61,49015.61,48972.11,48976.11,3325
1767686400,48974.11,49017.11,48846.01,48849.01,9041
1767700800,48848.51,48960.25,48843.01,48929.01,7795
1767715200,48930.01,49418.9,48885.2,49405.9,45730
1767729600,49406.9,49510.7,49383.4,49489.98,19624
1767744000,49502.78,49535.51,49477.01,49525.91,4771
1767758400,49524.91,49557.11,49514.01,49533.61,3632
1767772800,49534.11,49544.11,49481.15,49492.7,5401
1767787200,49491.7,49548.2,49468.2,49536.2,6820
1767801600,49535.7,49624.2,49196.15,49270.4,41363
1767816000,49269.4,49269.4,48938.48,48982.98,27533
1767830400,49011.28,49034.01,48989.51,49013.61,3972
1767844800,49012.61,49025.61,48868.51,48870.51,5727
1767859200,48871.51,48909.61,48825.41,48857.7,10648
1767873600,48858.2,48871.7,48794.15,48824.61,9190
1767888000,48822.61,49353.1,48763.51,49320.05,50125
1767902400,49319.05,49368.78,49211.55,49362.28,25241
1767916800,49350.08,49355.58,49250.01,49263.21,5256
1767931200,49264.21,49289.21,49252.21,49272.21,4854
1767945600,49271.21,49292.35,49226.71,49290.85,7725
1767960000,49291.85,49450.11,49255.3,49418.11,10061
1767974400,49419.11,49569.3,49184.3,49479.3,53905
1767988800,49478.8,49550.6,49443.3,49490.38,20435
1768176000,49436.28,49472.98,49291.11,49333.61,11370
1768190400,49334.11,49334.61,49240.71,49261.81,6989
1768204800,49260.81,49303.9,49118.81,49160.9,10851
1768219200,49161.9,49206.9,49071.21,49189.15,8899
1768233600,49188.65,49495.8,48994.7,49451.8,38814
1768248000,49452.3,49636.8,49441.8,49539.48,18871
1768262400,49527.18,49565.31,49514.51,49551.01,4641
1768276800,49551.51,49588.51,49545.51,49568.51,4034
1768291200,49568.01,49571.01,49520.6,49534.6,4852
1768305600,49535.1,49686.91,49460.41,49552.41,10544
1768320000,49548.41,49608.41,49198.15,49240.6,46190
1768334400,49241.1,49303.1,49059.15,49164.38,27343
1768348800,49165.08,49177.08,49092.81,49095.81,4888
1768363200,49095.31,49127.91,49046.91,49052.91,5162
1768377600,49053.91,49132.0,49045.81,49121.0,7656
1768392000,49120.0,49120.0,48998.81,49028.31,14368
1768406400,49027.31,49188.0,48846.0,48923.0,52718
1768420800,48917.0,49174.58,48904.0,49111.18,33020
1768435200,49101.48,49130.21,49046.48,49127.71,7729
1768449600,49127.21,49161.71,49084.61,49129.71,7971
1768464000,49128.71,49214.9,49096.71,49194.35,11871
1768478400,49193.85,49301.71,49080.71,49118.81,10747
1768492800,49119.31,49566.85,49092.21,49479.85,42173
1768507200,49475.85,49584.4,49386.35,49435.08,27188
1768521600,49459.78,49497.01,49449.78,49485.01,4674
1768536000,49485.51,49561.01,49475.01,49539.01,3730
1768550400,49538.51,49547.6,49488.1,49494.1,5420
1768564800,49494.6,49522.1,49412.01,49455.01,8431
1768579200,49454.01,49609.1,49234.1,49410.85,42924
1768593600,49410.35,49526.3,49319.42,49363.08,25262
1768780800,49079.78,49118.78,48977.91,48979.91,11606
1768795200,48980.41,49022.61,48965.11,48991.11,6309
1768809600,48990.61,49059.01,48858.01,48883.01,15031
1768824000,48882.51,49028.51,48862.01,48994.11,13076
1768838400,48994.61,49013.01,48877.2,48951.7,16288
1768867200,48969.45,48969.95,48861.41,48921.61,6594
1768881600,48922.11,48931.61,48875.11,48900.11,6079
1768896000,48898.61,48901.51,48503.21,48529.21,24736
1768910400,48529.71,48775.21,48496.21,48631.71,22306
1768924800,48632.21,48908.2,48570.2,48683.3,66515
1768939200,48682.3,48733.8,48430.35,48551.08,40119
1768953600,48573.68,48602.01,48504.18,48589.01,6486
1768968000,48588.51,48611.01,48553.41,48576.01,8027
1768982400,48575.51,48617.1,48503.91,48507.91,10726
1768996800,48508.41,48576.1,48312.91,48369.41,19066
1769011200,48368.41,49030.15,48353.91,48756.1,70277
1769025600,48758.1,49307.1,48630.1,49101.88,53176
1769040000,49161.58,49198.11,49128.28,49192.01,6915
1769054400,49192.51,49217.51,49125.41,49130.01,5132
1769068800,49129.51,49295.55,49076.81,49280.6,14607
1769083200,49281.6,49337.91,49191.41,49334.41,14519
1769097600,49333.91,49615.05,49252.6,49594.6,55251
1769112000,49594.1,49600.6,49316.1,49356.78,33963
1769126400,49329.48,49427.81,49328.48,49424.81,5381
1769140800,49425.81,49429.31,49396.81,49426.81,4338
1769155200,49425.81,49439.81,49256.51,49280.51,11384
1769169600,49278.51,49308.51,49131.51,49145.51,13403
1769184000,49144.51,49207.7,48954.75,48972.75,46958
1769198400,48972.25,49138.75,48943.75,49013.98,29609
1769385600,48807.48,49053.11,48781.48,48980.71,14949
1769400000,48981.71,49020.81,48951.61,49016.81,12713
1769414400,49017.81,49142.81,49001.71,49035.21,13762
1769428800,49033.71,49167.31,49030.71,49162.81,13537
1769443200,49161.81,49368.9,49143.9,49330.9,42770
1769457600,49331.9,49485.9,49219.58,49255.38,25467
1769472000,49208.08,49293.81,49204.58,49283.41,4493
1769486400,49283.91,49383.91,49283.41,49379.91,4547
1769500800,49380.41,49401.21,49330.31,49356.5,8665
1769515200,49355.5,49411.81,49076.31,49079.31,10329
1769529600,49079.81,49165.5,48886.5,48916.45,42949
1769544000,48919.45,49017.5,48855.45,48982.68,22728
1769558400,48984.38,49041.61,48974.88,49003.71,4883
1769572800,49002.71,49029.71,48982.71,49024.21,4298
1769587200,49034.21,49074.51,48975.21,49029.8,12581
1769601600,49028.8,49052.3,48945.61,48966.71,12019
1769616000,48966.21,49141.8,48905.35,48994.8,49122
1769630400,48993.8,49127.3,48843.28,48954.58,44711
1769644800,48964.28,48966.28,48838.41,48881.41,17088
1769659200,48880.41,49007.61,48875.41,48999.51,9775
1769673600,49000.51,49132.11,48998.41,49058.51,12963
1769688000,49057.51,49285.01,48985.51,49033.01,16491
1769702400,49033.51,49299.7,48578.7,48803.2,79625
1769716800,48802.2,49062.8,48773.7,48969.48,46975
1769731200,48921.68,48983.31,48786.41,48829.91,15790
1769745600,48830.91,48873.91,48765.91,48806.91,20070
1769760000,48807.91,48814.91,48565.01,48622.01,26280
1769774400,48621.01,48951.01,48613.01,48773.01,25459
1769788800,48774.01,49039.2,48500.9,48554.9,77996
1769803200,48551.4,48959.85,48442.9,48839.08,57435
1769990400,48785.38,48925.01,48700.01,48707.01,23601
1770004800,48707.51,48736.01,48442.01,48507.01,34568
1770019200,48508.01,48769.11,48392.01,48752.61,29684
1770033600,48753.11,48913.11,48743.11,48895.11,19583
1770048000,48896.11,49413.3,48692.3,49387.8,53260
1770062400,49389.3,49480.35,49318.85,49386.08,28960
1770076800,49401.88,49458.38,49388.01,49420.01,7693
1770091200,49419.01,49452.21,49396.11,49438.21,7765
1770105600,49439.21,49479.75,49372.25,49389.3,10933
1770120000,49390.3,49439.3,49336.61,49385.91,11756
1770134400,49386.41,49650.0,49010.75,49016.25,71260
1770148800,49015.75,49312.48,48829.45,49261.18,53613
1770163200,49294.48,49313.48,49255.11,49267.21,9690
1770177600,49271.21,49326.21,49269.11,49319.21,8998
1770192000,49320.21,49408.21,49290.21,49343.21,16403
1770206400,49338.21,49457.21,49321.21,49329.21,18345
1770220800,49328.21,49658.9,49210.4,49287.4,83661
1770235200,49287.9,49609.55,49111.6,49472.78,57540
1770249600,49470.08,49565.21,49429.71,49562.21,10784
1770264000,49563.21,49570.21,49369.21,49418.31,25152
1770278400,49417.81,49490.31,49311.31,49395.81,23543
1770292800,49396.31,49592.31,49282.31,49288.31,32990
1770307200,49287.81,49351.81,48819.5,49137.0,87188
1770321600,49135.0,49177.0,48748.78,48771.28,52498
1770336000,48803.38,48837.31,48607.51,48835.31,22803
1770350400,48836.31,48882.31,48754.31,48866.81,22015
1770364800,48866.31,49037.91,48829.41,48990.41,23389
1770379200,48990.91,49208.41,48956.51,49171.41,20822
1770393600,49169.41,49983.65,49160.91,49950.15,70158
1770408000,49950.65,50178.15,49915.1,50096.38,32936
1770595200,50245.38,50265.38,50176.41,50206.41,15901
1770609600,50205.91,50243.51,50161.81,50199.41,10402
1770624000,50199.91,50240.31,50132.31,50144.81,16451
1770638400,50145.81,50149.81,50013.81,50044.91,19238
1770652800,50044.41,50216.5,49825.0,50070.0,46990
1770667200,50071.0,50200.0,50023.5,50123.78,25422
1770681600,50126.58,50138.21,50071.31,50129.21,7974
1770696000,50129.71,50152.21,50096.91,50134.41,7086
1770710400,50135.41,50202.45,50081.31,50162.5,9729
1770724800,50160.5,50184.41,50013.31,50109.41,15212
1770739200,50108.41,50516.5,50107.41,50360.5,49210
1770753600,50359.5,50370.95,50110.95,50230.18,31261
1770768000,50254.98,50318.31,50250.58,50306.31,3618
1770782400,50307.31,50332.81,50286.31,50287.31,4969
1770796800,50288.31,50308.21,50234.71,50259.31,11623
1770811200,50260.31,50464.21,50182.21,50449.21,22022
1770825600,50448.21,50495.4,49888.9,50132.4,73807
1770840000,50131.9,50188.75,50018.8,50130.98,38329
1770854400,50134.28,50226.41,50085.78,50204.51,9998
1770868800,50206.51,50301.51,50180.51,50275.11,6980
1770883200,50275.61,50310.75,50223.01,50308.7,12061
1770897600,50307.2,50324.01,50199.61,50294.51,12186
1770912000,50295.51,50444.7,49464.7,49470.2,84956
1770926400,49469.2,49796.5,49422.5,49484.98,58777
1770940800,49438.38,49497.01,49382.01,49448.71,16033
1770955200,49448.21,49490.81,49335.71,49352.21,13040
1770969600,49351.71,49410.31,49280.81,49347.31,24181
1770984000,49346.81,49513.29,49223.81,49465.31,32811
1770998400,49465.81,49716.0,49078.5,49654.45,76726
1771012800,49653.95,49739.5,49355.85,49459.58,48364
1771200000,49471.08,49609.61,49446.58,49606.61,7637
1771214400,49607.11,49616.61,49543.31,49548.81,6790
1771228800,49549.81,49749.55,49545.81,49729.1,10606
1771243200,49728.1,49735.6,49654.51,49699.1,11480
1771257600,49699.6,49701.91,49486.55,49531.6,26103
1771286400,49536.58,49615.28,49346.21,49367.21,9948
1771300800,49363.21,49417.21,49282.71,49302.21,16094
1771315200,49301.21,49528.31,49294.31,49503.81,18146
1771329600,49504.81,49519.31,49268.81,49405.31,24927
1771344000,49403.81,49717.5,49164.0,49463.3,84172
1771358400,49463.8,49687.75,49374.8,49555.48,49488
1771372800,49516.78,49537.88,49472.78,49519.41,7360
1771387200,49519.91,49600.11,49500.51,49583.11,5545
1771401600,49582.61,49804.01,49573.51,49758.51,9820
1771416000,49757.51,49805.2,49555.51,49571.51,14838
1771430400,49573.51,49897.65,49422.7,49829.7,52783
1771444800,49826.7,49860.65,49521.9,49638.08,37676
1771459200,49663.78,49683.98,49601.91,49656.01,7067
1771473600,49655.01,49681.11,49606.01,49667.61,6571
1771488000,49667.11,49717.7,49514.51,49558.01,13966
1771502400,49556.51,49567.01,49446.01,49481.21,20278
1771516800,49480.21,49602.8,49265.35,49287.85,68303
1771531200,49287.35,49427.58,49192.85,49361.08,40161
1771545600,49386.88,49471.11,49371.88,49442.21,5715
1771560000,49443.21,49497.71,49429.11,49494.21,6147
1771574400,49493.21,49548.35,49450.11,49467.3,10498
1771588800,49468.3,49482.31,49257.11,49314.61,21182
1771603200,49314.11,49714.3,49148.3,49433.4,79617
1771617600,49432.4,49667.52,49306.9,49629.68,45686
1771804800,49592.48,49611.98,49334.11,49338.11,12772
1771819200,49339.11,49360.61,49292.81,49329.81,7512
1771833600,49328.81,49505.31,49323.81,49492.4,10002
1771848000,49492.9,49538.9,49337.21,49425.71,13859
1771862400,49425.21,49714.9,48764.9,48870.95,63409
1771876800,48871.95,49013.9,48727.9,48835.18,35945
1771891200,48838.38,48869.38,48815.51,48839.51,8149
1771905600,48840.51,48899.71,48833.51,48856.11,6147
1771920000,48856.61,48905.8,48772.11,48882.75,14920
1771934400,48881.75,48969.61,48823.61,48956.61,15730
1771948800,48953.61,49260.3,48753.3,49220.8,54147
1771963200,49217.8,49291.8,49137.8,49166.98,23095
1771977600,49155.68,49230.41,49140.88,49226.51,5396
1771992000,49225.01,49243.51,49083.81,49173.51,10373
1772006400,49172.51,49263.6,49162.6,49257.1,10916
1772020800,49257.6,49369.91,49222.65,49362.41,9393
1772035200,49364.41,49488.9,49194.15,49480.9,47081
1772049600,49481.4,49536.48,49423.9,49454.68,20325
1772064000,49459.88,49488.38,49376.51,49428.61,8449
1772078400,49427.61,49433.61,49374.71,49384.71,5157
1772092800,49385.21,49467.31,49360.11,49435.8,10404
1772107200,49436.8,49623.61,49417.3,49595.31,9219
1772121600,49595.81,49830.3,49228.55,49251.55,62455
1772136000,49250.55,49560.5,49235.55,49352.28,35089
1772150400,49209.68,49254.68,49164.31,49212.31,11073
1772164800,49212.81,49297.31,49211.81,49256.71,7059
1772179200,49257.71,49359.4,49214.61,49291.81,13507
1772193600,49291.81,49296.81,48889.71,48996.71,24540
1772208000,48994.71,49086.9,48664.4,48837.8,66563
1772222400,48836.8,48993.8,48759.75,48875.48,39309
1772409600,48391.58,48670.21,48333.71,48648.71,22179
1772424000,48649.71,48673.71,48450.71,48454.21,17450
1772438400,48453.21,48473.71,48110.81,48375.31,32608
1772452800,48374.31,48526.31,48354.81,48406.31,24658
1772467200,48407.31,48989.5,48354.81,48949.05,70494
1772481600,48948.55,49065.05,48755.0,48860.28,42246
1772496000,48854.48,48859.48,48651.11,48654.11,16085
1772510400,48654.61,48668.11,48485.11,48513.11,32056
1772524800,48515.11,48544.61,48074.21,48094.21,42098
1772539200,48095.21,48248.21,47891.21,48014.71,49825
1772553600,48013.71,48346.9,47618.9,48297.9,91698
1772568000,48301.4,48696.4,48297.9,48431.18,60474
1772582400,48411.38,48539.51,48299.51,48369.01,30036
1772596800,48371.51,48403.51,48236.51,48307.01,43569
1772611200,48308.01,48460.61,48212.01,48455.11,40611
1772625600,48454.61,48687.78,48397.61,48630.61,41032
1772640000,48631.11,48862.75,48351.3,48829.8,71627
1772654400,48831.8,48850.8,48689.78,48750.98,34210
1772668800,48722.68,48835.31,48582.31,48611.31,17112
1772683200,48612.81,48661.31,48510.31,48536.81,27742
1772697600,48537.31,48827.41,48430.41,48656.91,40164
1772712000,48657.91,48708.41,48370.41,48381.41,31902
1772726400,48380.91,48504.6,47747.5,47769.5,83865
1772740800,47769.0,47957.5,47565.5,47869.28,61200
1772755200,47909.88,48089.41,47899.88,48035.91,16429
1772769600,48038.91,48093.91,47994.41,48055.91,15400
1772784000,48056.91,48070.91,47742.01,47782.51,29358
1772798400,47784.01,47900.51,47257.51,47304.51,47564
1772812800,47300.01,47521.7,46996.7,47328.2,90241
1772827200,47327.2,47573.15,47318.2,47441.38,60312
1773014400,46726.18,46740.18,46382.18,46595.81,23255
1773028800,46597.31,46631.81,46301.31,46467.81,34387
1773043200,46469.81,46817.91,46445.31,46794.41,43841
1773057600,46796.41,47132.41,46740.91,46909.91,48982
1773072000,46910.91,47275.55,46610.1,47209.55,81124
1773086400,47211.55,47878.0,46982.55,47672.18,57676
1773100800,47625.48,47718.98,47485.61,47610.61,20201
1773115200,47611.61,47690.61,47459.11,47549.61,31740
1773129600,47548.61,47944.71,47547.61,47842.21,34189
1773144000,47842.71,47947.21,47494.71,47604.71,39991
1773158400,47603.71,48053.9,47430.9,48021.9,73585
1773172800,48021.4,48220.9,47651.9,47733.58,64761
1773187200,47705.08,47864.21,47650.18,47829.21,10945
1773201600,47829.71,47929.81,47814.21,47884.31,11666
1773216000,47883.81,47892.71,47564.81,47614.81,26296
1773230400,47614.31,47837.81,47466.81,47515.31,36951
1773244800,47514.81,47703.5,47173.5,47396.85,81322
1773259200,47394.85,47460.85,47217.3,47395.58,48617
1773273600,47267.68,47275.18,46894.81,46977.31,17326
1773288000,46978.31,47027.31,46803.31,46852.91,18573
1773302400,46852.41,47209.91,46850.81,47155.41,22315
1773316800,47156.91,47214.41,46969.91,47031.41,28624
1773331200,47030.41,47075.6,46680.1,46882.1,81081
1773345600,46878.1,47001.1,46657.97,46715.58,50324
1773360000,46689.18,46937.91,46672.18,46901.41,15043
1773374400,46901.91,46958.91,46800.91,46828.51,20133
1773388800,46830.01,46859.91,46420.01,46638.51,32823
1773403200,46640.51,47013.51,46638.51,46900.51,37845
1773417600,46899.51,47122.2,46597.7,46627.2,81476
1773432000,46626.7,46741.2,46492.2,46531.98,49178
1773619200,46535.28,46756.91,46426.78,46739.41,21838
1773633600,46740.41,46794.91,46686.41,46731.91,24725
1773648000,46732.41,46814.31,46642.31,46671.31,26071
1773662400,46672.31,46958.81,46575.31,46888.31,39778
1773676800,46889.31,47189.5,46814.8,46906.3,56966
1773691200,46907.3,47094.15,46838.35,46913.88,29369
1773705600,46891.08,46947.58,46820.21,46826.71,13366
1773720000,46827.21,46883.21,46801.21,46865.21,20441
1773734400,46865.71,46881.21,46678.31,46803.81,35187
1773748800,46804.31,47131.31,46804.31,47106.31,35219
1773763200,47106.81,47429.5,46991.05,47056.05,65556
1773777600,47055.55,47126.5,46976.5,47021.78,35414
1773792000,46987.28,47045.01,46940.61,47038.91,5824
1773806400,47039.91,47239.11,47039.41,47221.61,7558
1773820800,47222.11,47306.01,47214.61,47269.01,12310
1773835200,47268.01,47283.51,46736.01,46750.51,27842
1773849600,46751.01,46884.2,46504.75,46582.2,64417
1773864000,46581.2,46613.75,46042.98,46120.48,47844
1773878400,46134.38,46192.61,46072.98,46142.11,10431
1773892800,46142.61,46302.61,46114.11,46219.11,15727
1773907200,46219.61,46248.71,46033.21,46102.21,29141
1773921600,46105.21,46268.21,45871.21,45912.21,42099
1773936000,45915.21,46076.4,45740.4,45822.95,81131
1773950400,45823.95,46244.4,45719.95,46093.88,52522
1773964800,46090.68,46176.61,46074.18,46118.11,8669
1773979200,46118.61,46240.11,46104.11,46110.31,12114
1773993600,46109.81,46175.71,45963.71,46076.21,19611
1774008000,46077.21,46108.21,45706.71,45923.71,42118
1774022400,45924.71,46062.9,45670.9,45826.95,75071
1774036800,45825.95,45890.9,45363.0,45818.28,50452
1774224000,45404.58,45667.08,45396.25,45473.21,24089
1774238400,45473.71,45650.21,45409.71,45473.21,33457
1774252800,45473.71,45514.21,45158.81,45380.31,46423
1774267200,45383.81,46911.81,45176.81,46580.81,68717
1774281600,46582.81,46733.0,46110.5,46226.0,87698
1774296000,46226.5,46529.0,46136.0,46241.28,48411
1774310400,46177.18,46343.18,45966.31,46076.81,18485
1774324800,46077.31,46083.31,45930.31,45991.31,31170
1774339200,45990.31,46358.41,45881.31,46134.41,37403
1774353600,46135.91,46213.41,45935.91,45959.91,42522
1774368000,45960.91,46415.05,45757.6,46303.1,77637
1774382400,46302.6,46616.28,46092.6,46432.28,58554
1774396800,46458.68,46605.31,46381.68,46537.81,14882
1774411200,46538.31,46570.31,46384.81,46524.81,23410
1774425600,46525.81,46681.41,46406.41,46506.41,28416
1774440000,46509.41,46671.91,46376.91,46548.41,37668
1774454400,46549.91,46750.6,46193.9,46475.4,72714
1774468800,46476.9,46589.9,46363.9,46405.68,41256
1774483200,46403.08,46460.71,46305.21,46373.71,9444
1774497600,46374.21,46441.21,46243.71,46326.71,20441
1774512000,46328.21,46347.71,46134.31,46193.31,26972
1774526400,46193.81,46219.31,45986.31,46079.81,31229
1774540800,46081.31,46555.0,46017.75,46101.7,68434
1774555200,46102.7,46485.38,45896.98,46095.18,46741
1774569600,46073.58,46220.21,46045.58,46060.21,14200
1774584000,46059.71,46163.71,46041.71,46157.21,16869
1774598400,46157.71,46239.21,45931.81,45943.81,23975
1774612800,45944.81,45987.81,45729.31,45754.81,33801
1774627200,45757.31,45776.81,45409.95,45472.5,67437
1774641600,45471.5,45563.5,45015.88,45072.38,43163
1774828800,44867.68,45036.81,44813.18,44880.31,25960
1774843200,44879.31,45179.31,44859.81,45126.81,27170
1774857600,45126.31,45401.41,45125.81,45391.41,26978
1774872000,45392.91,45669.41,45294.91,45530.41,28998
1774886400,45533.41,45634.55,45285.6,45410.1,67323
1774900800,45409.1,45449.6,45061.55,45195.78,43614
1774915200,45269.58,45536.21,45047.71,45447.21,21054
1774929600,45448.21,45738.21,45356.21,45592.21,38928
1774944000,45589.21,45729.51,45501.51,45599.01,37378
1774958400,45600.01,45820.01,45478.51,45685.01,42015
1774972800,45687.51,46330.2,45478.7,46081.7,74122
1774987200,46081.2,46393.25,46054.2,46325.98,59102
1775001600,46294.38,46440.51,46274.38,46439.01,13186
1775016000,46440.51,46449.51,46342.01,46395.01,16555
1775030400,46395.51,46674.11,46390.51,46565.61,28479
1775044800,46567.11,46843.11,46459.11,46516.61,31450
1775059200,46514.61,46805.75,46466.11,46750.8,62141
1775073600,46752.8,46800.8,46517.3,46601.98,37531
1775088000,46584.58,46689.98,46521.11,46681.48,13095
1775102400,46679.98,46689.98,46053.61,46064.11,38243
1775116800,46066.11,46182.71,45968.21,46132.71,25942
1775131200,46134.71,46162.71,45842.71,45918.21,26656
1775145600,45921.71,46752.4,45879.4,46362.95,77396
1775160000,46362.45,46540.88,46305.95,46519.88,42813
1775174400,46488.88,46550.31,46485.28,46503.91,5389
1775188800,46500.41,46507.41,46419.31,46435.51,5712
1775203200,46437.01,46470.01,46353.91,46397.1,5354
1775217600,46396.6,46572.91,46357.41,46380.41,8321
1775232000,46380.91,46414.91,46363.91,46392.91,546
1775433600,46219.28,46353.81,46137.78,46345.31,15169
1775448000,46344.81,46519.81,46260.81,46405.81,18260
1775462400,46406.31,46582.41,46360.31,46560.91,17151
1775476800,46561.41,46597.41,46388.41,46479.41,17302
1775491200,46481.91,46699.6,46335.6,46617.55,56085
1775505600,46619.05,46818.78,46449.6,46766.28,31164
1775520000,46786.78,46804.28,46682.91,46693.91,11046
1775534400,46694.41,46717.41,46472.41,46571.41,22257
1775548800,46572.41,46775.01,46514.41,46743.01,29154
1775563200,46744.01,46812.51,46365.01,46531.51,39129
1775577600,46537.01,46605.2,46197.7,46443.5,74104
1775592000,46437.5,46711.28,46252.1,46654.78,55350
1775606400,46965.28,47601.41,46619.95,47514.91,26908
1775620800,47513.91,47678.91,47492.41,47642.51,14826
1775635200,47642.01,47751.41,47618.41,47710.91,25334
1775649600,47710.41,47922.91,47691.41,47820.41,26540
1775664000,47820.91,48040.1,47567.6,47810.6,63153
1775678400,47809.6,47924.18,47672.2,47861.38,39413
1775692800,47902.68,47914.68,47810.81,47867.31,10599
1775707200,47868.31,47883.31,47816.81,47834.31,12446
1775721600,47834.81,47877.81,47703.31,47716.31,18750
1775736000,47716.81,47787.81,47672.31,47754.81,20390
1775750400,47754.31,48243.45,47694.5,48239.95,57686
1775764800,48238.95,48326.0,48152.68,48183.68,34970
1775779200,48174.88,48184.88,48130.91,48173.91,6456
1775793600,48172.91,48197.41,48128.11,48133.61,7451
1775808000,48134.11,48169.21,48061.51,48068.61,10506
1775822400,48069.61,48285.8,48069.61,48191.01,15667
1775836800,48190.51,48227.2,47851.75,47903.2,47047
1775851200,47904.2,47964.9,47854.2,47956.68,24182
1776038400,47429.78,47518.91,47326.28,47517.91,11369
1776052800,47517.41,47606.41,47515.51,47587.91,9475
1776067200,47588.41,47726.51,47579.51,47681.01,14123
1776081600,47682.51,47777.51,47407.01,47484.01,17067
1776096000,47485.01,47982.7,47477.01,47926.15,53502
1776110400,47927.15,48228.88,47915.5,48218.38,22127
1776124800,48218.48,48247.31,48183.11,48223.21,3867
1776139200,48222.21,48244.31,48199.81,48207.81,4653
1776153600,48206.81,48311.21,48181.9,48306.9,11757
1776168000,48307.9,48323.81,48134.21,48259.21,15823
1776182400,48257.71,48558.4,48179.9,48458.9,43379
1776196800,48459.4,48596.9,48432.85,48561.48,24785
1776211200,48535.58,48584.31,48535.08,48558.91,4760
1776225600,48554.91,48576.41,48515.41,48537.91,4438
1776240000,48538.91,48586.21,48497.81,48531.5,9602
1776254400,48532.0,48617.31,48456.81,48596.5,15301
1776268800,48597.0,48701.5,48275.0,48324.05,41448
1776283200,48327.05,48499.28,48323.0,48480.78,20761
1776297600,48504.88,48574.91,48496.08,48561.91,3338
1776312000,48561.41,48570.91,48504.41,48515.41,4086
1776326400,48515.91,48542.0,48459.91,48485.0,8027
1776340800,48485.5,48601.5,48451.81,48586.05,8541
1776355200,48589.55,48672.0,48331.05,48481.35,45663
1776369600,48481.85,48624.38,48439.35,48617.88,24684
1776384000,48625.68,48679.71,48623.68,48653.21,3129
1776398400,48652.21,48669.01,48629.71,48656.71,3803
1776412800,48655.71,48744.8,48633.71,48741.8,7962
1776427200,48741.3,49147.61,48722.8,49141.61,14860
1776441600,49141.11,49723.3,49058.3,49700.3,53539
1776456000,49699.8,49711.3,49403.7,49441.98,30766
1776643200,48943.98,49060.48,48939.61,49005.71,11163
1776657600,49006.21,49108.81,49006.21,49098.31,7327
1776672000,49098.81,49172.71,49041.61,49166.21,17564
1776686400,49166.71,49265.21,49116.21,49240.71,14787
1776700800,49242.21,49482.4,49221.71,49374.6,50428
1776715200,49375.6,49529.78,49321.6,49487.78,20744
1776729600,49523.08,49541.08,49459.81,49518.21,4164
1776744000,49519.71,49553.41,49479.21,49522.41,5212
1776758400,49521.91,49572.31,49470.81,49544.0,10932
1776772800,49545.0,49785.81,49515.31,49679.81,16156
1776787200,49683.31,49847.0,49290.25,49291.25,58096
1776801600,49292.25,49422.3,49039.3,49300.98,49237
1776816000,49339.18,49398.81,49304.41,49364.51,5277
1776830400,49365.51,49407.01,49338.91,49340.01,6312
1776844800,49340.51,49460.31,49314.41,49378.6,14763
1776859200,49379.6,49543.91,49339.41,49425.41,16530
1776873600,49424.91,49623.15,49393.1,49403.1,49600
1776888000,49403.6,49499.1,49237.38,49293.88,25080
1776902400,49299.58,49326.78,48953.21,49281.21,10844
1776916800,49279.21,49281.21,49107.21,49178.31,16342
1776931200,49178.81,49278.31,49144.21,49191.81,14361
1776945600,49191.31,49365.31,49076.81,49235.31,20948
1776960000,49239.31,49527.0,49182.81,49406.8,45273
1776974400,49407.8,49418.8,48859.8,49225.58,50720
1776988800,49245.08,49324.21,49233.18,49273.71,6079
1777003200,49274.21,49279.21,49150.11,49210.31,13045
1777017600,49211.81,49279.31,49121.71,49135.31,14938
1777032000,49135.81,49428.21,49084.71,49218.71,24458
1777046400,49224.71,49343.9,49073.4,49173.45,53734
1777060800,49174.45,49251.95,49127.4,49236.68,21820
1777248000,49089.58,49148.71,49075.08,49135.51,6982
1777262400,49137.01,49224.01,49125.51,49163.71,10153
1777276800,49164.21,49177.85,49107.71,49173.3,13383
1777291200,49173.8,49202.35,49138.8,49156.11,10272
1777305600,49156.61,49362.8,49029.8,49163.8,41230
1777320000,49164.8,49227.8,49123.8,49181.18,14881
1777334400,49197.38,49280.51,49192.88,49220.61,6475
1777348800,49221.11,49270.11,49213.61,49241.71,8470
1777363200,49242.21,49293.11,49160.61,49269.71,15948
1777377600,49268.71,49390.61,49202.61,49342.61,24569
1777392000,49342.11,49386.8,49081.75,49193.3,51954
1777406400,49193.8,49220.3,49077.0,49187.68,21380
1777420800,49209.98,49268.31,49200.68,49253.31,2749
1777435200,49254.31,49261.21,49191.11,49230.81,7803
1777449600,49231.81,49254.4,49123.21,49155.21,13600
1777464000,49155.71,49198.21,49053.21,49133.21,18143
1777478400,49135.21,49170.71,48735.4,48836.9,48655
1777492800,48837.4,48980.38,48673.38,48699.08,40986
1777507200,48731.28,48806.78,48689.01,48732.41,7756
1777521600,48732.91,48768.51,48539.91,48541.91,15237
1777536000,48542.41,48700.51,48466.51,48677.51,21405
1777550400,48680.01,49268.51,48626.51,49173.51,24499
1777564800,49176.01,49625.15,49046.2,49546.2,49001
1777579200,49547.2,49764.05,49529.65,49744.78,24248
1777593600,49755.98,49798.48,49733.98,49776.31,5615
1777608000,49775.81,49802.81,49736.31,49755.31,4019
1777622400,49754.81,49769.31,49714.45,49744.9,5203
1777636800,49744.4,49946.21,49722.4,49826.95,8896
1777651200,49826.45,49990.9,49560.4,49592.4,46035
1777665600,49591.4,49698.4,49453.88,49463.38,20704
1777852800,49634.38,49635.88,49504.01,49546.61,7638
1777867200,49547.61,49551.51,49445.21,49474.21,9053
1777881600,49473.71,49523.51,49367.11,49410.61,13187
1777896000,49411.11,49439.8,49099.11,49354.61,28047
1777910400,49355.61,49435.3,48894.8,48946.85,59262
1777924800,48947.35,49103.3,48900.92,48942.08,26614
1777939200,48976.18,49010.81,48938.31,48973.51,4852
1777953600,48973.01,49029.51,48943.31,49014.51,6119
1777968000,49013.01,49143.91,48982.01,49080.1,13204
1777982400,49081.1,49184.41,49020.91,49135.15,13723
1777996800,49135.65,49313.25,49000.1,49190.8,40787
1778011200,49191.8,49361.5,49179.8,49272.28,16659
1778025600,49262.48,49444.11,49246.48,49397.21,9481
1778040000,49396.71,49461.71,49396.71,49399.71,8111
1778054400,49400.21,49670.21,49350.71,49607.21,15382
1778068800,49607.71,49951.71,49542.71,49723.71,32509
1778083200,49722.21,49982.4,49657.21,49797.8,52125
1778097600,49796.8,50014.15,49768.8,49890.38,22732
1778112000,49896.58,49951.91,49868.91,49948.91,5749
1778126400,49946.91,50001.41,49930.71,49995.91,6981
1778140800,49996.91,50102.31,49948.81,49958.41,15683
1778155200,49957.91,50059.81,49901.81,50027.81,13696
1778169600,50029.31,50122.5,49612.45,49625.45,50500
1778184000,49624.95,49722.38,49476.9,49569.68,40756
1778198400,49525.48,49657.61,49492.98,49621.21,7459
1778212800,49624.21,49672.11,49589.11,49639.11,10877
1778227200,49640.11,49704.21,49619.71,49693.85,15381
1778241600,49695.35,49857.41,49678.71,49754.41,14642
1778256000,49751.41,49848.1,49559.1,49559.1,46482
1778270400,49558.6,49661.05,49485.1,49631.28,22241
1778457600,49414.38,49504.88,49377.38,49430.01,8663
1778472000,49429.51,49519.51,49428.01,49486.71,9941
1778486400,49487.21,49610.61,49485.71,49575.3,10978
1778500800,49573.3,49611.3,49498.61,49528.11,12206
1778515200,49529.11,49716.8,49466.3,49586.8,51029
1778529600,49588.8,49773.8,49576.3,49708.58,24155
1778544000,49719.58,49745.78,49652.41,49663.41,3665
1778558400,49664.41,49718.21,49617.71,49671.31,11487
1778572800,49669.81,49709.81,49547.5,49649.95,16217
1778587200,49648.95,49736.5,49613.45,49724.91,16342
1778601600,49725.91,49734.5,49301.0,49636.6,57282
1778616000,49638.6,49829.6,49622.05,49763.38,30694
1778630400,49769.98,49798.68,49724.31,49751.31,7147
1778644800,49749.31,49793.31,49730.81,49779.81,7615
1778659200,49779.31,49804.81,49690.4,49710.9,9318
1778673600,49709.9,49716.9,49502.31,49529.81,15422
1778688000,49531.81,49679.4,49445.9,49599.8,51594
1778702400,49600.8,49815.38,49588.8,49806.88,24936
1778716800,49830.98,49839.71,49789.71,49822.81,4937
1778731200,49823.81,49835.31,49783.31,49817.81,6908
1778745600,49817.31,49943.81,49805.31,49924.9,13236
1778760000,49928.4,50152.41,49875.31,50151.41,14691
1778774400,50150.91,50202.95,49864.95,50009.4,51872
1778788800,50009.9,50107.9,49971.9,50065.18,28426
1778803200,50036.48,50047.31,49950.01,49958.61,5973
1778817600,49958.11,49964.11,49851.41,49930.11,16011
1778832000,49930.61,49932.11,49643.01,49746.71,25302
1778846400,49748.21,49886.51,49561.51,49604.61,29481
1778860800,49605.11,49746.7,49497.1,49630.6,59163
1778875200,49631.6,49708.6,49350.88,49408.38,35076
1779062400,49444.48,49483.98,49224.61,49270.61,19496
1779076800,49271.11,49285.11,49074.21,49124.21,24610
1779091200,49123.71,49271.9,49112.11,49271.9,25136
1779105600,49270.4,49623.21,49118.21,49575.71,26761
1779120000,49576.21,49767.9,49410.85,49526.9,66417
1779134400,49525.9,49701.5,49350.85,49684.38,43337
1779148800,49661.08,49731.28,49650.21,49661.71,10760
1779163200,49660.21,49695.31,49550.71,49591.71,19156
1779177600,49592.71,49752.41,49519.21,49673.0,22139
1779192000,49672.0,49672.0,49501.41,49606.45,22135
1779206400,49607.45,49619.0,49237.5,49557.9,64023
1779220800,49554.9,49617.0,49320.07,49360.18,33061
1779235200,49353.28,49470.41,49271.91,49336.91,13797
1779249600,49339.41,49398.91,49220.91,49285.01,27852
1779264000,49284.01,49459.65,49283.01,49427.7,21569
1779278400,49425.2,49628.51,49392.11,49549.61,17498
1779292800,49548.61,49936.4,49228.7,49879.9,66707
1779307200,49882.4,50074.0,49836.9,49954.48,36457
1779321600,49917.98,49927.98,49830.61,49874.71,10326
1779336000,49875.21,49977.81,49872.61,49973.31,10732
1779350400,49973.81,50115.21,49862.91,50031.4,21080
1779364800,50030.4,50195.31,49810.21,49833.21,29280
1779379200,49828.21,50069.9,49688.9,49911.4,63038
1779393600,49912.9,50384.5,49898.5,50314.38,47481
1779408000,50356.68,50433.81,50321.78,50423.31,5726
1779422400,50422.81,50493.51,50382.21,50482.51,8200
1779436800,50482.01,50514.41,50384.91,50435.6,13919
1779451200,50434.1,50728.91,50366.1,50722.91,17897
1779465600,50724.91,50786.41,50527.6,50697.6,51501
1779480000,50698.6,50838.6,50549.88,50555.38,29557
1779667200,50823.18,50893.91,50784.78,50852.41,7892
1779681600,50851.91,50981.51,50842.41,50960.01,7918
1779696000,50959.01,51030.41,50907.91,51008.6,9281
1779710400,51008.1,51105.91,50985.6,51043.2,6734
1779724800,51042.2,51128.2,50978.2,51053.2,11752
1779753600,51013.88,51024.38,50862.01,50884.11,7819
1779768000,50884.61,50912.71,50854.61,50889.21,9021
1779782400,50888.21,50942.85,50804.3,50820.35,11124
1779796800,50822.85,50889.8,50779.8,50807.8,11162
1779811200,50806.8,50812.8,50387.9,50388.4,46567
1779825600,50387.4,50508.4,50352.4,50451.68,21054
1779840000,50454.88,50548.51,50432.38,50535.51,6164
1779854400,50536.01,50538.61,50500.11,50532.11,5999
1779868800,50531.61,50687.7,50529.61,50670.7,9231
1779883200,50669.2,50729.2,50440.2,50546.2,14369
1779897600,50545.2,50827.7,50475.61,50648.7,53960
1779912000,50647.7,50721.2,50588.68,50690.48,24168
1779926400,50744.78,50747.28,50650.41,50716.41,8035
1779940800,50715.41,50726.01,50531.41,50563.01,18216
1779955200,50564.01,50672.2,50549.51,50615.2,13510
1779969600,50614.7,50637.65,50513.15,50587.65,14098
1779984000,50588.15,50787.7,50323.2,50704.8,47493
1779998400,50704.3,50728.38,50565.7,50678.88,18613
1780012800,50693.78,50699.88,50644.01,50658.61,4585
1780027200,50658.11,50729.61,50632.51,50718.61,7255
1780041600,50718.11,50755.3,50678.11,50723.8,8883
1780056000,50724.3,50840.3,50721.3,50809.75,10828
1780070400,50810.25,51082.95,50666.8,50987.5,48277
1780084800,50986.5,51092.3,50911.0,50993.48,25221
1780272000,50946.58,51101.71,50933.58,51058.31,5689
1780286400,51058.81,51102.41,51027.31,51071.41,4945
1780300800,51070.91,51162.95,51023.0,51153.0,7419
1780315200,51153.5,51321.5,51121.41,51162.5,10605
1780329600,51161.0,51176.91,50764.05,50900.3,50611
1780344000,50902.3,51117.1,50839.8,51069.78,22275
1780358400,50997.18,51003.18,50813.51,50822.51,7566
1780372800,50822.01,50886.71,50805.91,50885.71,8152
1780387200,50886.71,51023.8,50874.21,50955.8,9019
1780401600,50954.8,50954.8,50806.81,50822.8,9190
1780416000,50824.8,51285.85,50783.11,51232.3,45511
1780430400,51231.8,51373.8,51194.8,51348.68,18315
1780444800,51338.98,51354.48,51210.11,51315.31,8126
1780459200,51314.81,51328.81,51295.71,51304.31,4509
1780473600,51303.81,51316.81,51182.81,51196.9,10558
1780488000,51195.9,51223.4,51075.81,51117.9,12894
1780502400,51116.4,51200.9,50816.85,50871.9,48726
1780516800,50872.9,50911.4,50681.78,50691.78,26987
1780531200,50747.18,50779.68,50710.91,50747.41,10186
1780545600,50744.41,50772.41,50681.41,50740.01,13068
1780560000,50739.01,50932.41,50702.41,50835.1,16013
1780574400,50834.1,51251.61,50823.1,51210.1,20405
1780588800,51209.6,51655.6,51158.91,51607.1,47300
1780603200,51608.1,51657.7,51488.1,51559.48,24237
1780617600,51551.88,51592.08,51503.51,51541.01,7157
1780632000,51541.51,51566.11,51500.41,51548.61,12042
1780646400,51548.11,51630.7,51530.61,51615.7,15975
1780660800,51615.2,51736.11,51551.01,51613.51,18101
1780675200,51614.01,51675.01,51075.85,51189.35,60485
1780689600,51188.35,51203.4,50668.08,50726.58,54622
1780876800,50703.78,50860.41,50571.78,50819.91,16737
1780891200,50820.41,50837.41,50620.91,50715.01,23955
1780905600,50715.51,50820.61,50620.41,50721.11,27969
1780920000,50723.11,51072.01,50691.2,50987.21,26194
1780934400,50988.71,51276.2,50880.2,50890.2,63239
1780948800,50890.7,50939.2,50737.95,50768.18,42177
1780963200,50732.98,50792.21,50635.11,50665.61,15819
1780977600,50668.11,50882.71,50649.11,50861.81,25579
1780992000,50862.31,50928.31,50782.21,50884.4,24771
1781006400,50884.9,51022.31,50808.21,51020.21,18113
1781020800,51024.21,51264.9,50212.3,50368.3,87708
1781035200,50369.3,50914.75,50350.3,50821.98,65758
1781049600,50764.68,50814.31,50678.81,50786.31,14815
1781064000,50789.31,50852.81,50700.91,50704.41,22327
1781078400,50705.41,50810.6,50504.91,50537.41,24740
1781092800,50536.41,50680.91,50261.41,50609.91,41029
1781107200,50610.41,50772.1,50141.6,50258.55,84914
1781121600,50259.55,50328.05,49821.23,49836.23,60681
1781136000,49796.23,49923.36,49704.86,49889.36,25500
1781150400,49890.86,50129.86,49887.36,50104.36,33771
1781164800,50105.36,50292.56,49996.96,50285.66,26898
1781179200,50286.16,50353.15,50072.46,50212.46,26364
1781193600,50211.46,50397.2,50047.2,50179.7,83682
1781208000,50181.2,50964.65,50111.2,50826.33,63202
1781222400,50891.63,50944.13,50841.26,50864.26,18626
1781236800,50863.76,50899.26,50802.26,50883.96,28608
1781251200,50884.46,51175.26,50788.36,51102.46,38685
1781265600,51102.96,51312.76,51002.26,51005.26,36710
1781280000,51006.26,51412.05,50822.5,51189.0,71006
1781294400,51189.5,51295.5,51138.55,51209.23,42446
1781481600,51489.63,51577.36,51424.76,51565.36,23240
1781496000,51564.36,51683.36,51555.36,51679.96,21681
1781510400,51678.96,51733.6,51611.06,51655.06,26327
1781524800,51655.56,51753.06,51585.56,51753.06,25593
1781539200,51753.56,51946.4,51698.6,51905.4,49307
1781553600,51904.4,51945.9,51652.4,51724.13,29704
1781568000,51761.23,51764.23,51648.56,51695.46,7709
1781582400,51696.46,51744.56,51684.06,51701.06,12331
1781596800,51701.56,51808.2,51692.46,51734.75,14242
1781611200,51733.25,51850.66,51702.7,51831.75,13560
1781625600,51830.75,52204.6,51813.66,52175.1,53841
1781640000,52174.1,52192.1,51971.13,51999.13,28642
1781654400,52000.63,52086.96,51995.63,52071.66,6221
1781668800,52072.66,52113.16,52043.66,52060.16,5995
1781683200,52059.66,52080.35,51940.16,52003.8,11919
1781697600,52004.8,52038.35,51952.35,51998.35,15286
1781712000,51998.85,52277.35,51956.56,52201.8,50924
1781726400,52201.3,52201.8,51384.3,51585.03,63703
1781740800,51568.53,51835.96,51568.53,51767.06,12935
1781755200,51767.56,51822.56,51754.16,51754.16,15927
1781769600,51754.66,51844.66,51698.76,51713.76,20011
1781784000,51718.76,51826.3,51568.66,51772.06,24148
1781798400,51771.56,51940.3,51567.8,51623.3,69381
1781812800,51625.8,51782.5,51545.5,51617.23,35075
1781827200,51632.63,51634.23,51546.46,51554.96,8048
1781841600,51555.46,51565.96,51383.36,51401.36,9510
1781856000,51402.86,51588.6,51378.36,51560.1,8450
1781870400,51561.1,51587.1,51379.36,51530.86,11143
1781884800,51531.86,51558.1,51439.6,51461.6,13560
1782086400,51442.25,51511.66,51305.03,51504.16,15511
1782100800,51505.16,51556.26,51401.26,51412.26,16158
1782115200,51412.76,51593.76,51411.76,51557.95,17693
1782129600,51558.45,51715.86,51546.45,51635.5,18129
1782144000,51638.5,51897.95,51632.95,51761.7,64064
1782158400,51763.2,51790.33,51600.2,51767.33,30860
1782172800,51773.83,51857.06,51705.06,51848.56,8754
1782187200,51850.06,51859.06,51581.56,51588.46,23600
1782201600,51592.46,51626.46,51289.56,51378.26,30270
1782216000,51378.76,51563.56,51361.76,51488.76,24793
1782230400,51491.76,51865.3,51293.8,51828.3,65737
1782244800,51828.8,51879.3,51642.35,51690.53,39101
1782259200,51676.43,51731.56,51572.06,51662.56,17296
1782273600,51663.06,51692.16,51585.56,51651.56,25595
1782288000,51653.56,51661.16,51564.26,51617.9,21807
1782302400,51615.9,51779.76,51567.36,51649.86,21250
1782316800,51649.36,52277.9,51538.26,52070.9,66835
1782331200,52071.9,52093.95,51738.35,51940.03,60747
1782345600,51944.83,51944.83,51819.56,51831.06,12002
1782360000,51831.56,51887.66,51802.56,51813.56,15707
1782374400,51814.56,51949.76,51813.56,51888.8,15107
1782388800,51889.3,52044.96,51881.8,51986.56,19020
1782403200,51987.56,52674.2,51978.06,52041.25,81741
1782417600,52042.25,52143.2,51867.75,52054.93,55279
1782432000,52004.93,52108.06,51940.56,52013.06,16994
1782446400,52015.56,52040.06,51769.06,51805.16,30230
1782460800,51806.16,52036.86,51746.56,51898.16,25867
1782475200,51898.66,51974.16,51771.16,51827.26,28163
1782489600,51829.26,52134.6,51589.9,51967.1,79300
1782504000,51968.6,52066.55,51722.6,51788.23,55142
1782691200,51935.43,52057.06,51899.93,51973.06,16981
1782705600,51974.06,52006.66,51863.66,51966.16,21658
1782720000,51966.66,52073.16,51896.26,51971.95,18732
1782734400,51970.95,52098.66,51941.16,52068.45,16066
1782748800,52069.95,52306.6,51929.9,52106.7,66763
1782763200,52106.2,52271.2,52101.2,52173.03,26317
1782777600,52161.53,52171.86,52083.76,52134.36,9020
1782792000,52136.36,52223.86,52107.76,52195.86,10896
1782806400,52196.86,52256.55,52160.0,52212.0,14233
1782820800,52212.5,52330.5,52108.26,52162.46,17047
1782835200,52161.96,52379.5,52001.5,52361.5,51615
1782849600,52360.5,52381.5,52187.73,52190.73,23965
1782864000,52200.23,52249.06,52183.46,52227.06,6128
1782878400,52227.56,52236.56,52086.96,52132.46,14215
1782892800,52131.96,52194.7,52048.46,52182.2,16444
1782907200,52182.7,52217.05,52092.86,52159.86,16051
1782921600,52160.36,52736.6,52014.1,52498.1,54298
1782936000,52498.6,52529.05,52201.73,52214.73,29592
1782950400,52223.63,52258.46,52191.76,52241.86,9140
1782964800,52242.86,52375.46,52239.36,52325.06,10259
1782979200,52326.56,52360.2,52190.16,52326.7,16941
1782993600,52325.7,52586.46,52303.7,52509.46,18539
1783008000,52511.46,52798.5,52443.96,52616.45,78074
1783022400,52617.45,52875.95,52422.5,52816.13,45550
1783036800,52819.33,52941.96,52815.93,52925.06,8070
1783051200,52925.56,53063.06,52918.56,52977.66,8492
1783065600,52978.16,53007.75,52785.3,52789.8,8713
1783080000,52788.8,52829.9,52741.85,52784.4,6240
1783094400,52785.4,52914.9,52749.9,52825.9,12061
1783296000,52841.73,52966.86,52810.33,52945.46,9551
1783310400,52947.46,52948.96,52818.56,52854.06,13624
1783324800,52854.56,52982.66,52841.06,52913.7,11402
1783339200,52914.7,52914.7,52769.96,52806.15,11657
1783353600,52807.15,53054.15,52634.15,52881.65,49092
1783368000,52882.65,53088.93,52856.65,53069.43,23261
1783382400,53101.13,53117.86,53032.26,53071.86,6238
1783396800,53072.36,53149.26,53045.76,53057.26,6051
1783411200,53056.76,53198.45,53020.45,53139.5,8310
1783425600,53139.0,53299.36,53089.96,53269.36,9405
1783440000,53269.86,53333.26,52757.95,52889.35,55214
1783454400,52890.35,52965.8,52826.3,52871.03,28507
1783468800,52887.03,52903.36,52801.16,52902.86,10958
1783483200,52903.86,52914.76,52820.76,52862.36,13235
1783497600,52862.86,52871.86,52250.26,52258.26,28538
1783512000,52259.26,52523.76,52176.36,52404.26,33158
1783526400,52403.76,52499.95,52055.3,52299.25,71938
1783540800,52299.75,52403.25,52243.03,52275.53,34983
1783555200,52289.03,52378.76,52275.23,52375.76,7529
1783569600,52376.76,52441.36,52354.76,52434.36,12040
1783584000,52434.86,52477.95,52353.95,52386.95,15505
1783598400,52385.95,52402.86,52219.26,52365.9,18845
1783612800,52365.4,52582.95,52266.45,52518.95,51765
1783627200,52519.45,52562.65,52408.65,52460.93,20108
1783641600,52449.93,52482.26,52425.76,52446.16,4521
1783656000,52448.16,52481.76,52422.76,52427.76,5555
1783670400,52426.26,52589.86,52423.76,52517.95,10622
1783684800,52519.45,52673.26,52500.36,52607.4,12887
1783699200,52605.9,52659.9,52228.95,52623.45,49453
1783713600,52621.95,52706.95,52600.95,52700.23,15037
1783900800,52547.05,52579.46,52487.83,52515.06,8436
1783915200,52515.56,52515.56,52412.66,52423.16,11109
1783929600,52420.66,52685.25,52392.56,52683.75,16293
1783944000,52684.25,52719.25,52542.06,52616.4,13571
1783958400,52618.9,52847.9,52337.9,52444.85,55134
1783972800,52448.85,52533.85,52418.85,52456.13,32070
1783987200,52480.93,52496.93,52320.56,52394.66,15687
1784001600,52396.16,52437.76,52308.16,52431.26,22610
1784016000,52430.76,52492.66,52308.35,52332.86,23038
1784030400,52332.36,52643.16,52004.66,52377.16,34175
1784044800,52379.16,52723.46,52322.85,52423.35,65948
1784059200,52424.35,52573.35,52402.35,52525.13,24384
1784073600,52547.63,52624.76,52512.53,52579.36,5560
1784088000,52580.86,52618.36,52551.86,52603.86,5582
1784102400,52606.86,52641.96,52452.5,52636.95,11542
1784116800,52635.95,52695.26,52495.46,52644.86,13750
1784131200,52646.86,52840.45,52431.65,52544.65,59987
1784145600,52547.65,52702.65,52514.15,52663.03,25390
1784160000,52682.43,52721.56,52659.83,52681.16,5621
1784174400,52682.16,52728.16,52610.56,52710.66,9301
1784188800,52711.16,52752.56,52589.75,52659.25,16400
1784203200,52659.75,52813.06,52590.8,52656.46,21197
1784217600,52658.96,52857.5,52575.0,52708.45,59432
1784232000,52707.45,52726.95,52360.5,52495.73,38350
1784246400,52516.03,52519.73,52353.26,52370.76,8515
1784260800,52371.26,52378.26,52117.26,52144.76,16214
1784275200,52144.26,52321.76,52079.66,52176.86,25568
1784289600,52177.36,52331.76,52112.86,52126.36,23693
1784304000,52127.36,52599.65,51932.45,52348.65,69077
1784318400,52349.15,52385.15,52102.25,52159.03,39029
1784505600,52072.53,52186.46,52022.83,52152.06,12441
1784520000,52154.06,52185.06,52064.56,52162.16,18096
1784534400,52162.66,52265.8,52051.3,52241.8,19045
1784548800,52243.8,52402.56,52210.56,52228.16,20540
1784563200,52226.66,52416.25,51919.8,51979.75,55904
1784577600,51981.75,52022.25,51781.25,51868.53,35653
1784592000,51865.43,51907.76,51822.56,51892.76,9520
1784606400,51894.26,52029.26,51861.76,52022.76,10577
1784620800,52023.26,52096.26,51974.85,52045.9,14088
1784635200,52044.9,52111.26,51903.66,51990.9,16824
1784649600,51994.9,52371.65,51876.85,52348.65,45529
1784664000,52349.65,52357.65,52192.65,52197.53,17806
1784678400,52203.93,52224.53,52190.56,52207.66,6532
1784692800,52208.16,52228.66,52160.56,52183.66,9662
1784707200,52184.66,52220.3,52051.66,52192.16,19749
1784721600,52194.66,52262.56,52053.06,52125.06,20656
1784736000,52124.06,52505.8,52121.06,52395.85,44268
1784750400,52394.85,52398.85,52200.85,52289.63,20679
1784764800,52191.53,52292.76,52143.63,52284.36,7794
1784779200,52285.36,52306.66,52142.26,52169.26,13153
1784793600,52170.26,52209.76,51924.26,52085.9,22142
1784808000,52085.4,52123.76,51667.26,51685.26,26389
1784822400,51684.26,51875.45,51526.95,51747.8,70888
1784836800,51750.3,51767.3,51583.85,51702.63,36246
1784851200,51689.43,51772.16,51662.66,51755.66,10894
1784865600,51758.16,51783.66,51686.76,51721.26,16504
1784880000,51723.26,51945.36,51711.35,51915.5,21945
1784894400,51916.5,52004.45,51820.36,51830.36,20543
1784908800,51829.86,52123.45,51687.0,51994.45,60875
1784923200,51998.45,52031.45,51821.9,51892.63,35916
1785110400,52213.23,52297.86,52153.83,52186.46,11219
1785124800,52186.96,52293.06,52154.46,52281.56,14872
1785139200,52282.06,52445.65,52278.06,52442.7,16826
1785153600,52443.7,52565.2,52420.7,52562.2,16186
1785168000,52563.7,52607.15,52004.2,52064.7,68774
1785182400,52064.2,52244.03,51990.15,52218.53,34116
1785196800,52233.93,52256.03,52124.56,52155.16,11296
1785211200,52157.66,52240.66,52107.66,52177.66,21734
1785225600,52178.66,52356.76,52173.66,52306.35,24484
1785240000,52305.85,52723.66,52297.35,52706.26,25340
1785254400,52705.26,52897.35,52433.85,52892.85,63091
1785268800,52892.35,52918.4,52729.4,52738.13,32140
1785283200,52760.63,52843.36,52645.63,52821.36,13772
1785297600,52822.86,52827.86,52626.86,52679.86,18315
1785312000,52682.86,52836.16,52676.86,52803.25,18640
1785326400,52805.25,52805.25,52356.56,52395.76,21538
1785340800,52396.76,52396.76,51773.35,51928.9,66050
1785355200,51928.4,52251.85,51472.13,51569.33,70316
1785369600,51709.73,51805.23,51693.36,51726.96,18807
1785384000,51727.46,51774.96,51640.96,51650.46,25985
1785398400,51650.96,51780.36,51576.65,51735.96,36205
1785412800,51736.96,51895.36,51679.86,51815.76,32066
1785427200,51815.26,52113.95,51647.0,52083.95,71478
1785441600,52084.95,52329.43,52083.95,52290.23,33139
1785456000,52271.73,52405.86,52247.23,52383.36,8346
1785470400,52382.86,52487.96,52381.76,52483.46,11274
1785484800,52482.96,52551.46,52405.55,52518.05,16431
1785499200,52518.55,52596.5,52384.36,52407.36,21154
1785513600,52406.86,52507.86,51979.05,52432.05,71823
1785528000,52430.05,52628.65,52416.55,52487.83,30599
1785715200,52689.35,52721.23,52642.26,52707.46,9053
1785729600,52708.96,52806.46,52686.86,52787.96,5910
1785744000,52788.46,52857.55,52711.86,52857.55,11976
1785758400,52858.55,53184.96,52814.6,53169.46,15147
1785772800,53172.46,53243.55,52939.05,52966.05,45981
1785787200,52968.05,53265.05,52930.05,53242.83,21354
1785801600,53247.93,53320.16,53247.93,53298.16,4445
1785816000,53297.16,53348.26,53293.16,53316.76,6465
1785830400,53317.26,53330.85,53194.26,53216.8,11393
1785844800,53217.3,53886.66,53168.76,53805.85,24515
1785859200,53804.35,54174.85,53662.35,54153.85,51512
1785873600,54153.35,54277.35,54094.3,54221.53,32481
1785888000,54214.95,54258.56,54205.56,54258.56,4767
1785902400,54257.56,54361.06,54219.56,54320.56,5613
1785916800,54321.06,54359.56,54218.15,54253.15,11065
1785931200,54253.65,54408.2,54241.7,54337.15,12829
1785945600,54334.65,54743.7,54313.16,54541.65,61180
1785960000,54542.15,54595.65,54341.65,54420.93,28350
1785974400,54424.13,54468.46,54412.73,54456.96,5528
1785988800,54457.46,54491.46,54414.86,54481.96,8543
1786003200,54482.46,54533.55,54432.46,54532.55,12709
1786017600,54533.05,54544.0,54409.46,54461.5,14471
1786032000,54463.5,54521.55,53930.05,54016.05,53989
1786046400,54017.05,54022.05,53820.73,53825.23,26827
1786060800,53863.53,53900.63,53815.16,53839.96,6164
1786075200,53840.46,53854.46,53765.96,53791.96,9966
1786089600,53791.46,53883.55,53789.96,53870.05,11088
1786104000,53869.05,54086.86,53857.6,54045.86,15719
1786118400,54046.46,54083.6,53795.05,53944.55,53360
1786132800,53945.05,54072.55,53896.05,54000.33,23729
1786320000,53940.43,53946.43,53882.26,53938.86,6239
1786334400,53939.86,54018.86,53932.76,54014.86,6880
1786348800,54014.36,54053.9,53979.4,53990.95,10540
1786363200,53991.45,54033.95,53901.45,53948.45,12023
1786377600,53947.95,54050.45,53838.56,53925.45,43985
1786392000,53925.95,53963.9,53840.45,53944.23,18700
1786406400,53932.43,53936.03,53886.66,53917.66,3633
1786420800,53918.16,53980.16,53908.66,53961.16,3220
1786435200,53960.66,53975.16,53855.66,53896.8,9190
1786449600,53896.3,54044.25,53871.25,54017.75,13184
1786464000,54018.25,54230.3,53879.25,53891.25,40704
1786478400,53893.25,53897.25,53750.3,53795.53,18941
1786492800,53791.73,53808.83,53755.46,53768.86,4001
1786507200,53768.36,53801.96,53754.46,53798.46,4501
1786521600,53799.46,53817.05,53762.55,53777.05,7409
1786536000,53776.55,53979.97,53775.05,53942.0,15917
1786550400,53944.0,53984.86,53741.76,53816.05,44480
1786564800,53816.55,53858.55,53753.05,53771.83,17820
1786579200,53780.43,53807.76,53733.26,53750.26,3938
1786593600,53749.26,53772.26,53707.76,53763.76,4631
1786608000,53763.26,53890.45,53762.76,53884.45,7166
1786622400,53885.45,53961.95,53873.45,53961.45,8912
1786636800,53961.95,54051.4,53618.45,53725.95,46795
1786651200,53725.45,53857.23,53710.95,53854.23,19331
1786665600,53868.13,53880.56,53839.06,53876.06,2203
1786680000,53874.56,53914.06,53869.06,53882.06,2945
1786694400,53883.06,53885.06,53740.15,53778.15,5867
1786708800,53776.65,53802.65,53710.1,53781.65,7734
1786723200,53780.65,53871.1,53670.95,53677.95,38428
1786737600,53678.95,53812.45,53677.95,53708.73,15767
1786924800,53740.63,53762.83,53703.46,53717.96,2843
1786939200,53717.46,53721.46,53651.96,53682.46,3489
1786953600,53681.96,53721.55,53622.55,53654.55,6296
1786968000,53652.05,53740.36,53536.36,53555.55,10989
1786982400,53555.05,53650.55,53488.55,53506.55,38472
1786996800,53505.55,53546.55,53396.55,53443.13,20970
1787011200,53456.13,53483.76,53425.63,53454.86,3520
1787025600,53455.36,53496.36,53394.86,53406.86,7950
1787040000,53405.86,53465.95,53322.26,53433.45,14652
1787054400,53432.95,53525.26,53387.46,53444.45,14626
1787068800,53443.45,53480.0,53249.95,53370.95,47275
1787083200,53371.45,53418.45,53322.0,53333.73,17721
1787097600,53342.23,53351.83,53296.86,53314.46,6493
1787112000,53313.46,53323.96,53269.96,53289.96,9920
1787126400,53289.46,53401.1,53270.05,53334.1,14396
1787140800,53333.6,53673.86,53304.55,53614.86,18242
1787155200,53613.86,53713.6,53396.55,53424.55,57234
1787169600,53424.05,53524.75,53417.05,53472.63,30199
1787184000,53485.23,53512.93,53468.06,53481.56,4634
1787198400,53480.56,53500.06,53457.56,53492.06,6903
1787212800,53491.56,53521.15,53337.16,53362.16,13496
1787227200,53362.66,53417.65,53000.56,53040.06,22083
1787241600,53041.06,53219.65,52977.96,53062.65,55244
1787256000,53063.65,53063.65,52743.43,52788.03,23296
1787270400,52772.23,52816.46,52771.33,52781.56,4888
1787284800,52781.06,52803.56,52753.56,52800.56,7562
1787299200,52801.56,52972.15,52783.56,52954.15,10426
1787313600,52953.65,53152.75,52917.65,53112.75,14221
1787328000,53110.75,53247.25,52997.75,53187.55,43813
1787342400,53189.05,53343.55,53152.55,53251.33,19779
1787529600,53256.63,53326.96,53231.36,53275.76,6209
1787544000,53276.26,53331.36,53238.96,53241.46,10762
1787558400,53240.96,53322.05,53216.0,53302.55,12923
1787572800,53301.55,53314.55,53148.0,53232.0,15420
1787587200,53231.0,53505.5,53193.05,53393.55,44160
1787601600,53394.05,53459.55,53310.05,53439.33,20260
1787616000,53446.93,53461.43,53390.16,53419.16,3736
1787630400,53419.66,53455.16,53375.66,53403.16,6049
1787644800,53403.66,53581.56,53402.16,53565.3,12555
1787659200,53564.3,53730.75,53552.3,53657.25,14208
1787673600,53657.75,53704.75,53367.75,53529.25,39021
1787688000,53529.75,53607.25,53470.85,53576.63,14782
1787702400,53571.13,53580.33,53533.36,53559.46,5774
1787716800,53558.96,53630.46,53539.36,53565.46,9929
1787731200,53566.46,53655.05,53557.05,53639.05,15132
1787745600,53639.55,53708.06,53561.36,53565.86,19389
1787760000,53566.86,53644.05,53374.05,53415.05,44555
1787774400,53414.55,53650.23,53406.05,53639.23,23328
1787788800,53680.93,53757.63,53623.66,53628.66,6610
1787803200,53629.66,53667.26,53597.76,53606.76,7733
1787817600,53607.76,53611.76,53458.35,53460.35,13476
1787832000,53459.35,53488.85,53337.35,53338.3,16260
1787846400,53338.8,53708.85,53314.26,53678.35,43565
1787860800,53678.85,53684.35,53502.85,53547.13,22058
1787875200,53552.23,53600.56,53529.06,53599.06,3708
1787889600,53598.56,53686.56,53598.56,53635.06,6478
1787904000,53635.56,53715.6,53599.65,53658.65,12906
1787918400,53657.65,53689.65,53570.65,53670.15,14247
1787932800,53671.15,53817.65,53488.6,53539.15,65961
1787947200,53538.65,53578.15,53470.6,53552.83,34415
1788134400,53442.93,53514.63,53388.56,53468.26,8646
1788148800,53468.76,53468.76,53366.66,53422.06,13037
1788163200,53421.56,53519.65,53401.56,53498.15,11251
1788177600,53497.15,53525.15,53340.06,53367.15,12914
1788192000,53365.15,53454.66,53125.85,53225.35,43635
1788206400,53226.85,53279.35,53179.85,53229.63,20819
1788220800,53204.53,53274.56,53195.03,53235.56,4090
1788235200,53234.56,53250.06,53167.56,53171.06,7395
1788249600,53170.06,53239.56,52902.46,52912.06,20745
1788264000,52913.56,52964.66,52799.96,52850.2,22367
1788278400,52849.2,53165.2,52728.7,52750.2,50817
1788292800,52749.7,52795.65,52678.2,52768.93,30458
1788307200,52765.93,52802.86,52743.36,52743.36,5192
1788321600,52742.36,52796.36,52716.36,52758.46,8333
1788336000,52758.96,52863.96,52703.96,52726.86,16170
1788350400,52725.86,52960.86,52661.36,52853.1,19720
1788364800,52852.6,53222.55,52851.1,52984.55,45123
1788379200,52983.55,53110.33,52949.55,53082.83,21722
1788393600,53046.53,53095.76,53045.03,53072.86,3884
1788408000,53071.36,53123.36,53068.86,53103.86,7347
1788422400,53104.36,53235.26,53043.66,53152.95,19309
1788436800,53153.45,53398.26,53046.36,53383.26,21842
1788451200,53383.76,53757.95,53286.45,53670.95,52001
1788465600,53670.45,53725.95,53635.95,53652.73,19415
1788480000,53664.63,53707.86,53654.73,53702.86,2441
1788494400,53700.86,53705.36,53668.36,53690.86,3919
1788508800,53690.36,53702.86,53621.96,53662.95,9017
1788523200,53661.45,53683.45,53461.28,53524.26,16920
1788537600,53524.76,53606.95,53272.85,53417.95,44794
1788552000,53417.45,53429.95,53193.73,53236.23,19460
1788739200,53255.13,53298.76,53245.26,53256.36,3115
1788753600,53253.86,53275.66,53162.96,53178.96,5660
1788768000,53176.46,53236.65,53128.1,53226.65,14268
1788782400,53226.15,53240.15,53093.56,53139.6,11611
1788796800,53138.6,53174.1,53001.6,53073.46,11593
1788825600,53073.93,53148.56,53037.06,53065.66,5557
1788840000,53066.16,53114.76,53011.06,53084.26,7341
1788854400,53084.76,53088.66,52894.16,52950.66,23965
1788868800,52948.66,53104.16,52927.16,53075.66,19634
1788883200,53074.66,53087.66,52722.3,52829.8,48928
1788897600,52829.3,52914.85,52737.85,52752.53,26175
1788912000,52789.63,52804.96,52747.26,52780.86,4507
1788926400,52779.86,52793.46,52735.26,52789.46,7006
1788940800,52789.96,52826.86,52705.86,52722.0,14351
1788955200,52723.0,52738.05,52385.36,52526.86,24622
1788969600,52526.36,52575.86,52308.5,52446.55,51829
1788984000,52447.05,52523.05,52378.05,52435.33,20617
1788998400,52438.33,52517.06,52431.83,52484.56,3874
1789012800,52484.06,52579.16,52471.56,52569.66,8233
1789027200,52568.66,52642.25,52479.16,52494.75,13066
1789041600,52495.25,52554.06,52201.06,52263.56,25127
1789056000,52264.06,52316.56,52003.8,52115.8,57051
1789070400,52113.8,52160.25,51957.75,52072.03,29281
1789084800,52050.43,52208.16,52043.93,52200.66,6610
1789099200,52201.16,52230.56,52120.16,52205.16,13764
1789113600,52204.16,52365.16,52189.16,52353.36,20278
1789128000,52354.36,52608.16,52249.17,52602.16,23559
1789142400,52601.16,52708.85,52397.4,52648.9,56673
1789156800,52649.9,52673.35,52538.85,52548.13,20268
1789344000,52375.63,52506.76,52323.63,52495.86,12319
1789358400,52495.36,52598.86,52484.96,52501.86,11520
1789372800,52502.36,52548.86,52415.46,52478.36,23733
1789387200,52477.86,52490.05,52251.36,52377.86,31388
1789401600,52376.86,52645.05,52267.55,52579.05,55858
1789416000,52578.05,52590.05,52384.6,52432.33,28909
1789430400,52434.53,52445.23,52382.26,52413.76,7669
1789444800,52414.26,52428.26,52184.26,52184.26,16731
1789459200,52183.26,52288.66,51991.26,52065.26,33200
1789473600,52064.76,52380.26,52014.76,52331.26,31939
1789488000,52330.76,52359.26,51879.45,52058.5,48517
1789502400,52057.5,52131.73,51941.45,52131.23,27027
1789516800,52227.23,52227.23,52130.53,52157.56,4000
1789531200,52157.06,52241.56,52122.06,52175.06,8662
1789545600,52175.56,52228.06,52087.16,52146.75,16129
1789560000,52147.25,52273.16,52092.7,52210.56,18318
1789574400,52207.56,52212.56,51888.25,52053.05,41412
1789588800,52055.55,52176.18,51171.05,51470.23,52900
1789603200,51453.13,51824.66,51453.13,51788.66,10774
1789617600,51789.16,51837.26,51758.66,51795.86,14202
1789632000,51796.36,51924.46,51759.26,51849.0,19446
1789646400,51848.0,52150.76,51831.46,52117.36,24489
1789660800,52118.36,52145.76,51616.95,51812.15,51320
1789675200,51811.15,51861.15,51757.43,51759.43,20031
1789689600,51760.93,51795.26,51729.33,51780.96,4370
1789704000,51781.96,51883.96,51759.86,51881.96,7219
1789718400,51882.96,51957.55,51832.36,51881.05,16112
1789732800,51880.55,51898.96,51596.36,51649.96,22762
1789747200,51647.46,51767.55,51465.5,51574.5,46971
1789761600,51575.5,51749.7,51520.55,51732.73,22931
1789948800,51701.03,51819.13,51701.03,51783.76,7001
1789963200,51784.76,51876.76,51784.26,51864.86,5820
1789977600,51865.86,52060.45,51856.86,52013.4,11475
1789992000,52013.9,52159.26,51976.86,52089.45,11955
1790006400,52088.45,52125.36,51758.95,52012.95,40562
1790020800,52011.95,52133.15,51974.95,52041.83,19864
1790035200,52064.13,52077.46,51994.36,52002.36,4040
1790049600,52001.86,52050.46,51966.36,52049.46,5612
1790064000,52048.46,52156.86,51900.96,52114.86,17503
1790078400,52114.36,52320.36,52048.86,52279.86,26032
1790092800,52278.86,52437.36,51719.6,51853.55,51624
1790107200,51854.55,51973.05,51768.05,51858.83,23578
1790121600,51867.63,51894.86,51844.36,51851.36,4035
1790136000,51851.86,51969.36,51840.86,51958.96,6175
1790150400,51959.46,51963.96,51884.96,51910.05,14060
1790164800,51910.55,51921.96,51692.36,51717.86,19635
1790179200,51716.36,51829.65,51495.35,51542.3,53039
1790193600,51540.8,51647.3,51468.8,51497.93,30724
1790208000,51513.73,51534.93,51422.46,51446.36,4256
1790222400,51445.86,51458.86,51355.36,51432.46,11119
1790236800,51433.46,51459.46,51246.96,51272.46,27391
1790251200,51273.46,51413.96,51234.46,51374.46,32221
1790265600,51373.96,51494.85,51110.15,51384.8,59908
1790280000,51383.3,51444.85,51259.03,51307.53,42130
1790294400,51323.33,51324.33,51258.16,51282.66,7446
