time,open,high,low,close,volume
1631606400,1790.99,1794.82,1788.17,1788.89,20250
1631620800,1788.88,1799.03,1780.69,1797.17,20743
1631635200,1797.25,1808.66,1790.88,1803.65,32652
1631649600,1803.63,1806.72,1802.95,1804.69,11288
1631664000,1803.94,1804.65,1802.62,1802.85,4166
1631678400,1802.81,1804.65,1801.4,1803.36,12044
1631692800,1803.34,1804.32,1798.96,1800.54,17355
1631707200,1800.55,1806.86,1794.96,1796.57,18643
1631721600,1796.58,1800.04,1791.32,1793.13,29837
1631736000,1793.13,1794.32,1790.72,1793.73,9649
1631750400,1794.17,1795.64,1793.52,1794.93,5942
1631764800,1794.95,1796.17,1789.65,1791.03,13094
1631779200,1791.06,1792.16,1782.8,1784.7,20310
1631793600,1784.66,1784.68,1760.48,1762.66,27084
1631808000,1762.64,1762.91,1745.34,1754.83,33906
1631822400,1754.82,1757.13,1751.59,1752.72,12367
1631836800,1753.74,1756.41,1752.55,1756.41,5395
1631851200,1756.39,1760.5,1754.76,1760.39,14756
1631865600,1760.48,1766.17,1759.89,1765.91,18439
1631880000,1765.9,1767.49,1752.76,1753.12,20833
1631894400,1753.03,1756.99,1747.43,1751.51,32784
1631908800,1751.49,1754.24,1750.1,1753.92,11100
1632096000,1754.37,1755.14,1751.23,1752.53,5800
1632110400,1752.53,1752.98,1742.46,1748.59,16845
1632124800,1748.58,1757.56,1747.76,1757.52,18198
1632139200,1757.53,1761.24,1754.23,1760.05,22959
1632153600,1760.07,1767.01,1754.42,1761.57,35069
1632168000,1761.59,1765.51,1760.88,1764.82,13997
1632182400,1764.49,1765.56,1762.57,1763.4,5389
1632196800,1763.36,1766.1,1760.81,1761.28,13891
1632211200,1761.27,1765.54,1757.94,1764.39,21001
1632225600,1764.24,1774.98,1763.85,1771.87,22161
1632240000,1771.93,1781.74,1769.68,1776.7,33161
1632254400,1776.73,1778.27,1773.89,1773.89,12864
1632268800,1774.92,1775.52,1772.4,1772.73,4728
1632283200,1772.69,1779.22,1772.36,1775.91,17273
1632297600,1775.91,1780.33,1773.76,1775.64,18619
1632312000,1775.73,1776.88,1771.51,1772.84,16576
1632326400,1772.83,1779.36,1772.6,1778.12,28689
1632340800,1778.1,1787.21,1764.7,1767.99,29911
1632355200,1768.81,1769.44,1764.35,1765.81,5975
1632369600,1765.73,1765.73,1760.78,1764.51,15129
1632384000,1764.46,1769.68,1760.3,1768.79,18933
1632398400,1768.8,1776.54,1762.79,1763.75,27598
1632412800,1763.79,1764.44,1745.82,1749.92,35527
1632427200,1749.93,1753.28,1737.86,1742.48,13492
1632441600,1744.75,1748.8,1743.85,1748.33,5420
1632456000,1748.4,1752.86,1746.65,1751.35,14636
1632470400,1751.38,1756.84,1750.3,1755.34,19924
1632484800,1755.35,1757.69,1744.68,1745.29,19998
1632499200,1745.4,1753.94,1740.46,1751.07,30833
1632513600,1751.12,1751.79,1746.01,1749.72,9738
1632700800,1749.87,1754.51,1748.16,1754.04,5651
1632715200,1754.04,1760.83,1753.14,1758.99,16515
1632729600,1759.0,1760.73,1750.04,1750.79,20557
1632744000,1750.8,1755.06,1744.87,1753.85,20910
1632758400,1753.82,1757.9,1748.68,1752.25,25240
1632772800,1752.24,1752.78,1749.88,1750.15,9348
1632787200,1750.72,1751.67,1749.44,1749.61,3822
1632801600,1749.59,1754.44,1747.16,1751.25,13727
1632816000,1751.24,1751.84,1735.89,1742.91,25699
1632830400,1742.93,1743.8,1728.14,1730.34,27549
1632844800,1730.33,1741.29,1729.07,1737.86,38546
1632859200,1737.89,1738.3,1732.85,1733.53,14155
1632873600,1734.25,1735.83,1733.3,1734.1,4826
1632888000,1734.1,1741.34,1734.0,1738.21,15002
1632902400,1738.22,1743.07,1736.76,1742.97,25525
1632916800,1742.97,1745.52,1736.99,1738.35,20096
1632931200,1738.42,1740.41,1724.55,1724.64,33941
1632945600,1724.64,1726.63,1721.66,1726.46,13839
1632960000,1726.68,1730.6,1726.67,1730.1,4153
1632974400,1730.57,1734.91,1728.84,1732.74,11661
1632988800,1732.74,1734.04,1726.29,1732.62,18259
1633003200,1732.62,1737.87,1722.23,1737.15,16708
1633017600,1737.22,1764.21,1735.09,1758.25,29764
1633032000,1758.18,1758.77,1754.59,1757.16,9910
1633046400,1755.77,1756.28,1751.22,1751.45,4180
1633060800,1751.51,1756.92,1750.59,1753.62,9987
1633075200,1753.62,1757.28,1750.94,1752.95,16832
1633089600,1752.95,1759.85,1749.75,1756.61,19313
1633104000,1756.63,1764.3,1752.71,1759.41,26721
1633118400,1759.41,1760.35,1757.27,1760.15,7772
1633305600,1760.86,1765.7,1760.86,1764.06,5094
1633320000,1764.19,1765.35,1757.82,1760.62,8041
1633334400,1760.62,1762.69,1748.83,1751.5,15417
1633348800,1751.49,1758.33,1747.74,1755.12,16489
1633363200,1755.13,1770.57,1748.48,1769.01,27074
1633377600,1768.94,1769.35,1763.64,1769.35,10724
1633392000,1768.56,1769.41,1765.74,1765.9,3748
1633406400,1765.9,1766.7,1757.69,1759.09,11504
1633420800,1759.16,1760.97,1755.27,1755.78,16239
1633435200,1755.76,1761.43,1753.62,1756.53,16104
1633449600,1756.53,1761.26,1748.61,1759.89,25645
1633464000,1759.93,1763.06,1759.03,1759.87,9489
1633478400,1760.06,1760.19,1757.23,1757.61,4088
1633492800,1757.61,1758.47,1751.46,1752.65,11679
1633507200,1752.55,1754.75,1745.86,1747.05,19681
1633521600,1747.09,1761.17,1746.83,1759.19,22839
1633536000,1759.23,1764.35,1754.94,1762.44,25277
1633550400,1762.46,1765.09,1760.39,1762.87,10871
1633564800,1763.03,1764.22,1761.88,1762.75,3924
1633579200,1762.71,1763.05,1757.73,1759.04,6010
1633593600,1758.97,1766.95,1756.03,1760.81,12723
1633608000,1760.75,1764.69,1754.1,1755.17,14221
1633622400,1755.1,1763.19,1751.97,1758.11,20563
1633636800,1758.05,1759.01,1754.31,1754.91,7431
1633651200,1756.0,1756.31,1753.35,1755.9,2732
1633665600,1755.9,1760.57,1755.53,1756.65,8584
1633680000,1756.62,1760.31,1754.39,1755.84,10734
1633694400,1755.85,1776.82,1755.76,1775.82,14837
1633708800,1775.93,1781.31,1755.48,1758.51,26186
1633723200,1758.54,1760.22,1755.94,1757.1,7436
1633910400,1757.04,1757.89,1750.95,1756.8,6054
1633924800,1756.8,1761.01,1754.97,1756.79,11438
1633939200,1756.78,1757.79,1752.87,1753.14,14597
1633953600,1753.15,1757.95,1750.13,1750.89,14432
1633968000,1750.84,1760.16,1750.2,1756.47,17733
1633982400,1756.47,1756.79,1753.28,1754.11,7608
1633996800,1753.88,1754.58,1751.24,1751.97,3869
1634011200,1751.95,1758.98,1750.74,1757.7,10711
1634025600,1757.72,1762.64,1756.46,1757.66,16211
1634040000,1757.67,1764.9,1753.98,1757.61,17174
1634054400,1757.64,1769.33,1756.87,1760.78,26401
1634068800,1760.69,1761.93,1757.96,1760.19,8037
1634083200,1760.78,1761.65,1759.79,1761.43,3111
1634097600,1761.43,1763.29,1759.52,1761.62,10487
1634112000,1761.61,1768.98,1760.8,1766.81,14244
1634126400,1766.82,1777.45,1758.18,1761.64,18440
1634140800,1761.64,1796.14,1757.9,1792.58,30189
1634155200,1792.52,1795.13,1790.67,1792.98,11362
1634169600,1793.04,1793.73,1791.21,1792.85,3313
1634184000,1792.84,1793.86,1786.7,1790.83,9043
1634198400,1791.04,1797.54,1789.88,1796.09,14694
1634212800,1796.13,1800.57,1793.82,1799.03,17192
1634227200,1799.12,1799.56,1793.97,1796.8,20562
1634241600,1796.69,1799.15,1795.72,1795.83,6165
1634256000,1796.11,1796.36,1794.22,1794.65,3095
1634270400,1794.65,1796.47,1793.77,1794.21,9672
1634284800,1794.36,1794.47,1785.5,1786.06,15415
1634299200,1786.06,1787.45,1764.85,1767.35,21116
1634313600,1767.52,1776.41,1765.95,1767.8,26489
1634328000,1767.85,1769.1,1766.73,1767.82,7950
1634515200,1767.22,1772.05,1764.94,1771.36,5512
1634529600,1771.3,1772.09,1766.61,1768.24,8883
1634544000,1768.22,1769.44,1761.23,1762.73,15717
1634558400,1762.74,1768.45,1760.31,1765.17,17195
1634572800,1765.14,1771.22,1762.79,1766.77,19961
1634587200,1766.75,1767.86,1763.94,1764.46,6111
1634601600,1764.99,1767.45,1762.96,1767.45,3219
1634616000,1767.47,1775.8,1767.02,1774.57,9448
1634630400,1774.59,1782.94,1773.75,1781.44,15662
1634644800,1781.41,1784.54,1775.91,1781.59,17475
1634659200,1781.63,1785.14,1767.15,1769.52,27185
1634673600,1769.53,1771.13,1768.12,1768.59,8135
1634688000,1769.39,1769.87,1766.87,1769.14,3683
1634702400,1768.82,1774.63,1767.78,1774.2,10308
1634716800,1774.2,1779.34,1773.47,1779.08,17315
1634731200,1779.08,1788.42,1777.78,1786.65,15940
1634745600,1786.57,1787.45,1774.86,1786.75,23062
1634760000,1786.76,1787.58,1780.82,1781.74,9811
1634774400,1782.5,1784.71,1781.24,1783.92,3981
1634788800,1783.92,1789.4,1782.25,1784.67,14494
1634803200,1784.7,1787.61,1780.86,1786.02,19336
1634817600,1786.02,1787.93,1776.51,1782.78,18987
1634832000,1782.83,1785.9,1778.4,1780.47,24020
1634846400,1780.47,1784.87,1778.55,1782.46,9754
1634860800,1783.37,1786.32,1782.95,1785.2,4040
1634875200,1785.2,1788.11,1784.49,1786.38,12623
1634889600,1786.42,1794.71,1786.12,1791.08,17222
1634904000,1791.08,1806.88,1790.51,1805.79,16855
1634918400,1805.78,1813.83,1782.9,1797.38,32081
1634932800,1797.38,1798.56,1791.27,1792.68,10280
1635120000,1793.05,1797.75,1792.51,1797.1,4761
1635134400,1797.13,1801.16,1792.29,1800.55,13019
1635148800,1800.44,1803.6,1796.07,1803.16,16735
1635163200,1803.21,1804.72,1798.53,1803.17,14737
1635177600,1803.16,1810.01,1801.65,1806.97,20886
1635192000,1806.96,1808.4,1805.15,1806.91,6905
1635206400,1807.43,1808.31,1805.35,1805.39,2582
1635220800,1805.4,1806.88,1801.82,1803.48,8164
1635235200,1803.53,1806.57,1799.96,1802.28,12951
1635249600,1802.28,1804.62,1794.23,1799.37,12638
1635264000,1799.47,1800.91,1782.37,1792.03,22043
1635278400,1792.04,1795.09,1790.5,1793.37,6091
1635292800,1793.09,1794.38,1791.81,1791.92,3639
1635307200,1791.92,1793.17,1787.18,1789.2,11667
1635321600,1789.19,1791.66,1783.5,1786.54,17082
1635336000,1786.54,1796.12,1783.8,1794.12,18901
1635350400,1794.03,1798.21,1784.81,1794.7,30093
1635364800,1794.69,1799.06,1793.93,1796.45,10158
1635379200,1796.81,1798.05,1794.3,1794.74,3981
1635393600,1794.69,1803.22,1794.13,1800.92,10583
1635408000,1800.93,1804.14,1799.79,1800.82,14980
1635422400,1800.81,1806.75,1795.76,1799.08,18122
1635436800,1799.12,1810.42,1792.33,1800.87,29843
1635451200,1800.89,1802.23,1797.67,1798.9,9116
1635465600,1799.49,1801.17,1797.58,1798.03,6038
1635480000,1798.03,1799.69,1793.63,1794.37,12380
1635494400,1794.35,1798.17,1790.9,1792.76,19837
1635508800,1792.68,1799.14,1775.97,1780.39,21378
1635523200,1780.29,1783.28,1771.96,1778.08,32977
1635537600,1778.09,1783.69,1778.01,1782.6,12021
1635724800,1783.36,1783.36,1779.14,1781.61,3756
1635739200,1781.65,1787.35,1780.26,1783.75,10169
1635753600,1783.76,1787.77,1780.99,1784.23,15325
1635768000,1784.21,1790.78,1782.59,1789.28,17852
1635782400,1789.28,1795.81,1785.68,1792.02,27922
1635796800,1792.02,1795.01,1791.1,1793.27,10330
1635811200,1792.82,1793.19,1790.73,1791.38,2896
1635825600,1791.38,1794.43,1789.25,1794.05,11890
1635840000,1794.05,1796.42,1790.84,1794.78,17405
1635854400,1794.8,1795.58,1788.24,1791.17,22193
1635868800,1791.13,1793.5,1786.45,1788.4,30427
1635883200,1788.4,1789.44,1786.38,1787.55,7902
1635897600,1787.73,1788.24,1782.55,1786.99,2449
1635912000,1786.81,1786.81,1779.28,1781.04,10020
1635926400,1781.04,1783.9,1778.24,1781.72,14328
1635940800,1781.73,1785.67,1774.44,1775.81,19031
1635955200,1775.8,1777.29,1758.82,1762.08,33477
1635969600,1762.09,1775.07,1761.28,1772.08,26303
1635984000,1771.48,1778.2,1771.33,1775.78,3963
1635998400,1775.78,1778.27,1773.45,1774.68,8659
1636012800,1774.75,1777.55,1770.81,1776.45,13018
1636027200,1776.46,1792.96,1775.23,1792.64,19910
1636041600,1792.65,1798.91,1790.84,1792.4,27819
1636056000,1792.41,1794.13,1791.09,1791.95,8386
1636070400,1791.2,1793.43,1790.11,1791.36,3918
1636084800,1791.36,1796.13,1791.36,1795.63,12543
1636099200,1795.66,1800.13,1794.12,1796.35,16590
1636113600,1796.39,1797.26,1785.03,1790.99,21956
1636128000,1790.99,1815.49,1790.65,1814.07,40491
1636142400,1814.0,1818.27,1812.41,1818.18,13571
1636329600,1815.65,1821.06,1812.92,1816.65,9539
1636344000,1816.66,1821.27,1816.66,1821.06,10804
1636358400,1821.04,1821.45,1812.4,1816.0,16639
1636372800,1815.99,1824.26,1814.99,1821.74,16860
1636387200,1821.81,1826.1,1819.13,1823.46,23049
1636401600,1823.46,1826.48,1822.89,1824.6,8204
1636416000,1824.29,1827.17,1823.42,1824.86,6421
1636430400,1824.88,1826.6,1821.89,1824.7,12401
1636444800,1824.69,1827.17,1819.16,1825.43,17296
1636459200,1825.42,1830.19,1822.81,1829.91,21524
1636473600,1829.92,1831.31,1820.34,1830.87,29513
1636488000,1830.87,1832.74,1826.98,1831.79,9736
1636502400,1831.73,1832.46,1827.37,1827.71,5769
1636516800,1827.72,1830.26,1824.32,1825.77,8989
1636531200,1825.67,1827.19,1823.0,1825.18,12426
1636545600,1825.2,1851.71,1822.3,1849.73,17632
1636560000,1849.69,1868.52,1848.24,1849.69,28931
1636574400,1849.7,1852.79,1841.49,1849.91,15765
1636588800,1849.01,1852.53,1845.18,1845.52,7198
1636603200,1845.44,1855.44,1842.91,1853.84,13096
1636617600,1853.84,1864.31,1851.83,1862.01,15464
1636632000,1862.03,1865.96,1854.96,1863.45,17526
1636646400,1863.38,1864.41,1858.93,1862.31,17215
1636660800,1862.28,1863.37,1860.45,1862.06,5792
1636675200,1861.82,1862.58,1857.78,1859.2,7050
1636689600,1859.22,1860.34,1855.11,1859.9,10742
1636704000,1859.9,1860.13,1849.46,1853.09,14762
1636718400,1853.08,1858.64,1845.23,1854.43,17871
1636732800,1854.43,1865.97,1853.84,1864.78,21396
1636747200,1864.78,1868.65,1862.61,1864.43,10248
1636934400,1866.82,1867.85,1857.26,1860.54,8912
1636948800,1860.52,1862.32,1856.51,1858.93,11198
1636963200,1858.91,1863.52,1856.34,1862.37,12901
1636977600,1862.4,1870.45,1860.61,1864.28,15094
1636992000,1864.3,1865.22,1858.24,1863.4,19163
1637006400,1863.34,1867.88,1862.08,1862.83,7181
1637020800,1863.13,1865.99,1861.86,1865.96,5789
1637035200,1865.96,1868.89,1863.96,1866.62,11232
1637049600,1866.75,1874.88,1862.29,1873.27,15629
1637064000,1873.16,1877.18,1865.47,1867.04,18434
1637078400,1867.09,1869.05,1851.74,1852.17,25432
1637092800,1852.13,1854.48,1849.69,1850.14,10489
1637107200,1850.21,1855.99,1849.55,1855.68,8608
1637121600,1855.71,1856.1,1851.97,1852.39,13691
1637136000,1852.38,1861.39,1852.36,1859.37,13897
1637150400,1859.42,1865.67,1857.92,1862.12,16461
1637164800,1862.18,1867.89,1860.29,1865.44,19100
1637179200,1865.37,1868.05,1862.8,1867.23,8913
1637193600,1866.22,1870.94,1866.22,1868.19,4939
1637208000,1868.19,1869.95,1864.19,1866.55,11396
1637222400,1866.55,1869.76,1862.6,1864.32,15470
1637236800,1864.22,1866.96,1855.09,1864.37,19384
1637251200,1864.31,1865.55,1857.66,1860.91,20192
1637265600,1860.8,1861.05,1856.77,1858.7,7859
1637280000,1859.22,1862.13,1858.02,1861.47,5034
1637294400,1861.56,1863.72,1860.49,1861.01,5446
1637308800,1860.99,1864.16,1851.54,1864.06,12944
1637323200,1864.25,1864.82,1857.81,1860.13,14482
1637337600,1860.14,1865.7,1842.95,1847.04,20303
1637352000,1847.01,1850.54,1844.45,1845.51,9679
1637539200,1842.06,1848.49,1841.49,1845.8,7069
1637553600,1845.81,1849.08,1844.52,1846.76,7966
1637568000,1846.76,1847.06,1840.18,1845.1,13953
1637582400,1845.07,1845.69,1835.01,1837.94,15732
1637596800,1837.96,1838.51,1806.78,1808.46,26556
1637611200,1808.39,1808.46,1802.3,1805.56,13038
1637625600,1808.1,1812.39,1807.53,1811.34,6475
1637640000,1811.37,1811.39,1806.57,1808.15,8752
1637654400,1808.15,1809.88,1792.72,1797.75,22170
1637668800,1797.73,1799.18,1784.25,1786.07,21728
1637683200,1786.23,1793.2,1781.98,1784.33,24294
1637697600,1784.33,1791.88,1782.07,1790.24,12340
1637712000,1789.1,1796.11,1788.54,1795.04,6269
1637726400,1794.99,1795.86,1792.67,1795.61,9435
1637740800,1795.62,1796.41,1790.37,1792.02,15227
1637755200,1792.12,1792.81,1781.86,1784.65,18477
1637769600,1784.83,1791.36,1778.54,1785.42,25720
1637784000,1785.42,1789.49,1782.52,1789.47,9419
1637798400,1787.96,1793.31,1786.02,1791.89,6092
1637812800,1791.95,1794.28,1791.43,1792.89,7494
1637827200,1792.9,1795.07,1791.96,1793.02,9709
1637841600,1793.02,1793.03,1789.38,1791.2,10764
1637856000,1791.21,1792.16,1787.9,1788.75,10370
1637884800,1790.45,1794.33,1790.03,1792.45,8032
1637899200,1792.46,1799.09,1791.83,1797.45,15339
1637913600,1797.45,1809.83,1797.39,1809.79,24422
1637928000,1809.73,1815.51,1798.95,1805.61,22590
1637942400,1805.61,1808.06,1780.57,1785.85,28452
1637956800,1785.97,1788.85,1783.99,1788.1,1237
1638144000,1788.92,1795.99,1774.22,1795.29,9310
1638158400,1795.27,1796.67,1791.23,1795.88,12742
1638172800,1795.85,1799.41,1792.03,1799.29,17733
1638187200,1799.27,1799.38,1786.83,1786.86,19175
1638201600,1786.94,1789.99,1782.47,1784.16,23650
1638216000,1784.16,1785.74,1781.27,1785.27,10484
1638230400,1785.18,1789.04,1783.06,1788.49,6550
1638244800,1788.53,1795.87,1787.74,1795.86,11417
1638259200,1795.85,1798.51,1790.02,1797.05,24507
1638273600,1797.13,1797.9,1789.14,1795.74,18992
1638288000,1795.59,1808.68,1769.87,1774.36,34027
1638302400,1774.34,1777.68,1770.88,1774.08,15642
1638316800,1775.78,1778.48,1772.2,1775.31,8125
1638331200,1775.28,1794.53,1775.1,1790.58,10110
1638345600,1790.61,1792.08,1776.64,1782.94,20664
1638360000,1782.94,1790.5,1781.94,1788.09,17807
1638374400,1788.16,1792.11,1781.36,1784.13,27766
1638388800,1784.08,1784.17,1777.38,1782.82,20545
1638403200,1781.47,1783.31,1779.59,1780.16,7734
1638417600,1780.16,1781.94,1775.2,1776.11,11288
1638432000,1776.03,1778.89,1767.52,1773.23,17554
1638446400,1773.25,1781.25,1772.62,1774.47,18148
1638460800,1774.55,1779.05,1762.44,1763.4,31320
1638475200,1763.38,1769.26,1761.93,1768.81,12324
1638489600,1769.74,1771.93,1767.55,1770.58,5832
1638504000,1770.53,1776.5,1769.91,1776.03,10351
1638518400,1776.03,1776.06,1766.14,1768.99,14668
1638532800,1769.01,1778.55,1766.44,1770.08,17782
1638547200,1770.07,1782.38,1766.28,1780.53,31325
1638561600,1780.53,1786.09,1779.48,1783.89,13127
1638748800,1782.14,1786.57,1780.71,1786.17,5820
1638763200,1786.19,1787.66,1781.15,1783.34,7669
1638777600,1783.35,1786.13,1777.76,1779.76,13079
1638792000,1779.82,1782.92,1776.56,1778.86,11918
1638806400,1778.94,1785.01,1775.72,1780.83,17805
1638820800,1780.85,1781.25,1777.79,1778.28,8418
1638835200,1779.1,1781.99,1778.48,1779.04,4448
1638849600,1779.07,1781.36,1776.89,1781.01,8714
1638864000,1780.98,1784.62,1777.42,1781.2,14676
1638878400,1781.17,1784.71,1772.2,1775.29,16097
1638892800,1775.3,1787.79,1773.7,1783.12,20515
1638907200,1783.12,1786.4,1782.23,1784.28,9110
1638921600,1784.74,1787.4,1783.63,1786.75,5083
1638936000,1786.75,1790.84,1786.75,1790.76,9950
1638950400,1790.73,1791.6,1785.81,1789.65,11936
1638964800,1789.62,1793.08,1781.63,1783.3,20308
1638979200,1783.34,1785.09,1779.64,1784.39,21394
1638993600,1784.42,1786.85,1782.36,1782.37,9211
1639008000,1783.03,1785.48,1782.53,1784.44,3972
1639022400,1784.42,1787.11,1782.19,1785.67,6170
1639036800,1785.68,1787.6,1781.95,1782.89,8615
1639051200,1782.9,1784.12,1773.8,1777.67,12470
1639065600,1777.62,1783.1,1773.95,1777.04,14699
1639080000,1777.08,1778.31,1773.28,1774.8,7180
1639094400,1775.89,1779.13,1775.62,1778.32,3579
1639108800,1778.3,1779.67,1777.01,1777.09,7333
1639123200,1777.06,1777.53,1770.13,1770.83,14349
1639137600,1770.82,1785.3,1770.37,1784.21,14280
1639152000,1784.35,1789.45,1778.77,1783.45,21344
1639166400,1783.47,1785.04,1781.39,1782.76,7068
1639353600,1782.76,1786.91,1782.45,1786.78,4996
1639368000,1786.76,1788.26,1784.48,1784.94,6688
1639382400,1785.0,1787.9,1783.34,1785.44,12032
1639396800,1785.43,1791.63,1782.09,1783.2,13477
1639411200,1783.13,1790.14,1781.84,1788.3,14842
1639425600,1788.32,1788.78,1786.31,1787.15,5655
1639440000,1785.96,1788.87,1785.03,1788.42,4885
1639454400,1788.33,1789.55,1785.35,1787.29,8323
1639468800,1787.29,1788.44,1782.06,1783.76,10277
1639483200,1783.76,1785.69,1771.59,1772.21,13541
1639497600,1772.15,1778.25,1766.52,1772.56,21084
1639512000,1772.53,1773.18,1770.31,1770.49,8499
1639526400,1771.35,1773.88,1771.15,1772.73,3921
1639540800,1772.7,1773.06,1768.21,1769.31,8294
1639555200,1769.29,1771.37,1766.82,1769.53,11489
1639569600,1769.53,1773.65,1767.72,1771.98,11764
1639584000,1771.98,1772.49,1764.31,1765.65,17721
1639598400,1765.68,1780.82,1752.92,1777.27,20870
1639612800,1778.54,1782.7,1775.52,1782.66,7339
1639627200,1782.67,1784.19,1780.95,1783.61,9332
1639641600,1783.6,1787.07,1783.5,1785.55,12163
1639656000,1785.54,1790.06,1782.21,1789.07,17162
1639670400,1789.06,1798.89,1787.01,1797.3,22598
1639684800,1797.27,1799.39,1794.97,1799.33,8363
1639699200,1798.43,1802.7,1797.25,1802.34,5837
1639713600,1802.32,1805.5,1801.46,1805.13,11946
1639728000,1805.13,1809.87,1804.73,1806.7,12320
1639742400,1806.71,1814.26,1804.63,1806.72,15240
1639756800,1806.7,1809.78,1802.31,1804.83,20321
1639771200,1804.83,1804.97,1795.86,1797.96,9803
1639958400,1800.34,1802.56,1799.04,1801.08,6386
1639972800,1801.08,1803.7,1800.25,1802.86,8815
1639987200,1802.87,1804.16,1797.39,1799.67,14365
1640001600,1799.69,1800.18,1794.19,1796.3,13082
1640016000,1796.31,1798.17,1791.7,1794.83,21172
1640030400,1794.83,1795.31,1788.33,1789.56,10383
1640044800,1790.96,1792.31,1789.29,1790.17,5484
1640059200,1790.17,1793.43,1789.67,1792.72,6367
1640073600,1792.71,1798.29,1788.88,1797.96,11591
1640088000,1797.95,1800.48,1795.48,1798.06,11498
1640102400,1797.89,1798.38,1784.87,1787.48,16720
1640116800,1787.6,1789.63,1786.64,1788.76,7265
1640131200,1789.02,1791.17,1788.34,1789.53,4216
1640145600,1789.61,1790.65,1787.43,1787.77,4826
1640160000,1787.76,1789.76,1785.92,1788.44,8167
1640174400,1788.44,1794.77,1788.36,1794.54,10647
1640188800,1794.47,1799.88,1788.89,1799.54,14228
1640203200,1799.53,1804.98,1799.28,1803.62,6507
1640217600,1803.67,1807.18,1803.11,1807.07,4876
1640232000,1807.07,1808.45,1805.06,1806.19,6228
1640246400,1806.27,1808.06,1804.79,1807.06,7495
1640260800,1807.05,1810.02,1803.37,1807.35,9511
1640275200,1807.32,1808.96,1798.9,1808.39,14981
1640289600,1808.4,1810.73,1807.5,1808.31,4020
1640563200,1805.98,1811.91,1805.98,1810.9,4396
1640577600,1810.85,1811.28,1808.62,1809.7,5152
1640592000,1809.7,1810.13,1805.06,1806.45,8081
1640606400,1806.46,1809.19,1803.0,1808.55,8190
1640620800,1808.69,1813.46,1807.36,1808.25,14626
1640635200,1808.22,1812.64,1806.68,1811.71,6185
1640649600,1811.76,1812.64,1809.58,1810.15,3579
1640664000,1810.15,1813.56,1808.53,1812.94,5124
1640678400,1812.93,1816.07,1812.49,1815.34,6885
1640692800,1815.33,1820.16,1815.07,1817.88,9275
1640707200,1817.89,1818.51,1809.32,1810.38,16318
1640721600,1810.31,1811.32,1804.99,1805.71,7227
1640736000,1806.54,1807.13,1804.12,1805.85,4745
1640750400,1805.85,1807.71,1804.95,1806.69,6022
1640764800,1806.69,1807.47,1802.16,1802.75,7623
1640779200,1802.77,1802.77,1789.42,1789.91,12778
1640793600,1789.92,1804.7,1789.62,1804.03,15274
1640808000,1804.11,1805.7,1802.26,1804.0,6098
1640822400,1804.15,1805.58,1801.26,1803.39,4497
1640836800,1803.35,1803.63,1798.27,1798.51,5321
1640851200,1798.5,1802.19,1796.16,1800.15,7757
1640865600,1800.12,1804.7,1798.82,1802.87,9262
1640880000,1803.07,1814.18,1800.89,1813.52,15306
1640894400,1813.52,1817.21,1812.85,1815.34,5944
1640908800,1814.67,1819.07,1814.29,1816.58,3257
1640923200,1816.59,1819.25,1814.75,1818.66,4076
1640937600,1818.48,1820.18,1815.09,1818.05,5708
1640952000,1818.08,1827.52,1817.95,1824.32,8677
1640966400,1824.33,1827.43,1820.29,1826.55,13900
1640980800,1826.67,1830.32,1824.71,1828.71,6868
1641168000,1830.59,1831.78,1827.01,1828.85,4612
1641182400,1828.83,1828.89,1823.68,1825.43,4592
1641196800,1825.43,1826.68,1821.04,1826.4,7608
1641211200,1826.44,1827.5,1805.72,1807.15,13303
1641225600,1807.06,1810.91,1798.39,1799.69,18494
1641240000,1799.64,1804.57,1799.06,1801.34,6934
1641254400,1802.55,1806.88,1802.36,1805.21,5950
1641268800,1805.21,1807.14,1803.19,1805.45,6912
1641283200,1805.44,1807.4,1801.93,1805.74,10858
1641297600,1805.84,1808.65,1798.55,1807.2,13895
1641312000,1807.19,1816.76,1806.34,1813.57,19276
1641326400,1813.6,1815.37,1813.42,1814.86,6968
1641340800,1813.94,1815.42,1812.74,1815.29,3711
1641355200,1815.23,1816.48,1814.17,1815.76,7635
1641369600,1815.76,1820.16,1812.5,1817.74,10625
1641384000,1817.75,1827.92,1815.02,1825.53,14878
1641398400,1825.53,1829.67,1820.45,1822.84,18840
1641412800,1822.78,1824.93,1807.68,1809.84,15204
1641427200,1810.15,1811.54,1807.09,1810.19,5375
1641441600,1810.22,1810.25,1803.04,1803.04,9728
1641456000,1803.05,1803.86,1793.77,1794.87,14341
1641470400,1794.9,1807.19,1786.84,1788.42,17383
1641484800,1788.43,1795.52,1787.09,1791.08,21392
1641499200,1790.98,1791.46,1786.39,1789.47,8269
1641513600,1791.26,1792.59,1789.82,1790.66,4890
1641528000,1790.67,1793.24,1789.81,1790.72,5005
1641542400,1790.69,1793.87,1787.81,1793.09,8431
1641556800,1793.09,1796.02,1782.57,1789.19,13486
1641571200,1789.31,1796.72,1786.5,1795.95,22185
1641585600,1796.12,1798.63,1794.33,1796.04,7869
1641772800,1795.17,1796.77,1792.3,1795.0,5114
1641787200,1795.0,1796.21,1791.5,1793.07,6465
1641801600,1793.31,1797.99,1791.33,1796.82,8757
1641816000,1796.8,1802.31,1791.51,1792.98,14634
1641830400,1793.0,1800.07,1790.35,1799.43,16881
1641844800,1799.33,1801.89,1798.4,1801.68,7064
1641859200,1800.57,1805.98,1800.05,1804.89,4795
1641873600,1804.87,1808.69,1804.43,1808.48,6267
1641888000,1808.39,1810.27,1806.09,1806.89,10092
1641902400,1806.91,1809.02,1804.29,1805.55,11029
1641916800,1805.65,1817.83,1801.75,1817.56,19257
1641931200,1817.47,1823.23,1817.27,1822.32,8332
1641945600,1820.23,1822.54,1818.44,1819.09,6130
1641960000,1819.09,1821.53,1817.75,1820.45,6955
1641974400,1820.48,1821.4,1814.74,1816.31,11656
1641988800,1816.31,1825.38,1816.05,1821.23,15548
1642003200,1821.34,1826.98,1818.98,1826.12,21919
1642017600,1826.08,1828.06,1825.61,1825.87,7623
1642032000,1825.91,1826.66,1824.1,1825.42,5679
1642046400,1825.42,1828.16,1824.02,1825.87,7765
1642060800,1825.9,1827.55,1819.03,1822.74,13482
1642075200,1822.77,1825.97,1819.21,1821.97,14983
1642089600,1821.97,1823.78,1812.42,1820.63,23614
1642104000,1820.63,1822.9,1819.57,1822.5,8035
1642118400,1821.5,1824.61,1819.61,1822.44,6074
1642132800,1822.47,1828.11,1822.38,1827.74,9122
1642147200,1827.74,1829.13,1821.64,1823.55,12797
1642161600,1823.58,1827.61,1819.54,1825.44,17006
1642176000,1825.41,1826.75,1815.31,1815.89,24110
1642190400,1815.89,1818.99,1814.7,1817.45,9173
1642377600,1817.36,1818.13,1813.12,1816.06,5454
1642392000,1816.08,1820.57,1816.02,1819.53,6873
1642406400,1819.53,1823.18,1818.74,1821.56,7187
1642420800,1821.57,1821.97,1819.25,1821.01,8484
1642435200,1821.04,1821.5,1817.68,1819.28,7387
1642449600,1819.29,1819.58,1818.22,1819.21,581
1642464000,1818.46,1822.39,1818.39,1822.09,4722
1642478400,1822.09,1822.76,1815.28,1816.2,10757
1642492800,1816.14,1817.96,1809.12,1810.47,14493
1642507200,1810.46,1819.84,1805.75,1819.61,15437
1642521600,1819.71,1820.1,1810.68,1812.1,23160
1642536000,1812.09,1815.88,1810.63,1813.67,9228
1642550400,1814.15,1815.1,1812.26,1812.31,5041
1642564800,1812.26,1814.22,1810.23,1813.45,6850
1642579200,1813.45,1817.27,1811.27,1816.95,12165
1642593600,1816.89,1825.52,1816.26,1823.98,13517
1642608000,1824.0,1842.65,1822.52,1840.36,19647
1642622400,1840.47,1843.31,1839.61,1840.26,9719
1642636800,1840.29,1844.13,1837.96,1841.34,7853
1642651200,1841.34,1842.75,1838.46,1839.29,10241
1642665600,1839.3,1842.15,1837.03,1838.54,14425
1642680000,1838.54,1846.92,1835.92,1846.44,14833
1642694400,1846.48,1847.89,1838.57,1842.4,22707
1642708800,1842.42,1842.56,1837.38,1838.7,10993
1642723200,1839.39,1839.88,1836.32,1838.45,7884
1642737600,1838.45,1842.1,1837.76,1841.39,10356
1642752000,1841.37,1842.8,1828.53,1834.06,15623
1642766400,1834.05,1842.01,1831.15,1841.34,16030
1642780800,1841.41,1843.21,1831.2,1832.82,24660
1642795200,1832.75,1833.76,1828.55,1833.66,9457
1642982400,1832.94,1837.1,1832.56,1836.2,6292
1642996800,1836.2,1839.6,1835.32,1838.8,6731
1643011200,1838.76,1844.31,1836.43,1841.16,12971
1643025600,1841.17,1843.03,1834.66,1835.33,17049
1643040000,1835.37,1841.14,1829.68,1838.47,21530
1643054400,1838.58,1844.03,1837.76,1843.3,11247
1643068800,1843.0,1843.67,1840.07,1840.16,5362
1643083200,1840.14,1843.04,1839.45,1841.7,6492
1643097600,1841.73,1843.33,1836.95,1838.06,12038
1643112000,1838.06,1843.06,1834.95,1842.71,14608
1643126400,1842.7,1852.83,1839.36,1849.76,19304
1643140800,1849.79,1853.86,1847.0,1847.91,8682
1643155200,1847.68,1850.07,1846.52,1847.93,3591
1643169600,1847.98,1848.95,1846.63,1847.58,5076
1643184000,1847.61,1848.68,1843.79,1846.93,9822
1643198400,1846.91,1848.06,1842.68,1844.07,13902
1643212800,1844.01,1844.21,1828.97,1830.32,21416
1643227200,1830.32,1833.3,1814.97,1818.43,23299
1643241600,1819.9,1822.14,1815.17,1815.68,8297
1643256000,1815.68,1818.02,1812.27,1812.67,12592
1643270400,1812.67,1816.68,1809.56,1816.02,17091
1643284800,1816.04,1816.86,1798.03,1799.91,19901
1643299200,1799.98,1810.46,1791.88,1792.52,19929
1643313600,1792.5,1796.98,1791.81,1796.78,9748
1643328000,1797.65,1799.29,1795.08,1798.67,5438
1643342400,1798.62,1799.42,1797.11,1797.52,6417
1643356800,1797.41,1798.7,1789.97,1791.36,11456
1643371200,1791.34,1792.66,1780.29,1786.37,16990
1643385600,1786.45,1793.06,1780.75,1784.02,16833
1643400000,1784.05,1791.3,1784.04,1791.3,10402
1643587200,1789.13,1790.63,1786.34,1790.3,4922
1643601600,1790.26,1790.26,1785.58,1789.23,6565
1643616000,1789.21,1792.49,1786.04,1789.54,9394
1643630400,1789.51,1798.24,1788.43,1797.67,12045
1643644800,1797.71,1799.63,1793.18,1796.95,13256
1643659200,1796.91,1799.86,1794.97,1796.91,9290
1643673600,1797.55,1799.4,1796.57,1797.54,3078
1643688000,1797.54,1803.5,1795.74,1802.75,7256
1643702400,1802.75,1806.81,1801.15,1805.54,11315
1643716800,1805.53,1808.77,1802.24,1804.28,12097
1643731200,1804.02,1807.89,1797.93,1802.73,14510
1643745600,1802.76,1803.06,1798.61,1800.97,7000
1643760000,1801.19,1801.65,1799.51,1800.42,2326
1643774400,1800.39,1800.72,1797.16,1798.46,3608
1643788800,1798.52,1802.32,1794.42,1802.2,7397
1643803200,1802.22,1808.02,1801.17,1801.17,9226
1643817600,1801.46,1810.77,1800.59,1810.1,12511
1643832000,1809.84,1810.61,1805.21,1807.0,6362
1643846400,1806.89,1808.66,1805.95,1808.66,2624
1643860800,1808.66,1808.95,1805.53,1806.75,4190
1643875200,1806.79,1806.87,1802.74,1803.41,8154
1643889600,1803.42,1805.14,1800.0,1802.43,13345
1643904000,1802.68,1807.6,1788.7,1804.06,10197
1643918400,1804.03,1806.7,1803.24,1804.66,6258
1643932800,1804.86,1807.35,1804.79,1807.2,3689
1643947200,1807.21,1807.96,1805.83,1806.57,4361
1643961600,1806.56,1811.9,1805.85,1810.96,10260
1643976000,1811.0,1814.89,1794.94,1795.45,9504
1643990400,1795.36,1810.36,1792.23,1806.43,13156
1644004800,1806.4,1808.6,1805.88,1807.78,6467
1644192000,1808.56,1815.28,1807.9,1810.38,7623
1644206400,1810.38,1811.11,1809.27,1810.34,6470
1644220800,1810.3,1814.18,1808.74,1812.43,10481
1644235200,1812.47,1817.13,1810.3,1813.97,12401
1644249600,1813.97,1820.17,1811.87,1819.97,15982
1644264000,1819.97,1823.56,1819.61,1820.7,6719
1644278400,1821.2,1822.34,1820.26,1822.17,4380
1644292800,1822.05,1823.28,1818.95,1820.4,6597
1644307200,1820.31,1820.95,1815.43,1819.86,9727
1644321600,1819.87,1824.72,1817.26,1824.04,10488
1644336000,1824.05,1828.34,1820.18,1827.44,14300
1644350400,1827.47,1828.77,1825.69,1826.0,6756
1644364800,1825.74,1826.79,1825.08,1826.77,3714
1644379200,1826.77,1829.17,1826.4,1827.5,7365
1644393600,1827.51,1828.26,1825.75,1827.71,9986
1644408000,1827.77,1832.56,1825.71,1826.1,13070
1644422400,1826.05,1835.8,1824.66,1834.13,17181
1644436800,1834.09,1835.8,1831.17,1832.82,6841
1644451200,1832.83,1834.43,1831.54,1833.87,4062
1644465600,1833.89,1834.75,1833.44,1834.47,5620
1644480000,1834.42,1836.13,1830.4,1832.54,10760
1644494400,1832.54,1837.15,1821.59,1830.47,10775
1644508800,1830.24,1841.92,1825.31,1835.28,14824
1644523200,1835.28,1837.67,1825.71,1827.19,11960
1644537600,1827.24,1827.96,1823.83,1825.75,5449
1644552000,1825.79,1827.04,1823.11,1824.57,7727
1644566400,1824.57,1827.58,1820.97,1825.98,11579
1644580800,1825.98,1833.35,1824.98,1827.32,14249
1644595200,1827.18,1840.93,1827.18,1840.59,21055
1644609600,1840.49,1865.48,1839.42,1861.64,19236
1644796800,1855.94,1861.58,1855.35,1859.61,7224
1644811200,1859.6,1859.69,1851.48,1854.59,9256
1644825600,1854.59,1858.44,1850.81,1857.36,12802
1644840000,1857.39,1862.81,1851.37,1861.54,13518
1644854400,1861.57,1871.01,1860.05,1864.65,15238
1644868800,1864.63,1874.09,1863.96,1870.62,10218
1644883200,1870.74,1872.25,1870.13,1871.03,3940
1644897600,1871.02,1879.39,1870.54,1877.86,6457
1644912000,1877.84,1879.46,1852.44,1857.72,10903
1644926400,1857.71,1857.75,1844.55,1850.34,11369
1644940800,1850.41,1857.15,1846.51,1852.92,11904
1644955200,1852.79,1856.53,1851.52,1853.36,5396
1644969600,1853.9,1854.62,1850.31,1852.47,3778
1644984000,1852.51,1854.77,1851.38,1854.31,6001
1644998400,1854.31,1858.97,1853.31,1858.57,7829
1645012800,1858.56,1859.61,1851.5,1858.7,9713
1645027200,1858.73,1870.06,1857.66,1869.05,12457
1645041600,1869.02,1872.54,1865.21,1868.58,10017
1645056000,1869.79,1871.76,1868.34,1870.13,4316
1645070400,1870.14,1876.29,1867.84,1875.06,10515
1645084800,1875.09,1893.22,1872.98,1888.38,16895
1645099200,1888.38,1897.74,1882.8,1895.9,17272
1645113600,1895.95,1900.21,1885.96,1897.71,24722
1645128000,1897.72,1901.13,1896.68,1897.87,9670
1645142400,1898.66,1902.46,1888.31,1890.3,7189
1645156800,1890.27,1893.44,1888.55,1891.88,8309
1645171200,1891.95,1895.84,1889.92,1894.79,10603
1645185600,1894.79,1899.96,1886.57,1896.5,13392
1645200000,1896.35,1898.52,1890.4,1896.86,17596
1645214400,1896.86,1899.43,1893.61,1898.29,8579
1645401600,1902.53,1908.26,1891.63,1895.68,10183
1645416000,1895.68,1899.0,1889.24,1891.59,10935
1645430400,1891.57,1898.34,1887.63,1896.34,13796
1645444800,1896.34,1898.67,1892.45,1895.95,13807
1645459200,1895.94,1897.75,1892.47,1897.72,10594
1645473600,1897.72,1905.73,1896.55,1904.01,2761
1645488000,1911.8,1914.02,1905.29,1909.45,10150
1645502400,1909.46,1910.37,1906.42,1910.17,9067
1645516800,1910.18,1913.31,1895.79,1900.65,17220
1645531200,1900.65,1905.93,1891.47,1902.23,18904
1645545600,1902.22,1907.19,1893.93,1903.41,19815
1645560000,1903.21,1905.69,1897.64,1898.52,10699
1645574400,1899.0,1901.3,1897.78,1898.31,3893
1645588800,1898.31,1900.33,1894.64,1896.27,6043
1645603200,1896.3,1898.36,1889.67,1893.39,11832
1645617600,1893.42,1904.46,1892.76,1901.23,11631
1645632000,1901.24,1910.45,1899.69,1908.27,17269
1645646400,1908.27,1910.32,1904.62,1907.86,10134
1645660800,1909.79,1914.12,1909.63,1913.47,8467
1645675200,1913.4,1948.99,1912.6,1940.4,25235
1645689600,1940.43,1954.26,1935.76,1953.47,26763
1645704000,1953.53,1974.37,1950.48,1959.29,27754
1645718400,1959.3,1963.12,1913.48,1923.64,20743
1645732800,1923.64,1926.93,1878.11,1903.55,18647
1645747200,1906.72,1921.31,1904.13,1909.41,10072
1645761600,1909.41,1917.12,1907.94,1916.57,10793
1645776000,1916.48,1921.29,1908.49,1910.64,16162
1645790400,1910.69,1913.91,1886.21,1887.44,19317
1645804800,1887.35,1893.58,1883.1,1887.42,22394
1645819200,1887.42,1892.87,1885.74,1890.43,9645
1646006400,1920.01,1926.69,1904.16,1913.34,11472
1646020800,1913.34,1913.54,1904.54,1908.12,10802
1646035200,1908.12,1910.05,1893.19,1899.57,14672
1646049600,1899.67,1918.26,1898.86,1917.25,14585
1646064000,1917.28,1917.43,1890.98,1899.24,22697
1646078400,1899.29,1910.92,1897.1,1908.17,12249
1646092800,1908.42,1908.73,1902.7,1902.99,4437
1646107200,1902.97,1907.69,1901.42,1907.09,5525
1646121600,1907.06,1918.6,1904.67,1916.25,11159
1646136000,1916.25,1926.3,1911.08,1916.82,20197
1646150400,1916.9,1935.44,1916.13,1934.8,25053
1646164800,1934.7,1950.17,1934.41,1943.74,16506
1646179200,1942.99,1944.36,1931.05,1935.59,7505
1646193600,1935.5,1940.59,1933.32,1934.68,10729
1646208000,1934.64,1947.9,1931.37,1932.95,17405
1646222400,1932.93,1935.54,1913.8,1931.96,16054
1646236800,1931.85,1935.55,1914.91,1918.67,18389
1646251200,1918.64,1933.3,1917.32,1926.54,8602
1646265600,1929.44,1930.69,1926.19,1930.62,5474
1646280000,1930.56,1930.82,1922.05,1925.21,7722
1646294400,1925.23,1935.05,1923.65,1929.14,13526
1646308800,1929.12,1938.6,1924.41,1926.09,15626
1646323200,1926.1,1932.57,1923.34,1931.86,22780
1646337600,1931.86,1941.2,1931.25,1935.51,10949
1646352000,1937.05,1950.86,1929.64,1933.85,11443
1646366400,1933.76,1941.32,1933.57,1935.54,10376
1646380800,1935.58,1946.21,1934.0,1945.77,14049
1646395200,1945.87,1949.97,1939.91,1946.99,16959
1646409600,1946.88,1965.7,1942.6,1962.03,16560
1646424000,1962.04,1970.21,1960.76,1968.68,10514
1646611200,1980.95,2000.94,1980.95,1997.84,10171
1646625600,1997.91,1998.24,1983.17,1983.57,11383
1646640000,1983.55,2001.44,1976.1,1998.02,14449
1646654400,1997.78,2002.6,1961.04,1978.88,16094
1646668800,1979.04,1991.39,1967.77,1984.22,16608
1646683200,1984.27,1999.81,1983.68,1998.22,11283
1646697600,1997.41,2000.0,1981.09,1984.94,6373
1646712000,1984.75,1994.31,1984.54,1994.01,8165
1646726400,1994.01,2020.89,1993.3,2006.35,15851
1646740800,2006.2,2020.08,2002.87,2015.06,13537
1646755200,2015.07,2070.34,2013.92,2029.86,21361
1646769600,2030.05,2054.02,2022.21,2052.44,14644
1646784000,2049.9,2050.87,2035.11,2041.91,7262
1646798400,2041.84,2059.15,2040.41,2047.97,11217
1646812800,2047.95,2052.32,2014.64,2017.85,13823
1646827200,2017.81,2021.38,1985.13,1989.78,15781
1646841600,1990.01,2005.58,1975.99,1985.55,18190
1646856000,1985.59,1998.98,1979.69,1991.74,11133
1646870400,1991.54,1993.12,1970.83,1974.7,6591
1646884800,1974.67,1984.12,1970.93,1980.88,7968
1646899200,1980.89,1988.87,1974.34,1985.79,12099
1646913600,1985.81,2009.14,1983.74,1996.43,14632
1646928000,1996.39,2006.85,1981.82,2003.78,15737
1646942400,2003.92,2005.95,1993.27,1996.02,8517
1646956800,1997.39,1998.95,1988.28,1992.42,4541
1646971200,1992.43,1996.42,1981.05,1983.7,6353
1646985600,1983.64,1994.82,1981.52,1989.57,8267
1647000000,1989.59,1994.0,1958.66,1961.92,12145
1647014400,1961.7,1990.0,1959.58,1986.76,13425
1647028800,1986.76,1987.97,1980.42,1985.22,6482
1647216000,1979.99,1983.7,1970.1,1977.14,4038
1647230400,1977.16,1977.49,1971.44,1977.48,6043
1647244800,1977.47,1978.55,1966.84,1967.47,8067
1647259200,1967.33,1967.88,1954.56,1964.35,11271
1647273600,1964.27,1965.24,1949.65,1961.06,12969
1647288000,1960.96,1961.91,1950.65,1951.31,7951
1647302400,1952.86,1954.56,1945.42,1948.29,2909
1647316800,1948.08,1950.54,1936.13,1936.13,7373
1647331200,1936.15,1936.41,1925.0,1934.85,9643
1647345600,1934.44,1934.88,1919.5,1920.93,10569
1647360000,1920.62,1930.92,1907.07,1929.26,15091
1647374400,1929.26,1929.82,1913.82,1917.18,7817
1647388800,1920.4,1922.55,1915.13,1921.05,2245
1647403200,1921.0,1924.75,1915.19,1916.72,5471
1647417600,1916.72,1920.83,1911.63,1918.18,7399
1647432000,1918.17,1927.09,1915.61,1919.98,8796
1647446400,1919.98,1921.94,1904.17,1910.12,13170
1647460800,1910.1,1929.51,1895.27,1925.19,12516
1647475200,1925.38,1927.56,1923.15,1926.89,2736
1647489600,1926.88,1937.99,1926.33,1935.96,6199
1647504000,1935.99,1942.69,1930.06,1940.1,7288
1647518400,1940.1,1946.86,1934.66,1938.95,9816
1647532800,1939.0,1949.77,1936.81,1944.29,13001
1647547200,1944.3,1945.89,1935.45,1941.49,7003
1647561600,1942.48,1945.27,1940.17,1941.18,2092
1647576000,1940.94,1942.33,1926.58,1934.07,5484
1647590400,1934.19,1937.11,1930.04,1932.51,6052
1647604800,1932.52,1940.8,1929.04,1935.55,8447
1647619200,1935.53,1938.2,1921.64,1928.35,12432
1647633600,1928.33,1931.2,1918.01,1920.09,6761
1647820800,1924.73,1926.18,1918.21,1922.18,2842
1647835200,1922.08,1928.96,1921.4,1928.16,5054
1647849600,1928.16,1928.38,1922.01,1926.05,5891
1647864000,1926.1,1928.83,1921.73,1924.67,8362
1647878400,1924.6,1937.47,1917.95,1930.53,12757
1647892800,1930.52,1941.06,1927.12,1934.66,7938
1647907200,1936.28,1937.04,1929.36,1931.25,2536
1647921600,1931.16,1937.78,1930.21,1934.69,5926
1647936000,1934.7,1938.37,1923.47,1924.69,7491
1647950400,1924.29,1930.78,1922.79,1927.95,9522
1647964800,1927.95,1928.11,1910.71,1920.01,15379
1647979200,1920.01,1924.8,1918.34,1921.07,8267
1647993600,1921.41,1922.08,1915.55,1917.97,2958
1648008000,1917.93,1924.39,1917.06,1922.34,5646
1648022400,1922.21,1926.32,1916.95,1925.83,6712
1648036800,1925.89,1934.99,1925.06,1928.94,12344
1648051200,1928.91,1936.64,1925.87,1935.41,15479
1648065600,1935.41,1948.31,1934.82,1945.56,9857
1648080000,1944.49,1948.5,1943.81,1946.52,3103
1648094400,1946.51,1948.29,1937.78,1940.23,7050
1648108800,1940.28,1945.9,1937.38,1940.83,8229
1648123200,1940.83,1957.88,1937.98,1949.28,13684
1648137600,1949.2,1966.17,1946.48,1962.83,19291
1648152000,1962.69,1965.69,1956.2,1956.34,8307
1648166400,1959.13,1962.99,1957.69,1962.71,3526
1648180800,1962.85,1964.25,1959.44,1960.11,9447
1648195200,1960.11,1960.62,1953.21,1955.73,8604
1648209600,1955.73,1958.98,1949.9,1956.29,11590
1648224000,1956.29,1961.78,1943.11,1956.06,22391
1648238400,1956.04,1957.03,1951.65,1955.02,8685
1648425600,1955.5,1958.31,1954.69,1957.56,4186
1648440000,1957.54,1957.54,1941.71,1943.23,12661
1648454400,1943.02,1943.07,1927.15,1927.42,16572
1648468800,1927.41,1945.56,1925.33,1938.39,16323
1648483200,1938.11,1942.54,1930.14,1938.38,18028
1648497600,1938.38,1940.04,1916.96,1921.88,10499
1648512000,1922.43,1925.02,1921.42,1922.44,5863
1648526400,1922.47,1929.24,1921.27,1922.43,10519
1648540800,1922.54,1925.09,1910.09,1913.73,13264
1648555200,1913.58,1916.22,1890.1,1897.14,20232
1648569600,1897.12,1917.77,1892.71,1915.36,20675
1648584000,1915.35,1921.38,1912.76,1918.98,8106
1648598400,1920.3,1921.06,1915.93,1919.23,4084
1648612800,1919.2,1927.34,1918.64,1925.87,12916
1648627200,1925.81,1928.27,1919.25,1919.34,15521
1648641600,1919.37,1932.04,1917.2,1927.18,14569
1648656000,1927.04,1938.5,1922.44,1932.19,18610
1648670400,1932.2,1935.89,1930.5,1933.02,8074
1648684800,1933.27,1934.14,1928.18,1931.65,3789
1648699200,1931.61,1932.13,1920.24,1921.19,8342
1648713600,1921.14,1933.82,1919.13,1925.26,13266
1648728000,1925.1,1935.79,1922.48,1934.07,11455
1648742400,1934.12,1944.99,1932.26,1944.37,17257
1648756800,1944.36,1949.82,1934.94,1936.7,10771
1648771200,1937.31,1937.57,1932.49,1934.25,4101
1648785600,1934.01,1939.49,1933.45,1937.59,9811
1648800000,1937.59,1939.16,1929.42,1932.15,12289
1648814400,1932.2,1936.38,1924.32,1927.4,16362
1648828800,1927.38,1933.63,1918.66,1923.02,23282
1648843200,1923.09,1926.02,1918.04,1922.93,10568
1649030400,1924.28,1926.83,1921.41,1925.64,2672
1649044800,1925.55,1925.55,1915.36,1917.66,5424
1649059200,1917.59,1933.07,1917.12,1931.16,10956
1649073600,1931.24,1936.06,1925.61,1931.66,13301
1649088000,1931.65,1936.85,1924.41,1931.57,20498
1649102400,1931.45,1933.36,1928.78,1932.9,9192
1649116800,1932.84,1933.91,1930.75,1931.97,4318
1649131200,1931.99,1932.55,1926.51,1928.56,6412
1649145600,1928.54,1933.59,1925.4,1931.68,9852
1649160000,1931.71,1935.27,1924.1,1935.1,13535
1649174400,1935.08,1944.54,1917.99,1923.43,22257
1649188800,1923.33,1925.56,1919.38,1922.48,10013
1649203200,1923.11,1924.02,1917.76,1919.68,4141
1649217600,1919.66,1925.24,1916.63,1921.66,11447
1649232000,1921.66,1926.41,1915.01,1926.18,15684
1649246400,1926.22,1933.42,1918.25,1926.61,19355
1649260800,1926.57,1931.87,1923.38,1924.94,22266
1649275200,1924.91,1929.52,1915.53,1925.11,17985
1649289600,1924.0,1927.3,1922.25,1925.44,3832
1649304000,1925.41,1926.09,1920.53,1921.69,6359
1649318400,1921.65,1928.37,1920.83,1926.06,10681
1649332800,1926.14,1933.99,1923.55,1927.59,13562
1649347200,1927.5,1937.81,1926.66,1934.18,18318
1649361600,1934.18,1936.85,1929.52,1931.32,8254
1649376000,1931.76,1935.09,1930.52,1933.0,3812
1649390400,1933.0,1935.47,1927.91,1928.28,5972
1649404800,1928.28,1933.26,1927.6,1931.51,10228
1649419200,1931.51,1938.86,1929.1,1931.28,12784
1649433600,1931.2,1948.11,1930.79,1941.38,18637
1649448000,1941.27,1945.89,1938.98,1945.39,6465
1649635200,1947.92,1949.67,1943.24,1945.29,4112
1649649600,1945.31,1947.76,1940.31,1942.12,11091
1649664000,1942.17,1958.01,1939.96,1957.07,16248
1649678400,1957.07,1969.61,1952.95,1963.34,17994
1649692800,1963.52,1964.9,1940.81,1941.42,21581
1649707200,1941.37,1955.79,1940.82,1954.4,9266
1649721600,1952.34,1954.28,1949.78,1952.39,3399
1649736000,1952.38,1960.35,1950.21,1957.86,7562
1649750400,1957.92,1960.0,1950.87,1951.54,10179
1649764800,1951.57,1972.04,1949.75,1970.43,13130
1649779200,1970.37,1978.58,1960.62,1973.99,20227
1649793600,1973.96,1975.07,1964.6,1965.6,10441
1649808000,1966.97,1967.89,1962.85,1964.11,3169
1649822400,1964.2,1972.22,1963.46,1968.26,8659
1649836800,1968.29,1975.66,1965.62,1973.74,12860
1649851200,1973.78,1980.63,1971.76,1977.47,16343
1649865600,1977.55,1981.5,1973.18,1978.99,18078
1649880000,1979.0,1981.49,1974.81,1977.26,7602
1649894400,1977.16,1979.15,1973.51,1974.98,3135
1649908800,1974.94,1980.32,1972.56,1975.6,7916
1649923200,1975.6,1978.34,1970.66,1971.33,11194
1649937600,1971.31,1979.83,1967.25,1972.45,15633
1649952000,1972.43,1977.8,1960.37,1971.09,20559
1649966400,1971.11,1975.0,1970.06,1972.17,6695
1650240000,1972.59,1988.52,1971.88,1987.42,5762
1650254400,1987.49,1988.49,1982.57,1984.87,8659
1650268800,1984.86,1993.08,1983.64,1992.9,9633
1650283200,1992.94,1998.36,1987.75,1995.04,10504
1650297600,1995.04,1996.31,1982.8,1986.46,17916
1650312000,1986.49,1987.56,1976.2,1978.14,11207
1650326400,1977.6,1978.8,1974.89,1975.82,4296
1650340800,1975.84,1978.7,1973.49,1974.75,9340
1650355200,1974.71,1981.19,1972.72,1978.02,12347
1650369600,1978.02,1981.93,1964.63,1967.13,14706
1650384000,1967.15,1968.2,1950.32,1957.43,21865
1650398400,1957.35,1957.75,1943.58,1949.63,10625
1650412800,1950.01,1951.52,1946.03,1946.84,4739
1650427200,1946.8,1949.31,1940.66,1943.26,13654
1650441600,1943.26,1947.16,1939.27,1946.66,13707
1650456000,1946.68,1955.08,1944.65,1949.88,16071
1650470400,1949.91,1954.55,1943.87,1953.36,17548
1650484800,1953.25,1958.0,1950.97,1957.88,9794
1650499200,1956.08,1957.3,1953.37,1955.92,4371
1650513600,1955.91,1956.68,1950.28,1951.11,7996
1650528000,1951.11,1954.0,1943.49,1947.16,13438
1650542400,1947.16,1948.94,1936.72,1947.72,15500
1650556800,1947.7,1949.58,1937.82,1940.51,19398
1650571200,1940.45,1953.93,1940.14,1952.11,10853
1650585600,1950.33,1952.81,1948.5,1950.16,4324
1650600000,1950.16,1953.6,1945.92,1952.2,11629
1650614400,1952.23,1955.54,1943.45,1943.72,15136
1650628800,1943.79,1944.09,1929.58,1936.98,17505
1650643200,1936.96,1946.37,1926.54,1936.42,23203
1650657600,1936.44,1936.72,1931.1,1931.31,10940
1650844800,1932.44,1934.39,1926.31,1927.83,4939
1650859200,1927.81,1927.9,1915.99,1916.29,12852
1650873600,1916.38,1921.16,1912.26,1916.51,17505
1650888000,1916.48,1919.2,1891.48,1894.74,18829
1650902400,1894.74,1904.1,1891.87,1897.68,24332
1650916800,1897.68,1902.5,1894.66,1897.69,12491
1650931200,1899.05,1903.7,1898.5,1900.88,5187
1650945600,1900.75,1905.16,1897.34,1903.89,11775
1650960000,1903.89,1907.44,1895.68,1902.44,15778
1650974400,1902.42,1909.6,1900.35,1901.67,14651
1650988800,1901.64,1911.25,1900.37,1903.18,22051
1651003200,1903.18,1906.49,1896.45,1906.06,11320
1651017600,1906.08,1906.99,1903.0,1903.82,4557
1651032000,1903.82,1904.6,1895.88,1898.1,11167
1651046400,1898.04,1903.51,1886.2,1893.48,15528
1651060800,1893.55,1906.9,1893.33,1896.48,14869
1651075200,1896.55,1897.36,1881.34,1887.59,21428
1651089600,1887.57,1891.5,1884.9,1885.31,9930
1651104000,1885.57,1886.82,1883.13,1883.89,2740
1651118400,1883.79,1884.47,1875.97,1878.27,9639
1651132800,1878.27,1889.9,1872.07,1886.23,13868
1651147200,1886.31,1895.16,1881.85,1885.64,16579
1651161600,1885.44,1892.94,1883.22,1888.6,20038
1651176000,1888.6,1896.73,1887.67,1893.98,9641
1651190400,1895.12,1897.98,1892.57,1897.37,3073
1651204800,1897.27,1905.93,1896.69,1905.87,10734
1651219200,1905.75,1917.88,1905.47,1913.92,15157
1651233600,1913.92,1919.97,1907.51,1910.83,15304
1651248000,1910.81,1914.63,1902.52,1908.24,17972
1651262400,1908.24,1911.59,1894.47,1896.53,10536
1651449600,1899.31,1899.85,1889.01,1890.55,5967
1651464000,1890.62,1892.58,1883.85,1885.59,8572
1651478400,1885.27,1887.67,1879.46,1879.74,10952
1651492800,1879.78,1882.3,1860.57,1861.53,13959
1651507200,1861.46,1872.05,1854.46,1866.07,19840
1651521600,1865.97,1866.89,1859.92,1862.72,9296
1651536000,1863.55,1867.1,1862.26,1866.8,3625
1651550400,1866.75,1866.75,1857.82,1858.53,8202
1651564800,1858.56,1862.05,1850.38,1853.7,13333
1651579200,1853.66,1865.62,1853.58,1863.32,13487
1651593600,1863.1,1878.11,1862.06,1869.81,16828
1651608000,1869.9,1871.84,1865.28,1867.89,7251
1651622400,1867.98,1869.43,1864.94,1865.92,2787
1651636800,1865.88,1866.22,1861.61,1865.66,5243
1651651200,1865.66,1872.04,1861.38,1868.47,7974
1651665600,1868.5,1871.62,1863.69,1867.54,9814
1651680000,1867.57,1870.85,1861.59,1868.52,15273
1651694400,1868.72,1889.68,1861.66,1882.74,17999
1651708800,1882.11,1896.06,1881.85,1895.87,5077
1651723200,1895.89,1903.34,1895.89,1901.49,9677
1651737600,1901.39,1902.16,1889.47,1894.25,14116
1651752000,1894.25,1909.76,1893.19,1906.89,15792
1651766400,1906.93,1908.45,1872.45,1876.47,24675
1651780800,1876.33,1881.01,1873.37,1877.6,12919
1651795200,1876.48,1878.23,1871.76,1872.39,4550
1651809600,1872.42,1877.44,1866.18,1875.83,12246
1651824000,1875.82,1881.78,1873.06,1881.78,14297
1651838400,1881.78,1890.05,1876.02,1876.49,15344
1651852800,1876.67,1892.49,1874.47,1888.69,21641
1651867200,1888.56,1888.9,1880.44,1881.93,9846
1652054400,1883.49,1885.61,1877.78,1881.2,4948
1652068800,1881.2,1881.21,1872.89,1873.77,10064
1652083200,1873.75,1873.82,1864.24,1865.57,14321
1652097600,1865.59,1868.95,1856.16,1864.46,16985
1652112000,1864.41,1871.55,1857.75,1860.97,20933
1652126400,1860.96,1862.05,1851.75,1853.96,13205
1652140800,1853.44,1855.83,1852.37,1854.23,5452
1652155200,1854.23,1865.3,1853.0,1863.24,12416
1652169600,1863.24,1865.42,1858.79,1862.75,14911
1652184000,1862.73,1864.49,1856.23,1862.18,14746
1652198400,1862.2,1864.4,1841.43,1844.94,22254
1652212800,1844.85,1846.88,1835.48,1838.72,13987
1652227200,1839.02,1840.24,1832.03,1832.43,4690
1652241600,1832.4,1839.97,1832.3,1839.02,9741
1652256000,1839.02,1852.49,1837.12,1851.65,12452
1652270400,1851.75,1854.35,1834.88,1839.48,14025
1652284800,1839.13,1858.02,1837.75,1852.17,24826
1652299200,1852.17,1856.43,1850.63,1852.38,11710
1652313600,1851.42,1857.64,1850.95,1857.28,4916
1652328000,1857.26,1858.76,1850.16,1851.06,10272
1652342400,1851.06,1854.13,1843.9,1847.17,17088
1652356800,1847.21,1852.08,1839.98,1845.14,17653
1652371200,1845.08,1849.02,1824.11,1825.46,23941
1652385600,1825.6,1826.68,1821.51,1822.51,12342
1652400000,1822.93,1823.86,1810.75,1822.45,5677
1652414400,1822.46,1827.47,1822.45,1826.59,10533
1652428800,1826.59,1828.78,1820.29,1822.17,13369
1652443200,1822.16,1824.66,1808.31,1810.29,13792
1652457600,1810.28,1818.38,1799.08,1811.28,19765
1652472000,1811.23,1811.97,1806.95,1810.87,8295
1652659200,1814.08,1816.2,1809.78,1815.65,4778
1652673600,1815.7,1817.54,1807.32,1807.71,9521
1652688000,1807.62,1810.07,1786.72,1799.0,12828
1652702400,1798.97,1810.46,1798.1,1808.11,12880
1652716800,1808.14,1816.46,1804.84,1815.57,14104
1652731200,1815.56,1826.89,1813.72,1824.46,8019
1652745600,1824.94,1829.34,1822.9,1825.46,4069
1652760000,1825.5,1828.31,1821.8,1823.8,8657
1652774400,1823.78,1830.24,1823.33,1827.97,10689
1652788800,1827.97,1836.09,1826.04,1832.37,14027
1652803200,1832.35,1832.87,1817.96,1821.31,18756
1652817600,1821.31,1821.92,1812.88,1814.91,11072
1652832000,1814.56,1817.14,1812.98,1816.24,3786
1652846400,1816.26,1817.24,1807.68,1809.05,9248
1652860800,1808.95,1817.13,1808.82,1815.55,12200
1652875200,1815.49,1820.38,1807.23,1811.36,14580
1652889600,1811.2,1824.66,1809.73,1820.84,19659
1652904000,1820.82,1822.06,1815.38,1816.36,12427
1652918400,1816.56,1817.42,1814.33,1815.1,4956
1652932800,1815.1,1817.65,1813.87,1815.38,10334
1652947200,1815.47,1823.21,1810.9,1822.61,15814
1652961600,1822.57,1841.45,1821.35,1838.29,16772
1652976000,1838.34,1849.12,1832.38,1842.96,22789
1652990400,1842.96,1844.02,1839.89,1841.44,11314
1653004800,1842.09,1844.56,1840.09,1841.33,4241
1653019200,1841.34,1843.55,1836.51,1842.71,8902
1653033600,1842.65,1849.37,1841.31,1845.68,14073
1653048000,1845.69,1847.76,1841.09,1842.12,12279
1653062400,1842.22,1846.61,1832.37,1841.56,19139
1653076800,1841.49,1846.04,1840.4,1845.84,8514
1653264000,1848.71,1853.63,1843.1,1852.46,4152
1653278400,1852.46,1855.83,1848.58,1854.28,8291
1653292800,1854.33,1863.14,1852.02,1861.55,12457
1653307200,1861.55,1865.27,1855.02,1855.71,13016
1653321600,1855.77,1858.09,1848.66,1850.03,17559
1653336000,1850.06,1858.78,1847.04,1853.22,7151
1653350400,1853.49,1855.07,1851.88,1851.95,2857
1653364800,1851.96,1857.11,1849.34,1855.85,6783
1653379200,1855.85,1860.65,1850.43,1856.1,11459
1653393600,1856.11,1860.74,1854.04,1860.1,10246
1653408000,1860.07,1869.65,1858.71,1867.08,17627
1653422400,1867.11,1867.12,1862.74,1866.07,7069
1653436800,1865.24,1868.05,1864.82,1865.22,3406
1653451200,1865.21,1865.59,1859.66,1863.19,8395
1653465600,1863.21,1863.31,1855.13,1856.03,10195
1653480000,1856.03,1859.39,1850.88,1852.59,10992
1653494400,1852.52,1854.34,1841.9,1845.15,16061
1653508800,1845.07,1856.29,1843.5,1853.27,8384
1653523200,1852.65,1854.31,1852.18,1852.41,3524
1653537600,1852.4,1853.28,1844.34,1845.09,8294
1653552000,1845.09,1850.66,1842.93,1845.89,12401
1653566400,1845.95,1847.87,1840.95,1843.33,11223
1653580800,1843.37,1853.36,1841.46,1847.69,14997
1653595200,1847.79,1853.71,1847.69,1851.56,6538
1653609600,1851.28,1853.89,1848.42,1849.39,3050
1653624000,1849.4,1856.44,1847.98,1853.2,8185
1653638400,1853.22,1860.45,1851.98,1856.78,9615
1653652800,1856.8,1861.95,1850.73,1855.76,12417
1653667200,1855.71,1861.39,1851.06,1853.21,15244
1653681600,1853.17,1854.89,1851.99,1853.28,5741
1653868800,1852.56,1853.91,1848.18,1850.44,2898
1653883200,1850.42,1861.93,1848.75,1861.02,8135
1653897600,1861.04,1864.02,1856.25,1858.91,8693
1653912000,1858.9,1859.4,1854.09,1855.32,6601
1653926400,1855.32,1861.02,1854.21,1856.31,7983
1653940800,1856.31,1856.4,1853.07,1854.75,1232
1653955200,1856.03,1856.89,1846.11,1846.45,4702
1653969600,1846.45,1853.58,1846.03,1851.53,9550
1653984000,1851.59,1857.07,1851.54,1852.6,10745
1653998400,1852.6,1854.08,1844.6,1848.93,13560
1654012800,1848.93,1855.34,1839.78,1845.98,18669
1654027200,1845.89,1846.23,1835.13,1837.66,9516
1654041600,1837.12,1838.51,1834.2,1834.42,3904
1654056000,1834.36,1837.99,1831.81,1833.48,9590
1654070400,1833.46,1837.15,1829.38,1830.06,11624
1654084800,1830.08,1844.74,1828.47,1844.15,13102
1654099200,1844.25,1849.9,1837.92,1847.59,18403
1654113600,1847.59,1849.99,1845.07,1846.69,7105
1654128000,1847.13,1848.96,1845.44,1847.26,2977
1654142400,1847.26,1847.53,1844.09,1844.99,7195
1654156800,1844.99,1853.28,1844.11,1852.1,9107
1654171200,1852.12,1858.73,1850.85,1856.53,11725
1654185600,1856.83,1870.41,1856.66,1867.79,16710
1654200000,1867.78,1870.33,1866.47,1868.08,6503
1654214400,1868.95,1874.05,1868.2,1873.25,3336
1654228800,1873.33,1873.74,1866.75,1867.86,6495
1654243200,1867.86,1869.17,1864.34,1864.83,7685
1654257600,1864.81,1867.82,1856.63,1858.33,11287
1654272000,1858.44,1865.15,1848.09,1850.92,16467
1654286400,1851.03,1851.4,1847.37,1850.45,5732
1654473600,1850.66,1853.44,1850.04,1850.8,3390
1654488000,1850.82,1856.64,1850.54,1855.36,8062
1654502400,1855.36,1856.37,1850.92,1851.67,10231
1654516800,1851.67,1857.79,1850.86,1853.57,10076
1654531200,1853.58,1854.23,1841.55,1842.29,17207
1654545600,1842.24,1843.81,1840.64,1841.99,6813
1654560000,1841.13,1842.02,1837.71,1839.04,4032
1654574400,1839.03,1844.53,1837.04,1842.38,9422
1654588800,1842.39,1848.44,1838.46,1846.59,11208
1654603200,1846.65,1851.94,1842.69,1845.05,10721
1654617600,1845.03,1853.52,1842.31,1851.1,15910
1654632000,1851.07,1855.55,1848.73,1852.13,6988
1654646400,1852.67,1853.71,1849.54,1850.24,3971
1654660800,1850.24,1850.74,1845.77,1847.47,8301
1654675200,1847.12,1851.29,1846.45,1847.42,9741
1654689600,1847.41,1853.3,1844.53,1852.04,9224
1654704000,1852.14,1859.59,1851.19,1855.4,11807
1654718400,1855.42,1855.88,1848.84,1852.48,5979
1654732800,1852.94,1854.4,1851.49,1851.93,2540
1654747200,1852.16,1855.32,1850.89,1854.08,6200
1654761600,1854.02,1854.99,1847.56,1849.65,9535
1654776000,1849.65,1852.46,1843.79,1850.36,11791
1654790400,1850.37,1851.24,1840.01,1848.64,15023
1654804800,1848.58,1850.47,1846.64,1848.02,5823
1654819200,1847.73,1847.91,1845.67,1847.63,2739
1654833600,1847.53,1848.25,1843.22,1843.23,6235
1654848000,1843.27,1847.53,1843.22,1844.66,8289
1654862400,1844.7,1845.75,1825.02,1838.22,14619
1654876800,1838.23,1875.88,1828.4,1871.69,24064
1654891200,1871.61,1875.22,1868.6,1870.86,9488
1655078400,1877.96,1879.0,1872.29,1872.65,5479
1655092800,1872.67,1872.67,1860.21,1863.41,10107
1655107200,1863.43,1867.12,1853.29,1853.3,15171
1655121600,1853.15,1858.95,1842.22,1842.92,16182
1655136000,1842.9,1845.82,1823.41,1828.82,24401
1655150400,1828.72,1830.92,1819.13,1819.57,13941
1655164800,1815.4,1824.31,1814.21,1824.09,5806
1655179200,1823.96,1828.04,1823.09,1824.8,10953
1655193600,1824.86,1831.6,1824.02,1825.84,14575
1655208000,1825.8,1825.8,1816.07,1820.08,17087
1655222400,1819.98,1822.01,1809.4,1812.43,19307
1655236800,1812.42,1813.48,1805.09,1809.0,11835
1655251200,1807.58,1811.82,1807.48,1811.46,5033
1655265600,1811.44,1819.1,1810.61,1814.46,10404
1655280000,1814.55,1824.05,1813.2,1822.17,16135
1655294400,1822.16,1836.5,1820.47,1831.58,16516
1655308800,1831.6,1832.95,1818.77,1819.83,19300
1655323200,1819.78,1841.78,1813.54,1834.59,20501
1655337600,1833.12,1836.36,1831.68,1834.14,4883
1655352000,1834.14,1834.98,1829.74,1831.02,8689
1655366400,1831.05,1833.63,1826.48,1833.52,15555
1655380800,1833.56,1836.02,1815.38,1829.39,20506
1655395200,1829.4,1852.75,1825.29,1850.21,21719
1655409600,1850.4,1857.24,1845.5,1857.02,10112
1655424000,1853.51,1853.54,1845.95,1846.62,3882
1655438400,1846.67,1847.6,1841.64,1845.56,10495
1655452800,1845.56,1851.12,1841.92,1850.01,12509
1655467200,1849.99,1853.09,1844.51,1851.23,14613
1655481600,1851.29,1851.6,1836.66,1839.41,21108
1655496000,1839.41,1841.88,1833.88,1841.1,8887
1655683200,1836.06,1840.46,1834.65,1839.81,4770
1655697600,1839.8,1845.98,1835.08,1843.38,10703
1655712000,1843.37,1844.79,1838.96,1839.75,9812
1655726400,1839.79,1843.67,1836.38,1839.08,8465
1655740800,1838.99,1843.23,1835.75,1835.84,8733
1655755200,1835.84,1838.97,1835.44,1838.34,1232
1655769600,1837.73,1841.58,1837.2,1841.01,4499
1655784000,1841.05,1842.37,1837.99,1838.62,7138
1655798400,1838.62,1839.61,1832.6,1834.62,11746
1655812800,1834.62,1839.53,1830.74,1836.12,13601
1655827200,1836.16,1843.61,1832.75,1836.31,16207
1655841600,1836.32,1836.96,1828.58,1833.0,7425
1655856000,1832.42,1832.77,1826.65,1828.46,4587
1655870400,1828.45,1830.42,1825.29,1825.66,8598
1655884800,1825.63,1830.31,1823.34,1823.97,12357
1655899200,1823.95,1846.77,1823.41,1844.61,14826
1655913600,1844.67,1847.77,1835.4,1838.29,19326
1655928000,1838.33,1841.68,1835.95,1837.87,6907
1655942400,1837.46,1838.39,1834.98,1835.71,3065
1655956800,1835.51,1838.67,1832.1,1833.27,8408
1655971200,1833.27,1838.07,1831.1,1833.06,12074
1655985600,1832.99,1834.15,1823.9,1833.99,13091
1656000000,1833.91,1846.02,1829.21,1830.36,19144
1656014400,1830.4,1830.44,1822.49,1823.55,9871
1656028800,1823.99,1825.38,1822.5,1823.91,4497
1656043200,1823.93,1826.57,1821.56,1826.06,10129
1656057600,1826.04,1831.71,1821.19,1826.2,13409
1656072000,1826.19,1829.15,1821.76,1822.09,12790
1656086400,1822.14,1831.32,1816.9,1826.39,18860
1656100800,1826.42,1830.85,1823.68,1826.26,7319
1656288000,1836.07,1836.3,1828.17,1828.94,5216
1656302400,1828.97,1836.91,1828.43,1835.47,8723
1656316800,1835.5,1841.0,1833.82,1839.58,11444
1656331200,1839.59,1840.49,1828.32,1831.87,12094
1656345600,1831.93,1834.51,1820.75,1825.33,18458
1656360000,1825.21,1826.98,1821.95,1823.06,8124
1656374400,1822.59,1824.9,1821.6,1824.79,3658
1656388800,1824.8,1826.95,1822.41,1825.41,7264
1656403200,1825.41,1829.49,1824.78,1826.54,10959
1656417600,1826.79,1827.81,1820.46,1822.47,12510
1656432000,1822.56,1826.15,1818.58,1821.62,16239
1656446400,1821.82,1822.54,1818.46,1819.88,7614
1656460800,1819.35,1820.23,1818.27,1819.82,3217
1656475200,1819.82,1822.94,1818.5,1820.76,7096
1656489600,1820.75,1822.13,1815.62,1816.39,11897
1656504000,1816.41,1832.89,1811.99,1831.33,14182
1656518400,1831.38,1832.64,1814.92,1816.93,18020
1656532800,1816.77,1819.33,1815.66,1817.92,6164
1656547200,1818.11,1820.73,1817.18,1819.72,3386
1656561600,1819.71,1821.96,1815.04,1816.14,7040
1656576000,1816.07,1817.8,1812.28,1815.91,11488
1656590400,1815.91,1824.33,1802.72,1822.51,15120
1656604800,1822.59,1824.99,1804.82,1809.92,18295
1656619200,1809.92,1810.21,1805.61,1806.77,8585
1656633600,1806.88,1807.23,1803.39,1806.4,3515
1656648000,1806.4,1806.98,1800.81,1802.85,11036
1656662400,1802.82,1802.92,1792.44,1794.79,13780
1656676800,1794.58,1797.03,1784.49,1789.82,17229
1656691200,1789.87,1808.76,1788.35,1799.41,22164
1656705600,1799.36,1809.29,1797.9,1807.42,7639
1656892800,1809.78,1811.49,1807.62,1808.21,3809
1656907200,1808.21,1814.2,1805.51,1812.32,7755
1656921600,1812.32,1813.36,1806.45,1807.37,8646
1656936000,1807.37,1809.59,1803.95,1807.65,8200
1656950400,1807.66,1810.97,1805.47,1806.7,7561
1656964800,1806.74,1808.03,1806.29,1807.55,955
1656979200,1807.73,1809.74,1806.45,1807.52,3567
1656993600,1807.76,1812.08,1807.48,1811.43,7650
1657008000,1811.33,1811.92,1800.59,1800.91,11671
1657022400,1800.92,1805.23,1796.29,1800.39,13712
1657036800,1800.36,1800.36,1765.01,1767.35,20674
1657051200,1767.34,1769.04,1763.91,1765.91,9656
1657065600,1766.97,1771.18,1766.68,1771.13,4233
1657080000,1771.12,1772.88,1765.86,1766.52,10923
1657094400,1766.5,1771.75,1763.05,1766.15,14287
1657108800,1766.11,1767.91,1759.62,1765.37,14658
1657123200,1765.14,1767.83,1732.26,1735.11,21593
1657137600,1735.17,1743.94,1733.52,1738.63,11721
1657152000,1740.16,1742.57,1738.43,1741.85,4048
1657166400,1741.85,1747.06,1736.45,1744.36,10262
1657180800,1744.35,1747.65,1740.04,1742.12,12032
1657195200,1742.1,1745.86,1738.34,1739.54,14244
1657209600,1739.57,1749.1,1737.95,1742.63,17065
1657224000,1742.57,1742.97,1738.7,1740.06,7097
1657238400,1740.65,1744.83,1738.88,1744.56,3468
1657252800,1744.54,1746.61,1739.55,1741.91,10190
1657267200,1741.94,1743.83,1733.2,1737.79,11773
1657281600,1737.85,1745.54,1732.97,1738.5,13385
1657296000,1738.5,1752.19,1736.38,1742.29,18697
1657310400,1742.29,1744.23,1741.07,1741.76,5647
1657497600,1741.03,1744.49,1739.77,1741.57,3876
1657512000,1741.6,1743.43,1738.47,1742.22,9106
1657526400,1742.22,1742.33,1735.94,1737.89,11744
1657540800,1737.9,1739.87,1733.6,1736.82,12676
1657555200,1736.84,1742.61,1734.07,1734.93,18283
1657569600,1734.89,1736.73,1731.24,1733.28,7505
1657584000,1733.43,1735.63,1731.9,1732.48,3432
1657598400,1732.66,1744.13,1723.13,1728.79,11814
1657612800,1728.81,1739.13,1725.51,1734.63,14414
1657627200,1734.63,1739.3,1730.79,1732.09,14927
1657641600,1732.03,1733.91,1726.06,1729.5,19399
1657656000,1729.47,1729.8,1724.47,1725.93,9252
1657670400,1725.76,1726.21,1722.7,1724.81,3586
1657684800,1724.79,1728.72,1723.99,1725.72,10566
1657699200,1725.73,1728.45,1722.41,1727.85,14002
1657713600,1727.79,1731.8,1707.3,1712.65,14658
1657728000,1712.59,1745.3,1710.53,1737.88,27388
1657742400,1738.05,1740.01,1731.95,1734.84,12798
1657756800,1735.78,1736.07,1727.24,1728.19,4546
1657771200,1728.19,1733.52,1725.42,1727.96,11430
1657785600,1727.98,1728.83,1715.09,1716.69,17356
1657800000,1716.65,1717.3,1707.85,1709.27,18710
1657814400,1709.26,1714.46,1697.41,1705.8,28900
1657828800,1705.8,1712.31,1705.7,1710.57,12166
1657843200,1710.95,1712.13,1709.84,1710.54,3747
1657857600,1710.45,1716.53,1707.46,1709.3,11191
1657872000,1709.34,1710.8,1700.62,1704.5,14924
1657886400,1704.43,1710.81,1700.03,1707.45,16275
1657900800,1707.5,1713.98,1699.11,1704.67,22548
1657915200,1704.67,1706.62,1703.63,1706.51,6976
1658102400,1706.89,1711.14,1706.53,1708.48,3524
1658116800,1708.53,1717.7,1708.06,1714.21,9327
1658131200,1714.2,1720.74,1711.87,1719.22,12539
1658145600,1719.2,1723.89,1711.48,1717.18,13636
1658160000,1717.16,1721.23,1708.89,1711.97,18916
1658174400,1711.96,1712.79,1706.69,1708.97,9306
1658188800,1709.88,1710.06,1705.32,1707.64,2427
1658203200,1707.61,1709.85,1705.36,1708.48,7309
1658217600,1708.49,1713.3,1707.45,1713.24,12386
1658232000,1713.24,1718.44,1708.57,1708.91,14087
1658246400,1708.82,1715.24,1708.56,1711.52,17567
1658260800,1711.52,1713.11,1709.75,1711.59,7232
1658275200,1711.15,1712.54,1709.64,1712.11,2806
1658289600,1712.06,1713.43,1709.49,1711.73,6144
1658304000,1711.72,1712.11,1705.97,1707.95,11260
1658318400,1707.92,1713.92,1706.34,1708.82,13531
1658332800,1708.85,1714.4,1701.32,1702.93,17413
1658347200,1702.95,1704.21,1692.47,1696.21,10656
1658361600,1696.57,1697.27,1691.86,1694.69,2772
1658376000,1694.57,1694.69,1689.95,1692.53,7604
1658390400,1692.42,1693.78,1684.95,1685.06,11397
1658404800,1685.08,1707.2,1680.85,1706.65,15580
1658419200,1706.58,1718.34,1693.18,1711.72,19978
1658433600,1711.71,1720.07,1710.93,1719.16,8962
1658448000,1718.13,1719.29,1716.84,1717.09,3782
1658462400,1717.08,1718.12,1712.86,1713.46,7234
1658476800,1713.49,1720.38,1713.21,1718.26,12267
1658491200,1718.26,1730.16,1717.72,1724.04,14854
1658505600,1724.08,1739.22,1722.1,1728.9,20756
1658520000,1728.86,1729.61,1720.37,1723.89,10357
1658707200,1725.98,1727.04,1720.49,1720.51,4020
1658721600,1720.54,1728.87,1719.81,1726.66,8242
1658736000,1726.52,1730.31,1723.78,1728.46,11590
1658750400,1728.45,1736.23,1724.17,1724.72,13885
1658764800,1724.72,1725.45,1714.72,1718.0,18088
1658779200,1718.01,1721.4,1716.2,1719.19,8364
1658793600,1718.98,1722.04,1718.0,1721.38,3005
1658808000,1721.37,1728.17,1720.82,1721.66,8188
1658822400,1721.63,1727.9,1721.08,1722.73,10824
1658836800,1722.7,1724.45,1713.64,1719.19,13744
1658851200,1719.21,1721.93,1714.38,1719.13,17862
1658865600,1719.12,1720.12,1716.34,1716.94,8108
1658880000,1717.35,1720.11,1717.28,1718.96,2976
1658894400,1719.02,1719.74,1713.59,1714.94,7379
1658908800,1714.94,1725.17,1714.5,1723.55,10851
1658923200,1723.51,1724.4,1717.85,1718.13,11965
1658937600,1718.12,1721.26,1711.46,1720.75,15415
1658952000,1720.77,1740.18,1719.25,1734.16,16062
1658966400,1734.24,1739.94,1734.04,1736.51,4397
1658980800,1736.57,1741.64,1733.96,1736.3,10037
1658995200,1736.3,1748.48,1735.35,1745.72,13002
1659009600,1745.67,1749.8,1736.13,1744.65,16631
1659024000,1744.54,1756.79,1741.03,1753.97,24235
1659038400,1753.88,1757.05,1750.38,1756.44,10156
1659052800,1755.28,1756.22,1753.86,1755.82,4533
1659067200,1755.83,1763.97,1752.68,1761.44,9911
1659081600,1761.45,1767.87,1761.01,1763.8,14026
1659096000,1763.79,1764.44,1755.69,1757.31,16240
1659110400,1757.31,1767.1,1752.09,1763.52,21821
1659124800,1763.53,1766.57,1760.9,1765.4,10198
1659312000,1765.09,1765.21,1760.41,1762.73,3773
1659326400,1762.73,1765.81,1759.69,1760.29,9128
1659340800,1760.25,1767.42,1758.31,1765.48,12425
1659355200,1765.52,1775.06,1764.75,1769.38,14989
1659369600,1769.3,1774.71,1764.27,1772.99,21873
1659384000,1772.94,1772.95,1766.52,1772.44,9934
1659398400,1771.72,1780.47,1770.82,1780.28,4464
1659412800,1780.33,1780.33,1772.72,1772.89,9680
1659427200,1772.87,1776.08,1768.84,1773.3,13920
1659441600,1773.17,1788.0,1772.56,1784.89,14700
1659456000,1785.07,1786.11,1773.24,1776.17,24598
1659470400,1776.15,1777.13,1760.45,1761.5,13355
1659484800,1761.9,1761.96,1754.88,1756.7,4879
1659499200,1756.62,1769.88,1755.52,1768.85,11568
1659513600,1768.86,1770.6,1764.04,1765.1,12409
1659528000,1765.11,1772.42,1760.17,1771.92,13361
1659542400,1771.87,1772.8,1754.27,1759.38,21150
1659556800,1759.42,1766.24,1758.85,1765.23,8354
1659571200,1765.43,1767.49,1763.15,1767.42,2662
1659585600,1767.41,1771.93,1765.97,1770.91,8323
1659600000,1770.91,1776.92,1769.03,1776.35,11393
1659614400,1776.36,1788.22,1776.07,1780.79,14992
1659628800,1780.75,1791.57,1774.28,1790.49,20122
1659643200,1790.43,1794.9,1789.42,1790.76,8723
1659657600,1790.7,1794.83,1789.62,1794.0,3387
1659672000,1794.02,1794.85,1788.69,1791.77,8532
1659686400,1791.75,1792.71,1785.47,1787.33,11657
1659700800,1787.41,1789.23,1767.44,1768.99,15010
1659715200,1768.9,1779.09,1764.97,1774.27,23160
1659729600,1774.26,1776.05,1771.89,1774.96,6801
1659916800,1773.11,1775.13,1771.18,1774.2,3409
1659931200,1774.21,1775.4,1771.6,1771.95,6752
1659945600,1771.94,1779.15,1771.32,1773.95,11123
1659960000,1773.98,1786.51,1772.94,1781.9,11959
1659974400,1781.81,1790.03,1780.65,1787.61,15823
1659988800,1787.65,1789.54,1786.43,1788.47,7660
1660003200,1788.56,1790.67,1787.86,1789.01,2867
1660017600,1789.12,1790.01,1783.2,1786.18,6961
1660032000,1786.18,1793.36,1783.57,1790.37,10451
1660046400,1790.34,1794.71,1788.02,1793.86,12364
1660060800,1793.87,1800.36,1790.1,1795.2,16160
1660075200,1795.2,1796.55,1793.29,1793.72,6420
1660089600,1794.09,1794.49,1791.61,1792.75,2251
1660104000,1792.68,1794.6,1789.86,1790.4,5774
1660118400,1790.38,1793.06,1787.57,1792.4,9963
1660132800,1792.4,1807.95,1786.96,1797.37,13337
1660147200,1797.22,1802.45,1791.59,1798.12,20801
1660161600,1798.2,1798.45,1788.11,1790.47,9266
1660176000,1792.63,1792.68,1789.56,1790.46,2216
1660190400,1790.51,1790.51,1784.09,1785.25,7079
1660204800,1785.26,1789.79,1783.46,1789.57,11196
1660219200,1789.6,1799.16,1787.79,1796.77,13860
1660233600,1796.71,1799.26,1786.37,1788.88,20134
1660248000,1788.9,1791.93,1785.03,1789.17,9406
1660262400,1789.79,1789.84,1786.71,1788.33,2743
1660276800,1788.39,1792.5,1786.19,1790.65,6226
1660291200,1790.65,1794.1,1786.03,1787.35,10024
1660305600,1787.35,1794.23,1784.91,1793.37,13572
1660320000,1793.38,1798.68,1790.47,1797.17,19423
1660334400,1797.23,1802.12,1797.05,1801.0,8082
1660521600,1801.53,1801.62,1798.7,1801.19,2736
1660536000,1801.18,1801.74,1793.57,1794.48,6579
1660550400,1794.48,1794.7,1781.82,1783.57,10948
1660564800,1783.53,1786.27,1772.95,1779.9,16803
1660579200,1779.96,1782.95,1775.76,1782.7,16199
1660593600,1782.7,1784.13,1777.55,1778.9,6737
1660608000,1779.41,1779.67,1777.53,1777.7,2925
1660622400,1777.67,1783.13,1776.82,1781.99,5880
1660636800,1782.01,1782.14,1773.99,1775.46,9981
1660651200,1775.47,1778.53,1771.44,1771.74,12677
1660665600,1771.92,1778.64,1771.92,1776.23,16853
1660680000,1776.23,1777.57,1773.99,1775.08,7004
1660694400,1775.78,1776.07,1773.83,1774.72,2492
1660708800,1774.7,1779.16,1773.97,1778.61,6056
1660723200,1778.61,1782.27,1771.97,1775.12,12360
1660737600,1775.22,1775.22,1764.71,1771.51,15035
1660752000,1771.65,1773.44,1759.83,1762.52,19426
1660766400,1762.63,1770.18,1761.14,1764.42,11049
1660780800,1762.49,1766.31,1762.22,1765.38,2750
1660795200,1765.43,1767.52,1761.64,1763.26,6276
1660809600,1763.27,1766.24,1760.89,1766.18,11506
1660824000,1766.18,1772.39,1765.33,1767.29,14298
1660838400,1767.24,1769.93,1756.48,1757.23,17840
1660852800,1757.26,1761.22,1755.34,1758.65,7055
1660867200,1758.85,1759.18,1754.75,1755.4,3586
1660881600,1755.52,1757.71,1751.88,1753.14,8089
1660896000,1753.11,1757.39,1751.91,1754.17,11672
1660910400,1754.18,1757.71,1749.81,1756.49,14659
1660924800,1756.28,1758.1,1745.75,1749.75,16424
1660939200,1749.79,1750.25,1745.57,1746.58,7236
1661126400,1745.58,1748.02,1744.9,1745.31,3068
1661140800,1745.37,1749.01,1743.88,1744.75,7150
1661155200,1744.75,1744.99,1732.43,1734.95,12266
1661169600,1734.97,1738.52,1727.72,1730.52,14637
1661184000,1730.55,1739.99,1730.33,1735.13,17586
1661198400,1735.13,1737.79,1733.77,1734.89,6545
1661212800,1735.83,1738.77,1734.14,1738.15,2695
1661227200,1738.11,1740.52,1736.81,1736.84,6830
1661241600,1736.81,1743.87,1734.72,1740.69,12536
1661256000,1740.68,1741.51,1730.8,1735.96,12944
1661270400,1736.05,1754.02,1735.52,1749.75,19879
1661284800,1749.75,1750.19,1745.89,1747.93,6811
1661299200,1747.41,1747.7,1745.38,1746.13,2868
1661313600,1746.16,1747.38,1743.99,1746.8,6215
1661328000,1746.78,1752.47,1744.15,1751.93,11339
1661342400,1751.93,1753.62,1742.47,1745.78,14399
1661356800,1745.77,1755.82,1742.96,1749.62,17878
1661371200,1749.6,1752.69,1747.71,1751.59,7092
1661385600,1751.35,1753.68,1749.88,1752.86,2716
1661400000,1752.73,1757.75,1752.29,1757.21,6948
1661414400,1757.21,1765.19,1755.93,1762.51,12115
1661428800,1762.49,1765.41,1756.94,1760.3,13501
1661443200,1760.34,1761.71,1752.26,1758.22,16436
1661457600,1758.22,1759.83,1754.93,1758.14,6700
1661472000,1758.12,1758.16,1754.92,1755.39,2067
1661486400,1755.49,1757.43,1752.28,1755.73,6003
1661500800,1755.69,1758.76,1750.12,1752.16,11579
1661515200,1752.17,1752.5,1743.69,1745.9,14018
1661529600,1745.9,1756.09,1734.15,1735.98,24656
1661544000,1735.9,1739.46,1735.11,1737.28,6433
1661731200,1734.82,1738.38,1733.27,1734.47,4982
1661745600,1734.47,1734.51,1721.13,1722.82,9563
1661760000,1722.89,1725.85,1720.32,1722.22,11631
1661774400,1722.28,1736.79,1721.57,1736.2,13293
1661788800,1736.24,1745.41,1735.36,1738.1,17193
1661803200,1738.1,1739.64,1735.9,1737.32,6144
1661817600,1737.87,1740.49,1736.35,1739.55,2771
1661832000,1739.45,1740.19,1733.85,1735.74,7682
1661846400,1735.72,1737.79,1729.03,1734.48,12530
1661860800,1734.5,1735.3,1728.09,1730.53,12562
1661875200,1730.55,1732.83,1721.19,1724.22,17920
1661889600,1724.21,1726.23,1723.01,1724.08,7859
1661904000,1723.04,1724.43,1722.18,1722.95,2380
1661918400,1723.09,1725.82,1720.59,1724.72,6372
1661932800,1724.77,1726.52,1713.41,1714.07,11990
1661947200,1714.1,1716.37,1709.64,1711.57,16317
1661961600,1711.6,1723.46,1710.29,1716.19,19173
1661976000,1716.09,1716.33,1709.54,1710.49,8847
1661990400,1711.01,1711.37,1705.5,1705.99,4582
1662004800,1705.88,1707.24,1702.2,1702.91,7994
1662019200,1702.91,1708.48,1700.55,1702.13,12158
1662033600,1702.12,1708.7,1694.88,1701.05,15133
1662048000,1701.07,1702.1,1688.76,1695.0,20363
1662062400,1694.91,1699.16,1694.27,1696.35,7046
1662076800,1697.24,1699.28,1694.99,1697.95,2269
1662091200,1697.95,1700.25,1696.3,1699.29,6813
1662105600,1699.25,1704.61,1698.89,1704.51,10122
1662120000,1704.54,1714.91,1704.14,1708.77,13330
1662134400,1708.77,1717.96,1706.13,1714.05,19305
1662148800,1714.06,1715.57,1708.82,1711.61,8989
1662336000,1711.13,1711.59,1707.69,1708.9,3462
1662350400,1708.86,1714.0,1708.44,1712.82,7252
1662364800,1712.82,1714.08,1708.2,1711.85,10618
1662379200,1711.84,1715.78,1710.43,1712.67,8654
1662393600,1712.67,1713.61,1710.02,1712.05,6114
1662408000,1712.11,1712.24,1711.84,1711.84,74
1662422400,1710.59,1726.72,1710.59,1723.84,3956
1662436800,1723.87,1723.88,1715.34,1715.63,7239
1662451200,1715.63,1720.78,1712.77,1713.36,12267
1662465600,1713.31,1714.96,1706.92,1707.71,13563
1662480000,1707.85,1711.75,1701.08,1701.42,20462
1662494400,1701.41,1703.81,1699.8,1701.37,9221
1662508800,1702.12,1703.9,1692.46,1696.21,4529
1662523200,1696.18,1698.69,1691.38,1693.65,9645
1662537600,1693.85,1705.37,1693.52,1704.04,13105
1662552000,1704.08,1707.14,1698.95,1700.24,14670
1662566400,1700.2,1715.01,1697.03,1714.79,17154
1662580800,1714.96,1719.24,1714.1,1718.45,8713
1662595200,1718.4,1718.52,1715.47,1715.58,3063
1662609600,1715.59,1719.32,1713.53,1714.62,8869
1662624000,1714.66,1722.88,1714.46,1718.02,13115
1662638400,1717.92,1728.14,1713.83,1715.77,15725
1662652800,1715.69,1716.75,1703.91,1706.12,20232
1662667200,1706.17,1711.63,1705.83,1708.73,8227
1662681600,1708.58,1715.2,1708.42,1713.54,3231
1662696000,1713.52,1721.75,1713.21,1721.36,8979
1662710400,1721.35,1729.47,1718.16,1728.52,13321
1662724800,1728.49,1729.4,1718.42,1718.74,15289
1662739200,1718.86,1720.31,1711.33,1720.02,16796
1662753600,1720.14,1720.19,1714.58,1716.3,5694
1662940800,1718.22,1720.15,1716.25,1716.92,2902
1662955200,1716.92,1718.72,1711.91,1712.83,5530
1662969600,1712.81,1726.46,1712.08,1725.75,12987
1662984000,1725.76,1733.79,1723.39,1729.66,15535
1662998400,1729.67,1735.07,1723.67,1731.79,17609
1663012800,1731.79,1731.87,1723.74,1724.9,8209
1663027200,1724.71,1727.59,1723.97,1724.74,3253
1663041600,1724.75,1725.09,1720.34,1721.95,7546
1663056000,1721.96,1726.05,1719.96,1725.32,11637
1663070400,1725.33,1731.82,1703.1,1703.82,16540
1663084800,1703.74,1709.55,1697.07,1705.49,20523
1663099200,1705.51,1707.26,1701.12,1702.51,9400
1663113600,1701.11,1703.16,1698.48,1700.24,4778
1663128000,1700.13,1705.08,1697.25,1703.89,9207
1663142400,1703.98,1706.13,1698.85,1704.38,15307
1663156800,1704.35,1707.05,1699.15,1705.81,16195
1663171200,1705.77,1706.99,1701.03,1701.25,17155
1663185600,1701.26,1701.36,1693.61,1696.52,9968
1663200000,1697.42,1698.19,1695.25,1695.58,2524
1663214400,1695.44,1696.53,1686.92,1687.42,6828
1663228800,1687.44,1689.94,1685.58,1687.3,11814
1663243200,1687.31,1692.26,1682.28,1687.54,15624
1663257600,1687.46,1690.91,1660.28,1664.9,21361
1663272000,1664.88,1669.27,1661.47,1664.13,9596
1663286400,1664.77,1666.37,1661.31,1665.49,3771
1663300800,1665.49,1667.62,1661.21,1664.07,7846
1663315200,1664.08,1664.52,1654.06,1659.12,12786
1663329600,1659.11,1667.79,1658.08,1660.26,14105
1663344000,1660.28,1680.24,1657.14,1673.11,20372
1663358400,1673.06,1677.72,1671.06,1675.08,8067
1663545600,1674.33,1679.91,1673.83,1675.9,3372
1663560000,1675.93,1676.86,1666.75,1668.5,6516
1663574400,1668.52,1669.7,1659.63,1662.56,10244
1663588800,1662.56,1667.57,1660.65,1664.82,12067
1663603200,1664.87,1675.23,1662.27,1670.72,16652
1663617600,1670.72,1675.89,1668.85,1675.85,5973
1663632000,1675.55,1679.4,1674.84,1676.06,3344
1663646400,1676.17,1677.87,1673.21,1673.45,6889
1663660800,1673.46,1675.9,1668.02,1668.94,12725
1663675200,1668.92,1670.27,1665.2,1667.84,14115
1663689600,1667.82,1668.81,1659.93,1664.04,17839
1663704000,1664.02,1666.33,1661.58,1664.65,8403
1663718400,1664.88,1667.43,1663.65,1663.95,2964
1663732800,1664.06,1666.44,1661.73,1661.99,6424
1663747200,1662.0,1676.19,1661.91,1671.1,13956
1663761600,1671.1,1677.59,1670.88,1674.21,12112
1663776000,1674.18,1675.07,1664.98,1665.27,14543
1663790400,1665.27,1687.95,1654.02,1674.02,17888
1663804800,1671.54,1672.28,1660.41,1660.5,4273
1663819200,1660.47,1664.76,1656.74,1660.43,9989
1663833600,1660.38,1678.04,1655.66,1670.81,17223
1663848000,1670.78,1684.88,1664.77,1681.89,19362
1663862400,1681.82,1681.82,1667.93,1673.98,22067
1663876800,1674.01,1674.72,1669.35,1671.53,10588
1663891200,1671.38,1674.71,1670.43,1674.18,2517
1663905600,1674.17,1675.82,1668.2,1668.68,6804
1663920000,1668.66,1674.11,1660.73,1661.59,13945
1663934400,1661.45,1663.04,1641.16,1646.14,21331
1663948800,1646.14,1657.89,1641.57,1646.23,21413
1663963200,1646.19,1648.44,1639.74,1643.97,10496
1664150400,1643.02,1645.7,1626.87,1627.82,5589
1664164800,1627.75,1645.39,1627.47,1635.39,13898
1664179200,1635.36,1649.77,1634.57,1646.48,17910
1664193600,1646.5,1647.72,1636.21,1645.97,18547
1664208000,1645.95,1648.3,1627.79,1631.19,21852
1664222400,1631.2,1631.34,1621.08,1624.08,15118
1664236800,1623.86,1630.99,1623.6,1630.82,4642
1664251200,1630.75,1632.87,1628.57,1631.63,8445
1664265600,1631.55,1640.57,1631.09,1635.72,14885
1664280000,1635.75,1642.37,1632.42,1635.39,16409
1664294400,1635.39,1639.93,1628.27,1629.4,21567
1664308800,1629.38,1632.58,1626.69,1629.11,11874
1664323200,1629.82,1630.53,1625.11,1626.92,3796
1664337600,1626.73,1627.28,1622.82,1623.48,10548
1664352000,1623.45,1625.57,1614.75,1620.11,17341
1664366400,1620.11,1638.23,1615.87,1635.07,22139
1664380800,1634.77,1660.85,1633.85,1659.15,23227
1664395200,1659.15,1662.67,1658.62,1659.69,12804
1664409600,1658.71,1659.47,1652.84,1653.93,3594
1664424000,1653.93,1659.3,1651.89,1652.32,10943
1664438400,1652.36,1652.58,1641.46,1644.2,17156
1664452800,1644.12,1656.21,1644.12,1649.37,19039
1664467200,1649.44,1664.88,1644.48,1658.84,22940
1664481600,1658.84,1662.18,1657.2,1660.44,11640
1664496000,1661.25,1665.28,1661.25,1664.76,4362
1664510400,1664.76,1664.83,1659.2,1663.0,9701
1664524800,1663.06,1674.3,1662.79,1671.9,16820
1664539200,1672.15,1672.39,1662.2,1664.49,18228
1664553600,1664.53,1675.39,1662.03,1664.01,20124
1664568000,1664.03,1665.98,1660.1,1661.06,11251
1664755200,1664.2,1665.28,1663.15,1664.2,4839
1664769600,1664.3,1669.44,1662.11,1662.25,8781
1664784000,1662.19,1668.26,1661.05,1663.03,15023
1664798400,1663.04,1670.08,1659.68,1665.56,16108
1664812800,1665.45,1694.09,1665.29,1691.1,22532
1664827200,1691.17,1701.44,1689.87,1698.49,11501
1664841600,1699.03,1702.53,1697.49,1698.65,4178
1664856000,1698.75,1701.33,1695.12,1699.66,10214
1664870400,1699.67,1710.72,1697.57,1708.89,15954
1664884800,1708.89,1713.18,1700.52,1711.95,18305
1664899200,1711.93,1729.38,1706.31,1723.22,21560
1664913600,1723.25,1726.6,1719.99,1725.69,10467
1664928000,1724.81,1726.12,1721.46,1723.01,3658
1664942400,1722.96,1723.7,1717.53,1718.36,10245
1664956800,1718.36,1727.79,1709.85,1714.76,14899
1664971200,1714.73,1715.17,1703.1,1713.16,17463
1664985600,1713.23,1713.7,1700.51,1708.47,21429
1665000000,1708.48,1718.61,1707.64,1716.56,11094
1665014400,1715.94,1723.54,1714.8,1720.22,4261
1665028800,1720.22,1724.24,1719.31,1723.8,8939
1665043200,1723.82,1725.54,1713.94,1714.15,15003
1665057600,1714.13,1719.66,1710.87,1715.43,15788
1665072000,1715.36,1717.08,1706.91,1711.8,21682
1665086400,1711.85,1715.13,1710.55,1713.06,9072
1665100800,1711.67,1713.42,1710.87,1711.02,3166
1665115200,1711.04,1713.33,1709.13,1709.52,6951
1665129600,1709.58,1714.04,1708.41,1712.25,13235
1665144000,1712.25,1714.79,1690.53,1697.94,15632
1665158400,1697.82,1707.21,1693.88,1699.77,22898
1665172800,1699.72,1702.37,1693.22,1694.36,9172
1665360000,1696.18,1699.77,1692.83,1694.58,4068
1665374400,1694.6,1696.19,1685.18,1686.67,9279
1665388800,1686.63,1689.4,1679.98,1680.17,15821
1665403200,1680.17,1684.49,1673.93,1677.15,17947
1665417600,1677.13,1678.64,1665.63,1667.84,24306
1665432000,1667.88,1671.61,1667.01,1667.94,10722
1665446400,1668.47,1672.93,1667.8,1672.36,4286
1665460800,1672.21,1673.54,1661.31,1663.22,13695
1665475200,1663.21,1669.78,1662.73,1665.66,20081
1665489600,1665.73,1672.94,1660.99,1669.5,21398
1665504000,1669.54,1683.94,1663.47,1680.64,27919
1665518400,1680.7,1681.09,1663.76,1666.29,17967
1665532800,1666.33,1666.64,1661.68,1665.01,5062
1665547200,1664.98,1672.11,1661.33,1668.56,13575
1665561600,1668.57,1675.37,1666.03,1670.04,21366
1665576000,1670.04,1673.01,1664.61,1671.65,20429
1665590400,1671.62,1673.22,1667.16,1669.79,26156
1665604800,1669.81,1678.24,1668.98,1672.83,15114
1665619200,1673.68,1675.36,1672.87,1674.15,3234
1665633600,1674.23,1674.64,1669.0,1670.18,7483
1665648000,1670.17,1675.27,1667.01,1674.94,14040
1665662400,1674.9,1682.45,1644.62,1654.64,26682
1665676800,1654.5,1668.64,1642.33,1665.75,44916
1665691200,1665.73,1672.55,1663.39,1666.11,16936
1665705600,1665.68,1666.06,1661.61,1661.74,4484
1665720000,1661.73,1670.24,1658.89,1667.59,13202
1665734400,1667.57,1671.68,1660.44,1660.66,20058
1665748800,1660.66,1663.26,1650.17,1663.26,26239
1665763200,1663.28,1663.91,1641.35,1643.8,38226
1665777600,1643.9,1645.32,1640.15,1644.09,14100
1665964800,1646.05,1648.97,1644.07,1648.23,5872
1665979200,1648.32,1652.64,1646.68,1649.49,9746
1665993600,1649.45,1657.46,1648.51,1655.34,19802
1666008000,1655.34,1668.2,1654.6,1666.57,21080
1666022400,1666.6,1668.42,1657.26,1657.36,23754
1666036800,1657.36,1659.98,1646.7,1650.54,11241
1666051200,1650.44,1652.32,1649.66,1652.11,3877
1666065600,1652.13,1660.79,1648.86,1659.31,11595
1666080000,1659.38,1660.83,1649.78,1649.91,19266
1666094400,1649.91,1657.31,1648.62,1656.41,20923
1666108800,1656.41,1656.68,1645.8,1650.26,26455
1666123200,1650.25,1652.77,1648.21,1651.9,12827
1666137600,1651.93,1654.41,1650.91,1653.07,3843
1666152000,1653.07,1653.38,1645.62,1646.32,8635
1666166400,1646.3,1647.85,1637.67,1640.78,19826
1666180800,1640.73,1642.14,1630.37,1634.9,22967
1666195200,1634.92,1637.73,1628.33,1629.63,25996
1666209600,1629.65,1630.31,1627.66,1628.92,13493
1666224000,1629.36,1630.28,1625.94,1628.44,4167
1666238400,1628.43,1632.89,1622.45,1632.84,12326
1666252800,1632.82,1635.0,1627.04,1629.27,19362
1666267200,1629.29,1639.94,1629.29,1632.61,24501
1666281600,1632.56,1645.63,1630.38,1636.23,27503
1666296000,1636.23,1636.26,1624.73,1627.87,13443
1666310400,1628.1,1628.4,1625.16,1626.82,3946
1666324800,1626.87,1628.24,1620.23,1621.82,10368
1666339200,1621.84,1627.27,1617.22,1620.6,18543
1666353600,1620.59,1633.58,1619.17,1631.25,23026
1666368000,1631.25,1653.99,1629.3,1651.45,49948
1666382400,1651.46,1657.09,1650.77,1656.51,17112
1666569600,1659.82,1670.62,1656.38,1656.89,16501
1666584000,1656.89,1658.53,1651.84,1658.11,11630
1666598400,1658.07,1658.64,1644.39,1647.78,23126
1666612800,1647.78,1652.34,1645.44,1649.14,23571
1666627200,1649.19,1654.44,1643.88,1650.53,32176
1666641600,1650.54,1652.04,1647.74,1649.7,8170
1666656000,1649.9,1654.03,1649.81,1653.65,5396
1666670400,1653.64,1654.84,1647.15,1650.17,12486
1666684800,1650.17,1651.72,1642.86,1643.91,17071
1666699200,1643.92,1645.94,1638.26,1642.26,18912
1666713600,1642.2,1662.3,1642.02,1653.18,29244
1666728000,1653.15,1656.98,1652.35,1652.95,11842
1666742400,1652.25,1653.96,1649.78,1650.33,5194
1666756800,1650.43,1657.62,1649.71,1655.76,10386
1666771200,1655.75,1673.5,1655.15,1672.97,21496
1666785600,1672.96,1674.86,1660.56,1662.04,21168
1666800000,1661.94,1672.56,1661.49,1666.58,27910
1666814400,1666.54,1667.21,1663.22,1664.41,12010
1666828800,1664.17,1669.44,1663.97,1667.17,5268
1666843200,1667.22,1670.72,1662.3,1665.35,12493
1666857600,1665.45,1669.67,1659.02,1663.46,19755
1666872000,1663.44,1664.51,1654.79,1660.14,22680
1666886400,1660.14,1665.65,1656.28,1657.94,31239
1666900800,1658.16,1663.41,1657.05,1661.47,12995
1666915200,1662.01,1663.06,1660.52,1661.89,4061
1666929600,1662.0,1666.98,1661.09,1664.5,13240
1666944000,1664.47,1665.13,1647.81,1650.57,22139
1666958400,1650.84,1653.01,1639.98,1643.25,24911
1666972800,1643.36,1649.2,1637.97,1642.69,28678
1666987200,1642.73,1645.14,1640.69,1644.88,7680
1667174400,1643.64,1645.33,1642.08,1642.21,5072
1667188800,1642.17,1645.52,1640.57,1644.33,8214
1667203200,1644.36,1645.63,1635.6,1637.06,13335
1667217600,1637.1,1642.03,1635.58,1637.06,17228
1667232000,1637.04,1642.06,1633.41,1636.53,21010
1667246400,1636.53,1637.75,1631.68,1633.18,10295
1667260800,1632.55,1634.27,1630.54,1633.88,3234
1667275200,1633.88,1640.09,1633.28,1637.87,10789
1667289600,1637.81,1649.82,1637.65,1647.47,18005
1667304000,1647.59,1656.93,1645.56,1653.97,20013
1667318400,1653.97,1655.62,1642.04,1644.94,35819
1667332800,1645.03,1651.09,1644.87,1646.83,11992
1667347200,1646.32,1650.49,1645.95,1650.36,3590
1667361600,1650.32,1653.23,1647.28,1650.16,9231
1667376000,1650.18,1655.41,1649.59,1652.25,12712
1667390400,1652.26,1658.83,1651.9,1656.91,17363
1667404800,1656.93,1657.47,1645.62,1647.68,18664
1667419200,1647.68,1669.55,1634.98,1635.1,33417
1667433600,1634.3,1637.92,1631.76,1637.82,4180
1667448000,1637.81,1640.92,1635.96,1637.7,9022
1667462400,1637.7,1638.43,1624.58,1627.21,16262
1667476800,1627.23,1628.24,1616.6,1618.27,25680
1667491200,1618.27,1631.44,1617.16,1627.13,33948
1667505600,1627.12,1632.36,1626.98,1629.33,10736
1667520000,1629.05,1632.08,1628.8,1630.67,3507
1667534400,1630.68,1647.01,1629.26,1646.82,10619
1667548800,1646.82,1649.74,1643.96,1647.97,18630
1667563200,1647.97,1660.51,1641.16,1659.61,27566
1667577600,1659.61,1675.44,1658.82,1673.2,38325
1667592000,1673.23,1681.73,1672.12,1680.54,16633
1667779200,1675.31,1680.19,1670.55,1672.35,10830
1667793600,1672.35,1674.9,1670.27,1672.19,10524
1667808000,1672.19,1680.4,1666.87,1678.6,20185
1667822400,1678.55,1680.1,1673.53,1677.94,19061
1667836800,1677.99,1681.83,1673.88,1677.05,24663
1667851200,1677.06,1677.95,1674.23,1674.68,8093
1667865600,1674.38,1676.65,1672.45,1673.58,5445
1667880000,1673.58,1674.39,1668.22,1668.33,8345
1667894400,1668.25,1671.62,1664.71,1671.49,16746
1667908800,1671.49,1675.21,1669.82,1672.92,17013
1667923200,1672.91,1716.84,1672.82,1714.98,29488
1667937600,1715.03,1716.86,1708.23,1712.48,19692
1667952000,1711.59,1713.36,1706.93,1706.96,7663
1667966400,1707.03,1712.52,1707.01,1709.34,11517
1667980800,1709.35,1715.82,1707.01,1707.95,19923
1667995200,1708.0,1710.07,1703.11,1710.01,22502
1668009600,1710.03,1722.31,1707.4,1712.5,28858
1668024000,1712.62,1712.94,1702.15,1706.27,16864
1668038400,1705.87,1708.85,1703.79,1706.76,6361
1668052800,1706.75,1712.25,1705.77,1712.21,9994
1668067200,1712.27,1712.53,1704.64,1707.06,18738
1668081600,1707.07,1737.1,1704.02,1733.1,24728
1668096000,1733.08,1753.28,1732.48,1748.34,35327
1668110400,1748.73,1757.26,1748.41,1754.75,16634
1668124800,1753.16,1754.51,1747.22,1747.42,8670
1668139200,1747.45,1763.05,1747.45,1760.71,12589
1668153600,1760.67,1766.14,1755.5,1763.92,25889
1668168000,1763.88,1766.6,1755.01,1765.59,27115
1668182400,1765.59,1765.68,1755.51,1764.53,27455
1668196800,1764.53,1772.76,1763.16,1771.01,12228
1668384000,1763.69,1766.2,1761.41,1762.7,10517
1668398400,1762.71,1766.25,1757.92,1758.42,12772
1668412800,1758.49,1766.14,1756.99,1757.08,20636
1668427200,1757.09,1764.15,1753.23,1763.71,20672
1668441600,1763.77,1775.05,1762.39,1770.76,25521
1668456000,1770.78,1774.45,1770.24,1771.76,11403
1668470400,1770.28,1772.39,1767.0,1769.11,7227
1668484800,1769.06,1773.74,1768.16,1770.81,10763
1668499200,1770.82,1784.41,1768.65,1776.26,21726
1668513600,1776.43,1786.52,1773.18,1777.13,24808
1668528000,1777.18,1779.34,1768.04,1772.38,33847
1668542400,1772.39,1785.81,1768.28,1778.11,27712
1668556800,1777.79,1781.37,1773.63,1774.44,9164
1668571200,1774.42,1777.04,1770.32,1774.12,14377
1668585600,1774.05,1783.5,1771.29,1782.85,20942
1668600000,1782.84,1785.04,1774.54,1779.13,23892
1668614400,1779.12,1780.32,1772.9,1774.62,26754
1668628800,1774.66,1776.19,1770.91,1773.65,13954
1668643200,1773.24,1774.72,1769.22,1769.77,5323
1668657600,1769.88,1769.9,1761.4,1763.01,11590
1668672000,1763.01,1771.04,1762.83,1765.46,20397
1668686400,1765.45,1767.61,1756.3,1756.58,26571
1668700800,1756.54,1762.88,1754.44,1760.2,27279
1668715200,1760.19,1762.32,1759.46,1760.59,11502
1668729600,1760.3,1764.56,1759.31,1762.93,5917
1668744000,1763.03,1765.65,1761.14,1764.03,9601
1668758400,1764.02,1767.64,1760.69,1764.19,18860
1668772800,1764.18,1765.68,1758.13,1760.19,20303
1668787200,1760.23,1761.16,1749.89,1751.33,24922
1668801600,1751.34,1752.82,1747.51,1749.86,9076
1668988800,1751.23,1752.99,1744.39,1746.25,7471
1669003200,1746.28,1747.41,1743.91,1746.68,10784
1669017600,1746.7,1747.06,1736.98,1738.51,20061
1669032000,1738.51,1746.95,1738.04,1743.53,18492
1669046400,1743.55,1746.37,1732.5,1736.63,26161
1669060800,1736.63,1739.63,1735.39,1738.27,10379
1669075200,1738.97,1744.94,1737.28,1743.6,5951
1669089600,1743.6,1745.68,1740.89,1741.6,9395
1669104000,1741.59,1748.41,1740.35,1746.99,20790
1669118400,1746.99,1749.69,1743.03,1743.65,19141
1669132800,1743.69,1746.65,1738.58,1739.59,21419
1669147200,1739.6,1740.75,1737.05,1740.15,8945
1669161600,1739.87,1742.88,1739.04,1740.28,5131
1669176000,1740.27,1741.75,1732.96,1736.53,8010
1669190400,1736.5,1745.75,1735.56,1739.55,16025
1669204800,1739.59,1740.07,1723.8,1736.72,20853
1669219200,1736.72,1747.68,1735.63,1743.31,31433
1669233600,1743.25,1753.33,1742.59,1749.56,16469
1669248000,1749.55,1756.15,1749.01,1755.54,7438
1669262400,1755.54,1756.85,1753.14,1753.18,8869
1669276800,1753.2,1758.18,1752.42,1756.29,14905
1669291200,1756.29,1758.63,1754.55,1756.95,15483
1669305600,1756.94,1758.51,1754.91,1755.4,10276
1669320000,1755.37,1755.67,1753.95,1755.27,731
1669334400,1754.83,1757.57,1752.35,1756.61,7568
1669348800,1756.56,1761.15,1755.76,1756.63,9411
1669363200,1756.6,1757.08,1749.27,1750.92,16645
1669377600,1750.93,1754.43,1745.92,1748.35,18979
1669392000,1748.47,1755.53,1747.08,1753.19,17731
1669406400,1753.19,1756.33,1752.82,1756.1,934
1669593600,1753.17,1754.17,1746.01,1746.85,8620
1669608000,1746.85,1752.22,1746.21,1749.47,10392
1669622400,1749.55,1762.81,1749.13,1760.95,18139
1669636800,1760.96,1763.73,1750.26,1753.53,19814
1669651200,1753.48,1753.48,1741.94,1742.63,28332
1669665600,1742.61,1743.0,1739.61,1740.75,9305
1669680000,1740.88,1746.45,1740.31,1746.33,7092
1669694400,1746.33,1755.05,1744.6,1754.17,12651
1669708800,1754.17,1759.02,1751.46,1754.08,19245
1669723200,1754.08,1757.49,1750.04,1751.59,20847
1669737600,1751.58,1758.02,1746.91,1750.98,25664
1669752000,1750.97,1752.44,1747.87,1749.7,9442
1669766400,1748.98,1754.13,1747.8,1752.84,6114
1669780800,1752.83,1755.71,1751.28,1753.81,8960
1669795200,1753.79,1762.09,1752.88,1761.96,16603
1669809600,1762.03,1764.62,1754.07,1755.09,23432
1669824000,1755.08,1763.32,1749.09,1752.81,27300
1669838400,1752.81,1769.9,1744.84,1768.27,23853
1669852800,1769.78,1780.0,1769.39,1775.85,10071
1669867200,1775.81,1782.61,1771.78,1780.08,14088
1669881600,1780.07,1783.66,1774.62,1778.25,20092
1669896000,1778.24,1792.17,1776.44,1789.42,21552
1669910400,1789.34,1804.0,1789.15,1801.59,34436
1669924800,1801.55,1803.51,1799.23,1803.03,12140
1669939200,1802.29,1804.42,1797.15,1797.95,6111
1669953600,1797.98,1799.06,1795.47,1797.21,10422
1669968000,1797.21,1802.91,1797.09,1801.81,19965
1669982400,1801.82,1801.84,1778.47,1785.62,23497
1669996800,1785.59,1798.48,1780.97,1795.16,32847
1670011200,1795.16,1799.51,1793.57,1797.82,11955
1670198400,1794.67,1808.29,1794.36,1806.49,9913
1670212800,1806.5,1809.95,1805.77,1807.44,11763
1670227200,1807.46,1807.83,1795.07,1796.82,18317
1670241600,1796.79,1798.39,1790.97,1792.59,20744
1670256000,1792.57,1793.38,1768.97,1769.84,32793
1670270400,1769.85,1770.36,1765.81,1768.54,10869
1670284800,1767.86,1776.14,1767.86,1774.62,7363
1670299200,1774.62,1776.31,1768.72,1770.86,13030
1670313600,1770.88,1773.9,1767.32,1771.19,17617
1670328000,1771.12,1780.88,1771.05,1778.31,18218
1670342400,1778.35,1778.79,1770.28,1771.48,25225
1670356800,1771.49,1772.71,1767.31,1771.01,10215
1670371200,1770.76,1773.77,1768.72,1773.47,6001
1670385600,1773.55,1775.17,1770.37,1773.05,10943
1670400000,1773.11,1775.88,1769.62,1772.48,17305
1670414400,1772.48,1779.23,1770.76,1778.26,19717
1670428800,1778.27,1787.74,1776.03,1783.15,35459
1670443200,1783.15,1790.47,1782.77,1786.08,12477
1670457600,1786.1,1788.09,1781.53,1782.27,7031
1670472000,1782.27,1784.68,1781.45,1784.47,10487
1670486400,1784.4,1787.09,1781.66,1783.34,15891
1670500800,1783.35,1791.89,1781.83,1789.51,18193
1670515200,1789.51,1794.85,1784.45,1787.18,28241
1670529600,1787.2,1792.08,1786.6,1789.19,10053
1670544000,1789.69,1795.74,1788.45,1794.17,6303
1670558400,1794.25,1797.76,1792.04,1795.08,11048
1670572800,1795.09,1796.96,1788.87,1792.69,14304
1670587200,1792.74,1804.16,1789.95,1797.99,22992
1670601600,1798.06,1806.1,1790.14,1798.83,30663
1670616000,1798.86,1800.11,1794.79,1796.64,7547
1670803200,1795.93,1796.65,1789.81,1790.63,8101
1670817600,1790.53,1790.84,1785.49,1786.82,9738
1670832000,1786.84,1792.43,1785.98,1792.22,14574
1670846400,1792.24,1795.44,1787.26,1787.6,15371
1670860800,1787.57,1790.18,1781.05,1783.02,21567
1670875200,1783.02,1783.29,1777.47,1781.05,10191
1670889600,1780.97,1784.71,1780.83,1784.17,4826
1670904000,1784.12,1786.05,1781.11,1785.37,8252
1670918400,1785.42,1788.67,1782.95,1784.52,15404
1670932800,1784.58,1813.39,1782.51,1810.98,26339
1670947200,1810.98,1824.45,1805.3,1808.38,43985
1670961600,1808.32,1814.42,1807.73,1810.45,14949
1670976000,1810.55,1812.63,1808.75,1810.65,6850
1670990400,1810.65,1812.11,1808.14,1809.63,8131
1671004800,1809.63,1813.2,1806.5,1807.62,15855
1671019200,1807.62,1810.25,1804.3,1808.56,18153
1671033600,1808.57,1813.03,1807.8,1808.36,19904
1671048000,1808.34,1814.15,1795.26,1807.21,36444
1671062400,1807.06,1808.62,1797.13,1798.42,7575
1671076800,1798.45,1798.63,1789.57,1792.9,12767
1671091200,1792.92,1796.39,1773.69,1777.63,22644
1671105600,1777.62,1781.4,1773.75,1776.4,26218
1671120000,1776.34,1786.02,1774.02,1776.79,34702
1671134400,1776.84,1779.28,1775.96,1776.61,10103
1671148800,1776.2,1778.72,1775.56,1777.4,7143
1671163200,1777.35,1784.13,1777.08,1779.14,10405
1671177600,1779.13,1784.95,1774.28,1778.16,18436
1671192000,1778.11,1786.59,1777.62,1785.43,18590
1671206400,1785.47,1793.87,1782.13,1787.6,29860
1671220800,1787.62,1794.29,1787.42,1792.26,10545
1671408000,1792.18,1795.16,1790.92,1794.06,8570
1671422400,1794.06,1796.88,1790.32,1790.77,10742
1671436800,1790.78,1798.67,1790.57,1795.41,13781
1671451200,1795.41,1797.11,1790.95,1791.44,16376
1671465600,1791.42,1795.96,1783.87,1790.03,22102
1671480000,1789.91,1790.06,1786.26,1787.31,9119
1671494400,1787.23,1788.03,1784.56,1786.58,6292
1671508800,1786.61,1796.13,1785.23,1788.76,26029
1671523200,1788.74,1807.79,1788.3,1807.26,27301
1671537600,1807.2,1809.41,1798.32,1805.61,23605
1671552000,1805.61,1821.11,1802.7,1817.88,31635
1671566400,1817.9,1819.01,1814.2,1817.88,8154
1671580800,1817.78,1819.73,1815.63,1816.59,8218
1671595200,1816.51,1818.64,1812.97,1814.15,9452
1671609600,1814.13,1817.31,1811.88,1813.22,15938
1671624000,1813.24,1819.81,1811.83,1817.54,18286
1671638400,1817.52,1823.79,1814.71,1816.79,22576
1671652800,1816.73,1818.27,1812.81,1814.13,7429
1671667200,1813.86,1819.78,1813.36,1819.44,6576
1671681600,1819.41,1820.45,1817.42,1818.52,9538
1671696000,1818.53,1819.65,1813.68,1816.96,14100
1671710400,1816.95,1819.93,1807.09,1807.75,20127
1671724800,1807.81,1809.98,1792.61,1793.04,29549
1671739200,1793.06,1795.08,1784.81,1792.51,14727
1671753600,1792.84,1795.28,1791.2,1795.0,6155
1671768000,1795.0,1796.22,1792.47,1794.76,9015
1671782400,1794.75,1799.2,1794.45,1798.62,12951
1671796800,1798.66,1800.23,1793.19,1794.25,18935
1671811200,1794.23,1803.2,1791.15,1797.19,26398
1671825600,1797.19,1798.25,1793.62,1798.0,7984
1672099200,1800.59,1804.59,1800.17,1804.5,6590
1672113600,1804.44,1808.36,1803.24,1805.81,7661
1672128000,1805.82,1809.79,1804.96,1808.59,11174
1672142400,1808.58,1811.55,1805.95,1806.48,14681
1672156800,1806.48,1833.29,1802.26,1813.73,28380
1672171200,1813.71,1817.48,1812.21,1813.86,9370
1672185600,1813.48,1814.5,1809.58,1812.99,5974
1672200000,1813.07,1813.07,1810.04,1810.46,7166
1672214400,1810.44,1811.51,1799.8,1800.1,15285
1672228800,1800.0,1807.52,1799.23,1803.77,15118
1672243200,1803.73,1809.43,1796.99,1805.59,25090
1672257600,1805.61,1809.19,1802.73,1804.0,9062
1672272000,1804.85,1808.65,1804.68,1806.51,5054
1672286400,1806.47,1810.04,1805.83,1809.61,7172
1672300800,1809.64,1811.97,1804.76,1808.67,12226
1672315200,1808.69,1812.08,1804.35,1810.34,16352
1672329600,1810.38,1819.77,1808.72,1818.89,24328
1672344000,1818.88,1820.16,1814.18,1815.01,8371
1672358400,1814.53,1818.1,1813.7,1817.49,4917
1672372800,1817.5,1819.19,1815.59,1818.8,8205
1672387200,1818.79,1822.28,1814.81,1815.05,13617
1672401600,1815.03,1821.93,1813.34,1821.7,14602
1672416000,1821.75,1825.19,1814.25,1823.83,24080
1672430400,1824.08,1825.94,1818.49,1824.51,12307
1672704000,1827.97,1832.37,1823.71,1828.5,10612
1672718400,1828.5,1843.13,1828.29,1840.37,14271
1672732800,1840.36,1849.94,1834.51,1838.85,25749
1672747200,1838.77,1841.04,1830.83,1838.87,22365
1672761600,1838.9,1849.81,1827.6,1839.21,34328
1672776000,1839.19,1840.22,1836.52,1839.48,11955
1672790400,1838.37,1844.52,1836.1,1844.3,7464
1672804800,1844.29,1847.14,1843.43,1846.36,11069
1672819200,1846.36,1865.11,1845.74,1860.59,22128
1672833600,1860.65,1862.85,1852.76,1859.99,22356
1672848000,1860.02,1860.9,1848.9,1850.49,35941
1672862400,1850.48,1857.1,1847.04,1854.16,21182
1672876800,1854.68,1859.01,1853.93,1858.87,6889
1672891200,1858.87,1858.87,1850.23,1852.64,11398
1672905600,1852.64,1855.67,1843.79,1848.51,20232
1672920000,1848.68,1851.2,1833.04,1834.77,24555
1672934400,1834.7,1837.85,1825.06,1833.87,34323
1672948800,1833.88,1837.4,1831.89,1833.22,12032
1672963200,1831.69,1836.17,1831.3,1835.46,5243
1672977600,1835.46,1840.83,1835.46,1837.12,10697
1672992000,1837.09,1840.57,1833.24,1835.49,15617
1673006400,1835.53,1852.55,1834.06,1851.88,23692
1673020800,1851.8,1864.95,1840.64,1862.31,33266
1673035200,1862.21,1869.84,1861.75,1865.97,10509
1673222400,1866.26,1875.27,1866.26,1874.42,9662
1673236800,1874.43,1879.45,1874.24,1877.97,10907
1673251200,1877.97,1880.96,1871.26,1873.63,19087
1673265600,1873.66,1878.42,1870.52,1878.21,19368
1673280000,1878.25,1881.59,1869.02,1871.86,28038
1673294400,1871.91,1875.68,1869.19,1871.51,11969
1673308800,1870.45,1876.0,1867.83,1874.44,7610
1673323200,1874.47,1875.65,1870.7,1874.06,10673
1673337600,1874.08,1877.3,1870.62,1876.82,16924
1673352000,1876.82,1877.12,1870.36,1873.37,16846
1673366400,1873.42,1880.72,1871.2,1874.27,30017
1673380800,1874.24,1878.69,1871.95,1877.26,9519
1673395200,1877.1,1878.4,1872.02,1873.02,5536
1673409600,1873.0,1884.59,1872.23,1882.2,10071
1673424000,1882.18,1886.62,1880.32,1884.62,17456
1673438400,1884.62,1886.0,1875.73,1877.58,17740
1673452800,1877.65,1879.13,1867.1,1873.91,25035
1673467200,1873.82,1878.54,1873.13,1876.31,8689
1673481600,1877.0,1881.12,1875.85,1880.52,7007
1673496000,1880.54,1884.98,1880.28,1883.58,9480
1673510400,1883.56,1885.4,1879.92,1884.3,13468
1673524800,1884.35,1901.54,1870.82,1899.67,24237
1673539200,1899.67,1901.38,1879.83,1897.7,40653
1673553600,1897.7,1899.54,1894.07,1897.1,14386
1673568000,1895.89,1900.93,1895.61,1898.75,8938
1673582400,1898.77,1899.88,1892.23,1893.65,11089
1673596800,1893.66,1909.63,1893.53,1904.26,21103
1673611200,1904.26,1906.94,1893.69,1900.02,22501
1673625600,1900.05,1917.8,1899.16,1916.96,28176
1673640000,1916.9,1921.86,1916.75,1920.39,11488
1673827200,1918.21,1924.59,1916.78,1924.18,10294
1673841600,1924.16,1928.95,1916.92,1919.48,11784
1673856000,1919.5,1920.81,1910.83,1917.56,16962
1673870400,1917.58,1919.27,1911.38,1913.34,14859
1673884800,1913.4,1917.07,1912.53,1913.87,11483
1673899200,1913.86,1914.6,1913.84,1914.42,677
1673913600,1916.27,1918.99,1912.87,1913.04,7156
1673928000,1913.06,1916.31,1908.1,1911.04,11889
1673942400,1911.04,1911.95,1905.86,1906.57,17033
1673956800,1906.54,1914.38,1904.24,1912.98,20047
1673971200,1912.94,1916.66,1905.18,1907.15,29237
1673985600,1907.19,1910.82,1903.78,1908.33,11241
1674000000,1908.19,1909.15,1906.31,1908.68,5718
1674014400,1908.71,1910.3,1896.58,1897.91,19405
1674028800,1897.87,1915.89,1897.83,1914.75,23063
1674043200,1914.76,1924.25,1911.24,1921.34,21261
1674057600,1921.32,1925.84,1901.58,1905.22,37345
1674072000,1905.37,1906.44,1902.3,1903.74,11533
1674086400,1903.24,1909.53,1901.34,1901.9,8897
1674100800,1901.92,1910.95,1900.94,1910.07,12490
1674115200,1909.93,1916.75,1906.39,1910.35,16943
1674129600,1910.37,1913.42,1906.66,1913.15,22477
1674144000,1913.2,1923.31,1912.81,1920.07,29386
1674158400,1920.09,1935.15,1919.82,1931.53,16404
1674172800,1932.07,1934.76,1929.38,1931.72,5871
1674187200,1931.61,1932.49,1923.08,1927.91,10292
1674201600,1927.92,1937.51,1926.15,1929.39,17635
1674216000,1929.39,1931.33,1923.89,1924.13,19660
1674230400,1924.15,1930.96,1920.69,1925.17,25491
1674244800,1925.18,1930.96,1924.73,1926.83,11296
1674432000,1924.23,1933.77,1924.07,1932.44,6253
1674446400,1932.44,1935.52,1926.05,1926.22,7598
1674460800,1926.21,1927.43,1918.87,1925.89,16570
1674475200,1925.92,1929.33,1918.74,1921.94,17666
1674489600,1921.9,1926.39,1911.37,1923.92,29333
1674504000,1924.16,1931.79,1923.82,1931.31,9964
1674518400,1930.97,1935.74,1930.72,1935.69,3869
1674532800,1935.65,1937.06,1931.86,1934.04,7017
1674547200,1934.04,1942.43,1933.85,1936.15,15627
1674561600,1936.15,1939.36,1930.34,1932.46,18120
1674576000,1932.45,1936.64,1917.15,1933.9,34895
1674590400,1933.88,1938.25,1933.07,1937.34,11427
1674604800,1937.32,1938.83,1934.89,1937.34,4487
1674619200,1937.45,1939.62,1925.79,1927.57,8396
1674633600,1927.57,1933.71,1926.34,1927.97,15007
1674648000,1927.94,1928.47,1919.86,1922.29,18028
1674662400,1922.29,1940.44,1921.73,1937.38,28610
1674676800,1937.54,1948.07,1937.45,1946.07,12040
1674691200,1946.43,1949.15,1942.44,1945.57,5209
1674705600,1945.55,1948.76,1943.64,1947.46,7321
1674720000,1947.38,1948.95,1933.87,1936.8,17591
1674734400,1936.82,1939.5,1931.19,1937.62,18894
1674748800,1937.7,1942.38,1918.62,1926.63,36217
1674763200,1926.58,1933.17,1926.43,1929.41,12210
1674777600,1928.91,1934.81,1928.89,1930.1,5219
1674792000,1930.12,1931.1,1919.79,1925.01,8587
1674806400,1925.08,1928.17,1922.13,1925.71,13160
1674820800,1925.65,1935.02,1925.17,1928.78,17284
1674835200,1928.77,1932.19,1916.69,1928.57,28955
1674849600,1928.55,1932.03,1926.11,1927.94,8559
1675036800,1926.75,1931.01,1924.71,1927.68,7535
1675051200,1927.69,1934.49,1924.34,1931.37,15235
1675065600,1931.36,1932.18,1920.66,1924.66,19922
1675080000,1924.67,1930.75,1922.07,1929.07,20627
1675094400,1929.12,1929.69,1921.97,1924.33,26501
1675108800,1924.22,1924.65,1920.82,1922.76,11704
1675123200,1922.54,1927.36,1921.01,1925.22,5974
1675137600,1925.23,1926.36,1917.01,1917.31,11496
1675152000,1917.31,1917.31,1902.6,1903.76,19950
1675166400,1903.76,1920.33,1900.76,1919.67,24132
1675180800,1919.7,1930.53,1918.51,1929.62,34424
1675195200,1929.66,1931.12,1927.2,1927.82,12595
1675209600,1927.45,1928.74,1925.55,1927.07,4769
1675224000,1927.04,1928.42,1924.48,1926.04,8254
1675238400,1926.0,1929.19,1923.23,1925.06,15086
1675252800,1925.21,1933.21,1923.73,1929.3,18430
1675267200,1929.3,1932.88,1920.52,1925.64,32952
1675281600,1925.64,1954.51,1921.07,1950.39,35305
1675296000,1953.05,1957.21,1950.78,1952.85,11702
1675310400,1952.79,1954.42,1951.47,1952.57,10893
1675324800,1952.57,1959.72,1951.22,1956.45,18687
1675339200,1956.45,1957.23,1943.32,1944.29,26747
1675353600,1944.21,1947.2,1911.88,1912.17,48579
1675368000,1912.2,1918.57,1911.29,1912.49,21176
1675382400,1912.98,1918.17,1911.73,1917.77,7957
1675396800,1917.79,1918.54,1913.8,1914.94,10367
1675411200,1914.98,1918.2,1910.13,1913.27,18632
1675425600,1913.3,1917.07,1882.8,1886.76,26870
1675440000,1886.71,1886.71,1862.67,1863.48,52770
1675454400,1863.49,1866.98,1861.42,1865.71,18259
1675641600,1864.22,1873.46,1863.64,1872.73,11639
1675656000,1872.65,1878.63,1871.59,1877.96,11584
1675670400,1877.98,1881.25,1870.09,1873.19,17186
1675684800,1873.19,1874.07,1868.2,1871.6,20892
1675699200,1871.62,1875.76,1863.05,1865.96,34430
1675713600,1865.98,1871.27,1864.31,1867.32,14069
1675728000,1867.56,1873.53,1867.04,1873.53,6251
1675742400,1873.54,1875.58,1871.64,1874.94,10976
1675756800,1874.97,1878.0,1871.15,1873.4,18465
1675771200,1873.39,1875.43,1865.66,1869.86,19869
1675785600,1869.84,1884.37,1866.62,1880.57,37353
1675800000,1880.57,1882.73,1864.92,1873.91,31587
1675814400,1872.82,1878.37,1871.36,1876.01,6439
1675828800,1876.02,1878.31,1874.27,1876.93,8271
1675843200,1876.77,1886.3,1873.22,1885.97,19733
1675857600,1886.01,1886.01,1872.64,1877.75,16630
1675872000,1877.72,1883.11,1869.05,1875.71,33463
1675886400,1875.73,1879.88,1873.85,1875.58,13562
1675900800,1874.83,1876.92,1871.98,1876.92,6529
1675915200,1876.89,1881.39,1876.73,1879.07,9726
1675929600,1879.09,1885.45,1876.78,1883.1,15927
1675944000,1883.09,1889.78,1879.71,1889.56,19611
1675958400,1889.57,1890.24,1862.96,1868.42,35420
1675972800,1868.45,1869.62,1858.93,1861.6,18539
1675987200,1862.16,1865.48,1859.06,1862.12,6636
1676001600,1862.1,1863.36,1852.71,1860.06,11738
1676016000,1860.07,1872.22,1857.6,1864.17,27253
1676030400,1864.09,1868.63,1860.46,1866.97,22670
1676044800,1866.99,1868.52,1856.43,1861.73,31335
1676059200,1861.7,1865.63,1861.19,1864.81,11222
1676246400,1864.07,1865.31,1858.12,1861.41,7803
1676260800,1861.36,1862.43,1856.96,1859.66,9023
1676275200,1859.66,1866.55,1854.65,1857.19,16422
1676289600,1857.19,1863.03,1853.92,1856.93,16382
1676304000,1856.91,1859.34,1850.63,1851.53,24922
1676318400,1851.56,1855.77,1850.47,1853.54,11538
1676332800,1853.55,1856.72,1853.24,1856.57,5451
1676347200,1856.55,1859.35,1855.62,1859.34,7257
1676361600,1859.34,1864.93,1857.81,1862.61,15444
1676376000,1862.61,1870.56,1849.95,1862.49,25549
1676390400,1862.58,1866.31,1843.27,1849.76,49902
1676404800,1849.76,1858.82,1849.56,1854.48,13733
1676419200,1853.53,1859.3,1853.47,1858.99,5811
1676433600,1858.98,1860.07,1845.17,1846.36,10915
1676448000,1846.32,1846.59,1831.8,1835.75,21669
1676462400,1835.69,1838.91,1831.76,1834.7,21270
1676476800,1834.67,1838.73,1829.95,1834.94,31065
1676491200,1834.95,1838.57,1833.73,1836.45,12884
1676505600,1836.5,1842.24,1834.5,1841.4,7967
1676520000,1841.32,1842.59,1835.34,1837.04,9936
1676534400,1837.06,1844.78,1834.3,1835.53,16320
1676548800,1835.53,1840.42,1827.65,1830.81,20609
1676563200,1830.81,1843.9,1827.63,1842.48,34962
1676577600,1842.48,1845.3,1835.89,1837.42,15780
1676592000,1835.34,1835.94,1828.87,1828.94,6967
1676606400,1828.92,1830.61,1823.75,1827.49,9735
1676620800,1827.49,1828.19,1818.91,1825.84,17653
1676635200,1825.83,1830.35,1821.84,1827.59,18168
1676649600,1827.59,1842.79,1822.65,1840.85,35588
1676664000,1840.89,1843.59,1840.23,1841.89,13073
1676851200,1841.21,1841.79,1837.22,1840.4,5871
1676865600,1840.31,1844.83,1839.43,1844.42,9152
1676880000,1844.47,1847.45,1841.11,1843.82,12824
1676894400,1843.79,1846.87,1842.6,1846.38,11856
1676908800,1846.38,1847.01,1840.74,1840.82,9863
1676923200,1840.74,1841.56,1840.52,1841.33,843
1676937600,1842.13,1843.79,1840.01,1842.28,5859
1676952000,1842.28,1843.48,1837.07,1839.73,9324
1676966400,1839.74,1839.75,1831.1,1835.44,18584
1676980800,1835.48,1837.09,1830.23,1836.77,18521
1676995200,1836.85,1843.83,1832.14,1836.75,34868
1677009600,1836.79,1837.46,1831.72,1834.6,13229
1677024000,1834.92,1838.46,1834.78,1836.29,7088
1677038400,1836.25,1837.53,1834.58,1836.98,7842
1677052800,1837.03,1841.12,1832.88,1833.95,14088
1677067200,1833.98,1846.04,1832.09,1838.6,19410
1677081600,1838.51,1839.07,1830.68,1833.13,29242
1677096000,1833.17,1834.27,1823.55,1824.99,20523
1677110400,1825.46,1828.79,1823.15,1827.77,5424
1677124800,1827.77,1830.43,1826.32,1828.93,7489
1677139200,1828.9,1833.74,1825.65,1826.24,13352
1677153600,1826.23,1828.55,1817.39,1825.52,18669
1677168000,1825.55,1830.14,1818.45,1821.23,34884
1677182400,1821.22,1824.13,1819.15,1822.61,12913
1677196800,1822.65,1827.08,1822.07,1826.04,8306
1677211200,1826.02,1827.79,1824.06,1824.6,9423
1677225600,1824.61,1826.31,1819.75,1821.59,14573
1677240000,1821.56,1824.09,1811.36,1815.79,22267
1677254400,1815.87,1815.89,1808.93,1809.91,34634
1677268800,1809.99,1813.43,1808.93,1810.72,13432
1677456000,1811.8,1814.13,1810.3,1813.89,7403
1677470400,1813.89,1813.96,1806.65,1808.74,9887
1677484800,1808.64,1813.74,1807.13,1808.44,15852
1677499200,1808.48,1816.32,1808.28,1815.2,18307
1677513600,1815.19,1820.11,1812.6,1818.68,29208
1677528000,1818.68,1820.14,1815.99,1817.16,13126
1677542400,1817.15,1818.15,1815.31,1817.25,4538
1677556800,1817.26,1819.4,1812.18,1813.39,8407
1677571200,1813.39,1816.95,1804.63,1810.32,16941
1677585600,1810.35,1814.22,1807.26,1813.94,17009
1677600000,1814.02,1831.13,1813.05,1829.31,33258
1677614400,1829.32,1830.83,1826.25,1827.13,14265
1677628800,1826.82,1829.49,1823.02,1829.08,6396
1677643200,1829.09,1832.66,1827.39,1831.12,9764
1677657600,1831.14,1838.02,1830.43,1831.71,17803
1677672000,1831.75,1841.66,1830.79,1837.23,20650
1677686400,1837.2,1844.59,1833.45,1837.19,36701
1677700800,1837.24,1839.12,1836.46,1837.09,11678
1677715200,1837.5,1838.41,1831.0,1833.1,7016
1677729600,1833.12,1835.99,1832.17,1833.5,8848
1677744000,1833.6,1835.25,1829.96,1831.94,16605
1677758400,1831.91,1837.59,1830.06,1832.27,22156
1677772800,1832.2,1839.01,1831.99,1833.75,30595
1677787200,1833.75,1838.08,1832.84,1835.98,14383
1677801600,1836.2,1841.5,1836.2,1838.75,6512
1677816000,1838.71,1841.1,1837.82,1838.97,7555
1677830400,1839.01,1847.4,1838.87,1845.8,13405
1677844800,1845.91,1849.22,1844.52,1846.93,15182
1677859200,1846.93,1848.28,1839.03,1847.34,29219
1677873600,1847.39,1856.36,1846.58,1855.06,12937
1678060800,1853.71,1854.17,1850.71,1852.6,6297
1678075200,1852.58,1856.41,1850.97,1854.29,8063
1678089600,1854.29,1858.25,1850.57,1851.4,13982
1678104000,1851.41,1853.26,1847.22,1851.51,16094
1678118400,1851.52,1853.99,1848.38,1850.36,24014
1678132800,1850.35,1850.4,1845.1,1846.86,11078
1678147200,1846.0,1848.49,1844.1,1847.81,5370
1678161600,1847.81,1850.46,1846.55,1847.45,7769
1678176000,1847.41,1851.61,1843.37,1843.79,12121
1678190400,1843.8,1844.27,1833.36,1835.45,16046
1678204800,1835.45,1835.53,1815.62,1817.03,45420
1678219200,1817.07,1818.09,1812.71,1813.47,16912
1678233600,1813.95,1814.37,1811.31,1812.29,6178
1678248000,1812.27,1812.99,1809.33,1812.07,7506
1678262400,1812.07,1815.22,1811.46,1813.72,11941
1678276800,1813.71,1816.62,1812.2,1813.62,16447
1678291200,1813.62,1824.25,1812.96,1815.61,36130
1678305600,1815.61,1816.37,1812.82,1813.55,11035
1678320000,1814.48,1816.44,1812.15,1812.24,4987
1678334400,1812.24,1816.06,1811.91,1815.02,5666
1678348800,1815.04,1819.1,1812.71,1817.01,11142
1678363200,1817.18,1825.26,1815.44,1825.12,14715
1678377600,1825.12,1835.59,1823.91,1829.29,32133
1678392000,1829.29,1835.03,1828.19,1830.82,18651
1678406400,1830.86,1834.85,1830.09,1831.01,8082
1678420800,1831.02,1833.22,1827.73,1831.01,10622
1678435200,1831.0,1837.29,1830.2,1831.64,16851
1678449600,1831.64,1844.99,1830.76,1842.48,24586
1678464000,1842.44,1867.4,1839.99,1864.18,56090
1678478400,1864.19,1870.13,1860.87,1868.04,22033
1678665600,1882.66,1893.96,1875.17,1876.92,19492
1678680000,1876.94,1888.83,1872.14,1881.48,21185
1678694400,1881.47,1886.11,1871.5,1885.48,22597
1678708800,1885.48,1902.88,1880.89,1899.35,50354
1678723200,1899.38,1913.06,1893.53,1909.11,59900
1678737600,1909.18,1914.56,1907.94,1913.69,25194
1678752000,1911.97,1914.11,1909.95,1912.4,6292
1678766400,1912.39,1912.79,1901.59,1904.21,12910
1678780800,1904.14,1913.5,1900.74,1904.3,25887
1678795200,1904.36,1911.96,1898.62,1910.01,32829
1678809600,1910.05,1910.81,1895.39,1908.67,44746
1678824000,1908.73,1910.35,1902.24,1903.5,27002
1678838400,1904.28,1904.88,1899.91,1901.73,5471
1678852800,1901.73,1905.6,1900.92,1901.78,10678
1678867200,1901.83,1902.37,1885.67,1887.5,19025
1678881600,1887.5,1930.21,1886.64,1927.77,50502
1678896000,1927.77,1937.35,1917.34,1933.56,56374
1678910400,1933.56,1937.09,1909.08,1917.98,33439
1678924800,1919.02,1924.35,1913.17,1913.52,9597
1678939200,1913.4,1915.29,1907.49,1913.27,17401
1678953600,1913.19,1922.49,1912.19,1919.03,24281
1678968000,1919.05,1931.85,1917.64,1930.36,28281
1678982400,1930.36,1933.48,1913.37,1914.97,59819
1678996800,1914.89,1921.13,1914.64,1919.71,16664
1679011200,1919.77,1922.4,1918.38,1919.53,4890
1679025600,1919.52,1931.02,1918.25,1930.94,15159
1679040000,1930.98,1934.33,1927.3,1928.68,20810
1679054400,1928.73,1946.02,1928.12,1944.98,27144
1679068800,1944.98,1964.91,1944.36,1961.82,51606
1679083200,1961.82,1987.76,1961.51,1984.73,34175
1679270400,1985.24,1988.06,1971.8,1972.09,11025
1679284800,1972.09,1975.52,1968.03,1974.84,18404
1679299200,1974.86,2009.75,1974.38,1996.32,39346
1679313600,1996.31,1999.42,1972.47,1974.48,39596
1679328000,1974.48,1984.83,1965.82,1974.78,48351
1679342400,1974.8,1984.35,1974.17,1978.61,17915
1679356800,1978.75,1982.6,1975.36,1980.38,5288
1679371200,1980.34,1985.16,1979.15,1981.33,11327
1679385600,1981.32,1983.21,1962.9,1966.34,21914
1679400000,1966.32,1969.8,1960.41,1963.57,22044
1679414400,1963.54,1965.79,1940.1,1944.27,41460
1679428800,1944.34,1944.81,1935.37,1939.84,15441
1679443200,1939.62,1944.69,1939.56,1943.47,4440
1679457600,1943.47,1946.21,1937.88,1939.27,11702
1679472000,1939.32,1945.26,1934.23,1941.89,17495
1679486400,1941.89,1945.65,1937.07,1937.51,19557
1679500800,1937.45,1951.91,1937.33,1949.07,29568
1679515200,1948.99,1978.81,1944.87,1967.18,41794
1679529600,1967.69,1973.74,1964.42,1972.83,7288
1679544000,1972.74,1978.16,1966.3,1977.72,16996
1679558400,1977.73,1983.55,1974.22,1976.48,22749
1679572800,1976.45,1980.67,1966.55,1971.93,20982
1679587200,1971.96,1995.2,1971.35,1994.22,38801
1679601600,1994.1,2003.31,1987.99,1993.51,29421
1679616000,1992.59,1994.5,1989.74,1993.71,5667
1679630400,1993.51,1994.88,1989.71,1993.19,13661
1679644800,1993.2,1993.27,1981.27,1985.44,18272
1679659200,1985.44,2002.96,1985.43,1998.88,30569
1679673600,1998.93,2001.82,1983.8,1986.81,46391
1679688000,1986.83,1987.17,1975.17,1976.78,17768
1679875200,1976.58,1976.76,1969.14,1973.67,7269
1679889600,1973.73,1978.69,1972.08,1973.69,13821
1679904000,1973.72,1973.93,1965.91,1968.32,19251
1679918400,1968.3,1968.66,1944.38,1945.67,23297
1679932800,1945.84,1959.4,1944.0,1955.84,29400
1679947200,1955.74,1958.22,1950.72,1955.78,12562
1679961600,1957.52,1960.78,1956.45,1959.33,4821
1679976000,1959.4,1964.0,1957.39,1957.76,10399
1679990400,1957.76,1960.85,1949.79,1950.26,18583
1680004800,1950.28,1967.33,1949.14,1965.25,20336
1680019200,1965.22,1970.04,1958.93,1969.04,27523
1680033600,1968.93,1975.29,1968.83,1973.51,12602
1680048000,1973.97,1974.3,1969.88,1970.41,4194
1680062400,1970.41,1971.84,1965.82,1966.21,11156
1680076800,1966.23,1967.65,1958.68,1964.3,16653
1680091200,1964.3,1969.14,1962.43,1964.87,18988
1680105600,1964.93,1971.72,1960.66,1965.05,27265
1680120000,1965.06,1969.21,1961.1,1963.39,11093
1680134400,1963.88,1964.9,1960.8,1961.45,4296
1680148800,1961.45,1961.99,1955.35,1960.84,13375
1680163200,1960.86,1971.52,1960.27,1967.91,19939
1680177600,1967.91,1975.43,1966.91,1970.28,19112
1680192000,1970.26,1984.28,1963.96,1983.13,30870
1680206400,1983.36,1983.48,1978.15,1980.48,11583
1680220800,1980.03,1980.49,1977.65,1979.6,5111
1680235200,1979.59,1983.62,1979.07,1980.74,13085
1680249600,1980.72,1985.01,1973.21,1975.11,18763
1680264000,1975.42,1987.52,1975.42,1979.61,21925
1680278400,1979.61,1984.14,1974.91,1977.13,31188
1680292800,1977.13,1977.24,1966.87,1968.81,16423
1680480000,1966.24,1967.39,1956.76,1962.33,8255
1680494400,1962.23,1964.59,1949.73,1952.55,14118
1680508800,1952.58,1966.44,1950.74,1965.72,16185
1680523200,1965.85,1979.95,1963.01,1979.08,21273
1680537600,1979.11,1990.51,1972.4,1986.97,36299
1680552000,1986.97,1987.02,1981.83,1983.94,13661
1680566400,1985.32,1985.48,1982.17,1982.86,4300
1680580800,1982.86,1983.62,1977.76,1979.74,12620
1680595200,1979.74,1984.21,1976.93,1980.66,18607
1680609600,1980.65,1985.62,1978.48,1983.65,19858
1680624000,1983.63,2024.96,1983.41,2020.75,43968
1680638400,2020.75,2022.45,2017.82,2020.82,14708
1680652800,2021.08,2023.62,2019.42,2019.54,5041
1680667200,2019.52,2025.29,2019.52,2023.36,12122
1680681600,2023.37,2028.37,2022.73,2024.02,15947
1680696000,2024.03,2032.03,2021.52,2031.52,20852
1680710400,2031.72,2032.07,2009.97,2021.38,40396
1680724800,2021.35,2023.36,2019.1,2020.4,11943
1680739200,2021.07,2021.32,2016.93,2016.97,3551
1680753600,2017.09,2017.1,2007.95,2013.62,14388
1680768000,2013.69,2019.64,2011.77,2017.39,17236
1680782400,2017.41,2020.95,2011.22,2012.93,20554
1680796800,2012.92,2014.96,2000.83,2011.68,31689
1680811200,2011.65,2012.53,2005.73,2007.15,12443
1681084800,1997.06,2006.4,1996.21,1998.23,5876
1681099200,1998.28,2000.67,1988.81,1992.19,11700
1681113600,1992.11,1999.36,1991.32,1997.33,8975
1681128000,1997.3,2002.95,1989.07,1989.47,16131
1681142400,1989.47,1994.32,1981.61,1989.7,27795
1681156800,1989.74,1992.81,1987.59,1991.46,9718
1681171200,1991.12,1995.35,1990.38,1993.19,3981
1681185600,1993.19,2000.02,1988.77,1999.81,12657
1681200000,1999.82,2007.45,1997.77,2004.58,17051
1681214400,2004.58,2005.38,1998.36,1998.56,17280
1681228800,1998.57,2006.54,1995.56,2006.21,26765
1681243200,2006.21,2006.76,2000.99,2003.1,11082
1681257600,2003.09,2005.53,2003.09,2005.48,2665
1681272000,2005.4,2021.09,2003.92,2020.34,13903
1681286400,2020.38,2020.82,2008.91,2009.04,14670
1681300800,2009.0,2028.33,2006.23,2022.23,20385
1681315200,2022.22,2023.83,2001.3,2007.84,37731
1681329600,2007.82,2018.08,2006.53,2014.67,16206
1681344000,2014.39,2019.82,2013.94,2017.85,5139
1681358400,2017.85,2019.46,2015.69,2018.42,13034
1681372800,2018.44,2029.19,2015.17,2026.57,16643
1681387200,2026.55,2045.83,2025.03,2044.97,20692
1681401600,2045.02,2048.68,2033.59,2040.12,33162
1681416000,2040.18,2044.11,2036.62,2040.6,13342
1681430400,2040.11,2043.55,2038.59,2041.88,3788
1681444800,2041.86,2047.38,2041.06,2043.17,10467
1681459200,2043.21,2044.28,2031.78,2035.67,14384
1681473600,2035.67,2042.19,2017.23,2024.63,23858
1681488000,2024.45,2028.04,1992.33,1999.53,41257
1681502400,1999.54,2007.96,1998.57,2004.18,11163
1681689600,2000.95,2004.94,1999.7,2002.18,5461
1681704000,2002.19,2006.24,1995.44,2004.4,12978
1681718400,2004.4,2015.03,2003.79,2009.88,17923
1681732800,2009.78,2012.1,1999.04,2000.58,18621
1681747200,2000.53,2002.2,1981.18,1991.54,33922
1681761600,1991.51,1997.09,1991.3,1994.77,8868
1681776000,1994.52,1996.14,1993.3,1995.12,3029
1681790400,1995.1,2001.76,1994.42,1998.3,10628
1681804800,1998.28,2005.13,1996.46,2003.21,13250
1681819200,2003.24,2005.75,1999.06,2001.22,15861
1681833600,2001.34,2011.82,1991.26,2007.13,31473
1681848000,2007.18,2008.26,2003.38,2004.74,9723
1681862400,2005.12,2007.54,2004.49,2007.34,4015
1681876800,2007.33,2008.19,2001.91,2003.85,13620
1681891200,2003.81,2004.3,1976.56,1979.99,25172
1681905600,1979.99,1980.51,1969.22,1980.28,26125
1681920000,1980.33,1996.47,1979.31,1996.0,31836
1681934400,1996.0,1996.83,1993.6,1994.93,13343
1681948800,1994.07,1996.69,1993.07,1995.55,5065
1681963200,1995.59,1998.65,1990.4,1992.71,12912
1681977600,1992.68,2001.15,1991.33,1996.66,17800
1681992000,1996.63,2011.24,1992.35,2006.78,19961
1682006400,2006.78,2012.28,1999.05,2005.77,26304
1682020800,2005.79,2008.3,2002.2,2004.3,9841
1682035200,2003.99,2005.56,2001.28,2004.49,4703
1682049600,2004.51,2005.14,2000.29,2000.56,8907
1682064000,2000.57,2001.01,1981.86,1988.33,20692
1682078400,1988.33,1992.4,1982.17,1988.92,17327
1682092800,1988.92,1997.88,1971.59,1977.42,32953
1682107200,1977.43,1983.55,1977.37,1983.01,8066
1682294400,1982.18,1985.37,1981.29,1983.78,4695
1682308800,1983.74,1984.54,1978.2,1979.5,13842
1682323200,1979.53,1985.17,1976.45,1985.03,17969
1682337600,1985.05,1986.93,1980.98,1983.85,16778
1682352000,1983.94,1987.64,1974.05,1986.6,27997
1682366400,1986.6,1990.83,1986.54,1989.35,10071
1682380800,1991.34,2000.9,1991.34,1996.85,4826
1682395200,1996.97,2000.61,1990.94,1991.07,15206
1682409600,1991.06,1997.26,1986.85,1988.47,20828
1682424000,1988.51,1994.54,1976.08,1993.01,25622
1682438400,1992.93,1993.68,1983.33,1990.56,32925
1682452800,1990.58,2003.85,1989.92,1996.35,19425
1682467200,1996.91,2002.41,1996.91,1997.77,7373
1682481600,1997.77,2000.73,1993.09,1995.53,14542
1682496000,1995.51,1999.32,1994.4,1997.73,17096
1682510400,1997.64,2001.71,1991.4,1997.95,24589
1682524800,1997.98,2009.3,1985.41,1986.55,42212
1682539200,1986.58,1991.61,1983.33,1988.95,18313
1682553600,1989.63,1992.16,1989.05,1991.44,5460
1682568000,1991.52,2000.8,1989.47,1999.65,14233
1682582400,1999.59,2003.22,1997.26,1998.15,16814
1682596800,1998.2,2003.19,1981.79,1985.85,21421
1682611200,1985.74,1988.77,1973.98,1984.22,33585
1682625600,1984.31,1991.05,1983.62,1987.5,11378
1682640000,1987.42,1987.92,1985.57,1985.81,4018
1682654400,1985.81,1991.43,1984.96,1987.34,16795
1682668800,1987.34,1989.55,1979.77,1983.39,22096
1682683200,1983.39,1987.53,1976.15,1984.19,19871
1682697600,1984.2,1994.95,1982.07,1991.45,34093
1682712000,1991.49,1992.78,1987.43,1989.27,11376
1682899200,1989.83,1991.77,1983.63,1983.92,5679
1682913600,1983.88,1986.33,1980.56,1984.16,8951
1682928000,1984.1,1984.16,1977.09,1977.28,10702
1682942400,1977.29,2005.27,1977.06,2003.93,19028
1682956800,2004.11,2006.0,1979.91,1981.6,33890
1682971200,1981.62,1983.98,1979.42,1981.67,11120
1682985600,1981.56,1983.64,1980.69,1982.1,4345
1683000000,1982.1,1985.23,1981.22,1982.18,9694
1683014400,1982.2,1985.73,1978.37,1981.32,13877
1683028800,1981.28,1990.11,1980.52,1985.59,14949
1683043200,1985.59,2019.34,1984.46,2015.08,45264
1683057600,2015.1,2018.29,2011.19,2016.23,12281
1683072000,2016.12,2016.96,2014.22,2016.28,3227
1683086400,2016.23,2019.49,2015.75,2015.89,7347
1683100800,2015.88,2018.76,2012.65,2015.6,13616
1683115200,2015.59,2017.46,2007.26,2013.71,18526
1683129600,2013.73,2026.82,2011.84,2024.04,31730
1683144000,2024.16,2038.0,2017.0,2037.75,36443
1683158400,2061.36,2062.82,2044.63,2054.36,12937
1683172800,2054.4,2054.82,2038.41,2044.28,14103
1683187200,2044.28,2045.34,2030.27,2034.42,19693
1683201600,2034.42,2044.88,2033.69,2036.92,24410
1683216000,2036.92,2059.58,2032.04,2050.73,54110
1683230400,2050.75,2051.0,2044.45,2050.37,20551
1683244800,2049.02,2050.06,2047.49,2048.9,3203
1683259200,2048.83,2052.97,2045.46,2048.51,9791
1683273600,2048.47,2049.58,2038.78,2039.86,16274
1683288000,2039.93,2040.24,2007.68,2010.34,23127
1683302400,2010.48,2018.69,1999.49,2017.11,40212
1683316800,2017.12,2018.88,2013.45,2016.47,11043
1683504000,2016.1,2018.61,2014.12,2018.02,4735
1683518400,2017.82,2024.56,2015.06,2023.63,10828
1683532800,2023.63,2024.72,2019.89,2022.53,11384
1683547200,2022.53,2026.92,2021.48,2026.04,13471
1683561600,2026.09,2029.35,2017.84,2027.07,24988
1683576000,2027.03,2027.88,2020.16,2021.12,11356
1683590400,2020.75,2022.4,2019.46,2020.09,4396
1683604800,2020.07,2026.8,2019.78,2025.63,11041
1683619200,2025.62,2028.72,2021.41,2025.25,17310
1683633600,2025.47,2032.83,2024.8,2026.87,21751
1683648000,2027.07,2032.61,2022.89,2030.93,38276
1683662400,2030.94,2037.6,2030.66,2034.52,16621
1683676800,2034.15,2038.17,2034.15,2036.47,3823
1683691200,2036.55,2037.06,2029.71,2030.67,8609
1683705600,2030.64,2032.92,2026.21,2028.44,13398
1683720000,2028.42,2048.16,2025.01,2045.59,20984
1683734400,2045.66,2046.65,2021.44,2027.75,41644
1683748800,2027.79,2034.19,2027.31,2031.0,15014
1683763200,2029.8,2035.39,2029.7,2035.22,4166
1683777600,2035.28,2036.39,2030.02,2030.99,10797
1683792000,2031.0,2033.13,2021.74,2022.49,18966
1683806400,2022.52,2041.21,2021.61,2037.44,28470
1683820800,2037.43,2038.1,2011.1,2015.67,49770
1683835200,2015.66,2017.65,2013.41,2014.55,17350
1683849600,2015.09,2017.54,2014.72,2015.81,4536
1683864000,2015.81,2016.31,2008.58,2011.82,14091
1683878400,2011.82,2012.61,2005.5,2006.61,18327
1683892800,2006.56,2015.79,2000.87,2014.12,20760
1683907200,2014.12,2022.52,2008.33,2013.63,39476
1683921600,2013.63,2016.39,2010.39,2010.81,13185
1684108800,2008.56,2012.04,2008.56,2011.98,4183
1684123200,2012.04,2018.79,2012.04,2014.16,12177
1684137600,2014.16,2020.86,2013.2,2017.39,16293
1684152000,2017.39,2019.24,2011.46,2017.07,16566
1684166400,2017.07,2022.18,2013.32,2020.21,23993
1684180800,2020.22,2021.42,2014.4,2015.87,8899
1684195200,2016.36,2016.61,2013.73,2015.67,3688
1684209600,2015.66,2018.37,2014.73,2016.2,8490
1684224000,2016.13,2017.66,2002.53,2010.11,18479
1684238400,2010.12,2014.87,2001.11,2011.93,18397
1684252800,2011.96,2012.39,1987.5,1987.6,36429
1684267200,1987.59,1991.18,1985.47,1989.25,13090
1684281600,1988.23,1993.03,1988.0,1992.03,4247
1684296000,1992.02,1993.05,1989.8,1991.41,12741
1684310400,1991.43,1991.79,1985.89,1986.16,16953
1684324800,1986.13,1988.89,1981.8,1984.85,19573
1684339200,1984.87,1987.99,1975.05,1983.84,41915
1684353600,1983.84,1984.53,1980.4,1981.96,17526
1684368000,1982.24,1983.69,1981.95,1983.5,3059
1684382400,1983.4,1985.95,1979.49,1979.88,11073
1684396800,1979.91,1981.48,1972.13,1975.34,17026
1684411200,1975.33,1978.89,1966.25,1967.0,18585
1684425600,1967.05,1968.24,1951.94,1955.62,39572
1684440000,1955.64,1958.94,1953.93,1957.36,12139
1684454400,1958.2,1959.76,1957.12,1957.67,3598
1684468800,1957.68,1964.08,1953.97,1962.51,14611
1684483200,1962.41,1968.7,1960.6,1964.67,17841
1684497600,1964.69,1968.22,1960.31,1960.83,22299
1684512000,1960.82,1984.15,1957.16,1978.35,50231
1684526400,1978.36,1983.21,1974.18,1977.06,13105
1684713600,1978.02,1981.43,1977.89,1980.97,5061
1684728000,1981.07,1982.28,1975.94,1976.27,12754
1684742400,1976.27,1980.77,1971.19,1980.64,15169
1684756800,1980.65,1982.57,1969.78,1975.51,18280
1684771200,1975.55,1978.67,1968.83,1974.5,30911
1684785600,1974.43,1978.89,1971.63,1971.81,10872
1684800000,1971.67,1972.54,1966.77,1967.29,4196
1684814400,1967.24,1968.52,1960.23,1963.26,13685
1684828800,1963.28,1964.56,1954.21,1959.85,19059
1684843200,1959.84,1962.65,1954.51,1958.8,18950
1684857600,1958.8,1974.62,1958.8,1973.07,39516
1684872000,1973.21,1977.69,1971.45,1974.64,15637
1684886400,1976.42,1977.26,1974.53,1975.01,2913
1684900800,1975.01,1978.64,1972.72,1977.56,10342
1684915200,1977.62,1980.52,1970.64,1976.2,17136
1684929600,1976.2,1985.2,1973.85,1979.86,17928
1684944000,1979.88,1980.82,1956.72,1959.05,40841
1684958400,1959.07,1965.2,1957.46,1957.81,15639
1684972800,1958.38,1961.78,1957.34,1959.34,5172
1684987200,1959.34,1960.1,1954.93,1957.84,13086
1685001600,1957.79,1964.74,1954.86,1961.99,16473
1685016000,1961.99,1963.96,1939.22,1943.62,22450
1685030400,1943.61,1954.0,1942.92,1943.57,35869
1685044800,1943.57,1945.02,1938.79,1940.21,10306
1685059200,1941.03,1943.01,1936.68,1940.86,5232
1685073600,1940.93,1948.92,1940.28,1947.91,13461
1685088000,1947.92,1957.26,1946.9,1952.53,17887
1685102400,1952.54,1954.15,1944.22,1947.3,16554
1685116800,1947.33,1951.79,1938.76,1944.09,33055
1685131200,1944.05,1947.56,1943.02,1946.73,8704
1685318400,1942.98,1946.3,1940.99,1941.55,4884
1685332800,1941.55,1946.17,1940.25,1945.77,10294
1685347200,1945.77,1948.9,1940.8,1945.27,11529
1685361600,1945.27,1949.68,1944.18,1948.81,10028
1685376000,1948.83,1949.62,1943.14,1943.51,9758
1685390400,1943.51,1943.76,1942.75,1943.69,245
1685404800,1942.94,1944.3,1941.01,1942.67,5390
1685419200,1942.69,1946.65,1937.9,1938.93,15826
1685433600,1938.93,1946.95,1932.01,1944.97,23784
1685448000,1944.94,1962.26,1942.37,1956.41,22734
1685462400,1956.41,1963.53,1950.57,1959.83,27144
1685476800,1959.77,1960.79,1957.73,1959.8,7605
1685491200,1958.74,1960.02,1957.38,1959.64,2506
1685505600,1959.64,1960.51,1953.67,1960.08,12250
1685520000,1960.08,1965.34,1955.23,1955.32,20838
1685534400,1955.17,1963.52,1954.87,1962.69,20876
1685548800,1962.69,1974.77,1960.25,1965.15,33689
1685563200,1965.14,1968.7,1962.4,1963.06,12759
1685577600,1963.38,1967.42,1962.93,1965.86,4574
1685592000,1965.86,1967.46,1962.06,1963.95,11166
1685606400,1963.95,1965.81,1953.32,1955.93,14723
1685620800,1955.96,1968.42,1955.28,1968.38,20572
1685635200,1968.43,1983.09,1966.03,1978.43,35074
1685649600,1978.41,1978.81,1975.63,1977.76,10038
1685664000,1977.0,1977.49,1975.5,1975.75,3642
1685678400,1975.84,1983.39,1974.0,1979.73,11193
1685692800,1979.73,1981.95,1974.98,1979.1,14525
1685707200,1979.05,1981.11,1968.63,1970.95,19742
1685721600,1970.92,1976.61,1952.22,1952.26,35062
1685736000,1952.24,1953.79,1947.93,1947.98,11501
1685923200,1947.35,1950.12,1945.62,1946.46,5881
1685937600,1946.51,1948.34,1943.99,1946.02,15623
1685952000,1946.02,1946.6,1938.5,1942.31,17365
1685966400,1942.32,1945.93,1938.09,1942.94,18399
1685980800,1942.82,1961.98,1942.68,1958.24,41308
1685995200,1958.27,1964.04,1957.32,1961.27,15439
1686009600,1961.24,1963.11,1960.5,1961.1,4904
1686024000,1961.11,1964.52,1959.01,1961.18,18480
1686038400,1961.21,1962.71,1956.8,1960.18,24668
1686052800,1960.2,1966.38,1959.88,1961.82,23877
1686067200,1961.8,1966.35,1954.36,1963.61,38372
1686081600,1963.6,1966.11,1962.3,1963.03,14379
1686096000,1963.13,1965.05,1962.74,1964.84,3153
1686110400,1964.87,1966.63,1962.83,1964.47,9965
1686124800,1964.49,1964.98,1954.95,1961.58,12998
1686139200,1961.58,1966.34,1957.15,1958.57,16053
1686153600,1958.54,1970.21,1940.88,1942.17,35638
1686168000,1942.19,1946.58,1939.86,1940.51,11081
1686182400,1940.08,1946.29,1940.08,1946.15,5195
1686196800,1946.16,1947.31,1944.41,1946.57,10734
1686211200,1946.57,1949.12,1942.77,1948.3,15271
1686225600,1948.31,1959.97,1944.89,1959.29,17776
1686240000,1959.29,1970.47,1957.11,1966.32,29547
1686254400,1966.23,1966.64,1961.76,1965.55,10115
1686268800,1966.02,1966.32,1963.36,1963.38,3039
1686283200,1963.38,1965.67,1962.41,1963.15,6817
1686297600,1963.15,1966.11,1960.63,1962.14,12151
1686312000,1962.14,1972.94,1961.63,1962.88,14569
1686326400,1962.88,1968.09,1956.64,1961.23,27998
1686340800,1961.19,1962.84,1959.67,1960.82,8861
1686528000,1959.57,1960.56,1957.99,1958.25,4184
1686542400,1958.24,1959.54,1954.24,1956.97,10628
1686556800,1956.97,1965.37,1956.56,1964.81,15137
1686571200,1964.82,1966.93,1961.01,1962.79,13835
1686585600,1962.82,1964.02,1949.17,1954.14,28209
1686600000,1954.1,1958.74,1953.16,1956.79,9630
1686614400,1957.04,1960.91,1956.73,1957.88,3032
1686628800,1957.88,1962.18,1955.94,1960.87,10158
1686643200,1960.86,1965.28,1958.23,1964.17,14295
1686657600,1964.22,1971.09,1950.09,1961.37,20494
1686672000,1961.34,1965.94,1942.04,1944.96,35621
1686686400,1944.96,1946.66,1940.03,1943.18,13362
1686700800,1943.51,1945.59,1942.11,1944.44,3914
1686715200,1944.44,1949.46,1944.07,1948.74,9120
1686729600,1948.74,1951.53,1945.23,1949.83,13482
1686744000,1949.83,1960.12,1945.76,1957.17,18447
1686758400,1957.17,1959.28,1954.91,1955.09,24954
1686772800,1955.1,1955.82,1939.96,1940.4,33392
1686787200,1943.55,1945.33,1935.99,1939.25,5549
1686801600,1939.19,1939.29,1932.35,1934.46,15070
1686816000,1934.46,1939.76,1928.84,1931.65,20657
1686830400,1931.65,1936.71,1924.59,1933.42,24093
1686844800,1933.34,1960.17,1933.3,1959.55,37602
1686859200,1959.54,1960.27,1956.87,1957.88,14729
1686873600,1957.43,1959.44,1956.53,1956.81,3654
1686888000,1956.89,1962.03,1954.93,1955.38,11360
1686902400,1955.42,1964.0,1954.65,1963.15,18361
1686916800,1963.15,1967.88,1962.4,1962.6,22365
1686931200,1962.64,1966.04,1953.19,1955.27,43538
1686945600,1955.26,1959.79,1955.19,1957.75,12521
1687132800,1958.44,1958.6,1956.21,1956.68,3807
1687147200,1956.74,1958.34,1953.9,1956.94,8937
1687161600,1957.0,1958.73,1952.68,1956.48,12383
1687176000,1956.48,1956.64,1947.79,1952.2,12685
1687190400,1952.25,1953.5,1950.02,1950.21,13243
1687204800,1950.21,1950.61,1949.48,1950.34,945
1687219200,1951.33,1954.09,1950.59,1951.07,4222
1687233600,1951.07,1951.79,1945.06,1949.9,11766
1687248000,1949.88,1956.77,1946.76,1953.31,17239
1687262400,1953.39,1954.57,1944.16,1944.76,22400
1687276800,1944.61,1945.3,1929.8,1937.56,35857
1687291200,1937.57,1938.73,1935.42,1935.65,12674
1687305600,1936.47,1938.88,1936.25,1936.8,5034
1687320000,1936.8,1939.48,1935.41,1935.84,11159
1687334400,1935.84,1937.42,1931.22,1934.53,17943
1687348800,1934.58,1935.84,1925.95,1929.84,21766
1687363200,1929.85,1934.59,1919.12,1933.28,34149
1687377600,1933.24,1937.62,1931.86,1932.1,12626
1687392000,1933.33,1934.93,1932.21,1932.21,4200
1687406400,1932.17,1934.27,1929.71,1929.71,7103
1687420800,1929.71,1931.52,1924.87,1927.41,16894
1687435200,1927.41,1930.94,1923.48,1923.49,21409
1687449600,1923.49,1927.44,1912.78,1915.58,31304
1687464000,1915.58,1916.8,1912.4,1912.93,12547
1687478400,1914.21,1916.09,1913.33,1915.62,3690
1687492800,1915.6,1917.2,1910.16,1916.45,10800
1687507200,1916.49,1920.04,1912.89,1917.64,19415
1687521600,1917.64,1929.73,1916.6,1928.89,18507
1687536000,1928.97,1937.32,1917.91,1918.71,33012
1687550400,1918.71,1921.26,1918.45,1919.73,10438
1687737600,1923.24,1927.01,1922.64,1926.43,5653
1687752000,1926.37,1928.55,1924.06,1925.06,12360
1687766400,1925.06,1933.33,1922.22,1931.67,17726
1687780800,1931.73,1933.33,1929.25,1931.48,15675
1687795200,1931.48,1931.69,1921.48,1923.79,28837
1687809600,1923.78,1925.28,1922.36,1923.35,11355
1687824000,1923.73,1924.73,1921.03,1922.74,3952
1687838400,1922.77,1930.37,1922.66,1928.47,13235
1687852800,1928.48,1929.67,1924.16,1925.59,16241
1687867200,1925.57,1930.42,1919.63,1926.24,16561
1687881600,1926.3,1930.68,1911.5,1914.58,33506
1687896000,1914.59,1915.88,1910.97,1913.29,12785
1687910400,1914.55,1917.19,1914.26,1916.2,4017
1687924800,1916.2,1916.8,1913.36,1915.21,10866
1687939200,1915.19,1916.8,1908.17,1909.97,15363
1687953600,1910.0,1911.89,1905.58,1906.95,17533
1687968000,1906.96,1913.23,1902.83,1912.28,32819
1687982400,1912.29,1913.39,1906.84,1906.88,11379
1687996800,1907.78,1910.7,1907.78,1909.9,4401
1688011200,1910.03,1912.77,1902.72,1905.35,12739
1688025600,1905.36,1908.07,1902.48,1906.18,17194
1688040000,1906.23,1912.16,1895.48,1896.12,20192
1688054400,1896.15,1913.07,1892.95,1910.24,38186
1688068800,1910.2,1910.76,1906.21,1908.3,11142
1688083200,1908.71,1909.27,1907.04,1908.68,4670
1688097600,1908.72,1909.73,1906.85,1908.24,10214
1688112000,1908.26,1909.91,1900.47,1901.87,15687
1688126400,1902.16,1913.73,1901.47,1911.03,19845
1688140800,1911.0,1920.56,1909.72,1920.06,34292
1688155200,1920.06,1922.75,1917.81,1918.83,13553
1688342400,1918.49,1919.61,1916.75,1917.12,3909
1688356800,1917.11,1920.2,1914.6,1920.1,11640
1688371200,1920.1,1920.66,1910.04,1912.0,16564
1688385600,1911.99,1922.07,1911.59,1921.93,15081
1688400000,1921.93,1931.03,1919.46,1921.87,30193
1688414400,1922.02,1922.13,1920.64,1921.62,4209
1688428800,1921.12,1922.1,1919.87,1921.18,3220
1688443200,1921.22,1924.49,1920.05,1924.26,10382
1688457600,1924.26,1928.82,1923.3,1928.58,12645
1688472000,1928.59,1930.74,1926.24,1926.79,11758
1688486400,1926.79,1929.56,1924.13,1924.2,10104
1688500800,1924.2,1925.93,1924.01,1925.72,1404
1688515200,1926.19,1927.19,1924.86,1926.72,4283
1688529600,1926.72,1926.81,1923.21,1925.57,9438
1688544000,1925.57,1928.07,1920.85,1926.99,16308
1688558400,1926.99,1930.1,1925.14,1929.31,15999
1688572800,1929.33,1935.07,1919.09,1921.56,34188
1688587200,1921.57,1921.6,1915.2,1915.28,15504
1688601600,1916.22,1917.92,1915.54,1917.34,4115
1688616000,1917.34,1919.74,1916.43,1917.93,11435
1688630400,1917.94,1921.5,1916.26,1918.09,14695
1688644800,1918.06,1927.69,1902.66,1906.25,24786
1688659200,1906.31,1914.96,1902.77,1909.87,37812
1688673600,1909.87,1911.93,1908.95,1910.81,9269
1688688000,1911.01,1912.41,1909.53,1910.54,4482
1688702400,1910.54,1912.34,1909.89,1912.14,9459
1688716800,1912.14,1916.47,1911.93,1915.58,14716
1688731200,1915.58,1928.26,1914.27,1918.78,22775
1688745600,1918.77,1934.85,1915.41,1926.94,39058
1688760000,1926.94,1928.07,1924.26,1925.35,10974
1688947200,1925.16,1928.17,1922.78,1924.22,5839
1688961600,1924.26,1926.85,1920.9,1921.28,12123
1688976000,1921.28,1925.71,1919.37,1925.19,14190
1688990400,1925.19,1926.16,1912.65,1913.97,16266
1689004800,1913.9,1926.0,1913.9,1925.56,29156
1689019200,1925.68,1926.82,1924.82,1925.32,10961
1689033600,1925.29,1927.16,1924.27,1926.38,3999
1689048000,1926.38,1929.4,1924.75,1929.31,12866
1689062400,1929.35,1938.27,1928.06,1936.68,19548
1689076800,1936.76,1938.42,1929.47,1931.99,17105
1689091200,1932.01,1935.4,1929.36,1932.38,23768
1689105600,1932.4,1932.6,1930.49,1932.01,8148
1689120000,1932.25,1936.24,1932.22,1935.71,4782
1689134400,1935.71,1940.98,1935.64,1938.93,13357
1689148800,1938.94,1940.23,1933.8,1934.79,13518
1689163200,1934.8,1950.05,1933.47,1943.17,20673
1689177600,1943.13,1959.46,1940.94,1959.16,37953
1689192000,1959.18,1959.66,1955.71,1957.82,12187
1689206400,1957.8,1958.92,1956.48,1957.01,4443
1689220800,1957.01,1962.24,1956.35,1957.21,14176
1689235200,1957.22,1963.36,1955.23,1960.9,18308
1689249600,1960.9,1963.56,1952.29,1957.55,20445
1689264000,1957.53,1961.92,1954.67,1958.76,32181
1689278400,1958.76,1960.79,1957.57,1960.36,11522
1689292800,1960.53,1961.8,1958.33,1959.39,4915
1689307200,1959.39,1963.75,1958.43,1960.32,13519
1689321600,1960.37,1961.29,1954.35,1956.19,15764
1689336000,1956.19,1962.68,1955.11,1957.51,16807
1689350400,1957.46,1962.0,1950.89,1958.98,34810
1689364800,1959.02,1961.04,1954.23,1955.1,11536
1689552000,1954.96,1954.99,1951.39,1954.65,4739
1689566400,1954.67,1955.93,1950.78,1953.64,9841
1689580800,1953.64,1957.42,1950.56,1955.84,15139
1689595200,1955.91,1959.86,1948.11,1948.62,17871
1689609600,1948.68,1955.67,1945.71,1954.59,24755
1689624000,1954.64,1956.42,1952.41,1954.95,8630
1689638400,1954.65,1956.78,1954.65,1955.43,3941
1689652800,1955.44,1961.11,1955.08,1960.01,13497
1689667200,1960.02,1964.07,1957.75,1961.65,16667
1689681600,1961.64,1972.13,1960.68,1968.73,22069
1689696000,1968.84,1984.37,1963.7,1977.94,37067
1689710400,1977.95,1978.78,1975.01,1978.52,10560
1689724800,1978.8,1979.18,1976.61,1978.47,4818
1689739200,1978.47,1978.54,1974.03,1974.78,13155
1689753600,1974.82,1980.91,1972.92,1977.51,18002
1689768000,1977.51,1979.55,1971.57,1977.57,17895
1689782400,1977.56,1979.83,1969.79,1977.54,30758
1689796800,1977.53,1978.93,1976.23,1977.04,10701
1689811200,1978.21,1979.31,1976.87,1979.08,4343
1689825600,1978.99,1987.46,1978.99,1984.62,14962
1689840000,1984.62,1984.78,1977.88,1981.53,16877
1689854400,1981.53,1983.22,1972.38,1973.99,17016
1689868800,1973.99,1980.16,1965.3,1968.01,30887
1689883200,1968.02,1971.53,1968.0,1969.6,9017
1689897600,1970.49,1973.34,1970.13,1972.96,4740
1689912000,1972.97,1973.78,1968.98,1969.97,11729
1689926400,1969.97,1972.26,1961.15,1961.44,17052
1689940800,1961.44,1968.12,1961.02,1963.12,17413
1689955200,1963.15,1965.27,1956.76,1963.53,27482
1689969600,1963.53,1964.84,1961.5,1961.72,8385
1690156800,1962.35,1962.89,1959.86,1961.82,4323
1690171200,1961.8,1962.57,1959.02,1960.5,10916
1690185600,1960.49,1965.56,1957.8,1959.59,15875
1690200000,1959.65,1967.84,1959.4,1967.39,15373
1690214400,1967.45,1967.55,1957.0,1959.89,27381
1690228800,1959.89,1960.71,1953.44,1954.74,8964
1690243200,1955.15,1955.68,1953.19,1955.26,3726
1690257600,1955.26,1963.55,1955.26,1960.59,13358
1690272000,1960.59,1964.15,1959.34,1962.91,15165
1690286400,1962.91,1963.65,1953.12,1959.34,16194
1690300800,1959.25,1965.71,1951.38,1962.38,23374
1690315200,1962.39,1965.22,1961.27,1964.98,7957
1690329600,1964.78,1966.25,1964.04,1964.91,4299
1690344000,1964.9,1965.59,1961.99,1963.13,9749
1690358400,1963.13,1972.51,1962.4,1972.08,15261
1690372800,1972.21,1974.16,1969.56,1972.29,13485
1690387200,1972.19,1975.01,1963.9,1970.3,26004
1690401600,1970.31,1978.3,1965.45,1972.14,23842
1690416000,1971.21,1974.77,1970.8,1972.46,4102
1690430400,1972.27,1982.0,1972.26,1976.69,12378
1690444800,1976.42,1982.2,1973.96,1975.83,16625
1690459200,1975.83,1979.16,1957.91,1960.17,20149
1690473600,1960.28,1960.31,1942.56,1944.27,31792
1690488000,1944.29,1949.63,1943.29,1944.9,15728
1690502400,1946.82,1948.03,1945.37,1946.97,6759
1690516800,1946.95,1956.71,1946.61,1951.83,23511
1690531200,1951.84,1953.54,1947.8,1949.53,21193
1690545600,1949.55,1961.14,1948.32,1955.61,20659
1690560000,1955.59,1963.56,1952.27,1961.13,25628
1690574400,1961.13,1962.39,1957.47,1959.0,8515
1690761600,1959.72,1960.61,1956.36,1958.22,4903
1690776000,1958.32,1958.6,1953.48,1954.46,12843
1690790400,1954.46,1957.15,1950.43,1953.47,12915
1690804800,1953.46,1967.07,1953.26,1965.52,16411
1690819200,1965.52,1972.41,1962.75,1970.91,24627
1690833600,1970.93,1972.08,1964.2,1965.38,10256
1690848000,1965.74,1966.02,1962.97,1963.45,3828
1690862400,1963.44,1963.96,1958.85,1959.61,11248
1690876800,1959.63,1960.2,1954.43,1955.83,14025
1690891200,1955.81,1957.65,1945.99,1946.82,17270
1690905600,1946.9,1953.81,1941.37,1943.13,28158
1690920000,1943.1,1945.57,1941.27,1944.18,8576
1690934400,1950.08,1952.87,1948.29,1949.25,7759
1690948800,1949.24,1949.92,1945.2,1946.39,11285
1690963200,1946.4,1951.83,1946.28,1949.8,14764
1690977600,1949.79,1954.73,1943.67,1945.65,19110
1690992000,1945.63,1947.7,1932.85,1935.7,29520
1691006400,1935.71,1939.12,1934.62,1934.87,6950
1691020800,1935.35,1937.05,1934.69,1935.49,3266
1691035200,1935.52,1938.97,1933.91,1934.12,10233
1691049600,1934.12,1938.36,1930.88,1937.75,16873
1691064000,1937.76,1938.39,1929.45,1932.84,21140
1691078400,1932.89,1938.7,1930.38,1935.69,28418
1691092800,1935.69,1935.91,1932.5,1934.24,7787
1691107200,1934.79,1936.98,1934.54,1936.71,3653
1691121600,1936.79,1937.98,1933.15,1934.56,12260
1691136000,1934.58,1937.48,1932.08,1932.49,11890
1691150400,1932.49,1942.73,1925.41,1938.98,19387
1691164800,1938.91,1946.81,1937.58,1941.79,29721
1691179200,1941.77,1942.88,1939.82,1942.75,8192
1691366400,1942.53,1946.66,1942.44,1944.34,4684
1691380800,1944.34,1944.34,1937.49,1938.8,9060
1691395200,1938.8,1938.97,1934.44,1936.22,11231
1691409600,1936.22,1938.27,1933.33,1938.06,12535
1691424000,1938.08,1941.7,1931.46,1934.45,20556
1691438400,1934.44,1937.67,1934.13,1936.34,7305
1691452800,1936.54,1938.02,1935.12,1935.71,4456
1691467200,1935.67,1935.72,1931.16,1934.48,10878
1691481600,1934.48,1935.13,1930.2,1935.12,13736
1691496000,1935.13,1935.59,1923.75,1925.37,18442
1691510400,1925.36,1932.05,1922.78,1925.38,23332
1691524800,1925.42,1926.65,1923.55,1924.72,8516
1691539200,1924.94,1926.56,1924.55,1925.04,2924
1691553600,1925.03,1931.02,1924.24,1930.3,10142
1691568000,1930.31,1932.34,1927.39,1928.06,10106
1691582400,1928.03,1928.33,1922.09,1924.9,12914
1691596800,1924.9,1927.58,1915.57,1916.31,23744
1691611200,1916.32,1917.97,1914.01,1914.41,8373
1691625600,1915.37,1917.43,1915.08,1916.99,3401
1691640000,1917.01,1919.15,1915.31,1916.73,8099
1691654400,1916.73,1921.26,1915.47,1919.37,11270
1691668800,1919.37,1930.09,1919.2,1926.23,17949
1691683200,1926.17,1927.15,1912.9,1920.57,30495
1691697600,1920.52,1920.98,1912.46,1912.48,13334
1691712000,1912.61,1915.13,1910.75,1914.69,3326
1691726400,1914.64,1916.01,1912.63,1913.47,7147
1691740800,1913.47,1919.39,1912.76,1919.0,11297
1691755200,1919.0,1920.95,1913.09,1916.04,14204
1691769600,1916.04,1920.7,1912.85,1914.38,25365
1691784000,1914.36,1915.55,1912.21,1913.34,7839
1691971200,1913.79,1915.18,1910.64,1911.0,4413
1691985600,1911.02,1913.54,1910.06,1912.37,9199
1692000000,1912.39,1916.19,1910.56,1914.23,11737
1692014400,1914.23,1914.95,1905.78,1910.34,13644
1692028800,1910.33,1913.14,1902.71,1911.91,24770
1692043200,1911.88,1913.12,1906.9,1907.26,8002
1692057600,1907.19,1908.08,1904.6,1907.09,3298
1692072000,1907.07,1908.14,1903.67,1906.58,10404
1692086400,1906.57,1907.49,1903.1,1904.26,14423
1692100800,1904.27,1905.86,1895.96,1903.42,18745
1692115200,1903.5,1911.55,1900.08,1903.65,31952
1692129600,1903.65,1905.52,1901.54,1901.69,12413
1692144000,1901.88,1902.53,1900.3,1902.22,3325
1692158400,1902.22,1905.29,1900.42,1903.94,8375
1692172800,1903.96,1906.55,1902.84,1905.4,10992
1692187200,1905.4,1907.17,1900.0,1900.75,13677
1692201600,1900.76,1906.46,1898.82,1899.47,24666
1692216000,1899.47,1899.6,1891.78,1892.53,17146
1692230400,1894.21,1894.95,1890.99,1892.75,5305
1692244800,1892.87,1893.93,1889.52,1893.79,10920
1692259200,1893.79,1897.57,1892.13,1893.94,12455
1692273600,1893.91,1902.46,1893.61,1899.54,18783
1692288000,1899.46,1903.39,1887.79,1888.34,27720
1692302400,1888.34,1890.09,1884.95,1888.89,11654
1692316800,1889.53,1893.82,1888.99,1893.31,3675
1692331200,1893.36,1895.14,1891.1,1892.17,9559
1692345600,1892.18,1894.12,1891.37,1892.03,12347
1692360000,1892.01,1895.54,1888.7,1890.22,13020
1692374400,1890.23,1896.73,1888.64,1889.57,22495
1692388800,1889.57,1890.39,1886.74,1889.45,9174
1692576000,1889.41,1891.16,1888.71,1889.97,3853
1692590400,1889.97,1893.71,1884.84,1892.52,12020
1692604800,1892.5,1894.07,1887.33,1888.68,12487
1692619200,1888.66,1897.64,1886.77,1897.18,16670
1692633600,1897.2,1898.74,1885.24,1892.58,25154
1692648000,1892.58,1895.38,1892.46,1894.63,8351
1692662400,1894.65,1896.05,1893.64,1895.51,3153
1692676800,1895.49,1897.29,1893.81,1893.91,10017
1692691200,1893.89,1902.36,1893.88,1899.96,13917
1692705600,1900.0,1904.5,1896.28,1897.45,15737
1692720000,1897.43,1899.11,1889.1,1897.36,25275
1692734400,1897.37,1898.42,1896.41,1897.48,7190
1692748800,1897.86,1900.36,1897.58,1899.01,2239
1692763200,1899.03,1903.37,1898.79,1903.31,9189
1692777600,1903.37,1905.4,1901.71,1903.76,14484
1692792000,1903.76,1908.64,1901.24,1903.7,15241
1692806400,1903.71,1920.31,1902.94,1919.78,30773
1692820800,1919.8,1919.88,1914.44,1914.86,9800
1692835200,1916.91,1919.3,1916.16,1918.65,3444
1692849600,1918.6,1922.35,1917.53,1921.01,9905
1692864000,1921.06,1922.84,1919.48,1920.31,13444
1692878400,1920.31,1921.03,1911.78,1915.16,15577
1692892800,1915.17,1923.32,1911.88,1918.39,27122
1692907200,1918.38,1919.66,1916.3,1917.01,9210
1692921600,1916.86,1917.28,1915.09,1915.55,2670
1692936000,1915.56,1917.52,1913.14,1913.71,8287
1692950400,1913.75,1916.13,1912.81,1915.41,11059
1692964800,1915.39,1920.25,1915.22,1917.28,11331
1692979200,1917.35,1922.32,1903.72,1910.0,36071
1692993600,1910.02,1914.78,1909.9,1914.78,10799
1693180800,1915.68,1916.63,1914.25,1915.75,4311
1693195200,1915.69,1917.46,1914.68,1915.6,8750
1693209600,1915.61,1917.78,1913.5,1914.71,9622
1693224000,1914.7,1917.34,1913.4,1917.08,10747
1693238400,1917.08,1926.02,1912.78,1920.64,22211
1693252800,1920.61,1920.85,1916.81,1919.93,8683
1693267200,1920.26,1922.09,1920.13,1921.62,2010
1693281600,1921.63,1925.83,1921.32,1923.87,7694
1693296000,1923.89,1925.6,1921.55,1922.88,10002
1693310400,1922.88,1924.41,1914.4,1916.97,14782
1693324800,1916.97,1937.69,1916.74,1936.29,32419
1693339200,1936.29,1938.14,1935.12,1937.83,9757
1693353600,1937.08,1937.58,1935.89,1936.77,3309
1693368000,1936.82,1937.47,1935.37,1936.12,8406
1693382400,1936.14,1936.95,1934.96,1936.59,11750
1693396800,1936.6,1945.75,1935.94,1945.21,18739
1693411200,1945.11,1949.09,1942.88,1944.88,29409
1693425600,1944.91,1945.7,1942.03,1942.76,7995
1693440000,1943.83,1945.54,1943.4,1945.39,3754
1693454400,1945.36,1947.76,1944.69,1945.77,7583
1693468800,1945.77,1946.29,1943.21,1944.41,10849
1693483200,1944.42,1947.85,1943.11,1945.81,16001
1693497600,1945.85,1946.39,1938.95,1941.72,27409
1693512000,1941.74,1942.08,1939.02,1939.84,8316
1693526400,1940.07,1940.31,1938.68,1939.32,2878
1693540800,1939.3,1944.02,1938.16,1940.02,8569
1693555200,1940.02,1943.76,1938.41,1943.01,9819
1693569600,1943.0,1952.91,1942.94,1949.97,17287
1693584000,1950.03,1951.41,1934.42,1938.13,37984
1693598400,1938.15,1941.56,1937.29,1939.51,6969
1693785600,1940.32,1941.7,1939.34,1940.93,3037
1693800000,1940.91,1946.11,1940.36,1945.08,8860
1693814400,1945.09,1946.37,1942.66,1943.9,9521
1693828800,1943.9,1944.25,1939.85,1939.95,8459
1693843200,1939.96,1940.24,1936.79,1938.33,10289
1693857600,1938.33,1938.88,1937.97,1938.35,671
1693872000,1938.74,1938.84,1937.0,1937.84,2485
1693886400,1937.87,1938.86,1934.87,1938.56,7969
1693900800,1938.56,1938.98,1932.13,1933.5,13876
1693915200,1933.5,1934.66,1927.96,1933.72,18090
1693929600,1933.73,1934.19,1925.33,1927.29,30478
1693944000,1927.33,1927.51,1925.3,1925.89,7667
1693958400,1926.38,1926.92,1924.44,1924.75,2919
1693972800,1924.75,1927.36,1924.16,1927.2,7971
1693987200,1927.21,1928.5,1922.48,1924.73,13772
1694001600,1924.73,1927.66,1922.79,1923.26,13280
1694016000,1923.21,1929.2,1915.27,1919.97,32422
1694030400,1920.02,1920.65,1915.95,1916.0,7589
1694044800,1917.33,1918.21,1916.27,1916.86,2778
1694059200,1916.84,1920.69,1916.63,1918.96,8384
1694073600,1918.93,1919.81,1917.02,1918.87,11510
1694088000,1918.89,1923.59,1916.18,1923.2,16021
1694102400,1923.21,1923.49,1917.24,1918.04,24718
1694116800,1918.03,1920.74,1917.42,1919.57,6511
1694131200,1919.36,1924.58,1919.3,1923.66,4102
1694145600,1923.61,1927.31,1922.83,1924.52,9569
1694160000,1924.52,1927.28,1923.34,1924.68,10671
1694174400,1924.69,1926.04,1920.34,1920.45,11823
1694188800,1920.47,1929.71,1917.32,1919.69,25124
1694203200,1919.71,1920.72,1918.08,1919.22,6434
1694390400,1919.7,1920.2,1916.69,1920.02,5051
1694404800,1920.08,1926.72,1919.08,1926.48,12389
1694419200,1926.49,1930.68,1925.4,1927.67,15550
1694433600,1927.67,1928.05,1924.23,1927.28,13770
1694448000,1927.21,1930.13,1921.4,1923.43,22953
1694462400,1923.44,1924.38,1921.43,1922.47,7288
1694476800,1922.83,1923.37,1921.16,1921.55,3349
1694491200,1921.55,1924.45,1920.34,1922.25,10095
1694505600,1922.25,1922.37,1918.58,1919.7,12470
1694520000,1919.7,1920.09,1908.51,1909.78,16747
1694534400,1909.73,1915.06,1907.56,1912.39,23554
1694548800,1912.4,1913.62,1911.77,1913.35,8131
1694563200,1913.4,1913.81,1912.4,1912.56,3373
1694577600,1912.56,1913.82,1908.19,1911.65,10583
1694592000,1911.65,1912.6,1908.18,1912.14,13034
1694606400,1912.14,1914.42,1905.58,1912.28,19253
1694620800,1912.28,1915.76,1908.85,1909.41,32100
1694635200,1909.41,1911.2,1908.11,1908.3,9090
1694649600,1909.03,1912.83,1907.5,1912.6,3743
1694664000,1912.57,1912.87,1908.79,1909.46,11496
1694678400,1909.46,1910.99,1905.2,1907.31,13806
1694692800,1907.32,1910.3,1901.11,1904.45,20870
1694707200,1904.39,1912.08,1900.98,1910.2,34960
1694721600,1910.2,1911.42,1908.06,1910.17,8142
1694736000,1910.73,1911.56,1909.77,1911.24,3570
1694750400,1911.25,1916.84,1910.37,1916.17,12214
1694764800,1916.18,1919.5,1914.94,1918.03,17601
1694779200,1918.03,1920.59,1916.04,1917.16,16494
1694793600,1917.2,1930.4,1916.93,1925.37,32229
1694808000,1925.44,1925.99,1922.31,1923.38,9311
1694995200,1923.97,1924.7,1922.49,1924.58,3315
1695009600,1924.62,1929.46,1923.29,1928.15,11654
1695024000,1928.19,1930.61,1925.05,1926.12,14872
1695038400,1926.12,1928.2,1923.53,1924.05,11208
1695052800,1924.07,1931.12,1922.85,1931.05,22463
1695067200,1931.08,1934.21,1930.96,1933.28,8378
1695081600,1933.78,1934.58,1932.63,1932.78,3165
1695096000,1932.78,1933.43,1931.27,1931.33,7646
1695110400,1931.34,1934.93,1929.75,1933.79,11469
1695124800,1933.8,1937.39,1933.61,1935.87,12060
1695139200,1935.82,1936.33,1930.83,1930.94,19810
1695153600,1930.94,1933.03,1929.71,1931.14,6752
1695168000,1932.36,1932.36,1930.27,1930.68,2580
1695182400,1930.68,1931.44,1928.41,1929.79,6464
1695196800,1929.79,1932.3,1927.87,1929.07,11610
1695211200,1929.07,1934.08,1929.07,1932.19,10211
1695225600,1932.18,1946.69,1931.92,1946.69,22835
1695240000,1946.7,1947.41,1929.21,1929.43,27654
1695254400,1929.79,1931.56,1924.51,1924.92,5994
1695268800,1925.0,1928.64,1924.08,1928.01,10304
1695283200,1928.01,1930.43,1922.81,1923.01,11920
1695297600,1923.01,1926.07,1914.06,1916.46,19541
1695312000,1916.58,1923.8,1913.89,1919.51,28452
1695326400,1919.51,1921.28,1918.66,1919.87,8112
1695340800,1919.77,1923.62,1919.77,1923.4,3469
1695355200,1923.38,1925.47,1922.03,1924.37,8977
1695369600,1924.35,1928.65,1923.67,1926.71,14183
1695384000,1926.71,1927.62,1924.16,1926.13,12350
1695398400,1926.12,1929.03,1924.83,1925.32,21942
1695412800,1925.32,1926.37,1924.33,1925.22,5685
1695600000,1926.15,1926.27,1923.16,1924.87,3417
1695614400,1924.87,1925.3,1922.64,1923.13,5904
1695628800,1923.13,1927.15,1920.75,1921.65,11371
1695643200,1921.65,1926.78,1921.56,1925.88,11714
1695657600,1925.84,1926.36,1915.08,1916.7,23793
1695672000,1916.71,1917.63,1915.17,1915.86,6823
1695686400,1916.21,1916.8,1914.64,1914.77,2945
1695700800,1914.82,1915.84,1912.98,1914.61,7003
1695715200,1914.61,1915.66,1909.67,1913.81,11958
1695729600,1913.81,1913.9,1905.17,1910.21,12746
1695744000,1910.33,1910.33,1900.74,1901.21,24780
1695758400,1901.22,1902.24,1899.07,1900.36,8588
1695772800,1900.8,1902.46,1899.72,1900.63,3311
1695787200,1900.64,1903.85,1896.51,1897.68,9285
1695801600,1897.65,1899.03,1895.11,1896.67,12031
1695816000,1896.67,1896.67,1889.6,1891.71,14014
1695830400,1891.73,1892.16,1875.45,1875.86,27513
1695844800,1875.87,1878.23,1872.48,1875.66,13642
1695859200,1876.61,1877.88,1875.89,1877.03,4516
1695873600,1877.09,1877.48,1873.51,1874.85,8580
1695888000,1874.85,1878.22,1873.61,1874.1,14387
1695902400,1874.11,1879.55,1871.72,1872.36,17731
1695916800,1872.37,1877.11,1857.58,1863.51,34699
1695931200,1863.53,1867.3,1860.94,1864.71,10078
1695945600,1865.02,1867.25,1863.76,1865.33,4380
1695960000,1865.34,1867.01,1862.95,1865.04,6744
1695974400,1865.03,1873.93,1864.38,1871.56,13149
1695988800,1871.79,1874.02,1867.5,1873.84,18409
1696003200,1873.89,1879.78,1852.18,1853.69,35542
1696017600,1853.71,1853.72,1846.3,1849.12,11939
1696204800,1847.38,1848.92,1845.09,1845.44,4593
1696219200,1845.44,1847.37,1842.38,1842.49,6178
1696233600,1842.49,1846.18,1839.12,1839.49,13461
1696248000,1839.48,1840.54,1831.08,1836.24,19155
1696262400,1836.26,1838.39,1827.06,1831.57,34845
1696276800,1831.57,1833.54,1827.45,1827.97,10066
1696291200,1828.86,1829.14,1820.41,1824.65,6261
1696305600,1824.69,1825.03,1815.02,1820.61,10730
1696320000,1820.61,1829.07,1818.12,1826.19,15216
1696334400,1826.2,1829.72,1823.61,1824.81,19741
1696348800,1824.85,1833.31,1819.21,1823.93,45691
1696363200,1823.93,1825.95,1821.87,1823.42,12787
1696377600,1823.74,1824.93,1821.83,1823.21,5101
1696392000,1823.21,1824.32,1819.72,1823.52,9803
1696406400,1823.51,1823.66,1816.63,1822.94,19224
1696420800,1822.96,1830.51,1821.01,1827.3,25530
1696435200,1827.38,1827.43,1817.0,1820.97,39432
1696449600,1820.97,1823.64,1816.55,1820.6,11785
1696464000,1821.84,1825.65,1821.52,1825.64,4150
1696478400,1825.63,1829.12,1825.57,1827.65,8598
1696492800,1827.59,1828.17,1819.65,1819.82,14263
1696507200,1819.82,1823.93,1812.93,1815.64,20989
1696521600,1815.64,1821.86,1814.13,1818.12,35407
1696536000,1818.12,1820.87,1815.81,1820.13,10854
1696550400,1820.74,1823.13,1820.12,1820.66,3527
1696564800,1820.58,1824.59,1819.67,1822.75,6713
1696579200,1822.75,1822.91,1818.55,1821.88,12574
1696593600,1821.88,1825.02,1810.37,1815.01,22626
1696608000,1815.03,1834.8,1813.82,1829.19,44105
1696622400,1829.18,1833.94,1828.73,1831.92,11436
1696809600,1853.32,1854.33,1845.41,1852.33,13760
1696824000,1852.33,1853.21,1847.27,1850.43,14830
1696838400,1850.47,1854.35,1847.98,1850.49,19417
1696852800,1850.5,1852.29,1844.95,1847.97,17520
1696867200,1847.96,1853.23,1844.19,1850.05,31833
1696881600,1850.05,1863.46,1849.95,1860.88,13683
1696896000,1861.17,1865.41,1860.29,1864.04,7306
1696910400,1864.05,1865.19,1860.74,1860.86,14398
1696924800,1860.86,1862.16,1855.15,1858.49,26029
1696939200,1858.49,1859.58,1853.0,1854.52,24742
1696953600,1854.5,1862.47,1853.08,1861.88,40659
1696968000,1861.95,1862.74,1858.09,1859.86,14476
1696982400,1860.34,1862.11,1859.38,1860.97,4318
1696996800,1860.94,1862.04,1859.37,1859.72,10026
1697011200,1859.73,1869.82,1858.61,1869.59,23258
1697025600,1869.58,1874.73,1866.73,1872.88,28320
1697040000,1872.87,1877.13,1868.18,1874.37,43079
1697054400,1874.37,1874.73,1870.79,1873.49,15433
1697068800,1874.27,1876.61,1873.9,1875.45,4033
1697083200,1875.45,1879.09,1874.47,1878.86,10201
1697097600,1878.85,1882.65,1878.32,1880.34,16602
1697112000,1880.4,1884.96,1876.59,1879.07,26057
1697126400,1879.08,1880.06,1870.58,1871.43,42756
1697140800,1871.43,1871.99,1867.86,1868.84,18318
1697155200,1869.21,1872.59,1869.2,1872.5,5237
1697169600,1872.55,1876.76,1871.34,1876.34,9850
1697184000,1876.3,1884.89,1875.7,1883.79,19473
1697198400,1883.79,1919.09,1882.42,1913.34,38021
1697212800,1913.3,1927.45,1905.52,1927.14,35841
1697227200,1927.24,1930.76,1926.82,1929.58,12953
1697414400,1927.38,1927.38,1921.13,1921.61,8922
1697428800,1921.67,1923.46,1918.02,1920.15,9338
1697443200,1920.18,1920.18,1908.14,1911.56,17315
1697457600,1911.53,1924.52,1911.15,1918.69,19062
1697472000,1918.69,1922.33,1914.38,1921.89,23263
1697486400,1921.92,1922.76,1917.82,1919.73,8164
1697500800,1919.82,1921.77,1914.37,1916.58,4917
1697515200,1916.58,1917.54,1912.33,1914.63,9744
1697529600,1914.64,1921.32,1914.15,1919.22,12041
1697544000,1919.24,1928.98,1918.85,1926.0,19888
1697558400,1925.93,1931.52,1920.77,1924.06,30832
1697572800,1924.11,1925.08,1919.14,1923.07,11671
1697587200,1923.34,1928.19,1923.27,1927.37,4314
1697601600,1927.37,1942.69,1926.86,1938.09,16464
1697616000,1938.09,1940.05,1935.06,1938.42,17495
1697630400,1938.42,1950.05,1938.3,1948.84,20893
1697644800,1948.84,1962.59,1938.19,1949.82,36362
1697659200,1949.83,1956.58,1948.29,1948.53,14779
1697673600,1947.52,1953.27,1947.46,1950.18,5570
1697688000,1950.18,1951.69,1945.19,1948.18,11829
1697702400,1948.14,1954.42,1945.5,1949.68,18786
1697716800,1949.64,1957.14,1947.82,1954.84,18625
1697731200,1954.79,1962.06,1949.78,1961.97,37260
1697745600,1962.02,1977.69,1960.84,1974.56,23383
1697760000,1973.11,1982.23,1972.4,1974.98,10626
1697774400,1974.94,1981.89,1971.96,1977.16,14557
1697788800,1977.21,1985.16,1974.07,1983.69,19601
1697803200,1983.74,1985.84,1973.23,1978.27,19746
1697817600,1978.33,1997.13,1976.52,1982.62,35537
1697832000,1982.56,1986.65,1974.3,1980.23,17939
1698019200,1972.35,1978.56,1964.31,1966.21,8405
1698033600,1966.25,1974.71,1964.32,1973.73,13856
1698048000,1973.73,1981.95,1972.76,1981.43,15606
1698062400,1981.43,1982.8,1975.28,1977.55,18500
1698076800,1977.55,1980.06,1970.07,1974.48,33928
1698091200,1974.48,1978.11,1971.12,1972.47,12937
1698105600,1973.41,1975.91,1971.41,1973.79,4546
1698120000,1973.8,1980.81,1973.8,1976.17,11062
1698134400,1976.22,1979.18,1969.97,1972.25,17324
1698148800,1972.21,1972.55,1953.57,1964.89,23856
1698163200,1964.9,1976.0,1958.93,1974.35,31028
1698177600,1974.35,1977.56,1971.03,1971.45,9753
1698192000,1970.2,1975.23,1969.94,1974.47,4284
1698206400,1974.47,1976.94,1970.85,1972.41,9359
1698220800,1972.41,1975.89,1968.24,1971.37,13294
1698235200,1971.39,1976.84,1969.44,1975.12,16339
1698249600,1975.12,1987.18,1962.89,1978.22,32065
1698264000,1978.23,1985.56,1976.5,1979.09,12553
1698278400,1980.7,1984.71,1980.39,1983.43,6994
1698292800,1983.5,1989.34,1983.24,1988.44,9939
1698307200,1988.43,1993.41,1983.94,1992.11,17745
1698321600,1992.12,1992.16,1974.59,1979.53,21018
1698336000,1979.57,1985.82,1971.68,1984.16,33300
1698350400,1984.2,1989.23,1982.31,1984.55,12974
1698364800,1983.84,1986.79,1982.91,1983.51,4797
1698379200,1983.4,1989.92,1983.21,1989.42,10132
1698393600,1989.48,1989.68,1985.51,1986.94,14469
1698408000,1986.94,1987.91,1977.06,1980.38,17199
1698422400,1980.12,1985.69,1976.83,1983.65,27747
1698436800,1983.65,2009.33,1983.0,2005.23,21946
1698624000,2003.08,2006.73,1996.85,2004.64,8845
1698638400,2004.64,2005.7,2000.15,2001.5,9301
1698652800,2001.5,2002.66,1990.85,1993.7,14919
1698667200,1993.75,2000.03,1991.57,1997.98,19125
1698681600,1997.99,2002.49,1992.03,1998.96,29741
1698696000,1998.99,1999.87,1994.64,1996.19,10836
1698710400,1995.8,1996.24,1993.87,1995.59,3937
1698724800,1995.56,1997.26,1990.5,1992.71,10879
1698739200,1992.76,1999.14,1992.37,1996.97,12155
1698753600,1996.87,2001.48,1994.78,1995.65,18466
1698768000,1995.55,2007.72,1986.62,1990.7,34222
1698782400,1990.76,1991.19,1978.75,1983.47,15462
1698796800,1983.6,1986.15,1978.71,1979.94,5314
1698811200,1979.93,1981.44,1975.21,1977.58,9472
1698825600,1977.58,1982.91,1976.27,1982.42,11482
1698840000,1982.42,1988.44,1980.48,1986.6,16176
1698854400,1986.6,1992.05,1974.45,1977.78,29604
1698868800,1977.82,1982.23,1969.85,1980.08,24299
1698883200,1982.25,1986.18,1981.34,1984.65,5826
1698897600,1984.63,1988.09,1983.31,1986.0,9602
1698912000,1986.0,1988.37,1983.64,1986.77,10731
1698926400,1986.78,1991.0,1985.75,1990.31,16374
1698940800,1990.31,1991.03,1978.82,1981.8,30123
1698955200,1981.79,1986.61,1981.47,1985.44,9132
1698969600,1986.03,1986.49,1984.36,1985.57,2817
1698984000,1985.6,1987.81,1983.2,1985.77,7219
1698998400,1985.8,1989.14,1984.52,1988.57,9315
1699012800,1988.48,2004.03,1985.75,2000.14,17467
1699027200,2000.24,2001.63,1986.5,1990.31,39948
1699041600,1990.31,1995.08,1989.86,1992.31,11427
1699228800,1991.44,1993.03,1986.96,1992.09,7821
1699243200,1992.12,1992.94,1981.9,1983.86,10173
1699257600,1983.86,1987.88,1982.27,1986.79,12471
1699272000,1986.86,1989.05,1983.39,1986.3,14110
1699286400,1986.33,1988.19,1979.89,1983.74,20368
1699300800,1983.74,1983.74,1977.28,1977.95,6873
1699315200,1978.16,1978.28,1974.75,1975.71,5922
1699329600,1975.68,1976.13,1970.92,1973.66,7718
1699344000,1973.64,1973.88,1964.18,1966.32,13556
1699358400,1966.31,1967.97,1956.67,1966.56,21177
1699372800,1966.57,1967.22,1960.15,1963.96,22843
1699387200,1963.98,1969.84,1963.62,1968.67,9391
1699401600,1969.16,1969.97,1967.46,1968.63,5930
1699416000,1968.65,1971.01,1964.97,1965.56,6716
1699430400,1965.56,1969.07,1965.08,1965.46,12535
1699444800,1965.35,1966.63,1959.56,1964.82,16396
1699459200,1964.84,1966.37,1950.94,1953.72,25448
1699473600,1953.74,1954.66,1947.41,1949.95,9804
1699488000,1950.73,1954.59,1948.91,1953.33,6112
1699502400,1953.39,1953.39,1947.76,1950.1,9392
1699516800,1950.1,1950.46,1944.59,1946.84,12936
1699531200,1946.84,1951.33,1944.83,1950.57,16062
1699545600,1950.59,1964.91,1948.62,1961.86,24677
1699560000,1961.82,1965.53,1956.09,1958.3,17612
1699574400,1958.15,1960.75,1957.91,1959.06,7615
1699588800,1959.06,1960.46,1956.32,1957.3,7435
1699603200,1957.3,1958.19,1953.53,1953.92,13161
1699617600,1953.83,1954.35,1943.03,1946.12,20754
1699632000,1946.16,1947.58,1936.56,1936.74,27507
1699646400,1936.75,1937.71,1932.93,1936.97,9757
1699833600,1940.33,1941.82,1919.39,1940.28,8203
1699848000,1940.32,1941.23,1933.93,1939.07,9855
1699862400,1939.09,1941.22,1935.96,1938.18,14415
1699876800,1938.16,1939.72,1933.97,1936.02,16817
1699891200,1936.02,1949.16,1931.64,1945.74,27871
1699905600,1945.74,1948.05,1944.81,1946.01,8188
1699920000,1946.16,1948.39,1945.42,1945.65,4787
1699934400,1945.65,1946.65,1943.77,1944.42,7458
1699948800,1944.42,1947.99,1944.14,1947.16,11371
1699963200,1947.2,1959.0,1944.3,1954.3,19220
1699977600,1954.35,1970.81,1953.59,1962.19,34817
1699992000,1962.19,1964.49,1961.64,1962.93,9133
1700006400,1962.67,1963.97,1961.56,1962.65,7203
1700020800,1962.67,1967.92,1962.55,1966.88,10946
1700035200,1966.88,1972.56,1966.82,1971.49,17443
1700049600,1971.44,1975.15,1963.41,1965.6,21382
1700064000,1965.63,1966.65,1955.4,1961.42,30241
1700078400,1961.42,1962.27,1959.0,1959.32,9169
1700092800,1960.38,1961.34,1957.61,1958.41,5728
1700107200,1958.41,1963.86,1956.51,1962.87,8320
1700121600,1962.87,1968.57,1962.75,1966.23,13519
1700136000,1966.24,1972.93,1962.11,1972.1,16881
1700150400,1972.1,1987.94,1971.53,1983.38,33387
1700164800,1983.42,1985.24,1980.63,1981.07,9725
1700179200,1981.26,1986.85,1981.02,1983.47,6247
1700193600,1983.47,1987.14,1983.23,1984.39,8395
1700208000,1984.41,1992.38,1982.64,1991.28,16599
1700222400,1991.27,1993.4,1983.56,1984.83,21654
1700236800,1984.83,1986.67,1978.63,1981.09,28637
1700251200,1981.08,1982.76,1979.02,1980.22,9181
1700438400,1977.55,1983.05,1973.3,1981.06,9757
1700452800,1981.06,1985.18,1979.57,1980.66,14357
1700467200,1980.66,1981.85,1975.87,1979.28,19295
1700481600,1979.29,1979.53,1965.62,1968.21,21187
1700496000,1968.18,1976.24,1965.29,1973.85,25738
1700510400,1973.77,1978.97,1973.49,1977.45,11319
1700524800,1978.55,1990.34,1978.38,1990.02,10899
1700539200,1989.97,1994.23,1988.82,1991.73,13665
1700553600,1991.73,1994.29,1984.29,1985.36,19863
1700568000,1985.36,2000.27,1985.35,1997.62,21183
1700582400,1997.69,2007.51,1997.31,2001.49,29917
1700596800,2001.49,2001.82,1996.29,1998.48,12177
1700611200,1998.57,1999.84,1995.79,1996.17,7795
1700625600,1996.14,2000.25,1995.48,1998.81,10976
1700640000,1998.81,2006.28,1998.25,2002.1,20488
1700654400,2002.09,2003.37,1996.76,1999.17,21675
1700668800,1999.18,2002.49,1988.6,1991.52,31684
1700683200,1991.52,1992.62,1986.89,1989.88,10234
1700697600,1989.86,1993.99,1989.64,1993.45,6680
1700712000,1993.45,1998.12,1993.12,1996.32,9179
1700726400,1996.31,1998.48,1992.19,1994.36,13767
1700740800,1994.36,1994.82,1991.96,1992.73,9084
1700755200,1992.75,1994.88,1989.83,1992.79,8597
1700769600,1992.82,1993.0,1991.74,1992.37,889
1700784000,1993.18,1994.91,1991.45,1992.83,6171
1700798400,1992.78,1994.7,1991.43,1994.28,9635
1700812800,1994.25,1994.92,1992.0,1994.51,11272
1700827200,1994.52,2001.96,1994.35,1999.61,14560
1700841600,1999.69,2003.6,1997.14,2000.95,22844
1700856000,2000.93,2002.74,1999.82,2002.16,1369
1701043200,2001.13,2018.09,2000.48,2011.97,13339
1701057600,2012.0,2013.71,2007.37,2010.64,13524
1701072000,2010.64,2015.49,2008.72,2013.39,15910
1701086400,2013.36,2016.25,2009.78,2011.31,19212
1701100800,2011.31,2014.9,2005.69,2009.94,28355
1701115200,2009.94,2014.61,2009.48,2013.91,9029
1701129600,2013.38,2018.02,2013.18,2015.4,9155
1701144000,2015.4,2017.65,2014.09,2015.18,9652
1701158400,2015.19,2016.82,2012.06,2015.96,14846
1701172800,2015.98,2021.49,2011.69,2021.47,16824
1701187200,2021.47,2042.95,2020.6,2040.69,33489
1701201600,2040.69,2042.55,2038.21,2040.93,10202
1701216000,2041.06,2051.94,2040.86,2048.58,11845
1701230400,2048.66,2049.02,2042.93,2046.0,13059
1701244800,2045.97,2046.23,2035.41,2038.38,18816
1701259200,2038.38,2042.95,2036.67,2039.13,20715
1701273600,2039.14,2046.87,2037.1,2045.07,28215
1701288000,2045.07,2049.57,2042.73,2044.62,10692
1701302400,2044.84,2046.82,2043.09,2043.32,6176
1701316800,2043.32,2047.18,2041.39,2041.7,9449
1701331200,2041.7,2046.9,2038.77,2039.92,15106
1701345600,2039.91,2043.95,2033.96,2036.84,19911
1701360000,2036.82,2041.31,2030.98,2037.04,32272
1701374400,2037.1,2038.65,2033.64,2035.89,9834
1701388800,2037.52,2043.43,2037.52,2041.72,7405
1701403200,2041.72,2042.79,2038.62,2040.98,8614
1701417600,2040.98,2049.83,2039.24,2046.4,15317
1701432000,2046.4,2047.19,2033.85,2037.66,19244
1701446400,2037.64,2067.63,2035.17,2067.28,37702
1701460800,2067.28,2075.31,2065.52,2071.16,16554
1701648000,2074.33,2144.76,2071.65,2087.72,26140
1701662400,2087.72,2090.54,2081.6,2086.03,13660
1701676800,2086.02,2087.87,2057.76,2070.96,25147
1701691200,2070.96,2071.76,2056.32,2057.64,21692
1701705600,2057.66,2057.89,2020.09,2025.91,45512
1701720000,2025.98,2032.26,2022.16,2029.86,13787
1701734400,2029.67,2041.17,2028.45,2035.54,11967
1701748800,2035.5,2038.32,2030.32,2032.1,11818
1701763200,2032.1,2039.51,2028.54,2028.89,20254
1701777600,2028.88,2030.81,2021.51,2029.45,21927
1701792000,2029.45,2030.14,2009.79,2017.16,39382
1701806400,2017.18,2020.84,2016.68,2019.61,9474
1701820800,2019.31,2022.65,2017.23,2020.8,7353
1701835200,2020.76,2025.39,2019.64,2024.76,9003
1701849600,2024.76,2035.79,2020.21,2021.15,18589
1701864000,2021.15,2031.81,2020.19,2030.15,19225
1701878400,2030.19,2033.0,2022.65,2029.5,32326
1701892800,2029.43,2031.2,2024.38,2025.0,9780
1701907200,2026.07,2029.59,2025.28,2026.1,7014
1701921600,2026.12,2029.98,2025.16,2026.79,11044
1701936000,2026.82,2034.82,2026.22,2034.18,17405
1701950400,2034.18,2039.89,2029.51,2037.12,19566
1701964800,2037.12,2037.45,2020.21,2028.77,34044
1701979200,2028.77,2031.95,2027.6,2028.63,11632
1701993600,2028.79,2033.05,2026.86,2032.16,11560
1702008000,2032.27,2033.93,2029.28,2029.96,10417
1702022400,2029.96,2031.39,2026.45,2028.59,17300
1702036800,2028.6,2032.36,2014.41,2018.56,22256
1702051200,2018.55,2019.28,1994.64,1997.13,39043
1702065600,1997.13,2003.85,1996.29,2003.4,10162
1702252800,2005.62,2007.73,2001.67,2002.11,9840
1702267200,2002.1,2002.79,1994.86,1998.8,10882
1702281600,1998.81,2000.57,1991.3,1993.41,16785
1702296000,1993.39,1996.74,1990.17,1993.7,17233
1702310400,1994.0,1994.4,1976.04,1976.71,26403
1702324800,1976.71,1983.07,1975.86,1981.49,10776
1702339200,1982.46,1989.41,1981.8,1983.26,9023
1702353600,1983.24,1987.82,1981.99,1987.52,8914
1702368000,1987.51,1989.04,1982.69,1985.92,12134
1702382400,1985.9,1996.74,1982.68,1984.4,20074
1702396800,1984.4,1989.72,1977.2,1977.75,28344
1702411200,1977.74,1980.98,1977.5,1979.68,9905
1702425600,1980.07,1982.73,1979.8,1980.11,5342
1702440000,1980.11,1980.38,1977.59,1978.78,6726
1702454400,1978.78,1982.62,1973.02,1982.52,13641
1702468800,1982.46,1986.7,1979.67,1984.44,14166
1702483200,1984.34,1986.1,1978.46,1982.13,21625
1702497600,1982.17,2027.42,1979.65,2026.53,29036
1702512000,2025.16,2039.19,2024.56,2032.33,17705
1702526400,2032.42,2035.9,2030.07,2035.16,18141
1702540800,2035.2,2040.32,2029.28,2036.58,24870
1702555200,2036.58,2039.18,2027.52,2037.28,25057
1702569600,2037.11,2047.9,2034.66,2036.08,34716
1702584000,2036.05,2036.67,2028.99,2035.75,15412
1702598400,2036.44,2038.64,2031.27,2032.21,9901
1702612800,2032.17,2037.41,2031.84,2035.23,11380
1702627200,2035.23,2044.14,2034.27,2042.61,15708
1702641600,2042.66,2044.87,2026.93,2031.38,19745
1702656000,2031.4,2038.56,2031.27,2032.75,30717
1702670400,2032.72,2033.76,2015.57,2018.23,16003
1702857600,2019.57,2023.28,2015.93,2019.3,9457
1702872000,2019.26,2024.53,2018.98,2023.11,8950
1702886400,2023.11,2027.26,2021.49,2022.88,15097
1702900800,2022.88,2026.23,2018.76,2025.85,13595
1702915200,2025.85,2033.5,2020.29,2033.5,20146
1702929600,2033.43,2033.6,2024.98,2027.19,8593
1702944000,2027.78,2029.23,2025.58,2026.11,6307
1702958400,2026.1,2026.49,2021.63,2024.09,10372
1702972800,2024.09,2028.42,2022.96,2026.29,14159
1702987200,2026.29,2032.62,2024.21,2029.99,14209
1703001600,2029.99,2047.02,2028.91,2040.42,23522
1703016000,2040.42,2040.87,2036.69,2040.34,8387
1703030400,2039.93,2041.55,2037.63,2038.17,7238
1703044800,2038.11,2041.32,2036.68,2041.19,7307
1703059200,2041.22,2043.41,2039.62,2039.97,13036
1703073600,2039.96,2040.39,2029.56,2036.4,15130
1703088000,2036.4,2039.77,2030.53,2034.74,21983
1703102400,2034.74,2037.12,2027.42,2029.42,13413
1703116800,2032.29,2035.94,2031.49,2035.46,5825
1703131200,2035.46,2038.16,2034.89,2036.18,8269
1703145600,2036.2,2037.36,2033.96,2035.41,10541
1703160000,2035.41,2045.91,2032.02,2041.34,17491
1703174400,2041.34,2045.95,2036.65,2041.02,27766
1703188800,2041.02,2045.93,2037.43,2045.77,9866
1703203200,2047.25,2054.95,2046.82,2048.68,10491
1703217600,2048.65,2051.23,2047.14,2048.28,11333
1703232000,2048.3,2054.56,2047.03,2053.47,11450
1703246400,2053.46,2069.24,2053.42,2067.15,20739
1703260800,2067.26,2070.57,2051.09,2055.45,28225
1703275200,2055.46,2057.99,2051.74,2053.06,10144
1703548800,2057.17,2063.82,2053.46,2063.28,6542
1703563200,2063.28,2065.03,2061.32,2062.75,8078
1703577600,2062.74,2065.01,2060.58,2061.9,7443
1703592000,2061.88,2064.1,2058.75,2058.75,8348
1703606400,2058.75,2061.98,2054.52,2057.78,14352
1703620800,2057.79,2068.98,2057.38,2066.78,8289
1703635200,2067.71,2068.44,2063.9,2066.71,7229
1703649600,2066.71,2067.26,2064.07,2064.68,7927
1703664000,2064.68,2069.3,2064.44,2068.32,9716
1703678400,2068.32,2070.24,2061.43,2068.27,13917
1703692800,2068.33,2082.52,2066.65,2081.87,22129
1703707200,2081.9,2084.4,2075.91,2077.29,10365
1703721600,2077.96,2087.67,2077.53,2086.98,7941
1703736000,2086.99,2088.38,2084.66,2085.78,11095
1703750400,2085.78,2087.51,2072.7,2076.95,15687
1703764800,2076.95,2079.25,2071.3,2072.91,14494
1703779200,2073.02,2081.09,2072.06,2074.82,20909
1703793600,2074.84,2075.48,2064.57,2064.98,10464
1703808000,2066.82,2071.32,2065.76,2070.72,7714
1703822400,2070.7,2072.24,2067.7,2072.19,9754
1703836800,2072.21,2074.73,2065.37,2065.58,11759
1703851200,2065.51,2068.83,2058.24,2059.23,14909
1703865600,2059.23,2068.06,2058.5,2066.54,24169
1703880000,2066.53,2067.84,2061.1,2062.57,11027
1704153600,2065.22,2069.83,2062.31,2066.6,8252
1704168000,2066.59,2074.77,2063.97,2074.43,10156
1704182400,2074.45,2078.87,2071.83,2077.07,16020
1704196800,2077.07,2077.78,2064.84,2066.19,20486
1704211200,2066.28,2070.66,2055.92,2062.65,30233
1704225600,2062.69,2064.95,2057.98,2058.94,8892
1704240000,2058.92,2062.55,2058.72,2062.49,7621
1704254400,2062.53,2065.89,2061.55,2064.07,9099
1704268800,2064.09,2065.37,2054.19,2056.78,15367
1704283200,2056.82,2057.13,2038.68,2040.99,23521
1704297600,2041.07,2048.72,2030.61,2033.39,36314
1704312000,2033.39,2042.27,2030.6,2041.04,18733
1704326400,2042.23,2043.91,2040.09,2042.2,8003
1704340800,2042.2,2046.87,2042.2,2043.74,13637
1704355200,2043.76,2050.9,2043.63,2047.99,25362
1704369600,2047.96,2050.78,2038.83,2040.24,28005
1704384000,2040.24,2047.63,2036.22,2043.3,39929
1704398400,2043.3,2044.9,2041.59,2043.47,15044
1704412800,2043.11,2048.18,2042.78,2046.15,8972
1704427200,2046.17,2047.84,2043.06,2044.45,10921
1704441600,2044.47,2046.95,2038.42,2038.84,22375
1704456000,2038.85,2041.86,2024.36,2039.94,28796
1704470400,2040.14,2063.96,2038.74,2041.96,53098
1704484800,2041.95,2050.3,2040.46,2045.7,20895
1704672000,2044.57,2046.57,2042.84,2043.78,8217
1704686400,2043.75,2043.79,2026.95,2030.7,14216
1704700800,2030.7,2033.32,2026.6,2029.08,26698
1704715200,2029.07,2029.5,2016.76,2018.98,31219
1704729600,2018.93,2036.9,2018.58,2027.66,38128
1704744000,2027.67,2029.83,2026.12,2028.04,14321
1704758400,2028.45,2035.54,2027.95,2032.2,9323
1704772800,2032.22,2035.79,2030.33,2032.74,11302
1704787200,2032.73,2038.2,2031.15,2035.47,24062
1704801600,2035.47,2041.9,2031.63,2038.68,27348
1704816000,2038.67,2040.09,2026.08,2027.7,38772
1704830400,2027.64,2031.05,2026.78,2029.86,14632
1704844800,2030.64,2032.44,2027.19,2031.76,8341
1704859200,2031.77,2032.83,2025.41,2026.6,11443
1704873600,2026.61,2036.14,2023.83,2035.74,23677
1704888000,2035.74,2040.21,2030.08,2030.3,24783
1704902400,2030.3,2033.53,2022.25,2024.06,35383
1704916800,2024.06,2025.02,2020.47,2023.7,17751
1704931200,2025.04,2030.35,2024.66,2029.72,7891
1704945600,2029.7,2034.6,2028.77,2032.91,11080
1704960000,2032.92,2035.7,2030.19,2031.34,18779
1704974400,2031.33,2039.57,2025.0,2029.37,29336
1704988800,2029.41,2034.9,2013.28,2014.34,52725
1705003200,2014.32,2029.54,2013.83,2028.13,24595
1705017600,2029.23,2035.51,2029.23,2033.84,11021
1705032000,2033.89,2037.15,2032.84,2036.01,12189
1705046400,2036.03,2040.08,2034.16,2038.11,19537
1705060800,2038.12,2056.63,2038.07,2056.13,30867
1705075200,2056.17,2062.23,2041.48,2043.86,46917
1705089600,2043.86,2049.18,2043.03,2048.87,18575
1705276800,2047.84,2051.38,2045.76,2051.06,10912
1705291200,2051.06,2058.02,2049.83,2055.07,12363
1705305600,2055.07,2058.61,2052.91,2055.05,19097
1705320000,2055.07,2055.18,2051.31,2054.29,18833
1705334400,2054.29,2056.34,2049.18,2055.36,17393
1705348800,2055.42,2055.45,2053.68,2054.61,697
1705363200,2055.0,2055.57,2049.97,2050.88,10817
1705377600,2050.8,2051.63,2047.53,2048.61,13800
1705392000,2048.57,2050.86,2038.64,2041.21,27088
1705406400,2041.21,2044.87,2031.35,2037.64,33398
1705420800,2037.65,2042.51,2024.93,2025.33,47441
1705435200,2025.35,2030.17,2024.25,2027.65,19200
1705449600,2027.8,2030.8,2025.64,2030.29,10501
1705464000,2030.28,2032.89,2019.32,2020.62,16916
1705478400,2020.62,2026.59,2017.58,2023.85,28855
1705492800,2023.82,2029.03,2018.82,2022.35,32645
1705507200,2022.48,2023.13,2003.41,2007.04,43596
1705521600,2007.05,2007.24,2001.85,2005.87,19424
1705536000,2006.86,2012.11,2006.86,2011.66,10403
1705550400,2011.64,2011.86,2005.74,2009.24,14621
1705564800,2009.25,2014.08,2008.21,2010.17,21381
1705579200,2010.17,2017.17,2007.16,2009.11,29734
1705593600,2009.11,2017.7,2009.1,2016.42,40201
1705608000,2016.42,2023.27,2015.56,2022.79,16691
1705622400,2024.06,2025.53,2021.14,2024.01,10102
1705636800,2023.98,2025.07,2020.42,2021.62,11440
1705651200,2021.64,2030.82,2020.79,2029.8,20707
1705665600,2029.81,2039.41,2028.77,2035.32,23167
1705680000,2035.32,2035.73,2023.21,2029.06,39350
1705694400,2029.06,2029.84,2026.41,2029.45,15037
1705881600,2028.7,2032.13,2025.41,2029.11,9860
1705896000,2029.15,2029.99,2021.82,2023.16,11473
1705910400,2023.16,2026.21,2019.07,2021.72,23975
1705924800,2021.66,2030.12,2021.07,2023.21,26873
1705939200,2023.15,2026.57,2016.54,2021.52,33589
1705953600,2021.52,2021.9,2019.11,2021.03,13278
1705968000,2021.65,2023.1,2019.61,2021.7,7976
1705982400,2021.72,2031.67,2020.71,2030.79,14208
1705996800,2030.8,2037.74,2027.06,2028.76,24555
1706011200,2028.75,2030.24,2022.41,2024.96,25896
1706025600,2024.96,2027.76,2021.36,2024.31,35513
1706040000,2024.3,2030.64,2023.01,2028.7,14606
1706054400,2029.27,2029.63,2026.38,2027.25,7744
1706068800,2027.25,2027.56,2022.78,2024.45,9557
1706083200,2024.47,2034.07,2023.62,2030.85,24508
1706097600,2030.84,2036.67,2029.31,2033.99,29633
1706112000,2033.99,2034.74,2011.95,2019.25,43574
1706126400,2019.26,2019.78,2011.14,2012.62,19137
1706140800,2015.79,2017.56,2014.47,2016.33,9779
1706155200,2016.42,2016.99,2014.56,2015.54,10073
1706169600,2015.54,2018.22,2012.66,2017.9,20774
1706184000,2017.88,2022.94,2009.02,2019.31,27239
1706198400,2019.34,2025.18,2012.47,2014.91,32864
1706212800,2014.92,2020.26,2013.4,2019.88,10035
1706227200,2019.93,2024.19,2019.29,2021.91,7757
1706241600,2021.88,2023.86,2021.0,2023.09,7719
1706256000,2023.11,2023.46,2018.2,2020.82,19022
1706270400,2020.82,2026.71,2018.74,2024.71,24847
1706284800,2024.71,2026.04,2015.94,2016.65,33776
1706299200,2016.64,2019.25,2016.01,2018.57,12657
1706486400,2023.64,2028.36,2019.25,2023.21,10050
1706500800,2023.27,2027.55,2021.51,2025.52,8080
1706515200,2025.52,2033.81,2024.83,2028.3,19261
1706529600,2028.26,2037.6,2025.49,2036.89,23080
1706544000,2036.91,2037.29,2020.52,2029.37,32310
1706558400,2029.35,2035.24,2025.1,2032.03,16584
1706572800,2032.67,2034.06,2029.15,2031.12,5725
1706587200,2030.96,2033.37,2029.81,2032.16,6466
1706601600,2032.18,2040.32,2032.11,2035.76,17892
1706616000,2035.77,2037.95,2030.7,2037.82,20942
1706630400,2037.79,2048.61,2029.06,2034.03,39514
1706644800,2034.03,2037.02,2031.52,2036.38,15392
1706659200,2036.45,2038.65,2034.5,2034.65,6650
1706673600,2034.64,2035.12,2032.85,2035.1,9669
1706688000,2035.1,2040.45,2033.58,2038.23,19222
1706702400,2038.25,2043.2,2035.99,2041.95,25797
1706716800,2041.95,2055.98,2040.7,2049.66,43759
1706731200,2049.57,2050.69,2030.81,2037.42,37362
1706745600,2040.12,2042.61,2039.09,2041.38,6947
1706760000,2041.38,2049.5,2041.26,2044.51,10109
1706774400,2044.51,2044.95,2038.97,2041.09,20863
1706788800,2041.11,2042.17,2029.99,2040.06,34758
1706803200,2040.06,2065.35,2040.03,2054.42,50834
1706817600,2054.32,2058.72,2052.14,2055.06,22191
1706832000,2054.42,2056.81,2052.91,2054.73,6718
1706846400,2054.73,2056.53,2051.99,2055.51,10384
1706860800,2055.51,2056.93,2052.69,2053.02,17817
1706875200,2053.03,2057.62,2029.44,2031.68,26959
1706889600,2031.64,2037.49,2027.63,2035.24,31625
1706904000,2035.24,2038.72,2034.38,2038.64,10653
1707091200,2041.52,2042.14,2033.59,2037.98,11958
1707105600,2037.96,2038.73,2028.91,2029.73,13346
1707120000,2029.74,2031.4,2020.65,2022.69,23988
1707134400,2022.68,2028.3,2014.98,2015.93,25229
1707148800,2016.03,2026.44,2014.91,2025.69,38883
1707163200,2025.71,2027.55,2024.02,2024.89,15246
1707177600,2025.36,2028.53,2023.71,2027.16,7090
1707192000,2027.14,2029.78,2023.47,2029.45,10469
1707206400,2029.44,2029.6,2022.87,2023.61,10959
1707220800,2023.61,2030.84,2022.89,2029.2,19135
1707235200,2029.28,2038.91,2026.89,2037.07,38478
1707249600,2036.98,2038.15,2033.85,2035.68,16575
1707264000,2035.75,2036.29,2034.2,2035.03,5173
1707278400,2035.05,2035.6,2033.24,2033.37,8339
1707292800,2033.35,2036.18,2031.24,2034.4,16833
1707307200,2034.41,2036.68,2030.6,2036.14,25229
1707321600,2036.18,2044.58,2032.68,2035.64,38453
1707336000,2035.63,2037.23,2033.73,2034.35,14784
1707350400,2035.33,2038.14,2035.33,2037.23,5009
1707364800,2037.23,2038.7,2031.18,2033.49,8528
1707379200,2033.54,2035.94,2028.91,2035.31,16712
1707393600,2035.33,2038.42,2020.97,2021.08,29515
1707408000,2021.08,2033.95,2020.15,2031.78,36977
1707422400,2031.74,2035.36,2031.16,2033.43,15786
1707436800,2034.83,2035.03,2031.96,2034.23,4644
1707451200,2034.23,2035.13,2032.19,2032.84,6005
1707465600,2032.9,2034.95,2030.49,2031.58,16332
1707480000,2031.58,2037.21,2025.59,2027.03,27021
1707494400,2026.92,2030.52,2020.33,2024.69,36700
1707508800,2024.65,2026.33,2022.81,2024.3,12537
1707696000,2026.68,2026.69,2023.49,2023.49,4030
1707710400,2023.47,2024.13,2021.85,2023.83,4109
1707724800,2023.77,2027.21,2020.38,2020.73,14722
1707739200,2020.74,2027.56,2018.56,2019.11,22722
1707753600,2019.11,2020.33,2011.89,2019.37,33059
1707768000,2019.37,2021.6,2017.76,2019.82,13866
1707782400,2019.68,2021.19,2018.27,2020.3,3737
1707796800,2020.33,2021.63,2016.85,2020.75,4745
1707811200,2020.74,2026.91,2020.67,2026.67,14982
1707825600,2026.68,2032.36,2002.95,2004.3,25439
1707840000,2004.35,2005.89,1990.14,1993.67,43682
1707854400,1993.69,1995.77,1991.23,1992.41,15271
1707868800,1992.01,1993.19,1988.73,1992.8,7151
1707883200,1992.79,1993.53,1991.12,1992.92,6862
1707897600,1992.92,1993.02,1986.03,1991.27,19415
1707912000,1991.23,1993.4,1988.7,1989.12,24311
1707926400,1989.1,1995.29,1984.19,1994.33,40172
1707940800,1994.37,1996.1,1989.67,1992.45,15511
1707955200,1993.26,1994.38,1992.32,1992.56,5264
1707969600,1992.48,1993.55,1990.2,1991.91,5423
1707984000,1991.97,1996.77,1991.47,1996.39,15744
1707998400,1996.39,2004.12,1995.59,2003.82,23481
1708012800,2003.76,2008.28,1998.42,2003.7,40505
1708027200,2003.69,2006.43,2002.76,2004.21,16418
1708041600,2004.54,2005.64,2002.39,2005.51,5011
1708056000,2005.49,2005.6,2003.01,2004.46,6936
1708070400,2004.46,2006.47,2002.7,2005.04,15204
1708084800,2005.04,2008.14,1995.05,2001.5,20600
1708099200,2001.47,2014.42,1995.3,2013.32,42147
1708113600,2013.33,2015.17,2011.07,2013.15,16238
1708300800,2011.81,2020.7,2011.78,2019.73,8643
1708315200,2019.7,2022.81,2018.24,2020.77,8633
1708329600,2020.77,2022.94,2019.04,2020.16,14572
1708344000,2020.2,2020.56,2016.01,2016.84,15051
1708358400,2016.85,2018.5,2013.25,2017.3,14362
1708372800,2017.33,2018.45,2016.8,2017.99,708
1708387200,2016.99,2019.21,2015.01,2017.0,7667
1708401600,2016.98,2019.72,2016.81,2018.48,9025
1708416000,2018.5,2025.15,2017.71,2024.05,20357
1708430400,2024.07,2030.78,2023.55,2030.06,26126
1708444800,2030.07,2030.91,2025.47,2028.73,22812
1708459200,2028.73,2028.93,2023.55,2023.76,7172
1708473600,2024.31,2026.07,2022.92,2025.35,7819
1708488000,2025.35,2032.23,2025.35,2030.91,11024
1708502400,2030.94,2031.17,2025.97,2028.11,17187
1708516800,2028.11,2031.51,2027.37,2028.75,21359
1708531200,2028.75,2030.35,2021.5,2024.25,31107
1708545600,2024.34,2027.01,2019.95,2025.24,22040
1708560000,2026.14,2028.53,2025.01,2027.01,6109
1708574400,2026.97,2029.96,2025.49,2028.43,7530
1708588800,2028.43,2034.8,2028.35,2030.3,18861
1708603200,2030.25,2031.21,2022.78,2025.72,22343
1708617600,2025.68,2026.75,2019.76,2023.0,34899
1708632000,2023.03,2025.07,2019.6,2024.28,15791
1708646400,2024.37,2027.23,2022.75,2026.86,6366
1708660800,2026.86,2027.45,2022.15,2022.43,6037
1708675200,2022.42,2022.67,2016.02,2016.79,16618
1708689600,2016.8,2029.24,2016.59,2025.37,25142
1708704000,2025.36,2039.83,2024.2,2037.93,34629
1708718400,2037.97,2041.34,2035.01,2035.81,12873
1708905600,2033.15,2034.89,2029.91,2031.23,6785
1708920000,2031.19,2034.19,2030.62,2032.95,6901
1708934400,2032.95,2036.99,2031.81,2033.1,16177
1708948800,2033.11,2035.45,2030.69,2032.65,21779
1708963200,2032.68,2032.9,2025.08,2028.71,27805
1708977600,2028.71,2033.65,2028.14,2030.91,13933
1708992000,2030.93,2033.78,2030.67,2033.59,5183
1709006400,2033.64,2034.51,2032.3,2033.63,6384
1709020800,2033.63,2039.45,2033.25,2036.62,14024
1709035200,2036.62,2039.12,2034.65,2035.45,19729
1709049600,2035.44,2037.4,2029.8,2032.3,28499
1709064000,2032.3,2036.12,2028.76,2030.0,12303
1709078400,2029.9,2033.71,2029.12,2033.4,5252
1709092800,2033.4,2033.61,2029.76,2030.95,6921
1709107200,2030.95,2032.06,2024.84,2024.91,15848
1709121600,2024.89,2036.17,2024.49,2035.82,23496
1709136000,2035.85,2037.84,2030.43,2033.83,28929
1709150400,2033.84,2035.17,2030.83,2034.82,10533
1709164800,2035.26,2036.52,2033.89,2036.47,4650
1709179200,2036.46,2037.08,2034.38,2035.62,7121
1709193600,2035.62,2037.81,2033.98,2034.57,14366
1709208000,2034.57,2048.67,2028.08,2047.66,26210
1709222400,2047.65,2050.76,2043.28,2045.69,34479
1709236800,2045.64,2046.89,2042.87,2043.48,15032
1709251200,2043.36,2044.72,2042.82,2044.35,5824
1709265600,2044.35,2046.79,2043.37,2045.06,6201
1709280000,2045.06,2048.82,2039.01,2046.4,18778
1709294400,2046.42,2057.44,2045.9,2051.66,28462
1709308800,2051.65,2085.66,2045.58,2084.81,44776
1709323200,2084.83,2088.29,2082.23,2083.54,19739
1709510400,2082.87,2086.21,2079.44,2080.18,9816
1709524800,2080.16,2083.45,2079.81,2081.53,7784
1709539200,2081.53,2088.23,2081.04,2085.14,17564
1709553600,2085.14,2093.15,2081.16,2091.6,22046
1709568000,2091.66,2119.88,2090.51,2116.46,41613
1709582400,2116.45,2118.5,2113.29,2115.16,12678
1709596800,2114.06,2116.79,2110.43,2112.62,8556
1709611200,2112.6,2119.7,2111.18,2119.26,10132
1709625600,2119.26,2125.33,2113.93,2124.51,21577
1709640000,2124.47,2141.78,2121.2,2127.73,29443
1709654400,2127.69,2139.49,2123.62,2130.92,44502
1709668800,2130.94,2134.75,2127.09,2127.84,16648
1709683200,2127.47,2128.49,2125.09,2125.48,7455
1709697600,2125.49,2127.94,2123.67,2125.26,8537
1709712000,2125.31,2131.51,2124.3,2128.65,18090
1709726400,2128.65,2139.65,2124.67,2139.42,25703
1709740800,2139.45,2149.99,2131.95,2144.79,42968
1709755200,2144.79,2152.18,2139.42,2148.4,19508
1709769600,2147.7,2151.25,2144.13,2146.14,11148
1709784000,2146.2,2161.36,2145.63,2154.46,18929
1709798400,2154.4,2159.8,2151.54,2157.68,23145
1709812800,2157.68,2164.68,2153.24,2159.57,23991
1709827200,2159.57,2159.78,2147.91,2158.24,33810
1709841600,2158.24,2160.85,2156.08,2159.39,10239
1709856000,2158.96,2163.55,2157.67,2157.83,8672
1709870400,2157.8,2159.28,2153.96,2157.74,10127
1709884800,2157.74,2171.01,2156.46,2169.06,22596
1709899200,2168.99,2185.37,2156.46,2171.15,23399
1709913600,2171.14,2195.16,2163.8,2184.98,48878
1709928000,2184.98,2184.99,2168.27,2177.8,23397
1710115200,2179.88,2188.96,2177.18,2186.63,8236
1710129600,2186.62,2186.72,2176.83,2180.68,13738
1710144000,2180.69,2183.06,2176.77,2177.4,17772
1710158400,2177.39,2181.54,2175.93,2177.19,19985
1710172800,2177.17,2185.68,2174.85,2180.8,30362
1710187200,2180.82,2184.14,2177.18,2182.79,11750
1710201600,2181.93,2184.72,2180.2,2180.45,6050
1710216000,2180.54,2183.07,2176.78,2178.21,11980
1710230400,2178.21,2179.16,2173.65,2177.77,16400
1710244800,2177.78,2181.99,2161.12,2169.81,26711
1710259200,2169.8,2169.88,2152.61,2165.75,41494
1710273600,2165.71,2165.71,2150.59,2158.39,15937
1710288000,2158.53,2161.39,2155.74,2159.28,7394
1710302400,2159.28,2161.54,2157.22,2159.31,10181
1710316800,2159.31,2161.47,2157.93,2158.2,14007
1710331200,2158.19,2166.35,2157.53,2163.6,20170
1710345600,2163.61,2174.69,2161.43,2173.64,36472
1710360000,2173.66,2179.84,2171.74,2174.63,15472
1710374400,2174.09,2176.54,2173.71,2176.25,4515
1710388800,2176.32,2176.94,2171.02,2171.74,10122
1710403200,2171.73,2171.94,2167.43,2169.6,14098
1710417600,2169.6,2172.0,2160.44,2162.77,21587
1710432000,2162.77,2167.23,2152.78,2158.66,40640
1710446400,2158.54,2165.03,2158.06,2162.04,12575
1710460800,2162.3,2163.08,2160.55,2162.68,3708
1710475200,2162.64,2165.92,2161.64,2164.45,9271
1710489600,2164.51,2170.05,2163.55,2169.1,17107
1710504000,2169.12,2172.7,2157.56,2161.84,21029
1710518400,2161.83,2166.67,2156.49,2158.79,34685
1710532800,2158.91,2160.6,2155.16,2156.07,12846
1710720000,2153.49,2157.45,2153.11,2156.6,6254
1710734400,2156.6,2156.6,2146.05,2147.35,13894
1710748800,2147.27,2154.42,2146.05,2153.51,15258
1710763200,2153.5,2163.59,2153.36,2159.13,22067
1710777600,2159.13,2161.33,2154.57,2159.91,28729
1710792000,2159.93,2161.12,2158.08,2159.48,9314
1710806400,2160.17,2162.82,2160.11,2160.63,4209
1710820800,2160.61,2162.71,2158.52,2160.24,12040
1710835200,2160.25,2160.46,2147.11,2153.05,19615
1710849600,2153.06,2158.66,2150.83,2156.92,22006
1710864000,2156.91,2158.61,2148.4,2154.54,26370
1710878400,2154.55,2158.49,2154.34,2157.68,10871
1710892800,2157.9,2159.62,2155.19,2157.16,3101
1710907200,2157.17,2160.17,2156.61,2156.87,7926
1710921600,2156.89,2159.47,2154.54,2156.12,11233
1710936000,2156.13,2156.13,2149.59,2153.17,15607
1710950400,2153.18,2164.89,2150.51,2157.69,27367
1710964800,2157.71,2188.8,2156.66,2185.75,36424
1710979200,2187.12,2222.72,2187.12,2198.96,19736
1710993600,2198.95,2212.39,2197.92,2203.24,19600
1711008000,2203.25,2210.17,2196.84,2201.52,22606
1711022400,2201.55,2211.72,2199.92,2207.68,28952
1711036800,2207.68,2208.07,2166.41,2179.95,45065
1711051200,2179.96,2183.97,2178.54,2180.78,12352
1711065600,2182.14,2186.04,2180.86,2184.96,4244
1711080000,2184.97,2185.86,2171.75,2173.6,17810
1711094400,2173.59,2176.21,2162.56,2167.93,20544
1711108800,2168.13,2176.19,2165.18,2174.59,22634
1711123200,2174.59,2180.12,2161.66,2162.62,35099
1711137600,2162.68,2167.22,2157.13,2164.96,15453
1711324800,2166.27,2169.4,2164.01,2165.52,7407
1711339200,2165.58,2178.29,2163.93,2169.41,18774
1711353600,2169.43,2171.05,2163.55,2165.71,17818
1711368000,2165.7,2177.03,2164.31,2174.56,19842
1711382400,2174.55,2181.3,2173.02,2175.8,27514
1711396800,2175.82,2176.67,2170.72,2171.11,10694
1711411200,2171.75,2174.43,2171.2,2173.89,5646
1711425600,2173.89,2174.32,2167.56,2172.28,13657
1711440000,2172.25,2179.26,2169.63,2178.3,15304
1711454400,2178.3,2200.05,2178.3,2187.88,28173
1711468800,2187.96,2192.9,2171.67,2176.79,34184
1711483200,2176.8,2179.21,2174.69,2176.52,12263
1711497600,2178.63,2180.21,2176.71,2177.5,4242
1711512000,2177.46,2181.69,2173.05,2178.38,11680
1711526400,2178.38,2182.67,2175.71,2177.42,12005
1711540800,2177.33,2197.61,2176.53,2186.08,26076
1711555200,2186.11,2195.18,2183.56,2192.47,30351
1711569600,2192.45,2195.21,2188.87,2194.8,12619
1711584000,2192.01,2194.0,2187.35,2189.07,6191
1711598400,2189.1,2196.89,2187.52,2195.58,12236
1711612800,2195.59,2200.63,2190.85,2194.83,16326
1711627200,2194.83,2216.92,2192.47,2215.67,31384
1711641600,2215.68,2225.54,2202.24,2220.34,41285
1711656000,2220.39,2236.25,2216.72,2229.47,15492
1711929600,2239.37,2256.38,2235.62,2250.02,15902
1711944000,2250.05,2265.66,2250.05,2260.32,22124
1711958400,2260.29,2263.38,2255.76,2257.3,15180
1711972800,2257.27,2258.34,2243.6,2252.55,21661
1711987200,2252.6,2257.85,2228.5,2238.08,41848
1712001600,2238.1,2250.61,2234.73,2249.33,13708
1712016000,2249.77,2255.82,2247.83,2250.33,8587
1712030400,2250.32,2259.8,2246.67,2256.61,17240
1712044800,2256.55,2262.79,2252.18,2261.12,19911
1712059200,2261.09,2266.77,2253.33,2257.58,27398
1712073600,2257.56,2276.97,2250.8,2260.3,46683
1712088000,2260.3,2281.06,2259.49,2280.3,22366
1712102400,2281.44,2288.32,2277.78,2283.2,11559
1712116800,2283.23,2287.95,2276.69,2283.73,17056
1712131200,2283.72,2286.02,2267.65,2273.21,23660
1712145600,2273.24,2275.11,2265.51,2274.93,26794
1712160000,2274.9,2295.18,2271.74,2293.98,47951
1712174400,2293.85,2300.11,2288.88,2299.83,18566
1712188800,2299.64,2302.67,2296.31,2302.2,10518
1712203200,2302.3,2304.78,2297.48,2298.83,11632
1712217600,2298.8,2300.63,2291.07,2291.62,16260
1712232000,2291.62,2295.19,2282.73,2288.16,23817
1712246400,2288.2,2299.33,2284.86,2286.78,35227
1712260800,2286.8,2305.55,2279.97,2289.5,31711
1712275200,2291.77,2293.34,2282.82,2283.09,8748
1712289600,2283.08,2284.08,2267.74,2278.04,19738
1712304000,2277.98,2291.76,2276.58,2288.09,22851
1712318400,2288.1,2296.13,2280.38,2290.84,28523
1712332800,2290.88,2329.44,2287.0,2327.17,52901
1712347200,2327.17,2330.3,2320.73,2328.89,19544
1712534400,2327.79,2328.45,2304.0,2306.15,16910
1712548800,2306.12,2354.08,2302.86,2342.11,37759
1712563200,2342.11,2343.64,2331.63,2336.27,30862
1712577600,2336.29,2343.53,2322.73,2329.01,31635
1712592000,2329.04,2335.68,2318.74,2328.51,43594
1712606400,2328.59,2342.04,2327.58,2338.46,18654
1712620800,2337.64,2341.7,2337.2,2340.9,5685
1712635200,2340.88,2348.4,2337.78,2344.18,22058
1712649600,2344.22,2359.23,2343.09,2357.6,24942
1712664000,2357.61,2365.29,2345.7,2349.42,33369
1712678400,2349.38,2364.25,2338.28,2344.99,50245
1712692800,2345.02,2354.56,2341.93,2353.71,20468
1712707200,2352.79,2355.57,2350.47,2351.64,5859
1712721600,2351.71,2356.82,2344.74,2356.22,17257
1712736000,2356.27,2360.06,2352.41,2354.55,23706
1712750400,2354.56,2354.83,2327.84,2338.39,30132
1712764800,2338.46,2352.33,2319.36,2337.2,57185
1712779200,2337.2,2345.02,2325.79,2332.47,30053
1712793600,2334.32,2337.23,2333.3,2335.2,7891
1712808000,2335.16,2346.84,2334.03,2342.9,20383
1712822400,2342.94,2344.54,2325.69,2327.96,30092
1712836800,2327.96,2344.31,2327.95,2341.39,34388
1712851200,2341.34,2350.76,2332.32,2349.82,48987
1712865600,2349.83,2377.63,2348.0,2377.09,28394
1712880000,2373.94,2379.45,2371.91,2378.71,10072
1712894400,2378.78,2395.37,2378.74,2384.16,30756
1712908800,2384.15,2400.61,2383.35,2396.72,32738
1712923200,2396.76,2400.39,2390.38,2395.82,36957
1712937600,2395.83,2431.43,2360.84,2369.21,67603
1712952000,2369.26,2372.96,2333.78,2343.85,36797
1713139200,2358.69,2372.49,2346.87,2353.28,21519
1713153600,2353.37,2364.67,2348.45,2356.6,30055
1713168000,2356.6,2362.4,2344.75,2351.62,35977
1713182400,2351.6,2361.24,2346.32,2357.35,32465
1713196800,2357.44,2361.08,2324.24,2357.14,55126
1713211200,2357.16,2387.47,2354.1,2381.53,33169
1713225600,2382.74,2392.17,2380.16,2383.51,12095
1713240000,2383.45,2389.28,2379.29,2386.08,25778
1713254400,2386.13,2389.02,2362.98,2369.45,34165
1713268800,2369.47,2378.22,2367.55,2376.22,32335
1713283200,2376.31,2398.22,2363.51,2397.48,56301
1713297600,2397.5,2397.63,2379.77,2383.33,34773
1713312000,2383.49,2386.96,2380.72,2384.38,10718
1713326400,2384.4,2386.21,2380.27,2381.94,19705
1713340800,2381.95,2393.61,2372.71,2392.95,32065
1713355200,2392.95,2394.28,2378.32,2383.3,32545
1713369600,2383.23,2395.57,2361.06,2372.37,56625
1713384000,2372.37,2379.14,2367.81,2371.07,29531
1713398400,2365.33,2370.07,2363.71,2369.78,8788
1713412800,2369.77,2376.47,2364.05,2375.03,23844
1713427200,2375.07,2380.97,2373.47,2379.97,28313
1713441600,2380.0,2387.49,2377.26,2385.45,28992
1713456000,2385.45,2392.73,2369.59,2387.96,51730
1713470400,2387.97,2389.29,2377.28,2377.28,21919
1713484800,2379.53,2381.42,2373.74,2379.45,7700
1713499200,2379.43,2417.81,2378.76,2383.53,52021
1713513600,2383.58,2393.84,2378.0,2384.21,36452
1713528000,2384.2,2386.09,2372.87,2381.5,33263
1713542400,2381.5,2399.63,2373.06,2399.63,47252
1713556800,2399.64,2401.95,2386.63,2390.33,20893
1713744000,2384.33,2388.52,2381.05,2382.16,11702
1713758400,2382.14,2384.22,2361.98,2369.64,27454
1713772800,2369.69,2370.46,2351.44,2359.53,34374
1713787200,2359.49,2363.62,2333.03,2336.85,32799
1713801600,2336.85,2343.77,2328.96,2329.82,40773
1713816000,2329.82,2334.78,2325.01,2327.91,13914
1713830400,2330.31,2333.89,2326.9,2332.62,9775
1713844800,2332.57,2334.39,2295.53,2305.52,33875
1713859200,2305.43,2314.69,2298.84,2303.28,31141
1713873600,2303.3,2313.57,2291.33,2311.83,31962
1713888000,2311.82,2332.06,2309.54,2330.3,48810
1713902400,2330.31,2331.3,2321.27,2322.32,17111
1713916800,2322.21,2324.26,2320.7,2320.88,6964
1713931200,2320.88,2330.05,2315.76,2326.62,22106
1713945600,2326.62,2331.28,2316.13,2319.17,26234
1713960000,2319.18,2323.46,2311.76,2323.24,25713
1713974400,2323.29,2337.25,2316.06,2325.09,43839
1713988800,2325.03,2330.52,2313.74,2314.08,17905
1714003200,2317.57,2319.35,2315.42,2319.16,6486
1714017600,2319.19,2322.0,2305.11,2315.27,18666
1714032000,2315.3,2328.84,2314.41,2326.86,22045
1714046400,2326.86,2334.63,2323.34,2330.68,24172
1714060800,2330.75,2344.79,2312.74,2328.71,51017
1714075200,2328.75,2336.42,2326.27,2332.15,17683
1714089600,2332.56,2333.39,2328.68,2329.89,4712
1714104000,2329.85,2338.01,2326.28,2335.92,16984
1714118400,2335.91,2350.13,2333.96,2347.02,24495
1714132800,2347.1,2352.48,2340.59,2344.79,25241
1714147200,2345.06,2350.36,2328.67,2333.61,44347
1714161600,2333.57,2341.37,2332.66,2336.59,14039
1714348800,2333.77,2336.81,2330.66,2332.12,7593
1714363200,2332.1,2333.23,2319.88,2332.63,29646
1714377600,2332.62,2341.25,2327.47,2338.13,31650
1714392000,2338.09,2344.33,2328.29,2331.96,22638
1714406400,2331.94,2346.68,2325.61,2342.81,38649
1714420800,2342.92,2346.62,2332.98,2336.85,18626
1714435200,2336.0,2336.29,2331.69,2333.97,6758
1714449600,2334.04,2336.14,2324.94,2326.39,17875
1714464000,2326.44,2326.97,2310.69,2312.88,24718
1714478400,2312.88,2318.0,2304.64,2306.05,26448
1714492800,2306.05,2313.31,2293.14,2294.68,46086
1714507200,2294.67,2297.5,2285.12,2285.74,21658
1714521600,2288.19,2293.23,2285.75,2286.83,7897
1714536000,2286.83,2289.42,2281.61,2283.18,10804
1714550400,2283.2,2289.74,2282.51,2286.3,14300
1714564800,2286.29,2300.01,2285.77,2298.3,23000
1714579200,2298.29,2310.46,2295.22,2303.72,39014
1714593600,2303.7,2328.33,2295.49,2319.86,44541
1714608000,2320.26,2325.97,2319.56,2324.38,10374
1714622400,2324.37,2326.38,2317.36,2318.12,15701
1714636800,2318.14,2319.06,2303.09,2304.01,24502
1714651200,2304.02,2305.39,2293.54,2294.46,29437
1714665600,2294.55,2306.92,2285.47,2299.62,45258
1714680000,2299.62,2309.41,2299.28,2302.85,16435
1714694400,2305.18,2305.67,2300.25,2303.98,7333
1714708800,2303.98,2307.96,2299.62,2307.34,14931
1714723200,2307.36,2308.73,2297.79,2301.39,20464
1714737600,2301.39,2320.52,2294.64,2304.73,25139
1714752000,2304.73,2308.88,2277.31,2299.23,47853
1714766400,2299.26,2303.41,2296.02,2303.31,13892
1714953600,2302.31,2303.21,2291.81,2295.99,9469
1714968000,2295.96,2315.36,2295.85,2309.17,23566
1714982400,2309.19,2324.19,2308.65,2318.24,22202
1714996800,2318.25,2330.28,2314.55,2323.26,22217
1715011200,2323.26,2332.0,2317.71,2325.59,35868
1715025600,2325.56,2328.83,2321.01,2325.49,14643
1715040000,2325.17,2329.45,2322.16,2329.21,7915
1715054400,2329.23,2329.85,2319.59,2322.61,20091
1715068800,2322.62,2323.3,2311.71,2315.72,21752
1715083200,2315.68,2317.39,2309.9,2316.05,20639
1715097600,2316.05,2323.7,2312.4,2312.48,32185
1715112000,2312.51,2317.45,2311.04,2313.4,11725
1715126400,2315.12,2316.82,2313.85,2314.16,5588
1715140800,2314.15,2319.35,2306.95,2319.27,19390
1715155200,2319.28,2321.38,2303.63,2307.33,21001
1715169600,2307.31,2318.97,2307.03,2314.56,22518
1715184000,2314.55,2321.1,2306.84,2317.07,32697
1715198400,2317.12,2317.55,2307.89,2308.85,11150
1715212800,2310.11,2310.92,2307.85,2309.25,6093
1715227200,2309.25,2315.23,2307.77,2314.5,16237
1715241600,2314.52,2319.73,2307.53,2310.41,21377
1715256000,2310.41,2329.32,2306.55,2326.71,22650
1715270400,2326.72,2338.77,2312.28,2329.75,39521
1715284800,2329.72,2347.22,2329.23,2345.05,15509
1715299200,2345.66,2348.98,2345.26,2347.56,6722
1715313600,2347.56,2355.78,2347.15,2353.95,23574
1715328000,2353.95,2372.07,2353.75,2369.56,26714
1715342400,2369.57,2378.38,2361.72,2364.8,28050
1715356800,2364.79,2372.95,2356.58,2368.24,39963
1715371200,2368.27,2370.88,2360.04,2360.25,12007
1715558400,2361.48,2364.44,2359.72,2364.0,6150
1715572800,2364.0,2364.11,2354.27,2354.27,18403
1715587200,2354.28,2355.03,2341.62,2343.25,19884
1715601600,2343.3,2349.73,2338.45,2347.12,25626
1715616000,2347.1,2349.37,2332.07,2336.73,37870
1715630400,2336.73,2338.42,2334.46,2335.84,11063
1715644800,2337.33,2339.71,2334.78,2336.36,5164
1715659200,2336.36,2344.9,2336.34,2344.09,18352
1715673600,2344.09,2345.84,2336.05,2343.78,20213
1715688000,2343.76,2350.21,2336.58,2348.19,25777
1715702400,2348.24,2357.02,2344.89,2354.19,42511
1715716800,2354.2,2359.58,2352.0,2357.66,12765
1715731200,2357.2,2357.63,2354.87,2355.82,6449
1715745600,2355.83,2360.96,2354.87,2356.96,19106
1715760000,2356.96,2374.25,2355.7,2373.26,23971
1715774400,2373.3,2378.91,2358.92,2372.58,30320
1715788800,2372.54,2386.65,2351.85,2383.63,52023
1715803200,2383.68,2390.23,2383.61,2386.94,19148
1715817600,2387.71,2395.14,2387.06,2395.0,11649
1715832000,2394.99,2397.26,2386.34,2391.29,31762
1715846400,2391.29,2394.4,2384.75,2386.01,26924
1715860800,2386.0,2387.73,2377.89,2379.1,27085
1715875200,2379.11,2383.71,2370.95,2381.92,38734
1715889600,2381.92,2382.39,2375.87,2376.18,11524
1715904000,2378.04,2379.68,2377.51,2377.98,5480
1715918400,2377.98,2381.19,2373.93,2378.8,17296
1715932800,2378.8,2387.84,2378.52,2384.27,23497
1715947200,2384.26,2393.97,2381.73,2393.26,21638
1715961600,2393.26,2419.08,2393.26,2407.83,46815
1715976000,2407.84,2422.69,2405.75,2415.56,22504
1716163200,2425.19,2426.46,2416.48,2425.38,13924
1716177600,2425.37,2440.63,2425.37,2437.28,30082
1716192000,2437.29,2450.01,2431.9,2440.08,34408
1716206400,2440.08,2447.12,2407.31,2413.79,36337
1716220800,2413.42,2428.08,2410.38,2426.53,43498
1716235200,2426.55,2437.28,2423.27,2424.61,20960
1716249600,2427.17,2430.48,2424.33,2428.82,8117
1716264000,2428.8,2433.01,2406.13,2412.35,36170
1716278400,2412.36,2422.13,2408.54,2418.74,31840
1716292800,2418.68,2429.9,2412.18,2426.23,27717
1716307200,2426.23,2433.87,2417.99,2422.84,47254
1716321600,2422.86,2425.01,2417.32,2421.24,15117
1716336000,2421.22,2423.11,2420.36,2420.51,6567
1716350400,2420.52,2426.46,2412.1,2412.88,28001
1716364800,2412.86,2418.44,2410.57,2416.85,30165
1716379200,2416.86,2419.31,2404.74,2412.45,29634
1716393600,2412.41,2413.25,2382.22,2391.91,47255
1716408000,2391.9,2394.35,2374.98,2378.49,27162
1716422400,2379.37,2383.65,2378.94,2380.31,8610
1716436800,2380.29,2381.87,2366.64,2372.77,29563
1716451200,2372.77,2373.13,2354.95,2360.43,33771
1716465600,2360.46,2369.37,2358.76,2362.66,28146
1716480000,2362.82,2369.87,2340.02,2340.97,51189
1716494400,2340.96,2342.94,2326.99,2327.89,22343
1716508800,2329.43,2333.61,2327.43,2329.04,7411
1716523200,2329.06,2335.17,2325.36,2335.07,24445
1716537600,2335.07,2340.97,2333.17,2340.09,24410
1716552000,2340.1,2343.87,2335.44,2339.3,23671
1716566400,2339.3,2347.36,2332.34,2334.23,36645
1716580800,2334.23,2336.73,2331.84,2334.32,11579
1716768000,2335.93,2340.68,2332.28,2336.18,7718
1716782400,2336.14,2347.54,2334.61,2342.97,19707
1716796800,2342.97,2346.19,2338.12,2344.2,19353
1716811200,2344.21,2349.63,2342.41,2347.17,17431
1716825600,2347.17,2358.44,2344.59,2354.98,29857
1716840000,2354.98,2355.14,2350.7,2350.79,2707
1716854400,2352.44,2353.84,2351.06,2351.75,6306
1716868800,2351.77,2356.35,2349.15,2351.04,22886
1716883200,2351.04,2353.69,2340.3,2344.93,27523
1716897600,2344.93,2357.1,2342.26,2353.17,23047
1716912000,2353.17,2364.06,2347.93,2356.62,45893
1716926400,2356.63,2360.53,2352.79,2360.29,17759
1716940800,2361.75,2361.8,2357.33,2357.82,7397
1716955200,2357.82,2360.83,2354.38,2358.26,23280
1716969600,2358.27,2361.27,2344.87,2345.47,30529
1716984000,2345.46,2347.3,2334.53,2337.6,27226
1716998400,2337.58,2347.14,2335.93,2341.94,37779
1717012800,2341.85,2344.27,2335.96,2337.44,13054
1717027200,2338.61,2339.17,2333.92,2336.9,9283
1717041600,2336.95,2339.83,2328.03,2335.23,31057
1717056000,2335.22,2337.65,2322.54,2335.02,32448
1717070400,2335.02,2345.18,2330.57,2341.27,31205
1717084800,2341.15,2351.8,2339.76,2347.9,40970
1717099200,2347.9,2348.8,2339.83,2341.99,13020
1717113600,2343.5,2347.49,2342.02,2346.32,9319
1717128000,2346.31,2347.7,2336.95,2344.15,29427
1717142400,2344.1,2347.04,2339.67,2343.21,24609
1717156800,2343.2,2356.71,2340.99,2354.78,24557
1717171200,2354.71,2359.66,2327.72,2332.83,51622
1717185600,2332.82,2333.82,2320.58,2329.44,21760
1717372800,2328.67,2328.77,2323.32,2327.11,9343
1717387200,2327.11,2331.0,2320.04,2321.3,26249
1717401600,2321.31,2328.78,2314.73,2325.51,30938
1717416000,2325.5,2334.31,2324.3,2334.0,25253
1717430400,2333.98,2349.95,2329.79,2349.11,43790
1717444800,2349.09,2354.68,2344.73,2350.29,17043
1717459200,2351.34,2352.78,2349.79,2350.59,6638
1717473600,2350.6,2352.3,2343.13,2349.31,22495
1717488000,2349.3,2351.74,2332.28,2333.33,29955
1717502400,2333.33,2335.91,2325.34,2335.11,34371
1717516800,2335.2,2337.96,2315.61,2323.93,47810
1717531200,2323.91,2330.37,2323.74,2326.66,16305
1717545600,2328.05,2329.56,2327.52,2328.14,6076
1717560000,2328.14,2338.15,2325.85,2337.99,21684
1717574400,2337.99,2341.62,2328.05,2332.6,25802
1717588800,2332.71,2343.94,2329.43,2342.16,24594
1717603200,2342.13,2357.35,2334.01,2352.66,45354
1717617600,2352.67,2356.72,2351.65,2354.05,14150
1717632000,2355.69,2357.52,2354.54,2355.69,6702
1717646400,2355.64,2374.89,2355.52,2369.43,29555
1717660800,2369.43,2371.34,2359.8,2362.88,23377
1717675200,2362.88,2365.19,2355.22,2357.53,24105
1717689600,2357.57,2378.49,2353.52,2372.87,46547
1717704000,2372.88,2375.4,2368.93,2373.46,20998
1717718400,2376.34,2379.14,2375.6,2378.44,6405
1717732800,2378.48,2387.42,2369.38,2386.65,27601
1717747200,2386.67,2387.66,2342.69,2347.3,35295
1717761600,2347.25,2347.96,2313.66,2319.32,39500
1717776000,2319.31,2328.04,2302.97,2311.64,48346
1717790400,2311.74,2312.3,2286.73,2294.02,22687
1717977600,2290.05,2300.03,2289.8,2297.0,11247
1717992000,2296.98,2301.34,2292.69,2294.78,17074
1718006400,2294.79,2297.48,2287.72,2292.61,25521
1718020800,2292.6,2308.53,2291.83,2306.14,24675
1718035200,2306.2,2313.73,2300.33,2312.89,33369
1718049600,2312.89,2313.36,2308.45,2309.9,11526
1718064000,2310.63,2312.14,2308.75,2310.78,6408
1718078400,2310.72,2310.72,2298.77,2303.54,29460
1718092800,2303.51,2307.7,2297.69,2305.94,24666
1718107200,2305.93,2319.84,2301.48,2317.92,24220
1718121600,2317.94,2319.52,2305.86,2308.46,37821
1718136000,2308.48,2316.56,2307.89,2315.79,13104
1718150400,2316.62,2317.59,2313.41,2313.73,6905
1718164800,2313.73,2316.69,2310.66,2312.68,22844
1718179200,2312.68,2317.71,2310.8,2312.76,18555
1718193600,2312.73,2337.56,2311.56,2335.92,14652
1718208000,2335.93,2341.56,2320.04,2337.6,26718
1718222400,2337.61,2339.5,2315.79,2323.9,21072
1718236800,2324.5,2324.58,2317.52,2320.71,5574
1718251200,2320.7,2321.46,2308.1,2311.77,17242
1718265600,2311.77,2318.53,2308.92,2315.53,14589
1718280000,2315.53,2326.58,2303.9,2323.25,17139
1718294400,2323.24,2324.69,2295.54,2299.21,26921
1718308800,2299.22,2304.88,2299.02,2303.82,9066
1718323200,2303.73,2305.63,2301.46,2304.89,4597
1718337600,2304.89,2308.54,2303.04,2305.89,15570
1718352000,2305.89,2321.59,2305.49,2317.32,17383
1718366400,2317.34,2336.54,2315.17,2330.29,21126
1718380800,2330.29,2335.38,2323.97,2328.76,23947
1718395200,2328.85,2335.47,2328.43,2332.18,10132
1718582400,2331.13,2331.38,2325.19,2326.29,5636
1718596800,2326.3,2328.9,2321.46,2323.61,14384
1718611200,2323.59,2323.6,2315.43,2321.27,16103
1718625600,2321.27,2322.54,2316.76,2319.55,14393
1718640000,2319.48,2327.54,2310.01,2316.93,21214
1718654400,2316.94,2320.73,2313.28,2318.72,8773
1718668800,2320.15,2325.53,2319.18,2324.08,4551
1718683200,2324.13,2325.59,2319.21,2322.53,14401
1718697600,2322.52,2323.7,2310.76,2311.3,14131
1718712000,2311.22,2324.13,2306.57,2313.92,16191
1718726400,2313.99,2330.68,2313.68,2330.21,22871
1718740800,2330.29,2333.11,2327.42,2329.06,8535
1718755200,2328.78,2329.94,2327.49,2329.47,3248
1718769600,2329.43,2331.74,2326.48,2327.95,9899
1718784000,2327.94,2334.95,2326.82,2332.52,11633
1718798400,2332.51,2332.85,2325.27,2328.31,11412
1718812800,2328.34,2331.42,2323.74,2329.39,11884
1718827200,2329.4,2331.0,2328.15,2328.27,1437
1718841600,2329.22,2330.59,2327.71,2329.66,3477
1718856000,2329.68,2340.91,2329.68,2340.46,15746
1718870400,2340.53,2345.63,2332.63,2333.34,17250
1718884800,2333.24,2343.66,2331.61,2338.43,14670
1718899200,2338.76,2365.43,2336.67,2356.35,23679
1718913600,2356.36,2361.01,2354.56,2358.9,7767
1718928000,2359.33,2364.76,2358.14,2364.04,5121
1718942400,2364.08,2364.08,2357.08,2362.91,14224
1718956800,2362.89,2368.07,2355.12,2365.33,15980
1718971200,2365.34,2368.67,2360.44,2360.61,14382
1718985600,2360.4,2363.71,2323.3,2324.67,26537
1719000000,2324.66,2325.06,2316.66,2321.36,10680
1719187200,2321.1,2322.15,2317.68,2320.92,5626
1719201600,2320.92,2326.63,2318.96,2324.44,16103
1719216000,2324.44,2332.76,2321.43,2330.51,14042
1719230400,2330.52,2330.91,2320.83,2327.58,16136
1719244800,2327.59,2333.81,2325.87,2331.62,23044
1719259200,2331.61,2334.62,2330.56,2332.93,8606
1719273600,2333.87,2334.27,2328.22,2330.02,4628
1719288000,2329.99,2330.92,2322.7,2327.41,17273
1719302400,2327.34,2330.51,2322.85,2329.55,16967
1719316800,2329.55,2337.03,2324.05,2324.12,17186
1719331200,2324.18,2328.15,2315.45,2317.8,27307
1719345600,2317.77,2320.53,2316.79,2318.79,8869
1719360000,2319.94,2323.87,2317.72,2318.41,5965
1719374400,2318.34,2321.56,2310.53,2316.82,19842
1719388800,2316.8,2318.13,2309.64,2315.62,18934
1719403200,2315.67,2318.37,2304.32,2310.12,20896
1719417600,2310.06,2311.54,2293.6,2299.71,29059
1719432000,2299.66,2302.92,2296.92,2297.83,9403
1719446400,2298.65,2300.1,2296.74,2299.03,5355
1719460800,2299.04,2301.12,2296.82,2300.44,13511
1719475200,2300.44,2308.33,2296.5,2307.56,18261
1719489600,2307.53,2325.77,2307.28,2322.83,26153
1719504000,2322.83,2330.91,2319.5,2325.39,36714
1719518400,2325.39,2327.96,2322.42,2327.32,12040
1719532800,2327.0,2328.2,2321.38,2321.59,5830
1719547200,2321.6,2324.98,2319.05,2321.21,24428
1719561600,2321.21,2331.91,2320.98,2328.69,22088
1719576000,2328.68,2339.29,2327.22,2335.45,25138
1719590400,2335.43,2339.75,2322.86,2329.96,36922
1719604800,2329.97,2332.68,2322.82,2325.49,13087
1719792000,2323.04,2326.09,2322.15,2324.81,8305
1719806400,2324.8,2328.54,2321.37,2323.65,20288
1719820800,2323.64,2328.98,2318.49,2325.82,25513
1719835200,2325.82,2338.48,2325.44,2327.41,24852
1719849600,2327.49,2334.28,2319.27,2328.13,37210
1719864000,2328.14,2332.39,2326.74,2332.01,10591
1719878400,2331.86,2333.86,2331.38,2333.02,5180
1719892800,2333.02,2334.29,2324.9,2327.27,17822
1719907200,2327.27,2332.42,2323.3,2331.16,21021
1719921600,2331.16,2331.87,2319.02,2327.45,24245
1719936000,2327.33,2336.74,2320.92,2322.83,37055
1719950400,2322.83,2331.26,2322.03,2329.22,11521
1719964800,2330.2,2332.12,2329.67,2330.2,4800
1719979200,2330.2,2335.2,2326.83,2334.43,15846
1719993600,2334.42,2347.53,2331.97,2344.63,25788
1720008000,2344.65,2356.09,2342.09,2350.43,29727
1720022400,2350.32,2364.91,2347.5,2356.57,40729
1720036800,2356.5,2360.79,2353.73,2356.12,9622
1720051200,2356.12,2359.57,2356.12,2358.53,5153
1720065600,2358.53,2362.41,2357.21,2358.44,16357
1720080000,2358.44,2359.6,2350.45,2358.81,19122
1720094400,2358.82,2360.35,2355.67,2357.7,14025
1720108800,2357.73,2361.78,2355.38,2357.77,19138
1720123200,2357.75,2357.99,2356.1,2356.7,1043
1720137600,2356.82,2358.98,2354.2,2358.85,7162
1720152000,2358.85,2364.63,2356.82,2363.94,20144
1720166400,2363.93,2368.05,2362.2,2366.41,22614
1720180800,2366.41,2376.11,2350.57,2372.1,25556
1720195200,2372.35,2388.3,2370.58,2386.44,43053
1720209600,2386.44,2392.85,2384.52,2391.1,18336
1720396800,2389.45,2390.15,2384.5,2386.62,8439
1720411200,2386.62,2391.05,2380.72,2384.91,23554
1720425600,2384.91,2386.72,2371.89,2372.77,27454
1720440000,2372.91,2377.42,2368.27,2372.7,23495
1720454400,2372.71,2379.49,2351.04,2358.63,39413
1720468800,2358.66,2359.82,2354.84,2358.44,11878
1720483200,2358.9,2363.63,2358.8,2361.83,6420
1720497600,2361.85,2368.72,2360.48,2367.33,22674
1720512000,2367.29,2368.3,2358.23,2361.62,21699
1720526400,2361.62,2365.53,2356.08,2360.13,21162
1720540800,2360.1,2371.43,2349.39,2357.49,43226
1720555200,2357.52,2365.59,2357.52,2364.1,13206
1720569600,2363.58,2366.44,2363.07,2364.61,4995
1720584000,2364.61,2370.23,2363.23,2367.69,19530
1720598400,2367.69,2374.9,2367.15,2372.81,21382
1720612800,2372.81,2381.78,2371.64,2377.77,19095
1720627200,2377.66,2386.64,2373.93,2377.81,34680
1720641600,2377.81,2378.49,2369.87,2370.83,14072
1720656000,2371.85,2374.35,2371.13,2374.13,4792
1720670400,2374.12,2382.42,2373.0,2381.97,18372
1720684800,2381.97,2384.06,2378.47,2381.37,20835
1720699200,2381.38,2409.71,2377.27,2406.23,25148
1720713600,2406.51,2424.51,2395.81,2411.6,50931
1720728000,2411.6,2418.6,2409.95,2413.92,16863
1720742400,2413.11,2416.23,2411.04,2412.0,11481
1720756800,2411.99,2414.2,2406.61,2408.54,18776
1720771200,2408.54,2410.06,2400.31,2407.44,26005
1720785600,2407.42,2408.28,2391.41,2397.89,26219
1720800000,2397.9,2416.91,2396.79,2415.89,40050
1720814400,2415.9,2418.25,2411.26,2411.6,12099
1721001600,2411.88,2412.15,2405.63,2408.51,11847
1721016000,2408.44,2413.32,2404.91,2411.48,19047
1721030400,2411.48,2413.87,2401.31,2412.01,24179
1721044800,2412.03,2420.79,2407.7,2414.82,27107
1721059200,2414.8,2439.65,2411.44,2430.2,42198
1721073600,2430.26,2430.26,2419.75,2421.13,20325
1721088000,2421.97,2422.74,2420.0,2421.18,5180
1721102400,2421.22,2431.45,2421.22,2429.22,21383
1721116800,2429.23,2439.3,2428.13,2436.59,29485
1721131200,2436.58,2443.97,2429.43,2432.54,35000
1721145600,2432.61,2465.24,2430.94,2459.17,47054
1721160000,2459.16,2469.61,2458.72,2468.83,18327
1721174400,2467.73,2473.24,2466.18,2468.72,10532
1721188800,2468.72,2482.33,2463.95,2467.78,34762
1721203200,2467.78,2478.85,2461.82,2474.97,42628
1721217600,2474.98,2476.35,2466.66,2473.37,37877
1721232000,2473.33,2483.67,2452.8,2455.61,52091
1721246400,2455.62,2460.33,2451.43,2458.39,17968
1721260800,2458.58,2461.9,2457.38,2458.83,10128
1721275200,2458.83,2468.95,2457.56,2465.24,26619
1721289600,2465.24,2474.85,2464.64,2465.96,31175
1721304000,2465.96,2468.8,2461.57,2463.96,29430
1721318400,2463.97,2469.84,2455.84,2456.13,40966
1721332800,2456.13,2457.5,2440.33,2444.68,20619
1721347200,2444.76,2445.26,2426.21,2434.32,11939
1721361600,2434.22,2434.6,2420.44,2425.49,33325
1721376000,2425.49,2426.13,2412.93,2420.43,36253
1721390400,2420.47,2421.1,2401.58,2403.72,32520
1721404800,2403.71,2408.36,2393.81,2399.63,42082
1721419200,2399.7,2400.77,2395.62,2398.46,16833
1721606400,2403.8,2411.91,2402.48,2407.84,10753
1721620800,2407.84,2412.09,2403.18,2405.61,26994
1721635200,2405.61,2407.39,2398.99,2400.8,31796
1721649600,2400.82,2408.34,2388.74,2394.28,29012
1721664000,2394.27,2400.11,2383.78,2393.0,39598
1721678400,2393.03,2399.97,2391.78,2396.62,12965
1721692800,2397.62,2400.18,2394.75,2399.9,7080
1721707200,2399.91,2403.93,2395.8,2396.46,28779
1721721600,2396.46,2407.05,2388.25,2404.0,32108
1721736000,2404.01,2411.95,2403.15,2405.41,28098
1721750400,2405.38,2407.6,2399.53,2405.32,33343
1721764800,2405.32,2408.97,2402.58,2408.2,12818
1721779200,2408.65,2410.16,2407.83,2408.24,5306
1721793600,2408.24,2418.3,2404.9,2417.8,30577
1721808000,2417.82,2419.14,2410.65,2411.75,32333
1721822400,2411.75,2421.94,2409.78,2421.41,25610
1721836800,2421.4,2431.96,2413.57,2418.99,41676
1721851200,2418.99,2419.51,2397.06,2399.43,24160
1721865600,2397.64,2401.16,2393.0,2397.06,14750
1721880000,2397.06,2400.04,2366.77,2377.59,44959
1721894400,2377.59,2378.72,2365.8,2374.59,39892
1721908800,2374.47,2382.51,2362.76,2371.06,38425
1721923200,2371.07,2376.3,2357.56,2362.64,48655
1721937600,2362.63,2365.42,2353.06,2363.34,24804
1721952000,2364.3,2365.38,2362.03,2362.67,10028
1721966400,2362.63,2379.33,2355.79,2369.82,33675
1721980800,2369.84,2375.27,2365.21,2372.92,33494
1721995200,2372.94,2379.01,2370.28,2377.47,28137
1722009600,2377.49,2390.75,2374.06,2389.12,40634
1722024000,2389.12,2389.15,2381.1,2388.01,16594
1722211200,2388.05,2403.13,2387.76,2400.01,14920
1722225600,2400.01,2402.51,2388.66,2394.87,35573
1722240000,2394.88,2396.18,2386.92,2390.3,33182
1722254400,2390.31,2395.34,2385.44,2393.83,26207
1722268800,2393.82,2396.69,2369.63,2378.08,41087
1722283200,2378.1,2385.4,2376.91,2382.31,18247
1722297600,2382.3,2384.9,2380.24,2381.79,6818
1722312000,2381.79,2388.26,2376.5,2386.35,26725
1722326400,2386.33,2391.99,2386.03,2389.4,29606
1722340800,2389.4,2392.35,2385.71,2386.52,20871
1722355200,2386.52,2400.27,2383.4,2399.81,44759
1722369600,2399.82,2412.7,2399.82,2410.57,23461
1722384000,2410.89,2410.89,2407.88,2408.97,9535
1722398400,2408.89,2421.38,2403.85,2421.18,31902
1722412800,2421.18,2425.5,2415.36,2421.4,36466
1722427200,2421.4,2423.23,2417.33,2420.44,26603
1722441600,2420.43,2429.01,2417.76,2426.96,38253
1722456000,2427.06,2450.89,2421.47,2447.02,36074
1722470400,2447.58,2449.44,2444.29,2447.52,11884
1722484800,2447.51,2458.31,2437.29,2444.21,36717
1722499200,2444.22,2448.82,2433.21,2433.84,35204
1722513600,2433.84,2454.75,2430.22,2450.72,32547
1722528000,2450.66,2462.27,2442.11,2444.47,52377
1722542400,2444.48,2444.68,2434.9,2444.5,28656
1722556800,2447.13,2452.25,2443.72,2449.01,13503
1722571200,2449.02,2460.3,2434.96,2457.85,34505
1722585600,2457.86,2468.42,2457.64,2462.0,36328
1722600000,2462.01,2477.63,2455.44,2472.85,33785
1722614400,2472.78,2474.32,2410.77,2430.49,62780
1722628800,2430.49,2442.33,2423.02,2440.07,24757
1722816000,2440.31,2446.28,2413.95,2422.13,24442
1722830400,2421.85,2458.76,2420.17,2452.69,42482
1722844800,2452.68,2452.68,2422.16,2425.02,51446
1722859200,2425.1,2428.81,2364.3,2374.46,53984
1722873600,2374.56,2412.21,2374.56,2403.0,61525
1722888000,2403.0,2412.97,2400.24,2409.72,31479
1722902400,2411.12,2418.31,2404.38,2415.9,18259
1722916800,2415.89,2417.74,2405.89,2408.04,36400
1722931200,2408.13,2415.37,2394.82,2411.1,42771
1722945600,2411.19,2416.27,2391.8,2392.99,34330
1722960000,2393.0,2403.09,2381.57,2390.0,52905
1722974400,2390.0,2395.92,2386.44,2387.79,25633
1722988800,2390.05,2390.56,2381.05,2386.52,13078
1723003200,2386.53,2394.74,2379.01,2392.78,38596
1723017600,2392.77,2397.53,2388.03,2393.33,33395
1723032000,2393.32,2407.04,2392.42,2403.8,27072
1723046400,2403.81,2404.78,2391.98,2399.68,39480
1723060800,2399.6,2399.69,2382.27,2382.59,26018
1723075200,2381.38,2388.8,2380.97,2385.54,15970
1723089600,2385.53,2396.4,2385.04,2394.36,35748
1723104000,2394.35,2400.7,2392.45,2394.54,33885
1723118400,2394.57,2415.44,2393.81,2408.04,32851
1723132800,2408.13,2424.31,2402.22,2418.06,44417
1723147200,2418.06,2426.31,2415.78,2425.64,20131
1723161600,2426.67,2427.46,2422.58,2423.93,10477
1723176000,2424.0,2428.91,2419.36,2423.89,26532
1723190400,2423.85,2426.97,2416.86,2424.49,26551
1723204800,2424.47,2432.57,2422.7,2429.64,25672
1723219200,2429.65,2435.86,2421.07,2434.45,40573
1723233600,2434.45,2436.98,2427.2,2430.55,16017
1723420800,2428.17,2433.44,2426.75,2428.44,8389
1723435200,2428.45,2433.48,2423.81,2433.34,19061
1723449600,2433.29,2443.78,2429.09,2441.97,24713
1723464000,2441.98,2445.41,2439.66,2444.4,21546
1723478400,2444.43,2466.08,2442.09,2463.09,40495
1723492800,2463.09,2472.26,2461.64,2471.9,17575
1723507200,2470.29,2476.87,2468.43,2472.12,11643
1723521600,2472.06,2473.64,2460.16,2461.98,31222
1723536000,2461.96,2466.11,2458.43,2460.55,31702
1723550400,2460.57,2472.44,2458.9,2467.66,26410
1723564800,2467.75,2475.47,2458.9,2469.48,36924
1723579200,2469.49,2470.24,2462.22,2465.32,14773
1723593600,2466.2,2467.37,2462.9,2465.66,8581
1723608000,2465.66,2472.49,2455.35,2461.79,32080
1723622400,2461.79,2478.68,2459.21,2474.42,28661
1723636800,2474.37,2479.86,2462.44,2468.75,28974
1723651200,2468.72,2469.48,2438.08,2444.11,48363
1723665600,2444.12,2448.41,2440.29,2448.04,17689
1723680000,2448.17,2454.21,2446.5,2450.13,8724
1723694400,2450.12,2455.43,2448.22,2453.36,27271
1723708800,2453.37,2458.81,2450.32,2455.47,27499
1723723200,2455.48,2470.01,2441.03,2441.04,28125
1723737600,2441.15,2459.83,2432.15,2455.7,46541
1723752000,2455.72,2461.57,2453.45,2455.37,19028
1723766400,2455.85,2459.7,2454.36,2458.32,7207
1723780800,2458.49,2459.98,2450.69,2452.69,25950
1723795200,2452.69,2464.43,2451.09,2462.33,27007
1723809600,2462.33,2492.39,2461.27,2491.61,29251
1723824000,2491.61,2500.05,2477.49,2495.83,47685
1723838400,2495.84,2509.7,2493.08,2508.2,21896
1724025600,2505.89,2506.78,2500.32,2502.03,12677
1724040000,2502.12,2505.99,2494.96,2500.64,35176
1724054400,2500.67,2507.12,2499.08,2503.12,31581
1724068800,2503.12,2503.96,2486.5,2491.15,28442
1724083200,2491.17,2507.46,2485.6,2505.49,39700
1724097600,2505.5,2505.82,2500.73,2503.95,14171
1724112000,2503.68,2506.79,2502.08,2504.91,8113
1724126400,2504.91,2508.15,2498.69,2500.8,26146
1724140800,2500.8,2523.06,2497.3,2519.82,33087
1724155200,2519.87,2529.2,2519.81,2526.75,27899
1724169600,2526.67,2531.61,2500.82,2509.05,45501
1724184000,2509.05,2516.85,2506.78,2515.7,15478
1724198400,2513.85,2516.06,2512.45,2513.48,8476
1724212800,2513.54,2519.91,2510.85,2516.13,26679
1724227200,2516.15,2519.55,2506.92,2507.29,25885
1724241600,2507.27,2513.65,2504.46,2510.51,23538
1724256000,2510.54,2512.82,2493.39,2507.11,43866
1724270400,2507.05,2519.08,2506.91,2511.37,19217
1724284800,2512.14,2514.61,2511.21,2513.7,8171
1724299200,2513.7,2514.08,2499.28,2501.89,30165
1724313600,2501.88,2510.54,2500.66,2503.63,29203
1724328000,2503.6,2509.06,2495.29,2500.63,28110
1724342400,2500.63,2501.52,2470.73,2484.27,45126
1724356800,2484.27,2484.89,2478.57,2484.2,17619
1724371200,2485.27,2492.21,2484.22,2489.95,7670
1724385600,2489.95,2494.47,2486.68,2493.38,26349
1724400000,2493.38,2499.89,2490.59,2498.96,24842
1724414400,2499.01,2502.39,2495.56,2501.29,23489
1724428800,2501.24,2518.31,2494.39,2510.26,53045
1724443200,2510.27,2513.19,2507.9,2510.92,18551
1724630400,2511.93,2516.88,2510.96,2513.67,14307
1724644800,2513.62,2515.36,2508.94,2509.58,30691
1724659200,2509.57,2525.73,2508.69,2524.18,30611
1724673600,2524.18,2526.77,2520.89,2523.8,26143
1724688000,2523.74,2526.42,2510.59,2520.15,39642
1724702400,2520.11,2523.29,2515.62,2517.64,15301
1724716800,2517.64,2517.81,2512.86,2513.13,6408
1724731200,2513.14,2514.06,2505.79,2507.29,25536
1724745600,2507.3,2517.53,2503.49,2511.01,30922
1724760000,2510.98,2514.31,2506.84,2509.83,27228
1724774400,2509.81,2520.23,2503.54,2514.41,39559
1724788800,2514.42,2525.93,2514.09,2524.26,18023
1724803200,2525.22,2528.95,2523.89,2524.38,7210
1724817600,2524.37,2524.37,2510.24,2511.51,21437
1724832000,2511.5,2511.63,2503.29,2508.13,30352
1724846400,2508.1,2511.33,2493.64,2500.63,26244
1724860800,2500.62,2510.53,2496.38,2501.9,39051
1724875200,2501.9,2509.52,2500.56,2504.52,17487
1724889600,2506.12,2515.31,2504.96,2512.31,9269
1724904000,2512.28,2518.14,2511.67,2515.89,20730
1724918400,2515.89,2521.17,2513.74,2517.15,26588
1724932800,2517.18,2524.37,2503.61,2509.11,26877
1724947200,2509.12,2526.61,2508.21,2525.25,39876
1724961600,2525.26,2528.62,2520.63,2521.07,17703
1724976000,2520.67,2521.72,2516.69,2517.72,5672
1724990400,2517.72,2520.01,2512.17,2513.33,19739
1725004800,2513.34,2526.68,2512.47,2522.89,25690
1725019200,2522.89,2526.8,2514.98,2519.62,25996
1725033600,2519.67,2519.82,2496.55,2497.69,47902
1725048000,2497.66,2504.66,2494.12,2503.28,19563
1725235200,2502.75,2504.92,2501.11,2501.44,6425
1725249600,2501.43,2504.61,2490.04,2496.9,22879
1725264000,2496.91,2507.24,2495.25,2506.29,24836
1725278400,2506.27,2506.59,2497.03,2501.24,19123
1725292800,2501.29,2502.42,2497.65,2500.51,19332
1725307200,2500.47,2501.26,2499.79,2499.93,884
1725321600,2499.31,2499.65,2494.93,2495.77,6623
1725336000,2495.76,2496.92,2489.79,2495.91,24853
1725350400,2495.91,2506.24,2492.71,2503.92,27036
1725364800,2503.95,2504.93,2484.75,2493.25,33920
1725379200,2493.22,2497.59,2473.48,2486.05,47075
1725393600,2485.82,2494.32,2485.47,2492.12,15321
1725408000,2492.65,2494.97,2492.03,2492.28,8579
1725422400,2492.27,2496.84,2491.28,2495.88,18256
1725436800,2495.89,2496.56,2472.51,2473.25,28507
1725451200,2473.33,2491.18,2471.83,2486.51,30562
1725465600,2486.52,2500.25,2482.08,2496.66,40945
1725480000,2496.67,2497.32,2491.46,2495.44,15448
1725494400,2495.27,2496.9,2494.44,2495.18,6064
1725508800,2495.19,2499.27,2493.81,2494.26,19559
1725523200,2494.25,2516.65,2493.95,2514.66,30357
1725537600,2514.68,2523.46,2513.28,2517.74,30915
1725552000,2517.74,2520.54,2503.88,2510.37,45324
1725566400,2510.31,2516.81,2509.28,2516.42,13898
1725580800,2516.23,2517.91,2515.58,2515.88,6281
1725595200,2515.88,2519.48,2512.98,2518.39,17050
1725609600,2518.39,2521.81,2515.47,2517.83,23766
1725624000,2517.87,2529.11,2507.5,2522.21,28375
1725638400,2522.21,2522.98,2485.11,2489.08,65285
1725652800,2489.05,2496.96,2485.95,2496.78,25581
1725840000,2496.94,2498.24,2495.5,2495.93,10564
1725854400,2495.96,2500.46,2494.69,2498.2,25567
1725868800,2498.19,2498.3,2485.54,2492.2,38864
1725883200,2492.2,2504.09,2492.08,2500.89,27443
1725897600,2500.87,2505.23,2493.21,2504.32,36985
1725912000,2504.33,2507.11,2499.4,2506.33,17056
1725926400,2506.63,2507.61,2504.8,2505.36,7080
1725940800,2505.39,2506.83,2501.03,2501.74,21290
1725955200,2501.72,2507.68,2500.13,2502.29,26681
1725969600,2502.29,2514.01,2500.17,2513.79,28049
1725984000,2513.8,2518.37,2500.85,2514.36,42811
1725998400,2514.35,2517.42,2512.05,2516.53,17500
1726012800,2516.68,2519.08,2516.17,2516.57,7034
1726027200,2516.47,2522.55,2514.92,2519.59,26329
1726041600,2519.58,2528.93,2519.34,2524.29,31052
1726056000,2524.29,2524.68,2502.19,2508.21,30153
1726070400,2508.08,2519.96,2500.84,2515.16,52341
1726084800,2515.15,2516.85,2509.76,2512.38,20184
1726099200,2512.29,2513.83,2511.08,2512.19,6180
1726113600,2512.17,2517.7,2510.99,2517.0,22205
1726128000,2517.01,2522.25,2514.45,2517.36,24890
1726142400,2517.33,2535.22,2513.0,2528.85,30602
1726156800,2528.48,2555.13,2522.19,2550.64,54102
1726171200,2550.64,2560.03,2550.07,2559.11,28879
1726185600,2558.3,2562.72,2556.62,2561.56,10911
1726200000,2561.59,2570.1,2559.93,2568.8,28360
1726214400,2568.8,2571.04,2563.09,2569.92,34054
1726228800,2569.64,2575.82,2563.65,2575.78,30526
1726243200,2575.77,2585.12,2573.12,2584.3,45984
1726257600,2584.29,2586.0,2578.63,2580.58,20568
1726444800,2578.71,2582.31,2577.59,2581.32,8500
1726459200,2581.32,2588.92,2579.79,2585.78,15437
1726473600,2585.79,2589.61,2579.53,2586.82,26377
1726488000,2586.8,2588.24,2575.26,2583.37,27269
1726502400,2583.48,2589.3,2576.1,2583.61,38156
1726516800,2583.55,2584.07,2579.59,2582.72,14546
1726531200,2582.49,2584.36,2580.21,2580.21,6566
1726545600,2580.21,2586.25,2574.89,2576.89,19083
1726560000,2576.89,2586.88,2574.55,2580.08,24741
1726574400,2580.02,2581.65,2568.34,2577.75,33247
1726588800,2578.05,2582.17,2561.38,2563.07,44099
1726603200,2563.08,2571.64,2560.74,2569.58,20791
1726617600,2570.19,2574.78,2569.9,2572.99,7691
1726632000,2573.0,2576.41,2567.97,2568.64,27777
1726646400,2568.61,2571.95,2565.72,2569.73,25945
1726660800,2569.74,2580.7,2567.93,2576.22,25170
1726675200,2576.25,2578.51,2568.01,2574.86,38626
1726689600,2574.74,2600.12,2546.77,2557.64,53866
1726704000,2558.88,2561.52,2555.55,2558.72,13849
1726718400,2558.69,2566.67,2551.04,2564.07,34706
1726732800,2564.08,2586.54,2563.95,2584.9,37379
1726747200,2584.95,2594.82,2573.1,2576.82,40943
1726761600,2576.71,2592.53,2569.72,2591.69,50062
1726776000,2591.68,2592.59,2585.91,2587.07,18331
1726790400,2586.39,2588.46,2586.1,2588.03,6880
1726804800,2588.08,2594.32,2584.77,2593.7,26585
1726819200,2593.76,2612.66,2592.38,2609.77,33099
1726833600,2609.77,2619.33,2602.46,2615.58,31470
1726848000,2615.57,2625.73,2602.58,2624.89,53027
1726862400,2624.86,2625.37,2617.79,2621.92,23838
1727049600,2621.01,2621.99,2618.16,2618.25,7171
1727064000,2618.2,2631.08,2616.03,2629.4,23008
1727078400,2629.39,2631.31,2613.84,2616.87,34564
1727092800,2616.86,2628.12,2615.37,2627.0,28243
1727107200,2627.05,2634.82,2625.53,2628.16,44501
1727121600,2628.17,2629.09,2625.65,2627.59,18770
1727136000,2626.98,2628.2,2623.82,2625.14,6995
1727150400,2625.19,2638.22,2624.87,2638.08,30601
1727164800,2638.1,2640.07,2622.62,2629.02,37719
1727179200,2629.05,2636.23,2623.37,2633.14,34071
1727193600,2633.15,2655.13,2630.94,2653.5,54212
1727208000,2653.51,2664.28,2649.77,2657.18,25551
1727222400,2658.59,2660.9,2656.61,2660.78,9520
1727236800,2660.88,2670.5,2655.49,2658.92,34680
1727251200,2658.89,2659.8,2651.48,2655.88,32901
1727265600,2655.89,2660.76,2652.7,2659.52,29167
1727280000,2659.47,2667.42,2649.62,2653.73,47627
1727294400,2653.63,2662.95,2653.14,2657.6,19741
1727308800,2658.04,2660.35,2655.37,2659.05,8566
1727323200,2659.08,2662.89,2657.04,2660.64,22675
1727337600,2660.63,2670.54,2657.98,2669.0,34091
1727352000,2669.01,2685.54,2666.99,2677.27,40547
1727366400,2677.26,2679.66,2654.8,2668.18,55598
1727380800,2668.17,2677.84,2667.54,2672.52,20859
1727395200,2672.08,2673.24,2669.36,2669.79,8941
1727409600,2669.79,2673.95,2666.21,2670.5,30555
1727424000,2670.51,2671.35,2660.95,2662.62,42020
1727438400,2662.59,2674.24,2658.33,2670.06,34129
1727452800,2670.06,2670.9,2644.73,2651.82,52042
1727467200,2651.83,2654.56,2643.05,2654.56,24648
1727654400,2661.6,2665.95,2659.84,2661.57,15251
1727668800,2661.55,2664.26,2647.39,2655.88,30253
1727683200,2655.88,2660.61,2650.6,2653.45,31762
1727697600,2653.52,2653.6,2634.45,2639.0,33617
1727712000,2639.0,2642.05,2628.8,2639.1,46843
1727726400,2639.12,2641.8,2624.62,2633.4,28635
1727740800,2633.55,2637.1,2633.16,2636.38,6916
1727755200,2636.38,2640.37,2634.55,2639.56,13996
1727769600,2639.57,2647.41,2639.55,2646.53,27198
1727784000,2646.55,2656.64,2645.37,2651.49,28774
1727798400,2651.53,2673.11,2647.95,2666.42,52910
1727812800,2666.39,2671.72,2657.52,2662.69,25143
1727827200,2661.79,2662.8,2656.92,2657.4,7897
1727841600,2657.44,2661.9,2652.57,2654.11,19396
1727856000,2654.1,2656.17,2644.51,2652.44,28205
1727870400,2652.38,2655.51,2643.72,2649.57,26882
1727884800,2649.63,2663.32,2641.11,2649.64,44184
1727899200,2649.62,2659.79,2647.17,2658.66,16645
1727913600,2658.8,2662.83,2657.4,2657.77,10136
1727928000,2657.78,2658.88,2653.28,2654.94,18095
1727942400,2654.94,2657.42,2641.78,2645.09,30600
1727956800,2645.05,2653.87,2640.94,2642.36,31900
1727971200,2642.35,2660.97,2637.23,2660.02,44179
1727985600,2660.02,2662.05,2655.14,2656.16,17829
1728000000,2655.89,2657.48,2654.31,2657.25,6692
1728014400,2657.24,2665.78,2656.76,2664.05,17149
1728028800,2664.06,2667.78,2658.73,2658.98,22277
1728043200,2658.99,2662.53,2631.98,2638.79,28117
1728057600,2638.84,2670.11,2637.48,2645.35,53706
1728072000,2645.34,2653.2,2642.69,2652.45,22427
1728259200,2651.59,2652.39,2647.79,2649.28,8677
1728273600,2649.28,2651.89,2643.78,2646.72,20160
1728288000,2646.74,2656.35,2639.68,2652.22,28138
1728302400,2652.23,2659.59,2637.73,2640.05,30592
1728316800,2640.02,2653.69,2639.1,2646.8,39046
1728331200,2646.81,2648.73,2639.63,2642.68,16588
1728345600,2642.0,2649.09,2641.79,2643.59,10092
1728360000,2643.44,2648.2,2633.72,2643.06,37335
1728374400,2643.07,2646.41,2628.54,2637.91,38186
1728388800,2637.9,2652.99,2635.76,2645.91,34898
1728403200,2645.91,2647.69,2604.71,2608.92,54808
1728417600,2608.94,2623.6,2605.52,2621.06,23914
1728432000,2621.72,2623.74,2620.56,2621.15,7745
1728446400,2621.13,2624.18,2614.9,2615.97,27950
1728460800,2615.96,2624.27,2609.13,2616.26,34013
1728475200,2616.28,2622.39,2614.65,2618.88,26100
1728489600,2618.89,2620.64,2605.36,2608.68,41635
1728504000,2608.67,2611.02,2605.11,2607.81,17665
1728518400,2607.7,2610.12,2605.9,2609.31,6853
1728532800,2609.3,2616.86,2606.77,2613.85,27930
1728547200,2613.89,2617.29,2610.2,2615.45,27171
1728561600,2615.47,2627.22,2602.55,2625.02,29082
1728576000,2625.03,2629.68,2615.71,2619.28,52114
1728590400,2619.26,2631.47,2616.49,2629.1,23131
1728604800,2628.47,2635.91,2628.11,2633.77,10667
1728619200,2633.79,2646.02,2632.91,2645.6,26546
1728633600,2645.55,2647.16,2638.04,2639.2,25585
1728648000,2639.24,2650.08,2636.14,2643.03,26745
1728662400,2643.13,2661.35,2642.61,2660.42,40871
1728676800,2660.43,2661.13,2654.71,2656.93,18148
1728864000,2649.67,2652.47,2645.09,2646.67,11834
1728878400,2646.66,2660.27,2643.12,2659.2,25209
1728892800,2659.17,2666.77,2657.06,2659.37,24326
1728907200,2659.38,2662.96,2649.26,2651.35,22393
1728921600,2651.33,2661.16,2643.91,2648.5,36459
1728936000,2648.53,2653.29,2646.04,2646.65,13291
1728950400,2649.11,2650.92,2647.81,2648.14,6400
1728964800,2648.13,2652.69,2642.88,2644.33,23581
1728979200,2644.31,2655.69,2638.02,2653.92,32189
1728993600,2653.93,2657.39,2645.56,2648.23,29593
1729008000,2648.24,2668.88,2646.0,2661.81,48025
1729022400,2661.8,2666.45,2658.96,2662.8,22030
1729036800,2662.2,2662.82,2658.65,2660.15,6397
1729051200,2660.15,2670.02,2660.12,2666.68,27865
1729065600,2666.7,2680.08,2666.11,2679.46,30410
1729080000,2679.53,2682.68,2672.95,2681.75,31788
1729094400,2681.73,2685.21,2666.7,2674.13,45045
1729108800,2674.14,2676.62,2672.69,2673.26,14148
1729123200,2674.52,2677.94,2673.23,2677.88,6406
1729137600,2677.87,2684.81,2674.49,2679.05,32432
1729152000,2679.04,2685.68,2678.05,2681.81,31075
1729166400,2681.81,2688.73,2673.11,2680.61,34366
1729180800,2680.62,2696.7,2677.91,2692.2,48851
1729195200,2692.2,2694.17,2688.87,2691.98,14191
1729209600,2692.97,2695.73,2692.26,2692.98,7407
1729224000,2693.01,2711.91,2692.76,2710.18,32519
1729238400,2710.18,2714.0,2701.65,2706.2,34763
1729252800,2706.24,2716.98,2706.17,2709.5,34849
1729267200,2709.31,2720.11,2704.96,2717.6,42162
1729281600,2717.63,2722.01,2713.55,2721.42,19916
1729468800,2722.91,2725.8,2720.37,2721.61,11867
1729483200,2721.62,2732.79,2721.01,2730.37,31984
1729497600,2730.38,2733.08,2723.58,2731.37,32205
1729512000,2731.41,2739.72,2727.76,2738.57,35187
1729526400,2738.59,2740.54,2716.89,2723.5,46771
1729540800,2723.51,2725.61,2714.14,2719.54,21362
1729555200,2719.27,2725.13,2719.08,2724.71,8283
1729569600,2724.71,2735.94,2724.0,2734.72,26687
1729584000,2734.71,2738.33,2728.99,2734.88,28655
1729598400,2734.88,2739.32,2729.49,2736.18,32591
1729612800,2736.2,2745.49,2733.7,2745.32,44227
1729627200,2745.33,2748.82,2743.52,2748.23,21658
1729641600,2747.05,2748.13,2744.76,2745.2,6260
1729656000,2745.2,2750.64,2737.91,2749.96,30061
1729670400,2749.95,2758.41,2748.05,2756.92,29575
1729684800,2756.92,2757.56,2740.83,2743.31,31718
1729699200,2743.33,2744.08,2708.74,2719.41,54366
1729713600,2719.4,2720.63,2711.94,2715.71,25299
1729728000,2716.31,2721.85,2715.7,2721.23,9265
1729742400,2721.25,2727.01,2720.24,2726.52,26484
1729756800,2726.52,2737.84,2725.86,2736.82,32704
1729771200,2736.74,2741.56,2734.58,2739.03,28622
1729785600,2738.96,2743.23,2722.39,2733.61,47198
1729800000,2733.61,2737.74,2732.82,2735.8,16499
1729814400,2735.88,2735.88,2731.21,2732.33,5791
1729828800,2732.33,2735.04,2723.88,2725.9,23894
1729843200,2725.98,2732.54,2718.89,2719.41,27256
1729857600,2719.33,2732.43,2717.0,2731.48,26671
1729872000,2731.5,2742.03,2725.22,2739.21,40249
1729886400,2739.26,2745.99,2738.78,2745.49,17940
1730073600,2733.74,2740.08,2730.24,2732.41,14783
1730088000,2732.4,2735.5,2724.65,2732.89,24650
1730102400,2733.06,2744.5,2731.1,2731.95,27491
1730116800,2731.95,2734.79,2727.8,2734.26,23554
1730131200,2734.23,2745.88,2732.7,2742.72,36859
1730145600,2742.72,2744.95,2740.13,2742.62,14788
1730160000,2741.28,2746.76,2739.82,2745.69,7478
1730174400,2745.7,2757.65,2745.53,2754.69,26936
1730188800,2754.81,2756.74,2746.27,2754.62,26155
1730203200,2754.62,2756.54,2746.14,2749.11,25943
1730217600,2749.11,2771.63,2748.2,2769.35,48429
1730232000,2769.26,2774.7,2766.24,2773.63,19450
1730246400,2773.32,2779.08,2772.92,2778.05,8197
1730260800,2778.08,2782.1,2776.03,2780.12,26592
1730275200,2780.1,2789.71,2778.0,2781.88,28537
1730289600,2781.67,2786.38,2773.58,2782.45,25296
1730304000,2782.45,2787.46,2770.84,2785.3,47434
1730318400,2785.29,2789.9,2783.94,2787.68,19058
1730332800,2786.3,2788.17,2784.67,2787.51,6047
1730347200,2787.55,2790.01,2782.05,2784.4,20888
1730361600,2784.38,2786.53,2776.9,2779.03,25981
1730376000,2779.04,2782.49,2771.97,2773.61,27666
1730390400,2773.62,2773.85,2731.52,2740.65,55392
1730404800,2740.71,2749.69,2738.19,2744.16,22622
1730419200,2745.23,2747.85,2744.83,2744.96,6182
1730433600,2744.95,2752.91,2744.75,2752.18,24378
1730448000,2752.22,2757.6,2747.1,2753.35,26039
1730462400,2753.4,2759.79,2744.78,2753.75,29475
1730476800,2753.79,2762.11,2739.62,2743.1,51306
1730491200,2743.08,2743.79,2733.12,2734.62,22418
1730678400,2731.95,2741.26,2731.95,2739.88,17436
1730692800,2739.88,2743.64,2736.92,2741.49,20569
1730707200,2741.5,2744.74,2731.82,2743.29,27190
1730721600,2743.3,2746.74,2736.48,2746.71,25987
1730736000,2746.73,2748.13,2731.65,2738.33,37954
1730750400,2738.34,2739.62,2735.51,2736.48,14243
1730764800,2737.26,2737.47,2732.89,2734.18,10876
1730779200,2734.19,2737.19,2724.66,2732.52,26899
1730793600,2732.52,2744.95,2731.7,2739.81,25950
1730808000,2739.81,2746.61,2735.53,2744.65,24971
1730822400,2744.64,2749.87,2732.98,2741.88,36141
1730836800,2741.89,2744.84,2739.33,2743.71,13837
1730851200,2743.01,2749.56,2732.55,2746.97,25340
1730865600,2746.99,2748.27,2730.58,2738.94,50043
1730880000,2738.96,2739.16,2701.38,2724.6,51912
1730894400,2724.59,2727.07,2658.98,2664.12,48780
1730908800,2664.13,2678.12,2652.3,2663.24,52269
1730923200,2663.22,2669.43,2659.05,2659.28,22028
1730937600,2662.09,2664.23,2643.13,2649.33,19559
1730952000,2649.33,2661.11,2649.33,2659.09,25958
1730966400,2659.03,2667.47,2652.67,2661.57,29604
1730980800,2661.58,2685.09,2659.77,2684.55,33646
1730995200,2684.55,2700.25,2682.35,2699.32,43716
1731009600,2699.33,2710.07,2687.42,2707.07,32947
1731024000,2704.17,2710.28,2699.12,2699.83,15512
1731038400,2699.83,2700.96,2693.23,2695.16,21740
1731052800,2695.17,2695.73,2680.25,2689.25,34735
1731067200,2689.24,2701.05,2681.97,2697.51,32534
1731081600,2697.52,2703.99,2682.83,2687.91,42270
1731096000,2687.91,2688.71,2682.76,2683.76,16672
1731283200,2683.36,2686.05,2671.84,2672.92,16778
1731297600,2672.97,2675.14,2666.41,2669.21,22474
1731312000,2669.22,2674.06,2663.81,2666.8,29290
1731326400,2666.79,2675.14,2634.32,2635.48,34717
1731340800,2635.55,2635.62,2611.41,2612.54,43374
1731355200,2612.52,2626.1,2610.6,2620.15,15958
1731369600,2621.09,2627.06,2619.11,2624.09,13755
1731384000,2624.07,2625.41,2605.35,2606.82,26252
1731398400,2606.8,2610.11,2590.78,2593.23,36472
1731412800,2593.2,2616.29,2589.65,2611.55,37390
1731427200,2611.62,2616.98,2592.43,2597.39,43047
1731441600,2597.4,2602.03,2595.11,2597.27,19789
1731456000,2597.91,2611.08,2597.56,2608.08,14074
1731470400,2608.07,2613.19,2603.51,2605.7,25400
1731484800,2605.69,2611.62,2601.0,2608.57,24850
1731499200,2608.52,2618.74,2605.77,2612.32,28786
1731513600,2612.24,2616.32,2577.59,2583.29,52058
1731528000,2583.29,2585.44,2572.94,2573.69,20802
1731542400,2573.99,2581.41,2561.49,2562.55,18680
1731556800,2562.54,2565.18,2555.28,2558.58,25432
1731571200,2558.58,2560.43,2536.75,2543.49,38376
1731585600,2543.48,2560.27,2539.01,2557.09,38134
1731600000,2557.05,2577.43,2554.26,2572.97,45508
1731614400,2573.11,2576.85,2563.86,2566.31,26491
1731628800,2566.43,2571.62,2563.03,2564.97,13450
1731643200,2564.95,2571.08,2559.66,2559.87,18555
1731657600,2559.84,2568.91,2554.44,2563.93,28350
1731672000,2563.92,2575.71,2561.14,2565.28,35550
1731686400,2565.21,2575.95,2560.09,2562.92,48107
1731700800,2562.94,2568.01,2559.43,2561.45,19748
1731888000,2567.97,2597.14,2567.94,2586.98,21753
1731902400,2586.96,2594.99,2585.01,2585.51,23167
1731916800,2585.5,2597.24,2580.35,2595.67,31636
1731931200,2595.75,2605.06,2589.49,2603.93,31504
1731945600,2603.92,2615.01,2602.74,2610.35,38649
1731960000,2610.34,2612.51,2607.68,2612.11,15350
1731974400,2610.5,2617.79,2610.38,2615.64,12862
1731988800,2615.62,2625.47,2615.61,2622.51,25818
1732003200,2622.52,2634.42,2617.72,2630.21,34574
1732017600,2630.21,2639.36,2628.71,2635.22,36144
1732032000,2635.17,2636.84,2620.85,2628.01,43771
1732046400,2628.04,2634.56,2626.24,2631.72,16964
1732060800,2632.37,2641.4,2631.9,2639.55,13959
1732075200,2639.56,2641.75,2634.86,2636.83,19210
1732089600,2636.78,2637.03,2618.8,2621.86,30979
1732104000,2621.79,2640.4,2620.88,2636.06,29320
1732118400,2636.07,2655.33,2634.14,2651.74,36850
1732132800,2651.75,2653.06,2645.4,2650.01,19034
1732147200,2649.77,2660.39,2648.79,2653.35,14284
1732161600,2653.34,2658.83,2650.34,2656.87,19259
1732176000,2656.87,2671.51,2656.52,2668.81,28669
1732190400,2668.81,2673.48,2660.37,2665.41,29676
1732204800,2665.41,2672.73,2661.29,2671.78,41999
1732219200,2671.8,2673.41,2667.77,2669.66,17848
1732233600,2669.58,2679.4,2668.04,2677.77,14922
1732248000,2677.71,2692.31,2677.27,2686.58,26744
1732262400,2686.6,2707.38,2685.77,2703.3,37318
1732276800,2703.43,2710.03,2689.3,2692.87,39188
1732291200,2692.84,2707.16,2684.38,2706.75,43675
1732305600,2706.76,2712.77,2704.99,2712.73,20550
1732492800,2710.91,2721.3,2694.86,2701.22,27044
1732507200,2701.21,2704.4,2658.23,2664.68,38462
1732521600,2664.83,2675.12,2661.64,2673.84,38422
1732536000,2673.84,2688.71,2668.74,2678.24,35552
1732550400,2678.26,2678.66,2624.54,2627.82,51000
1732564800,2627.84,2628.66,2615.54,2625.23,23586
1732579200,2627.45,2632.13,2605.21,2628.13,26799
1732593600,2628.13,2631.34,2617.81,2624.35,27762
1732608000,2624.32,2627.11,2610.79,2625.97,33703
1732622400,2626.0,2641.89,2623.97,2629.9,36647
1732636800,2629.87,2633.76,2616.7,2624.93,41656
1732651200,2624.91,2633.5,2619.51,2632.12,21416
1732665600,2631.17,2634.09,2627.0,2631.3,13615
1732680000,2631.27,2645.71,2631.04,2641.95,23222
1732694400,2641.95,2653.72,2638.96,2648.39,30348
1732708800,2648.37,2658.12,2643.2,2656.26,32440
1732723200,2656.28,2656.83,2635.21,2637.2,41992
1732737600,2637.19,2640.71,2633.77,2635.68,14006
1732752000,2637.65,2638.35,2620.92,2628.8,16881
1732766400,2628.79,2634.0,2625.59,2633.41,19386
1732780800,2633.42,2647.92,2631.85,2646.14,22728
1732795200,2646.18,2649.6,2642.74,2647.0,20545
1732809600,2647.02,2647.87,2636.17,2640.89,18680
1732824000,2640.87,2641.41,2637.29,2637.68,2076
1732838400,2638.83,2647.1,2633.98,2644.87,15989
1732852800,2644.85,2664.14,2644.72,2662.38,27698
1732867200,2662.36,2666.19,2654.51,2664.11,27898
1732881600,2664.12,2665.8,2656.12,2657.98,28983
1732896000,2657.98,2662.7,2650.64,2660.47,39469
1732910400,2660.54,2660.54,2648.57,2650.26,9396
1733097600,2648.7,2650.27,2622.88,2635.86,23470
1733112000,2635.85,2637.96,2621.83,2623.14,31565
1733126400,2623.12,2636.84,2621.89,2633.6,33347
1733140800,2633.58,2648.7,2633.32,2646.96,36717
1733155200,2646.94,2651.73,2637.29,2638.74,42524
1733169600,2638.75,2644.2,2633.45,2638.68,18182
1733184000,2638.86,2645.15,2634.0,2636.46,14054
1733198400,2636.45,2642.89,2634.43,2641.12,20047
1733212800,2641.12,2649.93,2639.21,2643.93,27001
1733227200,2643.93,2653.61,2637.71,2652.79,24471
1733241600,2652.82,2655.59,2635.1,2646.98,34853
1733256000,2646.99,2649.08,2640.11,2643.19,13670
1733270400,2642.37,2643.47,2637.59,2642.16,11337
1733284800,2642.02,2651.06,2641.89,2649.66,19191
1733299200,2649.69,2651.3,2636.6,2640.88,22710
1733313600,2640.96,2649.13,2632.35,2648.4,26716
1733328000,2648.39,2657.11,2645.04,2651.32,34720
1733342400,2651.34,2655.4,2646.88,2649.59,19132
1733356800,2649.02,2651.42,2646.1,2646.91,12358
1733371200,2646.92,2655.46,2644.59,2653.02,19285
1733385600,2652.96,2654.01,2641.8,2644.81,20944
1733400000,2644.74,2654.43,2644.26,2648.89,23043
1733414400,2648.73,2650.15,2623.8,2627.99,33961
1733428800,2627.99,2632.28,2623.46,2631.86,14279
1733443200,2631.82,2633.78,2613.48,2617.46,15285
1733457600,2617.51,2644.43,2616.83,2637.89,23345
1733472000,2637.9,2645.5,2635.98,2640.71,20536
1733486400,2640.71,2643.26,2631.28,2635.68,26495
1733500800,2635.62,2641.57,2624.02,2634.81,37195
1733515200,2634.92,2638.94,2631.06,2632.74,13072
1733702400,2643.1,2650.44,2627.41,2646.66,17527
1733716800,2646.66,2648.5,2634.65,2638.23,20506
1733731200,2638.25,2657.37,2638.03,2655.6,22629
1733745600,2655.65,2666.2,2653.26,2665.42,24493
1733760000,2665.42,2676.36,2662.65,2664.44,33955
1733774400,2664.57,2664.65,2656.65,2658.62,15017
1733788800,2660.85,2668.57,2657.84,2667.38,11113
1733803200,2667.38,2673.7,2665.41,2668.77,20894
1733817600,2668.63,2670.83,2661.17,2664.96,20974
1733832000,2665.01,2681.95,2664.34,2680.36,33087
1733846400,2680.37,2695.47,2679.45,2694.27,38696
1733860800,2694.28,2695.11,2690.88,2693.56,16122
1733875200,2695.04,2703.62,2693.44,2699.88,19213
1733889600,2699.92,2704.31,2674.69,2687.35,31618
1733904000,2687.13,2697.13,2686.19,2695.71,33608
1733918400,2695.73,2701.96,2690.55,2700.88,32071
1733932800,2700.99,2719.89,2696.47,2717.94,45382
1733947200,2717.85,2721.03,2713.18,2717.81,22410
1733961600,2717.47,2726.06,2695.53,2710.94,14567
1733976000,2710.91,2716.29,2703.55,2713.46,21675
1733990400,2713.47,2720.38,2710.07,2714.61,26243
1734004800,2714.58,2715.62,2697.3,2697.53,35021
1734019200,2697.49,2699.55,2675.02,2686.26,52631
1734033600,2686.3,2687.04,2679.28,2681.23,23940
1734048000,2680.42,2692.64,2678.85,2689.81,16986
1734062400,2689.82,2691.2,2684.26,2688.25,27500
1734076800,2688.26,2690.44,2667.43,2668.93,33394
1734091200,2668.89,2672.91,2659.51,2662.14,37456
1734105600,2662.19,2664.48,2654.66,2656.21,44949
1734120000,2656.2,2656.95,2646.02,2648.67,24757
1734307200,2648.79,2655.57,2643.44,2653.39,16556
1734321600,2653.42,2655.49,2649.4,2652.77,22443
1734336000,2652.78,2661.93,2651.55,2658.05,23809
1734350400,2658.06,2664.29,2657.31,2661.81,27625
1734364800,2662.07,2662.92,2648.51,2652.05,39519
1734379200,2652.01,2655.67,2651.21,2652.6,17591
1734393600,2651.99,2658.57,2650.92,2657.98,12649
1734408000,2657.97,2658.54,2649.07,2653.64,22780
1734422400,2653.64,2656.94,2637.94,2639.62,33041
1734436800,2639.61,2646.75,2634.68,2636.97,33253
1734451200,2636.95,2646.94,2632.99,2645.84,41853
1734465600,2645.86,2648.9,2642.89,2645.48,19038
1734480000,2646.68,2651.62,2644.69,2650.84,12644
1734494400,2650.85,2650.93,2642.61,2647.4,22908
1734508800,2647.41,2649.57,2642.03,2646.75,26854
1734523200,2646.77,2649.3,2641.03,2643.9,25397
1734537600,2643.9,2644.81,2633.0,2635.91,39508
1734552000,2635.9,2638.81,2586.58,2587.7,44422
1734566400,2587.29,2617.98,2586.4,2611.79,21370
1734580800,2611.76,2613.75,2606.17,2607.06,22163
1734595200,2607.04,2622.72,2603.23,2620.33,32225
1734609600,2620.34,2626.27,2595.22,2596.28,40747
1734624000,2596.25,2600.67,2586.89,2592.49,50255
1734638400,2592.53,2600.93,2591.73,2593.74,27414
1734652800,2594.1,2603.82,2589.52,2603.69,16030
1734667200,2603.67,2603.88,2595.38,2600.24,21388
1734681600,2600.11,2607.61,2598.86,2604.94,28426
1734696000,2604.95,2614.03,2600.1,2609.58,31773
1734710400,2609.58,2631.75,2608.49,2625.57,47239
1734724800,2625.54,2629.21,2619.2,2621.27,24978
1734912000,2622.24,2625.06,2617.28,2620.69,15814
1734926400,2620.66,2629.1,2620.49,2626.68,18950
1734940800,2626.64,2633.23,2624.5,2626.22,23848
1734955200,2626.21,2626.9,2613.05,2617.43,29937
1734969600,2617.17,2619.73,2608.08,2611.16,37548
1734984000,2611.09,2613.54,2609.05,2612.77,17157
1734998400,2614.52,2617.82,2613.34,2617.47,11233
1735012800,2617.4,2621.34,2615.67,2619.24,17718
1735027200,2619.23,2621.34,2613.22,2613.49,18982
1735041600,2613.5,2617.92,2611.23,2614.09,22159
1735056000,2614.09,2619.17,2610.1,2616.87,31458
1735070400,2616.84,2617.79,2614.82,2616.17,2425
1735171200,2615.85,2627.69,2614.59,2626.64,11340
1735185600,2626.63,2629.16,2625.55,2626.35,14902
1735200000,2626.32,2629.41,2623.51,2627.22,14944
1735214400,2627.23,2630.87,2621.58,2623.01,19918
1735228800,2623.04,2639.01,2622.45,2629.24,31744
1735243200,2629.2,2636.09,2629.13,2634.15,20534
1735257600,2631.9,2634.14,2630.62,2632.14,10484
1735272000,2632.13,2635.39,2628.78,2631.3,16436
1735286400,2631.3,2638.06,2623.61,2623.89,19257
1735300800,2623.88,2631.53,2617.99,2618.62,24517
1735315200,2618.6,2619.66,2611.52,2615.91,37756
1735329600,2615.91,2621.24,2612.58,2619.93,18269
1735516800,2621.49,2626.59,2621.33,2624.13,10973
1735531200,2624.14,2627.84,2620.43,2623.58,16249
1735545600,2623.55,2624.49,2609.28,2612.72,22622
1735560000,2612.72,2622.39,2606.36,2606.51,27929
1735574400,2606.49,2613.69,2596.0,2605.04,39724
1735588800,2605.08,2609.34,2603.39,2606.04,20012
1735603200,2605.82,2611.37,2603.66,2608.62,9373
1735617600,2608.61,2609.44,2602.47,2604.26,14335
1735632000,2604.23,2617.7,2603.41,2615.18,20817
1735646400,2615.34,2616.01,2605.3,2613.08,23677
1735660800,2613.1,2627.33,2611.2,2624.08,37031
1735675200,2623.98,2627.09,2621.93,2623.98,19537
1735776000,2625.04,2634.32,2621.54,2632.81,15250
1735790400,2632.83,2636.33,2630.88,2633.88,20106
1735804800,2633.87,2639.88,2631.04,2636.02,24929
1735819200,2636.02,2647.11,2632.65,2642.85,35017
1735833600,2642.86,2660.31,2640.28,2656.45,45831
1735848000,2656.46,2660.3,2653.69,2657.07,23424
1735862400,2657.7,2662.39,2656.5,2659.41,11543
1735876800,2659.39,2665.18,2655.81,2658.51,20802
1735891200,2658.49,2660.2,2649.77,2653.49,26307
1735905600,2653.48,2659.21,2643.37,2649.77,26518
1735920000,2649.75,2652.54,2639.02,2641.74,41923
1735934400,2641.64,2642.84,2636.61,2639.13,17954
1736121600,2639.6,2647.31,2638.51,2641.25,14897
1736136000,2641.23,2645.16,2631.41,2633.77,21744
1736150400,2633.8,2635.69,2625.07,2632.65,26971
1736164800,2632.66,2649.31,2621.86,2624.19,42484
1736179200,2624.17,2641.13,2614.66,2636.63,47954
1736193600,2636.65,2638.47,2632.79,2635.86,20825
1736208000,2635.67,2641.09,2632.78,2638.89,12317
1736222400,2638.84,2645.63,2636.88,2644.36,17824
1736236800,2644.31,2646.59,2637.94,2641.29,25385
1736251200,2641.24,2664.12,2641.2,2662.25,28240
1736265600,2662.3,2662.89,2641.92,2652.5,41655
1736280000,2652.47,2652.55,2646.95,2649.49,19662
1736294400,2648.41,2651.41,2647.01,2648.71,9123
1736308800,2648.71,2650.53,2645.12,2649.82,13257
1736323200,2649.78,2654.87,2648.73,2653.54,17903
1736337600,2653.52,2660.18,2645.77,2660.14,25228
1736352000,2660.07,2669.86,2649.37,2655.52,33681
1736366400,2655.57,2663.93,2651.6,2661.79,19413
1736380800,2662.17,2663.12,2657.25,2658.41,7410
1736395200,2658.4,2662.07,2655.42,2658.27,12363
1736409600,2658.27,2666.81,2658.27,2664.97,18205
1736424000,2665.03,2678.05,2664.04,2672.59,21735
1736438400,2672.5,2675.6,2662.7,2665.92,23788
1736452800,2665.87,2672.5,2665.01,2669.56,11719
1736467200,2670.32,2671.86,2668.43,2670.93,8968
1736481600,2670.92,2675.78,2670.45,2674.9,12898
1736496000,2674.89,2682.33,2673.43,2678.42,22103
1736510400,2678.55,2683.64,2664.01,2682.59,27578
1736524800,2682.43,2697.75,2680.92,2695.97,45437
1736539200,2695.97,2697.07,2684.53,2689.29,22785
1736726400,2689.47,2693.34,2678.31,2685.62,14154
1736740800,2685.63,2690.7,2683.17,2686.91,18532
1736755200,2686.91,2691.19,2682.98,2684.63,25230
1736769600,2684.62,2684.89,2663.82,2669.16,31778
1736784000,2669.01,2674.21,2659.27,2660.8,33999
1736798400,2660.8,2663.17,2656.66,2662.24,13869
1736812800,2664.21,2672.05,2664.2,2670.63,11154
1736827200,2670.68,2675.19,2667.31,2668.47,17022
1736841600,2668.56,2674.32,2664.83,2667.25,20970
1736856000,2667.25,2674.22,2660.92,2662.89,26376
1736870400,2662.78,2673.94,2659.83,2668.98,35325
1736884800,2668.88,2677.88,2666.6,2676.75,15216
1736899200,2676.71,2677.27,2669.72,2669.8,6790
1736913600,2669.8,2679.26,2669.21,2679.25,13947
1736928000,2679.26,2688.43,2679.02,2685.82,18716
1736942400,2685.82,2694.08,2682.1,2693.69,28661
1736956800,2693.8,2695.96,2676.68,2692.71,38459
1736971200,2692.72,2697.24,2691.01,2695.37,15076
1736985600,2696.26,2701.65,2692.88,2696.08,12989
1737000000,2696.25,2698.24,2693.73,2694.73,15245
1737014400,2694.73,2706.15,2689.7,2705.42,22942
1737028800,2705.43,2718.24,2700.26,2715.36,27455
1737043200,2715.31,2724.66,2712.48,2721.66,38449
1737057600,2721.75,2723.19,2712.39,2713.58,18363
1737072000,2714.06,2716.03,2709.81,2714.69,10566
1737086400,2714.81,2717.34,2711.1,2711.48,14237
1737100800,2711.5,2714.55,2703.95,2705.01,21053
1737115200,2704.98,2712.06,2702.79,2704.92,27091
1737129600,2704.89,2717.26,2702.66,2712.5,35873
1737144000,2712.56,2713.22,2699.18,2701.71,20284
1737331200,2701.1,2703.26,2689.34,2693.74,14938
1737345600,2693.78,2707.46,2693.66,2707.05,20289
1737360000,2707.08,2713.74,2702.79,2706.07,21493
1737374400,2706.02,2712.52,2701.84,2705.16,29535
1737388800,2705.51,2712.2,2703.21,2707.26,31455
1737403200,2707.28,2711.07,2704.97,2706.11,3667
1737417600,2707.91,2719.16,2702.59,2717.91,18048
1737432000,2717.96,2729.09,2717.76,2726.07,23917
1737446400,2726.02,2732.81,2717.81,2721.15,30528
1737460800,2721.15,2729.95,2716.51,2726.24,30279
1737475200,2726.27,2745.53,2725.3,2740.21,35576
1737489600,2740.17,2745.86,2739.86,2744.79,14446
1737504000,2743.55,2749.87,2741.84,2747.94,13297
1737518400,2747.92,2758.55,2746.23,2757.97,17802
1737532800,2757.96,2762.28,2745.43,2758.37,27317
1737547200,2758.38,2763.32,2751.0,2757.69,25095
1737561600,2757.68,2760.27,2750.32,2756.52,32289
1737576000,2756.52,2759.3,2754.67,2755.34,14761
1737590400,2755.32,2756.46,2750.57,2752.62,10497
1737604800,2752.62,2754.88,2749.36,2751.9,15717
1737619200,2751.9,2755.45,2740.86,2745.86,22561
1737633600,2745.77,2754.32,2735.84,2741.51,31139
1737648000,2741.59,2758.77,2740.36,2757.68,36693
1737662400,2757.67,2758.13,2751.34,2753.71,20741
1737676800,2753.85,2762.49,2753.59,2762.28,10852
1737691200,2762.27,2777.26,2762.27,2775.15,26785
1737705600,2775.12,2778.23,2769.99,2772.81,27069
1737720000,2772.81,2784.55,2771.53,2782.37,25830
1737734400,2782.48,2785.89,2769.85,2773.16,35969
1737748800,2773.16,2775.26,2770.41,2770.82,14979
1737936000,2765.67,2772.48,2762.85,2762.91,15030
1737950400,2762.91,2763.55,2752.75,2753.15,23642
1737964800,2753.15,2764.9,2747.25,2763.35,31765
1737979200,2763.31,2771.94,2752.25,2757.2,33835
1737993600,2757.04,2757.83,2730.4,2733.7,35785
1738008000,2733.7,2743.84,2733.06,2741.0,16961
1738022400,2740.93,2745.06,2739.4,2741.36,10820
1738036800,2741.35,2744.8,2737.74,2741.61,16669
1738051200,2741.34,2745.01,2734.73,2743.36,20932
1738065600,2743.39,2749.48,2740.97,2748.86,21342
1738080000,2748.86,2760.01,2748.86,2759.66,30944
1738094400,2759.79,2764.92,2759.25,2763.24,16348
1738108800,2763.1,2766.06,2762.13,2763.62,8064
1738123200,2763.62,2765.55,2760.15,2760.66,16388
1738137600,2760.85,2766.0,2757.38,2762.69,22961
1738152000,2762.65,2763.31,2752.14,2758.59,29716
1738166400,2758.59,2761.04,2748.17,2752.78,34004
1738180800,2752.81,2758.84,2744.8,2757.37,27307
1738195200,2758.34,2762.46,2758.25,2760.05,7936
1738209600,2760.05,2763.27,2758.61,2760.56,15097
1738224000,2760.53,2776.46,2760.2,2774.27,22107
1738238400,2774.27,2785.88,2773.73,2785.64,24764
1738252800,2785.82,2798.3,2780.04,2795.55,44496
1738267200,2795.57,2798.27,2789.61,2793.26,21952
1738281600,2793.11,2799.45,2791.91,2796.27,10774
1738296000,2796.27,2798.08,2793.86,2795.5,17934
1738310400,2795.49,2800.89,2791.66,2793.73,22595
1738324800,2793.73,2808.29,2791.0,2806.31,29156
1738339200,2806.43,2817.05,2802.98,2808.43,39932
1738353600,2808.41,2808.72,2794.25,2800.41,34671
1738540800,2801.71,2803.7,2778.23,2782.2,23179
1738555200,2782.18,2785.05,2772.07,2783.03,34004
1738569600,2783.03,2800.75,2782.85,2796.37,32210
1738584000,2796.32,2811.81,2792.92,2810.91,32093
1738598400,2810.94,2830.58,2810.14,2816.98,45456
1738612800,2816.94,2822.89,2812.29,2814.62,25467
1738627200,2813.35,2824.04,2812.08,2823.29,11338
1738641600,2823.23,2824.54,2813.31,2815.68,26890
1738656000,2815.56,2821.76,2807.17,2820.34,32987
1738670400,2820.36,2836.88,2812.67,2831.57,30287
1738684800,2831.58,2845.4,2829.02,2843.97,41725
1738699200,2843.9,2844.91,2840.87,2841.51,19908
1738713600,2841.22,2848.83,2839.66,2844.5,16101
1738728000,2844.47,2860.54,2844.04,2859.14,19730
1738742400,2859.14,2872.17,2854.86,2870.22,24201
1738756800,2870.22,2876.96,2858.54,2861.71,29608
1738771200,2861.76,2882.2,2860.63,2872.93,36175
1738785600,2872.99,2873.43,2859.99,2865.18,18448
1738800000,2867.5,2871.73,2863.59,2871.57,10376
1738814400,2871.58,2873.21,2864.18,2868.34,17586
1738828800,2868.34,2871.19,2848.74,2859.37,23383
1738843200,2859.45,2870.2,2855.55,2856.72,25021
1738857600,2856.56,2859.77,2834.06,2852.29,29271
1738872000,2852.3,2857.31,2849.81,2856.42,16095
1738886400,2855.99,2868.18,2855.9,2866.17,9882
1738900800,2866.16,2870.51,2862.08,2862.12,15110
1738915200,2862.06,2870.62,2858.96,2868.97,18988
1738929600,2868.97,2870.39,2852.46,2862.58,22890
1738944000,2862.64,2886.75,2853.34,2860.06,34042
1738958400,2860.02,2865.2,2858.93,2860.67,15550
1739145600,2861.42,2876.54,2860.17,2871.89,14319
1739160000,2871.89,2879.99,2871.32,2879.13,17136
1739174400,2879.17,2903.25,2878.86,2902.99,23620
1739188800,2903.01,2910.83,2898.1,2900.95,26481
1739203200,2900.93,2911.4,2896.45,2903.14,27335
1739217600,2903.14,2908.05,2900.8,2907.42,16654
1739232000,2911.83,2936.0,2909.66,2933.81,13920
1739246400,2933.81,2942.54,2906.0,2922.9,25730
1739260800,2922.89,2929.45,2903.03,2903.19,26955
1739275200,2903.19,2907.08,2881.78,2896.46,30421
1739289600,2896.48,2908.55,2890.87,2905.54,31360
1739304000,2905.6,2907.12,2894.08,2898.54,18970
1739318400,2897.83,2900.67,2883.5,2893.27,11964
1739332800,2893.27,2897.77,2883.46,2886.29,19119
1739347200,2886.29,2895.72,2885.58,2886.68,21008
1739361600,2886.74,2889.9,2864.04,2884.76,24629
1739376000,2884.82,2909.09,2881.9,2902.74,30986
1739390400,2902.74,2903.81,2893.52,2903.4,17218
1739404800,2904.66,2909.02,2900.39,2906.02,10604
1739419200,2906.0,2922.82,2905.28,2918.06,17002
1739433600,2917.96,2920.66,2909.37,2915.31,24689
1739448000,2915.25,2921.33,2905.97,2908.53,25253
1739462400,2908.51,2920.92,2906.47,2918.96,29859
1739476800,2918.9,2929.3,2914.25,2928.98,18413
1739491200,2928.1,2933.75,2927.45,2929.9,12410
1739505600,2929.91,2932.39,2923.25,2930.9,18759
1739520000,2930.88,2938.79,2929.86,2935.05,24820
1739534400,2935.15,2940.01,2917.63,2920.48,27454
1739548800,2920.5,2928.32,2885.43,2886.96,42178
1739563200,2887.15,2887.94,2877.03,2882.91,20833
1739750400,2893.54,2896.56,2878.81,2895.54,14797
1739764800,2895.54,2905.23,2893.93,2896.12,18868
1739779200,2896.13,2906.32,2888.28,2902.54,22253
1739793600,2902.54,2903.81,2895.34,2896.77,20820
1739808000,2896.76,2904.01,2896.44,2898.48,18292
1739822400,2898.48,2899.14,2896.82,2899.08,3536
1739836800,2898.94,2900.21,2891.91,2895.72,7339
1739851200,2895.7,2915.66,2895.3,2910.65,18094
1739865600,2910.65,2915.25,2908.21,2912.7,16797
1739880000,2912.71,2921.23,2907.08,2918.73,20584
1739894400,2918.72,2933.65,2917.74,2931.07,27557
1739908800,2931.07,2936.82,2928.35,2935.44,13258
1739923200,2935.14,2939.66,2927.88,2938.48,8752
1739937600,2938.48,2939.64,2924.0,2932.83,19196
1739952000,2932.83,2946.5,2930.34,2945.46,20453
1739966400,2945.47,2947.0,2931.31,2936.33,23781
1739980800,2936.34,2940.45,2921.4,2923.75,32210
1739995200,2923.73,2937.23,2918.61,2932.5,20623
1740009600,2933.64,2942.27,2933.64,2936.91,10342
1740024000,2936.9,2946.82,2933.82,2946.81,15485
1740038400,2946.81,2954.83,2943.86,2951.43,18951
1740052800,2951.43,2954.78,2933.83,2934.01,26269
1740067200,2933.84,2946.95,2924.06,2940.47,32162
1740081600,2940.3,2942.36,2933.55,2938.83,18129
1740096000,2939.55,2949.7,2926.82,2928.83,11766
1740110400,2928.83,2941.04,2924.16,2930.16,22387
1740124800,2930.07,2933.0,2916.68,2929.3,20275
1740139200,2929.3,2936.09,2926.89,2930.92,19797
1740153600,2930.88,2941.64,2921.42,2939.67,28778
1740168000,2939.67,2942.82,2932.04,2935.38,16294
1740355200,2939.55,2940.38,2921.32,2928.02,15577
1740369600,2927.81,2944.67,2924.98,2936.23,21775
1740384000,2936.18,2948.65,2935.17,2944.26,18704
1740398400,2944.29,2954.59,2934.95,2954.44,20943
1740412800,2954.46,2956.15,2930.76,2943.24,32787
1740427200,2943.29,2952.92,2942.73,2951.37,14612
1740441600,2952.82,2953.26,2945.23,2949.58,11836
1740456000,2949.53,2952.12,2934.95,2937.93,19474
1740470400,2937.73,2942.38,2929.46,2938.87,22353
1740484800,2938.84,2941.52,2924.0,2937.48,25755
1740499200,2937.48,2944.8,2888.22,2907.62,38345
1740513600,2907.63,2917.14,2905.38,2915.04,18805
1740528000,2915.91,2930.1,2913.62,2917.86,13284
1740542400,2917.86,2923.05,2912.63,2915.36,15962
1740556800,2915.28,2918.96,2905.77,2913.03,20633
1740571200,2913.24,2916.78,2905.48,2905.85,19724
1740585600,2905.83,2916.62,2890.73,2913.83,31029
1740600000,2913.71,2918.61,2911.96,2916.53,14665
1740614400,2915.57,2920.72,2910.95,2912.57,9930
1740628800,2912.57,2914.8,2888.6,2890.8,21428
1740643200,2890.76,2898.31,2876.93,2887.42,26590
1740657600,2887.42,2895.05,2881.1,2888.92,25865
1740672000,2888.65,2892.26,2867.73,2883.12,33119
1740686400,2883.12,2887.6,2871.26,2877.17,19509
1740700800,2876.5,2885.05,2873.75,2874.72,11778
1740715200,2874.63,2877.81,2856.94,2864.08,24383
1740729600,2864.28,2866.47,2850.97,2862.35,23686
1740744000,2862.37,2864.91,2848.23,2848.39,21215
1740758400,2848.42,2853.81,2832.58,2844.98,32416
1740772800,2845.12,2858.73,2838.02,2858.42,18932
1740960000,2873.06,2876.68,2864.08,2870.85,16313
1740974400,2870.85,2871.98,2859.35,2863.81,17826
1740988800,2863.78,2871.49,2858.88,2867.33,21041
1741003200,2867.33,2877.58,2867.1,2872.56,19848
1741017600,2872.56,2892.98,2871.24,2890.8,28815
1741032000,2890.82,2895.13,2878.3,2893.7,21139
1741046400,2892.68,2893.7,2881.81,2888.17,10455
1741060800,2888.17,2894.28,2884.74,2889.61,16024
1741075200,2889.61,2921.2,2884.33,2918.04,22664
1741089600,2917.95,2927.74,2912.01,2922.45,23981
1741104000,2922.53,2922.97,2900.53,2911.55,32552
1741118400,2911.54,2920.41,2908.16,2917.32,18702
1741132800,2917.7,2917.75,2903.39,2907.13,11650
1741147200,2907.12,2918.8,2901.94,2918.73,18584
1741161600,2918.68,2922.47,2912.98,2918.91,24168
1741176000,2918.91,2919.14,2894.28,2899.92,27289
1741190400,2899.85,2929.83,2897.64,2915.87,37528
1741204800,2915.91,2922.94,2911.18,2918.43,19407
1741219200,2918.34,2925.63,2915.81,2924.62,9149
1741233600,2924.61,2926.48,2914.56,2919.82,14625
1741248000,2919.82,2922.9,2891.22,2894.14,27453
1741262400,2894.15,2909.27,2891.91,2904.48,29814
1741276800,2904.47,2922.62,2903.38,2915.29,32470
1741291200,2915.35,2920.55,2908.33,2910.21,17576
1741305600,2912.61,2913.5,2896.79,2906.81,14410
1741320000,2906.76,2912.45,2901.1,2909.51,21499
1741334400,2909.51,2922.95,2907.7,2921.52,20778
1741348800,2921.51,2926.16,2909.73,2913.67,26857
1741363200,2913.6,2930.35,2903.92,2908.24,35427
1741377600,2908.22,2911.76,2901.95,2911.17,20347
1741564800,2912.26,2917.94,2909.62,2913.86,9997
1741579200,2913.91,2918.23,2908.16,2910.87,17706
1741593600,2910.97,2915.39,2897.58,2897.82,22122
1741608000,2897.74,2915.4,2895.46,2906.76,28046
1741622400,2906.95,2910.49,2895.82,2895.93,35646
1741636800,2895.93,2896.1,2880.18,2888.09,23475
1741651200,2889.33,2889.6,2882.21,2887.18,8904
1741665600,2887.38,2900.46,2880.27,2897.65,19329
1741680000,2897.65,2910.48,2892.6,2910.04,20525
1741694400,2910.04,2915.87,2908.84,2913.04,20525
1741708800,2913.05,2922.02,2906.89,2917.15,30338
1741723200,2917.17,2921.24,2914.1,2915.85,16697
1741737600,2915.19,2919.64,2912.03,2914.21,6382
1741752000,2914.24,2919.92,2910.74,2914.81,15148
1741766400,2914.86,2922.15,2908.91,2922.15,22905
1741780800,2922.4,2925.28,2912.13,2917.44,24198
1741795200,2917.34,2939.04,2906.03,2936.35,36067
1741809600,2936.02,2940.4,2930.82,2932.56,17900
1741824000,2934.97,2939.37,2934.01,2938.62,6459
1741838400,2938.63,2947.03,2936.37,2944.61,16578
1741852800,2944.61,2945.06,2932.85,2941.47,20505
1741867200,2941.32,2949.11,2940.99,2942.38,23660
1741881600,2942.4,2985.26,2939.11,2980.09,38571
1741896000,2980.3,2988.11,2976.39,2987.91,16748
1741910400,2984.2,2989.94,2983.46,2986.58,7087
1741924800,2986.58,2993.88,2981.6,2985.29,18905
1741939200,2985.49,2993.24,2980.75,2992.87,20555
1741953600,2992.79,3004.9,2986.6,2993.82,27454
1741968000,2993.79,2996.08,2978.43,2989.76,33106
1741982400,2989.77,2990.31,2981.75,2987.46,14820
1742169600,2987.57,2994.08,2986.06,2990.86,7365
1742184000,2990.85,2992.97,2982.39,2982.55,15345
1742198400,2982.56,2990.74,2982.2,2988.39,15408
1742212800,2988.4,3001.19,2984.65,2987.09,20696
1742227200,2987.12,3000.57,2986.0,2994.43,28133
1742241600,2994.49,3001.61,2994.48,3001.08,14984
1742256000,3001.02,3003.5,2999.39,3001.45,4826
1742270400,3001.35,3017.14,2999.29,3014.31,16821
1742284800,3014.31,3027.25,3005.86,3026.58,20233
1742299200,3026.8,3035.73,3018.09,3034.25,24002
1742313600,3034.32,3038.22,3024.61,3035.99,33649
1742328000,3035.99,3037.92,3029.79,3033.94,13776
1742342400,3033.69,3034.96,3030.37,3031.3,5109
1742356800,3031.31,3038.85,3027.33,3036.44,15206
1742371200,3036.44,3045.29,3024.65,3025.17,23291
1742385600,3025.09,3041.02,3022.78,3037.14,18222
1742400000,3037.14,3038.26,3025.98,3033.08,27722
1742414400,3033.09,3052.07,3029.16,3046.64,22091
1742428800,3048.44,3055.48,3047.08,3053.1,6528
1742443200,3053.1,3057.38,3044.9,3052.26,17825
1742457600,3052.38,3053.32,3038.61,3041.82,20950
1742472000,3041.8,3046.2,3025.68,3040.79,27630
1742486400,3040.78,3043.11,3029.99,3038.24,31374
1742500800,3038.24,3046.02,3034.72,3044.41,13773
1742515200,3044.9,3047.41,3042.18,3042.77,4940
1742529600,3042.78,3044.47,3027.83,3029.82,19149
1742544000,3029.88,3034.69,3021.75,3032.88,20074
1742558400,3032.87,3038.03,3027.72,3034.04,19577
1742572800,3034.05,3036.78,2999.36,3015.11,33523
1742587200,3015.11,3024.0,3012.8,3022.95,15022
1742774400,3023.36,3026.21,3017.02,3018.37,7773
1742788800,3018.37,3025.5,3013.71,3019.28,17994
1742803200,3019.28,3028.97,3017.3,3028.86,20123
1742817600,3029.17,3033.29,3022.38,3024.18,24085
1742832000,3024.04,3028.17,3005.76,3009.71,32658
1742846400,3009.71,3014.32,3002.38,3013.81,16344
1742860800,3011.53,3014.85,3009.0,3014.02,5677
1742875200,3014.02,3016.31,3007.48,3015.2,16472
1742889600,3015.21,3021.81,3010.45,3021.28,17949
1742904000,3021.21,3026.46,3014.16,3021.78,19149
1742918400,3021.78,3035.77,3017.92,3023.18,28971
1742932800,3023.25,3023.29,3017.75,3020.4,12636
1742947200,3021.11,3022.26,3017.77,3018.05,4692
1742961600,3018.05,3027.1,3014.21,3015.17,18339
1742976000,3015.25,3032.02,3013.21,3023.96,19777
1742990400,3023.96,3030.35,3016.92,3026.95,21139
1743004800,3027.02,3027.28,3012.21,3015.59,26212
1743019200,3015.58,3021.63,3015.24,3019.85,13097
1743033600,3020.33,3025.59,3017.56,3025.34,6625
1743048000,3025.34,3038.47,3022.85,3034.04,17333
1743062400,3034.13,3037.85,3026.65,3036.03,20159
1743076800,3036.05,3055.86,3034.54,3050.02,23379
1743091200,3050.12,3059.84,3033.54,3048.36,35389
1743105600,3048.33,3057.7,3047.78,3056.3,15045
1743120000,3055.94,3063.47,3054.13,3061.75,6971
1743134400,3061.59,3077.5,3061.59,3073.83,17708
1743148800,3073.83,3086.03,3065.83,3072.9,20182
1743163200,3072.9,3081.93,3067.42,3077.4,20350
1743177600,3077.15,3086.74,3067.35,3083.84,33577
1743192000,3083.84,3085.88,3073.5,3084.93,14456
1743379200,3092.45,3097.61,3077.33,3078.96,9722
1743393600,3078.96,3115.85,3076.65,3113.26,22215
1743408000,3113.25,3127.81,3106.71,3122.2,23289
1743422400,3122.25,3126.53,3111.86,3124.47,23056
1743436800,3124.47,3127.09,3099.89,3117.6,34511
1743451200,3117.37,3124.59,3115.91,3123.65,15848
1743465600,3124.68,3127.79,3119.95,3127.14,6684
1743480000,3127.12,3147.93,3126.46,3144.74,20691
1743494400,3144.74,3148.92,3124.07,3131.0,26119
1743508800,3131.07,3138.8,3127.63,3133.35,21871
1743523200,3133.38,3137.01,3100.73,3106.65,34633
1743537600,3106.65,3120.56,3105.76,3117.14,14690
1743552000,3114.07,3123.59,3107.84,3122.93,7727
1743566400,3122.93,3135.63,3115.46,3115.97,16853
1743580800,3116.08,3133.84,3109.8,3131.26,20948
1743595200,3131.26,3131.48,3110.1,3122.34,20424
1743609600,3121.87,3134.14,3116.52,3131.42,27912
1743624000,3131.42,3143.16,3105.23,3130.92,20519
1743638400,3129.95,3167.56,3123.21,3151.29,24203
1743652800,3151.64,3162.85,3139.03,3140.29,25726
1743667200,3140.37,3140.89,3116.42,3128.98,29861
1743681600,3129.09,3129.49,3062.18,3076.26,37977
1743696000,3076.16,3135.41,3054.25,3107.45,42421
1743710400,3107.48,3119.4,3100.03,3116.29,19428
1743724800,3114.38,3116.68,3105.97,3110.58,10424
1743739200,3110.55,3115.66,3087.0,3099.97,23452
1743753600,3099.95,3109.86,3078.4,3084.16,27778
1743768000,3084.08,3136.43,3069.83,3071.12,41417
1743782400,3071.13,3087.33,3017.09,3030.89,42756
1743796800,3030.89,3040.96,3015.88,3037.5,25418
1743984000,3027.85,3032.21,2970.88,2978.91,19962
1743998400,2978.4,3055.35,2972.16,3035.57,31829
1744012800,3035.42,3044.44,3013.32,3031.14,32864
1744027200,3031.71,3046.04,3014.77,3031.19,33955
1744041600,3030.8,3037.78,2970.15,2970.57,41025
1744056000,2970.89,2985.88,2956.66,2983.64,23829
1744070400,2981.95,2992.73,2978.56,2985.28,9827
1744084800,2985.25,3004.78,2983.45,3002.25,20141
1744099200,3002.07,3015.8,2999.4,3007.42,22738
1744113600,3007.44,3019.54,2994.77,3002.54,22112
1744128000,3002.5,3022.64,2984.28,2986.04,35190
1744142400,2986.1,2992.31,2974.69,2981.91,24366
1744156800,2982.72,2990.63,2969.95,2980.3,13804
1744171200,2980.2,3014.06,2972.48,3012.18,27677
1744185600,3012.16,3052.23,3005.44,3044.04,31227
1744200000,3044.03,3072.97,3036.0,3047.37,31387
1744214400,3047.46,3094.77,3047.37,3092.31,33783
1744228800,3092.31,3099.41,3048.59,3079.28,31159
1744243200,3080.26,3101.33,3071.33,3097.16,14241
1744257600,3097.17,3131.68,3078.36,3125.27,27023
1744272000,3125.27,3132.49,3104.66,3104.92,25372
1744286400,3104.92,3133.99,3103.46,3122.97,26123
1744300800,3122.97,3174.84,3116.14,3158.39,36515
1744315200,3158.39,3176.29,3151.5,3172.54,20464
1744329600,3179.39,3218.03,3177.15,3205.63,15810
1744344000,3205.57,3220.07,3200.89,3208.51,26642
1744358400,3208.65,3227.19,3187.22,3215.96,32144
1744372800,3215.99,3237.57,3210.1,3233.62,29448
1744387200,3233.62,3245.32,3219.63,3223.23,36973
1744401600,3223.58,3238.17,3223.58,3234.25,21182
1744588800,3221.92,3227.22,3212.78,3220.8,11545
1744603200,3220.8,3245.68,3215.26,3227.31,22439
1744617600,3227.31,3237.93,3216.46,3226.88,22684
1744632000,3226.87,3231.62,3200.74,3206.52,25326
1744646400,3206.57,3215.52,3193.73,3207.55,31934
1744660800,3207.57,3216.33,3201.23,3211.28,15663
1744675200,3212.38,3215.17,3210.4,3211.87,5810
1744689600,3211.87,3232.51,3209.96,3231.81,16528
1744704000,3231.76,3232.13,3217.3,3227.58,19628
1744718400,3227.49,3230.05,3214.32,3221.53,18020
1744732800,3221.52,3226.83,3211.6,3221.42,23124
1744747200,3221.42,3233.47,3220.37,3228.54,12435
1744761600,3230.8,3268.01,3230.71,3264.41,12598
1744776000,3264.42,3287.56,3255.95,3283.69,23365
1744790400,3283.68,3317.59,3283.64,3306.95,27744
1744804800,3307.09,3313.53,3292.89,3307.23,24593
1744819200,3307.22,3332.93,3296.78,3327.31,32019
1744833600,3327.36,3342.41,3324.39,3340.77,19985
1744848000,3348.72,3357.64,3341.96,3345.4,11923
1744862400,3345.22,3356.15,3320.67,3341.48,24673
1744876800,3341.54,3345.44,3312.7,3324.22,24005
1744891200,3324.22,3342.28,3320.61,3328.08,20971
1744905600,3328.1,3332.02,3284.01,3316.11,34468
1744920000,3316.15,3328.05,3310.9,3327.95,14394
1745193600,3331.86,3370.58,3331.27,3368.7,14691
1745208000,3368.76,3385.26,3367.35,3376.44,22430
1745222400,3376.44,3396.03,3375.7,3392.73,22195
1745236800,3392.77,3415.71,3386.6,3414.98,22563
1745251200,3414.85,3430.21,3405.25,3414.49,31419
1745265600,3414.53,3430.42,3405.95,3424.67,19168
1745280000,3427.9,3444.36,3412.39,3425.46,14993
1745294400,3425.46,3494.74,3421.62,3484.49,28008
1745308800,3484.46,3499.88,3443.13,3443.91,32333
1745323200,3443.92,3468.17,3424.53,3431.36,28080
1745337600,3431.4,3449.65,3372.16,3393.07,38209
1745352000,3393.19,3410.22,3366.71,3380.04,23835
1745366400,3326.95,3371.12,3315.82,3367.91,18100
1745380800,3367.91,3386.54,3329.09,3346.74,28429
1745395200,3346.76,3349.41,3291.65,3321.6,29508
1745409600,3321.5,3340.4,3310.57,3310.8,24901
1745424000,3310.73,3313.71,3260.09,3295.03,38693
1745438400,3295.0,3301.39,3277.73,3289.13,19577
1745452800,3305.88,3339.06,3305.3,3331.6,12747
1745467200,3331.19,3367.27,3320.59,3326.15,27242
1745481600,3326.16,3341.54,3314.57,3336.04,25276
1745496000,3336.05,3344.62,3325.31,3335.93,21145
1745510400,3335.99,3336.26,3306.68,3331.5,32250
1745524800,3331.56,3347.71,3329.93,3347.51,15115
1745539200,3352.56,3370.65,3347.08,3357.75,12782
1745553600,3357.49,3362.94,3316.33,3324.74,23859
1745568000,3324.74,3327.03,3287.06,3303.9,27080
1745582400,3303.89,3308.89,3287.86,3292.65,20342
1745596800,3292.75,3292.83,3265.09,3285.31,28847
1745611200,3285.34,3315.33,3281.8,3313.61,15454
1745798400,3325.87,3330.15,3298.53,3313.98,12995
1745812800,3313.98,3314.9,3267.87,3298.92,22546
1745827200,3299.04,3300.94,3277.64,3282.56,19116
1745841600,3282.56,3302.31,3273.16,3296.0,20189
1745856000,3296.12,3339.16,3286.93,3336.59,30811
1745870400,3336.71,3352.95,3333.14,3342.84,16686
1745884800,3345.24,3345.24,3327.69,3329.91,10222
1745899200,3329.56,3339.89,3306.67,3309.25,20302
1745913600,3309.23,3324.83,3304.98,3311.8,19213
1745928000,3311.81,3316.0,3300.4,3312.8,19244
1745942400,3312.52,3330.03,3299.67,3328.71,27793
1745956800,3328.81,3329.66,3313.22,3318.4,13565
1745971200,3317.59,3327.97,3310.95,3313.17,7901
1745985600,3313.18,3322.74,3301.19,3307.9,18444
1746000000,3307.9,3314.66,3280.28,3284.41,20666
1746014400,3284.4,3304.81,3266.79,3298.64,23087
1746028800,3298.59,3319.71,3292.91,3310.8,30743
1746043200,3310.85,3313.55,3283.03,3290.31,16507
1746057600,3285.3,3287.87,3241.25,3246.49,14081
1746072000,3246.49,3251.65,3221.24,3226.6,19095
1746086400,3226.58,3243.16,3223.33,3235.16,19462
1746100800,3235.16,3236.19,3201.92,3226.85,24330
1746115200,3226.59,3233.23,3204.88,3219.58,29994
1746129600,3219.81,3239.32,3209.81,3237.3,16449
1746144000,3239.09,3244.16,3227.4,3231.33,10303
1746158400,3231.37,3258.56,3231.24,3251.81,17828
1746172800,3251.66,3263.23,3246.34,3258.09,18197
1746187200,3258.09,3269.2,3250.32,3250.41,21784
1746201600,3250.29,3264.45,3222.79,3224.88,34639
1746216000,3224.96,3241.23,3223.48,3238.68,16612
1746403200,3238.61,3252.26,3237.73,3246.67,10036
1746417600,3247.15,3272.32,3246.48,3256.51,18585
1746432000,3256.45,3282.94,3254.01,3282.39,17414
1746446400,3282.69,3322.53,3282.24,3319.58,24908
1746460800,3319.58,3328.68,3305.65,3309.8,26676
1746475200,3309.8,3337.55,3309.16,3331.26,17777
1746489600,3333.33,3334.95,3323.33,3329.65,9886
1746504000,3329.69,3386.77,3329.69,3363.01,28993
1746518400,3363.03,3383.1,3350.08,3377.09,23713
1746532800,3377.09,3392.32,3371.39,3391.02,23082
1746547200,3391.25,3411.62,3378.21,3408.75,31319
1746561600,3408.81,3430.86,3407.52,3430.14,19660
1746576000,3416.74,3421.67,3360.76,3379.68,21591
1746590400,3379.32,3393.69,3360.08,3382.07,24017
1746604800,3382.08,3397.4,3378.17,3382.82,20023
1746619200,3382.77,3393.78,3369.33,3390.85,21648
1746633600,3390.85,3398.0,3375.68,3386.81,26561
1746648000,3386.81,3397.88,3363.72,3366.59,23667
1746662400,3372.35,3386.82,3366.68,3380.4,9695
1746676800,3380.49,3414.52,3379.08,3382.04,24784
1746691200,3382.15,3384.12,3320.22,3339.31,28221
1746705600,3339.25,3358.54,3330.4,3356.13,22586
1746720000,3356.08,3369.45,3304.38,3310.3,32916
1746734400,3310.3,3311.13,3288.69,3307.62,19924
1746748800,3310.32,3323.95,3308.79,3322.07,12563
1746763200,3322.13,3327.3,3274.6,3324.56,26698
1746777600,3324.56,3332.18,3312.45,3328.51,21802
1746792000,3328.51,3338.3,3321.96,3333.61,19445
1746806400,3333.59,3347.5,3320.27,3336.75,28253
1746820800,3336.75,3342.91,3325.42,3327.63,12949
1747008000,3288.5,3292.35,3265.88,3279.05,15100
1747022400,3279.04,3284.59,3258.8,3278.75,23468
1747036800,3278.75,3281.54,3216.14,3231.5,30568
1747051200,3231.17,3234.11,3207.69,3233.67,26074
1747065600,3233.77,3248.65,3223.35,3224.2,32442
1747080000,3224.2,3238.77,3220.31,3235.04,15329
1747094400,3237.38,3243.27,3229.84,3239.88,10260
1747108800,3239.88,3253.36,3215.8,3252.53,22234
1747123200,3252.49,3265.12,3247.3,3255.53,21217
1747137600,3255.5,3258.54,3237.31,3241.79,20162
1747152000,3241.58,3257.79,3225.39,3251.02,29586
1747166400,3250.77,3254.62,3242.02,3251.12,13687
1747180800,3251.8,3256.98,3240.48,3243.67,9059
1747195200,3243.71,3251.84,3222.47,3223.8,24145
1747209600,3223.78,3243.77,3221.48,3232.53,22767
1747224000,3232.61,3239.08,3184.15,3184.73,25691
1747238400,3184.72,3198.22,3173.95,3188.47,34136
1747252800,3188.45,3190.44,3167.96,3181.37,18902
1747267200,3180.48,3187.8,3180.08,3187.68,9029
1747281600,3187.68,3192.62,3135.43,3138.51,25098
1747296000,3138.61,3164.06,3120.81,3162.53,28810
1747310400,3162.48,3189.82,3159.24,3188.87,25257
1747324800,3188.85,3222.59,3185.16,3222.4,30636
1747339200,3222.43,3239.47,3216.41,3237.16,15726
1747353600,3241.66,3252.03,3231.97,3243.03,13023
1747368000,3243.03,3244.38,3206.42,3219.57,22741
1747382400,3219.48,3231.1,3195.47,3207.3,22971
1747396800,3207.3,3212.83,3154.22,3177.39,25753
1747411200,3177.61,3189.7,3165.89,3189.29,28398
1747425600,3189.29,3202.68,3183.38,3201.87,14995
1747612800,3215.86,3249.71,3211.94,3246.44,13906
1747627200,3246.32,3246.5,3206.57,3215.84,19572
1747641600,3215.84,3244.87,3214.92,3244.4,19026
1747656000,3244.54,3248.43,3228.85,3229.25,16989
1747670400,3229.46,3241.53,3217.12,3231.76,24360
1747684800,3231.76,3235.77,3225.28,3230.63,11300
1747699200,3228.02,3230.34,3214.02,3222.65,7873
1747713600,3222.68,3232.57,3204.56,3217.13,20276
1747728000,3217.0,3235.81,3207.92,3235.81,18609
1747742400,3235.83,3250.68,3230.53,3242.73,17608
1747756800,3242.75,3285.7,3232.9,3278.79,28708
1747771200,3278.75,3295.68,3278.32,3290.04,14173
1747785600,3292.38,3304.11,3288.55,3303.4,11004
1747800000,3303.4,3314.4,3285.27,3302.01,21294
1747814400,3301.92,3320.6,3298.33,3308.39,21072
1747828800,3308.44,3318.25,3290.54,3302.59,20824
1747843200,3303.04,3315.17,3295.23,3303.02,26359
1747857600,3302.99,3324.79,3302.7,3314.62,16889
1747872000,3318.83,3325.94,3315.53,3323.79,9436
1747886400,3323.71,3345.29,3320.34,3338.41,21844
1747900800,3338.41,3339.44,3310.18,3311.23,22874
1747915200,3311.23,3314.7,3282.98,3304.03,26448
1747929600,3304.31,3315.67,3279.22,3301.59,30774
1747944000,3301.59,3301.76,3288.99,3293.96,16582
1747958400,3297.33,3308.86,3287.03,3300.99,9336
1747972800,3300.93,3316.1,3290.84,3313.53,17652
1747987200,3313.51,3334.35,3312.4,3326.34,20837
1748001600,3326.34,3360.42,3323.44,3357.15,25660
1748016000,3357.26,3364.62,3336.5,3358.95,31927
1748030400,3358.97,3365.89,3356.33,3358.91,14235
1748217600,3351.71,3352.21,3331.35,3342.04,10516
1748232000,3341.97,3356.72,3335.48,3349.76,16114
1748246400,3349.76,3351.75,3331.07,3334.34,16747
1748260800,3334.69,3336.19,3323.68,3334.41,13145
1748275200,3334.41,3343.57,3331.4,3342.05,14035
1748289600,3342.05,3343.11,3340.48,3341.05,2037
1748304000,3346.18,3349.86,3342.36,3345.08,8034
1748318400,3345.15,3347.25,3330.57,3330.75,17183
1748332800,3330.75,3332.6,3292.53,3298.49,27505
1748347200,3298.49,3309.56,3287.31,3293.63,23632
1748361600,3293.66,3304.75,3284.95,3297.71,28000
1748376000,3297.71,3307.91,3296.76,3302.95,12662
1748390400,3304.05,3315.74,3297.24,3308.51,8466
1748404800,3308.26,3313.45,3291.6,3296.33,20259
1748419200,3296.33,3323.74,3295.92,3321.58,21408
1748433600,3321.58,3325.41,3305.35,3312.16,16048
1748448000,3312.22,3316.38,3288.22,3293.48,25485
1748462400,3293.43,3302.87,3290.72,3290.8,14325
1748476800,3289.28,3294.57,3250.03,3264.83,18317
1748491200,3264.91,3280.13,3245.47,3269.0,24024
1748505600,3268.98,3289.24,3266.01,3281.72,19345
1748520000,3281.67,3317.41,3276.19,3316.4,21909
1748534400,3316.49,3330.76,3304.66,3322.2,28172
1748548800,3322.2,3325.76,3315.16,3317.69,15072
1748563200,3317.64,3318.82,3309.64,3312.44,9247
1748577600,3312.59,3322.62,3291.24,3296.27,19908
1748592000,3296.27,3304.92,3287.47,3295.68,19612
1748606400,3295.61,3306.67,3282.86,3304.0,20249
1748620800,3303.9,3308.23,3271.54,3293.24,31844
1748635200,3293.29,3295.73,3289.66,3291.54,14245
1748822400,3303.09,3316.62,3300.18,3311.28,12371
1748836800,3311.4,3318.1,3301.42,3313.86,18564
1748851200,3313.85,3358.87,3313.78,3351.95,23352
1748865600,3351.95,3363.49,3344.45,3355.41,22446
1748880000,3355.64,3379.3,3350.33,3371.8,30144
1748894400,3371.64,3382.64,3370.74,3381.67,16478
1748908800,3384.74,3392.06,3373.63,3375.77,11494
1748923200,3375.71,3377.99,3359.12,3362.61,24924
1748937600,3362.61,3367.73,3351.12,3361.22,22262
1748952000,3361.15,3362.92,3348.93,3359.38,20004
1748966400,3359.46,3362.99,3333.1,3348.44,27716
1748980800,3348.44,3355.42,3347.22,3353.05,12544
1748995200,3356.65,3361.59,3349.68,3350.12,9910
1749009600,3350.11,3372.47,3346.3,3354.71,21448
1749024000,3354.71,3365.15,3347.92,3362.71,21418
1749038400,3362.81,3365.01,3343.74,3358.88,22997
1749052800,3358.89,3384.65,3350.81,3374.98,26471
1749067200,3374.91,3382.04,3370.71,3372.83,10580
1749081600,3373.99,3381.68,3371.94,3380.28,8561
1749096000,3380.18,3384.07,3363.99,3368.39,18636
1749110400,3368.44,3376.9,3361.12,3375.16,16504
1749124800,3375.19,3403.23,3373.97,3383.04,25982
1749139200,3383.07,3388.23,3339.52,3354.0,36280
1749153600,3354.34,3361.33,3348.91,3352.29,17322
1749168000,3355.86,3364.07,3354.22,3359.32,9441
1749182400,3359.32,3374.39,3356.06,3373.54,19461
1749196800,3373.57,3375.49,3352.63,3365.33,20423
1749211200,3365.33,3365.33,3343.49,3353.28,19799
1749225600,3353.35,3360.85,3316.64,3322.73,32800
1749240000,3322.8,3326.67,3307.04,3311.35,14544
1749427200,3317.76,3321.12,3298.23,3305.37,11578
1749441600,3305.37,3313.4,3293.35,3311.7,19418
1749456000,3311.7,3328.39,3309.47,3319.69,17927
1749470400,3319.77,3323.48,3312.1,3320.01,16436
1749484800,3319.77,3337.78,3310.65,3337.63,25447
1749499200,3337.63,3338.16,3324.92,3326.52,13001
1749513600,3324.2,3327.79,3314.46,3316.53,8588
1749528000,3316.56,3319.89,3301.76,3307.16,19885
1749542400,3307.17,3334.89,3306.65,3329.36,21233
1749556800,3329.36,3342.5,3327.05,3337.12,16755
1749571200,3337.2,3349.07,3319.94,3321.21,26572
1749585600,3321.36,3334.48,3319.32,3323.07,14370
1749600000,3322.27,3335.19,3315.4,3332.35,10166
1749614400,3332.35,3342.85,3326.98,3341.78,16667
1749628800,3341.75,3348.57,3331.91,3344.51,17443
1749643200,3344.51,3360.61,3326.08,3336.67,21635
1749657600,3336.67,3344.5,3327.91,3330.19,27050
1749672000,3330.22,3355.19,3319.53,3352.95,19266
1749686400,3357.64,3373.44,3356.2,3365.65,14242
1749700800,3365.69,3377.7,3362.45,3370.42,20598
1749715200,3370.22,3375.74,3338.15,3356.71,22863
1749729600,3356.71,3390.41,3355.42,3388.0,23992
1749744000,3388.08,3398.82,3377.58,3383.61,30539
1749758400,3383.62,3389.11,3378.03,3385.29,15224
1749772800,3383.83,3419.9,3379.67,3416.76,15139
1749787200,3415.16,3444.4,3413.8,3425.24,26498
1749801600,3425.31,3428.74,3408.0,3424.2,22745
1749816000,3424.2,3438.08,3411.52,3436.58,22150
1749830400,3436.24,3446.72,3419.12,3430.03,29381
1749844800,3430.03,3439.47,3427.43,3432.75,18066
1750032000,3440.97,3451.19,3434.23,3436.18,13889
1750046400,3436.29,3446.27,3426.86,3427.5,18602
1750060800,3427.49,3430.37,3409.44,3413.84,21211
1750075200,3413.85,3422.53,3410.68,3415.6,17677
1750089600,3415.53,3417.92,3382.24,3399.34,25992
1750104000,3399.32,3400.21,3382.79,3383.66,12795
1750118400,3388.18,3403.19,3386.65,3394.29,11376
1750132800,3394.18,3402.47,3374.01,3393.96,17807
1750147200,3393.91,3395.34,3377.84,3378.84,16868
1750161600,3378.83,3400.02,3375.76,3386.66,21539
1750176000,3386.71,3397.39,3366.11,3382.88,27406
1750190400,3382.88,3392.38,3381.2,3389.77,13994
1750204800,3395.46,3395.78,3382.92,3385.63,8258
1750219200,3385.64,3399.97,3370.52,3395.14,17406
1750233600,3395.3,3395.62,3377.03,3383.55,17327
1750248000,3383.55,3389.79,3375.48,3386.63,16887
1750262400,3386.65,3396.76,3373.7,3390.95,23281
1750276800,3390.89,3395.64,3362.5,3367.0,22070
1750291200,3371.19,3383.23,3370.56,3379.35,8783
1750305600,3379.3,3387.93,3369.61,3374.48,13638
1750320000,3374.47,3375.21,3347.47,3368.62,22187
1750334400,3368.62,3378.96,3363.56,3367.9,14716
1750348800,3368.08,3372.89,3361.39,3370.96,17267
1750363200,3370.92,3375.31,3365.88,3370.46,3618
1750377600,3370.15,3370.38,3361.87,3367.95,7992
1750392000,3367.97,3368.19,3344.75,3354.26,17200
1750406400,3354.24,3355.29,3340.34,3351.01,16816
1750420800,3350.91,3359.19,3341.89,3344.48,15553
1750435200,3344.57,3374.42,3343.0,3371.41,22365
1750449600,3371.41,3371.69,3364.58,3368.77,10183
1750636800,3383.5,3388.22,3358.34,3365.54,12742
1750651200,3365.95,3367.92,3351.9,3358.45,16094
1750665600,3358.45,3362.26,3346.95,3361.81,16090
1750680000,3361.81,3381.92,3355.76,3360.42,18272
1750694400,3360.14,3393.35,3359.81,3389.81,25553
1750708800,3389.76,3391.42,3367.07,3368.82,15368
1750723200,3358.6,3363.68,3333.08,3351.01,13513
1750737600,3351.21,3357.69,3342.03,3348.52,16124
1750752000,3348.52,3348.71,3315.97,3327.26,22794
1750766400,3327.32,3328.89,3304.45,3314.72,18207
1750780800,3314.52,3320.31,3295.39,3318.32,24831
1750795200,3318.32,3325.15,3315.63,3322.91,11416
1750809600,3322.65,3329.94,3320.72,3326.87,5988
1750824000,3326.95,3335.21,3325.73,3327.47,12940
1750838400,3327.52,3337.08,3326.43,3327.14,13605
1750852800,3327.13,3329.48,3318.13,3320.64,14551
1750867200,3320.79,3335.08,3311.84,3334.7,19578
1750881600,3334.7,3335.99,3324.74,3332.04,12685
1750896000,3333.84,3340.02,3331.23,3333.92,7170
1750910400,3334.0,3343.1,3329.19,3333.82,13517
1750924800,3333.8,3350.23,3330.89,3348.12,15092
1750939200,3348.02,3348.66,3321.78,3321.96,17402
1750953600,3322.08,3333.25,3309.84,3331.3,26502
1750968000,3331.31,3336.37,3328.26,3329.86,12550
1750982400,3325.21,3325.26,3313.19,3318.77,7150
1750996800,3318.77,3321.93,3290.96,3293.86,17292
1751011200,3293.93,3300.9,3281.85,3289.42,20126
1751025600,3289.41,3290.86,3269.4,3270.0,19499
1751040000,3270.12,3278.54,3256.12,3277.52,26636
1751054400,3277.54,3282.75,3268.29,3274.49,14068
1751241600,3272.53,3274.01,3248.86,3264.54,10634
1751256000,3264.38,3286.22,3259.33,3285.5,14405
1751270400,3285.5,3296.74,3284.59,3289.11,13633
1751284800,3288.84,3288.96,3274.54,3282.01,14468
1751299200,3281.96,3297.36,3277.81,3297.22,21690
1751313600,3297.18,3309.37,3291.97,3302.63,12534
1751328000,3303.94,3314.75,3302.24,3314.69,6721
1751342400,3314.69,3323.01,3313.88,3322.88,13004
1751356800,3322.89,3342.4,3322.86,3339.54,16471
1751371200,3339.61,3357.89,3338.25,3354.41,17413
1751385600,3354.37,3355.47,3336.82,3341.7,23906
1751400000,3341.69,3342.11,3336.66,3339.22,11132
1751414400,3339.85,3344.88,3334.55,3338.87,7215
1751428800,3338.87,3342.85,3328.52,3339.98,12183
1751443200,3339.93,3343.7,3327.55,3333.52,13790
1751457600,3333.47,3351.08,3333.05,3346.58,15355
1751472000,3346.59,3349.18,3333.83,3348.65,21067
1751486400,3348.51,3359.9,3347.31,3355.79,11049
1751500800,3359.37,3365.65,3343.48,3344.6,8307
1751515200,3344.61,3351.71,3341.81,3350.66,11180
1751529600,3350.66,3363.68,3350.01,3356.12,14203
1751544000,3355.94,3356.3,3311.52,3324.3,18052
1751558400,3324.43,3338.43,3322.08,3333.92,23732
1751572800,3333.92,3334.73,3325.7,3325.7,5183
1751587200,3324.64,3331.97,3323.45,3328.96,5056
1751601600,3328.86,3342.19,3326.12,3340.83,11841
1751616000,3340.83,3345.03,3336.53,3342.79,12509
1751630400,3342.79,3343.02,3331.21,3333.87,12841
1751644800,3333.92,3337.95,3330.74,3336.95,11831
1751846400,3341.37,3341.9,3321.7,3326.46,8481
1751860800,3326.46,3327.58,3305.11,3307.74,16944
1751875200,3307.74,3315.19,3300.6,3310.15,17256
1751889600,3310.01,3312.65,3296.39,3309.54,19909
1751904000,3309.52,3327.98,3306.14,3327.42,21025
1751918400,3327.42,3340.33,3327.38,3336.9,14574
1751932800,3340.65,3345.77,3331.07,3334.18,7440
1751947200,3334.18,3337.9,3327.26,3329.64,12495
1751961600,3329.64,3339.46,3323.24,3323.62,14269
1751976000,3323.62,3329.81,3320.02,3328.11,13167
1751990400,3328.11,3328.57,3287.09,3300.33,28400
1752004800,3300.48,3310.29,3299.31,3300.21,15391
1752019200,3302.8,3307.88,3297.14,3306.95,7488
1752033600,3306.95,3307.21,3284.9,3293.88,14663
1752048000,3293.88,3297.65,3282.72,3284.97,17228
1752062400,3284.97,3297.45,3283.14,3296.37,15684
1752076800,3296.31,3313.22,3291.91,3311.81,22505
1752091200,3311.79,3316.75,3308.06,3313.51,14439
1752105600,3315.66,3321.77,3314.82,3317.61,6215
1752120000,3317.37,3326.23,3314.78,3322.14,11267
1752134400,3322.25,3330.03,3319.85,3328.62,11565
1752148800,3328.59,3330.24,3317.86,3323.71,15088
1752163200,3322.66,3329.32,3310.0,3315.08,22118
1752177600,3315.08,3325.86,3314.7,3324.12,10894
1752192000,3325.51,3336.14,3321.73,3330.44,8408
1752206400,3330.37,3335.94,3325.09,3331.93,13491
1752220800,3331.93,3343.82,3331.05,3333.14,20710
1752235200,3333.14,3357.07,3332.78,3355.06,19403
1752249600,3355.43,3368.63,3350.13,3353.77,28768
1752264000,3353.7,3359.68,3349.2,3357.23,14716
1752451200,3360.49,3373.97,3359.44,3367.5,11080
1752465600,3367.5,3370.14,3353.7,3359.64,17696
1752480000,3359.56,3374.9,3353.67,3365.87,18441
1752494400,3365.97,3374.59,3349.37,3350.01,16751
1752508800,3350.01,3358.96,3340.97,3347.74,24496
1752523200,3347.87,3351.64,3341.2,3342.03,13328
1752537600,3342.88,3349.24,3341.24,3347.53,4787
1752552000,3347.53,3361.18,3345.77,3360.19,11565
1752566400,3360.19,3365.58,3356.69,3360.95,13780
1752580800,3360.95,3366.31,3346.41,3348.81,15656
1752595200,3349.0,3352.36,3320.18,3329.23,27562
1752609600,3329.24,3331.86,3325.44,3325.44,11639
1752624000,3326.05,3332.6,3325.45,3330.41,5355
1752638400,3330.43,3338.55,3324.97,3338.2,12427
1752652800,3338.21,3342.63,3335.53,3341.92,11159
1752667200,3341.92,3342.92,3330.94,3334.52,14147
1752681600,3334.58,3377.43,3319.57,3349.04,33818
1752696000,3349.05,3357.36,3346.05,3347.45,17170
1752710400,3350.69,3352.04,3339.63,3340.76,6068
1752724800,3340.76,3344.66,3336.23,3342.62,12028
1752739200,3342.57,3342.84,3325.15,3328.75,14530
1752753600,3328.74,3332.39,3309.68,3313.02,16637
1752768000,3313.12,3339.89,3311.24,3338.71,24276
1752782400,3338.71,3340.99,3335.63,3337.56,13404
1752796800,3341.5,3343.95,3337.85,3339.78,5710
1752811200,3339.8,3344.21,3333.75,3336.96,11655
1752825600,3336.96,3350.35,3331.78,3347.44,13034
1752840000,3347.44,3361.17,3347.34,3359.91,13224
1752854400,3359.91,3360.21,3351.13,3353.61,21489
1752868800,3353.64,3353.66,3347.56,3351.23,12340
1753056000,3348.73,3354.47,3344.88,3352.21,5438
1753070400,3352.08,3358.62,3350.59,3357.72,9268
1753084800,3357.72,3370.7,3357.58,3365.93,13981
1753099200,3365.93,3388.51,3362.67,3387.2,14474
1753113600,3387.42,3401.42,3383.54,3395.61,27375
1753128000,3395.61,3399.67,3391.42,3396.94,15296
1753142400,3398.81,3402.56,3390.41,3394.33,6467
1753156800,3394.32,3395.79,3384.98,3390.97,12095
1753171200,3391.01,3391.85,3383.27,3388.96,13299
1753185600,3388.85,3407.8,3384.56,3407.56,14328
1753200000,3407.4,3432.75,3405.01,3432.15,29783
1753214400,3432.17,3433.35,3426.42,3428.86,17141
1753228800,3430.83,3438.81,3426.23,3428.69,8496
1753243200,3428.69,3430.5,3419.15,3423.56,16021
1753257600,3423.56,3429.6,3416.28,3428.43,16530
1753272000,3428.45,3433.71,3419.88,3419.91,16171
1753286400,3419.88,3420.46,3381.43,3387.37,30596
1753300800,3387.37,3395.87,3385.71,3388.58,17008
1753315200,3390.51,3393.14,3386.41,3391.4,5134
1753329600,3391.4,3393.26,3374.59,3382.58,16432
1753344000,3382.58,3382.91,3365.79,3369.69,17802
1753358400,3369.58,3370.07,3352.56,3353.34,17225
1753372800,3353.39,3377.3,3351.16,3366.88,26614
1753387200,3366.84,3373.39,3366.26,3367.14,14363
1753401600,3369.29,3373.38,3364.99,3372.12,5569
1753416000,3372.12,3372.6,3357.75,3360.87,11309
1753430400,3361.03,3362.23,3344.42,3345.42,12613
1753444800,3345.42,3348.79,3336.24,3340.68,13636
1753459200,3340.68,3347.51,3324.91,3329.65,26458
1753473600,3329.74,3340.24,3329.64,3336.35,11654
1753660800,3329.25,3337.25,3323.73,3333.35,9086
1753675200,3333.32,3343.92,3329.8,3339.54,12486
1753689600,3339.54,3345.25,3332.25,3336.02,14004
1753704000,3336.15,3340.72,3325.48,3328.34,14518
1753718400,3328.28,3330.56,3301.67,3312.2,24565
1753732800,3312.19,3318.8,3308.69,3315.68,15074
1753747200,3313.88,3315.74,3307.84,3311.54,6995
1753761600,3311.46,3320.8,3308.53,3316.42,12754
1753776000,3316.42,3329.83,3311.25,3326.31,17561
1753790400,3326.31,3328.15,3314.91,3323.34,17075
1753804800,3323.32,3334.08,3311.96,3323.12,25812
1753819200,3323.09,3330.74,3322.54,3325.43,14806
1753833600,3327.58,3333.6,3325.87,3330.2,4431
1753848000,3330.21,3333.2,3321.72,3327.09,11545
1753862400,3327.09,3333.38,3323.07,3332.16,11512
1753876800,3331.97,3333.94,3310.63,3313.02,15587
1753891200,3313.29,3315.93,3288.64,3298.03,24047
1753905600,3298.14,3304.79,3268.06,3274.71,24366
1753920000,3277.15,3288.36,3276.24,3286.27,7564
1753934400,3286.41,3298.52,3284.97,3298.07,14369
1753948800,3298.13,3314.75,3294.67,3309.85,14939
1753963200,3309.85,3313.08,3293.74,3307.55,18332
1753977600,3307.55,3310.23,3289.65,3294.93,27613
1753992000,3294.93,3298.4,3290.29,3290.32,15313
1754006400,3291.52,3295.03,3286.39,3290.18,7360
1754020800,3290.12,3297.05,3281.55,3292.04,15377
1754035200,3292.05,3300.35,3285.16,3294.22,15076
1754049600,3294.22,3345.12,3292.73,3341.25,18464
1754064000,3341.35,3355.07,3338.84,3347.23,32913
1754078400,3347.24,3362.52,3345.52,3362.17,17221
1754265600,3364.13,3364.41,3350.24,3352.12,9290
1754280000,3351.99,3362.03,3344.96,3358.83,14642
1754294400,3358.83,3362.61,3351.69,3358.41,15115
1754308800,3358.41,3371.37,3352.95,3367.79,16517
1754323200,3367.79,3385.36,3367.03,3370.96,25133
1754337600,3370.94,3377.1,3370.64,3373.6,14366
1754352000,3376.07,3381.27,3373.59,3379.75,5883
1754366400,3379.8,3382.32,3370.91,3371.07,11216
1754380800,3371.02,3375.46,3365.7,3366.01,14300
1754395200,3366.02,3366.91,3349.78,3366.08,16603
1754409600,3366.18,3390.34,3365.83,3382.04,25909
1754424000,3382.05,3382.75,3377.96,3378.86,10833
1754438400,3381.14,3385.2,3378.06,3383.43,5865
1754452800,3383.43,3383.55,3372.15,3372.36,11824
1754467200,3372.46,3378.52,3364.73,3365.06,13290
1754481600,3365.08,3369.18,3358.2,3367.45,15750
1754496000,3367.45,3379.85,3365.14,3376.02,23811
1754510400,3376.1,3377.54,3366.99,3367.82,15237
1754524800,3372.33,3374.72,3365.19,3372.23,10638
1754539200,3372.17,3383.97,3370.06,3377.53,16285
1754553600,3377.74,3397.26,3371.61,3378.21,26252
1754568000,3378.31,3389.62,3371.75,3380.72,25197
1754582400,3380.73,3393.76,3375.19,3388.8,30257
1754596800,3388.81,3401.63,3384.4,3395.65,20813
1754611200,3407.59,3407.62,3386.86,3389.34,18465
1754625600,3389.47,3399.34,3381.07,3394.23,28810
1754640000,3394.24,3404.25,3388.77,3394.33,31132
1754654400,3394.35,3401.63,3380.39,3391.55,39113
1754668800,3391.61,3401.6,3381.07,3397.36,38711
1754683200,3397.36,3403.32,3374.36,3397.48,27618
1754870400,3400.47,3401.83,3381.35,3381.55,10593
1754884800,3381.56,3383.96,3367.68,3375.77,20701
1754899200,3375.74,3380.0,3357.03,3361.87,22989
1754913600,3361.56,3363.84,3344.29,3356.86,23971
1754928000,3356.86,3362.81,3341.44,3344.02,27140
1754942400,3344.05,3358.84,3341.15,3343.6,17570
1754956800,3344.12,3355.69,3342.42,3354.42,7703
1754971200,3354.45,3357.4,3346.14,3354.35,15669
1754985600,3354.4,3358.06,3342.24,3347.87,18502
1755000000,3347.87,3358.02,3336.04,3349.9,24773
1755014400,3349.88,3359.15,3331.06,3349.45,43685
1755028800,3349.45,3350.75,3345.51,3349.22,17369
1755043200,3349.83,3353.64,3342.65,3343.46,7669
1755057600,3343.54,3354.25,3342.61,3351.71,15523
1755072000,3351.71,3363.42,3345.59,3360.19,17974
1755086400,3360.22,3367.01,3355.43,3358.05,19002
1755100800,3358.05,3370.74,3354.22,3357.88,27826
1755115200,3357.88,3359.32,3349.87,3355.84,13904
1755129600,3357.19,3374.72,3356.61,3369.43,8273
1755144000,3369.41,3370.76,3355.45,3360.42,18272
1755158400,3360.42,3366.28,3341.33,3346.13,22537
1755172800,3346.13,3359.08,3341.94,3350.54,23416
1755187200,3350.5,3356.02,3329.75,3334.34,38801
1755201600,3334.34,3341.02,3331.81,3334.96,16841
1755216000,3336.43,3338.63,3332.14,3337.01,7222
1755230400,3337.01,3346.62,3333.26,3345.42,14893
1755244800,3345.42,3348.67,3338.32,3341.2,17119
1755259200,3341.2,3344.91,3333.48,3342.61,20393
1755273600,3342.61,3345.91,3332.88,3338.09,27096
1755288000,3338.11,3339.53,3334.32,3335.53,14849
1755475200,3334.57,3342.68,3323.46,3340.58,9738
1755489600,3340.54,3358.12,3339.59,3357.46,16413
1755504000,3357.46,3358.32,3344.48,3348.62,18977
1755518400,3348.62,3351.65,3343.06,3344.66,14048
1755532800,3344.66,3344.88,3331.64,3334.23,22899
1755547200,3334.21,3334.8,3330.18,3332.54,10777
1755561600,3333.25,3339.13,3326.0,3335.12,7230
1755576000,3335.12,3341.58,3329.42,3337.68,15920
1755590400,3337.68,3341.75,3334.39,3337.94,13406
1755604800,3337.94,3345.24,3334.22,3334.66,13775
1755619200,3334.7,3339.23,3316.99,3317.43,27172
1755633600,3317.51,3320.1,3314.78,3315.23,13321
1755648000,3316.33,3317.43,3312.77,3315.96,7029
1755662400,3315.96,3320.88,3311.41,3318.68,16210
1755676800,3318.68,3327.44,3318.08,3324.95,15029
1755691200,3324.95,3344.78,3323.48,3342.82,19355
1755705600,3342.82,3350.13,3338.82,3345.13,23040
1755720000,3345.13,3349.23,3343.93,3348.18,12443
1755734400,3351.02,3352.01,3341.39,3342.24,6757
1755748800,3342.24,3346.3,3337.83,3338.19,12139
1755763200,3338.21,3341.44,3334.23,3339.54,13407
1755777600,3339.53,3344.96,3325.14,3341.86,19938
1755792000,3341.83,3348.03,3335.96,3339.72,28550
1755806400,3339.72,3341.97,3336.56,3338.16,11996
1755820800,3339.97,3340.51,3334.94,3339.52,5244
1755835200,3339.51,3340.18,3327.93,3328.31,12336
1755849600,3328.31,3335.04,3325.29,3328.71,15369
1755864000,3328.71,3331.67,3321.38,3323.36,14893
1755878400,3323.43,3378.73,3323.13,3370.43,39613
1755892800,3370.43,3375.48,3368.84,3371.48,15551
1756080000,3368.58,3370.94,3363.21,3364.77,6617
1756094400,3364.77,3367.99,3359.75,3365.99,11298
1756108800,3365.99,3369.78,3363.0,3363.88,9496
1756123200,3363.88,3371.44,3361.97,3364.45,10535
1756137600,3364.45,3376.22,3362.1,3373.75,19500
1756152000,3373.75,3374.78,3364.0,3364.43,12499
1756166400,3366.5,3386.48,3351.24,3383.13,16437
1756180800,3383.13,3384.8,3369.79,3377.27,18964
1756195200,3377.27,3379.82,3367.2,3376.62,16779
1756209600,3376.62,3380.37,3367.2,3371.98,18532
1756224000,3371.94,3389.36,3370.27,3382.96,26889
1756238400,3382.96,3391.09,3380.21,3391.05,14274
1756252800,3390.48,3393.41,3388.7,3389.54,7027
1756267200,3389.54,3389.94,3373.81,3374.92,15103
1756281600,3374.92,3385.01,3373.8,3384.52,16253
1756296000,3384.52,3385.43,3373.85,3381.13,17873
1756310400,3381.15,3398.81,3375.49,3395.41,27614
1756324800,3395.41,3397.38,3392.23,3395.85,14527
1756339200,3397.94,3399.18,3391.22,3391.97,7176
1756353600,3391.95,3392.71,3384.48,3390.21,16780
1756368000,3390.21,3401.03,3387.56,3400.67,16811
1756382400,3400.67,3408.66,3393.76,3397.13,20754
1756396800,3397.07,3417.7,3394.27,3415.45,31136
1756411200,3415.45,3423.01,3414.49,3416.5,19944
1756425600,3416.32,3417.83,3412.95,3413.47,6712
1756440000,3413.44,3413.89,3407.45,3408.76,15618
1756454400,3408.8,3414.75,3406.49,3410.29,15272
1756468800,3410.29,3416.82,3404.29,3416.48,19064
1756483200,3416.48,3449.38,3413.57,3449.08,40960
1756497600,3449.08,3453.82,3441.02,3447.29,24860
1756684800,3445.83,3452.53,3442.32,3443.93,10649
1756699200,3443.98,3486.03,3437.01,3475.04,37048
1756713600,3475.04,3489.84,3467.67,3476.94,29010
1756728000,3476.94,3477.06,3466.32,3469.41,22358
1756742400,3469.43,3481.23,3468.78,3477.27,17030
1756756800,3477.27,3478.89,3475.48,3475.48,4520
1756771200,3475.88,3484.97,3474.53,3479.12,13206
1756785600,3479.12,3508.65,3476.84,3496.65,31624
1756800000,3496.65,3497.72,3470.17,3477.69,31555
1756814400,3477.69,3494.07,3474.33,3481.95,33365
1756828800,3482.0,3528.74,3478.15,3527.69,51706
1756843200,3527.69,3539.96,3521.83,3535.57,26425
1756857600,3532.75,3546.81,3526.23,3536.09,15760
1756872000,3536.11,3545.85,3529.33,3536.8,27150
1756886400,3536.8,3541.19,3526.86,3540.04,23638
1756900800,3540.04,3551.44,3532.29,3550.59,26624
1756915200,3550.52,3572.53,3549.33,3572.4,44013
1756929600,3572.4,3578.32,3560.23,3560.4,28658
1756944000,3560.19,3564.05,3551.85,3561.48,15201
1756958400,3561.48,3563.19,3511.46,3532.96,33507
1756972800,3532.96,3545.56,3524.21,3541.29,25282
1756987200,3541.29,3551.94,3536.54,3548.28,26323
1757001600,3548.28,3558.66,3535.06,3552.48,42635
1757016000,3552.45,3555.38,3542.49,3544.84,18892
1757030400,3545.35,3556.48,3539.93,3552.13,11555
1757044800,3552.13,3559.04,3545.86,3558.47,18557
1757059200,3558.45,3560.96,3544.8,3545.95,20157
1757073600,3545.95,3586.7,3545.92,3580.17,26248
1757088000,3580.24,3600.02,3573.22,3595.15,54882
1757102400,3595.17,3597.37,3587.16,3587.31,27419
1757289600,3591.63,3596.75,3586.88,3594.3,14767
1757304000,3594.27,3597.08,3579.48,3581.53,21362
1757318400,3581.57,3616.92,3581.07,3611.17,20122
1757332800,3611.15,3625.88,3608.57,3624.21,18609
1757347200,3624.29,3646.35,3620.18,3640.59,32221
1757361600,3640.62,3641.02,3631.88,3636.97,15820
1757376000,3636.09,3640.75,3628.15,3638.42,9206
1757390400,3638.21,3657.05,3635.92,3654.92,22649
1757404800,3654.68,3659.24,3636.69,3648.07,23890
1757419200,3648.15,3656.62,3643.72,3647.52,20411
1757433600,3647.4,3674.58,3626.91,3645.0,37610
1757448000,3644.92,3646.43,3626.36,3629.12,18986
1757462400,3627.51,3640.75,3621.42,3623.92,12428
1757476800,3623.96,3643.14,3620.23,3642.79,18913
1757491200,3642.8,3648.36,3639.8,3645.76,18967
1757505600,3645.77,3657.47,3640.34,3643.97,21838
1757520000,3643.85,3655.35,3638.61,3642.76,30644
1757534400,3642.83,3649.61,3635.13,3638.91,16234
1757548800,3644.13,3647.04,3637.8,3643.83,8119
1757563200,3643.82,3648.97,3629.87,3630.56,15922
1757577600,3630.58,3637.99,3622.8,3626.19,20084
1757592000,3626.18,3643.9,3611.93,3628.89,22041
1757606400,3628.93,3641.91,3618.37,3636.18,30962
1757620800,3636.25,3637.55,3630.37,3633.64,13243
1757635200,3635.9,3638.07,3630.48,3636.46,6622
1757649600,3636.57,3656.06,3636.48,3654.88,18927
1757664000,3654.88,3656.53,3639.64,3641.07,18231
1757678400,3641.05,3652.08,3637.62,3645.34,21687
1757692800,3645.13,3654.29,3641.75,3649.12,27606
1757707200,3649.12,3650.58,3640.98,3642.32,15823
1757894400,3644.63,3645.94,3632.1,3633.35,8352
1757908800,3633.88,3646.82,3626.54,3645.54,16653
1757923200,3645.54,3646.15,3633.7,3645.38,17665
1757937600,3645.36,3650.94,3635.71,3650.25,22404
1757952000,3650.24,3685.44,3646.81,3679.14,30269
1757966400,3679.15,3682.64,3675.72,3680.69,17762
1757980800,3679.6,3686.8,3676.09,3686.34,8724
1757995200,3686.47,3689.37,3674.67,3684.2,18759
1758009600,3684.18,3697.1,3680.19,3694.25,21126
1758024000,3694.18,3699.36,3686.47,3689.19,22363
1758038400,3688.99,3702.92,3678.8,3689.69,33743
1758052800,3689.67,3693.75,3686.25,3692.04,15208
1758067200,3691.35,3695.2,3689.82,3691.19,6941
1758081600,3691.14,3691.88,3674.32,3680.67,20000
1758096000,3680.68,3685.73,3662.58,3664.79,23249
1758110400,3664.74,3679.28,3660.04,3678.65,25166
1758124800,3678.69,3688.51,3672.82,3684.69,26392
1758139200,3684.69,3707.42,3646.14,3658.76,32530
1758153600,3659.43,3671.86,3654.04,3665.13,11641
1758168000,3665.24,3668.66,3651.95,3653.56,21188
1758182400,3653.59,3665.66,3633.84,3665.44,26922
1758196800,3665.45,3672.96,3663.01,3663.24,23877
1758211200,3662.91,3664.07,3627.9,3646.27,34112
1758225600,3646.2,3647.09,3640.57,3643.8,16011
1758240000,3643.1,3643.22,3636.23,3640.04,7877
1758254400,3640.04,3659.92,3632.22,3658.92,23807
1758268800,3658.89,3661.05,3643.28,3655.62,23545
1758283200,3655.61,3659.11,3644.48,3649.2,19941
1758297600,3649.06,3675.83,3643.58,3668.19,31920
1758312000,3668.15,3685.17,3667.99,3684.29,20000
1758499200,3687.88,3692.05,3683.61,3690.73,10266
1758513600,3690.74,3697.33,3685.58,3692.1,21530
1758528000,3692.09,3722.38,3691.89,3720.28,24753
1758542400,3720.3,3728.25,3712.13,3721.63,23480
1758556800,3721.62,3739.48,3713.73,3737.04,33163
1758571200,3737.2,3748.74,3737.18,3747.8,19279
1758585600,3746.55,3750.55,3738.19,3747.2,10156
1758600000,3747.19,3759.06,3736.7,3744.68,25723
1758614400,3744.35,3775.03,3743.2,3774.26,26277
1758628800,3774.44,3791.01,3774.14,3784.16,27906
1758643200,3783.97,3788.55,3765.07,3779.22,34259
1758657600,3779.3,3785.61,3751.95,3763.4,25059
1758672000,3765.4,3770.08,3758.84,3765.09,9907
1758686400,3765.18,3771.61,3750.62,3768.09,23345
1758700800,3768.12,3779.23,3767.01,3770.07,21890
1758715200,3769.97,3771.68,3759.61,3767.95,22155
1758729600,3767.94,3772.84,3732.16,3735.64,33089
1758744000,3735.77,3738.75,3717.48,3735.89,21254
1758758400,3739.3,3751.39,3738.86,3748.97,10366
1758772800,3748.83,3750.39,3729.54,3738.01,20724
1758787200,3737.92,3761.45,3734.04,3756.33,22931
1758801600,3756.35,3760.99,3730.6,3738.71,26704
1758816000,3738.42,3745.41,3722.01,3733.69,35068
1758830400,3733.68,3758.12,3732.32,3751.8,23241
1758844800,3747.48,3751.49,3737.94,3749.49,10587
1758859200,3749.64,3753.22,3734.43,3747.59,20956
1758873600,3747.55,3755.07,3739.12,3752.86,22754
1758888000,3752.6,3757.27,3742.9,3752.05,21712
1758902400,3752.06,3783.73,3751.28,3774.11,35122
1758916800,3774.22,3783.19,3761.1,3761.78,20135
1759104000,3764.52,3787.43,3763.35,3787.07,12873
1759118400,3787.58,3808.86,3767.84,3805.06,30145
1759132800,3805.05,3819.72,3801.31,3818.78,28724
1759147200,3818.77,3831.3,3806.49,3813.68,26972
1759161600,3813.84,3833.46,3809.31,3830.3,32587
1759176000,3830.33,3832.8,3822.53,3830.92,18575
1759190400,3831.81,3840.54,3825.54,3838.95,10455
1759204800,3838.93,3866.99,3837.92,3866.91,25290
1759219200,3866.89,3871.55,3807.74,3816.25,31246
1759233600,3816.1,3821.56,3792.99,3819.29,29875
1759248000,3819.35,3854.39,3811.66,3845.92,34359
1759262400,3845.97,3860.73,3839.73,3858.06,20080
1759276800,3860.0,3865.29,3854.57,3860.94,10624
1759291200,3860.4,3875.36,3855.58,3864.82,22609
1759305600,3864.85,3895.18,3853.34,3892.96,28466
1759320000,3892.97,3895.05,3864.53,3870.31,28030
1759334400,3870.14,3878.64,3856.64,3870.83,36532
1759348800,3870.87,3871.88,3855.0,3863.29,22261
1759363200,3864.57,3866.58,3856.05,3856.08,11483
1759377600,3856.04,3869.82,3852.86,3864.2,16767
1759392000,3864.21,3878.6,3861.77,3874.5,22579
1759406400,3874.47,3891.9,3873.32,3884.39,24316
1759420800,3884.46,3896.78,3819.42,3844.81,41077
1759435200,3844.82,3859.23,3840.66,3855.44,19431
1759449600,3857.07,3863.67,3852.11,3856.96,10081
1759464000,3856.86,3862.5,3837.97,3843.94,21494
1759478400,3844.04,3865.65,3843.9,3864.8,20816
1759492800,3864.76,3874.9,3854.89,3873.92,23493
1759507200,3874.39,3891.59,3866.31,3883.76,36834
1759521600,3883.78,3889.24,3876.92,3885.46,22496
1759708800,3888.17,3920.37,3884.11,3900.55,20271
1759723200,3900.63,3940.27,3899.77,3938.58,25839
1759737600,3938.61,3949.45,3922.65,3942.47,31495
1759752000,3942.38,3946.67,3926.39,3934.12,29176
1759766400,3934.4,3970.05,3927.22,3954.02,38008
1759780800,3954.16,3964.84,3951.2,3960.11,20327
1759795200,3960.56,3977.38,3958.79,3962.68,18035
1759809600,3962.74,3976.87,3955.92,3975.9,22749
1759824000,3975.75,3976.79,3940.89,3951.31,31383
1759838400,3951.29,3979.95,3951.09,3979.48,26824
1759852800,3979.49,3991.02,3961.87,3976.6,41402
1759867200,3976.66,3987.68,3974.07,3985.25,24174
1759881600,3986.17,3999.35,3984.88,3992.41,12350
1759896000,3992.11,4027.19,3984.53,4026.78,26267
1759910400,4026.75,4040.4,4021.34,4036.28,28976
1759924800,4036.3,4049.52,4030.69,4039.96,29574
1759939200,4039.81,4059.12,4026.35,4056.56,38096
1759953600,4056.59,4057.95,4032.02,4044.48,28225
1759968000,4036.35,4036.5,4001.33,4022.75,19664
1759982400,4022.92,4041.0,4002.63,4038.93,30148
1759996800,4038.72,4043.6,4022.68,4038.18,28932
1760011200,4038.17,4053.67,4033.53,4053.35,25446
1760025600,4053.48,4057.79,3963.66,3968.25,45081
1760040000,3968.75,3982.02,3944.26,3976.1,30822
1760054400,3977.41,3994.34,3958.1,3990.87,13712
1760068800,3990.92,3992.34,3946.93,3966.28,29071
1760083200,3966.25,3994.59,3952.5,3992.03,31611
1760097600,3992.16,4006.67,3980.17,3985.56,31294
1760112000,3985.39,4022.81,3970.61,3983.33,45534
1760126400,3983.41,4021.31,3975.06,4010.28,32556
1760313600,4010.13,4059.65,4010.13,4043.74,20923
1760328000,4043.69,4059.26,4035.69,4056.2,26237
1760342400,4056.18,4079.06,4055.16,4077.8,29748
1760356800,4077.72,4085.76,4070.34,4079.62,26783
1760371200,4079.78,4117.01,4078.18,4105.64,37579
1760385600,4105.7,4115.25,4090.68,4111.07,24564
1760400000,4113.1,4131.95,4106.64,4124.39,15950
1760414400,4124.17,4169.83,4123.25,4168.06,32421
1760428800,4167.7,4179.63,4089.97,4144.03,38366
1760443200,4143.99,4144.31,4103.6,4106.6,32049
1760457600,4106.64,4155.13,4097.99,4140.34,41244
1760472000,4139.7,4152.99,4134.48,4143.95,27022
1760486400,4140.67,4169.61,4140.64,4162.45,14863
1760500800,4162.5,4190.79,4162.15,4179.64,26939
1760515200,4179.2,4218.08,4176.56,4208.2,26792
1760529600,4208.37,4212.0,4163.65,4190.65,29102
1760544000,4190.1,4212.27,4179.06,4198.91,38262
1760558400,4199.01,4213.54,4182.68,4209.68,27412
1760572800,4212.57,4227.14,4199.57,4210.5,15290
1760587200,4210.71,4242.06,4210.71,4233.51,27352
1760601600,4233.54,4235.97,4203.5,4232.84,30323
1760616000,4232.87,4250.95,4222.15,4235.91,26260
1760630400,4236.13,4291.92,4234.84,4282.62,40139
1760644800,4282.61,4325.48,4273.37,4324.66,32714
1760659200,4337.13,4379.2,4332.33,4358.16,22889
1760673600,4357.6,4377.01,4278.25,4376.33,36837
1760688000,4376.41,4378.47,4306.96,4347.79,39054
1760702400,4347.35,4348.32,4283.55,4314.56,37356
1760716800,4314.25,4317.85,4199.96,4204.73,46712
1760731200,4204.97,4249.47,4185.75,4246.35,32827
1760918400,4259.89,4267.71,4219.01,4249.62,21273
1760932800,4249.6,4271.09,4229.46,4266.2,30636
1760947200,4265.83,4266.71,4221.44,4258.7,32670
1760961600,4258.73,4327.14,4245.6,4323.42,31471
1760976000,4323.92,4355.54,4292.7,4347.8,40564
1760990400,4347.81,4381.25,4337.27,4357.11,28833
1761004800,4366.18,4375.18,4356.17,4368.71,17416
1761019200,4368.68,4372.16,4332.96,4341.93,30499
1761033600,4341.75,4344.24,4243.76,4273.88,38384
1761048000,4273.53,4277.89,4205.21,4211.1,37680
1761062400,4209.48,4225.33,4080.74,4113.43,47237
1761076800,4113.61,4130.84,4094.41,4127.22,33653
1761091200,4122.42,4128.91,4003.3,4074.81,20984
1761105600,4074.9,4143.16,4064.31,4128.21,30749
1761120000,4128.33,4161.26,4056.08,4070.49,36667
1761134400,4070.5,4101.24,4015.11,4033.81,40170
1761148800,4033.94,4084.99,4011.24,4059.22,45514
1761163200,4059.2,4113.3,4043.52,4102.04,32216
1761177600,4110.5,4110.92,4065.9,4081.7,20116
1761192000,4081.99,4100.72,4071.91,4089.55,29082
1761206400,4089.47,4137.92,4083.84,4116.19,33170
1761220800,4116.27,4129.27,4100.07,4127.31,30177
1761235200,4126.75,4154.66,4125.48,4132.96,38140
1761249600,4132.69,4143.43,4107.24,4119.31,24198
1761264000,4126.31,4133.55,4105.99,4132.58,12001
1761278400,4132.61,4144.38,4102.89,4111.56,25816
1761292800,4111.92,4117.87,4047.35,4065.16,29051
1761307200,4065.0,4093.58,4044.38,4082.03,29713
1761321600,4082.09,4138.63,4079.09,4129.21,39341
1761336000,4129.24,4134.33,4096.42,4110.84,25630
1761523200,4083.43,4108.62,4058.27,4081.28,20183
1761537600,4081.08,4097.48,4053.61,4068.76,30739
1761552000,4068.79,4084.71,4024.74,4043.22,28842
1761566400,4043.19,4049.97,4015.32,4045.67,33368
1761580800,4045.78,4050.25,3971.54,3999.26,41049
1761595200,3999.36,4010.12,3985.84,3985.99,27824
1761609600,3988.4,4009.42,3972.97,4006.79,15691
1761624000,4006.81,4019.61,3963.86,3973.49,29384
1761638400,3974.21,3980.06,3896.56,3897.4,34327
1761652800,3897.65,3930.88,3886.56,3912.7,32861
1761667200,3913.67,3969.42,3912.23,3958.47,38630
1761681600,3958.14,3970.26,3945.41,3953.98,25569
1761696000,3955.19,3982.29,3915.23,3975.17,16813
1761710400,3975.25,3979.43,3944.07,3951.85,28295
1761724800,3951.94,4018.41,3950.94,4016.79,30292
1761739200,4016.72,4029.88,4013.33,4025.59,30477
1761753600,4025.46,4025.57,3989.53,3992.71,36892
1761768000,3992.32,4006.88,3928.12,3933.66,36284
1761782400,3921.73,3964.22,3916.6,3950.12,15963
1761796800,3950.7,3982.34,3915.23,3972.51,33199
1761811200,3972.58,3978.32,3947.09,3976.41,34493
1761825600,3976.4,4011.91,3961.02,3961.2,34128
1761840000,3961.28,4014.74,3960.39,4001.45,37316
1761854400,4001.51,4026.99,3994.51,4025.35,26561
1761868800,4020.55,4046.04,4016.03,4025.24,18616
1761883200,4025.25,4039.11,3989.03,4005.73,32810
1761897600,4005.46,4026.57,3994.07,4010.26,29446
1761912000,4010.29,4036.05,3998.66,4023.06,25763
1761926400,4023.07,4035.4,3972.28,3980.64,40136
1761940800,3980.71,4009.89,3980.49,4002.49,25406
1762128000,3995.64,4001.74,3962.68,3995.88,20594
1762142400,3995.76,4018.39,3990.23,4013.88,25494
1762156800,4013.87,4027.92,3993.25,4000.52,27336
1762171200,4000.6,4020.38,3994.43,4016.03,25772
1762185600,4016.06,4030.5,3995.32,4006.14,32633
1762200000,4006.18,4014.87,3995.31,4001.55,19783
1762214400,4004.77,4004.77,3978.49,3987.21,17339
1762228800,3987.17,3999.19,3972.62,3973.1,24633
1762243200,3973.04,4000.72,3966.71,3991.08,25994
1762257600,3991.11,3999.98,3971.84,3975.56,22781
1762272000,3975.3,3977.7,3928.72,3955.11,33098
1762286400,3955.04,3956.71,3930.52,3931.93,23049
1762300800,3937.7,3949.39,3929.45,3937.03,16723
1762315200,3937.01,3978.6,3935.61,3964.77,22933
1762329600,3964.98,3987.07,3961.84,3971.82,22641
1762344000,3971.83,3979.36,3956.19,3975.92,21335
1762358400,3975.83,3990.42,3964.0,3982.05,29238
1762372800,3982.2,3990.17,3978.95,3982.28,16457
1762387200,3968.6,3977.4,3964.51,3976.62,12484
1762401600,3976.62,3990.65,3974.13,3987.82,16477
1762416000,3987.7,4016.79,3982.24,4010.95,22068
1762430400,4010.94,4019.5,4003.14,4012.1,21079
1762444800,4012.19,4013.76,3965.72,3986.15,34944
1762459200,3986.14,3995.3,3977.49,3977.72,20670
1762473600,3978.93,4002.75,3978.11,4001.74,10966
1762488000,4001.79,4003.18,3985.47,3995.07,15967
1762502400,3995.1,4014.22,3992.3,4006.66,18197
1762516800,4006.68,4011.91,3991.71,3997.65,22023
1762531200,3997.32,4027.4,3983.9,4005.39,33302
1762545600,4005.61,4009.05,3994.39,3999.57,22634
1762732800,4006.48,4053.33,4004.17,4044.17,19241
1762747200,4044.2,4069.79,4037.78,4069.26,23208
1762761600,4069.27,4086.33,4066.91,4076.6,26343
1762776000,4076.66,4105.86,4075.76,4091.7,26276
1762790400,4091.65,4102.62,4074.41,4102.53,38195
1762804800,4102.5,4115.83,4101.58,4115.65,24467
1762819200,4116.3,4141.07,4115.79,4136.37,18374
1762833600,4136.25,4148.86,4124.68,4131.09,25657
1762848000,4131.07,4145.91,4124.99,4141.87,25687
1762862400,4141.9,4146.64,4133.15,4142.58,25288
1762876800,4142.56,4143.14,4097.09,4114.3,38246
1762891200,4114.36,4131.83,4106.68,4126.41,22575
1762905600,4130.52,4145.43,4126.33,4131.5,20318
1762920000,4131.26,4135.51,4098.8,4104.62,26741
1762934400,4104.63,4133.55,4103.14,4124.63,29032
1762948800,4124.6,4139.46,4118.0,4127.07,29248
1762963200,4127.1,4206.49,4124.94,4199.5,45306
1762977600,4199.54,4211.66,4190.46,4198.65,31004
1762992000,4202.78,4209.09,4179.99,4192.29,22630
1763006400,4192.33,4219.34,4183.5,4211.95,31976
1763020800,4212.01,4239.43,4203.33,4233.01,29657
1763035200,4233.02,4244.93,4219.33,4231.83,30848
1763049600,4232.04,4232.38,4184.36,4201.7,45045
1763064000,4201.73,4203.24,4145.41,4171.48,33575
1763078400,4176.94,4193.65,4173.63,4189.93,20752
1763092800,4190.0,4211.14,4183.93,4189.78,29358
1763107200,4189.83,4193.36,4158.99,4169.26,34106
1763121600,4169.25,4170.79,4041.26,4055.88,40615
1763136000,4055.89,4111.21,4032.21,4099.86,46272
1763150400,4099.91,4103.61,4075.41,4079.39,29361
1763337600,4077.87,4106.63,4076.24,4091.28,22921
1763352000,4091.11,4093.69,4049.61,4058.33,30985
1763366400,4058.28,4095.89,4054.73,4082.02,30480
1763380800,4082.05,4092.16,4061.02,4065.3,30324
1763395200,4065.31,4081.94,4052.17,4073.12,41137
1763409600,4073.37,4076.08,4006.91,4044.44,33059
1763424000,4050.74,4055.12,4022.54,4024.86,21042
1763438400,4024.81,4035.73,4004.8,4018.91,30929
1763452800,4018.97,4047.16,3997.99,4040.16,31472
1763467200,4039.81,4070.14,4029.15,4065.26,30765
1763481600,4065.16,4081.89,4040.47,4071.36,44226
1763496000,4071.49,4082.46,4063.11,4067.69,29200
1763510400,4067.2,4078.42,4056.38,4059.04,16066
1763524800,4059.1,4097.42,4055.64,4095.47,29295
1763539200,4095.43,4116.24,4078.21,4113.31,30597
1763553600,4113.48,4119.78,4100.9,4110.53,30657
1763568000,4110.58,4132.73,4055.59,4078.91,47315
1763582400,4079.35,4091.18,4065.63,4081.59,33271
1763596800,4088.11,4110.03,4081.11,4081.4,20569
1763611200,4081.25,4085.42,4041.18,4066.7,30431
1763625600,4066.43,4077.56,4038.94,4063.92,32731
1763640000,4064.0,4096.19,4051.08,4080.43,30551
1763654400,4080.22,4107.11,4043.63,4066.13,49411
1763668800,4065.8,4087.05,4056.23,4077.35,33711
1763683200,4073.62,4088.58,4060.58,4068.5,17435
1763697600,4068.46,4079.87,4039.96,4058.4,29515
1763712000,4058.41,4064.77,4022.57,4050.53,34337
1763726400,4050.57,4081.05,4030.98,4079.54,37980
1763740800,4079.89,4100.95,4055.07,4085.52,46803
1763755200,4085.53,4092.11,4054.53,4065.69,32770
1763942400,4067.39,4077.69,4042.72,4044.56,19737
1763956800,4044.11,4061.09,4040.14,4046.25,28463
1763971200,4046.23,4074.13,4045.48,4071.81,28684
1763985600,4071.86,4085.92,4063.1,4077.71,27486
1764000000,4077.78,4100.27,4068.35,4093.25,37850
1764014400,4092.96,4139.9,4088.03,4139.56,25688
1764028800,4134.42,4144.28,4122.69,4134.65,20772
1764043200,4134.61,4155.75,4132.65,4150.94,27693
1764057600,4150.98,4151.87,4109.57,4128.36,29759
1764072000,4128.22,4150.76,4116.37,4147.8,29020
1764086400,4147.7,4159.24,4111.05,4146.05,40001
1764100800,4146.08,4150.94,4127.45,4130.93,25258
1764115200,4134.29,4152.85,4129.72,4148.28,14676
1764129600,4148.32,4169.24,4147.26,4162.39,25529
1764144000,4162.23,4168.54,4146.76,4162.69,26554
1764158400,4162.74,4173.34,4148.58,4153.26,29362
1764172800,4153.28,4169.8,4136.85,4167.08,35664
1764187200,4167.14,4171.52,4158.1,4164.34,23042
1764201600,4164.67,4168.64,4148.72,4154.12,15819
1764216000,4154.16,4156.11,4142.57,4147.08,24158
1764230400,4147.1,4167.02,4146.97,4158.55,28155
1764244800,4158.57,4162.46,4149.11,4154.81,21587
1764259200,4154.84,4161.62,4151.41,4157.68,16722
1764273600,4157.73,4160.39,4155.73,4157.17,3024
1764288000,4159.35,4192.97,4159.13,4191.01,14953
1764302400,4190.98,4191.94,4131.78,4182.4,12345
1764316800,4181.86,4188.93,4129.31,4165.71,7721
1764331200,4165.73,4182.93,4160.17,4182.53,11784
1764345600,4182.64,4216.95,4182.64,4216.83,43722
1764360000,4216.88,4226.75,4211.01,4219.29,13731
1764547200,4225.62,4256.09,4205.48,4255.58,27125
1764561600,4255.51,4256.33,4215.31,4229.52,34048
1764576000,4229.53,4253.48,4226.25,4249.95,32180
1764590400,4249.97,4264.46,4244.1,4247.38,33267
1764604800,4247.32,4249.22,4219.42,4232.28,46502
1764619200,4232.52,4244.6,4229.25,4232.46,28542
1764633600,4231.41,4235.83,4198.05,4219.39,21271
1764648000,4219.42,4226.06,4213.8,4225.04,25212
1764662400,4224.99,4226.22,4181.1,4191.92,28176
1764676800,4191.88,4215.22,4182.31,4212.45,28305
1764691200,4212.39,4230.52,4163.52,4193.77,44753
1764705600,4193.79,4212.24,4183.11,4207.94,25701
1764720000,4202.81,4221.1,4202.79,4214.3,20661
1764734400,4214.34,4228.7,4203.4,4207.79,27782
1764748800,4207.7,4211.7,4197.07,4202.12,28658
1764763200,4202.12,4238.49,4194.55,4237.2,31456
1764777600,4237.19,4241.52,4195.74,4211.11,43999
1764792000,4211.05,4212.64,4195.19,4206.04,25005
1764806400,4206.7,4216.68,4202.5,4209.18,17713
1764820800,4209.17,4209.17,4174.99,4181.08,30092
1764835200,4181.11,4202.18,4178.65,4199.88,33325
1764849600,4199.93,4206.38,4185.72,4198.23,28698
1764864000,4198.18,4219.65,4191.35,4216.48,40200
1764878400,4216.34,4217.35,4199.56,4208.59,23638
1764892800,4208.9,4210.35,4194.75,4202.95,16097
1764907200,4203.05,4221.14,4196.7,4220.27,24836
1764921600,4220.28,4230.65,4215.92,4223.31,25952
1764936000,4223.31,4238.84,4219.94,4234.5,24605
1764950400,4234.48,4259.21,4198.67,4217.56,50743
1764964800,4217.54,4219.14,4191.95,4196.86,30357
1765152000,4203.18,4211.64,4195.23,4201.08,20490
1765166400,4201.07,4217.04,4198.44,4217.02,24660
1765180800,4216.96,4218.84,4203.08,4207.96,28519
1765195200,4207.95,4215.38,4197.85,4201.56,28925
1765209600,4201.61,4211.47,4176.0,4194.85,45133
1765224000,4194.84,4195.61,4184.1,4188.88,23943
1765238400,4191.81,4197.24,4188.8,4196.19,13478
1765252800,4196.09,4198.78,4178.06,4179.82,27119
1765267200,4179.88,4212.73,4169.92,4203.06,34886
1765281600,4202.88,4208.3,4195.64,4201.35,29169
1765296000,4201.33,4221.32,4189.49,4203.05,50384
1765310400,4202.92,4216.01,4201.3,4209.39,27727
1765324800,4208.78,4217.95,4206.87,4213.81,15282
1765339200,4213.67,4218.73,4201.77,4211.28,21694
1765353600,4211.21,4211.7,4192.55,4194.18,26285
1765368000,4194.16,4205.02,4187.72,4200.64,27895
1765382400,4200.69,4206.95,4188.83,4199.74,40613
1765396800,4199.79,4238.71,4181.87,4228.33,41875
1765411200,4227.95,4247.61,4223.92,4238.26,20697
1765425600,4238.27,4240.7,4206.05,4207.48,31051
1765440000,4207.5,4221.37,4204.2,4218.43,26553
1765454400,4218.63,4225.9,4205.17,4220.95,29588
1765468800,4221.03,4281.75,4217.94,4278.68,52030
1765483200,4278.67,4285.9,4262.99,4282.98,30951
1765497600,4282.67,4282.81,4264.53,4271.01,19347
1765512000,4270.9,4280.48,4266.07,4278.93,25481
1765526400,4278.9,4320.27,4276.57,4318.25,30397
1765540800,4318.4,4346.04,4314.72,4341.0,37789
1765555200,4340.98,4353.6,4257.76,4294.21,60650
1765569600,4294.22,4304.12,4288.5,4302.74,33996
1765756800,4303.29,4325.61,4300.08,4322.48,19044
1765771200,4322.43,4344.33,4319.34,4343.59,29470
1765785600,4343.54,4350.22,4333.53,4342.54,29378
1765800000,4342.5,4348.22,4330.88,4332.13,28505
1765814400,4331.84,4336.61,4285.22,4304.42,54807
1765828800,4304.25,4317.73,4299.41,4302.43,30139
1765843200,4307.19,4317.73,4299.05,4308.74,19082
1765857600,4308.74,4312.15,4271.33,4284.09,33731
1765872000,4284.13,4292.1,4275.48,4280.36,27401
1765886400,4280.4,4313.21,4273.76,4313.01,32387
1765900800,4313.0,4334.98,4291.19,4303.56,52064
1765915200,4303.16,4315.87,4297.13,4303.65,29333
1765929600,4303.64,4326.65,4302.57,4326.57,17233
1765944000,4326.59,4342.28,4311.21,4333.89,33692
1765958400,4333.95,4337.69,4308.47,4316.89,30433
1765972800,4316.85,4344.06,4304.23,4342.05,29388
1765987200,4342.18,4348.86,4320.34,4342.34,56523
1766001600,4342.39,4346.36,4328.93,4340.88,31064
1766016000,4339.04,4342.84,4324.52,4331.46,20113
1766030400,4331.48,4337.61,4328.61,4333.11,28022
1766044800,4333.2,4337.64,4320.8,4323.35,26034
1766059200,4323.31,4342.93,4314.46,4336.55,28650
1766073600,4336.45,4374.58,4308.8,4333.18,57415
1766088000,4333.3,4341.23,4322.89,4332.13,33312
1766102400,4335.61,4336.76,4309.22,4323.31,17182
1766116800,4323.34,4328.93,4312.61,4325.89,24964
1766131200,4325.92,4333.58,4321.07,4329.45,26076
1766145600,4329.32,4335.3,4320.59,4328.35,29921
1766160000,4328.33,4355.92,4319.7,4353.43,47710
1766174400,4353.36,4356.48,4336.65,4338.6,24781
1766361600,4340.69,4384.83,4339.69,4382.9,20417
1766376000,4382.78,4409.41,4378.51,4399.98,26236
1766390400,4400.02,4420.15,4398.75,4411.02,24431
1766404800,4410.83,4427.24,4406.09,4423.68,26068
1766419200,4424.09,4442.11,4412.06,4438.45,40768
1766433600,4438.51,4449.15,4428.82,4445.53,20932
1766448000,4449.47,4490.62,4449.11,4486.68,21268
1766462400,4486.67,4497.78,4474.84,4475.2,32411
1766476800,4475.21,4493.23,4469.45,4480.41,28039
1766491200,4480.43,4497.28,4473.3,4479.05,30399
1766505600,4479.13,4479.79,4430.36,4472.72,49872
1766520000,4472.91,4499.69,4472.68,4488.47,27392
1766534400,4488.37,4525.57,4487.89,4518.69,24147
1766548800,4518.62,4519.17,4469.1,4488.44,34189
1766563200,4488.42,4497.79,4478.13,4494.68,30583
1766577600,4494.71,4499.87,4474.49,4487.87,30170
1766592000,4487.93,4489.36,4448.43,4480.59,48385
1766606400,4480.61,4482.49,4477.33,4479.48,2950
1766707200,4486.88,4531.25,4482.2,4503.85,26364
1766721600,4503.82,4514.76,4492.35,4509.98,34245
1766736000,4509.94,4520.43,4506.85,4512.76,27700
1766750400,4512.75,4528.52,4503.09,4525.14,34071
1766764800,4525.12,4549.7,4510.1,4519.02,50738
1766779200,4519.08,4535.91,4514.92,4531.49,35370
1766966400,4540.32,4545.98,4470.83,4497.07,32597
1766980800,4497.0,4520.36,4496.16,4506.36,34283
1766995200,4506.62,4510.63,4444.29,4472.05,42765
1767009600,4472.04,4474.43,4406.81,4421.54,39569
1767024000,4421.5,4421.5,4300.55,4328.11,55908
1767038400,4328.05,4344.51,4322.83,4332.35,31028
1767052800,4340.31,4360.07,4323.48,4360.07,25321
1767067200,4360.23,4379.9,4348.86,4377.72,32710
1767081600,4377.65,4383.17,4350.14,4372.07,36220
1767096000,4372.05,4404.06,4367.59,4388.42,38337
1767110400,4388.48,4392.09,4354.71,4370.11,50165
1767124800,4370.2,4378.59,4337.66,4346.58,32956
1767139200,4341.02,4373.08,4328.22,4365.94,23725
1767153600,4366.01,4371.05,4276.24,4285.89,41595
1767168000,4285.96,4337.17,4274.6,4325.81,33797
1767182400,4325.79,4348.25,4303.09,4345.8,31547
1767196800,4345.81,4353.22,4317.08,4321.82,45616
1767211200,4321.87,4331.4,4304.56,4314.45,30394
1767312000,4327.16,4355.98,4327.05,4347.92,17438
1767326400,4347.89,4381.62,4345.0,4380.63,26165
1767340800,4380.65,4397.44,4371.94,4385.4,25632
1767355200,4385.41,4402.24,4361.96,4365.85,28139
1767369600,4365.84,4373.58,4315.06,4322.95,51866
1767384000,4322.96,4331.68,4309.64,4330.51,30532
1767571200,4356.68,4421.26,4349.83,4401.82,29409
1767585600,4401.93,4414.42,4388.41,4412.29,34235
1767600000,4412.18,4437.93,4411.25,4434.9,32864
1767614400,4434.85,4439.74,4396.22,4416.8,37783
1767628800,4416.85,4455.66,4416.85,4443.51,47886
1767643200,4443.65,4449.41,4434.87,4448.38,28000
1767657600,4454.29,4459.95,4427.81,4450.52,21679
1767672000,4450.44,4474.03,4448.6,4451.92,30391
1767686400,4452.44,4475.61,4444.76,4446.27,31712
1767700800,4446.29,4470.33,4442.58,4467.95,31649
1767715200,4468.11,4491.4,4463.19,4489.48,48355
1767729600,4489.18,4497.33,4477.31,4497.22,27849
1767744000,4498.38,4500.44,4461.12,4465.5,23141
1767758400,4465.44,4480.29,4443.31,4454.24,34690
1767772800,4454.22,4474.52,4441.48,4463.37,30466
1767787200,4463.0,4467.66,4427.7,4452.83,34600
1767801600,4452.79,4468.3,4423.36,4451.71,48240
1767816000,4451.94,4461.51,4445.3,4452.94,29372
1767830400,4461.79,4466.3,4441.88,4448.37,20787
1767844800,4448.28,4449.54,4415.67,4425.5,34870
1767859200,4425.5,4439.68,4416.06,4432.6,36424
1767873600,4432.55,4436.02,4407.66,4423.76,35715
1767888000,4422.52,4465.3,4419.05,4463.32,48337
1767902400,4462.88,4479.49,4444.56,4476.47,29768
1767916800,4477.29,4479.85,4452.86,4468.92,20160
1767931200,4468.82,4476.43,4458.19,4468.0,27468
1767945600,4468.62,4477.57,4464.03,4471.15,25596
1767960000,4471.08,4491.68,4458.79,4482.7,30894
1767974400,4482.75,4517.07,4479.06,4484.52,51205
1767988800,4484.42,4511.1,4483.03,4510.22,27771
1768176000,4521.15,4601.11,4521.04,4570.5,32447
1768190400,4570.0,4584.9,4561.73,4580.86,33170
1768204800,4580.85,4599.23,4569.59,4589.1,32487
1768219200,4589.11,4620.22,4578.49,4615.77,32564
1768233600,4615.66,4630.12,4585.01,4616.33,48908
1768248000,4616.09,4618.84,4589.21,4593.75,30865
1768262400,4596.71,4599.38,4575.61,4577.79,24761
1768276800,4577.18,4602.0,4576.66,4592.07,27380
1768291200,4592.02,4596.89,4573.65,4586.04,29161
1768305600,4586.08,4620.99,4577.84,4611.48,30912
1768320000,4611.36,4634.56,4586.62,4590.24,51185
1768334400,4590.12,4601.97,4569.78,4587.85,36982
1768348800,4591.6,4619.91,4591.35,4619.15,21546
1768363200,4619.2,4639.49,4613.3,4619.76,31712
1768377600,4619.66,4639.52,4618.48,4630.44,33748
1768392000,4630.44,4641.77,4624.3,4635.65,39442
1768406400,4635.78,4638.78,4599.32,4614.27,58875
1768420800,4613.65,4642.88,4612.75,4620.71,44042
1768435200,4622.31,4623.4,4583.74,4600.05,32427
1768449600,4600.06,4614.63,4580.89,4595.11,45169
1768464000,4595.1,4613.48,4593.56,4612.58,37903
1768478400,4612.59,4622.78,4582.38,4587.77,38444
1768492800,4588.14,4624.46,4583.42,4616.45,52237
1768507200,4616.46,4621.35,4600.66,4614.76,33685
1768521600,4618.6,4620.29,4593.88,4600.49,24829
1768536000,4600.42,4615.87,4591.27,4611.53,34536
1768550400,4611.51,4612.27,4593.84,4600.66,32127
1768564800,4600.67,4616.1,4582.53,4601.89,34495
1768579200,4601.9,4620.27,4536.64,4581.38,57307
1768593600,4580.75,4598.2,4580.04,4594.61,36463
1768780800,4648.66,4690.55,4644.81,4657.39,35680
1768795200,4657.26,4674.15,4653.03,4669.93,32332
1768809600,4669.93,4678.92,4661.67,4668.33,29509
1768824000,4668.26,4673.69,4659.62,4666.14,26694
1768838400,4666.1,4678.71,4661.58,4676.24,27742
1768852800,4676.03,4680.29,4667.1,4670.66,6681
1768867200,4668.59,4675.99,4659.44,4669.61,20840
1768881600,4669.57,4716.56,4665.45,4714.59,35626
1768896000,4714.6,4737.4,4705.61,4732.37,37998
1768910400,4732.4,4738.19,4715.35,4737.17,36509
1768924800,4737.03,4762.27,4722.4,4759.13,55108
1768939200,4759.12,4766.16,4747.53,4763.32,34909
1768953600,4762.08,4844.12,4757.72,4835.16,26673
1768968000,4835.3,4878.14,4817.38,4869.67,40686
1768982400,4869.92,4888.26,4832.58,4860.33,41002
1768996800,4860.27,4880.23,4855.09,4879.34,35882
1769011200,4879.4,4880.82,4802.36,4826.17,61607
1769025600,4825.83,4853.95,4755.53,4836.52,49906
1769040000,4815.92,4821.17,4772.26,4797.87,29135
1769054400,4797.62,4821.71,4774.65,4821.27,34505
1769068800,4821.28,4838.55,4814.01,4823.06,34509
1769083200,4823.05,4836.25,4810.61,4822.32,34386
1769097600,4822.28,4906.11,4820.42,4904.48,53290
1769112000,4904.34,4940.64,4901.27,4936.42,38788
1769126400,4952.04,4967.1,4930.47,4953.48,28118
1769140800,4953.44,4967.09,4938.05,4960.51,27246
1769155200,4960.45,4962.98,4899.77,4918.61,39035
1769169600,4918.54,4947.77,4911.92,4938.9,37110
1769184000,4938.91,4988.19,4932.75,4965.78,54020
1769198400,4965.82,4989.58,4958.27,4982.44,38855
1769385600,5014.0,5085.55,5003.29,5070.76,37313
1769400000,5070.84,5093.01,5051.94,5074.34,46830
1769414400,5074.26,5110.96,5065.4,5084.02,44428
1769428800,5084.74,5096.85,5054.45,5068.42,43295
1769443200,5068.41,5104.96,5058.17,5100.87,60631
1769457600,5100.91,5103.26,4989.9,5014.71,61358
1769472000,5034.61,5075.96,5013.77,5060.3,34686
1769486400,5060.07,5085.11,5049.41,5082.92,43688
1769500800,5082.9,5100.74,5073.23,5098.71,44173
1769515200,5098.45,5098.45,5067.01,5077.33,44822
1769529600,5077.39,5103.03,5046.58,5081.14,62828
1769544000,5081.54,5190.26,5076.23,5189.31,51033
1769558400,5182.28,5225.05,5156.83,5204.51,37113
1769572800,5204.41,5266.32,5201.66,5261.22,46928
1769587200,5261.28,5311.4,5251.97,5278.02,46783
1769601600,5278.05,5289.3,5238.78,5266.46,47376
1769616000,5266.43,5307.01,5235.65,5297.93,62834
1769630400,5298.47,5402.09,5268.66,5399.72,59662
1769644800,5440.57,5598.08,5432.02,5545.74,45592
1769659200,5545.67,5564.39,5504.11,5562.45,54284
1769673600,5562.4,5595.3,5474.33,5514.01,56679
1769688000,5514.05,5542.97,5470.78,5510.37,51698
1769702400,5510.6,5549.56,5103.39,5334.8,69070
1769716800,5334.74,5425.52,5282.38,5393.99,60041
1769731200,5419.47,5450.51,5290.71,5300.74,42094
1769745600,5300.42,5312.38,5111.75,5184.83,61416
1769760000,5184.57,5204.98,4942.26,5014.33,65534
1769774400,5013.59,5145.5,4991.83,5018.65,62465
1769788800,5019.23,5113.31,4800.35,4849.51,70598
1769803200,4849.29,4947.64,4690.03,4863.57,63070
1769990400,4825.15,4884.66,4584.39,4736.72,42606
1770004800,4736.84,4772.82,4498.69,4549.49,66015
1770019200,4549.4,4730.77,4402.59,4719.44,64771
1770033600,4719.4,4812.37,4656.87,4705.93,60308
1770048000,4705.94,4794.45,4596.46,4674.43,67215
1770062400,4673.96,4712.87,4618.68,4664.12,55106
1770076800,4700.48,4856.07,4695.25,4841.51,42340
1770091200,4841.04,4841.7,4745.35,4825.09,55108
1770105600,4825.08,4949.63,4816.37,4915.93,52473
1770120000,4916.23,4950.77,4884.0,4932.29,48737
1770134400,4932.61,4993.81,4893.59,4929.03,64062
1770148800,4928.82,4964.05,4880.72,4938.79,53147
1770163200,4957.36,5053.24,4909.97,5046.4,38423
1770177600,5046.39,5090.14,5035.42,5079.18,39104
1770192000,5079.25,5091.83,5042.85,5059.89,42583
1770206400,5059.81,5064.3,5013.57,5053.77,43846
1770220800,5053.76,5058.62,4851.78,4897.98,65298
1770235200,4897.71,4970.03,4872.82,4963.32,47071
1770249600,4995.05,5023.61,4935.94,4958.47,35071
1770264000,4958.48,4961.54,4789.32,4895.96,60018
1770278400,4896.1,4943.41,4849.46,4854.94,54830
1770292800,4854.73,4894.24,4801.89,4835.28,52897
1770307200,4835.29,4906.48,4800.33,4869.07,64007
1770321600,4869.24,4875.04,4759.6,4770.46,48270
1770336000,4776.68,4784.38,4651.04,4773.9,43512
1770350400,4773.97,4897.82,4760.66,4897.49,48396
1770364800,4897.47,4902.98,4825.59,4866.41,44143
1770379200,4866.38,4938.27,4851.69,4928.99,40530
1770393600,4926.81,4968.55,4894.36,4960.52,53916
1770408000,4960.64,4971.23,4936.53,4960.19,30307
1770595200,4987.55,5046.75,4964.96,4982.47,35235
1770609600,4982.43,5041.33,4969.0,5036.91,37602
1770624000,5036.48,5045.27,4997.35,5007.52,39240
1770638400,5007.83,5024.43,4982.17,5006.79,38125
1770652800,5006.77,5080.23,5002.05,5046.02,48079
1770667200,5046.09,5086.46,5044.02,5065.28,33233
1770681600,5056.64,5064.8,4987.7,5032.51,33975
1770696000,5032.5,5056.09,5011.12,5039.41,38981
1770710400,5039.33,5063.07,5018.46,5046.58,35876
1770724800,5046.62,5058.63,5019.55,5051.03,34122
1770739200,5051.65,5078.54,4999.04,5026.14,49882
1770753600,5026.15,5045.1,5004.68,5023.25,30194
1770768000,5033.59,5054.42,5027.95,5052.43,22295
1770782400,5052.42,5063.73,5032.49,5052.3,27002
1770796800,5052.56,5071.84,5045.87,5062.6,29127
1770811200,5062.63,5118.84,5018.59,5065.73,40635
1770825600,5065.72,5098.74,5035.73,5091.57,54440
1770840000,5091.58,5094.25,5066.74,5078.82,33770
1770854400,5095.32,5096.18,5045.05,5063.11,27738
1770868800,5063.22,5078.13,5050.83,5075.46,27008
1770883200,5075.59,5080.63,5047.23,5073.07,27813
1770897600,5073.04,5083.56,5048.7,5075.35,27249
1770912000,5075.3,5077.63,4878.53,4940.92,57000
1770926400,4940.94,4957.91,4906.42,4919.66,47603
1770940800,4891.66,4988.37,4888.63,4980.71,29638
1770955200,4980.73,4996.99,4944.67,4945.88,30191
1770969600,4945.96,4989.41,4945.96,4970.19,35765
1770984000,4970.18,4999.3,4933.66,4987.01,34110
1770998400,4987.29,5033.5,4963.74,5020.88,54044
1771012800,5020.9,5046.02,5015.39,5042.78,33872
1771200000,5015.19,5032.34,5000.06,5028.78,22275
1771214400,5028.79,5030.91,4965.73,4990.53,27609
1771228800,4990.42,5017.0,4984.57,5013.42,22214
1771243200,5013.39,5017.08,4989.64,4997.14,20180
1771257600,4997.12,4999.44,4968.97,4991.55,23412
1771272000,4991.71,4997.41,4988.61,4993.49,6726
1771286400,4998.2,5000.66,4922.94,4957.4,21732
1771300800,4957.56,4970.9,4857.89,4888.71,29129
1771315200,4888.74,4932.53,4886.31,4925.9,29319
1771329600,4925.88,4944.07,4869.57,4870.55,30794
1771344000,4870.61,4907.01,4842.03,4865.02,56490
1771358400,4865.08,4910.47,4862.42,4877.64,36311
1771372800,4870.68,4893.07,4854.0,4889.92,21435
1771387200,4889.88,4940.03,4886.43,4933.29,21117
1771401600,4933.41,4942.12,4912.92,4917.23,21164
1771416000,4917.15,4969.03,4906.34,4954.27,28321
1771430400,4954.29,5010.77,4952.25,4999.18,42667
1771444800,4999.17,5003.13,4972.86,4979.28,32329
1771459200,4972.97,4988.67,4960.77,4973.15,18228
1771473600,4973.08,4998.59,4965.75,4996.83,18046
1771488000,4996.73,5021.85,4993.11,4995.69,23573
1771502400,4995.66,4998.4,4972.59,4997.04,29302
1771516800,4996.92,5022.14,4963.48,4984.81,47615
1771531200,4985.01,5004.01,4975.21,4999.04,28627
1771545600,5001.81,5014.61,4985.39,4996.93,17476
1771560000,4996.89,5011.78,4981.69,5011.78,19288
1771574400,5011.77,5042.42,5005.0,5027.58,27107
1771588800,5027.69,5048.63,5007.0,5043.37,29093
1771603200,5043.48,5076.18,4990.96,5072.93,55587
1771617600,5072.86,5104.85,5054.31,5103.59,36172
1771804800,5117.59,5171.76,5117.54,5157.44,32005
1771819200,5157.36,5176.48,5152.17,5158.2,27793
1771833600,5158.18,5161.39,5122.17,5149.47,29940
1771848000,5149.52,5165.34,5143.59,5146.26,29523
1771862400,5146.16,5218.8,5141.36,5207.87,53942
1771876800,5207.92,5237.75,5200.92,5231.23,34368
1771891200,5243.06,5249.58,5145.19,5177.13,30791
1771905600,5177.19,5191.68,5161.06,5182.53,30029
1771920000,5182.51,5184.67,5156.49,5171.29,29004
1771934400,5171.24,5181.29,5111.01,5114.93,31539
1771948800,5114.87,5163.63,5093.52,5163.63,52198
1771963200,5163.59,5173.09,5145.89,5148.0,33286
1771977600,5136.04,5189.79,5127.74,5176.65,23899
1771992000,5176.63,5210.4,5166.43,5201.63,29620
1772006400,5201.63,5201.65,5176.61,5193.17,28532
1772020800,5193.22,5195.08,5155.02,5184.99,30772
1772035200,5184.85,5217.42,5158.92,5206.81,47754
1772049600,5206.79,5208.18,5145.68,5170.69,31508
1772064000,5175.98,5198.26,5155.32,5191.38,28504
1772078400,5191.3,5205.22,5174.0,5198.13,30023
1772092800,5198.16,5199.45,5167.96,5186.31,30588
1772107200,5186.3,5189.99,5157.65,5166.23,32419
1772121600,5165.93,5192.64,5130.29,5167.14,54715
1772136000,5167.21,5200.92,5160.37,5187.0,32688
1772150400,5181.85,5194.72,5166.85,5193.95,22566
1772164800,5193.93,5200.32,5173.46,5197.7,30758
1772179200,5197.67,5198.99,5172.18,5175.88,28758
1772193600,5176.04,5240.3,5168.61,5222.97,31831
1772208000,5222.74,5257.53,5213.65,5234.55,56121
1772222400,5234.71,5278.74,5222.49,5277.51,35304
1772409600,5358.16,5393.53,5302.94,5324.67,48646
1772424000,5324.65,5366.74,5316.71,5365.78,39090
1772438400,5365.79,5418.89,5363.27,5391.79,45783
1772452800,5391.84,5416.39,5373.52,5393.6,43408
1772467200,5393.58,5394.74,5260.32,5306.47,65688
1772481600,5306.51,5346.08,5289.28,5327.04,45786
1772496000,5344.76,5379.48,5328.73,5339.03,30267
1772510400,5339.11,5375.27,5305.22,5318.76,40389
1772524800,5318.78,5335.71,5226.42,5274.81,50807
1772539200,5274.47,5287.53,5074.0,5156.43,61789
1772553600,5156.5,5175.14,4995.98,5078.85,69038
1772568000,5078.93,5148.32,5078.81,5087.21,54491
1772582400,5110.33,5178.32,5103.69,5174.87,38025
1772596800,5174.84,5190.5,5141.03,5159.68,48134
1772611200,5159.66,5184.7,5120.0,5182.03,42989
1772625600,5182.07,5205.77,5156.07,5167.69,42388
1772640000,5167.7,5184.81,5120.16,5140.79,59951
1772654400,5140.68,5146.6,5108.74,5135.69,39047
1772668800,5151.98,5186.21,5143.96,5172.24,25282
1772683200,5172.2,5194.61,5148.02,5148.22,33961
1772697600,5148.3,5180.33,5120.68,5160.92,43704
1772712000,5160.91,5171.22,5083.25,5117.61,36673
1772726400,5117.17,5129.55,5054.02,5062.66,64031
1772740800,5062.65,5094.45,5050.72,5077.2,51397
1772755200,5089.8,5143.22,5066.09,5134.48,28232
1772769600,5134.43,5141.09,5114.04,5116.84,29986
1772784000,5116.96,5122.7,5083.32,5085.5,33978
1772798400,5085.72,5130.97,5061.83,5084.87,43934
1772812800,5084.96,5171.28,5080.98,5140.64,61564
1772827200,5140.5,5174.31,5138.5,5170.92,38385
1773014400,5164.39,5168.4,5028.44,5049.85,47788
1773028800,5049.75,5101.92,5014.76,5089.91,46995
1773043200,5090.02,5140.19,5080.66,5096.32,48916
1773057600,5095.8,5132.26,5079.85,5094.79,41322
1773072000,5094.77,5115.79,5060.97,5104.55,57564
1773086400,5104.42,5147.82,5088.79,5138.39,40988
1773100800,5127.42,5155.75,5116.99,5130.79,25221
1773115200,5129.94,5186.54,5124.42,5163.58,40296
1773129600,5163.59,5194.91,5158.4,5183.35,35052
1773144000,5183.33,5191.67,5156.35,5186.76,39646
1773158400,5186.77,5238.35,5185.2,5227.41,52358
1773172800,5227.44,5235.18,5160.63,5195.62,43865
1773187200,5191.49,5219.17,5182.49,5215.3,19904
1773201600,5215.21,5223.04,5194.07,5204.2,30544
1773216000,5204.25,5210.42,5175.32,5187.34,34660
1773230400,5187.38,5196.93,5166.49,5167.34,35642
1773244800,5167.01,5196.0,5145.14,5175.46,52942
1773259200,5175.47,5183.34,5154.5,5176.16,28748
1773273600,5177.44,5177.76,5125.46,5152.73,26306
1773288000,5152.81,5174.79,5140.33,5142.4,30613
1773302400,5142.39,5189.51,5136.89,5177.96,28775
1773316800,5178.03,5191.49,5163.62,5181.2,30175
1773331200,5180.24,5185.87,5109.48,5123.41,57011
1773345600,5123.17,5129.4,5054.81,5080.63,45468
1773360000,5083.43,5115.05,5078.64,5113.5,18620
1773374400,5113.51,5128.07,5102.45,5104.08,26414
1773388800,5104.5,5111.1,5061.24,5087.19,35991
1773403200,5087.23,5121.39,5079.9,5118.12,33852
1773417600,5118.19,5120.79,5018.91,5045.79,58905
1773432000,5045.78,5063.61,5009.46,5018.52,42216
1773619200,5015.17,5030.54,4967.0,5025.45,38961
1773633600,5025.63,5026.21,4982.44,5012.57,39077
1773648000,5012.55,5035.83,4984.95,4990.91,36902
1773662400,4990.81,5024.96,4969.98,5019.73,40866
1773676800,5019.74,5037.76,4973.75,4990.36,53882
1773691200,4992.76,5021.4,4983.83,5009.16,38975
1773705600,5010.84,5015.78,4998.0,5002.65,16934
1773720000,5002.64,5041.74,4994.57,5037.74,29473
1773734400,5037.95,5044.21,5005.09,5024.52,33203
1773748800,5024.54,5025.66,4991.96,5011.57,33307
1773763200,5011.55,5031.19,4973.36,5001.77,53152
1773777600,5001.78,5008.8,4996.12,5002.82,29623
1773792000,5000.67,5012.22,4992.96,5004.08,12656
1773806400,5004.05,5015.58,4981.59,4986.77,28685
1773820800,4986.77,5016.11,4977.2,4987.34,30191
1773835200,4987.35,4995.39,4870.58,4881.43,43739
1773849600,4881.26,4894.39,4834.14,4887.03,59114
1773864000,4886.63,4898.87,4806.57,4825.37,54934
1773878400,4825.2,4848.41,4803.56,4840.95,28058
1773892800,4841.18,4866.94,4832.71,4849.62,32737
1773907200,4849.69,4853.62,4686.65,4708.77,51628
1773921600,4709.06,4725.68,4531.17,4574.1,60718
1773936000,4574.17,4648.87,4502.36,4584.59,71909
1773950400,4584.63,4663.0,4573.8,4657.62,56345
1773964800,4659.13,4676.78,4634.02,4648.36,29370
1773979200,4647.75,4735.52,4639.19,4721.43,40623
1773993600,4721.34,4734.48,4661.16,4693.4,44540
1774008000,4693.39,4700.18,4636.79,4678.09,48421
1774022400,4678.54,4679.26,4540.52,4583.13,68230
1774036800,4583.17,4600.04,4477.16,4497.16,65469
1774224000,4474.93,4535.72,4319.8,4354.01,44277
1774238400,4354.63,4453.75,4330.33,4367.34,58205
1774252800,4367.15,4379.67,4098.74,4251.06,68574
1774267200,4251.11,4492.29,4223.54,4478.41,69457
1774281600,4478.4,4512.65,4351.1,4375.18,75699
1774296000,4375.24,4466.77,4370.86,4412.09,60895
1774310400,4380.2,4448.02,4331.32,4364.64,39943
1774324800,4364.51,4379.14,4305.8,4333.21,58316
1774339200,4333.17,4433.07,4319.64,4411.85,61757
1774353600,4411.9,4441.7,4362.0,4378.73,57443
1774368000,4378.84,4433.55,4351.14,4421.23,69272
1774382400,4421.24,4483.73,4372.25,4465.51,64025
1774396800,4479.02,4571.79,4455.73,4563.21,38800
1774411200,4563.14,4602.39,4552.3,4572.22,41966
1774425600,4572.62,4573.1,4532.99,4555.92,44997
1774440000,4555.93,4585.51,4521.47,4543.92,45725
1774454400,4543.79,4578.97,4524.79,4555.16,62028
1774468800,4555.05,4568.54,4486.94,4505.79,50471
1774483200,4520.93,4539.1,4488.91,4535.46,32832
1774497600,4535.34,4544.25,4499.82,4520.29,37493
1774512000,4520.5,4521.98,4413.05,4427.66,52329
1774526400,4427.46,4456.17,4414.43,4430.0,51431
1774540800,4429.19,4479.38,4366.42,4389.07,65730
1774555200,4389.05,4420.19,4350.89,4401.57,60636
1774569600,4386.78,4414.97,4375.32,4378.38,23637
1774584000,4377.79,4449.23,4376.93,4445.67,33528
1774598400,4445.69,4474.74,4423.42,4423.87,38678
1774612800,4423.82,4444.93,4404.04,4437.58,41672
1774627200,4437.67,4555.14,4413.55,4515.94,63327
1774641600,4515.9,4528.49,4486.54,4498.41,47255
1774828800,4511.48,4512.81,4418.17,4431.96,40328
1774843200,4431.98,4517.02,4431.85,4496.76,44402
1774857600,4496.74,4550.41,4496.7,4538.05,42613
1774872000,4538.19,4580.43,4523.42,4569.15,42050
1774886400,4568.97,4578.43,4512.35,4539.72,59173
1774900800,4539.6,4542.02,4492.83,4504.4,45198
1774915200,4517.29,4547.92,4482.52,4547.48,26721
1774929600,4547.52,4619.29,4532.0,4564.53,45824
1774944000,4564.53,4581.51,4543.13,4568.46,42522
1774958400,4568.67,4597.39,4529.37,4574.59,46771
1774972800,4575.11,4651.39,4567.74,4638.03,61529
1774987200,4638.15,4686.8,4636.17,4667.83,51920
1775001600,4673.76,4722.3,4661.21,4710.68,26923
1775016000,4711.53,4723.85,4666.84,4676.09,37174
1775030400,4676.13,4747.48,4674.66,4728.46,44867
1775044800,4728.42,4762.84,4713.01,4724.53,41217
1775059200,4724.48,4790.7,4715.9,4787.02,56286
1775073600,4786.96,4792.65,4741.86,4762.37,43637
1775088000,4759.27,4800.26,4751.0,4784.13,24138
1775102400,4784.13,4785.71,4650.6,4672.39,55055
1775116800,4672.52,4680.28,4553.93,4620.62,45523
1775131200,4620.6,4634.9,4592.81,4601.44,41439
1775145600,4601.64,4699.64,4580.8,4659.09,66939
1775160000,4658.96,4681.69,4645.64,4670.6,40214
1775433600,4636.15,4652.62,4600.63,4622.1,30746
1775448000,4622.38,4671.65,4620.27,4658.8,35514
1775462400,4658.79,4697.95,4643.14,4695.72,32937
1775476800,4695.77,4706.41,4659.55,4675.69,32913
1775491200,4675.68,4697.32,4651.96,4660.25,49582
1775505600,4660.13,4666.35,4645.48,4650.11,31617
1775520000,4661.65,4667.94,4648.96,4654.72,15145
1775534400,4654.59,4664.2,4616.13,4659.47,37905
1775548800,4659.89,4690.68,4623.07,4682.74,42618
1775563200,4682.79,4694.28,4628.74,4651.37,45236
1775577600,4651.43,4668.36,4607.46,4656.91,59215
1775592000,4657.13,4718.52,4653.74,4711.98,48998
1775606400,4744.36,4857.22,4713.26,4817.44,44670
1775620800,4817.6,4825.08,4788.07,4803.59,37013
1775635200,4803.44,4843.53,4790.26,4793.68,40163
1775649600,4793.64,4806.98,4768.11,4799.49,38955
1775664000,4799.5,4806.47,4732.01,4760.37,57336
1775678400,4760.33,4764.23,4699.47,4719.86,45183
1775692800,4727.3,4728.93,4698.76,4706.66,21154
1775707200,4706.59,4732.79,4699.39,4720.68,31564
1775721600,4720.71,4732.75,4703.39,4726.14,37932
1775736000,4726.02,4759.39,4722.76,4745.68,34053
1775750400,4745.78,4800.87,4738.82,4788.74,56151
1775764800,4788.75,4800.96,4760.58,4764.86,37011
1775779200,4771.92,4772.24,4750.55,4762.83,16382
1775793600,4762.82,4776.59,4737.92,4758.43,31179
1775808000,4758.45,4768.95,4730.36,4740.6,31057
1775822400,4740.66,4782.13,4740.45,4771.71,33037
1775836800,4770.75,4794.9,4747.49,4763.68,52776
1775851200,4763.69,4773.15,4740.99,4750.34,33839
1776038400,4669.24,4698.29,4644.16,4695.46,28211
1776052800,4694.45,4727.86,4693.62,4722.87,32057
1776067200,4722.91,4739.85,4716.26,4723.25,33750
1776081600,4723.24,4728.93,4703.34,4723.37,33775
1776096000,4723.59,4746.12,4700.29,4732.88,56224
1776110400,4732.89,4749.9,4723.24,4738.91,32449
1776124800,4745.91,4775.5,4745.13,4769.63,15916
1776139200,4769.57,4776.84,4761.69,4773.99,26449
1776153600,4774.0,4796.46,4757.82,4786.45,34452
1776168000,4786.58,4789.17,4752.32,4771.16,34349
1776182400,4771.17,4820.08,4771.01,4810.06,50959
1776196800,4810.12,4846.05,4809.42,4840.95,30301
1776211200,4848.6,4849.96,4826.95,4835.23,16860
1776225600,4835.15,4871.23,4816.86,4824.75,34606
1776240000,4824.82,4830.37,4803.96,4818.22,36714
1776254400,4818.23,4819.27,4786.19,4811.43,38581
1776268800,4811.37,4830.34,4786.65,4803.84,51121
1776283200,4803.78,4808.47,4787.44,4789.01,31576
1776297600,4796.48,4837.47,4790.19,4832.92,15788
1776312000,4832.88,4836.08,4811.06,4832.9,27933
1776326400,4832.93,4838.12,4806.5,4813.65,39690
1776340800,4813.61,4822.9,4804.99,4816.0,33444
1776355200,4816.35,4823.73,4772.62,4791.84,65566
1776369600,4791.91,4798.41,4781.11,4789.86,39095
1776384000,4793.98,4800.88,4785.64,4794.64,13696
1776398400,4794.55,4804.27,4767.54,4802.95,32328
1776412800,4802.83,4806.03,4778.66,4795.78,35125
1776427200,4795.79,4847.51,4782.11,4846.25,38279
1776441600,4846.12,4891.05,4834.8,4866.87,69080
1776456000,4866.89,4869.29,4832.44,4832.74,40728
1776643200,4773.29,4794.36,4736.81,4772.19,32107
1776657600,4772.11,4814.17,4771.47,4788.7,36400
1776672000,4788.74,4805.63,4779.22,4796.06,44686
1776686400,4795.97,4822.1,4783.3,4803.27,39565
1776700800,4803.48,4827.36,4792.29,4805.4,62458
1776715200,4805.67,4821.21,4803.64,4816.78,28122
1776729600,4825.12,4832.58,4816.68,4823.82,16826
1776744000,4823.83,4824.47,4788.59,4788.82,34878
1776758400,4788.98,4796.7,4772.41,4785.81,42541
1776772800,4786.08,4797.67,4766.4,4778.61,38920
1776787200,4778.59,4794.23,4708.05,4710.83,74235
1776801600,4710.84,4721.93,4668.27,4712.96,65814
1776816000,4725.41,4747.26,4714.98,4739.75,17738
1776830400,4739.67,4764.78,4735.76,4754.39,30431
1776844800,4754.43,4772.14,4751.72,4756.9,37192
1776859200,4756.71,4762.27,4742.68,4744.06,37729
1776873600,4744.09,4760.75,4723.77,4728.48,62778
1776888000,4728.65,4749.19,4728.38,4738.33,33391
1776902400,4741.61,4753.39,4694.01,4747.88,25701
1776916800,4747.67,4749.77,4697.97,4704.19,49118
1776931200,4704.2,4724.6,4692.27,4703.13,47624
1776945600,4703.04,4743.05,4684.09,4740.0,52030
1776960000,4740.04,4741.05,4715.39,4732.79,63298
1776974400,4733.09,4734.34,4664.11,4690.34,61694
1776988800,4694.77,4707.67,4686.72,4704.3,24310
1777003200,4704.38,4710.9,4657.47,4674.27,46169
1777017600,4674.38,4697.2,4666.56,4690.58,43912
1777032000,4690.62,4717.14,4674.47,4700.59,49820
1777046400,4700.58,4740.19,4689.63,4726.66,68205
1777060800,4726.69,4729.86,4705.06,4706.74,37450
1777248000,4696.83,4697.98,4672.0,4697.66,22237
1777262400,4697.63,4729.81,4690.59,4724.84,40416
1777276800,4724.94,4725.28,4705.22,4706.58,40327
1777291200,4706.65,4712.46,4696.82,4699.05,38100
1777305600,4699.47,4703.23,4667.04,4676.54,61379
1777320000,4676.67,4686.03,4668.11,4679.79,31441
1777334400,4682.33,4701.07,4682.28,4690.4,15271
1777348800,4690.41,4691.18,4666.41,4667.51,35429
1777363200,4667.66,4667.83,4614.55,4629.54,55980
1777377600,4629.47,4629.88,4554.73,4593.6,58592
1777392000,4593.56,4594.71,4557.15,4592.2,72763
1777406400,4592.19,4601.35,4587.05,4593.06,37246
1777420800,4598.41,4610.13,4587.74,4600.09,13835
1777435200,4600.1,4605.42,4575.9,4604.59,36725
1777449600,4604.61,4607.45,4557.14,4573.02,47126
1777464000,4573.17,4580.63,4541.53,4544.78,50508
1777478400,4544.79,4564.71,4510.08,4545.28,70091
1777492800,4545.32,4554.39,4518.17,4541.81,59939
1777507200,4539.7,4573.92,4539.37,4569.81,20625
1777521600,4569.72,4582.28,4540.72,4542.0,42807
1777536000,4541.92,4629.64,4541.92,4616.21,52101
1777550400,4616.3,4646.76,4614.08,4639.43,55964
1777564800,4639.47,4645.64,4605.26,4607.46,66300
1777579200,4607.49,4627.17,4607.49,4618.42,41219
1777593600,4628.74,4633.9,4618.36,4619.57,18501
1777608000,4619.16,4635.82,4609.03,4609.03,26095
1777622400,4609.01,4616.01,4565.0,4568.57,37374
1777636800,4568.87,4607.57,4560.21,4590.99,38026
1777651200,4590.63,4660.08,4586.4,4638.65,64531
1777665600,4638.75,4642.56,4606.8,4613.13,36198
1777852800,4625.35,4629.13,4601.7,4612.88,22466
1777867200,4612.87,4618.28,4590.86,4605.72,34243
1777881600,4605.78,4612.91,4573.56,4576.84,42077
1777896000,4576.64,4584.3,4525.84,4568.26,50874
1777910400,4568.18,4583.13,4500.56,4510.43,72496
1777924800,4510.42,4531.4,4509.76,4521.4,42031
1777939200,4520.26,4530.18,4513.44,4529.9,14146
1777953600,4529.54,4546.48,4525.19,4533.46,25969
1777968000,4533.43,4559.49,4531.29,4558.32,40520
1777982400,4558.39,4574.6,4539.74,4564.49,41693
1777996800,4564.47,4586.43,4553.56,4561.15,53670
1778011200,4561.14,4565.59,4551.4,4555.83,26598
1778025600,4552.25,4619.49,4546.13,4618.58,25876
1778040000,4618.56,4653.44,4609.37,4648.84,36823
1778054400,4648.85,4702.36,4644.52,4700.02,44695
1778068800,4700.34,4722.86,4660.27,4683.14,63544
1778083200,4683.08,4717.28,4668.67,4682.99,65628
1778097600,4682.82,4700.11,4678.79,4689.31,33773
1778112000,4690.44,4700.99,4685.32,4688.39,20543
1778126400,4688.49,4721.07,4685.04,4696.23,37167
1778140800,4696.2,4753.33,4694.51,4730.86,48197
1778155200,4730.95,4752.57,4721.71,4749.93,46836
1778169600,4749.95,4764.59,4704.28,4714.91,69543
1778184000,4715.56,4719.39,4687.63,4702.3,58868
1778198400,4692.99,4709.28,4681.58,4701.22,24027
1778212800,4701.08,4732.53,4700.54,4710.86,41780
1778227200,4710.97,4734.38,4696.94,4715.64,46982
1778241600,4715.63,4731.91,4702.72,4724.25,42978
1778256000,4724.26,4749.18,4701.89,4712.3,63222
1778270400,4712.27,4728.83,4712.0,4714.96,29238
1778457600,4686.72,4698.31,4669.92,4683.37,23959
1778472000,4683.23,4705.33,4668.3,4671.85,45540
1778486400,4671.78,4680.52,4647.93,4667.42,42631
1778500800,4667.48,4700.94,4650.41,4699.81,40443
1778515200,4700.04,4748.38,4698.62,4716.37,58836
1778529600,4716.36,4738.41,4715.75,4736.57,30246
1778544000,4740.4,4773.25,4737.34,4749.13,22769
1778558400,4749.12,4755.34,4711.08,4713.98,43568
1778572800,4713.8,4722.06,4687.26,4703.16,47067
1778587200,4703.06,4711.37,4685.07,4705.55,44665
1778601600,4705.5,4708.67,4638.23,4671.05,66714
1778616000,4671.17,4719.04,4671.17,4715.16,36901
1778630400,4719.97,4726.51,4712.57,4714.31,24417
1778644800,4714.55,4716.9,4687.49,4699.42,36749
1778659200,4699.37,4715.3,4693.59,4700.54,40232
1778673600,4700.58,4710.38,4676.16,4683.66,44305
1778688000,4683.45,4709.65,4669.27,4695.56,60787
1778702400,4695.58,4701.12,4677.5,4688.74,34078
1778716800,4693.19,4706.64,4688.82,4704.86,17710
1778731200,4704.99,4712.46,4668.7,4702.34,47199
1778745600,4702.31,4718.58,4685.94,4693.17,45468
1778760000,4693.18,4709.9,4688.36,4704.8,42475
1778774400,4704.89,4707.64,4666.67,4678.41,61211
1778788800,4678.43,4682.87,4644.21,4650.21,35898
1778803200,4652.62,4665.08,4613.46,4629.95,27501
1778817600,4630.14,4631.45,4604.17,4605.68,54047
1778832000,4605.97,4606.28,4550.1,4554.2,64235
1778846400,4554.35,4572.37,4531.67,4545.74,59483
1778860800,4546.42,4566.33,4511.61,4544.29,73358
1778875200,4544.23,4564.36,4532.98,4538.07,43794
1779062400,4544.86,4554.94,4480.26,4515.86,37055
1779076800,4515.05,4549.5,4489.3,4540.55,60804
1779091200,4540.53,4559.81,4529.64,4549.88,52943
1779105600,4549.75,4574.61,4529.91,4571.28,50458
1779120000,4571.29,4584.04,4531.63,4550.07,69389
1779134400,4549.83,4566.52,4534.19,4563.7,43860
1779148800,4570.72,4589.12,4561.15,4563.16,21369
1779163200,4562.79,4572.14,4537.83,4542.34,41995
1779177600,4542.73,4559.23,4530.79,4542.65,49227
1779192000,4542.59,4547.77,4525.38,4537.13,45294
1779206400,4536.93,4537.12,4464.78,4507.6,71280
1779220800,4507.54,4510.88,4480.78,4483.03,41052
1779235200,4484.14,4508.76,4477.31,4500.81,25600
1779249600,4500.58,4505.94,4453.53,4461.96,52478
1779264000,4461.86,4489.89,4461.28,4483.97,50356
1779278400,4483.99,4505.27,4472.68,4496.05,39472
1779292800,4495.93,4552.41,4466.97,4534.3,70575
1779307200,4534.33,4550.19,4529.06,4542.77,38996
1779321600,4544.14,4553.1,4534.46,4545.11,22110
1779336000,4545.13,4570.6,4527.04,4538.28,41188
1779350400,4538.31,4540.3,4511.9,4532.42,50004
1779364800,4532.39,4543.05,4501.32,4504.0,52625
1779379200,4503.53,4520.73,4488.63,4519.34,67692
1779393600,4519.58,4559.15,4514.06,4540.44,51948
1779408000,4544.72,4544.79,4525.43,4526.47,18185
1779422400,4526.05,4535.98,4518.46,4527.06,36073
1779436800,4526.94,4534.08,4507.22,4521.76,43981
1779451200,4521.77,4536.68,4510.03,4528.15,42773
1779465600,4528.08,4534.13,4488.45,4514.8,60096
1779480000,4514.87,4527.74,4504.0,4506.77,37073
1779667200,4550.43,4579.81,4548.35,4569.3,26460
1779681600,4569.36,4575.99,4556.38,4564.61,36621
1779696000,4564.65,4565.58,4550.32,4556.0,34507
1779710400,4556.02,4576.8,4552.84,4567.51,28326
1779724800,4567.47,4574.41,4559.93,4573.42,29235
1779739200,4573.29,4577.59,4563.18,4570.78,4396
1779753600,4570.84,4580.02,4539.41,4549.42,23539
1779768000,4549.4,4550.17,4523.4,4525.29,34318
1779782400,4525.2,4539.01,4520.05,4523.63,40760
1779796800,4524.03,4540.38,4500.48,4520.3,46332
1779811200,4519.99,4531.14,4500.0,4504.82,55065
1779825600,4504.85,4510.63,4482.41,4506.5,31720
1779840000,4505.93,4527.97,4498.0,4514.95,19474
1779854400,4514.77,4520.91,4495.73,4510.02,28191
1779868800,4509.97,4513.67,4475.72,4497.74,43726
1779883200,4497.67,4497.67,4424.97,4438.74,48862
1779897600,4438.25,4455.37,4401.36,4450.68,62271
1779912000,4450.69,4458.75,4441.27,4454.14,28243
1779926400,4456.32,4462.19,4443.46,4456.94,19092
1779940800,4456.9,4458.54,4366.45,4372.89,51849
1779955200,4373.04,4396.03,4367.13,4386.91,42603
1779969600,4386.83,4433.35,4375.2,4432.03,44792
1779984000,4432.04,4510.96,4418.16,4510.9,66457
1779998400,4510.91,4516.39,4494.77,4495.87,33788
1780012800,4497.37,4500.33,4488.93,4495.94,17182
1780027200,4496.09,4520.59,4492.35,4513.97,35974
1780041600,4513.99,4525.92,4502.45,4514.81,37545
1780056000,4514.87,4543.17,4512.63,4522.86,39072
1780070400,4522.91,4595.17,4517.0,4566.77,64728
1780084800,4566.86,4568.42,4541.2,4541.77,33402
1780272000,4520.19,4545.79,4519.55,4540.4,19984
1780286400,4540.68,4541.38,4508.44,4514.22,33137
1780300800,4514.25,4524.99,4490.53,4497.96,36199
1780315200,4497.97,4512.79,4489.03,4502.09,34204
1780329600,4502.77,4503.71,4446.93,4479.97,61488
1780344000,4479.91,4495.24,4471.38,4483.77,28281
1780358400,4483.03,4497.0,4476.56,4481.53,16774
1780372800,4481.31,4518.05,4462.87,4517.18,38278
1780387200,4517.21,4541.34,4515.05,4526.62,36604
1780401600,4526.72,4535.63,4513.37,4514.26,30814
1780416000,4514.7,4524.67,4486.2,4491.81,50661
1780430400,4491.78,4492.95,4478.59,4488.65,26034
1780444800,4490.15,4496.6,4462.18,4486.05,22470
1780459200,4485.9,4487.92,4463.57,4469.28,30307
1780473600,4469.27,4474.06,4440.09,4443.86,41318
1780488000,4443.54,4467.93,4438.85,4460.32,41700
1780502400,4460.26,4465.92,4426.31,4441.72,60508
1780516800,4441.73,4452.12,4431.36,4431.36,32728
1780531200,4432.18,4465.14,4423.64,4448.33,23619
1780545600,4448.31,4483.86,4443.33,4480.89,36402
1780560000,4480.88,4482.21,4458.39,4463.15,39210
1780574400,4463.19,4514.47,4460.86,4504.02,45790
1780588800,4503.96,4515.3,4457.17,4482.65,54337
1780603200,4482.6,4483.3,4472.65,4474.66,26331
1780617600,4473.63,4481.28,4450.56,4459.42,20812
1780632000,4459.2,4469.83,4435.11,4444.87,41493
1780646400,4444.88,4468.09,4428.72,4462.7,40800
1780660800,4462.45,4475.61,4404.71,4405.98,38950
1780675200,4406.0,4420.88,4323.36,4344.41,79442
1780689600,4344.44,4347.29,4311.67,4327.26,61615
1780876800,4320.46,4353.25,4309.99,4342.35,33808
1780891200,4342.09,4345.56,4300.12,4312.49,56161
1780905600,4312.54,4316.72,4268.5,4288.74,57899
1780920000,4288.73,4339.27,4272.87,4332.95,51547
1780934400,4333.01,4346.51,4314.72,4340.58,65519
1780948800,4340.56,4345.8,4323.25,4327.26,39096
1780963200,4326.81,4328.75,4312.82,4319.72,20085
1780977600,4319.6,4342.0,4318.55,4332.22,39038
1780992000,4332.54,4351.27,4321.11,4326.49,40558
1781006400,4326.46,4344.05,4324.07,4341.23,32925
1781020800,4341.25,4363.37,4236.66,4252.06,81712
1781035200,4251.86,4274.17,4249.86,4261.67,57909
1781049600,4255.11,4257.28,4198.94,4218.11,32697
1781064000,4218.07,4218.65,4172.13,4174.66,51921
1781078400,4174.99,4221.66,4161.29,4168.85,55315
1781092800,4168.89,4179.41,4130.55,4146.84,61789
1781107200,4146.89,4186.16,4106.69,4121.83,83538
1781121600,4122.15,4134.83,4067.38,4067.78,59152
1781136000,4063.23,4077.81,4023.77,4075.8,43280
1781150400,4075.78,4117.92,4052.33,4082.6,57699
1781164800,4082.59,4112.43,4072.57,4084.36,51618
1781179200,4084.35,4096.25,4057.45,4081.87,48316
1781193600,4081.73,4107.4,4052.8,4080.11,77934
1781208000,4080.1,4219.92,4071.76,4211.06,67637
1781222400,4208.43,4246.45,4200.7,4208.11,33617
1781236800,4208.09,4210.73,4171.26,4189.81,48903
1781251200,4189.77,4225.83,4170.12,4219.48,53188
1781265600,4219.49,4227.87,4188.35,4191.62,46260
1781280000,4191.6,4235.42,4176.92,4215.86,74365
1781294400,4215.84,4235.29,4201.69,4214.9,40059
1781481600,4300.53,4308.84,4280.33,4292.43,27920
1781496000,4292.55,4335.26,4285.3,4328.07,37836
1781510400,4327.8,4345.29,4300.81,4334.13,40878
1781524800,4334.12,4349.24,4324.52,4348.83,37463
1781539200,4348.93,4369.36,4334.44,4339.12,55716
1781553600,4338.97,4339.02,4308.17,4309.81,33148
1781568000,4313.1,4320.58,4305.77,4319.05,19022
1781582400,4319.1,4332.95,4307.44,4322.38,37215
1781596800,4322.37,4347.82,4313.25,4346.84,37868
1781611200,4346.86,4354.76,4334.98,4354.56,34422
1781625600,4354.29,4354.67,4313.14,4340.5,59305
1781640000,4340.36,4342.72,4325.23,4331.77,33061
1781654400,4331.58,4341.56,4328.39,4336.94,14165
1781668800,4336.66,4349.45,4317.58,4326.56,32919
1781683200,4326.63,4334.06,4317.19,4324.7,36488
1781697600,4324.69,4335.49,4319.74,4333.53,32932
1781712000,4333.52,4366.35,4324.0,4359.38,52767
1781726400,4359.39,4382.28,4218.86,4258.39,70294
1781740800,4258.31,4315.13,4258.16,4308.34,28253
1781755200,4308.5,4329.63,4306.87,4315.92,42139
1781769600,4315.64,4324.59,4265.45,4266.57,47403
1781784000,4266.58,4273.13,4239.89,4246.49,49871
1781798400,4246.49,4276.58,4213.9,4219.3,66669
1781812800,4219.97,4233.01,4201.44,4210.02,39631
1781827200,4204.81,4210.35,4184.24,4190.14,20624
1781841600,4190.18,4194.38,4124.94,4125.61,38337
1781856000,4125.91,4178.4,4121.65,4168.95,45488
1781870400,4168.97,4179.93,4141.75,4178.9,39984
1781884800,4178.92,4182.73,4142.44,4155.46,36775
1782086400,4156.47,4200.74,4136.37,4200.66,30073
1782100800,4200.92,4220.4,4170.54,4181.65,47828
1782115200,4181.63,4207.16,4179.24,4197.23,43435
1782129600,4197.36,4214.9,4192.13,4193.25,37860
1782144000,4193.36,4210.56,4169.71,4189.67,64278
1782158400,4189.81,4193.64,4176.97,4191.05,33020
1782172800,4192.72,4195.16,4178.23,4193.14,17937
1782187200,4193.31,4198.1,4114.97,4118.0,49949
1782201600,4118.2,4137.29,4090.85,4105.18,58633
1782216000,4105.17,4133.1,4103.91,4113.15,47532
1782230400,4113.33,4144.88,4105.29,4134.13,65476
1782244800,4134.05,4139.59,4107.31,4110.26,38530
1782259200,4111.27,4114.94,4080.77,4097.21,32368
1782273600,4097.18,4102.06,4050.32,4064.31,58183
1782288000,4064.3,4097.43,4060.6,4076.15,49395
1782302400,4076.21,4078.96,3987.54,3987.66,53044
1782316800,3987.61,4041.8,3964.42,4006.54,74500
1782331200,4006.61,4011.07,3959.19,3997.04,58733
1782345600,4007.4,4018.48,3978.42,3991.36,29873
1782360000,3991.75,4005.76,3963.6,3995.91,60323
1782374400,3995.9,4001.88,3971.34,3989.07,52101
1782388800,3989.06,4019.16,3973.54,4012.2,45175
1782403200,4012.27,4043.89,3999.04,4028.6,75914
1782417600,4028.63,4044.05,4021.75,4024.61,44555
1782432000,4029.29,4036.35,4011.26,4020.1,28283
1782446400,4020.45,4029.29,3982.9,4011.16,52342
1782460800,4011.51,4039.56,4005.64,4030.86,48474
1782475200,4030.88,4061.39,4029.51,4058.89,42051
1782489600,4058.88,4095.84,4043.24,4084.95,64941
1782504000,4084.98,4088.02,4064.46,4075.46,34532
1782691200,4075.63,4083.47,4048.17,4069.41,31938
1782705600,4069.39,4075.44,4049.49,4052.08,49006
1782720000,4051.38,4068.39,4039.24,4046.87,45605
1782734400,4046.86,4055.05,4024.38,4043.42,40540
1782748800,4043.43,4051.53,3999.84,4023.8,57077
1782763200,4023.84,4031.9,4005.13,4014.54,25608
1782777600,4018.49,4022.23,3979.98,3986.99,23654
1782792000,3986.98,3997.88,3941.74,3985.38,52443
1782806400,3985.36,4037.43,3974.99,4015.48,49752
1782820800,4015.16,4037.14,4008.58,4010.05,37056
1782835200,4009.69,4063.22,4009.2,4026.03,57760
1782849600,4026.03,4033.64,4010.07,4010.82,27119
1782864000,4013.93,4018.08,3992.98,3996.53,21305
1782878400,3996.44,3999.48,3969.99,3976.42,42985
1782892800,3976.38,3984.3,3960.06,3974.31,44661
1782907200,3974.31,4035.3,3972.63,4022.67,42913
1782921600,4022.65,4115.58,4012.74,4071.09,64522
1782936000,4071.44,4073.51,4028.38,4032.82,35298
1782950400,4039.19,4052.41,4030.54,4051.58,20948
1782964800,4051.61,4073.95,4041.12,4060.55,42566
1782979200,4060.53,4079.88,4053.1,4076.0,47775
1782993600,4075.95,4140.34,4057.26,4117.41,46033
1783008000,4117.38,4143.66,4100.22,4117.98,72762
1783022400,4117.97,4126.9,4105.64,4119.55,42720
1783036800,4125.41,4150.85,4121.01,4147.1,22215
1783051200,4147.09,4195.19,4146.51,4178.71,41443
1783065600,4178.69,4186.33,4160.32,4180.86,39275
1783080000,4180.9,4186.13,4168.34,4176.69,27644
1783094400,4177.05,4179.14,4155.28,4174.76,32052
1783296000,4180.2,4201.57,4170.4,4179.74,27150
1783310400,4179.57,4202.82,4157.33,4159.51,46500
1783324800,4159.61,4166.12,4144.65,4150.36,38682
1783339200,4150.36,4159.39,4131.36,4139.5,33151
1783353600,4139.48,4156.07,4128.37,4154.89,50876
1783368000,4155.07,4167.31,4150.21,4163.2,29334
1783382400,4164.58,4168.26,4145.15,4145.93,18316
1783396800,4145.86,4147.88,4124.23,4126.47,41266
1783411200,4126.54,4139.11,4116.5,4125.88,43267
1783425600,4125.84,4174.81,4119.7,4172.15,39829
1783440000,4172.17,4180.29,4135.74,4144.94,58002
1783454400,4144.93,4147.99,4092.14,4104.97,41307
1783468800,4104.9,4126.51,4095.73,4111.36,27253
1783483200,4111.35,4130.94,4096.25,4124.9,50228
1783497600,4124.89,4133.76,4052.1,4056.52,55304
1783512000,4056.55,4086.23,4040.53,4071.93,58589
1783526400,4072.05,4082.8,4021.62,4063.53,73308
1783540800,4063.58,4091.24,4059.52,4075.08,47547
1783555200,4074.11,4089.53,4070.18,4073.75,20613
1783569600,4073.73,4082.35,4054.09,4064.14,41967
1783584000,4064.19,4117.55,4063.54,4108.15,45364
1783598400,4108.23,4122.4,4093.6,4107.55,38855
1783612800,4107.54,4137.78,4106.65,4127.88,55619
1783627200,4127.87,4137.81,4118.84,4123.54,31084
1783641600,4125.06,4128.09,4114.19,4126.32,15302
1783656000,4126.28,4134.59,4108.59,4114.98,35729
1783670400,4114.91,4119.92,4094.63,4097.68,34870
1783684800,4097.6,4117.41,4094.24,4100.57,31630
1783699200,4100.84,4115.29,4072.53,4104.35,52807
1783713600,4104.29,4114.95,4097.65,4113.6,26317
1783900800,4091.08,4093.93,4061.03,4073.87,30595
1783915200,4073.85,4089.58,4050.15,4058.64,49789
1783929600,4058.66,4080.52,4043.69,4074.5,49315
1783944000,4074.1,4076.55,4046.84,4067.18,41553
1783958400,4067.31,4067.44,3986.47,3993.13,66367
1783972800,3993.56,4006.06,3986.63,3999.0,45516
1783987200,4001.46,4007.08,3983.67,4004.07,26794
1784001600,4004.27,4023.21,3992.15,4020.12,46538
1784016000,4020.33,4033.89,4014.46,4015.76,42565
1784030400,4015.77,4101.35,4013.68,4076.17,47088
1784044800,4076.1,4100.3,4057.53,4061.44,68223
1784059200,4061.45,4064.9,4042.71,4049.98,36470
1784073600,4052.87,4060.34,4046.63,4058.83,18914
1784088000,4059.37,4061.9,4027.9,4032.98,38429
1784102400,4032.97,4036.36,4017.27,4031.07,41427
1784116800,4031.08,4071.36,4025.4,4067.64,40731
1784131200,4068.31,4073.91,4026.82,4033.68,63409
1784145600,4033.85,4081.1,4032.91,4061.23,41687
1784160000,4061.28,4064.54,4043.81,4044.44,20085
1784174400,4044.52,4050.35,4023.89,4033.01,42621
1784188800,4032.84,4036.43,4022.83,4035.19,45168
1784203200,4035.25,4043.19,3990.24,3992.2,44412
1784217600,3992.17,4016.66,3973.51,3991.93,68158
1784232000,3992.2,3992.78,3968.85,3974.5,43297
1784246400,3978.45,3991.83,3973.08,3991.72,22758
1784260800,3991.76,4008.47,3970.62,3981.68,50315
1784275200,3981.51,4007.08,3975.25,3994.06,52522
1784289600,3993.88,4002.31,3963.91,3965.96,46582
1784304000,3965.98,4023.6,3959.52,4014.89,69791
1784318400,4015.21,4019.11,4002.18,4015.66,41942
1784505600,3996.66,4009.88,3982.56,4008.4,26222
1784520000,4008.42,4028.54,3995.65,4018.74,47536
1784534400,4018.84,4030.5,4002.04,4018.88,43421
1784548800,4018.76,4040.57,4006.31,4008.08,42321
1784563200,4007.99,4019.33,3998.2,4009.7,54586
1784577600,4009.69,4017.78,4003.21,4007.79,33345
1784592000,4007.96,4026.97,3999.59,4024.72,24528
1784606400,4024.79,4051.51,4018.29,4049.48,40102
1784620800,4049.47,4083.95,4046.29,4062.72,38267
1784635200,4062.84,4070.07,4051.03,4053.96,35621
1784649600,4053.8,4083.22,4044.38,4071.45,51864
1784664000,4071.44,4086.83,4066.71,4078.29,26264
1784678400,4078.52,4101.98,4076.63,4097.3,19846
1784692800,4097.57,4141.52,4096.64,4126.85,44723
1784707200,4126.82,4135.13,4109.16,4118.21,45193
1784721600,4118.45,4134.32,4107.1,4112.75,40232
1784736000,4112.97,4165.87,4112.53,4146.76,56402
1784750400,4147.02,4147.78,4128.27,4129.97,36200
1784764800,4120.67,4134.57,4116.54,4132.03,24451
1784779200,4131.99,4140.77,4111.96,4121.1,44288
1784793600,4121.02,4130.37,4086.75,4093.31,45405
1784808000,4093.23,4099.25,4060.89,4061.67,44672
1784822400,4061.7,4067.3,4040.01,4051.3,65733
1784836800,4051.32,4054.45,4040.62,4049.56,35997
1784851200,4048.97,4050.47,4041.06,4049.66,16060
1784865600,4049.75,4050.25,4022.97,4026.85,37072
1784880000,4026.99,4058.48,4021.9,4057.38,39911
1784894400,4057.39,4063.74,4051.26,4055.97,31086
1784908800,4055.88,4081.9,4044.52,4066.96,56183
1784923200,4067.14,4069.73,4048.97,4054.23,31105
1785110400,4089.37,4115.98,4083.55,4100.56,26106
1785124800,4100.53,4112.31,4085.02,4090.08,39287
1785139200,4090.05,4105.87,4084.28,4095.06,40333
1785153600,4094.96,4103.98,4081.53,4083.6,35445
1785168000,4083.86,4093.78,4065.29,4082.26,61476
1785182400,4082.24,4089.17,4070.47,4076.44,35158
1785196800,4080.74,4081.16,4057.6,4057.89,19673
1785211200,4057.87,4060.14,4040.13,4041.99,40161
1785225600,4041.86,4055.04,4034.77,4045.38,41420
1785240000,4045.72,4045.79,4016.91,4029.35,42540
1785254400,4029.38,4046.91,4011.4,4037.41,60901
1785268800,4037.57,4041.36,4021.57,4027.39,37834
1785283200,4026.65,4029.64,4013.72,4021.73,26752
1785297600,4021.68,4037.65,4010.18,4027.16,43760
1785312000,4027.33,4047.56,4026.5,4037.44,34910
1785326400,4037.96,4038.2,4009.05,4022.44,33034
1785340800,4022.48,4032.67,3995.83,4027.11,59288
1785355200,4027.19,4116.38,4027.19,4065.98,70721
1785369600,4073.67,4100.2,4064.68,4072.02,32890
1785384000,4072.12,4092.77,4044.29,4045.88,53507
1785398400,4045.87,4072.8,4028.29,4061.29,56342
1785412800,4061.44,4086.41,4060.21,4068.8,49965
1785427200,4068.74,4120.3,4064.96,4110.57,68184
1785441600,4110.56,4117.25,4098.34,4099.86,38653
1785456000,4102.85,4111.55,4090.35,4094.55,19096
1785470400,4094.7,4101.46,4071.9,4079.86,33665
1785484800,4079.91,4087.37,4054.25,4060.83,36947
1785499200,4060.77,4063.84,4040.47,4040.65,35263
1785513600,4040.48,4052.42,4020.45,4043.23,61606
1785528000,4043.2,4055.41,4041.32,4051.26,32660
1785715200,4075.2,4078.82,4055.62,4056.99,28656
1785729600,4057.06,4071.71,4047.25,4063.73,36877
1785744000,4063.74,4071.92,4051.97,4059.34,37386
1785758400,4059.28,4064.35,4042.08,4047.53,36591
1785772800,4047.51,4053.47,4018.97,4036.8,48101
1785787200,4036.93,4058.03,4029.56,4056.16,25432
1785801600,4051.27,4069.12,4048.55,4049.15,15565
1785816000,4049.14,4066.09,4042.43,4063.63,30563
1785830400,4063.62,4072.68,4054.41,4054.95,30926
1785844800,4054.94,4084.26,4045.41,4070.75,40282
1785859200,4071.03,4093.71,4061.2,4093.23,53362
1785873600,4093.04,4106.26,4074.55,4076.76,30610
1785888000,4077.96,4085.62,4065.35,4082.3,17425
1785902400,4082.29,4141.26,4077.57,4135.4,38980
1785916800,4135.34,4179.37,4134.62,4160.32,45495
1785931200,4160.52,4213.33,4150.06,4183.76,44179
1785945600,4183.7,4265.04,4183.55,4242.13,70233
1785960000,4242.25,4267.51,4236.74,4244.02,39013
1785974400,4249.13,4300.14,4245.5,4294.54,25442
1785988800,4294.56,4303.9,4252.78,4262.08,48360
1786003200,4261.92,4278.71,4247.02,4278.08,41763
1786017600,4278.09,4284.57,4249.13,4250.11,42040
1786032000,4250.03,4275.11,4223.35,4241.31,66187
1786046400,4241.33,4251.13,4232.93,4236.45,32531
1786060800,4236.38,4253.08,4229.54,4232.67,18341
1786075200,4232.69,4268.92,4231.6,4264.83,40281
1786089600,4264.79,4316.49,4261.78,4305.94,46219
1786104000,4306.19,4371.65,4300.13,4361.21,49245
1786118400,4361.25,4367.82,4327.33,4329.01,74132
1786132800,4328.99,4350.25,4327.58,4339.65,41517
1786320000,4340.07,4348.89,4330.6,4332.16,23065
1786334400,4332.01,4340.61,4313.3,4339.4,40170
1786348800,4339.38,4361.84,4331.55,4346.53,37429
1786363200,4346.49,4349.9,4324.09,4332.38,34076
1786377600,4331.97,4364.54,4316.55,4356.65,58737
1786392000,4357.11,4395.04,4351.68,4388.81,39276
1786406400,4389.51,4419.11,4389.3,4409.33,20188
1786420800,4409.21,4434.98,4393.53,4408.72,43015
1786435200,4408.68,4408.85,4356.65,4368.97,47311
1786449600,4369.02,4399.89,4367.41,4392.3,42657
1786464000,4392.21,4404.02,4368.98,4383.29,58780
1786478400,4383.33,4385.57,4360.12,4367.28,34791
1786492800,4372.47,4383.54,4362.39,4380.35,21699
1786507200,4380.68,4415.77,4378.21,4400.86,37942
1786521600,4400.85,4410.38,4383.86,4401.67,34437
1786536000,4401.78,4437.9,4381.91,4437.38,42314
1786550400,4437.22,4441.26,4396.58,4401.56,68808
1786564800,4401.52,4418.21,4396.21,4408.14,34565
1786579200,4405.27,4449.59,4398.15,4427.82,19629
1786593600,4427.6,4435.15,4391.49,4397.67,45235
1786608000,4397.6,4407.1,4363.92,4375.76,48042
1786622400,4375.74,4401.72,4372.36,4401.69,37886
1786636800,4401.85,4401.85,4351.16,4366.94,66618
1786651200,4366.91,4373.22,4343.4,4349.77,38697
1786665600,4352.93,4363.94,4329.34,4340.82,24332
1786680000,4340.83,4341.29,4310.76,4326.73,39682
1786694400,4326.75,4349.62,4310.9,4348.57,37846
1786708800,4348.58,4386.78,4345.96,4373.53,36076
1786723200,4373.54,4396.87,4370.12,4385.81,55802
1786737600,4385.9,4386.29,4370.81,4375.21,26768
1786924800,4373.1,4401.95,4367.02,4400.6,21522
1786939200,4400.65,4416.32,4387.94,4390.6,39321
1786953600,4390.59,4411.19,4386.81,4394.92,37825
1786968000,4394.9,4405.6,4377.21,4384.77,34251
1786982400,4384.79,4428.71,4381.69,4424.05,56419
1786996800,4424.21,4426.01,4397.99,4415.56,34768
1787011200,4416.27,4434.81,4409.61,4434.54,18604
1787025600,4434.37,4436.04,4388.75,4393.4,41759
1787040000,4393.3,4403.53,4385.94,4393.25,36807
1787054400,4393.2,4400.56,4386.85,4394.08,33104
1787068800,4394.03,4406.38,4351.56,4363.82,66716
1787083200,4363.65,4368.21,4329.0,4332.93,36422
1787097600,4341.63,4347.1,4327.05,4337.97,25440
1787112000,4338.03,4361.89,4324.42,4348.33,40034
1787126400,4348.23,4363.04,4334.97,4355.58,43731
1787140800,4355.56,4442.18,4353.32,4438.69,42583
1787155200,4438.65,4499.24,4424.35,4493.15,75549
1787169600,4493.52,4523.43,4471.99,4520.74,48479
1787184000,4521.02,4523.48,4503.82,4504.48,24243
1787198400,4504.49,4509.93,4484.24,4488.43,46354
1787212800,4488.4,4498.56,4477.8,4489.25,41240
1787227200,4489.24,4494.72,4450.52,4474.67,47175
1787241600,4474.66,4540.74,4469.16,4509.86,73875
1787256000,4509.84,4532.04,4507.59,4518.4,40837
1787270400,4519.99,4532.59,4509.68,4510.36,21931
1787284800,4510.35,4547.77,4508.56,4540.44,42802
1787299200,4540.39,4584.83,4529.02,4583.82,44692
1787313600,4583.92,4604.37,4563.39,4577.85,47886
1787328000,4577.8,4629.05,4573.22,4628.79,68532
1787342400,4628.77,4632.06,4603.26,4606.2,38628
1787529600,4610.21,4640.64,4594.65,4621.67,30867
1787544000,4621.68,4656.4,4607.91,4638.74,56725
1787558400,4639.04,4659.7,4628.72,4637.9,55131
1787572800,4637.79,4669.84,4632.84,4662.67,47896
1787587200,4662.64,4680.7,4639.87,4644.68,69814
1787601600,4644.73,4656.08,4624.99,4650.15,46124
1787616000,4655.67,4696.6,4655.02,4684.08,25739
1787630400,4684.01,4685.89,4616.0,4625.71,57208
1787644800,4625.76,4653.32,4620.12,4630.05,49581
1787659200,4630.08,4647.26,4624.03,4640.7,45083
1787673600,4640.73,4659.3,4605.24,4643.32,66647
1787688000,4643.33,4668.88,4634.1,4660.94,38219
1787702400,4661.3,4673.65,4632.64,4637.26,21865
1787716800,4637.29,4670.59,4629.05,4640.47,42912
1787731200,4640.46,4649.35,4622.13,4628.12,42438
1787745600,4628.18,4633.95,4610.79,4614.44,40264
1787760000,4614.25,4633.42,4583.03,4591.49,66142
1787774400,4591.46,4604.47,4583.89,4593.23,36805
1787788800,4603.27,4626.93,4600.38,4604.95,22485
1787803200,4604.9,4642.91,4602.2,4618.59,42157
1787817600,4618.6,4621.35,4593.41,4598.81,44915
1787832000,4598.87,4600.99,4568.92,4585.7,44151
1787846400,4585.43,4616.53,4565.28,4614.79,65851
1787860800,4615.46,4617.88,4600.86,4604.47,40820
1787875200,4601.89,4611.29,4585.56,4588.6,18511
1787889600,4588.64,4602.06,4575.02,4584.18,39771
1787904000,4584.25,4614.52,4571.48,4602.77,43316
1787918400,4602.67,4609.74,4588.89,4601.58,40253
1787932800,4601.53,4630.41,4464.12,4479.34,86767
1787947200,4479.3,4486.44,4445.34,4459.1,55887
1788134400,4446.03,4471.86,4435.93,4456.15,28673
1788148800,4456.19,4463.14,4396.35,4424.41,52854
1788163200,4424.42,4449.36,4419.05,4435.47,43821
1788177600,4435.66,4463.92,4435.29,4435.61,39231
1788192000,4435.63,4448.14,4415.54,4433.06,65674
1788206400,4433.15,4455.64,4426.07,4447.13,37439
1788220800,4453.9,4461.3,4441.7,4453.5,19793
1788235200,4453.46,4456.68,4424.43,4426.47,43148
1788249600,4426.51,4445.87,4369.28,4370.7,52456
1788264000,4370.69,4387.02,4351.89,4356.24,54297
1788278400,4356.12,4375.41,4326.07,4351.18,71475
1788292800,4351.2,4351.82,4322.87,4328.25,45930
1788307200,4331.06,4335.52,4314.44,4315.71,22969
1788321600,4315.69,4326.44,4282.4,4307.09,49551
1788336000,4307.13,4331.45,4303.53,4312.69,52385
1788350400,4312.68,4344.24,4301.69,4331.3,51254
1788364800,4331.28,4397.4,4330.69,4368.14,68017
1788379200,4368.25,4391.25,4364.48,4388.9,38092
1788393600,4390.98,4397.54,4381.02,4395.28,16987
1788408000,4395.3,4438.21,4387.24,4437.24,45209
1788422400,4437.19,4443.42,4418.68,4434.81,51811
1788436800,4434.8,4495.12,4418.96,4493.33,49677
1788451200,4493.43,4510.65,4456.84,4486.08,69898
1788465600,4486.08,4494.55,4470.34,4472.66,36963
1788480000,4476.21,4487.08,4471.24,4486.2,17279
1788494400,4486.17,4486.86,4465.35,4473.58,35862
1788508800,4473.59,4490.53,4460.11,4477.7,40391
1788523200,4477.69,4479.05,4376.46,4393.65,43674
1788537600,4393.67,4448.82,4365.51,4436.33,69649
1788552000,4436.24,4440.22,4411.85,4428.59,35294
1788739200,4422.04,4435.0,4410.03,4412.43,18535
1788753600,4412.48,4418.85,4389.59,4397.89,39856
1788768000,4397.9,4423.64,4385.16,4410.78,43066
1788782400,4410.91,4413.52,4381.02,4396.65,30510
1788796800,4396.56,4419.41,4395.29,4414.37,30496
1788811200,4414.39,4414.97,4400.67,4406.06,4394
1788825600,4412.62,4429.97,4406.05,4426.2,24459
1788840000,4426.16,4442.81,4417.01,4435.94,42793
1788854400,4435.91,4437.57,4387.75,4394.08,52215
1788868800,4394.04,4411.59,4385.19,4411.37,46179
1788883200,4411.41,4412.94,4380.35,4393.56,59067
1788897600,4393.53,4403.53,4344.06,4347.62,40524
1788912000,4357.29,4365.43,4341.22,4364.59,21070
1788926400,4364.62,4384.22,4354.05,4381.46,40105
1788940800,4381.41,4412.55,4380.34,4400.54,40022
1788955200,4400.53,4415.13,4386.12,4400.0,41849
1788969600,4400.01,4433.92,4375.05,4409.5,68059
1788984000,4409.41,4421.34,4393.37,4399.82,33985
1788998400,4405.15,4405.77,4389.65,4400.99,18770
1789012800,4400.92,4420.71,4400.03,4408.34,40300
1789027200,4408.35,4434.36,4392.32,4394.76,44480
1789041600,4394.74,4400.03,4323.83,4339.93,55737
1789056000,4340.0,4376.36,4339.59,4363.95,70449
1789070400,4364.03,4367.6,4313.62,4315.09,47319
1789084800,4321.95,4333.71,4311.05,4331.89,21541
1789099200,4331.9,4340.19,4300.69,4331.54,52415
1789113600,4331.6,4360.8,4328.17,4346.86,49848
1789128000,4347.06,4389.91,4288.16,4388.5,48083
1789142400,4388.38,4402.32,4351.81,4361.57,69664
1789156800,4361.58,4370.29,4342.67,4347.45,36900
1789344000,4338.48,4347.3,4328.24,4338.38,24258
1789358400,4338.54,4355.17,4322.04,4329.41,41771
1789372800,4329.38,4338.52,4303.13,4305.99,45130
1789387200,4305.99,4311.51,4265.7,4270.82,47200
1789401600,4270.84,4317.54,4253.45,4315.69,65039
1789416000,4315.68,4316.37,4282.19,4296.55,35353
1789430400,4299.37,4299.86,4283.19,4292.86,19874
1789444800,4292.8,4317.21,4287.79,4304.63,38812
1789459200,4304.62,4307.37,4261.21,4262.22,48579
1789473600,4262.19,4295.67,4261.37,4290.51,43213
1789488000,4289.89,4300.3,4273.64,4295.43,56645
1789502400,4295.51,4310.53,4290.16,4292.52,32198
1789516800,4295.12,4298.82,4275.35,4277.3,16547
1789531200,4277.28,4340.83,4276.63,4321.81,41648
1789545600,4321.82,4338.97,4320.67,4330.12,41457
1789560000,4330.31,4353.45,4327.43,4347.51,40692
1789574400,4347.43,4361.0,4324.1,4346.58,54716
1789588800,4346.6,4364.49,4235.01,4265.62,65694
1789603200,4259.79,4292.13,4257.36,4279.94,27171
1789617600,4279.93,4317.91,4273.77,4297.33,45911
1789632000,4297.34,4335.16,4285.31,4311.45,45165
1789646400,4311.47,4381.06,4304.99,4373.2,50217
1789660800,4373.21,4379.84,4351.35,4362.27,62969
1789675200,4362.4,4365.72,4340.54,4341.99,33640
1789689600,4342.94,4359.94,4339.55,4356.2,18445
1789704000,4356.22,4366.85,4334.19,4366.7,39903
1789718400,4366.68,4399.43,4360.16,4392.15,45594
1789732800,4392.23,4398.02,4353.64,4368.78,45761
1789747200,4368.94,4383.53,4342.64,4382.66,59909
1789761600,4382.81,4396.74,4374.8,4377.78,34501
